签名,渠道,广告账户ID,广告计划ID,抖音号名称（id）,平台素材ID,素材预览,素材名称,日期,素材标签,上传人,投放产品,素材投放产品,代理商,来源,生产属性,市场员,首次消耗时间,已上线投放天数,消耗,成交GMV,成交单量,ROI,CPM（千次曝光成本）,千次有效观看成本,CPA,CTR,CVR,3s播放率,千次曝光成交率,千次观看成交
6a52cc01a5fea4ed51c176c6b4352511,-,-,-,-,-,https://tutor-online.oss-cn-beijing.aliyuncs.com/growth/download-material/6a52cc01a5fea4ed51c176c6b4352511.mp4,20260711-猿辅导高中双科-实拍-千川-专家分享-买物送数-三年-通用-买物送数-求你啊-常文茜-bj郭铭泽-李文静yc-5,-,,,199元高中双科提分课,199元高中双科提分课,自投放,其他,0,wangjiananbj03,2026/7/16,2,0.8,0,0,0,33.33,0,0,0.00%,0.00%,-,0,0
cd0f93c94a05ef603aec1e300c75f71c,-,-,-,-,-,https://tutor-online.oss-cn-beijing.aliyuncs.com/growth/download-material/cd0f93c94a05ef603aec1e300c75f71c.mp4,20260630-猿辅导高中双科-实拍-千川-分数痛点-买数学送物理-一起-张焱-bj冷一丁-裂变-张晓洁yc-1,-,,,199元高中双科提分课,199元高中双科提分课,自投放,其他,0,wangjiananbj03,2026/7/16,2,2.73,0,0,0,85.31,0,0,0.00%,0.00%,-,0,0
ba49c37c59056bb7bcba8bec777a2e9a,-,-,-,-,-,https://tutor-online.oss-cn-beijing.aliyuncs.com/growth/download-material/ba49c37c59056bb7bcba8bec777a2e9a.mp4,0703-199双科-申坤-李博-李天-卞俊洁-A2-B4-无-27,-,,,199元高中双科提分课,199元高中双科提分课,申坤,其他,0,wangjiananbj03,2026/7/5,13,38034.73,14925,75,0.39,173.76,23550.92,507.13,1.11%,3.09%,-,0.34,9241.49
a12b9bdc5e1160743cab5cc222c9c1ab,-,-,-,-,-,https://tutor-online.oss-cn-beijing.aliyuncs.com/growth/download-material/a12b9bdc5e1160743cab5cc222c9c1ab.mp4,一键修复_20260619-猿辅导高中双科-实拍-千川-分数痛点-买数学送物理-能上-张焱-dr小五-裂变-张晓洁yc-4.mp4,-,,,199元高中双科提分课,199元高中双科提分课,荔枝,其他,0,wangjiananbj03,2026/6/19,29,243.4,199,1,0.82,83.76,4196.55,243.4,2.00%,1.72%,-,0.34,3431.03
0f7c09011f8083c73e0c8aff5bed1ec3,-,-,-,-,-,https://tutor-online.oss-cn-beijing.aliyuncs.com/growth/download-material/0f7c09011f8083c73e0c8aff5bed1ec3.mp4,20260527-猿辅导高中双科-实拍-买物理送数学-小贵-618-张焱-bj冷一丁-文涵立ec.mp4,-,,,199元高中双科提分课,199元高中双科提分课,荔枝,其他,0,wangjiananbj03,2026/6/2,46,0.64,0,0,0,160,0,0,0.00%,0.00%,-,0,0
ff68f3e17b76d335ec1cf59e1bb01587,-,-,-,-,-,https://img-pub.oss-cn-beijing-internal.aliyuncs.com/19f5ae6de664881.mp4,20260611-9物-代理-启航-李博-【b1-p6-a1-61】-A5-B5-有-2,-,,,9元高中物理李博,9元高中物理李博,启航,代理商,0,wangruixuebj01,2026/7/15,3,318.53,0,0,0,82.03,4754.18,0,2.03%,0%,-,0,0
f1bed797835e977efdd3fc7caffdf5c6,-,-,-,-,-,https://tutor-online.oss-cn-beijing.aliyuncs.com/growth/download-material/f1bed797835e977efdd3fc7caffdf5c6.mp4,0610-199双科-自产-自产主-李博-视觉锤-子衿-A3-B1-无-3.mp4,-,,,199元高中双科提分课,199元高中双科提分课,荔枝,其他,0,wangjiananbj03,2026/6/19,29,0.01,0,0,0,10,10,0,100.00%,0.00%,-,0,0
c5e19dc6396de69b4cd64ca43fee1c1f,-,-,-,-,-,https://tutor-online.oss-cn-beijing.aliyuncs.com/growth/download-material/c5e19dc6396de69b4cd64ca43fee1c1f.mp4,0714-199双科-申坤-李博-李天-卞俊洁-A1-B4-有-02,-,,,199元高中双科提分课,199元高中双科提分课,申坤,其他,0,wangjiananbj03,2026/7/14,4,112.07,0,0,0,10.07,8005,0,0.20%,0%,-,0,0
4f4268981ade2c413624ee8b3d6bfbed,-,-,-,-,-,https://tutor-online.oss-cn-beijing.aliyuncs.com/growth/download-material/4f4268981ade2c413624ee8b3d6bfbed.mp4,99双科-1-0108-12,-,,,199元高中双科提分课,199元高中双科提分课,自投放,其他,0,wangjiananbj03,2026/7/9,9,355.72,0,0,0,81.55,16169.09,0,1.15%,0%,-,0,0
7c666578ee42ef6123e6d65b046ea032,-,-,-,-,-,https://tutor-online.oss-cn-beijing.aliyuncs.com/growth/download-material/7c666578ee42ef6123e6d65b046ea032.mp4,一键修复_20260713-猿辅导高中双科-实拍-千川-活动-通用-买数送物-批下来了-常文茜-bj庄紫薇--张晓洁yc-3（前贴）.mp4,-,,,199元高中双科提分课,199元高中双科提分课,荔枝,其他,0,wangjiananbj03,2026/7/17,1,1.32,0,0,0,41.25,0,0,0.00%,0.00%,-,0,0
2ee70c7a620a48720e8a506ca0144551,-,-,-,-,-,https://tutor-online.oss-cn-beijing.aliyuncs.com/growth/download-material/2ee70c7a620a48720e8a506ca0144551.mp4,0703-199双科-申坤-李博-李天-姚恒-A2-B4-无-02,-,,,199元高中双科提分课,199元高中双科提分课,申坤,其他,0,wangjiananbj03,2026/7/6,12,0.07,0,0,0,7,0,0,0.00%,0.00%,-,0,0
2497e117ee5b7be6b151ade16a7b7fd9,-,-,-,-,-,https://tutor-online.oss-cn-beijing.aliyuncs.com/growth/download-material/2497e117ee5b7be6b151ade16a7b7fd9.mp4,20260604-猿辅导高中双科-实拍-买数学送物理-来得及-唐欣悦-bj于靖-李文静ec-视频号二创-3,-,,,199元高中双科提分课,199元高中双科提分课,自投放,其他,0,wangjiananbj03,2026/6/10,38,373.62,597,3,1.6,144.25,12052.26,124.54,1.27%,9.09%,-,1.16,19258.06
b68d91c078080d079580ad67460a84ab,-,-,-,-,-,https://tutor-online.oss-cn-beijing.aliyuncs.com/growth/download-material/b68d91c078080d079580ad67460a84ab.mp4,0529-9物-玄武-李博-A5-B2-yfdwl0529h2浩10-锴-鑫-超-首,-,,,9元高中物理李博,9元高中物理李博,玄武,其他,0,wangruixuebj01,2026/6/13,35,314.04,36,4,0.11,130.85,7477.14,78.51,2.13%,7.84%,-,1.67,857.14
87512d547d481635cfd020e32a81efd7,-,-,-,-,-,https://tutor-online.oss-cn-beijing.aliyuncs.com/growth/download-material/87512d547d481635cfd020e32a81efd7.mp4,0716-199双科-申坤-李博-李天-张佳乐-A1-B6-无-01,-,,,199元高中双科提分课,199元高中双科提分课,申坤,其他,0,wangjiananbj03,2026/7/17,1,31.24,0,0,0,38.95,0,0,0.00%,0.00%,-,0,0
8effa350cfd81550c142d4f6bf22391b,-,-,-,-,-,https://tutor-online.oss-cn-beijing.aliyuncs.com/growth/download-material/8effa350cfd81550c142d4f6bf22391b.mp4,0714-199双科-申坤-李博-李天-卞俊洁-A2-B4-有-02,-,,,199元高中双科提分课,199元高中双科提分课,申坤,其他,0,wangjiananbj03,2026/7/15,3,50.52,0,0,0,95.68,12630,0,0.95%,0%,-,0,0
524bc293a03758b51c3d4e178da21d8f,-,-,-,-,-,https://img-pub.oss-cn-beijing-internal.aliyuncs.com/19f5ae9927f43d7.mp4,20260708-9物-代理-启航-李博-【b1-p6-j9-39】,-,,,9元高中物理李博,9元高中物理李博,启航,代理商,0,wangruixuebj01,2026/7/15,3,70.14,0,0,0,62.02,3691.58,0,1.68%,0%,-,0,0
bdc72f395f1b996c9ca488bab2a5eb3a,-,-,-,-,-,https://tutor-online.oss-cn-beijing.aliyuncs.com/growth/download-material/bdc72f395f1b996c9ca488bab2a5eb3a.mp4,20260618-9物-代理-启航-李博-【b1-p6-a1-54】-A5-B5-有-2,-,,,9元高中物理李博,9元高中物理李博,启航,代理商,0,wangruixuebj01,-,-,0,0,0,0,0,0,0,0.00%,0.00%,-,0,0
57ce7052e248b17cbda79731bc92c0a4,-,-,-,-,-,https://tutor-online.oss-cn-beijing.aliyuncs.com/growth/download-material/57ce7052e248b17cbda79731bc92c0a4.mp4,20260626-猿辅导高中双科-图-红花-张焱拼实拍-活动-买数送物-全年-跟你-张焱-cd鲨鱼- 李文静ec-视频号二创-1.mp4,-,,,199元高中双科提分课,199元高中双科提分课,荔枝,其他,0,wangjiananbj03,2026/7/1,17,993.94,597,3,0.6,111.67,5343.76,331.31,2.09%,1.61%,-,0.34,3209.68
e72bc47ee2f797d3a8ec0e42a083cb45,-,-,-,-,-,https://tutor-online.oss-cn-beijing.aliyuncs.com/growth/download-material/e72bc47ee2f797d3a8ec0e42a083cb45.mp4,20260627-猿辅导高中双科-实拍-视频号-ip李博-买物送数-199学三年-毫无困难-常文茜-IP李博-裂变-詹铠任yc.mp4,-,,,199元高中双科提分课,199元高中双科提分课,荔枝,其他,0,wangjiananbj03,2026/7/8,10,0.46,0,0,0,28.75,0,0,0.00%,0.00%,-,0,0
0eff12057c6f01414217bb3b7a0ddf39,-,-,-,-,-,https://tutor-online.oss-cn-beijing.aliyuncs.com/growth/download-material/0eff12057c6f01414217bb3b7a0ddf39.mp4,20260704-猿辅导高中双科-实拍-千川-活动-买数送物-打算-张焱-bj于静-二创-叶俊泽ec-10.mp4,-,,,199元高中双科提分课,199元高中双科提分课,荔枝,其他,0,wangjiananbj03,2026/7/9,9,1.17,0,0,0,65,1170,0,5.56%,0.00%,-,0,0
7599a2786a6a81e36fab7bae2950c335,-,-,-,-,-,https://tutor-online.oss-cn-beijing.aliyuncs.com/growth/download-material/7599a2786a6a81e36fab7bae2950c335.mp4,20260624-猿辅导高中双科-实拍-千川-买数送物-199学三年--唐欣悦-bj于靖--张晓洁yc-1（前贴改）.mp4,-,,,199元高中双科提分课,199元高中双科提分课,荔枝,其他,0,wangjiananbj03,2026/6/27,21,0.28,0,0,0,70,0,0,0.00%,0.00%,-,0,0
5fd43734c6d3db3e304c141f344b534d,-,-,-,-,-,https://tutor-online.oss-cn-beijing.aliyuncs.com/growth/download-material/5fd43734c6d3db3e304c141f344b534d.mp4,20260612-猿辅导高中双科-实拍-千川-活动-五科-199学三年-不要-唐欣悦-詹铠任-cd鲨鱼-叶俊泽yc-1-前贴2.mp4,-,,,199元高中双科提分课,199元高中双科提分课,荔枝,代理商,0,wangjiananbj03,2026/6/18,30,1.34,0,0,0,70.53,1340,0,5.26%,0.00%,-,0,0
d0f44eac07faf4fd3ee5228637fea88d,-,-,-,-,-,https://tutor-online.oss-cn-beijing.aliyuncs.com/growth/download-material/d0f44eac07faf4fd3ee5228637fea88d.mp4,20260708-猿辅导高中双科-实拍-活动-不是-张焱-bj毕娇-裂变-张晓洁yc-1,-,,,199元高中双科提分课,199元高中双科提分课,荔枝,代理商,0,wangjiananbj03,2026/7/9,9,2.06,0,0,0,54.21,0,0,0.00%,0.00%,-,0,0
5a302eb09a381a61f9df1677e34c12f9,-,-,-,-,-,https://img-pub.oss-cn-beijing-internal.aliyuncs.com/19f1278fc715dcb.mp4,9元视频1152-0620-9物-代理-十人-李博-jzt-bmqr-A2-B2-pcc-2,-,,,9元高中物理李博,9元高中物理李博,十人,代理商,0,wangruixuebj01,2026/6/30,18,14.32,0,0,0,112.76,7160,0,0.79%,0%,-,0,0
10addf3a106124f57c5cd4f6e1c84b76,-,-,-,-,-,https://tutor-online.oss-cn-beijing.aliyuncs.com/growth/download-material/10addf3a106124f57c5cd4f6e1c84b76.mp4,20260716-高中数物（高一升高二）-混剪-图-张凌-4,-,,,199元高中双科提分课,199元高中双科提分课,荔枝,其他,0,wangjiananbj03,2026/7/17,1,36.65,0,0,0,30.67,4072.22,0,1.00%,0%,-,0,0
4253732ca0e7dfddc03a6d4ec55af3cb,-,-,-,-,-,https://tutor-online.oss-cn-beijing.aliyuncs.com/growth/download-material/4253732ca0e7dfddc03a6d4ec55af3cb.mp4,20260716-猿辅导高中双科-实拍-千川-活动-高二-五科--张焱-cd小志-岳久鸿-叶俊泽yc-2-前贴.mp4,-,,,199元高中双科提分课,199元高中双科提分课,荔枝,其他,0,wangjiananbj03,2026/7/17,1,0.37,0,0,0,92.5,0,0,0.00%,0.00%,-,0,0
51a345fa939c495543951f8531f9be2e,-,-,-,-,-,https://tutor-online.oss-cn-beijing.aliyuncs.com/growth/download-material/51a345fa939c495543951f8531f9be2e.mp4,20260701-猿辅导高中双科-实拍-千川-199学三年数学--唐欣悦-bj郭铭泽-二创-张晓洁ec-2.mp4,-,,,199元高中双科提分课,199元高中双科提分课,荔枝,其他,0,wangjiananbj03,2026/7/7,11,1.5,0,0,0,71.43,1500,0,4.76%,0.00%,-,0,0
7619ff15919fac9042e6cc39f5c114d7,-,-,-,-,-,https://tutor-online.oss-cn-beijing.aliyuncs.com/growth/download-material/7619ff15919fac9042e6cc39f5c114d7.mp4,0630-199双科-申坤-李博-李天-卞俊洁-A2-B4-无-17,-,,,199元高中双科提分课,199元高中双科提分课,申坤,其他,0,wangjiananbj03,2026/7/5,13,562.56,0,0,0,189.16,20835.56,0,1.18%,0%,-,0,0
8f8253022e4d6ebee4fc22c7f6041796,-,-,-,-,-,https://tutor-online.oss-cn-beijing.aliyuncs.com/growth/download-material/8f8253022e4d6ebee4fc22c7f6041796.mp4,20260713-猿辅导高中双科-实拍-千川-性价比-买物送数-199学全年-幸亏-唐欣悦-cd张璐-岳久鸿-裂变-张晓洁yc-2.1.mp4,-,,,199元高中双科提分课,199元高中双科提分课,荔枝,其他,0,wangjiananbj03,2026/7/14,4,2.09,0,0,0,44.47,1045,0,4.26%,0.00%,-,0,0
d7c21fef4b7352d7940e55b41cc6c478,-,-,-,-,-,https://img-pub.oss-cn-beijing-internal.aliyuncs.com/19f127935b8f5df.mp4,9元视频1157-0624-9物-代理-十人-李博-jzzy-bmqr-A2-B2-pcc-有-2-ai分享,-,,,9元高中物理李博,9元高中物理李博,十人,代理商,0,wangruixuebj01,2026/6/30,18,1.83,0,0,0,19.26,0,0,0.00%,0.00%,-,0,0
1915bb18429b6a0b72fccb6e3d5bf3ec,-,-,-,-,-,https://tutor-online.oss-cn-beijing.aliyuncs.com/growth/download-material/1915bb18429b6a0b72fccb6e3d5bf3ec.mp4,20260630-猿辅导高中双科-实拍-千川-暑期规划-199学全年-就敢-高二-唐欣悦-bj冷一丁--张晓洁yc-2（前贴改）-改1.mp4,-,,,199元高中双科提分课,199元高中双科提分课,荔枝,其他,0,wangjiananbj03,2026/7/16,2,3.15,0,0,0,116.67,630,0,18.52%,0.00%,-,0,0
fe077022d558edd07d29cbdbf9525e39,-,-,-,-,-,https://tutor-online.oss-cn-beijing.aliyuncs.com/growth/download-material/fe077022d558edd07d29cbdbf9525e39.mp4,一键修复_20260711-猿辅导高中双科-实拍-千川-活动-通用-买数送物-通知一下-李莹莹-cd佳怡-詹铠任-张雪依yc-4.mp4,-,,,199元高中双科提分课,199元高中双科提分课,荔枝,其他,0,wangjiananbj03,2026/7/16,2,0.39,0,0,0,78,0,0,0.00%,0.00%,-,0,0
05663ca6feac69f97e89539b9afeda4e,-,-,-,-,-,https://tutor-online.oss-cn-beijing.aliyuncs.com/growth/download-material/05663ca6feac69f97e89539b9afeda4e.mp4,0717-199双科-申坤-李博-李天-张佳乐-A1-B5-无-9,-,,,199元高中双科提分课,199元高中双科提分课,申坤,其他,0,wangjiananbj03,-,-,0,0,0,0,0,0,0,0.00%,0.00%,-,0,0
0455bd0cf3e266f77bc5f26c02427f72,-,-,-,-,-,https://img-pub.oss-cn-beijing-internal.aliyuncs.com/19eaafa2056e95f.mp4,0605-9物-玄武-李博-A2-B4-yfdwl0605h1浩5-锴-鑫-龙-首,-,,,9元高中物理李博,9元高中物理李博,玄武,代理商,0,wangruixuebj01,2026/6/10,38,93.38,0,0,0,65.9,4244.55,0,1.62%,0%,-,0,0
d3f9ab2b2f0b9a5c063041544945349e,-,-,-,-,-,https://tutor-online.oss-cn-beijing.aliyuncs.com/growth/download-material/d3f9ab2b2f0b9a5c063041544945349e.mp4,20260616-猿辅导高中双科-实拍-活动-夏他-张焱-bj李赛-二创-张晓洁ec-2,-,,,199元高中双科提分课,199元高中双科提分课,荔枝,其他,0,wangjiananbj03,2026/7/4,14,52.96,0,0,0,27.73,10592,0,0.31%,0%,-,0,0
484d5981098dddcf295c9dda32dea2c4,-,-,-,-,-,https://tutor-online.oss-cn-beijing.aliyuncs.com/growth/download-material/484d5981098dddcf295c9dda32dea2c4.mp4,9元视频990-0528拓1-9物-十人-bwxy-ylb-A2-B4-jzzy-jzmj-pwjl-4,-,,,9元高中物理李博,9元高中物理李博,十人,代理商,0,wangruixuebj01,2026/5/29,50,39.47,0,0,0,154.18,13156.67,0,2.73%,0%,-,0,0
01b0af6e8fa268eda07bd2e1a94790f0,-,-,-,-,-,https://tutor-online.oss-cn-beijing.aliyuncs.com/growth/download-material/01b0af6e8fa268eda07bd2e1a94790f0.mp4,20260630-猿辅导高中双科-实拍-千川-活动-199学三年-买数送物-割韭菜-唐欣悦-bj庄紫薇--李文静yc-3,-,,,199元高中双科提分课,199元高中双科提分课,荔枝,其他,0,wangjiananbj03,2026/7/9,9,0.05,0,0,0,5.56,0,0,0.00%,0.00%,-,0,0
e809bd31083cd98692e60f74c7ef465e,-,-,-,-,-,https://tutor-online.oss-cn-beijing.aliyuncs.com/growth/download-material/e809bd31083cd98692e60f74c7ef465e.mp4,20260630-猿辅导高中双科-实拍-千川-活动-老天爷-唐欣悦-dr宝藏诗诗姐--李文静yc-2-前贴.mp4,-,,,199元高中双科提分课,199元高中双科提分课,荔枝,其他,0,wangjiananbj03,2026/7/3,15,15.93,0,0,0,379.29,7965,0,4.76%,0.00%,-,0,0
be47e5667809d927103552a5851c1c0d,-,-,-,-,-,https://tutor-online.oss-cn-beijing.aliyuncs.com/growth/download-material/be47e5667809d927103552a5851c1c0d.mp4,20260613-猿辅导高中双科-实拍-塑品-买数送物-全年-舍得-张焱-bj李栎-张雪依ec-二创-2,-,,,199元高中双科提分课,199元高中双科提分课,荔枝,其他,0,wangjiananbj03,2026/6/30,18,2.46,0,0,0,27.03,0,0,1.10%,0%,-,0,0
1ad23e684238bfd619ccb98173a2fe2f,-,-,-,-,-,https://tutor-online.oss-cn-beijing.aliyuncs.com/growth/download-material/1ad23e684238bfd619ccb98173a2fe2f.mp4,0710-199双科-申坤-李博-李天-张佳乐-A3-B5-有-高二高三-3,-,,,199元高中双科提分课,199元高中双科提分课,申坤,其他,0,wangjiananbj03,2026/7/14,4,1.99,0,0,0,19.9,1990,0,1.00%,0%,-,0,0
ffc63da55af824ec8b420b80031ade2b,-,-,-,-,-,https://tutor-online.oss-cn-beijing.aliyuncs.com/growth/download-material/ffc63da55af824ec8b420b80031ade2b.mp4,20260711-猿辅导高中双科-实拍-活动-放心-张焱-bj刘能能-高二-李文静ec-二创-6,-,,,199元高中双科提分课,199元高中双科提分课,荔枝,其他,0,wangjiananbj03,2026/7/15,3,6.27,0,0,0,31.67,6270,0,0.00%,0.00%,-,0,0
e53ba1b152bc632b0348a0c697ecb19b,-,-,-,-,-,https://tutor-online.oss-cn-beijing.aliyuncs.com/growth/download-material/e53ba1b152bc632b0348a0c697ecb19b.mp4,20260711-猿辅导高中双科-实拍-千川-活动-高三-五科-当然要买-常文茜-cd杨嘉欣-岳久鸿-张雪依yc-2.mp4,-,,,199元高中双科提分课,199元高中双科提分课,荔枝,其他,0,wangjiananbj03,2026/7/16,2,3.94,0,0,0,164.17,1970,0,8.33%,0.00%,-,0,0
9bfe81ef04cb1d9bcf3742f942f47c14,-,-,-,-,-,https://tutor-online.oss-cn-beijing.aliyuncs.com/growth/download-material/9bfe81ef04cb1d9bcf3742f942f47c14.mp4,0715-199双科-申坤-李博-李天-卞俊洁-A7-B2-无-06,-,,,199元高中双科提分课,199元高中双科提分课,申坤,其他,0,wangjiananbj03,2026/7/18,0,3.15,0,0,0,37.06,0,0,1.18%,0%,-,0,0
7baaf017e97d16a915c318644ad17d64,-,-,-,-,-,https://tutor-online.oss-cn-beijing.aliyuncs.com/growth/download-material/7baaf017e97d16a915c318644ad17d64.mp4,妙思自动生成-232-202607091747,-,,,199元高中双科提分课,199元高中双科提分课,荔枝,其他,0,wangjiananbj03,2026/7/9,9,20.51,0,0,0,66.38,0,0,0.97%,0%,-,0,0
5187977ba783b2e97d781f0f8cbca2bc,-,-,-,-,-,https://tutor-online.oss-cn-beijing.aliyuncs.com/growth/download-material/5187977ba783b2e97d781f0f8cbca2bc.mp4,20260704-猿辅导高中双科-混剪-图-张凌-张焱-张雪依yc-15改-高二.mp4,-,,,199元高中双科提分课,199元高中双科提分课,荔枝,其他,0,wangjiananbj03,2026/7/9,9,2.68,0,0,0,134,2680,0,5.00%,0.00%,-,0,0
27950d5d3913253952ac623d7e198adf,-,-,-,-,-,https://tutor-online.oss-cn-beijing.aliyuncs.com/growth/download-material/27950d5d3913253952ac623d7e198adf.mp4,一键修复_20260704-猿辅导高中双科-混剪-图-张凌-张焱-张雪依yc-4改-高二高三.mp4,-,,,199元高中双科提分课,199元高中双科提分课,荔枝,其他,0,wangjiananbj03,2026/7/7,11,3.39,0,0,0,113,565,0,20.00%,0.00%,-,0,0
8a2509e5ed9cd8e6e85005f5d334008a,-,-,-,-,-,https://tutor-online.oss-cn-beijing.aliyuncs.com/growth/download-material/8a2509e5ed9cd8e6e85005f5d334008a.mp4,20260625-猿辅导高中数物双科-实拍-活动-退了-张焱-cd张璐-裂变-张晓洁yc-2,-,,,199元高中双科提分课,199元高中双科提分课,荔枝,代理商,0,wangjiananbj03,2026/7/9,9,5.86,0,0,0,104.64,0,0,0.00%,0.00%,-,0,0
ac167487da6a75366cca89a9ed35e2d1,-,-,-,-,-,https://tutor-online.oss-cn-beijing.aliyuncs.com/growth/download-material/ac167487da6a75366cca89a9ed35e2d1.mp4,20260623-猿辅导高中数学199-实拍-活动-划走-张焱-bj李栎-勒边-张晓洁yc-6.mp4,-,,,199元高中双科提分课,199元高中双科提分课,荔枝,其他,0,wangjiananbj03,2026/6/23,25,144.88,199,1,1.37,82.55,5572.31,144.88,1.48%,3.85%,-,0.57,7653.85
4fe0212a5dba7787b53ae17d7387dfcc,-,-,-,-,-,https://tutor-online.oss-cn-beijing.aliyuncs.com/growth/download-material/4fe0212a5dba7787b53ae17d7387dfcc.mp4,null-自动生成-20-202607111525,-,,,199元高中双科提分课,199元高中双科提分课,申坤,其他,0,wangjiananbj03,2026/7/12,6,4.54,0,0,0,56.05,0,0,0.00%,0.00%,-,0,0
4418237fc115db03e8891f5d9d2cb043,-,-,-,-,-,https://tutor-online.oss-cn-beijing.aliyuncs.com/growth/download-material/4418237fc115db03e8891f5d9d2cb043.mp4,0615-9物-玄武-李博-白潇凯-李明雪-A1-B4-有-yfdwl0615b1浩4-雪-白-龙-首,-,,,9元高中物理李博,9元高中物理李博,玄武,其他,0,wangruixuebj01,2026/6/18,30,0,9,1,0,0,0,0,0.00%,0.00%,-,0,0
06ddc1af2b26c9f29a0e76d5061abf2e,-,-,-,-,-,https://tutor-online.oss-cn-beijing.aliyuncs.com/growth/download-material/06ddc1af2b26c9f29a0e76d5061abf2e.mp4,20260711-猿辅导高中双科-实拍-千川-专家分享-买物送数-三年-通用-买物送数-求你啊-常文茜-bj郭铭泽-李文静yc-5-前贴,-,,,199元高中双科提分课,199元高中双科提分课,自投放,其他,0,wangjiananbj03,2026/7/16,2,35.08,0,0,0,30.09,5846.67,0,0.51%,0%,-,0,0
469b017586da25f423258990eff815f6,-,-,-,-,-,https://tutor-online.oss-cn-beijing.aliyuncs.com/growth/download-material/469b017586da25f423258990eff815f6.mp4,妙思自动生成-232-202607100148,-,,,199元高中双科提分课,199元高中双科提分课,荔枝,其他,0,wangjiananbj03,2026/7/10,8,0.29,0,0,0,12.61,0,0,0.00%,0.00%,-,0,0
004fb656db963fc49945632aa61eef95,-,-,-,-,-,https://tutor-online.oss-cn-beijing.aliyuncs.com/growth/download-material/004fb656db963fc49945632aa61eef95.mp4,20260624-猿辅导高中双科-实拍-千川-买数送物-199学三年--唐欣悦-bj于靖--张晓洁yc-1（前贴改）,-,,,199元高中双科提分课,199元高中双科提分课,荔枝,其他,0,wangjiananbj03,2026/7/1,17,11.99,0,0,0,56.29,0,0,0.47%,0%,-,0,0
9fe4372c2ecb00faba5c08220ec457e5,-,-,-,-,-,https://tutor-online.oss-cn-beijing.aliyuncs.com/growth/download-material/9fe4372c2ecb00faba5c08220ec457e5.mp4,0706-199双科-申坤-李博-李天-卞俊洁-A2-B5-有-高二高三-2,-,,,199元高中双科提分课,199元高中双科提分课,申坤,其他,0,wangjiananbj03,2026/7/10,8,0,0,0,0,0,0,0,0.00%,0.00%,-,0,0
ae7010adfe97acd71912108b7aff850d,-,-,-,-,-,https://tutor-online.oss-cn-beijing.aliyuncs.com/growth/download-material/ae7010adfe97acd71912108b7aff850d.mp4,20260626-猿辅导高中双科-实拍-活动-他们夏能-张焱-bj刘能能-张晓洁yc-1.1（前贴2）,-,,,199元高中双科提分课,199元高中双科提分课,自投放,其他,0,wangjiananbj03,2026/7/15,3,40.19,0,0,0,24.73,3349.17,0,0.74%,0%,-,0,0
bb783546d3be3eae975fcc9f62c50a25,-,-,-,-,-,https://img-pub.oss-cn-beijing-internal.aliyuncs.com/19f5ae990e61bac.mp4,20260708-9物-代理-启航-李博-【b1-p6-j9-37】,-,,,9元高中物理李博,9元高中物理李博,启航,代理商,0,wangruixuebj01,2026/7/15,3,7.23,0,0,0,82.16,7230,0,1.14%,0%,-,0,0
b12b0aa2b1b14ee597c516802667f06a,-,-,-,-,-,https://img-pub.oss-cn-beijing-internal.aliyuncs.com/19f12795755bd64.mp4,9元视频1160-0624-9物-十人-bmqr-ylb-A2-B4-jclb-pwjl-1,-,,,9元高中物理李博,9元高中物理李博,十人,代理商,0,wangruixuebj01,2026/6/30,18,0,0,0,0,0,0,0,0.00%,0.00%,-,0,0
15aa5b8677a610d64ea77d0c750e17b9,-,-,-,-,-,https://tutor-online.oss-cn-beijing.aliyuncs.com/growth/download-material/15aa5b8677a610d64ea77d0c750e17b9.mp4,0707-199双科-申坤-李博-李天-王合云-A1-B2-无-高二高三-20,-,,,199元高中双科提分课,199元高中双科提分课,申坤,其他,0,wangjiananbj03,2026/7/7,11,0.05,0,0,0,50,0,0,0.00%,0.00%,-,0,0
bafe0ee37b0a07fccb6c65a800d286fb,-,-,-,-,-,https://tutor-online.oss-cn-beijing.aliyuncs.com/growth/download-material/bafe0ee37b0a07fccb6c65a800d286fb.mp4,20260530-猿辅导高中双科-实拍-买物理送数学-不花-张焱-cd金花-张雪依ec-二创-6.mp4,-,,,199元高中双科提分课,199元高中双科提分课,荔枝,其他,0,wangjiananbj03,2026/6/2,46,0.4,0,0,0,44.44,0,0,0.00%,0.00%,-,0,0
ce3c604454b76883eab5e41cb3735161,-,-,-,-,-,https://tutor-online.oss-cn-beijing.aliyuncs.com/growth/download-material/ce3c604454b76883eab5e41cb3735161.mp4,20260630-猿辅导高中双科-实拍-千川-活动-199学三年-买数送物-割韭菜-唐欣悦-bj庄紫薇--李文静yc-3.mp4,-,,,199元高中双科提分课,199元高中双科提分课,荔枝,其他,0,wangjiananbj03,2026/7/3,15,6.46,0,0,0,170,807.5,0,21.05%,0.00%,-,0,0
c0e2cc64f1f1399625d428f5a5ced120,-,-,-,-,-,https://tutor-online.oss-cn-beijing.aliyuncs.com/growth/download-material/c0e2cc64f1f1399625d428f5a5ced120.mp4,20260530-猿辅导高中双科-实拍-活动-多少-张焱-bj李赛-张雪依ec-二创-2.mp4,-,,,199元高中双科提分课,199元高中双科提分课,荔枝,其他,0,wangjiananbj03,2026/6/2,46,31.58,0,0,0,216.3,7895,0,2.74%,0.00%,-,0,0
360238dde85a24227628ccbcb03ae035,-,-,-,-,-,https://tutor-online.oss-cn-beijing.aliyuncs.com/growth/download-material/360238dde85a24227628ccbcb03ae035.mp4,20260717-猿辅导高中双科-实拍-视频号-活动-199学三年-买数送物-通用-买数送物-地板价-唐欣悦-bj李栎-裂变-张晓洁yc-4.mp4,-,,,199元高中双科提分课,199元高中双科提分课,荔枝,其他,0,wangjiananbj03,2026/7/17,1,0.41,0,0,0,102.5,0,0,0.00%,0.00%,-,0,0
82374e873ad3183326607653171f3837,-,-,-,-,-,https://tutor-online.oss-cn-beijing.aliyuncs.com/growth/download-material/82374e873ad3183326607653171f3837.mp4,20260703-猿辅导高中双科-实拍-活动-放心-张焱-李赛-bj刘能能-裂变-李文静ec-二创-2,-,,,199元高中双科提分课,199元高中双科提分课,荔枝,其他,0,wangjiananbj03,2026/7/7,11,6357.99,3184,16,0.5,56.13,24643.37,397.37,0.37%,3.81%,-,0.14,12341.09
9b86a11749a76345cc22d85332f0c6f6,-,-,-,-,-,https://tutor-online.oss-cn-beijing.aliyuncs.com/growth/download-material/9b86a11749a76345cc22d85332f0c6f6.mp4,视频-720_1280-1-1781160740,-,,,9元高中物理李博,9元高中物理李博,十人,代理商,0,wangruixuebj01,2026/6/12,36,58.79,0,0,0,160.19,7348.75,0,2.45%,0%,-,0,0
38755f6bc7c0c235eec03988b0f4712e,-,-,-,-,-,https://tutor-online.oss-cn-beijing.aliyuncs.com/growth/download-material/38755f6bc7c0c235eec03988b0f4712e.mp4,一键修复_20260714-猿辅导高中双科-实拍-千川-暑期预习-通用-买数送物-白干-李莹莹-bj冷一丁--李文静yc-1-前贴.mp4,-,,,199元高中双科提分课,199元高中双科提分课,荔枝,其他,0,wangjiananbj03,2026/7/18,0,0.68,0,0,0,75.56,0,0,0.00%,0.00%,-,0,0
49cd00844f240ac6246f58c82f6a0148,-,-,-,-,-,https://tutor-online.oss-cn-beijing.aliyuncs.com/growth/download-material/49cd00844f240ac6246f58c82f6a0148.mp4,20260624-9物-代理-启航-李博-【b1-p6-a3-69-0630】-A5-B5-有-2,-,,,9元高中物理李博,9元高中物理李博,启航,代理商,0,wangruixuebj01,2026/7/10,8,631.74,9,1,0.01,111.54,8537.03,631.74,1.50%,1.18%,-,0.18,121.62
c504c54c32d4353a17b3541842c5d64d,-,-,-,-,-,https://tutor-online.oss-cn-beijing.aliyuncs.com/growth/download-material/c504c54c32d4353a17b3541842c5d64d.mp4,20260618-猿辅导高中双科-混剪-视频号-图-男孩-张焱-张晓洁yc-1,-,,,199元高中双科提分课,199元高中双科提分课,荔枝,其他,0,wangjiananbj03,2026/6/20,28,0.07,0,0,0,70,0,0,0.00%,0.00%,-,0,0
73587758592ecea506671fcfec45c6b0,-,-,-,-,-,https://tutor-online.oss-cn-beijing.aliyuncs.com/growth/download-material/73587758592ecea506671fcfec45c6b0.mp4,0708-9物-玄武-混剪-杨丽莹-胡原宁-A5-B3-无-8-yfdwl0709z1浩8-宁-莹-首,-,,,9元高中物理李博,9元高中物理李博,玄武,代理商,0,wangruixuebj01,2026/7/14,4,69.9,0,0,0,47.81,2912.5,0,1.78%,0%,-,0,0
a68a9bec59aa9d1539265664182c31d5,-,-,-,-,-,https://tutor-online.oss-cn-beijing.aliyuncs.com/growth/download-material/a68a9bec59aa9d1539265664182c31d5.mp4,20260612-猿辅导高中双科-实拍-千川-活动-买数学送物理-抱歉-张焱-cd张璐-袁北辰ec-二创-2,-,,,199元高中双科提分课,199元高中双科提分课,荔枝,其他,0,wangjiananbj03,2026/6/30,18,0.01,0,0,0,5,0,0,0.00%,0.00%,-,0,0
446a793b3b1660e9c7a35dceea7768b1,-,-,-,-,-,https://tutor-online.oss-cn-beijing.aliyuncs.com/growth/download-material/446a793b3b1660e9c7a35dceea7768b1.mp4,20260625-猿辅导高中双科-实拍-活动-夏他-张焱唐欣悦-bj李赛-裂变-张晓洁yc-1.mp4,-,,,199元高中双科提分课,199元高中双科提分课,荔枝,代理商,0,wangjiananbj03,2026/6/26,22,880.81,796,4,0.9,59.37,4920.73,220.2,1.21%,2.23%,-,0.27,4446.93
3670c57d0c0e0c0be4b50e7afe2b9305,-,-,-,-,-,https://tutor-online.oss-cn-beijing.aliyuncs.com/growth/download-material/3670c57d0c0e0c0be4b50e7afe2b9305.mp4,0708-199双科-申坤-李博-李天-卞俊洁-A2-B4-无-3,-,,,199元高中双科提分课,199元高中双科提分课,申坤,其他,0,wangjiananbj03,2026/7/9,9,25.5,0,0,0,40.8,25500,0,0.32%,0%,-,0,0
d79719ecbc09fbaf1e69204771498f5d,-,-,-,-,-,https://tutor-online.oss-cn-beijing.aliyuncs.com/growth/download-material/d79719ecbc09fbaf1e69204771498f5d.mp4,20260624-9物-代理-启航-李博-【b1-p6-a3-76-0630】-A5-B5-有-2,-,,,9元高中物理李博,9元高中物理李博,启航,代理商,0,wangruixuebj01,2026/7/10,8,43.89,0,0,0,243.83,10972.5,0,2.22%,0%,-,0,0
9da55770daea2baff31655c38834ad88,-,-,-,-,-,https://tutor-online.oss-cn-beijing.aliyuncs.com/growth/download-material/9da55770daea2baff31655c38834ad88.mp4,20260711-猿辅导高中双科-实拍-千川-活动-买数送物-打算-张焱-bj于静--李文静ec-二创-10,-,,,199元高中双科提分课,199元高中双科提分课,自投放,其他,0,wangjiananbj03,2026/7/14,4,8114.86,3383,16,0.42,83.5,29834.04,507.18,0.44%,3.77%,-,0.16,12437.5
43b3d37c7df9e3adc1d7437332c0f121,-,-,-,-,-,https://tutor-online.oss-cn-beijing.aliyuncs.com/growth/download-material/43b3d37c7df9e3adc1d7437332c0f121.mp4,99双科-1-0108-17,-,,,199元高中双科提分课,199元高中双科提分课,自投放,其他,0,wangjiananbj03,2026/7/11,7,5.88,0,0,0,52.5,0,0,0.89%,0%,-,0,0
ddf725971b5465f8885ec0e04703d2a9,-,-,-,-,-,https://tutor-online.oss-cn-beijing.aliyuncs.com/growth/download-material/ddf725971b5465f8885ec0e04703d2a9.mp4,0716-199双科-申坤-李博-李天-张佳乐-A3-B5-有-02,-,,,199元高中双科提分课,199元高中双科提分课,申坤,其他,0,wangjiananbj03,2026/7/16,2,58.98,0,0,0,26.98,58980,0,0.18%,0%,-,0,0
702045e6d3e3c3da492f4494b0291ead,-,-,-,-,-,https://tutor-online.oss-cn-beijing.aliyuncs.com/growth/download-material/702045e6d3e3c3da492f4494b0291ead.mp4,一键修复_20260701-猿辅导高中双科-混剪-视频号-图-广告夜晚-张焱-裂变-张晓洁yc-9.mp4,-,,,199元高中双科提分课,199元高中双科提分课,荔枝,其他,0,wangjiananbj03,2026/7/3,15,34.92,0,0,0,311.79,3492,0,8.93%,0.00%,-,0,0
9d809657d6df78b6cce0dc3c5270522b,-,-,-,-,-,https://tutor-online.oss-cn-beijing.aliyuncs.com/growth/download-material/9d809657d6df78b6cce0dc3c5270522b.mp4,0702-199双科-申坤-李博-李天-姚恒-A1-B4-无-02,-,,,199元高中双科提分课,199元高中双科提分课,申坤,代理商,0,wangjiananbj03,2026/7/3,15,0.01,0,0,0,2,0,0,0.00%,0.00%,-,0,0
a933c4949d00b4c89bca2113ccb95e0f,-,-,-,-,-,https://tutor-online.oss-cn-beijing.aliyuncs.com/growth/download-material/a933c4949d00b4c89bca2113ccb95e0f.mp4,一键修复_20260711-猿辅导高中双科-实拍-活动-通用-买数送物-忍餐-张焱-bj于靖--李文静ec-二创-3.mp4,-,,,199元高中双科提分课,199元高中双科提分课,荔枝,其他,0,wangjiananbj03,2026/7/16,2,6161.4,4179,21,0.68,47.68,4615.28,293.4,1.03%,1.57%,-,0.16,3130.34
e5e1e1fadc14d9c9f12ab06f0064052e,-,-,-,-,-,https://img-pub.oss-cn-beijing-internal.aliyuncs.com/19f6001faf716a1.mp4,20260714-9物-代理-启航-李博-【b1-p6-j8-59】-A3-B2-有-18,-,,,9元高中物理李博,9元高中物理李博,启航,代理商,0,wangruixuebj01,2026/7/17,1,30.29,0,0,0,49.17,2163.57,0,2.44%,0%,-,0,0
acc81cab63907279b753ef3bfbeec8bf,-,-,-,-,-,https://tutor-online.oss-cn-beijing.aliyuncs.com/growth/download-material/acc81cab63907279b753ef3bfbeec8bf.mp4,20260711-猿辅导高中双科-实拍-千川-买物送数-专家分享-跟你学-高二高三-李莹莹-b宋钦冲-二创-叶俊泽ec-13.mp4,-,,,199元高中双科提分课,199元高中双科提分课,荔枝,其他,0,wangjiananbj03,2026/7/16,2,40.06,0,0,0,460.46,3081.54,0,14.94%,0.00%,-,0,0
28d341c21b080d802f9fec1c1b0a36d3,-,-,-,-,-,https://tutor-online.oss-cn-beijing.aliyuncs.com/growth/download-material/28d341c21b080d802f9fec1c1b0a36d3.mp4,0710-199双科-申坤-李博-李天-卞俊洁-A2-B4-无-1,-,,,199元高中双科提分课,199元高中双科提分课,申坤,其他,0,wangjiananbj03,2026/7/14,4,629.95,199,1,0.32,95.12,27389.13,629.95,0.62%,2.44%,-,0.15,8652.17
e39a1d2a63e0610ecd5a2c742fbf2eec,-,-,-,-,-,https://tutor-online.oss-cn-beijing.aliyuncs.com/growth/download-material/e39a1d2a63e0610ecd5a2c742fbf2eec.mp4,20260704-猿辅导高中双科-混剪-图-张凌-张焱-张雪依yc-1改-高二高三.mp4,-,,,199元高中双科提分课,199元高中双科提分课,荔枝,其他,0,wangjiananbj03,2026/7/6,12,8.23,0,0,0,139.49,1175.71,0,11.86%,0.00%,-,0,0
a80557c9a46f579fc5a9daf067044a7a,-,-,-,-,-,https://tutor-online.oss-cn-beijing.aliyuncs.com/growth/download-material/a80557c9a46f579fc5a9daf067044a7a.mp4,0715-199双科-申坤-李博-李天-张佳乐-A1-B4-有-03,-,,,199元高中双科提分课,199元高中双科提分课,申坤,其他,0,wangjiananbj03,2026/7/18,0,6.31,0,0,0,53.93,6310,0,0.85%,0%,-,0,0
9fe4372c2ecb00faba5c08220ec457e5,-,-,-,-,-,https://tutor-online.oss-cn-beijing.aliyuncs.com/growth/download-material/9fe4372c2ecb00faba5c08220ec457e5.mp4,0706-199双科-申坤-李博-李天-卞俊洁-A2-B5-有-高二高三-2,-,,,199元高中双科提分课,199元高中双科提分课,申坤,其他,0,wangjiananbj03,2026/7/7,11,0.99,0,0,0,82.5,990,0,8.33%,0%,-,0,0
3033ab82f2ff61d381c00e6791df98d5,-,-,-,-,-,https://tutor-online.oss-cn-beijing.aliyuncs.com/growth/download-material/3033ab82f2ff61d381c00e6791df98d5.mp4,0715-199双科-申坤-李博-李天-卞俊洁-A7-B1-有-12,-,,,199元高中双科提分课,199元高中双科提分课,申坤,代理商,0,wangjiananbj03,2026/7/18,0,0.29,0,0,0,11.6,0,0,0.00%,0.00%,-,0,0
b02c64eab12bb880dff38335341cfd8b,-,-,-,-,-,https://tutor-online.oss-cn-beijing.aliyuncs.com/growth/download-material/b02c64eab12bb880dff38335341cfd8b.mp4,20260715-猿辅导高中数物（高三）-混剪-图-程序-10.mp4,-,,,199元高中双科提分课,199元高中双科提分课,荔枝,其他,0,wangjiananbj03,2026/7/17,1,26.76,0,0,0,106.61,1784,0,5.98%,0.00%,-,0,0
8c3a145cedb07faf60c6999c722904d2,-,-,-,-,-,https://tutor-online.oss-cn-beijing.aliyuncs.com/growth/download-material/8c3a145cedb07faf60c6999c722904d2.mp4,一键修复_20260615-猿辅导高中双科-实拍-千川-活动-上哪儿去找-唐欣悦-cd杨嘉欣-岳久鸿-李文静yc-1.mp4,-,,,199元高中双科提分课,199元高中双科提分课,荔枝,其他,0,wangjiananbj03,2026/6/25,23,0.58,0,0,0,36.25,580,0,6.25%,0.00%,-,0,0
3918d008ade52d1ed080c734703b68e3,-,-,-,-,-,https://tutor-online.oss-cn-beijing.aliyuncs.com/growth/download-material/3918d008ade52d1ed080c734703b68e3.mp4,0709-199双科-申坤-李博-李天-张佳乐-A2-B4-无-高二高三-5,-,,,199元高中双科提分课,199元高中双科提分课,申坤,其他,0,wangjiananbj03,2026/7/14,4,9.02,0,0,0,45.56,3006.67,0,1.52%,0%,-,0,0
390b4dc667759682b0f4c0b7d346e434,-,-,-,-,-,https://tutor-online.oss-cn-beijing.aliyuncs.com/growth/download-material/390b4dc667759682b0f4c0b7d346e434.mp4,0716-199双科-申坤-李博-李天-张佳乐-A7-B5-有-07,-,,,199元高中双科提分课,199元高中双科提分课,申坤,其他,0,wangjiananbj03,2026/7/16,2,0.17,0,0,0,9.44,0,0,0.00%,0.00%,-,0,0
5f3ec24461c88f82326bfbce127fffeb,-,-,-,-,-,https://tutor-online.oss-cn-beijing.aliyuncs.com/growth/download-material/5f3ec24461c88f82326bfbce127fffeb.mp4,20260708-猿辅导高中双科-实拍-千川-买数送物-专家分享-可以不-高二-张焱-dr珈岐妈妈--张晓洁yc-1（前贴）.mp4,-,,,199元高中双科提分课,199元高中双科提分课,荔枝,其他,0,wangjiananbj03,2026/7/13,5,35.09,0,0,0,94.58,3190,0,2.96%,0.00%,-,0,0
6e53522e2857ca4ac61ce5d906b96a60,-,-,-,-,-,https://tutor-online.oss-cn-beijing.aliyuncs.com/growth/download-material/6e53522e2857ca4ac61ce5d906b96a60.mp4,0714-199双科-申坤-李博-李天-卞俊洁-A1-B4-无-01,-,,,199元高中双科提分课,199元高中双科提分课,申坤,其他,0,wangjiananbj03,2026/7/15,3,12.21,0,0,0,37.23,4070,0,0.91%,0%,-,0,0
ee29f2ebd47b9309763c160c1ab0685b,-,-,-,-,-,https://tutor-online.oss-cn-beijing.aliyuncs.com/growth/download-material/ee29f2ebd47b9309763c160c1ab0685b.mp4,0707-199双科-申坤-李博-李天-王合云-A1-B4-无-高二高三-05,-,,,199元高中双科提分课,199元高中双科提分课,申坤,其他,0,wangjiananbj03,2026/7/8,10,0.8,0,0,0,200,0,0,0.00%,0.00%,-,0,0
d556838c7996124de4f65862526516ec,-,-,-,-,-,https://tutor-online.oss-cn-beijing.aliyuncs.com/growth/download-material/d556838c7996124de4f65862526516ec.mp4,0616-9物-代理-十人-李博-jzzy-bmqr-A2-B2-pwjl-有-2-知识点,-,,,9元高中物理李博,9元高中物理李博,十人,代理商,0,wangruixuebj01,2026/6/19,29,3409.49,117,13,0.03,252.03,19262.66,262.27,1.83%,5.26%,-,0.96,661.02
7d254b90fc748340bf75e3c836d6ac47,-,-,-,-,-,https://tutor-online.oss-cn-beijing.aliyuncs.com/growth/download-material/7d254b90fc748340bf75e3c836d6ac47.mp4,20260515-猿辅导高中双科-实拍-活动-多少-张焱-bj李赛-裂变-张晓洁yc-1.mp4,-,,,199元高中双科提分课,299元高中全年提分课,荔枝,其他,0,wangjiananbj03,2026/5/15,64,6808.3,4378,22,0.64,79.22,4532.82,309.47,1.75%,1.46%,-,0.26,2914.78
7b357a43a5edad0d7c9d1b4a4afba09c,-,-,-,-,-,https://tutor-online.oss-cn-beijing.aliyuncs.com/growth/download-material/7b357a43a5edad0d7c9d1b4a4afba09c.mp4,0710-199双科-申坤-李博-李天-卞俊洁-A1-B4-无-07,-,,,199元高中双科提分课,199元高中双科提分课,申坤,其他,0,wangjiananbj03,2026/7/11,7,82.78,0,0,0,45.36,10347.5,0,0.38%,0%,-,0,0
e01938b409d8d1b12886a532ed1da66f,-,-,-,-,-,https://tutor-online.oss-cn-beijing.aliyuncs.com/growth/download-material/e01938b409d8d1b12886a532ed1da66f.mp4,0616-9物-十人-bmqr-ylb-A2-B4-jclb-pwjl-5,-,,,9元高中物理李博,9元高中物理李博,十人,代理商,0,wangruixuebj01,2026/6/17,31,0.11,0,0,0,11,0,0,0.00%,0.00%,-,0,0
6ec6bbc2d8c640cf75fa215d1628939a,-,-,-,-,-,https://tutor-online.oss-cn-beijing.aliyuncs.com/growth/download-material/6ec6bbc2d8c640cf75fa215d1628939a.mp4,20260711-猿辅导高中双科-实拍-千川-买数送物-专家分享-可以不-高二-张焱-dr珈岐妈妈-李文静ec-二创-11 (1).mp4,-,,,199元高中双科提分课,199元高中双科提分课,荔枝,其他,0,wangjiananbj03,2026/7/16,2,26.32,0,0,0,731.11,13160,0,5.56%,0.00%,-,0,0
9bfc7deba6c2d56131563e5185f63f23,-,-,-,-,-,https://tutor-online.oss-cn-beijing.aliyuncs.com/growth/download-material/9bfc7deba6c2d56131563e5185f63f23.mp4,0709-199双科-申坤-李博-李天-卞俊洁-A2-B4-无-高二高三-1,-,,,199元高中双科提分课,199元高中双科提分课,申坤,代理商,0,wangjiananbj03,2026/7/10,8,0.71,0,0,0,30.87,0,0,0.00%,0.00%,-,0,0
e3566222b8c0c25714ca6dd90aed9d85,-,-,-,-,-,https://tutor-online.oss-cn-beijing.aliyuncs.com/growth/download-material/e3566222b8c0c25714ca6dd90aed9d85.mp4,0717-199双科-申坤-李博-李天-张佳乐-A7-B5-有-6,-,,,199元高中双科提分课,199元高中双科提分课,申坤,代理商,0,wangjiananbj03,2026/7/18,0,0.01,0,0,0,5,0,0,0.00%,0.00%,-,0,0
71f98605250eb80a2457e1f9aa33ed05,-,-,-,-,-,https://tutor-online.oss-cn-beijing.aliyuncs.com/growth/download-material/71f98605250eb80a2457e1f9aa33ed05.mp4,199shu'g'n'k0708,-,,,199元高中双科提分课,199元高中双科提分课,自投放,代理商,0,wangjiananbj03,2026/7/13,5,0.1,0,0,0,6.67,0,0,0.00%,0.00%,-,0,0
338f406ae557864b4c1a86b08ed9d265,-,-,-,-,-,https://img-pub.oss-cn-beijing-internal.aliyuncs.com/19f60011e9db2a8.mp4,20260714-9物-代理-启航-李博-【b1-p6-j8-55】-A3-B2-有-18,-,,,9元高中物理李博,9元高中物理李博,启航,代理商,0,wangruixuebj01,2026/7/17,1,48.51,0,0,0,42.11,1732.5,0,2.60%,0%,-,0,0
1a69d1da135ba85d2f60dd2c8a742d68,-,-,-,-,-,https://img-pub.oss-cn-beijing-internal.aliyuncs.com/19f5ae3b762d57e.mp4,20260709-9物-代理-启航-李博-【b1-p6-a3-83-0709】-A5-B5-有-2,-,,,9元高中物理李博,9元高中物理李博,启航,代理商,0,wangruixuebj01,2026/7/15,3,113.96,9,1,0.08,55,4220.74,113.96,1.30%,3.70%,-,0.48,333.33
81251c0313cd3f8bad0ee3a4d98f8253,-,-,-,-,-,https://tutor-online.oss-cn-beijing.aliyuncs.com/growth/download-material/81251c0313cd3f8bad0ee3a4d98f8253.mp4,20260630-猿辅导高中双科-实拍-千川-买物送数-专家分享-怎么样-高二高三-李莹莹-cd小墨-詹铠任-叶俊泽yc-1 ,-,,,199元高中双科提分课,199元高中双科提分课,自投放,其他,0,wangjiananbj03,2026/7/17,1,0.21,0,0,0,8.75,0,0,0.00%,0.00%,-,0,0
e5ac0d77058f95d20330d9fbbab05ded,-,-,-,-,-,https://tutor-online.oss-cn-beijing.aliyuncs.com/growth/download-material/e5ac0d77058f95d20330d9fbbab05ded.mp4,20260715-猿辅导高中双科-实拍-千川-专家分享-买数学送物理-当然-张焱-bj毕娇-高二高三-李文静ec-视频号二创-横屏-3,-,,,199元高中双科提分课,199元高中双科提分课,荔枝,其他,0,wangjiananbj03,2026/7/16,2,11.91,0,0,0,17.78,2977.5,0,0.60%,0%,-,0,0
5343604d4e37cd916463081da09574b8,-,-,-,-,-,https://tutor-online.oss-cn-beijing.aliyuncs.com/growth/download-material/5343604d4e37cd916463081da09574b8.mp4,0617-9物-十人-bmqr-ylb-A2-B4-jzmj-bmqr-pwjl-1,-,,,9元高中物理李博,9元高中物理李博,十人,代理商,0,wangruixuebj01,2026/6/20,28,21.67,0,0,0,169.3,21670,0,0.78%,0%,-,0,0
067c9e51ec5ae1628c449aa2ac04333e,-,-,-,-,-,https://tutor-online.oss-cn-beijing.aliyuncs.com/growth/download-material/067c9e51ec5ae1628c449aa2ac04333e.mp4,一键修复_20260703-猿辅导高中双科-实拍-千川-买数送物-活动-不气-张焱-bj冷一丁-李文静ec-二创-4.mp4,-,,,199元高中双科提分课,199元高中双科提分课,荔枝,其他,0,wangjiananbj03,2026/7/8,10,340.79,0,0,0,87.38,6553.65,0,1.33%,0.00%,-,0,0
fbd921af0600327f8f933a7b699ea8da,-,-,-,-,-,https://tutor-online.oss-cn-beijing.aliyuncs.com/growth/download-material/fbd921af0600327f8f933a7b699ea8da.mp4,20260616-猿辅导高中双科-实拍-活动-上哪找-常文茜-cd雪儿-岳久鸿-裂变-张晓洁yc-1.mp4,-,,,199元高中双科提分课,199元高中双科提分课,荔枝,其他,0,wangjiananbj03,2026/6/16,32,1.24,0,0,0,95.38,1240,0,7.69%,0.00%,-,0,0
6c495c8a210d8b84bda55b0e2099eeb4,-,-,-,-,-,https://tutor-online.oss-cn-beijing.aliyuncs.com/growth/download-material/6c495c8a210d8b84bda55b0e2099eeb4.mp4,0706-199双科-申坤-李博-李天-卞俊洁-A5-B5-有-高二高三-5,-,,,199元高中双科提分课,199元高中双科提分课,申坤,其他,0,wangjiananbj03,2026/7/7,11,1.28,0,0,0,51.2,0,0,0.00%,0.00%,-,0,0
c6b2ed8ba1fb58b81a075f0594c599b0,-,-,-,-,-,https://tutor-online.oss-cn-beijing.aliyuncs.com/growth/download-material/c6b2ed8ba1fb58b81a075f0594c599b0.mp4,20260629-猿辅导高中双科-实拍-千川-线下班对比-199学三年-答应我-高二-唐欣悦-bj赵阳--叶俊泽yc-2-前贴,-,,,199元高中双科提分课,199元高中双科提分课,荔枝,其他,0,wangjiananbj03,2026/7/9,9,10.21,0,0,0,31.61,0,0,0.00%,0.00%,-,0,0
6e184783b201e2fde0c6e796105b8536,-,-,-,-,-,https://tutor-online.oss-cn-beijing.aliyuncs.com/growth/download-material/6e184783b201e2fde0c6e796105b8536.mp4,一键修复_20260626-猿辅导高中双科-混剪-视频号-图-红花-张焱-李文静ec-视频号二创-3.mp4,-,,,199元高中双科提分课,199元高中双科提分课,荔枝,其他,0,wangjiananbj03,2026/7/4,14,1.05,0,0,0,50,0,0,0.00%,0.00%,-,0,0
a15eab537846d075c3ecbaaa5d111ef6,-,-,-,-,-,https://tutor-online.oss-cn-beijing.aliyuncs.com/growth/download-material/a15eab537846d075c3ecbaaa5d111ef6.mp4,20260524-猿辅导高中双科-实拍-ip李博-通知-唐欣悦-ip李博-文涵立yc-前贴.mp4,-,,,199元高中双科提分课,199元高中双科提分课,荔枝,其他,0,wangjiananbj03,2026/5/28,51,0.53,0,0,0,88.33,0,0,0.00%,0.00%,-,0,0
1e8e8f35ca723b0e63f09fa044a28f19,-,-,-,-,-,https://tutor-online.oss-cn-beijing.aliyuncs.com/growth/download-material/1e8e8f35ca723b0e63f09fa044a28f19.mp4,199双科-0708,-,,,199元高中双科提分课,199元高中双科提分课,自投放,其他,0,wangjiananbj03,2026/7/11,7,0.19,0,0,0,5.14,0,0,0.00%,0.00%,-,0,0
6f8d07c77155cc821b3eb37a61aede04,-,-,-,-,-,https://tutor-online.oss-cn-beijing.aliyuncs.com/growth/download-material/6f8d07c77155cc821b3eb37a61aede04.mp4,20260708-猿辅导高中双科-实拍-千川-活动-高二-五科-售卖-张焱-bj李栎--张晓洁yc-5.mp4,-,,,199元高中双科提分课,199元高中双科提分课,荔枝,其他,0,wangjiananbj03,2026/7/16,2,3.66,0,0,0,522.86,3660,0,14.29%,0.00%,-,0,0
3244d63e0091218f63dc720d135c58ea,-,-,-,-,-,https://tutor-online.oss-cn-beijing.aliyuncs.com/growth/download-material/3244d63e0091218f63dc720d135c58ea.mp4,0708-199双科-申坤-李博-李天-卞俊洁-A2-B4-无-3,-,,,199元高中双科提分课,199元高中双科提分课,申坤,其他,0,wangjiananbj03,2026/7/9,9,14.65,0,0,0,89.88,0,0,0.00%,0.00%,-,0,0
d96721a0ddd134cc632bcb74fe859848,-,-,-,-,-,https://tutor-online.oss-cn-beijing.aliyuncs.com/growth/download-material/d96721a0ddd134cc632bcb74fe859848.mp4,20260703-猿辅导高中双科-口播-活动-选哪栎-张焱-bj李栎-叶俊泽yc-5,-,,,199元高中双科提分课,199元高中双科提分课,自投放,其他,0,wangjiananbj03,2026/7/15,3,0.57,0,0,0,5.18,0,0,0.00%,0.00%,-,0,0
8e5a60c67780b0ad3467e32edb05dfe5,-,-,-,-,-,https://tutor-online.oss-cn-beijing.aliyuncs.com/growth/download-material/8e5a60c67780b0ad3467e32edb05dfe5.mp4,0716-199双科-申坤-李博-李天-张佳乐-A1-B6-有-03,-,,,199元高中双科提分课,199元高中双科提分课,申坤,其他,0,wangjiananbj03,2026/7/18,0,4.44,0,0,0,85.38,4440,0,1.92%,0%,-,0,0
adb71030269e5d8297eb80e6f0f4714d,-,-,-,-,-,https://tutor-online.oss-cn-beijing.aliyuncs.com/growth/download-material/adb71030269e5d8297eb80e6f0f4714d.mp4,20260711-猿辅导高中双科-实拍-活动-线下班-买数送物-通用-买数送物-气炸了-李莹莹-bj李栎-叶俊泽yc-4,-,,,199元高中双科提分课,199元高中双科提分课,荔枝,其他,0,wangjiananbj03,-,-,10.74,0,0,0,42.45,5370,0,0.79%,0%,-,0,0
0ff8bbac199026b150c72c4b0d25894a,-,-,-,-,-,https://img-pub.oss-cn-beijing-internal.aliyuncs.com/19f6001f9bb1775.mp4,20260714-9物-代理-启航-李博-【b1-p6-j8-58】-A3-B2-有-18,-,,,9元高中物理李博,9元高中物理李博,启航,代理商,0,wangruixuebj01,2026/7/17,1,4.46,0,0,0,27.88,0,0,0.63%,0%,-,0,0
37a0fa21a9d1954ffcddbc1bd6d9a591,-,-,-,-,-,https://tutor-online.oss-cn-beijing.aliyuncs.com/growth/download-material/37a0fa21a9d1954ffcddbc1bd6d9a591.mp4,20260711-猿辅导高中双科-实拍-千川-暑假预习-高二-买物送数-不努力-唐欣悦-dr魏政委--李文静yc-1.mp4,-,,,199元高中双科提分课,199元高中双科提分课,荔枝,其他,0,wangjiananbj03,2026/7/16,2,3.06,0,0,0,92.73,765,0,12.12%,0.00%,-,0,0
d68b0e5cbb767859038f2318329a2950,-,-,-,-,-,https://tutor-online.oss-cn-beijing.aliyuncs.com/growth/download-material/d68b0e5cbb767859038f2318329a2950.mp4,0710-199双科-申坤-李博-李天-张佳乐-A1-B1-有-高二高三-4,-,,,199元高中双科提分课,199元高中双科提分课,申坤,其他,0,wangjiananbj03,2026/7/14,4,3.66,0,0,0,33.89,3660,0,1.85%,0%,-,0,0
7f7c8f6d3d169af6c381cb5c757dd4a2,-,-,-,-,-,https://tutor-online.oss-cn-beijing.aliyuncs.com/growth/download-material/7f7c8f6d3d169af6c381cb5c757dd4a2.mp4,20260622-猿辅导高中双科-实拍-ip李博-买物送数-睡觉-张焱-IP李博-袁北辰ec-二创-2.mp4,-,,,199元高中双科提分课,199元高中双科提分课,荔枝,其他,0,wangjiananbj03,2026/6/22,26,0.22,0,0,0,220,0,0,0.00%,0.00%,-,0,0
ed903d2acb8d352b68cc8c24a976f134,-,-,-,-,-,https://tutor-online.oss-cn-beijing.aliyuncs.com/growth/download-material/ed903d2acb8d352b68cc8c24a976f134.mp4,20260704-猿辅导高中双科-混剪-图-张凌-张焱-张雪依yc-3改-高二.mp4,-,,,199元高中双科提分课,199元高中双科提分课,荔枝,其他,0,wangjiananbj03,2026/7/6,12,8.81,0,0,0,800.91,4405,0,18.18%,0.00%,-,0,0
f23e7d56678b1635cf0ebc521db3d48c,-,-,-,-,-,https://tutor-online.oss-cn-beijing.aliyuncs.com/growth/download-material/f23e7d56678b1635cf0ebc521db3d48c.mp4,20260711-猿辅导高中双科-实拍-活动-通用-买数送物-忍餐-张焱-bj于靖--李文静ec-二创-3,-,,,199元高中双科提分课,199元高中双科提分课,荔枝,其他,0,wangjiananbj03,2026/7/17,1,71.34,0,0,0,46.81,6485.45,0,0.92%,0%,-,0,0
b4ff0e2787dbe5b8b2dc07527403a54d,-,-,-,-,-,https://tutor-online.oss-cn-beijing.aliyuncs.com/growth/download-material/b4ff0e2787dbe5b8b2dc07527403a54d.mp4,20260709-猿辅导高中双科-张焱-客供素材拼图-高二高三-李文静ec-视频号二创-横屏-1,-,,,199元高中双科提分课,199元高中双科提分课,荔枝,代理商,0,wangjiananbj03,2026/7/9,9,0.1,0,0,0,20,0,0,0.00%,0.00%,-,0,0
f9621dc9d99ac1f1f728434903b936d1,-,-,-,-,-,https://tutor-online.oss-cn-beijing.aliyuncs.com/growth/download-material/f9621dc9d99ac1f1f728434903b936d1.mp4,0706-9物-玄武-李博-王成仡-彩丽-方法优势-提分刚需-有-5-yfdwl0706G3浩5-丽-龙-仡-首,-,,,9元高中物理李博,9元高中物理李博,玄武,代理商,0,wangruixuebj01,2026/7/9,9,0.84,0,0,0,420,0,0,0.00%,0.00%,-,0,0
b27f4c7cd565927c1677701a2ed42af4,-,-,-,-,-,https://tutor-online.oss-cn-beijing.aliyuncs.com/growth/download-material/b27f4c7cd565927c1677701a2ed42af4.mp4,0623-9物-玄武-李博-白潇凯-胡原宁-A6-B2-无-yfdwl0623b1浩1-宁-白-首,-,,,9元高中物理李博,9元高中物理李博,玄武,代理商,0,wangruixuebj01,2026/6/28,20,398.88,36,4,0.09,127.19,6043.64,99.72,2.17%,5.88%,-,1.28,545.45
ff35ca87942f18bb70150f59db2b7718,-,-,-,-,-,https://tutor-online.oss-cn-beijing.aliyuncs.com/growth/download-material/ff35ca87942f18bb70150f59db2b7718.mp4,20260703-猿辅导高中双科-实拍-视频号-ip李博-买物送数-199学三年-都不是-常文茜-李博--李文静yc-4-前贴,-,,,199元高中双科提分课,199元高中双科提分课,荔枝,其他,0,wangjiananbj03,2026/7/9,9,4.05,0,0,0,238.24,0,0,0.00%,0.00%,-,0,0
3700a49b21df7c46a0739421d21a4d63,-,-,-,-,-,https://tutor-online.oss-cn-beijing.aliyuncs.com/growth/download-material/3700a49b21df7c46a0739421d21a4d63.mp4,20260624-猿辅导高中双科-实拍-买数学送物理-我婆婆-常文茜-dr蔡昕-裂变-张晓洁yc-9.mp4,-,,,199元高中双科提分课,199元高中双科提分课,荔枝,其他,0,wangjiananbj03,2026/6/26,22,0.67,0,0,0,67,0,0,0.00%,0.00%,-,0,0
309a2e7b2be580822a561ac60eb7379e,-,-,-,-,-,https://tutor-online.oss-cn-beijing.aliyuncs.com/growth/download-material/309a2e7b2be580822a561ac60eb7379e.mp4,0706-199双科-申坤-李博-李天-卞俊洁-A1-B4-有-高二高三-5,-,,,199元高中双科提分课,199元高中双科提分课,申坤,其他,0,wangjiananbj03,2026/7/8,10,0.25,0,0,0,17.86,0,0,0.00%,0.00%,-,0,0
8df174aceca02729edcdf849e78f5116,-,-,-,-,-,https://tutor-online.oss-cn-beijing.aliyuncs.com/growth/download-material/8df174aceca02729edcdf849e78f5116.mp4,260708-猿辅导高中双科-实拍-活动-多少-张焱-bj李赛-袁北辰yc-裂变-1,-,,,199元高中双科提分课,199元高中双科提分课,自投放,代理商,0,wangjiananbj03,2026/7/10,8,125.3,199,1,1.59,47.3,41766.67,125.3,0.23%,16.67%,-,0.38,66333.33
40f7b2d6b935b4c3cb6ea8c42bb2fe4b,-,-,-,-,-,https://tutor-online.oss-cn-beijing.aliyuncs.com/growth/download-material/40f7b2d6b935b4c3cb6ea8c42bb2fe4b.mp4,20260715-高中数物-混剪-图-张凌-7.mp4,-,,,199元高中双科提分课,199元高中双科提分课,荔枝,其他,0,wangjiananbj03,2026/7/16,2,9.61,0,0,0,157.54,739.23,0,21.31%,0.00%,-,0,0
d4663c6dad00d4b097cf878b45398a53,-,-,-,-,-,https://tutor-online.oss-cn-beijing.aliyuncs.com/growth/download-material/d4663c6dad00d4b097cf878b45398a53.mp4,20260623-猿辅导高中数学-实拍-活动-算什么-张焱-bj张婕希-裂变-张晓洁yc-3.mp4,-,,,199元高中双科提分课,199元高中双科提分课,荔枝,其他,0,wangjiananbj03,2026/6/23,25,3.96,0,0,0,198,3960,0,5.00%,0.00%,-,0,0
8758fc30d7962b54b3406954ec2d7a10,-,-,-,-,-,https://tutor-online.oss-cn-beijing.aliyuncs.com/growth/download-material/8758fc30d7962b54b3406954ec2d7a10.mp4,20260711-猿辅导高中双科-实拍-千川-暑期规划-通用-买数送物-可能吗-常文茜-hd张绍辰--李文静yc-1,-,,,199元高中双科提分课,199元高中双科提分课,荔枝,其他,0,wangjiananbj03,2026/7/17,1,15.83,0,0,0,79.15,0,0,0.00%,0.00%,-,0,0
60a7660b83d0ce499a5eaee36c47889b,-,-,-,-,-,https://tutor-online.oss-cn-beijing.aliyuncs.com/growth/download-material/60a7660b83d0ce499a5eaee36c47889b.mp4,20260622-猿辅导高中双科-实拍-视频号-ip李博-买物送数-199学三年-够吗-唐欣悦-李博--张雪依yc-2.mp4,-,,,199元高中双科提分课,199元高中双科提分课,荔枝,代理商,0,wangjiananbj03,2026/6/24,24,2.18,0,0,0,136.25,2180,0,6.25%,0.00%,-,0,0
4f0015b0c35f8fa588d004792dd336a7,-,-,-,-,-,https://tutor-online.oss-cn-beijing.aliyuncs.com/growth/download-material/4f0015b0c35f8fa588d004792dd336a7.mp4,0703-199双科-申坤-李博-李天-卞俊洁-A2-B4-无-26,-,,,199元高中双科提分课,199元高中双科提分课,申坤,其他,0,wangjiananbj03,2026/7/5,13,5511.77,2985,15,0.54,151.25,24174.43,367.45,0.97%,4.25%,-,0.41,13092.11
d17752a18210cdee56b0f26944aebdfc,-,-,-,-,-,https://img-pub.oss-cn-beijing-internal.aliyuncs.com/19f4665bf854875.mp4,9元视频1199-0706-9物-十人-bwxy-ylb-A2-B4-jzmj-bwxy-pcc-1(2),-,,,9元高中物理李博,9元高中物理李博,十人,代理商,0,wangruixuebj01,2026/7/14,4,0.17,0,0,0,170,0,0,0.00%,0.00%,-,0,0
2f2b412350f418f325ff69eedb62be4a,-,-,-,-,-,https://tutor-online.oss-cn-beijing.aliyuncs.com/growth/download-material/2f2b412350f418f325ff69eedb62be4a.mp4,20260713-猿辅导高中双科-实拍-视频号-线下班对比-高三-买物送数-还指望-常文茜-bj冷一丁--张晓洁yc-2.mp4,-,,,199元高中双科提分课,199元高中双科提分课,荔枝,其他,0,wangjiananbj03,2026/7/16,2,3.48,0,0,0,696,3480,0,20.00%,0.00%,-,0,0
64c7a3754700b0bfcc0d4a85694de571,-,-,-,-,-,https://tutor-online.oss-cn-beijing.aliyuncs.com/growth/download-material/64c7a3754700b0bfcc0d4a85694de571.mp4,0623-9物-玄武-李博-郝增鑫-关紫晴-A5-B4-有-4-yfdwl0623h2浩4-晴-鑫-【AI】,-,,,9元高中物理李博,9元高中物理李博,玄武,代理商,0,wangruixuebj01,2026/6/27,21,139.91,0,0,0,61.58,2293.61,0,2.68%,0%,-,0,0
f1b7a0b331e1add9e8234d1122671878,-,-,-,-,-,https://tutor-online.oss-cn-beijing.aliyuncs.com/growth/download-material/f1b7a0b331e1add9e8234d1122671878.mp4,0714-199双科-申坤-李博-李天-卞俊洁-A5-B4-有-01,-,,,199元高中双科提分课,199元高中双科提分课,申坤,其他,0,wangjiananbj03,2026/7/15,3,16.22,0,0,0,58.56,5406.67,0,1.44%,0%,-,0,0
333e55a97ef427463314b591dbce19a1,-,-,-,-,-,https://tutor-online.oss-cn-beijing.aliyuncs.com/growth/download-material/333e55a97ef427463314b591dbce19a1.mp4,20260710-猿辅导高中双科-实拍-千川-效果展示-高二-买数送物-不推-张焱-bj宋钦冲--岳久鸿yc-1（前贴）,-,,,199元高中双科提分课,199元高中双科提分课,荔枝,其他,0,wangjiananbj03,2026/7/17,1,1.24,0,0,0,248,0,0,0.00%,0.00%,-,0,0
53a4266d20658c4da3a6372197edc725,-,-,-,-,-,https://tutor-online.oss-cn-beijing.aliyuncs.com/growth/download-material/53a4266d20658c4da3a6372197edc725.mp4,0710-199双科-申坤-李博-李天-卞俊洁-A1-B4-无-高二高三-5,-,,,199元高中双科提分课,199元高中双科提分课,申坤,其他,0,wangjiananbj03,2026/7/14,4,0.19,0,0,0,15.83,0,0,0.00%,0.00%,-,0,0
f73f6d91588ac3493ac4750aaa5d9b48,-,-,-,-,-,https://tutor-online.oss-cn-beijing.aliyuncs.com/growth/download-material/f73f6d91588ac3493ac4750aaa5d9b48.mp4,20260701-猿辅导高中双科-混剪-视频号-图-放学-张焱-补量二创-张晓洁ec-4.mp4,-,,,199元高中双科提分课,199元高中双科提分课,荔枝,其他,0,wangjiananbj03,2026/7/2,16,32.03,0,0,0,516.61,5338.33,0,9.68%,0.00%,-,0,0
9f3477376eb1617d242f6fd4c00ca1ab,-,-,-,-,-,https://tutor-online.oss-cn-beijing.aliyuncs.com/growth/download-material/9f3477376eb1617d242f6fd4c00ca1ab.mp4,20260703-猿辅导高中双科-实拍-视频号-ip李博-线下班对比-199学三年--唐欣悦-李博--李文静yc-5-前贴,-,,,199元高中双科提分课,199元高中双科提分课,荔枝,其他,0,wangjiananbj03,2026/7/9,9,5151.73,2587,12,0.5,71.57,31034.52,429.31,0.37%,4.48%,-,0.17,15584.34
731794f30ef8214a2a7abb37cb0107d1,-,-,-,-,-,https://tutor-online.oss-cn-beijing.aliyuncs.com/growth/download-material/731794f30ef8214a2a7abb37cb0107d1.mp4,20260703-猿辅导高中双科-实拍-买物理送数学-再说-张焱-bj丁梓仟-高二-李文静ec-二创-8,-,,,199元高中双科提分课,199元高中双科提分课,荔枝,其他,0,wangjiananbj03,2026/7/7,11,0.65,0,0,0,65,0,0,0.00%,0.00%,-,0,0
60deb2bb072946cfc75ccc291bdc2acb,-,-,-,-,-,https://tutor-online.oss-cn-beijing.aliyuncs.com/growth/download-material/60deb2bb072946cfc75ccc291bdc2acb.mp4,20260626-猿辅导高中双科-实拍-千川-买数送物-199学三年-冤大头-常文茜-bj郭铭泽-叶俊泽-1.mp4,-,,,199元高中双科提分课,199元高中双科提分课,荔枝,其他,0,wangjiananbj03,2026/7/3,15,7.38,0,0,0,670.91,7380,0,9.09%,0.00%,-,0,0
08233f9570ed5a5d3a08b762a32b71b8,-,-,-,-,-,https://tutor-online.oss-cn-beijing.aliyuncs.com/growth/download-material/08233f9570ed5a5d3a08b762a32b71b8.mp4,0623-9物-玄武-李博-白潇凯-李明雪-A5-B2-无-yfdwl0623b1浩2-雪-白-首,-,,,9元高中物理李博,9元高中物理李博,玄武,代理商,0,wangruixuebj01,2026/6/26,22,222.43,0,0,0,182.17,8238.15,0,2.70%,0%,-,0,0
023af1fee9fc6abfcff822316a440253,-,-,-,-,-,https://tutor-online.oss-cn-beijing.aliyuncs.com/growth/download-material/023af1fee9fc6abfcff822316a440253.mp4,20260630-猿辅导高中双科-实拍-活动-退了-张焱-cd张璐-袁北辰ec-二创-2.mp4,-,,,199元高中双科提分课,199元高中双科提分课,荔枝,其他,0,wangjiananbj03,2026/6/30,18,1.69,0,0,0,105.63,1690,0,6.25%,0.00%,-,0,0
62b22951542b966767fa43fcf5ade8ee,-,-,-,-,-,https://tutor-online.oss-cn-beijing.aliyuncs.com/growth/download-material/62b22951542b966767fa43fcf5ade8ee.mp4,20260709-猿辅导高中双科-实拍-6天提分-买数送物-通用-买数送物-小儿科-李莹莹-cd雪儿-岳久鸿-叶俊泽yc-6-前贴,-,,,199元高中双科提分课,199元高中双科提分课,自投放,其他,0,wangjiananbj03,2026/7/17,1,2.03,0,0,0,32.74,0,0,0.00%,0.00%,-,0,0
6c3cd76dc430aabbe0d871e1b0977664,-,-,-,-,-,https://tutor-online.oss-cn-beijing.aliyuncs.com/growth/download-material/6c3cd76dc430aabbe0d871e1b0977664.mp4,一键修复_20260627-猿辅导高中双科-实拍-视频号-ip李博-买物送数-199学三年-毫无困难-常文茜-IP李博-裂变-詹铠任yc2.mp4,-,,,199元高中双科提分课,199元高中双科提分课,荔枝,其他,0,wangjiananbj03,2026/7/8,10,7.25,0,0,0,181.25,1450,0,12.50%,0.00%,-,0,0
0f8b164671748c7b78e70bb94967d031,-,-,-,-,-,https://tutor-online.oss-cn-beijing.aliyuncs.com/growth/download-material/0f8b164671748c7b78e70bb94967d031.mp4,0707-199双科-申坤-李博-李天-王合云-A1-B2-无-高二高三-13,-,,,199元高中双科提分课,199元高中双科提分课,申坤,其他,0,wangjiananbj03,2026/7/7,11,2.12,0,0,0,22.32,1060,0,2.11%,0%,-,0,0
73ad8c324915baf6266c565f82075dda,-,-,-,-,-,https://tutor-online.oss-cn-beijing.aliyuncs.com/growth/download-material/73ad8c324915baf6266c565f82075dda.mp4,一键修复_20260523-猿辅导高中双科-实拍-ip李博-容易踩坑-常文茜-ip李博--张雪依yc-6改.mp4,-,,,199元高中双科提分课,199元高中双科提分课,荔枝,其他,0,wangjiananbj03,2026/6/17,31,0.76,0,0,0,190,380,0,50.00%,0.00%,-,0,0
e046163639b454514cab3c31d2f630e2,-,-,-,-,-,https://tutor-online.oss-cn-beijing.aliyuncs.com/growth/download-material/e046163639b454514cab3c31d2f630e2.mp4,20260610-猿辅导高中双科-实拍-视频号-ip李博-买物送数-负责-张焱-ip李博-袁北辰ec-二创-举牌-7 (1),-,,,199元高中双科提分课,199元高中双科提分课,荔枝,代理商,0,wangjiananbj03,2026/6/26,22,11.05,0,0,0,43.5,0,0,0.00%,0.00%,-,0,0
8c696b3f66d1aea71706059db6550e09,-,-,-,-,-,https://tutor-online.oss-cn-beijing.aliyuncs.com/growth/download-material/8c696b3f66d1aea71706059db6550e09.mp4,0708-199双科-申坤-李博-李天-卞俊洁-A5-B4-有-高二高三-05,-,,,199元高中双科提分课,199元高中双科提分课,申坤,其他,0,wangjiananbj03,2026/7/10,8,0.18,0,0,0,30,0,0,0.00%,0.00%,-,0,0
75a8d9cb09cc7f1da96dc211c90df88a,-,-,-,-,-,https://tutor-online.oss-cn-beijing.aliyuncs.com/growth/download-material/75a8d9cb09cc7f1da96dc211c90df88a.mp4,0610-199双科-自产-自产主-李博-视觉锤-子衿-A6-B1-有-2.mp4,-,,,199元高中双科提分课,199元高中双科提分课,荔枝,其他,0,wangjiananbj03,2026/6/19,29,1.14,0,0,0,285,1140,0,25.00%,0.00%,-,0,0
0f9926abd2efb71c3d763e0886aaf804,-,-,-,-,-,https://tutor-online.oss-cn-beijing.aliyuncs.com/growth/download-material/0f9926abd2efb71c3d763e0886aaf804.mp4,一键修复_20260612-猿辅导高中双科-实拍-千川-活动-降到底-唐欣悦-cd张艺馨-詹铠任yc-前贴.mp4,-,,,199元高中双科提分课,199元高中双科提分课,荔枝,其他,0,wangjiananbj03,2026/7/5,13,3.02,0,0,0,131.3,755,0,17.39%,0.00%,-,0,0
32b38bb5d06738b4f2178b65ec1e3ac1,-,-,-,-,-,https://tutor-online.oss-cn-beijing.aliyuncs.com/growth/download-material/32b38bb5d06738b4f2178b65ec1e3ac1.mp4,0710-199双科-申坤-李博-李天-卞俊洁-A2-B4-无-01,-,,,199元高中双科提分课,199元高中双科提分课,申坤,其他,0,wangjiananbj03,-,-,0,0,0,0,0,0,0,0.00%,0.00%,-,0,0
495e3ca4dc2fa2058320e70757dd0bce,-,-,-,-,-,https://tutor-online.oss-cn-beijing.aliyuncs.com/growth/download-material/495e3ca4dc2fa2058320e70757dd0bce.mp4,20260601-猿辅导高中双科-实拍-买物理送数学-不花-张焱-cd金花-二创-张晓洁ec-1,-,,,199元高中双科提分课,199元高中双科提分课,荔枝,其他,0,wangjiananbj03,2026/6/23,25,1.85,0,0,0,40.22,0,0,0.00%,0.00%,-,0,0
dfdfc6aad24f2e3db19fed8e3262b7bb,-,-,-,-,-,https://tutor-online.oss-cn-beijing.aliyuncs.com/growth/download-material/dfdfc6aad24f2e3db19fed8e3262b7bb.mp4,20260707-猿辅导高中双科-实拍-活动-放心-张焱-bj刘能能-裂变-张晓洁yc-4.mp4,-,,,199元高中双科提分课,199元高中双科提分课,荔枝,其他,0,wangjiananbj03,2026/7/9,9,153.66,0,0,0,164.52,7317.14,0,2.25%,0.00%,-,0,0
882bab50eea4b3af1a09a5e4ae51fd6c,-,-,-,-,-,https://tutor-online.oss-cn-beijing.aliyuncs.com/growth/download-material/882bab50eea4b3af1a09a5e4ae51fd6c.mp4,0703-199双科-申坤-李博-李天-卞俊洁-A2-B4-无-05,-,,,199元高中双科提分课,199元高中双科提分课,申坤,其他,0,wangjiananbj03,2026/7/16,2,3.25,0,0,0,135.42,0,0,4.17%,0%,-,0,0
7ef91c654c9cdd0809a0b454dfe5c326,-,-,-,-,-,https://tutor-online.oss-cn-beijing.aliyuncs.com/growth/download-material/7ef91c654c9cdd0809a0b454dfe5c326.mp4,20260625-猿辅导高中双科-实拍-千川-线下班对比-买数送物-199学三年-婆婆恨-唐欣悦-bj庄紫薇--张晓洁ec-3,-,,,199元高中双科提分课,199元高中双科提分课,荔枝,代理商,0,wangjiananbj03,2026/7/9,9,20.7,0,0,0,46.41,20700,0,0.22%,0%,-,0,0
a29790f2587fb0e5dbe6b00eb2157097,-,-,-,-,-,https://tutor-online.oss-cn-beijing.aliyuncs.com/growth/download-material/a29790f2587fb0e5dbe6b00eb2157097.mp4,9元视频10010-0202-9物-十人-blpy-李赛-A5-B2-jjsx-plpy-4,-,,,9元高中物理李博,9元高中物理李博,十人,其他,0,wangruixuebj01,2026/3/27,113,91.01,0,0,0,227.53,22752.5,0,1.00%,0%,-,0,0
1af68a9ae50d26df93d56beedff015e3,-,-,-,-,-,https://tutor-online.oss-cn-beijing.aliyuncs.com/growth/download-material/1af68a9ae50d26df93d56beedff015e3.mp4,20260530-猿辅导高中双科-混剪-图-一粒备-张焱-曾柔雪yc-2.mp4,-,,,199元高中双科提分课,199元高中双科提分课,荔枝,其他,0,wangjiananbj03,2026/5/30,49,3712.54,3383,17,0.91,83.2,2729.81,218.38,3.05%,1.25%,-,0.38,2487.5
9397db8b04bbc1f545e14c8576a588f8,-,-,-,-,-,https://tutor-online.oss-cn-beijing.aliyuncs.com/growth/download-material/9397db8b04bbc1f545e14c8576a588f8.mp4,9元视频1184-0630-9物-代理-十人-李博-jjsx-bmqr-A2-B1-pwjl-pcc-无-1,-,,,9元高中物理李博,9元高中物理李博,十人,代理商,0,wangruixuebj01,2026/7/14,4,78.9,0,0,0,167.16,7890,0,2.12%,0%,-,0,0
1d39232735606747715cd5da19e446c9,-,-,-,-,-,https://tutor-online.oss-cn-beijing.aliyuncs.com/growth/download-material/1d39232735606747715cd5da19e446c9.mp4,妙思自动生成-21-202607092241,-,,,199元高中双科提分课,199元高中双科提分课,荔枝,其他,0,wangjiananbj03,2026/7/10,8,0.02,0,0,0,3.33,0,0,0.00%,0.00%,-,0,0
a8664f945e738a2b67d7cd6c4d0c3a6f,-,-,-,-,-,https://tutor-online.oss-cn-beijing.aliyuncs.com/growth/download-material/a8664f945e738a2b67d7cd6c4d0c3a6f.mp4,0715-199双科-申坤-李博-李天-姚恒-A5-B4-有-01,-,,,199元高中双科提分课,199元高中双科提分课,申坤,代理商,0,wangjiananbj03,2026/7/18,0,0.03,0,0,0,3.33,0,0,0.00%,0.00%,-,0,0
a315484416f9630c6e2ea81ad0c3574f,-,-,-,-,-,https://tutor-online.oss-cn-beijing.aliyuncs.com/growth/download-material/a315484416f9630c6e2ea81ad0c3574f.mp4,20260716-猿辅导高中双科-实拍-千川-活动-高二-五科--张焱-cd杨嘉欣-岳久鸿-叶俊泽yc-1 (1).mp4,-,,,199元高中双科提分课,199元高中双科提分课,荔枝,其他,0,wangjiananbj03,2026/7/17,1,37.85,0,0,0,772.45,12616.67,0,6.12%,0.00%,-,0,0
cdbe9649555a96daa3d37fbb940df1a4,-,-,-,-,-,https://tutor-online.oss-cn-beijing.aliyuncs.com/growth/download-material/cdbe9649555a96daa3d37fbb940df1a4.mp4,0710-199双科-申坤-李博-李天-卞俊洁-A3-B2-无-05,-,,,199元高中双科提分课,199元高中双科提分课,申坤,其他,0,wangjiananbj03,2026/7/12,6,0.02,0,0,0,6.67,0,0,0.00%,0.00%,-,0,0
eeee249252f04d3ff17be0d65c2e54b2,-,-,-,-,-,https://tutor-online.oss-cn-beijing.aliyuncs.com/growth/download-material/eeee249252f04d3ff17be0d65c2e54b2.mp4,20260703-猿辅导高中双科-口播-活动-三连学-张焱-bj李栎-叶俊泽yc-4,-,,,199元高中双科提分课,199元高中双科提分课,自投放,代理商,0,wangjiananbj03,-,-,0,0,0,0,0,0,0,0.00%,0.00%,-,0,0
5c05f39970c0839f60fcf1344d8dd024,-,-,-,-,-,https://tutor-online.oss-cn-beijing.aliyuncs.com/growth/download-material/5c05f39970c0839f60fcf1344d8dd024.mp4,0324-9物-自产-自产主-李博-曲中雨-子衿-A3-B2B4-有-19-前贴1-娇-混剪-莹-0514,-,,,9元高中物理李博,59元英语盒子,玄武,代理商,0,wangruixuebj01,2026/6/13,35,2429.5,108,12,0.04,93.72,9099.25,202.46,1.29%,3.59%,-,0.46,404.49
a7e936691a7474d3f3038fcba8f1a3fe,-,-,-,-,-,https://tutor-online.oss-cn-beijing.aliyuncs.com/growth/download-material/a7e936691a7474d3f3038fcba8f1a3fe.mp4,20260629-猿辅导高中双科-实拍-千川-线下班对比-199学三年-答应我-高二-唐欣悦-bj赵阳--叶俊泽yc-2.mp4,-,,,199元高中双科提分课,199元高中双科提分课,荔枝,其他,0,wangjiananbj03,2026/7/3,15,3.71,0,0,0,247.33,1236.67,0,20.00%,0.00%,-,0,0
cd70ca7059ee8558cca367037afd4b59,-,-,-,-,-,https://tutor-online.oss-cn-beijing.aliyuncs.com/growth/download-material/cd70ca7059ee8558cca367037afd4b59.mp4,一键修复_20260626-猿辅导高中双科-实拍-活动-放心-张焱-bj刘能能-裂变-张晓洁yc-1.mp4,-,,,199元高中双科提分课,199元高中双科提分课,荔枝,其他,0,wangjiananbj03,2026/6/26,22,2.25,0,0,0,112.5,2250,0,5.00%,0.00%,-,0,0
e4086a1e812c0eebac10b653a6f90e38,-,-,-,-,-,https://tutor-online.oss-cn-beijing.aliyuncs.com/growth/download-material/e4086a1e812c0eebac10b653a6f90e38.mp4,20260711-猿辅导高中双科-实拍-千川-活动-买数送物-我忍-张焱-bj于静-高三-李文静ec-二创-9.mp4,-,,,199元高中双科提分课,199元高中双科提分课,荔枝,其他,0,wangjiananbj03,2026/7/13,5,9.03,0,0,0,71.1,1505,0,4.72%,0.00%,-,0,0
0e93a5d13ddf2eaf6b0586db592ade29,-,-,-,-,-,https://tutor-online.oss-cn-beijing.aliyuncs.com/growth/download-material/0e93a5d13ddf2eaf6b0586db592ade29.mp4,20260715-猿辅导高中双科-实拍-千川-6天训练营-高三-买物送数-有救了-常文茜-cd苏鹏--李文静yc-1.mp4,-,,,199元高中双科提分课,199元高中双科提分课,荔枝,其他,0,wangjiananbj03,2026/7/17,1,1.46,0,0,0,365,0,0,0.00%,0.00%,-,0,0
7cc8a7f97e08d963023f0fdd2b8cd8f0,-,-,-,-,-,https://tutor-online.oss-cn-beijing.aliyuncs.com/growth/download-material/7cc8a7f97e08d963023f0fdd2b8cd8f0.mp4,20260604-猿辅导高中双科-实拍-千川-分数痛点-买数学送物理-一起-张焱-bj冷一丁--岳久鸿yc-3（前贴1）.mp4,-,,,199元高中双科提分课,199元高中双科提分课,荔枝,其他,0,wangjiananbj03,2026/6/10,38,174.31,199,1,1.14,73.52,3961.59,174.31,1.86%,2.27%,-,0.42,4522.73
0f8b164671748c7b78e70bb94967d031,-,-,-,-,-,https://tutor-online.oss-cn-beijing.aliyuncs.com/growth/download-material/0f8b164671748c7b78e70bb94967d031.mp4,0707-199双科-申坤-李博-李天-王合云-A1-B2-无-高二高三-13,-,,,199元高中双科提分课,199元高中双科提分课,申坤,其他,0,wangjiananbj03,2026/7/7,11,6.59,0,0,0,122.04,0,0,1.85%,0%,-,0,0
91b46f90f2749630fa51a76a7f804a4d,-,-,-,-,-,https://tutor-online.oss-cn-beijing.aliyuncs.com/growth/download-material/91b46f90f2749630fa51a76a7f804a4d.mp4,一键修复_20260624-猿辅导高中双科-实拍-千川-活动-买物送数-后悔-张焱-dr蔡昕-张晓洁yc-6（前贴1）.mp4,-,,,199元高中双科提分课,199元高中双科提分课,荔枝,其他,0,wangjiananbj03,2026/6/29,19,20.21,0,0,0,777.31,5052.5,0,15.38%,0.00%,-,0,0
b7c2ef4f027a97be268c3318cc3fb911,-,-,-,-,-,https://tutor-online.oss-cn-beijing.aliyuncs.com/growth/download-material/b7c2ef4f027a97be268c3318cc3fb911.mp4,0514-199双科-自产-自产主-王晶-曲中雨-子衿--B1-有-2.mp4,-,,,199元高中双科提分课,199元高中双科提分课,荔枝,其他,自产原创,wangjiananbj03,2026/5/27,52,0.08,0,0,0,20,0,0,0.00%,0.00%,-,0,0
8b1d65a84b0833c9ec58b67e6f289b43,-,-,-,-,-,https://tutor-online.oss-cn-beijing.aliyuncs.com/growth/download-material/8b1d65a84b0833c9ec58b67e6f289b43.mp4,一键修复_20260709-猿辅导高中双科-实拍-6天提分-买数送物-通用-买数送物-小儿科-李莹莹-cd雪儿-岳久鸿-叶俊泽yc-6-前贴.mp4,-,,,199元高中双科提分课,199元高中双科提分课,荔枝,其他,0,wangjiananbj03,2026/7/14,4,17.69,0,0,0,402.05,0,0,0.00%,0.00%,-,0,0
38f5d6ea38cbcdd5f916a504bc1315ab,-,-,-,-,-,https://img-pub.oss-cn-beijing-internal.aliyuncs.com/19f5ae6415a52c2.mp4,20260611-9物-代理-启航-李博-【b1-p6-a1-58】-A5-B5-有-2,-,,,9元高中物理李博,9元高中物理李博,启航,代理商,0,wangruixuebj01,2026/7/15,3,42.97,0,0,0,76.32,6138.57,0,1.42%,0%,-,0,0
509a6006558e37682509177c0499fd0e,-,-,-,-,-,https://tutor-online.oss-cn-beijing.aliyuncs.com/growth/download-material/509a6006558e37682509177c0499fd0e.mp4,4.6-猿辅导高中双科-实拍-活动--常文茜-cd智恩-岳久鸿-文涵立yc.mp4,-,,,199元高中双科提分课,299元高中全年提分课,荔枝,其他,0,wangjiananbj03,2026/5/18,61,0.22,0,0,0,55,0,0,0.00%,0.00%,-,0,0
9271b70b22b13938986bb7f24a6a6379,-,-,-,-,-,https://tutor-online.oss-cn-beijing.aliyuncs.com/growth/download-material/9271b70b22b13938986bb7f24a6a6379.mp4,20260707-猿辅导高中双科-实拍-千川-活动-买数送物-冤大头-张焱-bj郭铭泽-裂变-张晓洁yc-3.mp4,-,,,199元高中双科提分课,199元高中双科提分课,荔枝,代理商,0,wangjiananbj03,2026/7/9,9,3639.54,3184,16,0.87,49,4504.38,227.47,1.09%,1.98%,-,0.22,3940.59
395ca48997b8ed3d2327da9f3ea260ed,-,-,-,-,-,https://tutor-online.oss-cn-beijing.aliyuncs.com/growth/download-material/395ca48997b8ed3d2327da9f3ea260ed.mp4,20260716-高中数物（高一升高二）-混剪-图-张凌-8.mp4,-,,,199元高中双科提分课,199元高中双科提分课,荔枝,其他,0,wangjiananbj03,2026/7/16,2,14.76,0,0,0,194.21,2460,0,7.89%,0.00%,-,0,0
0f4f3f90aadd71460aee73cd04245896,-,-,-,-,-,https://tutor-online.oss-cn-beijing.aliyuncs.com/growth/download-material/0f4f3f90aadd71460aee73cd04245896.mp4,0715-199双科-申坤-李博-李天-卞俊洁-A5-B4-无-01,-,,,199元高中双科提分课,199元高中双科提分课,申坤,其他,0,wangjiananbj03,2026/7/16,2,88.92,0,0,0,60.82,44460,0,0.21%,0%,-,0,0
461160ce697c170698c1ab46298fa4fe,-,-,-,-,-,https://tutor-online.oss-cn-beijing.aliyuncs.com/growth/download-material/461160ce697c170698c1ab46298fa4fe.mp4,20260420-猿辅导高中双科-实拍-活动-对不起-常文茜-高俊南ec-1.mp4,-,,,199元高中双科提分课,299元高中全年提分课,荔枝,其他,0,wangjiananbj03,2026/5/13,66,0.21,0,0,0,105,0,0,0.00%,0.00%,-,0,0
2b606a9c41ffde2b341f10245d29c25f,-,-,-,-,-,https://img-pub.oss-cn-beijing-internal.aliyuncs.com/19f1ce4a3a5ea91.mp4,9元视频1183-0630-9物-代理-十人-李博-jjsx-bjsx-A2-B1-pwjl-pcc-无-2-混剪,-,,,9元高中物理李博,9元高中物理李博,十人,代理商,0,wangruixuebj01,2026/7/10,8,80.27,0,0,0,173.37,13378.33,0,1.51%,0%,-,0,0
822695623cc7ce617a6ccebe0bba9caa,-,-,-,-,-,https://tutor-online.oss-cn-beijing.aliyuncs.com/growth/download-material/822695623cc7ce617a6ccebe0bba9caa.mp4,20260630-猿辅导高中双科-实拍-千川-方式方法-买物送数-疯了疯了-常文茜-cd康艺凡-岳久鸿-叶俊泽yc-2.mp4,-,,,199元高中双科提分课,199元高中双科提分课,荔枝,其他,0,wangjiananbj03,2026/7/10,8,3.7,0,0,0,231.25,3700,0,6.25%,0.00%,-,0,0
2a633735fdbe4400368e6dc264d8747f,-,-,-,-,-,https://tutor-online.oss-cn-beijing.aliyuncs.com/growth/download-material/2a633735fdbe4400368e6dc264d8747f.mp4,20260622-猿辅导高中双科-实拍-视频号-ip李博-买物送数-199学三年-六本书-常文茜-ip李博--张雪依yc-4（前贴版）.mp4,-,,,199元高中双科提分课,199元高中双科提分课,荔枝,其他,0,wangjiananbj03,2026/6/24,24,0.23,0,0,0,25.56,0,0,0.00%,0.00%,-,0,0
eaac4185f23d3a03737f59c3981b1dfc,-,-,-,-,-,https://tutor-online.oss-cn-beijing.aliyuncs.com/growth/download-material/eaac4185f23d3a03737f59c3981b1dfc.mp4,20260610-猿辅导高中双科-实拍-活动-夏他-张焱-bj李赛--张晓洁yc-8.1（前贴1）.mp4,-,,,199元高中双科提分课,199元高中双科提分课,荔枝,其他,0,wangjiananbj03,2026/6/12,36,455.42,199,1,0.44,91.5,7465.9,455.42,1.23%,1.64%,-,0.2,3262.3
2fe1ef08aebefd2040c83102de03b52d,-,-,-,-,-,https://tutor-online.oss-cn-beijing.aliyuncs.com/growth/download-material/2fe1ef08aebefd2040c83102de03b52d.mp4,99双科-1-0108-15,-,,,199元高中双科提分课,199元高中双科提分课,自投放,其他,0,wangjiananbj03,2026/7/11,7,0.73,0,0,0,27.04,730,0,7.41%,0%,-,0,0
fecd36f4288b8169006dac858b68d7a2,-,-,-,-,-,https://tutor-online.oss-cn-beijing.aliyuncs.com/growth/download-material/fecd36f4288b8169006dac858b68d7a2.mp4,20260627-猿辅导高中双科-实拍-千川-活动-买数学送物理-上哪找二-常文茜-cd张艺馨-岳久鸿-叶俊泽yc-3.mp4,-,,,199元高中双科提分课,199元高中双科提分课,荔枝,其他,0,wangjiananbj03,2026/7/3,15,1.34,0,0,0,148.89,670,0,22.22%,0.00%,-,0,0
d762369c573e1420787e07baf163a471,-,-,-,-,-,https://tutor-online.oss-cn-beijing.aliyuncs.com/growth/download-material/d762369c573e1420787e07baf163a471.mp4,20260704-猿辅导高中双科-混剪-图-张凌-张焱-张雪依yc-10改-高二高三.mp4,-,,,199元高中双科提分课,199元高中双科提分课,荔枝,其他,0,wangjiananbj03,2026/7/9,9,4.13,0,0,0,142.41,1376.67,0,10.34%,0.00%,-,0,0
39fa5107bac1282994dd442cbd3bef2a,-,-,-,-,-,https://tutor-online.oss-cn-beijing.aliyuncs.com/growth/download-material/39fa5107bac1282994dd442cbd3bef2a.mp4,9元视频1218-0715-9物-代理-十人-李博-jjsx-bwxy-A2-B1-pcc-pwjl-有-3-AI,-,,,9元高中物理李博,9元高中物理李博,十人,代理商,0,wangruixuebj01,2026/7/18,0,12.95,0,0,0,46.92,0,0,0.36%,0%,-,0,0
8c04bd9d1c6c73cf45a271a32ab9ca7a,-,-,-,-,-,https://tutor-online.oss-cn-beijing.aliyuncs.com/growth/download-material/8c04bd9d1c6c73cf45a271a32ab9ca7a.mp4,0716-199双科-申坤-李博-李天-张佳乐-A1-B5-有-06,-,,,199元高中双科提分课,199元高中双科提分课,申坤,其他,0,wangjiananbj03,2026/7/18,0,29.06,0,0,0,56.1,14530,0,0.58%,0%,-,0,0
f4b17646ee5528e5b5c9c4dabf9a350f,-,-,-,-,-,https://tutor-online.oss-cn-beijing.aliyuncs.com/growth/download-material/f4b17646ee5528e5b5c9c4dabf9a350f.mp4,9元视频10011-1129-十人-李博混剪-1-D-是-jjsx-plpy,-,,,9元高中物理李博,9元高中物理李博,十人,其他,0,wangruixuebj01,2026/6/5,43,1089.66,36,4,0.03,290.03,19116.84,272.42,2.40%,4.44%,-,1.06,631.58
bd478c8efd670675df26fee199e4d9dd,-,-,-,-,-,https://tutor-online.oss-cn-beijing.aliyuncs.com/growth/download-material/bd478c8efd670675df26fee199e4d9dd.mp4,视频-1080_1920-1-1780640607,-,,,9元高中物理李博,9元高中物理李博,十人,代理商,0,wangruixuebj01,2026/6/13,35,97.17,9,1,0.09,202.02,19434,97.17,1.04%,20.00%,-,2.08,1800
fc4a97bd859741cfc21ce17dda93d1d1,-,-,-,-,-,https://img-pub.oss-cn-beijing-internal.aliyuncs.com/19eaaf9657f9da9.mp4,0604-9物-玄武-李博-白潇凯-李明雪-A6-B1-yfdwl0605b1浩4-雪-白-龙-首【AI】,-,,,9元高中物理李博,9元高中物理李博,玄武,代理商,0,wangruixuebj01,2026/6/10,38,0.06,0,0,0,12,0,0,0.00%,0.00%,-,0,0
f4b0455144091205d7d4c6c2f11f1db9,-,-,-,-,-,https://tutor-online.oss-cn-beijing.aliyuncs.com/growth/download-material/f4b0455144091205d7d4c6c2f11f1db9.mp4,20260701-猿辅导高中双科-实拍-活动-买数送物-通用-买数送物-懂行-李莹莹-dr苗姐姐--邓又滔yc-0710-2.mp4,-,,,199元高中双科提分课,199元高中双科提分课,荔枝,其他,0,wangjiananbj03,2026/7/13,5,20.71,0,0,0,175.51,3451.67,0,5.08%,0.00%,-,0,0
b847b5aaed6633b4038870878e673147,-,-,-,-,-,https://tutor-online.oss-cn-beijing.aliyuncs.com/growth/download-material/b847b5aaed6633b4038870878e673147.mp4,20260624-9物-代理-启航-李博-【b1-p6-a3-59-0629】-A5-B5-有-2,-,,,9元高中物理李博,9元高中物理李博,启航,代理商,0,wangruixuebj01,2026/7/11,7,0.2,0,0,0,16.67,0,0,0.00%,0.00%,-,0,0
247365c153c6ec20157b7e1717cd9cef,-,-,-,-,-,https://tutor-online.oss-cn-beijing.aliyuncs.com/growth/download-material/247365c153c6ec20157b7e1717cd9cef.mp4,20260715-高中数物-混剪-图-张凌-9.mp4,-,,,199元高中双科提分课,199元高中双科提分课,荔枝,其他,0,wangjiananbj03,2026/7/16,2,98.17,199,1,2.03,374.69,7012.14,98.17,5.34%,7.14%,-,3.82,14214.29
4f54d8b915658f7315cb0f8d2cdc9e7a,-,-,-,-,-,https://tutor-online.oss-cn-beijing.aliyuncs.com/growth/download-material/4f54d8b915658f7315cb0f8d2cdc9e7a.mp4,0629-199双科-申坤-李博-李天-卞俊洁-A2-B4-无-08,-,,,199元高中双科提分课,199元高中双科提分课,申坤,其他,0,wangjiananbj03,2026/7/2,16,0,199,1,0,0,0,0,0.00%,0.00%,-,0,0
baca21b6e2a0c47913078d0014091e4c,-,-,-,-,-,https://img-pub.oss-cn-beijing-internal.aliyuncs.com/19e920a525cdf3b.mp4,9元视频1006-0602拓-9物-十人-bmqr-ylb-A2-B4-jzzy-pwjl-1,-,,,9元高中物理李博,9元高中物理李博,十人,代理商,0,wangruixuebj01,2026/6/4,44,1265.83,81,9,0.06,128.88,7718.48,140.65,1.76%,5.20%,-,0.92,493.9
b5942c6614d7803ce94aa5b33df5426b,-,-,-,-,-,https://tutor-online.oss-cn-beijing.aliyuncs.com/growth/download-material/b5942c6614d7803ce94aa5b33df5426b.mp4,20260711-猿辅导高中双科-实拍-视频号-6天训练营-高二-买物送数-答应我-唐欣悦-cd鲨鱼-岳久鸿yc-1.mp4,-,,,199元高中双科提分课,199元高中双科提分课,荔枝,其他,0,wangjiananbj03,2026/7/16,2,3.95,0,0,0,179.55,1975,0,9.09%,0.00%,-,0,0
3fd981c609895bb74cb11a4245c1581e,-,-,-,-,-,https://tutor-online.oss-cn-beijing.aliyuncs.com/growth/download-material/3fd981c609895bb74cb11a4245c1581e.mp4,20260618-猿辅导高中数学-实拍-性价比-亏本-张焱-bj李赛-李文静ec-视频号二创-1,-,,,199元高中双科提分课,199元高中双科提分课,荔枝,其他,0,wangjiananbj03,2026/6/18,30,915.14,398,2,0.43,57.21,12710.28,457.57,0.61%,2.04%,-,0.13,5527.78
a3905fc58fac1d4d27ca1d448a387f41,-,-,-,-,-,https://tutor-online.oss-cn-beijing.aliyuncs.com/growth/download-material/a3905fc58fac1d4d27ca1d448a387f41.mp4,一键修复_20260530-猿辅导高中双科-混剪-图-一粒备-张焱-曾柔雪yc-2.mp4,-,,,199元高中双科提分课,199元高中双科提分课,荔枝,其他,0,wangjiananbj03,2026/7/16,2,597.65,0,0,0,135.55,3984.33,0,3.40%,0.00%,-,0,0
e2af91431cb41008dcd10f05028598e5,-,-,-,-,-,https://tutor-online.oss-cn-beijing.aliyuncs.com/growth/download-material/e2af91431cb41008dcd10f05028598e5.mp4,20260626-猿辅导高中双科-实拍-ip李博-通知-唐欣悦-林文斌-ip李博-二创-张晓洁ec-3.mp4,-,,,199元高中双科提分课,199元高中双科提分课,荔枝,其他,0,wangjiananbj03,2026/6/29,19,0.31,0,0,0,62,0,0,0.00%,0.00%,-,0,0
41157be10507b55db6e3eb88b0c2adcb,-,-,-,-,-,https://tutor-online.oss-cn-beijing.aliyuncs.com/growth/download-material/41157be10507b55db6e3eb88b0c2adcb.mp4,一键修复_20260601-猿辅导高中双科-实拍-千川-分数痛点-买数送物-199学三年-来得及-唐欣悦-bj于靖-叶俊泽yc-4-前贴.mp4,-,,,199元高中双科提分课,199元高中双科提分课,荔枝,其他,0,wangjiananbj03,2026/6/12,36,6.6,0,0,0,314.29,3300,0,9.52%,0.00%,-,0,0
09768dfd3cd84494909195cf1b01869f,-,-,-,-,-,https://tutor-online.oss-cn-beijing.aliyuncs.com/growth/download-material/09768dfd3cd84494909195cf1b01869f.mp4,20260630-猿辅导高中双科-实拍-买数学送物理-我婆婆-常文茜-dr蔡cd雪儿-裂变-张晓洁yc-2.mp4,-,,,199元高中双科提分课,199元高中双科提分课,荔枝,其他,0,wangjiananbj03,2026/7/7,11,2.38,0,0,0,50.64,2380,0,2.13%,0.00%,-,0,0
2d5849ba6a659b82b84c33bea0019462,-,-,-,-,-,https://tutor-online.oss-cn-beijing.aliyuncs.com/growth/download-material/2d5849ba6a659b82b84c33bea0019462.mp4,9元视频1172-1129-9物-代理-十人-李博-jjsx-bwxy-A2-B1-pcc-有-3-拓两周(1),-,,,9元高中物理李博,9元高中物理李博,十人,代理商,0,wangruixuebj01,2026/7/11,7,0.01,0,0,0,0.48,0,0,0.00%,0.00%,-,0,0
e98c56b27d590921a95ee5c710181081,-,-,-,-,-,https://tutor-online.oss-cn-beijing.aliyuncs.com/growth/download-material/e98c56b27d590921a95ee5c710181081.mp4,20260627-猿辅导高中双科-实拍-千川-买数学送物理-线下班对比-三人行-常文茜-bj李栎-叶俊泽yc-1-前贴.mp4,-,,,199元高中双科提分课,199元高中双科提分课,荔枝,其他,0,wangjiananbj03,2026/7/1,17,7.55,0,0,0,359.52,7550,0,4.76%,0.00%,-,0,0
b14a02e3d1d7be8c6e2bd45c97acb938,-,-,-,-,-,https://tutor-online.oss-cn-beijing.aliyuncs.com/growth/download-material/b14a02e3d1d7be8c6e2bd45c97acb938.mp4,一键修复_20260626-猿辅导高中双科-口播-大字报-封双-高二-张焱-ip李博-袁北辰yc-2.1.mp4,-,,,199元高中双科提分课,199元高中双科提分课,荔枝,其他,0,wangjiananbj03,2026/6/27,21,35.28,0,0,0,294,11760,0,2.50%,0.00%,-,0,0
1fd13de958932af1aa3330e864c8356b,-,-,-,-,-,https://tutor-online.oss-cn-beijing.aliyuncs.com/growth/download-material/1fd13de958932af1aa3330e864c8356b.mp4,20260609-9物-代理-启航-李博-【b1-p6-a1-9】-A5-B5-有-2-迭代01,-,,,9元高中物理李博,9元高中物理李博,启航,代理商,0,wangruixuebj01,2026/7/11,7,7855.92,279,31,0.04,140.17,7951.34,253.42,1.86%,2.97%,-,0.55,282.39
444c434ce7666e5984a6e2a448d2766d,-,-,-,-,-,https://tutor-online.oss-cn-beijing.aliyuncs.com/growth/download-material/444c434ce7666e5984a6e2a448d2766d.mp4,0627-199双科-申坤-王晶-李天-姚恒-A5-B4-无-01,-,,,199元高中双科提分课,199元高中双科提分课,申坤,其他,0,wangjiananbj03,2026/7/1,17,3.52,0,0,0,12.75,0,0,0.00%,0.00%,-,0,0
c5fc2c4a201b4eb58ce55976388c867c,-,-,-,-,-,https://tutor-online.oss-cn-beijing.aliyuncs.com/growth/download-material/c5fc2c4a201b4eb58ce55976388c867c.mp4,一键修复_20260711-猿辅导高中双科-实拍-千川-活动-通用-买数送物-通知一下-李莹莹-cd佳怡-詹铠任-张雪依yc-4（前贴版）.mp4,-,,,199元高中双科提分课,199元高中双科提分课,荔枝,其他,0,wangjiananbj03,2026/7/16,2,1.25,0,0,0,250,1250,0,20.00%,0.00%,-,0,0
6480ca4723f1ad02a597b71448bcc75e,-,-,-,-,-,https://tutor-online.oss-cn-beijing.aliyuncs.com/growth/download-material/6480ca4723f1ad02a597b71448bcc75e.mp4,20260703-猿辅导高中双科-实拍-活动-夏他-张焱唐欣悦-bj李赛-裂变-李文静ec-二创-9,-,,,199元高中双科提分课,199元高中双科提分课,荔枝,其他,0,wangjiananbj03,2026/7/9,9,0.19,0,0,0,5.76,0,0,0.00%,0.00%,-,0,0
5d1cb4bd125fb424772dc566be8cb293,-,-,-,-,-,https://tutor-online.oss-cn-beijing.aliyuncs.com/growth/download-material/5d1cb4bd125fb424772dc566be8cb293.mp4,20260624-9物-代理-启航-李博-【b1-p6-a3-40-0624】-A5-B5-有-2,-,,,9元高中物理李博,9元高中物理李博,启航,代理商,0,wangruixuebj01,2026/6/30,18,573.55,0,0,0,173.49,7260.13,0,2.36%,0%,-,0,0
56eafbbedf454cbcce6476dcbd416d4a,-,-,-,-,-,https://tutor-online.oss-cn-beijing.aliyuncs.com/growth/download-material/56eafbbedf454cbcce6476dcbd416d4a.mp4,20260618-9物-代理-启航-李博-【b1-p6-a1-57】-A5-B5-有-2,-,,,9元高中物理李博,9元高中物理李博,启航,代理商,0,wangruixuebj01,2026/7/10,8,984.77,63,7,0.06,102.24,6312.63,140.68,1.64%,4.43%,-,0.73,403.85
52f3b13881916f3ca791517e4b779c74,-,-,-,-,-,https://tutor-online.oss-cn-beijing.aliyuncs.com/growth/download-material/52f3b13881916f3ca791517e4b779c74.mp4,20260709-猿辅导高中双科-实拍-暑假规划-买数送物-高二+高三-买数送物-请退掉-高二高三-李莹莹-bj李腾飞-叶俊泽yc-5-前贴.mp4,-,,,199元高中双科提分课,199元高中双科提分课,荔枝,其他,0,wangjiananbj03,2026/7/13,5,14.81,0,0,0,108.9,4936.67,0,2.21%,0.00%,-,0,0
4ed41804abf37b1c65a5532d11b9b2d0,-,-,-,-,-,https://tutor-online.oss-cn-beijing.aliyuncs.com/growth/download-material/4ed41804abf37b1c65a5532d11b9b2d0.mp4,视频-720_1280-1-1781160903,-,,,9元高中物理李博,9元高中物理李博,十人,代理商,0,wangruixuebj01,2026/6/13,35,0.2,0,0,0,25,0,0,0.00%,0.00%,-,0,0
b88914c8d631ff9ebd07f1550cd05899,-,-,-,-,-,https://tutor-online.oss-cn-beijing.aliyuncs.com/growth/download-material/b88914c8d631ff9ebd07f1550cd05899.mp4,20260704-猿辅导高中双科-混剪-图-张凌-张焱-张雪依yc-8改-高三.mp4,-,,,199元高中双科提分课,199元高中双科提分课,荔枝,其他,0,wangjiananbj03,2026/7/9,9,6.74,0,0,0,249.63,3370,0,7.41%,0.00%,-,0,0
af55ae38fac2f071251a67dab223d5bf,-,-,-,-,-,https://tutor-online.oss-cn-beijing.aliyuncs.com/growth/download-material/af55ae38fac2f071251a67dab223d5bf.mp4,20260629-猿辅导高中双科-实拍-活动-夏他-张焱-bj李赛-袁北辰ec-二创-4.mp4,-,,,199元高中双科提分课,199元高中双科提分课,荔枝,其他,0,wangjiananbj03,2026/6/30,18,251.89,0,0,0,70.9,3650.58,0,1.94%,0.00%,-,0,0
f6badc7e9770e6216bb51f51088f7a54,-,-,-,-,-,https://tutor-online.oss-cn-beijing.aliyuncs.com/growth/download-material/f6badc7e9770e6216bb51f51088f7a54.mp4,20260620-猿辅导高中双科-实拍-千川-方式方法-门槛低-常文茜-dr小五老师-ts罗雅雯-二创-张晓洁ec-2.mp4,-,,,199元高中双科提分课,199元高中双科提分课,荔枝,其他,0,wangjiananbj03,2026/6/23,25,28.38,0,0,0,692.2,9460,0,7.32%,0.00%,-,0,0
71cf675283af7783b9f905dd671dd4cc,-,-,-,-,-,https://tutor-online.oss-cn-beijing.aliyuncs.com/growth/download-material/71cf675283af7783b9f905dd671dd4cc.mp4,0716-199双科-申坤-李博-李天-张佳乐-A7-B5-无-05,-,,,199元高中双科提分课,199元高中双科提分课,申坤,其他,0,wangjiananbj03,2026/7/17,1,3.57,0,0,0,18.4,0,0,0.52%,0%,-,0,0
7c26ebf5df96bb9d097ce3fa2e1f0f07,-,-,-,-,-,https://tutor-online.oss-cn-beijing.aliyuncs.com/growth/download-material/7c26ebf5df96bb9d097ce3fa2e1f0f07.mp4,20260708-猿辅导高中双科-实拍-视频号-ip李博-活动-199学三年-买物送数-没舍得-唐欣悦-李博--李文静yc-2,-,,,199元高中双科提分课,199元高中双科提分课,荔枝,其他,0,wangjiananbj03,2026/7/16,2,0.11,0,0,0,7.86,0,0,0.00%,0.00%,-,0,0
ae7dfa2098883c425ec72d56980bd374,-,-,-,-,-,https://tutor-online.oss-cn-beijing.aliyuncs.com/growth/download-material/ae7dfa2098883c425ec72d56980bd374.mp4,20260624-9物-代理-启航-李博-【b1-p6-a3-60-0629】-A5-B5-有-2,-,,,9元高中物理李博,9元高中物理李博,启航,代理商,0,wangruixuebj01,2026/7/11,7,7.33,0,0,0,76.35,3665,0,2.08%,0%,-,0,0
68eef2271afbc5b82f0c6975411dcea6,-,-,-,-,-,https://tutor-online.oss-cn-beijing.aliyuncs.com/growth/download-material/68eef2271afbc5b82f0c6975411dcea6.mp4,20260624-猿辅导高中双科-实拍-买数学送物理-我婆婆-常文茜-dr蔡昕-裂变-张晓洁yc-9,-,,,199元高中双科提分课,199元高中双科提分课,荔枝,其他,0,wangjiananbj03,-,-,0,0,0,0,0,0,0,0.00%,0.00%,-,0,0
d610322565583900e4a40fb692699072,-,-,-,-,-,https://tutor-online.oss-cn-beijing.aliyuncs.com/growth/download-material/d610322565583900e4a40fb692699072.mp4,9元视频989-0526-9物-十人-bmqr-ylb-A2-B4-jjsx-pwjl-3,-,,,9元高中物理李博,9元高中物理李博,十人,其他,0,wangruixuebj01,2026/5/27,52,31.37,18,2,0.57,157.64,6274,15.69,2.51%,40.00%,-,10.05,3600
04273cadf68a9505fd7219c2799f2b05,-,-,-,-,-,https://tutor-online.oss-cn-beijing.aliyuncs.com/growth/download-material/04273cadf68a9505fd7219c2799f2b05.mp4,20260711-猿辅导高中双科-实拍-千川-暑期规划-通用-买数送物-可能吗-常文茜-hd张绍辰--李文静yc-1.mp4,-,,,199元高中双科提分课,199元高中双科提分课,荔枝,其他,0,wangjiananbj03,2026/7/16,2,0.53,0,0,0,26.5,265,0,10.00%,0.00%,-,0,0
84efec0938e1aa8308dabbd6a49bd6b9,-,-,-,-,-,https://img-pub.oss-cn-beijing-internal.aliyuncs.com/19f4665851adb99.mp4,9元视频1197-0703-9物-代理-十人-李博-jjsx-bwxy-A2-B1-pcc-pwjl-有-2-AI,-,,,9元高中物理李博,9元高中物理李博,十人,代理商,0,wangruixuebj01,2026/7/14,4,2.04,0,0,0,60,0,0,0.00%,0.00%,-,0,0
8cec9d276f65be0ffd8545e3296fa383,-,-,-,-,-,https://tutor-online.oss-cn-beijing.aliyuncs.com/growth/download-material/8cec9d276f65be0ffd8545e3296fa383.mp4,20260717-猿辅导高中双科-实拍-视频号-活动-199学三年-买数送物-通用-买数送物-地板价-唐欣悦-bj李栎-裂变-张晓洁yc-3.mp4,-,,,199元高中双科提分课,199元高中双科提分课,荔枝,其他,0,wangjiananbj03,2026/7/17,1,18.92,0,0,0,116.07,3784,0,3.07%,0.00%,-,0,0
2cee1020751a81c54e7db0a8eaf8610a,-,-,-,-,-,https://tutor-online.oss-cn-beijing.aliyuncs.com/growth/download-material/2cee1020751a81c54e7db0a8eaf8610a.mp4,0715-199双科-申坤-李博-李天-卞俊洁-A1-B4-有-02,-,,,199元高中双科提分课,199元高中双科提分课,申坤,其他,0,wangjiananbj03,2026/7/16,2,1.07,0,0,0,21.4,0,0,0.00%,0.00%,-,0,0
b05e464975042453cd903651bcfd749f,-,-,-,-,-,https://tutor-online.oss-cn-beijing.aliyuncs.com/growth/download-material/b05e464975042453cd903651bcfd749f.mp4,20260624-9物-代理-启航-李博-【b1-p6-a3-78-0630】-A5-B5-有-2,-,,,9元高中物理李博,9元高中物理李博,启航,代理商,0,wangruixuebj01,2026/7/10,8,5.44,0,0,0,236.52,0,0,0.00%,0.00%,-,0,0
b6fe7a061a1cd9ca6ffb4bf636e29976,-,-,-,-,-,https://tutor-online.oss-cn-beijing.aliyuncs.com/growth/download-material/b6fe7a061a1cd9ca6ffb4bf636e29976.mp4,20260622-猿辅导高中双科-实拍-视频号-ip李博-买物送数-199学三年-马虎-常文茜-ip李博--张雪依yc-3（前贴版）.mp4,-,,,199元高中双科提分课,199元高中双科提分课,荔枝,其他,0,wangjiananbj03,2026/6/24,24,0.44,0,0,0,73.33,0,0,0.00%,0.00%,-,0,0
ed903d2acb8d352b68cc8c24a976f134,-,-,-,-,-,https://tutor-online.oss-cn-beijing.aliyuncs.com/growth/download-material/ed903d2acb8d352b68cc8c24a976f134.mp4,20260704-猿辅导高中双科-混剪-图-张凌-张焱-张雪依yc-3改-高二,-,,,199元高中双科提分课,199元高中双科提分课,自投放,其他,0,wangjiananbj03,2026/7/10,8,3.2,0,0,0,94.12,0,0,0.00%,0.00%,-,0,0
a1a7ff61e2829652488b6bf873533f74,-,-,-,-,-,https://tutor-online.oss-cn-beijing.aliyuncs.com/growth/download-material/a1a7ff61e2829652488b6bf873533f74.mp4,20260616-猿辅导高中双科-实拍-千川-活动--张焱-cd杨嘉欣-岳久鸿-张晓洁yc-3.mp4,-,,,199元高中双科提分课,199元高中双科提分课,荔枝,其他,0,wangjiananbj03,2026/6/18,30,3.33,0,0,0,222,1110,0,20.00%,0.00%,-,0,0
1e70d632e66a0ee2ceccc5b7b1a60242,-,-,-,-,-,https://tutor-online.oss-cn-beijing.aliyuncs.com/growth/download-material/1e70d632e66a0ee2ceccc5b7b1a60242.mp4,20260611-猿辅导高中双科-混剪-图-坚持男-张焱-拼客供素材-李文静ec-视频号二创-3,-,,,199元高中双科提分课,199元高中双科提分课,荔枝,其他,0,wangjiananbj03,2026/6/11,37,41.1,199,1,4.84,73.92,13700,41.1,0.54%,33.33%,-,1.8,66333.33
739c931c53fc62c0fb2e2a6808bc139f,-,-,-,-,-,https://tutor-online.oss-cn-beijing.aliyuncs.com/growth/download-material/739c931c53fc62c0fb2e2a6808bc139f.mp4,20260629-猿辅导高中双科-实拍-活动-夏他-张焱-bj李赛-袁北辰ec-二创-3,-,,,199元高中双科提分课,199元高中双科提分课,荔枝,其他,0,wangjiananbj03,2026/7/17,1,6.82,0,0,0,20.12,0,0,0.00%,0.00%,-,0,0
7fdad06da84d7e91afe3d9666ac7d16c,-,-,-,-,-,https://tutor-online.oss-cn-beijing.aliyuncs.com/growth/download-material/7fdad06da84d7e91afe3d9666ac7d16c.mp4,20260703-猿辅导高中双科-实拍-视频号-ip李博-买物送数-199学三年-上不去-常文茜-李博--李文静yc-2,-,,,199元高中双科提分课,199元高中双科提分课,荔枝,其他,0,wangjiananbj03,2026/7/9,9,1.93,0,0,0,482.5,0,0,0.00%,0.00%,-,0,0
09127663f25799e74c5f207297d81202,-,-,-,-,-,https://tutor-online.oss-cn-beijing.aliyuncs.com/growth/download-material/09127663f25799e74c5f207297d81202.mp4,0716-199双科-申坤-李博-李天-张佳乐-A1-B5-无-04,-,,,199元高中双科提分课,199元高中双科提分课,申坤,其他,0,wangjiananbj03,2026/7/16,2,92.32,0,0,0,31.48,23080,0,0.27%,0%,-,0,0
247365c153c6ec20157b7e1717cd9cef,-,-,-,-,-,https://tutor-online.oss-cn-beijing.aliyuncs.com/growth/download-material/247365c153c6ec20157b7e1717cd9cef.mp4,20260715-高中数物-混剪-图-张凌-9,-,,,199元高中双科提分课,199元高中双科提分课,自投放,其他,0,wangjiananbj03,2026/7/17,1,26.01,0,0,0,21.04,26010,0,0.08%,0%,-,0,0
7c24a4b4c3f01329c058ef90dc65784c,-,-,-,-,-,https://tutor-online.oss-cn-beijing.aliyuncs.com/growth/download-material/7c24a4b4c3f01329c058ef90dc65784c.mp4,20260716-高中数物（高一升高二）-混剪-图-张凌-6,-,,,199元高中双科提分课,199元高中双科提分课,自投放,其他,0,wangjiananbj03,2026/7/17,1,3.93,0,0,0,8.29,3930,0,0.00%,0.00%,-,0,0
7d1b6c829d777e9527ef01d1eef959a2,-,-,-,-,-,https://tutor-online.oss-cn-beijing.aliyuncs.com/growth/download-material/7d1b6c829d777e9527ef01d1eef959a2.mp4,20260713-猿辅导高中双科-实拍-千川-活动-五科-高三-高三-五科-到这了-高三-常文茜-cd文雨婷-岳久鸿-曹婷婷yc-1.mp4,-,,,199元高中双科提分课,199元高中双科提分课,荔枝,其他,0,wangjiananbj03,2026/7/16,2,19.46,0,0,0,474.63,9730,0,4.88%,0.00%,-,0,0
9bca078cd40f78bd1d3cb86ed0ae5f80,-,-,-,-,-,https://tutor-online.oss-cn-beijing.aliyuncs.com/growth/download-material/9bca078cd40f78bd1d3cb86ed0ae5f80.mp4,0529-9物-玄武-李博-A2-B3-yfdwl0529b1浩2-卉-白-超-首,-,,,9元高中物理李博,9元高中物理李博,玄武,其他,0,wangruixuebj01,2026/6/13,35,25174.46,1008,112,0.04,95.52,6944.68,224.77,1.56%,2.73%,-,0.42,278.07
d10c5362bd35443a0985b9251474f55d,-,-,-,-,-,https://tutor-online.oss-cn-beijing.aliyuncs.com/growth/download-material/d10c5362bd35443a0985b9251474f55d.mp4,20260609-猿辅导高中双科-实拍-千川-活动-买数送物-199学全年-太贵了-唐欣悦-bj庄紫薇--张晓洁yc-3.1.mp4,-,,,199元高中双科提分课,199元高中双科提分课,荔枝,其他,0,wangjiananbj03,2026/6/10,38,0.45,0,0,0,112.5,0,0,0.00%,0.00%,-,0,0
d16f07af5a24f8af814c6b1ca605d04e,-,-,-,-,-,https://tutor-online.oss-cn-beijing.aliyuncs.com/growth/download-material/d16f07af5a24f8af814c6b1ca605d04e.mp4,0715-199双科-申坤-李博-李天-张佳乐-A1-B4-无-01,-,,,199元高中双科提分课,199元高中双科提分课,申坤,其他,0,wangjiananbj03,2026/7/18,0,0.2,0,0,0,6.9,0,0,0.00%,0.00%,-,0,0
1ad9f5b7a241fc36b3c7f34c1431b5d5,-,-,-,-,-,https://tutor-online.oss-cn-beijing.aliyuncs.com/growth/download-material/1ad9f5b7a241fc36b3c7f34c1431b5d5.mp4,20260713-猿辅导高中双科-实拍-暑假规划-买数送物-通用-买数送物-认知没跟上-李莹莹-nj王梅--曹婷婷yc-3,-,,,199元高中双科提分课,199元高中双科提分课,荔枝,其他,0,wangjiananbj03,2026/7/17,1,11,0,0,0,88,0,0,0.80%,0%,-,0,0
25a7d9ace2efe457ea34562ae3b8555d,-,-,-,-,-,https://tutor-online.oss-cn-beijing.aliyuncs.com/growth/download-material/25a7d9ace2efe457ea34562ae3b8555d.mp4,9元视频1190-0702-9物-代理-十人-李博-jjsx-bjsx-A2-B1-pcc-pwjl-有-2-AI,-,,,9元高中物理李博,9元高中物理李博,十人,代理商,0,wangruixuebj01,2026/7/13,5,0.02,0,0,0,20,0,0,0.00%,0.00%,-,0,0
363fa0ab92ce748ad0fb7f116e6f2f89,-,-,-,-,-,https://tutor-online.oss-cn-beijing.aliyuncs.com/growth/download-material/363fa0ab92ce748ad0fb7f116e6f2f89.mp4,20260704-猿辅导高中双科-实拍-千川-活动-再加-张焱-bj冷一丁-叶俊泽ec-二创-ts徐鑫悦-5.mp4,-,,,199元高中双科提分课,199元高中双科提分课,荔枝,其他,0,wangjiananbj03,2026/7/9,9,21.71,0,0,0,402.04,5427.5,0,7.41%,0.00%,-,0,0
ec37c4d5809066d51d581250d285b01f,-,-,-,-,-,https://tutor-online.oss-cn-beijing.aliyuncs.com/growth/download-material/ec37c4d5809066d51d581250d285b01f.mp4,一键修复_20260626-猿辅导高中双科-实拍-千川-性价比-买物送数-199学全年-幸亏-林文斌-唐欣悦-cd张璐-岳久鸿-二创-张晓洁ec-2.mp4,-,,,199元高中双科提分课,199元高中双科提分课,荔枝,其他,0,wangjiananbj03,2026/6/29,19,5.99,0,0,0,239.6,2995,0,8.00%,0.00%,-,0,0
14cf481cef6e545eeabd145742f811bd,-,-,-,-,-,https://tutor-online.oss-cn-beijing.aliyuncs.com/growth/download-material/14cf481cef6e545eeabd145742f811bd.mp4,0703-199双科-申坤-李博-李天-姚恒-A6-B3-有-01,-,,,199元高中双科提分课,199元高中双科提分课,申坤,其他,0,wangjiananbj03,2026/7/10,8,156.07,199,1,1.28,60.14,31214,156.07,0.46%,8.33%,-,0.39,39800
3a4e1f17cc1a883add641ff58fac6c71,-,-,-,-,-,https://tutor-online.oss-cn-beijing.aliyuncs.com/growth/download-material/3a4e1f17cc1a883add641ff58fac6c71.mp4,20260622-猿辅导高中双科-实拍-活动-多少-张焱-bj李赛-张晓洁yc-改高二,-,,,199元高中双科提分课,199元高中双科提分课,自投放,其他,0,wangjiananbj03,2026/7/10,8,7.35,0,0,0,36.39,0,0,0.00%,0.00%,-,0,0
43b3d37c7df9e3adc1d7437332c0f121,-,-,-,-,-,https://tutor-online.oss-cn-beijing.aliyuncs.com/growth/download-material/43b3d37c7df9e3adc1d7437332c0f121.mp4,20260624-猿辅导高中双科-实拍-千川-活动-买数送物-冤大头-张焱-bj郭铭泽--张晓洁yc-9,-,,,199元高中双科提分课,199元高中双科提分课,荔枝,其他,0,wangjiananbj03,2026/7/4,14,39.11,0,0,0,62.48,4888.75,0,1.12%,0%,-,0,0
56a6b1e22d7e87d7e21398ef5a259dcc,-,-,-,-,-,https://tutor-online.oss-cn-beijing.aliyuncs.com/growth/download-material/56a6b1e22d7e87d7e21398ef5a259dcc.mp4,20260626-猿辅导高中双科-混剪-视频号-图-男孩-张焱-张晓洁yc-14,-,,,199元高中双科提分课,199元高中双科提分课,荔枝,其他,0,wangjiananbj03,-,-,0,0,0,0,0,0,0,0.00%,0.00%,-,0,0
0a7917c7c42799e1fa4433a2f311ed19,-,-,-,-,-,https://tutor-online.oss-cn-beijing.aliyuncs.com/growth/download-material/0a7917c7c42799e1fa4433a2f311ed19.mp4,20260606-猿辅导高中双科-实拍-ip李博-通知-唐欣悦-ip李博-二创-张晓洁ec-3.mp4,-,,,199元高中双科提分课,199元高中双科提分课,荔枝,其他,0,wangjiananbj03,2026/6/9,39,3.03,0,0,0,137.73,505,0,27.27%,0.00%,-,0,0
2657add7ba336ce8edd5b82d85da2bb8,-,-,-,-,-,https://tutor-online.oss-cn-beijing.aliyuncs.com/growth/download-material/2657add7ba336ce8edd5b82d85da2bb8.mp4,20260626-猿辅导高中双科-混剪-视频号-图-张焱-张晓洁yc-7.1,-,,,199元高中双科提分课,199元高中双科提分课,荔枝,其他,0,wangjiananbj03,2026/7/16,2,19.08,0,0,0,102.03,19080,0,0.53%,0%,-,0,0
de7ae16f5cfc4a60fd8bad2aa090edb5,-,-,-,-,-,https://tutor-online.oss-cn-beijing.aliyuncs.com/growth/download-material/de7ae16f5cfc4a60fd8bad2aa090edb5.mp4,0708-199双科-申坤-李博-李天-卞俊洁-A2-B4-有-高二高三-06,-,,,199元高中双科提分课,199元高中双科提分课,申坤,其他,0,wangjiananbj03,2026/7/10,8,0.02,0,0,0,2.22,0,0,0.00%,0.00%,-,0,0
2ccceb9d44cfb42cc96b0519458486c1,-,-,-,-,-,https://tutor-online.oss-cn-beijing.aliyuncs.com/growth/download-material/2ccceb9d44cfb42cc96b0519458486c1.mp4,20260606-猿辅导高中双科-实拍-视频号-ip李博-买物送数-199学三年-喜讯-常文茜-IP李博--张晓洁yc-1（前贴）.mp4,-,,,199元高中双科提分课,199元高中双科提分课,荔枝,其他,0,wangjiananbj03,2026/6/12,36,16.92,0,0,0,228.65,1692,0,13.51%,0.00%,-,0,0
7a7f7a740cdeda832cb56c84b78fda96,-,-,-,-,-,https://tutor-online.oss-cn-beijing.aliyuncs.com/growth/download-material/7a7f7a740cdeda832cb56c84b78fda96.mp4,20260624-9物-代理-启航-李博-【b1-p6-j9-21】,-,,,9元高中物理李博,9元高中物理李博,启航,代理商,0,wangruixuebj01,2026/6/27,21,16669.11,693,77,0.04,129.6,7093.24,216.48,1.95%,3.06%,-,0.6,294.89
260218c2fbc51a6ce4da247bf55c03ba,-,-,-,-,-,https://tutor-online.oss-cn-beijing.aliyuncs.com/growth/download-material/260218c2fbc51a6ce4da247bf55c03ba.mp4,一键修复_0610-199双科-自产-自产主-李博-视觉锤-子衿-A2-B3-无-8.mp4,-,,,199元高中双科提分课,199元高中双科提分课,荔枝,其他,0,wangjiananbj03,2026/6/19,29,0.64,0,0,0,160,0,0,0.00%,0.00%,-,0,0
9ba2a1a6ddc60d258955f4a9872f122b,-,-,-,-,-,https://tutor-online.oss-cn-beijing.aliyuncs.com/growth/download-material/9ba2a1a6ddc60d258955f4a9872f122b.mp4,20260528-猿辅导高中双科-实拍-活动-多少钱-唐欣悦-bj于靖-裂变-张晓洁yc-1.mp4,-,,,199元高中双科提分课,199元高中双科提分课,荔枝,代理商,0,wangjiananbj03,2026/5/29,50,2.15,0,0,0,102.38,0,0,0.00%,0.00%,-,0,0
f7395b9e1220a6ea1225ddd4fadafa59,-,-,-,-,-,https://tutor-online.oss-cn-beijing.aliyuncs.com/growth/download-material/f7395b9e1220a6ea1225ddd4fadafa59.mp4,0623-9物-玄武-李博-刘志宽-李明雪-A5-B2-有-3-【AI】-yfdwl0623k1浩3-雪-龙-宽-首,-,,,9元高中物理李博,9元高中物理李博,玄武,代理商,0,wangruixuebj01,2026/6/26,22,6.31,0,0,0,153.9,6310,0,2.44%,0%,-,0,0
a1901ba6f8b31bdd88c2aabd9f69324f,-,-,-,-,-,https://tutor-online.oss-cn-beijing.aliyuncs.com/growth/download-material/a1901ba6f8b31bdd88c2aabd9f69324f.mp4,一键修复_20260618-猿辅导高中双科-实拍-千川-分数痛点-买数学送物理-能上-张焱-dr小五-袁北辰ec-二创-4.mp4,-,,,199元高中双科提分课,199元高中双科提分课,荔枝,代理商,0,wangjiananbj03,2026/6/18,30,0.51,0,0,0,127.5,510,0,25.00%,0.00%,-,0,0
8556a520ade930136dfa71ddef806aa5,-,-,-,-,-,https://tutor-online.oss-cn-beijing.aliyuncs.com/growth/download-material/8556a520ade930136dfa71ddef806aa5.mp4,20260612-猿辅导高中双科-实拍-千川-专家分享-买数学送物理-拼思维方法-常文茜-dr小五老师--张雪依yc-1.mp4,-,,,199元高中双科提分课,199元高中双科提分课,荔枝,其他,0,wangjiananbj03,2026/6/18,30,3.28,0,0,0,136.67,3280,0,4.17%,0.00%,-,0,0
c25be569517068d3f2bee2ed642c01ee,-,-,-,-,-,https://tutor-online.oss-cn-beijing.aliyuncs.com/growth/download-material/c25be569517068d3f2bee2ed642c01ee.mp4,20260709-猿辅导高中双科-实拍-买物理送数学-再说-张焱-bj丁梓仟-高一-李文静ec-视频号二创-横屏-5,-,,,199元高中双科提分课,199元高中双科提分课,自投放,其他,0,wangjiananbj03,2026/7/10,8,2693.51,398,2,0.15,24.67,3875.55,1346.76,0.87%,0.21%,-,0.02,572.66
07382542a1470601e5ac8b73741d53e6,-,-,-,-,-,https://tutor-online.oss-cn-beijing.aliyuncs.com/growth/download-material/07382542a1470601e5ac8b73741d53e6.mp4,0708-199双科-申坤-李博-李天-卞俊洁-A2-B4-无-7,-,,,199元高中双科提分课,199元高中双科提分课,申坤,其他,0,wangjiananbj03,2026/7/9,9,111.49,0,0,0,59.78,9290.83,0,0.75%,0%,-,0,0
8bf3f18bcbeca133cc5f7f5d2f0a0e7b,-,-,-,-,-,https://tutor-online.oss-cn-beijing.aliyuncs.com/growth/download-material/8bf3f18bcbeca133cc5f7f5d2f0a0e7b.mp4,0703-199双科-申坤-李博-李天-卞俊洁-A2-B4-无-21,-,,,199元高中双科提分课,199元高中双科提分课,申坤,其他,0,wangjiananbj03,2026/7/5,13,1.07,0,0,0,97.27,0,0,0.00%,0.00%,-,0,0
71cf675283af7783b9f905dd671dd4cc,-,-,-,-,-,https://tutor-online.oss-cn-beijing.aliyuncs.com/growth/download-material/71cf675283af7783b9f905dd671dd4cc.mp4,0716-199双科-申坤-李博-李天-张佳乐-A7-B5-无-05,-,,,199元高中双科提分课,199元高中双科提分课,申坤,其他,0,wangjiananbj03,2026/7/17,1,19.25,0,0,0,93.45,0,0,0.00%,0.00%,-,0,0
3ef25523a2f3dabf58fc07def0c71ba5,-,-,-,-,-,https://tutor-online.oss-cn-beijing.aliyuncs.com/growth/download-material/3ef25523a2f3dabf58fc07def0c71ba5.mp4,一键修复_20260711-猿辅导高中双科-实拍-视频号-6天训练营-高二-买物送数-答应我-唐欣悦-cd鲨鱼-岳久鸿yc-1（前贴）.mp4,-,,,199元高中双科提分课,199元高中双科提分课,荔枝,其他,0,wangjiananbj03,2026/7/16,2,0.94,0,0,0,52.22,940,0,5.56%,0.00%,-,0,0
124a0fc8232794242a472500c5217dd4,-,-,-,-,-,https://img-pub.oss-cn-beijing-internal.aliyuncs.com/19f5ae642b2544b.mp4,20260611-9物-代理-启航-李博-【b1-p6-a1-60】-A5-B5-有-2,-,,,9元高中物理李博,9元高中物理李博,启航,代理商,0,wangruixuebj01,2026/7/15,3,2.97,0,0,0,57.12,0,0,0.00%,0.00%,-,0,0
82374e873ad3183326607653171f3837,-,-,-,-,-,https://tutor-online.oss-cn-beijing.aliyuncs.com/growth/download-material/82374e873ad3183326607653171f3837.mp4,20260703-猿辅导高中双科-实拍-活动-放心-张焱-李赛-bj刘能能-裂变-李文静ec-二创-2.mp4,-,,,199元高中双科提分课,199元高中双科提分课,荔枝,其他,0,wangjiananbj03,2026/7/7,11,327.79,0,0,0,190.58,6184.72,0,3.08%,0.00%,-,0,0
d3a35cf4ff7fb31faf527fc92a1a2671,-,-,-,-,-,https://tutor-online.oss-cn-beijing.aliyuncs.com/growth/download-material/d3a35cf4ff7fb31faf527fc92a1a2671.mp4,20260616-猿辅导高中双科-实拍-千川-方式方法-门槛低-常文茜-dr小五老师-张晓洁yc-2（前贴）.mp4,-,,,199元高中双科提分课,199元高中双科提分课,荔枝,其他,0,wangjiananbj03,2026/6/18,30,21.67,0,0,0,601.94,7223.33,0,8.33%,0.00%,-,0,0
82067b7fc23310601a5ffda81c88955c,-,-,-,-,-,https://tutor-online.oss-cn-beijing.aliyuncs.com/growth/download-material/82067b7fc23310601a5ffda81c88955c.mp4,一键修复_20260623-猿辅导高中双科-实拍-千川-活动-买数学送物理-确实-张焱-bj于靖-裂变-张晓洁yc-4.mp4,-,,,199元高中双科提分课,199元高中双科提分课,荔枝,其他,0,wangjiananbj03,2026/6/24,24,246.32,199,1,0.81,113.72,4246.9,246.32,2.68%,1.72%,-,0.46,3431.03
e78bac3c5c724a93ca32a12405240c9a,-,-,-,-,-,https://tutor-online.oss-cn-beijing.aliyuncs.com/growth/download-material/e78bac3c5c724a93ca32a12405240c9a.mp4,20260703-猿辅导高中双科-实拍-视频号-ip李博-买物送数-199学三年-上不去-常文茜-李博--李文静yc-2-前贴 (1),-,,,199元高中双科提分课,199元高中双科提分课,荔枝,其他,0,wangjiananbj03,2026/7/9,9,0.4,0,0,0,66.67,200,0,16.67%,0%,-,0,0
ffa58fb25b84c9014960dd7684a8238f,-,-,-,-,-,https://tutor-online.oss-cn-beijing.aliyuncs.com/growth/download-material/ffa58fb25b84c9014960dd7684a8238f.mp4,20260620-猿辅导高中双科-实拍-千川-活动--张焱-bj毕娇-林文斌-二创-张晓洁ec-5,-,,,199元高中双科提分课,199元高中双科提分课,荔枝,其他,0,wangjiananbj03,2026/7/11,7,7.9,0,0,0,66.95,0,0,0.00%,0.00%,-,0,0
b90a5c1a242056051ac11fe75053300a,-,-,-,-,-,https://tutor-online.oss-cn-beijing.aliyuncs.com/growth/download-material/b90a5c1a242056051ac11fe75053300a.mp4,20260624-猿辅导高中双科-实拍-活动-放心-张焱-bj刘能能-袁北辰ec-二创-4.mp4,-,,,199元高中双科提分课,199元高中双科提分课,荔枝,其他,0,wangjiananbj03,2026/6/26,22,3.92,0,0,0,135.17,1960,0,6.90%,0.00%,-,0,0
0ed8c54ce2f94297350e86f8cdf35be6,-,-,-,-,-,https://tutor-online.oss-cn-beijing.aliyuncs.com/growth/download-material/0ed8c54ce2f94297350e86f8cdf35be6.mp4,0708-199双科-申坤-李博-李天-卞俊洁-A2-B4-无-5,-,,,199元高中双科提分课,199元高中双科提分课,申坤,其他,0,wangjiananbj03,2026/7/9,9,263.03,199,1,0.76,78.47,13151.5,263.03,0.89%,3.33%,-,0.3,9950
64915f13af63241d55ed35e3a83cc152,-,-,-,-,-,https://tutor-online.oss-cn-beijing.aliyuncs.com/growth/download-material/64915f13af63241d55ed35e3a83cc152.mp4,20260715-猿辅导高中双科-实拍-视频号-ip李博-买物送数-199学三年-毫无困难-常文茜-IP李博-高一高二-李文静ec-视频号二创-横屏-1,-,,,199元高中双科提分课,199元高中双科提分课,荔枝,其他,0,wangjiananbj03,2026/7/16,2,18.77,0,0,0,12.2,4692.5,0,0.45%,0%,-,0,0
fa6acc73817adda7f512063884573e10,-,-,-,-,-,https://tutor-online.oss-cn-beijing.aliyuncs.com/growth/download-material/fa6acc73817adda7f512063884573e10.mp4,0715-199双科-申坤-李博-李天-卞俊洁-A2-B5-有-07,-,,,199元高中双科提分课,199元高中双科提分课,申坤,代理商,0,wangjiananbj03,2026/7/18,0,3.1,0,0,0,43.06,0,0,0.00%,0.00%,-,0,0
37bd9e7557c9fb6a49f281c84b9d3cd2,-,-,-,-,-,https://tutor-online.oss-cn-beijing.aliyuncs.com/growth/download-material/37bd9e7557c9fb6a49f281c84b9d3cd2.mp4,视频-720_1280-1-1781086103,-,,,9元高中物理李博,9元高中物理李博,十人,代理商,0,wangruixuebj01,2026/6/11,37,9454.25,441,49,0.05,161.56,17283.82,192.94,1.18%,7.08%,-,0.84,806.22
35546edd37c6d13c5acb6a1bd7fed33a,-,-,-,-,-,https://tutor-online.oss-cn-beijing.aliyuncs.com/growth/download-material/35546edd37c6d13c5acb6a1bd7fed33a.mp4,20260610-猿辅导高中双科-实拍-千川-活动-五科-199学三年-不要-唐欣悦-岳久鸿-cd小丹-叶俊泽yc-2.mp4,-,,,199元高中双科提分课,199元高中双科提分课,荔枝,其他,0,wangjiananbj03,2026/6/18,30,0.32,0,0,0,160,320,0,50.00%,0.00%,-,0,0
c58d4071dfd9abc7f1a94437bd3c8b06,-,-,-,-,-,https://tutor-online.oss-cn-beijing.aliyuncs.com/growth/download-material/c58d4071dfd9abc7f1a94437bd3c8b06.mp4,9元视频1205-0707-9物-代理-十人-李博-jjsx-bwxy-A2-B1-pcc-pwjl-有-2,-,,,9元高中物理李博,9元高中物理李博,十人,代理商,0,wangruixuebj01,2026/7/14,4,100.41,9,1,0.09,296.19,12551.25,100.41,3.54%,8.33%,-,2.95,1125
10346a0b943ed483e162c9599bf2bda4,-,-,-,-,-,https://tutor-online.oss-cn-beijing.aliyuncs.com/growth/download-material/10346a0b943ed483e162c9599bf2bda4.mp4,0708-199双科-申坤-李博-李天-卞俊洁-A2-B4-有-高二高三-04,-,,,199元高中双科提分课,199元高中双科提分课,申坤,其他,0,wangjiananbj03,2026/7/10,8,1.86,0,0,0,43.26,0,0,0.00%,0.00%,-,0,0
f1482e5b0cbc928248ca75a3ddf49e19,-,-,-,-,-,https://tutor-online.oss-cn-beijing.aliyuncs.com/growth/download-material/f1482e5b0cbc928248ca75a3ddf49e19.mp4,20260701-猿辅导高中双科-实拍-千川-买数送物-专家分享-救不-高二-张焱-tj陈璇-叶俊泽yc-6,-,,,199元高中双科提分课,199元高中双科提分课,自投放,其他,0,wangjiananbj03,2026/7/15,3,69.33,0,0,0,67.97,7703.33,0,1.08%,0%,-,0,0
6e8459ad0fd7cd8ce1746ed872a5f2c6,-,-,-,-,-,https://tutor-online.oss-cn-beijing.aliyuncs.com/growth/download-material/6e8459ad0fd7cd8ce1746ed872a5f2c6.mp4,20260713-猿辅导高中双科-实拍-活动-通用-五科-不是冷-张焱-bj冷一丁--张晓洁yc-1.2（前贴1）.mp4,-,,,199元高中双科提分课,199元高中双科提分课,荔枝,其他,0,wangjiananbj03,2026/7/17,1,2.32,0,0,0,116,2320,0,5.00%,0.00%,-,0,0
8e88731b1bb8ee2fa73e82b192d7b07a,-,-,-,-,-,https://tutor-online.oss-cn-beijing.aliyuncs.com/growth/download-material/8e88731b1bb8ee2fa73e82b192d7b07a.mp4,20260626-猿辅导高中双科-实拍-千川-活动-买数学送物理-再加-张焱-林文斌-bj冷一丁-二创-张晓洁ec-4.mp4,-,,,199元高中双科提分课,199元高中双科提分课,荔枝,其他,0,wangjiananbj03,2026/6/29,19,7.92,0,0,0,416.84,2640,0,15.79%,0.00%,-,0,0
3334d21454127e378977acb12e328565,-,-,-,-,-,https://tutor-online.oss-cn-beijing.aliyuncs.com/growth/download-material/3334d21454127e378977acb12e328565.mp4,20260711-猿辅导高中双科-实拍-千川-活动-199学三年-买数送物-割韭菜-唐欣悦-bj庄紫薇-二创-叶俊泽ec-10.mp4,-,,,199元高中双科提分课,199元高中双科提分课,荔枝,其他,0,wangjiananbj03,2026/7/16,2,473.97,597,3,1.26,52.29,3982.94,157.99,1.31%,2.52%,-,0.33,5016.81
7faeba617563352fab739969301e44f9,-,-,-,-,-,https://tutor-online.oss-cn-beijing.aliyuncs.com/growth/download-material/7faeba617563352fab739969301e44f9.mp4,20260711-猿辅导高中双科-实拍-视频号-活动-买物送数-通用-买物送数-可以犹豫-常文茜-cd杨嘉欣-岳久鸿-易靖耀yc-1.mp4,-,,,199元高中双科提分课,199元高中双科提分课,荔枝,其他,0,wangjiananbj03,2026/7/16,2,1.61,0,0,0,146.36,805,0,18.18%,0.00%,-,0,0
75fcda33a0cb2d472c6b1bbad78b434a,-,-,-,-,-,https://tutor-online.oss-cn-beijing.aliyuncs.com/growth/download-material/75fcda33a0cb2d472c6b1bbad78b434a.mp4,9元视频1220-0717-9物-十人-bwxy-ylb-A2-B4-jclb-pcc-1,-,,,9元高中物理李博,9元高中物理李博,十人,代理商,0,wangruixuebj01,2026/7/18,0,58.83,0,0,0,118.13,5883,0,2.21%,0%,-,0,0
4f15fda299db62a82aa06deb9d40fcdd,-,-,-,-,-,https://tutor-online.oss-cn-beijing.aliyuncs.com/growth/download-material/4f15fda299db62a82aa06deb9d40fcdd.mp4,0710-199双科-申坤-李博-李天-卞俊洁-A1-B2-无-1,-,,,199元高中双科提分课,199元高中双科提分课,申坤,其他,0,wangjiananbj03,2026/7/12,6,0.02,0,0,0,10,0,0,0.00%,0.00%,-,0,0
252d69cd05c2e50e027a32e6b99bb2e6,-,-,-,-,-,https://tutor-online.oss-cn-beijing.aliyuncs.com/growth/download-material/252d69cd05c2e50e027a32e6b99bb2e6.mp4,20260428-猿辅导高中双科-实拍-ip李博-有必要-常文茜-ip李博-文涵立yc-前贴.mp4,-,,,199元高中双科提分课,199元高中双科提分课,荔枝,其他,0,wangjiananbj03,2026/5/13,66,0.08,0,0,0,80,0,0,0.00%,0.00%,-,0,0
a96d88cbffb90a1c5d4f5140b81e17eb,-,-,-,-,-,https://tutor-online.oss-cn-beijing.aliyuncs.com/growth/download-material/a96d88cbffb90a1c5d4f5140b81e17eb.mp4,20260526-猿辅导高中双科-实拍-买物理送数学-省妈-张焱-cd雪儿-岳久鸿-张雪依ec-二创-1.mp4,-,,,199元高中双科提分课,199元高中双科提分课,荔枝,其他,0,wangjiananbj03,2026/5/26,53,0.67,0,0,0,83.75,335,0,25.00%,0.00%,-,0,0
d13a774b2e8346e24d6e399cdd2cef0a,-,-,-,-,-,https://tutor-online.oss-cn-beijing.aliyuncs.com/growth/download-material/d13a774b2e8346e24d6e399cdd2cef0a.mp4,20260618-猿辅导高中双科-混剪-视频号-图-便利贴-张焱-李文静二创-视频号二创-3,-,,,199元高中双科提分课,199元高中双科提分课,荔枝,其他,0,wangjiananbj03,2026/6/20,28,77.37,0,0,0,92.44,7737,0,1.67%,0%,-,0,0
9381752d4092a6cbd4e63c6a530e4995,-,-,-,-,-,https://tutor-online.oss-cn-beijing.aliyuncs.com/growth/download-material/9381752d4092a6cbd4e63c6a530e4995.mp4,20260708-猿辅导高中双科-实拍-视频号-ip李博-活动-199学三年-买物送数-没舍得-唐欣悦-李博--李文静yc-2前贴.mp4,-,,,199元高中双科提分课,199元高中双科提分课,荔枝,其他,0,wangjiananbj03,2026/7/11,7,0.82,0,0,0,39.05,164,0,23.81%,0.00%,-,0,0
56902d3012c8f10cdc3ad2f727eddf21,-,-,-,-,-,https://tutor-online.oss-cn-beijing.aliyuncs.com/growth/download-material/56902d3012c8f10cdc3ad2f727eddf21.mp4,0606-199双科-自产-自产主-李博-曲中雨-子衿-A6-B2-ts罗雅雯-二创-张晓洁ec-2,-,,,199元高中双科提分课,199元高中双科提分课,荔枝,其他,0,wangjiananbj03,2026/6/23,25,3512.17,597,3,0.17,58.67,14634.04,1170.72,0.53%,0.94%,-,0.05,2487.5
01282fc6e87fe894e31f48fe1c8c8efe,-,-,-,-,-,https://tutor-online.oss-cn-beijing.aliyuncs.com/growth/download-material/01282fc6e87fe894e31f48fe1c8c8efe.mp4,9元视频1216-0715-9物-代理-十人-李博-jjsx-bwxy-A2-B1-pcc-pwjl-无-1,-,,,9元高中物理李博,9元高中物理李博,十人,代理商,0,wangruixuebj01,2026/7/18,0,0.04,0,0,0,13.33,0,0,0.00%,0.00%,-,0,0
12ea00f1e6fa8e9da91c361551148b7e,-,-,-,-,-,https://tutor-online.oss-cn-beijing.aliyuncs.com/growth/download-material/12ea00f1e6fa8e9da91c361551148b7e.mp4,20260715-猿辅导高中双科-实拍-千川-买数送物-专家分享-搞定-高二-张焱-bj宋钦冲-ts徐鑫悦-高二高三-李文静ec-视频号二创-横屏-2,-,,,199元高中双科提分课,199元高中双科提分课,自投放,其他,0,wangjiananbj03,2026/7/16,2,11.44,0,0,0,31.09,3813.33,0,1.36%,0%,-,0,0
bf9bc746373f366c6795999e70fe0524,-,-,-,-,-,https://tutor-online.oss-cn-beijing.aliyuncs.com/growth/download-material/bf9bc746373f366c6795999e70fe0524.mp4,0717-199双科-申坤-李博-李天-张佳乐-A6-B3-有-5,-,,,199元高中双科提分课,199元高中双科提分课,申坤,其他,0,wangjiananbj03,-,-,0,0,0,0,0,0,0,0.00%,0.00%,-,0,0
a7a6292807e4ea8f098c72b7b3fd1094,-,-,-,-,-,https://tutor-online.oss-cn-beijing.aliyuncs.com/growth/download-material/a7a6292807e4ea8f098c72b7b3fd1094.mp4,20260612-猿辅导高中双科-混剪-视频号-图-红花-张焱-张晓洁yc-6,-,,,199元高中双科提分课,199元高中双科提分课,荔枝,其他,0,wangjiananbj03,2026/6/30,18,0.27,0,0,0,8.18,270,0,3.03%,0%,-,0,0
ce6d4cd13efcfa658f80bd6106560fdd,-,-,-,-,-,https://tutor-online.oss-cn-beijing.aliyuncs.com/growth/download-material/ce6d4cd13efcfa658f80bd6106560fdd.mp4,20260701-猿辅导高中双科-混剪-视频号-图-板报-张焱-裂变-张晓洁yc-6.mp4,-,,,199元高中双科提分课,199元高中双科提分课,荔枝,其他,0,wangjiananbj03,2026/7/3,15,0.44,0,0,0,24.44,220,0,11.11%,0.00%,-,0,0
e38078179f17971c7989683044f8072d,-,-,-,-,-,https://tutor-online.oss-cn-beijing.aliyuncs.com/growth/download-material/e38078179f17971c7989683044f8072d.mp4,20260612-猿辅导高中双科-混剪-视频号-图-男孩-张焱-张晓洁yc-5.mp4,-,,,199元高中双科提分课,199元高中双科提分课,荔枝,其他,0,wangjiananbj03,2026/6/12,36,51.19,0,0,0,125.47,3011.18,0,4.17%,0.00%,-,0,0
ece8546bf4ae0fd44e8b2b3aed658bb6,-,-,-,-,-,https://tutor-online.oss-cn-beijing.aliyuncs.com/growth/download-material/ece8546bf4ae0fd44e8b2b3aed658bb6.mp4,20260627-猿辅导高中双科-实拍-千川-线下班对比-买数送物-太有钱-唐欣悦-cd康艺凡-岳久鸿-詹铠任yc-前贴.mp4,-,,,199元高中双科提分课,199元高中双科提分课,荔枝,代理商,0,wangjiananbj03,2026/7/3,15,9.43,0,0,0,230,1886,0,12.20%,0.00%,-,0,0
4cb124e0cee5db087adbeb4e8457d4ef,-,-,-,-,-,https://tutor-online.oss-cn-beijing.aliyuncs.com/growth/download-material/4cb124e0cee5db087adbeb4e8457d4ef.mp4,主页视频跑量 20260213-猿辅导高中数学-实拍-活动-算什么-张焱-bj张婕希--张雪依yc-1,-,,,199元高中双科提分课,199元高中双科提分课,荔枝,其他,0,wangjiananbj03,2026/6/19,29,27.69,0,0,0,158.23,3076.67,0,5.14%,0.00%,-,0,0
f0aa6d6b0be490492d5f1cdea51a612f,-,-,-,-,-,https://tutor-online.oss-cn-beijing.aliyuncs.com/growth/download-material/f0aa6d6b0be490492d5f1cdea51a612f.mp4,20260709-猿辅导高中双科-实拍-千川-活动-买数送物-199学三年-通用-买数送物-与其啊-常文茜-cd雪儿--岳久鸿yc-1,-,,,199元高中双科提分课,199元高中双科提分课,荔枝,其他,0,wangjiananbj03,2026/7/17,1,0.87,0,0,0,10.24,0,0,0.00%,0.00%,-,0,0
3a1899a5745c9e80c61321846a929037,-,-,-,-,-,https://tutor-online.oss-cn-beijing.aliyuncs.com/growth/download-material/3a1899a5745c9e80c61321846a929037.mp4,20260711-猿辅导高中双科-实拍-千川-方式方法-买物送数-疯了疯了-常文茜-cd康艺凡-岳久鸿-叶俊泽ec--二创-16.mp4,-,,,199元高中双科提分课,199元高中双科提分课,荔枝,其他,0,wangjiananbj03,2026/7/16,2,11.42,0,0,0,106.73,1142,0,9.35%,0.00%,-,0,0
cd9abb73ea7649cebac07e5046d76088,-,-,-,-,-,https://tutor-online.oss-cn-beijing.aliyuncs.com/growth/download-material/cd9abb73ea7649cebac07e5046d76088.mp4,20260626-猿辅导高中双科-混剪-视频号-图-张焱-张晓洁yc-12.1,-,,,199元高中双科提分课,199元高中双科提分课,荔枝,其他,0,wangjiananbj03,2026/7/16,2,1.03,0,0,0,57.22,0,0,0.00%,0.00%,-,0,0
cc55430cdc1f692db113aff22d104134,-,-,-,-,-,https://tutor-online.oss-cn-beijing.aliyuncs.com/growth/download-material/cc55430cdc1f692db113aff22d104134.mp4,20260713-猿辅导高中双科-实拍-千川-活动-五科-199学三年-不要-唐欣悦-岳久鸿-cd小丹-叶俊泽yc-裂变-2.mp4,-,,,199元高中双科提分课,199元高中双科提分课,荔枝,其他,0,wangjiananbj03,2026/7/14,4,6.55,0,0,0,177.03,1310,0,13.51%,0.00%,-,0,0
78468d044e227233fcbb3b58420a428b,-,-,-,-,-,https://tutor-online.oss-cn-beijing.aliyuncs.com/growth/download-material/78468d044e227233fcbb3b58420a428b.mp4,20260620-猿辅导高中双科-实拍-千川-活动--张焱-bj毕娇-林文斌-二创-张晓洁ec-5.mp4,-,,,199元高中双科提分课,199元高中双科提分课,荔枝,其他,0,wangjiananbj03,2026/6/23,25,25.49,0,0,0,592.79,12745,0,4.65%,0.00%,-,0,0
1a57555c142253378ddf1994da025ee3,-,-,-,-,-,https://tutor-online.oss-cn-beijing.aliyuncs.com/growth/download-material/1a57555c142253378ddf1994da025ee3.mp4,0710-199双科-申坤-李博-李天-卞俊洁-A5-B1-无-13,-,,,199元高中双科提分课,199元高中双科提分课,申坤,其他,0,wangjiananbj03,2026/7/12,6,22.49,0,0,0,52.67,22490,0,0.23%,0%,-,0,0
8ff25702499ef4cd8b1aa62bb6c60fb6,-,-,-,-,-,https://tutor-online.oss-cn-beijing.aliyuncs.com/growth/download-material/8ff25702499ef4cd8b1aa62bb6c60fb6.mp4,视频-720_1280-1-1781087143,-,,,9元高中物理李博,9元高中物理李博,十人,代理商,0,wangruixuebj01,2026/6/12,36,370.15,9,1,0.02,417.78,20563.89,370.15,2.37%,4.76%,-,1.13,500
4b7003176775e2a9ccdef3a640c20094,-,-,-,-,-,https://tutor-online.oss-cn-beijing.aliyuncs.com/growth/download-material/4b7003176775e2a9ccdef3a640c20094.mp4,20260713-猿辅导高中双科-实拍-活动-线下班-买数送物-通用-买数送物-气炸了-李莹莹-bj李栎-叶俊泽yc-4-前贴,-,,,199元高中双科提分课,199元高中双科提分课,荔枝,其他,0,wangjiananbj03,2026/7/17,1,20.8,0,0,0,26.56,1094.74,0,2.30%,0%,-,0,0
34e30fcb3c5c89514490cd841f6d8d1d,-,-,-,-,-,https://tutor-online.oss-cn-beijing.aliyuncs.com/growth/download-material/34e30fcb3c5c89514490cd841f6d8d1d.mp4,妙思自动生成-232-202607100729,-,,,199元高中双科提分课,199元高中双科提分课,荔枝,其他,0,wangjiananbj03,2026/7/10,8,0.1,0,0,0,9.09,0,0,0.00%,0.00%,-,0,0
5f9ecfee84ad8ae3ab9483f3575debd9,-,-,-,-,-,https://tutor-online.oss-cn-beijing.aliyuncs.com/growth/download-material/5f9ecfee84ad8ae3ab9483f3575debd9.mp4,20260711-猿辅导高中双科-实拍-视频号-专家分享-买数送物-高二-买数送物-遇到-张焱-cd张璐-高俊南-李文静ec-二创-2.mp4,-,,,199元高中双科提分课,199元高中双科提分课,荔枝,其他,0,wangjiananbj03,2026/7/13,5,19.3,0,0,0,316.39,9650,0,3.28%,0.00%,-,0,0
1e8e8f35ca723b0e63f09fa044a28f19,-,-,-,-,-,https://tutor-online.oss-cn-beijing.aliyuncs.com/growth/download-material/1e8e8f35ca723b0e63f09fa044a28f19.mp4,20260701-猿辅导高中双科-混剪-视频号-图-街道-张焱-裂变-张晓洁yc-10.mp4,-,,,199元高中双科提分课,199元高中双科提分课,荔枝,其他,0,wangjiananbj03,2026/7/3,15,27.76,0,0,0,204.12,4626.67,0,4.41%,0.00%,-,0,0
2ec26574fa180db6ebcd50d6181298f2,-,-,-,-,-,https://tutor-online.oss-cn-beijing.aliyuncs.com/growth/download-material/2ec26574fa180db6ebcd50d6181298f2.mp4,0707-199双科-申坤-李博-李天-卞俊洁-A2-B4-无-高二高三-1,-,,,199元高中双科提分课,199元高中双科提分课,申坤,其他,0,wangjiananbj03,2026/7/7,11,19.89,0,0,0,90.41,0,0,0.45%,0%,-,0,0
8e607e1cc2a8fb11f28e7c2be915ee9f,-,-,-,-,-,https://tutor-online.oss-cn-beijing.aliyuncs.com/growth/download-material/8e607e1cc2a8fb11f28e7c2be915ee9f.mp4,9元视频1186-0630-9物-代理-十人-李博-jjsx-bmqr-A2-B1-pwjl-pcc-有-3,-,,,9元高中物理李博,9元高中物理李博,十人,代理商,0,wangruixuebj01,2026/7/14,4,0.29,0,0,0,48.33,0,0,0.00%,0.00%,-,0,0
18784e0230207de909993ec637a49371,-,-,-,-,-,https://tutor-online.oss-cn-beijing.aliyuncs.com/growth/download-material/18784e0230207de909993ec637a49371.mp4,20260703-猿辅导高中双科-实拍-视频号-ip李博-线下班对比-199学三年--唐欣悦-李博--李文静yc-5,-,,,199元高中双科提分课,199元高中双科提分课,荔枝,其他,0,wangjiananbj03,2026/7/16,2,0.48,0,0,0,11.16,0,0,0.00%,0.00%,-,0,0
0025a09d490e3d0cb5a158c67bbf944c,-,-,-,-,-,https://tutor-online.oss-cn-beijing.aliyuncs.com/growth/download-material/0025a09d490e3d0cb5a158c67bbf944c.mp4,20260701-猿辅导高中双科-实拍-千川-买数送物-专家分享-搞定-高二-张焱-bj宋钦冲-叶俊泽yc-5,-,,,199元高中双科提分课,199元高中双科提分课,荔枝,其他,0,wangjiananbj03,2026/7/16,2,40.08,0,0,0,46.18,8016,0,1.04%,0%,-,0,0
9d714ea8a057eda275fbae0f903f8b3c,-,-,-,-,-,https://tutor-online.oss-cn-beijing.aliyuncs.com/growth/download-material/9d714ea8a057eda275fbae0f903f8b3c.mp4,妙思自动生成-232-202607091747,-,,,199元高中双科提分课,199元高中双科提分课,荔枝,代理商,0,wangjiananbj03,2026/7/9,9,2.53,0,0,0,76.67,2530,0,3.03%,0%,-,0,0
4a075c308693cbfdf364ae5bb12f0e3b,-,-,-,-,-,https://tutor-online.oss-cn-beijing.aliyuncs.com/growth/download-material/4a075c308693cbfdf364ae5bb12f0e3b.mp4,一键修复_20260708-猿辅导高中双科-实拍-活动-通用-买数送物-忍餐-张焱-bj于靖--张晓洁yc-6（前贴）.mp4,-,,,199元高中双科提分课,199元高中双科提分课,荔枝,其他,0,wangjiananbj03,2026/7/14,4,72.47,0,0,0,116.7,3294.09,0,3.54%,0.00%,-,0,0
b89afeea5d095c1944ba919d0594d272,-,-,-,-,-,https://tutor-online.oss-cn-beijing.aliyuncs.com/growth/download-material/b89afeea5d095c1944ba919d0594d272.mp4,一键修复_20260713-猿辅导高中双科-实拍-千川-暑期预习-高二-买物送数-不努力-唐欣悦-bj庄紫薇--李文静yc-2-前贴.mp4,-,,,199元高中双科提分课,199元高中双科提分课,荔枝,其他,0,wangjiananbj03,2026/7/16,2,0.54,0,0,0,67.5,0,0,0.00%,0.00%,-,0,0
7b254b5bd3ca4e273cf297106c6a1a69,-,-,-,-,-,https://tutor-online.oss-cn-beijing.aliyuncs.com/growth/download-material/7b254b5bd3ca4e273cf297106c6a1a69.mp4,20260612-猿辅导高中双科-实拍-千川-活动-五科-199学三年-不要-唐欣悦-詹铠任-cd鲨鱼-叶俊泽yc-1,-,,,199元高中双科提分课,199元高中双科提分课,荔枝,其他,0,wangjiananbj03,2026/6/20,28,1.75,0,0,0,79.55,0,0,0.00%,0.00%,-,0,0
e7bce5640df07a6c8adac8349f5260b4,-,-,-,-,-,https://img-pub.oss-cn-beijing-internal.aliyuncs.com/19eb120641f658b.mp4,0610-9物-代理-十人-李博-jzt-bwxy-A2-B2-pcc-无-1,-,,,9元高中物理李博,9元高中物理李博,十人,代理商,0,wangruixuebj01,2026/6/11,37,0,0,0,0,0,0,0,0.00%,0.00%,-,0,0
ac07739ae78ffa2c343596db1c689362,-,-,-,-,-,https://tutor-online.oss-cn-beijing.aliyuncs.com/growth/download-material/ac07739ae78ffa2c343596db1c689362.mp4,20260704-猿辅导高中双科-实拍-视频号-ip李博-买物送数-199学三年-借课本-高二-常文茜-李博-叶俊泽yc-4-前贴,-,,,199元高中双科提分课,199元高中双科提分课,自投放,其他,0,wangjiananbj03,2026/7/16,2,2.83,0,0,0,21.6,0,0,0.00%,0.00%,-,0,0
ff2ba89b9a2c1f0a12cbb6b99e9a091f,-,-,-,-,-,https://tutor-online.oss-cn-beijing.aliyuncs.com/growth/download-material/ff2ba89b9a2c1f0a12cbb6b99e9a091f.mp4,一键修复_20260627-猿辅导高中双科-实拍-千川-活动-买数送物-打算-张焱-bj于静-裂变-张晓洁yc-18.mp4,-,,,199元高中双科提分课,199元高中双科提分课,荔枝,其他,0,wangjiananbj03,2026/6/29,19,1.34,0,0,0,121.82,0,0,0.00%,0.00%,-,0,0
d556838c7996124de4f65862526516ec,-,-,-,-,-,https://tutor-online.oss-cn-beijing.aliyuncs.com/growth/download-material/d556838c7996124de4f65862526516ec.mp4,0616-9物-代理-十人-李博-jzzy-bmqr-A2-B2-pwjl-有-2-知识点,-,,,9元高中物理李博,9元高中物理李博,十人,代理商,0,wangruixuebj01,2026/6/16,32,160.57,9,1,0.06,207.45,12351.54,160.57,1.94%,6.67%,-,1.29,692.31
1a48adba2cb88e96e22d995b0f26d467,-,-,-,-,-,https://tutor-online.oss-cn-beijing.aliyuncs.com/growth/download-material/1a48adba2cb88e96e22d995b0f26d467.mp4,妙思自动生成-21-202605301112,-,,,199元高中双科提分课,199元高中双科提分课,自投放,其他,0,wangjiananbj03,2026/5/30,49,58.25,0,0,0,32.85,3236.11,0,2.59%,0%,-,0,0
85b60ac6c47a5cabaec96df8b2073163,-,-,-,-,-,https://tutor-online.oss-cn-beijing.aliyuncs.com/growth/download-material/85b60ac6c47a5cabaec96df8b2073163.mp4,20260708-猿辅导高中双科-实拍-视频号-线下班对比-199学全年-买数送物-高二-买数送物-听错-高二-唐欣悦-bj于靖--张晓洁yc-8.1（前贴）.mp4,-,,,199元高中双科提分课,199元高中双科提分课,荔枝,其他,0,wangjiananbj03,2026/7/12,6,2.45,0,0,0,128.95,612.5,0,21.05%,0.00%,-,0,0
58941d754b7bda9e9c5cc0f887d8c8e2,-,-,-,-,-,https://tutor-online.oss-cn-beijing.aliyuncs.com/growth/download-material/58941d754b7bda9e9c5cc0f887d8c8e2.mp4,20260704-猿辅导高中双科-混剪-图-张凌-张焱-张雪依yc-4改-高二高三,-,,,199元高中双科提分课,199元高中双科提分课,荔枝,其他,0,wangjiananbj03,2026/7/12,6,35.64,0,0,0,46.71,5091.43,0,0.92%,0%,-,0,0
016a61295e95d160913c120244c06ad8,-,-,-,-,-,https://tutor-online.oss-cn-beijing.aliyuncs.com/growth/download-material/016a61295e95d160913c120244c06ad8.mp4,一键修复_20260626-猿辅导高中双科-混剪-视频号-图-张焱-张晓洁yc-12.1.mp4,-,,,199元高中双科提分课,199元高中双科提分课,荔枝,其他,0,wangjiananbj03,2026/6/29,19,0.27,0,0,0,270,0,0,0.00%,0.00%,-,0,0
03bf576dba724e88b214e32212c8f051,-,-,-,-,-,https://tutor-online.oss-cn-beijing.aliyuncs.com/growth/download-material/03bf576dba724e88b214e32212c8f051.mp4,null-自动生成-20-202607150608,-,,,199元高中双科提分课,199元高中双科提分课,申坤,代理商,0,wangjiananbj03,-,-,0,0,0,0,0,0,0,0.00%,0.00%,-,0,0
6b337a85479d4bbfd54ce7f61c1874b1,-,-,-,-,-,https://tutor-online.oss-cn-beijing.aliyuncs.com/growth/download-material/6b337a85479d4bbfd54ce7f61c1874b1.mp4,一键修复_20260708-猿辅导高中双科-实拍-6天提分-买数送物-通用-买数送物-小儿科-李莹莹-cd雪儿-岳久鸿-叶俊泽yc-6.mp4,-,,,199元高中双科提分课,199元高中双科提分课,荔枝,其他,0,wangjiananbj03,2026/7/13,5,9.53,0,0,0,288.79,1906,0,15.15%,0.00%,-,0,0
94fc182a81aaeed809c75dc779aec331,-,-,-,-,-,https://tutor-online.oss-cn-beijing.aliyuncs.com/growth/download-material/94fc182a81aaeed809c75dc779aec331.mp4,一键修复_20260704-猿辅导高中双科-实拍-活动-夏他-张焱-bj李赛-二创-叶俊泽ec-二创-8（镜像）.mp4,-,,,199元高中双科提分课,199元高中双科提分课,荔枝,其他,0,wangjiananbj03,2026/7/9,9,28.52,199,1,6.98,390.68,3565,28.52,10.96%,12.50%,-,13.7,24875
f4dcddb585b1471ffd822c0709ab8136,-,-,-,-,-,https://tutor-online.oss-cn-beijing.aliyuncs.com/growth/download-material/f4dcddb585b1471ffd822c0709ab8136.mp4,一键修复_20260618-猿辅导高中双科-实拍-ip李博-买物送数-慎重-唐欣悦-ip李博-袁北辰ec-二创-3.mp4,-,,,199元高中双科提分课,199元高中双科提分课,荔枝,其他,0,wangjiananbj03,2026/6/18,30,0.01,0,0,0,10,0,0,0.00%,0.00%,-,0,0
e84027db8f5407f013d01957843a390d,-,-,-,-,-,https://tutor-online.oss-cn-beijing.aliyuncs.com/growth/download-material/e84027db8f5407f013d01957843a390d.mp4,20260617-9物-代理-启航-李博-【b1-p6-j8-19】-A2-B4-有-8,-,,,9元高中物理李博,9元高中物理李博,启航,代理商,0,wangruixuebj01,2026/6/20,28,0,9,1,0,0,0,0,0.00%,0.00%,-,0,0
872359a4b641580c4e3511bcd67983de,-,-,-,-,-,https://tutor-online.oss-cn-beijing.aliyuncs.com/growth/download-material/872359a4b641580c4e3511bcd67983de.mp4,0703-199双科-申坤-李博-李天-卞俊洁-A2-B4-无-14,-,,,199元高中双科提分课,199元高中双科提分课,申坤,其他,0,wangjiananbj03,2026/7/14,4,4.33,0,0,0,47.07,0,0,0.00%,0.00%,-,0,0
8d8041179b3d97b1fef4c0a6e6ee5216,-,-,-,-,-,https://tutor-online.oss-cn-beijing.aliyuncs.com/growth/download-material/8d8041179b3d97b1fef4c0a6e6ee5216.mp4,20260701-猿辅导高中双科-实拍-千川-活动-买数送物-我忍-张焱-bj于静-二创-张晓洁ec-4.mp4,-,,,199元高中双科提分课,199元高中双科提分课,荔枝,其他,0,wangjiananbj03,2026/7/7,11,1.94,0,0,0,102.11,0,0,0.00%,0.00%,-,0,0
006801ece2bd050e5cc0561bfc2bbcce,-,-,-,-,-,https://tutor-online.oss-cn-beijing.aliyuncs.com/growth/download-material/006801ece2bd050e5cc0561bfc2bbcce.mp4,20260704-猿辅导高中双科-实拍-千川-活动-买物送数-后悔-张焱-dr蔡昕-二创-叶俊泽ec-6,-,,,199元高中双科提分课,199元高中双科提分课,自投放,其他,0,wangjiananbj03,2026/7/10,8,282.69,0,0,0,78.63,6014.68,0,1.39%,0%,-,0,0
6e2ce8b6d29a7001d1cf90e6c2e178f9,-,-,-,-,-,https://tutor-online.oss-cn-beijing.aliyuncs.com/growth/download-material/6e2ce8b6d29a7001d1cf90e6c2e178f9.mp4,9元视频769-0316-9物-十人-bmqr-李博-A2-B4-jjsx-pwjl-2,-,,,9元高中物理李博,9元高中物理李博,十人,其他,0,wangruixuebj01,2026/6/9,39,834.23,18,2,0.02,103.13,17379.79,417.12,0.87%,2.86%,-,0.25,375
7d8eddc3ba0932752b418dd588e4983f,-,-,-,-,-,https://tutor-online.oss-cn-beijing.aliyuncs.com/growth/download-material/7d8eddc3ba0932752b418dd588e4983f.mp4,0703-199双科-申坤-李博-李天-卞俊洁-A2-B4-无-5,-,,,199元高中双科提分课,199元高中双科提分课,申坤,其他,0,wangjiananbj03,2026/7/10,8,121.99,0,0,0,74.79,12199,0,0.80%,0%,-,0,0
b45fde31f3f26f502ff016dea50166c2,-,-,-,-,-,https://tutor-online.oss-cn-beijing.aliyuncs.com/growth/download-material/b45fde31f3f26f502ff016dea50166c2.mp4,0708-199双科-申坤-李博-李天-卞俊洁-A2-B4-无-1,-,,,199元高中双科提分课,199元高中双科提分课,申坤,其他,0,wangjiananbj03,2026/7/9,9,327.2,0,0,0,53.41,13088,0,0.47%,0%,-,0,0
875f1498db6ae9c24aa7d3e8eaa29fef,-,-,-,-,-,https://tutor-online.oss-cn-beijing.aliyuncs.com/growth/download-material/875f1498db6ae9c24aa7d3e8eaa29fef.mp4,0707-199双科-申坤-李博-李天-卞俊洁-A2-B4-无-高二高三-3,-,,,199元高中双科提分课,199元高中双科提分课,申坤,其他,0,wangjiananbj03,2026/7/7,11,1782.67,597,3,0.33,43.56,15916.7,594.22,0.43%,1.70%,-,0.07,5330.36
984c19855ab0938fe3633571f024be0c,-,-,-,-,-,https://tutor-online.oss-cn-beijing.aliyuncs.com/growth/download-material/984c19855ab0938fe3633571f024be0c.mp4,20260626-猿辅导高中双科-实拍-活动-他们夏能-张焱-bj刘能能-张晓洁yc-1.1（前贴1）.mp4,-,,,199元高中双科提分课,199元高中双科提分课,荔枝,其他,0,wangjiananbj03,2026/7/9,9,78.96,0,0,0,840,5640,0,14.89%,0.00%,-,0,0
cdb5abf57b8eeb969b185804297b3ece,-,-,-,-,-,https://tutor-online.oss-cn-beijing.aliyuncs.com/growth/download-material/cdb5abf57b8eeb969b185804297b3ece.mp4,20260715-高中数物-混剪-图-张凌-10.mp4,-,,,199元高中双科提分课,199元高中双科提分课,荔枝,其他,0,wangjiananbj03,2026/7/16,2,79.56,0,0,0,320.81,1729.57,0,18.55%,0.00%,-,0,0
6f9ba412218968b9687317bfd2912027,-,-,-,-,-,https://tutor-online.oss-cn-beijing.aliyuncs.com/growth/download-material/6f9ba412218968b9687317bfd2912027.mp4,20260612-猿辅导高中双科-混剪-视频号-图-红花-张焱-张晓洁yc-10.mp4,-,,,199元高中双科提分课,199元高中双科提分课,荔枝,其他,0,wangjiananbj03,2026/6/12,36,645.12,0,0,0,140.18,4924.58,0,2.85%,0.00%,-,0,0
8427f02578f0381b54c4294f32380d11,-,-,-,-,-,https://tutor-online.oss-cn-beijing.aliyuncs.com/growth/download-material/8427f02578f0381b54c4294f32380d11.mp4,20260708-猿辅导高中双科-实拍-活动-不是-张焱-bj毕娇-裂变-张晓洁yc-2.mp4,-,,,199元高中双科提分课,199元高中双科提分课,荔枝,代理商,0,wangjiananbj03,2026/7/9,9,3.16,0,0,0,185.88,1580,0,11.76%,0.00%,-,0,0
dad739eec19215393a8132a97e3082b3,-,-,-,-,-,https://tutor-online.oss-cn-beijing.aliyuncs.com/growth/download-material/dad739eec19215393a8132a97e3082b3.mp4,一键修复_20260622-猿辅导高中双科-实拍-视频号-ip李博-买物送数-199学三年-一周一次-唐欣悦-李博--张雪依yc-1.mp4,-,,,199元高中双科提分课,199元高中双科提分课,荔枝,其他,0,wangjiananbj03,2026/6/25,23,0.05,0,0,0,16.67,0,0,0.00%,0.00%,-,0,0
08e262ed2a44476b63edc64c5c2313c1,-,-,-,-,-,https://tutor-online.oss-cn-beijing.aliyuncs.com/growth/download-material/08e262ed2a44476b63edc64c5c2313c1.mp4,20260424-猿辅导高中双科-实拍-活动-多少-张焱-bj李赛-张雪依ec-二创-2.mp4,-,,,199元高中双科提分课,199元高中双科提分课,荔枝,其他,0,wangjiananbj03,2026/5/13,66,55.62,0,0,0,245.02,18540,0,1.32%,0.00%,-,0,0
84efec0938e1aa8308dabbd6a49bd6b9,-,-,-,-,-,https://img-pub.oss-cn-beijing-internal.aliyuncs.com/19f4665851adb99.mp4,9元视频1197-0703-9物-代理-十人-李博-jjsx-bwxy-A2-B1-pcc-pwjl-有-2-AI,-,,,9元高中物理李博,9元高中物理李博,十人,代理商,0,wangruixuebj01,2026/7/10,8,6.25,0,0,0,86.81,6250,0,1.39%,0%,-,0,0
0b449cb8ea64c4f1f21a1853927206b2,-,-,-,-,-,https://tutor-online.oss-cn-beijing.aliyuncs.com/growth/download-material/0b449cb8ea64c4f1f21a1853927206b2.mp4,20260612-猿辅导高中双科-实拍-塑品-买数送物-全年-舍得-张焱-bj李栎-袁北辰ec-二创-4,-,,,199元高中双科提分课,199元高中双科提分课,荔枝,其他,0,wangjiananbj03,2026/6/30,18,0,0,0,0,0,0,0,0.00%,0.00%,-,0,0
c3e27625ebbfbe8bf78e19dc77d7dfa1,-,-,-,-,-,https://tutor-online.oss-cn-beijing.aliyuncs.com/growth/download-material/c3e27625ebbfbe8bf78e19dc77d7dfa1.mp4,20260616-猿辅导高中双科-实拍-千川-活动--张焱-cd杨嘉欣-岳久鸿-张晓洁yc-3（前贴）.mp4,-,,,199元高中双科提分课,199元高中双科提分课,荔枝,其他,0,wangjiananbj03,2026/6/18,30,2.44,0,0,0,174.29,488,0,35.71%,0.00%,-,0,0
6c87c59353c1229e495064005b46d21e,-,-,-,-,-,https://tutor-online.oss-cn-beijing.aliyuncs.com/growth/download-material/6c87c59353c1229e495064005b46d21e.mp4,20260626-猿辅导高中双科-实拍-活动-他们夏能-张焱-bj刘能能-张晓洁yc-1.1（前贴1）,-,,,199元高中双科提分课,199元高中双科提分课,荔枝,其他,0,wangjiananbj03,2026/7/16,2,1104.43,199,1,0.18,44.27,18407.17,1104.43,0.43%,0.93%,-,0.04,3316.67
e8ab795046a663b0bf046fe61026bc6c,-,-,-,-,-,https://tutor-online.oss-cn-beijing.aliyuncs.com/growth/download-material/e8ab795046a663b0bf046fe61026bc6c.mp4,20260714-猿辅导高中双科-实拍-千川-活动-通用-五科--张焱-bj冷一丁-叶俊泽yc-5.mp4,-,,,199元高中双科提分课,199元高中双科提分课,荔枝,其他,0,wangjiananbj03,2026/7/17,1,1.65,0,0,0,68.75,1650,0,4.17%,0.00%,-,0,0
61f6ab95c8385b821005d79909cdcd8d,-,-,-,-,-,https://tutor-online.oss-cn-beijing.aliyuncs.com/growth/download-material/61f6ab95c8385b821005d79909cdcd8d.mp4,20260714-猿辅导高中双科-实拍-千川-暑期预习-通用-买数送物-白干-李莹莹-bj冷一丁--李文静yc-1.mp4,-,,,199元高中双科提分课,199元高中双科提分课,荔枝,其他,0,wangjiananbj03,2026/7/17,1,3.79,0,0,0,135.36,1263.33,0,10.71%,0.00%,-,0,0
da8e7daccf67ced02f6c571ba2e2a706,-,-,-,-,-,https://tutor-online.oss-cn-beijing.aliyuncs.com/growth/download-material/da8e7daccf67ced02f6c571ba2e2a706.mp4,20260704-猿辅导高中双科-混剪-图-张凌-张焱-张雪依yc-14-高二高三.mp4,-,,,199元高中双科提分课,199元高中双科提分课,荔枝,其他,0,wangjiananbj03,2026/7/10,8,5.45,0,0,0,272.5,5450,0,5.00%,0.00%,-,0,0
5c83ad4a06006bc0e2910029e2a0e350,-,-,-,-,-,https://tutor-online.oss-cn-beijing.aliyuncs.com/growth/download-material/5c83ad4a06006bc0e2910029e2a0e350.mp4,20260611-9物-代理-启航-李博-【b1-p6-a1-23】-A5-B5-有-2,-,,,9元高中物理李博,9元高中物理李博,启航,代理商,0,wangruixuebj01,2026/6/18,30,159.59,18,2,0.11,239.62,14508.18,79.8,1.80%,16.67%,-,3,1636.36
f12320213bd20dd347f40c41f60a5e6e,-,-,-,-,-,https://tutor-online.oss-cn-beijing.aliyuncs.com/growth/download-material/f12320213bd20dd347f40c41f60a5e6e.mp4,20260608-猿辅导高中双科-实拍-活动-多少-张焱-bj李赛-袁北辰ec-二创-3.mp4,-,,,199元高中双科提分课,199元高中双科提分课,荔枝,其他,0,wangjiananbj03,2026/6/8,40,255.88,199,1,0.78,561.14,8823.45,255.88,6.36%,3.45%,-,2.19,6862.07
875f1498db6ae9c24aa7d3e8eaa29fef,-,-,-,-,-,https://tutor-online.oss-cn-beijing.aliyuncs.com/growth/download-material/875f1498db6ae9c24aa7d3e8eaa29fef.mp4,0707-199双科-申坤-李博-李天-卞俊洁-A2-B4-无-高二高三-3,-,,,199元高中双科提分课,199元高中双科提分课,申坤,其他,0,wangjiananbj03,2026/7/7,11,0.17,0,0,0,12.14,0,0,0.00%,0.00%,-,0,0
7b357a43a5edad0d7c9d1b4a4afba09c,-,-,-,-,-,https://tutor-online.oss-cn-beijing.aliyuncs.com/growth/download-material/7b357a43a5edad0d7c9d1b4a4afba09c.mp4,0710-199双科-申坤-李博-李天-卞俊洁-A1-B4-无-07,-,,,199元高中双科提分课,199元高中双科提分课,申坤,其他,0,wangjiananbj03,2026/7/13,5,0.02,0,0,0,6.67,0,0,0.00%,0.00%,-,0,0
6be0595009c7c34909441f6e23a926d4,-,-,-,-,-,https://tutor-online.oss-cn-beijing.aliyuncs.com/growth/download-material/6be0595009c7c34909441f6e23a926d4.mp4,20260703-猿辅导高中双科-口播-活动-三连学-张焱-bj李栎-叶俊泽yc-4.mp4,-,,,199元高中双科提分课,199元高中双科提分课,荔枝,其他,0,wangjiananbj03,2026/7/10,8,15.99,0,0,0,380.71,1998.75,0,19.05%,0.00%,-,0,0
2ca4b712997ba03bf2353b500101145b,-,-,-,-,-,https://tutor-online.oss-cn-beijing.aliyuncs.com/growth/download-material/2ca4b712997ba03bf2353b500101145b.mp4,0703-199双科-申坤-李博-李天-姚恒-A3-B1-无-01,-,,,199元高中双科提分课,199元高中双科提分课,申坤,其他,0,wangjiananbj03,2026/7/5,13,29.28,0,0,0,19.47,7320,0,0.66%,0%,-,0,0
b4612011c66a7a234478d9c1260296be,-,-,-,-,-,https://tutor-online.oss-cn-beijing.aliyuncs.com/growth/download-material/b4612011c66a7a234478d9c1260296be.mp4,0717-199双科-申坤-李博-李天-张佳乐-A6-B4-无-6,-,,,199元高中双科提分课,199元高中双科提分课,申坤,其他,0,wangjiananbj03,-,-,0,0,0,0,0,0,0,0.00%,0.00%,-,0,0
67772b74aa29a12bef3dea72cb52e7d1,-,-,-,-,-,https://tutor-online.oss-cn-beijing.aliyuncs.com/growth/download-material/67772b74aa29a12bef3dea72cb52e7d1.mp4,0706-199双科-申坤-李博-李天-卞俊洁-A1-B4-有-高二高三-7,-,,,199元高中双科提分课,199元高中双科提分课,申坤,其他,0,wangjiananbj03,2026/7/7,11,16.5,0,0,0,115.38,0,0,0.00%,0.00%,-,0,0
65ab3862c872b9bc6eb41af4dd68ff5f,-,-,-,-,-,https://tutor-online.oss-cn-beijing.aliyuncs.com/growth/download-material/65ab3862c872b9bc6eb41af4dd68ff5f.mp4,20260701-猿辅导高中双科-混剪-视频号-图-广告夜晚-张焱-裂变-张晓洁yc-9,-,,,199元高中双科提分课,199元高中双科提分课,荔枝,其他,0,wangjiananbj03,2026/7/4,14,0.03,0,0,0,30,0,0,0.00%,0.00%,-,0,0
2eafad414e98181edfefb201db0f152c,-,-,-,-,-,https://tutor-online.oss-cn-beijing.aliyuncs.com/growth/download-material/2eafad414e98181edfefb201db0f152c.mp4,一键修复_20260627-猿辅导高中双科-实拍-千川-分数痛点-买数学送物理-能上-张焱-dr小五-裂变-张晓洁yc-17.mp4,-,,,199元高中双科提分课,199元高中双科提分课,荔枝,其他,0,wangjiananbj03,2026/6/29,19,0.67,0,0,0,67,0,0,0.00%,0.00%,-,0,0
6e9b58ce067ec96b60a96597d422025d,-,-,-,-,-,https://tutor-online.oss-cn-beijing.aliyuncs.com/growth/download-material/6e9b58ce067ec96b60a96597d422025d.mp4,9元视频10002-0205-9物-十人-BWXY-贾成真-A3-B1-jzjw-blpy-pcc-ppzy-3,-,,,9元高中物理李博,9元高中物理李博,十人,其他,0,wangruixuebj01,2026/5/29,50,3.64,0,0,0,125.52,3640,0,0.00%,0.00%,-,0,0
288a463b033682a96207a7a6b828a724,-,-,-,-,-,https://tutor-online.oss-cn-beijing.aliyuncs.com/growth/download-material/288a463b033682a96207a7a6b828a724.mp4,0422-9物-自产-自产二-李博-曲中雨-子衿-A7-B1-无-14-yfdwl0428k1浩8-宽,-,,,9元高中物理李博,59元英语盒子,玄武,其他,0,wangruixuebj01,2026/5/23,56,2488.34,72,8,0.03,87.65,9874.37,311.04,1.15%,2.45%,-,0.28,285.71
07327d913abbfdac9e65cf1c09463445,-,-,-,-,-,https://img-pub.oss-cn-beijing-internal.aliyuncs.com/19eaafa04442c73.mp4,0604-9物-玄武-李博-A3-B5-yfdwl0605w1浩4-锴-建,-,,,9元高中物理李博,9元高中物理李博,玄武,代理商,0,wangruixuebj01,2026/6/10,38,219.89,9,1,0.04,130.42,11573.16,219.89,1.07%,5.56%,-,0.59,473.68
0b8aca74d57aba0bc872c6b8680a38e5,-,-,-,-,-,https://tutor-online.oss-cn-beijing.aliyuncs.com/growth/download-material/0b8aca74d57aba0bc872c6b8680a38e5.mp4,一键修复_20260704-猿辅导高中双科-实拍-视频号-ip李博-买物送数-199学三年-借课本-高二-常文茜-李博-叶俊泽yc-4-前贴.mp4,-,,,199元高中双科提分课,199元高中双科提分课,荔枝,其他,0,wangjiananbj03,2026/7/14,4,23.62,0,0,0,224.95,3936.67,0,5.71%,0.00%,-,0,0
710e513d62528cc1bce3a852b8434cec,-,-,-,-,-,https://tutor-online.oss-cn-beijing.aliyuncs.com/growth/download-material/710e513d62528cc1bce3a852b8434cec.mp4,0605-9物-十人-bwxy-ylb-A2-B4-jclb-pcc-2,-,,,9元高中物理李博,9元高中物理李博,十人,代理商,0,wangruixuebj01,2026/6/9,39,1314.29,36,4,0.03,129.64,7142.88,328.57,1.81%,2.17%,-,0.39,195.65
3f82f4d86978c0af9c9f298b85e094cc,-,-,-,-,-,https://tutor-online.oss-cn-beijing.aliyuncs.com/growth/download-material/3f82f4d86978c0af9c9f298b85e094cc.mp4,0701-199双科-申坤-李博-李天-姚恒-A2-B1-有-01,-,,,199元高中双科提分课,199元高中双科提分课,申坤,其他,0,wangjiananbj03,2026/7/10,8,3.58,0,0,0,447.5,0,0,0.00%,0.00%,-,0,0
6692d9c7f89ddfb79d97e2b36e47d16e,-,-,-,-,-,https://tutor-online.oss-cn-beijing.aliyuncs.com/growth/download-material/6692d9c7f89ddfb79d97e2b36e47d16e.mp4,20260710-猿辅导高中双科-实拍-活动-夏他-张焱-bj李赛-ts李琳玉-二创-高二高三-李文静ec-前贴图-2,-,,,199元高中双科提分课,199元高中双科提分课,荔枝,代理商,0,wangjiananbj03,2026/7/10,8,150.95,0,0,0,118.11,75475,0,0.39%,0%,-,0,0
7d8eddc3ba0932752b418dd588e4983f,-,-,-,-,-,https://tutor-online.oss-cn-beijing.aliyuncs.com/growth/download-material/7d8eddc3ba0932752b418dd588e4983f.mp4,0703-199双科-申坤-李博-李天-卞俊洁-A2-B4-无-5,-,,,199元高中双科提分课,199元高中双科提分课,申坤,其他,0,wangjiananbj03,2026/7/10,8,5.32,0,0,0,143.78,0,0,0.00%,0.00%,-,0,0
8dcd41113fcd0511ca094d8e63ce0e2d,-,-,-,-,-,https://tutor-online.oss-cn-beijing.aliyuncs.com/growth/download-material/8dcd41113fcd0511ca094d8e63ce0e2d.mp4,20260707-猿辅导高中双科-实拍-千川-买物送数-专家分享-跟你学-高二高三-李莹莹-b宋钦冲-叶俊泽yc-1,-,,,199元高中双科提分课,199元高中双科提分课,自投放,其他,0,wangjiananbj03,2026/7/16,2,2.51,0,0,0,23.9,2510,0,0.95%,0%,-,0,0
2b038612ea2215d4210ac8e476b28262,-,-,-,-,-,https://tutor-online.oss-cn-beijing.aliyuncs.com/growth/download-material/2b038612ea2215d4210ac8e476b28262.mp4,20260616-猿辅导高中双科-实拍-千川-方式方法-门槛低-常文茜-dr小五老师-张晓洁yc-2（前贴）,-,,,199元高中双科提分课,199元高中双科提分课,荔枝,代理商,0,wangjiananbj03,2026/6/24,24,0.07,0,0,0,11.67,0,0,0.00%,0.00%,-,0,0
1e2a6f71b39c43f97347381767d120e2,-,-,-,-,-,https://tutor-online.oss-cn-beijing.aliyuncs.com/growth/download-material/1e2a6f71b39c43f97347381767d120e2.mp4,20260626-猿辅导高中数物双科-实拍-活动-退了-张焱-cd张璐+李赛-裂变-张晓洁yc-6.1,-,,,199元高中双科提分课,199元高中双科提分课,荔枝,其他,0,wangjiananbj03,2026/7/16,2,6.53,0,0,0,45.35,6530,0,0.69%,0%,-,0,0
1ec98a6cdf31ff97150467a46fd300d6,-,-,-,-,-,https://tutor-online.oss-cn-beijing.aliyuncs.com/growth/download-material/1ec98a6cdf31ff97150467a46fd300d6.mp4,一键修复_20260527-猿辅导高中双科-实拍-ip李博-要不要-唐欣悦-ip李博-文涵立ec.mp4,-,,,199元高中双科提分课,199元高中双科提分课,荔枝,其他,0,wangjiananbj03,2026/6/2,46,0.13,0,0,0,65,130,0,50.00%,0.00%,-,0,0
d205dcf15b945a813b472105f568f7eb,-,-,-,-,-,https://tutor-online.oss-cn-beijing.aliyuncs.com/growth/download-material/d205dcf15b945a813b472105f568f7eb.mp4,0324-9物-自产-自产二-李博-巽阳xw-子衿-A2-B1-有-20-娇-迭代0410-【AI】,-,,,9元高中物理李博,59元英语盒子,玄武,代理商,0,wangruixuebj01,2026/5/3,76,993.8,27,3,0.03,136.85,8351.26,331.27,1.91%,2.16%,-,0.41,226.89
a085aebbd9d689a260573ab5f2af6f43,-,-,-,-,-,https://tutor-online.oss-cn-beijing.aliyuncs.com/growth/download-material/a085aebbd9d689a260573ab5f2af6f43.mp4,20260715-猿辅导高中双科-实拍-千川-活动-买数学送物理-再加-张焱-bj冷一丁-高一高二-李文静ec-视频号二创-横屏-5,-,,,199元高中双科提分课,199元高中双科提分课,荔枝,其他,0,wangjiananbj03,2026/7/16,2,7.97,0,0,0,23.17,7970,0,0.58%,0%,-,0,0
1e8e8f35ca723b0e63f09fa044a28f19,-,-,-,-,-,https://tutor-online.oss-cn-beijing.aliyuncs.com/growth/download-material/1e8e8f35ca723b0e63f09fa044a28f19.mp4,20260701-猿辅导高中双科-混剪-视频号-图-街道-张焱-裂变-张晓洁yc-10,-,,,199元高中双科提分课,199元高中双科提分课,荔枝,其他,0,wangjiananbj03,2026/7/4,14,0.53,0,0,0,12.93,0,0,0.00%,0.00%,-,0,0
ba158fc2d595554335f1ebd5ae53b00f,-,-,-,-,-,https://tutor-online.oss-cn-beijing.aliyuncs.com/growth/download-material/ba158fc2d595554335f1ebd5ae53b00f.mp4,0706-199双科-申坤-李博-李天-卞俊洁-A5-B5-有-高二高三-8,-,,,199元高中双科提分课,199元高中双科提分课,申坤,其他,0,wangjiananbj03,2026/7/7,11,0.06,0,0,0,4.29,0,0,0.00%,0.00%,-,0,0
093b81f017923410258222835b446cb3,-,-,-,-,-,https://tutor-online.oss-cn-beijing.aliyuncs.com/growth/download-material/093b81f017923410258222835b446cb3.mp4,0703-199双科-申坤-李博-李天-姚恒-A5-B4-有-02,-,,,199元高中双科提分课,199元高中双科提分课,申坤,其他,0,wangjiananbj03,2026/7/10,8,26.47,0,0,0,252.1,0,0,0.00%,0.00%,-,0,0
2dc4db982ef23761b372bf1d1e179953,-,-,-,-,-,https://tutor-online.oss-cn-beijing.aliyuncs.com/growth/download-material/2dc4db982ef23761b372bf1d1e179953.mp4,一键修复_20260622-猿辅导高中双科-混剪-图-一粒-张焱-张晓洁yc-1-改高二.mp4,-,,,199元高中双科提分课,199元高中双科提分课,荔枝,其他,0,wangjiananbj03,2026/6/22,26,143.93,199,1,1.38,128.05,7196.5,143.93,1.78%,5.00%,-,0.89,9950
ef21c2958937a543696c1d92437dab1f,-,-,-,-,-,https://tutor-online.oss-cn-beijing.aliyuncs.com/growth/download-material/ef21c2958937a543696c1d92437dab1f.mp4,一键修复_20260626-猿辅导高中双科-实拍-ip李博-自己学-张焱--李文静ec-视频号二创-8.mp4,-,,,199元高中双科提分课,199元高中双科提分课,荔枝,其他,0,wangjiananbj03,2026/7/1,17,1.18,0,0,0,196.67,0,0,0.00%,0.00%,-,0,0
7d454a9a2a1f2403e5fdb14e2a412742,-,-,-,-,-,https://tutor-online.oss-cn-beijing.aliyuncs.com/growth/download-material/7d454a9a2a1f2403e5fdb14e2a412742.mp4,一键修复_20260625-猿辅导高中双科-实拍-活动-买数送物-你咋不说-618-唐欣悦-bj李栎-裂变-张晓洁yc-3.mp4,-,,,199元高中双科提分课,199元高中双科提分课,荔枝,其他,0,wangjiananbj03,2026/6/26,22,0.01,0,0,0,10,10,0,100.00%,0.00%,-,0,0
6f482fda6b7a18c9a4da8697b49cade3,-,-,-,-,-,https://tutor-online.oss-cn-beijing.aliyuncs.com/growth/download-material/6f482fda6b7a18c9a4da8697b49cade3.mp4,20260710-0606-199双科-自产-自产主-李博-曲中雨-子衿-A6-B2-ts罗雅雯-高二-二创-李文静ec-前贴图-1,-,,,199元高中双科提分课,199元高中双科提分课,自投放,其他,0,wangjiananbj03,2026/7/13,5,502.32,0,0,0,89.56,23920,0,0.52%,0%,-,0,0
758e59267831c94d23c66969863f0fff,-,-,-,-,-,https://tutor-online.oss-cn-beijing.aliyuncs.com/growth/download-material/758e59267831c94d23c66969863f0fff.mp4,20260713-猿辅导高中双科-实拍-千川-性价比-买物送数-199学全年-幸亏-唐欣悦-cd张璐-岳久鸿-裂变-张晓洁yc-1.mp4,-,,,199元高中双科提分课,199元高中双科提分课,荔枝,其他,0,wangjiananbj03,2026/7/14,4,0.88,0,0,0,51.76,880,0,5.88%,0.00%,-,0,0
fcafc6fd2327c8c9afb017ea4d855d5e,-,-,-,-,-,https://tutor-online.oss-cn-beijing.aliyuncs.com/growth/download-material/fcafc6fd2327c8c9afb017ea4d855d5e.mp4,0703-199双科-申坤-李博-李天-卞俊洁-A3-B4-有-17,-,,,199元高中双科提分课,199元高中双科提分课,申坤,其他,0,wangjiananbj03,2026/7/5,13,22.25,0,0,0,63.21,11125,0,0.57%,0%,-,0,0
b7291cd8cc8582116d10215a31b2d5af,-,-,-,-,-,https://tutor-online.oss-cn-beijing.aliyuncs.com/growth/download-material/b7291cd8cc8582116d10215a31b2d5af.mp4,20260629-猿辅导高中双科-实拍-千川-活动-199学三年-不屑一顾-唐欣悦-cd康艺凡-岳久鸿-叶俊泽yc-3.mp4,-,,,199元高中双科提分课,199元高中双科提分课,荔枝,其他,0,wangjiananbj03,2026/7/3,15,5.23,0,0,0,290.56,1046,0,27.78%,0.00%,-,0,0
4b6e0fd6d82c9508e47e49951b428184,-,-,-,-,-,https://tutor-online.oss-cn-beijing.aliyuncs.com/growth/download-material/4b6e0fd6d82c9508e47e49951b428184.mp4,0616-9物-玄武-李博-王子建-李明雪-A7-B2-有-5-【AI】-yfdwl0623w1浩5-雪-建-首,-,,,9元高中物理李博,9元高中物理李博,玄武,代理商,0,wangruixuebj01,2026/6/26,22,260.93,0,0,0,139.31,7052.16,0,2.03%,0%,-,0,0
4561cc2808492e578057243804a431ae,-,-,-,-,-,https://tutor-online.oss-cn-beijing.aliyuncs.com/growth/download-material/4561cc2808492e578057243804a431ae.mp4,20260617-猿辅导高中双科-实拍-活动-夏他-张焱-bj李赛-二创-张晓洁ec-1.mp4,-,,,199元高中双科提分课,199元高中双科提分课,荔枝,其他,0,wangjiananbj03,2026/6/18,30,13.3,0,0,0,195.59,13300,0,1.47%,0.00%,-,0,0
120c8b4805f7e0d131662b997262bd91,-,-,-,-,-,https://tutor-online.oss-cn-beijing.aliyuncs.com/growth/download-material/120c8b4805f7e0d131662b997262bd91.mp4,20260612-猿辅导高中双科-实拍-千川-专家分享-买数学送物理-拼思维方法-常文茜-dr小五老师--张雪依yc-1（前贴版）.mp4,-,,,199元高中双科提分课,199元高中双科提分课,荔枝,其他,0,wangjiananbj03,2026/6/18,30,0.07,0,0,0,70,0,0,0.00%,0.00%,-,0,0
e24ccbab48aaf4ae94bd4d73fa2ed1d7,-,-,-,-,-,https://tutor-online.oss-cn-beijing.aliyuncs.com/growth/download-material/e24ccbab48aaf4ae94bd4d73fa2ed1d7.mp4,0706-199双科-申坤-李博-李天-卞俊洁-A5-B5-有-高二高三-3,-,,,199元高中双科提分课,199元高中双科提分课,申坤,其他,0,wangjiananbj03,2026/7/7,11,1022.92,597,3,0.58,81.77,17048.67,340.97,0.71%,3.37%,-,0.24,9950
13894ac0c04e06475f7d949558684afe,-,-,-,-,-,https://tutor-online.oss-cn-beijing.aliyuncs.com/growth/download-material/13894ac0c04e06475f7d949558684afe.mp4,20260627-猿辅导高中数学-实拍-活动-算什么-张焱-bj张婕希-裂变-张晓洁ec-19,-,,,199元高中双科提分课,199元高中双科提分课,荔枝,代理商,0,wangjiananbj03,2026/7/9,9,0.96,0,0,0,87.27,0,0,0.00%,0.00%,-,0,0
8af8a9cad8d4c8788cbdd8078b12f3ca,-,-,-,-,-,https://tutor-online.oss-cn-beijing.aliyuncs.com/growth/download-material/8af8a9cad8d4c8788cbdd8078b12f3ca.mp4,0709-199双科-申坤-王晶-李天-张佳乐-A1-B4-无-高二高三-5,-,,,199元高中双科提分课,199元高中双科提分课,申坤,其他,0,wangjiananbj03,2026/7/14,4,8.01,0,0,0,11.88,2670,0,0.45%,0%,-,0,0
e64f66c4922a9db3aaa534ad571986af,-,-,-,-,-,https://tutor-online.oss-cn-beijing.aliyuncs.com/growth/download-material/e64f66c4922a9db3aaa534ad571986af.mp4,20260701-猿辅导高中双科-混剪-视频号-图-广告夕阳-张焱-裂变-张晓洁yc-8.mp4,-,,,199元高中双科提分课,199元高中双科提分课,荔枝,其他,0,wangjiananbj03,2026/7/3,15,1.59,0,0,0,46.76,530,0,8.82%,0.00%,-,0,0
a5b151bc19b761c5e24ee33755373452,-,-,-,-,-,https://tutor-online.oss-cn-beijing.aliyuncs.com/growth/download-material/a5b151bc19b761c5e24ee33755373452.mp4,一键修复_20260626-猿辅导高中双科-图文混剪--建议-高三-唐欣悦-补量二创-张晓洁ec-3.1.mp4,-,,,199元高中双科提分课,199元高中双科提分课,荔枝,其他,0,wangjiananbj03,2026/6/26,22,0.13,0,0,0,65,0,0,0.00%,0.00%,-,0,0
e5cd97b788c431a2f25e6a237e88dc75,-,-,-,-,-,https://tutor-online.oss-cn-beijing.aliyuncs.com/growth/download-material/e5cd97b788c431a2f25e6a237e88dc75.mp4,一键修复_20260630-猿辅导高中双科-实拍-千川-买物送数-专家分享-怎么样-高二高三-李莹莹-cd小墨-詹铠任-叶俊泽yc-1-前贴.mp4,-,,,199元高中双科提分课,199元高中双科提分课,荔枝,其他,0,wangjiananbj03,2026/7/10,8,6.95,0,0,0,267.31,1737.5,0,15.38%,0.00%,-,0,0
36c9c3e112ef439078c24b1af6cf3428,-,-,-,-,-,https://tutor-online.oss-cn-beijing.aliyuncs.com/growth/download-material/36c9c3e112ef439078c24b1af6cf3428.mp4,20260626-猿辅导高中双科-口播-大字报-封双-张焱-袁北辰yc-1.1-无头像.mp4,-,,,199元高中双科提分课,199元高中双科提分课,荔枝,其他,0,wangjiananbj03,2026/6/26,22,52.24,0,0,0,829.21,4353.33,0,19.05%,0.00%,-,0,0
a72985ea4b46a0f9cb671ebab85ef978,-,-,-,-,-,https://tutor-online.oss-cn-beijing.aliyuncs.com/growth/download-material/a72985ea4b46a0f9cb671ebab85ef978.mp4,20260630-猿辅导高中双科-实拍-活动-多少-张焱-bj李赛-袁北辰ec-二创-1,-,,,199元高中双科提分课,199元高中双科提分课,荔枝,其他,0,wangjiananbj03,2026/7/17,1,7.35,0,0,0,62.29,0,0,0.00%,0.00%,-,0,0
78bfcacd7756fa56e934e1587762ca1e,-,-,-,-,-,https://tutor-online.oss-cn-beijing.aliyuncs.com/growth/download-material/78bfcacd7756fa56e934e1587762ca1e.mp4,一键修复_20260626-猿辅导高中双科-实拍-千川-暑假规划-你等一下-常文茜-bj郭铭泽-二创-张晓洁ec-9.1.mp4,-,,,199元高中双科提分课,199元高中双科提分课,荔枝,其他,0,wangjiananbj03,2026/6/30,18,3.43,0,0,0,311.82,0,0,0.00%,0.00%,-,0,0
d8b1ae7e29cf9f687a122cf0a296ce60,-,-,-,-,-,https://tutor-online.oss-cn-beijing.aliyuncs.com/growth/download-material/d8b1ae7e29cf9f687a122cf0a296ce60.mp4,一键修复_20260624-猿辅导高中双科-实拍-视频号-IP-李博-再苦-张焱-IP-李博-张晓洁yc-8.1.mp4,-,,,199元高中双科提分课,199元高中双科提分课,荔枝,其他,0,wangjiananbj03,2026/6/29,19,5.18,0,0,0,199.23,863.33,0,23.08%,0.00%,-,0,0
6e667f8c25f4ffecd6355f42a7c5095d,-,-,-,-,-,https://tutor-online.oss-cn-beijing.aliyuncs.com/growth/download-material/6e667f8c25f4ffecd6355f42a7c5095d.mp4,一键修复_20260625-猿辅导高中数物双科-实拍-活动-退了-张焱-cd张璐-裂变-张晓洁yc-2.mp4,-,,,199元高中双科提分课,199元高中双科提分课,荔枝,其他,0,wangjiananbj03,2026/6/26,22,4.34,0,0,0,180.83,4340,0,4.17%,0.00%,-,0,0
abf8bcf7263438fe706495715ce976de,-,-,-,-,-,https://tutor-online.oss-cn-beijing.aliyuncs.com/growth/download-material/abf8bcf7263438fe706495715ce976de.mp4,20260617-猿辅导高中双科-实拍-活动-夏他-张焱-bj李赛-二创-张晓洁ec-1,-,,,199元高中双科提分课,199元高中双科提分课,荔枝,其他,0,wangjiananbj03,2026/7/4,14,1.91,0,0,0,32.93,0,0,0.00%,0.00%,-,0,0
5589b4470127f1e8c265f12e191e1ccd,-,-,-,-,-,https://tutor-online.oss-cn-beijing.aliyuncs.com/growth/download-material/5589b4470127f1e8c265f12e191e1ccd.mp4,20260703-猿辅导高中双科-实拍-千川-方式方法-买物送数-疯了疯了-常文茜-cd康艺凡-岳久鸿-叶俊泽yc-2-前贴,-,,,199元高中双科提分课,199元高中双科提分课,自投放,其他,0,wangjiananbj03,2026/7/17,1,4.61,0,0,0,28.99,2305,0,1.26%,0%,-,0,0
d31f13f80a5e30fe27542b5ef549addc,-,-,-,-,-,https://tutor-online.oss-cn-beijing.aliyuncs.com/growth/download-material/d31f13f80a5e30fe27542b5ef549addc.mp4,0715-9物-自产-自产二-李博-巽阳xw-子衿-A2-B1-有-20-娇-【AI】,-,,,9元高中物理李博,9元高中物理李博,玄武,代理商,0,wangruixuebj01,2026/7/16,2,0.24,0,0,0,4.44,0,0,0.00%,0.00%,-,0,0
15ef8c0ec34e51cf2ce4943ed2376471,-,-,-,-,-,https://tutor-online.oss-cn-beijing.aliyuncs.com/growth/download-material/15ef8c0ec34e51cf2ce4943ed2376471.mp4,20260530-猿辅导高中双科-混剪-图-一粒备-张焱-曾柔雪yc-1.mp4,-,,,199元高中双科提分课,199元高中双科提分课,荔枝,其他,0,wangjiananbj03,2026/5/30,49,0.44,0,0,0,40,0,0,0.00%,0.00%,-,0,0
172c3ba6ea66a3b234b18e5476e3b163,-,-,-,-,-,https://tutor-online.oss-cn-beijing.aliyuncs.com/growth/download-material/172c3ba6ea66a3b234b18e5476e3b163.mp4,20260703-猿辅导高中双科-口播-活动-选哪栎-张焱-bj李栎-叶俊泽yc-5.mp4,-,,,199元高中双科提分课,199元高中双科提分课,荔枝,其他,0,wangjiananbj03,2026/7/10,8,10.46,0,0,0,316.97,3486.67,0,9.09%,0.00%,-,0,0
3ed8731c2986a8b65763201eef7ecb85,-,-,-,-,-,https://tutor-online.oss-cn-beijing.aliyuncs.com/growth/download-material/3ed8731c2986a8b65763201eef7ecb85.mp4,一键修复_0610-199双科-自产-自产主-李博-视觉锤-子衿-A1-B4-无-1.mp4,-,,,199元高中双科提分课,199元高中双科提分课,荔枝,其他,0,wangjiananbj03,2026/6/19,29,0.08,0,0,0,20,80,0,25.00%,0.00%,-,0,0
87ce8a984a8c9c1c8cc50c02533a5c5d,-,-,-,-,-,https://tutor-online.oss-cn-beijing.aliyuncs.com/growth/download-material/87ce8a984a8c9c1c8cc50c02533a5c5d.mp4,20260523-猿辅导高中双科-实拍-活动-撕开-张焱-bj冷一丁-修改-张晓洁ec-1.1.mp4,-,,,199元高中双科提分课,199元高中双科提分课,荔枝,其他,0,wangjiananbj03,2026/5/25,54,0.31,0,0,0,51.67,0,0,0.00%,0.00%,-,0,0
2f4307d80e99814b00fa7fda19d82bf4,-,-,-,-,-,https://tutor-online.oss-cn-beijing.aliyuncs.com/growth/download-material/2f4307d80e99814b00fa7fda19d82bf4.mp4,20260622-猿辅导高中双科-实拍-活动-多少-张焱-bj李赛-张晓洁yc-改高二.mp4,-,,,199元高中双科提分课,199元高中双科提分课,荔枝,其他,0,wangjiananbj03,2026/6/22,26,594.63,0,0,0,126.41,7623.46,0,1.66%,0.00%,-,0,0
ff26b0d381ef3ee8c31bf5267ee88de3,-,-,-,-,-,https://tutor-online.oss-cn-beijing.aliyuncs.com/growth/download-material/ff26b0d381ef3ee8c31bf5267ee88de3.mp4,20260711-猿辅导高中双科-实拍-千川-活动-高二高三-五科-售卖-张焱-bj李栎--李文静ec-二创-5.mp4,-,,,199元高中双科提分课,199元高中双科提分课,荔枝,其他,0,wangjiananbj03,2026/7/13,5,7.16,0,0,0,179,0,0,0.00%,0.00%,-,0,0
8cd63358ef23fbec1dd640c56057c96d,-,-,-,-,-,https://tutor-online.oss-cn-beijing.aliyuncs.com/growth/download-material/8cd63358ef23fbec1dd640c56057c96d.mp4,0706-9物-玄武-李博-王成仡-彩丽-方法优势-贩卖焦虑-有-6-yfdwl0706G4浩6-丽-龙-仡-首,-,,,9元高中物理李博,9元高中物理李博,玄武,代理商,0,wangruixuebj01,2026/7/14,4,133.06,0,0,0,85.19,5544.17,0,1.66%,0%,-,0,0
7d6a9ff73c8a82192dcf99cfcb7d65bb,-,-,-,-,-,https://tutor-online.oss-cn-beijing.aliyuncs.com/growth/download-material/7d6a9ff73c8a82192dcf99cfcb7d65bb.mp4,20260703-猿辅导高中双科-实拍-视频号-ip李博-买物送数-199学三年-疯狂-常文茜-李博--李文静yc-1-前贴,-,,,199元高中双科提分课,199元高中双科提分课,荔枝,其他,0,wangjiananbj03,2026/7/11,7,2.89,0,0,0,16.71,0,0,0.00%,0.00%,-,0,0
5d3b785069632350fcc0af80215eb060,-,-,-,-,-,https://tutor-online.oss-cn-beijing.aliyuncs.com/growth/download-material/5d3b785069632350fcc0af80215eb060.mp4,9元视频1198-0703-9物-代理-十人-李博-jjsx-bwxy-A2-B1-pcc-pwjl-有-3-知识点,-,,,9元高中物理李博,9元高中物理李博,十人,代理商,0,wangruixuebj01,2026/7/14,4,27.77,9,1,0.32,210.38,6942.5,27.77,3.03%,25.00%,-,7.58,2250
d262cf1ed3206b38e8ae7a850ba3f32b,-,-,-,-,-,https://tutor-online.oss-cn-beijing.aliyuncs.com/growth/download-material/d262cf1ed3206b38e8ae7a850ba3f32b.mp4,9元视频1203-0706-9物-十人-bwxy-ylb-A2-B4-jzmj-bwxy-pcc-h-1（2）(2),-,,,9元高中物理李博,9元高中物理李博,十人,代理商,0,wangruixuebj01,2026/7/11,7,52.95,0,0,0,162.92,7564.29,0,3.08%,0%,-,0,0
b81ef91da990f2bd9bf0805aada1551f,-,-,-,-,-,https://tutor-online.oss-cn-beijing.aliyuncs.com/growth/download-material/b81ef91da990f2bd9bf0805aada1551f.mp4,20260713-猿辅导高中双科-实拍-活动-通用-五科-不是冷-张焱-bj冷一丁--张晓洁yc-1.2（前贴1）,-,,,199元高中双科提分课,199元高中双科提分课,荔枝,其他,0,wangjiananbj03,2026/7/17,1,0.09,0,0,0,90,0,0,0.00%,0.00%,-,0,0
d3f48a22b7c08147aa5628fd62772d52,-,-,-,-,-,https://tutor-online.oss-cn-beijing.aliyuncs.com/growth/download-material/d3f48a22b7c08147aa5628fd62772d52.mp4,20260605-猿辅导高中双科-实拍-视频号-ip李博-买物送数-199学三年-毫无困难-常文茜-IP李博--詹铠任yc.mp4,-,,,199元高中双科提分课,199元高中双科提分课,荔枝,其他,0,wangjiananbj03,2026/6/16,32,2.88,0,0,0,261.82,2880,0,9.09%,0.00%,-,0,0
c504c54c32d4353a17b3541842c5d64d,-,-,-,-,-,https://tutor-online.oss-cn-beijing.aliyuncs.com/growth/download-material/c504c54c32d4353a17b3541842c5d64d.mp4,20260618-猿辅导高中双科-混剪-视频号-图-男孩-张焱-张晓洁yc-1.mp4,-,,,199元高中双科提分课,199元高中双科提分课,荔枝,其他,0,wangjiananbj03,2026/6/18,30,1.45,0,0,0,63.04,362.5,0,17.39%,0.00%,-,0,0
ec5c35767f322ff3fd304464e7d33fa0,-,-,-,-,-,https://tutor-online.oss-cn-beijing.aliyuncs.com/growth/download-material/ec5c35767f322ff3fd304464e7d33fa0.mp4,20260524-猿辅导高中双科-实拍-ip李博-通知-唐欣悦-ip李博-文涵立yc-前贴.mp4,-,,,199元高中双科提分课,199元高中双科提分课,荔枝,其他,0,wangjiananbj03,2026/5/26,53,0.66,0,0,0,132,0,0,0.00%,0.00%,-,0,0
081fb7c540620262e692650a399bfda2,-,-,-,-,-,https://tutor-online.oss-cn-beijing.aliyuncs.com/growth/download-material/081fb7c540620262e692650a399bfda2.mp4,20260704-猿辅导高中双科-实拍-千川-买数送物-199学三年--唐欣悦-bj于靖-叶俊泽ec-二创-9,-,,,199元高中双科提分课,199元高中双科提分课,荔枝,其他,0,wangjiananbj03,2026/7/11,7,0.44,0,0,0,73.33,440,0,16.67%,0%,-,0,0
58c96c97f13d66f9584d26ef47c3bbbe,-,-,-,-,-,https://tutor-online.oss-cn-beijing.aliyuncs.com/growth/download-material/58c96c97f13d66f9584d26ef47c3bbbe.mp4,0710-199双科-申坤-李博-李天-卞俊洁-A2-B4-无-2,-,,,199元高中双科提分课,199元高中双科提分课,申坤,其他,0,wangjiananbj03,2026/7/12,6,0.09,0,0,0,12.86,0,0,0.00%,0.00%,-,0,0
3ac65ebe224a4c5f3a39047d8af3daa7,-,-,-,-,-,https://tutor-online.oss-cn-beijing.aliyuncs.com/growth/download-material/3ac65ebe224a4c5f3a39047d8af3daa7.mp4,20260602-猿辅导高中双科-混剪-千川-内容-效果前置-忠告-唐欣悦---张晓洁yc-2.mp4,-,,,199元高中双科提分课,199元高中双科提分课,荔枝,其他,0,wangjiananbj03,2026/6/2,46,10.12,0,0,0,273.51,1686.67,0,16.22%,0.00%,-,0,0
b3fcb44007ec3d3fd800fda1e8a9cb49,-,-,-,-,-,https://tutor-online.oss-cn-beijing.aliyuncs.com/growth/download-material/b3fcb44007ec3d3fd800fda1e8a9cb49.mp4,20260610-猿辅导高中双科-实拍-视频号-ip李博-买物送数-睡觉-张焱-IP李博-袁北辰ec-二创-举牌-8,-,,,199元高中双科提分课,199元高中双科提分课,荔枝,代理商,0,wangjiananbj03,2026/6/26,22,0.35,0,0,0,16.67,0,0,0.00%,0.00%,-,0,0
572984dee9c88a8bb7c697891fc9a064,-,-,-,-,-,https://tutor-online.oss-cn-beijing.aliyuncs.com/growth/download-material/572984dee9c88a8bb7c697891fc9a064.mp4,0610-199双科-自产-自产主-李博-视觉锤-子衿-A3-B1-有-4.mp4,-,,,199元高中双科提分课,199元高中双科提分课,荔枝,其他,0,wangjiananbj03,2026/6/19,29,0.1,0,0,0,16.67,0,0,0.00%,0.00%,-,0,0
4b61edeaddf5350235f50422f42f95f6,-,-,-,-,-,https://tutor-online.oss-cn-beijing.aliyuncs.com/growth/download-material/4b61edeaddf5350235f50422f42f95f6.mp4,一键修复_20260704-猿辅导高中双科-实拍-千川-买物送数-199学三年--唐欣悦-cd琳瑶-岳久鸿-二创-叶俊泽ec-12.改.mp4,-,,,199元高中双科提分课,199元高中双科提分课,荔枝,其他,0,wangjiananbj03,2026/7/16,2,9.51,0,0,0,139.85,0,0,0.00%,0.00%,-,0,0
c5f7ade6eb0366ead43d6c00cfe693da,-,-,-,-,-,https://tutor-online.oss-cn-beijing.aliyuncs.com/growth/download-material/c5f7ade6eb0366ead43d6c00cfe693da.mp4,9元视频965-0519-9物-十人-bmqr-ylb-A2-B4-jjsx-pwjl-1,-,,,9元高中物理李博,9元高中物理李博,十人,其他,0,wangruixuebj01,2026/5/23,56,2241.88,54,6,0.02,203,10989.61,373.65,1.81%,3.00%,-,0.54,264.71
991143c8e73ca53a53d726c8e6bb112d,-,-,-,-,-,https://tutor-online.oss-cn-beijing.aliyuncs.com/growth/download-material/991143c8e73ca53a53d726c8e6bb112d.mp4,20260701-猿辅导高中双科-混剪-视频号-图-广告-张焱-裂变-张晓洁yc-7.mp4,-,,,199元高中双科提分课,199元高中双科提分课,荔枝,其他,0,wangjiananbj03,2026/7/3,15,27.28,0,0,0,290.21,3410,0,8.51%,0.00%,-,0,0
a481deef61be47f23d566d99783611a3,-,-,-,-,-,https://tutor-online.oss-cn-beijing.aliyuncs.com/growth/download-material/a481deef61be47f23d566d99783611a3.mp4,20260710-猿辅导高中双科-实拍-活动-199学三年-买数送物-通用-买数送物-傻子-唐欣悦-cd文雨婷-岳久鸿-詹铠任yc-前贴.mp4,-,,,199元高中双科提分课,199元高中双科提分课,荔枝,其他,0,wangjiananbj03,2026/7/11,7,3.26,0,0,0,81.5,652,0,12.50%,0.00%,-,0,0
d9d9d042983ca56eb40ba70448180bd7,-,-,-,-,-,https://tutor-online.oss-cn-beijing.aliyuncs.com/growth/download-material/d9d9d042983ca56eb40ba70448180bd7.mp4,20260703-猿辅导高中双科-实拍-活动-买数送物-全年-跟你-张焱-cd鲨鱼- 李文静ec-二创-3.mp4,-,,,199元高中双科提分课,199元高中双科提分课,荔枝,代理商,0,wangjiananbj03,2026/7/7,11,3935.69,2189,11,0.56,81.54,4741.8,357.79,1.72%,1.33%,-,0.23,2637.35
9427f9fb3a64fd76d533e8cc597cc769,-,-,-,-,-,https://tutor-online.oss-cn-beijing.aliyuncs.com/growth/download-material/9427f9fb3a64fd76d533e8cc597cc769.mp4,20260709-猿辅导高中双科-实拍-暑假规划-买数送物-高二+高三-买数送物-请退掉-高二高三-李莹莹-bj李腾飞-叶俊泽yc-5-前贴,-,,,199元高中双科提分课,199元高中双科提分课,荔枝,其他,0,wangjiananbj03,2026/7/17,1,17.29,0,0,0,42.27,2470,0,1.71%,0%,-,0,0
29ac66349b0cd10367c4df684580292e,-,-,-,-,-,https://tutor-online.oss-cn-beijing.aliyuncs.com/growth/download-material/29ac66349b0cd10367c4df684580292e.mp4,0707-199双科-申坤-李博-李天-卞俊洁-A2-B4-无-高二高三-2,-,,,199元高中双科提分课,199元高中双科提分课,申坤,其他,0,wangjiananbj03,2026/7/7,11,541.89,398,2,0.73,211.18,27094.5,270.95,1.29%,6.06%,-,0.78,19900
6c4083b0c2f4bb1c07ae9049a2c5bf1c,-,-,-,-,-,https://tutor-online.oss-cn-beijing.aliyuncs.com/growth/download-material/6c4083b0c2f4bb1c07ae9049a2c5bf1c.mp4,0616-9物-十人-bwxy-ylb-A2-B4-jclb-h-pwjl-3(1),-,,,9元高中物理李博,9元高中物理李博,十人,代理商,0,wangruixuebj01,2026/6/16,32,10.83,0,0,0,74.69,0,0,0.00%,0.00%,-,0,0
32895173724511bd8f0758f5383dc474,-,-,-,-,-,https://tutor-online.oss-cn-beijing.aliyuncs.com/growth/download-material/32895173724511bd8f0758f5383dc474.mp4,20260618-猿辅导高中双科-混剪-视频号-图-男孩-张焱-张晓洁yc-4,-,,,199元高中双科提分课,199元高中双科提分课,荔枝,代理商,0,wangjiananbj03,2026/6/20,28,0.03,0,0,0,5,0,0,0.00%,0.00%,-,0,0
bc627847ffc4a95bbf40d8fbc825b315,-,-,-,-,-,https://tutor-online.oss-cn-beijing.aliyuncs.com/growth/download-material/bc627847ffc4a95bbf40d8fbc825b315.mp4,20260627-猿辅导高中双科-实拍-千川-线下班对比-买数送物-太有钱-唐欣悦-cd康艺凡-岳久鸿-詹铠任yc.mp4,-,,,199元高中双科提分课,199元高中双科提分课,荔枝,其他,0,wangjiananbj03,2026/7/3,15,5.74,0,0,0,410,5740,0,7.14%,0.00%,-,0,0
6e3aa2516c0178ef28dbf7c98216d036,-,-,-,-,-,https://tutor-online.oss-cn-beijing.aliyuncs.com/growth/download-material/6e3aa2516c0178ef28dbf7c98216d036.mp4,一键修复_20260707-猿辅导高中双科-实拍-6天提分-199学全年-通用-买数送物-不可能-唐欣悦-bj杨子玄-李文静yc-2.mp4,-,,,199元高中双科提分课,199元高中双科提分课,荔枝,其他,0,wangjiananbj03,2026/7/11,7,7.23,0,0,0,56.48,2410,0,2.34%,0.00%,-,0,0
ea1b7531a72aa08490ecb78b79ada69c,-,-,-,-,-,https://tutor-online.oss-cn-beijing.aliyuncs.com/growth/download-material/ea1b7531a72aa08490ecb78b79ada69c.mp4,20260601-猿辅导高中双科-混剪-框-张焱-张晓洁yc-3.2-改高二,-,,,199元高中双科提分课,199元高中双科提分课,自投放,其他,0,wangjiananbj03,2026/7/10,8,466.48,0,0,0,101.61,24551.58,0,0.59%,0%,-,0,0
d34c51582e36f61895f6618d8e81228a,-,-,-,-,-,https://tutor-online.oss-cn-beijing.aliyuncs.com/growth/download-material/d34c51582e36f61895f6618d8e81228a.mp4,20260626-猿辅导高中数物双科-实拍-活动-退了-张焱-cd张璐+李赛-裂变-张晓洁yc-6.1,-,,,199元高中双科提分课,199元高中双科提分课,荔枝,其他,0,wangjiananbj03,2026/7/12,6,244.6,0,0,0,100.2,12230,0,1.15%,0%,-,0,0
803695c635035fd8c6ad5c237b873c94,-,-,-,-,-,https://tutor-online.oss-cn-beijing.aliyuncs.com/growth/download-material/803695c635035fd8c6ad5c237b873c94.mp4,20260613-猿辅导高中双科-实拍-千川-线下班对比-买数送物-199学三年-婆婆恨-唐欣悦-bj庄紫薇-张雪依ec-二创-4,-,,,199元高中双科提分课,199元高中双科提分课,荔枝,其他,0,wangjiananbj03,2026/6/29,19,1.82,0,0,0,60.67,0,0,0.00%,0.00%,-,0,0
80edbe6513a65e2aaa80e51609e91376,-,-,-,-,-,https://tutor-online.oss-cn-beijing.aliyuncs.com/growth/download-material/80edbe6513a65e2aaa80e51609e91376.mp4,20260611-猿辅导高中双科-混剪-图-坚持-张焱---李文静ec-视频号二创-6,-,,,199元高中双科提分课,199元高中双科提分课,荔枝,代理商,0,wangjiananbj03,2026/6/11,37,4.56,0,0,0,51.24,4560,0,1.12%,0%,-,0,0
13abfb52a9ca09dbd8ad3f62476bc25e,-,-,-,-,-,https://tutor-online.oss-cn-beijing.aliyuncs.com/growth/download-material/13abfb52a9ca09dbd8ad3f62476bc25e.mp4,20260626-猿辅导高中双科-实拍-活动-夏他-张焱-bj李赛-二创-林文斌-张晓洁ec-1（镜像,-,,,199元高中双科提分课,199元高中双科提分课,荔枝,其他,0,wangjiananbj03,2026/7/7,11,82.93,0,0,0,91.43,10366.25,0,0.99%,0%,-,0,0
9c869e398756ef03075d896f414a4676,-,-,-,-,-,https://tutor-online.oss-cn-beijing.aliyuncs.com/growth/download-material/9c869e398756ef03075d896f414a4676.mp4,一键修复_20260610-猿辅导高中双科-混剪-视频号-图-黑播-张焱-张晓洁yc-1.1.mp4,-,,,199元高中双科提分课,199元高中双科提分课,荔枝,其他,0,wangjiananbj03,2026/6/11,37,0.35,0,0,0,70,0,0,0.00%,0.00%,-,0,0
8c2ccd8267b20872d87139f69b66eb42,-,-,-,-,-,https://tutor-online.oss-cn-beijing.aliyuncs.com/growth/download-material/8c2ccd8267b20872d87139f69b66eb42.mp4,yfdwl0109z1浩8-锴-莹-龙-去前贴,-,,,9元高中物理李博,中价例子-人人都能学懂的奥数,玄武,其他,0,wangruixuebj01,2026/3/2,138,619.23,36,4,0.06,131.3,7371.79,154.81,1.82%,4.65%,-,0.85,428.57
d98a95a729a298d576c6880bb846e935,-,-,-,-,-,https://tutor-online.oss-cn-beijing.aliyuncs.com/growth/download-material/d98a95a729a298d576c6880bb846e935.mp4,20260701-猿辅导高中双科-实拍-活动-买数送物-你咋不说-唐欣悦-bj李栎-ts徐鑫悦-二创-张晓洁ec-9.mp4,-,,,199元高中双科提分课,199元高中双科提分课,荔枝,其他,0,wangjiananbj03,2026/7/7,11,5.72,0,0,0,127.11,1906.67,0,6.67%,0.00%,-,0,0
02b3ccad6bbaa1999223402366fe842c,-,-,-,-,-,https://tutor-online.oss-cn-beijing.aliyuncs.com/growth/download-material/02b3ccad6bbaa1999223402366fe842c.mp4,一键修复_0610-199双科-自产-自产主-李博-视觉锤-子衿-A1-B4-有-1.mp4,-,,,199元高中双科提分课,199元高中双科提分课,荔枝,其他,0,wangjiananbj03,2026/6/19,29,0.7,0,0,0,140,700,0,20.00%,0.00%,-,0,0
ee81c3153272895e1881f9a76580d420,-,-,-,-,-,https://tutor-online.oss-cn-beijing.aliyuncs.com/growth/download-material/ee81c3153272895e1881f9a76580d420.mp4,20260603-猿辅导高中双科-实拍-活动-不是-张焱-bj张捷希-袁北辰ec-二创-4,-,,,199元高中双科提分课,199元高中双科提分课,荔枝,其他,0,wangjiananbj03,2026/6/23,25,0,0,0,0,0,0,0,0.00%,0.00%,-,0,0
b34314199c4629452356c42813df81d5,-,-,-,-,-,https://tutor-online.oss-cn-beijing.aliyuncs.com/growth/download-material/b34314199c4629452356c42813df81d5.mp4,20260624-9物-代理-启航-李博-【b1-p6-a3-37-0624】-A5-B5-有-2,-,,,9元高中物理李博,9元高中物理李博,启航,代理商,0,wangruixuebj01,2026/6/30,18,599.92,18,2,0.03,106.39,6665.78,299.96,1.72%,2.06%,-,0.35,200
4d5791dc21119b910de1a0a58542d0be,-,-,-,-,-,https://tutor-online.oss-cn-beijing.aliyuncs.com/growth/download-material/4d5791dc21119b910de1a0a58542d0be.mp4,0717-199双科-申坤-李博-李天-卞俊洁-A6-B4-无-4,-,,,199元高中双科提分课,199元高中双科提分课,申坤,代理商,0,wangjiananbj03,2026/7/18,0,3.49,0,0,0,61.23,0,0,0.00%,0.00%,-,0,0
4450bb0cdd67bbb4a92a5e5bc415b0ef,-,-,-,-,-,https://tutor-online.oss-cn-beijing.aliyuncs.com/growth/download-material/4450bb0cdd67bbb4a92a5e5bc415b0ef.mp4,一键修复_20260630-猿辅导高中双科-实拍-视频号-IP-李博-你再-张焱-IP-李博--张晓洁yc-1（前贴）.mp4,-,,,199元高中双科提分课,199元高中双科提分课,荔枝,代理商,0,wangjiananbj03,2026/7/3,15,0.84,0,0,0,93.33,0,0,0.00%,0.00%,-,0,0
3e1a3e123c7be39f6f2b241f13fc1f3b,-,-,-,-,-,https://tutor-online.oss-cn-beijing.aliyuncs.com/growth/download-material/3e1a3e123c7be39f6f2b241f13fc1f3b.mp4,20260713-猿辅导高中双科-实拍-活动-线下班-买数送物-通用-买数送物-气炸了-李莹莹-bj李栎-叶俊泽yc-4-前贴.mp4,-,,,199元高中双科提分课,199元高中双科提分课,荔枝,其他,0,wangjiananbj03,2026/7/16,2,7.51,0,0,0,163.26,7510,0,2.17%,0.00%,-,0,0
2225f30ed4028bf2f7acefc5c98dae5f,-,-,-,-,-,https://tutor-online.oss-cn-beijing.aliyuncs.com/growth/download-material/2225f30ed4028bf2f7acefc5c98dae5f.mp4,20260708-猿辅导高中双科-实拍-千川-买数送物-活动-不气-张焱-bj冷一丁-裂变-李文静yc-1.mp4,-,,,199元高中双科提分课,199元高中双科提分课,荔枝,代理商,0,wangjiananbj03,2026/7/9,9,97.92,0,0,0,289.7,8901.82,0,3.25%,0.00%,-,0,0
4c92eb5edbd7a4b42f32ec8d6634012b,-,-,-,-,-,https://tutor-online.oss-cn-beijing.aliyuncs.com/growth/download-material/4c92eb5edbd7a4b42f32ec8d6634012b.mp4,20260708-猿辅导高中双科-实拍-视频号-线下班对比-通用-买物送数-有必要-常文茜-bj宋钦冲-李文静yc-1-前贴,-,,,199元高中双科提分课,199元高中双科提分课,荔枝,其他,0,wangjiananbj03,-,-,0.09,0,0,0,10,0,0,0.00%,0.00%,-,0,0
56d440ad19bcd7f5698d8339c334e8a4,-,-,-,-,-,https://tutor-online.oss-cn-beijing.aliyuncs.com/growth/download-material/56d440ad19bcd7f5698d8339c334e8a4.mp4,一键修复_20260526-猿辅导高中双科-实拍-ip李博-客供-袁北辰ec-修改-1.mp4,-,,,199元高中双科提分课,199元高中双科提分课,荔枝,其他,0,wangjiananbj03,2026/6/20,28,1.27,0,0,0,97.69,0,0,0.00%,0.00%,-,0,0
aad044eef4badb4d94ff299dc7665c71,-,-,-,-,-,https://tutor-online.oss-cn-beijing.aliyuncs.com/growth/download-material/aad044eef4badb4d94ff299dc7665c71.mp4,20260711-猿辅导高中双科-实拍-千川-买数送物-活动-特别-张焱-bj丁梓仟--李文静ec-二创-7,-,,,199元高中双科提分课,199元高中双科提分课,荔枝,其他,0,wangjiananbj03,2026/7/15,3,6.78,0,0,0,59.47,0,0,0.00%,0.00%,-,0,0
b6275aaaadb3799b3449bc00fe5dd493,-,-,-,-,-,https://tutor-online.oss-cn-beijing.aliyuncs.com/growth/download-material/b6275aaaadb3799b3449bc00fe5dd493.mp4,20260626-猿辅导高中双科-混剪-视频号-图-张焱-张晓洁yc-12.1 (1),-,,,199元高中双科提分课,199元高中双科提分课,荔枝,其他,0,wangjiananbj03,2026/7/16,2,173.34,0,0,0,108.47,28890,0,0.38%,0%,-,0,0
660372c71bc4184cb1f7299df8c06a25,-,-,-,-,-,https://tutor-online.oss-cn-beijing.aliyuncs.com/growth/download-material/660372c71bc4184cb1f7299df8c06a25.mp4,20260624-猿辅导高中数学199-实拍-专家分享-抽出-张焱-bj李赛-袁北辰ec-二创-2,-,,,199元高中双科提分课,199元高中双科提分课,自投放,其他,0,wangjiananbj03,2026/7/10,8,0.47,0,0,0,11.19,0,0,0.00%,0.00%,-,0,0
67908f7dff18d2ae3f240c931195690c,-,-,-,-,-,https://tutor-online.oss-cn-beijing.aliyuncs.com/growth/download-material/67908f7dff18d2ae3f240c931195690c.mp4,一键修复_0610-199双科-自产-自产主-李博-视觉锤-子衿-A6-B1-有-10.mp4,-,,,199元高中双科提分课,199元高中双科提分课,荔枝,其他,0,wangjiananbj03,2026/6/19,29,0.45,0,0,0,450,450,0,100.00%,0.00%,-,0,0
d61a51a7a3614f54e906457f323b3bdb,-,-,-,-,-,https://tutor-online.oss-cn-beijing.aliyuncs.com/growth/download-material/d61a51a7a3614f54e906457f323b3bdb.mp4,20260617-猿辅导高中双科-图文混剪--一台平板-唐欣悦--张晓洁ec-1.mp4,-,,,199元高中双科提分课,199元高中双科提分课,荔枝,其他,0,wangjiananbj03,2026/6/17,31,30.13,0,0,0,156.93,1506.5,0,10.42%,0.00%,-,0,0
67252aafd575b82e66fcd1005b4972d8,-,-,-,-,-,https://tutor-online.oss-cn-beijing.aliyuncs.com/growth/download-material/67252aafd575b82e66fcd1005b4972d8.mp4,20260708-猿辅导高中双科-实拍-视频号-ip李博-活动-199学三年-买物送数-没舍得-唐欣悦-李博--李文静yc-2.mp4,-,,,199元高中双科提分课,199元高中双科提分课,荔枝,其他,0,wangjiananbj03,2026/7/11,7,1.31,0,0,0,119.09,1310,0,9.09%,0.00%,-,0,0
4032959a3a4ca024b161a5c85fa64ebd,-,-,-,-,-,https://tutor-online.oss-cn-beijing.aliyuncs.com/growth/download-material/4032959a3a4ca024b161a5c85fa64ebd.mp4,20260708-猿辅导高中双科-实拍-千川-买数送物-活动-AI推-李莹莹-cd汐汐-詹铠任-张晓洁yc-3,-,,,199元高中双科提分课,199元高中双科提分课,荔枝,代理商,0,wangjiananbj03,2026/7/15,3,64.89,0,0,0,75.72,8111.25,0,1.17%,0%,-,0,0
b1ae3251caade42d20877242d46ba10a,-,-,-,-,-,https://tutor-online.oss-cn-beijing.aliyuncs.com/growth/download-material/b1ae3251caade42d20877242d46ba10a.mp4,0616-9物-玄武-李博-郝佳明-关紫晴-A5-B3-有-1-yfdwl0623m2浩1-晴-郝-首-【AI】-去年级,-,,,9元高中物理李博,9元高中物理李博,玄武,代理商,0,wangruixuebj01,2026/7/16,2,0.98,0,0,0,25.79,0,0,0.00%,0.00%,-,0,0
51fc57bd4c7a3c171aeec435dbc31006,-,-,-,-,-,https://img-pub.oss-cn-beijing-internal.aliyuncs.com/19f652c7e59e1fb.mp4,0609-9物-代理-十人-李博-jjsx-bjsx-A2-B1-pcc-1,-,,,9元高中物理李博,9元高中物理李博,十人,代理商,0,wangruixuebj01,2026/7/17,1,7.87,0,0,0,88.43,2623.33,0,3.37%,0%,-,0,0
9397db8b04bbc1f545e14c8576a588f8,-,-,-,-,-,https://tutor-online.oss-cn-beijing.aliyuncs.com/growth/download-material/9397db8b04bbc1f545e14c8576a588f8.mp4,9元视频1184-0630-9物-代理-十人-李博-jjsx-bmqr-A2-B1-pwjl-pcc-无-1,-,,,9元高中物理李博,9元高中物理李博,十人,代理商,0,wangruixuebj01,-,-,0,0,0,0,0,0,0,0.00%,0.00%,-,0,0
a99c96d331ddef34a24e770e2d20b15f,-,-,-,-,-,https://tutor-online.oss-cn-beijing.aliyuncs.com/growth/download-material/a99c96d331ddef34a24e770e2d20b15f.mp4,20260711-猿辅导高中双科-实拍-视频号-活动-买数送物-199学三年-通用-买数送物-我们呢-常文茜-bj嵩云--李文静-yc-3-前贴,-,,,199元高中双科提分课,199元高中双科提分课,荔枝,其他,0,wangjiananbj03,2026/7/17,1,35.91,0,0,0,112.57,11970,0,0.94%,0%,-,0,0
a6b7c458f0020843e2687fcaa8e8465e,-,-,-,-,-,https://tutor-online.oss-cn-beijing.aliyuncs.com/growth/download-material/a6b7c458f0020843e2687fcaa8e8465e.mp4,一键修复_20260522-猿辅导高中双科-实拍-ip李博-割韭菜-常文茜+ts罗雅雯-ip李博--张晓洁yc-2.mp4,-,,,199元高中双科提分课,199元高中双科提分课,荔枝,其他,0,wangjiananbj03,2026/6/20,28,0.59,0,0,0,59,295,0,20.00%,0.00%,-,0,0
3a8041b6bd496517bf169064efc0d9b4,-,-,-,-,-,https://tutor-online.oss-cn-beijing.aliyuncs.com/growth/download-material/3a8041b6bd496517bf169064efc0d9b4.mp4,20260611-猿辅导高中双科-实拍-千川-分数痛点-买数学送物理-一起-张焱-bj冷一丁-叶俊泽ec-视频号二创-6,-,,,199元高中双科提分课,199元高中双科提分课,荔枝,代理商,0,wangjiananbj03,2026/6/26,22,7.21,0,0,0,85.83,0,0,0.00%,0.00%,-,0,0
b922da5902589a935184411633c4598b,-,-,-,-,-,https://tutor-online.oss-cn-beijing.aliyuncs.com/growth/download-material/b922da5902589a935184411633c4598b.mp4,20260715-猿辅导高中数物(高二升高三）-混剪-图-程序-2.mp4,-,,,199元高中双科提分课,199元高中双科提分课,荔枝,其他,0,wangjiananbj03,2026/7/17,1,1.76,0,0,0,103.53,0,0,0.00%,0.00%,-,0,0
f4b17646ee5528e5b5c9c4dabf9a350f,-,-,-,-,-,https://tutor-online.oss-cn-beijing.aliyuncs.com/growth/download-material/f4b17646ee5528e5b5c9c4dabf9a350f.mp4,9元视频10011-1129-十人-李博混剪-1-D-是-jjsx-plpy,-,,,9元高中物理李博,9元高中物理李博,十人,其他,0,wangruixuebj01,2026/5/27,52,0,18,2,0,0,0,0,0.00%,0.00%,-,0,0
9f6e533097cfc111d2cf256546618dc0,-,-,-,-,-,https://tutor-online.oss-cn-beijing.aliyuncs.com/growth/download-material/9f6e533097cfc111d2cf256546618dc0.mp4,20260624-9物-代理-启航-李博-【b1-p6-a3-77-0630】-A5-B5-有-2,-,,,9元高中物理李博,9元高中物理李博,启航,代理商,0,wangruixuebj01,2026/7/10,8,0.09,0,0,0,4.5,0,0,0.00%,0.00%,-,0,0
4477b9bcf52e7df2bb35370b608ac1d2,-,-,-,-,-,https://tutor-online.oss-cn-beijing.aliyuncs.com/growth/download-material/4477b9bcf52e7df2bb35370b608ac1d2.mp4,0715-199双科-申坤-李博-李天-卞俊洁-A7-B1-无-03,-,,,199元高中双科提分课,199元高中双科提分课,申坤,其他,0,wangjiananbj03,2026/7/18,0,0.08,0,0,0,11.43,0,0,0.00%,0.00%,-,0,0
67772b74aa29a12bef3dea72cb52e7d1,-,-,-,-,-,https://tutor-online.oss-cn-beijing.aliyuncs.com/growth/download-material/67772b74aa29a12bef3dea72cb52e7d1.mp4,0706-199双科-申坤-李博-李天-卞俊洁-A1-B4-有-高二高三-7,-,,,199元高中双科提分课,199元高中双科提分课,申坤,其他,0,wangjiananbj03,2026/7/7,11,3.29,0,0,0,143.04,0,0,0.00%,0.00%,-,0,0
342bc2ca1388ca3ba82463fcfb41a014,-,-,-,-,-,https://tutor-online.oss-cn-beijing.aliyuncs.com/growth/download-material/342bc2ca1388ca3ba82463fcfb41a014.mp4,0514-199双科-自产-自产二-王晶-曲中雨-子衿--B2-无-3.mp4,-,,,199元高中双科提分课,199元高中双科提分课,荔枝,其他,自产原创,wangjiananbj03,2026/5/27,52,0.15,0,0,0,30,0,0,0.00%,0.00%,-,0,0
a29d3bfcc8eed0e5c4ea006289500e12,-,-,-,-,-,https://tutor-online.oss-cn-beijing.aliyuncs.com/growth/download-material/a29d3bfcc8eed0e5c4ea006289500e12.mp4,9元视频1175-0609-9物-代理-十人-李博-jjsx-bjsx-A2-B1-pcc-有-2-拓两周,-,,,9元高中物理李博,9元高中物理李博,十人,代理商,0,wangruixuebj01,2026/7/1,17,0.05,0,0,0,10,0,0,0.00%,0.00%,-,0,0
2c250faca287976fb9e9f104d64efdb4,-,-,-,-,-,https://tutor-online.oss-cn-beijing.aliyuncs.com/growth/download-material/2c250faca287976fb9e9f104d64efdb4.mp4,20260704-猿辅导高中双科-实拍-千川-买物理送数学--张焱-cd鲨鱼-高俊南-叶俊泽ec-二创-高二-五科-13.mp4,-,,,199元高中双科提分课,199元高中双科提分课,荔枝,其他,0,wangjiananbj03,2026/7/9,9,2.76,0,0,0,120,2760,0,4.35%,0.00%,-,0,0
a1faa25c610fd05de4d93c9121ed05db,-,-,-,-,-,https://tutor-online.oss-cn-beijing.aliyuncs.com/growth/download-material/a1faa25c610fd05de4d93c9121ed05db.mp4,20260702-猿辅导高中双科-实拍-千川-性价比-买数送物-199学三年-不贵-唐欣悦-张焱-bj冷一丁-李文静yc-裂变2,-,,,199元高中双科提分课,199元高中双科提分课,荔枝,其他,0,wangjiananbj03,-,-,14.02,0,0,0,78.76,7010,0,1.12%,0%,-,0,0
4da89b37da4ca276603474614bcc6871,-,-,-,-,-,https://tutor-online.oss-cn-beijing.aliyuncs.com/growth/download-material/4da89b37da4ca276603474614bcc6871.mp4,0717-199双科-申坤-李博-李天-卞俊洁-A1-B4-无-3,-,,,199元高中双科提分课,199元高中双科提分课,申坤,代理商,0,wangjiananbj03,2026/7/18,0,0.01,0,0,0,5,0,0,0.00%,0.00%,-,0,0
3fd981c609895bb74cb11a4245c1581e,-,-,-,-,-,https://tutor-online.oss-cn-beijing.aliyuncs.com/growth/download-material/3fd981c609895bb74cb11a4245c1581e.mp4,20260618-猿辅导高中数学-实拍-性价比-亏本-张焱-bj李赛-李文静ec-视频号二创-1,-,,,199元高中双科提分课,199元高中双科提分课,自投放,其他,0,wangjiananbj03,2026/6/18,30,639.79,199,1,0.31,79.79,5612.19,639.79,1.57%,0.79%,-,0.12,1745.61
b03cfd31dfe381c586e532a770af11cb,-,-,-,-,-,https://tutor-online.oss-cn-beijing.aliyuncs.com/growth/download-material/b03cfd31dfe381c586e532a770af11cb.mp4,0717-199双科-申坤-李博-李天-张佳乐-A6-B5-无-15,-,,,199元高中双科提分课,199元高中双科提分课,申坤,其他,0,wangjiananbj03,2026/7/18,0,0.09,0,0,0,6.43,0,0,0.00%,0.00%,-,0,0
e24b972905b52c3b47810a86a8df0c8d,-,-,-,-,-,https://tutor-online.oss-cn-beijing.aliyuncs.com/growth/download-material/e24b972905b52c3b47810a86a8df0c8d.mp4,一键修复_20260525-猿辅导高中双科-实拍-ip李博-扭转局面-常文茜-ip李博--詹铠任yc-前贴.mp4,-,,,199元高中双科提分课,199元高中双科提分课,荔枝,其他,0,wangjiananbj03,2026/6/30,18,1.55,0,0,0,258.33,0,0,0.00%,0.00%,-,0,0
6d3d42561809a4274f68e6e980abfca8,-,-,-,-,-,https://tutor-online.oss-cn-beijing.aliyuncs.com/growth/download-material/6d3d42561809a4274f68e6e980abfca8.mp4,20260610-猿辅导高中双科-混剪-视频号-图-红花-张焱-张晓洁yc-3,-,,,199元高中双科提分课,199元高中双科提分课,荔枝,其他,0,wangjiananbj03,2026/6/11,37,36384.54,14934,76,0.41,163.95,21554.82,478.74,1.23%,2.78%,-,0.34,8847.16
99e6cee0271e3f7a410647d7df5dd3e9,-,-,-,-,-,https://tutor-online.oss-cn-beijing.aliyuncs.com/growth/download-material/99e6cee0271e3f7a410647d7df5dd3e9.mp4,20260625-猿辅导高中双科-实拍-买物理送数学-再说-张焱-bj丁梓仟-张晓洁yc-3,-,,,199元高中双科提分课,199元高中双科提分课,自投放,代理商,0,wangjiananbj03,2026/7/10,8,364.53,0,0,0,83.84,8679.29,0,1.26%,0%,-,0,0
c53b187163c7c23bf01ed702a136cdad,-,-,-,-,-,https://tutor-online.oss-cn-beijing.aliyuncs.com/growth/download-material/c53b187163c7c23bf01ed702a136cdad.mp4,20260703-猿辅导高中双科-实拍-视频号-ip李博-买物送数-199学三年-直播间-常文茜-李博--李文静yc-3,-,,,199元高中双科提分课,199元高中双科提分课,荔枝,其他,0,wangjiananbj03,2026/7/9,9,1.88,0,0,0,81.74,0,0,0.00%,0.00%,-,0,0
1a3d994a4ef16a65150cd5085a2779c1,-,-,-,-,-,https://tutor-online.oss-cn-beijing.aliyuncs.com/growth/download-material/1a3d994a4ef16a65150cd5085a2779c1.mp4,20260608-猿辅导高中双科-实拍-买物理送数学-再说-张焱-bj丁梓仟--李文静ec-视频号二创-2,-,,,199元高中双科提分课,199元高中双科提分课,荔枝,其他,0,wangjiananbj03,2026/6/9,39,13736.31,8358,40,0.61,83.67,31077.62,343.41,0.50%,4.88%,-,0.24,18909.5
798caa1aaff88fdb44ecca6055a2386f,-,-,-,-,-,https://tutor-online.oss-cn-beijing.aliyuncs.com/growth/download-material/798caa1aaff88fdb44ecca6055a2386f.mp4,20260601-猿辅导高中双科-实拍-活动-买数送物-除非-618-张焱-bj张婕希-二创-张晓洁ec-4 (2),-,,,199元高中双科提分课,199元高中双科提分课,荔枝,其他,0,wangjiananbj03,2026/6/23,25,34.85,0,0,0,29.63,34850,0,0.09%,0%,-,0,0
6cc0d97a227a71e900bfb2c8204147ec,-,-,-,-,-,https://tutor-online.oss-cn-beijing.aliyuncs.com/growth/download-material/6cc0d97a227a71e900bfb2c8204147ec.mp4,20260701-猿辅导高中双科-实拍-千川-买数送物-专家分享-搞定-高二-张焱-bj宋钦冲-叶俊泽yc-5-前贴,-,,,199元高中双科提分课,199元高中双科提分课,自投放,其他,0,wangjiananbj03,2026/7/15,3,14.95,0,0,0,34.21,2491.67,0,1.14%,0%,-,0,0
5b88b3e2a3d563eff84d784eee4cce50,-,-,-,-,-,https://tutor-online.oss-cn-beijing.aliyuncs.com/growth/download-material/5b88b3e2a3d563eff84d784eee4cce50.mp4,20260626-猿辅导高中双科-图文混剪---唐欣悦-补量二创-张晓洁ec-1.1.mp4,-,,,199元高中双科提分课,199元高中双科提分课,荔枝,代理商,0,wangjiananbj03,2026/6/26,22,6.23,0,0,0,346.11,6230,0,5.56%,0.00%,-,0,0
839eb09f75a96a06deda71e6011375a6,-,-,-,-,-,https://tutor-online.oss-cn-beijing.aliyuncs.com/growth/download-material/839eb09f75a96a06deda71e6011375a6.mp4,0630-199双科-申坤-李博-李天-卞俊洁-A2-B4-无-28,-,,,199元高中双科提分课,199元高中双科提分课,申坤,其他,0,wangjiananbj03,2026/7/6,12,0.03,0,0,0,5,0,0,0.00%,0.00%,-,0,0
49b9cfbab68062d2ce8510d6f35561c8,-,-,-,-,-,https://tutor-online.oss-cn-beijing.aliyuncs.com/growth/download-material/49b9cfbab68062d2ce8510d6f35561c8.mp4,20260704-猿辅导高中双科-混剪-图-张凌-张焱-张雪依yc-12-高二高三.mp4,-,,,199元高中双科提分课,199元高中双科提分课,荔枝,其他,0,wangjiananbj03,2026/7/9,9,2.79,0,0,0,107.31,930,0,11.54%,0.00%,-,0,0
0a427bb42d95456693621c4764489b76,-,-,-,-,-,https://tutor-online.oss-cn-beijing.aliyuncs.com/growth/download-material/0a427bb42d95456693621c4764489b76.mp4,一键修复_20260703-猿辅导高中双科-实拍-千川-分数痛点-买数送物-199学三年-读评论-常文茜-dr小五老师-高二-李文静yc-1-前贴.mp4,-,,,199元高中双科提分课,199元高中双科提分课,荔枝,其他,0,wangjiananbj03,2026/7/11,7,28.58,0,0,0,107.04,4082.86,0,2.62%,0.00%,-,0,0
aea2c4be8c90aa4deec2e90eba211622,-,-,-,-,-,https://tutor-online.oss-cn-beijing.aliyuncs.com/growth/download-material/aea2c4be8c90aa4deec2e90eba211622.mp4,20260609-猿辅导高中双科-实拍-千川-活动-买数送物-199学全年-太贵了-唐欣悦-bj庄紫薇--张晓洁yc-3.1（前贴）.mp4,-,,,199元高中双科提分课,199元高中双科提分课,荔枝,其他,0,wangjiananbj03,2026/6/10,38,3.47,0,0,0,61.96,0,0,0.00%,0.00%,-,0,0
222230cb4b82831370d47d36f76c5dbd,-,-,-,-,-,https://tutor-online.oss-cn-beijing.aliyuncs.com/growth/download-material/222230cb4b82831370d47d36f76c5dbd.mp4,20260612-猿辅导高中数物双科-实拍-活动-退了-张焱-cd张璐-二创-张晓洁ec-2,-,,,199元高中双科提分课,199元高中双科提分课,荔枝,其他,0,wangjiananbj03,2026/6/30,18,0.96,0,0,0,80,0,0,0.00%,0.00%,-,0,0
6be0595009c7c34909441f6e23a926d4,-,-,-,-,-,https://tutor-online.oss-cn-beijing.aliyuncs.com/growth/download-material/6be0595009c7c34909441f6e23a926d4.mp4,20260703-猿辅导高中双科-口播-活动-三连学-张焱-bj李栎-叶俊泽yc-4,-,,,199元高中双科提分课,199元高中双科提分课,荔枝,其他,0,wangjiananbj03,2026/7/15,3,0.04,0,0,0,40,0,0,0.00%,0.00%,-,0,0
afc45ad64f17a33402fa2929596f5c9d,-,-,-,-,-,https://tutor-online.oss-cn-beijing.aliyuncs.com/growth/download-material/afc45ad64f17a33402fa2929596f5c9d.mp4,20260626-猿辅导高中双科-实拍-活动-他们夏能-张焱-bj刘能能-张晓洁yc-1.1,-,,,199元高中双科提分课,199元高中双科提分课,自投放,其他,0,wangjiananbj03,2026/7/15,3,73.63,0,0,0,25.04,18407.5,0,0.17%,0%,-,0,0
27d32b334f7e5daa3ad33c609f51bb08,-,-,-,-,-,https://tutor-online.oss-cn-beijing.aliyuncs.com/growth/download-material/27d32b334f7e5daa3ad33c609f51bb08.mp4,20260703-猿辅导高中双科-实拍-买物理送数学-再说-张焱-bj丁梓仟-高二-李文静ec-二创-6,-,,,199元高中双科提分课,199元高中双科提分课,荔枝,其他,0,wangjiananbj03,2026/7/11,7,0.43,0,0,0,47.78,0,0,0.00%,0.00%,-,0,0
8df23ec61e4d0d32f14a4f12a412913b,-,-,-,-,-,https://tutor-online.oss-cn-beijing.aliyuncs.com/growth/download-material/8df23ec61e4d0d32f14a4f12a412913b.mp4,20260704-猿辅导高中双科-混剪-图-张凌-张焱-张雪依yc-7改-高三.mp4,-,,,199元高中双科提分课,199元高中双科提分课,荔枝,其他,0,wangjiananbj03,2026/7/10,8,5.71,0,0,0,167.94,2855,0,5.88%,0.00%,-,0,0
a6eb97b7557d69b6c4e33ae9d50b90ce,-,-,-,-,-,https://img-pub.oss-cn-beijing-internal.aliyuncs.com/19f4665bdcfff68.mp4,9元视频1202-0706-9物-十人-bwxy-ylb-A2-B4-jzmj-bwxy-pcc-h-1（1）(2),-,,,9元高中物理李博,9元高中物理李博,十人,代理商,0,wangruixuebj01,2026/7/12,6,58.61,9,1,0.15,306.86,14652.5,58.61,1.57%,33.33%,-,5.24,2250
a351014951d64a8428b5b6aa832070af,-,-,-,-,-,https://tutor-online.oss-cn-beijing.aliyuncs.com/growth/download-material/a351014951d64a8428b5b6aa832070af.mp4,一键修复_20260627-猿辅导高中双科-实拍-千川-活动-买数学送物理-犹豫-张焱-bj于靖-裂变-张晓洁yc-15.mp4,-,,,199元高中双科提分课,199元高中双科提分课,荔枝,其他,0,wangjiananbj03,2026/6/29,19,3.11,0,0,0,207.33,1555,0,13.33%,0.00%,-,0,0
80cf54482382e7e90fc127936f7af81d,-,-,-,-,-,https://tutor-online.oss-cn-beijing.aliyuncs.com/growth/download-material/80cf54482382e7e90fc127936f7af81d.mp4,一键修复_20260612-猿辅导高中双科-混剪-视频号-图-慢放花-张焱-张晓洁yc-7.mp4,-,,,199元高中双科提分课,199元高中双科提分课,荔枝,其他,0,wangjiananbj03,2026/6/13,35,63.75,0,0,0,142.62,4553.57,0,3.13%,0.00%,-,0,0
bd65c398b3bd0b27284d7f1bd43f95b2,-,-,-,-,-,https://tutor-online.oss-cn-beijing.aliyuncs.com/growth/download-material/bd65c398b3bd0b27284d7f1bd43f95b2.mp4,99双科-1-0108-18,-,,,199元高中双科提分课,199元高中双科提分课,自投放,其他,0,wangjiananbj03,2026/7/10,8,10.7,0,0,0,55.73,5350,0,2.08%,0%,-,0,0
86599b60a6e8c66c5fe141fc19711aef,-,-,-,-,-,https://tutor-online.oss-cn-beijing.aliyuncs.com/growth/download-material/86599b60a6e8c66c5fe141fc19711aef.mp4,20260627-猿辅导高中双科-实拍-买数学送物理-我婆婆-常文茜+ts罗雅雯-dr蔡昕-张雪依ec-二创-1,-,,,199元高中双科提分课,199元高中双科提分课,自投放,其他,0,wangjiananbj03,2026/7/10,8,41.51,0,0,0,56.4,5930,0,0.82%,0%,-,0,0
95ce8b7875185851612cbd60c2360b5d,-,-,-,-,-,https://tutor-online.oss-cn-beijing.aliyuncs.com/growth/download-material/95ce8b7875185851612cbd60c2360b5d.mp4,0703-199双科-申坤-李博-李天-卞俊洁-A2-B4-无-3,-,,,199元高中双科提分课,199元高中双科提分课,申坤,其他,0,wangjiananbj03,2026/7/10,8,5.59,0,0,0,77.64,0,0,0.00%,0.00%,-,0,0
672ad8112b87d9c2bf561155062cb1be,-,-,-,-,-,https://img-pub.oss-cn-beijing-internal.aliyuncs.com/19f5ae3b808a36c.mp4,20260709-9物-代理-启航-李博-【b1-p6-a3-84-0709】-A5-B5-有-2,-,,,9元高中物理李博,9元高中物理李博,启航,代理商,0,wangruixuebj01,2026/7/15,3,410.2,0,0,0,67.98,4021.57,0,1.84%,0%,-,0,0
446a793b3b1660e9c7a35dceea7768b1,-,-,-,-,-,https://tutor-online.oss-cn-beijing.aliyuncs.com/growth/download-material/446a793b3b1660e9c7a35dceea7768b1.mp4,199shaugne3,-,,,199元高中双科提分课,199元高中双科提分课,自投放,代理商,0,wangjiananbj03,2026/6/29,19,20895.93,8955,41,0.43,87.59,23826.6,509.66,0.86%,2.00%,-,0.17,10210.95
13c8019c953ec172cfa7018e91bf8335,-,-,-,-,-,https://tutor-online.oss-cn-beijing.aliyuncs.com/growth/download-material/13c8019c953ec172cfa7018e91bf8335.mp4,20260520-猿辅导高中双科-实拍-ip李博-买物送数-慎重-唐欣悦-ip李博-叶俊泽yc-3.mp4,-,,,199元高中双科提分课,199元高中双科提分课,荔枝,其他,0,wangjiananbj03,2026/6/16,32,9.27,0,0,0,98.62,2317.5,0,4.26%,0.00%,-,0,0
1dfb2379f0f6676d098880bfdef47a38,-,-,-,-,-,https://tutor-online.oss-cn-beijing.aliyuncs.com/growth/download-material/1dfb2379f0f6676d098880bfdef47a38.mp4,0703-199双科-申坤-王晶-李天-姚恒-A4-B5-有-01,-,,,199元高中双科提分课,199元高中双科提分课,申坤,其他,0,wangjiananbj03,2026/7/10,8,0.23,0,0,0,38.33,0,0,0.00%,0.00%,-,0,0
6084ca8a8722d43e1aaf247a6aa8a22c,-,-,-,-,-,https://tutor-online.oss-cn-beijing.aliyuncs.com/growth/download-material/6084ca8a8722d43e1aaf247a6aa8a22c.mp4,20260613-猿辅导高中双科-实拍-千川-活动-买数学送物理-再加-张焱-bj冷一丁-张雪依ec-二创-1,-,,,199元高中双科提分课,199元高中双科提分课,自投放,其他,0,wangjiananbj03,2026/7/10,8,0.11,0,0,0,4.07,0,0,0.00%,0.00%,-,0,0
2b606a9c41ffde2b341f10245d29c25f,-,-,-,-,-,https://img-pub.oss-cn-beijing-internal.aliyuncs.com/19f1ce4a3a5ea91.mp4,9元视频1183-0630-9物-代理-十人-李博-jjsx-bjsx-A2-B1-pwjl-pcc-无-2-混剪,-,,,9元高中物理李博,9元高中物理李博,十人,代理商,0,wangruixuebj01,2026/7/2,16,48.54,9,1,0.19,75.14,4854,48.54,1.08%,14.29%,-,1.55,900
7c33383b9a2ece1de8ae0199d8cd69dd,-,-,-,-,-,https://tutor-online.oss-cn-beijing.aliyuncs.com/growth/download-material/7c33383b9a2ece1de8ae0199d8cd69dd.mp4,202607011-猿辅导高中双科-实拍-活动-199学三年-买数送物-通用-买数送物-沉得住气-唐欣悦-cd文雨婷-岳久鸿-叶俊泽yc-3改-前贴.mp4,-,,,199元高中双科提分课,199元高中双科提分课,荔枝,其他,0,wangjiananbj03,2026/7/16,2,4.39,0,0,0,313.57,2195,0,14.29%,0.00%,-,0,0
777f1309fd440939cb6cb06e9afecaa6,-,-,-,-,-,https://tutor-online.oss-cn-beijing.aliyuncs.com/growth/download-material/777f1309fd440939cb6cb06e9afecaa6.mp4,20260626-猿辅导高中双科-混剪-视频号-图-张焱-张晓洁yc-10.mp4,-,,,199元高中双科提分课,199元高中双科提分课,荔枝,其他,0,wangjiananbj03,2026/6/27,21,193,199,1,1.03,263.66,7720,193,3.42%,4.00%,-,1.37,7960
71f98605250eb80a2457e1f9aa33ed05,-,-,-,-,-,https://tutor-online.oss-cn-beijing.aliyuncs.com/growth/download-material/71f98605250eb80a2457e1f9aa33ed05.mp4,20260610-猿辅导高中双科-实拍-千川-活动-买数学送物理-犹豫-张焱-bj于靖-二创-张晓洁ec-5,-,,,199元高中双科提分课,199元高中双科提分课,自投放,代理商,0,wangjiananbj03,2026/6/26,22,5.59,0,0,0,8.02,1863.33,0,0.29%,0%,-,0,0
14486fd1855f5089d51a8567900b8cab,-,-,-,-,-,https://tutor-online.oss-cn-beijing.aliyuncs.com/growth/download-material/14486fd1855f5089d51a8567900b8cab.mp4,0703-199双科-申坤-李博-李天-卞俊洁-A2-B4-无-08,-,,,199元高中双科提分课,199元高中双科提分课,申坤,其他,0,wangjiananbj03,2026/7/10,8,17.27,0,0,0,48.11,17270,0,0.28%,0%,-,0,0
d7e6b875267632f7b039cb1296478a85,-,-,-,-,-,https://tutor-online.oss-cn-beijing.aliyuncs.com/growth/download-material/d7e6b875267632f7b039cb1296478a85.mp4,20260713-猿辅导高中双科-实拍-视频号-6天训练营-高三-买物送数-可不是-常文茜-bj冷一丁-叶俊泽yc-4改-前贴.mp4,-,,,199元高中双科提分课,199元高中双科提分课,荔枝,其他,0,wangjiananbj03,2026/7/16,2,7.18,0,0,0,377.89,7180,0,5.26%,0.00%,-,0,0
733dd7b1353a205b397c0d597b1f8715,-,-,-,-,-,https://tutor-online.oss-cn-beijing.aliyuncs.com/growth/download-material/733dd7b1353a205b397c0d597b1f8715.mp4,一键修复_20260629-猿辅导高中双科-实拍-千川-活动-199学三年-不屑一顾-唐欣悦-cd康艺凡-岳久鸿-叶俊泽yc-3-前贴.mp4,-,,,199元高中双科提分课,199元高中双科提分课,荔枝,其他,0,wangjiananbj03,2026/7/3,15,2.95,199,1,67.46,65.56,590,2.95,11.11%,20.00%,-,22.22,39800
9a17e084e10bcc88d43f9e0e52a4fb9b,-,-,-,-,-,https://tutor-online.oss-cn-beijing.aliyuncs.com/growth/download-material/9a17e084e10bcc88d43f9e0e52a4fb9b.mp4,20260708-猿辅导高中双科-实拍-视频号-活动-199学三年-买数送物-通用-买数送物-地板价-唐欣悦-bj李栎--张晓洁yc-7.mp4,-,,,199元高中双科提分课,199元高中双科提分课,荔枝,其他,0,wangjiananbj03,2026/7/11,7,4.95,0,0,0,88.39,1237.5,0,7.14%,0.00%,-,0,0
92f49b85ce7e991203f3ac510759206b,-,-,-,-,-,https://tutor-online.oss-cn-beijing.aliyuncs.com/growth/download-material/92f49b85ce7e991203f3ac510759206b.mp4,20260620-猿辅导高中双科-实拍-千川-线下班对比-还在纠结-唐欣悦-bj于靖-ts罗雅雯-二创-张晓洁ec-3,-,,,199元高中双科提分课,199元高中双科提分课,荔枝,其他,0,wangjiananbj03,2026/7/11,7,190.79,0,0,0,79.36,63596.67,0,0.25%,0%,-,0,0
d91e932b8e666b6e309de242c4b8a487,-,-,-,-,-,https://tutor-online.oss-cn-beijing.aliyuncs.com/growth/download-material/d91e932b8e666b6e309de242c4b8a487.mp4,20260626-猿辅导高中双科-实拍-活动-放心-张焱-bj刘能能-裂变-张晓洁yc-1,-,,,199元高中双科提分课,199元高中双科提分课,自投放,代理商,0,wangjiananbj03,2026/6/26,22,55772.31,21890,105,0.39,89.58,22671.67,531.16,0.58%,2.92%,-,0.17,8898.37
3b6645e17c05e04043a520476ed9a775,-,-,-,-,-,https://tutor-online.oss-cn-beijing.aliyuncs.com/growth/download-material/3b6645e17c05e04043a520476ed9a775.mp4,20260620-猿辅导高中双科-实拍-活动-夏他-张焱-bj李赛-ts李琳玉-二创-张晓洁ec-1.mp4,-,,,199元高中双科提分课,199元高中双科提分课,荔枝,其他,0,wangjiananbj03,2026/6/23,25,0.29,0,0,0,145,290,0,50.00%,0.00%,-,0,0
b52e4d3f0ee847d7e445001a915dda11,-,-,-,-,-,https://tutor-online.oss-cn-beijing.aliyuncs.com/growth/download-material/b52e4d3f0ee847d7e445001a915dda11.mp4,20260716-猿辅导高中双科-实拍-千川-活动-高二-五科--张焱-cd小志-岳久鸿-叶俊泽yc-2.mp4,-,,,199元高中双科提分课,199元高中双科提分课,荔枝,其他,0,wangjiananbj03,2026/7/17,1,0.68,0,0,0,68,0,0,0.00%,0.00%,-,0,0
8e5a60c67780b0ad3467e32edb05dfe5,-,-,-,-,-,https://tutor-online.oss-cn-beijing.aliyuncs.com/growth/download-material/8e5a60c67780b0ad3467e32edb05dfe5.mp4,0716-199双科-申坤-李博-李天-张佳乐-A1-B6-有-03,-,,,199元高中双科提分课,199元高中双科提分课,申坤,其他,0,wangjiananbj03,2026/7/16,2,85.79,0,0,0,20.11,10723.75,0,0.26%,0%,-,0,0
0b81bc420ff67dbbeaa4ef6db85f6f10,-,-,-,-,-,https://tutor-online.oss-cn-beijing.aliyuncs.com/growth/download-material/0b81bc420ff67dbbeaa4ef6db85f6f10.mp4,一键修复_20260626-猿辅导高中双科-混剪-视频号-图-张焱-张晓洁yc-7.1.mp4,-,,,199元高中双科提分课,199元高中双科提分课,荔枝,其他,0,wangjiananbj03,2026/6/26,22,52.37,0,0,0,24.95,1540.29,0,1.62%,0.00%,-,0,0
d951fd1d025c1f24219db77a482d0b29,-,-,-,-,-,https://tutor-online.oss-cn-beijing.aliyuncs.com/growth/download-material/d951fd1d025c1f24219db77a482d0b29.mp4,0717-199双科-申坤-李博-李天-卞俊洁-A1-B4-无-1,-,,,199元高中双科提分课,199元高中双科提分课,申坤,代理商,0,wangjiananbj03,2026/7/18,0,0.43,0,0,0,26.88,0,0,0.00%,0.00%,-,0,0
958033717da80a743f457a7195075bb6,-,-,-,-,-,https://tutor-online.oss-cn-beijing.aliyuncs.com/growth/download-material/958033717da80a743f457a7195075bb6.mp4,一键修复_20260626-猿辅导高中双科-实拍-千川-活动-买数学送物理-再加-张焱-bj冷一丁-裂变-张晓洁yc-9.1.mp4,-,,,199元高中双科提分课,199元高中双科提分课,荔枝,其他,0,wangjiananbj03,2026/6/27,21,4273.26,2587,13,0.61,38.59,3671.19,328.71,1.05%,1.12%,-,0.12,2222.51
4bc85f5450a668e586fd54a3ec79c6ec,-,-,-,-,-,https://tutor-online.oss-cn-beijing.aliyuncs.com/growth/download-material/4bc85f5450a668e586fd54a3ec79c6ec.mp4,一键修复_20260510-猿辅导高中双科-实拍-ip李博-重视-唐欣悦-ip李博--张晓洁yc-3（前贴）.mp4,-,,,199元高中双科提分课,299元高中全年提分课,荔枝,其他,0,wangjiananbj03,2026/5/13,66,0.6,0,0,0,200,200,0,100.00%,0.00%,-,0,0
4b97a7e36ee9d59db675dc4790a7487e,-,-,-,-,-,https://tutor-online.oss-cn-beijing.aliyuncs.com/growth/download-material/4b97a7e36ee9d59db675dc4790a7487e.mp4,一键修复_20260624-猿辅导高中双科-实拍-视频号-IP-李博-再苦-张焱-IP-李博-张晓洁yc-8.1（前贴）.mp4,-,,,199元高中双科提分课,199元高中双科提分课,荔枝,其他,0,wangjiananbj03,2026/6/28,20,27.46,0,0,0,392.29,13730,0,2.86%,0.00%,-,0,0
7ca4f11d21956dac0d6e115bc7aaea6c,-,-,-,-,-,https://tutor-online.oss-cn-beijing.aliyuncs.com/growth/download-material/7ca4f11d21956dac0d6e115bc7aaea6c.mp4,一键修复_20260708-猿辅导高中双科-实拍-视频号-活动-199学三年-买数送物-通用-买数送物-地板价-唐欣悦-bj李栎--张晓洁yc-7（前贴）.mp4,-,,,199元高中双科提分课,199元高中双科提分课,荔枝,其他,0,wangjiananbj03,2026/7/11,7,7611.01,5970,30,0.78,39.2,3546.6,253.7,1.11%,1.40%,-,0.15,2781.92
13a1f640ed4a45c092584187e6280350,-,-,-,-,-,https://tutor-online.oss-cn-beijing.aliyuncs.com/growth/download-material/13a1f640ed4a45c092584187e6280350.mp4,20260528-猿辅导高中双科-混剪-图-一粒-张焱---张晓洁yc-1,-,,,199元高中双科提分课,199元高中双科提分课,自投放,其他,0,wangjiananbj03,2026/6/6,42,6.17,0,0,0,8.81,0,0,0.14%,0%,-,0,0
3fd981c609895bb74cb11a4245c1581e,-,-,-,-,-,https://tutor-online.oss-cn-beijing.aliyuncs.com/growth/download-material/3fd981c609895bb74cb11a4245c1581e.mp4,20260618-猿辅导高中数学-实拍-性价比-亏本-张焱-bj李赛-李文静ec-视频号二创-1,-,,,199元高中双科提分课,199元高中双科提分课,自投放,其他,0,wangjiananbj03,2026/6/21,27,7075.57,2388,8,0.34,76.27,14588.8,884.45,0.65%,1.32%,-,0.09,4923.71
62c29d525f1dc74885c3a20375e285d3,-,-,-,-,-,https://tutor-online.oss-cn-beijing.aliyuncs.com/growth/download-material/62c29d525f1dc74885c3a20375e285d3.mp4,妙思自动生成-232-202607111454,-,,,199元高中双科提分课,199元高中双科提分课,自投放,其他,0,wangjiananbj03,2026/7/13,5,1.95,0,0,0,16.12,0,0,0.00%,0.00%,-,0,0
89d2fe2a45c9ed774715ffb28738d3c0,-,-,-,-,-,https://tutor-online.oss-cn-beijing.aliyuncs.com/growth/download-material/89d2fe2a45c9ed774715ffb28738d3c0.mp4,20260609-9物-代理-启航-李博-【b1-p6-a3-11】-A5-B5-有-2,-,,,9元高中物理李博,9元高中物理李博,启航,其他,0,wangruixuebj01,2026/6/11,37,0,9,1,0,0,0,0,0.00%,0.00%,-,0,0
2b3f35aa85823169071843ca85bfd1e7,-,-,-,-,-,https://tutor-online.oss-cn-beijing.aliyuncs.com/growth/download-material/2b3f35aa85823169071843ca85bfd1e7.mp4,0703199双科-申坤-李博-李天-姚恒-A5-B4-有-01,-,,,199元高中双科提分课,199元高中双科提分课,申坤,其他,0,wangjiananbj03,2026/7/9,9,116.69,199,1,1.71,62.8,9724.17,116.69,0.86%,6.25%,-,0.54,16583.33
dfa9148d0e7fcc7977391075aed2da3c,-,-,-,-,-,https://tutor-online.oss-cn-beijing.aliyuncs.com/growth/download-material/dfa9148d0e7fcc7977391075aed2da3c.mp4,一键修复_20260616-猿辅导高中双科-实拍-千川-内容--常文茜-dr铭远老师-李文静yc-1(前贴版）.mp4,-,,,199元高中双科提分课,199元高中双科提分课,荔枝,其他,0,wangjiananbj03,2026/6/22,26,5.76,0,0,0,169.41,960,0,17.65%,0.00%,-,0,0
8f7f09e517131ece61322ef31957e08f,-,-,-,-,-,https://tutor-online.oss-cn-beijing.aliyuncs.com/growth/download-material/8f7f09e517131ece61322ef31957e08f.mp4,0616-9物-十人-bmqr-ylb-A2-B4-jclb-pwjl-6,-,,,9元高中物理李博,9元高中物理李博,十人,代理商,0,wangruixuebj01,2026/6/23,25,0,0,0,0,0,0,0,0.00%,0.00%,-,0,0
7984fb4a460018bee668d85f15ed2d12,-,-,-,-,-,https://tutor-online.oss-cn-beijing.aliyuncs.com/growth/download-material/7984fb4a460018bee668d85f15ed2d12.mp4,0703-199双科-申坤-李博-李天-姚恒-A2-B5-有-02,-,,,199元高中双科提分课,199元高中双科提分课,申坤,其他,0,wangjiananbj03,2026/7/10,8,204.98,0,0,0,31.54,17081.67,0,0.34%,0%,-,0,0
d7a309d85baae389c30510685d306b57,-,-,-,-,-,https://tutor-online.oss-cn-beijing.aliyuncs.com/growth/download-material/d7a309d85baae389c30510685d306b57.mp4,20260704-猿辅导高中双科-实拍-千川-活动-买数学送物理-上哪找二-常文茜-cd张艺馨-岳久鸿-叶俊泽ec-二创-14-高二-五科.mp4,-,,,199元高中双科提分课,199元高中双科提分课,荔枝,其他,0,wangjiananbj03,2026/7/9,9,73.99,0,0,0,755,9248.75,0,8.16%,0.00%,-,0,0
c7502e36bab5e625b327dd5937c11cac,-,-,-,-,-,https://tutor-online.oss-cn-beijing.aliyuncs.com/growth/download-material/c7502e36bab5e625b327dd5937c11cac.mp4,20260629-猿辅导高中双科-实拍-活动-多少-张焱-bj李赛-袁北辰ec-二创-1,-,,,199元高中双科提分课,199元高中双科提分课,荔枝,其他,0,wangjiananbj03,2026/7/17,1,1.64,0,0,0,36.44,0,0,0.00%,0.00%,-,0,0
a2d1c3dcd9b3906c376c0b4fda3cb134,-,-,-,-,-,https://tutor-online.oss-cn-beijing.aliyuncs.com/growth/download-material/a2d1c3dcd9b3906c376c0b4fda3cb134.mp4,0706-9物-玄武-李博-王成仡-彩丽-方法优势-效果方法体系-有-3-yfdwl0706G2浩3-丽-龙-仡-首,-,,,9元高中物理李博,9元高中物理李博,玄武,代理商,0,wangruixuebj01,2026/7/11,7,0.82,0,0,0,48.24,410,0,11.76%,0%,-,0,0
45f9548d602206412a7545550406caa0,-,-,-,-,-,https://tutor-online.oss-cn-beijing.aliyuncs.com/growth/download-material/45f9548d602206412a7545550406caa0.mp4,20260710-猿辅导高中双科-实拍-千川-买数送物-活动-喊醒-李莹莹-bj冷一丁-二创-张晓洁ec-2-高二.mp4,-,,,199元高中双科提分课,199元高中双科提分课,荔枝,其他,0,wangjiananbj03,2026/7/16,2,0.32,0,0,0,64,0,0,0.00%,0.00%,-,0,0
e89319ea65560efaa2b16d7dd9293f82,-,-,-,-,-,https://tutor-online.oss-cn-beijing.aliyuncs.com/growth/download-material/e89319ea65560efaa2b16d7dd9293f82.mp4,20260707-猿辅导高中双科-实拍-千川-买物送数-专家分享-跟你学-高二高三-李莹莹-b宋钦冲-叶俊泽yc-1,-,,,199元高中双科提分课,199元高中双科提分课,荔枝,其他,0,wangjiananbj03,2026/7/10,8,8.09,0,0,0,26.44,0,0,0.00%,0.00%,-,0,0
9ae0b78112d1f4f3b3c660cfc46cfbf0,-,-,-,-,-,https://tutor-online.oss-cn-beijing.aliyuncs.com/growth/download-material/9ae0b78112d1f4f3b3c660cfc46cfbf0.mp4,9元视频1219-0717-9物-十人-bmqr-ylb-A2-B4-jclb-pwjl-2,-,,,9元高中物理李博,9元高中物理李博,十人,代理商,0,wangruixuebj01,2026/7/18,0,5.51,9,1,1.63,128.14,1836.67,5.51,6.98%,33.33%,-,23.26,3000
245575c6cc9b9b96b2bf596f727da5ca,-,-,-,-,-,https://tutor-online.oss-cn-beijing.aliyuncs.com/growth/download-material/245575c6cc9b9b96b2bf596f727da5ca.mp4,一键修复_20260714-猿辅导高中双科-实拍-千川-暑期预习-高三-买数送物-说漏嘴-常文茜-bj庄紫薇--高俊南yc-前贴.mp4,-,,,199元高中双科提分课,199元高中双科提分课,荔枝,其他,0,wangjiananbj03,2026/7/16,2,2.67,0,0,0,116.09,0,0,0.00%,0.00%,-,0,0
c98e1391fd947d9180c2ec021d5af2e4,-,-,-,-,-,https://tutor-online.oss-cn-beijing.aliyuncs.com/growth/download-material/c98e1391fd947d9180c2ec021d5af2e4.mp4,20260708-猿辅导高中双科-口播-活动-选哪栎-张焱-bj李栎-叶俊泽yc-5-前贴2,-,,,199元高中双科提分课,199元高中双科提分课,荔枝,其他,0,wangjiananbj03,2026/7/10,8,53.2,0,0,0,55.47,17733.33,0,0.42%,0%,-,0,0
d4aa6ced3f4ab391d57716c4d325895c,-,-,-,-,-,https://tutor-online.oss-cn-beijing.aliyuncs.com/growth/download-material/d4aa6ced3f4ab391d57716c4d325895c.mp4,一键修复_20260708-猿辅导高中双科-实拍-活动-199学五科-高二-五科-买它-高二-唐欣悦-bj于靖--张晓洁yc-9.1.mp4,-,,,199元高中双科提分课,199元高中双科提分课,荔枝,其他,0,wangjiananbj03,2026/7/11,7,17.44,0,0,0,183.58,2906.67,0,6.32%,0.00%,-,0,0
d9453a5f1b8aee8baa921d63984a857a,-,-,-,-,-,https://tutor-online.oss-cn-beijing.aliyuncs.com/growth/download-material/d9453a5f1b8aee8baa921d63984a857a.mp4,20260623-猿辅导高中双科-实拍-活动-上哪找-常文茜-cd雪儿-岳久鸿-裂变-张晓洁yc-8,-,,,199元高中双科提分课,199元高中双科提分课,荔枝,其他,0,wangjiananbj03,2026/7/11,7,41.26,0,0,0,54.36,41260,0,0.40%,0%,-,0,0
2e95872dd649c1ecd94a67388bf55e8a,-,-,-,-,-,https://tutor-online.oss-cn-beijing.aliyuncs.com/growth/download-material/2e95872dd649c1ecd94a67388bf55e8a.mp4,0628-199双科-申坤-李博-李天-卞俊洁-A1-B4-无-02,-,,,199元高中双科提分课,199元高中双科提分课,申坤,其他,0,wangjiananbj03,2026/6/28,20,0,398,2,0,0,0,0,0.00%,0.00%,-,0,0
f318e814861ecd3497774a80bdaa4096,-,-,-,-,-,https://tutor-online.oss-cn-beijing.aliyuncs.com/growth/download-material/f318e814861ecd3497774a80bdaa4096.mp4,20260711-猿辅导高中双科-实拍-千川-买数送物-活动-喊醒-李莹莹-bj冷一丁-二创-叶俊泽ec-14-高二.mp4,-,,,199元高中双科提分课,199元高中双科提分课,荔枝,其他,0,wangjiananbj03,2026/7/16,2,0.17,0,0,0,24.29,0,0,0.00%,0.00%,-,0,0
253862933760ea0463be7302e23cd331,-,-,-,-,-,https://tutor-online.oss-cn-beijing.aliyuncs.com/growth/download-material/253862933760ea0463be7302e23cd331.mp4,20260414-猿辅导高中双科-实拍-活动-对不起-常文茜-二创-文涵立ec.mp4,-,,,199元高中双科提分课,199元高中双科提分课,荔枝,其他,0,wangjiananbj03,2026/5/13,66,0.71,0,0,0,101.43,0,0,0.00%,0.00%,-,0,0
dd18f41e34f77012e0c84f8c188e3e13,-,-,-,-,-,https://tutor-online.oss-cn-beijing.aliyuncs.com/growth/download-material/dd18f41e34f77012e0c84f8c188e3e13.mp4,20260708-猿辅导高中双科-实拍-千川-买数送物-专家分享-可以不-高二-张焱-dr珈岐妈妈--张晓洁yc-1.mp4,-,,,199元高中双科提分课,199元高中双科提分课,荔枝,其他,0,wangjiananbj03,2026/7/13,5,18.72,0,0,0,81.75,1701.82,0,4.80%,0.00%,-,0,0
7af5ce060eefbb13af22c4ac5334e614,-,-,-,-,-,https://tutor-online.oss-cn-beijing.aliyuncs.com/growth/download-material/7af5ce060eefbb13af22c4ac5334e614.mp4,0715-9物-自产-自产主-李博-亿晨-子衿-A7-B1-无-4-娇-【AI】,-,,,9元高中物理李博,9元高中物理李博,玄武,代理商,0,wangruixuebj01,2026/7/16,2,10.9,0,0,0,80.15,10900,0,0.74%,0%,-,0,0
2bbbd4d711dc8f15874662756fc8ce3d,-,-,-,-,-,https://tutor-online.oss-cn-beijing.aliyuncs.com/growth/download-material/2bbbd4d711dc8f15874662756fc8ce3d.mp4,20260610-猿辅导高中双科-实拍-千川-活动-五科-199学三年-不要-唐欣悦-岳久鸿-cd小丹-叶俊泽yc-2-前贴1,-,,,199元高中双科提分课,199元高中双科提分课,荔枝,代理商,0,wangjiananbj03,2026/6/20,28,4947.03,2189,8,0.44,129.47,21323.41,618.38,0.86%,2.45%,-,0.21,9435.34
087fe6ef360e1f51f3e6f710069a4faa,-,-,-,-,-,https://tutor-online.oss-cn-beijing.aliyuncs.com/growth/download-material/087fe6ef360e1f51f3e6f710069a4faa.mp4,20260708-猿辅导高中双科-实拍-视频号-活动-199学三年-买数送物-通用-买数送物-地板价-唐欣悦-bj李栎--张晓洁yc-7（前贴）,-,,,199元高中双科提分课,199元高中双科提分课,自投放,其他,0,wangjiananbj03,2026/7/16,2,5.04,0,0,0,33.38,0,0,0.00%,0.00%,-,0,0
2b4ff4dec27528d5dc8034b422661764,-,-,-,-,-,https://tutor-online.oss-cn-beijing.aliyuncs.com/growth/download-material/2b4ff4dec27528d5dc8034b422661764.mp4,20260701-猿辅导高中双科-混剪-视频号-图-夕阳-张焱-补量二创-张晓洁ec-5.mp4,-,,,199元高中双科提分课,199元高中双科提分课,荔枝,其他,0,wangjiananbj03,2026/7/2,16,7.54,0,0,0,251.33,1508,0,16.67%,0.00%,-,0,0
a0350e8205780fe0d9347f1bc8720fd2,-,-,-,-,-,https://tutor-online.oss-cn-beijing.aliyuncs.com/growth/download-material/a0350e8205780fe0d9347f1bc8720fd2.mp4,20260620-猿辅导高中双科-实拍-千川-焦虑-ts罗雅雯-张焱-bj李赛-二创-张晓洁ec-4.mp4,-,,,199元高中双科提分课,199元高中双科提分课,荔枝,其他,0,wangjiananbj03,2026/6/23,25,1.19,0,0,0,42.5,396.67,0,10.71%,0.00%,-,0,0
bec8a4964aeb613ee8fe04719841ed9e,-,-,-,-,-,https://tutor-online.oss-cn-beijing.aliyuncs.com/growth/download-material/bec8a4964aeb613ee8fe04719841ed9e.mp4,0708-199双科-申坤-李博-李天-卞俊洁-A1-B4-有-高二高三-01,-,,,199元高中双科提分课,199元高中双科提分课,申坤,其他,0,wangjiananbj03,2026/7/10,8,1.42,0,0,0,74.74,0,0,0.00%,0.00%,-,0,0
3b6645e17c05e04043a520476ed9a775,-,-,-,-,-,https://tutor-online.oss-cn-beijing.aliyuncs.com/growth/download-material/3b6645e17c05e04043a520476ed9a775.mp4,20260620-猿辅导高中双科-实拍-活动-夏他-张焱-bj李赛-ts李琳玉-二创-张晓洁ec-1,-,,,199元高中双科提分课,199元高中双科提分课,自投放,其他,0,wangjiananbj03,2026/7/10,8,472.64,0,0,0,37.86,24875.79,0,0.30%,0%,-,0,0
e64f66c4922a9db3aaa534ad571986af,-,-,-,-,-,https://tutor-online.oss-cn-beijing.aliyuncs.com/growth/download-material/e64f66c4922a9db3aaa534ad571986af.mp4,20260701-猿辅导高中双科-混剪-视频号-图-广告夕阳-张焱-裂变-张晓洁yc-8,-,,,199元高中双科提分课,199元高中双科提分课,荔枝,其他,0,wangjiananbj03,2026/7/4,14,0.21,0,0,0,5.25,0,0,0.00%,0.00%,-,0,0
8effa350cfd81550c142d4f6bf22391b,-,-,-,-,-,https://tutor-online.oss-cn-beijing.aliyuncs.com/growth/download-material/8effa350cfd81550c142d4f6bf22391b.mp4,0714-199双科-申坤-李博-李天-卞俊洁-A2-B4-有-02,-,,,199元高中双科提分课,199元高中双科提分课,申坤,其他,0,wangjiananbj03,2026/7/15,3,2214.59,597,3,0.27,117.59,31637,738.2,0.73%,2.17%,-,0.16,8528.57
0968330bc0e6952d4297fa45f11abfd2,-,-,-,-,-,https://tutor-online.oss-cn-beijing.aliyuncs.com/growth/download-material/0968330bc0e6952d4297fa45f11abfd2.mp4,20260604-猿辅导高中双科-混剪-图-坚持-张焱---张晓洁yc拼客供素材-李文静ec-视频号二创-6,-,,,199元高中双科提分课,199元高中双科提分课,自投放,其他,0,wangjiananbj03,2026/6/6,42,16183.16,6169,30,0.38,87.94,22229.62,539.44,0.61%,2.67%,-,0.16,8473.9
e74654cc8982984dc4a038bb1943c4ff,-,-,-,-,-,https://tutor-online.oss-cn-beijing.aliyuncs.com/growth/download-material/e74654cc8982984dc4a038bb1943c4ff.mp4,20260618-9物-代理-启航-李博-【b1-p6-a1-43】-A5-B5-有-2-迭代01,-,,,9元高中物理李博,9元高中物理李博,启航,代理商,0,wangruixuebj01,2026/7/10,8,26.41,0,0,0,146.72,6602.5,0,2.22%,0%,-,0,0
3a4d1848a77774c292070df65d180c6a,-,-,-,-,-,https://tutor-online.oss-cn-beijing.aliyuncs.com/growth/download-material/3a4d1848a77774c292070df65d180c6a.mp4,一键修复_20260707-猿辅导高中双科-实拍-千川-买数送物-活动-喊醒-李莹莹-bj冷一丁-叶俊泽yc-2-前贴.mp4,-,,,199元高中双科提分课,199元高中双科提分课,荔枝,其他,0,wangjiananbj03,2026/7/10,8,10.65,0,0,0,273.08,3550,0,7.69%,0.00%,-,0,0
b2779ad3394e216fd29c31eccfea9d23,-,-,-,-,-,https://tutor-online.oss-cn-beijing.aliyuncs.com/growth/download-material/b2779ad3394e216fd29c31eccfea9d23.mp4,0616-9物-代理-十人-李博-jzzy-bmqr-A2-B2-pwjl-有-4-受益人,-,,,9元高中物理李博,9元高中物理李博,十人,代理商,0,wangruixuebj01,2026/6/17,31,16.54,0,0,0,212.05,0,0,0.00%,0.00%,-,0,0
4277103b5e09bd879485b505b8eeb77b,-,-,-,-,-,https://tutor-online.oss-cn-beijing.aliyuncs.com/growth/download-material/4277103b5e09bd879485b505b8eeb77b.mp4,20260708-猿辅导高中双科-实拍-视频号-线下班对比-199学全年-买数送物-高二-买数送物-听错-高二-唐欣悦-bj于靖--张晓洁yc-8.1.mp4,-,,,199元高中双科提分课,199元高中双科提分课,荔枝,其他,0,wangjiananbj03,2026/7/11,7,17.51,0,0,0,437.75,17510,0,2.50%,0.00%,-,0,0
84fb794061657a942c8ad72fe4cb92c1,-,-,-,-,-,https://tutor-online.oss-cn-beijing.aliyuncs.com/growth/download-material/84fb794061657a942c8ad72fe4cb92c1.mp4,0703-199双科-申坤-李博-李天-姚恒-A1-B4-无-03,-,,,199元高中双科提分课,199元高中双科提分课,申坤,其他,0,wangjiananbj03,2026/7/15,3,1.86,0,0,0,71.54,0,0,0.00%,0.00%,-,0,0
9a233c6e07026de04ff88a662a6f5cb1,-,-,-,-,-,https://img-pub.oss-cn-beijing-internal.aliyuncs.com/19f1279870461d6.mp4,9元视频1164-0624-9物-十人-bmqr-ylb-A2-B4-jclb-pwjl-5,-,,,9元高中物理李博,9元高中物理李博,十人,代理商,0,wangruixuebj01,2026/6/30,18,0,0,0,0,0,0,0,0.00%,0.00%,-,0,0
3918d008ade52d1ed080c734703b68e3,-,-,-,-,-,https://tutor-online.oss-cn-beijing.aliyuncs.com/growth/download-material/3918d008ade52d1ed080c734703b68e3.mp4,0709-199双科-申坤-李博-李天-张佳乐-A2-B4-无-高二高三-5,-,,,199元高中双科提分课,199元高中双科提分课,申坤,其他,0,wangjiananbj03,-,-,0,0,0,0,0,0,0,0.00%,0.00%,-,0,0
9d82335c069e001d4433ad05f19f8b11,-,-,-,-,-,https://tutor-online.oss-cn-beijing.aliyuncs.com/growth/download-material/9d82335c069e001d4433ad05f19f8b11.mp4,0709-199双科-申坤-李博-李天-张佳乐-A2-B4-无-高二高三-1,-,,,199元高中双科提分课,199元高中双科提分课,申坤,其他,0,wangjiananbj03,2026/7/14,4,19.9,0,0,0,61.99,3980,0,1.56%,0%,-,0,0
395e28c9e5ff466e12858b8e8d4ced48,-,-,-,-,-,https://tutor-online.oss-cn-beijing.aliyuncs.com/growth/download-material/395e28c9e5ff466e12858b8e8d4ced48.mp4,0715-199双科-申坤-李博-李天-卞俊洁-A6-B4-有-02,-,,,199元高中双科提分课,199元高中双科提分课,申坤,其他,0,wangjiananbj03,2026/7/18,0,0.03,0,0,0,30,0,0,0.00%,0.00%,-,0,0
783c86ec8868206fa165a9ae2e4c5ae2,-,-,-,-,-,https://tutor-online.oss-cn-beijing.aliyuncs.com/growth/download-material/783c86ec8868206fa165a9ae2e4c5ae2.mp4,20260514-猿辅导高中双科-实拍-活动-亏大了-常文茜-bj予晴-二创-张晓洁ec-6.mp4,-,,,199元高中双科提分课,299元高中全年提分课,荔枝,其他,0,wangjiananbj03,2026/5/18,61,39.75,199,1,5.01,213.71,3312.5,39.75,6.45%,8.33%,-,5.38,16583.33
70bdeb2744d58ad464e2b589523edcbc,-,-,-,-,-,https://tutor-online.oss-cn-beijing.aliyuncs.com/growth/download-material/70bdeb2744d58ad464e2b589523edcbc.mp4,20260707-猿辅导高中双科-实拍-千川-买数送物-活动-喊醒-李莹莹-bj冷一丁-叶俊泽yc-2,-,,,199元高中双科提分课,199元高中双科提分课,自投放,其他,0,wangjiananbj03,2026/7/16,2,1.21,0,0,0,8.34,0,0,0.69%,0%,-,0,0
57eb1e5ffd3dbc91ad7db743d0a94a7f,-,-,-,-,-,https://tutor-online.oss-cn-beijing.aliyuncs.com/growth/download-material/57eb1e5ffd3dbc91ad7db743d0a94a7f.mp4,20260715-猿辅导高中数物-混剪-图-程序-9.mp4,-,,,199元高中双科提分课,199元高中双科提分课,荔枝,其他,0,wangjiananbj03,2026/7/17,1,2.98,0,0,0,745,1490,0,50.00%,0.00%,-,0,0
42c04fb2f35d27be4117bd3873810589,-,-,-,-,-,https://tutor-online.oss-cn-beijing.aliyuncs.com/growth/download-material/42c04fb2f35d27be4117bd3873810589.mp4,20260710-猿辅导高中双科-实拍-千川-线下班对比-199学三年-答应我-高二-唐欣悦-bj赵阳-二创-张晓洁ec-3.mp4,-,,,199元高中双科提分课,199元高中双科提分课,荔枝,其他,0,wangjiananbj03,2026/7/16,2,4.8,0,0,0,123.08,4800,0,2.56%,0.00%,-,0,0
32895173724511bd8f0758f5383dc474,-,-,-,-,-,https://tutor-online.oss-cn-beijing.aliyuncs.com/growth/download-material/32895173724511bd8f0758f5383dc474.mp4,20260618-猿辅导高中双科-混剪-视频号-图-男孩-张焱-张晓洁yc-4.mp4,-,,,199元高中双科提分课,199元高中双科提分课,荔枝,代理商,0,wangjiananbj03,2026/6/18,30,1900.83,1194,6,0.63,56.84,3394.34,316.81,1.67%,1.07%,-,0.18,2132.14
5fca505345642200cfcc92af9c95f81b,-,-,-,-,-,https://tutor-online.oss-cn-beijing.aliyuncs.com/growth/download-material/5fca505345642200cfcc92af9c95f81b.mp4,20260715-猿辅导高中双科-实拍-千川-活动-高二+高三-五科--张焱-cd鲨鱼--李文静yc-1.mp4,-,,,199元高中双科提分课,199元高中双科提分课,荔枝,其他,0,wangjiananbj03,2026/7/17,1,2.83,0,0,0,157.22,1415,0,11.11%,0.00%,-,0,0
4b3179d80772683d55d0b0786a378098,-,-,-,-,-,https://tutor-online.oss-cn-beijing.aliyuncs.com/growth/download-material/4b3179d80772683d55d0b0786a378098.mp4,20260624-9物-代理-启航-李博-【b1-p6-a3-70-0630】-A5-B5-有-2,-,,,9元高中物理李博,9元高中物理李博,启航,代理商,0,wangruixuebj01,2026/7/10,8,99.47,0,0,0,107.07,3108.44,0,3.55%,0%,-,0,0
4ff9093cd01459d872a7e007cbd79620,-,-,-,-,-,https://tutor-online.oss-cn-beijing.aliyuncs.com/growth/download-material/4ff9093cd01459d872a7e007cbd79620.mp4,20260630-猿辅导高中双科-实拍-千川-变态-唐欣悦-ip李博-袁北辰ec-二创-3,-,,,199元高中双科提分课,199元高中双科提分课,自投放,其他,0,wangjiananbj03,2026/7/18,0,0.02,0,0,0,5,0,0,0.00%,0.00%,-,0,0
26cb7a808d6017153dbdbfc34b1abd8e,-,-,-,-,-,https://tutor-online.oss-cn-beijing.aliyuncs.com/growth/download-material/26cb7a808d6017153dbdbfc34b1abd8e.mp4,20260713-猿辅导高中双科-实拍-视频号-活动-199学全年-买数送物-高二-买数送物-标错-高二-唐欣悦-cd文雨婷-岳久鸿-曹婷婷yc-2.1-前贴.mp4,-,,,199元高中双科提分课,199元高中双科提分课,荔枝,其他,0,wangjiananbj03,2026/7/16,2,2.16,0,0,0,48,0,0,0.00%,0.00%,-,0,0
3605d21761424ead5571975d000956c6,-,-,-,-,-,https://tutor-online.oss-cn-beijing.aliyuncs.com/growth/download-material/3605d21761424ead5571975d000956c6.mp4,20260612-猿辅导高中双科-混剪-视频号-图-男孩-张焱-张晓洁yc-4.mp4,-,,,199元高中双科提分课,199元高中双科提分课,荔枝,其他,0,wangjiananbj03,2026/6/12,36,34.08,199,1,5.84,154.91,1481.74,34.08,10.45%,4.35%,-,4.55,8652.17
ce6d4cd13efcfa658f80bd6106560fdd,-,-,-,-,-,https://tutor-online.oss-cn-beijing.aliyuncs.com/growth/download-material/ce6d4cd13efcfa658f80bd6106560fdd.mp4,20260701-猿辅导高中双科-混剪-视频号-图-板报-张焱-裂变-张晓洁yc-6,-,,,199元高中双科提分课,199元高中双科提分课,荔枝,其他,0,wangjiananbj03,2026/7/4,14,0.05,0,0,0,7.14,0,0,0.00%,0.00%,-,0,0
05bad746f3ad3f270be938c4299ffa5f,-,-,-,-,-,https://tutor-online.oss-cn-beijing.aliyuncs.com/growth/download-material/05bad746f3ad3f270be938c4299ffa5f.mp4,20260710-猿辅导高中双科-实拍-视频号-活动-通用-买数送物-伪直播-唐欣悦-cd杨嘉歆-岳久鸿-张雪依yc-3改.mp4,-,,,199元高中双科提分课,199元高中双科提分课,荔枝,其他,0,wangjiananbj03,2026/7/16,2,2.24,0,0,0,93.33,1120,0,8.33%,0.00%,-,0,0
92fd2edfceec31125d8c11e144d929f1,-,-,-,-,-,https://tutor-online.oss-cn-beijing.aliyuncs.com/growth/download-material/92fd2edfceec31125d8c11e144d929f1.mp4,20260624-9物-代理-启航-李博-【b1-p6-a3-67-0630】-A5-B5-有-2,-,,,9元高中物理李博,9元高中物理李博,启航,代理商,0,wangruixuebj01,2026/7/10,8,212.83,0,0,0,136.34,9253.48,0,1.54%,0%,-,0,0
1391a7e4d45b2113253bebb6c6e9567b,-,-,-,-,-,https://tutor-online.oss-cn-beijing.aliyuncs.com/growth/download-material/1391a7e4d45b2113253bebb6c6e9567b.mp4,20260707-猿辅导高中双科-实拍-千川-6天训练营提分-通用-买数送物-都安排-常文茜-dr小五老师-李文静yc-1-前贴,-,,,199元高中双科提分课,199元高中双科提分课,荔枝,代理商,0,wangjiananbj03,2026/7/17,1,5.44,0,0,0,54.95,0,0,0.00%,0.00%,-,0,0
f8bc638d01c73c81e8957e0d0c6f9c7d,-,-,-,-,-,https://tutor-online.oss-cn-beijing.aliyuncs.com/growth/download-material/f8bc638d01c73c81e8957e0d0c6f9c7d.mp4,0630-199双科-申坤-李博-李天-卞俊洁-A2-B4-无-16,-,,,199元高中双科提分课,199元高中双科提分课,申坤,其他,0,wangjiananbj03,2026/7/5,13,9.95,0,0,0,103.65,0,0,0.00%,0.00%,-,0,0
8ab75895850bc674d0315b363a716eba,-,-,-,-,-,https://tutor-online.oss-cn-beijing.aliyuncs.com/growth/download-material/8ab75895850bc674d0315b363a716eba.mp4,20260626-猿辅导高中双科-混剪-视频号-图-张焱-张晓洁yc-13.1.mp4,-,,,199元高中双科提分课,199元高中双科提分课,荔枝,其他,0,wangjiananbj03,2026/6/27,21,0.5,0,0,0,100,0,0,0.00%,0.00%,-,0,0
15aa1365a6077f20287a9733e3a0ed65,-,-,-,-,-,https://tutor-online.oss-cn-beijing.aliyuncs.com/growth/download-material/15aa1365a6077f20287a9733e3a0ed65.mp4,20260630-猿辅导高中双科-实拍-千川-买物送数-专家分享-怎么样-高二高三-李莹莹-cd小墨-詹铠任-叶俊泽yc-1,-,,,199元高中双科提分课,199元高中双科提分课,荔枝,其他,0,wangjiananbj03,-,-,0,0,0,0,0,0,0,0.00%,0.00%,-,0,0
1f482bedd7b890f0fa8b4d17e2d99946,-,-,-,-,-,https://tutor-online.oss-cn-beijing.aliyuncs.com/growth/download-material/1f482bedd7b890f0fa8b4d17e2d99946.mp4,一键修复_20260610-猿辅导高中双科-实拍-千川-专家分享-买数送物-反着学-唐欣悦-dr数学陪跑夏老师--叶俊泽yc-1 (1).mp4,-,,,199元高中双科提分课,199元高中双科提分课,荔枝,其他,0,wangjiananbj03,2026/6/19,29,4.36,0,0,0,155.71,872,0,17.86%,0.00%,-,0,0
1f423a059b7b6ad66f957a2c5c99bc25,-,-,-,-,-,https://tutor-online.oss-cn-beijing.aliyuncs.com/growth/download-material/1f423a059b7b6ad66f957a2c5c99bc25.mp4,20260711-猿辅导高中双科-实拍-千川-买物送数-专家分享-跟你学-高二高三-李莹莹-b宋钦冲-二创-叶俊泽ec-18.mp4,-,,,199元高中双科提分课,199元高中双科提分课,荔枝,其他,0,wangjiananbj03,2026/7/16,2,95.94,0,0,0,120.53,6396,0,1.88%,0.00%,-,0,0
d807c240d34f86d32538549259cc14d6,-,-,-,-,-,https://tutor-online.oss-cn-beijing.aliyuncs.com/growth/download-material/d807c240d34f86d32538549259cc14d6.mp4,一键修复_0512-199双科-自产-自产主-王晶-曲中雨-子衿--B1B4-有-3.mp4,-,,,199元高中双科提分课,199元高中双科提分课,荔枝,其他,0,wangjiananbj03,2026/6/8,40,5.83,0,0,0,149.49,1943.33,0,7.69%,0.00%,-,0,0
4a4dbed0140d06833b69dc3d5df0802e,-,-,-,-,-,https://tutor-online.oss-cn-beijing.aliyuncs.com/growth/download-material/4a4dbed0140d06833b69dc3d5df0802e.mp4,0616-9物-代理-十人-李博-jzzy-bmqr-A2-B2-pwjl-有-3-知识点,-,,,9元高中物理李博,9元高中物理李博,十人,代理商,0,wangruixuebj01,2026/6/18,30,3.14,0,0,0,184.71,0,0,0.00%,0.00%,-,0,0
3d02913e7ec80173236675af0a732a02,-,-,-,-,-,https://tutor-online.oss-cn-beijing.aliyuncs.com/growth/download-material/3d02913e7ec80173236675af0a732a02.mp4,0708-199双科-申坤-李博-李天-卞俊洁-A1-B4-无-高二高三-4,-,,,199元高中双科提分课,199元高中双科提分课,申坤,其他,0,wangjiananbj03,2026/7/10,8,185.38,0,0,0,24.23,6179.33,0,0.61%,0%,-,0,0
dcf80c68e13ccdedc0689183a7a8241a,-,-,-,-,-,https://tutor-online.oss-cn-beijing.aliyuncs.com/growth/download-material/dcf80c68e13ccdedc0689183a7a8241a.mp4,20260624-猿辅导高中双科-实拍-买数学送物理-我婆婆-常文茜-dr蔡昕-裂变-张晓洁yc-9,-,,,199元高中双科提分课,199元高中双科提分课,荔枝,其他,0,wangjiananbj03,2026/7/11,7,536.56,199,1,0.37,97.84,31562.35,536.56,0.60%,3.03%,-,0.18,11705.88
132d00489a0e185079ab09888dc6863d,-,-,-,-,-,https://tutor-online.oss-cn-beijing.aliyuncs.com/growth/download-material/132d00489a0e185079ab09888dc6863d.mp4,20260626-猿辅导高中双科-实拍-活动-他们夏能-张焱-bj刘能能-张晓洁yc-1.1（前贴2）.mp4,-,,,199元高中双科提分课,199元高中双科提分课,荔枝,其他,0,wangjiananbj03,2026/7/9,9,164.47,0,0,0,165.8,8656.32,0,1.92%,0.00%,-,0,0
0b9368c87481640154e565ccb6b5a540,-,-,-,-,-,https://tutor-online.oss-cn-beijing.aliyuncs.com/growth/download-material/0b9368c87481640154e565ccb6b5a540.mp4,20260710-猿辅导高中双科-口播-活动-三连学-张焱-bj李栎-二创-张晓洁ec-4.mp4,-,,,199元高中双科提分课,199元高中双科提分课,荔枝,其他,0,wangjiananbj03,2026/7/16,2,0.57,0,0,0,285,0,0,0.00%,0.00%,-,0,0
b6665c39b386bc82ed66e0d0be9852ea,-,-,-,-,-,https://tutor-online.oss-cn-beijing.aliyuncs.com/growth/download-material/b6665c39b386bc82ed66e0d0be9852ea.mp4,2026060-猿辅导高中双科-实拍-活动-再说一遍-常文茜-bj丁梓仟-裂变-张晓洁yc-3.1,-,,,199元高中双科提分课,199元高中双科提分课,自投放,其他,0,wangjiananbj03,-,-,0,0,0,0,0,0,0,0.00%,0.00%,-,0,0
83e629d5d0e180739fd94b165bd368fb,-,-,-,-,-,https://tutor-online.oss-cn-beijing.aliyuncs.com/growth/download-material/83e629d5d0e180739fd94b165bd368fb.mp4,20260618-猿辅导高中双科-混剪-视频号-图-男孩-张焱-张晓洁yc-2.mp4,-,,,199元高中双科提分课,199元高中双科提分课,荔枝,代理商,0,wangjiananbj03,2026/6/18,30,5.21,0,0,0,81.41,1042,0,7.81%,0.00%,-,0,0
cb477ac19e8bfbe861fc7df75301a2fe,-,-,-,-,-,https://tutor-online.oss-cn-beijing.aliyuncs.com/growth/download-material/cb477ac19e8bfbe861fc7df75301a2fe.mp4,20260708-猿辅导高中双科-实拍-千川-买数送物-活动-特别-张焱-bj丁梓仟--张晓洁yc-2（前贴改）.mp4,-,,,199元高中双科提分课,199元高中双科提分课,荔枝,其他,0,wangjiananbj03,2026/7/13,5,74.7,398,2,5.33,77.25,1915.38,37.35,4.03%,5.13%,-,2.07,10205.13
7423c9a84871b82e097cc6ecf8e4c03b,-,-,-,-,-,https://tutor-online.oss-cn-beijing.aliyuncs.com/growth/download-material/7423c9a84871b82e097cc6ecf8e4c03b.mp4,null-自动生成-20-202607121002,-,,,199元高中双科提分课,199元高中双科提分课,申坤,其他,0,wangjiananbj03,2026/7/12,6,132.27,0,0,0,71.69,16533.75,0,0.54%,0%,-,0,0
5c82934820810d9a31e052347a5766e3,-,-,-,-,-,https://tutor-online.oss-cn-beijing.aliyuncs.com/growth/download-material/5c82934820810d9a31e052347a5766e3.mp4,0706-199双科-申坤-李博-李天-卞俊洁-A5-B5-有-高二高三-6,-,,,199元高中双科提分课,199元高中双科提分课,申坤,其他,0,wangjiananbj03,2026/7/7,11,24,0,0,0,10.82,8000,0,0.18%,0%,-,0,0
c78145b835b834baeeaa928f647a1781,-,-,-,-,-,https://tutor-online.oss-cn-beijing.aliyuncs.com/growth/download-material/c78145b835b834baeeaa928f647a1781.mp4,20260711-猿辅导高中双科-实拍-千川-活动-高二-五科-售卖-张焱-bj李栎--李文静ec-二创-4,-,,,199元高中双科提分课,199元高中双科提分课,自投放,其他,0,wangjiananbj03,2026/7/14,4,207.86,199,1,0.96,81.58,17321.67,207.86,0.71%,5.56%,-,0.39,16583.33
686432a9d21d221359c07d9ae284a730,-,-,-,-,-,https://tutor-online.oss-cn-beijing.aliyuncs.com/growth/download-material/686432a9d21d221359c07d9ae284a730.mp4,20260708-猿辅导高中双科-实拍-活动-199学五科-高二-五科-买它-高二-唐欣悦-bj于靖--张晓洁yc-9.1（前贴）.mp4,-,,,199元高中双科提分课,199元高中双科提分课,荔枝,其他,0,wangjiananbj03,2026/7/12,6,2.94,199,1,67.69,84,420,2.94,20.00%,14.29%,-,28.57,28428.57
a8720df1fadd9e389f7a0deec56f8706,-,-,-,-,-,https://tutor-online.oss-cn-beijing.aliyuncs.com/growth/download-material/a8720df1fadd9e389f7a0deec56f8706.mp4,0610-199双科-自产-自产主-李博-视觉锤-子衿-A2-B1-无-7.mp4,-,,,199元高中双科提分课,199元高中双科提分课,荔枝,其他,0,wangjiananbj03,2026/6/19,29,0.01,0,0,0,0,0,0,0.00%,0.00%,-,0,0
b96306ec78286c42e0816b1557ec8310,-,-,-,-,-,https://tutor-online.oss-cn-beijing.aliyuncs.com/growth/download-material/b96306ec78286c42e0816b1557ec8310.mp4,9元视频1215-0714-9物-代理-十人-李博-jjsx-bwxy-A2-B1-pcc-pwjl-3,-,,,9元高中物理李博,9元高中物理李博,十人,代理商,0,wangruixuebj01,2026/7/18,0,9.47,0,0,0,112.74,0,0,0.00%,0.00%,-,0,0
4918dd3c26eca537571ec9429bc60133,-,-,-,-,-,https://tutor-online.oss-cn-beijing.aliyuncs.com/growth/download-material/4918dd3c26eca537571ec9429bc60133.mp4,0714-199双科-申坤-李博-李天-卞俊洁-A5-B4-无-01,-,,,199元高中双科提分课,199元高中双科提分课,申坤,其他,0,wangjiananbj03,2026/7/14,4,9.99,0,0,0,19.59,0,0,0.20%,0%,-,0,0
52ac13888636fdbae5f6e6b2870f029a,-,-,-,-,-,https://tutor-online.oss-cn-beijing.aliyuncs.com/growth/download-material/52ac13888636fdbae5f6e6b2870f029a.mp4,0605-9物-十人-bwxy-ylb-A2-B4-jclb-pcc-1,-,,,9元高中物理李博,9元高中物理李博,十人,其他,0,wangruixuebj01,2026/6/14,34,0.01,0,0,0,5,0,0,0.00%,0.00%,-,0,0
8bf3f18bcbeca133cc5f7f5d2f0a0e7b,-,-,-,-,-,https://tutor-online.oss-cn-beijing.aliyuncs.com/growth/download-material/8bf3f18bcbeca133cc5f7f5d2f0a0e7b.mp4,0703-199双科-申坤-李博-李天-卞俊洁-A2-B4-无-21,-,,,199元高中双科提分课,199元高中双科提分课,申坤,其他,0,wangjiananbj03,2026/7/9,9,541.49,0,0,0,46.7,18049.67,0,0.34%,0%,-,0,0
5dff896e5c9a5e8c4aedea81870d6178,-,-,-,-,-,https://tutor-online.oss-cn-beijing.aliyuncs.com/growth/download-material/5dff896e5c9a5e8c4aedea81870d6178.mp4,20260704-猿辅导高中双科-混剪-图-张凌-张焱-张雪依yc-5-高二高三.mp4,-,,,199元高中双科提分课,199元高中双科提分课,荔枝,其他,0,wangjiananbj03,2026/7/6,12,5.3,0,0,0,265,5300,0,5.00%,0.00%,-,0,0
724bfd6a7ca0fc858f8ad5c48ea74a5d,-,-,-,-,-,https://tutor-online.oss-cn-beijing.aliyuncs.com/growth/download-material/724bfd6a7ca0fc858f8ad5c48ea74a5d.mp4,20260622-猿辅导高中双科-实拍-ip李博-买物送数-慎重-唐欣悦-ip李博-袁北辰ec-二创-1,-,,,199元高中双科提分课,199元高中双科提分课,荔枝,其他,0,wangjiananbj03,2026/7/11,7,36.09,199,0,5.51,58.49,9022.5,0,0.81%,0%,-,0,49750
3dbffa479b5f737a05c4336dde6ddc93,-,-,-,-,-,https://tutor-online.oss-cn-beijing.aliyuncs.com/growth/download-material/3dbffa479b5f737a05c4336dde6ddc93.mp4,20260704-猿辅导高中双科-混剪-图-张凌-张焱-张雪依yc-2-高三.mp4,-,,,199元高中双科提分课,199元高中双科提分课,荔枝,其他,0,wangjiananbj03,2026/7/6,12,5.27,0,0,0,105.4,2635,0,4.00%,0.00%,-,0,0
6cabe0a4bcfddaa39f995020ad1be3d9,-,-,-,-,-,https://tutor-online.oss-cn-beijing.aliyuncs.com/growth/download-material/6cabe0a4bcfddaa39f995020ad1be3d9.mp4,0708-199双科-申坤-李博-李天-卞俊洁-A1-B4-无-高二高三-2,-,,,199元高中双科提分课,199元高中双科提分课,申坤,其他,0,wangjiananbj03,2026/7/10,8,97.56,0,0,0,15.93,3252,0,0.67%,0%,-,0,0
a2f74eba74bcae50754cee0e34b12c4d,-,-,-,-,-,https://tutor-online.oss-cn-beijing.aliyuncs.com/growth/download-material/a2f74eba74bcae50754cee0e34b12c4d.mp4,20260704-猿辅导高中双科-混剪-图-张凌-张焱-张雪依yc-11改-高三.mp4,-,,,199元高中双科提分课,199元高中双科提分课,荔枝,其他,0,wangjiananbj03,2026/7/9,9,0.25,0,0,0,27.78,250,0,11.11%,0.00%,-,0,0
e24ccbab48aaf4ae94bd4d73fa2ed1d7,-,-,-,-,-,https://tutor-online.oss-cn-beijing.aliyuncs.com/growth/download-material/e24ccbab48aaf4ae94bd4d73fa2ed1d7.mp4,0706-199双科-申坤-李博-李天-卞俊洁-A5-B5-有-高二高三-3,-,,,199元高中双科提分课,199元高中双科提分课,申坤,其他,0,wangjiananbj03,2026/7/10,8,188.63,199,1,1.05,182.96,37726,188.63,0.78%,12.50%,-,0.97,39800
2ee70c7a620a48720e8a506ca0144551,-,-,-,-,-,https://tutor-online.oss-cn-beijing.aliyuncs.com/growth/download-material/2ee70c7a620a48720e8a506ca0144551.mp4,0703-199双科-申坤-李博-李天-姚恒-A2-B4-无-02,-,,,199元高中双科提分课,199元高中双科提分课,申坤,其他,0,wangjiananbj03,2026/7/5,13,395.16,199,1,0.5,52.94,19758,395.16,0.40%,3.33%,-,0.13,9950
4da89b37da4ca276603474614bcc6871,-,-,-,-,-,https://tutor-online.oss-cn-beijing.aliyuncs.com/growth/download-material/4da89b37da4ca276603474614bcc6871.mp4,0717-199双科-申坤-李博-李天-卞俊洁-A1-B4-无-3,-,,,199元高中双科提分课,199元高中双科提分课,申坤,代理商,0,wangjiananbj03,2026/7/18,0,4.4,0,0,0,112.82,0,0,0.00%,0.00%,-,0,0
fa7b0d80ae0be263a2dd6d7dbb26a146,-,-,-,-,-,https://tutor-online.oss-cn-beijing.aliyuncs.com/growth/download-material/fa7b0d80ae0be263a2dd6d7dbb26a146.mp4,null-自动生成-20-202607150410,-,,,199元高中双科提分课,199元高中双科提分课,申坤,其他,0,wangjiananbj03,2026/7/15,3,0.07,0,0,0,10,0,0,0.00%,0.00%,-,0,0
006801ece2bd050e5cc0561bfc2bbcce,-,-,-,-,-,https://tutor-online.oss-cn-beijing.aliyuncs.com/growth/download-material/006801ece2bd050e5cc0561bfc2bbcce.mp4,20260704-猿辅导高中双科-实拍-千川-活动-买物送数-后悔-张焱-dr蔡昕-二创-叶俊泽ec-6.mp4,-,,,199元高中双科提分课,199元高中双科提分课,荔枝,其他,0,wangjiananbj03,2026/7/10,8,2.37,0,0,0,103.04,790,0,13.04%,0.00%,-,0,0
dc1a9f15700202d35c769536b5b402f2,-,-,-,-,-,https://tutor-online.oss-cn-beijing.aliyuncs.com/growth/download-material/dc1a9f15700202d35c769536b5b402f2.mp4,0703-199双科-申坤-李博-李天-姚恒-A1-B4-无-02,-,,,199元高中双科提分课,199元高中双科提分课,申坤,其他,0,wangjiananbj03,2026/7/5,13,0.13,0,0,0,6.5,130,0,5.00%,0%,-,0,0
7e3d5e110f13642f2382cf0c5f24c282,-,-,-,-,-,https://tutor-online.oss-cn-beijing.aliyuncs.com/growth/download-material/7e3d5e110f13642f2382cf0c5f24c282.mp4,20260716-高中数物（高二升高三）-混剪-图-张凌-3,-,,,199元高中双科提分课,199元高中双科提分课,荔枝,其他,0,wangjiananbj03,2026/7/17,1,136.21,0,0,0,104.7,22701.67,0,0.54%,0%,-,0,0
72bd48a787efb5dc361b363037b7ef0b,-,-,-,-,-,https://tutor-online.oss-cn-beijing.aliyuncs.com/growth/download-material/72bd48a787efb5dc361b363037b7ef0b.mp4,20260703-猿辅导高中双科-实拍-视频号-ip李博-买物送数-199学三年-疯狂-常文茜-李博--李文静yc-1,-,,,199元高中双科提分课,199元高中双科提分课,荔枝,其他,0,wangjiananbj03,2026/7/9,9,0.03,0,0,0,4.29,0,0,0.00%,0.00%,-,0,0
f33d378791e455381fb3e487a6b3c592,-,-,-,-,-,https://tutor-online.oss-cn-beijing.aliyuncs.com/growth/download-material/f33d378791e455381fb3e487a6b3c592.mp4,20260629-猿辅导高中双科-实拍-千川-线下班对比-199学三年-答应我-高二-唐欣悦-bj赵阳--叶俊泽yc-2,-,,,199元高中双科提分课,199元高中双科提分课,荔枝,其他,0,wangjiananbj03,2026/7/8,10,0.07,0,0,0,6.36,0,0,0.00%,0.00%,-,0,0
62015fad7b9a89dcc39c04817733c1db,-,-,-,-,-,https://tutor-online.oss-cn-beijing.aliyuncs.com/growth/download-material/62015fad7b9a89dcc39c04817733c1db.mp4,20260704-猿辅导高中双科-实拍-视频号-ip李博-暑假规划-买物送数-刷段子-高二-唐欣悦-李博-叶俊泽 yc-3,-,,,199元高中双科提分课,199元高中双科提分课,荔枝,代理商,0,wangjiananbj03,2026/7/10,8,0,0,0,0,0,0,0,0.00%,0.00%,-,0,0
402df0328ac4d16e0243e73a0dd8421d,-,-,-,-,-,https://tutor-online.oss-cn-beijing.aliyuncs.com/growth/download-material/402df0328ac4d16e0243e73a0dd8421d.mp4,20260711-猿辅导高中双科-实拍-活动-通用-买数送物-忍餐-张焱-bj于靖--李文静ec-二创-1,-,,,199元高中双科提分课,199元高中双科提分课,荔枝,其他,0,wangjiananbj03,2026/7/14,4,0.06,0,0,0,12,0,0,0.00%,0.00%,-,0,0
1d5c7cd0e9bc4c6858211b556d372f1f,-,-,-,-,-,https://tutor-online.oss-cn-beijing.aliyuncs.com/growth/download-material/1d5c7cd0e9bc4c6858211b556d372f1f.mp4,20260611-猿辅导高中双科-实拍-买物理送数学-选哪-张焱-bj于俏-叶俊泽ec-视频号二创-ts罗雅雯-8,-,,,199元高中双科提分课,199元高中双科提分课,荔枝,代理商,0,wangjiananbj03,2026/6/26,22,17.54,0,0,0,106.95,0,0,0.00%,0.00%,-,0,0
cfc855776b4f9a953943734640f9811c,-,-,-,-,-,https://img-pub.oss-cn-beijing-internal.aliyuncs.com/19f1c70e425cb1d.mp4,20260629-9物-代理-启航-李博-【b1-p6-j9-34】,-,,,9元高中物理李博,9元高中物理李博,启航,代理商,0,wangruixuebj01,2026/7/11,7,0.06,0,0,0,15,0,0,0.00%,0.00%,-,0,0
c5ea545074419d3d48c24f072d0808a5,-,-,-,-,-,https://tutor-online.oss-cn-beijing.aliyuncs.com/growth/download-material/c5ea545074419d3d48c24f072d0808a5.mp4,20260623-猿辅导高中双科-实拍-活动-上哪找-常文茜-cd雪儿-岳久鸿-裂变-张晓洁yc-8.mp4,-,,,199元高中双科提分课,199元高中双科提分课,荔枝,其他,0,wangjiananbj03,2026/6/26,22,0.29,0,0,0,48.33,145,0,33.33%,0.00%,-,0,0
9d67fc432863b7ee42a0ca17831121b4,-,-,-,-,-,https://tutor-online.oss-cn-beijing.aliyuncs.com/growth/download-material/9d67fc432863b7ee42a0ca17831121b4.mp4,0710-199双科-申坤-李博-李天-卞俊洁-A5-B5-有-高二高三-2,-,,,199元高中双科提分课,199元高中双科提分课,申坤,其他,0,wangjiananbj03,-,-,0,0,0,0,0,0,0,0.00%,0.00%,-,0,0
446aff994036b865005b26327afb5b89,-,-,-,-,-,https://tutor-online.oss-cn-beijing.aliyuncs.com/growth/download-material/446aff994036b865005b26327afb5b89.mp4,0710-199双科-申坤-李博-李天-卞俊洁-A6-B5-无-01,-,,,199元高中双科提分课,199元高中双科提分课,申坤,其他,0,wangjiananbj03,2026/7/17,1,0.1,0,0,0,5,0,0,0.00%,0.00%,-,0,0
3f82f4d86978c0af9c9f298b85e094cc,-,-,-,-,-,https://tutor-online.oss-cn-beijing.aliyuncs.com/growth/download-material/3f82f4d86978c0af9c9f298b85e094cc.mp4,0701-199双科-申坤-李博-李天-姚恒-A2-B1-有-01,-,,,199元高中双科提分课,199元高中双科提分课,申坤,其他,0,wangjiananbj03,2026/7/5,13,0.02,0,0,0,2.5,0,0,0.00%,0.00%,-,0,0
0034a93f07424722b63a5f5a96235e45,-,-,-,-,-,https://tutor-online.oss-cn-beijing.aliyuncs.com/growth/download-material/0034a93f07424722b63a5f5a96235e45.mp4,20260616-猿辅导高中双科-实拍-活动-上哪找-常文茜-cd雪儿-岳久鸿-裂变-张晓洁yc-2.mp4,-,,,199元高中双科提分课,199元高中双科提分课,荔枝,其他,0,wangjiananbj03,2026/6/16,32,0.13,0,0,0,65,130,0,50.00%,0.00%,-,0,0
c40450aa3669f31f0eea9c83585325d8,-,-,-,-,-,https://tutor-online.oss-cn-beijing.aliyuncs.com/growth/download-material/c40450aa3669f31f0eea9c83585325d8.mp4,0707-199双科-申坤-李博-李天-王合云-A3-B5-无-高二高三-23,-,,,199元高中双科提分课,199元高中双科提分课,申坤,其他,0,wangjiananbj03,2026/7/7,11,1.28,0,0,0,10.94,0,0,0.00%,0.00%,-,0,0
34d31328a4b195a8587c948dfa18e8a1,-,-,-,-,-,https://tutor-online.oss-cn-beijing.aliyuncs.com/growth/download-material/34d31328a4b195a8587c948dfa18e8a1.mp4,20260709-猿辅导高中双科-实拍-千川-活动-买数送物-199学三年-通用-买数送物-与其啊-常文茜-cd雪儿--岳久鸿yc-1（前贴）,-,,,199元高中双科提分课,199元高中双科提分课,自投放,代理商,0,wangjiananbj03,2026/7/16,2,4.51,0,0,0,69.38,4510,0,1.54%,0%,-,0,0
1aa1977a3d2a2f95affdaee542193038,-,-,-,-,-,https://tutor-online.oss-cn-beijing.aliyuncs.com/growth/download-material/1aa1977a3d2a2f95affdaee542193038.mp4,20260707-猿辅导高中双科-实拍-千川-买物送数-专家分享-跟你学-高二高三-李莹莹-b宋钦冲-叶俊泽yc-1-前贴,-,,,199元高中双科提分课,199元高中双科提分课,荔枝,其他,0,wangjiananbj03,2026/7/10,8,11.92,0,0,0,21.29,11920,0,0.18%,0%,-,0,0
fb8da9eed0e2281912ac70b3f276247c,-,-,-,-,-,https://tutor-online.oss-cn-beijing.aliyuncs.com/growth/download-material/fb8da9eed0e2281912ac70b3f276247c.mp4,20260616-猿辅导高中双科-实拍-千川-分数痛点-买数学送物理-一起-张焱-bj冷一丁-裂变-张晓洁yc-5.1.mp4,-,,,199元高中双科提分课,199元高中双科提分课,荔枝,其他,0,wangjiananbj03,2026/6/16,32,25.89,0,0,0,118.22,2876.67,0,4.11%,0.00%,-,0,0
d7914ac5ba7e4181fd62a619d7c2ad4a,-,-,-,-,-,https://tutor-online.oss-cn-beijing.aliyuncs.com/growth/download-material/d7914ac5ba7e4181fd62a619d7c2ad4a.mp4,0623-9物-代理-玄武-李博-郝增鑫-思雨-A5-B2-有-5-yfdwl0623h3浩5-雨-鑫-【AI】-改0625,-,,,9元高中物理李博,9元高中物理李博,玄武,代理商,0,wangruixuebj01,2026/7/3,15,37.48,0,0,0,54.56,4685,0,1.46%,0%,-,0,0
8377c6b7018ab11eb57c361f89bdfdcd,-,-,-,-,-,https://tutor-online.oss-cn-beijing.aliyuncs.com/growth/download-material/8377c6b7018ab11eb57c361f89bdfdcd.mp4,20260606-猿辅导高中双科-实拍-ip李博-通知-唐欣悦+ts李琳玉-ip李博-二创-张雪依ec-二创-1,-,,,199元高中双科提分课,199元高中双科提分课,荔枝,代理商,0,wangjiananbj03,2026/6/23,25,1.4,0,0,0,140,0,0,0.00%,0.00%,-,0,0
8e607e1cc2a8fb11f28e7c2be915ee9f,-,-,-,-,-,https://tutor-online.oss-cn-beijing.aliyuncs.com/growth/download-material/8e607e1cc2a8fb11f28e7c2be915ee9f.mp4,9元视频1186-0630-9物-代理-十人-李博-jjsx-bmqr-A2-B1-pwjl-pcc-有-3,-,,,9元高中物理李博,9元高中物理李博,十人,代理商,0,wangruixuebj01,2026/7/2,16,0,0,0,0,0,0,0,0.00%,0.00%,-,0,0
ce6423f355ef4e33971b7181c5722d59,-,-,-,-,-,https://tutor-online.oss-cn-beijing.aliyuncs.com/growth/download-material/ce6423f355ef4e33971b7181c5722d59.mp4,20260703-猿辅导高中双科-实拍-千川-方式方法-买物送数-疯了疯了-常文茜-cd康艺凡-岳久鸿-叶俊泽yc-2-前贴.mp4,-,,,199元高中双科提分课,199元高中双科提分课,荔枝,其他,0,wangjiananbj03,2026/7/10,8,5.99,0,0,0,146.1,2995,0,4.88%,0.00%,-,0,0
6108e0c519206a719ecabb608832f1b7,-,-,-,-,-,https://tutor-online.oss-cn-beijing.aliyuncs.com/growth/download-material/6108e0c519206a719ecabb608832f1b7.mp4,20260701-猿辅导高中双科-实拍-千川-买数送物-专家分享-救不-高二-张焱-tj陈璇-叶俊泽yc-6-前贴.mp4,-,,,199元高中双科提分课,199元高中双科提分课,荔枝,代理商,0,wangjiananbj03,2026/7/3,15,59.4,0,0,0,1448.78,29700,0,4.88%,0.00%,-,0,0
0da809798579c31cc007d4d509f54de6,-,-,-,-,-,https://tutor-online.oss-cn-beijing.aliyuncs.com/growth/download-material/0da809798579c31cc007d4d509f54de6.mp4,20260610-猿辅导高中双科-实拍-千川-性价比-买数送物-199学三年-不贵-端午-唐欣悦-bj冷一丁-二创-张晓洁ec-6,-,,,199元高中双科提分课,199元高中双科提分课,荔枝,代理商,0,wangjiananbj03,2026/6/26,22,4.25,0,0,0,80.19,4250,0,1.89%,0%,-,0,0
fcf06073ef315d3297aecd6e29a256eb,-,-,-,-,-,https://tutor-online.oss-cn-beijing.aliyuncs.com/growth/download-material/fcf06073ef315d3297aecd6e29a256eb.mp4,20260630-猿辅导高中双科-实拍-暑期规划-199学全年-买物送数-高二-买物送数-玩儿-高二-唐欣悦-dr魏政委--邓又滔yc-0709-1-前贴,-,,,199元高中双科提分课,199元高中双科提分课,荔枝,其他,0,wangjiananbj03,2026/7/17,1,5.35,0,0,0,38.77,0,0,0.00%,0.00%,-,0,0
342722c15ee844c63eae51203bd04d02,-,-,-,-,-,https://tutor-online.oss-cn-beijing.aliyuncs.com/growth/download-material/342722c15ee844c63eae51203bd04d02.mp4,一键修复_20260707-猿辅导高中双科-实拍-千川-6天训练营提分-通用-买数送物-都安排-常文茜-dr小五老师-李文静yc-1-前贴.mp4,-,,,199元高中双科提分课,199元高中双科提分课,荔枝,其他,0,wangjiananbj03,2026/7/11,7,37.51,0,0,0,112.64,3125.83,0,3.60%,0.00%,-,0,0
49371f67fd329930e18901f52a461aff,-,-,-,-,-,https://tutor-online.oss-cn-beijing.aliyuncs.com/growth/download-material/49371f67fd329930e18901f52a461aff.mp4,20260703-猿辅导高中双科-口播-活动-三连学-张焱-bj李栎-叶俊泽yc-4-前贴,-,,,199元高中双科提分课,199元高中双科提分课,自投放,其他,0,wangjiananbj03,2026/7/15,3,3.62,0,0,0,10.43,0,0,0.29%,0%,-,0,0
7b9c6dcc414a62c39a9c1a7260356564,-,-,-,-,-,https://tutor-online.oss-cn-beijing.aliyuncs.com/growth/download-material/7b9c6dcc414a62c39a9c1a7260356564.mp4,20260703-猿辅导高中双科-实拍-性价比-亏本能-张焱-bj刘能能-高三-李文静ec-二创-7.mp4,-,,,199元高中双科提分课,199元高中双科提分课,荔枝,其他,0,wangjiananbj03,2026/7/7,11,1.09,0,0,0,136.25,0,0,0.00%,0.00%,-,0,0
f72e20eb926749e10929690f71a29e73,-,-,-,-,-,https://tutor-online.oss-cn-beijing.aliyuncs.com/growth/download-material/f72e20eb926749e10929690f71a29e73.mp4,0703-199双科-申坤-李博-李天-姚恒-A5-B5-有-02,-,,,199元高中双科提分课,199元高中双科提分课,申坤,其他,0,wangjiananbj03,2026/7/6,12,6.87,199,1,28.97,43.48,0,6.87,0.00%,0.00%,-,6.33,0
4d7288408f2b9868597eb3e3f31318b8,-,-,-,-,-,https://tutor-online.oss-cn-beijing.aliyuncs.com/growth/download-material/4d7288408f2b9868597eb3e3f31318b8.mp4,20260709-猿辅导高中双科-实拍-暑假规划-买数送物-高二+高三-买数送物-请退掉-高二高三-李莹莹-bj李腾飞-叶俊泽yc-5,-,,,199元高中双科提分课,199元高中双科提分课,荔枝,其他,0,wangjiananbj03,2026/7/17,1,12.1,0,0,0,61.73,6050,0,1.02%,0%,-,0,0
2bf5347da20f0fe03b25f1d8bd077162,-,-,-,-,-,https://tutor-online.oss-cn-beijing.aliyuncs.com/growth/download-material/2bf5347da20f0fe03b25f1d8bd077162.mp4,20260717-猿辅导高中双科-混剪-千川-内容-效果前置-夯-唐欣悦---张晓洁yc-1,-,,,199元高中双科提分课,199元高中双科提分课,荔枝,其他,0,wangjiananbj03,2026/7/17,1,17.93,0,0,0,63.81,2988.33,0,1.78%,0%,-,0,0
4f0015b0c35f8fa588d004792dd336a7,-,-,-,-,-,https://tutor-online.oss-cn-beijing.aliyuncs.com/growth/download-material/4f0015b0c35f8fa588d004792dd336a7.mp4,0703-199双科-申坤-李博-李天-卞俊洁-A2-B4-无-26,-,,,199元高中双科提分课,199元高中双科提分课,申坤,其他,0,wangjiananbj03,2026/7/10,8,6993.48,1791,9,0.26,141.96,22632.62,777.05,0.90%,2.04%,-,0.18,5796.12
fff67af3b3c982d6e0f2f26891ef4caf,-,-,-,-,-,https://tutor-online.oss-cn-beijing.aliyuncs.com/growth/download-material/fff67af3b3c982d6e0f2f26891ef4caf.mp4,9元视频978-0525-9物-十人-bmqr-ylb-A2-B4-jzmj-pwjl-2,-,,,9元高中物理李博,9元高中物理李博,十人,其他,0,wangruixuebj01,2026/6/9,39,601.17,36,4,0.06,101.02,10019.5,150.29,1.23%,5.48%,-,0.67,600
fff67af3b3c982d6e0f2f26891ef4caf,-,-,-,-,-,https://tutor-online.oss-cn-beijing.aliyuncs.com/growth/download-material/fff67af3b3c982d6e0f2f26891ef4caf.mp4,9元视频978-0525-9物-十人-bmqr-ylb-A2-B4-jzmj-pwjl-2,-,,,9元高中物理李博,9元高中物理李博,十人,其他,0,wangruixuebj01,2026/5/27,52,389.86,45,5,0.12,135.42,8475.22,77.97,1.67%,10.42%,-,1.74,978.26
446a793b3b1660e9c7a35dceea7768b1,-,-,-,-,-,https://tutor-online.oss-cn-beijing.aliyuncs.com/growth/download-material/446a793b3b1660e9c7a35dceea7768b1.mp4,20260625-猿辅导高中双科-实拍-活动-夏他-张焱唐欣悦-bj李赛-裂变-张晓洁yc-1,-,,,199元高中双科提分课,199元高中双科提分课,自投放,代理商,0,wangjiananbj03,2026/6/26,22,45412.99,18317,84,0.4,45.97,15611.2,540.63,0.57%,1.49%,-,0.09,6296.67
ab17f1f561c52b6c3afcf6d4cb6abf86,-,-,-,-,-,https://tutor-online.oss-cn-beijing.aliyuncs.com/growth/download-material/ab17f1f561c52b6c3afcf6d4cb6abf86.mp4,20260711-猿辅导高中双科-实拍-千川-活动-五科-高二-五科-再说-唐欣悦-cd鲨鱼--高俊南yc.mp4,-,,,199元高中双科提分课,199元高中双科提分课,荔枝,其他,0,wangjiananbj03,2026/7/16,2,1.62,0,0,0,324,0,0,0.00%,0.00%,-,0,0
4154211056a72a99003eb0b6a50105ff,-,-,-,-,-,https://tutor-online.oss-cn-beijing.aliyuncs.com/growth/download-material/4154211056a72a99003eb0b6a50105ff.mp4,20260709-猿辅导高中双科-实拍-活动-买数送物-全年-跟你-张焱唐欣悦-cd鲨鱼-高二高三-李文静ec-视频号二创-横屏-2,-,,,199元高中双科提分课,199元高中双科提分课,荔枝,代理商,0,wangjiananbj03,2026/7/9,9,38.05,0,0,0,26.81,4227.78,0,0.78%,0%,-,0,0
fd775af9d3b3c2ecff5cd7e85cf9a3f5,-,-,-,-,-,https://tutor-online.oss-cn-beijing.aliyuncs.com/growth/download-material/fd775af9d3b3c2ecff5cd7e85cf9a3f5.mp4,20260711-猿辅导高中双科-视频号-活动-实买数送物-199字三年-通用-买数送物-我们呢-常文茜-bj高云--李文静-yc-3-前贴.mp4.mp4,-,,,199元高中双科提分课,199元高中双科提分课,荔枝,其他,0,wangjiananbj03,2026/7/13,5,9.79,0,0,0,305.94,2447.5,0,12.50%,0.00%,-,0,0
ef661daec89ac6f3a8c8c362f2d739e2,-,-,-,-,-,https://tutor-online.oss-cn-beijing.aliyuncs.com/growth/download-material/ef661daec89ac6f3a8c8c362f2d739e2.mp4,0623-9物-玄武-李博-郝增鑫-思雨-A5-B2-无-5-yfdwl0623h3浩5-雨-鑫-无前贴,-,,,9元高中物理李博,9元高中物理李博,玄武,代理商,0,wangruixuebj01,2026/6/28,20,13.54,0,0,0,64.48,6770,0,1.43%,0%,-,0,0
b66c1d47ed1497f3cc4e8ec5d3a470bf,-,-,-,-,-,https://tutor-online.oss-cn-beijing.aliyuncs.com/growth/download-material/b66c1d47ed1497f3cc4e8ec5d3a470bf.mp4,0707-199双科-申坤-李博-李天-王合云-A3-B4-无-高二高三-16,-,,,199元高中双科提分课,199元高中双科提分课,申坤,代理商,0,wangjiananbj03,2026/7/7,11,0.51,0,0,0,85,0,0,0.00%,0.00%,-,0,0
2a9d8a0cac6c7e27ee7f41970f43bfaf,-,-,-,-,-,https://tutor-online.oss-cn-beijing.aliyuncs.com/growth/download-material/2a9d8a0cac6c7e27ee7f41970f43bfaf.mp4,一键修复_20260626-猿辅导高中双科-实拍-千川-活动-买数学送物理-确实-张焱-bj于靖-裂变-张晓洁yc-11.mp4,-,,,199元高中双科提分课,199元高中双科提分课,荔枝,其他,0,wangjiananbj03,2026/6/29,19,205.77,0,0,0,37.08,4115.4,0,0.90%,0.00%,-,0,0
f93aceb6dc3b8e2f679bbad92af6c3a8,-,-,-,-,-,https://tutor-online.oss-cn-beijing.aliyuncs.com/growth/download-material/f93aceb6dc3b8e2f679bbad92af6c3a8.mp4,20260612-猿辅导高中双科-实拍-千川-活动-降到底-唐欣悦-cd张艺馨-詹铠任yc.mp4,-,,,199元高中双科提分课,199元高中双科提分课,荔枝,其他,0,wangjiananbj03,2026/6/22,26,0.24,0,0,0,240,0,0,0.00%,0.00%,-,0,0
fd4ae39429cac2ea121e3382d44afda5,-,-,-,-,-,https://tutor-online.oss-cn-beijing.aliyuncs.com/growth/download-material/fd4ae39429cac2ea121e3382d44afda5.mp4,0615-9物-玄武-李博-杨丽莹-关紫晴-A5-B4-有-1-【AI】-yfdwl0615z1浩1-晴-莹-龙-首,-,,,9元高中物理李博,9元高中物理李博,玄武,代理商,0,wangruixuebj01,2026/6/27,21,40.58,0,0,0,45.8,3381.67,0,1.58%,0%,-,0,0
dc841334182876642d8efd47d9a63e86,-,-,-,-,-,https://tutor-online.oss-cn-beijing.aliyuncs.com/growth/download-material/dc841334182876642d8efd47d9a63e86.mp4,0708-199双科-申坤-李博-李天-卞俊洁-A2-B4-无-2,-,,,199元高中双科提分课,199元高中双科提分课,申坤,其他,0,wangjiananbj03,2026/7/9,9,88.69,0,0,0,45.98,88690,0,0.10%,0%,-,0,0
05e03b737cbb58cfa40602514e066145,-,-,-,-,-,https://tutor-online.oss-cn-beijing.aliyuncs.com/growth/download-material/05e03b737cbb58cfa40602514e066145.mp4,20260624-猿辅导高中双科-实拍-千川-买数送物-199学三年-好意思-常文茜-dr蔡昕--张晓洁yc-3（前贴）.mp4,-,,,199元高中双科提分课,199元高中双科提分课,荔枝,其他,0,wangjiananbj03,2026/6/27,21,0.09,0,0,0,30,0,0,0.00%,0.00%,-,0,0
5aa879072c8f80807921a1de08e8a024,-,-,-,-,-,https://tutor-online.oss-cn-beijing.aliyuncs.com/growth/download-material/5aa879072c8f80807921a1de08e8a024.mp4,0703-199双科-申坤-李博-李天-卞俊洁-A2-B4-无-11,-,,,199元高中双科提分课,199元高中双科提分课,申坤,其他,0,wangjiananbj03,2026/7/5,13,526.99,199,1,0.38,74.64,16468.44,526.99,0.61%,2.33%,-,0.14,6218.75
e0d87437915c65954d50663274e45494,-,-,-,-,-,https://tutor-online.oss-cn-beijing.aliyuncs.com/growth/download-material/e0d87437915c65954d50663274e45494.mp4,0710-199双科-申坤-李博-李天-卞俊洁-A7-B5-无-高二高三-03,-,,,199元高中双科提分课,199元高中双科提分课,申坤,其他,0,wangjiananbj03,2026/7/14,4,1.51,0,0,0,32.83,1510,0,2.17%,0%,-,0,0
a74147de923c86b92a1c1423f324c1da,-,-,-,-,-,https://tutor-online.oss-cn-beijing.aliyuncs.com/growth/download-material/a74147de923c86b92a1c1423f324c1da.mp4,20260710-猿辅导高中双科-实拍-视频号-活动-买物送数-通用-买物送数-有点后悔-常文茜-cd杨嘉欣-岳久鸿-张雪依yc-2.mp4,-,,,199元高中双科提分课,199元高中双科提分课,荔枝,其他,0,wangjiananbj03,2026/7/16,2,10.13,0,0,0,281.39,2026,0,13.89%,0.00%,-,0,0
e3429a7f5ad65b58e810af935ec6e2aa,-,-,-,-,-,https://tutor-online.oss-cn-beijing.aliyuncs.com/growth/download-material/e3429a7f5ad65b58e810af935ec6e2aa.mp4,0715-199双科-申坤-李博-李天-卞俊洁-A1-B4-有-13,-,,,199元高中双科提分课,199元高中双科提分课,申坤,代理商,0,wangjiananbj03,2026/7/18,0,1.1,0,0,0,25.58,0,0,0.00%,0.00%,-,0,0
55635b759c0845ad938cfc246d769929,-,-,-,-,-,https://tutor-online.oss-cn-beijing.aliyuncs.com/growth/download-material/55635b759c0845ad938cfc246d769929.mp4,一键修复_20260714-猿辅导高中双科-实拍-千川-暑期预习-高三-买数送物-说漏嘴-常文茜-bj庄紫薇--高俊南yc.mp4,-,,,199元高中双科提分课,199元高中双科提分课,荔枝,其他,0,wangjiananbj03,2026/7/17,1,3.9,0,0,0,205.26,1950,0,10.53%,0.00%,-,0,0
321fd69391c6f77f37666c02b64a0764,-,-,-,-,-,https://tutor-online.oss-cn-beijing.aliyuncs.com/growth/download-material/321fd69391c6f77f37666c02b64a0764.mp4,一键修复_20260713-猿辅导高中双科-实拍-视频号-线下班对比-高三-买物送数-还指望-常文茜-bj冷一丁--张晓洁yc-2（前贴）.mp4,-,,,199元高中双科提分课,199元高中双科提分课,荔枝,其他,0,wangjiananbj03,2026/7/16,2,10.64,0,0,0,366.9,1064,0,34.48%,0.00%,-,0,0
82e2fcb643bd5b74cbc4cd72b3713350,-,-,-,-,-,https://tutor-online.oss-cn-beijing.aliyuncs.com/growth/download-material/82e2fcb643bd5b74cbc4cd72b3713350.mp4,20260708-猿辅导高中双科-口播-活动-选哪栎-张焱-bj李栎-叶俊泽yc-5-前贴1,-,,,199元高中双科提分课,199元高中双科提分课,自投放,其他,0,wangjiananbj03,2026/7/15,3,120.94,199,1,1.65,64.64,20156.67,120.94,0.53%,10.00%,-,0.53,33166.67
98d00fa992c3ec21f1b74f5f4906dd8f,-,-,-,-,-,https://tutor-online.oss-cn-beijing.aliyuncs.com/growth/download-material/98d00fa992c3ec21f1b74f5f4906dd8f.mp4,20260711-猿辅导高中双科-实拍-视频号-活动-买物送数-通用-买物送数-可以犹豫-常文茜-cd杨嘉欣-岳久鸿-易靖耀yc-1-前贴.mp4,-,,,199元高中双科提分课,199元高中双科提分课,荔枝,其他,0,wangjiananbj03,2026/7/17,1,7.42,0,0,0,618.33,7420,0,8.33%,0.00%,-,0,0
bcfdbcad850bcfda806e4de67080e383,-,-,-,-,-,https://tutor-online.oss-cn-beijing.aliyuncs.com/growth/download-material/bcfdbcad850bcfda806e4de67080e383.mp4,20260619-猿辅导高中双科-实拍-活动-夏他-张焱-bj李赛-裂变-张晓洁yc-2.mp4,-,,,199元高中双科提分课,199元高中双科提分课,荔枝,其他,0,wangjiananbj03,2026/6/19,29,3.91,0,0,0,144.81,977.5,0,14.81%,0.00%,-,0,0
67566dcba14e63792a3d734a3dbc1d05,-,-,-,-,-,https://tutor-online.oss-cn-beijing.aliyuncs.com/growth/download-material/67566dcba14e63792a3d734a3dbc1d05.mp4,0706-9物-玄武-李博-王成仡-彩丽-方法优势-效果保证-有-8-yfdwl0706G6浩8-丽-龙-仡-首,-,,,9元高中物理李博,9元高中物理李博,玄武,代理商,0,wangruixuebj01,2026/7/11,7,1.04,0,0,0,17.93,0,0,0.00%,0.00%,-,0,0
f114e9daa1dde7874b33511ea976c34c,-,-,-,-,-,https://tutor-online.oss-cn-beijing.aliyuncs.com/growth/download-material/f114e9daa1dde7874b33511ea976c34c.mp4,20260708-猿辅导高中双科-实拍-千川-买数送物-活动-AI推-李莹莹-cd汐汐-詹铠任-张晓洁yc-3（前贴）.mp4,-,,,199元高中双科提分课,199元高中双科提分课,荔枝,其他,0,wangjiananbj03,2026/7/13,5,83.45,0,0,0,255.2,6954.17,0,3.67%,0.00%,-,0,0
8bf3f18bcbeca133cc5f7f5d2f0a0e7b,-,-,-,-,-,https://tutor-online.oss-cn-beijing.aliyuncs.com/growth/download-material/8bf3f18bcbeca133cc5f7f5d2f0a0e7b.mp4,99双科-1-0108-13,-,,,199元高中双科提分课,199元高中双科提分课,自投放,其他,0,wangjiananbj03,2026/7/11,7,54.57,0,0,0,48.94,18190,0,0.90%,0%,-,0,0
a55936420fe3c8a02dd3278738a05186,-,-,-,-,-,https://tutor-online.oss-cn-beijing.aliyuncs.com/growth/download-material/a55936420fe3c8a02dd3278738a05186.mp4,20260511-猿辅导高中双科-实拍-买数学送物理-我婆婆-常文茜-dr蔡昕-裂变-张晓洁yc-3.mp4,-,,,199元高中双科提分课,299元高中全年提分课,荔枝,其他,0,wangjiananbj03,2026/5/14,65,1469.56,1393,7,0.95,40.07,3324.8,209.94,1.21%,1.58%,-,0.19,3151.58
96fc5c1e59eba454201f6904c3e59328,-,-,-,-,-,https://tutor-online.oss-cn-beijing.aliyuncs.com/growth/download-material/96fc5c1e59eba454201f6904c3e59328.mp4,20260625-猿辅导高中双科-图文混剪--辅导-高二-唐欣悦-补量二创-张晓洁ec-3.mp4,-,,,199元高中双科提分课,199元高中双科提分课,荔枝,代理商,0,wangjiananbj03,2026/6/25,23,0.19,0,0,0,47.5,95,0,50.00%,0.00%,-,0,0
91626ace897d9519f0b7525f6ace2681,-,-,-,-,-,https://tutor-online.oss-cn-beijing.aliyuncs.com/growth/download-material/91626ace897d9519f0b7525f6ace2681.mp4,9元视频1207-0708-9物-十人-bwxy-ylb-A2-B4-jzmj-bwxy-pcc-1,-,,,9元高中物理李博,9元高中物理李博,十人,代理商,0,wangruixuebj01,2026/7/11,7,4.88,0,0,0,55.45,4880,0,1.14%,0%,-,0,0
0030f0f593aad70eed99df547b95f3f3,-,-,-,-,-,https://tutor-online.oss-cn-beijing.aliyuncs.com/growth/download-material/0030f0f593aad70eed99df547b95f3f3.mp4,一键修复_20260709-猿辅导高中双科-实拍-千川-活动-买数送物-199学三年-通用-买数送物-与其啊-常文茜-cd雪儿--岳久鸿yc-1（前贴）.mp4,-,,,199元高中双科提分课,199元高中双科提分课,荔枝,其他,0,wangjiananbj03,2026/7/18,0,0.63,0,0,0,0,0,0,0.00%,0.00%,-,0,0
7b254b5bd3ca4e273cf297106c6a1a69,-,-,-,-,-,https://tutor-online.oss-cn-beijing.aliyuncs.com/growth/download-material/7b254b5bd3ca4e273cf297106c6a1a69.mp4,20260612-猿辅导高中双科-实拍-千川-活动-五科-199学三年-不要-唐欣悦-詹铠任-cd鲨鱼-叶俊泽yc-1.mp4,-,,,199元高中双科提分课,199元高中双科提分课,荔枝,其他,0,wangjiananbj03,2026/6/18,30,1.28,0,0,0,75.29,320,0,23.53%,0.00%,-,0,0
d262cf1ed3206b38e8ae7a850ba3f32b,-,-,-,-,-,https://tutor-online.oss-cn-beijing.aliyuncs.com/growth/download-material/d262cf1ed3206b38e8ae7a850ba3f32b.mp4,9元视频1203-0706-9物-十人-bwxy-ylb-A2-B4-jzmj-bwxy-pcc-h-1（2）(2),-,,,9元高中物理李博,9元高中物理李博,十人,代理商,0,wangruixuebj01,2026/7/14,4,6.72,0,0,0,76.36,6720,0,1.14%,0%,-,0,0
cd70ed2f5a45d54dd8dd342b6fecbd7a,-,-,-,-,-,https://tutor-online.oss-cn-beijing.aliyuncs.com/growth/download-material/cd70ed2f5a45d54dd8dd342b6fecbd7a.mp4,199双科3,-,,,199元高中双科提分课,199元高中双科提分课,自投放,其他,0,wangjiananbj03,2026/6/30,18,33.44,0,0,0,163.12,16720,0,1.46%,0%,-,0,0
cf8078397fc712e3fa3868b8d871de74,-,-,-,-,-,https://tutor-online.oss-cn-beijing.aliyuncs.com/growth/download-material/cf8078397fc712e3fa3868b8d871de74.mp4,20260708-猿辅导高中双科-实拍-视频号-活动-199学三年-买数送物-通用-买数送物-地板价-唐欣悦-bj李栎--张晓洁yc-7,-,,,199元高中双科提分课,199元高中双科提分课,荔枝,其他,0,wangjiananbj03,2026/7/17,1,25.23,0,0,0,21.29,25230,0,0.42%,0%,-,0,0
55dd670514df9a3f40d0376461f290bd,-,-,-,-,-,https://tutor-online.oss-cn-beijing.aliyuncs.com/growth/download-material/55dd670514df9a3f40d0376461f290bd.mp4,20260626-猿辅导高中双科-图-红花-张焱拼实拍-千川-活动-五科-199学三年-不要-唐欣悦-岳久鸿-cd小丹-李文静ec-视频号二创-2.mp4,-,,,199元高中双科提分课,199元高中双科提分课,荔枝,其他,0,wangjiananbj03,2026/7/1,17,447.3,199,1,0.44,117,5964,447.3,1.96%,1.33%,-,0.26,2653.33
53c7e1b250afee46de1c6bf8d2ae6170,-,-,-,-,-,https://tutor-online.oss-cn-beijing.aliyuncs.com/growth/download-material/53c7e1b250afee46de1c6bf8d2ae6170.mp4,20260604-猿辅导高中双科-实拍-买物理送数学-再说-张焱-bj丁梓仟-曾柔雪ec-3-图拼接.1,-,,,199元高中双科提分课,199元高中双科提分课,荔枝,其他,0,wangjiananbj03,2026/6/23,25,8586.02,4179,21,0.49,114.57,22417.81,408.86,0.71%,3.93%,-,0.28,10911.23
38a4c6252772228d6d1e963c2dd2f7c0,-,-,-,-,-,https://tutor-online.oss-cn-beijing.aliyuncs.com/growth/download-material/38a4c6252772228d6d1e963c2dd2f7c0.mp4,0717-199双科-申坤-李博-李天-张佳乐-A7-B5-有-10,-,,,199元高中双科提分课,199元高中双科提分课,申坤,其他,0,wangjiananbj03,2026/7/18,0,5.23,0,0,0,47.12,0,0,0.00%,0.00%,-,0,0
d7a309d85baae389c30510685d306b57,-,-,-,-,-,https://tutor-online.oss-cn-beijing.aliyuncs.com/growth/download-material/d7a309d85baae389c30510685d306b57.mp4,20260704-猿辅导高中双科-实拍-千川-活动-买数学送物理-上哪找二-常文茜-cd张艺馨-岳久鸿-叶俊泽ec-二创-14-高二-五科,-,,,199元高中双科提分课,199元高中双科提分课,荔枝,其他,0,wangjiananbj03,2026/7/9,9,488.86,199,1,0.41,92.12,10627.39,488.86,1.06%,1.79%,-,0.19,4326.09
bf0b4654e59865e19bf8abd10166df52,-,-,-,-,-,https://tutor-online.oss-cn-beijing.aliyuncs.com/growth/download-material/bf0b4654e59865e19bf8abd10166df52.mp4,0617-9物-代理-十人-李博-jjsx-bwxy-A2-B1-pwjl-pcc-3,-,,,9元高中物理李博,9元高中物理李博,十人,代理商,0,wangruixuebj01,2026/6/20,28,182.29,9,1,0.05,191.68,9594.21,182.29,2.10%,5.00%,-,1.05,473.68
3113c17ce9d22037494d1d932d28d724,-,-,-,-,-,https://tutor-online.oss-cn-beijing.aliyuncs.com/growth/download-material/3113c17ce9d22037494d1d932d28d724.mp4,20260710-猿辅导高中双科-实拍-千川-买数学送物理-线下班对比-三人行-常文茜-bj李栎-二创-张晓洁ec-6.mp4,-,,,199元高中双科提分课,199元高中双科提分课,荔枝,其他,0,wangjiananbj03,2026/7/16,2,891.1,398,2,0.45,47.94,5368.07,445.55,0.89%,1.20%,-,0.11,2397.59
848cdff48e96ea136a36aeedb4d3c494,-,-,-,-,-,https://tutor-online.oss-cn-beijing.aliyuncs.com/growth/download-material/848cdff48e96ea136a36aeedb4d3c494.mp4,一键修复_20260616-猿辅导高中双科-实拍-活动-夏他-张焱-bj李赛-二创-张晓洁ec-1.mp4,-,,,199元高中双科提分课,199元高中双科提分课,荔枝,其他,0,wangjiananbj03,2026/6/19,29,1.03,0,0,0,103,515,0,20.00%,0.00%,-,0,0
4749ade7debad29defb5f59f9b1bcdbd,-,-,-,-,-,https://tutor-online.oss-cn-beijing.aliyuncs.com/growth/download-material/4749ade7debad29defb5f59f9b1bcdbd.mp4,一键修复_20260708-猿辅导高中双科-实拍-视频号-ip李博-活动-199学三年-买物送数-没舍得-唐欣悦-李博--李文静yc-2.mp4,-,,,199元高中双科提分课,199元高中双科提分课,荔枝,其他,0,wangjiananbj03,2026/7/17,1,0.02,0,0,0,20,0,0,0.00%,0.00%,-,0,0
909d050f6d1cd98c7b4cd213d4834e28,-,-,-,-,-,https://tutor-online.oss-cn-beijing.aliyuncs.com/growth/download-material/909d050f6d1cd98c7b4cd213d4834e28.mp4,20260501-猿辅导高中双科-实拍-买数学送物理-要不要-常文茜-cd胡洁-詹铠任-张晓洁yc-5.1.mp4,-,,,199元高中双科提分课,199元高中双科提分课,荔枝,其他,0,wangjiananbj03,2026/5/17,62,16.76,0,0,0,620.74,3352,0,18.52%,0.00%,-,0,0
77626e87877ae72264e1948ff847f149,-,-,-,-,-,https://tutor-online.oss-cn-beijing.aliyuncs.com/growth/download-material/77626e87877ae72264e1948ff847f149.mp4,一键修复_20260630-猿辅导高中双科-实拍-视频号-ip李博-买物送数-199学三年-动辄几万-常文茜-ip李博--李文静yc-1-前贴.mp4,-,,,199元高中双科提分课,199元高中双科提分课,荔枝,其他,0,wangjiananbj03,2026/7/3,15,0.66,0,0,0,220,660,0,33.33%,0.00%,-,0,0
29ac66349b0cd10367c4df684580292e,-,-,-,-,-,https://tutor-online.oss-cn-beijing.aliyuncs.com/growth/download-material/29ac66349b0cd10367c4df684580292e.mp4,0707-199双科-申坤-李博-李天-卞俊洁-A2-B4-无-高二高三-2,-,,,199元高中双科提分课,199元高中双科提分课,申坤,其他,0,wangjiananbj03,2026/7/7,11,1086.56,995,5,0.92,221.34,51740.95,217.31,0.84%,12.20%,-,1.02,47380.95
ffc63da55af824ec8b420b80031ade2b,-,-,-,-,-,https://tutor-online.oss-cn-beijing.aliyuncs.com/growth/download-material/ffc63da55af824ec8b420b80031ade2b.mp4,20260711-猿辅导高中双科-实拍-活动-放心-张焱-bj刘能能-高二-李文静ec-二创-6.mp4,-,,,199元高中双科提分课,199元高中双科提分课,荔枝,其他,0,wangjiananbj03,2026/7/13,5,7.4,199,1,26.89,205.56,7400,7.4,2.78%,100.00%,-,27.78,199000
49de128c6f2ee7a7650c8e255b81ff1d,-,-,-,-,-,https://tutor-online.oss-cn-beijing.aliyuncs.com/growth/download-material/49de128c6f2ee7a7650c8e255b81ff1d.mp4,0610-199双科-自产-自产主-李博-视觉锤-子衿-A7-B2-无-5.mp4,-,,,199元高中双科提分课,199元高中双科提分课,荔枝,其他,0,wangjiananbj03,2026/6/19,29,0.3,0,0,0,100,0,0,0.00%,0.00%,-,0,0
680066478cc80c22dd6a8da2fd4eb730,-,-,-,-,-,https://tutor-online.oss-cn-beijing.aliyuncs.com/growth/download-material/680066478cc80c22dd6a8da2fd4eb730.mp4,0616-9物-代理-十人-李博-jzzy-bmqr-A2-B2-pwjl-无-1,-,,,9元高中物理李博,9元高中物理李博,十人,代理商,0,wangruixuebj01,2026/6/19,29,0.12,0,0,0,9.23,0,0,0.00%,0.00%,-,0,0
67762b389cf96f61b61a8db9d89af72c,-,-,-,-,-,https://tutor-online.oss-cn-beijing.aliyuncs.com/growth/download-material/67762b389cf96f61b61a8db9d89af72c.mp4,20260601-猿辅导高中双科-实拍-塑品-买数送物-全年-舍得-张焱-bj李栎-二创-张晓洁ec-2,-,,,199元高中双科提分课,199元高中双科提分课,荔枝,其他,0,wangjiananbj03,2026/6/24,24,1.91,0,0,0,30.81,0,0,0.00%,0.00%,-,0,0
a4c7d3a3a4279f9993df3288335054e1,-,-,-,-,-,https://tutor-online.oss-cn-beijing.aliyuncs.com/growth/download-material/a4c7d3a3a4279f9993df3288335054e1.mp4,20260618-猿辅导高中双科-混剪-视频号-图-男孩-张焱-张晓洁yc-3,-,,,199元高中双科提分课,199元高中双科提分课,荔枝,其他,0,wangjiananbj03,2026/6/20,28,0,0,0,0,0,0,0,0.00%,0.00%,-,0,0
004f3ed508b790595d9a417fc4c60a7a,-,-,-,-,-,https://tutor-online.oss-cn-beijing.aliyuncs.com/growth/download-material/004f3ed508b790595d9a417fc4c60a7a.mp4,9元视频1193-0703-9物-代理-十人-李博-jjsx-bwxy-A2-B1-pcc-pwjl-2,-,,,9元高中物理李博,9元高中物理李博,十人,代理商,0,wangruixuebj01,2026/7/11,7,0.06,0,0,0,1.28,0,0,0.00%,0.00%,-,0,0
cdbe9649555a96daa3d37fbb940df1a4,-,-,-,-,-,https://tutor-online.oss-cn-beijing.aliyuncs.com/growth/download-material/cdbe9649555a96daa3d37fbb940df1a4.mp4,0710-199双科-申坤-李博-李天-卞俊洁-A3-B2-无-05,-,,,199元高中双科提分课,199元高中双科提分课,申坤,其他,0,wangjiananbj03,2026/7/11,7,14.57,0,0,0,33.81,0,0,0.00%,0.00%,-,0,0
d78b33bc70f637a00c315bc44cd1aa8c,-,-,-,-,-,https://tutor-online.oss-cn-beijing.aliyuncs.com/growth/download-material/d78b33bc70f637a00c315bc44cd1aa8c.mp4,20260624-猿辅导高中双科-实拍-千川-199学三年数学--唐欣悦-bj郭铭泽--张晓洁yc-2.mp4,-,,,199元高中双科提分课,199元高中双科提分课,荔枝,其他,0,wangjiananbj03,2026/6/27,21,6.52,0,0,0,116.43,6520,0,1.79%,0.00%,-,0,0
3dbffa479b5f737a05c4336dde6ddc93,-,-,-,-,-,https://tutor-online.oss-cn-beijing.aliyuncs.com/growth/download-material/3dbffa479b5f737a05c4336dde6ddc93.mp4,20260704-猿辅导高中双科-混剪-图-张凌-张焱-张雪依yc-2-高三,-,,,199元高中双科提分课,199元高中双科提分课,自投放,其他,0,wangjiananbj03,2026/7/10,8,20.88,0,0,0,80,20880,0,0.77%,0%,-,0,0
ec28ff06868745729880554e80653880,-,-,-,-,-,https://tutor-online.oss-cn-beijing.aliyuncs.com/growth/download-material/ec28ff06868745729880554e80653880.mp4,null-自动生成-20-202607100855,-,,,199元高中双科提分课,199元高中双科提分课,申坤,其他,0,wangjiananbj03,2026/7/11,7,208.06,199,1,0.96,27.95,8002.31,208.06,0.44%,3.03%,-,0.13,7653.85
d8dcb2493800c4647f37dd6df53da7f1,-,-,-,-,-,https://tutor-online.oss-cn-beijing.aliyuncs.com/growth/download-material/d8dcb2493800c4647f37dd6df53da7f1.mp4,0623-9物-玄武-李博-刘志宽-胡原宁-A6-B5-有-4-【AI】-yfdwl0623k1浩4-宁-龙-宽-首(1),-,,,9元高中物理李博,9元高中物理李博,玄武,代理商,0,wangruixuebj01,2026/7/3,15,90.66,0,0,0,81.53,4533,0,1.89%,0%,-,0,0
acef83805b9816c74ed160a56b8614f5,-,-,-,-,-,https://tutor-online.oss-cn-beijing.aliyuncs.com/growth/download-material/acef83805b9816c74ed160a56b8614f5.mp4,一键修复_20260615-猿辅导高中双科-实拍-千川-活动-上哪儿去找-唐欣悦-cd杨嘉欣-岳久鸿-李文静yc-1（前贴版）.mp4,-,,,199元高中双科提分课,199元高中双科提分课,荔枝,其他,0,wangjiananbj03,2026/6/22,26,3.02,0,0,0,143.81,3020,0,4.76%,0.00%,-,0,0
68ba194d2ce9040d9d12c1fc8f482718,-,-,-,-,-,https://tutor-online.oss-cn-beijing.aliyuncs.com/growth/download-material/68ba194d2ce9040d9d12c1fc8f482718.mp4,0707-199双科-申坤-李博-李天-王合云-A1-B6-无-高二高三-01,-,,,199元高中双科提分课,199元高中双科提分课,申坤,其他,0,wangjiananbj03,2026/7/7,11,25.03,0,0,0,123.3,0,0,0.00%,0.00%,-,0,0
5f3e72220fc428bb204de99a81935653,-,-,-,-,-,https://tutor-online.oss-cn-beijing.aliyuncs.com/growth/download-material/5f3e72220fc428bb204de99a81935653.mp4,20260701-猿辅导高中双科-实拍-千川-焦虑--张焱-bj李赛-二创-ts罗雅雯-张晓洁ec-10.mp4,-,,,199元高中双科提分课,199元高中双科提分课,荔枝,其他,0,wangjiananbj03,2026/7/7,11,2.05,0,0,0,136.67,2050,0,6.67%,0.00%,-,0,0
cc575ea078d87383e3f04d58908241cb,-,-,-,-,-,https://tutor-online.oss-cn-beijing.aliyuncs.com/growth/download-material/cc575ea078d87383e3f04d58908241cb.mp4,20260630-猿辅导高中双科-实拍-活动-夏他-张焱唐欣悦-bj李赛于靖-裂变-张晓洁yc-4.mp4,-,,,199元高中双科提分课,199元高中双科提分课,荔枝,其他,0,wangjiananbj03,2026/6/30,18,32.62,0,0,0,250.92,2718.33,0,9.23%,0.00%,-,0,0
d6c65a77d63766e996fa6e63a0fcd153,-,-,-,-,-,https://tutor-online.oss-cn-beijing.aliyuncs.com/growth/download-material/d6c65a77d63766e996fa6e63a0fcd153.mp4,一键修复_20260616-猿辅导高中双科-实拍-千川-分数痛点-买数学送物理-一起-张焱-bj冷一丁-裂变-张晓洁yc-6.mp4,-,,,199元高中双科提分课,199元高中双科提分课,荔枝,其他,0,wangjiananbj03,2026/6/16,32,5.85,0,0,0,97.5,1462.5,0,6.67%,0.00%,-,0,0
825fa4a6057badd16ef59a3142288570,-,-,-,-,-,https://tutor-online.oss-cn-beijing.aliyuncs.com/growth/download-material/825fa4a6057badd16ef59a3142288570.mp4,一键修复_20260617-猿辅导高中双科-实拍-千川-买物理送数学--张焱-cd鲨鱼-高俊南-张晓洁yc-2（前贴2改）.mp4,-,,,199元高中双科提分课,199元高中双科提分课,荔枝,其他,0,wangjiananbj03,2026/6/22,26,0.38,0,0,0,95,0,0,0.00%,0.00%,-,0,0
72e4105c24f966edcdfa7e0c1b209028,-,-,-,-,-,https://img-pub.oss-cn-beijing-internal.aliyuncs.com/19e920a5e37058e.mp4,9元视频1007-0602拓--9物-十人-bmqr-ylb-A2-B4-jzzy-pwjl-1,-,,,9元高中物理李博,9元高中物理李博,十人,代理商,0,wangruixuebj01,2026/6/4,44,4.31,0,0,0,24.63,0,0,1.14%,0%,-,0,0
8c04bd9d1c6c73cf45a271a32ab9ca7a,-,-,-,-,-,https://tutor-online.oss-cn-beijing.aliyuncs.com/growth/download-material/8c04bd9d1c6c73cf45a271a32ab9ca7a.mp4,0716-199双科-申坤-李博-李天-张佳乐-A1-B5-有-06,-,,,199元高中双科提分课,199元高中双科提分课,申坤,其他,0,wangjiananbj03,2026/7/18,0,0.69,0,0,0,16.05,0,0,0.00%,0.00%,-,0,0
8425bb08a1dcb3faf027a8a2893b4199,-,-,-,-,-,https://tutor-online.oss-cn-beijing.aliyuncs.com/growth/download-material/8425bb08a1dcb3faf027a8a2893b4199.mp4,20260601-猿辅导高中数物双科-实拍-活动-退了-张焱-cd张璐-二创-张晓洁ec-3,-,,,199元高中双科提分课,199元高中双科提分课,自投放,其他,0,wangjiananbj03,2026/6/23,25,2338.47,1393,6,0.6,108.94,12919.72,389.75,1.01%,2.78%,-,0.28,7696.13
e01938b409d8d1b12886a532ed1da66f,-,-,-,-,-,https://tutor-online.oss-cn-beijing.aliyuncs.com/growth/download-material/e01938b409d8d1b12886a532ed1da66f.mp4,0616-9物-十人-bmqr-ylb-A2-B4-jclb-pwjl-5,-,,,9元高中物理李博,9元高中物理李博,十人,代理商,0,wangruixuebj01,2026/6/17,31,8.85,0,0,0,316.07,4425,0,7.14%,0%,-,0,0
fb6b3d997acccb01f36054cbae2d7c1b,-,-,-,-,-,https://tutor-online.oss-cn-beijing.aliyuncs.com/growth/download-material/fb6b3d997acccb01f36054cbae2d7c1b.mp4,20260530-猿辅导高中双科-实拍-买物理送数学-不花-张焱-cd金花-张雪依ec-二创-10.mp4,-,,,199元高中双科提分课,199元高中双科提分课,荔枝,其他,0,wangjiananbj03,2026/6/2,46,0.39,0,0,0,195,0,0,0.00%,0.00%,-,0,0
392b54638ac3a1081100d98cf3005f5b,-,-,-,-,-,https://tutor-online.oss-cn-beijing.aliyuncs.com/growth/download-material/392b54638ac3a1081100d98cf3005f5b.mp4,20260701-猿辅导高中双科-实拍-千川-活动-买数送物-199学全年-骗局-常文茜-bj冷一丁-高二--李文静yc-2-前贴 .mp4,-,,,199元高中双科提分课,199元高中双科提分课,荔枝,其他,0,wangjiananbj03,2026/7/11,7,9.52,0,0,0,226.67,4760,0,4.76%,0.00%,-,0,0
8c738d978c6c24bb57c48ea5b207a631,-,-,-,-,-,https://tutor-online.oss-cn-beijing.aliyuncs.com/growth/download-material/8c738d978c6c24bb57c48ea5b207a631.mp4,一键修复_20260707-猿辅导高中双科-实拍-千川-买数送物-活动-喊醒-李莹莹-bj冷一丁-叶俊泽yc-2.mp4,-,,,199元高中双科提分课,199元高中双科提分课,荔枝,其他,0,wangjiananbj03,2026/7/10,8,0.58,0,0,0,32.22,290,0,11.11%,0.00%,-,0,0
5d20c1fdc9a98dcd11e9bd3e2843b83f,-,-,-,-,-,https://tutor-online.oss-cn-beijing.aliyuncs.com/growth/download-material/5d20c1fdc9a98dcd11e9bd3e2843b83f.mp4,20260625-猿辅导高中双科-实拍-千川-活动-买数学送物理-确实-张焱-bj于靖--张晓洁ec-2,-,,,199元高中双科提分课,199元高中双科提分课,荔枝,代理商,0,wangjiananbj03,2026/7/9,9,0.53,0,0,0,20.38,0,0,0.00%,0.00%,-,0,0
d1e29689417b74c74f8c209f880ab91d,-,-,-,-,-,https://img-pub.oss-cn-beijing-internal.aliyuncs.com/19f652cb3edf892.mp4,0609-9物-代理-十人-李博-jjsx-bjsx-A2-B1-pcc-有-3-AI,-,,,9元高中物理李博,9元高中物理李博,十人,代理商,0,wangruixuebj01,2026/7/16,2,0.16,0,0,0,12.31,0,0,0.00%,0.00%,-,0,0
c49bbdd948f75e7b8c4d049643cfc6ff,-,-,-,-,-,https://tutor-online.oss-cn-beijing.aliyuncs.com/growth/download-material/c49bbdd948f75e7b8c4d049643cfc6ff.mp4,一键修复_0428-199双科-自产-自产二-王晶-曲中雨-子衿-A5-B1-有-25-前贴2.mp4,-,,,199元高中双科提分课,199元高中双科提分课,荔枝,其他,0,wangjiananbj03,2026/5/21,58,4.15,0,0,0,143.1,0,0,0.00%,0.00%,-,0,0
4776ed3184f987e3ab2d99a84960c624,-,-,-,-,-,https://tutor-online.oss-cn-beijing.aliyuncs.com/growth/download-material/4776ed3184f987e3ab2d99a84960c624.mp4,0616-9物-十人-bwxy-ylb-A2-B4-jclb-pwjl-1,-,,,9元高中物理李博,9元高中物理李博,十人,代理商,0,wangruixuebj01,2026/6/20,28,3.05,0,0,0,84.72,0,0,0.00%,0.00%,-,0,0
c78b1f8d47843adb045e224721a5e004,-,-,-,-,-,https://tutor-online.oss-cn-beijing.aliyuncs.com/growth/download-material/c78b1f8d47843adb045e224721a5e004.mp4,0710-199双科-申坤-李博-李天-张佳乐-A5-B1-有-高二高三-6,-,,,199元高中双科提分课,199元高中双科提分课,申坤,其他,0,wangjiananbj03,2026/7/14,4,3.92,0,0,0,25.79,1960,0,1.32%,0%,-,0,0
40f7b2d6b935b4c3cb6ea8c42bb2fe4b,-,-,-,-,-,https://tutor-online.oss-cn-beijing.aliyuncs.com/growth/download-material/40f7b2d6b935b4c3cb6ea8c42bb2fe4b.mp4,20260715-高中数物-混剪-图-张凌-7,-,,,199元高中双科提分课,199元高中双科提分课,荔枝,其他,0,wangjiananbj03,2026/7/17,1,65.35,0,0,0,45.1,10891.67,0,0.41%,0%,-,0,0
6bd04a0f0dc542ae301ea1ef6605cea6,-,-,-,-,-,https://tutor-online.oss-cn-beijing.aliyuncs.com/growth/download-material/6bd04a0f0dc542ae301ea1ef6605cea6.mp4,20260626-猿辅导高中双科-实拍-活动-放心-张焱-bj刘能能-裂变-张晓洁yc-1,-,,,199元高中双科提分课,199元高中双科提分课,荔枝,其他,0,wangjiananbj03,2026/7/16,2,111.1,0,0,0,51.65,18516.67,0,0.46%,0%,-,0,0
ef8c88f74a90c1eac2bb25322ef0626b,-,-,-,-,-,https://tutor-online.oss-cn-beijing.aliyuncs.com/growth/download-material/ef8c88f74a90c1eac2bb25322ef0626b.mp4,20260525-猿辅导高中双科-实拍-专家分享-买数送物-来得及-期末-张焱-dr硕士奶爸--张晓洁yc-4（前贴改1）.mp4,-,,,199元高中双科提分课,199元高中双科提分课,荔枝,其他,0,wangjiananbj03,2026/5/30,49,3.83,0,0,0,294.62,1276.67,0,23.08%,0.00%,-,0,0
16f2f530c2d0cd2cbe03af17bb813b53,-,-,-,-,-,https://tutor-online.oss-cn-beijing.aliyuncs.com/growth/download-material/16f2f530c2d0cd2cbe03af17bb813b53.mp4,一键修复_0610-199双科-自产-自产主-李博-视觉锤-子衿-A2-B3-有-8.mp4,-,,,199元高中双科提分课,199元高中双科提分课,荔枝,其他,0,wangjiananbj03,2026/6/19,29,5.58,0,0,0,52.15,0,0,0.00%,0.00%,-,0,0
e49008668d51b76640be3223756234b8,-,-,-,-,-,https://tutor-online.oss-cn-beijing.aliyuncs.com/growth/download-material/e49008668d51b76640be3223756234b8.mp4,20260702-猿辅导高中双科-图文混剪--原来-唐欣悦--李文静yc.mp4,-,,,199元高中双科提分课,199元高中双科提分课,荔枝,其他,0,wangjiananbj03,2026/7/2,16,67.85,0,0,0,182.39,5654.17,0,3.23%,0.00%,-,0,0
d517a446eaacf455848e2c830b0adc2a,-,-,-,-,-,https://tutor-online.oss-cn-beijing.aliyuncs.com/growth/download-material/d517a446eaacf455848e2c830b0adc2a.mp4,0708-199双科-申坤-李博-李天-卞俊洁-A2-B4-无-1,-,,,199元高中双科提分课,199元高中双科提分课,申坤,其他,0,wangjiananbj03,2026/7/9,9,4.15,0,0,0,14.82,4150,0,0.36%,0%,-,0,0
8c6b6b1079597e39e320c50830aa212c,-,-,-,-,-,https://tutor-online.oss-cn-beijing.aliyuncs.com/growth/download-material/8c6b6b1079597e39e320c50830aa212c.mp4,20260710-猿辅导高中双科-实拍-千川-买数送物-专家分享-搞定-高二-张焱-bj宋钦冲-二创-张晓洁ec-7.mp4,-,,,199元高中双科提分课,199元高中双科提分课,荔枝,其他,0,wangjiananbj03,2026/7/16,2,392.85,995,5,2.53,65.37,5381.51,78.57,1.21%,6.85%,-,0.83,13630.14
7af7fce9393cc71281cf69dcb6be2a8f,-,-,-,-,-,https://tutor-online.oss-cn-beijing.aliyuncs.com/growth/download-material/7af7fce9393cc71281cf69dcb6be2a8f.mp4,0703-199双科-申坤-李博-李天-卞俊洁-A2-B4-无-1,-,,,199元高中双科提分课,199元高中双科提分课,申坤,其他,0,wangjiananbj03,2026/7/9,9,12.57,0,0,0,33.25,4190,0,0.79%,0%,-,0,0
eaa4ae3486be3b25f830f0b610faad68,-,-,-,-,-,https://tutor-online.oss-cn-beijing.aliyuncs.com/growth/download-material/eaa4ae3486be3b25f830f0b610faad68.mp4,0717-199双科-申坤-李博-李天-张佳乐-A7-B2-无-14,-,,,199元高中双科提分课,199元高中双科提分课,申坤,代理商,0,wangjiananbj03,2026/7/18,0,3.01,0,0,0,48.55,0,0,0.00%,0.00%,-,0,0
cfe2c0f3e2118e924af8e5b87de85110,-,-,-,-,-,https://tutor-online.oss-cn-beijing.aliyuncs.com/growth/download-material/cfe2c0f3e2118e924af8e5b87de85110.mp4,一键修复_20260622-猿辅导高中双科-实拍-视频号-ip李博-买物送数-199学三年-马虎-常文茜-ip李博--张雪依yc-3.mp4,-,,,199元高中双科提分课,199元高中双科提分课,荔枝,其他,0,wangjiananbj03,2026/6/25,23,0.09,0,0,0,90,90,0,100.00%,0.00%,-,0,0
b27d86b5b5e8240d5a0fdff92e0b95ed,-,-,-,-,-,https://tutor-online.oss-cn-beijing.aliyuncs.com/growth/download-material/b27d86b5b5e8240d5a0fdff92e0b95ed.mp4,20260714-猿辅导高中双科-实拍-千川-暑期预习-通用-买数送物-白干-李莹莹-bj冷一丁--李文静yc-1-前贴.mp4,-,,,199元高中双科提分课,199元高中双科提分课,荔枝,其他,0,wangjiananbj03,2026/7/17,1,63.95,0,0,0,2459.62,15987.5,0,15.38%,0.00%,-,0,0
8f96bb5ac07d85d474db2dfc75b76627,-,-,-,-,-,https://tutor-online.oss-cn-beijing.aliyuncs.com/growth/download-material/8f96bb5ac07d85d474db2dfc75b76627.mp4,0715-9物-自产-自产主-李博-曲中雨-子衿-A3-B1-有-23-前贴2-娇-【AI】,-,,,9元高中物理李博,9元高中物理李博,玄武,代理商,0,wangruixuebj01,2026/7/16,2,120.39,0,0,0,73.63,5016.25,0,1.77%,0%,-,0,0
2bf5347da20f0fe03b25f1d8bd077162,-,-,-,-,-,https://tutor-online.oss-cn-beijing.aliyuncs.com/growth/download-material/2bf5347da20f0fe03b25f1d8bd077162.mp4,20260717-猿辅导高中双科-混剪-千川-内容-效果前置-夯-唐欣悦---张晓洁yc-1.mp4,-,,,199元高中双科提分课,199元高中双科提分课,荔枝,其他,0,wangjiananbj03,2026/7/17,1,2.36,0,0,0,168.57,2360,0,7.14%,0.00%,-,0,0
feaad3a1276e4d648b986860ee12d17b,-,-,-,-,-,https://tutor-online.oss-cn-beijing.aliyuncs.com/growth/download-material/feaad3a1276e4d648b986860ee12d17b.mp4,20260523-猿辅导高中双科-实拍-买物理送数学-再说-张焱-bj丁梓仟--张晓洁ec-2.1.mp4,-,,,199元高中双科提分课,199元高中双科提分课,荔枝,其他,0,wangjiananbj03,2026/5/25,54,7.87,0,0,0,224.86,3935,0,5.71%,0.00%,-,0,0
7955e49813c3edf8fe4813519ea0e12f,-,-,-,-,-,https://tutor-online.oss-cn-beijing.aliyuncs.com/growth/download-material/7955e49813c3edf8fe4813519ea0e12f.mp4,0703-199双科-申坤-李博-李天-卞俊洁-A2-B4-无-12,-,,,199元高中双科提分课,199元高中双科提分课,申坤,其他,0,wangjiananbj03,2026/7/10,8,4.79,0,0,0,73.69,0,0,0.00%,0.00%,-,0,0
43b4cf01cb1b99cbe1aca92ccbcc03be,-,-,-,-,-,https://tutor-online.oss-cn-beijing.aliyuncs.com/growth/download-material/43b4cf01cb1b99cbe1aca92ccbcc03be.mp4,20260630-猿辅导高中双科-实拍-活动-退了-张焱-cd张璐-袁北辰ec-二创-2,-,,,199元高中双科提分课,199元高中双科提分课,荔枝,其他,0,wangjiananbj03,2026/7/17,1,9.49,0,0,0,30.71,2372.5,0,1.94%,0%,-,0,0
cb97357dd4c464c6fd5580f217296ed7,-,-,-,-,-,https://tutor-online.oss-cn-beijing.aliyuncs.com/growth/download-material/cb97357dd4c464c6fd5580f217296ed7.mp4,20260611-猿辅导高中双科-实拍-千川-性价比-买数送物-199学全年-吃个饭-常文茜-bj丁梓仟--张雪依yc-1改.mp4,-,,,199元高中双科提分课,199元高中双科提分课,荔枝,其他,0,wangjiananbj03,2026/6/16,32,0.39,0,0,0,26,0,0,0.00%,0.00%,-,0,0
0e91b38ed79f1bbeff80b4c2a45418d3,-,-,-,-,-,https://img-pub.oss-cn-beijing-internal.aliyuncs.com/19f12790274d10b.mp4,9元视频1153-0624-9物-代理-十人-李博-jjsx-bmqr-A2-B1-pwjl-pcc-无-1,-,,,9元高中物理李博,9元高中物理李博,十人,代理商,0,wangruixuebj01,2026/7/10,8,0.63,0,0,0,7.08,0,0,0.00%,0.00%,-,0,0
9d1507cf1df4548a4507779b19c95ec5,-,-,-,-,-,https://tutor-online.oss-cn-beijing.aliyuncs.com/growth/download-material/9d1507cf1df4548a4507779b19c95ec5.mp4,20260704-猿辅导高中双科-混剪-图-张凌-张焱-张雪依yc-13-高二高三.mp4,-,,,199元高中双科提分课,199元高中双科提分课,荔枝,其他,0,wangjiananbj03,2026/7/9,9,0.54,0,0,0,45,540,0,8.33%,0.00%,-,0,0
cc336a6749c4fa7d49ca523a8aefc4b4,-,-,-,-,-,https://tutor-online.oss-cn-beijing.aliyuncs.com/growth/download-material/cc336a6749c4fa7d49ca523a8aefc4b4.mp4,0717-199双科-申坤-李博-李天-卞俊洁-A2-B4-无-02,-,,,199元高中双科提分课,199元高中双科提分课,申坤,其他,0,wangjiananbj03,-,-,0,0,0,0,0,0,0,0.00%,0.00%,-,0,0
476223118b4f4b1987563bd5459af51b,-,-,-,-,-,https://tutor-online.oss-cn-beijing.aliyuncs.com/growth/download-material/476223118b4f4b1987563bd5459af51b.mp4,一键修复_20260703-猿辅导高中双科-实拍-千川-暑期规划-买数送物-199学全年-开学上高二-常文茜-bj庄紫薇-李文静yc-2-前贴.mp4,-,,,199元高中双科提分课,199元高中双科提分课,荔枝,其他,0,wangjiananbj03,2026/7/11,7,10.86,0,0,0,67.88,1810,0,3.75%,0.00%,-,0,0
3198bab2da61f2101d986b3e1639964e,-,-,-,-,-,https://tutor-online.oss-cn-beijing.aliyuncs.com/growth/download-material/3198bab2da61f2101d986b3e1639964e.mp4,0703-199双科-申坤-王晶-李天-卞俊洁-A3-B4-有-24,-,,,199元高中双科提分课,199元高中双科提分课,申坤,其他,0,wangjiananbj03,2026/7/7,11,32.55,0,0,0,66.84,0,0,0.21%,0%,-,0,0
381714bc00e6636a5f6cbf71a9c04af7,-,-,-,-,-,https://tutor-online.oss-cn-beijing.aliyuncs.com/growth/download-material/381714bc00e6636a5f6cbf71a9c04af7.mp4,20260623-猿辅导高中双科-实拍-千川-活动-买数学送物理-犹豫-张焱-bj于靖-裂变-张晓洁yc-1,-,,,199元高中双科提分课,199元高中双科提分课,荔枝,代理商,0,wangjiananbj03,2026/7/9,9,4.21,0,0,0,28.64,0,0,0.00%,0.00%,-,0,0
10addf3a106124f57c5cd4f6e1c84b76,-,-,-,-,-,https://tutor-online.oss-cn-beijing.aliyuncs.com/growth/download-material/10addf3a106124f57c5cd4f6e1c84b76.mp4,20260716-高中数物（高一升高二）-混剪-图-张凌-4.mp4,-,,,199元高中双科提分课,199元高中双科提分课,荔枝,其他,0,wangjiananbj03,2026/7/16,2,444.27,398,2,0.9,116.73,4777.1,222.14,2.44%,2.15%,-,0.53,4279.57
d07436e9ea7f5c25010c5b25214bc570,-,-,-,-,-,https://tutor-online.oss-cn-beijing.aliyuncs.com/growth/download-material/d07436e9ea7f5c25010c5b25214bc570.mp4,一键修复_20260423-猿辅导高中双科-实拍-ip李博-不错-张焱-ip李博-张雪依ec-二创-3.mp4,-,,,199元高中双科提分课,199元高中双科提分课,荔枝,其他,0,wangjiananbj03,2026/5/19,60,0.01,0,0,0,0,0,0,0.00%,0.00%,-,0,0
e7a6bd1525361837297544242ed6b443,-,-,-,-,-,https://tutor-online.oss-cn-beijing.aliyuncs.com/growth/download-material/e7a6bd1525361837297544242ed6b443.mp4,20260711-猿辅导高中双科-实拍-千川-买数送物-专家分享-可以不-高二-张焱-dr珈岐妈妈-李文静ec-二创-11,-,,,199元高中双科提分课,199元高中双科提分课,荔枝,其他,0,wangjiananbj03,-,-,128.63,0,0,0,52.25,5592.61,0,1.02%,0%,-,0,0
8566da14bc2c2f73e66b2e0e94802a0a,-,-,-,-,-,https://tutor-online.oss-cn-beijing.aliyuncs.com/growth/download-material/8566da14bc2c2f73e66b2e0e94802a0a.mp4,20260701-猿辅导高中双科-混剪-视频号-图-朋友圈-高三-张焱-补量二创-张晓洁ec-2.1.mp4,-,,,199元高中双科提分课,199元高中双科提分课,荔枝,其他,0,wangjiananbj03,2026/7/2,16,8.58,0,0,0,408.57,0,0,0.00%,0.00%,-,0,0
78bfb2333869e288f3e6f66c99db170c,-,-,-,-,-,https://img-pub.oss-cn-beijing-internal.aliyuncs.com/19f1279a09a6fc2.mp4,9元视频1166-0624-9物-十人-bmqr-ylb-A2-B4-jzmj-bmqr-pwjl-1,-,,,9元高中物理李博,9元高中物理李博,十人,代理商,0,wangruixuebj01,2026/6/30,18,0,0,0,0,0,0,0,0.00%,0.00%,-,0,0
0b4dc9eee5c4c8619b57e74fdae7f36d,-,-,-,-,-,https://tutor-online.oss-cn-beijing.aliyuncs.com/growth/download-material/0b4dc9eee5c4c8619b57e74fdae7f36d.mp4,0623-9物-代理-玄武-李博-郝增鑫-胡原宁-A5-B2-有-5-yfdwl0623h4浩5-宁-鑫-【AI】-改0625,-,,,9元高中物理李博,9元高中物理李博,玄武,代理商,0,wangruixuebj01,2026/7/8,10,0.03,0,0,0,2.31,0,0,0.00%,0.00%,-,0,0
5c9782eed2b4edaf86c44e9e6764737f,-,-,-,-,-,https://tutor-online.oss-cn-beijing.aliyuncs.com/growth/download-material/5c9782eed2b4edaf86c44e9e6764737f.mp4,20260711-猿辅导高中双科-实拍-视频号-暑假预习-高二-买物送数-比不过-唐欣悦-bj高攀-岳久鸿yc-2.mp4,-,,,199元高中双科提分课,199元高中双科提分课,荔枝,其他,0,wangjiananbj03,2026/7/16,2,0.31,0,0,0,62,0,0,0.00%,0.00%,-,0,0
920b77cb11ff629d85927970f3d9c35d,-,-,-,-,-,https://tutor-online.oss-cn-beijing.aliyuncs.com/growth/download-material/920b77cb11ff629d85927970f3d9c35d.mp4,20260711-猿辅导高中双科-实拍-千川-活动-高二高三-五科-售卖-张焱-bj李栎--李文静ec-二创-5 (1).mp4,-,,,199元高中双科提分课,199元高中双科提分课,荔枝,其他,0,wangjiananbj03,2026/7/16,2,8.18,0,0,0,221.08,2045,0,10.81%,0.00%,-,0,0
9620ec05bbfe97d3136f21ac65ee45f9,-,-,-,-,-,https://tutor-online.oss-cn-beijing.aliyuncs.com/growth/download-material/9620ec05bbfe97d3136f21ac65ee45f9.mp4,0703-199双科-申坤-李博-李天-卞俊洁-A2-B4-无-09.mp4,-,,,199元高中双科提分课,199元高中双科提分课,申坤,其他,0,wangjiananbj03,2026/7/10,8,2.77,0,0,0,33.37,0,0,0.00%,0.00%,-,0,0
50e8ec4edabc2fcf445f9ee35e20d8fa,-,-,-,-,-,https://tutor-online.oss-cn-beijing.aliyuncs.com/growth/download-material/50e8ec4edabc2fcf445f9ee35e20d8fa.mp4,20260702-猿辅导高中双科-混剪-视频号-图-地标-张焱-裂变-袁北辰ec-1,-,,,199元高中双科提分课,199元高中双科提分课,自投放,其他,0,wangjiananbj03,2026/7/10,8,1.14,0,0,0,42.22,0,0,0.00%,0.00%,-,0,0
b50ed3440ad7e59306f8b40dfeba8afa,-,-,-,-,-,https://tutor-online.oss-cn-beijing.aliyuncs.com/growth/download-material/b50ed3440ad7e59306f8b40dfeba8afa.mp4,20260618-猿辅导高中双科-实拍-活动-不是-张焱-bj毕娇-袁北辰ec-二创-老素材-2.mp4,-,,,199元高中双科提分课,199元高中双科提分课,荔枝,其他,0,wangjiananbj03,2026/6/18,30,44.26,0,0,0,208.77,6322.86,0,3.30%,0.00%,-,0,0
45702e0c92a70761a1ede20647a07e97,-,-,-,-,-,https://tutor-online.oss-cn-beijing.aliyuncs.com/growth/download-material/45702e0c92a70761a1ede20647a07e97.mp4,0630-199双科-申坤-李博-李天-卞俊洁-A2-B4-无-29,-,,,199元高中双科提分课,199元高中双科提分课,申坤,其他,0,wangjiananbj03,2026/7/16,2,0.09,0,0,0,7.5,0,0,0.00%,0.00%,-,0,0
4d3b5b45428d88646fc07ae282e7e50d,-,-,-,-,-,https://tutor-online.oss-cn-beijing.aliyuncs.com/growth/download-material/4d3b5b45428d88646fc07ae282e7e50d.mp4,0630-199双科-申坤-李博-李天-卞俊洁-A2-B4-无-13,-,,,199元高中双科提分课,199元高中双科提分课,申坤,其他,0,wangjiananbj03,2026/7/6,12,3.5,0,0,0,41.18,0,0,0.00%,0.00%,-,0,0
0d307f4a92378efac0b64cf35433562e,-,-,-,-,-,https://tutor-online.oss-cn-beijing.aliyuncs.com/growth/download-material/0d307f4a92378efac0b64cf35433562e.mp4,妙思自动生成-232-202607100148,-,,,199元高中双科提分课,199元高中双科提分课,荔枝,其他,0,wangjiananbj03,2026/7/10,8,0.14,0,0,0,7,0,0,0.00%,0.00%,-,0,0
5844db08e8fc85705d29aa80fa3ae505,-,-,-,-,-,https://tutor-online.oss-cn-beijing.aliyuncs.com/growth/download-material/5844db08e8fc85705d29aa80fa3ae505.mp4,0610-199双科-自产-自产主-李博-视觉锤-子衿-A2-B1-有-7.mp4,-,,,199元高中双科提分课,199元高中双科提分课,荔枝,其他,0,wangjiananbj03,2026/6/19,29,0.18,0,0,0,36,180,0,20.00%,0.00%,-,0,0
9451b8d25f84e04be4743b62d3cff2ad,-,-,-,-,-,https://tutor-online.oss-cn-beijing.aliyuncs.com/growth/download-material/9451b8d25f84e04be4743b62d3cff2ad.mp4,20260711-猿辅导高中双科-实拍-视频号-活动-买数送物-199学三年-通用-买数送物-我们呢-常文茜-bj嵩云--李文静-yc-3.mp4,-,,,199元高中双科提分课,199元高中双科提分课,荔枝,其他,0,wangjiananbj03,2026/7/13,5,16.6,0,0,0,99.4,1844.44,0,5.39%,0.00%,-,0,0
ba49c37c59056bb7bcba8bec777a2e9a,-,-,-,-,-,https://tutor-online.oss-cn-beijing.aliyuncs.com/growth/download-material/ba49c37c59056bb7bcba8bec777a2e9a.mp4,0703-199双科-申坤-李博-李天-卞俊洁-A2-B4-无-27,-,,,199元高中双科提分课,199元高中双科提分课,申坤,其他,0,wangjiananbj03,2026/7/5,13,1866.18,597,3,0.32,246.91,19042.65,622.06,1.94%,2.04%,-,0.4,6091.84
c10ab922862afc6f99ddb67fd61cc9f0,-,-,-,-,-,https://tutor-online.oss-cn-beijing.aliyuncs.com/growth/download-material/c10ab922862afc6f99ddb67fd61cc9f0.mp4,20260701-猿辅导高中双科-实拍-千川-买数送物-专家分享-搞定-高二-张焱-bj宋钦冲-叶俊泽ec-二创-ts徐鑫悦-高三-五科-7,-,,,199元高中双科提分课,199元高中双科提分课,荔枝,其他,0,wangjiananbj03,2026/7/9,9,2220.78,597,3,0.27,78.82,20754.95,740.26,0.53%,2.00%,-,0.11,5579.44
2ae59d8cf24024ea8dc9ca290152a4c6,-,-,-,-,-,https://tutor-online.oss-cn-beijing.aliyuncs.com/growth/download-material/2ae59d8cf24024ea8dc9ca290152a4c6.mp4,一键修复_20260605-猿辅导高中双科-实拍-视频号-ip李博-买物送数-199学三年-退掉-唐欣悦-IP李博--张雪依yc-2（前贴版）.mp4,-,,,199元高中双科提分课,199元高中双科提分课,荔枝,其他,0,wangjiananbj03,2026/6/9,39,12.07,0,0,0,165.34,3017.5,0,5.48%,0.00%,-,0,0
d0c4fa4ea51355a325c630a9fc830569,-,-,-,-,-,https://tutor-online.oss-cn-beijing.aliyuncs.com/growth/download-material/d0c4fa4ea51355a325c630a9fc830569.mp4,20260707-猿辅导高中双科-实拍-千川-买数送物-活动-喊醒-李莹莹-bj冷一丁-叶俊泽yc-2-前贴,-,,,199元高中双科提分课,199元高中双科提分课,荔枝,其他,0,wangjiananbj03,2026/7/10,8,127.86,0,0,0,93.4,25572,0,0.44%,0%,-,0,0
2cc44dee38efb7573f2db4248d7f3e2b,-,-,-,-,-,https://tutor-online.oss-cn-beijing.aliyuncs.com/growth/download-material/2cc44dee38efb7573f2db4248d7f3e2b.mp4,9元视频894-0414-9物-十人-bwxy-ylb-A2-B4-jzjw-pwji-6,-,,,9元高中物理李博,9元高中物理李博,十人,其他,0,wangruixuebj01,2026/5/30,49,2.7,0,0,0,108,0,0,0.00%,0.00%,-,0,0
acf10cd29b9c538f47f9d42e3b6e0a18,-,-,-,-,-,https://tutor-online.oss-cn-beijing.aliyuncs.com/growth/download-material/acf10cd29b9c538f47f9d42e3b6e0a18.mp4,一键修复_20260707-猿辅导高中双科-实拍-千川-6天训练营提分-通用-买数送物-都安排-常文茜-dr小五老师-李文静yc-1.mp4,-,,,199元高中双科提分课,199元高中双科提分课,荔枝,其他,0,wangjiananbj03,2026/7/11,7,6.08,0,0,0,74.15,0,0,0.00%,0.00%,-,0,0
705c2ef2f08951dcd7641ac9c69bfdc3,-,-,-,-,-,https://tutor-online.oss-cn-beijing.aliyuncs.com/growth/download-material/705c2ef2f08951dcd7641ac9c69bfdc3.mp4,一键修复_20260625-猿辅导高中双科-实拍-千川-买数送物-199学三年--唐欣悦-dr珈岐妈妈-叶俊泽-11 (1).mp4,-,,,199元高中双科提分课,199元高中双科提分课,荔枝,其他,0,wangjiananbj03,2026/7/1,17,1.2,0,0,0,133.33,0,0,0.00%,0.00%,-,0,0
b6f38f8199d46e94be4d9aefccbf14d9,-,-,-,-,-,https://tutor-online.oss-cn-beijing.aliyuncs.com/growth/download-material/b6f38f8199d46e94be4d9aefccbf14d9.mp4,0709-9物-玄武-AI李博-刘志宽-胡原宁-A7-B4-无-1-【AI】-yfdwl0709k1浩7-宁-宽-首,-,,,9元高中物理李博,9元高中物理李博,玄武,代理商,0,wangruixuebj01,2026/7/14,4,98.65,9,1,0.09,65.12,7046.43,98.65,1.12%,5.88%,-,0.66,642.86
,-,-,-,-,-,,,-,,,199元高中双科提分课,,自投放,其他,0,wangjiananbj03,-,-,0.05,0,0,0,1.79,0,0,0.00%,0.00%,-,0,0
f045b5ed5c60da021bcfda73e20ec4dd,-,-,-,-,-,https://tutor-online.oss-cn-beijing.aliyuncs.com/growth/download-material/f045b5ed5c60da021bcfda73e20ec4dd.mp4,20260608-猿辅导高中双科-实拍-活动-啥班啊-常文茜-bj史超妮-二创-李文静ec-视频号二创-5.mp4,-,,,199元高中双科提分课,199元高中双科提分课,荔枝,其他,0,wangjiananbj03,2026/6/8,40,15.76,0,0,0,159.19,15760,0,1.01%,0.00%,-,0,0
18d2b7ca2392c4afab2f8cac9ad05095,-,-,-,-,-,https://tutor-online.oss-cn-beijing.aliyuncs.com/growth/download-material/18d2b7ca2392c4afab2f8cac9ad05095.mp4,20260711-猿辅导高中双科-实拍-视频号-活动-买数送物-199学三年-通用-买数送物-我们呢-常文茜-bj嵩云--李文静-yc-3,-,,,199元高中双科提分课,199元高中双科提分课,自投放,代理商,0,wangjiananbj03,2026/7/16,2,28.52,0,0,0,82.43,14260,0,1.73%,0%,-,0,0
7068ab15007778795323d315b373420a,-,-,-,-,-,https://tutor-online.oss-cn-beijing.aliyuncs.com/growth/download-material/7068ab15007778795323d315b373420a.mp4,20260629-猿辅导高中双科-实拍-活动-多少-张焱-bj李赛-袁北辰ec-二创-1.mp4,-,,,199元高中双科提分课,199元高中双科提分课,荔枝,其他,0,wangjiananbj03,2026/6/30,18,75.52,199,1,2.64,228.85,3974.74,75.52,5.76%,5.26%,-,3.03,10473.68
b828ab7c385fe1054a671a140b407a4b,-,-,-,-,-,https://tutor-online.oss-cn-beijing.aliyuncs.com/growth/download-material/b828ab7c385fe1054a671a140b407a4b.mp4,一键修复_20260708-猿辅导高中双科-实拍-活动-放心-张焱-bj刘能能-裂变-李文静yc-2.mp4,-,,,199元高中双科提分课,199元高中双科提分课,荔枝,其他,0,wangjiananbj03,2026/7/9,9,387.48,199,1,0.51,489.24,8610.67,387.48,5.68%,2.22%,-,1.26,4422.22
8a8b4757ee70d1f450d1637ca8272926,-,-,-,-,-,https://tutor-online.oss-cn-beijing.aliyuncs.com/growth/download-material/8a8b4757ee70d1f450d1637ca8272926.mp4,20260624-猿辅导高中双科-实拍-千川-199学三年数学--唐欣悦-bj郭铭泽--张晓洁yc-2（前贴）.mp4,-,,,199元高中双科提分课,199元高中双科提分课,荔枝,其他,0,wangjiananbj03,2026/6/27,21,0.21,0,0,0,105,210,0,50.00%,0.00%,-,0,0
4edd7d12c648521aadff9eb8fc482f4c,-,-,-,-,-,https://tutor-online.oss-cn-beijing.aliyuncs.com/growth/download-material/4edd7d12c648521aadff9eb8fc482f4c.mp4,20260622-猿辅导高中双科-实拍-ip李博-买物送数-睡觉-张焱-IP李博-袁北辰ec-二创-2,-,,,199元高中双科提分课,199元高中双科提分课,荔枝,其他,0,wangjiananbj03,2026/7/11,7,259.15,0,0,0,86.99,23559.09,0,0.67%,0%,-,0,0
8cd63358ef23fbec1dd640c56057c96d,-,-,-,-,-,https://tutor-online.oss-cn-beijing.aliyuncs.com/growth/download-material/8cd63358ef23fbec1dd640c56057c96d.mp4,0706-9物-玄武-李博-王成仡-彩丽-方法优势-贩卖焦虑-有-6-yfdwl0706G4浩6-丽-龙-仡-首,-,,,9元高中物理李博,9元高中物理李博,玄武,代理商,0,wangruixuebj01,2026/7/10,8,18.74,0,0,0,96.1,9370,0,1.54%,0%,-,0,0
3244d63e0091218f63dc720d135c58ea,-,-,-,-,-,https://tutor-online.oss-cn-beijing.aliyuncs.com/growth/download-material/3244d63e0091218f63dc720d135c58ea.mp4,0708-199双科-申坤-李博-李天-卞俊洁-A2-B4-无-3,-,,,199元高中双科提分课,199元高中双科提分课,申坤,其他,0,wangjiananbj03,2026/7/11,7,0.02,0,0,0,2.5,0,0,0.00%,0.00%,-,0,0
a0c73c126cd163539517c34127fa9e43,-,-,-,-,-,https://img-pub.oss-cn-beijing-internal.aliyuncs.com/19f1c71936634c2.mp4,20260629-9物-代理-启航-李博-【b1-p6-j9-36】,-,,,9元高中物理李博,9元高中物理李博,启航,代理商,0,wangruixuebj01,2026/7/10,8,1156.87,27,3,0.02,110.01,6427.06,385.62,1.77%,1.61%,-,0.29,150
8fefe97bb2463219972c7a5e18b81a7b,-,-,-,-,-,https://tutor-online.oss-cn-beijing.aliyuncs.com/growth/download-material/8fefe97bb2463219972c7a5e18b81a7b.mp4,20260716-猿辅导高中双科-实拍-千川-活动-高二-五科--张焱-cd杨嘉欣-岳久鸿-叶俊泽yc-1 (2).mp4,-,,,199元高中双科提分课,199元高中双科提分课,荔枝,其他,0,wangjiananbj03,2026/7/17,1,0.34,0,0,0,42.5,0,0,0.00%,0.00%,-,0,0
47a078541be09877f6eeb9c75ff18b70,-,-,-,-,-,https://tutor-online.oss-cn-beijing.aliyuncs.com/growth/download-material/47a078541be09877f6eeb9c75ff18b70.mp4,一键修复_20260710-猿辅导高中双科-实拍-千川-买数送物-专家分享-救不-高二-张焱-tj陈璇-二创-张晓洁ec-8.mp4,-,,,199元高中双科提分课,199元高中双科提分课,荔枝,其他,0,wangjiananbj03,2026/7/16,2,25.55,0,0,0,345.27,2129.17,0,16.22%,0.00%,-,0,0
f687d124f2218e8ba1bb17ba38b81218,-,-,-,-,-,https://tutor-online.oss-cn-beijing.aliyuncs.com/growth/download-material/f687d124f2218e8ba1bb17ba38b81218.mp4,20260715-猿辅导高中数物（高一）-混剪-图-程序-4.mp4,-,,,199元高中双科提分课,199元高中双科提分课,荔枝,其他,0,wangjiananbj03,2026/7/17,1,8.81,0,0,0,251.71,1258.57,0,20.00%,0.00%,-,0,0
916f92df9b5cb2da22fab3d01b0eae92,-,-,-,-,-,https://tutor-online.oss-cn-beijing.aliyuncs.com/growth/download-material/916f92df9b5cb2da22fab3d01b0eae92.mp4,0709-9物-玄武-混剪-白潇凯-胡原宁-A6-B2-有-yfdwl0709b1浩6-宁-白-首【AI】,-,,,9元高中物理李博,9元高中物理李博,玄武,代理商,0,wangruixuebj01,2026/7/14,4,338.84,0,0,0,119.56,13553.6,0,1.09%,0%,-,0,0
2510ce0915f7f473e5bbaff728312eea,-,-,-,-,-,https://tutor-online.oss-cn-beijing.aliyuncs.com/growth/download-material/2510ce0915f7f473e5bbaff728312eea.mp4,一键修复_0610-199双科-自产-自产主-李博-视觉锤-子衿-A6-B1-无-10.mp4,-,,,199元高中双科提分课,199元高中双科提分课,荔枝,其他,0,wangjiananbj03,2026/6/19,29,0.27,0,0,0,0,0,0,0.00%,0.00%,-,0,0
6e53522e2857ca4ac61ce5d906b96a60,-,-,-,-,-,https://tutor-online.oss-cn-beijing.aliyuncs.com/growth/download-material/6e53522e2857ca4ac61ce5d906b96a60.mp4,0714-199双科-申坤-李博-李天-卞俊洁-A1-B4-无-01,-,,,199元高中双科提分课,199元高中双科提分课,申坤,其他,0,wangjiananbj03,2026/7/15,3,561.86,199,1,0.35,105.14,17026.06,561.86,0.79%,2.38%,-,0.19,6030.3
1dfb2379f0f6676d098880bfdef47a38,-,-,-,-,-,https://tutor-online.oss-cn-beijing.aliyuncs.com/growth/download-material/1dfb2379f0f6676d098880bfdef47a38.mp4,0703-199双科-申坤-王晶-李天-姚恒-A4-B5-有-01,-,,,199元高中双科提分课,199元高中双科提分课,申坤,其他,0,wangjiananbj03,2026/7/7,11,2.33,0,0,0,17.26,0,0,0.00%,0.00%,-,0,0
0427492b12fa1fbf0314dfcf73f62872,-,-,-,-,-,https://tutor-online.oss-cn-beijing.aliyuncs.com/growth/download-material/0427492b12fa1fbf0314dfcf73f62872.mp4,20260530-猿辅导高中双科-实拍-买物理送数学-再说-张焱-bj丁梓仟-张雪依ec-二创-5.mp4,-,,,199元高中双科提分课,199元高中双科提分课,荔枝,其他,0,wangjiananbj03,2026/6/2,46,0.01,0,0,0,10,0,0,0.00%,0.00%,-,0,0
9cb68748303635c0391f21f09b7ae153,-,-,-,-,-,https://tutor-online.oss-cn-beijing.aliyuncs.com/growth/download-material/9cb68748303635c0391f21f09b7ae153.mp4,视频-720_1280-1-1781086574,-,,,9元高中物理李博,9元高中物理李博,十人,代理商,0,wangruixuebj01,2026/6/11,37,276.23,27,3,0.1,147.95,6005,92.08,2.57%,6.25%,-,1.61,586.96
5552673e9aca3d94d0a9b50bc95f51c5,-,-,-,-,-,https://tutor-online.oss-cn-beijing.aliyuncs.com/growth/download-material/5552673e9aca3d94d0a9b50bc95f51c5.mp4,一键修复_20260625-猿辅导高中双科-实拍-活动-买数送物-你咋不说-618-唐欣悦-bj李栎--张晓洁ec-1.mp4,-,,,199元高中双科提分课,199元高中双科提分课,荔枝,其他,0,wangjiananbj03,2026/6/26,22,11.33,0,0,0,276.34,0,0,0.00%,0.00%,-,0,0
cdb5abf57b8eeb969b185804297b3ece,-,-,-,-,-,https://tutor-online.oss-cn-beijing.aliyuncs.com/growth/download-material/cdb5abf57b8eeb969b185804297b3ece.mp4,20260715-高中数物-混剪-图-张凌-10,-,,,199元高中双科提分课,199元高中双科提分课,荔枝,其他,0,wangjiananbj03,2026/7/17,1,34.07,0,0,0,35.09,8517.5,0,0.41%,0%,-,0,0
9834e6bbc237336590283eefe3dd1c66,-,-,-,-,-,https://tutor-online.oss-cn-beijing.aliyuncs.com/growth/download-material/9834e6bbc237336590283eefe3dd1c66.mp4,一键修复_20260707-猿辅导高中双科-实拍-千川-活动-买数送物-冤大头-张焱-bj郭铭泽-裂变-张晓洁yc-3.mp4,-,,,199元高中双科提分课,199元高中双科提分课,荔枝,其他,0,wangjiananbj03,2026/7/17,1,74.57,0,0,0,46.9,4971.33,0,0.94%,0.00%,-,0,0
872359a4b641580c4e3511bcd67983de,-,-,-,-,-,https://tutor-online.oss-cn-beijing.aliyuncs.com/growth/download-material/872359a4b641580c4e3511bcd67983de.mp4,0703-199双科-申坤-李博-李天-卞俊洁-A2-B4-无-14,-,,,199元高中双科提分课,199元高中双科提分课,申坤,其他,0,wangjiananbj03,2026/7/10,8,162.59,0,0,0,88.75,10161.88,0,1.04%,0%,-,0,0
aad044eef4badb4d94ff299dc7665c71,-,-,-,-,-,https://tutor-online.oss-cn-beijing.aliyuncs.com/growth/download-material/aad044eef4badb4d94ff299dc7665c71.mp4,20260711-猿辅导高中双科-实拍-千川-买数送物-活动-特别-张焱-bj丁梓仟--李文静ec-二创-7.mp4,-,,,199元高中双科提分课,199元高中双科提分课,荔枝,其他,0,wangjiananbj03,2026/7/13,5,0.73,0,0,0,66.36,730,0,9.09%,0.00%,-,0,0
717191f5f15c046faa10a82dfe3f6d6e,-,-,-,-,-,https://tutor-online.oss-cn-beijing.aliyuncs.com/growth/download-material/717191f5f15c046faa10a82dfe3f6d6e.mp4,0710-199双科-申坤-李博-李天-卞俊洁-A1-B4-无-高二高三-15,-,,,199元高中双科提分课,199元高中双科提分课,申坤,其他,0,wangjiananbj03,2026/7/14,4,5.95,0,0,0,21.4,1983.33,0,1.08%,0%,-,0,0
41ab4ef5fa2e6d73de04537f989fe32d,-,-,-,-,-,https://tutor-online.oss-cn-beijing.aliyuncs.com/growth/download-material/41ab4ef5fa2e6d73de04537f989fe32d.mp4,一键修复_20260611-猿辅导高中双科-实拍-千川-分数痛点-买数学送物理-一起-张焱-bj冷一丁-叶俊泽ec-视频号二创-6.mp4,-,,,199元高中双科提分课,199元高中双科提分课,荔枝,其他,0,wangjiananbj03,2026/6/15,33,0.03,0,0,0,0,0,0,0.00%,0.00%,-,0,0
35546edd37c6d13c5acb6a1bd7fed33a,-,-,-,-,-,https://tutor-online.oss-cn-beijing.aliyuncs.com/growth/download-material/35546edd37c6d13c5acb6a1bd7fed33a.mp4,20260610-猿辅导高中双科-实拍-千川-活动-五科-199学三年-不要-唐欣悦-岳久鸿-cd小丹-叶俊泽yc-2,-,,,199元高中双科提分课,199元高中双科提分课,荔枝,其他,0,wangjiananbj03,2026/6/20,28,5.27,0,0,0,170,0,0,3.23%,0%,-,0,0
c5e127618f46e5bae8a7f6e77d084212,-,-,-,-,-,https://tutor-online.oss-cn-beijing.aliyuncs.com/growth/download-material/c5e127618f46e5bae8a7f6e77d084212.mp4,20260711-猿辅导高中双科-实拍-千川-活动-通用-买数送物-成过去-李莹莹-dr蔡昕--张雪依yc-3（前贴版）.mp4,-,,,199元高中双科提分课,199元高中双科提分课,荔枝,其他,0,wangjiananbj03,2026/7/16,2,0.05,0,0,0,12.5,0,0,0.00%,0.00%,-,0,0
8dd26b06dca6c38307e4f4df886fb8b7,-,-,-,-,-,https://tutor-online.oss-cn-beijing.aliyuncs.com/growth/download-material/8dd26b06dca6c38307e4f4df886fb8b7.mp4,20260701-猿辅导高中双科-实拍-千川-买数送物-专家分享-搞定-高二-张焱-bj宋钦冲-叶俊泽yc-5-前贴.mp4,-,,,199元高中双科提分课,199元高中双科提分课,荔枝,其他,0,wangjiananbj03,2026/7/3,15,54.54,0,0,0,956.84,27270,0,3.51%,0.00%,-,0,0
621e46fb27838947b4ab14c16ebf2169,-,-,-,-,-,https://tutor-online.oss-cn-beijing.aliyuncs.com/growth/download-material/621e46fb27838947b4ab14c16ebf2169.mp4,20260707-猿辅导高中双科-实拍-千川-6天训练营提分-通用-买数送物-都安排-常文茜-dr小五老师-李文静yc-1,-,,,199元高中双科提分课,199元高中双科提分课,自投放,其他,0,wangjiananbj03,2026/7/16,2,67.55,0,0,0,13.8,9650,0,0.20%,0%,-,0,0
d9d9d042983ca56eb40ba70448180bd7,-,-,-,-,-,https://tutor-online.oss-cn-beijing.aliyuncs.com/growth/download-material/d9d9d042983ca56eb40ba70448180bd7.mp4,20260703-猿辅导高中双科-实拍-活动-买数送物-全年-跟你-张焱-cd鲨鱼- 李文静ec-二创-3,-,,,199元高中双科提分课,199元高中双科提分课,荔枝,代理商,0,wangjiananbj03,2026/7/9,9,22.29,0,0,0,106.65,0,0,0.00%,0.00%,-,0,0
73f72c198f6fbae2f3e7c8f60c6a2a5d,-,-,-,-,-,https://tutor-online.oss-cn-beijing.aliyuncs.com/growth/download-material/73f72c198f6fbae2f3e7c8f60c6a2a5d.mp4,妙思自动生成-232-202607100728,-,,,199元高中双科提分课,199元高中双科提分课,荔枝,其他,0,wangjiananbj03,2026/7/10,8,2.09,0,0,0,28.24,0,0,0.00%,0.00%,-,0,0
44352f33be1eca67bcb76eeef4f5a91c,-,-,-,-,-,https://tutor-online.oss-cn-beijing.aliyuncs.com/growth/download-material/44352f33be1eca67bcb76eeef4f5a91c.mp4,一键修复_20260625-猿辅导高中双科-实拍-千川-分数痛点-买数学送物理-能上-张焱-dr小五--张晓洁yc-5.mp4,-,,,199元高中双科提分课,199元高中双科提分课,荔枝,其他,0,wangjiananbj03,2026/6/26,22,274.85,199,1,0.72,470.63,18323.33,274.85,2.57%,6.67%,-,1.71,13266.67
206b2e7948d973557e779859c920e62c,-,-,-,-,-,https://tutor-online.oss-cn-beijing.aliyuncs.com/growth/download-material/206b2e7948d973557e779859c920e62c.mp4,20260622-猿辅导高中双科-实拍-活动-夏他-张焱-bj李赛--张晓洁yc-8.1（前贴2）改高二.mp4,-,,,199元高中双科提分课,199元高中双科提分课,荔枝,其他,0,wangjiananbj03,2026/6/22,26,11375.18,8159,41,0.72,82.14,6236.39,277.44,1.32%,2.25%,-,0.3,4473.14
7c24a4b4c3f01329c058ef90dc65784c,-,-,-,-,-,https://tutor-online.oss-cn-beijing.aliyuncs.com/growth/download-material/7c24a4b4c3f01329c058ef90dc65784c.mp4,20260716-高中数物（高一升高二）-混剪-图-张凌-6.mp4,-,,,199元高中双科提分课,199元高中双科提分课,荔枝,其他,0,wangjiananbj03,2026/7/16,2,7.47,0,0,0,99.6,1494,0,6.67%,0.00%,-,0,0
0fc74c2bd75f819b3f4b68157356310f,-,-,-,-,-,https://tutor-online.oss-cn-beijing.aliyuncs.com/growth/download-material/0fc74c2bd75f819b3f4b68157356310f.mp4,9元视频1213-0714-9物-代理-十人-李博-jjsx-bwxy-A2-B1-pcc-pwjl-1,-,,,9元高中物理李博,9元高中物理李博,十人,代理商,0,wangruixuebj01,-,-,0,0,0,0,0,0,0,0.00%,0.00%,-,0,0
55b2545feb4daf18d1f51eac11cfd342,-,-,-,-,-,https://tutor-online.oss-cn-beijing.aliyuncs.com/growth/download-material/55b2545feb4daf18d1f51eac11cfd342.mp4,20260409-猿辅导高中数物双科-实拍-活动-退了-张焱-cd张璐-二创-张雪依ec-二创-2改.mp4,-,,,199元高中双科提分课,299元高中全年提分课,荔枝,其他,0,wangjiananbj03,2026/5/18,61,2555.83,2587,13,1.01,83.05,5461.18,196.6,1.52%,2.78%,-,0.42,5527.78
5fe1ad95477746ed61b46c3ff6a8558a,-,-,-,-,-,https://tutor-online.oss-cn-beijing.aliyuncs.com/growth/download-material/5fe1ad95477746ed61b46c3ff6a8558a.mp4,0703-199双科-申坤-李博-李天-姚恒-A5-B2-有-01,-,,,199元高中双科提分课,199元高中双科提分课,申坤,其他,0,wangjiananbj03,2026/7/10,8,244.38,0,0,0,73.92,61095,0,0.24%,0%,-,0,0
e0c51e56f3127d8d999e470c2c7dcfca,-,-,-,-,-,https://tutor-online.oss-cn-beijing.aliyuncs.com/growth/download-material/e0c51e56f3127d8d999e470c2c7dcfca.mp4,0514-199双科-自产-自产主-王晶-曲中雨-子衿--B3B4-有-1.mp4,-,,,199元高中双科提分课,199元高中双科提分课,荔枝,其他,自产原创,wangjiananbj03,2026/5/27,52,15.72,0,0,0,1209.23,15720,0,7.69%,0.00%,-,0,0
56d63006a4756e046781bcbeb03b3556,-,-,-,-,-,https://tutor-online.oss-cn-beijing.aliyuncs.com/growth/download-material/56d63006a4756e046781bcbeb03b3556.mp4,一键修复_20260710-猿辅导高中双科-实拍-千川-买物送数-专家分享-跟你学-高二高三-李莹莹-b宋钦冲-二创-张晓洁ec-9.mp4,-,,,199元高中双科提分课,199元高中双科提分课,荔枝,其他,0,wangjiananbj03,2026/7/16,2,10.78,0,0,0,283.68,5390,0,5.26%,0.00%,-,0,0
f8012100d1d22beb39f0b2f8ba367e86,-,-,-,-,-,https://tutor-online.oss-cn-beijing.aliyuncs.com/growth/download-material/f8012100d1d22beb39f0b2f8ba367e86.mp4,20260715-高中数物-混剪-图-张凌-2.mp4,-,,,199元高中双科提分课,199元高中双科提分课,荔枝,其他,0,wangjiananbj03,2026/7/16,2,6.89,0,0,0,81.06,1378,0,5.88%,0.00%,-,0,0
7116839ddcbb90ff34dc675a4448e537,-,-,-,-,-,https://tutor-online.oss-cn-beijing.aliyuncs.com/growth/download-material/7116839ddcbb90ff34dc675a4448e537.mp4,9元视频988-0526-9物-十人-bmqr-ylb-A2-B4-jjsx-pwjl-2,-,,,9元高中物理李博,9元高中物理李博,十人,其他,0,wangruixuebj01,2026/5/27,52,0,9,1,0,0,0,0,0.00%,0.00%,-,0,0
0b588ce16719476b6d31fe671a9ac3c5,-,-,-,-,-,https://tutor-online.oss-cn-beijing.aliyuncs.com/growth/download-material/0b588ce16719476b6d31fe671a9ac3c5.mp4,0709-199双科-申坤-李博-李天-张佳乐-A1-B4-无-高二高三-1,-,,,199元高中双科提分课,199元高中双科提分课,申坤,其他,0,wangjiananbj03,2026/7/14,4,99.78,0,0,0,22.79,5869.41,0,0.53%,0%,-,0,0
9da55770daea2baff31655c38834ad88,-,-,-,-,-,https://tutor-online.oss-cn-beijing.aliyuncs.com/growth/download-material/9da55770daea2baff31655c38834ad88.mp4,20260711-猿辅导高中双科-实拍-千川-活动-买数送物-打算-张焱-bj于静--李文静ec-二创-10.mp4,-,,,199元高中双科提分课,199元高中双科提分课,荔枝,其他,0,wangjiananbj03,2026/7/13,5,1.74,0,0,0,248.57,0,0,0.00%,0.00%,-,0,0
d74b4b368433ec469b7b2dab37a2ef24,-,-,-,-,-,https://tutor-online.oss-cn-beijing.aliyuncs.com/growth/download-material/d74b4b368433ec469b7b2dab37a2ef24.mp4,一键修复_20260625-猿辅导高中双科-实拍-视频号-ip李博-买物送数-睡觉-张焱-IP李博-裂变-张晓洁yc-4.1.mp4,-,,,199元高中双科提分课,199元高中双科提分课,荔枝,其他,0,wangjiananbj03,2026/6/26,22,9.34,0,0,0,444.76,9340,0,4.76%,0.00%,-,0,0
42027fb68ae66ae884fc9f0d1ee13ce1,-,-,-,-,-,https://tutor-online.oss-cn-beijing.aliyuncs.com/growth/download-material/42027fb68ae66ae884fc9f0d1ee13ce1.mp4,20260624-9物-代理-启航-李博-【b1-p6-a3-64-0629】-A5-B5-有-2,-,,,9元高中物理李博,9元高中物理李博,启航,代理商,0,wangruixuebj01,2026/7/11,7,27.51,0,0,0,51.32,6877.5,0,0.75%,0%,-,0,0
04ddb8fa10dcbe7ba88f636b8a2f280c,-,-,-,-,-,https://tutor-online.oss-cn-beijing.aliyuncs.com/growth/download-material/04ddb8fa10dcbe7ba88f636b8a2f280c.mp4,0703-199双科-申坤-李博-李天-卞俊洁-A2-B4-无-2,-,,,199元高中双科提分课,199元高中双科提分课,申坤,其他,0,wangjiananbj03,2026/7/9,9,12.14,0,0,0,34.49,12140,0,0.28%,0%,-,0,0
6f3e749b73d4eb216ff130388a0ae301,-,-,-,-,-,https://tutor-online.oss-cn-beijing.aliyuncs.com/growth/download-material/6f3e749b73d4eb216ff130388a0ae301.mp4,null-自动生成-20-202607150403,-,,,199元高中双科提分课,199元高中双科提分课,申坤,其他,0,wangjiananbj03,2026/7/16,2,127.16,0,0,0,37.27,31790,0,0.29%,0%,-,0,0
57b38ee5574a79139889b496c46ada86,-,-,-,-,-,https://tutor-online.oss-cn-beijing.aliyuncs.com/growth/download-material/57b38ee5574a79139889b496c46ada86.mp4,20260716-高中数物（高二升高三）-混剪-图-张凌-1,-,,,199元高中双科提分课,199元高中双科提分课,荔枝,其他,0,wangjiananbj03,2026/7/17,1,38.83,0,0,0,51.5,7766,0,0.66%,0%,-,0,0
515be85f04d8d962ece8e7b62b105314,-,-,-,-,-,https://tutor-online.oss-cn-beijing.aliyuncs.com/growth/download-material/515be85f04d8d962ece8e7b62b105314.mp4,20260604-猿辅导高中双科-实拍-千川-分数痛点-买数学送物理-一起-张焱-bj冷一丁--岳久鸿yc-3.mp4,-,,,199元高中双科提分课,199元高中双科提分课,荔枝,其他,0,wangjiananbj03,2026/6/11,37,3.81,0,0,0,79.38,952.5,0,8.33%,0.00%,-,0,0
cf64e24dd118d28783f2b09765f61626,-,-,-,-,-,https://tutor-online.oss-cn-beijing.aliyuncs.com/growth/download-material/cf64e24dd118d28783f2b09765f61626.mp4,0710-199双科-申坤-李博-李天-卞俊洁-A1-B2-无-高二高三-2,-,,,199元高中双科提分课,199元高中双科提分课,申坤,其他,0,wangjiananbj03,2026/7/14,4,1.05,0,0,0,15.67,1050,0,1.49%,0%,-,0,0
71b5ad736ff7f799f981438f2f988a4e,-,-,-,-,-,https://tutor-online.oss-cn-beijing.aliyuncs.com/growth/download-material/71b5ad736ff7f799f981438f2f988a4e.mp4,0707-199双科-申坤-李博-李天-王合云-A1-B2-无-高二高三-15,-,,,199元高中双科提分课,199元高中双科提分课,申坤,其他,0,wangjiananbj03,2026/7/7,11,5.58,0,0,0,25.71,0,0,0.00%,0.00%,-,0,0
198d2f2edc2a07c923101974fb02c904,-,-,-,-,-,https://tutor-online.oss-cn-beijing.aliyuncs.com/growth/download-material/198d2f2edc2a07c923101974fb02c904.mp4,20260713-猿辅导高中双科-实拍-千川-活动-五科-199学三年-不要-唐欣悦-岳久鸿-cd小丹-叶俊泽yc-裂变-3.mp4,-,,,199元高中双科提分课,199元高中双科提分课,荔枝,其他,0,wangjiananbj03,2026/7/14,4,3.78,0,0,0,180,0,0,0.00%,0.00%,-,0,0
0009839836eb5194fa46dcc550148ac4,-,-,-,-,-,https://tutor-online.oss-cn-beijing.aliyuncs.com/growth/download-material/0009839836eb5194fa46dcc550148ac4.mp4,20260602-猿辅导高中双科-实拍-千川-性价比-买数送物-199学三年-不贵-端午-唐欣悦-bj冷一丁--张晓洁yc-7.mp4,-,,,199元高中双科提分课,199元高中双科提分课,荔枝,其他,0,wangjiananbj03,2026/6/4,44,0.06,0,0,0,0,0,0,0.00%,0.00%,-,0,0
6a6dadeafb627c284c9c12caed92aa50,-,-,-,-,-,https://tutor-online.oss-cn-beijing.aliyuncs.com/growth/download-material/6a6dadeafb627c284c9c12caed92aa50.mp4,20260701-猿辅导高中双科-实拍-千川-买数送物-活动-好坏消息-李莹莹-dr小五老师-李文静yc-1,-,,,199元高中双科提分课,199元高中双科提分课,荔枝,其他,0,wangjiananbj03,2026/7/8,10,1.52,0,0,0,10.63,0,0,0.00%,0.00%,-,0,0
d04a768fdebef5f6cd28c423ced8ec48,-,-,-,-,-,https://tutor-online.oss-cn-beijing.aliyuncs.com/growth/download-material/d04a768fdebef5f6cd28c423ced8ec48.mp4,0706-199双科-申坤-李博-李天-卞俊洁-A1-B4-有-高二高三-4,-,,,199元高中双科提分课,199元高中双科提分课,申坤,代理商,0,wangjiananbj03,2026/7/7,11,7.11,0,0,0,11.71,0,0,0.16%,0%,-,0,0
2efe5ad6413effd941052036ccc6fc2c,-,-,-,-,-,https://tutor-online.oss-cn-beijing.aliyuncs.com/growth/download-material/2efe5ad6413effd941052036ccc6fc2c.mp4,20260626-猿辅导高中双科-口播-大字报-封双-张焱-ip李博-袁北辰yc-1.1.mp4,-,,,199元高中双科提分课,199元高中双科提分课,荔枝,其他,0,wangjiananbj03,2026/6/26,22,188.59,199,1,1.06,181.86,5714.85,188.59,3.18%,3.03%,-,0.96,6030.3
d57a7e13042c1634d7af3adbd34230a6,-,-,-,-,-,https://tutor-online.oss-cn-beijing.aliyuncs.com/growth/download-material/d57a7e13042c1634d7af3adbd34230a6.mp4,20260616-猿辅导高中双科-实拍-买数学送物理-我婆婆-常文茜-dr蔡昕-裂变-张晓洁yc-3.mp4,-,,,199元高中双科提分课,199元高中双科提分课,荔枝,其他,0,wangjiananbj03,2026/6/16,32,0.11,0,0,0,55,110,0,50.00%,0.00%,-,0,0
c764c32a076faf106accc5526e57df0d,-,-,-,-,-,https://tutor-online.oss-cn-beijing.aliyuncs.com/growth/download-material/c764c32a076faf106accc5526e57df0d.mp4,20260623-9物-代理-启航-李博-【b1-p6-a3-35-0623】-A5-B5-有-2,-,,,9元高中物理李博,9元高中物理李博,启航,代理商,0,wangruixuebj01,2026/6/30,18,111.25,0,0,0,183.28,7946.43,0,2.14%,0%,-,0,0
9b86a11749a76345cc22d85332f0c6f6,-,-,-,-,-,https://tutor-online.oss-cn-beijing.aliyuncs.com/growth/download-material/9b86a11749a76345cc22d85332f0c6f6.mp4,视频-720_1280-1-1781160731,-,,,9元高中物理李博,9元高中物理李博,十人,代理商,0,wangruixuebj01,2026/6/13,35,20.67,0,0,0,74.89,10335,0,0.72%,0%,-,0,0
6480ca4723f1ad02a597b71448bcc75e,-,-,-,-,-,https://tutor-online.oss-cn-beijing.aliyuncs.com/growth/download-material/6480ca4723f1ad02a597b71448bcc75e.mp4,20260703-猿辅导高中双科-实拍-活动-夏他-张焱唐欣悦-bj李赛-裂变-李文静ec-二创-9.mp4,-,,,199元高中双科提分课,199元高中双科提分课,荔枝,其他,0,wangjiananbj03,2026/7/7,11,9.15,0,0,0,277.27,4575,0,6.06%,0.00%,-,0,0
da86647a0a96f23c3ecb6f679e6a2d55,-,-,-,-,-,https://tutor-online.oss-cn-beijing.aliyuncs.com/growth/download-material/da86647a0a96f23c3ecb6f679e6a2d55.mp4,20260709-猿辅导高中双科-实拍-买物理送数学-选哪-张焱-bj于俏-高二高三-李文静ec-视频号二创-横屏-4,-,,,199元高中双科提分课,199元高中双科提分课,自投放,其他,0,wangjiananbj03,2026/7/10,8,68.79,0,0,0,21.04,6879,0,0.40%,0%,-,0,0
395c1d5ca2aaac09642b6d542d155fe7,-,-,-,-,-,https://tutor-online.oss-cn-beijing.aliyuncs.com/growth/download-material/395c1d5ca2aaac09642b6d542d155fe7.mp4,20260606-猿辅导高中双科-实拍-买物理送数学-不花-张焱-cd金花-张雪依ec-二创-10.mp4,-,,,199元高中双科提分课,199元高中双科提分课,荔枝,其他,0,wangjiananbj03,2026/6/9,39,4.26,0,0,0,177.5,2130,0,8.33%,0.00%,-,0,0
eb007fdbdf314af76a4a98f13dfe8544,-,-,-,-,-,https://tutor-online.oss-cn-beijing.aliyuncs.com/growth/download-material/eb007fdbdf314af76a4a98f13dfe8544.mp4,20260626-猿辅导高中双科-图-红花-张焱拼实拍-活动-买数送物-全年-跟你-张焱-cd鲨鱼- 李文静ec-视频号二创-1,-,,,199元高中双科提分课,199元高中双科提分课,自投放,其他,0,wangjiananbj03,2026/7/10,8,110.15,0,0,0,109.6,55075,0,0.30%,0%,-,0,0
ddd3b706e19c06805ee13b65930a912b,-,-,-,-,-,https://tutor-online.oss-cn-beijing.aliyuncs.com/growth/download-material/ddd3b706e19c06805ee13b65930a912b.mp4,20260624-猿辅导高中双科-实拍-千川-活动-买数送物-冤大头-张焱-bj郭铭泽--张晓洁yc-9（前贴改1）.mp4,-,,,199元高中双科提分课,199元高中双科提分课,荔枝,其他,0,wangjiananbj03,2026/6/27,21,16.2,0,0,0,94.74,5400,0,1.75%,0.00%,-,0,0
50e8ec4edabc2fcf445f9ee35e20d8fa,-,-,-,-,-,https://tutor-online.oss-cn-beijing.aliyuncs.com/growth/download-material/50e8ec4edabc2fcf445f9ee35e20d8fa.mp4,20260702-猿辅导高中双科-混剪-视频号-图-地标-张焱-裂变-袁北辰ec-1.mp4,-,,,199元高中双科提分课,199元高中双科提分课,荔枝,其他,0,wangjiananbj03,2026/7/2,16,3.41,0,0,0,64.34,1705,0,3.77%,0.00%,-,0,0
1699aafd3bff4912f01e1666de28386c,-,-,-,-,-,https://tutor-online.oss-cn-beijing.aliyuncs.com/growth/download-material/1699aafd3bff4912f01e1666de28386c.mp4,20260618-9物-代理-启航-李博-【b1-p6-a1-49】-A5-B5-有-2,-,,,9元高中物理李博,9元高中物理李博,启航,代理商,0,wangruixuebj01,2026/6/27,21,0,9,1,0,0,0,0,0.00%,0.00%,-,0,0
5d3400b0fd326c95cdcf1783e9ba6140,-,-,-,-,-,https://tutor-online.oss-cn-beijing.aliyuncs.com/growth/download-material/5d3400b0fd326c95cdcf1783e9ba6140.mp4,20260626-猿辅导高中双科-图文混剪--机会-高二-唐欣悦-补量二创-张晓洁ec-2.mp4,-,,,199元高中双科提分课,199元高中双科提分课,荔枝,代理商,0,wangjiananbj03,2026/6/26,22,3.94,0,0,0,135.86,656.67,0,20.69%,0.00%,-,0,0
ae64e4e0ac572e9bd18e72abe52f0bda,-,-,-,-,-,https://tutor-online.oss-cn-beijing.aliyuncs.com/growth/download-material/ae64e4e0ac572e9bd18e72abe52f0bda.mp4,0709-9物-玄武-AI李博-刘志宽-胡原宁-A7-B4-有-1-【AI】-yfdwl0709k1浩7-宁-宽-首(1),-,,,9元高中物理李博,9元高中物理李博,玄武,代理商,0,wangruixuebj01,2026/7/16,2,0.78,0,0,0,9.63,0,0,0.00%,0.00%,-,0,0
304cb41d21bb6737f0739326f69548bf,-,-,-,-,-,https://tutor-online.oss-cn-beijing.aliyuncs.com/growth/download-material/304cb41d21bb6737f0739326f69548bf.mp4,9元视频1192-0703-9物-代理-十人-李博-jjsx-bwxy-A2-B1-pcc-pwjl-1,-,,,9元高中物理李博,9元高中物理李博,十人,代理商,0,wangruixuebj01,2026/7/9,9,3.63,0,0,0,72.6,3630,0,2.00%,0%,-,0,0
358d783aaab4ff53f0455ea8d3a8dd7a,-,-,-,-,-,https://tutor-online.oss-cn-beijing.aliyuncs.com/growth/download-material/358d783aaab4ff53f0455ea8d3a8dd7a.mp4,20260715-猿辅导高中双科-实拍-千川-6天训练营-高三-买物送数-有救了-常文茜-cd苏鹏--李文静yc-1-前贴.mp4,-,,,199元高中双科提分课,199元高中双科提分课,荔枝,其他,0,wangjiananbj03,2026/7/17,1,2.11,0,0,0,105.5,2110,0,5.00%,0.00%,-,0,0
9ad6e5837e08280cfc3813999981d998,-,-,-,-,-,https://tutor-online.oss-cn-beijing.aliyuncs.com/growth/download-material/9ad6e5837e08280cfc3813999981d998.mp4,0703-199双科-申坤-李博-李天-卞俊洁-A2-B4-无-13,-,,,199元高中双科提分课,199元高中双科提分课,申坤,其他,0,wangjiananbj03,2026/7/5,13,74.13,0,0,0,268.59,37065,0,1.81%,0%,-,0,0
22876ab0d21860fb84618857e526e7f0,-,-,-,-,-,https://tutor-online.oss-cn-beijing.aliyuncs.com/growth/download-material/22876ab0d21860fb84618857e526e7f0.mp4,20260708-猿辅导高中双科-实拍-千川-买数送物-活动-AI推-李莹莹-cd汐汐-詹铠任-张晓洁yc-3.mp4,-,,,199元高中双科提分课,199元高中双科提分课,荔枝,其他,0,wangjiananbj03,2026/7/13,5,37.05,0,0,0,86.57,4631.25,0,1.87%,0.00%,-,0,0
446aff994036b865005b26327afb5b89,-,-,-,-,-,https://tutor-online.oss-cn-beijing.aliyuncs.com/growth/download-material/446aff994036b865005b26327afb5b89.mp4,0710-199双科-申坤-李博-李天-卞俊洁-A6-B5-无-01,-,,,199元高中双科提分课,199元高中双科提分课,申坤,其他,0,wangjiananbj03,2026/7/14,4,60.71,0,0,0,39.47,12142,0,0.39%,0%,-,0,0
f8a52e11fde31effd04e0135562b5796,-,-,-,-,-,https://tutor-online.oss-cn-beijing.aliyuncs.com/growth/download-material/f8a52e11fde31effd04e0135562b5796.mp4,20260701-猿辅导高中双科-实拍-千川-活动-买数学送物理-夏他-张焱-bj李赛-袁北辰ec-二创-2.mp4,-,,,199元高中双科提分课,199元高中双科提分课,荔枝,其他,0,wangjiananbj03,2026/7/9,9,22.74,0,0,0,229.7,5685,0,4.04%,0.00%,-,0,0
013d45f28eb4142e79cf4cf85ac75e82,-,-,-,-,-,https://tutor-online.oss-cn-beijing.aliyuncs.com/growth/download-material/013d45f28eb4142e79cf4cf85ac75e82.mp4,20260703-猿辅导高中双科-实拍-活动-放心-张焱-bj刘能能-李文静ec-二创-1,-,,,199元高中双科提分课,199元高中双科提分课,自投放,其他,0,wangjiananbj03,2026/7/10,8,256.19,597,3,2.33,120.62,21349.17,85.4,1.13%,12.50%,-,1.41,49750
07382542a1470601e5ac8b73741d53e6,-,-,-,-,-,https://tutor-online.oss-cn-beijing.aliyuncs.com/growth/download-material/07382542a1470601e5ac8b73741d53e6.mp4,0708-199双科-申坤-李博-李天-卞俊洁-A2-B4-无-7,-,,,199元高中双科提分课,199元高中双科提分课,申坤,其他,0,wangjiananbj03,2026/7/10,8,9.31,0,0,0,39.45,0,0,0.00%,0.00%,-,0,0
f2d4bd4d9798d2e1bfa03c5950ef939c,-,-,-,-,-,https://tutor-online.oss-cn-beijing.aliyuncs.com/growth/download-material/f2d4bd4d9798d2e1bfa03c5950ef939c.mp4,20260629-猿辅导高中双科-实拍-活动-退了-张焱-cd张璐-袁北辰ec-二创-2,-,,,199元高中双科提分课,199元高中双科提分课,自投放,其他,0,wangjiananbj03,2026/7/17,1,9.37,0,0,0,53.54,3123.33,0,2.29%,0%,-,0,0
c5b1471b129c5c5a2b4b0288471b417a,-,-,-,-,-,https://tutor-online.oss-cn-beijing.aliyuncs.com/growth/download-material/c5b1471b129c5c5a2b4b0288471b417a.mp4,20260630-猿辅导高中双科-实拍-千川-活动-再加-张焱-bj冷一丁-袁北辰ec-二创-4,-,,,199元高中双科提分课,199元高中双科提分课,荔枝,其他,0,wangjiananbj03,2026/7/17,1,11.19,0,0,0,28.12,5595,0,0.75%,0%,-,0,0
e6a961b4c920dac919787c5a8fa81314,-,-,-,-,-,https://tutor-online.oss-cn-beijing.aliyuncs.com/growth/download-material/e6a961b4c920dac919787c5a8fa81314.mp4,0703-199双科-申坤-李博-李天-卞俊洁-A2-B4-无-22,-,,,199元高中双科提分课,199元高中双科提分课,申坤,其他,0,wangjiananbj03,2026/7/14,4,25.86,0,0,0,47.8,0,0,0.00%,0.00%,-,0,0
b405f0c877f66ffd0ed22f9c066bee3b,-,-,-,-,-,https://tutor-online.oss-cn-beijing.aliyuncs.com/growth/download-material/b405f0c877f66ffd0ed22f9c066bee3b.mp4,20260627-猿辅导高中双科-实拍-千川-买数送物-199学三年-冤大头-常文茜-bj郭铭泽-叶俊泽-1-前贴.mp4,-,,,199元高中双科提分课,199元高中双科提分课,荔枝,其他,0,wangjiananbj03,2026/7/3,15,0.3,0,0,0,150,0,0,0.00%,0.00%,-,0,0
6c998b2554e2e2efe65690bb4531d6fe,-,-,-,-,-,https://tutor-online.oss-cn-beijing.aliyuncs.com/growth/download-material/6c998b2554e2e2efe65690bb4531d6fe.mp4,20260710-猿辅导高中双科-实拍-千川-活动-199学三年-买数送物-割韭菜-唐欣悦-bj庄紫薇-二创-张晓洁ec-1.mp4,-,,,199元高中双科提分课,199元高中双科提分课,荔枝,其他,0,wangjiananbj03,2026/7/16,2,31.95,0,0,0,332.81,4564.29,0,7.29%,0.00%,-,0,0
0f05f4f240927b9a60039e608463daa9,-,-,-,-,-,https://tutor-online.oss-cn-beijing.aliyuncs.com/growth/download-material/0f05f4f240927b9a60039e608463daa9.mp4,20260625-猿辅导高中双科-实拍-活动-夏他-张焱-bj李赛-裂变-张晓洁yc-1.mp4,-,,,199元高中双科提分课,199元高中双科提分课,荔枝,代理商,0,wangjiananbj03,2026/6/25,23,187.36,199,1,1.06,231.02,5855,187.36,3.95%,3.13%,-,1.23,6218.75
2ec63a51ac4213f9d5e238617dfb5a11,-,-,-,-,-,https://tutor-online.oss-cn-beijing.aliyuncs.com/growth/download-material/2ec63a51ac4213f9d5e238617dfb5a11.mp4,20260611-猿辅导高中双科-实拍-千川-分数痛点-买数学送物理-一起-张焱-bj冷一丁-叶俊泽ec-视频号二创-7,-,,,199元高中双科提分课,199元高中双科提分课,荔枝,代理商,0,wangjiananbj03,2026/6/26,22,3536.42,1393,7,0.39,74.39,23265.92,505.2,0.57%,2.59%,-,0.15,9164.47
c6062fb20cdf85db465b7041a82bd70e,-,-,-,-,-,https://tutor-online.oss-cn-beijing.aliyuncs.com/growth/download-material/c6062fb20cdf85db465b7041a82bd70e.mp4,一键修复_20260713-猿辅导高中双科-实拍-视频号-暑期预习-高二-买物送数-隐藏规则-常文茜-dr小五老师--李文静yc-1-前贴.mp4,-,,,199元高中双科提分课,199元高中双科提分课,荔枝,其他,0,wangjiananbj03,2026/7/16,2,24.01,0,0,0,889.26,4802,0,18.52%,0.00%,-,0,0
8e6d4983376b78a8a9f1041765aca51f,-,-,-,-,-,https://tutor-online.oss-cn-beijing.aliyuncs.com/growth/download-material/8e6d4983376b78a8a9f1041765aca51f.mp4,0623-9物-玄武-李博-白潇凯-胡原宁-A5-B1-有-yfdwl0623b1浩1-宁-白-首【AI】,-,,,9元高中物理李博,9元高中物理李博,玄武,代理商,0,wangruixuebj01,2026/6/28,20,0.03,0,0,0,4.29,0,0,0.00%,0.00%,-,0,0
ef615b11c216f54f0805743d0d3a1b5f,-,-,-,-,-,https://tutor-online.oss-cn-beijing.aliyuncs.com/growth/download-material/ef615b11c216f54f0805743d0d3a1b5f.mp4,0703-199双科-申坤-李博-李天-姚恒-A7-B4-有-02,-,,,199元高中双科提分课,199元高中双科提分课,申坤,其他,0,wangjiananbj03,2026/7/10,8,0.32,0,0,0,35.56,0,0,0.00%,0.00%,-,0,0
8c79f72599e5941d7669656f45ad7a99,-,-,-,-,-,https://tutor-online.oss-cn-beijing.aliyuncs.com/growth/download-material/8c79f72599e5941d7669656f45ad7a99.mp4,0708-199双科-申坤-李博-李天-卞俊洁-A2-B4-无-4,-,,,199元高中双科提分课,199元高中双科提分课,申坤,其他,0,wangjiananbj03,2026/7/10,8,0.09,0,0,0,90,0,0,0.00%,0.00%,-,0,0
90ba22ea72cf5bfd9408bdc38c6a62e1,-,-,-,-,-,https://tutor-online.oss-cn-beijing.aliyuncs.com/growth/download-material/90ba22ea72cf5bfd9408bdc38c6a62e1.mp4,20260708-9物-代理-启航-李博-【b1-p6-j9-42】,-,,,9元高中物理李博,9元高中物理李博,启航,代理商,0,wangruixuebj01,2026/7/15,3,11.34,0,0,0,34.89,1890,0,1.85%,0%,-,0,0
9f32382a1b4521f5aa8f970b6dee30c7,-,-,-,-,-,https://tutor-online.oss-cn-beijing.aliyuncs.com/growth/download-material/9f32382a1b4521f5aa8f970b6dee30c7.mp4,妙思自动生成-232-202607100729,-,,,199元高中双科提分课,199元高中双科提分课,荔枝,其他,0,wangjiananbj03,2026/7/10,8,0.41,0,0,0,9.76,0,0,0.00%,0.00%,-,0,0
dedc874dfd971135b45114552cc3e9a0,-,-,-,-,-,https://tutor-online.oss-cn-beijing.aliyuncs.com/growth/download-material/dedc874dfd971135b45114552cc3e9a0.mp4,20260701-猿辅导高中双科-实拍-买物理送数学-不花-张焱-cd金花-ts徐鑫悦-二创-张晓洁ec-1.mp4,-,,,199元高中双科提分课,199元高中双科提分课,荔枝,其他,0,wangjiananbj03,2026/7/7,11,42.02,0,0,0,531.9,4202,0,12.66%,0.00%,-,0,0
f4b17646ee5528e5b5c9c4dabf9a350f,-,-,-,-,-,https://tutor-online.oss-cn-beijing.aliyuncs.com/growth/download-material/f4b17646ee5528e5b5c9c4dabf9a350f.mp4,9元视频10011-1129-十人-李博混剪-1-D-是-jjsx-plpy,-,,,9元高中物理李博,9元高中物理李博,十人,其他,0,wangruixuebj01,2026/3/27,113,7603.69,261,29,0.03,208.63,18104.02,262.2,1.65%,4.82%,-,0.8,621.43
de0165dc0c4269f084a52956348c55d2,-,-,-,-,-,https://tutor-online.oss-cn-beijing.aliyuncs.com/growth/download-material/de0165dc0c4269f084a52956348c55d2.mp4,20260630-猿辅导高中双科-实拍-视频号-IP-李博-你再-张焱-IP-李博--张晓洁yc-1（前贴）,-,,,199元高中双科提分课,199元高中双科提分课,自投放,其他,0,wangjiananbj03,2026/7/15,3,0.16,0,0,0,5,0,0,0.00%,0.00%,-,0,0
42cdab976fb31453a93b8b2f3fd48686,-,-,-,-,-,https://tutor-online.oss-cn-beijing.aliyuncs.com/growth/download-material/42cdab976fb31453a93b8b2f3fd48686.mp4,0703-199双科-申坤-李博-李天-卞俊洁-A2-B4-无-19,-,,,199元高中双科提分课,199元高中双科提分课,申坤,其他,0,wangjiananbj03,2026/7/14,4,0.05,0,0,0,2.78,0,0,0.00%,0.00%,-,0,0
414176a31f26101f22e7d0c1ae915945,-,-,-,-,-,https://img-pub.oss-cn-beijing-internal.aliyuncs.com/19f1c707b828656.mp4,20260629-9物-代理-启航-李博-【b1-p6-j9-30】,-,,,9元高中物理李博,9元高中物理李博,启航,代理商,0,wangruixuebj01,2026/7/10,8,4111.49,198,22,0.05,136.64,7434.88,186.89,2.02%,3.61%,-,0.73,358.05
5c1f77431ab2236586f7350af3b1360d,-,-,-,-,-,https://tutor-online.oss-cn-beijing.aliyuncs.com/growth/download-material/5c1f77431ab2236586f7350af3b1360d.mp4,20260627-猿辅导高中双科-实拍-千川-买物理送数学-199学三年-你确定吗-常文茜-cd琳瑶-岳久鸿-叶俊泽yc-2.mp4,-,,,199元高中双科提分课,199元高中双科提分课,荔枝,其他,0,wangjiananbj03,2026/7/1,17,2.5,0,0,0,500,0,0,0.00%,0.00%,-,0,0
2d97e150d3bfdc4c2c3eede33026c555,-,-,-,-,-,https://tutor-online.oss-cn-beijing.aliyuncs.com/growth/download-material/2d97e150d3bfdc4c2c3eede33026c555.mp4,一键修复_20260701-猿辅导高中双科-实拍-千川-买数送物-199学三年-好意思-常文茜-dr蔡昕-二创-张晓洁ec-5.mp4,-,,,199元高中双科提分课,199元高中双科提分课,荔枝,其他,0,wangjiananbj03,2026/7/7,11,10.9,0,0,0,222.45,0,0,0.00%,0.00%,-,0,0
6ea60f789bc6ee2ae8ec88e0416a6024,-,-,-,-,-,https://tutor-online.oss-cn-beijing.aliyuncs.com/growth/download-material/6ea60f789bc6ee2ae8ec88e0416a6024.mp4,20260630-猿辅导高中双科-实拍-千川-分数痛点-买数学送物理-一起-张焱-bj冷一丁-裂变-张晓洁yc-1.mp4,-,,,199元高中双科提分课,199元高中双科提分课,荔枝,其他,0,wangjiananbj03,2026/7/7,11,7.11,0,0,0,182.31,646.36,0,28.21%,0.00%,-,0,0
b5ef2771cdbd5b54dafd31ba35a3a417,-,-,-,-,-,https://tutor-online.oss-cn-beijing.aliyuncs.com/growth/download-material/b5ef2771cdbd5b54dafd31ba35a3a417.mp4,20260711-猿辅导高中双科-实拍-暑假规划-买数送物-高二+高三-买数送物-请退掉-高二高三-李莹莹-bj李腾飞-叶俊泽ec-二创-19.mp4,-,,,199元高中双科提分课,199元高中双科提分课,荔枝,其他,0,wangjiananbj03,2026/7/16,2,75.29,0,0,0,557.7,6274.17,0,8.89%,0.00%,-,0,0
4de2cfc06a3da4010d0ac5b36508baf3,-,-,-,-,-,https://tutor-online.oss-cn-beijing.aliyuncs.com/growth/download-material/4de2cfc06a3da4010d0ac5b36508baf3.mp4,20260625-猿辅导高中双科-图文混剪--续费-高二-唐欣悦-补量二创-张晓洁ec-1,-,,,199元高中双科提分课,199元高中双科提分课,荔枝,其他,0,wangjiananbj03,2026/6/30,18,0.13,0,0,0,3.82,0,0,0.00%,0.00%,-,0,0
4b002d59d9eb2661f71d55ed8109379b,-,-,-,-,-,https://tutor-online.oss-cn-beijing.aliyuncs.com/growth/download-material/4b002d59d9eb2661f71d55ed8109379b.mp4,一键修复_20260711-猿辅导高中双科-实拍-千川-活动-高三-五科-当然要买-常文茜-cd杨嘉欣-岳久鸿-张雪依yc-2（前贴版）.mp4,-,,,199元高中双科提分课,199元高中双科提分课,荔枝,其他,0,wangjiananbj03,2026/7/17,1,0.95,0,0,0,55.88,0,0,0.00%,0.00%,-,0,0
65ce0dfb7fa571d573a7cfe9ff117ba0,-,-,-,-,-,https://tutor-online.oss-cn-beijing.aliyuncs.com/growth/download-material/65ce0dfb7fa571d573a7cfe9ff117ba0.mp4,20260606-猿辅导高中双科-实拍-活动-买数送物-全年-跟你-618-张焱-cd鲨鱼- 张雪依ec-二创-9.mp4,-,,,199元高中双科提分课,199元高中双科提分课,荔枝,其他,0,wangjiananbj03,2026/6/9,39,8.95,0,0,0,165.74,4475,0,3.70%,0.00%,-,0,0
0ba3b22be5db8de550ec51cc039d77cf,-,-,-,-,-,https://tutor-online.oss-cn-beijing.aliyuncs.com/growth/download-material/0ba3b22be5db8de550ec51cc039d77cf.mp4,20260629-猿辅导高中双科-实拍-千川-活动-买数送物-199学三年-靠谱吗-常文茜-cd康艺凡-岳久鸿-叶俊泽yc-4-前贴.mp4,-,,,199元高中双科提分课,199元高中双科提分课,荔枝,代理商,0,wangjiananbj03,2026/7/3,15,2.54,0,0,0,133.68,1270,0,10.53%,0.00%,-,0,0
520ba62a5e63e835ac5b1af060a4cb6a,-,-,-,-,-,https://tutor-online.oss-cn-beijing.aliyuncs.com/growth/download-material/520ba62a5e63e835ac5b1af060a4cb6a.mp4,一键修复_0317-199物-自产-自产主-李博-曲中雨-浩正-A5-B2-无-23.mp4,-,,,199元高中双科提分课,199元高中双科提分课,荔枝,其他,0,wangjiananbj03,2026/5/29,50,0.06,0,0,0,0,0,0,0.00%,0.00%,-,0,0
d610322565583900e4a40fb692699072,-,-,-,-,-,https://tutor-online.oss-cn-beijing.aliyuncs.com/growth/download-material/d610322565583900e4a40fb692699072.mp4,9元视频989-0526-9物-十人-bmqr-ylb-A2-B4-jjsx-pwjl-3,-,,,9元高中物理李博,9元高中物理李博,十人,其他,0,wangruixuebj01,2026/6/5,43,0.07,0,0,0,2.69,0,0,0.00%,0.00%,-,0,0
56f0d521b3aff89179cec2937cf773bb,-,-,-,-,-,https://tutor-online.oss-cn-beijing.aliyuncs.com/growth/download-material/56f0d521b3aff89179cec2937cf773bb.mp4,一键修复_20260711-猿辅导高中双科-实拍-千川-暑期规划-通用-买数送物-可能吗-常文茜-hd张绍辰--李文静yc-1前贴.mp4,-,,,199元高中双科提分课,199元高中双科提分课,荔枝,其他,0,wangjiananbj03,2026/7/16,2,2.54,0,0,0,101.6,635,0,16.00%,0.00%,-,0,0
2f0e866a54e9b04cd71795f3455aeec2,-,-,-,-,-,https://tutor-online.oss-cn-beijing.aliyuncs.com/growth/download-material/2f0e866a54e9b04cd71795f3455aeec2.mp4,20260707-猿辅导高中双科-实拍-千川-买数送物-专家分享-翻身-高二-张焱-cd康艺凡--岳久鸿yc-1（前贴）.mp4,-,,,199元高中双科提分课,199元高中双科提分课,荔枝,其他,0,wangjiananbj03,2026/7/13,5,13.17,0,0,0,337.69,4390,0,7.69%,0.00%,-,0,0
bca0bf3f349b9ef4b78956858f99d030,-,-,-,-,-,https://img-pub.oss-cn-beijing-internal.aliyuncs.com/19eedd825cb25cd.mp4,0618-9物-代理-十人-李博-jjsx-bmqr-A2-B1-pwjl-pcc-有-AI-3,-,,,9元高中物理李博,9元高中物理李博,十人,代理商,0,wangruixuebj01,2026/6/22,26,714.31,27,3,0.04,86.31,5176.16,238.1,1.85%,1.96%,-,0.36,195.65
cc1eb59e45a4c52f35304e02ef967714,-,-,-,-,-,https://tutor-online.oss-cn-beijing.aliyuncs.com/growth/download-material/cc1eb59e45a4c52f35304e02ef967714.mp4,20260707-猿辅导高中双科-实拍-千川-买数送物-活动-喊醒-李莹莹-bj冷一丁-叶俊泽yc-2,-,,,199元高中双科提分课,199元高中双科提分课,荔枝,其他,0,wangjiananbj03,-,-,15.51,0,0,0,27.07,0,0,0.00%,0.00%,-,0,0
080a71bff97bc5282d5a11af9db6ea03,-,-,-,-,-,https://tutor-online.oss-cn-beijing.aliyuncs.com/growth/download-material/080a71bff97bc5282d5a11af9db6ea03.mp4,0715-199双科-申坤-李博-李天-张佳乐-A1-B4-无-02,-,,,199元高中双科提分课,199元高中双科提分课,申坤,其他,0,wangjiananbj03,2026/7/18,0,0.01,0,0,0,3.33,0,0,0.00%,0.00%,-,0,0
c9a6e4da5c67337c80e64efc0a816d75,-,-,-,-,-,https://tutor-online.oss-cn-beijing.aliyuncs.com/growth/download-material/c9a6e4da5c67337c80e64efc0a816d75.mp4,一键修复_20260630-猿辅导高中双科-实拍-千川-买数送物-活动-不气-张焱-bj冷一丁--张晓洁yc-3.mp4,-,,,199元高中双科提分课,199元高中双科提分课,荔枝,其他,0,wangjiananbj03,2026/7/3,15,1.35,0,0,0,192.86,0,0,0.00%,0.00%,-,0,0
2dcbe2b96170e9cde8f13ddf9d7f1a79,-,-,-,-,-,https://tutor-online.oss-cn-beijing.aliyuncs.com/growth/download-material/2dcbe2b96170e9cde8f13ddf9d7f1a79.mp4,20260604-猿辅导高中数学-实拍-活动-撕开-张焱-bj冷一丁--曾柔雪ec-6-图拼接.mp4,-,,,199元高中双科提分课,199元高中双科提分课,荔枝,其他,0,wangjiananbj03,2026/6/4,44,1.45,0,0,0,48.33,725,0,6.67%,0.00%,-,0,0
66cec5687776eec18a606401883ae020,-,-,-,-,-,https://tutor-online.oss-cn-beijing.aliyuncs.com/growth/download-material/66cec5687776eec18a606401883ae020.mp4,20260716-高中数物（高二升高三）-混剪-图-张凌-5.mp4,-,,,199元高中双科提分课,199元高中双科提分课,荔枝,其他,0,wangjiananbj03,2026/7/16,2,17.63,0,0,0,191.63,1469.17,0,13.04%,0.00%,-,0,0
00d704d6e27de060756755258064159c,-,-,-,-,-,https://tutor-online.oss-cn-beijing.aliyuncs.com/growth/download-material/00d704d6e27de060756755258064159c.mp4,0629-199双科-申坤-李博-李天-卞俊洁-A2-B4-无-09,-,,,199元高中双科提分课,199元高中双科提分课,申坤,其他,0,wangjiananbj03,2026/7/3,15,1.38,0,0,0,28.16,0,0,0.00%,0.00%,-,0,0
d7ae5231a2e1301a218eb36c6d1bd5ae,-,-,-,-,-,https://tutor-online.oss-cn-beijing.aliyuncs.com/growth/download-material/d7ae5231a2e1301a218eb36c6d1bd5ae.mp4,20260626-猿辅导高中双科-实拍-活动-黑板-唐欣悦-cd康艺凡-岳久鸿-李文静ec-视频号二创-10.mp4,-,,,199元高中双科提分课,199元高中双科提分课,荔枝,其他,0,wangjiananbj03,2026/6/30,18,3.13,0,0,0,120.38,782.5,0,15.38%,0.00%,-,0,0
bf13b4196f3453fa9c8667ef9e29bc9b,-,-,-,-,-,https://tutor-online.oss-cn-beijing.aliyuncs.com/growth/download-material/bf13b4196f3453fa9c8667ef9e29bc9b.mp4,一键修复_20260610-猿辅导高中双科-实拍-活动-撕开-张焱-bj冷一丁-修改-张晓洁ec-3.mp4,-,,,199元高中双科提分课,199元高中双科提分课,荔枝,其他,0,wangjiananbj03,2026/6/12,36,11.74,0,0,0,217.41,3913.33,0,5.56%,0.00%,-,0,0
68eef2271afbc5b82f0c6975411dcea6,-,-,-,-,-,https://tutor-online.oss-cn-beijing.aliyuncs.com/growth/download-material/68eef2271afbc5b82f0c6975411dcea6.mp4,20260624-猿辅导高中双科-实拍-买数学送物理-我婆婆-常文茜-dr蔡昕-裂变-张晓洁yc-9,-,,,199元高中双科提分课,199元高中双科提分课,自投放,其他,0,wangjiananbj03,2026/7/17,1,1.48,0,0,0,5.07,0,0,0.00%,0.00%,-,0,0
cca1395b0d590f1cc1426c9b766e31d5,-,-,-,-,-,https://tutor-online.oss-cn-beijing.aliyuncs.com/growth/download-material/cca1395b0d590f1cc1426c9b766e31d5.mp4,20260714-猿辅导高中双科-实拍-千川-专家分享-高二-买数送物--张焱-cd小志-岳久鸿-叶俊泽yc-4.mp4,-,,,199元高中双科提分课,199元高中双科提分课,荔枝,其他,0,wangjiananbj03,2026/7/17,1,1.68,0,0,0,186.67,560,0,33.33%,0.00%,-,0,0
a708c8c37cae83a9d5acdc0f820e94d7,-,-,-,-,-,https://tutor-online.oss-cn-beijing.aliyuncs.com/growth/download-material/a708c8c37cae83a9d5acdc0f820e94d7.mp4,一键修复_0520-199双科-自产-自产二-李博-曲中雨-子衿-A5-B1-有-5.mp4,-,,,199元高中双科提分课,199元高中双科提分课,荔枝,其他,0,wangjiananbj03,2026/6/18,30,5.12,0,0,0,204.8,2560,0,8.00%,0.00%,-,0,0
48085b9df77c955f7b527955c3dd9348,-,-,-,-,-,https://tutor-online.oss-cn-beijing.aliyuncs.com/growth/download-material/48085b9df77c955f7b527955c3dd9348.mp4,一键修复_20260602-猿辅导高中双科-实拍-千川-性价比-买数学送物理-收了-张焱-cd金花-高俊南-张晓洁yc-1.2.mp4,-,,,199元高中双科提分课,199元高中双科提分课,荔枝,其他,0,wangjiananbj03,2026/6/3,45,1.16,0,0,0,105.45,1160,0,9.09%,0.00%,-,0,0
88fca69cdd4850f28213fb8485b76ef8,-,-,-,-,-,https://tutor-online.oss-cn-beijing.aliyuncs.com/growth/download-material/88fca69cdd4850f28213fb8485b76ef8.mp4,20260711-猿辅导高中双科-实拍-千川-活动-通用-买数送物-成过去-李莹莹-dr蔡昕--张雪依yc-3.mp4,-,,,199元高中双科提分课,199元高中双科提分课,荔枝,其他,0,wangjiananbj03,2026/7/16,2,18.45,0,0,0,384.38,3690,0,10.42%,0.00%,-,0,0
a43722b7085fcfb2979e5657a81a215d,-,-,-,-,-,https://tutor-online.oss-cn-beijing.aliyuncs.com/growth/download-material/a43722b7085fcfb2979e5657a81a215d.mp4,0606-199双科-自产-自产主-李博-曲中雨-子衿-A6-B2-ts罗雅雯-二创-张晓洁ec-2.mp4,-,,,199元高中双科提分课,199元高中双科提分课,荔枝,其他,0,wangjiananbj03,2026/6/9,39,0.5,0,0,0,83.33,250,0,33.33%,0.00%,-,0,0
4f15fda299db62a82aa06deb9d40fcdd,-,-,-,-,-,https://tutor-online.oss-cn-beijing.aliyuncs.com/growth/download-material/4f15fda299db62a82aa06deb9d40fcdd.mp4,0710-199双科-申坤-李博-李天-卞俊洁-A1-B2-无-1,-,,,199元高中双科提分课,199元高中双科提分课,申坤,其他,0,wangjiananbj03,2026/7/11,7,76.52,0,0,0,63.34,7652,0,0.99%,0%,-,0,0
5897b70315a5a2cad20911fe74f75791,-,-,-,-,-,https://tutor-online.oss-cn-beijing.aliyuncs.com/growth/download-material/5897b70315a5a2cad20911fe74f75791.mp4,20260709-猿辅导高中双科-实拍-活动-夏他-张焱-bj李赛-高二高三-李文静ec-视频号二创-横屏-3,-,,,199元高中双科提分课,199元高中双科提分课,荔枝,代理商,0,wangjiananbj03,2026/7/9,9,680.21,398,2,0.59,16.91,4278.05,340.11,0.62%,0.81%,-,0.05,2503.14
f6f5dc231cb85ce93cb7cfa9138a880c,-,-,-,-,-,https://tutor-online.oss-cn-beijing.aliyuncs.com/growth/download-material/f6f5dc231cb85ce93cb7cfa9138a880c.mp4,一键修复_20260619-猿辅导高中双科-实拍-千川-活动-买数学送物理-犹豫-张焱-bj于靖-裂变-张晓洁yc-3.mp4,-,,,199元高中双科提分课,199元高中双科提分课,荔枝,其他,0,wangjiananbj03,2026/6/19,29,23.66,0,0,0,1478.75,11830,0,12.50%,0.00%,-,0,0
9915a6e8be1a8125cfff37b103d30b33,-,-,-,-,-,https://tutor-online.oss-cn-beijing.aliyuncs.com/growth/download-material/9915a6e8be1a8125cfff37b103d30b33.mp4,一键修复_20260605-猿辅导高中双科-实拍-IP李博-明天晚了-常文茜-ip李博-叶俊泽ec-4.mp4,-,,,199元高中双科提分课,199元高中双科提分课,荔枝,其他,0,wangjiananbj03,2026/6/16,32,0.93,0,0,0,310,930,0,33.33%,0.00%,-,0,0
89eda7918f422b910433877c2576de8b,-,-,-,-,-,https://tutor-online.oss-cn-beijing.aliyuncs.com/growth/download-material/89eda7918f422b910433877c2576de8b.mp4,9元视频878-0409-9物-十人-bmqr-ylb-A2-B4-jjsx-pwjl-1,-,,,9元高中物理李博,9元高中物理李博,十人,其他,0,wangruixuebj01,2026/5/29,50,1.15,0,0,0,104.55,0,0,0.00%,0.00%,-,0,0
43bfe34e87c50a127fb2155e981cab83,-,-,-,-,-,https://tutor-online.oss-cn-beijing.aliyuncs.com/growth/download-material/43bfe34e87c50a127fb2155e981cab83.mp4,0708-199双科-申坤-李博-李天-卞俊洁-A5-B5-有-高二高三-17,-,,,199元高中双科提分课,199元高中双科提分课,申坤,其他,0,wangjiananbj03,2026/7/9,9,62.43,0,0,0,106.35,12486,0,1.02%,0%,-,0,0
35f2afaca01d5dd3728a41cc326bc5a7,-,-,-,-,-,https://tutor-online.oss-cn-beijing.aliyuncs.com/growth/download-material/35f2afaca01d5dd3728a41cc326bc5a7.mp4,20260610-猿辅导高中双科-实拍-千川-活动-买数学送物理-确实-张焱-bj于靖-二创-张晓洁ec-4,-,,,199元高中双科提分课,199元高中双科提分课,荔枝,代理商,0,wangjiananbj03,2026/6/26,22,61.85,0,0,0,105.01,61850,0,0.17%,0%,-,0,0
cd523d87f23aee5c9b79e243b9a52340,-,-,-,-,-,https://tutor-online.oss-cn-beijing.aliyuncs.com/growth/download-material/cd523d87f23aee5c9b79e243b9a52340.mp4,20260711-猿辅导高中双科-口播-活动-三连学-张焱-bj李栎-二创-叶俊泽ec-ts文丹-11.mp4,-,,,199元高中双科提分课,199元高中双科提分课,荔枝,其他,0,wangjiananbj03,2026/7/16,2,11.09,0,0,0,270.49,11090,0,2.44%,0.00%,-,0,0
505a8f9b3fc0188b4d8e41e6dbb62100,-,-,-,-,-,https://tutor-online.oss-cn-beijing.aliyuncs.com/growth/download-material/505a8f9b3fc0188b4d8e41e6dbb62100.mp4,20260626-猿辅导高中双科-实拍-活动-放心-张焱-bj刘能能-裂变-张晓洁yc-3.mp4,-,,,199元高中双科提分课,199元高中双科提分课,荔枝,代理商,0,wangjiananbj03,2026/6/26,22,146.23,0,0,0,93.56,5415.93,0,1.73%,0.00%,-,0,0
102e83d6093a41dbc4f1bfa44fdbe3de,-,-,-,-,-,https://img-pub.oss-cn-beijing-internal.aliyuncs.com/19f5ae3b7004220.mp4,20260709-9物-代理-启航-李博-【b1-p6-a3-82-0709】-A5-B5-有-2,-,,,9元高中物理李博,9元高中物理李博,启航,代理商,0,wangruixuebj01,2026/7/15,3,85.28,0,0,0,56.48,2304.86,0,2.45%,0%,-,0,0
01e2d76b6dbdbad9d0411e7eb51cfad9,-,-,-,-,-,https://tutor-online.oss-cn-beijing.aliyuncs.com/growth/download-material/01e2d76b6dbdbad9d0411e7eb51cfad9.mp4,一键修复_20260707-猿辅导高中双科-实拍-6天提分-199学全年-通用-买数送物-不可能-唐欣悦-bj杨子玄-李文静yc-2-前贴2.mp4,-,,,199元高中双科提分课,199元高中双科提分课,荔枝,其他,0,wangjiananbj03,2026/7/11,7,15.96,0,0,0,107.84,3192,0,3.38%,0.00%,-,0,0
ceebc557c80884bb46b76570ce2148bd,-,-,-,-,-,https://tutor-online.oss-cn-beijing.aliyuncs.com/growth/download-material/ceebc557c80884bb46b76570ce2148bd.mp4,20260630-猿辅导高中双科-实拍-视频号-IP-李博-你再-张焱-IP-李博--张晓洁yc-1,-,,,199元高中双科提分课,199元高中双科提分课,荔枝,代理商,0,wangjiananbj03,2026/7/15,3,5.78,0,0,0,28.47,2890,0,1.48%,0%,-,0,0
2d09faf2e4f33d80a19ec51405084cb7,-,-,-,-,-,https://tutor-online.oss-cn-beijing.aliyuncs.com/growth/download-material/2d09faf2e4f33d80a19ec51405084cb7.mp4,20260626-猿辅导高中双科-实拍-活动-他们夏能-张焱-bj刘能能-张晓洁yc-1.1.mp4,-,,,199元高中双科提分课,199元高中双科提分课,荔枝,其他,0,wangjiananbj03,2026/7/9,9,6.04,0,0,0,232.31,1510,0,15.38%,0.00%,-,0,0
21a6e5e3550b81226219a104779482d6,-,-,-,-,-,https://tutor-online.oss-cn-beijing.aliyuncs.com/growth/download-material/21a6e5e3550b81226219a104779482d6.mp4,20260715-猿辅导高中数物（高二升高三）-混剪-图-程序-3.mp4,-,,,199元高中双科提分课,199元高中双科提分课,荔枝,其他,0,wangjiananbj03,2026/7/17,1,10.59,0,0,0,588.33,2118,0,27.78%,0.00%,-,0,0
c78145b835b834baeeaa928f647a1781,-,-,-,-,-,https://tutor-online.oss-cn-beijing.aliyuncs.com/growth/download-material/c78145b835b834baeeaa928f647a1781.mp4,20260711-猿辅导高中双科-实拍-千川-活动-高二-五科-售卖-张焱-bj李栎--李文静ec-二创-4.mp4,-,,,199元高中双科提分课,199元高中双科提分课,荔枝,其他,0,wangjiananbj03,2026/7/13,5,7.67,0,0,0,139.45,1917.5,0,7.27%,0.00%,-,0,0
b302298888bcbe9a72cd5798c2f9089c,-,-,-,-,-,https://tutor-online.oss-cn-beijing.aliyuncs.com/growth/download-material/b302298888bcbe9a72cd5798c2f9089c.mp4,20260629-猿辅导高中双科-实拍-千川-活动-199学三年-不屑一顾-唐欣悦-cd康艺凡-岳久鸿-叶俊泽yc-3,-,,,199元高中双科提分课,199元高中双科提分课,荔枝,其他,0,wangjiananbj03,2026/7/7,11,0.46,0,0,0,18.4,0,0,0.00%,0.00%,-,0,0
8bea83eab640cee01400a29fcbb3396c,-,-,-,-,-,https://tutor-online.oss-cn-beijing.aliyuncs.com/growth/download-material/8bea83eab640cee01400a29fcbb3396c.mp4,20260711-猿辅导高中双科-实拍-千川-买数送物-活动-好坏消息-李莹莹-dr小五老师-叶俊泽 ec-二创-12.mp4,-,,,199元高中双科提分课,199元高中双科提分课,荔枝,其他,0,wangjiananbj03,2026/7/16,2,41.81,0,0,0,316.74,3216.15,0,9.85%,0.00%,-,0,0
d86b299aea82ef7d77c1929a571589e8,-,-,-,-,-,https://tutor-online.oss-cn-beijing.aliyuncs.com/growth/download-material/d86b299aea82ef7d77c1929a571589e8.mp4,0703-199双科-申坤-李博-李天-卞俊洁-A2-B4-无-15,-,,,199元高中双科提分课,199元高中双科提分课,申坤,其他,0,wangjiananbj03,2026/7/5,13,36894.31,14328,72,0.39,132.27,25115.26,512.42,0.86%,3.02%,-,0.26,9753.57
01477130b690276664ec380411f6b79d,-,-,-,-,-,https://tutor-online.oss-cn-beijing.aliyuncs.com/growth/download-material/01477130b690276664ec380411f6b79d.mp4,0703-199双科-申坤-李博-李天-卞俊洁-A2-B4-无-23,-,,,199元高中双科提分课,199元高中双科提分课,申坤,其他,0,wangjiananbj03,2026/7/14,4,32.64,0,0,0,136,0,0,1.25%,0%,-,0,0
ff1c645661a612b2f00f69bbe9993d70,-,-,-,-,-,https://tutor-online.oss-cn-beijing.aliyuncs.com/growth/download-material/ff1c645661a612b2f00f69bbe9993d70.mp4,20260630-猿辅导高中双科-实拍-千川-活动-再加-张焱-bj冷一丁-袁北辰ec-二创-4.mp4,-,,,199元高中双科提分课,199元高中双科提分课,荔枝,其他,0,wangjiananbj03,2026/6/30,18,2.97,0,0,0,185.63,2970,0,6.25%,0.00%,-,0,0
dc6cc5fc9b5ada206e9dcf7b2a99461a,-,-,-,-,-,https://tutor-online.oss-cn-beijing.aliyuncs.com/growth/download-material/dc6cc5fc9b5ada206e9dcf7b2a99461a.mp4,20260604-猿辅导高中双科-实拍-买物理送数学-不花-张焱-cd金花-叶俊泽ec-视频号二创-6-五科.mp4,-,,,199元高中双科提分课,199元高中双科提分课,荔枝,代理商,0,wangjiananbj03,2026/6/5,43,11.14,0,0,0,123.78,2228,0,5.56%,0.00%,-,0,0
f9b92621c8198baa6bd67e4a0a91a659,-,-,-,-,-,https://tutor-online.oss-cn-beijing.aliyuncs.com/growth/download-material/f9b92621c8198baa6bd67e4a0a91a659.mp4,20260620-猿辅导高中双科-实拍-千川-焦虑-ts罗雅雯-张焱-bj李赛-二创-张晓洁ec-4,-,,,199元高中双科提分课,199元高中双科提分课,荔枝,其他,0,wangjiananbj03,2026/7/11,7,713.12,0,0,0,81.55,23770.67,0,0.54%,0%,-,0,0
62d9b4ee38f647c387bbaaf3f711f48d,-,-,-,-,-,https://tutor-online.oss-cn-beijing.aliyuncs.com/growth/download-material/62d9b4ee38f647c387bbaaf3f711f48d.mp4,20260708-猿辅导高中双科-实拍-6天提分-买数送物-通用-买数送物-小儿科-李莹莹-cd雪儿-岳久鸿-叶俊泽yc-6,-,,,199元高中双科提分课,199元高中双科提分课,荔枝,其他,0,wangjiananbj03,2026/7/17,1,1.6,0,0,0,32,0,0,0.00%,0.00%,-,0,0
3198bab2da61f2101d986b3e1639964e,-,-,-,-,-,https://tutor-online.oss-cn-beijing.aliyuncs.com/growth/download-material/3198bab2da61f2101d986b3e1639964e.mp4,0703-199双科-申坤-王晶-李天-卞俊洁-A3-B4-有-24,-,,,199元高中双科提分课,199元高中双科提分课,申坤,其他,0,wangjiananbj03,2026/7/10,8,2.61,0,0,0,31.83,0,0,0.00%,0.00%,-,0,0
3b42c8418af823ba8b3367d6139a6745,-,-,-,-,-,https://tutor-online.oss-cn-beijing.aliyuncs.com/growth/download-material/3b42c8418af823ba8b3367d6139a6745.mp4,20260701-猿辅导高中双科-实拍-千川-活动-买数学送物理-再加-张焱-bj冷一丁-袁北辰ec-二创-1.mp4,-,,,199元高中双科提分课,199元高中双科提分课,荔枝,其他,0,wangjiananbj03,2026/7/9,9,10.02,0,0,0,222.67,0,0,0.00%,0.00%,-,0,0
390b4dc667759682b0f4c0b7d346e434,-,-,-,-,-,https://tutor-online.oss-cn-beijing.aliyuncs.com/growth/download-material/390b4dc667759682b0f4c0b7d346e434.mp4,0716-199双科-申坤-李博-李天-张佳乐-A7-B5-有-07,-,,,199元高中双科提分课,199元高中双科提分课,申坤,其他,0,wangjiananbj03,2026/7/17,1,0.31,0,0,0,77.5,0,0,0.00%,0.00%,-,0,0
be2dd1cf01fee0139d7b7435de815f18,-,-,-,-,-,https://tutor-online.oss-cn-beijing.aliyuncs.com/growth/download-material/be2dd1cf01fee0139d7b7435de815f18.mp4,0630-199双科-申坤-李博-李天-卞俊洁-A2-B4-无-15,-,,,199元高中双科提分课,199元高中双科提分课,申坤,其他,0,wangjiananbj03,2026/7/6,12,6.98,0,0,0,68.43,0,0,0.98%,0%,-,0,0
cd168bf3237a8cd2a2192fec923b543b,-,-,-,-,-,https://tutor-online.oss-cn-beijing.aliyuncs.com/growth/download-material/cd168bf3237a8cd2a2192fec923b543b.mp4,0708-199双科-申坤-李博-李天-卞俊洁-A2-B4-无-高二高三-1,-,,,199元高中双科提分课,199元高中双科提分课,申坤,代理商,0,wangjiananbj03,2026/7/9,9,0.05,0,0,0,8.33,0,0,0.00%,0.00%,-,0,0
2bbbd4d711dc8f15874662756fc8ce3d,-,-,-,-,-,https://tutor-online.oss-cn-beijing.aliyuncs.com/growth/download-material/2bbbd4d711dc8f15874662756fc8ce3d.mp4,20260610-猿辅导高中双科-实拍-千川-活动-五科-199学三年-不要-唐欣悦-岳久鸿-cd小丹-叶俊泽yc-2-前贴1.mp4,-,,,199元高中双科提分课,199元高中双科提分课,荔枝,代理商,0,wangjiananbj03,2026/6/18,30,0.14,0,0,0,46.67,0,0,0.00%,0.00%,-,0,0
d951fd1d025c1f24219db77a482d0b29,-,-,-,-,-,https://tutor-online.oss-cn-beijing.aliyuncs.com/growth/download-material/d951fd1d025c1f24219db77a482d0b29.mp4,0717-199双科-申坤-李博-李天-卞俊洁-A1-B4-无-1,-,,,199元高中双科提分课,199元高中双科提分课,申坤,代理商,0,wangjiananbj03,2026/7/18,0,0.03,0,0,0,2.31,0,0,0.00%,0.00%,-,0,0
4938161aa702b85b9f95c80495ffa022,-,-,-,-,-,https://tutor-online.oss-cn-beijing.aliyuncs.com/growth/download-material/4938161aa702b85b9f95c80495ffa022.mp4,0717-199双科-申坤-李博-李天-张佳乐-A1-B4-无-5,-,,,199元高中双科提分课,199元高中双科提分课,申坤,代理商,0,wangjiananbj03,2026/7/18,0,0.04,0,0,0,40,0,0,0.00%,0.00%,-,0,0
7b9663df1d2326c3e4aceada1686d2d6,-,-,-,-,-,https://img-pub.oss-cn-beijing-internal.aliyuncs.com/19f1c70e27191fb.mp4,20260629-9物-代理-启航-李博-【b1-p6-j9-33】-往下没搭建呢,-,,,9元高中物理李博,9元高中物理李博,启航,代理商,0,wangruixuebj01,2026/7/10,8,473.01,9,1,0.02,103.5,7754.26,473.01,1.62%,1.35%,-,0.22,147.54
b2779ad3394e216fd29c31eccfea9d23,-,-,-,-,-,https://tutor-online.oss-cn-beijing.aliyuncs.com/growth/download-material/b2779ad3394e216fd29c31eccfea9d23.mp4,0616-9物-代理-十人-李博-jzzy-bmqr-A2-B2-pwjl-有-4-受益人,-,,,9元高中物理李博,9元高中物理李博,十人,代理商,0,wangruixuebj01,2026/6/17,31,0.3,0,0,0,6.82,0,0,0.00%,0.00%,-,0,0
27b54cd30cfdb6c9a596740845903eec,-,-,-,-,-,https://tutor-online.oss-cn-beijing.aliyuncs.com/growth/download-material/27b54cd30cfdb6c9a596740845903eec.mp4,20200627-0606-199双科-自产-自产主-李博-曲中雨-子衿-A6-B2-ts张琴-二创-叶俊泽ec-20.mp4,-,,,199元高中双科提分课,199元高中双科提分课,荔枝,其他,0,wangjiananbj03,2026/6/30,18,6.39,0,0,0,112.11,2130,0,5.26%,0.00%,-,0,0
47ee13a73665b5db088560995a23b0b7,-,-,-,-,-,https://tutor-online.oss-cn-beijing.aliyuncs.com/growth/download-material/47ee13a73665b5db088560995a23b0b7.mp4,一键修复_20260629-猿辅导高中双科-实拍-千川-线下班对比-199学三年-答应我-高二-唐欣悦-bj赵阳--叶俊泽yc-2-前贴.mp4,-,,,199元高中双科提分课,199元高中双科提分课,荔枝,其他,0,wangjiananbj03,2026/7/3,15,5.27,0,0,0,146.39,2635,0,5.56%,0.00%,-,0,0
f3a4c151b49e12188674e93cae8a933a,-,-,-,-,-,https://tutor-online.oss-cn-beijing.aliyuncs.com/growth/download-material/f3a4c151b49e12188674e93cae8a933a.mp4,20260630-猿辅导高中双科-实拍-千川-活动-199学三年-买数送物-割韭菜-唐欣悦-bj庄紫薇--李文静yc-3-前贴,-,,,199元高中双科提分课,199元高中双科提分课,自投放,其他,0,wangjiananbj03,2026/7/10,8,162.71,0,0,0,120.7,32542,0,0.67%,0%,-,0,0
f41e5bf6abcd9824aba187e717574fac,-,-,-,-,-,https://tutor-online.oss-cn-beijing.aliyuncs.com/growth/download-material/f41e5bf6abcd9824aba187e717574fac.mp4,0703-199双科-申坤-王晶-李天-卞俊洁-A3-B4-有-21,-,,,199元高中双科提分课,199元高中双科提分课,申坤,其他,0,wangjiananbj03,2026/7/5,13,90.11,0,0,0,92.61,45055,0,0.41%,0%,-,0,0
710e513d62528cc1bce3a852b8434cec,-,-,-,-,-,https://tutor-online.oss-cn-beijing.aliyuncs.com/growth/download-material/710e513d62528cc1bce3a852b8434cec.mp4,0605-9物-十人-bwxy-ylb-A2-B4-jclb-pcc-2,-,,,9元高中物理李博,9元高中物理李博,十人,代理商,0,wangruixuebj01,2026/6/14,34,431.02,18,2,0.04,96.04,12677.06,215.51,1.07%,4.17%,-,0.45,529.41
42d04b7a21b4a31eb436c56ca99f7cd7,-,-,-,-,-,https://tutor-online.oss-cn-beijing.aliyuncs.com/growth/download-material/42d04b7a21b4a31eb436c56ca99f7cd7.mp4,20260609-9物-代理-启航-李博-【b1-p6-a1-9】-A5-B5-有-2,-,,,9元高中物理李博,9元高中物理李博,启航,其他,0,wangruixuebj01,2026/6/11,37,4709.17,198,22,0.04,197.78,10654.23,214.05,2.02%,4.58%,-,0.92,447.96
26ae5d7430378ee616ee191370ce8e4c,-,-,-,-,-,https://tutor-online.oss-cn-beijing.aliyuncs.com/growth/download-material/26ae5d7430378ee616ee191370ce8e4c.mp4,0717-199双科-申坤-李博-李天-张佳乐-A6-B5-有-13,-,,,199元高中双科提分课,199元高中双科提分课,申坤,其他,0,wangjiananbj03,2026/7/18,0,0.17,0,0,0,8.5,0,0,0.00%,0.00%,-,0,0
1aa1977a3d2a2f95affdaee542193038,-,-,-,-,-,https://tutor-online.oss-cn-beijing.aliyuncs.com/growth/download-material/1aa1977a3d2a2f95affdaee542193038.mp4,20260707-猿辅导高中双科-实拍-千川-买物送数-专家分享-跟你学-高二高三-李莹莹-b宋钦冲-叶俊泽yc-1-前贴.mp4,-,,,199元高中双科提分课,199元高中双科提分课,荔枝,其他,0,wangjiananbj03,2026/7/10,8,4.78,0,0,0,149.38,956,0,15.63%,0.00%,-,0,0
e7d4a949d8e839e60e976a3558377272,-,-,-,-,-,https://tutor-online.oss-cn-beijing.aliyuncs.com/growth/download-material/e7d4a949d8e839e60e976a3558377272.mp4,20260630-猿辅导高中双科-实拍-千川-活动-199学三年-买数送物-割韭菜-唐欣悦-bj庄紫薇--李文静yc-3-前贴.mp4,-,,,199元高中双科提分课,199元高中双科提分课,荔枝,其他,0,wangjiananbj03,2026/7/3,15,85.97,0,0,0,58.32,5057.06,0,1.15%,0.00%,-,0,0
b5f8986938839cabd4ff6e1e58956cea,-,-,-,-,-,https://tutor-online.oss-cn-beijing.aliyuncs.com/growth/download-material/b5f8986938839cabd4ff6e1e58956cea.mp4,20260605-猿辅导高中双科-实拍-IP李博-明天晚了-常文茜-ip李博-叶俊泽ec-4-前贴.mp4,-,,,199元高中双科提分课,199元高中双科提分课,荔枝,其他,0,wangjiananbj03,2026/6/16,32,2.65,0,0,0,189.29,530,0,35.71%,0.00%,-,0,0
5f9ecfee84ad8ae3ab9483f3575debd9,-,-,-,-,-,https://tutor-online.oss-cn-beijing.aliyuncs.com/growth/download-material/5f9ecfee84ad8ae3ab9483f3575debd9.mp4,20260711-猿辅导高中双科-实拍-视频号-专家分享-买数送物-高二-买数送物-遇到-张焱-cd张璐-高俊南-李文静ec-二创-2,-,,,199元高中双科提分课,199元高中双科提分课,荔枝,其他,0,wangjiananbj03,-,-,0.8,0,0,0,7.41,800,0,0.93%,0%,-,0,0
0de4d4e789a7407fc640e59d2a03e988,-,-,-,-,-,https://tutor-online.oss-cn-beijing.aliyuncs.com/growth/download-material/0de4d4e789a7407fc640e59d2a03e988.mp4,20260714-9物-代理-启航-李博-【b1-p6-j8-57】-A3-B2-有-18,-,,,9元高中物理李博,9元高中物理李博,启航,代理商,0,wangruixuebj01,2026/7/17,1,92.31,0,0,0,28.35,1465.24,0,2.06%,0%,-,0,0
1d7ef94e97d0dfc822299721a6496db3,-,-,-,-,-,https://tutor-online.oss-cn-beijing.aliyuncs.com/growth/download-material/1d7ef94e97d0dfc822299721a6496db3.mp4,一键修复_20260630-猿辅导高中双科-实拍-视频号-IP-李博-你再-张焱-IP-李博--张晓洁yc-1.mp4,-,,,199元高中双科提分课,199元高中双科提分课,荔枝,其他,0,wangjiananbj03,2026/7/5,13,2.65,0,0,0,71.62,883.33,0,8.11%,0.00%,-,0,0
468437ae9d674ec707308430e63a5f9a,-,-,-,-,-,https://tutor-online.oss-cn-beijing.aliyuncs.com/growth/download-material/468437ae9d674ec707308430e63a5f9a.mp4,yfdwl1226m1-4浩4-昕-龙-郝-去年级,-,,,9元高中物理李博,9元高中物理李博,玄武,代理商,0,wangruixuebj01,2026/7/16,2,7.04,0,0,0,31.29,2346.67,0,1.78%,0%,-,0,0
513c258dfc9bef513b34ee59b2657158,-,-,-,-,-,https://img-pub.oss-cn-beijing-internal.aliyuncs.com/19f12793babe5b4.mp4,9元视频1158-0624-9物-代理-十人-李博-jzzy-bmqr-A2-B2-pcc-有-3-种草,-,,,9元高中物理李博,9元高中物理李博,十人,代理商,0,wangruixuebj01,2026/7/11,7,0.42,0,0,0,4.33,0,0,0.00%,0.00%,-,0,0
5ac6f3f2e3d04e1cf50780dd4d5f0c2c,-,-,-,-,-,https://tutor-online.oss-cn-beijing.aliyuncs.com/growth/download-material/5ac6f3f2e3d04e1cf50780dd4d5f0c2c.mp4,20260702-猿辅导高中双科-实拍-千川-性价比-买数送物-199学三年-不贵-唐欣悦-张焱-bj冷一丁-李文静yc-裂变2.mp4,-,,,199元高中双科提分课,199元高中双科提分课,荔枝,其他,0,wangjiananbj03,2026/7/2,16,128.8,0,0,0,237.64,7576.47,0,3.14%,0.00%,-,0,0
0ea87e5400e1fe8e98915fd48d9eea16,-,-,-,-,-,https://tutor-online.oss-cn-beijing.aliyuncs.com/growth/download-material/0ea87e5400e1fe8e98915fd48d9eea16.mp4,0708-199双科-申坤-李博-李天-卞俊洁-A1-B4-无-高二高三-6,-,,,199元高中双科提分课,199元高中双科提分课,申坤,其他,0,wangjiananbj03,2026/7/10,8,11.68,0,0,0,13.47,3893.33,0,0.69%,0%,-,0,0
a13d65ec2c94bd9194afacb8b73e6edd,-,-,-,-,-,https://tutor-online.oss-cn-beijing.aliyuncs.com/growth/download-material/a13d65ec2c94bd9194afacb8b73e6edd.mp4,20260714-猿辅导高中双科-实拍-千川-暑期预习-通用-买数送物-白干-李莹莹-bj冷一丁--李文静yc-1.mp4,-,,,199元高中双科提分课,199元高中双科提分课,荔枝,其他,0,wangjiananbj03,2026/7/17,1,11.62,0,0,0,464.8,11620,0,4.00%,0.00%,-,0,0
ef615b11c216f54f0805743d0d3a1b5f,-,-,-,-,-,https://tutor-online.oss-cn-beijing.aliyuncs.com/growth/download-material/ef615b11c216f54f0805743d0d3a1b5f.mp4,0703-199双科-申坤-李博-李天-姚恒-A7-B4-有-02,-,,,199元高中双科提分课,199元高中双科提分课,申坤,其他,0,wangjiananbj03,2026/7/7,11,1.7,0,0,0,7.36,0,0,0.43%,0%,-,0,0
99a7e46629a4752e899ba6ca2811d388,-,-,-,-,-,https://tutor-online.oss-cn-beijing.aliyuncs.com/growth/download-material/99a7e46629a4752e899ba6ca2811d388.mp4,20260701-猿辅导高中双科-实拍-千川-买数送物-专家分享-救不-高二-张焱-tj陈璇-叶俊泽yc-6-前贴,-,,,199元高中双科提分课,199元高中双科提分课,自投放,代理商,0,wangjiananbj03,2026/7/15,3,0.63,0,0,0,7.97,0,0,0.00%,0.00%,-,0,0
4e11640e128be29faa9948443fc6b650,-,-,-,-,-,https://tutor-online.oss-cn-beijing.aliyuncs.com/growth/download-material/4e11640e128be29faa9948443fc6b650.mp4,20260713-猿辅导高中双科-实拍-活动-通用-五科-不是冷-张焱-bj冷一丁--张晓洁yc-1.2.mp4,-,,,199元高中双科提分课,199元高中双科提分课,荔枝,其他,0,wangjiananbj03,2026/7/17,1,3.25,0,0,0,325,1083.33,0,30.00%,0.00%,-,0,0
c51823731fbfa8feab67713fbb66ab27,-,-,-,-,-,https://tutor-online.oss-cn-beijing.aliyuncs.com/growth/download-material/c51823731fbfa8feab67713fbb66ab27.mp4,20260711-猿辅导高中双科-实拍-视频号-IP-李博-你再-张焱-IP-李博--李文静ec-二创-8,-,,,199元高中双科提分课,199元高中双科提分课,自投放,其他,0,wangjiananbj03,2026/7/14,4,225.22,0,0,0,62.22,11853.68,0,0.86%,0%,-,0,0
7619ff15919fac9042e6cc39f5c114d7,-,-,-,-,-,https://tutor-online.oss-cn-beijing.aliyuncs.com/growth/download-material/7619ff15919fac9042e6cc39f5c114d7.mp4,0630-199双科-申坤-李博-李天-卞俊洁-A2-B4-无-17,-,,,199元高中双科提分课,199元高中双科提分课,申坤,其他,0,wangjiananbj03,2026/7/10,8,2024.63,398,2,0.2,208.83,41318.98,1012.32,0.71%,2.90%,-,0.21,8122.45
a3a8c8c1b6c222c1ccebf0af72956ebf,-,-,-,-,-,https://tutor-online.oss-cn-beijing.aliyuncs.com/growth/download-material/a3a8c8c1b6c222c1ccebf0af72956ebf.mp4,0708-199双科-申坤-李博-李天-卞俊洁-A2-B4-无-6,-,,,199元高中双科提分课,199元高中双科提分课,申坤,其他,0,wangjiananbj03,2026/7/10,8,3.53,0,0,0,18.78,0,0,0.00%,0.00%,-,0,0
35f121fc7ee9220ac7afde05c8b96e18,-,-,-,-,-,https://tutor-online.oss-cn-beijing.aliyuncs.com/growth/download-material/35f121fc7ee9220ac7afde05c8b96e18.mp4,20260624-9物-代理-启航-李博-【b1-p6-j9-23】,-,,,9元高中物理李博,9元高中物理李博,启航,代理商,0,wangruixuebj01,2026/6/27,21,29.22,0,0,0,121.75,3246.67,0,4.58%,0%,-,0,0
d77418f551c6035935959020a364bfcc,-,-,-,-,-,https://tutor-online.oss-cn-beijing.aliyuncs.com/growth/download-material/d77418f551c6035935959020a364bfcc.mp4,20260715-猿辅导高中数物-混剪-图-程序-8.mp4,-,,,199元高中双科提分课,199元高中双科提分课,荔枝,其他,0,wangjiananbj03,2026/7/17,1,0.33,0,0,0,27.5,165,0,16.67%,0.00%,-,0,0
ce6423f355ef4e33971b7181c5722d59,-,-,-,-,-,https://tutor-online.oss-cn-beijing.aliyuncs.com/growth/download-material/ce6423f355ef4e33971b7181c5722d59.mp4,20260703-猿辅导高中双科-实拍-千川-方式方法-买物送数-疯了疯了-常文茜-cd康艺凡-岳久鸿-叶俊泽yc-2-前贴,-,,,199元高中双科提分课,199元高中双科提分课,荔枝,其他,0,wangjiananbj03,2026/7/10,8,45.05,0,0,0,75.59,22525,0,0.34%,0%,-,0,0
ce5683ff05ceeb2fc25c53d9208f787f,-,-,-,-,-,https://tutor-online.oss-cn-beijing.aliyuncs.com/growth/download-material/ce5683ff05ceeb2fc25c53d9208f787f.mp4,20260717-猿辅导高中双科-实拍-活动-199学五科-高二-五科-买它-高二-唐欣悦-bj于靖-裂变-张晓洁yc-5.mp4,-,,,199元高中双科提分课,199元高中双科提分课,荔枝,其他,0,wangjiananbj03,2026/7/17,1,3.29,0,0,0,173.16,1645,0,10.53%,0.00%,-,0,0
e4086a1e812c0eebac10b653a6f90e38,-,-,-,-,-,https://tutor-online.oss-cn-beijing.aliyuncs.com/growth/download-material/e4086a1e812c0eebac10b653a6f90e38.mp4,20260711-猿辅导高中双科-实拍-千川-活动-买数送物-我忍-张焱-bj于静-高三-李文静ec-二创-9,-,,,199元高中双科提分课,199元高中双科提分课,荔枝,其他,0,wangjiananbj03,2026/7/17,1,2112.81,1194,6,0.57,80.41,19383.58,352.14,0.61%,3.77%,-,0.23,10954.13
6e9b22719038d2781149746884435bc5,-,-,-,-,-,https://tutor-online.oss-cn-beijing.aliyuncs.com/growth/download-material/6e9b22719038d2781149746884435bc5.mp4,20260708-猿辅导高中双科-实拍-视频号-专家分享-买数送物-高二-买数送物-遇到-张焱-cd张璐-高俊南-张晓洁yc-4（前贴）.mp4,-,,,199元高中双科提分课,199元高中双科提分课,荔枝,其他,0,wangjiananbj03,2026/7/13,5,12.06,0,0,0,73.99,1206,0,6.13%,0.00%,-,0,0
89da9b52b73902ddbfb8820c827262e6,-,-,-,-,-,https://tutor-online.oss-cn-beijing.aliyuncs.com/growth/download-material/89da9b52b73902ddbfb8820c827262e6.mp4,0715-199双科-申坤-李博-李天-卞俊洁-A1-B4-无-02,-,,,199元高中双科提分课,199元高中双科提分课,申坤,其他,0,wangjiananbj03,2026/7/18,0,0.6,0,0,0,17.65,0,0,0.00%,0.00%,-,0,0
78769ad09fa36f33c3022e0daa8c44c9,-,-,-,-,-,https://tutor-online.oss-cn-beijing.aliyuncs.com/growth/download-material/78769ad09fa36f33c3022e0daa8c44c9.mp4,9元视频891-0414-9物-十人-bwxy-ylb-A2-B4-jzzy-pwjl-4,-,,,9元高中物理李博,9元高中物理李博,十人,其他,0,wangruixuebj01,2026/4/17,92,6.09,0,0,0,84.58,0,0,0.00%,0.00%,-,0,0
efcf9934cd303fce181157e19f0fd485,-,-,-,-,-,https://tutor-online.oss-cn-beijing.aliyuncs.com/growth/download-material/efcf9934cd303fce181157e19f0fd485.mp4,0710-199双科-申坤-李博-李天-卞俊洁-A1-B4-无-高二高三-08,-,,,199元高中双科提分课,199元高中双科提分课,申坤,其他,0,wangjiananbj03,2026/7/14,4,6.63,0,0,0,37.25,3315,0,1.12%,0%,-,0,0
c0d7fa25a850331779d07291f60a6728,-,-,-,-,-,https://tutor-online.oss-cn-beijing.aliyuncs.com/growth/download-material/c0d7fa25a850331779d07291f60a6728.mp4,yfdwl1226m1-4浩4-昕-龙-郝,-,,,9元高中物理李博,9元高中物理李博-实物,玄武,代理商,0,wangruixuebj01,2026/3/3,137,11450.5,396,44,0.03,128.61,14512.67,260.24,1.22%,4.05%,-,0.49,501.9
bd478c8efd670675df26fee199e4d9dd,-,-,-,-,-,https://tutor-online.oss-cn-beijing.aliyuncs.com/growth/download-material/bd478c8efd670675df26fee199e4d9dd.mp4,视频-1080_1920-1-1780640615,-,,,9元高中物理李博,9元高中物理李博,十人,代理商,0,wangruixuebj01,2026/6/9,39,19.36,0,0,0,82.74,9680,0,0.43%,0%,-,0,0
9cb68748303635c0391f21f09b7ae153,-,-,-,-,-,https://tutor-online.oss-cn-beijing.aliyuncs.com/growth/download-material/9cb68748303635c0391f21f09b7ae153.mp4,视频-720_1280-1-1781086566,-,,,9元高中物理李博,9元高中物理李博,十人,代理商,0,wangruixuebj01,2026/6/11,37,1687.97,90,10,0.05,160.79,11032.48,168.8,1.63%,5.85%,-,0.95,588.24
911fd756ddea3b7c092dad59ff7dc908,-,-,-,-,-,https://tutor-online.oss-cn-beijing.aliyuncs.com/growth/download-material/911fd756ddea3b7c092dad59ff7dc908.mp4,20260711-猿辅导高中双科-实拍-视频号-暑假预习-高二-买物送数-比不过-唐欣悦-bj高攀-岳久鸿yc-2（前贴）.mp4,-,,,199元高中双科提分课,199元高中双科提分课,荔枝,其他,0,wangjiananbj03,2026/7/16,2,1.81,0,0,0,86.19,1810,0,4.76%,0.00%,-,0,0
b148a2099db6bed5d7d4de628d017451,-,-,-,-,-,https://tutor-online.oss-cn-beijing.aliyuncs.com/growth/download-material/b148a2099db6bed5d7d4de628d017451.mp4,一键修复_20260630-猿辅导高中双科-实拍-千川-暑期规划-199学全年-就敢-高二-唐欣悦-bj冷一丁--张晓洁yc-2（前贴改）.mp4,-,,,199元高中双科提分课,199元高中双科提分课,荔枝,其他,0,wangjiananbj03,2026/7/9,9,33.06,0,0,0,1224.44,8265,0,14.81%,0.00%,-,0,0
d8484fc2b7a223534b51e2147cfa3835,-,-,-,-,-,https://tutor-online.oss-cn-beijing.aliyuncs.com/growth/download-material/d8484fc2b7a223534b51e2147cfa3835.mp4,20260606-猿辅导高中双科-实拍-塑品-买数送物-全年-舍得-张焱-bj李栎-张雪依ec-二创-6-五科,-,,,199元高中双科提分课,199元高中双科提分课,荔枝,其他,0,wangjiananbj03,2026/6/23,25,6.8,0,0,0,75.56,6800,0,1.11%,0%,-,0,0
0f86e171f4aff23ed316e82284ae11bc,-,-,-,-,-,https://tutor-online.oss-cn-beijing.aliyuncs.com/growth/download-material/0f86e171f4aff23ed316e82284ae11bc.mp4,20260713-猿辅导高中双科-实拍-视频号-6天训练营-高三-买物送数-可不是-常文茜-bj冷一丁-叶俊泽yc-4改.mp4,-,,,199元高中双科提分课,199元高中双科提分课,荔枝,其他,0,wangjiananbj03,2026/7/16,2,2.18,0,0,0,136.25,1090,0,12.50%,0.00%,-,0,0
7e3d5e110f13642f2382cf0c5f24c282,-,-,-,-,-,https://tutor-online.oss-cn-beijing.aliyuncs.com/growth/download-material/7e3d5e110f13642f2382cf0c5f24c282.mp4,20260716-高中数物（高二升高三）-混剪-图-张凌-3.mp4,-,,,199元高中双科提分课,199元高中双科提分课,荔枝,其他,0,wangjiananbj03,2026/7/16,2,26.9,0,0,0,295.6,2445.45,0,12.09%,0.00%,-,0,0
2ec26574fa180db6ebcd50d6181298f2,-,-,-,-,-,https://tutor-online.oss-cn-beijing.aliyuncs.com/growth/download-material/2ec26574fa180db6ebcd50d6181298f2.mp4,0707-199双科-申坤-李博-李天-卞俊洁-A2-B4-无-高二高三-1,-,,,199元高中双科提分课,199元高中双科提分课,申坤,其他,0,wangjiananbj03,2026/7/7,11,1222.14,597,3,0.49,55.69,12599.38,407.38,0.84%,1.62%,-,0.14,6154.64
b66c1d47ed1497f3cc4e8ec5d3a470bf,-,-,-,-,-,https://tutor-online.oss-cn-beijing.aliyuncs.com/growth/download-material/b66c1d47ed1497f3cc4e8ec5d3a470bf.mp4,0707-199双科-申坤-李博-李天-王合云-A3-B4-无-高二高三-16,-,,,199元高中双科提分课,199元高中双科提分课,申坤,代理商,0,wangjiananbj03,2026/7/7,11,60.8,0,0,0,133.63,15200,0,1.10%,0%,-,0,0
6a1aaf66e86afc71e123784cef257a87,-,-,-,-,-,https://tutor-online.oss-cn-beijing.aliyuncs.com/growth/download-material/6a1aaf66e86afc71e123784cef257a87.mp4,9元视频984-0525-9物-十人-bmqr-ylb-A2-B4-jjsx-pwjl-2,-,,,9元高中物理李博,9元高中物理李博,十人,其他,0,wangruixuebj01,2026/5/29,50,0,9,1,0,0,0,0,0.00%,0.00%,-,0,0
2d67f252dd60468cb958f16d48b1d372,-,-,-,-,-,https://tutor-online.oss-cn-beijing.aliyuncs.com/growth/download-material/2d67f252dd60468cb958f16d48b1d372.mp4,0708-199双科-申坤-李博-李天-卞俊洁-A2-B4-无-高二高三-7,-,,,199元高中双科提分课,199元高中双科提分课,申坤,其他,0,wangjiananbj03,2026/7/9,9,2.32,0,0,0,20,2320,0,0.86%,0%,-,0,0
dc841334182876642d8efd47d9a63e86,-,-,-,-,-,https://tutor-online.oss-cn-beijing.aliyuncs.com/growth/download-material/dc841334182876642d8efd47d9a63e86.mp4,0708-199双科-申坤-李博-李天-卞俊洁-A2-B4-无-2,-,,,199元高中双科提分课,199元高中双科提分课,申坤,其他,0,wangjiananbj03,2026/7/10,8,20.22,0,0,0,194.42,0,0,0.00%,0.00%,-,0,0
844536cd7d4326e01be04e41ad4ff476,-,-,-,-,-,https://tutor-online.oss-cn-beijing.aliyuncs.com/growth/download-material/844536cd7d4326e01be04e41ad4ff476.mp4,20260608-猿辅导高中双科-实拍-千川-性价比-买物送数-199学全年-幸亏-端午-唐欣悦-cd张璐-岳久鸿-裂变-张晓洁yc-8.mp4,-,,,199元高中双科提分课,199元高中双科提分课,荔枝,其他,0,wangjiananbj03,2026/6/8,40,6.51,0,0,0,271.25,1627.5,0,16.67%,0.00%,-,0,0
bca0bf3f349b9ef4b78956858f99d030,-,-,-,-,-,https://img-pub.oss-cn-beijing-internal.aliyuncs.com/19eedd825cb25cd.mp4,0618-9物-代理-十人-李博-jjsx-bmqr-A2-B1-pwjl-pcc-有-AI-3,-,,,9元高中物理李博,9元高中物理李博,十人,代理商,0,wangruixuebj01,2026/6/23,25,106.2,0,0,0,126.13,8850,0,1.54%,0%,-,0,0
a22dbc937d765ced796d1a5cc5f501a1,-,-,-,-,-,https://tutor-online.oss-cn-beijing.aliyuncs.com/growth/download-material/a22dbc937d765ced796d1a5cc5f501a1.mp4,一键修复_20260624-猿辅导高中双科-实拍-千川-活动-买数送物-打算-张焱-bj于静--张晓洁yc-5（前贴）.mp4,-,,,199元高中双科提分课,199元高中双科提分课,荔枝,其他,0,wangjiananbj03,2026/6/29,19,0.39,0,0,0,43.33,0,0,0.00%,0.00%,-,0,0
443107dc311d7115bdf95231eccd6d62,-,-,-,-,-,https://tutor-online.oss-cn-beijing.aliyuncs.com/growth/download-material/443107dc311d7115bdf95231eccd6d62.mp4,null-自动生成-20-202607100957,-,,,199元高中双科提分课,199元高中双科提分课,申坤,其他,0,wangjiananbj03,2026/7/10,8,0.22,0,0,0,20,0,0,0.00%,0.00%,-,0,0
857ebd76208b283d5faf3ca6360f0650,-,-,-,-,-,https://tutor-online.oss-cn-beijing.aliyuncs.com/growth/download-material/857ebd76208b283d5faf3ca6360f0650.mp4,一键修复_20260616-猿辅导高中双科-实拍-千川-线下班对比-还在纠结-唐欣悦-bj于靖--张晓洁yc-5（前贴）.mp4,-,,,199元高中双科提分课,199元高中双科提分课,荔枝,其他,0,wangjiananbj03,2026/6/19,29,3.68,0,0,0,118.71,0,0,0.00%,0.00%,-,0,0
a31b02228cf03fe51427104a7c270ac9,-,-,-,-,-,https://tutor-online.oss-cn-beijing.aliyuncs.com/growth/download-material/a31b02228cf03fe51427104a7c270ac9.mp4,20260704-猿辅导高中双科-混剪-图-张凌-张焱-张雪依yc-16-高二高三.mp4,-,,,199元高中双科提分课,199元高中双科提分课,荔枝,其他,0,wangjiananbj03,2026/7/9,9,41.09,0,0,0,456.56,3160.77,0,14.44%,0.00%,-,0,0
77baa0bf539966f210ce12699598aef3,-,-,-,-,-,https://tutor-online.oss-cn-beijing.aliyuncs.com/growth/download-material/77baa0bf539966f210ce12699598aef3.mp4,20260709-猿辅导高中双科-实拍-视频号-暑假规划-看博哥-唐欣悦张焱-李博-高二-李文静ec-视频号二创-横屏-6,-,,,199元高中双科提分课,199元高中双科提分课,自投放,其他,0,wangjiananbj03,2026/7/10,8,950.98,398,2,0.42,25.08,5283.22,475.49,0.63%,0.84%,-,0.05,2211.11
b6b3fcf27952dd6cb545ff85c13af70f,-,-,-,-,-,https://tutor-online.oss-cn-beijing.aliyuncs.com/growth/download-material/b6b3fcf27952dd6cb545ff85c13af70f.mp4,20260608-猿辅导高中双科-实拍-千川-性价比-买物送数-199学全年-幸亏-端午-唐欣悦-cd张璐-岳久鸿-裂变-张晓洁yc-8,-,,,199元高中双科提分课,199元高中双科提分课,荔枝,代理商,0,wangjiananbj03,2026/6/25,23,1.97,0,0,0,89.55,1970,0,4.55%,0%,-,0,0
c0ff3e16049a105221d862de91c26f12,-,-,-,-,-,https://tutor-online.oss-cn-beijing.aliyuncs.com/growth/download-material/c0ff3e16049a105221d862de91c26f12.mp4,一键修复_20260711-猿辅导高中双科-实拍-千川-活动-五科-高二-五科-再说-唐欣悦-cd鲨鱼--高俊南yc-前贴.mp4,-,,,199元高中双科提分课,199元高中双科提分课,荔枝,其他,0,wangjiananbj03,2026/7/16,2,1.36,0,0,0,272,680,0,40.00%,0.00%,-,0,0
f6fd98647df90e319ab55cc8ee0ff1a7,-,-,-,-,-,https://tutor-online.oss-cn-beijing.aliyuncs.com/growth/download-material/f6fd98647df90e319ab55cc8ee0ff1a7.mp4,20260627-猿辅导高中数学-实拍-活动-算什么-张焱-bj张婕希-裂变-张晓洁ec-19,-,,,199元高中双科提分课,199元高中双科提分课,自投放,代理商,0,wangjiananbj03,2026/7/16,2,3.32,0,0,0,69.17,0,0,0.00%,0.00%,-,0,0
1f6230503f877f955cd3e008ce4b0ecc,-,-,-,-,-,https://tutor-online.oss-cn-beijing.aliyuncs.com/growth/download-material/1f6230503f877f955cd3e008ce4b0ecc.mp4,20260710-猿辅导高中双科-实拍-千川-活动-五科-199学三年-不要-唐欣悦-岳久鸿-cd小丹-高二-李文静ec-前贴图-3,-,,,199元高中双科提分课,199元高中双科提分课,自投放,代理商,0,wangjiananbj03,2026/7/16,2,108.07,0,0,0,112.57,27017.5,0,0.42%,0%,-,0,0
888e3a1d4a3811f43e2808842ea173ca,-,-,-,-,-,https://tutor-online.oss-cn-beijing.aliyuncs.com/growth/download-material/888e3a1d4a3811f43e2808842ea173ca.mp4,一键修复_20260616-猿辅导高中双科-实拍-千川-方式方法-门槛低-常文茜-dr小五老师-张晓洁yc-2.mp4,-,,,199元高中双科提分课,199元高中双科提分课,荔枝,其他,0,wangjiananbj03,2026/6/18,30,5.57,0,0,0,506.36,1856.67,0,27.27%,0.00%,-,0,0
34df7c12ff5d620d72afba8463581c83,-,-,-,-,-,https://tutor-online.oss-cn-beijing.aliyuncs.com/growth/download-material/34df7c12ff5d620d72afba8463581c83.mp4,20260704-猿辅导高中双科-实拍-千川-买物送数-199学三年--唐欣悦-cd琳瑶-岳久鸿-二创-叶俊泽ec-12,-,,,199元高中双科提分课,199元高中双科提分课,荔枝,其他,0,wangjiananbj03,2026/7/9,9,98.06,0,0,0,56.58,8914.55,0,0.75%,0%,-,0,0
6f79dc594a54b2acca507c84592259de,-,-,-,-,-,https://tutor-online.oss-cn-beijing.aliyuncs.com/growth/download-material/6f79dc594a54b2acca507c84592259de.mp4,20260708-猿辅导高中双科-实拍-视频号-线下班对比-通用-买物送数-有必要-常文茜-bj宋钦冲-李文静yc-1,-,,,199元高中双科提分课,199元高中双科提分课,荔枝,代理商,0,wangjiananbj03,2026/7/17,1,2.34,0,0,0,7.41,0,0,0.00%,0.00%,-,0,0
856c3dbec1a7a5fae282331a92d8e5fd,-,-,-,-,-,https://tutor-online.oss-cn-beijing.aliyuncs.com/growth/download-material/856c3dbec1a7a5fae282331a92d8e5fd.mp4,20260625-猿辅导高中双科-图文混剪--朋友圈-高三-唐欣悦-补量二创-张晓洁ec-2.mp4,-,,,199元高中双科提分课,199元高中双科提分课,荔枝,代理商,0,wangjiananbj03,2026/6/25,23,0.12,0,0,0,120,0,0,0.00%,0.00%,-,0,0
842f859fe45d7aed962b114c70f6e66b,-,-,-,-,-,https://tutor-online.oss-cn-beijing.aliyuncs.com/growth/download-material/842f859fe45d7aed962b114c70f6e66b.mp4,20260623-猿辅导高中双科-实拍-千川-分数痛点-买数学送物理-一起-张焱-bj冷一丁-裂变-张晓洁yc-2,-,,,199元高中双科提分课,199元高中双科提分课,自投放,代理商,0,wangjiananbj03,2026/7/16,2,22.07,0,0,0,124.69,5517.5,0,2.82%,0%,-,0,0
813ad207c01da610c37599605588b8e6,-,-,-,-,-,https://tutor-online.oss-cn-beijing.aliyuncs.com/growth/download-material/813ad207c01da610c37599605588b8e6.mp4,0605-9物-十人-bwxy-ylb-A2-B4-jclb-pcc-1,-,,,9元高中物理李博,9元高中物理李博,十人,其他,0,wangruixuebj01,2026/6/14,34,71.41,0,0,0,131.51,14282,0,0.92%,0%,-,0,0
0a60ee0547067edc5a8997b3497bd287,-,-,-,-,-,https://img-pub.oss-cn-beijing-internal.aliyuncs.com/19f1ce46366c18f.mp4,9元视频1168-0624-9物-十人-bwxy-ylb-A2-B4-jzmj-bwxy-pwjl-2,-,,,9元高中物理李博,9元高中物理李博,十人,代理商,0,wangruixuebj01,2026/7/13,5,0.37,0,0,0,61.67,0,0,0.00%,0.00%,-,0,0
66cec5687776eec18a606401883ae020,-,-,-,-,-,https://tutor-online.oss-cn-beijing.aliyuncs.com/growth/download-material/66cec5687776eec18a606401883ae020.mp4,20260716-高中数物（高二升高三）-混剪-图-张凌-5,-,,,199元高中双科提分课,199元高中双科提分课,自投放,其他,0,wangjiananbj03,2026/7/17,1,60.43,0,0,0,39.97,5035.83,0,0.99%,0%,-,0,0
030b6af69f42b6fe57e1c3dfa22675f8,-,-,-,-,-,https://tutor-online.oss-cn-beijing.aliyuncs.com/growth/download-material/030b6af69f42b6fe57e1c3dfa22675f8.mp4,20260610-猿辅导高中双科-混剪-视频号-图-红花-张焱-张晓洁yc-3改.mp4,-,,,199元高中双科提分课,199元高中双科提分课,荔枝,其他,0,wangjiananbj03,2026/6/12,36,3715.69,1592,8,0.43,117.3,5945.1,464.46,1.97%,1.28%,-,0.25,2547.2
7e148da37f1041e096e3ac7b334db5d4,-,-,-,-,-,https://img-pub.oss-cn-beijing-internal.aliyuncs.com/19f1c7165160b74.mp4,20260629-9物-代理-启航-李博-【b1-p6-j9-35】,-,,,9元高中物理李博,9元高中物理李博,启航,代理商,0,wangruixuebj01,2026/7/11,7,0.09,0,0,0,11.25,0,0,0.00%,0.00%,-,0,0
fb8e332d0ea40612e605cbe00123bbc2,-,-,-,-,-,https://tutor-online.oss-cn-beijing.aliyuncs.com/growth/download-material/fb8e332d0ea40612e605cbe00123bbc2.mp4,20260709-猿辅导高中双科-实拍-暑假规划-买数送物-高二+高三-买数送物-请退掉-高二高三-李莹莹-bj李腾飞-叶俊泽yc-5.mp4,-,,,199元高中双科提分课,199元高中双科提分课,荔枝,其他,0,wangjiananbj03,2026/7/13,5,19.78,0,0,0,142.3,4945,0,2.88%,0.00%,-,0,0
3b7db9ab60dc4526e43d942491b0aad7,-,-,-,-,-,https://tutor-online.oss-cn-beijing.aliyuncs.com/growth/download-material/3b7db9ab60dc4526e43d942491b0aad7.mp4,20260630-猿辅导高中双科-实拍-千川-买数送物-活动-不气-张焱-bj冷一丁--张晓洁yc-3,-,,,199元高中双科提分课,199元高中双科提分课,自投放,代理商,0,wangjiananbj03,2026/7/16,2,1.69,0,0,0,10.5,0,0,0.00%,0.00%,-,0,0
a96562a128b196420404c86fa72337e7,-,-,-,-,-,https://tutor-online.oss-cn-beijing.aliyuncs.com/growth/download-material/a96562a128b196420404c86fa72337e7.mp4,20260714-猿辅导高中双科-实拍-千川-专家分享-高二-买数送物--张焱-cd小志-岳久鸿-叶俊泽yc-4-前贴2.mp4,-,,,199元高中双科提分课,199元高中双科提分课,荔枝,其他,0,wangjiananbj03,2026/7/17,1,0.33,0,0,0,82.5,0,0,0.00%,0.00%,-,0,0
704550766fa70efd92e2368d2bbe7e81,-,-,-,-,-,https://tutor-online.oss-cn-beijing.aliyuncs.com/growth/download-material/704550766fa70efd92e2368d2bbe7e81.mp4,0128-自产主-李博-13--效果方法体系-有-9物-子矜-曲中雨-娇-迭代0327,-,,,9元高中物理李博,9元高中物理李博,玄武,其他,0,wangruixuebj01,2026/4/28,81,0,9,1,0,0,0,0,0.00%,0.00%,-,0,0
f72e20eb926749e10929690f71a29e73,-,-,-,-,-,https://tutor-online.oss-cn-beijing.aliyuncs.com/growth/download-material/f72e20eb926749e10929690f71a29e73.mp4,0703-199双科-申坤-李博-李天-姚恒-A5-B5-有-02,-,,,199元高中双科提分课,199元高中双科提分课,申坤,其他,0,wangjiananbj03,2026/7/10,8,26.66,0,0,0,60.05,26660,0,0.45%,0%,-,0,0
a5664f0ed0228974f6720d80a5f814e4,-,-,-,-,-,https://tutor-online.oss-cn-beijing.aliyuncs.com/growth/download-material/a5664f0ed0228974f6720d80a5f814e4.mp4,9元视频996-0529-9物-十人-bwxy-ylb-A2-B4-jjsx-pwjl-1,-,,,9元高中物理李博,9元高中物理李博,十人,其他,0,wangruixuebj01,2026/6/5,43,0,0,0,0,0,0,0,0.00%,0.00%,-,0,0
f1b7a0b331e1add9e8234d1122671878,-,-,-,-,-,https://tutor-online.oss-cn-beijing.aliyuncs.com/growth/download-material/f1b7a0b331e1add9e8234d1122671878.mp4,0714-199双科-申坤-李博-李天-卞俊洁-A5-B4-有-01,-,,,199元高中双科提分课,199元高中双科提分课,申坤,其他,0,wangjiananbj03,2026/7/15,3,131.84,0,0,0,54.1,32960,0,0.29%,0%,-,0,0
25a7d9ace2efe457ea34562ae3b8555d,-,-,-,-,-,https://tutor-online.oss-cn-beijing.aliyuncs.com/growth/download-material/25a7d9ace2efe457ea34562ae3b8555d.mp4,9元视频1190-0702-9物-代理-十人-李博-jjsx-bjsx-A2-B1-pcc-pwjl-有-2-AI,-,,,9元高中物理李博,9元高中物理李博,十人,代理商,0,wangruixuebj01,2026/7/9,9,2.12,0,0,0,78.52,0,0,0.00%,0.00%,-,0,0
85b53948cce5fe366c82920420ced8ba,-,-,-,-,-,https://tutor-online.oss-cn-beijing.aliyuncs.com/growth/download-material/85b53948cce5fe366c82920420ced8ba.mp4,0708-199双科-申坤-李博-李天-卞俊洁-A2-B4-有-高二高三-02,-,,,199元高中双科提分课,199元高中双科提分课,申坤,其他,0,wangjiananbj03,2026/7/10,8,0.61,0,0,0,16.49,0,0,0.00%,0.00%,-,0,0
1d2e1010fe2dc81e4217fbb82d9f2034,-,-,-,-,-,https://tutor-online.oss-cn-beijing.aliyuncs.com/growth/download-material/1d2e1010fe2dc81e4217fbb82d9f2034.mp4,20260612-猿辅导高中双科-混剪-视频号-图-女孩-张焱-张晓洁yc-9,-,,,199元高中双科提分课,199元高中双科提分课,荔枝,其他,0,wangjiananbj03,2026/6/30,18,0.6,0,0,0,150,0,0,0.00%,0.00%,-,0,0
31cc22e74d56490c717236d3dd62de10,-,-,-,-,-,https://tutor-online.oss-cn-beijing.aliyuncs.com/growth/download-material/31cc22e74d56490c717236d3dd62de10.mp4,20260717-猿辅导高中双科-实拍-活动-199学五科-高二-五科-买它-高二-唐欣悦-bj于靖-裂变-张晓洁yc-6.mp4,-,,,199元高中双科提分课,199元高中双科提分课,荔枝,其他,0,wangjiananbj03,2026/7/17,1,10.66,0,0,0,209.02,10660,0,1.96%,0.00%,-,0,0
6f9fbe26c0e26292b9dbf4c6bb13b6db,-,-,-,-,-,https://tutor-online.oss-cn-beijing.aliyuncs.com/growth/download-material/6f9fbe26c0e26292b9dbf4c6bb13b6db.mp4,0703-199双科-申坤-李博-李天-卞俊洁-A2-B4-无-02,-,,,199元高中双科提分课,199元高中双科提分课,申坤,其他,0,wangjiananbj03,2026/7/10,8,145.37,0,0,0,36.77,10383.57,0,0.53%,0%,-,0,0
d2fc55bdd6cfb40a438fd8db66830cb8,-,-,-,-,-,https://tutor-online.oss-cn-beijing.aliyuncs.com/growth/download-material/d2fc55bdd6cfb40a438fd8db66830cb8.mp4,20260130-猿辅导高中数学-实拍-性价比-亏本-张焱-bj李赛-袁北辰ec-二创-5（视频号）,-,,,199元高中双科提分课,299元高中全年提分课-实物,荔枝,代理商,0,wangjiananbj03,2026/5/30,49,1537.04,199,1,0.13,234.95,24016.25,1537.04,1.41%,1.09%,-,0.15,3109.38
ebbfa02edbfec051188764478163ac01,-,-,-,-,-,https://tutor-online.oss-cn-beijing.aliyuncs.com/growth/download-material/ebbfa02edbfec051188764478163ac01.mp4,20260625-猿辅导高中双科-图文混剪--续费-高二-唐欣悦-补量二创-张晓洁ec-1,-,,,199元高中双科提分课,199元高中双科提分课,自投放,代理商,0,wangjiananbj03,2026/6/26,22,2.15,0,0,0,9.15,0,0,0.00%,0.00%,-,0,0
76087bbe18f770d68ab8f6afe8c88778,-,-,-,-,-,https://tutor-online.oss-cn-beijing.aliyuncs.com/growth/download-material/76087bbe18f770d68ab8f6afe8c88778.mp4,一键修复_20260630-猿辅导高中双科-实拍-活动-多少-张焱-bj李赛-袁北辰ec-二创-1.mp4,-,,,199元高中双科提分课,199元高中双科提分课,荔枝,其他,0,wangjiananbj03,2026/7/1,17,84.43,0,0,0,570.47,16886,0,3.38%,0.00%,-,0,0
ef9607b8b0809fd5e548b00dc1b6dd67,-,-,-,-,-,https://tutor-online.oss-cn-beijing.aliyuncs.com/growth/download-material/ef9607b8b0809fd5e548b00dc1b6dd67.mp4,20260711-猿辅导高中双科-实拍-活动-线下班-买数送物-通用-买数送物-气炸了-李莹莹-bj李栎-叶俊泽yc-4.mp4,-,,,199元高中双科提分课,199元高中双科提分课,荔枝,其他,0,wangjiananbj03,2026/7/16,2,0.41,0,0,0,102.5,410,0,25.00%,0.00%,-,0,0
5b055fdf20ef9ac80f8cce39387d1487,-,-,-,-,-,https://tutor-online.oss-cn-beijing.aliyuncs.com/growth/download-material/5b055fdf20ef9ac80f8cce39387d1487.mp4,一键修复_20260715-猿辅导高中双科-实拍-千川-6天训练营-高三-买物送数-有救了-常文茜-cd苏鹏--李文静yc-1.mp4,-,,,199元高中双科提分课,199元高中双科提分课,荔枝,其他,0,wangjiananbj03,2026/7/17,1,1.63,0,0,0,85.79,0,0,0.00%,0.00%,-,0,0
24d9ee2f07d77984d5348e5a4406e7c2,-,-,-,-,-,https://tutor-online.oss-cn-beijing.aliyuncs.com/growth/download-material/24d9ee2f07d77984d5348e5a4406e7c2.mp4,20260710-猿辅导高中双科-实拍-千川-买数送物-199学三年-冤大头-常文茜-bj郭铭泽-二创-张晓洁ec-5.mp4,-,,,199元高中双科提分课,199元高中双科提分课,荔枝,其他,0,wangjiananbj03,2026/7/16,2,15.17,0,0,0,182.77,2167.14,0,8.43%,0.00%,-,0,0
367ca358d5622544b8063000bcea1b92,-,-,-,-,-,https://tutor-online.oss-cn-beijing.aliyuncs.com/growth/download-material/367ca358d5622544b8063000bcea1b92.mp4,0708-199双科-申坤-李博-李天-卞俊洁-A1-B4-无-高二高三-5,-,,,199元高中双科提分课,199元高中双科提分课,申坤,其他,0,wangjiananbj03,2026/7/10,8,223.5,0,0,0,31.73,11175,0,0.43%,0%,-,0,0
350ec16dc4bff4ff12a1a61fe6d45cda,-,-,-,-,-,https://tutor-online.oss-cn-beijing.aliyuncs.com/growth/download-material/350ec16dc4bff4ff12a1a61fe6d45cda.mp4,一键修复_0508-199双科-自产-自产二-莉娜-曲中雨-子衿-A6-B1-无-5.mp4,-,,,199元高中双科提分课,199元高中双科提分课,荔枝,其他,0,wangjiananbj03,2026/6/27,21,0.34,0,0,0,68,0,0,0.00%,0.00%,-,0,0
330a0f734726486e591daec5a96de2a5,-,-,-,-,-,https://tutor-online.oss-cn-beijing.aliyuncs.com/growth/download-material/330a0f734726486e591daec5a96de2a5.mp4,0630-199双科-申坤-李博-李天-卞俊洁-A2-B4-无-07,-,,,199元高中双科提分课,199元高中双科提分课,申坤,其他,0,wangjiananbj03,2026/7/16,2,3.13,0,0,0,23.53,0,0,0.75%,0%,-,0,0
61d6f815a602da06e3bb60295cd61177,-,-,-,-,-,https://tutor-online.oss-cn-beijing.aliyuncs.com/growth/download-material/61d6f815a602da06e3bb60295cd61177.mp4,20260527-猿辅导高中双科-实拍-买物理送数学-不花-张焱-cd金花-裂变-张晓洁yc-2.mp4,-,,,199元高中双科提分课,199元高中双科提分课,荔枝,其他,0,wangjiananbj03,2026/5/28,51,0.48,0,0,0,160,0,0,0.00%,0.00%,-,0,0
9a4c6dae9b28518740361747b519ce3c,-,-,-,-,-,https://tutor-online.oss-cn-beijing.aliyuncs.com/growth/download-material/9a4c6dae9b28518740361747b519ce3c.mp4,20260606-猿辅导高中双科-实拍-塑品-买数送物-全年-舍得-张焱+ts罗雅雯-bj李栎-张雪依ec-二创-2,-,,,199元高中双科提分课,199元高中双科提分课,自投放,其他,0,wangjiananbj03,2026/6/24,24,83.05,0,0,0,50.8,13841.67,0,0.49%,0%,-,0,0
3d24fbddbfb5d7e2099c268ef16c4013,-,-,-,-,-,https://tutor-online.oss-cn-beijing.aliyuncs.com/growth/download-material/3d24fbddbfb5d7e2099c268ef16c4013.mp4,20260704-猿辅导高中双科-混剪-图-张凌-张焱-张雪依yc-6改-高二高三.mp4,-,,,199元高中双科提分课,199元高中双科提分课,荔枝,代理商,0,wangjiananbj03,2026/7/6,12,1.79,0,0,0,127.86,895,0,14.29%,0.00%,-,0,0
86490bd591e43649241fc34d76346107,-,-,-,-,-,https://tutor-online.oss-cn-beijing.aliyuncs.com/growth/download-material/86490bd591e43649241fc34d76346107.mp4,20260710-猿辅导高中双科-实拍-千川-效果展示-高二-买数送物-不推-张焱-bj宋钦冲--岳久鸿yc-1,-,,,199元高中双科提分课,199元高中双科提分课,荔枝,代理商,0,wangjiananbj03,2026/7/16,2,43.22,0,0,0,54.85,14406.67,0,0.63%,0%,-,0,0
731794f30ef8214a2a7abb37cb0107d1,-,-,-,-,-,https://tutor-online.oss-cn-beijing.aliyuncs.com/growth/download-material/731794f30ef8214a2a7abb37cb0107d1.mp4,20260703-猿辅导高中双科-实拍-买物理送数学-再说-张焱-bj丁梓仟-高二-李文静ec-二创-8.mp4,-,,,199元高中双科提分课,199元高中双科提分课,荔枝,其他,0,wangjiananbj03,2026/7/7,11,5.37,0,0,0,383.57,5370,0,7.14%,0.00%,-,0,0
e39f76d4e4fb661eeed8f7c8dbdada8a,-,-,-,-,-,https://tutor-online.oss-cn-beijing.aliyuncs.com/growth/download-material/e39f76d4e4fb661eeed8f7c8dbdada8a.mp4,20260701-猿辅导高中双科-实拍-千川-买数送物-活动-好坏消息-李莹莹-dr小五老师-李文静yc-1,-,,,199元高中双科提分课,199元高中双科提分课,荔枝,代理商,0,wangjiananbj03,2026/7/15,3,6.74,0,0,0,146.52,6740,0,2.17%,0%,-,0,0
8c79f72599e5941d7669656f45ad7a99,-,-,-,-,-,https://tutor-online.oss-cn-beijing.aliyuncs.com/growth/download-material/8c79f72599e5941d7669656f45ad7a99.mp4,0708-199双科-申坤-李博-李天-卞俊洁-A2-B4-无-4,-,,,199元高中双科提分课,199元高中双科提分课,申坤,其他,0,wangjiananbj03,2026/7/9,9,106.5,199,1,1.87,55.01,10650,106.5,0.62%,8.33%,-,0.52,19900
a2d1c3dcd9b3906c376c0b4fda3cb134,-,-,-,-,-,https://tutor-online.oss-cn-beijing.aliyuncs.com/growth/download-material/a2d1c3dcd9b3906c376c0b4fda3cb134.mp4,0706-9物-玄武-李博-王成仡-彩丽-方法优势-效果方法体系-有-3-yfdwl0706G2浩3-丽-龙-仡-首,-,,,9元高中物理李博,9元高中物理李博,玄武,代理商,0,wangruixuebj01,2026/7/9,9,64.21,0,0,0,62.89,4939.23,0,1.67%,0%,-,0,0
af3ff90b11ceb12cd29cd0f37b0cc0dc,-,-,-,-,-,https://tutor-online.oss-cn-beijing.aliyuncs.com/growth/download-material/af3ff90b11ceb12cd29cd0f37b0cc0dc.mp4,20260625-猿辅导高中双科-实拍-活动-夏他-张焱-bj李赛-裂变-张晓洁yc-1,-,,,199元高中双科提分课,199元高中双科提分课,荔枝,代理商,0,wangjiananbj03,2026/7/9,9,28.3,0,0,0,52.41,28300,0,0.19%,0%,-,0,0
9a4120d02ba078fa81aaea1434179630,-,-,-,-,-,https://tutor-online.oss-cn-beijing.aliyuncs.com/growth/download-material/9a4120d02ba078fa81aaea1434179630.mp4,20260618-9物-代理-启航-李博-【b1-p6-a1-48】-A5-B5-有-2,-,,,9元高中物理李博,9元高中物理李博,启航,代理商,0,wangruixuebj01,2026/6/27,21,0.13,0,0,0,3.42,0,0,0.00%,0.00%,-,0,0
2733ac706ee0bdfcbc83ac2611eeb6b9,-,-,-,-,-,https://tutor-online.oss-cn-beijing.aliyuncs.com/growth/download-material/2733ac706ee0bdfcbc83ac2611eeb6b9.mp4,20260602-猿辅导高中双科-实拍-千川-活动-买数学送物理-再加-张焱-bj冷一丁-叶俊泽yc-2-前贴.mp4,-,,,199元高中双科提分课,199元高中双科提分课,荔枝,其他,0,wangjiananbj03,2026/6/12,36,55.7,0,0,0,331.55,4641.67,0,7.14%,0.00%,-,0,0
9b2d0b3cb30acd9f38d62ab7c1c34696,-,-,-,-,-,https://tutor-online.oss-cn-beijing.aliyuncs.com/growth/download-material/9b2d0b3cb30acd9f38d62ab7c1c34696.mp4,20260701-猿辅导高中双科-实拍-千川-活动-买物送数-后悔-张焱-dr蔡昕-二创-张晓洁ec-7.mp4,-,,,199元高中双科提分课,199元高中双科提分课,荔枝,其他,0,wangjiananbj03,2026/7/7,11,20.76,0,0,0,112.83,3460,0,3.26%,0.00%,-,0,0
d20337175ed1753ec3973e132ea39dba,-,-,-,-,-,https://tutor-online.oss-cn-beijing.aliyuncs.com/growth/download-material/d20337175ed1753ec3973e132ea39dba.mp4,20260617-猿辅导高中双科-实拍-活动-夏他-张焱-bj李赛-二创-张晓洁ec-2,-,,,199元高中双科提分课,199元高中双科提分课,荔枝,其他,0,wangjiananbj03,2026/6/20,28,2096.98,398,1,0.19,72.67,32261.23,2096.98,0.35%,1.00%,-,0.03,6123.08
2a9fd12036640e6c1c6531f7021d021a,-,-,-,-,-,https://tutor-online.oss-cn-beijing.aliyuncs.com/growth/download-material/2a9fd12036640e6c1c6531f7021d021a.mp4,20260629-猿辅导高中双科-实拍-活动-夏他-张焱-bj李赛-袁北辰ec-二创-3.mp4,-,,,199元高中双科提分课,199元高中双科提分课,荔枝,其他,0,wangjiananbj03,2026/6/30,18,0.34,0,0,0,22.67,340,0,6.67%,0.00%,-,0,0
f8012100d1d22beb39f0b2f8ba367e86,-,-,-,-,-,https://tutor-online.oss-cn-beijing.aliyuncs.com/growth/download-material/f8012100d1d22beb39f0b2f8ba367e86.mp4,20260715-高中数物-混剪-图-张凌-2,-,,,199元高中双科提分课,199元高中双科提分课,自投放,其他,0,wangjiananbj03,2026/7/17,1,17.98,0,0,0,27.41,3596,0,1.07%,0%,-,0,0
7abf704d7b8c2f6b8105f2c15ed0e8d2,-,-,-,-,-,https://tutor-online.oss-cn-beijing.aliyuncs.com/growth/download-material/7abf704d7b8c2f6b8105f2c15ed0e8d2.mp4,20260630-猿辅导高中双科-实拍-暑期规划-199学全年-买物送数-高二-买物送数-玩儿-高二-唐欣悦-dr魏政委--邓又滔yc-0709-1.mp4,-,,,199元高中双科提分课,199元高中双科提分课,荔枝,其他,0,wangjiananbj03,2026/7/11,7,1.36,0,0,0,123.64,0,0,0.00%,0.00%,-,0,0
b761f0401a3ec8cab742b5d3bf96b8dd,-,-,-,-,-,https://tutor-online.oss-cn-beijing.aliyuncs.com/growth/download-material/b761f0401a3ec8cab742b5d3bf96b8dd.mp4,0616-9物-代理-十人-李博-jjsx-bwxy-A2-B1-pwjl-pcc-有-3-AI,-,,,9元高中物理李博,9元高中物理李博,十人,代理商,0,wangruixuebj01,2026/6/17,31,22.21,0,0,0,110.5,5552.5,0,1.99%,0%,-,0,0
c774fc5d40418ecd14a620bcabfb3ce8,-,-,-,-,-,https://tutor-online.oss-cn-beijing.aliyuncs.com/growth/download-material/c774fc5d40418ecd14a620bcabfb3ce8.mp4,一键修复_20260630-猿辅导高中双科-实拍-千川-买物送数-专家分享-怎么样-高二高三-李莹莹-cd小墨-詹铠任-叶俊泽yc-1.mp4,-,,,199元高中双科提分课,199元高中双科提分课,荔枝,其他,0,wangjiananbj03,2026/7/10,8,1.41,0,0,0,58.75,0,0,0.00%,0.00%,-,0,0
1ad23e684238bfd619ccb98173a2fe2f,-,-,-,-,-,https://tutor-online.oss-cn-beijing.aliyuncs.com/growth/download-material/1ad23e684238bfd619ccb98173a2fe2f.mp4,0710-199双科-申坤-李博-李天-张佳乐-A3-B5-有-高二高三-3,-,,,199元高中双科提分课,199元高中双科提分课,申坤,其他,0,wangjiananbj03,2026/7/15,3,0.01,0,0,0,3.33,0,0,0.00%,0.00%,-,0,0
e6c0df73c9584f7adf765c505e0d77b1,-,-,-,-,-,https://tutor-online.oss-cn-beijing.aliyuncs.com/growth/download-material/e6c0df73c9584f7adf765c505e0d77b1.mp4,20260701-猿辅导高中双科-实拍-千川-活动-买数送物-199学全年-骗局-常文茜-bj冷一丁-高二--李文静yc-2 .mp4,-,,,199元高中双科提分课,199元高中双科提分课,荔枝,其他,0,wangjiananbj03,2026/7/11,7,5.23,0,0,0,209.2,5230,0,4.00%,0.00%,-,0,0
0ed8c54ce2f94297350e86f8cdf35be6,-,-,-,-,-,https://tutor-online.oss-cn-beijing.aliyuncs.com/growth/download-material/0ed8c54ce2f94297350e86f8cdf35be6.mp4,0708-199双科-申坤-李博-李天-卞俊洁-A2-B4-无-5,-,,,199元高中双科提分课,199元高中双科提分课,申坤,其他,0,wangjiananbj03,2026/7/10,8,0,0,0,0,0,0,0,0.00%,0.00%,-,0,0
14cf481cef6e545eeabd145742f811bd,-,-,-,-,-,https://tutor-online.oss-cn-beijing.aliyuncs.com/growth/download-material/14cf481cef6e545eeabd145742f811bd.mp4,0703-199双科-申坤-李博-李天-姚恒-A6-B3-有-01,-,,,199元高中双科提分课,199元高中双科提分课,申坤,其他,0,wangjiananbj03,2026/7/6,12,0.69,0,0,0,23.79,0,0,0.00%,0.00%,-,0,0
e430a29667348acf70ffd2106c652ed3,-,-,-,-,-,https://tutor-online.oss-cn-beijing.aliyuncs.com/growth/download-material/e430a29667348acf70ffd2106c652ed3.mp4,0702-199双科-申坤-李博-李天-姚恒-A1-B4-无-01,-,,,199元高中双科提分课,199元高中双科提分课,申坤,其他,0,wangjiananbj03,2026/7/5,13,3.66,0,0,0,50.14,0,0,0.00%,0.00%,-,0,0
ab676aff0b47c08022f74c9083fe4bc4,-,-,-,-,-,https://tutor-online.oss-cn-beijing.aliyuncs.com/growth/download-material/ab676aff0b47c08022f74c9083fe4bc4.mp4,20260708-猿辅导高中双科-实拍-千川-买数送物-活动-AI推-李莹莹-cd汐汐-詹铠任-张晓洁yc-3（前贴）,-,,,199元高中双科提分课,199元高中双科提分课,自投放,其他,0,wangjiananbj03,2026/7/15,3,78.54,0,0,0,27.59,39270,0,0.21%,0%,-,0,0
b40dd5eae7ef490e7c196193e8f9b2a4,-,-,-,-,-,https://tutor-online.oss-cn-beijing.aliyuncs.com/growth/download-material/b40dd5eae7ef490e7c196193e8f9b2a4.mp4,一键修复_0610-199双科-自产-自产主-李博-视觉锤-子衿-A5-B1-无-9.mp4,-,,,199元高中双科提分课,199元高中双科提分课,荔枝,其他,0,wangjiananbj03,2026/6/19,29,0.09,0,0,0,0,0,0,0.00%,0.00%,-,0,0
163af190bb3419680b97f552edfcfe99,-,-,-,-,-,https://tutor-online.oss-cn-beijing.aliyuncs.com/growth/download-material/163af190bb3419680b97f552edfcfe99.mp4,20260708-猿辅导高中双科-实拍-视频号-ip李博-活动-199学三年-买物送数-没舍得-唐欣悦-李博--李文静yc-2前贴,-,,,199元高中双科提分课,199元高中双科提分课,荔枝,其他,0,wangjiananbj03,2026/7/17,1,4.73,0,0,0,36.95,4730,0,0.78%,0%,-,0,0
211a0a2b30333f4137b241857ef761f1,-,-,-,-,-,https://tutor-online.oss-cn-beijing.aliyuncs.com/growth/download-material/211a0a2b30333f4137b241857ef761f1.mp4,20260713-猿辅导高中双科-实拍-活动-通用-五科-不是冷-张焱-bj冷一丁--张晓洁yc-1.2（前贴2）.mp4,-,,,199元高中双科提分课,199元高中双科提分课,荔枝,其他,0,wangjiananbj03,2026/7/17,1,684.89,199,1,0.29,58.77,3958.9,684.89,1.48%,0.58%,-,0.09,1150.29
6ea60f789bc6ee2ae8ec88e0416a6024,-,-,-,-,-,https://tutor-online.oss-cn-beijing.aliyuncs.com/growth/download-material/6ea60f789bc6ee2ae8ec88e0416a6024.mp4,20260630-猿辅导高中双科-实拍-千川-分数痛点-买数学送物理-一起-张焱-bj冷一丁-裂变-张晓洁yc-1,-,,,199元高中双科提分课,199元高中双科提分课,自投放,其他,0,wangjiananbj03,2026/7/10,8,14.48,0,0,0,108.87,3620,0,3.76%,0%,-,0,0
0b7dce330e87630c1e2ae2c05c897993,-,-,-,-,-,https://tutor-online.oss-cn-beijing.aliyuncs.com/growth/download-material/0b7dce330e87630c1e2ae2c05c897993.mp4,20260430-猿辅导高中数学199-实拍-专家分享-抽出-张焱-dr褚老师--张雪依ec-二创-2改.mp4,-,,,199元高中双科提分课,299元高中全年提分课,荔枝,其他,0,wangjiananbj03,2026/5/16,63,0.09,0,0,0,0,0,0,0.00%,0.00%,-,0,0
9ec8fee09826c9710e68db58746058f2,-,-,-,-,-,https://tutor-online.oss-cn-beijing.aliyuncs.com/growth/download-material/9ec8fee09826c9710e68db58746058f2.mp4,20260715-猿辅导高中数物-混剪-图-程序-7.mp4,-,,,199元高中双科提分课,199元高中双科提分课,荔枝,其他,0,wangjiananbj03,2026/7/17,1,1.32,0,0,0,88,0,0,0.00%,0.00%,-,0,0
1fa22cae72affe83dd51e48f027f9143,-,-,-,-,-,https://tutor-online.oss-cn-beijing.aliyuncs.com/growth/download-material/1fa22cae72affe83dd51e48f027f9143.mp4,20260704-猿辅导高中双科-实拍-视频号-ip李博-分数痛点-买物送数-故意-高二-唐欣悦-李博-叶俊泽yc-2,-,,,199元高中双科提分课,199元高中双科提分课,荔枝,代理商,0,wangjiananbj03,2026/7/7,11,42.96,0,0,0,104.27,10740,0,1.21%,0%,-,0,0
f34abd889371f77f92bc363599287292,-,-,-,-,-,https://tutor-online.oss-cn-beijing.aliyuncs.com/growth/download-material/f34abd889371f77f92bc363599287292.mp4,0604-9物-玄武-李博-A3-B5-yfdwl0605w1浩4-锴-建-0714混剪,-,,,9元高中物理李博,9元高中物理李博,玄武,代理商,0,wangruixuebj01,2026/7/16,2,0.11,0,0,0,6.88,0,0,0.00%,0.00%,-,0,0
180b3059e290142bd74dbe58867c7cfe,-,-,-,-,-,https://tutor-online.oss-cn-beijing.aliyuncs.com/growth/download-material/180b3059e290142bd74dbe58867c7cfe.mp4,20260626-猿辅导高中数物双科-实拍-活动-退了-张焱-cd张璐+李赛-裂变-张晓洁yc-6.1,-,,,199元高中双科提分课,199元高中双科提分课,荔枝,代理商,0,wangjiananbj03,2026/6/27,21,1.95,0,0,0,75,650,0,7.69%,0%,-,0,0
f6a90a51adeab35684fa210e0a8f58da,-,-,-,-,-,https://tutor-online.oss-cn-beijing.aliyuncs.com/growth/download-material/f6a90a51adeab35684fa210e0a8f58da.mp4,20260627-猿辅导高中双科-实拍-视频号-ip李博-买物送数-199学三年-毫无困难-常文茜-IP李博-裂变-詹铠任yc,-,,,199元高中双科提分课,199元高中双科提分课,自投放,代理商,0,wangjiananbj03,2026/7/16,2,0.41,0,0,0,17.08,0,0,0.00%,0.00%,-,0,0
98b6137c7bb7471a7e25c7fa6614f76d,-,-,-,-,-,https://tutor-online.oss-cn-beijing.aliyuncs.com/growth/download-material/98b6137c7bb7471a7e25c7fa6614f76d.mp4,20260609-9物-代理-启航-李博-【b1-p6-a1-2】-A5-B5-有-2,-,,,9元高中物理李博,9元高中物理李博,启航,其他,0,wangruixuebj01,2026/6/11,37,1274.91,36,4,0.03,98.19,6342.84,318.73,1.63%,1.90%,-,0.31,179.1
aae6f69b13bf8e44d2af5c5cc4ea4655,-,-,-,-,-,https://tutor-online.oss-cn-beijing.aliyuncs.com/growth/download-material/aae6f69b13bf8e44d2af5c5cc4ea4655.mp4,20260711-猿辅导高中双科-实拍-千川-暑期预习-通用-买数送物-期末差-李莹莹-bj郭铭泽--李文静yc-2.mp4,-,,,199元高中双科提分课,199元高中双科提分课,荔枝,其他,0,wangjiananbj03,2026/7/16,2,0.64,0,0,0,33.68,640,0,5.26%,0.00%,-,0,0
cf2489d7c36c95a71d252e96c3f95c82,-,-,-,-,-,https://tutor-online.oss-cn-beijing.aliyuncs.com/growth/download-material/cf2489d7c36c95a71d252e96c3f95c82.mp4,20260708-9物-代理-启航-李博-【b1-p6-j9-43】,-,,,9元高中物理李博,9元高中物理李博,启航,代理商,0,wangruixuebj01,2026/7/18,0,0.13,0,0,0,6.19,0,0,4.76%,0%,-,0,0
1588f0546cb46517c24f581db2d5df38,-,-,-,-,-,https://tutor-online.oss-cn-beijing.aliyuncs.com/growth/download-material/1588f0546cb46517c24f581db2d5df38.mp4,一键修复_20260606-猿辅导高中双科-实拍-买数学送物理-满意-张焱-bj庄紫薇-张雪依ec-二创-4.mp4,-,,,199元高中双科提分课,199元高中双科提分课,荔枝,其他,0,wangjiananbj03,2026/6/9,39,4.7,199,1,42.34,276.47,2350,4.7,11.76%,50.00%,-,58.82,99500
37bd9e7557c9fb6a49f281c84b9d3cd2,-,-,-,-,-,https://tutor-online.oss-cn-beijing.aliyuncs.com/growth/download-material/37bd9e7557c9fb6a49f281c84b9d3cd2.mp4,视频-720_1280-1-1781086113,-,,,9元高中物理李博,9元高中物理李博,十人,代理商,0,wangruixuebj01,2026/6/14,34,9017.25,324,36,0.04,162.67,13787.84,250.48,1.33%,4.90%,-,0.65,495.41
eeff9aae01bb0266b2d57486a76b68d6,-,-,-,-,-,https://tutor-online.oss-cn-beijing.aliyuncs.com/growth/download-material/eeff9aae01bb0266b2d57486a76b68d6.mp4,20260626-猿辅导高中双科-实拍-活动-夏他-张焱-bj李赛-二创-林文斌-张晓洁ec-1（镜像.mp4,-,,,199元高中双科提分课,199元高中双科提分课,荔枝,其他,0,wangjiananbj03,2026/6/29,19,0.13,0,0,0,32.5,0,0,0.00%,0.00%,-,0,0
dd79e722f93576d5d0269333c5000208,-,-,-,-,-,https://tutor-online.oss-cn-beijing.aliyuncs.com/growth/download-material/dd79e722f93576d5d0269333c5000208.mp4,0710-199双科-申坤-李博-李天-卞俊洁-A2-B4-无-高二高三-2,-,,,199元高中双科提分课,199元高中双科提分课,申坤,其他,0,wangjiananbj03,2026/7/14,4,4.53,0,0,0,24.49,2265,0,1.62%,0%,-,0,0
c98e1391fd947d9180c2ec021d5af2e4,-,-,-,-,-,https://tutor-online.oss-cn-beijing.aliyuncs.com/growth/download-material/c98e1391fd947d9180c2ec021d5af2e4.mp4,20260708-猿辅导高中双科-口播-活动-选哪栎-张焱-bj李栎-叶俊泽yc-5-前贴2.mp4,-,,,199元高中双科提分课,199元高中双科提分课,荔枝,其他,0,wangjiananbj03,2026/7/10,8,47.93,0,0,0,105.11,4793,0,2.19%,0.00%,-,0,0
954187e2d551bf88bcacaf08ba1eeb5c,-,-,-,-,-,https://tutor-online.oss-cn-beijing.aliyuncs.com/growth/download-material/954187e2d551bf88bcacaf08ba1eeb5c.mp4,0623-9物-玄武-李博-白潇凯-胡原宁-A1-B1-无-yfdwl0623b1浩2-宁-白-首,-,,,9元高中物理李博,9元高中物理李博,玄武,代理商,0,wangruixuebj01,2026/6/26,22,68.62,0,0,0,73.31,4901.43,0,1.60%,0%,-,0,0
a81355497b74d811b47ec2cbf38ff201,-,-,-,-,-,https://tutor-online.oss-cn-beijing.aliyuncs.com/growth/download-material/a81355497b74d811b47ec2cbf38ff201.mp4,0623-9物-玄武-李博-刘志宽-李明雪-A5-B2-无-3-yfdwl0623k1浩3-雪-龙-宽-首,-,,,9元高中物理李博,9元高中物理李博,玄武,代理商,0,wangruixuebj01,2026/6/28,20,14.12,0,0,0,100.86,4706.67,0,2.14%,0%,-,0,0
b827549c0f459dff345beb747e2c1908,-,-,-,-,-,https://tutor-online.oss-cn-beijing.aliyuncs.com/growth/download-material/b827549c0f459dff345beb747e2c1908.mp4,20260608-猿辅导高中双科-实拍-千川-性价比-买物送数-199学全年-幸亏-端午-唐欣悦-cd张璐-岳久鸿-裂变-张晓洁yc-7.mp4,-,,,199元高中双科提分课,199元高中双科提分课,荔枝,其他,0,wangjiananbj03,2026/6/8,40,23.66,0,0,0,249.05,3380,0,7.37%,0.00%,-,0,0
e1bb59d60198b885a463a77071980e5f,-,-,-,-,-,https://tutor-online.oss-cn-beijing.aliyuncs.com/growth/download-material/e1bb59d60198b885a463a77071980e5f.mp4,20260624-9物-代理-启航-李博-【b1-p6-a3-65-0629】-A5-B5-有-2,-,,,9元高中物理李博,9元高中物理李博,启航,代理商,0,wangruixuebj01,2026/7/11,7,9.51,0,0,0,176.11,0,0,0.00%,0.00%,-,0,0
2ad848909cae4cfe676903e7d6131618,-,-,-,-,-,https://tutor-online.oss-cn-beijing.aliyuncs.com/growth/download-material/2ad848909cae4cfe676903e7d6131618.mp4,20260629-猿辅导高中双科-实拍-活动-退了-张焱-cd张璐-袁北辰ec-二创-2.mp4,-,,,199元高中双科提分课,199元高中双科提分课,荔枝,其他,0,wangjiananbj03,2026/6/30,18,131.87,199,1,1.51,105.24,4709.64,131.87,2.23%,3.57%,-,0.8,7107.14
9fa04844405d1aa06f4d74595e2e6a46,-,-,-,-,-,https://tutor-online.oss-cn-beijing.aliyuncs.com/growth/download-material/9fa04844405d1aa06f4d74595e2e6a46.mp4,一键修复_20260616-猿辅导高中双科-实拍-千川-买物理送数学-没想到-常文茜-cd杨嘉欣-岳久鸿-张晓洁yc-1（前贴）.mp4,-,,,199元高中双科提分课,199元高中双科提分课,荔枝,其他,0,wangjiananbj03,2026/6/19,29,0.06,0,0,0,60,0,0,0.00%,0.00%,-,0,0
e999c4f0d595cd8d1a885e30dc241e6e,-,-,-,-,-,https://tutor-online.oss-cn-beijing.aliyuncs.com/growth/download-material/e999c4f0d595cd8d1a885e30dc241e6e.mp4,20260630-猿辅导高中双科-实拍-千川-活动-老天爷-唐欣悦-dr宝藏诗诗姐--李文静yc-2.mp4,-,,,199元高中双科提分课,199元高中双科提分课,荔枝,其他,0,wangjiananbj03,2026/7/3,15,3.43,0,0,0,163.33,1715,0,9.52%,0.00%,-,0,0
69a10f248cf9fa40ad36481d1184ef20,-,-,-,-,-,https://tutor-online.oss-cn-beijing.aliyuncs.com/growth/download-material/69a10f248cf9fa40ad36481d1184ef20.mp4,20260624-9物-代理-启航-李博-【b1-p6-a3-46-0624】-A5-B5-有-2,-,,,9元高中物理李博,9元高中物理李博,启航,代理商,0,wangruixuebj01,2026/6/30,18,1330.23,54,6,0.04,124.78,9853.56,221.71,1.44%,3.92%,-,0.56,400
919f7cf07e93e46f504fdf010de29d17,-,-,-,-,-,https://tutor-online.oss-cn-beijing.aliyuncs.com/growth/download-material/919f7cf07e93e46f504fdf010de29d17.mp4,20260618-猿辅导高中双科-实拍-活动-夏他-张焱-bj李赛-袁北辰ec-二创-5.mp4,-,,,199元高中双科提分课,199元高中双科提分课,荔枝,其他,0,wangjiananbj03,2026/6/18,30,346.96,199,1,0.57,79.18,6195.71,346.96,1.28%,1.79%,-,0.23,3553.57
ec895754b3a32c1015a89d4f31645288,-,-,-,-,-,https://tutor-online.oss-cn-beijing.aliyuncs.com/growth/download-material/ec895754b3a32c1015a89d4f31645288.mp4,0128-自产主-李博-8-3--有-9物-子矜-IP-曲中雨-娇-暑假,-,,,9元高中物理李博,9元高中物理李博,玄武,代理商,0,wangruixuebj01,2026/7/3,15,0.91,0,0,0,12.82,0,0,2.82%,0%,-,0,0
c7f4b91ddcc72e0341f1d9ea6147c90a,-,-,-,-,-,https://tutor-online.oss-cn-beijing.aliyuncs.com/growth/download-material/c7f4b91ddcc72e0341f1d9ea6147c90a.mp4,20260624-猿辅导高中双科-实拍-活动-放心-张焱-bj刘能能-袁北辰ec-二创-3.mp4,-,,,199元高中双科提分课,199元高中双科提分课,荔枝,其他,0,wangjiananbj03,2026/6/26,22,3.12,0,0,0,94.55,0,0,0.00%,0.00%,-,0,0
d65de92818fa8bbe3c0aa14ffd19fa6a,-,-,-,-,-,https://tutor-online.oss-cn-beijing.aliyuncs.com/growth/download-material/d65de92818fa8bbe3c0aa14ffd19fa6a.mp4,20260629-猿辅导高中双科-实拍-千川-活动-买数送物-199学三年-靠谱吗-常文茜-cd康艺凡-岳久鸿-叶俊泽yc-4.mp4,-,,,199元高中双科提分课,199元高中双科提分课,荔枝,代理商,0,wangjiananbj03,2026/7/3,15,16.54,0,0,0,254.46,2362.86,0,10.77%,0.00%,-,0,0
16a36d630e2b97b9c13e6a0673386300,-,-,-,-,-,https://tutor-online.oss-cn-beijing.aliyuncs.com/growth/download-material/16a36d630e2b97b9c13e6a0673386300.mp4,一键修复_20260703-猿辅导高中双科-实拍-活动-放心-张焱-bj刘能能-李文静ec-二创-1.mp4,-,,,199元高中双科提分课,199元高中双科提分课,荔枝,其他,0,wangjiananbj03,2026/7/7,11,125.03,0,0,0,197.21,5953.81,0,3.31%,0.00%,-,0,0
573cdf8bec2674a5cbc3e42185b628b2,-,-,-,-,-,https://tutor-online.oss-cn-beijing.aliyuncs.com/growth/download-material/573cdf8bec2674a5cbc3e42185b628b2.mp4,20260703-猿辅导高中双科-实拍-千川-活动-买数学送物理-上哪找二-常文茜-cd张艺馨-岳久鸿-叶俊泽yc-3-前贴.mp4,-,,,199元高中双科提分课,199元高中双科提分课,荔枝,其他,0,wangjiananbj03,2026/7/3,15,2.5,0,0,0,119.05,625,0,19.05%,0.00%,-,0,0
14a80859c86cc999f395eb9ad872d58c,-,-,-,-,-,https://tutor-online.oss-cn-beijing.aliyuncs.com/growth/download-material/14a80859c86cc999f395eb9ad872d58c.mp4,一键修复_20260608-猿辅导高中双科199-实拍-买物理送数学-选哪-张焱-bj于俏拼客供素材-李文静ec-视频号二创-6.mp4,-,,,199元高中双科提分课,199元高中双科提分课,荔枝,其他,0,wangjiananbj03,2026/6/9,39,26.9,0,0,0,172.44,6725,0,2.56%,0.00%,-,0,0
ab57144a7b57360696d9d58fcdac3f2d,-,-,-,-,-,https://tutor-online.oss-cn-beijing.aliyuncs.com/growth/download-material/ab57144a7b57360696d9d58fcdac3f2d.mp4,20260622-猿辅导高中双科-实拍-活动-夏他-张焱-bj李赛--张晓洁yc-8.1（前贴2）改高二,-,,,199元高中双科提分课,199元高中双科提分课,荔枝,其他,0,wangjiananbj03,2026/7/11,7,2213.31,1194,4,0.54,99.52,16517.24,553.33,0.96%,1.87%,-,0.18,8910.45
b649adc9594d52ddc154fb1b740f1981,-,-,-,-,-,https://tutor-online.oss-cn-beijing.aliyuncs.com/growth/download-material/b649adc9594d52ddc154fb1b740f1981.mp4,0708-199双科-申坤-李博-李天-卞俊洁-A1-B4-无-高二高三-1,-,,,199元高中双科提分课,199元高中双科提分课,申坤,其他,0,wangjiananbj03,2026/7/10,8,51.46,0,0,0,29.69,12865,0,0.40%,0%,-,0,0
0aa45bf11f1f1634218d7252cf2ceb1c,-,-,-,-,-,https://tutor-online.oss-cn-beijing.aliyuncs.com/growth/download-material/0aa45bf11f1f1634218d7252cf2ceb1c.mp4,一键修复_20260626-0606-199双科-自产-自产主-李博-曲中雨-子衿-A6-B2-ts罗雅雯-二创-李文静ec-视频号二创-9.mp4,-,,,199元高中双科提分课,199元高中双科提分课,荔枝,其他,0,wangjiananbj03,2026/7/1,17,17.54,0,0,0,292.33,3508,0,8.33%,0.00%,-,0,0
94d8eb2a55f0c2c2b230caa5764b71d7,-,-,-,-,-,https://tutor-online.oss-cn-beijing.aliyuncs.com/growth/download-material/94d8eb2a55f0c2c2b230caa5764b71d7.mp4,0623-9物-玄武-李博-白潇凯-胡原宁-A1-B2-有-yfdwl0623b1浩2-宁-白-首,-,,,9元高中物理李博,9元高中物理李博,玄武,代理商,0,wangruixuebj01,2026/6/27,21,0.02,0,0,0,1.82,0,0,0.00%,0.00%,-,0,0
e7e6b7c372c95815b4768d9ce455d778,-,-,-,-,-,https://tutor-online.oss-cn-beijing.aliyuncs.com/growth/download-material/e7e6b7c372c95815b4768d9ce455d778.mp4,20260622-猿辅导高中双科-实拍-视频号-ip李博-买物送数-199学三年-我的学生-常文茜-ip李博--张雪依yc-5（前贴版）.mp4,-,,,199元高中双科提分课,199元高中双科提分课,荔枝,代理商,0,wangjiananbj03,2026/6/24,24,0.01,0,0,0,10,10,0,100.00%,0.00%,-,0,0
d7b4af3284ddcceb0ff1e0e7e239df14,-,-,-,-,-,https://tutor-online.oss-cn-beijing.aliyuncs.com/growth/download-material/d7b4af3284ddcceb0ff1e0e7e239df14.mp4,0708-199双科-申坤-李博-李天-卞俊洁-A2-B4-无-高二高三-7,-,,,199元高中双科提分课,199元高中双科提分课,申坤,其他,0,wangjiananbj03,2026/7/9,9,3.54,0,0,0,33.4,0,0,0.00%,0.00%,-,0,0
d0f44eac07faf4fd3ee5228637fea88d,-,-,-,-,-,https://tutor-online.oss-cn-beijing.aliyuncs.com/growth/download-material/d0f44eac07faf4fd3ee5228637fea88d.mp4,20260708-猿辅导高中双科-实拍-活动-不是-张焱-bj毕娇-裂变-张晓洁yc-1.mp4,-,,,199元高中双科提分课,199元高中双科提分课,荔枝,代理商,0,wangjiananbj03,2026/7/9,9,3016.67,2388,12,0.79,36.13,3053.31,251.39,1.18%,1.21%,-,0.14,2417
d2193dc2f2009f68b3e837facf9e2812,-,-,-,-,-,https://tutor-online.oss-cn-beijing.aliyuncs.com/growth/download-material/d2193dc2f2009f68b3e837facf9e2812.mp4,20260708-猿辅导高中双科-口播-活动-选哪栎-张焱-bj李栎-叶俊泽yc-5-前贴1.mp4,-,,,199元高中双科提分课,199元高中双科提分课,荔枝,其他,0,wangjiananbj03,2026/7/10,8,59.19,0,0,0,39.02,3481.76,0,1.12%,0.00%,-,0,0
199be509ce3addcffe04988ddb5c5891,-,-,-,-,-,https://tutor-online.oss-cn-beijing.aliyuncs.com/growth/download-material/199be509ce3addcffe04988ddb5c5891.mp4,20260609-9物-代理-启航-李博-【b1-p6-j8-01】-A3-B2-有-6,-,,,9元高中物理李博,9元高中物理李博,启航,其他,0,wangruixuebj01,2026/6/11,37,939.4,0,0,0,141.24,9209.8,0,1.73%,0%,-,0,0
bf98aa5cc2a7bef3193205445787be21,-,-,-,-,-,https://tutor-online.oss-cn-beijing.aliyuncs.com/growth/download-material/bf98aa5cc2a7bef3193205445787be21.mp4,20260710-猿辅导高中双科-实拍-活动-199学三年-买数送物-通用-买数送物-傻子-唐欣悦-cd文雨婷-岳久鸿-詹铠任yc.mp4,-,,,199元高中双科提分课,199元高中双科提分课,荔枝,其他,0,wangjiananbj03,2026/7/11,7,6.49,0,0,0,185.43,3245,0,5.71%,0.00%,-,0,0
65021d06a0fb4190f4055e96b1bd0440,-,-,-,-,-,https://tutor-online.oss-cn-beijing.aliyuncs.com/growth/download-material/65021d06a0fb4190f4055e96b1bd0440.mp4,一键修复_20260604-猿辅导高中双科-实拍-买物理送数学-再说-张焱-bj丁梓仟-曾柔雪ec拼客供素材-李文静ec-视频号二创-1.mp4,-,,,199元高中双科提分课,199元高中双科提分课,荔枝,其他,0,wangjiananbj03,2026/6/8,40,68.71,199,1,2.9,92.98,2544.81,68.71,3.65%,3.70%,-,1.35,7370.37
f8bc638d01c73c81e8957e0d0c6f9c7d,-,-,-,-,-,https://tutor-online.oss-cn-beijing.aliyuncs.com/growth/download-material/f8bc638d01c73c81e8957e0d0c6f9c7d.mp4,0630-199双科-申坤-李博-李天-卞俊洁-A2-B4-无-16,-,,,199元高中双科提分课,199元高中双科提分课,申坤,其他,0,wangjiananbj03,2026/7/10,8,35.18,199,1,5.66,174.16,35180,35.18,1.98%,25.00%,-,4.95,199000
23d0a5350157a7c0e2f986ec510f4c47,-,-,-,-,-,https://tutor-online.oss-cn-beijing.aliyuncs.com/growth/download-material/23d0a5350157a7c0e2f986ec510f4c47.mp4,20260630-猿辅导高中双科-实拍-千川-暑期规划-199学全年-就敢-高二-唐欣悦-bj冷一丁--张晓洁yc-2.mp4,-,,,199元高中双科提分课,199元高中双科提分课,荔枝,其他,0,wangjiananbj03,2026/7/9,9,2.4,0,0,0,160,2400,0,6.67%,0.00%,-,0,0
9440eb99dc1051ef06a14e870bdf8a12,-,-,-,-,-,https://tutor-online.oss-cn-beijing.aliyuncs.com/growth/download-material/9440eb99dc1051ef06a14e870bdf8a12.mp4,0623-9物-玄武-李博-郝增鑫-李明雪-A7-B1-无-4-yfdwl0623h1浩4-雪-鑫-无前贴,-,,,9元高中物理李博,9元高中物理李博,玄武,代理商,0,wangruixuebj01,2026/6/26,22,47.79,0,0,0,49.68,11947.5,0,0.73%,0%,-,0,0
9e7dcfdf91165453b10e90147922a4b9,-,-,-,-,-,https://tutor-online.oss-cn-beijing.aliyuncs.com/growth/download-material/9e7dcfdf91165453b10e90147922a4b9.mp4,0709-199双科-申坤-李博-李天-张佳乐-A1-B4-无-高二高三-2,-,,,199元高中双科提分课,199元高中双科提分课,申坤,其他,0,wangjiananbj03,2026/7/14,4,7.5,0,0,0,20.89,0,0,0.00%,0.00%,-,0,0
5a18e72f2e1bea668aa2898149b5eab4,-,-,-,-,-,https://tutor-online.oss-cn-beijing.aliyuncs.com/growth/download-material/5a18e72f2e1bea668aa2898149b5eab4.mp4,20260701-猿辅导高中双科-实拍-千川-买数送物-专家分享-搞定-高二-张焱-bj宋钦冲-叶俊泽yc-5.mp4,-,,,199元高中双科提分课,199元高中双科提分课,荔枝,其他,0,wangjiananbj03,2026/7/3,15,47.22,0,0,0,476.97,3372.86,0,14.14%,0.00%,-,0,0
9a131bd31994ba90016c70269950a40e,-,-,-,-,-,https://tutor-online.oss-cn-beijing.aliyuncs.com/growth/download-material/9a131bd31994ba90016c70269950a40e.mp4,20260620-猿辅导高中双科-实拍-千川-线下班对比-还在纠结-唐欣悦-bj于靖-ts罗雅雯-二创-张晓洁ec-3.mp4,-,,,199元高中双科提分课,199元高中双科提分课,荔枝,其他,0,wangjiananbj03,2026/6/23,25,0.36,0,0,0,120,360,0,33.33%,0.00%,-,0,0
95ce8b7875185851612cbd60c2360b5d,-,-,-,-,-,https://tutor-online.oss-cn-beijing.aliyuncs.com/growth/download-material/95ce8b7875185851612cbd60c2360b5d.mp4,0703-199双科-申坤-李博-李天-卞俊洁-A2-B4-无-3,-,,,199元高中双科提分课,199元高中双科提分课,申坤,其他,0,wangjiananbj03,2026/7/9,9,2997.76,1393,7,0.46,151.48,19852.72,428.25,0.94%,3.74%,-,0.35,9225.17
f2141b5fb675900c6bea59d6a54a1b7c,-,-,-,-,-,https://tutor-online.oss-cn-beijing.aliyuncs.com/growth/download-material/f2141b5fb675900c6bea59d6a54a1b7c.mp4,20260606-猿辅导高中双科-实拍-塑品-买数送物-全年-舍得-张焱+ts罗雅雯-bj李栎-张雪依ec-二创-2.mp4,-,,,199元高中双科提分课,199元高中双科提分课,荔枝,其他,0,wangjiananbj03,2026/6/9,39,0.16,0,0,0,40,0,0,0.00%,0.00%,-,0,0
e0b380123b4f5dfce0213c62d0646513,-,-,-,-,-,https://tutor-online.oss-cn-beijing.aliyuncs.com/growth/download-material/e0b380123b4f5dfce0213c62d0646513.mp4,20260711-猿辅导高中双科-实拍-千川-线下班对比-199学三年-答应我-高二-唐欣悦-bj赵阳-二创-叶俊泽ec-ts罗雅雯-17.mp4,-,,,199元高中双科提分课,199元高中双科提分课,荔枝,其他,0,wangjiananbj03,2026/7/16,2,88.06,0,0,0,1693.46,22015,0,7.69%,0.00%,-,0,0
190f0c94c56e97c5967fd996a66efede,-,-,-,-,-,https://tutor-online.oss-cn-beijing.aliyuncs.com/growth/download-material/190f0c94c56e97c5967fd996a66efede.mp4,20260627-猿辅导高中双科-实拍-千川-买数学送物理-线下班对比-三人行-常文茜-bj李栎-叶俊泽yc-1-前贴,-,,,199元高中双科提分课,199元高中双科提分课,自投放,其他,0,wangjiananbj03,2026/7/10,8,83.34,0,0,0,65.57,41670,0,0.24%,0%,-,0,0
22261481325f3e910a504421ac91593b,-,-,-,-,-,https://tutor-online.oss-cn-beijing.aliyuncs.com/growth/download-material/22261481325f3e910a504421ac91593b.mp4,0714-199双科-申坤-李博-李天-卞俊洁-A2-B4-无-02,-,,,199元高中双科提分课,199元高中双科提分课,申坤,其他,0,wangjiananbj03,2026/7/16,2,232.49,0,0,0,43.02,58122.5,0,0.17%,0%,-,0,0
0388726ee554880c41cbe41f34808592,-,-,-,-,-,https://tutor-online.oss-cn-beijing.aliyuncs.com/growth/download-material/0388726ee554880c41cbe41f34808592.mp4,20260701-猿辅导高中双科-实拍-活动-买数送物-通用-买数送物-懂行-李莹莹-dr苗姐姐--邓又滔yc-0710-2-前贴.mp4,-,,,199元高中双科提分课,199元高中双科提分课,荔枝,其他,0,wangjiananbj03,2026/7/13,5,11.52,0,0,0,57.31,2880,0,1.99%,0.00%,-,0,0
312ec67c927532ad4e1154f0ac2b19c3,-,-,-,-,-,https://tutor-online.oss-cn-beijing.aliyuncs.com/growth/download-material/312ec67c927532ad4e1154f0ac2b19c3.mp4,20260704-猿辅导高中双科-混剪-图-张凌-张焱-张雪依yc-9-高二高三.mp4,-,,,199元高中双科提分课,199元高中双科提分课,荔枝,其他,0,wangjiananbj03,2026/7/9,9,3.87,0,0,0,161.25,1935,0,8.33%,0.00%,-,0,0
baca21b6e2a0c47913078d0014091e4c,-,-,-,-,-,https://img-pub.oss-cn-beijing-internal.aliyuncs.com/19e920a525cdf3b.mp4,9元视频1006-0602拓-9物-十人-bmqr-ylb-A2-B4-jzzy-pwjl-1,-,,,9元高中物理李博,9元高中物理李博,十人,代理商,0,wangruixuebj01,2026/6/5,43,50.18,0,0,0,183.14,16726.67,0,1.09%,0%,-,0,0
7704e31cba7f575ebf5204cbbf606bad,-,-,-,-,-,https://tutor-online.oss-cn-beijing.aliyuncs.com/growth/download-material/7704e31cba7f575ebf5204cbbf606bad.mp4,一键修复_20260703-0606-199双科-自产-自产主-李博-曲中雨-子衿-A6-B2-ts罗雅雯-高二-李文静ec-二创-10.mp4,-,,,199元高中双科提分课,199元高中双科提分课,荔枝,其他,0,wangjiananbj03,2026/7/8,10,5.76,0,0,0,160,5760,0,2.78%,0.00%,-,0,0
7c1442b9be485f70548ddafef5a2c22e,-,-,-,-,-,https://tutor-online.oss-cn-beijing.aliyuncs.com/growth/download-material/7c1442b9be485f70548ddafef5a2c22e.mp4,20260623-猿辅导高中数学199-实拍-活动-划走-张焱-bj李栎-勒边-张晓洁yc-5.mp4,-,,,199元高中双科提分课,199元高中双科提分课,荔枝,其他,0,wangjiananbj03,2026/6/23,25,104.41,0,0,0,255.91,4176.4,0,6.13%,0.00%,-,0,0
76207c46fee864ebb22974bfade61577,-,-,-,-,-,https://tutor-online.oss-cn-beijing.aliyuncs.com/growth/download-material/76207c46fee864ebb22974bfade61577.mp4,20260710-猿辅导高中双科-实拍-千川-效果展示-高二-买数送物-不推-张焱-bj宋钦冲--岳久鸿yc-1（前贴）.mp4,-,,,199元高中双科提分课,199元高中双科提分课,荔枝,其他,0,wangjiananbj03,2026/7/16,2,22.79,0,0,0,245.05,2532.22,0,9.68%,0.00%,-,0,0
c55a1475c0aa4a7893d46bd9e7c44306,-,-,-,-,-,https://tutor-online.oss-cn-beijing.aliyuncs.com/growth/download-material/c55a1475c0aa4a7893d46bd9e7c44306.mp4,20260711-猿辅导高中双科-实拍-千川-暑期预习-通用-买数送物-期末差-李莹莹-bj郭铭泽--李文静yc-2-前贴.mp4,-,,,199元高中双科提分课,199元高中双科提分课,荔枝,其他,0,wangjiananbj03,2026/7/16,2,8.32,0,0,0,332.8,1188.57,0,28.00%,0.00%,-,0,0
2b4e3b9e040dbf4d7bc0f3fff82390bb,-,-,-,-,-,https://tutor-online.oss-cn-beijing.aliyuncs.com/growth/download-material/2b4e3b9e040dbf4d7bc0f3fff82390bb.mp4,20260624-9物-代理-启航-李博-【b1-p6-a3-61-0629】-A5-B5-有-2,-,,,9元高中物理李博,9元高中物理李博,启航,代理商,0,wangruixuebj01,2026/7/11,7,2.09,0,0,0,53.59,0,0,0.00%,0.00%,-,0,0
fa6acc73817adda7f512063884573e10,-,-,-,-,-,https://tutor-online.oss-cn-beijing.aliyuncs.com/growth/download-material/fa6acc73817adda7f512063884573e10.mp4,0715-199双科-申坤-李博-李天-卞俊洁-A2-B5-有-07,-,,,199元高中双科提分课,199元高中双科提分课,申坤,代理商,0,wangjiananbj03,2026/7/18,0,0.63,0,0,0,7.68,0,0,0.00%,0.00%,-,0,0
c30d66c25ea8cc98b44f47c541d51f77,-,-,-,-,-,https://tutor-online.oss-cn-beijing.aliyuncs.com/growth/download-material/c30d66c25ea8cc98b44f47c541d51f77.mp4,20260713-猿辅导高中双科-实拍-活动-通用-五科-不是冷-张焱-bj冷一丁--张晓洁yc-1.2（前贴2）,-,,,199元高中双科提分课,199元高中双科提分课,荔枝,其他,0,wangjiananbj03,-,-,2.44,0,0,0,31.28,0,0,0.00%,0.00%,-,0,0
5fd43734c6d3db3e304c141f344b534d,-,-,-,-,-,https://tutor-online.oss-cn-beijing.aliyuncs.com/growth/download-material/5fd43734c6d3db3e304c141f344b534d.mp4,20260612-猿辅导高中双科-实拍-千川-活动-五科-199学三年-不要-唐欣悦-詹铠任-cd鲨鱼-叶俊泽yc-1-前贴2,-,,,199元高中双科提分课,199元高中双科提分课,荔枝,代理商,0,wangjiananbj03,2026/6/20,28,5.11,0,0,0,134.47,0,0,0.00%,0.00%,-,0,0
8a913b65d4d60a85a90f96bfd66d70b4,-,-,-,-,-,https://tutor-online.oss-cn-beijing.aliyuncs.com/growth/download-material/8a913b65d4d60a85a90f96bfd66d70b4.mp4,20260624-猿辅导高中双科-实拍-千川-买数送物-199学三年--唐欣悦-bj于靖--张晓洁yc-1.mp4,-,,,199元高中双科提分课,199元高中双科提分课,荔枝,其他,0,wangjiananbj03,2026/6/27,21,0.02,0,0,0,20,0,0,0.00%,0.00%,-,0,0
ff807e5a244760429c7d009cfae0471d,-,-,-,-,-,https://tutor-online.oss-cn-beijing.aliyuncs.com/growth/download-material/ff807e5a244760429c7d009cfae0471d.mp4,20260714-猿辅导高中双科-实拍-千川-活动-通用-五科--张焱-bj冷一丁-叶俊泽yc-5-前贴.mp4,-,,,199元高中双科提分课,199元高中双科提分课,荔枝,其他,0,wangjiananbj03,2026/7/17,1,97.13,0,0,0,161.88,12141.25,0,1.33%,0.00%,-,0,0
83454092647d0ea6c38c925bf56b6a0b,-,-,-,-,-,https://tutor-online.oss-cn-beijing.aliyuncs.com/growth/download-material/83454092647d0ea6c38c925bf56b6a0b.mp4,20260606-猿辅导高中双科-实拍-买数学送物理-满意-张焱-bj庄紫薇-张雪依ec-二创-8,-,,,199元高中双科提分课,199元高中双科提分课,荔枝,其他,0,wangjiananbj03,2026/6/23,25,18.47,0,0,0,94.23,18470,0,1.02%,0%,-,0,0
3664cd4c41a5a3e283b163da52eca7ce,-,-,-,-,-,https://tutor-online.oss-cn-beijing.aliyuncs.com/growth/download-material/3664cd4c41a5a3e283b163da52eca7ce.mp4,0610-199双科-自产-自产主-李博-视觉锤-子衿-A5-B1-有-9.mp4,-,,,199元高中双科提分课,199元高中双科提分课,荔枝,其他,0,wangjiananbj03,2026/6/19,29,0.19,0,0,0,63.33,95,0,66.67%,0.00%,-,0,0
98c9d4b9ed9bfe15afe57668c2996ba0,-,-,-,-,-,https://tutor-online.oss-cn-beijing.aliyuncs.com/growth/download-material/98c9d4b9ed9bfe15afe57668c2996ba0.mp4,20260624-9物-代理-启航-李博-【b1-p6-a3-72-0630】-A5-B5-有-2,-,,,9元高中物理李博,9元高中物理李博,启航,代理商,0,wangruixuebj01,2026/7/10,8,7.71,0,0,0,62.68,2570,0,2.44%,0%,-,0,0
6e2ce8b6d29a7001d1cf90e6c2e178f9,-,-,-,-,-,https://tutor-online.oss-cn-beijing.aliyuncs.com/growth/download-material/6e2ce8b6d29a7001d1cf90e6c2e178f9.mp4,9元视频769-0316-9物-十人-bmqr-李博-A2-B4-jjsx-pwjl-2,-,,,9元高中物理李博,9元高中物理李博,十人,其他,0,wangruixuebj01,2026/6/5,43,142.17,36,4,0.25,150.29,20310,35.54,1.37%,30.77%,-,4.23,5142.86
eaa4ae3486be3b25f830f0b610faad68,-,-,-,-,-,https://tutor-online.oss-cn-beijing.aliyuncs.com/growth/download-material/eaa4ae3486be3b25f830f0b610faad68.mp4,0717-199双科-申坤-李博-李天-张佳乐-A7-B2-无-14,-,,,199元高中双科提分课,199元高中双科提分课,申坤,代理商,0,wangjiananbj03,2026/7/18,0,0.06,0,0,0,2.73,0,0,0.00%,0.00%,-,0,0
985d34bd9893e863d119b7b89e6823ae,-,-,-,-,-,https://tutor-online.oss-cn-beijing.aliyuncs.com/growth/download-material/985d34bd9893e863d119b7b89e6823ae.mp4,20260616-猿辅导高中双科-实拍-千川-焦虑--张焱-bj李赛--张晓洁yc-4（前贴改）.mp4,-,,,199元高中双科提分课,199元高中双科提分课,荔枝,其他,0,wangjiananbj03,2026/6/18,30,11.51,0,0,0,244.89,5755,0,4.26%,0.00%,-,0,0
363fa0ab92ce748ad0fb7f116e6f2f89,-,-,-,-,-,https://tutor-online.oss-cn-beijing.aliyuncs.com/growth/download-material/363fa0ab92ce748ad0fb7f116e6f2f89.mp4,20260704-猿辅导高中双科-实拍-千川-活动-再加-张焱-bj冷一丁-叶俊泽ec-二创-ts徐鑫悦-5,-,,,199元高中双科提分课,199元高中双科提分课,荔枝,其他,0,wangjiananbj03,2026/7/9,9,1.66,0,0,0,97.65,0,0,0.00%,0.00%,-,0,0
6651da01d04aa9b07485df8de91c442f,-,-,-,-,-,https://img-pub.oss-cn-beijing-internal.aliyuncs.com/19f1279be707e99.mp4,9元视频1171-0625-9物-代理-十人-李博-jjsx-bwxy-A2-B1-pwjl-pcc-有-2,-,,,9元高中物理李博,9元高中物理李博,十人,代理商,0,wangruixuebj01,2026/6/30,18,0.5,0,0,0,27.78,0,0,0.00%,0.00%,-,0,0
9326b5aa3aa0177602bfca5b97b8cc3a,-,-,-,-,-,https://tutor-online.oss-cn-beijing.aliyuncs.com/growth/download-material/9326b5aa3aa0177602bfca5b97b8cc3a.mp4,9元视频1217-0715-9物-代理-十人-李博-jjsx-bwxy-A2-B1-pcc-pwjl-有-2,-,,,9元高中物理李博,9元高中物理李博,十人,代理商,0,wangruixuebj01,2026/7/18,0,0.04,0,0,0,2.86,0,0,0.00%,0.00%,-,0,0
ca49915b69780a0133d477174e3614bf,-,-,-,-,-,https://tutor-online.oss-cn-beijing.aliyuncs.com/growth/download-material/ca49915b69780a0133d477174e3614bf.mp4,202607011-猿辅导高中双科-实拍-活动-199学三年-买数送物-通用-买数送物-沉得住气-唐欣悦-cd文雨婷-岳久鸿-叶俊泽yc-3.mp4,-,,,199元高中双科提分课,199元高中双科提分课,荔枝,其他,0,wangjiananbj03,2026/7/16,2,12.86,0,0,0,136.81,1169.09,0,11.70%,0.00%,-,0,0
22261481325f3e910a504421ac91593b,-,-,-,-,-,https://tutor-online.oss-cn-beijing.aliyuncs.com/growth/download-material/22261481325f3e910a504421ac91593b.mp4,0714-199双科-申坤-李博-李天-卞俊洁-A2-B4-无-02,-,,,199元高中双科提分课,199元高中双科提分课,申坤,其他,0,wangjiananbj03,2026/7/15,3,35.44,0,0,0,39.6,7088,0,0.56%,0%,-,0,0
d873a8726433fb3a27f572f0a05d3293,-,-,-,-,-,https://tutor-online.oss-cn-beijing.aliyuncs.com/growth/download-material/d873a8726433fb3a27f572f0a05d3293.mp4,20260627-猿辅导高中双科-实拍-视频号-ip李博-买物送数-199学三年-毫无困难-常文茜-IP李博-裂变-詹铠任yc2,-,,,199元高中双科提分课,199元高中双科提分课,荔枝,代理商,0,wangjiananbj03,2026/7/16,2,4.92,0,0,0,64.74,4920,0,1.32%,0%,-,0,0
8b55d3a31bea8336a6738d09d8b6f6e3,-,-,-,-,-,https://tutor-online.oss-cn-beijing.aliyuncs.com/growth/download-material/8b55d3a31bea8336a6738d09d8b6f6e3.mp4,20260623-猿辅导高中双科-实拍-活动-上哪找-常文茜-cd雪儿-岳久鸿-裂变-张晓洁yc-7.mp4,-,,,199元高中双科提分课,199元高中双科提分课,荔枝,其他,0,wangjiananbj03,2026/6/26,22,1.54,0,0,0,64.17,1540,0,4.17%,0.00%,-,0,0
670370d61441c6352be5f2aae33f58b0,-,-,-,-,-,https://tutor-online.oss-cn-beijing.aliyuncs.com/growth/download-material/670370d61441c6352be5f2aae33f58b0.mp4,20260625-猿辅导高中双科-实拍-买物理送数学-再说-张焱-bj丁梓仟-张晓洁yc-3.mp4,-,,,199元高中双科提分课,199元高中双科提分课,荔枝,代理商,0,wangjiananbj03,2026/6/25,23,6.83,0,0,0,179.74,2276.67,0,7.89%,0.00%,-,0,0
e7a6bd1525361837297544242ed6b443,-,-,-,-,-,https://tutor-online.oss-cn-beijing.aliyuncs.com/growth/download-material/e7a6bd1525361837297544242ed6b443.mp4,20260711-猿辅导高中双科-实拍-千川-买数送物-专家分享-可以不-高二-张焱-dr珈岐妈妈-李文静ec-二创-11.mp4,-,,,199元高中双科提分课,199元高中双科提分课,荔枝,其他,0,wangjiananbj03,2026/7/13,5,12.24,0,0,0,306,4080,0,7.50%,0.00%,-,0,0
cb56afd245c2bae5e958be5e95565f46,-,-,-,-,-,https://tutor-online.oss-cn-beijing.aliyuncs.com/growth/download-material/cb56afd245c2bae5e958be5e95565f46.mp4,20260623-猿辅导高中双科-实拍-千川-活动-买数学送物理-犹豫-张焱-bj于靖-裂变-张晓洁yc-1.mp4,-,,,199元高中双科提分课,199元高中双科提分课,荔枝,其他,0,wangjiananbj03,2026/6/23,25,3.78,0,0,0,140,1890,0,7.41%,0.00%,-,0,0
92fe660405a8b9640d8c0b90fe6d0535,-,-,-,-,-,https://tutor-online.oss-cn-beijing.aliyuncs.com/growth/download-material/92fe660405a8b9640d8c0b90fe6d0535.mp4,一键修复_20260708-猿辅导高中双科-实拍-视频号-专家分享-买数送物-高二-买数送物-遇到-张焱-cd张璐-高俊南-张晓洁yc-4.mp4,-,,,199元高中双科提分课,199元高中双科提分课,荔枝,其他,0,wangjiananbj03,2026/7/14,4,3.92,0,0,0,126.45,435.56,0,29.03%,0.00%,-,0,0
57c78b647b75d1707df3a46cde1834ca,-,-,-,-,-,https://tutor-online.oss-cn-beijing.aliyuncs.com/growth/download-material/57c78b647b75d1707df3a46cde1834ca.mp4,20260717-猿辅导高中双科-实拍-视频号-活动-199学三年-买数送物-通用-买数送物-地板价-唐欣悦-bj李栎-裂变-张晓洁yc-2.mp4,-,,,199元高中双科提分课,199元高中双科提分课,荔枝,其他,0,wangjiananbj03,2026/7/17,1,6.07,0,0,0,433.57,6070,0,7.14%,0.00%,-,0,0
b45fde31f3f26f502ff016dea50166c2,-,-,-,-,-,https://tutor-online.oss-cn-beijing.aliyuncs.com/growth/download-material/b45fde31f3f26f502ff016dea50166c2.mp4,0708-199双科-申坤-李博-李天-卞俊洁-A2-B4-无-1,-,,,199元高中双科提分课,199元高中双科提分课,申坤,其他,0,wangjiananbj03,2026/7/10,8,0,0,0,0,0,0,0,0.00%,0.00%,-,0,0
fd5f5d7491715a08fc0f41f66211d9a8,-,-,-,-,-,https://tutor-online.oss-cn-beijing.aliyuncs.com/growth/download-material/fd5f5d7491715a08fc0f41f66211d9a8.mp4,20260711-猿辅导高中双科-实拍-千川-买物送数-专家分享-跟你学-高二高三-李莹莹-b宋钦冲-二创-ts文丹-叶俊泽ec-25.mp4,-,,,199元高中双科提分课,199元高中双科提分课,荔枝,其他,0,wangjiananbj03,2026/7/16,2,13.51,0,0,0,287.45,2702,0,10.64%,0.00%,-,0,0
0b32cfebafccdf37628dc00a141ae387,-,-,-,-,-,https://tutor-online.oss-cn-beijing.aliyuncs.com/growth/download-material/0b32cfebafccdf37628dc00a141ae387.mp4,一键修复_20260625-猿辅导高中双科-实拍-千川-买物送数-199学三年--唐欣悦-cd琳瑶-岳久鸿-叶俊泽yc-12-前贴.mp4,-,,,199元高中双科提分课,199元高中双科提分课,荔枝,其他,0,wangjiananbj03,2026/7/2,16,11.61,0,0,0,313.78,3870,0,8.11%,0.00%,-,0,0
192ef6ae906f20478ed6f696e86a659f,-,-,-,-,-,https://tutor-online.oss-cn-beijing.aliyuncs.com/growth/download-material/192ef6ae906f20478ed6f696e86a659f.mp4,20260711-猿辅导高中双科-实拍-视频号-暑期规划-买物送数-全年-高二-高二-买物送数-有远见-高二-常文茜-bj张子凡--李文静yc-4,-,,,199元高中双科提分课,199元高中双科提分课,荔枝,代理商,0,wangjiananbj03,2026/7/17,1,7.48,0,0,0,68.62,0,0,0.00%,0.00%,-,0,0
abea089a55eba801358b71ce8f75393a,-,-,-,-,-,https://tutor-online.oss-cn-beijing.aliyuncs.com/growth/download-material/abea089a55eba801358b71ce8f75393a.mp4,20260715-猿辅导高中数物（高二）-混剪-图-程序-5.mp4,-,,,199元高中双科提分课,199元高中双科提分课,荔枝,其他,0,wangjiananbj03,2026/7/17,1,5.15,0,0,0,47.25,5150,0,0.92%,0.00%,-,0,0
081fb7c540620262e692650a399bfda2,-,-,-,-,-,https://tutor-online.oss-cn-beijing.aliyuncs.com/growth/download-material/081fb7c540620262e692650a399bfda2.mp4,20260704-猿辅导高中双科-实拍-千川-买数送物-199学三年--唐欣悦-bj于靖-叶俊泽ec-二创-9.mp4,-,,,199元高中双科提分课,199元高中双科提分课,荔枝,其他,0,wangjiananbj03,2026/7/9,9,16.58,0,0,0,325.1,5526.67,0,5.88%,0.00%,-,0,0
ee29f2ebd47b9309763c160c1ab0685b,-,-,-,-,-,https://tutor-online.oss-cn-beijing.aliyuncs.com/growth/download-material/ee29f2ebd47b9309763c160c1ab0685b.mp4,0707-199双科-申坤-李博-李天-王合云-A1-B4-无-高二高三-05,-,,,199元高中双科提分课,199元高中双科提分课,申坤,其他,0,wangjiananbj03,2026/7/7,11,0.01,0,0,0,10,0,0,0.00%,0.00%,-,0,0
4c1d7bb717052920df7f4a4e6141bd9e,-,-,-,-,-,https://tutor-online.oss-cn-beijing.aliyuncs.com/growth/download-material/4c1d7bb717052920df7f4a4e6141bd9e.mp4,20260627-猿辅导高中双科-实拍-千川-线下班对比-买数送物-太有钱-唐欣悦-cd康艺凡-岳久鸿-詹铠任yc,-,,,199元高中双科提分课,199元高中双科提分课,荔枝,代理商,0,wangjiananbj03,2026/7/10,8,108.54,0,0,0,204.79,54270,0,0.38%,0%,-,0,0
89da9b52b73902ddbfb8820c827262e6,-,-,-,-,-,https://tutor-online.oss-cn-beijing.aliyuncs.com/growth/download-material/89da9b52b73902ddbfb8820c827262e6.mp4,0715-199双科-申坤-李博-李天-卞俊洁-A1-B4-无-02,-,,,199元高中双科提分课,199元高中双科提分课,申坤,其他,0,wangjiananbj03,2026/7/17,1,0.5,0,0,0,27.78,0,0,0.00%,0.00%,-,0,0
b093133995ffbe40b35b0917667b120e,-,-,-,-,-,https://tutor-online.oss-cn-beijing.aliyuncs.com/growth/download-material/b093133995ffbe40b35b0917667b120e.mp4,一键修复_20260623-猿辅导高中双科-实拍-千川-分数痛点-买数学送物理-一起-张焱-bj冷一丁-裂变-张晓洁yc-2.mp4,-,,,199元高中双科提分课,199元高中双科提分课,荔枝,其他,0,wangjiananbj03,2026/6/24,24,0.18,0,0,0,45,0,0,0.00%,0.00%,-,0,0
6d9e7fe761b361c9c1e7ca13b61d4368,-,-,-,-,-,https://tutor-online.oss-cn-beijing.aliyuncs.com/growth/download-material/6d9e7fe761b361c9c1e7ca13b61d4368.mp4,20200627-0606-199双科-自产-自产主-李博-曲中雨-子衿-A6-B2-ts张琴-二创-叶俊泽ec-20,-,,,199元高中双科提分课,199元高中双科提分课,自投放,其他,0,wangjiananbj03,2026/7/10,8,173.98,0,0,0,147.32,43495,0,0.59%,0%,-,0,0
bd65c398b3bd0b27284d7f1bd43f95b2,-,-,-,-,-,https://tutor-online.oss-cn-beijing.aliyuncs.com/growth/download-material/bd65c398b3bd0b27284d7f1bd43f95b2.mp4,20260617-猿辅导高中双科-图文混剪--宝贝真棒-唐欣悦---张晓洁ec-2,-,,,199元高中双科提分课,199元高中双科提分课,荔枝,其他,0,wangjiananbj03,2026/7/4,14,1394.83,398,2,0.29,100.96,20214.93,697.42,0.82%,1.77%,-,0.14,5768.12
4dff3668fb82911259fbc20c1eb07037,-,-,-,-,-,https://tutor-online.oss-cn-beijing.aliyuncs.com/growth/download-material/4dff3668fb82911259fbc20c1eb07037.mp4,20260707-猿辅导高中双科-实拍-千川-活动-买数送物-冤大头-张焱-bj郭铭泽-裂变-张晓洁yc-5.mp4,-,,,199元高中双科提分课,199元高中双科提分课,荔枝,其他,0,wangjiananbj03,2026/7/9,9,90.4,0,0,0,175.53,5317.65,0,3.30%,0.00%,-,0,0
68398a1bdad19a7f388441b42d7f5945,-,-,-,-,-,https://tutor-online.oss-cn-beijing.aliyuncs.com/growth/download-material/68398a1bdad19a7f388441b42d7f5945.mp4,20260704-猿辅导高中双科-实拍-活动-夏他-张焱-bj李赛-二创-叶俊泽ec-二创-8（镜像）,-,,,199元高中双科提分课,199元高中双科提分课,荔枝,其他,0,wangjiananbj03,2026/7/9,9,0.51,0,0,0,63.75,0,0,0.00%,0.00%,-,0,0
f41e5bf6abcd9824aba187e717574fac,-,-,-,-,-,https://tutor-online.oss-cn-beijing.aliyuncs.com/growth/download-material/f41e5bf6abcd9824aba187e717574fac.mp4,0703-199双科-申坤-王晶-李天-卞俊洁-A3-B4-有-21,-,,,199元高中双科提分课,199元高中双科提分课,申坤,其他,0,wangjiananbj03,2026/7/7,11,9.94,0,0,0,39.44,9940,0,0.40%,0%,-,0,0
c10ab922862afc6f99ddb67fd61cc9f0,-,-,-,-,-,https://tutor-online.oss-cn-beijing.aliyuncs.com/growth/download-material/c10ab922862afc6f99ddb67fd61cc9f0.mp4,20260701-猿辅导高中双科-实拍-千川-买数送物-专家分享-搞定-高二-张焱-bj宋钦冲-叶俊泽ec-二创-ts徐鑫悦-高三-五科-7.mp4,-,,,199元高中双科提分课,199元高中双科提分课,荔枝,其他,0,wangjiananbj03,2026/7/9,9,29.94,0,0,0,544.36,5988,0,9.09%,0.00%,-,0,0
6f3779f153a6fc6fab73acfab8870867,-,-,-,-,-,https://tutor-online.oss-cn-beijing.aliyuncs.com/growth/download-material/6f3779f153a6fc6fab73acfab8870867.mp4,0717-199双科-申坤-李博-李天-张佳乐-A2-B6-有-12,-,,,199元高中双科提分课,199元高中双科提分课,申坤,其他,0,wangjiananbj03,2026/7/18,0,0.01,0,0,0,10,0,0,0.00%,0.00%,-,0,0
0a217bf966176b057f735fc9a8d91db3,-,-,-,-,-,https://tutor-online.oss-cn-beijing.aliyuncs.com/growth/download-material/0a217bf966176b057f735fc9a8d91db3.mp4,20260707-猿辅导高中双科-实拍-买物理送数学-再说夏他-张焱-bj丁梓仟李赛-裂变-张晓洁yc-2.mp4,-,,,199元高中双科提分课,199元高中双科提分课,荔枝,其他,0,wangjiananbj03,2026/7/9,9,1203.47,597,3,0.5,200.48,7079.24,401.16,2.83%,1.76%,-,0.5,3511.76
02d3d73f675e6d6e2e02f4e558269a93,-,-,-,-,-,https://tutor-online.oss-cn-beijing.aliyuncs.com/growth/download-material/02d3d73f675e6d6e2e02f4e558269a93.mp4,20260714-猿辅导高中双科-实拍-千川-暑期预习-通用-买数送物-白干-李莹莹-bj冷一丁--李文静yc-1-前贴.mp4,-,,,199元高中双科提分课,199元高中双科提分课,荔枝,其他,0,wangjiananbj03,2026/7/17,1,0.03,0,0,0,0,0,0,0.00%,0.00%,-,0,0
eb7ebeab1587a74c95cad688c5ed5cb6,-,-,-,-,-,https://tutor-online.oss-cn-beijing.aliyuncs.com/growth/download-material/eb7ebeab1587a74c95cad688c5ed5cb6.mp4,20260701-猿辅导高中双科-实拍-千川-买数送物-199学三年--唐欣悦-bj于靖-二创-张晓洁ec-6.mp4,-,,,199元高中双科提分课,199元高中双科提分课,荔枝,其他,0,wangjiananbj03,2026/7/7,11,7.75,0,0,0,189.02,1937.5,0,9.76%,0.00%,-,0,0
e7bce5640df07a6c8adac8349f5260b4,-,-,-,-,-,https://img-pub.oss-cn-beijing-internal.aliyuncs.com/19eb120641f658b.mp4,0610-9物-代理-十人-李博-jzt-bwxy-A2-B2-pcc-无-1,-,,,9元高中物理李博,9元高中物理李博,十人,代理商,0,wangruixuebj01,2026/6/11,37,0.05,0,0,0,8.33,0,0,0.00%,0.00%,-,0,0
ae3275f91599bfacc5809c0e1169d9b3,-,-,-,-,-,https://tutor-online.oss-cn-beijing.aliyuncs.com/growth/download-material/ae3275f91599bfacc5809c0e1169d9b3.mp4,9元视频1189-0702-9物-代理-十人-李博-jjsx-bjsx-A2-B1-pcc-pwjl-无-1,-,,,9元高中物理李博,9元高中物理李博,十人,代理商,0,wangruixuebj01,2026/7/14,4,32.76,0,0,0,268.52,32760,0,0.82%,0%,-,0,0
1d3cd43158d24e1206d3d875d03343ee,-,-,-,-,-,https://tutor-online.oss-cn-beijing.aliyuncs.com/growth/download-material/1d3cd43158d24e1206d3d875d03343ee.mp4,20260701-猿辅导高中双科-实拍-千川-活动-买数送物-199学全年-骗局-常文茜-bj冷一丁-高二--李文静yc-2-前贴 ,-,,,199元高中双科提分课,199元高中双科提分课,自投放,其他,0,wangjiananbj03,2026/7/16,2,17.37,0,0,0,19.34,5790,0,0.45%,0%,-,0,0
bd41f43982043d8232a6cb59785d925c,-,-,-,-,-,https://tutor-online.oss-cn-beijing.aliyuncs.com/growth/download-material/bd41f43982043d8232a6cb59785d925c.mp4,一键修复_20260622-猿辅导高中双科-混剪-视频号-图-男孩-张焱-张晓洁yc-5-改高二.mp4,-,,,199元高中双科提分课,199元高中双科提分课,荔枝,其他,0,wangjiananbj03,2026/6/23,25,6.95,0,0,0,278,2316.67,0,12.00%,0.00%,-,0,0
fa957328a8b9d828fa55b1bb68b471fd,-,-,-,-,-,https://tutor-online.oss-cn-beijing.aliyuncs.com/growth/download-material/fa957328a8b9d828fa55b1bb68b471fd.mp4,20260708-猿辅导高中双科-实拍-千川-买数送物-活动-特别-张焱-bj丁梓仟--张晓洁yc-2.mp4,-,,,199元高中双科提分课,199元高中双科提分课,荔枝,其他,0,wangjiananbj03,2026/7/13,5,0.21,0,0,0,42,0,0,0.00%,0.00%,-,0,0
b79bdcc0f6d6d88ab64584b270822069,-,-,-,-,-,https://tutor-online.oss-cn-beijing.aliyuncs.com/growth/download-material/b79bdcc0f6d6d88ab64584b270822069.mp4,20260710-猿辅导高中双科-实拍-视频号-活动-买物送数-通用-买物送数-有点后悔-常文茜-cd杨嘉欣-岳久鸿-张雪依yc-2（前贴版）.mp4,-,,,199元高中双科提分课,199元高中双科提分课,荔枝,其他,0,wangjiananbj03,2026/7/16,2,3.4,0,0,0,226.67,3400,0,6.67%,0.00%,-,0,0
97a51fb67ecd81b64c1eedc2da77c799,-,-,-,-,-,https://tutor-online.oss-cn-beijing.aliyuncs.com/growth/download-material/97a51fb67ecd81b64c1eedc2da77c799.mp4,0708-199双科-申坤-李博-李天-卞俊洁-A2-B4-有-高二高三-11,-,,,199元高中双科提分课,199元高中双科提分课,申坤,其他,0,wangjiananbj03,2026/7/10,8,0.11,0,0,0,36.67,0,0,0.00%,0.00%,-,0,0
72cc214c68f839d4e964ed88b59763ac,-,-,-,-,-,https://tutor-online.oss-cn-beijing.aliyuncs.com/growth/download-material/72cc214c68f839d4e964ed88b59763ac.mp4,9元视频1195-0625-9物-代理-十人-李博-jjsx-bwxy-A2-B1-pwjl-pcc-有-2(1),-,,,9元高中物理李博,9元高中物理李博,十人,代理商,0,wangruixuebj01,2026/7/10,8,39.24,0,0,0,124.97,9810,0,1.59%,0%,-,0,0
e23bed5d805b19b5d67bdf48fc81f21c,-,-,-,-,-,https://tutor-online.oss-cn-beijing.aliyuncs.com/growth/download-material/e23bed5d805b19b5d67bdf48fc81f21c.mp4,0703-199双科-申坤-李博-李天-卞俊洁-A2-B4-无-4,-,,,199元高中双科提分课,199元高中双科提分课,申坤,其他,0,wangjiananbj03,2026/7/10,8,26.55,0,0,0,84.02,13275,0,0.63%,0%,-,0,0
0df7dcacbdc587f7b1e6c88209b4d8c5,-,-,-,-,-,https://tutor-online.oss-cn-beijing.aliyuncs.com/growth/download-material/0df7dcacbdc587f7b1e6c88209b4d8c5.mp4,20260606-猿辅导高中双科-实拍-ip李博-通知-唐欣悦-ip李博-二创-张晓洁ec-3,-,,,199元高中双科提分课,199元高中双科提分课,荔枝,其他,0,wangjiananbj03,2026/6/23,25,0.25,0,0,0,83.33,0,0,0.00%,0.00%,-,0,0
7116839ddcbb90ff34dc675a4448e537,-,-,-,-,-,https://tutor-online.oss-cn-beijing.aliyuncs.com/growth/download-material/7116839ddcbb90ff34dc675a4448e537.mp4,9元视频988-0526-9物-十人-bmqr-ylb-A2-B4-jjsx-pwjl-2,-,,,9元高中物理李博,9元高中物理李博,十人,其他,0,wangruixuebj01,2026/6/11,37,0,0,0,0,0,0,0,0.00%,0.00%,-,0,0
caa0bf68a73424852e085b7f8618e35b,-,-,-,-,-,https://tutor-online.oss-cn-beijing.aliyuncs.com/growth/download-material/caa0bf68a73424852e085b7f8618e35b.mp4,20260704-猿辅导高中双科-实拍-千川-活动-买数学送物理-上哪找二-常文茜-cd张艺馨-岳久鸿-二创-叶俊泽ec-11.mp4,-,,,199元高中双科提分课,199元高中双科提分课,荔枝,其他,0,wangjiananbj03,2026/7/9,9,13.29,0,0,0,225.25,1208.18,0,18.64%,0.00%,-,0,0
3632bbdd5293673d077942be62c7ac1b,-,-,-,-,-,https://tutor-online.oss-cn-beijing.aliyuncs.com/growth/download-material/3632bbdd5293673d077942be62c7ac1b.mp4,20260627-猿辅导高中双科-实拍-千川-买数学送物理-线下班对比-三人行-常文茜-bj李栎-叶俊泽yc-1.mp4,-,,,199元高中双科提分课,199元高中双科提分课,荔枝,其他,0,wangjiananbj03,2026/7/1,17,2.69,0,0,0,206.92,2690,0,7.69%,0.00%,-,0,0
ded004b27ff5a390c0ba53f6656c25a1,-,-,-,-,-,https://tutor-online.oss-cn-beijing.aliyuncs.com/growth/download-material/ded004b27ff5a390c0ba53f6656c25a1.mp4,20260710-猿辅导高中双科-实拍-千川-效果展示-高二-买数送物-不推-张焱-bj宋钦冲--岳久鸿yc-1,-,,,199元高中双科提分课,199元高中双科提分课,自投放,其他,0,wangjiananbj03,2026/7/17,1,0.33,0,0,0,15,0,0,0.00%,0.00%,-,0,0
2f5e79520e5f0e64254599e6cc503251,-,-,-,-,-,https://tutor-online.oss-cn-beijing.aliyuncs.com/growth/download-material/2f5e79520e5f0e64254599e6cc503251.mp4,一键修复_20260624-猿辅导高中数学199-实拍-专家分享-抽出-张焱-bj李赛-袁北辰ec-二创-1.mp4,-,,,199元高中双科提分课,199元高中双科提分课,荔枝,其他,0,wangjiananbj03,2026/6/28,20,9.48,0,0,0,256.22,4740,0,5.41%,0.00%,-,0,0
83f48d6a2360d59003593699fafd2c23,-,-,-,-,-,https://tutor-online.oss-cn-beijing.aliyuncs.com/growth/download-material/83f48d6a2360d59003593699fafd2c23.mp4,一键修复_20260606-猿辅导高中双科-实拍-ip李博-买物送数-变态-唐欣悦-ip李博--张晓洁yc-3（前贴）.mp4,-,,,199元高中双科提分课,199元高中双科提分课,荔枝,其他,0,wangjiananbj03,2026/6/13,35,420.4,0,0,0,292.15,5605.33,0,5.21%,0.00%,-,0,0
f8246320a51dc84734bde2eb547e2d29,-,-,-,-,-,https://tutor-online.oss-cn-beijing.aliyuncs.com/growth/download-material/f8246320a51dc84734bde2eb547e2d29.mp4,20260606-猿辅导高中双科-实拍-活动-买数送物-全年-跟你-618-张焱-cd鲨鱼- 张雪依ec-二创-5,-,,,199元高中双科提分课,199元高中双科提分课,荔枝,其他,0,wangjiananbj03,2026/6/23,25,43.89,0,0,0,65.9,43890,0,0.30%,0%,-,0,0
7b7828396580ad401bb94a3f9c07c3df,-,-,-,-,-,https://tutor-online.oss-cn-beijing.aliyuncs.com/growth/download-material/7b7828396580ad401bb94a3f9c07c3df.mp4,20260606-猿辅导高中双科-实拍-活动-买数送物-全年-跟你-618-张焱-cd鲨鱼- 张雪依ec-二创-9,-,,,199元高中双科提分课,199元高中双科提分课,荔枝,其他,0,wangjiananbj03,2026/6/23,25,9445.56,3781,18,0.4,102.28,28885.5,524.75,0.50%,3.93%,-,0.19,11562.69
e295549e93dbf91697ea7d0fb9f4b607,-,-,-,-,-,https://tutor-online.oss-cn-beijing.aliyuncs.com/growth/download-material/e295549e93dbf91697ea7d0fb9f4b607.mp4,20260702-猿辅导高中双科-实拍-活动-买数送物-你咋不说-唐欣悦-张焱-bj李栎-李文静yc-裂变1.mp4,-,,,199元高中双科提分课,199元高中双科提分课,荔枝,其他,0,wangjiananbj03,2026/7/2,16,20.26,0,0,0,167.44,6753.33,0,2.48%,0.00%,-,0,0
8bbcf133f45455b9bcde0a6ba593415e,-,-,-,-,-,https://tutor-online.oss-cn-beijing.aliyuncs.com/growth/download-material/8bbcf133f45455b9bcde0a6ba593415e.mp4,0708-199双科-申坤-李博-李天-卞俊洁-A2-B4-有-高二高三-09,-,,,199元高中双科提分课,199元高中双科提分课,申坤,其他,0,wangjiananbj03,2026/7/10,8,0.01,0,0,0,2,0,0,0.00%,0.00%,-,0,0
970c86ea3a14e067b961efd13ab0a48d,-,-,-,-,-,https://tutor-online.oss-cn-beijing.aliyuncs.com/growth/download-material/970c86ea3a14e067b961efd13ab0a48d.mp4,一键修复_20260523-猿辅导高中双科-实拍-ip李博-定心丸-常文茜-ip李博--张晓洁yc-4.1（前贴改1）.mp4,-,,,199元高中双科提分课,199元高中双科提分课,荔枝,其他,0,wangjiananbj03,2026/6/29,19,0.31,0,0,0,310,0,0,0.00%,0.00%,-,0,0
0e32c987822b899b240764204efc41af,-,-,-,-,-,https://tutor-online.oss-cn-beijing.aliyuncs.com/growth/download-material/0e32c987822b899b240764204efc41af.mp4,0630-199双科-申坤-李博-李天-卞俊洁-A2-B4-无-06,-,,,199元高中双科提分课,199元高中双科提分课,申坤,其他,0,wangjiananbj03,-,-,0,0,0,0,0,0,0,0.00%,0.00%,-,0,0
04e04efd35caa0e85fc0da377ef2674f,-,-,-,-,-,https://tutor-online.oss-cn-beijing.aliyuncs.com/growth/download-material/04e04efd35caa0e85fc0da377ef2674f.mp4,20260711-猿辅导高中双科-实拍-视频号-活动-买物送数-三年-通用-买物送数-说一下-常文茜-cd文雨婷--李文静yc-2.mp4,-,,,199元高中双科提分课,199元高中双科提分课,荔枝,其他,0,wangjiananbj03,2026/7/16,2,19.28,0,0,0,584.24,3213.33,0,18.18%,0.00%,-,0,0
42317aa51a3e9d6ffee18a72e9c33a00,-,-,-,-,-,https://tutor-online.oss-cn-beijing.aliyuncs.com/growth/download-material/42317aa51a3e9d6ffee18a72e9c33a00.mp4,20260609-9物-代理-启航-李博-【b1-p6-j9-6】-A5-B2-无-7,-,,,9元高中物理李博,9元高中物理李博,启航,其他,0,wangruixuebj01,2026/6/16,32,13969.72,585,65,0.04,144.27,13927.94,214.92,1.45%,4.64%,-,0.67,583.25
56902d3012c8f10cdc3ad2f727eddf21,-,-,-,-,-,https://tutor-online.oss-cn-beijing.aliyuncs.com/growth/download-material/56902d3012c8f10cdc3ad2f727eddf21.mp4,99双科-1-0108-16,-,,,199元高中双科提分课,199元高中双科提分课,自投放,其他,0,wangjiananbj03,2026/7/11,7,20.58,0,0,0,82.98,10290,0,0.81%,0%,-,0,0
39276a22fa8b2050f41df7dda0400c98,-,-,-,-,-,https://tutor-online.oss-cn-beijing.aliyuncs.com/growth/download-material/39276a22fa8b2050f41df7dda0400c98.mp4,20260415-猿辅导高中数学199-实拍-活动-抢到-唐欣悦-二创-文涵立ec.mp4,-,,,199元高中双科提分课,199元高中双科提分课,荔枝,其他,0,wangjiananbj03,2026/5/14,65,10.94,0,0,0,143.95,0,0,0.00%,0.00%,-,0,0
5dff896e5c9a5e8c4aedea81870d6178,-,-,-,-,-,https://tutor-online.oss-cn-beijing.aliyuncs.com/growth/download-material/5dff896e5c9a5e8c4aedea81870d6178.mp4,20260704-猿辅导高中双科-混剪-图-张凌-张焱-张雪依yc-5-高二高三,-,,,199元高中双科提分课,199元高中双科提分课,荔枝,其他,0,wangjiananbj03,2026/7/6,12,153.79,199,1,1.29,59.56,17087.78,153.79,0.43%,9.09%,-,0.39,22111.11
27d32b334f7e5daa3ad33c609f51bb08,-,-,-,-,-,https://tutor-online.oss-cn-beijing.aliyuncs.com/growth/download-material/27d32b334f7e5daa3ad33c609f51bb08.mp4,20260703-猿辅导高中双科-实拍-买物理送数学-再说-张焱-bj丁梓仟-高二-李文静ec-二创-6.mp4,-,,,199元高中双科提分课,199元高中双科提分课,荔枝,其他,0,wangjiananbj03,2026/7/7,11,1.81,0,0,0,106.47,905,0,11.76%,0.00%,-,0,0
308f41cedb7099e45e6568f3bcbe5f21,-,-,-,-,-,https://tutor-online.oss-cn-beijing.aliyuncs.com/growth/download-material/308f41cedb7099e45e6568f3bcbe5f21.mp4,20260703-猿辅导高中双科-口播-活动-三连学-张焱-bj李栎-叶俊泽yc-4-前贴.mp4,-,,,199元高中双科提分课,199元高中双科提分课,荔枝,其他,0,wangjiananbj03,2026/7/10,8,29.85,0,0,0,317.55,9950,0,3.19%,0.00%,-,0,0
3602985f062091972b8aba01a8982007,-,-,-,-,-,https://tutor-online.oss-cn-beijing.aliyuncs.com/growth/download-material/3602985f062091972b8aba01a8982007.mp4,20260611-9物-代理-启航-李博-【b1-p6-a1-20】-A5-B5-有-2,-,,,9元高中物理李博,9元高中物理李博,启航,代理商,0,wangruixuebj01,2026/7/11,7,0.14,0,0,0,9.33,0,0,0.00%,0.00%,-,0,0
2efde6d1a078d3c3094142f49136e606,-,-,-,-,-,https://tutor-online.oss-cn-beijing.aliyuncs.com/growth/download-material/2efde6d1a078d3c3094142f49136e606.mp4,0610-199双科-自产-自产主-李博-视觉锤-子衿-A3-B1-无-4.mp4,-,,,199元高中双科提分课,199元高中双科提分课,荔枝,其他,0,wangjiananbj03,2026/6/19,29,0.04,0,0,0,40,40,0,100.00%,0.00%,-,0,0
4807778d83f80fe20fcce70c2bed8b6f,-,-,-,-,-,https://tutor-online.oss-cn-beijing.aliyuncs.com/growth/download-material/4807778d83f80fe20fcce70c2bed8b6f.mp4,0703-199双科-申坤-李博-李天-卞俊洁-A2-B4-无-24,-,,,199元高中双科提分课,199元高中双科提分课,申坤,其他,0,wangjiananbj03,2026/7/5,13,0.41,0,0,0,7.45,0,0,0.00%,0.00%,-,0,0
d7ce0712b961adbbff723e6f91b77da7,-,-,-,-,-,https://tutor-online.oss-cn-beijing.aliyuncs.com/growth/download-material/d7ce0712b961adbbff723e6f91b77da7.mp4,20260625-猿辅导高中双科-实拍-千川-性价比-买物送数-199学全年-幸亏--唐欣悦-cd张璐-岳久鸿-裂变-张晓洁yc-2.mp4,-,,,199元高中双科提分课,199元高中双科提分课,荔枝,代理商,0,wangjiananbj03,2026/6/26,22,3.91,0,0,0,162.92,1955,0,8.33%,0.00%,-,0,0
8748a2d746903cb4d22a47201fa92edb,-,-,-,-,-,https://tutor-online.oss-cn-beijing.aliyuncs.com/growth/download-material/8748a2d746903cb4d22a47201fa92edb.mp4,0623-9物-玄武-李博-白潇凯-李明雪-A5-B2-无-yfdwl0623b1浩1-雪-白-首,-,,,9元高中物理李博,9元高中物理李博,玄武,代理商,0,wangruixuebj01,2026/6/27,21,5474.84,270,30,0.05,164.89,8858.96,182.49,2.01%,4.49%,-,0.9,436.89
71c5a271be6b63ce481aaa007602d5db,-,-,-,-,-,https://tutor-online.oss-cn-beijing.aliyuncs.com/growth/download-material/71c5a271be6b63ce481aaa007602d5db.mp4,20260711-猿辅导高中双科-实拍-千川-暑期规划-通用-买数送物-可能吗-常文茜-hd张绍辰--李文静yc-1前贴,-,,,199元高中双科提分课,199元高中双科提分课,自投放,其他,0,wangjiananbj03,2026/7/17,1,0.12,0,0,0,40,0,0,0.00%,0.00%,-,0,0
1a57555c142253378ddf1994da025ee3,-,-,-,-,-,https://tutor-online.oss-cn-beijing.aliyuncs.com/growth/download-material/1a57555c142253378ddf1994da025ee3.mp4,0710-199双科-申坤-李博-李天-卞俊洁-A5-B1-无-13,-,,,199元高中双科提分课,199元高中双科提分课,申坤,其他,0,wangjiananbj03,2026/7/11,7,329.55,0,0,0,53.16,12675,0,0.60%,0%,-,0,0
cd168bf3237a8cd2a2192fec923b543b,-,-,-,-,-,https://tutor-online.oss-cn-beijing.aliyuncs.com/growth/download-material/cd168bf3237a8cd2a2192fec923b543b.mp4,0708-199双科-申坤-李博-李天-卞俊洁-A2-B4-无-高二高三-1,-,,,199元高中双科提分课,199元高中双科提分课,申坤,代理商,0,wangjiananbj03,2026/7/9,9,284.54,199,1,0.7,185.61,28454,284.54,1.37%,4.76%,-,0.65,19900
706edcffc357c4bb2d70eaee2c5fbdd5,-,-,-,-,-,https://tutor-online.oss-cn-beijing.aliyuncs.com/growth/download-material/706edcffc357c4bb2d70eaee2c5fbdd5.mp4,0422-9物-自产-自产二-李博-曲中雨-子衿-A6-B1B2-有-11-yfdwl0428m1浩1-郝,-,,,9元高中物理李博,9元高中物理李博,玄武,代理商,0,wangruixuebj01,2026/6/12,36,4028.81,108,12,0.03,99.54,6759.75,335.73,1.60%,1.85%,-,0.3,181.21
0f4f3f90aadd71460aee73cd04245896,-,-,-,-,-,https://tutor-online.oss-cn-beijing.aliyuncs.com/growth/download-material/0f4f3f90aadd71460aee73cd04245896.mp4,0715-199双科-申坤-李博-李天-卞俊洁-A5-B4-无-01,-,,,199元高中双科提分课,199元高中双科提分课,申坤,其他,0,wangjiananbj03,2026/7/17,1,121.57,0,0,0,81.48,12157,0,0.94%,0%,-,0,0
bb62f7ea7a65f22eab3344c21c588aa5,-,-,-,-,-,https://tutor-online.oss-cn-beijing.aliyuncs.com/growth/download-material/bb62f7ea7a65f22eab3344c21c588aa5.mp4,20260624-猿辅导高中双科-实拍-视频号-暑假规划-看博哥-唐欣悦-李博-李文静yc-1-前贴（视频号）,-,,,199元高中双科提分课,199元高中双科提分课,自投放,其他,0,wangjiananbj03,2026/7/10,8,14351.23,5373,26,0.37,87.21,22284.52,551.97,0.63%,2.50%,-,0.16,8343.17
c10e42c531d673e16f81296a8c385b50,-,-,-,-,-,https://tutor-online.oss-cn-beijing.aliyuncs.com/growth/download-material/c10e42c531d673e16f81296a8c385b50.mp4,20260713-猿辅导高中双科-实拍-视频号-暑期预习-高二-买物送数-隐藏规则-常文茜-dr小五老师--李文静yc-1.mp4,-,,,199元高中双科提分课,199元高中双科提分课,荔枝,其他,0,wangjiananbj03,2026/7/16,2,11.9,0,0,0,915.38,3966.67,0,23.08%,0.00%,-,0,0
7ef2a3321ad588b7970d03d021c3e749,-,-,-,-,-,https://tutor-online.oss-cn-beijing.aliyuncs.com/growth/download-material/7ef2a3321ad588b7970d03d021c3e749.mp4,20260609-9物-代理-启航-李博-【b1-p6-a1-9】-A5-B5-有-2-改,-,,,9元高中物理李博,9元高中物理李博,启航,其他,0,wangruixuebj01,2026/6/17,31,1772.63,108,12,0.06,107.35,6008.92,147.72,1.85%,3.93%,-,0.73,366.1
bc80e1bd4ff227735298efa6cac26a97,-,-,-,-,-,https://tutor-online.oss-cn-beijing.aliyuncs.com/growth/download-material/bc80e1bd4ff227735298efa6cac26a97.mp4,20260717-猿辅导高中双科-实拍-活动-199学五科-高二-五科-买它-高二-唐欣悦-bj于靖-裂变-张晓洁yc-7.mp4,-,,,199元高中双科提分课,199元高中双科提分课,荔枝,其他,0,wangjiananbj03,2026/7/17,1,3.81,0,0,0,317.5,0,0,0.00%,0.00%,-,0,0
e39a1d2a63e0610ecd5a2c742fbf2eec,-,-,-,-,-,https://tutor-online.oss-cn-beijing.aliyuncs.com/growth/download-material/e39a1d2a63e0610ecd5a2c742fbf2eec.mp4,20260704-猿辅导高中双科-混剪-图-张凌-张焱-张雪依yc-1改-高二高三,-,,,199元高中双科提分课,199元高中双科提分课,荔枝,其他,0,wangjiananbj03,2026/7/6,12,10.56,0,0,0,52.54,0,0,0.00%,0.00%,-,0,0
4561cc2808492e578057243804a431ae,-,-,-,-,-,https://tutor-online.oss-cn-beijing.aliyuncs.com/growth/download-material/4561cc2808492e578057243804a431ae.mp4,20260617-猿辅导高中双科-实拍-活动-夏他-张焱-bj李赛-二创-张晓洁ec-1,-,,,199元高中双科提分课,199元高中双科提分课,荔枝,其他,0,wangjiananbj03,2026/6/20,28,305.56,398,0,1.3,60.45,21825.71,0,0.40%,0%,-,0,28428.57
6179d5a56c38cdf6beeeb68ccb69bc32,-,-,-,-,-,https://tutor-online.oss-cn-beijing.aliyuncs.com/growth/download-material/6179d5a56c38cdf6beeeb68ccb69bc32.mp4,一键修复_0610-199双科-自产-自产主-李博-视觉锤-子衿-A6-B1-无-2.mp4,-,,,199元高中双科提分课,199元高中双科提分课,荔枝,其他,0,wangjiananbj03,2026/6/19,29,1.19,0,0,0,595,0,0,0.00%,0.00%,-,0,0
0ab37ca49e39a4a2a57409f0cfd19895,-,-,-,-,-,https://tutor-online.oss-cn-beijing.aliyuncs.com/growth/download-material/0ab37ca49e39a4a2a57409f0cfd19895.mp4,20260618-猿辅导高中双科-实拍-千川-分数痛点-买数学送物理-一起-张焱-bj冷一丁-袁北辰ec-二创-6.mp4,-,,,199元高中双科提分课,199元高中双科提分课,荔枝,其他,0,wangjiananbj03,2026/6/18,30,0.46,0,0,0,230,0,0,0.00%,0.00%,-,0,0
ed4d81674b28c27f5d158e4adf37e71e,-,-,-,-,-,https://tutor-online.oss-cn-beijing.aliyuncs.com/growth/download-material/ed4d81674b28c27f5d158e4adf37e71e.mp4,20260624-9物-代理-启航-李博-【b1-p6-a3-62-0629】-A5-B5-有-2,-,,,9元高中物理李博,9元高中物理李博,启航,代理商,0,wangruixuebj01,2026/7/11,7,0.6,0,0,0,100,0,0,0.00%,0.00%,-,0,0
44c02c08138a066b465081a972ef5c2f,-,-,-,-,-,https://tutor-online.oss-cn-beijing.aliyuncs.com/growth/download-material/44c02c08138a066b465081a972ef5c2f.mp4,20260627-猿辅导高中双科-实拍-视频号-ip李博-买物送数-199学三年-毫无困难-常文茜-IP李博-裂变-詹铠任yc2,-,,,199元高中双科提分课,199元高中双科提分课,荔枝,其他,0,wangjiananbj03,2026/7/7,11,0.04,0,0,0,20,0,0,0.00%,0.00%,-,0,0
b65f363b98b6f96c2aef342644b70a9a,-,-,-,-,-,https://tutor-online.oss-cn-beijing.aliyuncs.com/growth/download-material/b65f363b98b6f96c2aef342644b70a9a.mp4,20260713-猿辅导高中双科-实拍-视频号-活动-199学全年-买数送物-高二-买数送物-标错-高二-唐欣悦-cd文雨婷-岳久鸿-曹婷婷yc-2.1.mp4,-,,,199元高中双科提分课,199元高中双科提分课,荔枝,其他,0,wangjiananbj03,2026/7/16,2,0.16,0,0,0,53.33,0,0,0.00%,0.00%,-,0,0
2914f62f6eb764e0e56a832150d3aace,-,-,-,-,-,https://tutor-online.oss-cn-beijing.aliyuncs.com/growth/download-material/2914f62f6eb764e0e56a832150d3aace.mp4,0703-199双科-申坤-李博-李天-卞俊洁-A2-B4-无-01,-,,,199元高中双科提分课,199元高中双科提分课,申坤,其他,0,wangjiananbj03,2026/7/10,8,0.03,0,0,0,6,0,0,0.00%,0.00%,-,0,0
e579e72fb481d0e47da77b75179a18bd,-,-,-,-,-,https://tutor-online.oss-cn-beijing.aliyuncs.com/growth/download-material/e579e72fb481d0e47da77b75179a18bd.mp4,20260626-猿辅导高中双科-实拍-千川-内容--ts罗雅雯常文茜-dr铭远老师-二创-张晓洁ec-7.mp4,-,,,199元高中双科提分课,199元高中双科提分课,荔枝,其他,0,wangjiananbj03,2026/6/29,19,0.59,0,0,0,147.5,0,0,0.00%,0.00%,-,0,0
948bbf9f42fae23cd5652cddaff2bb55,-,-,-,-,-,https://tutor-online.oss-cn-beijing.aliyuncs.com/growth/download-material/948bbf9f42fae23cd5652cddaff2bb55.mp4,9元视频1206-0707-9物-代理-十人-李博-jjsx-bwxy-A2-B1-pcc-pwjl-有-3-AI,-,,,9元高中物理李博,9元高中物理李博,十人,代理商,0,wangruixuebj01,2026/7/13,5,0.14,0,0,0,14,0,0,0.00%,0.00%,-,0,0
7e3b88eaacbb7c1857f515bd6c6e2bbe,-,-,-,-,-,https://tutor-online.oss-cn-beijing.aliyuncs.com/growth/download-material/7e3b88eaacbb7c1857f515bd6c6e2bbe.mp4,0708-9物-玄武-AI李博-杨丽莹-胡原宁-A6-B5-有-8-【AI】-yfdwl0709z1浩8-宁-莹-首,-,,,9元高中物理李博,9元高中物理李博,玄武,代理商,0,wangruixuebj01,2026/7/14,4,108.26,0,0,0,108.26,10826,0,1.00%,0%,-,0,0
4d5791dc21119b910de1a0a58542d0be,-,-,-,-,-,https://tutor-online.oss-cn-beijing.aliyuncs.com/growth/download-material/4d5791dc21119b910de1a0a58542d0be.mp4,0717-199双科-申坤-李博-李天-卞俊洁-A6-B4-无-4,-,,,199元高中双科提分课,199元高中双科提分课,申坤,代理商,0,wangjiananbj03,2026/7/18,0,24.68,0,0,0,67.8,0,0,0.27%,0%,-,0,0
d1139e015128d369a9794df68abdd48e,-,-,-,-,-,https://tutor-online.oss-cn-beijing.aliyuncs.com/growth/download-material/d1139e015128d369a9794df68abdd48e.mp4,20260626-猿辅导高中双科-实拍-千川-线下班对比-还在纠结-唐欣悦-bj于靖-ts张琴-二创-张晓洁ec-8,-,,,199元高中双科提分课,199元高中双科提分课,自投放,其他,0,wangjiananbj03,2026/7/10,8,60.24,0,0,0,95.17,8605.71,0,1.26%,0%,-,0,0
1892862d13301cfbbc267799202cc6a1,-,-,-,-,-,https://tutor-online.oss-cn-beijing.aliyuncs.com/growth/download-material/1892862d13301cfbbc267799202cc6a1.mp4,一键修复_20260707-猿辅导高中双科-实拍-活动-买数送物-全年-跟你-夏他-张焱-李赛cd鲨鱼-裂变-张晓洁yc-1.mp4,-,,,199元高中双科提分课,199元高中双科提分课,荔枝,其他,0,wangjiananbj03,2026/7/9,9,123.91,199,1,1.61,393.37,5162.92,123.91,7.62%,4.17%,-,3.17,8291.67
395ca48997b8ed3d2327da9f3ea260ed,-,-,-,-,-,https://tutor-online.oss-cn-beijing.aliyuncs.com/growth/download-material/395ca48997b8ed3d2327da9f3ea260ed.mp4,20260716-高中数物（高一升高二）-混剪-图-张凌-8,-,,,199元高中双科提分课,199元高中双科提分课,荔枝,其他,0,wangjiananbj03,2026/7/17,1,43.42,0,0,0,28.05,10855,0,0.39%,0%,-,0,0
bf39b619eae3a13ff13dc0716b7ca6b9,-,-,-,-,-,https://tutor-online.oss-cn-beijing.aliyuncs.com/growth/download-material/bf39b619eae3a13ff13dc0716b7ca6b9.mp4,0708-199双科-申坤-李博-李天-卞俊洁-A2-B4-有-高二高三-14,-,,,199元高中双科提分课,199元高中双科提分课,申坤,其他,0,wangjiananbj03,-,-,0,0,0,0,0,0,0,0.00%,0.00%,-,0,0
d391a7825e8fb59acc35a790894de1fc,-,-,-,-,-,https://tutor-online.oss-cn-beijing.aliyuncs.com/growth/download-material/d391a7825e8fb59acc35a790894de1fc.mp4,20260630-猿辅导高中双科-实拍-视频号-ip李博-买物送数-199学三年-动辄几万-常文茜-ip李博--李文静yc-1.mp4,-,,,199元高中双科提分课,199元高中双科提分课,荔枝,代理商,0,wangjiananbj03,2026/7/3,15,5.05,0,0,0,132.89,1683.33,0,7.89%,0.00%,-,0,0
18f3db615eb8b86104d6de7809f6b7bc,-,-,-,-,-,https://tutor-online.oss-cn-beijing.aliyuncs.com/growth/download-material/18f3db615eb8b86104d6de7809f6b7bc.mp4,0710-199双科-申坤-李博-李天-卞俊洁-A1-B4-无-12,-,,,199元高中双科提分课,199元高中双科提分课,申坤,其他,0,wangjiananbj03,2026/7/12,6,144.46,0,0,0,164.35,28892,0,0.91%,0%,-,0,0
20e193297e85b6c4a729402fa82f0ef3,-,-,-,-,-,https://tutor-online.oss-cn-beijing.aliyuncs.com/growth/download-material/20e193297e85b6c4a729402fa82f0ef3.mp4,一键修复_20260525-猿辅导高中双科-实拍-ip李博-市面没有-常文茜-ip李博--詹铠任yc2-前贴.mp4,-,,,199元高中双科提分课,199元高中双科提分课,荔枝,其他,0,wangjiananbj03,2026/6/29,19,0.11,0,0,0,0,0,0,0.00%,0.00%,-,0,0
3670c57d0c0e0c0be4b50e7afe2b9305,-,-,-,-,-,https://tutor-online.oss-cn-beijing.aliyuncs.com/growth/download-material/3670c57d0c0e0c0be4b50e7afe2b9305.mp4,0708-199双科-申坤-李博-李天-卞俊洁-A2-B4-无-3,-,,,199元高中双科提分课,199元高中双科提分课,申坤,其他,0,wangjiananbj03,2026/7/10,8,61.17,0,0,0,99.14,61170,0,0.16%,0%,-,0,0
7019084e44e80f1fd0aceff2f4a25c40,-,-,-,-,-,https://tutor-online.oss-cn-beijing.aliyuncs.com/growth/download-material/7019084e44e80f1fd0aceff2f4a25c40.mp4,9元视频964-0427-9物-十人-bwxy-ylb-A2-B4-jjsx-pwjl-3,-,,,9元高中物理李博,9元高中物理李博,十人,其他,0,wangruixuebj01,2026/5/23,56,5,0,0,0,108.7,0,0,0.00%,0.00%,-,0,0
cad4396ba889203491031ab5e1c10ca5,-,-,-,-,-,https://tutor-online.oss-cn-beijing.aliyuncs.com/growth/download-material/cad4396ba889203491031ab5e1c10ca5.mp4,20260703-猿辅导高中双科-实拍-千川-暑期规划-买数送物-199学全年-开学上高二-常文茜-bj庄紫薇-李文静yc-2.mp4,-,,,199元高中双科提分课,199元高中双科提分课,荔枝,其他,0,wangjiananbj03,2026/7/13,5,2.16,0,0,0,154.29,2160,0,7.14%,0.00%,-,0,0
c58d4071dfd9abc7f1a94437bd3c8b06,-,-,-,-,-,https://tutor-online.oss-cn-beijing.aliyuncs.com/growth/download-material/c58d4071dfd9abc7f1a94437bd3c8b06.mp4,9元视频1205-0707-9物-代理-十人-李博-jjsx-bwxy-A2-B1-pcc-pwjl-有-2,-,,,9元高中物理李博,9元高中物理李博,十人,代理商,0,wangruixuebj01,2026/7/15,3,11.4,0,0,0,132.56,2280,0,5.81%,0%,-,0,0
c929aba74d25fcadf3ea89a8c4e6434b,-,-,-,-,-,https://tutor-online.oss-cn-beijing.aliyuncs.com/growth/download-material/c929aba74d25fcadf3ea89a8c4e6434b.mp4,一键修复_20260617-猿辅导高中双科-实拍-千川-买数学送物理-不要只要-常文茜-cd竹子-高俊南-张晓洁yc-1.mp4,-,,,199元高中双科提分课,199元高中双科提分课,荔枝,其他,0,wangjiananbj03,2026/6/22,26,6.71,0,0,0,239.64,1677.5,0,14.29%,0.00%,-,0,0
4e7c6a5cab6b298c606a3c4a1b2da1e0,-,-,-,-,-,https://tutor-online.oss-cn-beijing.aliyuncs.com/growth/download-material/4e7c6a5cab6b298c606a3c4a1b2da1e0.mp4,一键修复_20260707-猿辅导高中双科-实拍-千川-买物送数-专家分享-跟你学-高二高三-李莹莹-b宋钦冲-叶俊泽yc-1.mp4,-,,,199元高中双科提分课,199元高中双科提分课,荔枝,其他,0,wangjiananbj03,2026/7/10,8,7.31,0,0,0,487.33,0,0,0.00%,0.00%,-,0,0
c2d3f9955f138df8044649939d50c7e3,-,-,-,-,-,https://tutor-online.oss-cn-beijing.aliyuncs.com/growth/download-material/c2d3f9955f138df8044649939d50c7e3.mp4,20260612-猿辅导高中双科-实拍-活动-撕开-张焱-bj冷一丁-修改-张晓洁ec-1,-,,,199元高中双科提分课,199元高中双科提分课,荔枝,其他,0,wangjiananbj03,2026/6/30,18,10.63,0,0,0,168.73,0,0,1.59%,0%,-,0,0
ff206bc369e5fcc7090ffd5aeceaeec3,-,-,-,-,-,https://tutor-online.oss-cn-beijing.aliyuncs.com/growth/download-material/ff206bc369e5fcc7090ffd5aeceaeec3.mp4,20260713-猿辅导高中双科-实拍-暑假规划-买数送物-通用-买数送物-认知没跟上-李莹莹-nj王梅--曹婷婷yc-3-前贴.mp4,-,,,199元高中双科提分课,199元高中双科提分课,荔枝,其他,0,wangjiananbj03,2026/7/16,2,41.51,0,0,0,2184.74,20755,0,10.53%,0.00%,-,0,0
e26266dc27dcad4a36a91d374e38b3ad,-,-,-,-,-,https://tutor-online.oss-cn-beijing.aliyuncs.com/growth/download-material/e26266dc27dcad4a36a91d374e38b3ad.mp4,一键修复_20260622-猿辅导高中双科-实拍-ip李博-买物送数-慎重-唐欣悦-ip李博-袁北辰ec-二创-1.mp4,-,,,199元高中双科提分课,199元高中双科提分课,荔枝,其他,0,wangjiananbj03,2026/6/22,26,0.69,0,0,0,98.57,230,0,42.86%,0.00%,-,0,0
c40450aa3669f31f0eea9c83585325d8,-,-,-,-,-,https://tutor-online.oss-cn-beijing.aliyuncs.com/growth/download-material/c40450aa3669f31f0eea9c83585325d8.mp4,0707-199双科-申坤-李博-李天-王合云-A3-B5-无-高二高三-23,-,,,199元高中双科提分课,199元高中双科提分课,申坤,其他,0,wangjiananbj03,2026/7/7,11,6.74,0,0,0,187.22,6740,0,2.78%,0%,-,0,0
6f9fbe26c0e26292b9dbf4c6bb13b6db,-,-,-,-,-,https://tutor-online.oss-cn-beijing.aliyuncs.com/growth/download-material/6f9fbe26c0e26292b9dbf4c6bb13b6db.mp4,0703-199双科-申坤-李博-李天-卞俊洁-A2-B4-无-02,-,,,199元高中双科提分课,199元高中双科提分课,申坤,其他,0,wangjiananbj03,2026/7/14,4,92.68,0,0,0,66.58,18536,0,0.50%,0%,-,0,0
1d14e0b822b2f24e7b2d78500c9017e6,-,-,-,-,-,https://tutor-online.oss-cn-beijing.aliyuncs.com/growth/download-material/1d14e0b822b2f24e7b2d78500c9017e6.mp4,0514-199双科-自产-自产二-王晶-曲中雨-子衿--B2-无-4.mp4,-,,,199元高中双科提分课,199元高中双科提分课,荔枝,其他,自产原创,wangjiananbj03,2026/5/27,52,0.39,0,0,0,97.5,390,0,25.00%,0.00%,-,0,0
8a46442099e323ae3dba51ea255c115a,-,-,-,-,-,https://tutor-online.oss-cn-beijing.aliyuncs.com/growth/download-material/8a46442099e323ae3dba51ea255c115a.mp4,9元视频10009-0113-十人-李博实拍-2-D-否-jjsx+bmqr+plpy,-,,,9元高中物理李博,9元高中物理李博,十人,其他,0,wangruixuebj01,2026/6/5,43,1.03,9,1,8.74,39.62,0,1.03,0.00%,0.00%,-,38.46,0
2e09052e8bf2162ab53b85c49e554518,-,-,-,-,-,https://tutor-online.oss-cn-beijing.aliyuncs.com/growth/download-material/2e09052e8bf2162ab53b85c49e554518.mp4,20260609-猿辅导高中双科-混剪-图-彩笔-张焱-张晓洁yc-1.mp4,-,,,199元高中双科提分课,199元高中双科提分课,荔枝,其他,0,wangjiananbj03,2026/6/9,39,30.8,0,0,0,314.29,2800,0,11.22%,0.00%,-,0,0
42cdab976fb31453a93b8b2f3fd48686,-,-,-,-,-,https://tutor-online.oss-cn-beijing.aliyuncs.com/growth/download-material/42cdab976fb31453a93b8b2f3fd48686.mp4,0703-199双科-申坤-李博-李天-卞俊洁-A2-B4-无-19,-,,,199元高中双科提分课,199元高中双科提分课,申坤,其他,0,wangjiananbj03,2026/7/10,8,44.11,0,0,0,89.29,8822,0,1.82%,0%,-,0,0
d041f2b651c9e2f1d8219f5f81c2fbd9,-,-,-,-,-,https://tutor-online.oss-cn-beijing.aliyuncs.com/growth/download-material/d041f2b651c9e2f1d8219f5f81c2fbd9.mp4,0703-199双科-申坤-李博-李天-姚恒-A5-B6-有-01,-,,,199元高中双科提分课,199元高中双科提分课,申坤,其他,0,wangjiananbj03,2026/7/14,4,254.78,0,0,0,36.37,11077.39,0,0.47%,0%,-,0,0
e39b0a533b6bfc9125d40938c5fdd6ed,-,-,-,-,-,https://tutor-online.oss-cn-beijing.aliyuncs.com/growth/download-material/e39b0a533b6bfc9125d40938c5fdd6ed.mp4,一键修复_20260626-猿辅导高中双科-口播-大字报-封双-高二-张焱-袁北辰yc-2.1-无头像.mp4,-,,,199元高中双科提分课,199元高中双科提分课,荔枝,其他,0,wangjiananbj03,2026/6/27,21,0.7,0,0,0,350,0,0,0.00%,0.00%,-,0,0
57b38ee5574a79139889b496c46ada86,-,-,-,-,-,https://tutor-online.oss-cn-beijing.aliyuncs.com/growth/download-material/57b38ee5574a79139889b496c46ada86.mp4,20260716-高中数物（高二升高三）-混剪-图-张凌-1.mp4,-,,,199元高中双科提分课,199元高中双科提分课,荔枝,其他,0,wangjiananbj03,2026/7/16,2,9.86,398,2,40.37,161.64,1643.33,4.93,9.84%,33.33%,-,32.79,66333.33
b7f0ada25ded7e17ea9092dc240680ca,-,-,-,-,-,https://tutor-online.oss-cn-beijing.aliyuncs.com/growth/download-material/b7f0ada25ded7e17ea9092dc240680ca.mp4,一键修复_20260701-猿辅导高中双科-实拍-千川-活动-买数送物-打算-张焱-bj于静-二创-张晓洁ec-3.mp4,-,,,199元高中双科提分课,199元高中双科提分课,荔枝,其他,0,wangjiananbj03,2026/7/8,10,1.46,0,0,0,1460,0,0,0.00%,0.00%,-,0,0
3b359c8cd7e683a90b2974ef29db0040,-,-,-,-,-,https://tutor-online.oss-cn-beijing.aliyuncs.com/growth/download-material/3b359c8cd7e683a90b2974ef29db0040.mp4,20260711-猿辅导高中双科-实拍-千川-专家分享-买物送数-三年-通用-买物送数-求你啊-常文茜-bj郭铭泽-李文静yc-5.mp4,-,,,199元高中双科提分课,199元高中双科提分课,荔枝,其他,0,wangjiananbj03,2026/7/13,5,26.9,0,0,0,210.16,4483.33,0,4.69%,0.00%,-,0,0
650a9c20a36c504125c3111d28229141,-,-,-,-,-,https://tutor-online.oss-cn-beijing.aliyuncs.com/growth/download-material/650a9c20a36c504125c3111d28229141.mp4,一键修复_20260616-猿辅导高中双科-实拍-千川-焦虑--张焱-bj李赛--张晓洁yc-4.mp4,-,,,199元高中双科提分课,199元高中双科提分课,荔枝,其他,0,wangjiananbj03,2026/6/18,30,9.56,0,0,0,233.17,9560,0,2.44%,0.00%,-,0,0
14c301120b58bd31a5267fdb7062f076,-,-,-,-,-,https://tutor-online.oss-cn-beijing.aliyuncs.com/growth/download-material/14c301120b58bd31a5267fdb7062f076.mp4,20260605-猿辅导高中双科-实拍-千川-分数痛点-买数学送物理-能上-张焱-dr小五--张雪依yc-4（前贴1）改.mp4,-,,,199元高中双科提分课,199元高中双科提分课,荔枝,其他,0,wangjiananbj03,2026/6/10,38,2.55,0,0,0,98.08,1275,0,7.69%,0.00%,-,0,0
5e5e03be331b5c2fe5ca8154d5651db9,-,-,-,-,-,https://tutor-online.oss-cn-beijing.aliyuncs.com/growth/download-material/5e5e03be331b5c2fe5ca8154d5651db9.mp4,20260406-猿辅导高中双科-实拍-活动-多少-张焱-bj李赛-尹翔yc-0409-1（前贴版-改）.mp4,-,,,199元高中双科提分课,299元高中全年提分课,荔枝,其他,0,wangjiananbj03,2026/5/19,60,4431.29,1592,8,0.36,122.92,5877.04,553.91,2.09%,1.06%,-,0.22,2111.41
d8ac96c7b267f529fee335082f1bd9aa,-,-,-,-,-,https://tutor-online.oss-cn-beijing.aliyuncs.com/growth/download-material/d8ac96c7b267f529fee335082f1bd9aa.mp4,0529-9物-玄武-李博-A2-B4-yfdwl0529b1浩1-卉-白-超-首,-,,,9元高中物理李博,9元高中物理李博,玄武,其他,0,wangruixuebj01,2026/6/13,35,807.53,54,6,0.07,101.95,8075.3,134.59,1.41%,5.36%,-,0.76,540
0186ab67ecf6669b637c5afae6116419,-,-,-,-,-,https://tutor-online.oss-cn-beijing.aliyuncs.com/growth/download-material/0186ab67ecf6669b637c5afae6116419.mp4,20260617-猿辅导高中双科-图文混剪--一台平板-唐欣悦--张晓洁ec-1,-,,,199元高中双科提分课,199元高中双科提分课,荔枝,其他,0,wangjiananbj03,2026/7/4,14,1.43,0,0,0,143,0,0,0.00%,0.00%,-,0,0
f6a46cf5fe0b4d733147d480a25f02de,-,-,-,-,-,https://tutor-online.oss-cn-beijing.aliyuncs.com/growth/download-material/f6a46cf5fe0b4d733147d480a25f02de.mp4,20260609-9物-代理-启航-李博-【b1-p6-a1-13】-A5-B5-有-2,-,,,9元高中物理李博,9元高中物理李博,启航,代理商,0,wangjiananbj03,2026/6/23,25,0,18,2,0,0,0,0,0.00%,0.00%,-,0,0
26d13889a07ebe10c694f33842ea06de,-,-,-,-,-,https://tutor-online.oss-cn-beijing.aliyuncs.com/growth/download-material/26d13889a07ebe10c694f33842ea06de.mp4,一键修复_20260707-猿辅导高中双科-实拍-6天提分-199学全年-通用-买数送物-不可能-唐欣悦-bj杨子玄-李文静yc-2前贴1.mp4,-,,,199元高中双科提分课,199元高中双科提分课,荔枝,其他,0,wangjiananbj03,2026/7/11,7,9.28,0,0,0,114.57,2320,0,4.94%,0.00%,-,0,0
9ae0b78112d1f4f3b3c660cfc46cfbf0,-,-,-,-,-,https://tutor-online.oss-cn-beijing.aliyuncs.com/growth/download-material/9ae0b78112d1f4f3b3c660cfc46cfbf0.mp4,9元视频1219-0717-9物-十人-bmqr-ylb-A2-B4-jclb-pwjl-2,-,,,9元高中物理李博,9元高中物理李博,十人,代理商,0,wangruixuebj01,2026/7/18,0,0.62,0,0,0,22.96,0,0,0.00%,0.00%,-,0,0
3d6b6683d7391b7b25a6aa0e7933575e,-,-,-,-,-,https://img-pub.oss-cn-beijing-internal.aliyuncs.com/19f652c791d6d52.mp4,9元视频1210-0609-9物-代理-十人-李博-jjsx-bjsx-A2-B1-pcc-无-1,-,,,9元高中物理李博,9元高中物理李博,十人,代理商,0,wangruixuebj01,2026/7/16,2,1.48,0,0,0,164.44,0,0,0.00%,0.00%,-,0,0
0c3bc72c1b9bf61e9bdd7556b11d4afe,-,-,-,-,-,https://img-pub.oss-cn-beijing-internal.aliyuncs.com/19eedd847834bb1.mp4,0618-9物-十人-bmqr-ylb-A2-B4-jzmj-bmqr-pwjl-2,-,,,9元高中物理李博,9元高中物理李博,十人,代理商,0,wangruixuebj01,2026/6/23,25,0.48,0,0,0,32,480,0,6.67%,0%,-,0,0
e23bed5d805b19b5d67bdf48fc81f21c,-,-,-,-,-,https://tutor-online.oss-cn-beijing.aliyuncs.com/growth/download-material/e23bed5d805b19b5d67bdf48fc81f21c.mp4,0703-199双科-申坤-李博-李天-卞俊洁-A2-B4-无-4,-,,,199元高中双科提分课,199元高中双科提分课,申坤,其他,0,wangjiananbj03,2026/7/9,9,10.98,0,0,0,12.68,5490,0,0.23%,0%,-,0,0
73e157b60c819f9624ce86aae726572c,-,-,-,-,-,https://tutor-online.oss-cn-beijing.aliyuncs.com/growth/download-material/73e157b60c819f9624ce86aae726572c.mp4,9元视频1204-0707-9物-代理-十人-李博-jjsx-bwxy-A2-B1-pcc-pwjl-无-1,-,,,9元高中物理李博,9元高中物理李博,十人,代理商,0,wangruixuebj01,2026/7/16,2,4.23,0,0,0,352.5,0,0,0.00%,0.00%,-,0,0
2786ffe35f67d2f8b1f8b796cb58ba51,-,-,-,-,-,https://tutor-online.oss-cn-beijing.aliyuncs.com/growth/download-material/2786ffe35f67d2f8b1f8b796cb58ba51.mp4,20260624-猿辅导高中双科-实拍-视频号-暑假规划-收学生-唐欣悦-李博--李文静yc-2（视频号）,-,,,199元高中双科提分课,199元高中双科提分课,荔枝,其他,0,wangjiananbj03,2026/7/1,17,0,0,0,0,0,0,0,0.00%,0.00%,-,0,0
ebbfa02edbfec051188764478163ac01,-,-,-,-,-,https://tutor-online.oss-cn-beijing.aliyuncs.com/growth/download-material/ebbfa02edbfec051188764478163ac01.mp4,20260625-猿辅导高中双科-图文混剪--续费-高二-唐欣悦-补量二创-张晓洁ec-1.mp4,-,,,199元高中双科提分课,199元高中双科提分课,荔枝,代理商,0,wangjiananbj03,2026/6/25,23,118.06,398,2,3.37,75.63,3689.38,59.03,2.05%,6.25%,-,1.28,12437.5
0b06ad126140c722228e027d20c4e203,-,-,-,-,-,https://tutor-online.oss-cn-beijing.aliyuncs.com/growth/download-material/0b06ad126140c722228e027d20c4e203.mp4,20260708-猿辅导高中双科-实拍-视频号-ip李博-买物送数-199学三年-简单粗暴-常文茜-李博--李文静yc-1,-,,,199元高中双科提分课,199元高中双科提分课,荔枝,其他,0,wangjiananbj03,2026/7/16,2,41.24,0,0,0,29.75,8248,0,0.43%,0%,-,0,0
3f5d4faa723cab7ec9a4ceb9ec1cc4df,-,-,-,-,-,https://tutor-online.oss-cn-beijing.aliyuncs.com/growth/download-material/3f5d4faa723cab7ec9a4ceb9ec1cc4df.mp4,0703-199双科-申坤-王晶-李天-姚恒-A4-B5-有-02,-,,,199元高中双科提分课,199元高中双科提分课,申坤,其他,0,wangjiananbj03,2026/7/5,13,77.13,0,0,0,47.2,15426,0,0.31%,0%,-,0,0
28d341c21b080d802f9fec1c1b0a36d3,-,-,-,-,-,https://tutor-online.oss-cn-beijing.aliyuncs.com/growth/download-material/28d341c21b080d802f9fec1c1b0a36d3.mp4,0710-199双科-申坤-李博-李天-卞俊洁-A2-B4-无-1,-,,,199元高中双科提分课,199元高中双科提分课,申坤,其他,0,wangjiananbj03,2026/7/12,6,0.02,0,0,0,2.5,0,0,0.00%,0.00%,-,0,0
32f19c592d8a98747036524b52f70bc7,-,-,-,-,-,https://tutor-online.oss-cn-beijing.aliyuncs.com/growth/download-material/32f19c592d8a98747036524b52f70bc7.mp4,9元视频882-0409-9物-十人-bmqr-ylb-A2-B4-jjsx-pwjl-5,-,,,9元高中物理李博,9元高中物理李博,十人,其他,0,wangruixuebj01,2026/6/2,46,3.64,0,0,0,44.39,0,0,0.00%,0.00%,-,0,0
67566dcba14e63792a3d734a3dbc1d05,-,-,-,-,-,https://tutor-online.oss-cn-beijing.aliyuncs.com/growth/download-material/67566dcba14e63792a3d734a3dbc1d05.mp4,0706-9物-玄武-李博-王成仡-彩丽-方法优势-效果保证-有-8-yfdwl0706G6浩8-丽-龙-仡-首,-,,,9元高中物理李博,9元高中物理李博,玄武,代理商,0,wangruixuebj01,2026/7/9,9,98.54,9,1,0.09,113.53,7038.57,98.54,1.96%,5.88%,-,1.15,642.86
d7e706d3572791de56f75b2979a6e12a,-,-,-,-,-,https://tutor-online.oss-cn-beijing.aliyuncs.com/growth/download-material/d7e706d3572791de56f75b2979a6e12a.mp4,20260625-猿辅导高中双科-实拍-千川-分数痛点-买数学送物理-能上-张焱-dr小五--张晓洁yc-5,-,,,199元高中双科提分课,199元高中双科提分课,荔枝,代理商,0,wangjiananbj03,2026/7/9,9,22.64,0,0,0,46.68,22640,0,0.62%,0%,-,0,0
4f4629cca4f1fd6bcf3dce7604586504,-,-,-,-,-,https://tutor-online.oss-cn-beijing.aliyuncs.com/growth/download-material/4f4629cca4f1fd6bcf3dce7604586504.mp4,20260711-猿辅导高中双科-实拍-千川-买数学送物理-线下班对比-三人行-常文茜-bj李栎-二创-叶俊泽ec-15.mp4,-,,,199元高中双科提分课,199元高中双科提分课,荔枝,其他,0,wangjiananbj03,2026/7/16,2,119.29,0,0,0,388.57,17041.43,0,2.28%,0.00%,-,0,0
0c4caa2c85d726643fcd84519d522e65,-,-,-,-,-,https://tutor-online.oss-cn-beijing.aliyuncs.com/growth/download-material/0c4caa2c85d726643fcd84519d522e65.mp4,20260707-猿辅导高中双科-实拍-千川-买数送物-专家分享-翻身-高二-张焱-cd康艺凡--岳久鸿yc-1,-,,,199元高中双科提分课,199元高中双科提分课,荔枝,其他,0,wangjiananbj03,-,-,58.77,0,0,0,59.12,8395.71,0,0.80%,0%,-,0,0
2c167634dcca8962dfc57f1d6340307a,-,-,-,-,-,https://tutor-online.oss-cn-beijing.aliyuncs.com/growth/download-material/2c167634dcca8962dfc57f1d6340307a.mp4,20260627-猿辅导高中双科-实拍-千川-专家分享-买数学送物理-当然-张焱-bj毕娇-裂变-张晓洁yc-16.mp4,-,,,199元高中双科提分课,199元高中双科提分课,荔枝,其他,0,wangjiananbj03,2026/6/27,21,5.04,0,0,0,336,2520,0,13.33%,0.00%,-,0,0
10c3411c39ddb6067a6db1412efd6f59,-,-,-,-,-,https://tutor-online.oss-cn-beijing.aliyuncs.com/growth/download-material/10c3411c39ddb6067a6db1412efd6f59.mp4,20260601-猿辅导高中双科-实拍-塑品-买数送物-全年-舍得-张焱-bj李栎-二创-张晓洁ec-2.mp4,-,,,199元高中双科提分课,199元高中双科提分课,荔枝,其他,0,wangjiananbj03,2026/6/1,47,3.02,0,0,0,94.38,1510,0,6.25%,0.00%,-,0,0
7955e49813c3edf8fe4813519ea0e12f,-,-,-,-,-,https://tutor-online.oss-cn-beijing.aliyuncs.com/growth/download-material/7955e49813c3edf8fe4813519ea0e12f.mp4,0703-199双科-申坤-李博-李天-卞俊洁-A2-B4-无-12,-,,,199元高中双科提分课,199元高中双科提分课,申坤,其他,0,wangjiananbj03,2026/7/14,4,7.15,0,0,0,69.42,0,0,1.94%,0%,-,0,0
87278ad92e0d19d94a55db035be71ec9,-,-,-,-,-,https://tutor-online.oss-cn-beijing.aliyuncs.com/growth/download-material/87278ad92e0d19d94a55db035be71ec9.mp4,一键修复_20260627-猿辅导高中双科-实拍-千川-买物理送数学-199学三年-你确定吗-常文茜-cd琳瑶-岳久鸿-叶俊泽yc-2-前贴.mp4,-,,,199元高中双科提分课,199元高中双科提分课,荔枝,其他,0,wangjiananbj03,2026/7/1,17,0.75,0,0,0,125,0,0,0.00%,0.00%,-,0,0
10f2146477fa8589bf1257d4d37c4efc,-,-,-,-,-,https://tutor-online.oss-cn-beijing.aliyuncs.com/growth/download-material/10f2146477fa8589bf1257d4d37c4efc.mp4,20260713-猿辅导高中双科-实拍-千川-活动-五科-高三-高三-五科-到这了-高三-常文茜-cd文雨婷-岳久鸿-曹婷婷yc-1-前贴.mp4,-,,,199元高中双科提分课,199元高中双科提分课,荔枝,其他,0,wangjiananbj03,2026/7/16,2,0.73,0,0,0,52.14,365,0,14.29%,0.00%,-,0,0
0c330f0d8187cd101f9b8f8602c3ce19,-,-,-,-,-,https://tutor-online.oss-cn-beijing.aliyuncs.com/growth/download-material/0c330f0d8187cd101f9b8f8602c3ce19.mp4,20260606-猿辅导高中双科-实拍-活动-黑板-唐欣悦-cd康艺凡-岳久鸿-二创-叶俊泽ec-ts李琳玉-1,-,,,199元高中双科提分课,199元高中双科提分课,荔枝,其他,0,wangjiananbj03,2026/6/23,25,6.39,0,0,0,182.57,0,0,2.86%,0%,-,0,0
ff3be6ca5d3db7c6d8d9076c5fd4c603,-,-,-,-,-,https://tutor-online.oss-cn-beijing.aliyuncs.com/growth/download-material/ff3be6ca5d3db7c6d8d9076c5fd4c603.mp4,20260627-猿辅导高中双科-实拍-千川-专家分享-买数学送物理-当然-张焱-bj毕娇-裂变-张晓洁yc-16,-,,,199元高中双科提分课,199元高中双科提分课,荔枝,代理商,0,wangjiananbj03,2026/7/16,2,11.37,0,0,0,27.87,0,0,0.00%,0.00%,-,0,0
575fb418b13be2d40d22a9b5c5d42741,-,-,-,-,-,https://tutor-online.oss-cn-beijing.aliyuncs.com/growth/download-material/575fb418b13be2d40d22a9b5c5d42741.mp4,0623-9物-代理-玄武-李博-郝增鑫-胡原宁-A5-B2-无-5-yfdwl0623h4浩5-宁-鑫-无前贴-改0625,-,,,9元高中物理李博,9元高中物理李博,玄武,代理商,0,wangruixuebj01,2026/7/3,15,2.91,0,0,0,15.56,2910,0,0.53%,0%,-,0,0
addbaa96ae928d161ed987b8346a5f7e,-,-,-,-,-,https://tutor-online.oss-cn-beijing.aliyuncs.com/growth/download-material/addbaa96ae928d161ed987b8346a5f7e.mp4,20260713-猿辅导高中双科-实拍-暑假规划-买数送物-通用-买数送物-认知没跟上-李莹莹-nj王梅--曹婷婷yc-3-前贴,-,,,199元高中双科提分课,199元高中双科提分课,荔枝,其他,0,wangjiananbj03,-,-,11.23,0,0,0,15.6,1871.67,0,0.97%,0%,-,0,0
cde0a7402f8e43599b90ea9e107e3c51,-,-,-,-,-,https://tutor-online.oss-cn-beijing.aliyuncs.com/growth/download-material/cde0a7402f8e43599b90ea9e107e3c51.mp4,20260703-0606-199双科-自产-自产主-李博-曲中雨-子衿-A6-B2-ts罗雅雯-高二-李文静ec-二创-10,-,,,199元高中双科提分课,199元高中双科提分课,荔枝,代理商,0,wangjiananbj03,2026/7/10,8,2.2,0,0,0,169.23,0,0,0.00%,0.00%,-,0,0
5fe1ad95477746ed61b46c3ff6a8558a,-,-,-,-,-,https://tutor-online.oss-cn-beijing.aliyuncs.com/growth/download-material/5fe1ad95477746ed61b46c3ff6a8558a.mp4,0703-199双科-申坤-李博-李天-姚恒-A5-B2-有-01,-,,,199元高中双科提分课,199元高中双科提分课,申坤,其他,0,wangjiananbj03,2026/7/6,12,4.27,0,0,0,90.85,0,0,0.00%,0.00%,-,0,0
c5e19dc6396de69b4cd64ca43fee1c1f,-,-,-,-,-,https://tutor-online.oss-cn-beijing.aliyuncs.com/growth/download-material/c5e19dc6396de69b4cd64ca43fee1c1f.mp4,0714-199双科-申坤-李博-李天-卞俊洁-A1-B4-有-02,-,,,199元高中双科提分课,199元高中双科提分课,申坤,其他,0,wangjiananbj03,2026/7/18,0,8.87,0,0,0,16.67,0,0,0.19%,0%,-,0,0
1622b855e05421ea6fe707349a3d3862,-,-,-,-,-,https://tutor-online.oss-cn-beijing.aliyuncs.com/growth/download-material/1622b855e05421ea6fe707349a3d3862.mp4,20260711-猿辅导高中双科-实拍-视频号-活动-买物送数-三年-通用-买物送数-说一下-常文茜-cd文雨婷--李文静yc-2-前贴.mp4,-,,,199元高中双科提分课,199元高中双科提分课,荔枝,其他,0,wangjiananbj03,2026/7/16,2,0.53,0,0,0,132.5,0,0,0.00%,0.00%,-,0,0
7e850ca48f1d69ba4814fc1b7e306632,-,-,-,-,-,https://tutor-online.oss-cn-beijing.aliyuncs.com/growth/download-material/7e850ca48f1d69ba4814fc1b7e306632.mp4,一键修复_20260618-猿辅导高中双科-混剪-视频号-图-男孩-张焱-张晓洁yc-3.mp4,-,,,199元高中双科提分课,199元高中双科提分课,荔枝,其他,0,wangjiananbj03,2026/6/18,30,0.14,0,0,0,23.33,0,0,0.00%,0.00%,-,0,0
6c4cddec50c31e7e9f31b994cc6b390c,-,-,-,-,-,https://tutor-online.oss-cn-beijing.aliyuncs.com/growth/download-material/6c4cddec50c31e7e9f31b994cc6b390c.mp4,20260601-猿辅导高中数物双科-实拍-活动-退了-张焱-cd张璐-二创-张晓洁ec-3.mp4,-,,,199元高中双科提分课,199元高中双科提分课,荔枝,其他,0,wangjiananbj03,2026/6/1,47,14.39,0,0,0,125.13,2398.33,0,5.22%,0.00%,-,0,0
aba34dc3c348ba2d3720836d78917a65,-,-,-,-,-,https://tutor-online.oss-cn-beijing.aliyuncs.com/growth/download-material/aba34dc3c348ba2d3720836d78917a65.mp4,一键修复_20260707-猿辅导高中双科-实拍-千川-买数送物-专家分享-翻身-高二-张焱-cd康艺凡--岳久鸿yc-1.mp4,-,,,199元高中双科提分课,199元高中双科提分课,荔枝,其他,0,wangjiananbj03,2026/7/14,4,3.26,0,0,0,42.34,815,0,5.19%,0.00%,-,0,0
9ca63272fcbd02c4e4f957f2fd6b76fc,-,-,-,-,-,https://tutor-online.oss-cn-beijing.aliyuncs.com/growth/download-material/9ca63272fcbd02c4e4f957f2fd6b76fc.mp4,20260630-猿辅导高中双科-实拍-千川-买物送数-专家分享-怎么样-高二高三-李莹莹-cd小墨-詹铠任-叶俊泽yc-1-前贴 ,-,,,199元高中双科提分课,199元高中双科提分课,自投放,其他,0,wangjiananbj03,2026/7/17,1,0.13,0,0,0,3.25,0,0,0.00%,0.00%,-,0,0
ff26b0d381ef3ee8c31bf5267ee88de3,-,-,-,-,-,https://tutor-online.oss-cn-beijing.aliyuncs.com/growth/download-material/ff26b0d381ef3ee8c31bf5267ee88de3.mp4,20260711-猿辅导高中双科-实拍-千川-活动-高二高三-五科-售卖-张焱-bj李栎--李文静ec-二创-5,-,,,199元高中双科提分课,199元高中双科提分课,自投放,其他,0,wangjiananbj03,2026/7/14,4,109.08,0,0,0,39.34,12120,0,0.36%,0%,-,0,0
2257eb6d827f072e5751dd0223ef97b5,-,-,-,-,-,https://tutor-online.oss-cn-beijing.aliyuncs.com/growth/download-material/2257eb6d827f072e5751dd0223ef97b5.mp4,20260407-猿辅导高中数学199-实拍-内容-有规律-常文茜-bj毕娇--张晓洁yc-3（前贴）.mp4,-,,,199元高中双科提分课,299元高中全年提分课,荔枝,其他,0,wangjiananbj03,2026/5/19,60,0.13,0,0,0,21.67,0,0,0.00%,0.00%,-,0,0
db7b1269cfd07c22859e4ae92b0364e9,-,-,-,-,-,https://tutor-online.oss-cn-beijing.aliyuncs.com/growth/download-material/db7b1269cfd07c22859e4ae92b0364e9.mp4,0703-199双科-申坤-李博-李天-姚恒-A5-B5-有-01,-,,,199元高中双科提分课,199元高中双科提分课,申坤,其他,0,wangjiananbj03,2026/7/5,13,114.14,0,0,0,13.03,57070,0,0.25%,0%,-,0,0
eccb9ae97e8612f72ae06b439d9919c0,-,-,-,-,-,https://img-pub.oss-cn-beijing-internal.aliyuncs.com/19f1c707ddf33cb.mp4,20260629-9物-代理-启航-李博-【b1-p6-j9-31】,-,,,9元高中物理李博,9元高中物理李博,启航,代理商,0,wangruixuebj01,2026/7/10,8,212.65,9,1,0.04,124.58,5316.25,212.65,2.40%,2.44%,-,0.59,225
90f2466c0a66c08b2f0dc1b8d321a2d4,-,-,-,-,-,https://tutor-online.oss-cn-beijing.aliyuncs.com/growth/download-material/90f2466c0a66c08b2f0dc1b8d321a2d4.mp4,一键修复_0428—199双科—自产2—曲中雨24—子衿-1.mp4,-,,,199元高中双科提分课,199元高中双科提分课,荔枝,其他,0,wangjiananbj03,2026/6/6,42,0.13,0,0,0,65,0,0,0.00%,0.00%,-,0,0
18f3db615eb8b86104d6de7809f6b7bc,-,-,-,-,-,https://tutor-online.oss-cn-beijing.aliyuncs.com/growth/download-material/18f3db615eb8b86104d6de7809f6b7bc.mp4,0710-199双科-申坤-李博-李天-卞俊洁-A1-B4-无-12,-,,,199元高中双科提分课,199元高中双科提分课,申坤,其他,0,wangjiananbj03,2026/7/11,7,96.7,0,0,0,153.01,24175,0,0.79%,0%,-,0,0
3033ab82f2ff61d381c00e6791df98d5,-,-,-,-,-,https://tutor-online.oss-cn-beijing.aliyuncs.com/growth/download-material/3033ab82f2ff61d381c00e6791df98d5.mp4,0715-199双科-申坤-李博-李天-卞俊洁-A7-B1-有-12,-,,,199元高中双科提分课,199元高中双科提分课,申坤,代理商,0,wangjiananbj03,-,-,0,0,0,0,0,0,0,0.00%,0.00%,-,0,0
4ba772447a9d9cf9a1be06952c040df5,-,-,-,-,-,https://tutor-online.oss-cn-beijing.aliyuncs.com/growth/download-material/4ba772447a9d9cf9a1be06952c040df5.mp4,20260701-猿辅导高中双科-实拍-千川-买数送物-活动-好坏消息-李莹莹-dr小五老师-李文静yc-1-前贴,-,,,199元高中双科提分课,199元高中双科提分课,荔枝,代理商,0,wangjiananbj03,2026/7/7,11,2.25,0,0,0,35.71,0,0,0.00%,0.00%,-,0,0
038036cc37f7a70786c98d7e844e0573,-,-,-,-,-,https://tutor-online.oss-cn-beijing.aliyuncs.com/growth/download-material/038036cc37f7a70786c98d7e844e0573.mp4,一键修复_260708-猿辅导高中双科-实拍-千川-买数送物-活动-不气-张焱-bj冷一丁-袁北辰yc-裂变-2.mp4,-,,,199元高中双科提分课,199元高中双科提分课,荔枝,其他,0,wangjiananbj03,2026/7/9,9,1.67,0,0,0,64.23,0,0,0.00%,0.00%,-,0,0
2cbcd7e2b6e11a0e1cd2e0a7e17058e0,-,-,-,-,-,https://tutor-online.oss-cn-beijing.aliyuncs.com/growth/download-material/2cbcd7e2b6e11a0e1cd2e0a7e17058e0.mp4,20260708-猿辅导高中双科-口播-活动-选哪栎-张焱-bj李栎-叶俊泽yc-5-前贴2,-,,,199元高中双科提分课,199元高中双科提分课,自投放,代理商,0,wangjiananbj03,2026/7/15,3,82.61,0,0,0,59.69,11801.43,0,0.65%,0%,-,0,0
426670793b3a42f4e10786179b4279d1,-,-,-,-,-,https://tutor-online.oss-cn-beijing.aliyuncs.com/growth/download-material/426670793b3a42f4e10786179b4279d1.mp4,0615-9物-玄武-李博-杨丽莹-关紫晴-A1-B2-无-1-yfdwl0615z1浩1-晴-莹-龙-去前贴-混剪0715,-,,,9元高中物理李博,9元高中物理李博,玄武,代理商,0,wangruixuebj01,2026/7/16,2,0.2,0,0,0,3.85,100,0,3.85%,0%,-,0,0
843579ff81bdd5b9c868ee442b8ff4ae,-,-,-,-,-,https://tutor-online.oss-cn-beijing.aliyuncs.com/growth/download-material/843579ff81bdd5b9c868ee442b8ff4ae.mp4,20260610-猿辅导高中双科-实拍-千川-性价比-买数送物-199学三年-不贵-端午-唐欣悦-bj冷一丁-二创-张晓洁ec-8,-,,,199元高中双科提分课,199元高中双科提分课,荔枝,代理商,0,wangjiananbj03,2026/6/26,22,1.3,0,0,0,260,0,0,0.00%,0.00%,-,0,0
4b0cf235289051c599bc79d9913d7e4e,-,-,-,-,-,https://tutor-online.oss-cn-beijing.aliyuncs.com/growth/download-material/4b0cf235289051c599bc79d9913d7e4e.mp4,20260626-猿辅导高中双科-混剪-视频号-图-男孩+一粒备-张焱-张晓洁yc-4.mp4,-,,,199元高中双科提分课,199元高中双科提分课,荔枝,代理商,0,wangjiananbj03,2026/6/26,22,9.72,0,0,0,90.84,1620,0,5.61%,0.00%,-,0,0
58c96c97f13d66f9584d26ef47c3bbbe,-,-,-,-,-,https://tutor-online.oss-cn-beijing.aliyuncs.com/growth/download-material/58c96c97f13d66f9584d26ef47c3bbbe.mp4,0710-199双科-申坤-李博-李天-卞俊洁-A2-B4-无-2,-,,,199元高中双科提分课,199元高中双科提分课,申坤,其他,0,wangjiananbj03,2026/7/14,4,71.24,0,0,0,112.9,23746.67,0,0.63%,0%,-,0,0
c51823731fbfa8feab67713fbb66ab27,-,-,-,-,-,https://tutor-online.oss-cn-beijing.aliyuncs.com/growth/download-material/c51823731fbfa8feab67713fbb66ab27.mp4,20260711-猿辅导高中双科-实拍-视频号-IP-李博-你再-张焱-IP-李博--李文静ec-二创-8.mp4,-,,,199元高中双科提分课,199元高中双科提分课,荔枝,其他,0,wangjiananbj03,2026/7/13,5,3.04,0,0,0,95,0,0,0.00%,0.00%,-,0,0
eff220ac902680ba38bd98234eb2a24b,-,-,-,-,-,https://tutor-online.oss-cn-beijing.aliyuncs.com/growth/download-material/eff220ac902680ba38bd98234eb2a24b.mp4,一键修复_20260625-猿辅导高中双科-实拍-千川-活动-买数学送物理-确实-张焱-bj于靖--张晓洁ec-2.mp4,-,,,199元高中双科提分课,199元高中双科提分课,荔枝,其他,0,wangjiananbj03,2026/6/26,22,0.51,0,0,0,127.5,510,0,25.00%,0.00%,-,0,0
31accdc11f6eed66b92efdf20913164e,-,-,-,-,-,https://tutor-online.oss-cn-beijing.aliyuncs.com/growth/download-material/31accdc11f6eed66b92efdf20913164e.mp4,20260711-猿辅导高中双科-实拍-千川-暑假预习-高二-买物送数-不努力-唐欣悦-dr魏政委--李文静yc-1-前贴.mp4,-,,,199元高中双科提分课,199元高中双科提分课,荔枝,其他,0,wangjiananbj03,2026/7/16,2,0.22,0,0,0,55,0,0,0.00%,0.00%,-,0,0
aa49b5b4333d18a59b4384a654983964,-,-,-,-,-,https://tutor-online.oss-cn-beijing.aliyuncs.com/growth/download-material/aa49b5b4333d18a59b4384a654983964.mp4,20260624-9物-代理-启航-李博-【b1-p6-a3-71-0630】-A5-B5-有-2,-,,,9元高中物理李博,9元高中物理李博,启航,代理商,0,wangruixuebj01,2026/7/10,8,268.76,9,1,0.03,157.08,9598.57,268.76,1.87%,3.13%,-,0.58,321.43
948bbf9f42fae23cd5652cddaff2bb55,-,-,-,-,-,https://tutor-online.oss-cn-beijing.aliyuncs.com/growth/download-material/948bbf9f42fae23cd5652cddaff2bb55.mp4,9元视频1206-0707-9物-代理-十人-李博-jjsx-bwxy-A2-B1-pcc-pwjl-有-3-AI,-,,,9元高中物理李博,9元高中物理李博,十人,代理商,0,wangruixuebj01,2026/7/16,2,70.13,0,0,0,69.23,14026,0,0.89%,0%,-,0,0
ab32618ea51b4c834ab0e6d6391d4465,-,-,-,-,-,https://tutor-online.oss-cn-beijing.aliyuncs.com/growth/download-material/ab32618ea51b4c834ab0e6d6391d4465.mp4,20260701-猿辅导高中双科-实拍-活动-夏他-张焱-bj李赛-二创-张晓洁ec-8（镜像.mp4,-,,,199元高中双科提分课,199元高中双科提分课,荔枝,其他,0,wangjiananbj03,2026/7/7,11,127.03,0,0,0,116.22,5523.04,0,2.10%,0.00%,-,0,0
32b38bb5d06738b4f2178b65ec1e3ac1,-,-,-,-,-,https://tutor-online.oss-cn-beijing.aliyuncs.com/growth/download-material/32b38bb5d06738b4f2178b65ec1e3ac1.mp4,0710-199双科-申坤-李博-李天-卞俊洁-A2-B4-无-01,-,,,199元高中双科提分课,199元高中双科提分课,申坤,其他,0,wangjiananbj03,2026/7/15,3,0.82,0,0,0,18.64,0,0,0.00%,0.00%,-,0,0
6f3779f153a6fc6fab73acfab8870867,-,-,-,-,-,https://tutor-online.oss-cn-beijing.aliyuncs.com/growth/download-material/6f3779f153a6fc6fab73acfab8870867.mp4,0717-199双科-申坤-李博-李天-张佳乐-A2-B6-有-12,-,,,199元高中双科提分课,199元高中双科提分课,申坤,其他,0,wangjiananbj03,2026/7/18,0,0.1,0,0,0,4.76,0,0,0.00%,0.00%,-,0,0
dd082c19670196a14a04dddbdd4c71c5,-,-,-,-,-,https://tutor-online.oss-cn-beijing.aliyuncs.com/growth/download-material/dd082c19670196a14a04dddbdd4c71c5.mp4,20260622-猿辅导高中双科-混剪-视频号-图-男孩-张焱-张晓洁yc-5-改高二,-,,,199元高中双科提分课,199元高中双科提分课,自投放,其他,0,wangjiananbj03,2026/7/10,8,111.2,0,0,0,137.28,27800,0,0.62%,0%,-,0,0
a97e58aaa04c6bbbbcb356266c1ca70f,-,-,-,-,-,https://tutor-online.oss-cn-beijing.aliyuncs.com/growth/download-material/a97e58aaa04c6bbbbcb356266c1ca70f.mp4,0709-9物-玄武-AI李博-白潇凯-胡原宁-A5-B2-无-yfdwl0709b1浩10-宁-白-首,-,,,9元高中物理李博,9元高中物理李博,玄武,代理商,0,wangruixuebj01,2026/7/14,4,345.36,18,2,0.05,103.62,9593.33,172.68,1.20%,5.00%,-,0.6,500
34b089ccd5b01e5eae1639b78886317b,-,-,-,-,-,https://tutor-online.oss-cn-beijing.aliyuncs.com/growth/download-material/34b089ccd5b01e5eae1639b78886317b.mp4,一键修复_260708-猿辅导高中双科-实拍-活动-多少-张焱-bj李赛-袁北辰yc-裂变-1.mp4,-,,,199元高中双科提分课,199元高中双科提分课,荔枝,其他,0,wangjiananbj03,2026/7/9,9,2.79,0,0,0,253.64,0,0,0.00%,0.00%,-,0,0
ae1469aa754f8bb740b141060ea8edfd,-,-,-,-,-,https://tutor-online.oss-cn-beijing.aliyuncs.com/growth/download-material/ae1469aa754f8bb740b141060ea8edfd.mp4,20260617-猿辅导高中双科-实拍-千川-活动--张焱-bj毕娇--张晓洁yc-3.mp4,-,,,199元高中双科提分课,199元高中双科提分课,荔枝,其他,0,wangjiananbj03,2026/6/22,26,0.17,0,0,0,0,0,0,0.00%,0.00%,-,0,0
9d4f57a79f4aa0e2f6577d268af4292d,-,-,-,-,-,https://tutor-online.oss-cn-beijing.aliyuncs.com/growth/download-material/9d4f57a79f4aa0e2f6577d268af4292d.mp4,20260624-9物-代理-启航-李博-【b1-p6-a3-63-0629】-A5-B5-有-2,-,,,9元高中物理李博,9元高中物理李博,启航,代理商,0,wangruixuebj01,2026/7/11,7,75.29,0,0,0,311.12,18822.5,0,1.65%,0%,-,0,0
991143c8e73ca53a53d726c8e6bb112d,-,-,-,-,-,https://tutor-online.oss-cn-beijing.aliyuncs.com/growth/download-material/991143c8e73ca53a53d726c8e6bb112d.mp4,20260701-猿辅导高中双科-混剪-视频号-图-广告-张焱-裂变-张晓洁yc-7,-,,,199元高中双科提分课,199元高中双科提分课,荔枝,其他,0,wangjiananbj03,2026/7/4,14,9.63,0,0,0,13.1,4815,0,0.41%,0%,-,0,0
08384100c7cc78f35cf9c609ae10b47c,-,-,-,-,-,https://tutor-online.oss-cn-beijing.aliyuncs.com/growth/download-material/08384100c7cc78f35cf9c609ae10b47c.mp4,20260715-猿辅导高中数物-混剪-图-程序-6.mp4,-,,,199元高中双科提分课,199元高中双科提分课,荔枝,其他,0,wangjiananbj03,2026/7/17,1,2.74,0,0,0,182.67,913.33,0,20.00%,0.00%,-,0,0
3f0540b8d3a8e2dd1de0268472d8d1ad,-,-,-,-,-,https://tutor-online.oss-cn-beijing.aliyuncs.com/growth/download-material/3f0540b8d3a8e2dd1de0268472d8d1ad.mp4,20260626-猿辅导高中双科-实拍-千川-专家分享-买数学送物理-拼思维方法-常文茜-dr小五老师-二创-张晓洁ec-10.mp4,-,,,199元高中双科提分课,199元高中双科提分课,荔枝,其他,0,wangjiananbj03,2026/6/29,19,0.25,0,0,0,62.5,250,0,25.00%,0.00%,-,0,0
4afd42427ae0fa7a230b60b32538f7f6,-,-,-,-,-,https://tutor-online.oss-cn-beijing.aliyuncs.com/growth/download-material/4afd42427ae0fa7a230b60b32538f7f6.mp4,20260701-猿辅导高中双科-实拍-千川-活动-买数学送物理-再加-张焱-bj冷一丁-袁北辰ec-二创-1,-,,,199元高中双科提分课,199元高中双科提分课,荔枝,其他,0,wangjiananbj03,2026/7/17,1,11.91,0,0,0,45.29,11910,0,0.76%,0%,-,0,0
6407094592b58b749e77087efc714e51,-,-,-,-,-,https://tutor-online.oss-cn-beijing.aliyuncs.com/growth/download-material/6407094592b58b749e77087efc714e51.mp4,20260624-9物-代理-启航-李博-【b1-p6-a3-68-0630】-A5-B5-有-2,-,,,9元高中物理李博,9元高中物理李博,启航,代理商,0,wangruixuebj01,2026/7/10,8,179.15,18,2,0.1,122.29,6398.21,89.58,1.98%,6.90%,-,1.37,642.86
235f19dca7b0f4ac61ae237716c957c1,-,-,-,-,-,https://tutor-online.oss-cn-beijing.aliyuncs.com/growth/download-material/235f19dca7b0f4ac61ae237716c957c1.mp4,20260624-9物-代理-启航-李博-【b1-p6-a3-58-0629】-A5-B5-有-2,-,,,9元高中物理李博,9元高中物理李博,启航,代理商,0,wangruixuebj01,2026/7/11,7,38.28,0,0,0,100.74,5468.57,0,2.11%,0%,-,0,0
29782e4b66110029494a9a03d7810d5d,-,-,-,-,-,https://tutor-online.oss-cn-beijing.aliyuncs.com/growth/download-material/29782e4b66110029494a9a03d7810d5d.mp4,20260624-猿辅导高中双科-实拍-千川-活动-买数送物-说报-张焱-cd琳瑶-岳久鸿-张晓洁yc-7.mp4,-,,,199元高中双科提分课,199元高中双科提分课,荔枝,其他,0,wangjiananbj03,2026/6/27,21,0.05,0,0,0,50,0,0,0.00%,0.00%,-,0,0
15b08875637ac41dabce06e0053f7857,-,-,-,-,-,https://tutor-online.oss-cn-beijing.aliyuncs.com/growth/download-material/15b08875637ac41dabce06e0053f7857.mp4,20260626-猿辅导高中双科-实拍-ip李博-通知-唐欣悦-ip李博-林文斌-二创-张晓洁ec-3,-,,,199元高中双科提分课,199元高中双科提分课,荔枝,其他,0,wangjiananbj03,2026/7/9,9,0,0,0,0,0,0,0,0.00%,0.00%,-,0,0
890898b892f6df80017b166942db1a6a,-,-,-,-,-,https://tutor-online.oss-cn-beijing.aliyuncs.com/growth/download-material/890898b892f6df80017b166942db1a6a.mp4,一键修复_20260622-猿辅导高中双科-实拍-视频号-ip李博-买物送数-199学三年-一周一次-唐欣悦-李博--张雪依yc-1（前贴版）.mp4,-,,,199元高中双科提分课,199元高中双科提分课,荔枝,其他,0,wangjiananbj03,2026/6/25,23,5.66,0,0,0,217.69,5660,0,3.85%,0.00%,-,0,0
5432e89e382d8692d29cbfadae203334,-,-,-,-,-,https://tutor-online.oss-cn-beijing.aliyuncs.com/growth/download-material/5432e89e382d8692d29cbfadae203334.mp4,null-自动生成-20-202607101108,-,,,199元高中双科提分课,199元高中双科提分课,申坤,其他,0,wangjiananbj03,2026/7/10,8,0.58,0,0,0,24.17,0,0,0.00%,0.00%,-,0,0
3f5d4faa723cab7ec9a4ceb9ec1cc4df,-,-,-,-,-,https://tutor-online.oss-cn-beijing.aliyuncs.com/growth/download-material/3f5d4faa723cab7ec9a4ceb9ec1cc4df.mp4,0703-199双科-申坤-王晶-李天-姚恒-A4-B5-有-02,-,,,199元高中双科提分课,199元高中双科提分课,申坤,其他,0,wangjiananbj03,2026/7/7,11,60.31,0,0,0,49.68,6701.11,0,0.91%,0%,-,0,0
1b46f8a55c07e7cf09b7b39a9471338f,-,-,-,-,-,https://tutor-online.oss-cn-beijing.aliyuncs.com/growth/download-material/1b46f8a55c07e7cf09b7b39a9471338f.mp4,20260708-猿辅导高中双科-实拍-千川-买数送物-专家分享-可以不-高二-张焱-dr珈岐妈妈--张晓洁yc-1-前贴,-,,,199元高中双科提分课,199元高中双科提分课,自投放,其他,0,wangjiananbj03,2026/7/17,1,4.26,0,0,0,51.33,0,0,0.00%,0.00%,-,0,0
d04d4046ac4cf508906d1152846d25e0,-,-,-,-,-,https://tutor-online.oss-cn-beijing.aliyuncs.com/growth/download-material/d04d4046ac4cf508906d1152846d25e0.mp4,一键修复_0610-199双科-自产-自产主-李博-视觉锤-子衿-A3-B1-有-3.mp4,-,,,199元高中双科提分课,199元高中双科提分课,荔枝,其他,0,wangjiananbj03,2026/6/19,29,1.05,0,0,0,150,1050,0,14.29%,0.00%,-,0,0
9326b5aa3aa0177602bfca5b97b8cc3a,-,-,-,-,-,https://tutor-online.oss-cn-beijing.aliyuncs.com/growth/download-material/9326b5aa3aa0177602bfca5b97b8cc3a.mp4,9元视频1217-0715-9物-代理-十人-李博-jjsx-bwxy-A2-B1-pcc-pwjl-有-2,-,,,9元高中物理李博,9元高中物理李博,十人,代理商,0,wangruixuebj01,2026/7/18,0,2.81,0,0,0,68.54,0,0,2.44%,0%,-,0,0
4431388ad9a1e2b2b40444e93b41d76d,-,-,-,-,-,https://tutor-online.oss-cn-beijing.aliyuncs.com/growth/download-material/4431388ad9a1e2b2b40444e93b41d76d.mp4,20260630-猿辅导高中双科-实拍-千川-买数送物-活动-不气-张焱-bj冷一丁--张晓洁yc-3.1（前贴）,-,,,199元高中双科提分课,199元高中双科提分课,自投放,代理商,0,wangjiananbj03,2026/7/16,2,1.06,0,0,0,6.79,0,0,0.00%,0.00%,-,0,0
cd23cc5980f24d0c8523a12bdc51b286,-,-,-,-,-,https://tutor-online.oss-cn-beijing.aliyuncs.com/growth/download-material/cd23cc5980f24d0c8523a12bdc51b286.mp4,0703-199双科-申坤-李博-李天-卞俊洁-A2-B4-无-04,-,,,199元高中双科提分课,199元高中双科提分课,申坤,其他,0,wangjiananbj03,2026/7/10,8,4.29,0,0,0,67.03,0,0,0.00%,0.00%,-,0,0
f2bdc947276b7411e18338c353702223,-,-,-,-,-,https://tutor-online.oss-cn-beijing.aliyuncs.com/growth/download-material/f2bdc947276b7411e18338c353702223.mp4,20260603-猿辅导高中双科-实拍-活动-不是-张焱-bj张捷希-袁北辰ec-二创-3,-,,,199元高中双科提分课,199元高中双科提分课,荔枝,其他,0,wangjiananbj03,2026/6/24,24,0.09,0,0,0,7.5,0,0,0.00%,0.00%,-,0,0
813ad207c01da610c37599605588b8e6,-,-,-,-,-,https://tutor-online.oss-cn-beijing.aliyuncs.com/growth/download-material/813ad207c01da610c37599605588b8e6.mp4,0605-9物-十人-bwxy-ylb-A2-B4-jclb-pcc-1,-,,,9元高中物理李博,9元高中物理李博,十人,其他,0,wangruixuebj01,2026/6/9,39,834.58,9,1,0.01,321.73,17387.08,834.58,1.77%,2.17%,-,0.39,187.5
26bd607d7c7d060b9bb1a3451268d3bf,-,-,-,-,-,https://tutor-online.oss-cn-beijing.aliyuncs.com/growth/download-material/26bd607d7c7d060b9bb1a3451268d3bf.mp4,0709-199双科-申坤-李博-李天-张佳乐-A1-B4-无-高二高三-6,-,,,199元高中双科提分课,199元高中双科提分课,申坤,其他,0,wangjiananbj03,2026/7/14,4,0.83,0,0,0,10.51,830,0,1.27%,0%,-,0,0
7b9c6dcc414a62c39a9c1a7260356564,-,-,-,-,-,https://tutor-online.oss-cn-beijing.aliyuncs.com/growth/download-material/7b9c6dcc414a62c39a9c1a7260356564.mp4,20260703-猿辅导高中双科-实拍-性价比-亏本能-张焱-bj刘能能-高三-李文静ec-二创-7,-,,,199元高中双科提分课,199元高中双科提分课,荔枝,其他,0,wangjiananbj03,2026/7/10,8,0.1,0,0,0,8.33,0,0,0.00%,0.00%,-,0,0
7dfe6cdc5b3ebc02e5aaa3fd0b1b74aa,-,-,-,-,-,https://tutor-online.oss-cn-beijing.aliyuncs.com/growth/download-material/7dfe6cdc5b3ebc02e5aaa3fd0b1b74aa.mp4,20260710-猿辅导高中双科-实拍-千川-效果展示-高二-买数送物-不推-张焱-bj宋钦冲--岳久鸿yc-1.mp4,-,,,199元高中双科提分课,199元高中双科提分课,荔枝,其他,0,wangjiananbj03,2026/7/16,2,7.71,0,0,0,335.22,3855,0,8.70%,0.00%,-,0,0
c731cb26320fd3980bfa0ec1c6f8dde6,-,-,-,-,-,https://tutor-online.oss-cn-beijing.aliyuncs.com/growth/download-material/c731cb26320fd3980bfa0ec1c6f8dde6.mp4,0707-199双科-申坤-李博-李天-王合云-A1-B5-无-高二高三-07,-,,,199元高中双科提分课,199元高中双科提分课,申坤,其他,0,wangjiananbj03,2026/7/9,9,7.14,0,0,0,44.35,0,0,0.00%,0.00%,-,0,0
c6b0846860c0b02c657c1b33dbdd20f0,-,-,-,-,-,https://tutor-online.oss-cn-beijing.aliyuncs.com/growth/download-material/c6b0846860c0b02c657c1b33dbdd20f0.mp4,20260609-9物-代理-启航-李博-【b1-p6-a1-6】-A5-B5-有-2,-,,,9元高中物理李博,9元高中物理李博,启航,其他,0,wangruixuebj01,2026/6/15,33,109.41,0,0,0,78.04,3647,0,2.50%,0%,-,0,0
f37e4244a1ed47bef29854b767ea0a7f,-,-,-,-,-,https://tutor-online.oss-cn-beijing.aliyuncs.com/growth/download-material/f37e4244a1ed47bef29854b767ea0a7f.mp4,0708-199双科-申坤-李博-李天-卞俊洁-A2-B4-无-高二高三-6,-,,,199元高中双科提分课,199元高中双科提分课,申坤,其他,0,wangjiananbj03,2026/7/9,9,107.9,0,0,0,30,26975,0,0.14%,0%,-,0,0
a80557c9a46f579fc5a9daf067044a7a,-,-,-,-,-,https://tutor-online.oss-cn-beijing.aliyuncs.com/growth/download-material/a80557c9a46f579fc5a9daf067044a7a.mp4,0715-199双科-申坤-李博-李天-张佳乐-A1-B4-有-03,-,,,199元高中双科提分课,199元高中双科提分课,申坤,其他,0,wangjiananbj03,2026/7/16,2,102.59,0,0,0,22.65,25647.5,0,0.22%,0%,-,0,0
da7c5eefadec5d98e282903dc839424b,-,-,-,-,-,https://tutor-online.oss-cn-beijing.aliyuncs.com/growth/download-material/da7c5eefadec5d98e282903dc839424b.mp4,妙思自动生成-232-202607091747,-,,,199元高中双科提分课,199元高中双科提分课,荔枝,其他,0,wangjiananbj03,2026/7/9,9,0.2,0,0,0,11.11,0,0,5.56%,0%,-,0,0
0b8ff4e6ee01cc55d771b872c8eb8830,-,-,-,-,-,https://tutor-online.oss-cn-beijing.aliyuncs.com/growth/download-material/0b8ff4e6ee01cc55d771b872c8eb8830.mp4,20260704-猿辅导高中双科-实拍-视频号-ip李博-买物送数-199学三年-借课本-高二-常文茜-李博-叶俊泽yc-4,-,,,199元高中双科提分课,199元高中双科提分课,自投放,代理商,0,wangjiananbj03,2026/7/15,3,5.16,0,0,0,20.31,5160,0,0.79%,0%,-,0,0
04197463d67e54ee8c6a5d516f528aa1,-,-,-,-,-,https://tutor-online.oss-cn-beijing.aliyuncs.com/growth/download-material/04197463d67e54ee8c6a5d516f528aa1.mp4,20260630-猿辅导高中双科-实拍-暑期规划-199学全年-买物送数-高二-买物送数-玩儿-高二-唐欣悦-dr魏政委--邓又滔yc-0709-1-前贴.mp4,-,,,199元高中双科提分课,199元高中双科提分课,荔枝,其他,0,wangjiananbj03,2026/7/11,7,26.26,0,0,0,404,13130,0,3.08%,0.00%,-,0,0
296da791c4ea29ac73fbeb781ff9afac,-,-,-,-,-,https://tutor-online.oss-cn-beijing.aliyuncs.com/growth/download-material/296da791c4ea29ac73fbeb781ff9afac.mp4,20260624-猿辅导高中双科-实拍-千川-活动-买数送物-冤大头-张焱-bj郭铭泽--张晓洁yc-9（前贴改1）,-,,,199元高中双科提分课,199元高中双科提分课,荔枝,代理商,0,wangjiananbj03,2026/7/2,16,0.41,0,0,0,45.56,0,0,0.00%,0.00%,-,0,0
e0267c8e1f51bbdfc203f57609308ad1,-,-,-,-,-,https://tutor-online.oss-cn-beijing.aliyuncs.com/growth/download-material/e0267c8e1f51bbdfc203f57609308ad1.mp4,20260704-猿辅导高中双科-实拍-千川-买物送数-199学三年--唐欣悦-cd琳瑶-岳久鸿-二创-叶俊泽ec-12.改.mp4,-,,,199元高中双科提分课,199元高中双科提分课,荔枝,其他,0,wangjiananbj03,2026/7/16,2,107.77,0,0,0,83.28,6339.41,0,1.31%,0.00%,-,0,0
aa2c3cc6abac7dcd9f790931c79daa49,-,-,-,-,-,https://tutor-online.oss-cn-beijing.aliyuncs.com/growth/download-material/aa2c3cc6abac7dcd9f790931c79daa49.mp4,20260612-猿辅导高中双科-实拍-千川-分数痛点-买数学送物理-能上-张焱-dr小五--张晓洁ec-4,-,,,199元高中双科提分课,199元高中双科提分课,荔枝,其他,0,wangjiananbj03,2026/7/12,6,0.06,0,0,0,60,0,0,0.00%,0.00%,-,0,0
ea1b00533365bf84500e8cb819ed0fbe,-,-,-,-,-,https://tutor-online.oss-cn-beijing.aliyuncs.com/growth/download-material/ea1b00533365bf84500e8cb819ed0fbe.mp4,20260708-猿辅导高中双科-实拍-千川-活动-高二-五科-售卖-张焱-bj李栎--张晓洁yc-5（前贴改）.mp4,-,,,199元高中双科提分课,199元高中双科提分课,荔枝,其他,0,wangjiananbj03,2026/7/16,2,17.57,0,0,0,258.38,17570,0,1.47%,0.00%,-,0,0
c245be2a7da33171cde0218517167f84,-,-,-,-,-,https://tutor-online.oss-cn-beijing.aliyuncs.com/growth/download-material/c245be2a7da33171cde0218517167f84.mp4,一键修复_20260630-猿辅导高中双科-实拍-千川-买数送物-活动-不气-张焱-bj冷一丁--张晓洁yc-3.1（前贴）.mp4,-,,,199元高中双科提分课,199元高中双科提分课,荔枝,其他,0,wangjiananbj03,2026/7/3,15,1.28,0,0,0,75.29,1280,0,5.88%,0.00%,-,0,0
c75278eb6bb18a49eb5af4b33faaf232,-,-,-,-,-,https://tutor-online.oss-cn-beijing.aliyuncs.com/growth/download-material/c75278eb6bb18a49eb5af4b33faaf232.mp4,20260626-猿辅导高中双科-混剪-大字报-封双-高二-张焱-袁北辰yc-3.mp4,-,,,199元高中双科提分课,199元高中双科提分课,荔枝,代理商,0,wangjiananbj03,2026/6/26,22,0.26,0,0,0,260,260,0,100.00%,0.00%,-,0,0
78512875c761742bcb1de0a059be5648,-,-,-,-,-,https://tutor-online.oss-cn-beijing.aliyuncs.com/growth/download-material/78512875c761742bcb1de0a059be5648.mp4,一键修复_20200627-0606-199双科-自产-自产主-李博-曲中雨-子衿-A6-B2-ts罗雅雯-二创-叶俊泽ec-21.mp4,-,,,199元高中双科提分课,199元高中双科提分课,荔枝,其他,0,wangjiananbj03,2026/7/1,17,48.88,0,0,0,240.79,6982.86,0,3.45%,0.00%,-,0,0
f17f47c1e07426b3bbdc2b3f30bacd90,-,-,-,-,-,https://tutor-online.oss-cn-beijing.aliyuncs.com/growth/download-material/f17f47c1e07426b3bbdc2b3f30bacd90.mp4,20260709-猿辅导高中双科-实拍-千川-活动-买数送物-199学三年-通用-买数送物-与其啊-常文茜-cd雪儿--岳久鸿yc-1.mp4,-,,,199元高中双科提分课,199元高中双科提分课,荔枝,其他,0,wangjiananbj03,2026/7/11,7,4.38,0,0,0,106.83,2190,0,4.88%,0.00%,-,0,0
a3a8c8c1b6c222c1ccebf0af72956ebf,-,-,-,-,-,https://tutor-online.oss-cn-beijing.aliyuncs.com/growth/download-material/a3a8c8c1b6c222c1ccebf0af72956ebf.mp4,0708-199双科-申坤-李博-李天-卞俊洁-A2-B4-无-6,-,,,199元高中双科提分课,199元高中双科提分课,申坤,其他,0,wangjiananbj03,2026/7/9,9,68.91,0,0,0,40.73,13782,0,0.77%,0%,-,0,0
48929ef504d18e9e27b05e04fa063a23,-,-,-,-,-,https://tutor-online.oss-cn-beijing.aliyuncs.com/growth/download-material/48929ef504d18e9e27b05e04fa063a23.mp4,20260715-猿辅导高中数物-混剪-图-程序-1.mp4,-,,,199元高中双科提分课,199元高中双科提分课,荔枝,其他,0,wangjiananbj03,2026/7/17,1,0.45,0,0,0,75,0,0,0.00%,0.00%,-,0,0
ff28818a8dc50130aa413f03c0544022,-,-,-,-,-,https://tutor-online.oss-cn-beijing.aliyuncs.com/growth/download-material/ff28818a8dc50130aa413f03c0544022.mp4,0703-199双科-申坤-李博-李天-卞俊洁-A2-B4-无-16,-,,,199元高中双科提分课,199元高中双科提分课,申坤,其他,0,wangjiananbj03,2026/7/5,13,7.19,0,0,0,40.85,7190,0,0.57%,0%,-,0,0
fab29419ece875256672816945a50a3d,-,-,-,-,-,https://tutor-online.oss-cn-beijing.aliyuncs.com/growth/download-material/fab29419ece875256672816945a50a3d.mp4,0703-199双科-申坤-李博-李天-姚恒-A5-B5-无-01,-,,,199元高中双科提分课,199元高中双科提分课,申坤,其他,0,wangjiananbj03,2026/7/5,13,0.05,0,0,0,7.14,0,0,0.00%,0.00%,-,0,0
41100bed2155b0c4b38d84fab4d883e3,-,-,-,-,-,https://tutor-online.oss-cn-beijing.aliyuncs.com/growth/download-material/41100bed2155b0c4b38d84fab4d883e3.mp4,20260209-猿辅导高中数学-实拍-活动-撕开-张焱-bj冷一丁--杨惠宇yc-1-前贴1.1.mp4.mp4,-,,,199元高中双科提分课,299元高中全年提分课-实物,荔枝,其他,0,wangjiananbj03,2026/2/22,146,9166.67,5572,28,0.61,71.01,5801.69,327.38,1.22%,1.77%,-,0.22,3526.58
180b3059e290142bd74dbe58867c7cfe,-,-,-,-,-,https://tutor-online.oss-cn-beijing.aliyuncs.com/growth/download-material/180b3059e290142bd74dbe58867c7cfe.mp4,20260626-猿辅导高中数物双科-实拍-活动-退了-张焱-cd张璐+李赛-裂变-张晓洁yc-6.1.mp4,-,,,199元高中双科提分课,199元高中双科提分课,荔枝,代理商,0,wangjiananbj03,2026/6/26,22,252.81,199,1,0.79,168.77,4144.43,252.81,4.07%,1.64%,-,0.67,3262.3
d485dfe104836f076d4701450806d682,-,-,-,-,-,https://tutor-online.oss-cn-beijing.aliyuncs.com/growth/download-material/d485dfe104836f076d4701450806d682.mp4,20260619-猿辅导高中双科-实拍-千川-活动-买数学送物理-确实-张焱-bj于靖-裂变-张晓洁yc-1.mp4,-,,,199元高中双科提分课,199元高中双科提分课,荔枝,其他,0,wangjiananbj03,2026/6/19,29,0.47,0,0,0,42.73,0,0,0.00%,0.00%,-,0,0
6756d34cc1c823160ef6180b51d57b3d,-,-,-,-,-,https://tutor-online.oss-cn-beijing.aliyuncs.com/growth/download-material/6756d34cc1c823160ef6180b51d57b3d.mp4,20260518-猿辅导高中双科-实拍-买物理送数学-再说-张焱-bj丁梓仟--张晓洁yc-3.1（前贴）,-,,,199元高中双科提分课,199元高中双科提分课,荔枝,其他,0,wangjiananbj03,2026/5/30,49,4347.02,1592,8,0.37,160.25,20601.99,543.38,1.08%,2.72%,-,0.29,7545.02
deb2d03171e54fde9247b31ca925db1f,-,-,-,-,-,https://tutor-online.oss-cn-beijing.aliyuncs.com/growth/download-material/deb2d03171e54fde9247b31ca925db1f.mp4,0703-199双科-申坤-李博-李天-姚恒-A5-B5-有-02,-,,,199元高中双科提分课,199元高中双科提分课,申坤,代理商,0,wangjiananbj03,2026/7/3,15,1.35,0,0,0,36.49,0,0,0.00%,0.00%,-,0,0
880a1ee021f0d1ff0630c1b00747ed15,-,-,-,-,-,https://tutor-online.oss-cn-beijing.aliyuncs.com/growth/download-material/880a1ee021f0d1ff0630c1b00747ed15.mp4,20260624-9物-代理-启航-李博-【b1-p6-a3-45-0624】-A5-B5-有-2,-,,,9元高中物理李博,9元高中物理李博,启航,代理商,0,wangruixuebj01,2026/6/30,18,4.57,0,0,0,52.53,2285,0,1.15%,0%,-,0,0
1383af95bb3637bb158b376c7c0c46a5,-,-,-,-,-,https://tutor-online.oss-cn-beijing.aliyuncs.com/growth/download-material/1383af95bb3637bb158b376c7c0c46a5.mp4,0703-199双科-申坤-李博-李天-卞俊洁-A2-B4-无-20,-,,,199元高中双科提分课,199元高中双科提分课,申坤,其他,0,wangjiananbj03,2026/7/5,13,8.02,0,0,0,138.28,8020,0,1.72%,0%,-,0,0
2fcbf6546897fcadb7a6c943d3e2dc68,-,-,-,-,-,https://tutor-online.oss-cn-beijing.aliyuncs.com/growth/download-material/2fcbf6546897fcadb7a6c943d3e2dc68.mp4,0708-199双科-申坤-李博-李天-卞俊洁-A1-B4-有-高二高三-03,-,,,199元高中双科提分课,199元高中双科提分课,申坤,其他,0,wangjiananbj03,2026/7/10,8,0.02,0,0,0,5,0,0,0.00%,0.00%,-,0,0
cf882ea7e6a017f0942a83db9e383ca3,-,-,-,-,-,https://tutor-online.oss-cn-beijing.aliyuncs.com/growth/download-material/cf882ea7e6a017f0942a83db9e383ca3.mp4,20260703-猿辅导高中双科-实拍-视频号-ip李博-买物送数-199学三年-都不是-常文茜-李博--李文静yc-4,-,,,199元高中双科提分课,199元高中双科提分课,荔枝,其他,0,wangjiananbj03,2026/7/9,9,12.78,0,0,0,133.13,4260,0,3.13%,0%,-,0,0
cd7687577a11b15f25382a35890f44e4,-,-,-,-,-,https://tutor-online.oss-cn-beijing.aliyuncs.com/growth/download-material/cd7687577a11b15f25382a35890f44e4.mp4,20260715-猿辅导高中双科-实拍-活动-放心-张焱-李赛-bj刘能能-高一-李文静ec-视频号二创-横屏-4,-,,,199元高中双科提分课,199元高中双科提分课,荔枝,其他,0,wangjiananbj03,2026/7/16,2,8.21,0,0,0,30.75,2052.5,0,1.87%,0%,-,0,0
e55532b463d5489df9b2cfef8288a266,-,-,-,-,-,https://tutor-online.oss-cn-beijing.aliyuncs.com/growth/download-material/e55532b463d5489df9b2cfef8288a266.mp4,0703-199双科-申坤-李博-李天-姚恒-A7-B4-有-01,-,,,199元高中双科提分课,199元高中双科提分课,申坤,其他,0,wangjiananbj03,2026/7/7,11,0.99,0,0,0,34.14,0,0,0.00%,0.00%,-,0,0
24f7e07e0d8b47bf1b7f1c3fa6cf8ed3,-,-,-,-,-,https://tutor-online.oss-cn-beijing.aliyuncs.com/growth/download-material/24f7e07e0d8b47bf1b7f1c3fa6cf8ed3.mp4,20260603-猿辅导高中双科-实拍-性价比-亏本能-张焱-bj刘能能-袁北辰ec-二创-7,-,,,199元高中双科提分课,199元高中双科提分课,荔枝,其他,0,wangjiananbj03,2026/6/23,25,420.65,0,0,0,40.72,18289.13,0,0.39%,0%,-,0,0
1316fe4f5291c6008e322ddc00c6a0d5,-,-,-,-,-,https://tutor-online.oss-cn-beijing.aliyuncs.com/growth/download-material/1316fe4f5291c6008e322ddc00c6a0d5.mp4,一键修复_20260604-猿辅导高中双科-实拍-活动-多少-张焱-bj李赛-视频号二创-叶俊泽ec-12-端午.mp4,-,,,199元高中双科提分课,199元高中双科提分课,荔枝,其他,0,wangjiananbj03,2026/6/5,43,38.13,0,0,0,215.42,6355,0,3.39%,0.00%,-,0,0
7470f6b7a33a9a960a1bcf3b227efe7e,-,-,-,-,-,https://tutor-online.oss-cn-beijing.aliyuncs.com/growth/download-material/7470f6b7a33a9a960a1bcf3b227efe7e.mp4,20260708-猿辅导高中双科-实拍-千川-买数送物-活动-特别-张焱-bj丁梓仟--张晓洁yc-2,-,,,199元高中双科提分课,199元高中双科提分课,荔枝,其他,0,wangjiananbj03,2026/7/17,1,0.07,0,0,0,5,0,0,0.00%,0.00%,-,0,0
1ded57b215cb101ca4c705ff525ab470,-,-,-,-,-,https://tutor-online.oss-cn-beijing.aliyuncs.com/growth/download-material/1ded57b215cb101ca4c705ff525ab470.mp4,9元视频1196-0703-9物-代理-十人-李博-jjsx-bwxy-A2-B1-pcc-pwjl-无-1,-,,,9元高中物理李博,9元高中物理李博,十人,代理商,0,wangruixuebj01,2026/7/14,4,59.23,0,0,0,242.75,19743.33,0,1.23%,0%,-,0,0
47d095edf87917fa8afbdd6af22e06e6,-,-,-,-,-,https://tutor-online.oss-cn-beijing.aliyuncs.com/growth/download-material/47d095edf87917fa8afbdd6af22e06e6.mp4,20260703-猿辅导高中双科-实拍-千川-买数送物-活动-不气-张焱-bj冷一丁-高三-李文静ec-二创-5.mp4,-,,,199元高中双科提分课,199元高中双科提分课,荔枝,代理商,0,wangjiananbj03,2026/7/7,11,6.39,0,0,0,255.6,2130,0,12.00%,0.00%,-,0,0
606a6b29396d9b57d9b25f139d771f17,-,-,-,-,-,https://tutor-online.oss-cn-beijing.aliyuncs.com/growth/download-material/606a6b29396d9b57d9b25f139d771f17.mp4,20260704-猿辅导高中双科-实拍-视频号-ip李博-买物送数-199学三年-借课本-高二-常文茜-李博-叶俊泽yc-4.mp4,-,,,199元高中双科提分课,199元高中双科提分课,荔枝,其他,0,wangjiananbj03,2026/7/13,5,42.96,199,1,4.63,88.4,2148,42.96,4.12%,5.00%,-,2.06,9950
4d3b5b45428d88646fc07ae282e7e50d,-,-,-,-,-,https://tutor-online.oss-cn-beijing.aliyuncs.com/growth/download-material/4d3b5b45428d88646fc07ae282e7e50d.mp4,0630-199双科-申坤-李博-李天-卞俊洁-A2-B4-无-13,-,,,199元高中双科提分课,199元高中双科提分课,申坤,其他,0,wangjiananbj03,2026/7/10,8,59.4,0,0,0,113.36,19800,0,1.34%,0%,-,0,0
822f7a427fbc2f14283a24d522322896,-,-,-,-,-,https://tutor-online.oss-cn-beijing.aliyuncs.com/growth/download-material/822f7a427fbc2f14283a24d522322896.mp4,20260714-猿辅导高中双科-实拍-千川-专家分享-高二-买数送物--张焱-cd小志-岳久鸿-叶俊泽yc-4-前贴1.mp4,-,,,199元高中双科提分课,199元高中双科提分课,荔枝,其他,0,wangjiananbj03,2026/7/17,1,4.96,0,0,0,620,0,0,0.00%,0.00%,-,0,0
ac16483d8e8128d04c259bba94350628,-,-,-,-,-,https://tutor-online.oss-cn-beijing.aliyuncs.com/growth/download-material/ac16483d8e8128d04c259bba94350628.mp4,妙思自动生成-232-202607100728,-,,,199元高中双科提分课,199元高中双科提分课,荔枝,其他,0,wangjiananbj03,2026/7/10,8,3.95,0,0,0,45.4,0,0,0.00%,0.00%,-,0,0
4918dd3c26eca537571ec9429bc60133,-,-,-,-,-,https://tutor-online.oss-cn-beijing.aliyuncs.com/growth/download-material/4918dd3c26eca537571ec9429bc60133.mp4,0714-199双科-申坤-李博-李天-卞俊洁-A5-B4-无-01,-,,,199元高中双科提分课,199元高中双科提分课,申坤,其他,0,wangjiananbj03,2026/7/15,3,42.62,0,0,0,78.49,14206.67,0,1.10%,0%,-,0,0
b761f0401a3ec8cab742b5d3bf96b8dd,-,-,-,-,-,https://tutor-online.oss-cn-beijing.aliyuncs.com/growth/download-material/b761f0401a3ec8cab742b5d3bf96b8dd.mp4,0616-9物-代理-十人-李博-jjsx-bwxy-A2-B1-pwjl-pcc-有-3-AI,-,,,9元高中物理李博,9元高中物理李博,十人,代理商,0,wangruixuebj01,2026/6/17,31,130.35,0,0,0,68.68,8146.88,0,1.00%,0%,-,0,0
9bfc7deba6c2d56131563e5185f63f23,-,-,-,-,-,https://tutor-online.oss-cn-beijing.aliyuncs.com/growth/download-material/9bfc7deba6c2d56131563e5185f63f23.mp4,0709-199双科-申坤-李博-李天-卞俊洁-A2-B4-无-1,-,,,199元高中双科提分课,199元高中双科提分课,申坤,代理商,0,wangjiananbj03,2026/7/9,9,3.87,0,0,0,21.5,0,0,0.00%,0.00%,-,0,0
2df484c38f6bd1fd41a2c8bcb1b2fbf0,-,-,-,-,-,https://tutor-online.oss-cn-beijing.aliyuncs.com/growth/download-material/2df484c38f6bd1fd41a2c8bcb1b2fbf0.mp4,20260624-9物-代理-启航-李博-【b1-p6-a3-66-0630】-A5-B5-有-2,-,,,9元高中物理李博,9元高中物理李博,启航,代理商,0,wangruixuebj01,2026/7/10,8,1297.53,54,6,0.04,139.26,7543.78,216.26,2.00%,3.23%,-,0.64,313.95
a7a6f2ba2db13575403973c5899cf821,-,-,-,-,-,https://tutor-online.oss-cn-beijing.aliyuncs.com/growth/download-material/a7a6f2ba2db13575403973c5899cf821.mp4,20260713-猿辅导高中双科-实拍-千川-暑期预习-高二-买物送数-不努力-唐欣悦-bj庄紫薇--李文静yc-2.mp4,-,,,199元高中双科提分课,199元高中双科提分课,荔枝,其他,0,wangjiananbj03,2026/7/16,2,3.87,0,0,0,297.69,645,0,46.15%,0.00%,-,0,0
b8b59860bc2724d9a8244a00aaac936c,-,-,-,-,-,https://tutor-online.oss-cn-beijing.aliyuncs.com/growth/download-material/b8b59860bc2724d9a8244a00aaac936c.mp4,0324-9物-自产-自产主-李博-曲中雨-子衿-A5-B1-有-18-前贴2-娇-混剪-莹-0514,-,,,9元高中物理李博,9元高中物理李博,玄武,代理商,0,wangruixuebj01,2026/6/28,20,11.09,0,0,0,46.21,11090,0,0.42%,0%,-,0,0
e55532b463d5489df9b2cfef8288a266,-,-,-,-,-,https://tutor-online.oss-cn-beijing.aliyuncs.com/growth/download-material/e55532b463d5489df9b2cfef8288a266.mp4,0703-199双科-申坤-李博-李天-姚恒-A7-B4-有-01,-,,,199元高中双科提分课,199元高中双科提分课,申坤,其他,0,wangjiananbj03,-,-,0,0,0,0,0,0,0,0.00%,0.00%,-,0,0
b21bdcb66112616bd3a855b31af26a30,-,-,-,-,-,https://tutor-online.oss-cn-beijing.aliyuncs.com/growth/download-material/b21bdcb66112616bd3a855b31af26a30.mp4,null-自动生成-20-202607150403,-,,,199元高中双科提分课,199元高中双科提分课,申坤,其他,0,wangjiananbj03,2026/7/15,3,0.01,0,0,0,10,0,0,0.00%,0.00%,-,0,0
3632e69c908a419acbe8a99bb1dae695,-,-,-,-,-,https://tutor-online.oss-cn-beijing.aliyuncs.com/growth/download-material/3632e69c908a419acbe8a99bb1dae695.mp4,null-自动生成-20-202607100927,-,,,199元高中双科提分课,199元高中双科提分课,申坤,其他,0,wangjiananbj03,2026/7/10,8,151.46,0,0,0,108.65,50486.67,0,0.22%,0%,-,0,0
