素材id,视频名称,视频链接,投放情况,审核建议,素材评估,关联在投单元数,标签,消耗,展示数,点击数,点击率(%),平均点击单价(元),平均千次展现费用(元),转化数,转化成本,转化率(%),深度转化次数,深度转化成本,深度转化率(%)
"	7660186913555644470",0708引导-小敏-1.mp4,https://video-cn.oceanengine.com/121cbb49098ed7dd3e066f594b5bfb54/6a5e378a/tos-cn-ve-51/2bae3a7756eb456186673002a0168b64?a=1402&ch=0&cr=0&dr=3&cd=0%7C0%7C0%7C0&cv=1&br=675&bt=675&cs=0&ds=3&ft=J9ThAGkHH_Myq8ZCBDL_e2NvjTQ&mime_type=video_mp4&qs=0&rc=NXZpTGRTaFBnKWxncmd5aHFsc3IxZGY3ODNnMzVkOWY0aTw4O2c0QGkzO2pwZ2tvdTo8MzM0NjMzQFNsa3ZpcUQ6amtqXmJmK2BeaWpgYTojNWE1MDBjYl8tMWFjMi41NGEjajVpMnFnXjM0YS0tZDBhc3M%3D&btag=80000e00010000&dy_q=1784386680&feature_id=d6a18d7c5414b1f1e95a75faf9147845&l=20260718225759C5211FA5A79021F03DEB&ply_type=3&policy=eyJ2bSI6MywidWlkIjoiMzEyOTY1MDYwMzg4ODE4NSJ9,未使用,审核通过,--,5,--,138.93,7380,191,2.59,0.73,18.83,6,23.16,3.14,0,0,0
"	7660186951438139446",0708-引导-嘉丽-4.mp4,https://video-cn.oceanengine.com/e246f41b2247467bec264187e0d339d5/6a5e3789/tos-cn-ve-51/6095c2a4ab5e410694451d90ee690775?a=1402&ch=0&cr=0&dr=3&cd=0%7C0%7C0%7C0&cv=1&br=867&bt=867&cs=0&ds=3&ft=J9ThAGkHH_Myq8ZCBDL_e2NvjTQ&mime_type=video_mp4&qs=0&rc=NXZpTGRTaFBnKWxncmd5aHFsc3IxZGZkNTplNGdnZDNmaWY5ZDw4QGlqb2ZvN2tvdTo8MzM0NjMzQFNsa3ZpcUQ6amtqXmJmK2BeaWpgYTojMGFfLzEwMV81MTNiMDMvLWEjYy1mZnFnXjM0YS0tZDAwc3M%3D&btag=80000e00010000&dy_q=1784386680&feature_id=d6a18d7c5414b1f1e95a75faf9147845&l=20260718225759C5211FA5A79021F03DEB&ply_type=3&policy=eyJ2bSI6MywidWlkIjoiMzEyOTY1MDYwMzg4ODE4NSJ9,未使用,审核通过,--,11,--,4033.22,200122,4623,2.31,0.87,20.15,197,20.47,4.26,0,0,0
"	7660371884819709994",0709引导-小敏-3-1.mp4,https://video-cn.oceanengine.com/a89b7cceab920df274723cf651f0f65e/6a5e378f/tos-cn-ve-51/oQCICOsEIAQ1XVJqyGehPABcL93CBBAg4A4mQm?a=1402&ch=0&cr=0&dr=3&cd=0%7C0%7C0%7C0&cv=1&br=729&bt=729&cs=0&ds=3&ft=J9ThAGkHH_Myq8ZCBDL_e2NvjTQ&mime_type=video_mp4&qs=0&rc=NXZpTGRTaFBnKWxncmd5aHFsc3IxZGY8PDVoZTNmOzdpOzc4OTRpQGlqNTxmOWtvZWs8MzM0NjMzQFNsa3ZpcUQ6amtqXmJmK2BeaWpgYTojYWIvMGNiMl40MTY2NDItM2EjMmxkZHFnbms0YS0tZDAvc3M%3D&btag=80000e00010000&dy_q=1784386680&feature_id=d6a18d7c5414b1f1e95a75faf9147845&l=20260718225759C5211FA5A79021F03DEB&ply_type=3&policy=eyJ2bSI6MywidWlkIjoiMzEyOTY1MDYwMzg4ODE4NSJ9,未使用,审核通过,首发,4,--,143.47,6383,148,2.32,0.97,22.48,5,28.69,3.38,0,0,0
"	7660371894164914182",0708-引导-嘉丽-5.mp4,https://video-cn.oceanengine.com/dfe74f1e86ed703cf6a911f91bac48b4/6a5e377d/tos-cn-ve-51/owfebUfFnk0zGTZMBAhH3Ndqg4WA70AjtdEC5j?a=1402&ch=0&cr=0&dr=3&cd=0%7C0%7C0%7C0&cv=1&br=1212&bt=1212&cs=0&ds=6&ft=J9ThAGkHH_Myq8ZCBDL_e2NvjTQ&mime_type=video_mp4&qs=0&rc=NXZpTGRTaFBnKWxncmd5aHFsc3IxZGYzNzM0Ojo6Zzc6ZTc7OWc5QGlqaHZlNGtvZms8MzM0NjMzQFNsa3ZpcUQ6amtqXmJmK2BeaWpgYTojLV4zMDUxYzY0MTM0LjEvL2EjczRoaHFnL2s0YS0tZDAvc3M%3D&btag=80000e00008000&dy_q=1784386680&feature_id=d6a18d7c5414b1f1e95a75faf9147845&l=20260718225759C5211FA5A79021F03DEB&ply_type=3&policy=eyJ2bSI6MywidWlkIjoiMzEyOTY1MDYwMzg4ODE4NSJ9,未使用,审核通过,--,2,--,61.45,1476,19,1.29,3.23,41.63,1,61.45,5.26,0,0,0
"	7660371896212013110",0708-引导-嘉丽-3.mp4,https://video-cn.oceanengine.com/a31fd4db7723089b74ea6c31f9994652/6a5e378a/tos-cn-ve-51/o8q1rSmtB34JePzsjG93XIG9gVBMEQAR4lQmBA?a=1402&ch=0&cr=0&dr=3&cd=0%7C0%7C0%7C0&cv=1&br=497&bt=497&cs=0&ds=3&ft=J9ThAGkHH_Myq8ZCBDL_e2NvjTQ&mime_type=video_mp4&qs=0&rc=NXZpTGRTaFBnKWxncmd5aHFsc3IxZGY1OGQ8M2U0NDdnZDhkNzU7QGlqOHM8O2tvZWs8MzM0NjMzQFNsa3ZpcUQ6amtqXmJmK2BeaWpgYTojYV9jNC00YzYvMV9iLjY0Y2EjXjJnZHFnbms0YS0tZDBhc3M%3D&btag=80000e00010000&dy_q=1784386680&feature_id=d6a18d7c5414b1f1e95a75faf9147845&l=20260718225759C5211FA5A79021F03DEB&ply_type=3&policy=eyJ2bSI6MywidWlkIjoiMzEyOTY1MDYwMzg4ODE4NSJ9,未使用,审核通过,首发,7,--,377.68,28853,963,3.34,0.39,13.09,15,25.18,1.56,0,0,0
"	7660371908223402047",0709引导-小敏-5-1.mp4,https://video-cn.oceanengine.com/9f56e89ab0a57594ac13bd3d445246c1/6a5e3780/tos-cn-ve-51/ogKmuJs50BCwkPh8BJ3YGkQI4KAFegQWmAJ14E?a=1402&ch=0&cr=0&dr=3&cd=0%7C0%7C0%7C0&cv=1&br=1086&bt=1086&cs=0&ds=3&ft=J9ThAGkHH_Myq8ZCBDL_e2NvjTQ&mime_type=video_mp4&qs=0&rc=NXZpTGRTaFBnKWxncmd5aHFsc3IxZGZkM2RmMzs8PGY0PGU8O2c8QGkzcGw1aGtvZms8MzM0NjMzQFNsa3ZpcUQ6amtqXmJmK2BeaWpgYTojXl80XjFjMl5iMTFfLi5eLmEjMmBiLnFnL2s0YS0tZDAwc3M%3D&btag=80000e00008000&dy_q=1784386680&feature_id=d6a18d7c5414b1f1e95a75faf9147845&l=20260718225759C5211FA5A79021F03DEB&ply_type=3&policy=eyJ2bSI6MywidWlkIjoiMzEyOTY1MDYwMzg4ODE4NSJ9,未使用,审核通过,--,6,--,238.23,8487,190,2.24,1.25,28.07,10,23.82,5.26,0,0,0
"	7660371917899792420",0709引导-小敏-1-1.mp4,https://video-cn.oceanengine.com/4ca1df5fec854f3f42f8c59d69ef475c/6a5e378d/tos-cn-ve-51/oYwMZq7TgunNAgseqIRkCM6EDEAeNxVNBMAcx0?a=1402&ch=0&cr=0&dr=3&cd=0%7C0%7C0%7C0&cv=1&br=841&bt=841&cs=0&ds=3&ft=J9ThAGkHH_Myq8ZCBDL_e2NvjTQ&mime_type=video_mp4&qs=0&rc=NXZpTGRTaFBnKWxncmd5aHFsc3IxZGZnOGZlZTo4aDM7Ojs1PDY6QGlqNmY7PGtvZms8MzM0NjMzQFNsa3ZpcUQ6amtqXmJmK2BeaWpgYTojXzNgMTItYTUwMTEwMGFhYWEjMC8ycXFnL2s0YS0tZDBhc3M%3D&btag=80000e00010000&dy_q=1784386680&feature_id=d6a18d7c5414b1f1e95a75faf9147845&l=20260718225759C5211FA5A79021F03DEB&ply_type=3&policy=eyJ2bSI6MywidWlkIjoiMzEyOTY1MDYwMzg4ODE4NSJ9,未使用,审核通过,--,6,--,376.95,30952,1021,3.3,0.37,12.18,18,20.94,1.76,0,0,0
"	7660371924531937316",0708-引导-嘉丽-2.mp4,https://video-cn.oceanengine.com/93e4e72e2763cdca6357542d17bb2656/6a5e378f/tos-cn-ve-51/ogpaDTeZNDjVbuE4NgAxKRyTgAAqbLxW5veA6B?a=1402&ch=0&cr=0&dr=3&cd=0%7C0%7C0%7C0&cv=1&br=1689&bt=1689&cs=0&ds=3&ft=J9ThAGkHH_Myq8ZCBDL_e2NvjTQ&mime_type=video_mp4&qs=0&rc=NXZpTGRTaFBnKWxncmd5aHFsc3IxZGZnZzo5OzszOjlnNDw2aDs7QGkzcHU1NWtvZWs8MzM0NjMzQFNsa3ZpcUQ6amtqXmJmK2BeaWpgYTojNWEzL2M1L15eMWMtLjVjYmEja2EzbHFnbms0YS0tZDAwc3M%3D&btag=80000e00010000&dy_q=1784386680&feature_id=d6a18d7c5414b1f1e95a75faf9147845&l=20260718225759C5211FA5A79021F03DEB&ply_type=3&policy=eyJ2bSI6MywidWlkIjoiMzEyOTY1MDYwMzg4ODE4NSJ9,未使用,审核通过,首发,9,--,1054.01,54617,1150,2.11,0.92,19.3,58,18.17,5.04,0,0,0
"	7660371937247903787",0709引导-小敏-4-1.mp4,https://video-cn.oceanengine.com/556d0ad6299adc1a84a562f6e043ddc8/6a5e378b/tos-cn-ve-51/ooEW2vjGPdGq6Bl5PF7f0BezQe20IMpYCEAA9f?a=1402&ch=0&cr=0&dr=3&cd=0%7C0%7C0%7C0&cv=1&br=740&bt=740&cs=0&ds=3&ft=J9ThAGkHH_Myq8ZCBDL_e2NvjTQ&mime_type=video_mp4&qs=0&rc=NXZpTGRTaFBnKWxncmd5aHFsc3IxZGZkMzs5OGc0Njw6OTg8Nzs1QGkzaXNlOWtvZWs8MzM0NjMzQFNsa3ZpcUQ6amtqXmJmK2BeaWpgYTojYGIxYF4xNV5iMTZgM2I0L2Ejc2BzbHFnbms0YS0tZDBhc3M%3D&btag=80000e00010000&dy_q=1784386680&feature_id=d6a18d7c5414b1f1e95a75faf9147845&l=20260718225759C5211FA5A79021F03DEB&ply_type=3&policy=eyJ2bSI6MywidWlkIjoiMzEyOTY1MDYwMzg4ODE4NSJ9,未使用,审核通过,--,8,--,512,17727,285,1.61,1.8,28.88,18,28.44,6.32,0,0,0
"	7660452400634134570",0709引导+v-瑞晨-1.mp4,https://video-cn.oceanengine.com/2b65eb987151b73d2305bd29d60ea084/6a5e378d/tos-cn-ve-51/ogUsgfAflzz77M4UA8AIRygeqnGUFCBaljJbn0?a=1402&ch=0&cr=0&dr=3&cd=0%7C0%7C0%7C0&cv=1&br=1238&bt=1238&cs=0&ds=3&ft=J9ThAGkHH_Myq8ZCBDL_e2NvjTQ&mime_type=video_mp4&qs=0&rc=NXZpTGRTaFBnKWxncmd5aHFsc3IxZGY4ZTlmPDxmNGc8Mzk6ODVlQGlqc2xxNGtvdHA8MzM0NjMzQFNsa3ZpcUQ6amtqXmJmK2BeaWpgYTojMmAvYi9gL181MS40XjItNWEjY3NsNHFnZjY0YS0tZDBhc3M%3D&btag=80000e00010000&dy_q=1784386680&feature_id=d6a18d7c5414b1f1e95a75faf9147845&l=20260718225759C5211FA5A79021F03DEB&ply_type=3&policy=eyJ2bSI6MywidWlkIjoiMzEyOTY1MDYwMzg4ODE4NSJ9,未使用,审核通过,--,6,--,397.42,31269,1140,3.65,0.35,12.71,20,19.87,1.75,0,0,0
"	7660452400924835846",0709引导+v-瑞晨-3.mp4,https://video-cn.oceanengine.com/9779cdca1d7da9529f954bdbef6197ce/6a5e378b/tos-cn-ve-51/ocTZzPJs71IKJBQ1A1QEmZB92KFcEwBmg4hAQe?a=1402&ch=0&cr=0&dr=3&cd=0%7C0%7C0%7C0&cv=1&br=764&bt=764&cs=0&ds=3&ft=J9ThAGkHH_Myq8ZCBDL_e2NvjTQ&mime_type=video_mp4&qs=0&rc=NXZpTGRTaFBnKWxncmd5aHFsc3IxZGY3Z2g2ZjNpM2k3ZWlpMzpnQGlqZG07PGtvdHA8MzM0NjMzQFNsa3ZpcUQ6amtqXmJmK2BeaWpgYTojMWNgMTAwNV9jMV9gLV8tXmEjZHAycXFnZjY0YS0tZDBhc3M%3D&btag=80000e00010000&dy_q=1784386680&feature_id=d6a18d7c5414b1f1e95a75faf9147845&l=20260718225759C5211FA5A79021F03DEB&ply_type=3&policy=eyJ2bSI6MywidWlkIjoiMzEyOTY1MDYwMzg4ODE4NSJ9,未使用,审核通过,--,1,--,57.09,3478,113,3.25,0.51,16.41,0,0,0,0,0,0
"	7660452401267654692",0709引导+v-瑞晨-9.mp4,https://video-cn.oceanengine.com/b00d0de5064e518e4139909b083193a4/6a5e378b/tos-cn-ve-51/oor1XJJLCAtrQmNqQIezJZh41KaqWQ7sgBA5PE?a=1402&ch=0&cr=0&dr=3&cd=0%7C0%7C0%7C0&cv=1&br=1119&bt=1119&cs=0&ds=3&ft=J9ThAGkHH_Myq8ZCBDL_e2NvjTQ&mime_type=video_mp4&qs=0&rc=NXZpTGRTaFBnKWxncmd5aHFsc3IxZGY8PDQ6NDtkOGk4Zjc4Ojo5QGlqZGdwZWtvdHA8MzM0NjMzQFNsa3ZpcUQ6amtqXmJmK2BeaWpgYTojLTYwLjEwL19eMV5gYmAzMGEjbWFlaXFnZjY0YS0tZDAwc3M%3D&btag=80000e00010000&dy_q=1784386680&feature_id=d6a18d7c5414b1f1e95a75faf9147845&l=20260718225759C5211FA5A79021F03DEB&ply_type=3&policy=eyJ2bSI6MywidWlkIjoiMzEyOTY1MDYwMzg4ODE4NSJ9,未使用,审核通过,--,2,--,74.21,4466,153,3.43,0.49,16.62,2,37.11,1.31,0,0,0
"	7660452419795189823",0709引导+v-瑞晨-6.mp4,https://video-cn.oceanengine.com/afa1f42708b6b41d4fb7fd6ab7d72ef6/6a5e378a/tos-cn-ve-51/o4A9m84ZJ17KJB1xPNxqhQ1sQtF9IB1fgEQAQk?a=1402&ch=0&cr=0&dr=3&cd=0%7C0%7C0%7C0&cv=1&br=877&bt=877&cs=0&ds=3&ft=J9ThAGkHH_Myq8ZCBDL_e2NvjTQ&mime_type=video_mp4&qs=0&rc=NXZpTGRTaFBnKWxncmd5aHFsc3IxZGZmNmg0Z2g1Z2c0ODdnODs6QGlqNzZnNWtvdHA8MzM0NjMzQFNsa3ZpcUQ6amtqXmJmK2BeaWpgYTojMl8tMC0yYDU1MWEuNDItX2EjanNfZ3FnZjY0YS0tZDAwc3M%3D&btag=80000e00010000&dy_q=1784386680&feature_id=d6a18d7c5414b1f1e95a75faf9147845&l=20260718225759C5211FA5A79021F03DEB&ply_type=3&policy=eyJ2bSI6MywidWlkIjoiMzEyOTY1MDYwMzg4ODE4NSJ9,未使用,审核通过,--,1,--,59.66,4547,129,2.84,0.46,13.12,2,29.83,1.55,0,0,0
"	7660843528491237382",0710引导-小敏-3.mp4,https://video-cn.oceanengine.com/1ebf84db90160148a15e0d203319c5f5/6a5e3781/tos-cn-ve-51/ow1KpoNyElGSAX1BIVqQ0AAmJmeSIhKbWQ84Rs?a=1402&ch=0&cr=0&dr=3&cd=0%7C0%7C0%7C0&br=536&bt=536&cs=0&ds=3&ft=J9ThAGkHH_Myq8ZCBDL_e2NvjTQ&mime_type=video_mp4&qs=0&rc=NXZpTGRTaFBnKWxncmd5aHFsc3IxZGY8NGg7OzY6OGY8PDVoaTs3QGkzZ2twO2tvZGY8MzM0NjMzQFNsa3ZpcUQ6amtqXmJmK2BeaWpgYTojXzBfYWA0MV4tMTQyYzMzX2EjNmJzbnFnZmU1YS0tZDAvc3M%3D&btag=80000e00008000&dy_q=1784386680&feature_id=d6a18d7c5414b1f1e95a75faf9147845&l=20260718225759C5211FA5A79021F03DEB&ply_type=3&policy=eyJ2bSI6MywidWlkIjoiMzEyOTY1MDYwMzg4ODE4NSJ9,未使用,审核通过,--,1,--,6.14,216,11,5.09,0.56,28.43,0,0,0,0,0,0
"	7660843558887325738",0710引导-小敏-5.mp4,https://video-cn.oceanengine.com/bffc2fac525ebca84674d17389cf8ef6/6a5e378f/tos-cn-ve-51/oYyCv9LBsENIQXKPGQKRbCVAmuSp14heAQZSAu?a=1402&ch=0&cr=0&dr=3&cd=0%7C0%7C0%7C0&br=960&bt=960&cs=0&ds=3&ft=J9ThAGkHH_Myq8ZCBDL_e2NvjTQ&mime_type=video_mp4&qs=0&rc=NXZpTGRTaFBnKWxncmd5aHFsc3IxZGYzOjs7NmU1NTkzZ2dpNzZlQGlqaXJ0NGtvZGY8MzM0NjMzQFNsa3ZpcUQ6amtqXmJmK2BeaWpgYTojY2ExYF4yLTUyMWMwMTIxYmEjYXNfL3FnZmU1YS0tZDAvc3M%3D&btag=80000e00010000&dy_q=1784386680&feature_id=d6a18d7c5414b1f1e95a75faf9147845&l=20260718225759C5211FA5A79021F03DEB&ply_type=3&policy=eyJ2bSI6MywidWlkIjoiMzEyOTY1MDYwMzg4ODE4NSJ9,未使用,审核通过,--,1,--,2.39,88,4,4.55,0.6,27.16,0,0,0,0,0,0
"	7660843575199334441",0710-引导-嘉丽-8.mp4,https://video-cn.oceanengine.com/01ff8c41de77fff1fe83fbb7dc8c477d/6a5e3781/tos-cn-ve-51/oANDgwK4mII9mX1BeyphRKoGQASAlsRB9QBVEQ?a=1402&ch=0&cr=0&dr=3&cd=0%7C0%7C0%7C0&br=915&bt=915&cs=0&ds=3&ft=J9ThAGkHH_Myq8ZCBDL_e2NvjTQ&mime_type=video_mp4&qs=0&rc=NXZpTGRTaFBnKWxncmd5aHFsc3IxZGYzNzw6OTZmOTY6Mzg3ODdpQGlqOzQzN2tvZGY8MzM0NjMzQFNsa3ZpcUQ6amtqXmJmK2BeaWpgYTojX19gXjZjMl42MTUtNjAuMWEjZGNyY3FnZmU1YS0tZDBhc3M%3D&btag=80000e00008000&dy_q=1784386680&feature_id=d6a18d7c5414b1f1e95a75faf9147845&l=20260718225759C5211FA5A79021F03DEB&ply_type=3&policy=eyJ2bSI6MywidWlkIjoiMzEyOTY1MDYwMzg4ODE4NSJ9,未使用,审核通过,--,2,--,6.55,112,10,8.93,0.66,58.48,0,0,0,0,0,0
"	7660843598326792235",0710引导-小敏-2.mp4,https://video-cn.oceanengine.com/531f485122cd09e57ba5922a710e7f25/6a5e3783/tos-cn-ve-51/oI9RkwG1KAeKgNVWsHYGamkAmnhKImrrBJyQQ4?a=1402&ch=0&cr=0&dr=3&cd=0%7C0%7C0%7C0&br=523&bt=523&cs=0&ds=3&ft=J9ThAGkHH_Myq8ZCBDL_e2NvjTQ&mime_type=video_mp4&qs=0&rc=NXZpTGRTaFBnKWxncmd5aHFsc3IxZGY4ODQzPGVlaDYzNGZoZmZoQGlqOXBlNmtvZGY8MzM0NjMzQFNsa3ZpcUQ6amtqXmJmK2BeaWpgYTojNDZfX2EvLl9jMTY0YDUwNmEjcF4vZnFnZmU1YS0tZDBhc3M%3D&btag=80000e00008000&dy_q=1784386680&feature_id=d6a18d7c5414b1f1e95a75faf9147845&l=20260718225759C5211FA5A79021F03DEB&ply_type=3&policy=eyJ2bSI6MywidWlkIjoiMzEyOTY1MDYwMzg4ODE4NSJ9,未使用,审核通过,--,1,--,1.56,60,3,5,0.52,26,0,0,0,0,0,0
"	7660843598484979755",0710-引导-嘉丽-1.mp4,https://video-cn.oceanengine.com/87923c2a09be930f38284ed2f04d6243/6a5e378f/tos-cn-ve-51/oEiUxVeqDZeDIokdpgqg6BWhQ3NMAMo8KADG7b?a=1402&ch=0&cr=0&dr=3&cd=0%7C0%7C0%7C0&br=1057&bt=1057&cs=0&ds=3&ft=J9ThAGkHH_Myq8ZCBDL_e2NvjTQ&mime_type=video_mp4&qs=0&rc=NXZpTGRTaFBnKWxncmd5aHFsc3IxZGY2ZTo7ZjQ4Zzc8OzU3NDY6QGkzaHFkaWtvZGY8MzM0NjMzQFNsa3ZpcUQ6amtqXmJmK2BeaWpgYTojYC02LzReYDZhMWEtMmJeNmEjczVvXnFnZmU1YS0tZDAwc3M%3D&btag=80000e00010000&dy_q=1784386680&feature_id=d6a18d7c5414b1f1e95a75faf9147845&l=20260718225759C5211FA5A79021F03DEB&ply_type=3&policy=eyJ2bSI6MywidWlkIjoiMzEyOTY1MDYwMzg4ODE4NSJ9,未使用,审核通过,--,1,--,6.7,236,9,3.81,0.74,28.39,0,0,0,0,0,0
"	7660843608887656454",0710-引导-嘉丽-5.mp4,https://video-cn.oceanengine.com/96b220263a98208c09a1efe8c1c5569a/6a5e3789/tos-cn-ve-51/osSQNqC8U5dZDygsAAEIHeiVqevgX6IxQ0DBoM?a=1402&ch=0&cr=0&dr=3&cd=0%7C0%7C0%7C0&br=1010&bt=1010&cs=0&ds=3&ft=J9ThAGkHH_Myq8ZCBDL_e2NvjTQ&mime_type=video_mp4&qs=0&rc=NXZpTGRTaFBnKWxncmd5aHFsc3IxZGZpNzZnOjQ8NWc0PDY5aWU2QGkzOnU2aWtvZGY8MzM0NjMzQFNsa3ZpcUQ6amtqXmJmK2BeaWpgYTojLWMzYF80MV5hMTMzXjUyNWEjaDVrY3FnZmU1YS0tZDAwc3M%3D&btag=80000e00010000&dy_q=1784386680&feature_id=d6a18d7c5414b1f1e95a75faf9147845&l=20260718225759C5211FA5A79021F03DEB&ply_type=3&policy=eyJ2bSI6MywidWlkIjoiMzEyOTY1MDYwMzg4ODE4NSJ9,未使用,审核通过,--,1,--,15,346,8,2.31,1.88,43.35,1,15,12.5,0,0,0
"	7660843611230371903",0710-引导-嘉丽-4.mp4,https://video-cn.oceanengine.com/b8e80df6a75521f12bf1e7452669730a/6a5e3789/tos-cn-ve-51/oUehUZAoqAQrvFifgjbUNmC4kzBG1GvPCZDIae?a=1402&ch=0&cr=0&dr=3&cd=0%7C0%7C0%7C0&br=883&bt=883&cs=0&ds=3&ft=J9ThAGkHH_Myq8ZCBDL_e2NvjTQ&mime_type=video_mp4&qs=0&rc=NXZpTGRTaFBnKWxncmd5aHFsc3IxZGYzZjQ3aTM2O2RkaTg6aTNoQGkzZnY7aWtvZGY8MzM0NjMzQFNsa3ZpcUQ6amtqXmJmK2BeaWpgYTojY2IvM15jM19jMV9fNl5gMWEjcmNvZHFnZmU1YS0tZDAwc3M%3D&btag=80000e00010000&dy_q=1784386680&feature_id=d6a18d7c5414b1f1e95a75faf9147845&l=20260718225759C5211FA5A79021F03DEB&ply_type=3&policy=eyJ2bSI6MywidWlkIjoiMzEyOTY1MDYwMzg4ODE4NSJ9,未使用,审核通过,--,1,--,22.85,705,19,2.7,1.2,32.41,0,0,0,0,0,0
"	7660843614075912233",0710-引导-嘉丽-2.mp4,https://video-cn.oceanengine.com/30d000a3cd998010a195f86b69a41267/6a5e3791/tos-cn-ve-51/d1f06a0013f141c4954486e6fb878d58?a=1402&ch=0&cr=0&dr=3&cd=0%7C0%7C0%7C0&br=1729&bt=1729&cs=0&ds=3&ft=J9ThAGkHH_Myq8ZCBDL_e2NvjTQ&mime_type=video_mp4&qs=0&rc=NXZpTGRTaFBnKWxncmd5aHFsc3IxZGY1PDk4ZGg3NjM1ZmhlZWU4QGlqajdsNWtvZGY8MzM0NjMzQFNsa3ZpcUQ6amtqXmJmK2BeaWpgYTojMmM2YjItYF5fMTUwM2BfYWEjYGNtNnFnZmU1YS0tZDAvc3M%3D&btag=80000e00010000&dy_q=1784386680&feature_id=d6a18d7c5414b1f1e95a75faf9147845&l=20260718225759C5211FA5A79021F03DEB&ply_type=3&policy=eyJ2bSI6MywidWlkIjoiMzEyOTY1MDYwMzg4ODE4NSJ9,未使用,审核通过,首发,1,--,3.09,87,3,3.45,1.03,35.52,0,0,0,0,0,0
"	7660843651085778998",0710引导-小敏-4.mp4,https://video-cn.oceanengine.com/8b3420be287c314a885319750272f130/6a5e3790/tos-cn-ve-51/oUsBEhoKGSGIsABmVyK18Q9RSmM4pZQAAeZlQA?a=1402&ch=0&cr=0&dr=3&cd=0%7C0%7C0%7C0&br=531&bt=531&cs=0&ds=3&ft=J9ThAGkHH_Myq8ZCBDL_e2NvjTQ&mime_type=video_mp4&qs=0&rc=NXZpTGRTaFBnKWxncmd5aHFsc3IxZGY5ZDU6ZDQ3NjU7ZTpoOGZoQGkzOXM4ZmtvZGY8MzM0NjMzQFNsa3ZpcUQ6amtqXmJmK2BeaWpgYTojLjIwY2M0XjYxMWI2Yi1jYWEjNnAzc3FnZmU1YS0tZDAvc3M%3D&btag=80000e00010000&dy_q=1784386680&feature_id=d6a18d7c5414b1f1e95a75faf9147845&l=20260718225759C5211FA5A79021F03DEB&ply_type=3&policy=eyJ2bSI6MywidWlkIjoiMzEyOTY1MDYwMzg4ODE4NSJ9,未使用,审核通过,首发,1,--,3.59,135,8,5.93,0.45,26.59,0,0,0,0,0,0
"	7661186975484379190",微信视频_20260711163647.mp4,https://video-cn.oceanengine.com/645ede5e118e45758b8205498d199338/6a5e378b/tos-cn-ve-51/owISEQgOmA6KAT41l9pTqTteuCFBGsCQhFQUAM?a=1402&ch=0&cr=0&dr=3&cd=0%7C0%7C0%7C0&br=928&bt=928&cs=0&ds=3&ft=J9ThAGkHH_Myq8ZCBDL_e2NvjTQ&mime_type=video_mp4&qs=0&rc=NXZpTGRTaFBnKWxncmd5aHFsc3IxZGZoOjo6ZThkOjZmaWlkNjk7QGkzbTtpNWtvNjM8MzM0NjMzQFNsa3ZpcUQ6amtqXmJmK2BeaWpgYTojYGI2YF80YV8uMWM0MTUuM2Eja15rbXFnXi82YS0tZDAwc3M%3D&btag=80000e00010000&dy_q=1784386680&feature_id=d6a18d7c5414b1f1e95a75faf9147845&l=20260718225759C5211FA5A79021F03DEB&ply_type=3&policy=eyJ2bSI6MywidWlkIjoiMzEyOTY1MDYwMzg4ODE4NSJ9,未使用,审核通过,--,3,--,126.66,2515,77,3.06,1.64,50.36,9,14.07,11.69,0,0,0
"	7661187006646501412",微信视频2026-07-11_163704_323.mp4,https://video-cn.oceanengine.com/242a1a3431c8e8d4aed6ec63c4467e9f/6a5e3794/tos-cn-ve-51/b915b5c8144b4c9c9167b095ed5cd073?a=1402&ch=0&cr=0&dr=3&cd=0%7C0%7C0%7C0&br=1021&bt=1021&cs=0&ds=3&ft=J9ThAGkHH_Myq8ZCBDL_e2NvjTQ&mime_type=video_mp4&qs=0&rc=NXZpTGRTaFBnKWxncmd5aHFsc3IxZGY0aTQ6OzpnZWhnNzU2OzU3QGlqZ2t0ZWtvNjM8MzM0NjMzQFNsa3ZpcUQ6amtqXmJmK2BeaWpgYTojMS8vYmE2Nl4zMWAzYmMwM2EjYWwycXFnXi82YS0tZDAvc3M%3D&btag=80000e00010000&dy_q=1784386680&feature_id=d6a18d7c5414b1f1e95a75faf9147845&l=20260718225759C5211FA5A79021F03DEB&ply_type=3&policy=eyJ2bSI6MywidWlkIjoiMzEyOTY1MDYwMzg4ODE4NSJ9,未使用,审核通过,--,2,--,47.66,838,22,2.63,2.17,56.87,1,47.66,4.55,0,0,0
"	7661187009408008233",微信视频_20260711163659.mp4,https://video-cn.oceanengine.com/934682efd616b96c68ab1e85c88d4dc1/6a5e379d/tos-cn-ve-51/okAggtq4hIkYm21BRAYNxKTQSATAHsCIeQEGEQ?a=1402&ch=0&cr=0&dr=3&cd=0%7C0%7C0%7C0&cv=1&br=909&bt=909&cs=0&ds=3&ft=J9ThAGkHH_Myq8ZCBDL_e2NvjTQ&mime_type=video_mp4&qs=0&rc=NXZpTGRTaFBnKWxncmd5aHFsc3IxZGY4Ozs4Omg0ZTo0aTZkNTVkQGlqbXFyN2tvNjM8MzM0NjMzQFNsa3ZpcUQ6amtqXmJmK2BeaWpgYTojL2JjLS40XzU0MTAuMl42XmEjM2AyNXFnXi82YS0tZDAwc3M%3D&btag=80000e00018000&dy_q=1784386680&feature_id=d6a18d7c5414b1f1e95a75faf9147845&l=20260718225759C5211FA5A79021F03DEB&ply_type=3&policy=eyJ2bSI6MywidWlkIjoiMzEyOTY1MDYwMzg4ODE4NSJ9,未使用,审核通过,优质,11,--,7004.56,362223,4205,1.16,1.67,19.34,360,19.46,8.56,0,0,0
"	7662213000066678793",0713-引导-小敏-4.mp4,https://video-cn.oceanengine.com/3f2ededec659430b92e7511f02539f33/6a5e3790/tos-cn-ve-51/okAGApFKGehB9BtQI1s4lmKRE0z8QMrKAhVgJm?a=1402&ch=0&cr=0&dr=3&cd=0%7C0%7C0%7C0&cv=1&br=617&bt=617&cs=0&ds=3&ft=J9ThAGkHH_Myq8ZCBDL_e2NvjTQ&mime_type=video_mp4&qs=0&rc=NXZpTGRTaFBnKWxncmd5aHFsc3IxZGY6PGg5Z2QzPDwzN2Q7OGloQGlqOGZsOGtvanQ8MzM0NjMzQFNsa3ZpcUQ6amtqXmJmK2BeaWpgYTojMDAzM2MtM19hMWItMzFiMWEjNWZpcnFnL2BeYS0tZDAvc3M%3D&btag=80000e00010000&dy_q=1784386680&feature_id=d6a18d7c5414b1f1e95a75faf9147845&l=20260718225759C5211FA5A79021F03DEB&ply_type=3&policy=eyJ2bSI6MywidWlkIjoiMzEyOTY1MDYwMzg4ODE4NSJ9,未使用,审核通过,--,2,--,25.74,1126,48,4.26,0.54,22.86,2,12.87,4.17,0,0,0
"	7662213071909732378",713-引导-小敏-1.mp4,https://video-cn.oceanengine.com/c904e353a926db150215211a6a1e96a6/6a5e3787/tos-cn-ve-51/8e4e32ecade2477ab9a62f0b9fedf25c?a=1402&ch=0&cr=0&dr=3&cd=0%7C0%7C0%7C0&cv=1&br=871&bt=871&cs=0&ds=3&ft=J9ThAGkHH_Myq8ZCBDL_e2NvjTQ&mime_type=video_mp4&qs=0&rc=NXZpTGRTaFBnKWxncmd5aHFsc3IxZGY2NWQ1M2g5ZTk0OTk0Z2hpQGlqNHFtZ2tvanQ8MzM0NjMzQFNsa3ZpcUQ6amtqXmJmK2BeaWpgYTojMmMwLy8yNDYvMS4zL15jNmEjX3M1ZnFnL2BeYS0tZDAvc3M%3D&btag=80000e00010000&dy_q=1784386680&feature_id=d6a18d7c5414b1f1e95a75faf9147845&l=20260718225759C5211FA5A79021F03DEB&ply_type=3&policy=eyJ2bSI6MywidWlkIjoiMzEyOTY1MDYwMzg4ODE4NSJ9,未使用,审核通过,--,2,--,53.44,2440,161,6.6,0.33,21.9,4,13.36,2.48,0,0,0
"	7662222221286031410",0713-引导-小敏-5.mp4,https://video-cn.oceanengine.com/b89260b2f73d17c73ece69fbbcfbc25b/6a5e3792/tos-cn-ve-51/oUExEEqpZ14ARz6AUfOAYu1VJ0abCfGqWgBetg?a=1402&ch=0&cr=0&dr=3&cd=0%7C0%7C0%7C0&cv=1&br=363&bt=363&cs=0&ds=3&ft=J9ThAGkHH_Myq8ZCBDL_e2NvjTQ&mime_type=video_mp4&qs=0&rc=NXZpTGRTaFBnKWxncmd5aHFsc3IxZGZkNWhoOWVkOjRoNjs5ZzQ5QGlqNnI5OWtvOnQ8MzM0NjMzQFNsa3ZpcUQ6amtqXmJmK2BeaWpgYTojYDMwLjFfXzVeMWMwLjFhMWEjZGRuZXFnbnFeYS0tZDAvc3M%3D&btag=80000e00010000&dy_q=1784386680&feature_id=d6a18d7c5414b1f1e95a75faf9147845&l=20260718225759C5211FA5A79021F03DEB&ply_type=3&policy=eyJ2bSI6MywidWlkIjoiMzEyOTY1MDYwMzg4ODE4NSJ9,已使用,审核通过,--,6,--,265.03,11149,206,1.85,1.29,23.77,13,20.39,6.31,0,0,0
"	7662222297547685939",0713-引导-小敏-2.mp4,https://video-cn.oceanengine.com/9ec48bc3a1cb77dc8a4346ac257c8d69/6a5e378b/tos-cn-ve-51/owV1veAmh41FKoBdrQBLAMruIqvP7iAskiEdtQ?a=1402&ch=0&cr=0&dr=3&cd=0%7C0%7C0%7C0&cv=1&br=618&bt=618&cs=0&ds=3&ft=J9ThAGkHH_Myq8ZCBDL_e2NvjTQ&mime_type=video_mp4&qs=0&rc=NXZpTGRTaFBnKWxncmd5aHFsc3IxZGY5aGVpZWZnNjs8Ojo0OWg2QGlqaTVsaWtvOnQ8MzM0NjMzQFNsa3ZpcUQ6amtqXmJmK2BeaWpgYTojYmAwYjU0XzU2MTBiX15eNGEjbnFxcXFnbnFeYS0tZDAvc3M%3D&btag=80000e00010000&dy_q=1784386680&feature_id=d6a18d7c5414b1f1e95a75faf9147845&l=20260718225759C5211FA5A79021F03DEB&ply_type=3&policy=eyJ2bSI6MywidWlkIjoiMzEyOTY1MDYwMzg4ODE4NSJ9,未使用,审核通过,--,2,--,32.89,1476,58,3.93,0.57,22.28,2,16.45,3.45,0,0,0
"	7662229404613869595",0713-浩正瑞晨引导-7.mp4.mp4,https://video-cn.oceanengine.com/8c652c1b2524b1b3f9ad969617f6d058/6a5e37b4/tos-cn-ve-51/oojVGiqsXcmGQEDIWAe1Atp4QHhOIgzZqtKBan?a=1402&ch=0&cr=0&dr=3&cd=0%7C0%7C0%7C0&cv=1&br=1130&bt=1130&cs=0&ds=3&ft=J9ThAGkHH_Myq8ZCBDL_e2NvjTQ&mime_type=video_mp4&qs=0&rc=NXZpTGRTaFBnKWxncmd5aHFsc3IxZGZoZmU1NDg1NzM3ODxnNmY4QGlqNnM6OmtvNnU8MzM0NjMzQFNsa3ZpcUQ6amtqXmJmK2BeaWpgYTojMWM1XzItXjYtMTEvMy0wNGEjMGktZXFnXl5eYS0tZDAwc3M%3D&btag=80000e00028000&dy_q=1784386680&feature_id=d6a18d7c5414b1f1e95a75faf9147845&l=20260718225759C5211FA5A79021F03DEB&ply_type=3&policy=eyJ2bSI6MywidWlkIjoiMzEyOTY1MDYwMzg4ODE4NSJ9,未使用,审核通过,--,1,--,51.89,1888,37,1.96,1.4,27.48,3,17.3,8.11,0,0,0
"	7662229433765298186",0713-浩正瑞晨引导-1.mp4.mp4,https://video-cn.oceanengine.com/6f781b434fd7a6b38de0caba8e6e4eb7/6a5e378f/tos-cn-ve-51/oIRQfOtGASqBtTm1m3ZAg3OaXsEYIQ9VDZCKq4?a=1402&ch=0&cr=0&dr=3&cd=0%7C0%7C0%7C0&cv=1&br=703&bt=703&cs=0&ds=3&ft=J9ThAGkHH_Myq8ZCBDL_e2NvjTQ&mime_type=video_mp4&qs=0&rc=NXZpTGRTaFBnKWxncmd5aHFsc3IxZGY7Zjo2aTVmaTgzMzg3ZTk6QGlqaHVxPGtvNnU8MzM0NjMzQFNsa3ZpcUQ6amtqXmJmK2BeaWpgYTojYTQuYGMwNjVfMTI2YjIvYmEjYGJtaHFnXl5eYS0tZDBhc3M%3D&btag=80000e00010000&dy_q=1784386680&feature_id=d6a18d7c5414b1f1e95a75faf9147845&l=20260718225759C5211FA5A79021F03DEB&ply_type=3&policy=eyJ2bSI6MywidWlkIjoiMzEyOTY1MDYwMzg4ODE4NSJ9,未使用,审核通过,--,4,--,205.16,4827,92,1.91,2.23,42.5,12,17.1,13.04,0,0,0
"	7662229482153197577",0713-浩正瑞晨引导-3.mp4.mp4,https://video-cn.oceanengine.com/81d17fddd12c46083bf40fc30e4c9072/6a5e37a0/tos-cn-ve-51/o013hDVyGAkItA9mBgfEdXzQDKBXQIqFLqt4sJ?a=1402&ch=0&cr=0&dr=3&cd=0%7C0%7C0%7C0&br=781&bt=781&cs=0&ds=3&ft=J9ThAGkHH_Myq8ZCBDL_e2NvjTQ&mime_type=video_mp4&qs=0&rc=NXZpTGRTaFBnKWxncmd5aHFsc3IxZGZpaWc6NGQ4Z2g5ZTQ5OWhnQGlqN2ltM2tvNnU8MzM0NjMzQFNsa3ZpcUQ6amtqXmJmK2BeaWpgYTojYjAxXjRhNDUwMTZhMWM0L2EjMXNpcHFnXl5eYS0tZDAwc3M%3D&btag=80000e00018000&dy_q=1784386680&feature_id=d6a18d7c5414b1f1e95a75faf9147845&l=20260718225759C5211FA5A79021F03DEB&ply_type=3&policy=eyJ2bSI6MywidWlkIjoiMzEyOTY1MDYwMzg4ODE4NSJ9,未使用,审核通过,首发,1,--,57.8,2135,67,3.14,0.86,27.07,0,0,0,0,0,0
"	7662229485093961778",0713-浩正瑞晨引导-8.mp4.mp4,https://video-cn.oceanengine.com/41793346ac3ccdcc84d3e534a1259cfb/6a5e379e/tos-cn-ve-51/oAIVEQgkmtKKA641ketkq6yHTqrBGsCQmhtXAv?a=1402&ch=0&cr=0&dr=3&cd=0%7C0%7C0%7C0&br=546&bt=546&cs=0&ds=3&ft=J9ThAGkHH_Myq8ZCBDL_e2NvjTQ&mime_type=video_mp4&qs=0&rc=NXZpTGRTaFBnKWxncmd5aHFsc3IxZGY8OGk5OjpmZGU7NmRpaDloQGlqdGQ0ZWtvNnU8MzM0NjMzQFNsa3ZpcUQ6amtqXmJmK2BeaWpgYTojYy00Nl9fNV8yMS9jNV9fNWEjNjBtZnFnXl5eYS0tZDBhc3M%3D&btag=80000e00018000&dy_q=1784386680&feature_id=d6a18d7c5414b1f1e95a75faf9147845&l=20260718225759C5211FA5A79021F03DEB&ply_type=3&policy=eyJ2bSI6MywidWlkIjoiMzEyOTY1MDYwMzg4ODE4NSJ9,未使用,审核通过,首发,1,--,29.52,858,31,3.61,0.95,34.41,3,9.84,9.68,0,0,0
"	7662230271501189158",0713-引导-嘉丽-10.mp4,https://video-cn.oceanengine.com/694ea906256c56521097854d7fda0879/6a5e3787/tos-cn-ve-51/oI9V5pQKqAII8r19H4m1PhAbtsgheBUUUtaEap?a=1402&ch=0&cr=0&dr=3&cd=0%7C0%7C0%7C0&br=252&bt=252&cs=0&ds=3&ft=J9ThAGkHH_Myq8ZCBDL_e2NvjTQ&mime_type=video_mp4&qs=0&rc=NXZpTGRTaFBnKWxncmd5aHFsc3IxZGY8NmdpZmk1NmU2NDw0OzU5QGlqPG82PGtvdnU8MzM0NjMzQFNsa3ZpcUQ6amtqXmJmK2BeaWpgYTojL18vYWI0NV8xMWNgY18tMWEjYTZzXnFnbl9eYS0tZDAwc3M%3D&btag=80000e00010000&dy_q=1784386680&feature_id=d6a18d7c5414b1f1e95a75faf9147845&l=20260718225759C5211FA5A79021F03DEB&ply_type=3&policy=eyJ2bSI6MywidWlkIjoiMzEyOTY1MDYwMzg4ODE4NSJ9,未使用,审核通过,首发,2,--,41.62,1814,140,7.72,0.3,22.94,0,0,0,0,0,0
"	7662230272466780198",0713-引导-雅迪-1-改.mp4,https://video-cn.oceanengine.com/42808b9960f86acb23e9a7c15fd200b1/6a5e3782/tos-cn-ve-51/o4ZN5LNDQAAVCIirdqWgXAbeDB6X4bVxbDHtfK?a=1402&ch=0&cr=0&dr=3&cd=0%7C0%7C0%7C0&br=697&bt=697&cs=0&ds=3&ft=J9ThAGkHH_Myq8ZCBDL_e2NvjTQ&mime_type=video_mp4&qs=0&rc=NXZpTGRTaFBnKWxncmd5aHFsc3IxZGY1N2Q0NjU6Zjk3ZDw1ZDM7QGkzdnNnNWtvdXU8MzM0NjMzQFNsa3ZpcUQ6amtqXmJmK2BeaWpgYTojLS01Nl5iXl4tMWBjLjFgX2EjLXJjZ3FnXl9eYS0tZDAwc3M%3D&btag=80000e00008000&dy_q=1784386680&feature_id=d6a18d7c5414b1f1e95a75faf9147845&l=20260718225759C5211FA5A79021F03DEB&ply_type=3&policy=eyJ2bSI6MywidWlkIjoiMzEyOTY1MDYwMzg4ODE4NSJ9,未使用,审核通过,首发,1,--,6.25,205,2,0.98,3.13,30.49,0,0,0,0,0,0
"	7662230321010311219",0713-引导-雅迪-2-改.mp4,https://video-cn.oceanengine.com/c6670d124ca95793c794fa8711cbe546/6a5e37a3/tos-cn-ve-51/oQsmfOEVdhDCAQ4EAQKv9RAhQrIzhE93AtK1tB?a=1402&ch=0&cr=0&dr=3&cd=0%7C0%7C0%7C0&br=759&bt=759&cs=0&ds=3&ft=J9ThAGkHH_Myq8ZCBDL_e2NvjTQ&mime_type=video_mp4&qs=0&rc=NXZpTGRTaFBnKWxncmd5aHFsc3IxZGY0ZzRkZ2VlN2hkNjc3aTk6QGlqbXY7aGtvdXU8MzM0NjMzQFNsa3ZpcUQ6amtqXmJmK2BeaWpgYTojMzVhNi8vX18wMTIuNDYyMWEjazZfaHFnZl9eYS0tZDAvc3M%3D&btag=80000e00018000&dy_q=1784386680&feature_id=d6a18d7c5414b1f1e95a75faf9147845&l=20260718225759C5211FA5A79021F03DEB&ply_type=3&policy=eyJ2bSI6MywidWlkIjoiMzEyOTY1MDYwMzg4ODE4NSJ9,未使用,审核通过,优质,3,--,160.51,4571,50,1.09,3.21,35.11,8,20.06,16,0,0,0
"	7662230322323537929",0713-引导-嘉丽-9.mp4,https://video-cn.oceanengine.com/1a66987b4d91397c500f7c705979e572/6a5e3786/tos-cn-ve-51/oQ1VIVHBA4sg4QPsytxAqeilrghu5E1mmtKhGP?a=1402&ch=0&cr=0&dr=3&cd=0%7C0%7C0%7C0&br=544&bt=544&cs=0&ds=3&ft=J9ThAGkHH_Myq8ZCBDL_e2NvjTQ&mime_type=video_mp4&qs=0&rc=NXZpTGRTaFBnKWxncmd5aHFsc3IxZGYzZ2UzZzY2PDU1ZzwzPGRoQGkzOjpnOGtvdnU8MzM0NjMzQFNsa3ZpcUQ6amtqXmJmK2BeaWpgYTojMjY0NTQtYF9hMWIzNTRiNGEjbWRgZ3Fnbl9eYS0tZDAwc3M%3D&btag=80000e00010000&dy_q=1784386680&feature_id=d6a18d7c5414b1f1e95a75faf9147845&l=20260718225759C5211FA5A79021F03DEB&ply_type=3&policy=eyJ2bSI6MywidWlkIjoiMzEyOTY1MDYwMzg4ODE4NSJ9,未使用,审核通过,--,1,--,16.52,685,21,3.07,0.79,24.12,1,16.52,4.76,0,0,0
"	7662230326718300187",0713-引导-嘉丽-1.mp4,https://video-cn.oceanengine.com/6bc060291fc1523e8cb2cafd3d4bd0b5/6a5e378f/tos-cn-ve-51/o04P3spQrEtK5esBphmq19uh0UBoAmQUV1ItAg?a=1402&ch=0&cr=0&dr=3&cd=0%7C0%7C0%7C0&br=639&bt=639&cs=0&ds=3&ft=J9ThAGkHH_Myq8ZCBDL_e2NvjTQ&mime_type=video_mp4&qs=0&rc=NXZpTGRTaFBnKWxncmd5aHFsc3IxZGY7NTU0NTNnZzxoNjc0ODg3QGkzPG82PGtvdnU8MzM0NjMzQFNsa3ZpcUQ6amtqXmJmK2BeaWpgYTojMWMuMDZfNjZeMTYuXjYvXmEjaDZzXnFnbl9eYS0tZDAwc3M%3D&btag=80000e00010000&dy_q=1784386680&feature_id=d6a18d7c5414b1f1e95a75faf9147845&l=20260718225759C5211FA5A79021F03DEB&ply_type=3&policy=eyJ2bSI6MywidWlkIjoiMzEyOTY1MDYwMzg4ODE4NSJ9,未使用,审核通过,--,1,--,4.18,61,1,1.64,4.18,68.52,1,4.18,100,0,0,0
"	7662230360634556454",0713-引导-嘉丽-3.mp4,https://video-cn.oceanengine.com/004081da2dd08b179baa9dce0343bf22/6a5e379a/tos-cn-ve-51/oYK6Qxi9t16GIQsPtUbeZBh4AqDIKEmVrohAQg?a=1402&ch=0&cr=0&dr=3&cd=0%7C0%7C0%7C0&br=773&bt=773&cs=0&ds=3&ft=J9ThAGkHH_Myq8ZCBDL_e2NvjTQ&mime_type=video_mp4&qs=0&rc=NXZpTGRTaFBnKWxncmd5aHFsc3IxZGY5aDpmOGVoaGhlNTozaTxoQGkza2t4O2tvd3U8MzM0NjMzQFNsa3ZpcUQ6amtqXmJmK2BeaWpgYTojYTAvNTYyY19eMTJfLV9iYmEjMWtmYHFnL19eYS0tZDAwc3M%3D&btag=80000e00018000&dy_q=1784386680&feature_id=d6a18d7c5414b1f1e95a75faf9147845&l=20260718225759C5211FA5A79021F03DEB&ply_type=3&policy=eyJ2bSI6MywidWlkIjoiMzEyOTY1MDYwMzg4ODE4NSJ9,未使用,审核通过,--,1,--,7.5,210,5,2.38,1.5,35.71,0,0,0,0,0,0
"	7662230381774553097",0713-引导-嘉丽-5.mp4,https://video-cn.oceanengine.com/b99505a7808437a47591d69bae6269a9/6a5e3781/tos-cn-ve-51/owh2IX9DHCm64n0VgQ4AErKPmF1QtAJBBtsfKM?a=1402&ch=0&cr=0&dr=3&cd=0%7C0%7C0%7C0&br=998&bt=998&cs=0&ds=3&ft=J9ThAGkHH_Myq8ZCBDL_e2NvjTQ&mime_type=video_mp4&qs=0&rc=NXZpTGRTaFBnKWxncmd5aHFsc3IxZGZpPDZlNjxlNDc4OjY3NTY2QGlqOnk7Omtvd3U8MzM0NjMzQFNsa3ZpcUQ6amtqXmJmK2BeaWpgYTojYS9fMy0xLTU2MTNhXjEzYGEjX2FfZXFnL19eYS0tZDBhc3M%3D&btag=80000e00008000&dy_q=1784386680&feature_id=d6a18d7c5414b1f1e95a75faf9147845&l=20260718225759C5211FA5A79021F03DEB&ply_type=3&policy=eyJ2bSI6MywidWlkIjoiMzEyOTY1MDYwMzg4ODE4NSJ9,未使用,审核通过,首发,1,--,4.88,193,4,2.07,1.22,25.28,0,0,0,0,0,0
"	7662271374480752666",0713-引导-嘉丽-2.mp4,https://video-cn.oceanengine.com/3750e322b1e328266f070c9e8c8ea9fd/6a5e3789/tos-cn-ve-51/oYUbkAIcqlAffZxXBQ6ZgtxJDVANExLRgvV1Dd?a=1402&ch=0&cr=0&dr=3&cd=0%7C0%7C0%7C0&br=964&bt=964&cs=0&ds=3&ft=J9ThAGkHH_Myq8ZCBDL_e2NvjTQ&mime_type=video_mp4&qs=0&rc=NXZpTGRTaFBnKWxncmd5aHFsc3IxZGZpZjkzPGU3Z2dlZTk3O2hlQGlqcGt3N2tvbHc8MzM0NjMzQFNsa3ZpcUQ6amtqXmJmK2BeaWpgYTojLl9iMS40NDU1MTZeYmNjNGEjX242MnFnXmpeYS0tZDAwc3M%3D&btag=80000e00010000&dy_q=1784386680&feature_id=d6a18d7c5414b1f1e95a75faf9147845&l=20260718225759C5211FA5A79021F03DEB&ply_type=3&policy=eyJ2bSI6MywidWlkIjoiMzEyOTY1MDYwMzg4ODE4NSJ9,未使用,审核通过,--,1,--,14.63,435,3,0.69,4.88,33.63,0,0,0,0,0,0
"	7662271385642729518",0713-引导-嘉丽-4.mp4,https://video-cn.oceanengine.com/29ca988440978262a95f69c42acc898b/6a5e378b/tos-cn-ve-51/o0Nsd2k4IKtBm5KABV84qgWm2kAeQRuQDdz1E5?a=1402&ch=0&cr=0&dr=3&cd=0%7C0%7C0%7C0&br=1379&bt=1379&cs=0&ds=3&ft=J9ThAGkHH_Myq8ZCBDL_e2NvjTQ&mime_type=video_mp4&qs=0&rc=NXZpTGRTaFBnKWxncmd5aHFsc3IxZGZoOzk0NDg5NzNnZTY3Ozs2QGkzNHBoZ2tvbHc8MzM0NjMzQFNsa3ZpcUQ6amtqXmJmK2BeaWpgYTojNmMwNTZeX14yMWE2MDMxY2EjXzVfMnFnXmpeYS0tZDBhc3M%3D&btag=80000e00010000&dy_q=1784386680&feature_id=d6a18d7c5414b1f1e95a75faf9147845&l=20260718225759C5211FA5A79021F03DEB&ply_type=3&policy=eyJ2bSI6MywidWlkIjoiMzEyOTY1MDYwMzg4ODE4NSJ9,未使用,审核通过,首发,1,--,6.78,370,10,2.7,0.68,18.32,1,6.78,10,0,0,0
"	7662271386505429043",0713-引导-嘉丽-8.mp4,https://video-cn.oceanengine.com/1f00c19898cb04ed574b6a830eeda720/6a5e378f/tos-cn-ve-51/oEKmIB2AYulZFDnVuuAuEsJ2QQe4g1AuKd4hKs?a=1402&ch=0&cr=0&dr=3&cd=0%7C0%7C0%7C0&br=1078&bt=1078&cs=0&ds=3&ft=J9ThAGkHH_Myq8ZCBDL_e2NvjTQ&mime_type=video_mp4&qs=0&rc=NXZpTGRTaFBnKWxncmd5aHFsc3IxZGYzNjY4ODVmODRpaDg7O2hmQGkzaDg8aGtvbHc8MzM0NjMzQFNsa3ZpcUQ6amtqXmJmK2BeaWpgYTojLi0vNi4tLzZiMWA2YDY2LmEjYG9tLXFnZmpeYS0tZDAwc3M%3D&btag=80000e00010000&dy_q=1784386680&feature_id=d6a18d7c5414b1f1e95a75faf9147845&l=20260718225759C5211FA5A79021F03DEB&ply_type=3&policy=eyJ2bSI6MywidWlkIjoiMzEyOTY1MDYwMzg4ODE4NSJ9,未使用,审核通过,首发,2,--,75.09,2030,27,1.33,2.78,36.99,3,25.03,11.11,0,0,0
"	7662271415936843802",0713-引导-嘉丽-7.mp4,https://video-cn.oceanengine.com/9724ad259a385ab0aaa925e1c87e7366/6a5e379a/tos-cn-ve-51/oIEm2h1AuC2YakBV4AIApKeZyDQAnQqls2Bpk6?a=1402&ch=0&cr=0&dr=3&cd=0%7C0%7C0%7C0&br=862&bt=862&cs=0&ds=3&ft=J9ThAGkHH_Myq8ZCBDL_e2NvjTQ&mime_type=video_mp4&qs=0&rc=NXZpTGRTaFBnKWxncmd5aHFsc3IxZGY5PDdlNzQ6ZjU8NTk2Z2dkQGlqPHY8OGtvbHc8MzM0NjMzQFNsa3ZpcUQ6amtqXmJmK2BeaWpgYTojNmIzYzJeYzUzMTFfNGM0YWEjLS4xYHFnXmpeYS0tZDAvc3M%3D&btag=80000e00018000&dy_q=1784386680&feature_id=d6a18d7c5414b1f1e95a75faf9147845&l=20260718225759C5211FA5A79021F03DEB&ply_type=3&policy=eyJ2bSI6MywidWlkIjoiMzEyOTY1MDYwMzg4ODE4NSJ9,未使用,审核通过,--,2,--,3.82,98,6,6.12,0.64,38.98,0,0,0,0,0,0
"	7662279484768419878",0714-瑞浩引导修改-1.mp4,https://video-cn.oceanengine.com/ae9d17ca30076613d46f2ad7e360d433/6a5e378f/tos-cn-ve-51/oUSTsV4KQFDmAQPZ1DIywh9fBPgrmvqxASgw41?a=1402&ch=0&cr=0&dr=3&cd=0%7C0%7C0%7C0&br=657&bt=657&cs=0&ds=3&ft=J9ThAGkHH_Myq8ZCBDL_e2NvjTQ&mime_type=video_mp4&qs=0&rc=NXZpTGRTaFBnKWxncmd5aHFsc3IxZGZnODlpaWY2aTgzM2c5aGc5QGkzPHhoNGtvPHg8MzM0NjMzQFNsa3ZpcUQ6amtqXmJmK2BeaWpgYTojMy02MDJeYzUzMTYvMDJjY2EjYGMtaXFnXjJeYS0tZDBhc3M%3D&btag=80000e00010000&dy_q=1784386680&feature_id=d6a18d7c5414b1f1e95a75faf9147845&l=20260718225759C5211FA5A79021F03DEB&ply_type=3&policy=eyJ2bSI6MywidWlkIjoiMzEyOTY1MDYwMzg4ODE4NSJ9,未使用,审核通过,--,1,--,5.08,368,12,3.26,0.42,13.8,0,0,0,0,0,0
"	7662279491625058342",0714-瑞浩引导修改-4.mp4,https://video-cn.oceanengine.com/d0418f8f740f9574252a555891f41a97/6a5e3797/tos-cn-ve-51/oMxeUBIeKgxuA0AlQqSGCFcr8G6ZbqnZeFX8VK?a=1402&ch=0&cr=0&dr=3&cd=0%7C0%7C0%7C0&br=664&bt=664&cs=0&ds=3&ft=J9ThAGkHH_Myq8ZCBDL_e2NvjTQ&mime_type=video_mp4&qs=0&rc=NXZpTGRTaFBnKWxncmd5aHFsc3IxZGY7Njw6OjY4OjVmNTdnPDxmQGkzbTw2aWtvPHg8MzM0NjMzQFNsa3ZpcUQ6amtqXmJmK2BeaWpgYTojXjM2MjEvMzYxMV8zXjMxYmEjc2JnY3FnXjJeYS0tZDAwc3M%3D&btag=80000e00018000&dy_q=1784386680&feature_id=d6a18d7c5414b1f1e95a75faf9147845&l=20260718225759C5211FA5A79021F03DEB&ply_type=3&policy=eyJ2bSI6MywidWlkIjoiMzEyOTY1MDYwMzg4ODE4NSJ9,未使用,审核通过,--,1,--,21.47,753,26,3.45,0.83,28.51,3,7.16,11.54,0,0,0
"	7663050651178811419",0715瑞晨2次修改-3.mp4,https://video-cn.oceanengine.com/0cf01a35d8480169b9c4287c7dfa32e8/6a5e379b/tos-cn-ve-51/oQdrUo2liQZzt5IGgSA0aNGbQ6YEkIAgYEWtZ?a=1402&ch=0&cr=0&dr=3&cd=0%7C0%7C0%7C0&br=1494&bt=1494&cs=0&ds=3&ft=J9ThAGkHH_Myq8ZCBDL_e2NvjTQ&mime_type=video_mp4&qs=0&rc=NXZpTGRTaFBnKWxncmd5aHFsc3IxZGZnNjU7Ojc2Z2Y6ODc6aGhkQGkzcnI5Z286N2Q8MzM0NjMzQFNsa3ZpcUQ6amtqXmJmK2BeaWpgYTojNjJeYTUuMzVjMWEwLzIuNmEjMG5iNmFhXi1gYS0tZDAvc3M%3D&btag=80000e00018000&dy_q=1784386680&feature_id=d6a18d7c5414b1f1e95a75faf9147845&l=20260718225759C5211FA5A79021F03DEB&ply_type=3&policy=eyJ2bSI6MywidWlkIjoiMzEyOTY1MDYwMzg4ODE4NSJ9,未使用,审核通过,--,1,--,2.14,40,0,0,0,53.5,0,0,0,0,0,0
"	7663054269622517806",0715-魏怡引流5.mp4,https://video-cn.oceanengine.com/317a60245b5f944f09ce95661e980dbd/6a5e3788/tos-cn-ve-51/ooIQE1nEg6OdtjirzoKWlJa0WDR5YxADtIZQA?a=1402&ch=0&cr=0&dr=3&cd=0%7C0%7C0%7C0&br=1529&bt=1529&cs=0&ds=3&ft=J9ThAGkHH_Myq8ZCBDL_e2NvjTQ&mime_type=video_mp4&qs=0&rc=NXZpTGRTaFBnKWxncmd5aHFsc3IxZGY7PDc5MzM0Zzk2NDRoOTk2QGkzbzp2ZW86cGQ8MzM0NjMzQFNsa3ZpcUQ6amtqXmJmK2BeaWpgYTojNS9iMjIuMzY0MWIwYS1jY2EjbmdfZ2FhLzNgYS0tZDAvc3M%3D&btag=80000e00010000&dy_q=1784386680&feature_id=d6a18d7c5414b1f1e95a75faf9147845&l=20260718225759C5211FA5A79021F03DEB&ply_type=3&policy=eyJ2bSI6MywidWlkIjoiMzEyOTY1MDYwMzg4ODE4NSJ9,未使用,审核通过,--,1,--,2.44,49,2,4.08,1.22,49.8,0,0,0,0,0,0
"	7663054273158070310",0714-魏怡引流-6.mp4,https://video-cn.oceanengine.com/c8f35fa66c1650e54f9c9dae70eebec5/6a5e378f/tos-cn-ve-51/okaQAZlxiVt2d5aICjYwxwl9z5oEAUWInQCUG?a=1402&ch=0&cr=0&dr=3&cd=0%7C0%7C0%7C0&br=721&bt=721&cs=0&ds=3&ft=J9ThAGkHH_Myq8ZCBDL_e2NvjTQ&mime_type=video_mp4&qs=0&rc=NXZpTGRTaFBnKWxncmd5aHFsc3IxZGZoPDY2OmRmODxkZDY4ZGk0QGlqNTo4OG86bmQ8MzM0NjMzQFNsa3ZpcUQ6amtqXmJmK2BeaWpgYTojYmEtX2FjL18tMWFeLWIvM2EjcmZibGFhXjNgYS0tZDAwc3M%3D&btag=80000e00010000&dy_q=1784386680&feature_id=d6a18d7c5414b1f1e95a75faf9147845&l=20260718225759C5211FA5A79021F03DEB&ply_type=3&policy=eyJ2bSI6MywidWlkIjoiMzEyOTY1MDYwMzg4ODE4NSJ9,未使用,审核通过,--,1,--,1.94,42,1,2.38,1.94,46.19,0,0,0,0,0,0
"	7663054322687557642",0714-魏怡引流-3.mp4,https://video-cn.oceanengine.com/028d80db6aeb09b1c802a936347d0d6e/6a5e37a0/tos-cn-ve-51/o0ReYqRAAQB22kgOfq16CqE5WICNYoNxKaADJ1?a=1402&ch=0&cr=0&dr=3&cd=0%7C0%7C0%7C0&br=577&bt=577&cs=0&ds=3&ft=J9ThAGkHH_Myq8ZCBDL_e2NvjTQ&mime_type=video_mp4&qs=0&rc=NXZpTGRTaFBnKWxncmd5aHFsc3IxZGZmNDM1OmY5NGY7Z2g2aTlnQGkzdHRwaW86bmQ8MzM0NjMzQFNsa3ZpcUQ6amtqXmJmK2BeaWpgYTojMTVgLTE1L18tMTFjXy4tLmEjLTZrZ2FhXjNgYS0tZDAvc3M%3D&btag=80000e00018000&dy_q=1784386680&feature_id=d6a18d7c5414b1f1e95a75faf9147845&l=20260718225759C5211FA5A79021F03DEB&ply_type=3&policy=eyJ2bSI6MywidWlkIjoiMzEyOTY1MDYwMzg4ODE4NSJ9,未使用,审核通过,--,1,--,2.38,89,3,3.37,0.79,26.74,0,0,0,0,0,0
"	7663054368157302793",0714-魏怡引流-5.mp4,https://video-cn.oceanengine.com/2ae024a93bc2da03dff670d549171672/6a5e3797/tos-cn-ve-51/oAYUCIW58Q6igjtAdTtlroaUrAhQ2EhU5Izsl?a=1402&ch=0&cr=0&dr=3&cd=0%7C0%7C0%7C0&br=698&bt=698&cs=0&ds=3&ft=J9ThAGkHH_Myq8ZCBDL_e2NvjTQ&mime_type=video_mp4&qs=0&rc=NXZpTGRTaFBnKWxncmd5aHFsc3IxZGYzZmc3ZTxpZjNlOTplODpkQGkzcDl0M286bmQ8MzM0NjMzQFNsa3ZpcUQ6amtqXmJmK2BeaWpgYTojXmFjYWEzMl41MV8uXjBjMWEjXm1wZmFhXjNgYS0tZDBhc3M%3D&btag=80000e00018000&dy_q=1784386680&feature_id=d6a18d7c5414b1f1e95a75faf9147845&l=20260718225759C5211FA5A79021F03DEB&ply_type=3&policy=eyJ2bSI6MywidWlkIjoiMzEyOTY1MDYwMzg4ODE4NSJ9,未使用,审核通过,--,1,--,10.22,246,5,2.03,2.04,41.54,2,5.11,40,0,0,0
"	7663054417171742758",0715-魏怡引流-6.mp4,https://video-cn.oceanengine.com/1eb948a1eed2ed6337dea339fd9d9ff3/6a5e3881/tos-cn-ve-51/oIQ9jLlYlPAMtEvPEuEAapsAzdIVJWQIcTiWr?a=1402&ch=0&cr=0&dr=3&cd=0%7C0%7C0%7C0&br=1364&bt=1364&cs=0&ds=3&ft=J9ThAGkHH_Myq8ZCBDL_e2NvjTQ&mime_type=video_mp4&qs=0&rc=NXZpTGRTaFBnKWxncmd5aHFsc3IxZGZoOmloOjVmaDQzOjM0ZDdkQGlqOG5sZW86cGQ8MzM0NjMzQFNsa3ZpcUQ6amtqXmJmK2BeaWpgYTojNTEzXzNhLTVhMTEtNmNiYmEjMnNjNGFhLzNgYS0tZDBhc3M%3D&btag=80000e00030000&dy_q=1784386680&feature_id=d6a18d7c5414b1f1e95a75faf9147845&l=20260718225759C5211FA5A79021F03DEB&ply_type=3&policy=eyJ2bSI6MywidWlkIjoiMzEyOTY1MDYwMzg4ODE4NSJ9,未使用,审核通过,--,2,--,1.76,23,2,8.7,0.88,76.52,0,0,0,0,0,0
"	7663054467406757898",0715-魏怡引流-7.mp4,https://video-cn.oceanengine.com/13f65667fa817500212592c860eb93d2/6a5e3881/tos-cn-ve-51/ogatYDIGQfTF1trBYcRAAshQ7LEApI3QmO9nnz?a=1402&ch=0&cr=0&dr=3&cd=0%7C0%7C0%7C0&br=1346&bt=1346&cs=0&ds=3&ft=J9ThAGkHH_Myq8ZCBDL_e2NvjTQ&mime_type=video_mp4&qs=0&rc=NXZpTGRTaFBnKWxncmd5aHFsc3IxZGY0NzNnOTk6Ojc0NTQ1ZDQ6QGkzbXZoO286cGQ8MzM0NjMzQFNsa3ZpcUQ6amtqXmJmK2BeaWpgYTojXl5iLy0uYzUuMTQ1YTRgMWEjNXBzb2FhLzNgYS0tZDAvc3M%3D&btag=80000e00030000&dy_q=1784386680&feature_id=d6a18d7c5414b1f1e95a75faf9147845&l=20260718225759C5211FA5A79021F03DEB&ply_type=3&policy=eyJ2bSI6MywidWlkIjoiMzEyOTY1MDYwMzg4ODE4NSJ9,未使用,审核通过,--,1,--,5.97,172,3,1.74,1.99,34.71,0,0,0,0,0,0
"	7663055816350859274",0716-引流瑞晨-6.mp4,https://video-cn.oceanengine.com/30971bbaa95864e34d6df5123ab46f1f/6a5e3782/tos-cn-ve-51/ocFWNgOR1yMTKBkpg2R3AxAMSalpIqADfo4Nei?a=1402&ch=0&cr=0&dr=3&cd=0%7C0%7C0%7C0&br=1608&bt=1608&cs=0&ds=3&ft=J9ThAGkHH_Myq8ZCBDL_e2NvjTQ&mime_type=video_mp4&qs=0&rc=NXZpTGRTaFBnKWxncmd5aHFsc3IxZGZmODg4M2Q2aGg3ZTU4MzM6QGkzZGxwZG86bWQ8MzM0NjMzQFNsa3ZpcUQ6amtqXmJmK2BeaWpgYTojLzBiLzAzYjVeMWJiLS9iNWEjYzZnMWFhZjZgYS0tZDBhc3M%3D&btag=80000e00008000&dy_q=1784386680&feature_id=d6a18d7c5414b1f1e95a75faf9147845&l=20260718225759C5211FA5A79021F03DEB&ply_type=3&policy=eyJ2bSI6MywidWlkIjoiMzEyOTY1MDYwMzg4ODE4NSJ9,已使用,审核通过,--,1,--,5.94,245,11,4.49,0.54,24.24,1,5.94,9.09,0,0,0
"	7663055819790499891",0716-引流瑞晨-3.mp4,https://video-cn.oceanengine.com/c8eb83f0911c2be27c5ffa3d267ce471/6a5e3787/tos-cn-ve-51/oMQre7Fv1AxOp9nRAaAdJH3LtNJIhEImOBNGYq?a=1402&ch=0&cr=0&dr=3&cd=0%7C0%7C0%7C0&br=440&bt=440&cs=0&ds=3&ft=J9ThAGkHH_Myq8ZCBDL_e2NvjTQ&mime_type=video_mp4&qs=0&rc=NXZpTGRTaFBnKWxncmd5aHFsc3IxZGY8ZDpkOTM1Omg1MzNmNjQ2QGkzd3lrO286bWQ8MzM0NjMzQFNsa3ZpcUQ6amtqXmJmK2BeaWpgYTojLjBfM2MwMjYtMTMwLy4yMWEjaXFqZWFhZjZgYS0tZDAvc3M%3D&btag=80000e00010000&dy_q=1784386680&feature_id=d6a18d7c5414b1f1e95a75faf9147845&l=20260718225759C5211FA5A79021F03DEB&ply_type=3&policy=eyJ2bSI6MywidWlkIjoiMzEyOTY1MDYwMzg4ODE4NSJ9,未使用,审核通过,--,1,--,3.23,143,5,3.5,0.65,22.59,0,0,0,0,0,0
"	7663055823942189107",0716-引流瑞晨-7.mp4,https://video-cn.oceanengine.com/81b8ccfba1fe7bfff3dd27e644a9362f/6a5e3782/tos-cn-ve-51/og5P6ivgEIztbk6SEIadAYtQOEWzwxllzapAk?a=1402&ch=0&cr=0&dr=3&cd=0%7C0%7C0%7C0&br=774&bt=774&cs=0&ds=3&ft=J9ThAGkHH_Myq8ZCBDL_e2NvjTQ&mime_type=video_mp4&qs=0&rc=NXZpTGRTaFBnKWxncmd5aHFsc3IxZGY8NzhmOmU8MzZkOzVpNmdpQGkzdWVmM286bWQ8MzM0NjMzQFNsa3ZpcUQ6amtqXmJmK2BeaWpgYTojMC4zLi0zNjUtMTJeNjYyNGEjNmhzL2FhZjZgYS0tZDAwc3M%3D&btag=80000e00008000&dy_q=1784386680&feature_id=d6a18d7c5414b1f1e95a75faf9147845&l=20260718225759C5211FA5A79021F03DEB&ply_type=3&policy=eyJ2bSI6MywidWlkIjoiMzEyOTY1MDYwMzg4ODE4NSJ9,未使用,审核通过,--,2,--,3.97,232,13,5.6,0.31,17.11,2,1.99,15.38,0,0,0
"	7663055827772031002",0716-引流瑞晨-5.mp4,https://video-cn.oceanengine.com/3b8f051ac362fdc8c7a547c7f5a51164/6a5e3787/tos-cn-ve-51/oIJLaIKnB7DhEOpI7Q1QtAeYIamFAHD8BgBBZW?a=1402&ch=0&cr=0&dr=3&cd=0%7C0%7C0%7C0&br=571&bt=571&cs=0&ds=3&ft=J9ThAGkHH_Myq8ZCBDL_e2NvjTQ&mime_type=video_mp4&qs=0&rc=NXZpTGRTaFBnKWxncmd5aHFsc3IxZGY0aGU8PGZkOTY8OTMzNTxoQGkzOzd5OG86bWQ8MzM0NjMzQFNsa3ZpcUQ6amtqXmJmK2BeaWpgYTojNjUuNDAzXjVfMV5jMzA0YmEjcjNnYmFhZjZgYS0tZDAwc3M%3D&btag=80000e00010000&dy_q=1784386680&feature_id=d6a18d7c5414b1f1e95a75faf9147845&l=20260718225759C5211FA5A79021F03DEB&ply_type=3&policy=eyJ2bSI6MywidWlkIjoiMzEyOTY1MDYwMzg4ODE4NSJ9,未使用,审核通过,--,1,--,6.03,329,10,3.04,0.6,18.33,0,0,0,0,0,0
"	7663055838699651123",0716-引流瑞晨-9.mp4,https://video-cn.oceanengine.com/406783cb66ebdc98dc1196e420e07f9e/6a5e3785/tos-cn-ve-51/oYzkQdpOiAOlYskjdEIQXvaptzICKgdSmWvAi?a=1402&ch=0&cr=0&dr=3&cd=0%7C0%7C0%7C0&br=1659&bt=1659&cs=0&ds=3&ft=J9ThAGkHH_Myq8ZCBDL_e2NvjTQ&mime_type=video_mp4&qs=0&rc=NXZpTGRTaFBnKWxncmd5aHFsc3IxZGY5Ozg3OjxoODtnZ2k6ZzQ3QGlqZnNsaW86bWQ8MzM0NjMzQFNsa3ZpcUQ6amtqXmJmK2BeaWpgYTojMC8wMC5fYjU2MWNfMGI1M2EjaDJlYmFhZjZgYS0tZDAvc3M%3D&btag=80000e00008000&dy_q=1784386680&feature_id=d6a18d7c5414b1f1e95a75faf9147845&l=20260718225759C5211FA5A79021F03DEB&ply_type=3&policy=eyJ2bSI6MywidWlkIjoiMzEyOTY1MDYwMzg4ODE4NSJ9,未使用,审核通过,--,1,--,9.34,380,20,5.26,0.47,24.58,0,0,0,0,0,0
"	7663055863406313499",0716-引流瑞晨-2.mp4,https://video-cn.oceanengine.com/f9c4a336d8492056dae35f8308cbf97d/6a5e3787/tos-cn-ve-51/o07OYAQxKNQZZEEq9WFfABgJmpSnT3IfNBDoDO?a=1402&ch=0&cr=0&dr=3&cd=0%7C0%7C0%7C0&br=836&bt=836&cs=0&ds=3&ft=J9ThAGkHH_Myq8ZCBDL_e2NvjTQ&mime_type=video_mp4&qs=0&rc=NXZpTGRTaFBnKWxncmd5aHFsc3IxZGZlZTM0PGc0NDRmMzszMzZmQGlqOTh4bjlybWQ8MzM0NjMzQFNsa3ZpcUQ6amtqXmJmK2BeaWpgYTojXl81NmNiNjYyMTIzNC8uNGEjby5vYzJkazZgYS0tZDBhc3M%3D&btag=80000e00010000&dy_q=1784386680&feature_id=d6a18d7c5414b1f1e95a75faf9147845&l=20260718225759C5211FA5A79021F03DEB&ply_type=3&policy=eyJ2bSI6MywidWlkIjoiMzEyOTY1MDYwMzg4ODE4NSJ9,未使用,审核通过,--,1,--,5.11,269,6,2.23,0.85,19,0,0,0,0,0,0
"	7663055903798247474",0716-引流瑞晨-1.mp4,https://video-cn.oceanengine.com/85f794f38255e4d4d8ee6d94188101ae/6a5e3787/tos-cn-ve-51/oIKNBlgAQrjIYAkdC9GaWRgzzkqjIJliptEGQ?a=1402&ch=0&cr=0&dr=3&cd=0%7C0%7C0%7C0&br=565&bt=565&cs=0&ds=3&ft=J9ThAGkHH_Myq8ZCBDL_e2NvjTQ&mime_type=video_mp4&qs=0&rc=NXZpTGRTaFBnKWxncmd5aHFsc3IxZGY7ZzgzNjdoNjk5OzNmMzxpQGkzOGQ0Nm86bWQ8MzM0NjMzQFNsa3ZpcUQ6amtqXmJmK2BeaWpgYTojMmNgYmAuXzU0MWAyLzZhXmEjMmlkZGFhZjZgYS0tZDAvc3M%3D&btag=80000e00010000&dy_q=1784386680&feature_id=d6a18d7c5414b1f1e95a75faf9147845&l=20260718225759C5211FA5A79021F03DEB&ply_type=3&policy=eyJ2bSI6MywidWlkIjoiMzEyOTY1MDYwMzg4ODE4NSJ9,未使用,审核通过,--,1,--,20.68,683,20,2.93,1.03,30.28,0,0,0,0,0,0
"	7663059461246320667",0716-引导-嘉丽-1.mp4,https://video-cn.oceanengine.com/3ac9cec6e12437d3174b774531040949/6a5e3784/tos-cn-ve-51/oshALgTAVFQassFIQBcmEHIQBggtYq71QIsEf3?a=1402&ch=0&cr=0&dr=3&cd=0%7C0%7C0%7C0&br=984&bt=984&cs=0&ds=3&ft=J9ThAGkHH_Myq8ZCBDL_e2NvjTQ&mime_type=video_mp4&qs=0&rc=NXZpTGRTaFBnKWxncmd5aHFsc3IxZGY4OjYzOTxmaTM4aGlnODVkQGkzMzQ1NW86NmQ8MzM0NjMzQFNsa3ZpcUQ6amtqXmJmK2BeaWpgYTojYGM2NDViMzZeMTUxL18wMGEjanNhb2FhZmRgYS0tZDAwc3M%3D&btag=80000e00008000&dy_q=1784386680&feature_id=d6a18d7c5414b1f1e95a75faf9147845&l=20260718225759C5211FA5A79021F03DEB&ply_type=3&policy=eyJ2bSI6MywidWlkIjoiMzEyOTY1MDYwMzg4ODE4NSJ9,未使用,审核通过,--,1,--,9.95,337,12,3.56,0.83,29.53,1,9.95,8.33,0,0,0
"	7663059465547153434",0716-引导-雅迪-1.mp4,https://video-cn.oceanengine.com/4e33d8449adba55d6be57492554bc487/6a5e378a/tos-cn-ve-51/oAAI5hDaiOlvqIIyAoEzaYdQtiaKK1pQWFUgd?a=1402&ch=0&cr=0&dr=3&cd=0%7C0%7C0%7C0&cv=1&br=1541&bt=1541&cs=0&ds=3&ft=J9ThAGkHH_Myq8ZCBDL_e2NvjTQ&mime_type=video_mp4&qs=0&rc=NXZpTGRTaFBnKWxncmd5aHFsc3IxZGZoM2g6NzpoO2hnOTRlNjk4QGlqPHRsaW86OGQ8MzM0NjMzQFNsa3ZpcUQ6amtqXmJmK2BeaWpgYTojNDRjLTZfYTUvMTJeNDQvMGEjbjJlYmFhXmRgYS0tZDAvc3M%3D&btag=80000e00010000&dy_q=1784386680&feature_id=d6a18d7c5414b1f1e95a75faf9147845&l=20260718225759C5211FA5A79021F03DEB&ply_type=3&policy=eyJ2bSI6MywidWlkIjoiMzEyOTY1MDYwMzg4ODE4NSJ9,未使用,审核通过,--,2,--,55.43,3279,164,5,0.34,16.9,3,18.48,1.83,0,0,0
"	7663468033676869651",0714-4-魏怡修改.mp4,https://video-cn.oceanengine.com/d941766811e1090e6a2d1cb9e9e0bce6/6a5e37b4/tos-cn-ve-51/oQImIL7yIJk2T0hfBA2ON6QQaIA9tggIpAd1QI?a=1402&ch=0&cr=0&dr=3&cd=0%7C0%7C0%7C0&br=645&bt=645&cs=0&ds=3&ft=J9ThAGkHH_Myq8ZCBDL_e2NvjTQ&mime_type=video_mp4&qs=0&rc=NXZpTGRTaFBnKWxncmd5aHFsc3IxZGY6aTs6NzM2ZzpoZ2RlN2k3QGkzN2szN286OjQ8MzM0NjMzQFNsa3ZpcUQ6amtqXmJmK2BeaWpgYTojNTFgYzMvLV9gMTQtYDVfYWEjLzYtNmFhL2phYS0tZDAwc3M%3D&btag=80000200028000&dy_q=1784386680&feature_id=d6a18d7c5414b1f1e95a75faf9147845&l=20260718225759C5211FA5A79021F03DEB&ply_type=3&policy=eyJ2bSI6MywidWlkIjoiMzEyOTY1MDYwMzg4ODE4NSJ9,未使用,审核不通过,--,1,--,0,0,0,0,0,0,0,0,0,0,0,0
"	7663467541352120362",0715-2-魏怡修改.mp4,https://video-cn.oceanengine.com/b68abf50d7e8b92fae8b1872f7afd274/6a5e379e/tos-cn-ve-51/o8AdgB91h7OQCmWE28aIAtGLpa24YQIXe4ZkKQ?a=1402&ch=0&cr=0&dr=3&cd=0%7C0%7C0%7C0&br=530&bt=530&cs=0&ds=3&ft=J9ThAGkHH_Myq8ZCBDL_e2NvjTQ&mime_type=video_mp4&qs=0&rc=NXZpTGRTaFBnKWxncmd5aHFsc3IxZGY0ZzQ5O2ZoN2Y7ZmkzN2g4QGkzeDs0ZW86OjQ8MzM0NjMzQFNsa3ZpcUQ6amtqXmJmK2BeaWpgYTojYWMwMzAyYV8wMS4xYl4wYGEjcm1eamFhL2phYS0tZDAwc3M%3D&btag=80000200018000&dy_q=1784386680&feature_id=d6a18d7c5414b1f1e95a75faf9147845&l=20260718225759C5211FA5A79021F03DEB&ply_type=3&policy=eyJ2bSI6MywidWlkIjoiMzEyOTY1MDYwMzg4ODE4NSJ9,未使用,审核不通过,--,1,--,0,0,0,0,0,0,0,0,0,0,0,0
"	7663467492400267283",0715-3-魏怡修改.mp4,https://video-cn.oceanengine.com/e765507dc9af2e8927252c1c5375839c/6a5e3795/tos-cn-ve-51/oQxamQOs1IhCB2gNGALtOt27E8aQOpALOQIE9e?a=1402&ch=0&cr=0&dr=3&cd=0%7C0%7C0%7C0&br=803&bt=803&cs=0&ds=3&ft=J9ThAGkHH_Myq8ZCBDL_e2NvjTQ&mime_type=video_mp4&qs=0&rc=NXZpTGRTaFBnKWxncmd5aHFsc3IxZGZnaGg6NTppOWQ7OzM5NTNlQGkza2pxOW86OjQ8MzM0NjMzQFNsa3ZpcUQ6amtqXmJmK2BeaWpgYTojY18xXzExMjYuMWM2YV8zMmEjNGtrZ2FhL2phYS0tZDAwc3M%3D&btag=80000200010000&dy_q=1784386680&feature_id=d6a18d7c5414b1f1e95a75faf9147845&l=20260718225759C5211FA5A79021F03DEB&ply_type=3&policy=eyJ2bSI6MywidWlkIjoiMzEyOTY1MDYwMzg4ODE4NSJ9,未使用,审核不通过,--,1,--,0,0,0,0,0,0,0,0,0,0,0,0
"	7663465747394478121",0717-引流-魏怡-9.mp4,https://video-cn.oceanengine.com/f5d8954009e5112f0c7ffccbd311324c/6a5e379e/tos-cn-ve-51/oIa6UtAmma1xLOByGQF2AldfIoc7iag7S9ErQQ?a=1402&ch=0&cr=0&dr=3&cd=0%7C0%7C0%7C0&br=1223&bt=1223&cs=0&ds=3&ft=J9ThAGkHH_Myq8ZCBDL_e2NvjTQ&mime_type=video_mp4&qs=0&rc=NXZpTGRTaFBnKWxncmd5aHFsc3IxZGZnM2Q3Nmg0PDQ7NjY8Omg7QGkzdndwZG86dzQ8MzM0NjMzQFNsa3ZpcUQ6amtqXmJmK2BeaWpgYTojYzBfNi0yNTYyMWJeXy0tY2EjcXJsNWFhbmZhYS0tZDBhc3M%3D&btag=80000200018000&dy_q=1784386680&feature_id=d6a18d7c5414b1f1e95a75faf9147845&l=20260718225759C5211FA5A79021F03DEB&ply_type=3&policy=eyJ2bSI6MywidWlkIjoiMzEyOTY1MDYwMzg4ODE4NSJ9,未使用,审核不通过,--,1,--,0,0,0,0,0,0,0,0,0,0,0,0
"	7663465735972683839",0717-引流-魏怡-4.mp4,https://video-cn.oceanengine.com/89997e6a4effb4fdb9f488c997e1bfe2/6a5e379e/tos-cn-ve-51/oUQvdtElq0BzrGEaZdodaAw4dW4KwIQAdIRa8?a=1402&ch=0&cr=0&dr=3&cd=0%7C0%7C0%7C0&br=941&bt=941&cs=0&ds=3&ft=J9ThAGkHH_Myq8ZCBDL_e2NvjTQ&mime_type=video_mp4&qs=0&rc=NXZpTGRTaFBnKWxncmd5aHFsc3IxZGZmNDVpM2g3ZTY4OWk5ZDM4QGkzdjN4ZG86dzQ8MzM0NjMzQFNsa3ZpcUQ6amtqXmJmK2BeaWpgYTojMmBeMjU1MzYtMTI2MWI1M2EjYWk0YmFhbmZhYS0tZDAwc3M%3D&btag=80000200018000&dy_q=1784386680&feature_id=d6a18d7c5414b1f1e95a75faf9147845&l=20260718225759C5211FA5A79021F03DEB&ply_type=3&policy=eyJ2bSI6MywidWlkIjoiMzEyOTY1MDYwMzg4ODE4NSJ9,未使用,审核不通过,--,1,--,0,0,0,0,0,0,0,0,0,0,0,0
"	7663465728838303787",0717-引流-魏怡-8.mp4,https://video-cn.oceanengine.com/681c50cf530e22867fd54c307880ae50/6a5e378c/tos-cn-ve-51/oUIRa0QzIo0ENhdETQ8dSWNcDDtaslAAA1ZCG?a=1402&ch=0&cr=0&dr=3&cd=0%7C0%7C0%7C0&br=1148&bt=1148&cs=0&ds=3&ft=J9ThAGkHH_Myq8ZCBDL_e2NvjTQ&mime_type=video_mp4&qs=0&rc=NXZpTGRTaFBnKWxncmd5aHFsc3IxZGY1NTM7ZTM3OTQ3ZDlnaWU8QGlqNjRpNG86dzQ8MzM0NjMzQFNsa3ZpcUQ6amtqXmJmK2BeaWpgYTojYDYvLTYtX19hMWItLzUyMGEjNTEtL2FhbmZhYS0tZDBhc3M%3D&btag=80000200010000&dy_q=1784386680&feature_id=d6a18d7c5414b1f1e95a75faf9147845&l=20260718225759C5211FA5A79021F03DEB&ply_type=3&policy=eyJ2bSI6MywidWlkIjoiMzEyOTY1MDYwMzg4ODE4NSJ9,未使用,审核不通过,--,1,--,0,0,0,0,0,0,0,0,0,0,0,0
"	7663465703697072164",0717-引流-魏怡-6.mp4,https://video-cn.oceanengine.com/3c4f3184ae5403e5a79d7ba7e1b5a23e/6a5e378e/tos-cn-ve-51/ootzZhQbCQzWCwaoQSkGdIAAlEac2BdlFgFII?a=1402&ch=0&cr=0&dr=3&cd=0%7C0%7C0%7C0&br=1000&bt=1000&cs=0&ds=3&ft=J9ThAGkHH_Myq8ZCBDL_e2NvjTQ&mime_type=video_mp4&qs=0&rc=NXZpTGRTaFBnKWxncmd5aHFsc3IxZGYzNTY3M2Q6M2hkZzZmZ2dpQGkzNGZrOG86dzQ8MzM0NjMzQFNsa3ZpcUQ6amtqXmJmK2BeaWpgYTojYjNjYGNjM180MWIzMjAzYmEjMTFiYWFhZmZhYS0tZDAvc3M%3D&btag=80000200010000&dy_q=1784386680&feature_id=d6a18d7c5414b1f1e95a75faf9147845&l=20260718225759C5211FA5A79021F03DEB&ply_type=3&policy=eyJ2bSI6MywidWlkIjoiMzEyOTY1MDYwMzg4ODE4NSJ9,未使用,审核不通过,--,1,--,0,0,0,0,0,0,0,0,0,0,0,0
"	7663465685700313107",0717-引流-魏怡-7.mp4,https://video-cn.oceanengine.com/ff79009cc843a78d18d234ae85176235/6a5e378c/tos-cn-ve-51/oAvt8BAVIEmh1yC7MoOkaEQf1cdGLa4nLQ7QAg?a=1402&ch=0&cr=0&dr=3&cd=0%7C0%7C0%7C0&br=1000&bt=1000&cs=0&ds=3&ft=J9ThAGkHH_Myq8ZCBDL_e2NvjTQ&mime_type=video_mp4&qs=0&rc=NXZpTGRTaFBnKWxncmd5aHFsc3IxZGZmODU6ZWg8Zmk3Nmg8ZWhoQGkzaXc0Om86dzQ8MzM0NjMzQFNsa3ZpcUQ6amtqXmJmK2BeaWpgYTojYmMuYC0tMV9iMTVfNV8uY2Ejcl9jNmFhbmZhYS0tZDAwc3M%3D&btag=80000200010000&dy_q=1784386680&feature_id=d6a18d7c5414b1f1e95a75faf9147845&l=20260718225759C5211FA5A79021F03DEB&ply_type=3&policy=eyJ2bSI6MywidWlkIjoiMzEyOTY1MDYwMzg4ODE4NSJ9,未使用,审核不通过,--,1,--,0,0,0,0,0,0,0,0,0,0,0,0
"	7663465682214846483",0717-引流-魏怡-3.mp4,https://video-cn.oceanengine.com/35785aff8939c4ebed29b3816c48bb29/6a5e379e/tos-cn-ve-51/ooahdtAmha1VLyByGQErAOdHIIf7Q9g7QtEdQQ?a=1402&ch=0&cr=0&dr=3&cd=0%7C0%7C0%7C0&br=941&bt=941&cs=0&ds=3&ft=J9ThAGkHH_Myq8ZCBDL_e2NvjTQ&mime_type=video_mp4&qs=0&rc=NXZpTGRTaFBnKWxncmd5aHFsc3IxZGY1NTw5PGhmZjs7Zmc3ZWc7QGlqeTc4aG86dzQ8MzM0NjMzQFNsa3ZpcUQ6amtqXmJmK2BeaWpgYTojXjE2NTYxYF81MWEvYS8tNGEjZDRjaGFhZmZhYS0tZDAwc3M%3D&btag=80000200018000&dy_q=1784386680&feature_id=d6a18d7c5414b1f1e95a75faf9147845&l=20260718225759C5211FA5A79021F03DEB&ply_type=3&policy=eyJ2bSI6MywidWlkIjoiMzEyOTY1MDYwMzg4ODE4NSJ9,未使用,审核不通过,--,1,--,0,0,0,0,0,0,0,0,0,0,0,0
"	7663465682134302756",0717-引流-魏怡-1.mp4,https://video-cn.oceanengine.com/c828d7389d0b236c2efdc61a42742830/6a5e3793/tos-cn-ve-51/owVd05HXeexGpqyMZS4EAZIQbaQCMgeA2Zyxgf?a=1402&ch=0&cr=0&dr=3&cd=0%7C0%7C0%7C0&br=286&bt=286&cs=0&ds=3&ft=J9ThAGkHH_Myq8ZCBDL_e2NvjTQ&mime_type=video_mp4&qs=0&rc=NXZpTGRTaFBnKWxncmd5aHFsc3IxZGZnZ2Q7NmQ5PDQ2PGc7NGUzQGkzdnh3ZW86dzQ8MzM0NjMzQFNsa3ZpcUQ6amtqXmJmK2BeaWpgYTojY19gM2JgMTVjMWI1LjYwXmEjXmByZGFhZmZhYS0tZDAvc3M%3D&btag=80000200010000&dy_q=1784386680&feature_id=d6a18d7c5414b1f1e95a75faf9147845&l=20260718225759C5211FA5A79021F03DEB&ply_type=3&policy=eyJ2bSI6MywidWlkIjoiMzEyOTY1MDYwMzg4ODE4NSJ9,未使用,审核不通过,--,1,--,0,0,0,0,0,0,0,0,0,0,0,0
"	7663465662888788010",0717-引流-魏怡-10.mp4,https://video-cn.oceanengine.com/a2571460792575bb634941ecc2858e79/6a5e379b/tos-cn-ve-51/o0mcLcxm0QDyBMrg71QQfyadt7IgAA7KaIN0Bj?a=1402&ch=0&cr=0&dr=3&cd=0%7C0%7C0%7C0&br=1163&bt=1163&cs=0&ds=3&ft=J9ThAGkHH_Myq8ZCBDL_e2NvjTQ&mime_type=video_mp4&qs=0&rc=NXZpTGRTaFBnKWxncmd5aHFsc3IxZGY1NGdoZzdoOWRkMzM4PDU7QGkzdDd3aG86dzQ8MzM0NjMzQFNsa3ZpcUQ6amtqXmJmK2BeaWpgYTojMzNjLTMtXjVjMV8zYzMzMmEjNHBjZGFhZmZhYS0tZDBhc3M%3D&btag=80000200018000&dy_q=1784386680&feature_id=d6a18d7c5414b1f1e95a75faf9147845&l=20260718225759C5211FA5A79021F03DEB&ply_type=3&policy=eyJ2bSI6MywidWlkIjoiMzEyOTY1MDYwMzg4ODE4NSJ9,未使用,审核不通过,--,1,--,0,0,0,0,0,0,0,0,0,0,0,0
"	7663465656299814948",0717-引流-魏怡-5.mp4,https://video-cn.oceanengine.com/9b2bd91b18ca0f5843f7934c578f505e/6a5e378e/tos-cn-ve-51/os9Aoz00OZThiEIl9AIBdaiH4Qc7ad7GQtbtW?a=1402&ch=0&cr=0&dr=3&cd=0%7C0%7C0%7C0&br=727&bt=727&cs=0&ds=3&ft=J9ThAGkHH_Myq8ZCBDL_e2NvjTQ&mime_type=video_mp4&qs=0&rc=NXZpTGRTaFBnKWxncmd5aHFsc3IxZGZmO2c1OGk2O2k7Zjs3ZTM3QGkzNTN3Z286dzQ8MzM0NjMzQFNsa3ZpcUQ6amtqXmJmK2BeaWpgYTojXjAwNi0tYDYwMTNgNGNhLWEjZWM0cWFhbmZhYS0tZDBhc3M%3D&btag=80000200010000&dy_q=1784386680&feature_id=d6a18d7c5414b1f1e95a75faf9147845&l=20260718225759C5211FA5A79021F03DEB&ply_type=3&policy=eyJ2bSI6MywidWlkIjoiMzEyOTY1MDYwMzg4ODE4NSJ9,未使用,审核不通过,--,1,--,0,0,0,0,0,0,0,0,0,0,0,0
"	7663465650028167222",0717-引流-魏怡-2.mp4,https://video-cn.oceanengine.com/c6444d90e01280b26d3c4434eb7ffa91/6a5e37a7/tos-cn-ve-51/owCkzIdgHEI4sQQJqFDZcAKWtlCoaAGddrwza?a=1402&ch=0&cr=0&dr=3&cd=0%7C0%7C0%7C0&br=639&bt=639&cs=0&ds=3&ft=J9ThAGkHH_Myq8ZCBDL_e2NvjTQ&mime_type=video_mp4&qs=0&rc=NXZpTGRTaFBnKWxncmd5aHFsc3IxZGY0NzNmOmg5NzllaWdlaWVmQGkzZWV2ZG86dzQ8MzM0NjMzQFNsa3ZpcUQ6amtqXmJmK2BeaWpgYTojMV4vYjEzNF5gMTA0YV42MmEjYi5sMGFhZmZhYS0tZDAvc3M%3D&btag=80000200020000&dy_q=1784386680&feature_id=d6a18d7c5414b1f1e95a75faf9147845&l=20260718225759C5211FA5A79021F03DEB&ply_type=3&policy=eyJ2bSI6MywidWlkIjoiMzEyOTY1MDYwMzg4ODE4NSJ9,未使用,审核不通过,--,1,--,0,0,0,0,0,0,0,0,0,0,0,0
"	7663059536873275430",0715-引导-雅迪-1.mp4,https://video-cn.oceanengine.com/2294be82d9e6de41f509ef1eaec617d2/6a5e378d/tos-cn-ve-51/oMd28q2IQUjDCJWB3Yo1RA4NgVAagfKgEsnqIe?a=1402&ch=0&cr=0&dr=3&cd=0%7C0%7C0%7C0&br=928&bt=928&cs=0&ds=3&ft=J9ThAGkHH_Myq8ZCBDL_e2NvjTQ&mime_type=video_mp4&qs=0&rc=NXZpTGRTaFBnKWxncmd5aHFsc3IxZGZlZjc0OGUzZmQ6Ozk5PGhmQGkzdXNtO286OGQ8MzM0NjMzQFNsa3ZpcUQ6amtqXmJmK2BeaWpgYTojXi9eNjReYF5eMWFjY2FiY2EjcmpvbmFhXmRgYS0tZDAvc3M%3D&btag=80000200010000&dy_q=1784386680&feature_id=d6a18d7c5414b1f1e95a75faf9147845&l=20260718225759C5211FA5A79021F03DEB&ply_type=3&policy=eyJ2bSI6MywidWlkIjoiMzEyOTY1MDYwMzg4ODE4NSJ9,未使用,审核不通过,--,0,--,0,0,0,0,0,0,0,0,0,0,0,0
"	7663059515638284339",0715-引导-雅迪-2.mp4,https://video-cn.oceanengine.com/b269913bca7bc05abbcee00bb0fcca6a/6a5e3789/tos-cn-ve-51/owaIdPYzIQESAFAgC3dqhgWoxiQCnc9NIUUtl?a=1402&ch=0&cr=0&dr=3&cd=0%7C0%7C0%7C0&br=1067&bt=1067&cs=0&ds=3&ft=J9ThAGkHH_Myq8ZCBDL_e2NvjTQ&mime_type=video_mp4&qs=0&rc=NXZpTGRTaFBnKWxncmd5aHFsc3IxZGY7PGRmODllPGZpOjY8ZzxlQGlqcTxtM286OGQ8MzM0NjMzQFNsa3ZpcUQ6amtqXmJmK2BeaWpgYTojMTUyMTMtYF82MTZjY2JhM2EjZzI1cmFhXmRgYS0tZDAvc3M%3D&btag=80000200010000&dy_q=1784386680&feature_id=d6a18d7c5414b1f1e95a75faf9147845&l=20260718225759C5211FA5A79021F03DEB&ply_type=3&policy=eyJ2bSI6MywidWlkIjoiMzEyOTY1MDYwMzg4ODE4NSJ9,未使用,审核不通过,--,0,--,0,0,0,0,0,0,0,0,0,0,0,0
"	7663059503684845578",0716-引导-嘉丽-3.mp4,https://video-cn.oceanengine.com/4a346049707a5823e2ee4c36885c74a5/6a5e37aa/tos-cn-ve-51/ooF1Ax4V7HUtJSUATQeQLqJumQn2aggABIYIVh?a=1402&ch=0&cr=0&dr=3&cd=0%7C0%7C0%7C0&br=1753&bt=1753&cs=0&ds=3&ft=J9ThAGkHH_Myq8ZCBDL_e2NvjTQ&mime_type=video_mp4&qs=0&rc=NXZpTGRTaFBnKWxncmd5aHFsc3IxZGY3Nmg1NzVnNDo4M2c5Zmc4QGlqZGZmM286NmQ8MzM0NjMzQFNsa3ZpcUQ6amtqXmJmK2BeaWpgYTojMWFfMF4vMTYyMS8yYV80X2EjbjZzL2FhZmRgYS0tZDAwc3M%3D&btag=80000200020000&dy_q=1784386680&feature_id=d6a18d7c5414b1f1e95a75faf9147845&l=20260718225759C5211FA5A79021F03DEB&ply_type=3&policy=eyJ2bSI6MywidWlkIjoiMzEyOTY1MDYwMzg4ODE4NSJ9,未使用,审核不通过,--,0,--,0,0,0,0,0,0,0,0,0,0,0,0
"	7663059492594761754",0716-引导-嘉丽-2.mp4,https://video-cn.oceanengine.com/bfb73b95d62aa50480eb2ef3e18468b2/6a5e379e/tos-cn-ve-51/oY0WaQAItEdLAidYC2zIExgYQ0oLqDoFKvlTN?a=1402&ch=0&cr=0&dr=3&cd=0%7C0%7C0%7C0&br=464&bt=464&cs=0&ds=3&ft=J9ThAGkHH_Myq8ZCBDL_e2NvjTQ&mime_type=video_mp4&qs=0&rc=NXZpTGRTaFBnKWxncmd5aHFsc3IxZGZnOzpkM2U6aDU8aDxoPDc2QGkzOzY0aW86NmQ8MzM0NjMzQFNsa3ZpcUQ6amtqXmJmK2BeaWpgYTojMy8zLzRhMDUxMTRiY19gX2EjbzAwbmFhbmRgYS0tZDBhc3M%3D&btag=80000200018000&dy_q=1784386680&feature_id=d6a18d7c5414b1f1e95a75faf9147845&l=20260718225759C5211FA5A79021F03DEB&ply_type=3&policy=eyJ2bSI6MywidWlkIjoiMzEyOTY1MDYwMzg4ODE4NSJ9,未使用,审核不通过,--,0,--,0,0,0,0,0,0,0,0,0,0,0,0
"	7663055849796091954",0716-引流瑞晨-10.mp4,https://video-cn.oceanengine.com/f9eed90cb8522345e07c00c005db5e72/6a5e3781/tos-cn-ve-51/oQiCvpjliQizBJIBkWAwapBjQOLEcIAgYziyi?a=1402&ch=0&cr=0&dr=3&cd=0%7C0%7C0%7C0&br=1322&bt=1322&cs=0&ds=3&ft=J9ThAGkHH_Myq8ZCBDL_e2NvjTQ&mime_type=video_mp4&qs=0&rc=NXZpTGRTaFBnKWxncmd5aHFsc3IxZGZkZzplNzo8aTloNjo6NTQ7QGlqZWg7bDlybWQ8MzM0NjMzQFNsa3ZpcUQ6amtqXmJmK2BeaWpgYTojNF4yNF8zXl4tMS01Ly9iMWEjLWZoXzJkazZgYS0tZDAvc3M%3D&btag=80000200008000&dy_q=1784386680&feature_id=d6a18d7c5414b1f1e95a75faf9147845&l=20260718225759C5211FA5A79021F03DEB&ply_type=3&policy=eyJ2bSI6MywidWlkIjoiMzEyOTY1MDYwMzg4ODE4NSJ9,未使用,审核不通过,--,0,--,0,0,0,0,0,0,0,0,0,0,0,0
"	7663055825989009435",0716-引流瑞晨-4.mp4,https://video-cn.oceanengine.com/3f9e4cd288d88b879bb3add5ad3a5241/6a5e3787/tos-cn-ve-51/owtWIGPOwlYknBQiCAMpXNAQdOakKzIwkWlEz?a=1402&ch=0&cr=0&dr=3&cd=0%7C0%7C0%7C0&br=565&bt=565&cs=0&ds=3&ft=J9ThAGkHH_Myq8ZCBDL_e2NvjTQ&mime_type=video_mp4&qs=0&rc=NXZpTGRTaFBnKWxncmd5aHFsc3IxZGY2OGZoMzlkPGRnZDRlZmU5QGkzcTM8OG86bWQ8MzM0NjMzQFNsa3ZpcUQ6amtqXmJmK2BeaWpgYTojNjEuMi1fNDU1MTBjYDJjYWEjX3IzM2FhZjZgYS0tZDAwc3M%3D&btag=80000200010000&dy_q=1784386680&feature_id=d6a18d7c5414b1f1e95a75faf9147845&l=20260718225759C5211FA5A79021F03DEB&ply_type=3&policy=eyJ2bSI6MywidWlkIjoiMzEyOTY1MDYwMzg4ODE4NSJ9,未使用,审核不通过,--,0,--,0,0,0,0,0,0,0,0,0,0,0,0
"	7663055771917352987",0716-引流瑞晨-8.mp4,https://video-cn.oceanengine.com/3c215d92420e9fbe9c9cce97a348f41b/6a5e378d/tos-cn-ve-51/oEdQKECOYfqABvrp172cBaWDNAO1OgTCeIRdr6?a=1402&ch=0&cr=0&dr=3&cd=0%7C0%7C0%7C0&br=921&bt=921&cs=0&ds=3&ft=J9ThAGkHH_Myq8ZCBDL_e2NvjTQ&mime_type=video_mp4&qs=0&rc=NXZpTGRTaFBnKWxncmd5aHFsc3IxZGY0NGhlZTdoOzc6NzloaThkQGlqdHRwaW86bWQ8MzM0NjMzQFNsa3ZpcUQ6amtqXmJmK2BeaWpgYTojYjAyLi8tNDVhMWIvYzQ0NGEjLWtrZ2FhZjZgYS0tZDAvc3M%3D&btag=80000200010000&dy_q=1784386680&feature_id=d6a18d7c5414b1f1e95a75faf9147845&l=20260718225759C5211FA5A79021F03DEB&ply_type=3&policy=eyJ2bSI6MywidWlkIjoiMzEyOTY1MDYwMzg4ODE4NSJ9,未使用,审核不通过,--,0,--,0,0,0,0,0,0,0,0,0,0,0,0
"	7663054324118323246",0715-魏怡引流-2.mp4,https://video-cn.oceanengine.com/864774c2a73b5fec7f042dcae058a16b/6a5e379e/tos-cn-ve-51/os8xs6G73amDgI4QgAt1ARiaQghfEAjzIFLB2B?a=1402&ch=0&cr=0&dr=3&cd=0%7C0%7C0%7C0&br=524&bt=524&cs=0&ds=3&ft=J9ThAGkHH_Myq8ZCBDL_e2NvjTQ&mime_type=video_mp4&qs=0&rc=NXZpTGRTaFBnKWxncmd5aHFsc3IxZGY8ODg0ZGRkZDs2NTdpOjU0QGkzeDptM286cGQ8MzM0NjMzQFNsa3ZpcUQ6amtqXmJmK2BeaWpgYTojYDE2Xl4uNV8yMV8uNjRhYWEjNWo1cmFhLzNgYS0tZDAvc3M%3D&btag=80000200018000&dy_q=1784386680&feature_id=d6a18d7c5414b1f1e95a75faf9147845&l=20260718225759C5211FA5A79021F03DEB&ply_type=3&policy=eyJ2bSI6MywidWlkIjoiMzEyOTY1MDYwMzg4ODE4NSJ9,未使用,审核不通过,--,0,--,0,0,0,0,0,0,0,0,0,0,0,0
"	7663054317796409353",0717-魏怡引流-4.mp4,https://video-cn.oceanengine.com/de5f6a6f92fbfbf01757d47355de3859/6a5e37b4/tos-cn-ve-51/oAKLmQoIaXXGFAR9Q7o3AGg4XtEGJ1gBaMQmex?a=1402&ch=0&cr=0&dr=3&cd=0%7C0%7C0%7C0&br=673&bt=673&cs=0&ds=3&ft=J9ThAGkHH_Myq8ZCBDL_e2NvjTQ&mime_type=video_mp4&qs=0&rc=NXZpTGRTaFBnKWxncmd5aHFsc3IxZGY7ODs0N2k8ZzNlZWQ3aWQ0QGkzeGgzOW86bmQ8MzM0NjMzQFNsa3ZpcUQ6amtqXmJmK2BeaWpgYTojXjFgLmIyNTYyMTYtNDFgLmEjaGttLmFhXjNgYS0tZDBhc3M%3D&btag=80000200028000&dy_q=1784386680&feature_id=d6a18d7c5414b1f1e95a75faf9147845&l=20260718225759C5211FA5A79021F03DEB&ply_type=3&policy=eyJ2bSI6MywidWlkIjoiMzEyOTY1MDYwMzg4ODE4NSJ9,未使用,审核不通过,--,0,--,0,0,0,0,0,0,0,0,0,0,0,0
"	7663054315742150666",0715-魏怡引流-3.mp4,https://video-cn.oceanengine.com/58c8827cf77ecfadf2def8ad98ab8416/6a5e3795/tos-cn-ve-51/owCIiI9AECowNbsIAaG0WzBQKQYjdWlqElt5Q?a=1402&ch=0&cr=0&dr=3&cd=0%7C0%7C0%7C0&br=795&bt=795&cs=0&ds=3&ft=J9ThAGkHH_Myq8ZCBDL_e2NvjTQ&mime_type=video_mp4&qs=0&rc=NXZpTGRTaFBnKWxncmd5aHFsc3IxZGY7aTVpNjo1OTdmOTppNDxkQGlqdWRsZm86cGQ8MzM0NjMzQFNsa3ZpcUQ6amtqXmJmK2BeaWpgYTojNC9gYjReYV41MTE1XjViMGEjM14uLWFhLzNgYS0tZDAwc3M%3D&btag=80000200010000&dy_q=1784386680&feature_id=d6a18d7c5414b1f1e95a75faf9147845&l=20260718225759C5211FA5A79021F03DEB&ply_type=3&policy=eyJ2bSI6MywidWlkIjoiMzEyOTY1MDYwMzg4ODE4NSJ9,未使用,审核不通过,--,0,--,0,0,0,0,0,0,0,0,0,0,0,0
"	7663054276512497710",0714-魏怡引流-1.mp4,https://video-cn.oceanengine.com/b46e231fb3a3689a704a496239733867/6a5e37a2/tos-cn-ve-51/oEfo6QDqqdArikzYBAa2gN1RDWANSWUEIjReNK?a=1402&ch=0&cr=0&dr=3&cd=0%7C0%7C0%7C0&br=647&bt=647&cs=0&ds=3&ft=J9ThAGkHH_Myq8ZCBDL_e2NvjTQ&mime_type=video_mp4&qs=0&rc=NXZpTGRTaFBnKWxncmd5aHFsc3IxZGY6NWRpZzxmPDM1ZTY5aTZnQGkzNzppM286bmQ8MzM0NjMzQFNsa3ZpcUQ6amtqXmJmK2BeaWpgYTojMWE2YF9hMzU1MTAzYTNeL2EjaXFzMWFhXjNgYS0tZDBhc3M%3D&btag=80000200018000&dy_q=1784386680&feature_id=d6a18d7c5414b1f1e95a75faf9147845&l=20260718225759C5211FA5A79021F03DEB&ply_type=3&policy=eyJ2bSI6MywidWlkIjoiMzEyOTY1MDYwMzg4ODE4NSJ9,未使用,审核不通过,--,0,--,0,0,0,0,0,0,0,0,0,0,0,0
"	7663054264429740058",0714-魏怡引流-2.mp4,https://video-cn.oceanengine.com/3895cdb69ea01df97c326e60222bc3c2/6a5e378f/tos-cn-ve-51/osFwxElgUJUCAQWodjYIoYtiIzAatQj95hT5G?a=1402&ch=0&cr=0&dr=3&cd=0%7C0%7C0%7C0&br=728&bt=728&cs=0&ds=3&ft=J9ThAGkHH_Myq8ZCBDL_e2NvjTQ&mime_type=video_mp4&qs=0&rc=NXZpTGRTaFBnKWxncmd5aHFsc3IxZGZnZjc7Zjo6NGY0O2czaDM8QGlqazllM286bmQ8MzM0NjMzQFNsa3ZpcUQ6amtqXmJmK2BeaWpgYTojXzE0YDAyX15gMTAzL2MxXmEjcDRgaGFhXjNgYS0tZDAwc3M%3D&btag=80000200010000&dy_q=1784386680&feature_id=d6a18d7c5414b1f1e95a75faf9147845&l=20260718225759C5211FA5A79021F03DEB&ply_type=3&policy=eyJ2bSI6MywidWlkIjoiMzEyOTY1MDYwMzg4ODE4NSJ9,未使用,审核不通过,--,0,--,0,0,0,0,0,0,0,0,0,0,0,0
"	7663050578222628874",0715-瑞晨2次修改-5.mp4,https://video-cn.oceanengine.com/40b67812de5f7080623a844a05d45fcc/6a5e3787/tos-cn-ve-51/okABAlRiEHURjCeFBlqUdgifasjbtA0ArinGMf?a=1402&ch=0&cr=0&dr=3&cd=0%7C0%7C0%7C0&br=731&bt=731&cs=0&ds=3&ft=J9ThAGkHH_Myq8ZCBDL_e2NvjTQ&mime_type=video_mp4&qs=0&rc=NXZpTGRTaFBnKWxncmd5aHFsc3IxZGY0aGQ6ZTc6OGZlNzU4ZTU5QGlqbjppM286N2Q8MzM0NjMzQFNsa3ZpcUQ6amtqXmJmK2BeaWpgYTojYTExLzI2NTZjMV42MS9fX2EjNmJzMWFhXi1gYS0tZDBhc3M%3D&btag=80000200010000&dy_q=1784386680&feature_id=d6a18d7c5414b1f1e95a75faf9147845&l=20260718225759C5211FA5A79021F03DEB&ply_type=3&policy=eyJ2bSI6MywidWlkIjoiMzEyOTY1MDYwMzg4ODE4NSJ9,未使用,审核不通过,--,0,--,0,0,0,0,0,0,0,0,0,0,0,0
"	7662279483933425690",0714-瑞浩引导修改-9.mp4,https://video-cn.oceanengine.com/e8a72d93b3cb5be32c0c20cdc2fc1a96/6a5e3795/tos-cn-ve-51/ossVm1DEKl4sB4XQgAEdmPFqSQ3Qc9I4QfhAuv?a=1402&ch=0&cr=0&dr=3&cd=0%7C0%7C0%7C0&br=955&bt=955&cs=0&ds=3&ft=J9ThAGkHH_Myq8ZCBDL_e2NvjTQ&mime_type=video_mp4&qs=0&rc=NXZpTGRTaFBnKWxncmd5aHFsc3IxZGY4aTVoODQ5ZGkzZjZkZWg8QGkzOTQ6OmtvPHg8MzM0NjMzQFNsa3ZpcUQ6amtqXmJmK2BeaWpgYTojYGIxLjFeYl9iMS41XzAvMmEja3MuZXFnXjJeYS0tZDAwc3M%3D&btag=80000200018000&dy_q=1784386680&feature_id=d6a18d7c5414b1f1e95a75faf9147845&l=20260718225759C5211FA5A79021F03DEB&ply_type=3&policy=eyJ2bSI6MywidWlkIjoiMzEyOTY1MDYwMzg4ODE4NSJ9,未使用,审核不通过,--,0,--,0,0,0,0,0,0,0,0,0,0,0,0
"	7662279461127307274",0714-瑞浩引导修改-10.mp4,https://video-cn.oceanengine.com/060734970aff67316d28728a78ae9f3a/6a5e37a4/tos-cn-ve-51/oUreAqxgiIUH6iEK6EVCbvlebFcGxeGvAZBIIQ?a=1402&ch=0&cr=0&dr=3&cd=0%7C0%7C0%7C0&br=696&bt=696&cs=0&ds=3&ft=J9ThAGkHH_Myq8ZCBDL_e2NvjTQ&mime_type=video_mp4&qs=0&rc=NXZpTGRTaFBnKWxncmd5aHFsc3IxZGY1ZTVmOTo8OzhnNjxkODs4QGkzaHh5NGtvPHg8MzM0NjMzQFNsa3ZpcUQ6amtqXmJmK2BeaWpgYTojL14uMS9hNjYxMWBgY2ExLWEjLzFuYXFnXjJeYS0tZDAvc3M%3D&btag=80000200018000&dy_q=1784386680&feature_id=d6a18d7c5414b1f1e95a75faf9147845&l=20260718225759C5211FA5A79021F03DEB&ply_type=3&policy=eyJ2bSI6MywidWlkIjoiMzEyOTY1MDYwMzg4ODE4NSJ9,未使用,审核不通过,--,0,--,0,0,0,0,0,0,0,0,0,0,0,0
"	7662279445760622618",0714-瑞浩引导修改-11.mp4,https://video-cn.oceanengine.com/4e31b4b29e5b889ecceac0cccf1b8944/6a5e3795/tos-cn-ve-51/oE4mKsdQFE4KS9zBemQq9EIsuuCtAmQ4V1IvAg?a=1402&ch=0&cr=0&dr=3&cd=0%7C0%7C0%7C0&br=598&bt=598&cs=0&ds=3&ft=J9ThAGkHH_Myq8ZCBDL_e2NvjTQ&mime_type=video_mp4&qs=0&rc=NXZpTGRTaFBnKWxncmd5aHFsc3IxZGY3N2dlNjk3Ojo2NDY6MzU6QGlqeDw3aGtvPHg8MzM0NjMzQFNsa3ZpcUQ6amtqXmJmK2BeaWpgYTojYDQxYDZeMDUzMWIwLmA0LWEjamJscnFnXjJeYS0tZDBhc3M%3D&btag=80000200018000&dy_q=1784386680&feature_id=d6a18d7c5414b1f1e95a75faf9147845&l=20260718225759C5211FA5A79021F03DEB&ply_type=3&policy=eyJ2bSI6MywidWlkIjoiMzEyOTY1MDYwMzg4ODE4NSJ9,未使用,审核不通过,--,0,--,0,0,0,0,0,0,0,0,0,0,0,0
"	7662279438738620442",0714-瑞浩引导修改-5.mp4,https://video-cn.oceanengine.com/9ca87265b702126f8d43bafc4297804f/6a5e3794/tos-cn-ve-51/o4sBAKSh0EAvjCvb5c4FVqQIqQsmiA4R1IZmOe?a=1402&ch=0&cr=0&dr=3&cd=0%7C0%7C0%7C0&br=627&bt=627&cs=0&ds=3&ft=J9ThAGkHH_Myq8ZCBDL_e2NvjTQ&mime_type=video_mp4&qs=0&rc=NXZpTGRTaFBnKWxncmd5aHFsc3IxZGZkNDs5OWhnaWg2NjM5Z2c3QGkzNjo5OWtvPHg8MzM0NjMzQFNsa3ZpcUQ6amtqXmJmK2BeaWpgYTojYGMzNGItLl8xMWBeXy8xMGEjaWdvZXFnXjJeYS0tZDAvc3M%3D&btag=80000200010000&dy_q=1784386680&feature_id=d6a18d7c5414b1f1e95a75faf9147845&l=20260718225759C5211FA5A79021F03DEB&ply_type=3&policy=eyJ2bSI6MywidWlkIjoiMzEyOTY1MDYwMzg4ODE4NSJ9,未使用,审核不通过,--,0,--,0,0,0,0,0,0,0,0,0,0,0,0
"	7662279434927800358",0714-瑞浩引导修改-6.mp4,https://video-cn.oceanengine.com/746253cde790504942c2071859b54a14/6a5e37a6/tos-cn-ve-51/oYqW4vShKAg9QmsIQEfKPDAimEFQs1944BmVs5?a=1402&ch=0&cr=0&dr=3&cd=0%7C0%7C0%7C0&br=557&bt=557&cs=0&ds=3&ft=J9ThAGkHH_Myq8ZCBDL_e2NvjTQ&mime_type=video_mp4&qs=0&rc=NXZpTGRTaFBnKWxncmd5aHFsc3IxZGZoaTU4OWQ3PDU8NThoaDQzQGkzOTQ6OmtvPHg8MzM0NjMzQFNsa3ZpcUQ6amtqXmJmK2BeaWpgYTojXl9jLWFiYF8vMTExYDAvYmEjanMuZXFnXjJeYS0tZDAwc3M%3D&btag=80000200020000&dy_q=1784386680&feature_id=d6a18d7c5414b1f1e95a75faf9147845&l=20260718225759C5211FA5A79021F03DEB&ply_type=3&policy=eyJ2bSI6MywidWlkIjoiMzEyOTY1MDYwMzg4ODE4NSJ9,未使用,审核不通过,--,0,--,0,0,0,0,0,0,0,0,0,0,0,0
"	7662271556475256859",0713-引导-小敏-3.mp4,https://video-cn.oceanengine.com/2ebfc032b10b31c68348f09990a31986/6a5e3899/tos-cn-ve-51/oQsmXNEVXNNOEp4WAQqw9IAmQ2IeBQSiguK13B?a=1402&ch=0&cr=0&dr=3&cd=0%7C0%7C0%7C0&br=454&bt=454&cs=0&ds=3&ft=J9ThAGkHH_Myq8ZCBDL_e2NvjTQ&mime_type=video_mp4&qs=0&rc=NXZpTGRTaFBnKWxncmd5aHFsc3IxZGY1N2k0ZGdpODpmOWg4aDw0QGkzeGg0ZWtva3c8MzM0NjMzQFNsa3ZpcUQ6amtqXmJmK2BeaWpgYTojYy1hX14vYTYxMS4tNWMvY2EjbGptZnFnXmpeYS0tZDBhc3M%3D&btag=80000200030000&dy_q=1784386680&feature_id=d6a18d7c5414b1f1e95a75faf9147845&l=20260718225759C5211FA5A79021F03DEB&ply_type=3&policy=eyJ2bSI6MywidWlkIjoiMzEyOTY1MDYwMzg4ODE4NSJ9,未使用,审核不通过,--,0,--,0,0,0,0,0,0,0,0,0,0,0,0
"	7662271371862507571",0713-引导-婷玉-1-改尺寸.mp4,https://video-cn.oceanengine.com/9bad43fed09cc6ce2a13a464f95ec6d7/6a5e37a4/tos-cn-ve-51/oA79Sx4gIeA2EEAK7Qshh2BJAgucKmLV1q6tQ1?a=1402&ch=0&cr=0&dr=3&cd=0%7C0%7C0%7C0&br=1756&bt=1756&cs=0&ds=3&ft=J9ThAGkHH_Myq8ZCBDL_e2NvjTQ&mime_type=video_mp4&qs=0&rc=NXZpTGRTaFBnKWxncmd5aHFsc3IxZGZnOTU2N2k3NjtpaDYzO2Y7QGlqb2l0M2tvanc8MzM0NjMzQFNsa3ZpcUQ6amtqXmJmK2BeaWpgYTojMzY1LTJiL180MTEvYzQ2Y2EjcW9lcXFnL2peYS0tZDAvc3M%3D&btag=80000200018000&dy_q=1784386680&feature_id=d6a18d7c5414b1f1e95a75faf9147845&l=20260718225759C5211FA5A79021F03DEB&ply_type=3&policy=eyJ2bSI6MywidWlkIjoiMzEyOTY1MDYwMzg4ODE4NSJ9,未使用,审核不通过,--,0,--,0,0,0,0,0,0,0,0,0,0,0,0
"	7662271339492917257",0713-引导-嘉丽-6.mp4,https://video-cn.oceanengine.com/11c7ab0241382a44ca370e709635e66f/6a5e3785/tos-cn-ve-51/ocI9V1mBVAuotQmbqtEAlesg224ZCKMzJq0k4m?a=1402&ch=0&cr=0&dr=3&cd=0%7C0%7C0%7C0&br=471&bt=471&cs=0&ds=3&ft=J9ThAGkHH_Myq8ZCBDL_e2NvjTQ&mime_type=video_mp4&qs=0&rc=NXZpTGRTaFBnKWxncmd5aHFsc3IxZGY3OGU3PDxpaTpmPDw3OWU3QGkzNXBwZGtvbHc8MzM0NjMzQFNsa3ZpcUQ6amtqXmJmK2BeaWpgYTojXy5iNWFeMV8yMTIvYi5eLWEjbmBxMXFnXmpeYS0tZDBhc3M%3D&btag=80000200008000&dy_q=1784386680&feature_id=d6a18d7c5414b1f1e95a75faf9147845&l=20260718225759C5211FA5A79021F03DEB&ply_type=3&policy=eyJ2bSI6MywidWlkIjoiMzEyOTY1MDYwMzg4ODE4NSJ9,未使用,审核不通过,--,0,--,0,0,0,0,0,0,0,0,0,0,0,0
"	7662230352938057766",0713-引导-嘉丽-4.mp4,https://video-cn.oceanengine.com/af8163679a4edd35323f23b084b46df3/6a5e378b/tos-cn-ve-51/oAgMPZb0qAevbhzAAxBeCNqV6AXgDRVNDDauro?a=1402&ch=0&cr=0&dr=3&cd=0%7C0%7C0%7C0&br=1365&bt=1365&cs=0&ds=3&ft=J9ThAGkHH_Myq8ZCBDL_e2NvjTQ&mime_type=video_mp4&qs=0&rc=NXZpTGRTaFBnKWxncmd5aHFsc3IxZGY1ZTw1ZjlmZmg2Ozs5aDxnQGkzcm5zM2tvdnU8MzM0NjMzQFNsa3ZpcUQ6amtqXmJmK2BeaWpgYTojMzZiXi9hMF5jMTNeMmI2YWEjYTRpMnFnbl9eYS0tZDAwc3M%3D&btag=80000200010000&dy_q=1784386680&feature_id=d6a18d7c5414b1f1e95a75faf9147845&l=20260718225759C5211FA5A79021F03DEB&ply_type=3&policy=eyJ2bSI6MywidWlkIjoiMzEyOTY1MDYwMzg4ODE4NSJ9,未使用,审核不通过,--,0,--,0,0,0,0,0,0,0,0,0,0,0,0
"	7662230346475192371",0713-引导-嘉丽-7.mp4,https://video-cn.oceanengine.com/31642c16e55ae6f1877b2c997298e590/6a5e3789/tos-cn-ve-51/o4tt1gEarQ4fQIA5ILFBA0JVUm9hmKXs5B9Bqr?a=1402&ch=0&cr=0&dr=3&cd=0%7C0%7C0%7C0&br=793&bt=793&cs=0&ds=3&ft=J9ThAGkHH_Myq8ZCBDL_e2NvjTQ&mime_type=video_mp4&qs=0&rc=NXZpTGRTaFBnKWxncmd5aHFsc3IxZGZkMzM5ODUzNjQ8Ojs3ZjU1QGkzcWs8Z2tvdnU8MzM0NjMzQFNsa3ZpcUQ6amtqXmJmK2BeaWpgYTojXi8wXi0zNV9eMWA0Mi1jYmEjXnIxLXFnbl9eYS0tZDBhc3M%3D&btag=80000200010000&dy_q=1784386680&feature_id=d6a18d7c5414b1f1e95a75faf9147845&l=20260718225759C5211FA5A79021F03DEB&ply_type=3&policy=eyJ2bSI6MywidWlkIjoiMzEyOTY1MDYwMzg4ODE4NSJ9,未使用,审核不通过,--,0,--,0,0,0,0,0,0,0,0,0,0,0,0
"	7662230308905975846",0713-引导-嘉丽-8.mp4,https://video-cn.oceanengine.com/0b8f4ed79ba2168764940779a84f44bc/6a5e378f/tos-cn-ve-51/okq5OaiRt1xjIQsNtRWeQB54A4DHKEmVrshAQA?a=1402&ch=0&cr=0&dr=3&cd=0%7C0%7C0%7C0&br=1100&bt=1100&cs=0&ds=3&ft=J9ThAGkHH_Myq8ZCBDL_e2NvjTQ&mime_type=video_mp4&qs=0&rc=NXZpTGRTaFBnKWxncmd5aHFsc3IxZGZpNDg0PDZpODo6NmZnODw1QGlqdDhmZmtvdnU8MzM0NjMzQFNsa3ZpcUQ6amtqXmJmK2BeaWpgYTojXjFjLTQwMDUtMWEtMF4vM2EjMGBeNXFnbl9eYS0tZDAvc3M%3D&btag=80000200010000&dy_q=1784386680&feature_id=d6a18d7c5414b1f1e95a75faf9147845&l=20260718225759C5211FA5A79021F03DEB&ply_type=3&policy=eyJ2bSI6MywidWlkIjoiMzEyOTY1MDYwMzg4ODE4NSJ9,未使用,审核不通过,--,0,--,0,0,0,0,0,0,0,0,0,0,0,0
"	7662230305424523274",0713-引导-嘉丽-6.mp4,https://video-cn.oceanengine.com/c7a509d080d03db8d1f28cad00a8c2ca/6a5e3785/tos-cn-ve-51/o09KhI5E4SortAtfQsqhAFNn79doZ1ABtE9mdV?a=1402&ch=0&cr=0&dr=3&cd=0%7C0%7C0%7C0&br=499&bt=499&cs=0&ds=3&ft=J9ThAGkHH_Myq8ZCBDL_e2NvjTQ&mime_type=video_mp4&qs=0&rc=NXZpTGRTaFBnKWxncmd5aHFsc3IxZGY4Zzs4aDQ8ZGg8ZzM3NGU8QGlqeThnNWtvdnU8MzM0NjMzQFNsa3ZpcUQ6amtqXmJmK2BeaWpgYTojLTUwL14tLTYtMS8xLi80XmEjcm8uNHFnbl9eYS0tZDAvc3M%3D&btag=80000200008000&dy_q=1784386680&feature_id=d6a18d7c5414b1f1e95a75faf9147845&l=20260718225759C5211FA5A79021F03DEB&ply_type=3&policy=eyJ2bSI6MywidWlkIjoiMzEyOTY1MDYwMzg4ODE4NSJ9,未使用,审核不通过,--,0,--,0,0,0,0,0,0,0,0,0,0,0,0
"	7662230292435369993",0713-引导-嘉丽-2.mp4,https://video-cn.oceanengine.com/c830e9f1b4317efa5330c907fbf57b62/6a5e3789/tos-cn-ve-51/oI4IQEKQmCMbAT1EB9t5BfsEr4TFq3APmgAryh?a=1402&ch=0&cr=0&dr=3&cd=0%7C0%7C0%7C0&br=990&bt=990&cs=0&ds=3&ft=J9ThAGkHH_Myq8ZCBDL_e2NvjTQ&mime_type=video_mp4&qs=0&rc=NXZpTGRTaFBnKWxncmd5aHFsc3IxZGY1Nzg3Zjo8NWdlM2c3PDw6QGkzOjhqPGtvdnU8MzM0NjMzQFNsa3ZpcUQ6amtqXmJmK2BeaWpgYTojMC9hNmIxYjVfMTNgYi8wNGEjZWwxbXFnbl9eYS0tZDAvc3M%3D&btag=80000200010000&dy_q=1784386680&feature_id=d6a18d7c5414b1f1e95a75faf9147845&l=20260718225759C5211FA5A79021F03DEB&ply_type=3&policy=eyJ2bSI6MywidWlkIjoiMzEyOTY1MDYwMzg4ODE4NSJ9,未使用,审核不通过,--,0,--,0,0,0,0,0,0,0,0,0,0,0,0
"	7662229481692282890",0713-浩正瑞晨引导-6.mp4.mp4,https://video-cn.oceanengine.com/2424b79b8cea2bc2224bc961bcc8e364/6a5e37a6/tos-cn-ve-51/oAEhBDVsmhuq3qhVtQQthERKIA11Bn4u1GYAeA?a=1402&ch=0&cr=0&dr=3&cd=0%7C0%7C0%7C0&br=575&bt=575&cs=0&ds=3&ft=J9ThAGkHH_Myq8ZCBDL_e2NvjTQ&mime_type=video_mp4&qs=0&rc=NXZpTGRTaFBnKWxncmd5aHFsc3IxZGY5PDhoZTo1OmRnNzQ0ZmRoQGlqNDp1OmtvNnU8MzM0NjMzQFNsa3ZpcUQ6amtqXmJmK2BeaWpgYTojNi42LmMyNF9iMTM2Ly5iMmEjXmNkbnFnXl5eYS0tZDAvc3M%3D&btag=80000200020000&dy_q=1784386680&feature_id=d6a18d7c5414b1f1e95a75faf9147845&l=20260718225759C5211FA5A79021F03DEB&ply_type=3&policy=eyJ2bSI6MywidWlkIjoiMzEyOTY1MDYwMzg4ODE4NSJ9,未使用,审核不通过,--,0,--,0,0,0,0,0,0,0,0,0,0,0,0
"	7662229463745462323",0713-浩正瑞晨引导-10.mp4.mp4,https://video-cn.oceanengine.com/95a2dcfc23b54066e91c7e2c71b2cda0/6a5e37a4/tos-cn-ve-51/oYIBVe1UtAEkgt4kEqiSAhQQsmtt7KsGJFqAmY?a=1402&ch=0&cr=0&dr=3&cd=0%7C0%7C0%7C0&br=739&bt=739&cs=0&ds=3&ft=J9ThAGkHH_Myq8ZCBDL_e2NvjTQ&mime_type=video_mp4&qs=0&rc=NXZpTGRTaFBnKWxncmd5aHFsc3IxZGY3aTRmPDY8O2Y6aDk5PDkzQGlqN25lZmtvNnU8MzM0NjMzQFNsa3ZpcUQ6amtqXmJmK2BeaWpgYTojNGA2Yi82Ll81MTFjMl4yXmEjcWdhXnFnXl5eYS0tZDAwc3M%3D&btag=80000200018000&dy_q=1784386680&feature_id=d6a18d7c5414b1f1e95a75faf9147845&l=20260718225759C5211FA5A79021F03DEB&ply_type=3&policy=eyJ2bSI6MywidWlkIjoiMzEyOTY1MDYwMzg4ODE4NSJ9,未使用,审核不通过,--,0,--,0,0,0,0,0,0,0,0,0,0,0,0
"	7662229450677321754",0713-浩正瑞晨引导-11.mp4.mp4,https://video-cn.oceanengine.com/d85694b042efac48a139ee8c32a53a88/6a5e3795/tos-cn-ve-51/ooQqrqpDqBbEfgN0zYIAa6ZAUaxSeVg7ZVsNuD?a=1402&ch=0&cr=0&dr=3&cd=0%7C0%7C0%7C0&br=643&bt=643&cs=0&ds=3&ft=J9ThAGkHH_Myq8ZCBDL_e2NvjTQ&mime_type=video_mp4&qs=0&rc=NXZpTGRTaFBnKWxncmd5aHFsc3IxZGYzOWU5Omc5aTk4ZTVnOzVlQGkzeXI6ZmtvNnU8MzM0NjMzQFNsa3ZpcUQ6amtqXmJmK2BeaWpgYTojNDI1LzBfYjZiMTJhYTYzNmEjX2g1b3FnXl5eYS0tZDAwc3M%3D&btag=80000200018000&dy_q=1784386680&feature_id=d6a18d7c5414b1f1e95a75faf9147845&l=20260718225759C5211FA5A79021F03DEB&ply_type=3&policy=eyJ2bSI6MywidWlkIjoiMzEyOTY1MDYwMzg4ODE4NSJ9,未使用,审核不通过,--,0,--,0,0,0,0,0,0,0,0,0,0,0,0
"	7662229419725045769",0713-引导-小敏-3-改.mp4,https://video-cn.oceanengine.com/ed40e0d81da4ffbfc936703fce01c195/6a5e378e/tos-cn-ve-51/owALmy4tKZtKqB8ZVsxthVJsQeL9IB1iAEQAXr?a=1402&ch=0&cr=0&dr=3&cd=0%7C0%7C0%7C0&br=650&bt=650&cs=0&ds=3&ft=J9ThAGkHH_Myq8ZCBDL_e2NvjTQ&mime_type=video_mp4&qs=0&rc=NXZpTGRTaFBnKWxncmd5aHFsc3IxZGY5Njc2N2g4aDU0ZzRkZTg5QGkzb204OGtvN3U8MzM0NjMzQFNsa3ZpcUQ6amtqXmJmK2BeaWpgYTojYDBjMzQzXl5gMWFfYDA2Y2Ejcy9pb3FnZl5eYS0tZDAvc3M%3D&btag=80000200010000&dy_q=1784386680&feature_id=d6a18d7c5414b1f1e95a75faf9147845&l=20260718225759C5211FA5A79021F03DEB&ply_type=3&policy=eyJ2bSI6MywidWlkIjoiMzEyOTY1MDYwMzg4ODE4NSJ9,未使用,审核不通过,--,0,--,0,0,0,0,0,0,0,0,0,0,0,0
"	7662229388289835034",0713-浩正瑞晨引导-5.mp4.mp4,https://video-cn.oceanengine.com/9a1e47c78a7aee8915d2702c7eb9e8a7/6a5e3794/tos-cn-ve-51/oA5QfptGAXqBtYh1mmrAAYADXsE7IQ9VVdCKq4?a=1402&ch=0&cr=0&dr=3&cd=0%7C0%7C0%7C0&br=659&bt=659&cs=0&ds=3&ft=J9ThAGkHH_Myq8ZCBDL_e2NvjTQ&mime_type=video_mp4&qs=0&rc=NXZpTGRTaFBnKWxncmd5aHFsc3IxZGY3ZThoOTRlNWRnODtlZGVmQGlqPDR5ZmtvNnU8MzM0NjMzQFNsa3ZpcUQ6amtqXmJmK2BeaWpgYTojMDQxYjYzMDYzMV8uMC5jNWEjaWVsMnFnXl5eYS0tZDAvc3M%3D&btag=80000200010000&dy_q=1784386680&feature_id=d6a18d7c5414b1f1e95a75faf9147845&l=20260718225759C5211FA5A79021F03DEB&ply_type=3&policy=eyJ2bSI6MywidWlkIjoiMzEyOTY1MDYwMzg4ODE4NSJ9,未使用,审核不通过,--,0,--,0,0,0,0,0,0,0,0,0,0,0,0
"	7662229384992915482",0713-浩正引导-1改.mp4,https://video-cn.oceanengine.com/88ed3dbefebb85e0606ed698a99eeff9/6a5e37a5/tos-cn-ve-51/ootdhe4XmBAn7EwGRVsIYqAAtQHQXmDSK1q2sV?a=1402&ch=0&cr=0&dr=3&cd=0%7C0%7C0%7C0&br=683&bt=683&cs=0&ds=3&ft=J9ThAGkHH_Myq8ZCBDL_e2NvjTQ&mime_type=video_mp4&qs=0&rc=NXZpTGRTaFBnKWxncmd5aHFsc3IxZGZnOjQ4ZDg8PGlnM2Q0aGQ8QGkzZjtwOWtvNnU8MzM0NjMzQFNsa3ZpcUQ6amtqXmJmK2BeaWpgYTojXmMyMGAwNDYwMWA2X2ExLmEjb2MvYnFnXl5eYS0tZDAvc3M%3D&btag=80000200020000&dy_q=1784386680&feature_id=d6a18d7c5414b1f1e95a75faf9147845&l=20260718225759C5211FA5A79021F03DEB&ply_type=3&policy=eyJ2bSI6MywidWlkIjoiMzEyOTY1MDYwMzg4ODE4NSJ9,未使用,审核不通过,--,0,--,0,0,0,0,0,0,0,0,0,0,0,0
"	7662229322838179867",0713-浩正瑞晨引导-4.mp4.mp4,https://video-cn.oceanengine.com/2b215db38308405fd39c2a7ee1dfb2be/6a5e3797/tos-cn-ve-51/o8I0V1tBnAtCzQmWl6EAFesAqt4UPKQkAq8GXh?a=1402&ch=0&cr=0&dr=3&cd=0%7C0%7C0%7C0&br=724&bt=724&cs=0&ds=3&ft=J9ThAGkHH_Myq8ZCBDL_e2NvjTQ&mime_type=video_mp4&qs=0&rc=NXZpTGRTaFBnKWxncmd5aHFsc3IxZGY3NWVoOjpoPDtnNGg7NzY1QGkzaWQ4OGtvNnU8MzM0NjMzQFNsa3ZpcUQ6amtqXmJmK2BeaWpgYTojM2A0MS9jNl9gMTY0X142L2Ejcm5rLXFnXl5eYS0tZDAvc3M%3D&btag=80000200018000&dy_q=1784386680&feature_id=d6a18d7c5414b1f1e95a75faf9147845&l=20260718225759C5211FA5A79021F03DEB&ply_type=3&policy=eyJ2bSI6MywidWlkIjoiMzEyOTY1MDYwMzg4ODE4NSJ9,未使用,审核不通过,--,0,--,0,0,0,0,0,0,0,0,0,0,0,0
"	7662229308443017254",0713-浩正瑞晨引导-9.mp4.mp4,https://video-cn.oceanengine.com/5ce6f4feadeb74cfab99924d50047c7b/6a5e3795/tos-cn-ve-51/oIvBWqtr9QNm4LHIgXRsAGAhaAK9QeB91lqrWC?a=1402&ch=0&cr=0&dr=3&cd=0%7C0%7C0%7C0&br=1012&bt=1012&cs=0&ds=3&ft=J9ThAGkHH_Myq8ZCBDL_e2NvjTQ&mime_type=video_mp4&qs=0&rc=NXZpTGRTaFBnKWxncmd5aHFsc3IxZGY0O2g0O2hpZjllZDdkPGc2QGlqbGl5O2tvNnU8MzM0NjMzQFNsa3ZpcUQ6amtqXmJmK2BeaWpgYTojNTMuLzQyMF9eMWAwNDQyM2EjaXFpbnFnXl5eYS0tZDAvc3M%3D&btag=80000200018000&dy_q=1784386680&feature_id=d6a18d7c5414b1f1e95a75faf9147845&l=20260718225759C5211FA5A79021F03DEB&ply_type=3&policy=eyJ2bSI6MywidWlkIjoiMzEyOTY1MDYwMzg4ODE4NSJ9,未使用,审核不通过,--,0,--,0,0,0,0,0,0,0,0,0,0,0,0
"	7662222237614555163",0713-引导-小敏-3.mp4,https://video-cn.oceanengine.com/8ee0bbd9b29d24b34040d0b7041aad9b/6a5e378e/tos-cn-ve-51/okxQtEBPVl1AxCkrWrslAeKBmgr4RQdhrIqRO6?a=1402&ch=0&cr=0&dr=3&cd=0%7C0%7C0%7C0&br=644&bt=644&cs=0&ds=3&ft=J9ThAGkHH_Myq8ZCBDL_e2NvjTQ&mime_type=video_mp4&qs=0&rc=NXZpTGRTaFBnKWxncmd5aHFsc3IxZGZkaDQ7N2Q2M2Y3Nzc7NDo1QGlqdGZvOGtvOnQ8MzM0NjMzQFNsa3ZpcUQ6amtqXmJmK2BeaWpgYTojYV4uNTQ2XzUwMTYuMTIzX2EjbHFpNXFnbnFeYS0tZDAwc3M%3D&btag=80000200010000&dy_q=1784386680&feature_id=d6a18d7c5414b1f1e95a75faf9147845&l=20260718225759C5211FA5A79021F03DEB&ply_type=3&policy=eyJ2bSI6MywidWlkIjoiMzEyOTY1MDYwMzg4ODE4NSJ9,未使用,审核不通过,--,0,--,0,0,0,0,0,0,0,0,0,0,0,0
"	7662213160691269642",0713-引导-小敏-5.mp4,https://video-cn.oceanengine.com/13910a843c7a71bff81b1889038611e7/6a5e378b/tos-cn-ve-51/oEbAPM1IrCG4eAiTQghNtqs09BAmKgKGkWjhDQ?a=1402&ch=0&cr=0&dr=3&cd=0%7C0%7C0%7C0&br=688&bt=688&cs=0&ds=3&ft=J9ThAGkHH_Myq8ZCBDL_e2NvjTQ&mime_type=video_mp4&qs=0&rc=NXZpTGRTaFBnKWxncmd5aHFsc3IxZGZkPDhlZzM7O2c8NTlkPGQ0QGlqNjg7NmtvanQ8MzM0NjMzQFNsa3ZpcUQ6amtqXmJmK2BeaWpgYTojLjAuYTJhNDVhMV4vLTE1XmEjMjBeNXFnXmBeYS0tZDAvc3M%3D&btag=80000200010000&dy_q=1784386680&feature_id=d6a18d7c5414b1f1e95a75faf9147845&l=20260718225759C5211FA5A79021F03DEB&ply_type=3&policy=eyJ2bSI6MywidWlkIjoiMzEyOTY1MDYwMzg4ODE4NSJ9,未使用,审核不通过,--,0,--,0,0,0,0,0,0,0,0,0,0,0,0
"	7662213068400492570",713-引导-小敏-2.mp4,https://video-cn.oceanengine.com/5f8e7c3b34d94479a891fc6ecaa82f39/6a5e3786/tos-cn-ve-51/oQtBiKQZGeI6AAhAs1sgmnQBMsISKAZ4EVpmmC?a=1402&ch=0&cr=0&dr=3&cd=0%7C0%7C0%7C0&br=572&bt=572&cs=0&ds=3&ft=J9ThAGkHH_Myq8ZCBDL_e2NvjTQ&mime_type=video_mp4&qs=0&rc=NXZpTGRTaFBnKWxncmd5aHFsc3IxZGY8O2hpODRkOTRmNTZoZGllQGkzc2o7ZmtvanQ8MzM0NjMzQFNsa3ZpcUQ6amtqXmJmK2BeaWpgYTojYjItLTVjNV5fMS5jMF4xNmEjcWRpMHFnL2BeYS0tZDAvc3M%3D&btag=80000200008000&dy_q=1784386680&feature_id=d6a18d7c5414b1f1e95a75faf9147845&l=20260718225759C5211FA5A79021F03DEB&ply_type=3&policy=eyJ2bSI6MywidWlkIjoiMzEyOTY1MDYwMzg4ODE4NSJ9,未使用,审核不通过,--,0,--,0,0,0,0,0,0,0,0,0,0,0,0
"	7662213046232858650",713-引导-小敏-3.mp4,https://video-cn.oceanengine.com/bd53e281345071ae60a14b7a43c17df3/6a5e378e/tos-cn-ve-51/ogEmMh1AtKLQDgzV4gIy1K9p9BQAeQqLspB4Nn?a=1402&ch=0&cr=0&dr=3&cd=0%7C0%7C0%7C0&br=686&bt=686&cs=0&ds=3&ft=J9ThAGkHH_Myq8ZCBDL_e2NvjTQ&mime_type=video_mp4&qs=0&rc=NXZpTGRTaFBnKWxncmd5aHFsc3IxZGYzNjdnOGc2ZGQ0Zmg2ZTk3QGlqb3U0OGtvanQ8MzM0NjMzQFNsa3ZpcUQ6amtqXmJmK2BeaWpgYTojYF9iNjY2NTYwMWM1MS4vMmEjbTJraHFnXmBeYS0tZDAwc3M%3D&btag=80000200010000&dy_q=1784386680&feature_id=d6a18d7c5414b1f1e95a75faf9147845&l=20260718225759C5211FA5A79021F03DEB&ply_type=3&policy=eyJ2bSI6MywidWlkIjoiMzEyOTY1MDYwMzg4ODE4NSJ9,未使用,--,--,0,--,0,0,0,0,0,0,0,0,0,0,0,0
"	7661972497570840622",0713-浩正瑞晨引导-5.mp4,https://video-cn.oceanengine.com/3c065093d3962fd60fb36bbe055daadc/6a5e3794/tos-cn-ve-51/okXiy1QZqAAbQX43B5zUWREQ8emBmKECPhsIgM?a=1402&ch=0&cr=0&dr=3&cd=0%7C0%7C0%7C0&br=637&bt=637&cs=0&ds=3&ft=J9ThAGkHH_Myq8ZCBDL_e2NvjTQ&mime_type=video_mp4&qs=0&rc=NXZpTGRTaFBnKWxncmd5aHFsc3IxZGY7aDtoZTg4Zmk4ZmU1PDY1QGkzcWpvNWtvdWY8MzM0NjMzQFNsa3ZpcUQ6amtqXmJmK2BeaWpgYTojXzNgNV42LzUuMV42MjE2XmEjM3JzNXFnbmpeYS0tZDAwc3M%3D&btag=80000200010000&dy_q=1784386680&feature_id=d6a18d7c5414b1f1e95a75faf9147845&l=20260718225759C5211FA5A79021F03DEB&ply_type=3&policy=eyJ2bSI6MywidWlkIjoiMzEyOTY1MDYwMzg4ODE4NSJ9,未使用,--,--,0,--,0,0,0,0,0,0,0,0,0,0,0,0
"	7661972490623549486",0713-浩正瑞晨引导-2.mp4,https://video-cn.oceanengine.com/77a62725937950fea6899dd3cb594254/6a5e3794/tos-cn-ve-51/oIhxK9rmtIYCBy5As1mQ7W4ne3qQAA5D1E3UKw?a=1402&ch=0&cr=0&dr=3&cd=0%7C0%7C0%7C0&br=899&bt=899&cs=0&ds=3&ft=J9ThAGkHH_Myq8ZCBDL_e2NvjTQ&mime_type=video_mp4&qs=0&rc=NXZpTGRTaFBnKWxncmd5aHFsc3IxZGZlaWYzZjRlNGk4aGQ2aWU1QGlqZ2VoOmtvdWY8MzM0NjMzQFNsa3ZpcUQ6amtqXmJmK2BeaWpgYTojLWA2X2AtM14zMWMtYmNhX2EjcjA1YHFnbmpeYS0tZDAvc3M%3D&btag=80000200010000&dy_q=1784386680&feature_id=d6a18d7c5414b1f1e95a75faf9147845&l=20260718225759C5211FA5A79021F03DEB&ply_type=3&policy=eyJ2bSI6MywidWlkIjoiMzEyOTY1MDYwMzg4ODE4NSJ9,未使用,--,--,0,--,0,0,0,0,0,0,0,0,0,0,0,0
"	7661972468315914266",0713-浩正瑞晨引导-6.mp4,https://video-cn.oceanengine.com/29c9370f168ec10a1a5413d94c84e404/6a5e37a6/tos-cn-ve-51/ooZgW54l9DN3KyUNMmBeAAnBdPCIEmQKQ1mE6s?a=1402&ch=0&cr=0&dr=3&cd=0%7C0%7C0%7C0&br=561&bt=561&cs=0&ds=3&ft=J9ThAGkHH_Myq8ZCBDL_e2NvjTQ&mime_type=video_mp4&qs=0&rc=NXZpTGRTaFBnKWxncmd5aHFsc3IxZGZkZTdlN2gzZTVoNGc3Zzk1QGkzOTg7OmtvdWY8MzM0NjMzQFNsa3ZpcUQ6amtqXmJmK2BeaWpgYTojNmEvNjZiYjViMWIvYzUyYmEjczRka3FnZmpeYS0tZDBhc3M%3D&btag=80000200020000&dy_q=1784386680&feature_id=d6a18d7c5414b1f1e95a75faf9147845&l=20260718225759C5211FA5A79021F03DEB&ply_type=3&policy=eyJ2bSI6MywidWlkIjoiMzEyOTY1MDYwMzg4ODE4NSJ9,未使用,--,--,0,--,0,0,0,0,0,0,0,0,0,0,0,0
"	7661972464831201307",0713-浩正瑞晨引导-1.mp4,https://video-cn.oceanengine.com/2bc418f0c99db3f439ecf4ed84f820d8/6a5e378f/tos-cn-ve-51/o8cmEQmmCBjmyx4AgCQeoK5DIKyE13sA4QWqUA?a=1402&ch=0&cr=0&dr=3&cd=0%7C0%7C0%7C0&br=699&bt=699&cs=0&ds=3&ft=J9ThAGkHH_Myq8ZCBDL_e2NvjTQ&mime_type=video_mp4&qs=0&rc=NXZpTGRTaFBnKWxncmd5aHFsc3IxZGY6aTo3NGQ8aTtkOmY7M2VmQGkzO2poZGtvdWY8MzM0NjMzQFNsa3ZpcUQ6amtqXmJmK2BeaWpgYTojLi1iLTMvLzZgMS1hNC1jLmEjNS4tbXFnZmpeYS0tZDBhc3M%3D&btag=80000200010000&dy_q=1784386680&feature_id=d6a18d7c5414b1f1e95a75faf9147845&l=20260718225759C5211FA5A79021F03DEB&ply_type=3&policy=eyJ2bSI6MywidWlkIjoiMzEyOTY1MDYwMzg4ODE4NSJ9,未使用,--,--,0,--,0,0,0,0,0,0,0,0,0,0,0,0
"	7660015933729521718",一键修复_0706引导+v瑞晨-6.mp4,https://video-cn.oceanengine.com/1bba430a5e939b7ff5c91621845a085d/6a5e378e/tos-cn-v-29cc83/oceBv9ADQQ5KtMJLW1rEOcCN4cISECe44u4psg?a=1402&ch=0&cr=0&dr=3&cd=0%7C0%7C0%7C0&br=873&bt=873&cs=0&ds=3&ft=J9ThAGkHH_Myq8ZCBDL_e2NvjTQ&mime_type=video_mp4&qs=0&rc=NXZpTGRTaFBnKWxncmd5aHFsc3IxZGY5OGQ0ZzwzOGg4PGZlZmY5QGkzPGt0OWtvdnc8NjM0aTwzQFNsa3ZpcUQ6amtqXmJmK2BeaWpgYTojNC4yL18zMl9gMTEyYV8zMGEjYnEwL3FnZmMzYS0tZC8vc3M%3D&btag=80000e00010000&dy_q=1784386680&feature_id=d6a18d7c5414b1f1e95a75faf9147845&l=20260718225759C5211FA5A79021F03DEB&ply_type=3&policy=eyJ2bSI6MywidWlkIjoiMzEyOTY1MDYwMzg4ODE4NSJ9,未使用,审核通过,--,1,--,0,0,0,0,0,0,0,0,0,0,0,0
"	7659983321992708132",0706引导+v瑞晨-7.mp4,https://video-cn.oceanengine.com/81608b7463a472ecc9a722171b66f289/6a5e378e/tos-cn-ve-51/o0MbQg9RTzhi4SfbAg4AI0JOmx1QdACBKtslqT?a=1402&ch=0&cr=0&dr=3&cd=0%7C0%7C0%7C0&br=1838&bt=1838&cs=0&ds=4&ft=J9ThAGkHH_Myq8ZCBDL_e2NvjTQ&mime_type=video_mp4&qs=0&rc=NXZpTGRTaFBnKWxncmd5aHFsc3IxZGY1NGg3OTY7Zjo4MzozaWZmQGkzPGRoOmtva3U8MzM0NjMzQFNsa3ZpcUQ6amtqXmJmK2BeaWpgYTojYjM2NTFfMjY0MTAtLjAyYWEjNW9iYHFnXmgzYS0tZDAvc3M%3D&btag=80000e00010000&dy_q=1784386680&feature_id=d6a18d7c5414b1f1e95a75faf9147845&l=20260718225759C5211FA5A79021F03DEB&ply_type=3&policy=eyJ2bSI6MywidWlkIjoiMzEyOTY1MDYwMzg4ODE4NSJ9,未使用,审核通过,--,1,--,0,0,0,0,0,0,0,0,0,0,0,0
"	7659983312489005110",0706引导+v瑞晨-9.mp4,https://video-cn.oceanengine.com/1744ea760843b6e1099573bc49ef80b5/6a5e3796/tos-cn-ve-51/ocFgM012QumDsiiBetARQIE4NQ1hJaEAgCqbmn?a=1402&ch=0&cr=0&dr=3&cd=0%7C0%7C0%7C0&br=1447&bt=1447&cs=0&ds=4&ft=J9ThAGkHH_Myq8ZCBDL_e2NvjTQ&mime_type=video_mp4&qs=0&rc=NXZpTGRTaFBnKWxncmd5aHFsc3IxZGZpNzs6NGU8MzVmaTUzOjY0QGkzNmpnOmtva3U8MzM0NjMzQFNsa3ZpcUQ6amtqXmJmK2BeaWpgYTojMTNhXy4yL14wMTU1Mi81L2EjZDVlZXFnXmgzYS0tZDAwc3M%3D&btag=80000e00018000&dy_q=1784386680&feature_id=d6a18d7c5414b1f1e95a75faf9147845&l=20260718225759C5211FA5A79021F03DEB&ply_type=3&policy=eyJ2bSI6MywidWlkIjoiMzEyOTY1MDYwMzg4ODE4NSJ9,未使用,审核通过,--,1,--,0,0,0,0,0,0,0,0,0,0,0,0
"	7659983301841698859",0706引导+v瑞晨-8.mp4,https://video-cn.oceanengine.com/600cc12f4d1713e612b6127e9f890f99/6a5e378d/tos-cn-ve-51/owLbNqJ7T6XZDd10AAIk5qpVEctge6QxgfDBsb?a=1402&ch=0&cr=0&dr=3&cd=0%7C0%7C0%7C0&br=1822&bt=1822&cs=0&ds=4&ft=J9ThAGkHH_Myq8ZCBDL_e2NvjTQ&mime_type=video_mp4&qs=0&rc=NXZpTGRTaFBnKWxncmd5aHFsc3IxZGZmZGY1Z2RkOjpoZ2U2ZDs8QGkzdnZnZGtva3U8MzM0NjMzQFNsa3ZpcUQ6amtqXmJmK2BeaWpgYTojY2MzMjVhNjVhMTY1LjEwYmEjb3Nia3FnL2gzYS0tZDAwc3M%3D&btag=80000e00010000&dy_q=1784386680&feature_id=d6a18d7c5414b1f1e95a75faf9147845&l=20260718225759C5211FA5A79021F03DEB&ply_type=3&policy=eyJ2bSI6MywidWlkIjoiMzEyOTY1MDYwMzg4ODE4NSJ9,未使用,审核通过,--,0,--,0,0,0,0,0,0,0,0,0,0,0,0
"	7659983297766178859",0706引导+v瑞晨-10.mp4,https://video-cn.oceanengine.com/260308e6eac6271d08a7e6dc77dfb630/6a5e3792/tos-cn-ve-51/o0INEQg2muHJAu41S9RvqVqeE0JBisEQm2tlA2?a=1402&ch=0&cr=0&dr=3&cd=0%7C0%7C0%7C0&br=1517&bt=1517&cs=0&ds=4&ft=J9ThAGkHH_Myq8ZCBDL_e2NvjTQ&mime_type=video_mp4&qs=0&rc=NXZpTGRTaFBnKWxncmd5aHFsc3IxZGZkN2k0OzQ3NjpoOmc3NGVoQGkzb3lxN2tva3U8MzM0NjMzQFNsa3ZpcUQ6amtqXmJmK2BeaWpgYTojYmFeNTYxYjZiMTIuLTUuMWEjL2BkaHFnXmgzYS0tZDBhc3M%3D&btag=80000e00010000&dy_q=1784386680&feature_id=d6a18d7c5414b1f1e95a75faf9147845&l=20260718225759C5211FA5A79021F03DEB&ply_type=3&policy=eyJ2bSI6MywidWlkIjoiMzEyOTY1MDYwMzg4ODE4NSJ9,已使用,审核通过,--,1,--,0,0,0,0,0,0,0,0,0,0,0,0
"	7659679262665293865",0706引导+v瑞晨-1.mp4,https://video-cn.oceanengine.com/9783cff8e4259ac510d618eb712bd43c/6a5e3794/tos-cn-ve-51/oclB2Z9JBI4ygHQALlIQKOsf1MEXm11gmGblrA?a=1402&ch=0&cr=0&dr=3&cd=0%7C0%7C0%7C0&br=1782&bt=1782&cs=0&ds=4&ft=J9ThAGkHH_Myq8ZCBDL_e2NvjTQ&mime_type=video_mp4&qs=0&rc=NXZpTGRTaFBnKWxncmd5aHFsc3IxZGY7OGZlNGU3Ojc4PGZmNDtmQGlqNHFtNmtvamQ8MzM0NjMzQFNsa3ZpcUQ6amtqXmJmK2BeaWpgYTojNjJfLS42YV4wMWAwYWExYWEjZmBqc3FnL18zYS0tZDBhc3M%3D&btag=80000e00010000&dy_q=1784386680&feature_id=d6a18d7c5414b1f1e95a75faf9147845&l=20260718225759C5211FA5A79021F03DEB&ply_type=3&policy=eyJ2bSI6MywidWlkIjoiMzEyOTY1MDYwMzg4ODE4NSJ9,未使用,审核通过,--,1,--,0,0,0,0,0,0,0,0,0,0,0,0
"	7659679252962541631",0706引导+v瑞晨-5.mp4,https://video-cn.oceanengine.com/ccbe9d12e8d7f35cad468a87836fbde2/6a5e3785/tos-cn-ve-51/oEKbM1gAgQAsIjQxd44fm1EoJIELQqmKl9VBlU?a=1402&ch=0&cr=0&dr=3&cd=0%7C0%7C0%7C0&br=2554&bt=2554&cs=0&ds=4&ft=J9ThAGkHH_Myq8ZCBDL_e2NvjTQ&mime_type=video_mp4&qs=0&rc=NXZpTGRTaFBnKWxncmd5aHFsc3IxZGZkaTw2NjQ3OGU7PGU8MzU6QGlqeXFkaGtvamQ8MzM0NjMzQFNsa3ZpcUQ6amtqXmJmK2BeaWpgYTojMGJiMzUuMV8uMWNeNC5iX2EjXjBlcHFnL18zYS0tZDBhc3M%3D&btag=80000e00008000&dy_q=1784386680&feature_id=d6a18d7c5414b1f1e95a75faf9147845&l=20260718225759C5211FA5A79021F03DEB&ply_type=3&policy=eyJ2bSI6MywidWlkIjoiMzEyOTY1MDYwMzg4ODE4NSJ9,未使用,审核通过,--,1,--,0,0,0,0,0,0,0,0,0,0,0,0
"	7659679243442913322",0706引导+v瑞晨-4.mp4,https://video-cn.oceanengine.com/c4ebba33dc214ef8e148dbb0fa63385b/6a5e3780/tos-cn-ve-51/oU69MDBqQoNCJWEf8KaBMIKYqafrA4zRTgsgAA?a=1402&ch=0&cr=0&dr=3&cd=0%7C0%7C0%7C0&br=2291&bt=2291&cs=0&ds=4&ft=J9ThAGkHH_Myq8ZCBDL_e2NvjTQ&mime_type=video_mp4&qs=0&rc=NXZpTGRTaFBnKWxncmd5aHFsc3IxZGY1Mzs4M2c4aWhpOWc5Njc7QGkzd2s7Z2tvaWQ8MzM0NjMzQFNsa3ZpcUQ6amtqXmJmK2BeaWpgYTojNmAxYWJiLTUzMS9fYjNgXmEjMF4uLXFnZl8zYS0tZDAvc3M%3D&btag=80000e00008000&dy_q=1784386680&feature_id=d6a18d7c5414b1f1e95a75faf9147845&l=20260718225759C5211FA5A79021F03DEB&ply_type=3&policy=eyJ2bSI6MywidWlkIjoiMzEyOTY1MDYwMzg4ODE4NSJ9,已使用,审核通过,--,1,--,0,0,0,0,0,0,0,0,0,0,0,0
"	7659679226528383039",0706引导+v瑞晨-3.mp4,https://video-cn.oceanengine.com/c6d08d0626824edce986416c3e0d0eeb/6a5e3794/tos-cn-ve-51/ok0WIC4Yf4AirQFGsKetANqQlDTgHBgTEYKlMs?a=1402&ch=0&cr=0&dr=3&cd=0%7C0%7C0%7C0&br=1654&bt=1654&cs=0&ds=4&ft=J9ThAGkHH_Myq8ZCBDL_e2NvjTQ&mime_type=video_mp4&qs=0&rc=NXZpTGRTaFBnKWxncmd5aHFsc3IxZGY3PGZpNzdlMzNmZDlnODszQGkzOjQ3Z2tvaWQ8MzM0NjMzQFNsa3ZpcUQ6amtqXmJmK2BeaWpgYTojNjYwNjU2NV4uMS5eLTMzMGEjcDMwYHFnZl8zYS0tZDAvc3M%3D&btag=80000e00010000&dy_q=1784386680&feature_id=d6a18d7c5414b1f1e95a75faf9147845&l=20260718225759C5211FA5A79021F03DEB&ply_type=3&policy=eyJ2bSI6MywidWlkIjoiMzEyOTY1MDYwMzg4ODE4NSJ9,未使用,审核通过,--,1,--,0,0,0,0,0,0,0,0,0,0,0,0
"	7660186951438139446",0708-引导-嘉丽-4.mp4,https://video-cn.oceanengine.com/cb05680d71dce2f7efdf2b513069a807/6a5e3771/tos-cn-ve-51/oAI2IMemSOfERB7VrgE1Exf9AQt8CpAeVqaI17?a=1402&ch=0&cr=0&dr=3&cd=0%7C0%7C0%7C0&cv=1&br=866&bt=866&cs=0&ds=3&ft=J9ThAGkHH_Myq8Z5BDL_e2NvjTQ&mime_type=video_mp4&qs=0&rc=NXZpTGRTaFBnKWxncmd5aHFsc3IxZGY4ZTVmPGhmMzVnOjc2OGdlQGkzZXhxOm86aXk8MzM0NjMzQFNsa3ZpcUQ6amtqXmJmK2BeaWpgYTojX2MvLTMwXjUyMS01YmExNmEjNmljNmFhZmNeYS0tZDAvc3M%3D&btag=80000e00010000&dy_q=1784386656&feature_id=d6a18d7c5414b1f1e95a75faf9147845&l=20260718225735068CF50E0279CA723407&ply_type=3&policy=eyJ2bSI6MywidWlkIjoiMzEyOTY1MDYwMzg4ODE4NSJ9,未使用,审核通过,--,9,--,74.94,3302,54,1.64,1.39,22.7,5,14.99,9.26,0,0,0
"	7661186975484379190",微信视频_20260711163647.mp4,https://video-cn.oceanengine.com/dd7ae89f237263e7fa8fa2305cb0d152/6a5e3773/tos-cn-ve-51/13538b55e4c44081a302871672a0345d?a=1402&ch=0&cr=0&dr=3&cd=0%7C0%7C0%7C0&br=928&bt=928&cs=0&ds=3&ft=J9ThAGkHH_Myq8Z5BDL_e2NvjTQ&mime_type=video_mp4&qs=0&rc=NXZpTGRTaFBnKWxncmd5aHFsc3IxZGY8ZGVoZ2hnZTU5aWU2PGhkQGkzMzo2ZG86OXk8MzM0NjMzQFNsa3ZpcUQ6amtqXmJmK2BeaWpgYTojMC9jNF8uMTZeMV9gYl8xMGEjXmNiM2FhXmNeYS0tZDBhc3M%3D&btag=80000e00010000&dy_q=1784386656&feature_id=d6a18d7c5414b1f1e95a75faf9147845&l=20260718225735068CF50E0279CA723407&ply_type=3&policy=eyJ2bSI6MywidWlkIjoiMzEyOTY1MDYwMzg4ODE4NSJ9,已使用,审核通过,--,3,--,2.36,18,2,11.11,1.18,131.11,0,0,0,0,0,0
"	7661187006646501412",微信视频2026-07-11_163704_323.mp4,https://video-cn.oceanengine.com/7c5d08d09c1e61bcd26c64db46fc44ea/6a5e377c/tos-cn-ve-51/oQygv5aftHAMK7rABm2kAAvBYUjQImgoQ1vbi7?a=1402&ch=0&cr=0&dr=3&cd=0%7C0%7C0%7C0&br=1021&bt=1021&cs=0&ds=3&ft=J9ThAGkHH_Myq8Z5BDL_e2NvjTQ&mime_type=video_mp4&qs=0&rc=NXZpTGRTaFBnKWxncmd5aHFsc3IxZGY4ZDU6aGhpZTU3OWVkNjQ8QGkzMzo2ZG86OXk8MzM0NjMzQFNsa3ZpcUQ6amtqXmJmK2BeaWpgYTojYmIxLWBgLl5iMTZfYDAyYWEjNmNiM2FhXmNeYS0tZDBhc3M%3D&btag=80000e00010000&dy_q=1784386656&feature_id=d6a18d7c5414b1f1e95a75faf9147845&l=20260718225735068CF50E0279CA723407&ply_type=3&policy=eyJ2bSI6MywidWlkIjoiMzEyOTY1MDYwMzg4ODE4NSJ9,未使用,审核通过,--,3,--,4.29,54,2,3.7,2.15,79.44,0,0,0,0,0,0
"	7661187009408008233",微信视频_20260711163659.mp4,https://video-cn.oceanengine.com/5f20037988b3e4465fdbfa5b50ce34b1/6a5e3785/tos-cn-ve-51/o8AIVJEAIali9I9dA3EzaVdQtXIgvEwQWmUgJ?a=1402&ch=0&cr=0&dr=3&cd=0%7C0%7C0%7C0&cv=1&br=908&bt=908&cs=0&ds=3&ft=J9ThAGkHH_Myq8Z5BDL_e2NvjTQ&mime_type=video_mp4&qs=0&rc=NXZpTGRTaFBnKWxncmd5aHFsc3IxZGY2ODM6aGg0NTw3Nmg4OTYzQGkzajt1NW86OXk8MzM0NjMzQFNsa3ZpcUQ6amtqXmJmK2BeaWpgYTojNV4uYjA0Ml4xMTA2YTUwMWEjL2VvMWFhXmNeYS0tZDAvc3M%3D&btag=80000e00018000&dy_q=1784386656&feature_id=d6a18d7c5414b1f1e95a75faf9147845&l=20260718225735068CF50E0279CA723407&ply_type=3&policy=eyJ2bSI6MywidWlkIjoiMzEyOTY1MDYwMzg4ODE4NSJ9,未使用,审核通过,优质,10,--,606.33,38695,411,1.06,1.48,15.67,33,18.37,8.03,0,0,0
"	7662602318490189862",0714-引导-小敏-2.mp4,https://video-cn.oceanengine.com/595db0a208fac40f524a78e3c9e1edd9/6a5e376f/tos-cn-ve-51/oETTYtClrkEzlCEaIccPzAQJdWzOtIQAIIVXG?a=1402&ch=0&cr=0&dr=3&cd=0%7C0%7C0%7C0&br=1254&bt=1254&cs=0&ds=3&ft=J9ThAGkHH_Myq8Z5BDL_e2NvjTQ&mime_type=video_mp4&qs=0&rc=NXZpTGRTaFBnKWxncmd5aHFsc3IxZGY0NGZlZjk7aWc7Omg6Njg5QGlqOWZsZW86cmo8MzM0NjMzQFNsa3ZpcUQ6amtqXmJmK2BeaWpgYTojLjUzNjRjNl9fMTQvMTUvYWEjbXBiNGFhZmRfYS0tZDBhc3M%3D&btag=80000e00010000&dy_q=1784386656&feature_id=d6a18d7c5414b1f1e95a75faf9147845&l=20260718225735068CF50E0279CA723407&ply_type=3&policy=eyJ2bSI6MywidWlkIjoiMzEyOTY1MDYwMzg4ODE4NSJ9,未使用,审核通过,首发,2,--,11.43,209,6,2.87,1.91,54.69,0,0,0,0,0,0
"	7662602421135540270",0714-引导-嘉丽-2.mp4,https://video-cn.oceanengine.com/febf7da9bf197784fcf631fb8d590124/6a5e376b/tos-cn-ve-51/ocIUI6tTL7hxtxmXgQaAEQKPmf1QCA5BB476IZ?a=1402&ch=0&cr=0&dr=3&cd=0%7C0%7C0%7C0&br=852&bt=852&cs=0&ds=3&ft=J9ThAGkHH_Myq8Z5BDL_e2NvjTQ&mime_type=video_mp4&qs=0&rc=NXZpTGRTaFBnKWxncmd5aHFsc3IxZGY2M2k8NTs1ZGc7ODdmZTk0QGkzazx4Om86cmo8MzM0NjMzQFNsa3ZpcUQ6amtqXmJmK2BeaWpgYTojNTI0NGAzMzU2MTUwYWI1NWEjcTZzc2FhZmRfYS0tZDAwc3M%3D&btag=80000e00008000&dy_q=1784386656&feature_id=d6a18d7c5414b1f1e95a75faf9147845&l=20260718225735068CF50E0279CA723407&ply_type=3&policy=eyJ2bSI6MywidWlkIjoiMzEyOTY1MDYwMzg4ODE4NSJ9,未使用,审核通过,首发,5,--,45.73,1075,21,1.95,2.18,42.54,4,11.43,19.05,0,0,0
"	7662602433123483686",0714-引导-嘉丽-1.mp4,https://video-cn.oceanengine.com/3d927c9c5950952d0b99617bb863ffdc/6a5e376a/tos-cn-ve-51/o8daEzldDItYIkttvaHOQUMCCIAXWETc2XIkA?a=1402&ch=0&cr=0&dr=3&cd=0%7C0%7C0%7C0&br=356&bt=356&cs=0&ds=3&ft=J9ThAGkHH_Myq8Z5BDL_e2NvjTQ&mime_type=video_mp4&qs=0&rc=NXZpTGRTaFBnKWxncmd5aHFsc3IxZGZlaTM3ZWZoOjc8OjVlNzg7QGlqNztzZ286cmo8MzM0NjMzQFNsa3ZpcUQ6amtqXmJmK2BeaWpgYTojLy00NWJfMl4tMWNgLTViXmEjX2wta2FhZmRfYS0tZDBhc3M%3D&btag=80000e00008000&dy_q=1784386656&feature_id=d6a18d7c5414b1f1e95a75faf9147845&l=20260718225735068CF50E0279CA723407&ply_type=3&policy=eyJ2bSI6MywidWlkIjoiMzEyOTY1MDYwMzg4ODE4NSJ9,未使用,审核通过,--,4,--,26.18,648,20,3.09,1.31,40.4,1,26.18,5,0,0,0
"	7662604298522837042",0714-瑞晨引导-1.mp4,https://video-cn.oceanengine.com/97d9c0780ba4d496c519cb911cc30211/6a5e376f/tos-cn-ve-51/osrbDBX2NCeReoRmCgQwNEsVIAUqJj14vumAaB?a=1402&ch=0&cr=0&dr=3&cd=0%7C0%7C0%7C0&br=872&bt=872&cs=0&ds=3&ft=J9ThAGkHH_Myq8Z5BDL_e2NvjTQ&mime_type=video_mp4&qs=0&rc=NXZpTGRTaFBnKWxncmd5aHFsc3IxZGZnM2Q7N2doZTg0NGk4ZDZkQGkzdW1tO286ZWo8MzM0NjMzQFNsa3ZpcUQ6amtqXmJmK2BeaWpgYTojLTU1M19fL19hMS4zNC8yMmEjZ3BsbmFhZmhfYS0tZDAvc3M%3D&btag=80000e00010000&dy_q=1784386656&feature_id=d6a18d7c5414b1f1e95a75faf9147845&l=20260718225735068CF50E0279CA723407&ply_type=3&policy=eyJ2bSI6MywidWlkIjoiMzEyOTY1MDYwMzg4ODE4NSJ9,未使用,审核通过,--,1,--,0.25,12,1,8.33,0.25,20.83,0,0,0,0,0,0
"	7662604313426214958",0714-瑞晨引导-12.mp4,https://video-cn.oceanengine.com/019d3ca551f745aef56231e78cf41d61/6a5e376a/tos-cn-ve-51/ooQJLtClokSzlCEaKLc6uAgadW7ClIQAmIBXX?a=1402&ch=0&cr=0&dr=3&cd=0%7C0%7C0%7C0&br=1707&bt=1707&cs=0&ds=3&ft=J9ThAGkHH_Myq8Z5BDL_e2NvjTQ&mime_type=video_mp4&qs=0&rc=NXZpTGRTaFBnKWxncmd5aHFsc3IxZGZpMzc1Z2hnaDc5aWY2aTZoQGkzcWY5O286ZWo8MzM0NjMzQFNsa3ZpcUQ6amtqXmJmK2BeaWpgYTojNDUyLjYxXjYyMTAyYzU1NGEjazFrcWFhZmhfYS0tZDAvc3M%3D&btag=80000e00008000&dy_q=1784386656&feature_id=d6a18d7c5414b1f1e95a75faf9147845&l=20260718225735068CF50E0279CA723407&ply_type=3&policy=eyJ2bSI6MywidWlkIjoiMzEyOTY1MDYwMzg4ODE4NSJ9,未使用,审核通过,--,2,--,1.14,36,0,0,0,31.67,0,0,0,0,0,0
"	7662604335050735643",0714-瑞晨引导-4.mp4,https://video-cn.oceanengine.com/4ef23cad2e5e4be87cfcdfc0e1cb004b/6a5e376f/tos-cn-ve-51/oktmBlQAQ6rIXAkdzYYaWtPzLKRmILjcCtEJT?a=1402&ch=0&cr=0&dr=3&cd=0%7C0%7C0%7C0&br=714&bt=714&cs=0&ds=3&ft=J9ThAGkHH_Myq8Z5BDL_e2NvjTQ&mime_type=video_mp4&qs=0&rc=NXZpTGRTaFBnKWxncmd5aHFsc3IxZGY7aTRmaDkzOmQzZjg7ZzplQGlqNmdsZW86ZWo8MzM0NjMzQFNsa3ZpcUQ6amtqXmJmK2BeaWpgYTojNTFeMV80MzVgMWEwYmI2MmEjajBiNGFhZmhfYS0tZDBhc3M%3D&btag=80000e00010000&dy_q=1784386656&feature_id=d6a18d7c5414b1f1e95a75faf9147845&l=20260718225735068CF50E0279CA723407&ply_type=3&policy=eyJ2bSI6MywidWlkIjoiMzEyOTY1MDYwMzg4ODE4NSJ9,未使用,审核通过,--,1,--,1.73,43,2,4.65,0.87,40.23,0,0,0,0,0,0
"	7662604342744006666",0714-瑞晨引导-13.mp4,https://video-cn.oceanengine.com/77c3750cfdbe5f9b6e30e265a30f601c/6a5e376a/tos-cn-ve-51/ooCVNQuI13fowBFyg2RMArgpearaEqADzccNUu?a=1402&ch=0&cr=0&dr=3&cd=0%7C0%7C0%7C0&br=1823&bt=1823&cs=0&ds=3&ft=J9ThAGkHH_Myq8Z5BDL_e2NvjTQ&mime_type=video_mp4&qs=0&rc=NXZpTGRTaFBnKWxncmd5aHFsc3IxZGY6OTc6Z2VnNTdoNDVnNjllQGkzc3FnOm86ZWo8MzM0NjMzQFNsa3ZpcUQ6amtqXmJmK2BeaWpgYTojYGFeLjA0YV8uMWFjNS0wL2EjNHJpMmFhZmhfYS0tZDBhc3M%3D&btag=80000e00008000&dy_q=1784386656&feature_id=d6a18d7c5414b1f1e95a75faf9147845&l=20260718225735068CF50E0279CA723407&ply_type=3&policy=eyJ2bSI6MywidWlkIjoiMzEyOTY1MDYwMzg4ODE4NSJ9,未使用,审核通过,--,1,--,1,36,0,0,0,27.78,0,0,0,0,0,0
"	7662604348090630154",0714-瑞晨引导-9.mp4,https://video-cn.oceanengine.com/43d73e5e8f18699c4cad56f4b5790051/6a5e3769/tos-cn-ve-51/oUQPIAaKUFaAMtm61kOXUghBQQ3uAyfIF5a47S?a=1402&ch=0&cr=0&dr=3&cd=0%7C0%7C0%7C0&br=2544&bt=2544&cs=0&ds=3&ft=J9ThAGkHH_Myq8Z5BDL_e2NvjTQ&mime_type=video_mp4&qs=0&rc=NXZpTGRTaFBnKWxncmd5aHFsc3IxZGY3NGY2ZjVoOzo1OmQ2NjtnQGkzOm45Z286ZWo8MzM0NjMzQFNsa3ZpcUQ6amtqXmJmK2BeaWpgYTojMF8xXmMtXzUuMWIvY2E1X2EjMmZfNmFhZmhfYS0tZDAvc3M%3D&btag=80000e00008000&dy_q=1784386656&feature_id=d6a18d7c5414b1f1e95a75faf9147845&l=20260718225735068CF50E0279CA723407&ply_type=3&policy=eyJ2bSI6MywidWlkIjoiMzEyOTY1MDYwMzg4ODE4NSJ9,未使用,审核通过,--,1,--,2.56,58,0,0,0,44.14,0,0,0,0,0,0
"	7662604373985902602",0714-瑞晨引导-3.mp4,https://video-cn.oceanengine.com/9153f1c30019350a4b4d7b36a1cac4e2/6a5e376f/tos-cn-ve-51/oYAFgNqTCI16WsEzKBTklaIdjQcmtAmkLXQNp?a=1402&ch=0&cr=0&dr=3&cd=0%7C0%7C0%7C0&br=822&bt=822&cs=0&ds=3&ft=J9ThAGkHH_Myq8Z5BDL_e2NvjTQ&mime_type=video_mp4&qs=0&rc=NXZpTGRTaFBnKWxncmd5aHFsc3IxZGY7aTo0NGY0OmQzaDQ4aTpkQGkzbW47N286ZWo8MzM0NjMzQFNsa3ZpcUQ6amtqXmJmK2BeaWpgYTojMjUwYjNgMF8tMTAxNC9iYWEjcW5samFhZmhfYS0tZDBhc3M%3D&btag=80000e00010000&dy_q=1784386656&feature_id=d6a18d7c5414b1f1e95a75faf9147845&l=20260718225735068CF50E0279CA723407&ply_type=3&policy=eyJ2bSI6MywidWlkIjoiMzEyOTY1MDYwMzg4ODE4NSJ9,未使用,审核通过,--,1,--,0.68,19,0,0,0,35.79,0,0,0,0,0,0
"	7662604383391285274",0714-瑞晨引导-5.mp4,https://video-cn.oceanengine.com/7460e8d7b2907ab9886c836282be128c/6a5e376f/tos-cn-ve-51/oQTtIBaXAOcrmSrmQQWAQlpKI3QNCcsEz0dXL?a=1402&ch=0&cr=0&dr=3&cd=0%7C0%7C0%7C0&br=645&bt=645&cs=0&ds=3&ft=J9ThAGkHH_Myq8Z5BDL_e2NvjTQ&mime_type=video_mp4&qs=0&rc=NXZpTGRTaFBnKWxncmd5aHFsc3IxZGY6aTszPDU3ODs3ZDM8OTs3QGkzPG06ZW86ZWo8MzM0NjMzQFNsa3ZpcUQ6amtqXmJmK2BeaWpgYTojYTA0MGEwX19iMWMzNGNgL2EjNGMyZ2FhbmhfYS0tZDBhc3M%3D&btag=80000e00010000&dy_q=1784386656&feature_id=d6a18d7c5414b1f1e95a75faf9147845&l=20260718225735068CF50E0279CA723407&ply_type=3&policy=eyJ2bSI6MywidWlkIjoiMzEyOTY1MDYwMzg4ODE4NSJ9,未使用,审核通过,--,1,--,2.18,44,1,2.27,2.18,49.55,0,0,0,0,0,0
"	7662604387910729778",0714-瑞晨引导-6.mp4,https://video-cn.oceanengine.com/6e99fed73ea156417f058bd16a392fde/6a5e3769/tos-cn-ve-51/oMKlHCmQazWjCI2GALAWWXBErQtdkl2XsKwcI?a=1402&ch=0&cr=0&dr=3&cd=0%7C0%7C0%7C0&br=2305&bt=2305&cs=0&ds=3&ft=J9ThAGkHH_Myq8Z5BDL_e2NvjTQ&mime_type=video_mp4&qs=0&rc=NXZpTGRTaFBnKWxncmd5aHFsc3IxZGYzaDtlPGY1NWk5OzQ7NTY8QGkzcDw7OG86ZWo8MzM0NjMzQFNsa3ZpcUQ6amtqXmJmK2BeaWpgYTojMTMwM2MvYDUtMWI0M18tLmEjb2Btb2FhZmhfYS0tZDAwc3M%3D&btag=80000e00008000&dy_q=1784386656&feature_id=d6a18d7c5414b1f1e95a75faf9147845&l=20260718225735068CF50E0279CA723407&ply_type=3&policy=eyJ2bSI6MywidWlkIjoiMzEyOTY1MDYwMzg4ODE4NSJ9,未使用,审核通过,--,1,--,0.51,6,0,0,0,85,0,0,0,0,0,0
"	7662604388957339657",0714-瑞晨引导-14.mp4,https://video-cn.oceanengine.com/5dd629ac0873da5915531596b22ef9d4/6a5e3775/tos-cn-ve-51/okQQbbCUeruFR0edOgCqNAgGGoBjAcQIfIGrth?a=1402&ch=0&cr=0&dr=3&cd=0%7C0%7C0%7C0&br=1147&bt=1147&cs=0&ds=3&ft=J9ThAGkHH_Myq8Z5BDL_e2NvjTQ&mime_type=video_mp4&qs=0&rc=NXZpTGRTaFBnKWxncmd5aHFsc3IxZGY5ODNpZzhpOmQ0NGdnOzw2QGkzbnk0NG86ZWo8MzM0NjMzQFNsa3ZpcUQ6amtqXmJmK2BeaWpgYTojNC4zYTY0LTYvMTAvLy5eYGEjNXJfbWFhZmhfYS0tZDAwc3M%3D&btag=80000e00010000&dy_q=1784386656&feature_id=d6a18d7c5414b1f1e95a75faf9147845&l=20260718225735068CF50E0279CA723407&ply_type=3&policy=eyJ2bSI6MywidWlkIjoiMzEyOTY1MDYwMzg4ODE4NSJ9,未使用,审核通过,--,1,--,2.49,57,2,3.51,1.25,43.68,0,0,0,0,0,0
"	7662604418197995571",0714-瑞晨引导-2.mp4,https://video-cn.oceanengine.com/2345483021c184d417b4ede197296169/6a5e376f/tos-cn-ve-51/oEcBAQ4CIdwXPpLW0NKWmALEzQaCIQytkhWli?a=1402&ch=0&cr=0&dr=3&cd=0%7C0%7C0%7C0&br=648&bt=648&cs=0&ds=3&ft=J9ThAGkHH_Myq8Z5BDL_e2NvjTQ&mime_type=video_mp4&qs=0&rc=NXZpTGRTaFBnKWxncmd5aHFsc3IxZGY6ZTU1M2k5ZmU5NWRpOGk3QGkzbDc1NW86ZWo8MzM0NjMzQFNsa3ZpcUQ6amtqXmJmK2BeaWpgYTojNDEzMy41NDZgMWNeMzE0NWEjX3NwX2FhZmhfYS0tZDAwc3M%3D&btag=80000e00010000&dy_q=1784386656&feature_id=d6a18d7c5414b1f1e95a75faf9147845&l=20260718225735068CF50E0279CA723407&ply_type=3&policy=eyJ2bSI6MywidWlkIjoiMzEyOTY1MDYwMzg4ODE4NSJ9,未使用,审核通过,--,1,--,1.08,17,1,5.88,1.08,63.53,0,0,0,0,0,0
"	7662604446477156362",0714-瑞晨引导-11.mp4,https://video-cn.oceanengine.com/e90d0bbb806ec421e29d0e43c9a00045/6a5e376a/tos-cn-ve-51/oE1ouMRogd5wqaDDGxfBAuNI2VIAFQIgNTq8Qf?a=1402&ch=0&cr=0&dr=3&cd=0%7C0%7C0%7C0&br=1551&bt=1551&cs=0&ds=3&ft=J9ThAGkHH_Myq8Z5BDL_e2NvjTQ&mime_type=video_mp4&qs=0&rc=NXZpTGRTaFBnKWxncmd5aHFsc3IxZGY8ZjY3NTM6OmgzNmVoPDRmQGkzdnQ0aW86ZWo8MzM0NjMzQFNsa3ZpcUQ6amtqXmJmK2BeaWpgYTojXi8uXzEzYDU0MTJhNGMtYWEjZmcubmFhZmhfYS0tZDBhc3M%3D&btag=80000e00008000&dy_q=1784386656&feature_id=d6a18d7c5414b1f1e95a75faf9147845&l=20260718225735068CF50E0279CA723407&ply_type=3&policy=eyJ2bSI6MywidWlkIjoiMzEyOTY1MDYwMzg4ODE4NSJ9,未使用,审核通过,首发,5,--,8.48,172,4,2.33,2.12,49.3,1,8.48,25,0,0,0
"	7662605347073458226",0715瑞晨引流-1.mp4,https://video-cn.oceanengine.com/3e0c0933bfce508ac0dbfa24f8009e84/6a5e376d/tos-cn-ve-51/oUUIHuIQzdamtKWILnA8CEycCQC7TNkN5AX4l?a=1402&ch=0&cr=0&dr=3&cd=0%7C0%7C0%7C0&cv=1&br=1776&bt=1776&cs=0&ds=3&ft=J9ThAGkHH_Myq8Z5BDL_e2NvjTQ&mime_type=video_mp4&qs=0&rc=NXZpTGRTaFBnKWxncmd5aHFsc3IxZGY8PGQ7NGZmaGQ6ZzM8PDc4QGlqZHJ5OW86NWo8MzM0NjMzQFNsa3ZpcUQ6amtqXmJmK2BeaWpgYTojNC1gM2MzXjYtMTViYy5jX2EjZ2QyM2FhZmpfYS0tZDBhc3M%3D&btag=80000e00008000&dy_q=1784386656&feature_id=d6a18d7c5414b1f1e95a75faf9147845&l=20260718225735068CF50E0279CA723407&ply_type=3&policy=eyJ2bSI6MywidWlkIjoiMzEyOTY1MDYwMzg4ODE4NSJ9,已使用,审核通过,首发,8,--,212.14,7906,308,3.9,0.69,26.83,14,15.15,4.55,0,0,0
"	7662605347073572914",0715瑞晨引流-2.mp4,https://video-cn.oceanengine.com/2bb6805a91b14c8770f5cce9965b69c3/6a5e376a/tos-cn-ve-51/d0ad68b878f1468cbca89a6b110e5487?a=1402&ch=0&cr=0&dr=3&cd=0%7C0%7C0%7C0&cv=1&br=1694&bt=1694&cs=0&ds=3&ft=J9ThAGkHH_Myq8Z5BDL_e2NvjTQ&mime_type=video_mp4&qs=0&rc=NXZpTGRTaFBnKWxncmd5aHFsc3IxZGY4ZDo8Nzg2NTs5aGRoaTpkQGkzczNoO286NWo8MzM0NjMzQFNsa3ZpcUQ6amtqXmJmK2BeaWpgYTojM2IuNTBjLl8zMTExMTEvMGEjZ2RwYWFhZmpfYS0tZDAwc3M%3D&btag=80000e00008000&dy_q=1784386656&feature_id=d6a18d7c5414b1f1e95a75faf9147845&l=20260718225735068CF50E0279CA723407&ply_type=3&policy=eyJ2bSI6MywidWlkIjoiMzEyOTY1MDYwMzg4ODE4NSJ9,已使用,审核通过,首发,8,--,251.62,6802,256,3.76,0.98,36.99,9,27.96,3.52,0,0,0
"	7662638633062187046",0714-引流-魏怡-5.mp4,https://video-cn.oceanengine.com/01410d425254c1064e6c367de9c4839a/6a5e3784/tos-cn-ve-51/o4Ous3QI7qaAKm4t5eAKi1USIGlgmBgsQhuYIq?a=1402&ch=0&cr=0&dr=3&cd=0%7C0%7C0%7C0&cv=1&br=753&bt=753&cs=0&ds=3&ft=J9ThAGkHH_Myq8Z5BDL_e2NvjTQ&mime_type=video_mp4&qs=0&rc=NXZpTGRTaFBnKWxncmd5aHFsc3IxZGY2ZDozOGZpZGY1aWVnPDc1QGkzZmk8N286b2w8MzM0NjMzQFNsa3ZpcUQ6amtqXmJmK2BeaWpgYTojYS5fYjFhYV8yMS81MWEtNGEjX15fNmFhL2ZfYS0tZDBhc3M%3D&btag=80000e00018000&dy_q=1784386656&feature_id=d6a18d7c5414b1f1e95a75faf9147845&l=20260718225735068CF50E0279CA723407&ply_type=3&policy=eyJ2bSI6MywidWlkIjoiMzEyOTY1MDYwMzg4ODE4NSJ9,未使用,审核通过,--,6,--,159.3,3138,84,2.68,1.9,50.76,8,19.91,9.52,0,0,0
"	7662705291852939314",0715-引流-魏怡-9.mp4,https://video-cn.oceanengine.com/bf031d871135bd92d6ed92a0bab24801/6a5e3778/tos-cn-ve-51/oEILElztnXjlGAjI4aBEdzg4J1EBQm4WA7ZdQ?a=1402&ch=0&cr=0&dr=3&cd=0%7C0%7C0%7C0&br=1521&bt=1521&cs=0&ds=3&ft=J9ThAGkHH_Myq8Z5BDL_e2NvjTQ&mime_type=video_mp4&qs=0&rc=NXZpTGRTaFBnKWxncmd5aHFsc3IxZGY0ZmVlPGY2ZWg1ZWk1ODg4QGlqOXFmNm86NHA8MzM0NjMzQFNsa3ZpcUQ6amtqXmJmK2BeaWpgYTojYS9hMGEzNTUvMS4vYTFgNmEjMmpycGFhL2BfYS0tZDAvc3M%3D&btag=80000e00010000&dy_q=1784386656&feature_id=d6a18d7c5414b1f1e95a75faf9147845&l=20260718225735068CF50E0279CA723407&ply_type=3&policy=eyJ2bSI6MywidWlkIjoiMzEyOTY1MDYwMzg4ODE4NSJ9,已使用,审核通过,--,1,--,0.58,10,0,0,0,58,0,0,0,0,0,0
"	7662705344263782427",0715-引流-魏怡-4.mp4,https://video-cn.oceanengine.com/1a5780ebf7c45d8584003faec4e6bf4d/6a5e3770/tos-cn-ve-51/okuWWGjDNIGAGCORfaQgCQ1qjfIa2AE2BgNYzV?a=1402&ch=0&cr=0&dr=3&cd=0%7C0%7C0%7C0&br=1590&bt=1590&cs=0&ds=3&ft=J9ThAGkHH_Myq8Z5BDL_e2NvjTQ&mime_type=video_mp4&qs=0&rc=NXZpTGRTaFBnKWxncmd5aHFsc3IxZGY3Ojs7PGdnZTQ3ZWg2aDNnQGkzZTNqaW86NHA8MzM0NjMzQFNsa3ZpcUQ6amtqXmJmK2BeaWpgYTojYTEuM2EvMV5gMWM2MF5iNWEjL2o2ZWFhL2BfYS0tZDAvc3M%3D&btag=80000e00010000&dy_q=1784386656&feature_id=d6a18d7c5414b1f1e95a75faf9147845&l=20260718225735068CF50E0279CA723407&ply_type=3&policy=eyJ2bSI6MywidWlkIjoiMzEyOTY1MDYwMzg4ODE4NSJ9,已使用,审核通过,--,2,--,0.75,11,2,18.18,0.38,68.18,1,0.75,50,0,0,0
"	7662705346276360202",0715-引流-魏怡-10.mp4,https://video-cn.oceanengine.com/f3a7abc50ea69ba1a9537c3aef33114c/6a5e3777/tos-cn-ve-51/oMwGsQzlIuwEmZAdANXQIEOsDnEZFBWjUrtda?a=1402&ch=0&cr=0&dr=3&cd=0%7C0%7C0%7C0&br=1319&bt=1319&cs=0&ds=3&ft=J9ThAGkHH_Myq8Z5BDL_e2NvjTQ&mime_type=video_mp4&qs=0&rc=NXZpTGRTaFBnKWxncmd5aHFsc3IxZGY0NmVnODVoNDZpNzVkNmlnQGkzOGw5ZW86NHA8MzM0NjMzQFNsa3ZpcUQ6amtqXmJmK2BeaWpgYTojLWMzLjA0YzY0MTA0Ll8tY2EjanBhXmFhL2BfYS0tZDAwc3M%3D&btag=80000e00010000&dy_q=1784386656&feature_id=d6a18d7c5414b1f1e95a75faf9147845&l=20260718225735068CF50E0279CA723407&ply_type=3&policy=eyJ2bSI6MywidWlkIjoiMzEyOTY1MDYwMzg4ODE4NSJ9,已使用,审核通过,--,1,--,0.22,5,0,0,0,44,0,0,0,0,0,0
"	7662705380100997146",0715-引流-魏怡-5.mp4,https://video-cn.oceanengine.com/12cbb295a473aae7044fb9693d0c4214/6a5e376e/tos-cn-ve-51/oA1jDlQAQkuIXAEdrQUaW1QzBmA7IRbdZtEqT?a=1402&ch=0&cr=0&dr=3&cd=0%7C0%7C0%7C0&br=1886&bt=1886&cs=0&ds=3&ft=J9ThAGkHH_Myq8Z5BDL_e2NvjTQ&mime_type=video_mp4&qs=0&rc=NXZpTGRTaFBnKWxncmd5aHFsc3IxZGY1NzVmZjUzZDo3aWU1NGZlQGlqdWZkaG86NHA8MzM0NjMzQFNsa3ZpcUQ6amtqXmJmK2BeaWpgYTojYmNiNmE1MDUxMTUtYF9fMGEjbi1pNWFhL2BfYS0tZDBhc3M%3D&btag=80000e00008000&dy_q=1784386656&feature_id=d6a18d7c5414b1f1e95a75faf9147845&l=20260718225735068CF50E0279CA723407&ply_type=3&policy=eyJ2bSI6MywidWlkIjoiMzEyOTY1MDYwMzg4ODE4NSJ9,已使用,审核通过,--,1,--,0.38,16,0,0,0,23.75,0,0,0,0,0,0
"	7662705419853398042",0715-引导-小敏-5.mp4,https://video-cn.oceanengine.com/4476046e2b61d53eb228868102638738/6a5e3777/tos-cn-ve-51/oQAAnCNCEEjQPojUXldIQlI1DzdmWAagZGBCt?a=1402&ch=0&cr=0&dr=3&cd=0%7C0%7C0%7C0&br=735&bt=735&cs=0&ds=3&ft=J9ThAGkHH_Myq8Z5BDL_e2NvjTQ&mime_type=video_mp4&qs=0&rc=NXZpTGRTaFBnKWxncmd5aHFsc3IxZGY7ZDg0Njw3ODZpZDs0NTo5QGkzaXBrO286NnA8MzM0NjMzQFNsa3ZpcUQ6amtqXmJmK2BeaWpgYTojYzYyYDRhNTZhMV41MDQwXmEjLmJoZWFhXmBfYS0tZDAvc3M%3D&btag=80000e00010000&dy_q=1784386656&feature_id=d6a18d7c5414b1f1e95a75faf9147845&l=20260718225735068CF50E0279CA723407&ply_type=3&policy=eyJ2bSI6MywidWlkIjoiMzEyOTY1MDYwMzg4ODE4NSJ9,已使用,审核通过,--,1,--,0.02,1,0,0,0,20,0,0,0,0,0,0
"	7662705450031562779",0715-引导-小敏-7.mp4,https://video-cn.oceanengine.com/0096e1045d7a6b39b17a47831d0b04b4/6a5e376b/tos-cn-ve-51/oMd1UZPldMZzthIGmIAgalJ0QiREOIAgXDWuU?a=1402&ch=0&cr=0&dr=3&cd=0%7C0%7C0%7C0&br=523&bt=523&cs=0&ds=3&ft=J9ThAGkHH_Myq8Z5BDL_e2NvjTQ&mime_type=video_mp4&qs=0&rc=NXZpTGRTaFBnKWxncmd5aHFsc3IxZGZoOzM0Omk4Z2U5NzY1NzQ6QGlqa3g4aG86NnA8MzM0NjMzQFNsa3ZpcUQ6amtqXmJmK2BeaWpgYTojYmEzL2JfYDZgMTJhYDQ1X2EjMV4uMWFhXmBfYS0tZDAvc3M%3D&btag=80000e00008000&dy_q=1784386656&feature_id=d6a18d7c5414b1f1e95a75faf9147845&l=20260718225735068CF50E0279CA723407&ply_type=3&policy=eyJ2bSI6MywidWlkIjoiMzEyOTY1MDYwMzg4ODE4NSJ9,未使用,审核通过,--,1,--,2.62,12,0,0,0,218.33,0,0,0,0,0,0
"	7662705450980376585",0715-引流-魏怡-6.mp4,https://video-cn.oceanengine.com/1314e5e56aa704de4aad7a2cea603070/6a5e3771/tos-cn-ve-51/ogw4m0lXd2AItExMjPEAaZDwzdINVWQIZQdBq?a=1402&ch=0&cr=0&dr=3&cd=0%7C0%7C0%7C0&br=1433&bt=1433&cs=0&ds=3&ft=J9ThAGkHH_Myq8Z5BDL_e2NvjTQ&mime_type=video_mp4&qs=0&rc=NXZpTGRTaFBnKWxncmd5aHFsc3IxZGY0Zzs0M2RlM2VlOTs0OzNlQGkzdzM4ZG86NHA8MzM0NjMzQFNsa3ZpcUQ6amtqXmJmK2BeaWpgYTojYTBfLTQ1MF5jMTY0M2EzMGEjbmxjb2FhL2BfYS0tZDAwc3M%3D&btag=80000e00010000&dy_q=1784386656&feature_id=d6a18d7c5414b1f1e95a75faf9147845&l=20260718225735068CF50E0279CA723407&ply_type=3&policy=eyJ2bSI6MywidWlkIjoiMzEyOTY1MDYwMzg4ODE4NSJ9,已使用,审核通过,--,1,--,0.05,1,0,0,0,50,0,0,0,0,0,0
"	7662705482650484745",0715-引流-魏怡-7.mp4,https://video-cn.oceanengine.com/bb9104e4005d600377ec4fad21405252/6a5e3771/tos-cn-ve-51/osiXETgVRAIvOYJVQ1NqIjBnZ2ANaDSfo2DERf?a=1402&ch=0&cr=0&dr=3&cd=0%7C0%7C0%7C0&br=1496&bt=1496&cs=0&ds=3&ft=J9ThAGkHH_Myq8Z5BDL_e2NvjTQ&mime_type=video_mp4&qs=0&rc=NXZpTGRTaFBnKWxncmd5aHFsc3IxZGY1aWY4OTk4OmQ8OzM1PDs1QGlqbTg0aW86NHA8MzM0NjMzQFNsa3ZpcUQ6amtqXmJmK2BeaWpgYTojYV5gYDAuXzYzMTAtMF9hNmEjZ3IvbmFhL2BfYS0tZDBhc3M%3D&btag=80000e00010000&dy_q=1784386656&feature_id=d6a18d7c5414b1f1e95a75faf9147845&l=20260718225735068CF50E0279CA723407&ply_type=3&policy=eyJ2bSI6MywidWlkIjoiMzEyOTY1MDYwMzg4ODE4NSJ9,已使用,审核通过,--,1,--,0.02,2,1,50,0.02,10,0,0,0,0,0,0
"	7662989656637423654",0715瑞晨引流修改-4.mp4,https://video-cn.oceanengine.com/36c30d3dd23ea8b0066d06835f4fbaa4/6a5e3769/tos-cn-ve-51/owalYIVHaS1ChhTPCUBAQd2TzuyoW0AItQodE?a=1402&ch=0&cr=0&dr=3&cd=0%7C0%7C0%7C0&cv=1&br=2001&bt=2001&cs=0&ds=3&ft=J9ThAGkHH_Myq8Z5BDL_e2NvjTQ&mime_type=video_mp4&qs=0&rc=NXZpTGRTaFBnKWxncmd5aHFsc3IxZGY1Njo6NTk0OTg4NjxmOjQ5QGkzbzkzO286aDk8MzM0NjMzQFNsa3ZpcUQ6amtqXmJmK2BeaWpgYTojM2MuNTIvMTUyMTRiLjQvMmEjNjBkbWFhbmVgYS0tZDBhc3M%3D&btag=80000e00008000&dy_q=1784386656&feature_id=d6a18d7c5414b1f1e95a75faf9147845&l=20260718225735068CF50E0279CA723407&ply_type=3&policy=eyJ2bSI6MywidWlkIjoiMzEyOTY1MDYwMzg4ODE4NSJ9,未使用,审核通过,--,4,--,28.07,859,34,3.96,0.83,32.68,4,7.02,11.76,0,0,0
"	7662989744205479974",0714瑞晨引流修改-15.mp4,https://video-cn.oceanengine.com/fb698c78f27c697d5023bef55c04d7ad/6a5e376d/tos-cn-ve-51/oMNfI7t46ChdmdLYAQaAERLbmK1QaApBCD7Doi?a=1402&ch=0&cr=0&dr=3&cd=0%7C0%7C0%7C0&cv=1&br=1764&bt=1764&cs=0&ds=3&ft=J9ThAGkHH_Myq8Z5BDL_e2NvjTQ&mime_type=video_mp4&qs=0&rc=NXZpTGRTaFBnKWxncmd5aHFsc3IxZGY6OmU5Njg3ODVkMzc0NGYzQGlqdzpqZ286aDk8MzM0NjMzQFNsa3ZpcUQ6amtqXmJmK2BeaWpgYTojYDNiY2I1LjU1MTViXzFiYmEjcXI1ZmFhbmVgYS0tZDAvc3M%3D&btag=80000e00008000&dy_q=1784386656&feature_id=d6a18d7c5414b1f1e95a75faf9147845&l=20260718225735068CF50E0279CA723407&ply_type=3&policy=eyJ2bSI6MywidWlkIjoiMzEyOTY1MDYwMzg4ODE4NSJ9,未使用,审核通过,首发,6,--,76.75,2769,141,5.09,0.54,27.72,3,25.58,2.13,0,0,0
"	7662989766527631387",0714瑞晨引流修改-7.mp4,https://video-cn.oceanengine.com/8e09bf3283d7ee1fd0ee7db2371120c5/6a5e3769/tos-cn-ve-51/owEgA6r0oAQWnQnzauhWltWYaQdIuNCI2Zacx?a=1402&ch=0&cr=0&dr=3&cd=0%7C0%7C0%7C0&cv=1&br=2256&bt=2256&cs=0&ds=3&ft=J9ThAGkHH_Myq8Z5BDL_e2NvjTQ&mime_type=video_mp4&qs=0&rc=NXZpTGRTaFBnKWxncmd5aHFsc3IxZGZmZGRpNDQ0Zmg2Ozo0Ozk8QGkzcDU6Om86aDk8MzM0NjMzQFNsa3ZpcUQ6amtqXmJmK2BeaWpgYTojNmEtLTU0YV82MS8xMy9jMmEjcXEvX2FhbmVgYS0tZDAvc3M%3D&btag=80000e00008000&dy_q=1784386656&feature_id=d6a18d7c5414b1f1e95a75faf9147845&l=20260718225735068CF50E0279CA723407&ply_type=3&policy=eyJ2bSI6MywidWlkIjoiMzEyOTY1MDYwMzg4ODE4NSJ9,未使用,审核通过,--,7,--,235.39,11869,800,6.74,0.29,19.83,12,19.62,1.5,0,0,0
"	7662989817081184266",0715瑞晨引流修改-3.mp4,https://video-cn.oceanengine.com/38ecc692b9859e42d34fb0531c357289/6a5e3783/tos-cn-ve-51/osR9we7AAgB260g6eo13NqIcWQOij0N0Ga8DCE?a=1402&ch=0&cr=0&dr=3&cd=0%7C0%7C0%7C0&br=1739&bt=1739&cs=0&ds=3&ft=J9ThAGkHH_Myq8Z5BDL_e2NvjTQ&mime_type=video_mp4&qs=0&rc=NXZpTGRTaFBnKWxncmd5aHFsc3IxZGY7aDc5aDplN2ZkOjM0ODVnQGkzdXVqaW86aDk8MzM0NjMzQFNsa3ZpcUQ6amtqXmJmK2BeaWpgYTojLy02NjEzMV8zMTAvMS0uYGEjc2hnYmFhbmVgYS0tZDBhc3M%3D&btag=80000e00018000&dy_q=1784386656&feature_id=d6a18d7c5414b1f1e95a75faf9147845&l=20260718225735068CF50E0279CA723407&ply_type=3&policy=eyJ2bSI6MywidWlkIjoiMzEyOTY1MDYwMzg4ODE4NSJ9,未使用,审核通过,--,1,--,25.84,615,21,3.41,1.23,42.02,0,0,0,0,0,0
"	7663055112802025499",0716-浩正引导-1.mp4,https://video-cn.oceanengine.com/1c6ae9dea2d94a724668be5d566fbdc1/6a5e377f/tos-cn-ve-51/o0QQp1cdIAA2Q5aUBFRYI4EQctmvFLkBfh7Ig4?a=1402&ch=0&cr=0&dr=3&cd=0%7C0%7C0%7C0&br=371&bt=371&cs=0&ds=3&ft=J9ThAGkHH_Myq8Z5BDL_e2NvjTQ&mime_type=video_mp4&qs=0&rc=NXZpTGRTaFBnKWxncmd5aHFsc3IxZGZnZWVoaDdkOGU2aWQ1aDQ2QGkzanM6O286ZGQ8MzM0NjMzQFNsa3ZpcUQ6amtqXmJmK2BeaWpgYTojMS5fM2M2YzZjMTUzLjJiLWEjcHIyYmFhLzVgYS0tZDAwc3M%3D&btag=80000e00018000&dy_q=1784386656&feature_id=d6a18d7c5414b1f1e95a75faf9147845&l=20260718225735068CF50E0279CA723407&ply_type=3&policy=eyJ2bSI6MywidWlkIjoiMzEyOTY1MDYwMzg4ODE4NSJ9,未使用,审核通过,--,1,--,0.54,16,0,0,0,33.75,0,0,0,0,0,0
"	7663055144947695643",0714-引导-雅迪-1-改.mp4,https://video-cn.oceanengine.com/b6ff486b4c7509baa7e8f26daa8a6e02/6a5e3781/tos-cn-ve-51/ooxBPG8BmImANhfIQaQg3ma15QOt7gZFAQVISL?a=1402&ch=0&cr=0&dr=3&cd=0%7C0%7C0%7C0&br=841&bt=841&cs=0&ds=3&ft=J9ThAGkHH_Myq8Z5BDL_e2NvjTQ&mime_type=video_mp4&qs=0&rc=NXZpTGRTaFBnKWxncmd5aHFsc3IxZGY4PDhkNjZoO2UzOzU8ZGY5QGlqOmZwO286ZmQ8MzM0NjMzQFNsa3ZpcUQ6amtqXmJmK2BeaWpgYTojNDAxNTUzNV41MS8zYTAyL2EjZy5yNmFhZjVgYS0tZDAwc3M%3D&btag=80000e00018000&dy_q=1784386656&feature_id=d6a18d7c5414b1f1e95a75faf9147845&l=20260718225735068CF50E0279CA723407&ply_type=3&policy=eyJ2bSI6MywidWlkIjoiMzEyOTY1MDYwMzg4ODE4NSJ9,未使用,审核通过,首发,3,--,0.67,16,1,6.25,0.67,41.88,0,0,0,0,0,0
"	7663055198366597171",0716-引流-魏怡-5.mp4,https://video-cn.oceanengine.com/73090617a3af9f636791a58707d7d1b4/6a5e376e/tos-cn-ve-51/o8ILaIHdB7yhEFpfxQ1QtAmYIKmFAoBPpAqCQR?a=1402&ch=0&cr=0&dr=3&cd=0%7C0%7C0%7C0&br=1482&bt=1482&cs=0&ds=3&ft=J9ThAGkHH_Myq8Z5BDL_e2NvjTQ&mime_type=video_mp4&qs=0&rc=NXZpTGRTaFBnKWxncmd5aHFsc3IxZGYzNWg5ZjU8Omg7NTc0NDRmQGlqeTNmNm86aGQ8MzM0NjMzQFNsa3ZpcUQ6amtqXmJmK2BeaWpgYTojYDM0Y18tM19eMTJiYmEzMmEjNC5tcGFhZjVgYS0tZDAvc3M%3D&btag=80000e00010000&dy_q=1784386656&feature_id=d6a18d7c5414b1f1e95a75faf9147845&l=20260718225735068CF50E0279CA723407&ply_type=3&policy=eyJ2bSI6MywidWlkIjoiMzEyOTY1MDYwMzg4ODE4NSJ9,未使用,审核通过,--,1,--,0.55,24,1,4.17,0.55,22.92,0,0,0,0,0,0
"	7663055203151855666",0716-引导-小敏-2.mp4,https://video-cn.oceanengine.com/3c35187a8bb60c89cadece9f6d8050c2/6a5e3769/tos-cn-ve-51/o0rvEILd5dIGpCYQAiaNEsGkxlzOAWBIoKwtA?a=1402&ch=0&cr=0&dr=3&cd=0%7C0%7C0%7C0&br=822&bt=822&cs=0&ds=3&ft=J9ThAGkHH_Myq8Z5BDL_e2NvjTQ&mime_type=video_mp4&qs=0&rc=NXZpTGRTaFBnKWxncmd5aHFsc3IxZGZlaGhkaTppNGZnaDk7ZzVmQGlqOWRsZm86ZWQ8MzM0NjMzQFNsa3ZpcUQ6amtqXmJmK2BeaWpgYTojNGMuYDE1L19fMTAtMDVfNWEjaWQuLWFhLzVgYS0tZDAwc3M%3D&btag=80000e00008000&dy_q=1784386656&feature_id=d6a18d7c5414b1f1e95a75faf9147845&l=20260718225735068CF50E0279CA723407&ply_type=3&policy=eyJ2bSI6MywidWlkIjoiMzEyOTY1MDYwMzg4ODE4NSJ9,未使用,审核通过,--,1,--,1.86,11,0,0,0,169.09,0,0,0,0,0,0
"	7663055225868468274",0714-引导-雅迪-2-改.mp4,https://video-cn.oceanengine.com/b2f87e71ae49c75e2ca505209df48d91/6a5e3773/tos-cn-ve-51/oMS0Q4tVQYIAgBqnBEkAFjMkllopIAqWzdai1?a=1402&ch=0&cr=0&dr=3&cd=0%7C0%7C0%7C0&br=680&bt=680&cs=0&ds=3&ft=J9ThAGkHH_Myq8Z5BDL_e2NvjTQ&mime_type=video_mp4&qs=0&rc=NXZpTGRTaFBnKWxncmd5aHFsc3IxZGY5aTtoZTNoZTxkPGQ2PDo8QGlqb2Q8ZG86ZmQ8MzM0NjMzQFNsa3ZpcUQ6amtqXmJmK2BeaWpgYTojM2A2NWNhL14yMV9eMzJgYWEjZWhebmFhZjVgYS0tZDAvc3M%3D&btag=80000e00010000&dy_q=1784386656&feature_id=d6a18d7c5414b1f1e95a75faf9147845&l=20260718225735068CF50E0279CA723407&ply_type=3&policy=eyJ2bSI6MywidWlkIjoiMzEyOTY1MDYwMzg4ODE4NSJ9,未使用,审核通过,首发,1,--,0.65,12,0,0,0,54.17,0,0,0,0,0,0
"	7663055226732789769",0716-引流-魏怡-10.mp4,https://video-cn.oceanengine.com/669668cd85455941d63f343baa3ec720/6a5e3779/tos-cn-ve-51/o8ihQatqKsjBeregSUUxGmeILL1RNbAsx0CuKA?a=1402&ch=0&cr=0&dr=3&cd=0%7C0%7C0%7C0&br=1795&bt=1795&cs=0&ds=3&ft=J9ThAGkHH_Myq8Z5BDL_e2NvjTQ&mime_type=video_mp4&qs=0&rc=NXZpTGRTaFBnKWxncmd5aHFsc3IxZGZkODRpZDU1aGg3aDk0aTs1QGlqPHJyZ286aGQ8MzM0NjMzQFNsa3ZpcUQ6amtqXmJmK2BeaWpgYTojYzZfMzZjMTU1MS5hMC5iX2Eja3NhYmFhZjVgYS0tZDBhc3M%3D&btag=80000e00010000&dy_q=1784386656&feature_id=d6a18d7c5414b1f1e95a75faf9147845&l=20260718225735068CF50E0279CA723407&ply_type=3&policy=eyJ2bSI6MywidWlkIjoiMzEyOTY1MDYwMzg4ODE4NSJ9,未使用,审核通过,--,1,--,0.16,5,0,0,0,32,0,0,0,0,0,0
"	7663055228426240027",0716-引流-魏怡-1.mp4,https://video-cn.oceanengine.com/04b381ce3dd6c9906b7481d05736c7e3/6a5e3776/tos-cn-ve-51/oAgk3kAHKYtEzIQcFE1OzWMq7QGlpdIaAisA2?a=1402&ch=0&cr=0&dr=3&cd=0%7C0%7C0%7C0&br=1441&bt=1441&cs=0&ds=3&ft=J9ThAGkHH_Myq8Z5BDL_e2NvjTQ&mime_type=video_mp4&qs=0&rc=NXZpTGRTaFBnKWxncmd5aHFsc3IxZGY1ZzpoNTszNzY3ODQ8PDRkQGlqdmp2ZG86aGQ8MzM0NjMzQFNsa3ZpcUQ6amtqXmJmK2BeaWpgYTojMV42LV8wYDY2MTAwXzI2NmEjcWhxMGFhZjVgYS0tZDAvc3M%3D&btag=80000e00010000&dy_q=1784386656&feature_id=d6a18d7c5414b1f1e95a75faf9147845&l=20260718225735068CF50E0279CA723407&ply_type=3&policy=eyJ2bSI6MywidWlkIjoiMzEyOTY1MDYwMzg4ODE4NSJ9,未使用,审核通过,--,1,--,0.62,21,0,0,0,29.52,0,0,0,0,0,0
"	7663055229525753882",0716-引导-魏怡-4.mp4,https://video-cn.oceanengine.com/9c4650e71393b76e9c82816ea50e915f/6a5e3774/tos-cn-ve-51/ogexyeAsjAQWXhiagqbUOMCmStBG1GMH5UIIft?a=1402&ch=0&cr=0&dr=3&cd=0%7C0%7C0%7C0&br=1661&bt=1661&cs=0&ds=3&ft=J9ThAGkHH_Myq8Z5BDL_e2NvjTQ&mime_type=video_mp4&qs=0&rc=NXZpTGRTaFBnKWxncmd5aHFsc3IxZGY6OzY6OzRpZDNmaDg8NDQ5QGlqeXhsZ286aGQ8MzM0NjMzQFNsa3ZpcUQ6amtqXmJmK2BeaWpgYTojNmA2MzJeYjU1MTEvYjMtMmEjNjBia2FhXjVgYS0tZDAwc3M%3D&btag=80000e00010000&dy_q=1784386656&feature_id=d6a18d7c5414b1f1e95a75faf9147845&l=20260718225735068CF50E0279CA723407&ply_type=3&policy=eyJ2bSI6MywidWlkIjoiMzEyOTY1MDYwMzg4ODE4NSJ9,未使用,审核通过,--,1,--,0.07,4,0,0,0,17.5,0,0,0,0,0,0
"	7663055246740127782",0716-引流-魏怡-3.mp4,https://video-cn.oceanengine.com/e8147a4bbde5af87cbaeb52cda0b2e58/6a5e3771/tos-cn-ve-51/owmALVdAhFWayAI0QDSmGdIIBfgtYp71QICEUF?a=1402&ch=0&cr=0&dr=3&cd=0%7C0%7C0%7C0&br=1559&bt=1559&cs=0&ds=3&ft=J9ThAGkHH_Myq8Z5BDL_e2NvjTQ&mime_type=video_mp4&qs=0&rc=NXZpTGRTaFBnKWxncmd5aHFsc3IxZGY4ZTM0OWk8OTdoNWY0aGloQGkzeWY2N286aGQ8MzM0NjMzQFNsa3ZpcUQ6amtqXmJmK2BeaWpgYTojYGIuXy01YjZeMS4vNjMzXmEjLmhpLWFhZjVgYS0tZDBhc3M%3D&btag=80000e00010000&dy_q=1784386656&feature_id=d6a18d7c5414b1f1e95a75faf9147845&l=20260718225735068CF50E0279CA723407&ply_type=3&policy=eyJ2bSI6MywidWlkIjoiMzEyOTY1MDYwMzg4ODE4NSJ9,未使用,审核通过,--,1,--,0.08,3,0,0,0,26.67,0,0,0,0,0,0
"	7663055254678781990",0716-引流-魏怡-8.mp4,https://video-cn.oceanengine.com/85ac4b29727fd2e0e55422e176e379c3/6a5e376d/tos-cn-ve-51/ocaOpQbUbIWzqqELlIFWQgBitUGXBDdYAvKAk?a=1402&ch=0&cr=0&dr=3&cd=0%7C0%7C0%7C0&br=1995&bt=1995&cs=0&ds=3&ft=J9ThAGkHH_Myq8Z5BDL_e2NvjTQ&mime_type=video_mp4&qs=0&rc=NXZpTGRTaFBnKWxncmd5aHFsc3IxZGZkODw2PDYzaDpmOTo8NWc2QGkzZDg4ZG86aGQ8MzM0NjMzQFNsa3ZpcUQ6amtqXmJmK2BeaWpgYTojYS0tXmEtMl4xMWIwYTMwMWEjMGMtX2FhXjVgYS0tZDAvc3M%3D&btag=80000e00008000&dy_q=1784386656&feature_id=d6a18d7c5414b1f1e95a75faf9147845&l=20260718225735068CF50E0279CA723407&ply_type=3&policy=eyJ2bSI6MywidWlkIjoiMzEyOTY1MDYwMzg4ODE4NSJ9,未使用,审核通过,--,1,--,0.82,16,0,0,0,51.25,0,0,0,0,0,0
"	7663055258714243123",0716-引流-魏怡-6.mp4,https://video-cn.oceanengine.com/4708d32fe3bb64339df752e249450d5f/6a5e376e/tos-cn-ve-51/oIAuId71glIZAptgkQnaYwzQhNliZO8wCEWUF?a=1402&ch=0&cr=0&dr=3&cd=0%7C0%7C0%7C0&br=1418&bt=1418&cs=0&ds=3&ft=J9ThAGkHH_Myq8Z5BDL_e2NvjTQ&mime_type=video_mp4&qs=0&rc=NXZpTGRTaFBnKWxncmd5aHFsc3IxZGZkM2dpNTc0NzxpM2ZlNzNkQGkzajloaG86aGQ8MzM0NjMzQFNsa3ZpcUQ6amtqXmJmK2BeaWpgYTojNTQxMDNhYF9fMS0uX2FfNmEjci5vbGFhXjVgYS0tZDAvc3M%3D&btag=80000e00010000&dy_q=1784386656&feature_id=d6a18d7c5414b1f1e95a75faf9147845&l=20260718225735068CF50E0279CA723407&ply_type=3&policy=eyJ2bSI6MywidWlkIjoiMzEyOTY1MDYwMzg4ODE4NSJ9,未使用,审核通过,首发,1,--,0.02,2,0,0,0,10,0,0,0,0,0,0
"	7663055260098527241",0715-引流-魏怡-7.mp4,https://video-cn.oceanengine.com/632e06361f35d65e5da02031f42e279c/6a5e3771/tos-cn-ve-51/osuUAWODi1tgFY5lkaslEQKIAdHplcAzGzIQq?a=1402&ch=0&cr=0&dr=3&cd=0%7C0%7C0%7C0&br=1375&bt=1375&cs=0&ds=3&ft=J9ThAGkHH_Myq8Z5BDL_e2NvjTQ&mime_type=video_mp4&qs=0&rc=NXZpTGRTaFBnKWxncmd5aHFsc3IxZGZkZjhmOmZkZjhkOzU3NmZmQGlqdmp2ZG86aGQ8MzM0NjMzQFNsa3ZpcUQ6amtqXmJmK2BeaWpgYTojYTA0Nl5iMjZhMTVgNDNjY2EjcGhxMGFhXjVgYS0tZDAvc3M%3D&btag=80000e00010000&dy_q=1784386656&feature_id=d6a18d7c5414b1f1e95a75faf9147845&l=20260718225735068CF50E0279CA723407&ply_type=3&policy=eyJ2bSI6MywidWlkIjoiMzEyOTY1MDYwMzg4ODE4NSJ9,未使用,审核通过,--,1,--,0.72,20,0,0,0,36,0,0,0,0,0,0
"	7663055279933472777",0716-引流-魏怡-9.mp4,https://video-cn.oceanengine.com/ecb8af7bbe4ec3aee9bd06bac53a3ff3/6a5e3772/tos-cn-ve-51/oodM7fdLQINmAIWG1DEp1LtCBwgYhFIpALQKaG?a=1402&ch=0&cr=0&dr=3&cd=0%7C0%7C0%7C0&br=1357&bt=1357&cs=0&ds=3&ft=J9ThAGkHH_Myq8Z5BDL_e2NvjTQ&mime_type=video_mp4&qs=0&rc=NXZpTGRTaFBnKWxncmd5aHFsc3IxZGZkMzU3PDNoOjM8OTY0NzY2QGkzZXV3OW86aGQ8MzM0NjMzQFNsa3ZpcUQ6amtqXmJmK2BeaWpgYTojLi0uMjU1MF5fMTMtNGFeYmEjMi1ec2FhZjVgYS0tZDAwc3M%3D&btag=80000e00010000&dy_q=1784386656&feature_id=d6a18d7c5414b1f1e95a75faf9147845&l=20260718225735068CF50E0279CA723407&ply_type=3&policy=eyJ2bSI6MywidWlkIjoiMzEyOTY1MDYwMzg4ODE4NSJ9,未使用,审核通过,--,1,--,0.71,9,0,0,0,78.89,0,0,0,0,0,0
"	7663055315891503114",0716-引流-魏怡-2.mp4,https://video-cn.oceanengine.com/e49e698bdbd188c547e3b55b03278d5b/6a5e3773/tos-cn-ve-51/oYgviUNG0CUKeAbYeMRAV1tBhkqJ3sAfjj40Wa?a=1402&ch=0&cr=0&dr=3&cd=0%7C0%7C0%7C0&br=1149&bt=1149&cs=0&ds=3&ft=J9ThAGkHH_Myq8Z5BDL_e2NvjTQ&mime_type=video_mp4&qs=0&rc=NXZpTGRTaFBnKWxncmd5aHFsc3IxZGY7NTQ4ZDw6Z2Y3NzU6ODdlQGkzd2ZnaW86aGQ8MzM0NjMzQFNsa3ZpcUQ6amtqXmJmK2BeaWpgYTojLl40XzI0YzYxMTYwNjZfY2EjczNkaGFhZjVgYS0tZDBhc3M%3D&btag=80000e00010000&dy_q=1784386656&feature_id=d6a18d7c5414b1f1e95a75faf9147845&l=20260718225735068CF50E0279CA723407&ply_type=3&policy=eyJ2bSI6MywidWlkIjoiMzEyOTY1MDYwMzg4ODE4NSJ9,未使用,审核通过,--,1,--,0.6,15,1,6.67,0.6,40,0,0,0,0,0,0
"	7663465010937724969",0717-引导-小敏-4.mp4,https://video-cn.oceanengine.com/afe9399e5753e98d8936338c566860bc/6a5e3772/tos-cn-ve-51/o4YMigCU1yAqP8w0ABt7QxakBLAmJe9IQYo5hQ?a=1402&ch=0&cr=0&dr=3&cd=0%7C0%7C0%7C0&br=652&bt=652&cs=0&ds=3&ft=J9ThAGkHH_Myq8Z5BDL_e2NvjTQ&mime_type=video_mp4&qs=0&rc=NXZpTGRTaFBnKWxncmd5aHFsc3IxZGZoNjxoM2loNWZpPDVmaTQ2QGkzeDQ2M286bDQ8MzM0NjMzQFNsa3ZpcUQ6amtqXmJmK2BeaWpgYTojY2MuMjFhL140MV8vYDIuYGEjMm0wamFhXmVhYS0tZDAvc3M%3D&btag=80000200010000&dy_q=1784386656&feature_id=d6a18d7c5414b1f1e95a75faf9147845&l=20260718225735068CF50E0279CA723407&ply_type=3&policy=eyJ2bSI6MywidWlkIjoiMzEyOTY1MDYwMzg4ODE4NSJ9,未使用,审核不通过,--,1,--,0,0,0,0,0,0,0,0,0,0,0,0
"	7663465010145067049",0717-引导-嘉丽-3.mp4,https://video-cn.oceanengine.com/53b654ae929b96d86deca17c9b92aae8/6a5e3773/tos-cn-ve-51/o4BWATEyviA0YGIQQIlWyC5RUpj7o5dtcaazd?a=1402&ch=0&cr=0&dr=3&cd=0%7C0%7C0%7C0&br=652&bt=652&cs=0&ds=3&ft=J9ThAGkHH_Myq8Z5BDL_e2NvjTQ&mime_type=video_mp4&qs=0&rc=NXZpTGRTaFBnKWxncmd5aHFsc3IxZGY4OTQ5aDM8aDRkPGc5ODtmQGkzbDpqaW86bDQ8MzM0NjMzQFNsa3ZpcUQ6amtqXmJmK2BeaWpgYTojMTUxXjYzXl4vMWIwMDQyNmEjYjZpYmFhXmVhYS0tZDBhc3M%3D&btag=80000200010000&dy_q=1784386656&feature_id=d6a18d7c5414b1f1e95a75faf9147845&l=20260718225735068CF50E0279CA723407&ply_type=3&policy=eyJ2bSI6MywidWlkIjoiMzEyOTY1MDYwMzg4ODE4NSJ9,未使用,审核不通过,--,1,--,0,0,0,0,0,0,0,0,0,0,0,0
"	7663464931710550079",0717-引导-小敏-1.mp4,https://video-cn.oceanengine.com/75d7ca00742c513b36ed5ec94bf4ef8f/6a5e3772/tos-cn-ve-51/okCYQIeragV1tUyBka7GQcITLAmEDbZQdQmMxA?a=1402&ch=0&cr=0&dr=3&cd=0%7C0%7C0%7C0&br=1049&bt=1049&cs=0&ds=3&ft=J9ThAGkHH_Myq8Z5BDL_e2NvjTQ&mime_type=video_mp4&qs=0&rc=NXZpTGRTaFBnKWxncmd5aHFsc3IxZGY5PDRpaDY7ZWQ2aGc1ZmU6QGlqeDd3aG86bDQ8MzM0NjMzQFNsa3ZpcUQ6amtqXmJmK2BeaWpgYTojXzEuMTBfL14uMWI2NjEwYWEjYW1jZGFhL2VhYS0tZDBhc3M%3D&btag=80000200010000&dy_q=1784386656&feature_id=d6a18d7c5414b1f1e95a75faf9147845&l=20260718225735068CF50E0279CA723407&ply_type=3&policy=eyJ2bSI6MywidWlkIjoiMzEyOTY1MDYwMzg4ODE4NSJ9,未使用,审核不通过,--,1,--,0,0,0,0,0,0,0,0,0,0,0,0
"	7663465049147473962",0717-引导-嘉丽-2.mp4,https://video-cn.oceanengine.com/a5547b9b8db9fb2377a4bf86208f8735/6a5e3774/tos-cn-ve-51/ooURINQWaElzAtZACyYR9AEPahlQIwoCAGdGG?a=1402&ch=0&cr=0&dr=3&cd=0%7C0%7C0%7C0&br=796&bt=796&cs=0&ds=3&ft=J9ThAGkHH_Myq8Z5BDL_e2NvjTQ&mime_type=video_mp4&qs=0&rc=NXZpTGRTaFBnKWxncmd5aHFsc3IxZGZmZzg7ZWRoZmdmPDU0PDk7QGkzaTc5NG86bDQ8MzM0NjMzQFNsa3ZpcUQ6amtqXmJmK2BeaWpgYTojLTZeNTVfXzYyMWIuMDBgNmEjMC1eXmFhL2VhYS0tZDAwc3M%3D&btag=80000200010000&dy_q=1784386656&feature_id=d6a18d7c5414b1f1e95a75faf9147845&l=20260718225735068CF50E0279CA723407&ply_type=3&policy=eyJ2bSI6MywidWlkIjoiMzEyOTY1MDYwMzg4ODE4NSJ9,未使用,审核不通过,--,1,--,0,0,0,0,0,0,0,0,0,0,0,0
"	7663465019666415622",0717-瑞晨引流-7.mp4,https://video-cn.oceanengine.com/747330991c913ea59ab9b69ff31b0a20/6a5e376d/tos-cn-ve-51/b151ef66977e48e29fb1bbcaf5293c8e?a=1402&ch=0&cr=0&dr=3&cd=0%7C0%7C0%7C0&br=1092&bt=1092&cs=0&ds=3&ft=J9ThAGkHH_Myq8Z5BDL_e2NvjTQ&mime_type=video_mp4&qs=0&rc=NXZpTGRTaFBnKWxncmd5aHFsc3IxZGZoOzloNmVnNGg2ZzQ6aTxlQGkzcW9oNm86azQ8MzM0NjMzQFNsa3ZpcUQ6amtqXmJmK2BeaWpgYTojNmMuXzAvMF8xMTI2Yy1eLWEjMmBlMGFhbmVhYS0tZDAwc3M%3D&btag=80000200008000&dy_q=1784386656&feature_id=d6a18d7c5414b1f1e95a75faf9147845&l=20260718225735068CF50E0279CA723407&ply_type=3&policy=eyJ2bSI6MywidWlkIjoiMzEyOTY1MDYwMzg4ODE4NSJ9,未使用,审核不通过,--,1,--,0,0,0,0,0,0,0,0,0,0,0,0
"	7663465017547587620",0717-引导-嘉丽-5.mp4,https://video-cn.oceanengine.com/aeb54acaf047543c96f09ee3debc565b/6a5e3772/tos-cn-ve-51/osA0lrGaAYDGxOUPtPIMcQS1TE9TdJGQIazoW?a=1402&ch=0&cr=0&dr=3&cd=0%7C0%7C0%7C0&br=1535&bt=1535&cs=0&ds=3&ft=J9ThAGkHH_Myq8Z5BDL_e2NvjTQ&mime_type=video_mp4&qs=0&rc=NXZpTGRTaFBnKWxncmd5aHFsc3IxZGY7ZjUzOmU7NmczOjloPGk4QGkzd3NsZW86azQ8MzM0NjMzQFNsa3ZpcUQ6amtqXmJmK2BeaWpgYTojY2AuMS5eNDVeMTAzLTQ1L2EjXjQ1NGFhbmVhYS0tZDBhc3M%3D&btag=80000e00010000&dy_q=1784386656&feature_id=d6a18d7c5414b1f1e95a75faf9147845&l=20260718225735068CF50E0279CA723407&ply_type=3&policy=eyJ2bSI6MywidWlkIjoiMzEyOTY1MDYwMzg4ODE4NSJ9,未使用,审核通过,--,1,--,0,0,0,0,0,0,0,0,0,0,0,0
"	7663464995961847844",0717-瑞晨引流-4.mp4,https://video-cn.oceanengine.com/4337659fa03e31a07e66fe4b58ab63a7/6a5e376f/tos-cn-ve-51/oUfEgBWIMaCGAtqnrahIDS2Ca1fRRRAJNQBjZD?a=1402&ch=0&cr=0&dr=3&cd=0%7C0%7C0%7C0&br=1049&bt=1049&cs=0&ds=3&ft=J9ThAGkHH_Myq8Z5BDL_e2NvjTQ&mime_type=video_mp4&qs=0&rc=NXZpTGRTaFBnKWxncmd5aHFsc3IxZGZkNTs1aDxoOTc4Omk6ODlnQGlqPG84aW86bDQ8MzM0NjMzQFNsa3ZpcUQ6amtqXmJmK2BeaWpgYTojMTI0NWA0Y140MV5fLy4uYmEjZ3JhZ2FhL2VhYS0tZDAwc3M%3D&btag=80000e00010000&dy_q=1784386656&feature_id=d6a18d7c5414b1f1e95a75faf9147845&l=20260718225735068CF50E0279CA723407&ply_type=3&policy=eyJ2bSI6MywidWlkIjoiMzEyOTY1MDYwMzg4ODE4NSJ9,未使用,审核通过,--,1,--,0,0,0,0,0,0,0,0,0,0,0,0
"	7663464993653735443",0717-引导-嘉丽-1.mp4,https://video-cn.oceanengine.com/4022db5599e679b0d729c06b8eb597da/6a5e3770/tos-cn-ve-51/1af02e2d2cf944aaa1955585e736fe42?a=1402&ch=0&cr=0&dr=3&cd=0%7C0%7C0%7C0&br=1085&bt=1085&cs=0&ds=3&ft=J9ThAGkHH_Myq8Z5BDL_e2NvjTQ&mime_type=video_mp4&qs=0&rc=NXZpTGRTaFBnKWxncmd5aHFsc3IxZGY3OGczZWRlOmY3ZWczPDZmQGkzOGo7OG86azQ8MzM0NjMzQFNsa3ZpcUQ6amtqXmJmK2BeaWpgYTojNDYxYmNiMTY0MS9fXjFgX2EjMWNycmFhbmVhYS0tZDAvc3M%3D&btag=80000200010000&dy_q=1784386656&feature_id=d6a18d7c5414b1f1e95a75faf9147845&l=20260718225735068CF50E0279CA723407&ply_type=3&policy=eyJ2bSI6MywidWlkIjoiMzEyOTY1MDYwMzg4ODE4NSJ9,未使用,审核不通过,--,1,--,0,0,0,0,0,0,0,0,0,0,0,0
"	7663464993518927908",0717-引导-小敏-2.mp4,https://video-cn.oceanengine.com/121cbada8c15e18206a6d7e56841a4f7/6a5e376d/tos-cn-ve-51/b4d382f232654aeb840e41457db101a5?a=1402&ch=0&cr=0&dr=3&cd=0%7C0%7C0%7C0&br=539&bt=539&cs=0&ds=3&ft=J9ThAGkHH_Myq8Z5BDL_e2NvjTQ&mime_type=video_mp4&qs=0&rc=NXZpTGRTaFBnKWxncmd5aHFsc3IxZGZkNGVlOzg8ZWczO2U2aTs1QGlqZWZnZm86bDQ8MzM0NjMzQFNsa3ZpcUQ6amtqXmJmK2BeaWpgYTojMS0yMy0zLV5eMTUzYF5fX2EjcS1kbmFhL2VhYS0tZDBhc3M%3D&btag=80000200008000&dy_q=1784386656&feature_id=d6a18d7c5414b1f1e95a75faf9147845&l=20260718225735068CF50E0279CA723407&ply_type=3&policy=eyJ2bSI6MywidWlkIjoiMzEyOTY1MDYwMzg4ODE4NSJ9,未使用,审核不通过,--,1,--,0,0,0,0,0,0,0,0,0,0,0,0
"	7663464953572360198",0717-引导-小敏-3.mp4,https://video-cn.oceanengine.com/158a11b759d2361d278c2a7142364386/6a5e376d/tos-cn-ve-51/oI3ltdyWMIpTaANIR0Qqo2OBIQ9saEzYAtEdG?a=1402&ch=0&cr=0&dr=3&cd=0%7C0%7C0%7C0&br=697&bt=697&cs=0&ds=3&ft=J9ThAGkHH_Myq8Z5BDL_e2NvjTQ&mime_type=video_mp4&qs=0&rc=NXZpTGRTaFBnKWxncmd5aHFsc3IxZGY1NWY3ZGloZmQzOmc6Zjc6QGkzcG5nZ286bDQ8MzM0NjMzQFNsa3ZpcUQ6amtqXmJmK2BeaWpgYTojMS5iYjM0X18uMWM2X2JiMGEjaW0uamFhL2VhYS0tZDBhc3M%3D&btag=80000200008000&dy_q=1784386656&feature_id=d6a18d7c5414b1f1e95a75faf9147845&l=20260718225735068CF50E0279CA723407&ply_type=3&policy=eyJ2bSI6MywidWlkIjoiMzEyOTY1MDYwMzg4ODE4NSJ9,未使用,审核不通过,--,1,--,0,0,0,0,0,0,0,0,0,0,0,0
"	7663464951878451243",0717-引导-小敏-5.mp4,https://video-cn.oceanengine.com/90b788f8d534b24623238ee8e05af2d0/6a5e376e/tos-cn-ve-51/osaIxWazRQEyAxAwnkdGxrWYLoQB1QSaI0ctl?a=1402&ch=0&cr=0&dr=3&cd=0%7C0%7C0%7C0&br=781&bt=781&cs=0&ds=3&ft=J9ThAGkHH_Myq8Z5BDL_e2NvjTQ&mime_type=video_mp4&qs=0&rc=NXZpTGRTaFBnKWxncmd5aHFsc3IxZGY6Zzo8Mzw1NDs3aWc3NjloQGlqN3k5ZW86azQ8MzM0NjMzQFNsa3ZpcUQ6amtqXmJmK2BeaWpgYTojMGMvYTUtLl8uMS0uMGM1M2EjbjJoNmFhbmVhYS0tZDAwc3M%3D&btag=80000200008000&dy_q=1784386656&feature_id=d6a18d7c5414b1f1e95a75faf9147845&l=20260718225735068CF50E0279CA723407&ply_type=3&policy=eyJ2bSI6MywidWlkIjoiMzEyOTY1MDYwMzg4ODE4NSJ9,未使用,审核不通过,--,1,--,0,0,0,0,0,0,0,0,0,0,0,0
"	7663464950016114724",0717-瑞晨引流-1.mp4,https://video-cn.oceanengine.com/89e7e67ac1eaea9dfa5e0dbda2ffdd6c/6a5e376f/tos-cn-ve-51/ok1qQ0ABAa7uVQqrYMfAotiRxgmMjIFRmQLlcc?a=1402&ch=0&cr=0&dr=3&cd=0%7C0%7C0%7C0&br=461&bt=461&cs=0&ds=3&ft=J9ThAGkHH_Myq8Z5BDL_e2NvjTQ&mime_type=video_mp4&qs=0&rc=NXZpTGRTaFBnKWxncmd5aHFsc3IxZGY5aDo8ODxlOTc4OmhnMzo8QGkzM2Q7O286azQ8MzM0NjMzQFNsa3ZpcUQ6amtqXmJmK2BeaWpgYTojL2BfMTU0LjZgMWJfXjNhMmEjM2lqaGFhbmVhYS0tZDBhc3M%3D&btag=80000200010000&dy_q=1784386656&feature_id=d6a18d7c5414b1f1e95a75faf9147845&l=20260718225735068CF50E0279CA723407&ply_type=3&policy=eyJ2bSI6MywidWlkIjoiMzEyOTY1MDYwMzg4ODE4NSJ9,未使用,审核不通过,--,1,--,0,0,0,0,0,0,0,0,0,0,0,0
"	7663464949721645099",0717-瑞晨引流-10.mp4,https://video-cn.oceanengine.com/bacbb19fa53e366b0e2f3f6880b31f01/6a5e3775/tos-cn-ve-51/oECHQctFQaITgBq7ZE0AR7xYzluGIAtWzdaoW?a=1402&ch=0&cr=0&dr=3&cd=0%7C0%7C0%7C0&br=722&bt=722&cs=0&ds=3&ft=J9ThAGkHH_Myq8Z5BDL_e2NvjTQ&mime_type=video_mp4&qs=0&rc=NXZpTGRTaFBnKWxncmd5aHFsc3IxZGY7OTRlZjo3aDU1Mzc4NWg3QGlqOGR2ZG86azQ8MzM0NjMzQFNsa3ZpcUQ6amtqXmJmK2BeaWpgYTojNC0uLzYyXjVhMTI0MTQvXmEjcW5sMGFhbmVhYS0tZDAvc3M%3D&btag=80000200010000&dy_q=1784386656&feature_id=d6a18d7c5414b1f1e95a75faf9147845&l=20260718225735068CF50E0279CA723407&ply_type=3&policy=eyJ2bSI6MywidWlkIjoiMzEyOTY1MDYwMzg4ODE4NSJ9,未使用,审核不通过,--,1,--,0,0,0,0,0,0,0,0,0,0,0,0
"	7663464941391282217",0717-瑞晨引流-8.mp4,https://video-cn.oceanengine.com/467a5f90e338cfd486952a57489fd38c/6a5e376d/tos-cn-ve-51/oQQtIBaaARXYRVlsgnWA2lFYIXQRGokEz0dNx?a=1402&ch=0&cr=0&dr=3&cd=0%7C0%7C0%7C0&br=976&bt=976&cs=0&ds=3&ft=J9ThAGkHH_Myq8Z5BDL_e2NvjTQ&mime_type=video_mp4&qs=0&rc=NXZpTGRTaFBnKWxncmd5aHFsc3IxZGZkO2c4OztpOzg3NjpkOzRpQGlqOGs4OG86azQ8MzM0NjMzQFNsa3ZpcUQ6amtqXmJmK2BeaWpgYTojMzQtYjY2YF8wMWEwMzEzX2EjNWJwamFhbmVhYS0tZDAvc3M%3D&btag=80000200008000&dy_q=1784386656&feature_id=d6a18d7c5414b1f1e95a75faf9147845&l=20260718225735068CF50E0279CA723407&ply_type=3&policy=eyJ2bSI6MywidWlkIjoiMzEyOTY1MDYwMzg4ODE4NSJ9,未使用,审核不通过,--,1,--,0,0,0,0,0,0,0,0,0,0,0,0
"	7663464941266190379",0717-引导-嘉丽-4.mp4,https://video-cn.oceanengine.com/70db385e933eff27a8e70a9986e7db5c/6a5e376e/tos-cn-ve-51/oEazEIAly2UguY3doGNaPQAUQRW1toWuEBIhJ?a=1402&ch=0&cr=0&dr=3&cd=0%7C0%7C0%7C0&br=1086&bt=1086&cs=0&ds=3&ft=J9ThAGkHH_Myq8Z5BDL_e2NvjTQ&mime_type=video_mp4&qs=0&rc=NXZpTGRTaFBnKWxncmd5aHFsc3IxZGY6NDw0Nzs2NTdkNjtnZmkzQGlqcWpkaG86bDQ8MzM0NjMzQFNsa3ZpcUQ6amtqXmJmK2BeaWpgYTojXjQ1Xi8uMV9hMV9jYDItMGEjNG8va2FhL2VhYS0tZDAvc3M%3D&btag=80000200008000&dy_q=1784386656&feature_id=d6a18d7c5414b1f1e95a75faf9147845&l=20260718225735068CF50E0279CA723407&ply_type=3&policy=eyJ2bSI6MywidWlkIjoiMzEyOTY1MDYwMzg4ODE4NSJ9,未使用,审核不通过,--,1,--,0,0,0,0,0,0,0,0,0,0,0,0
"	7663464940309512235",0717-瑞晨引流-3.mp4,https://video-cn.oceanengine.com/5804e6e8869687e604961bc3e337d7fe/6a5e376f/tos-cn-ve-51/osxAoz0S4YQRKEIlKAIBdaa1TQRzaxJGgtmtW?a=1402&ch=0&cr=0&dr=3&cd=0%7C0%7C0%7C0&br=601&bt=601&cs=0&ds=3&ft=J9ThAGkHH_Myq8Z5BDL_e2NvjTQ&mime_type=video_mp4&qs=0&rc=NXZpTGRTaFBnKWxncmd5aHFsc3IxZGY8NjQ5Zmg4aTxkZzY5PGdnQGkzZGluZ286azQ8MzM0NjMzQFNsa3ZpcUQ6amtqXmJmK2BeaWpgYTojMDUuXzQ1YjUwMS5iLWNiNWEjYV5mbWFhbmVhYS0tZDAvc3M%3D&btag=80000e00010000&dy_q=1784386656&feature_id=d6a18d7c5414b1f1e95a75faf9147845&l=20260718225735068CF50E0279CA723407&ply_type=3&policy=eyJ2bSI6MywidWlkIjoiMzEyOTY1MDYwMzg4ODE4NSJ9,未使用,审核通过,--,1,--,0,0,0,0,0,0,0,0,0,0,0,0
"	7663464935540654116",0717-瑞晨引流-2.mp4,https://video-cn.oceanengine.com/459f6f2d8a9a115067e017a0946c869c/6a5e376f/tos-cn-ve-51/oIltAauE0RQ65IGW91BosIAUwzdtYxOVYaoCA?a=1402&ch=0&cr=0&dr=3&cd=0%7C0%7C0%7C0&br=481&bt=481&cs=0&ds=3&ft=J9ThAGkHH_Myq8Z5BDL_e2NvjTQ&mime_type=video_mp4&qs=0&rc=NXZpTGRTaFBnKWxncmd5aHFsc3IxZGZlaDg2NTU5NjdnOGg5Ojs1QGkzNDc4aG86azQ8MzM0NjMzQFNsa3ZpcUQ6amtqXmJmK2BeaWpgYTojLy8zXzMyNTY1MTExMDIzMmEjLTFjaGFhbmVhYS0tZDAwc3M%3D&btag=80000200010000&dy_q=1784386656&feature_id=d6a18d7c5414b1f1e95a75faf9147845&l=20260718225735068CF50E0279CA723407&ply_type=3&policy=eyJ2bSI6MywidWlkIjoiMzEyOTY1MDYwMzg4ODE4NSJ9,未使用,审核不通过,--,1,--,0,0,0,0,0,0,0,0,0,0,0,0
"	7663464914388238378",0717-瑞晨引流-5.mp4,https://video-cn.oceanengine.com/e0bd85ce78f6d7eac50d0dd5559b0e97/6a5e376f/tos-cn-ve-51/oEMoMFtJTaIIQlvxtE0ARSxY2lvGIAGWzdao1?a=1402&ch=0&cr=0&dr=3&cd=0%7C0%7C0%7C0&br=405&bt=405&cs=0&ds=3&ft=J9ThAGkHH_Myq8Z5BDL_e2NvjTQ&mime_type=video_mp4&qs=0&rc=NXZpTGRTaFBnKWxncmd5aHFsc3IxZGZlOWU6ZTs3ZjxkZTk6ODs7QGkzPGpnaW86azQ8MzM0NjMzQFNsa3ZpcUQ6amtqXmJmK2BeaWpgYTojNmNeYGNfY18uMS82XmMyM2EjNmBlaGFhbmVhYS0tZDBhc3M%3D&btag=80000200010000&dy_q=1784386656&feature_id=d6a18d7c5414b1f1e95a75faf9147845&l=20260718225735068CF50E0279CA723407&ply_type=3&policy=eyJ2bSI6MywidWlkIjoiMzEyOTY1MDYwMzg4ODE4NSJ9,未使用,审核不通过,--,1,--,0,0,0,0,0,0,0,0,0,0,0,0
"	7663464879739568147",0717-瑞晨引流-9.mp4,https://video-cn.oceanengine.com/53a45eeddb5424a62a3170b212970809/6a5e3769/tos-cn-ve-51/oYIaalGBd02WoAtEAo8swzAxYIncQxnc5RPMQ?a=1402&ch=0&cr=0&dr=3&cd=0%7C0%7C0%7C0&br=1034&bt=1034&cs=0&ds=3&ft=J9ThAGkHH_Myq8Z5BDL_e2NvjTQ&mime_type=video_mp4&qs=0&rc=NXZpTGRTaFBnKWxncmd5aHFsc3IxZGZlZGVmZDVoaDxkZWU5OGg1QGkzOmo6O286azQ8MzM0NjMzQFNsa3ZpcUQ6amtqXmJmK2BeaWpgYTojYi1iMC0uMl5hMV9fNTJfYGEjanM0YmFhbmVhYS0tZDAwc3M%3D&btag=80000200008000&dy_q=1784386656&feature_id=d6a18d7c5414b1f1e95a75faf9147845&l=20260718225735068CF50E0279CA723407&ply_type=3&policy=eyJ2bSI6MywidWlkIjoiMzEyOTY1MDYwMzg4ODE4NSJ9,未使用,审核不通过,--,1,--,0,0,0,0,0,0,0,0,0,0,0,0
"	7663464864167395370",0717-瑞晨引流-6.mp4,https://video-cn.oceanengine.com/562fd19341091bd266a95e6e0617a502/6a5e3769/tos-cn-ve-51/o8tMIXcRQtabVBQo7AVGFlATdMa0axIdYWlEz?a=1402&ch=0&cr=0&dr=3&cd=0%7C0%7C0%7C0&br=1180&bt=1180&cs=0&ds=3&ft=J9ThAGkHH_Myq8Z5BDL_e2NvjTQ&mime_type=video_mp4&qs=0&rc=NXZpTGRTaFBnKWxncmd5aHFsc3IxZGZoM2k2NGY8NDc1OTZnNWk6QGkzOG9wZ286azQ8MzM0NjMzQFNsa3ZpcUQ6amtqXmJmK2BeaWpgYTojYWAyMWAvYTVhMWFiLS9iYGEjM2xvXmFhbmVhYS0tZDBhc3M%3D&btag=80000200008000&dy_q=1784386656&feature_id=d6a18d7c5414b1f1e95a75faf9147845&l=20260718225735068CF50E0279CA723407&ply_type=3&policy=eyJ2bSI6MywidWlkIjoiMzEyOTY1MDYwMzg4ODE4NSJ9,未使用,审核不通过,--,1,--,0,0,0,0,0,0,0,0,0,0,0,0
"	7663102938734788651",0716-引导-嘉丽-3.mp4,https://video-cn.oceanengine.com/2cc00af162190868304f29c07cc59ad7/6a5e3792/tos-cn-ve-51/ae89f26d98714951a36159be08b53dbf?a=1402&ch=0&cr=0&dr=3&cd=0%7C0%7C0%7C0&br=1730&bt=1730&cs=0&ds=3&ft=J9ThAGkHH_Myq8Z5BDL_e2NvjTQ&mime_type=video_mp4&qs=0&rc=NXZpTGRTaFBnKWxncmd5aHFsc3IxZGY7Njk0Nzw7OGk4NmZpOjpoQGkzc242M286NGY8MzM0NjMzQFNsa3ZpcUQ6amtqXmJmK2BeaWpgYTojLzEuNTJhXzZfMWBgYGAxYWEjLnItamFhZnNgYS0tZDAvc3M%3D&btag=80000200020000&dy_q=1784386656&feature_id=d6a18d7c5414b1f1e95a75faf9147845&l=20260718225735068CF50E0279CA723407&ply_type=3&policy=eyJ2bSI6MywidWlkIjoiMzEyOTY1MDYwMzg4ODE4NSJ9,未使用,--,--,1,--,0,0,0,0,0,0,0,0,0,0,0,0
"	7663102891561435172",0715-引导-雅迪-1-改.mp4,https://video-cn.oceanengine.com/5dea03bbd89d8ebfab9e41289b79cd2f/6a5e3775/tos-cn-ve-51/1616ca178e8241a48c07ad22d5873cff?a=1402&ch=0&cr=0&dr=3&cd=0%7C0%7C0%7C0&br=913&bt=913&cs=0&ds=3&ft=J9ThAGkHH_Myq8Z5BDL_e2NvjTQ&mime_type=video_mp4&qs=0&rc=NXZpTGRTaFBnKWxncmd5aHFsc3IxZGZkOGQ6NjppNDU8ZmUzaGRlQGkzNW92ZW86eGY8MzM0NjMzQFNsa3ZpcUQ6amtqXmJmK2BeaWpgYTojYTReYzAwYV9gMTI1Mi9iYmEjYy5fZ2FhbnJgYS0tZDAvc3M%3D&btag=80000200010000&dy_q=1784386656&feature_id=d6a18d7c5414b1f1e95a75faf9147845&l=20260718225735068CF50E0279CA723407&ply_type=3&policy=eyJ2bSI6MywidWlkIjoiMzEyOTY1MDYwMzg4ODE4NSJ9,未使用,--,--,1,--,0,0,0,0,0,0,0,0,0,0,0,0
"	7663102878458806278",0716-引导-嘉丽-2.mp4,https://video-cn.oceanengine.com/ece4baafa18bcf077584f9998efef5ae/6a5e3786/tos-cn-ve-51/ooFbus21XCFjQYG8GVeGzFAI1RAmaBQfeCCUZE?a=1402&ch=0&cr=0&dr=3&cd=0%7C0%7C0%7C0&br=435&bt=435&cs=0&ds=3&ft=J9ThAGkHH_Myq8Z5BDL_e2NvjTQ&mime_type=video_mp4&qs=0&rc=NXZpTGRTaFBnKWxncmd5aHFsc3IxZGY2Zzw8ZTM3M2Y4M2U8ZWRoQGlqeXFvZW86NGY8MzM0NjMzQFNsa3ZpcUQ6amtqXmJmK2BeaWpgYTojYGAyYzZeYF8uMTMwYi02YGEjL3JeZGFhZnNgYS0tZDAwc3M%3D&btag=80000200018000&dy_q=1784386656&feature_id=d6a18d7c5414b1f1e95a75faf9147845&l=20260718225735068CF50E0279CA723407&ply_type=3&policy=eyJ2bSI6MywidWlkIjoiMzEyOTY1MDYwMzg4ODE4NSJ9,未使用,--,--,1,--,0,0,0,0,0,0,0,0,0,0,0,0
"	7663102846160699455",0714-魏怡引流-4-修改.mp4,https://video-cn.oceanengine.com/e3666d64bd10f989bc6a92e0b09249a8/6a5e379c/tos-cn-ve-51/oYptMDBsQoNNyeJ6boQ0xIMMq3dngaexWg7gAA?a=1402&ch=0&cr=0&dr=3&cd=0%7C0%7C0%7C0&br=645&bt=645&cs=0&ds=3&ft=J9ThAGkHH_Myq8Z5BDL_e2NvjTQ&mime_type=video_mp4&qs=0&rc=NXZpTGRTaFBnKWxncmd5aHFsc3IxZGZmODNmNGk7ZDhkZTc5O2c4QGkzbnM3O286d2Y8MzM0NjMzQFNsa3ZpcUQ6amtqXmJmK2BeaWpgYTojXmJjYzAuNl4tMWA2MC1hMGEjZ2AtYWFhXnJgYS0tZDBhc3M%3D&btag=80000200028000&dy_q=1784386656&feature_id=d6a18d7c5414b1f1e95a75faf9147845&l=20260718225735068CF50E0279CA723407&ply_type=3&policy=eyJ2bSI6MywidWlkIjoiMzEyOTY1MDYwMzg4ODE4NSJ9,未使用,--,--,1,--,0,0,0,0,0,0,0,0,0,0,0,0
"	7663102826089185323",0714-魏怡引流-2-修改.mp4,https://video-cn.oceanengine.com/e79d74ad0ef207e8e6ce77882716bc35/6a5e3777/tos-cn-ve-51/o4AhIdNtXlI2AztgPQuaYNzQEIqjNdcNCEWU7?a=1402&ch=0&cr=0&dr=3&cd=0%7C0%7C0%7C0&br=717&bt=717&cs=0&ds=3&ft=J9ThAGkHH_Myq8Z5BDL_e2NvjTQ&mime_type=video_mp4&qs=0&rc=NXZpTGRTaFBnKWxncmd5aHFsc3IxZGY6aTk1Ojs1aGkzaDQ1NTM6QGkzZ3NtNG86d2Y8MzM0NjMzQFNsa3ZpcUQ6amtqXmJmK2BeaWpgYTojLjY0YTBiMjUwMTReMV5hLWEjYmJiM2FhXnJgYS0tZDAvc3M%3D&btag=80000e00010000&dy_q=1784386656&feature_id=d6a18d7c5414b1f1e95a75faf9147845&l=20260718225735068CF50E0279CA723407&ply_type=3&policy=eyJ2bSI6MywidWlkIjoiMzEyOTY1MDYwMzg4ODE4NSJ9,未使用,审核通过,--,1,--,0,0,0,0,0,0,0,0,0,0,0,0
"	7663102817235451945",0715-魏怡-2-修改.mp4,https://video-cn.oceanengine.com/332ffd33c70ea60ec62604c5f4d90883/6a5e3786/tos-cn-ve-51/o8IaYlzCdU3WjstEAnzqwzApPIOSQdVFM7icQ?a=1402&ch=0&cr=0&dr=3&cd=0%7C0%7C0%7C0&br=527&bt=527&cs=0&ds=3&ft=J9ThAGkHH_Myq8Z5BDL_e2NvjTQ&mime_type=video_mp4&qs=0&rc=NXZpTGRTaFBnKWxncmd5aHFsc3IxZGY7ZDNkNDY1aTdmOjQ3ZGY8QGkzaGg0Om86d2Y8MzM0NjMzQFNsa3ZpcUQ6amtqXmJmK2BeaWpgYTojLWA2MzJiNl5gMWNhMTY1YWEjaTFiNmFhXnJgYS0tZDAwc3M%3D&btag=80000200018000&dy_q=1784386656&feature_id=d6a18d7c5414b1f1e95a75faf9147845&l=20260718225735068CF50E0279CA723407&ply_type=3&policy=eyJ2bSI6MywidWlkIjoiMzEyOTY1MDYwMzg4ODE4NSJ9,未使用,--,--,1,--,0,0,0,0,0,0,0,0,0,0,0,0
"	7663102806485434410",0725-3-魏怡引流-修改.mp4,https://video-cn.oceanengine.com/5130e266c595a0f281193d44d7bc270c/6a5e377d/tos-cn-ve-51/og6M4Qgai7sPYFuqAEgbInQxoeDqfBACkaLNWt?a=1402&ch=0&cr=0&dr=3&cd=0%7C0%7C0%7C0&br=801&bt=801&cs=0&ds=3&ft=J9ThAGkHH_Myq8Z5BDL_e2NvjTQ&mime_type=video_mp4&qs=0&rc=NXZpTGRTaFBnKWxncmd5aHFsc3IxZGZmaDUzaTY2OztmNDhnNDM6QGkzbDc4OG86d2Y8MzM0NjMzQFNsa3ZpcUQ6amtqXmJmK2BeaWpgYTojXjQ2Y2IvMDUyMTFiMDMxL2EjLmRuamFhXnJgYS0tZDAvc3M%3D&btag=80000200010000&dy_q=1784386656&feature_id=d6a18d7c5414b1f1e95a75faf9147845&l=20260718225735068CF50E0279CA723407&ply_type=3&policy=eyJ2bSI6MywidWlkIjoiMzEyOTY1MDYwMzg4ODE4NSJ9,未使用,--,--,1,--,0,0,0,0,0,0,0,0,0,0,0,0
"	7663102736046964772",0716-引导-小敏-修改.mp4,https://video-cn.oceanengine.com/527da15e966c7c079b2dce9292d52d80/6a5e3768/tos-cn-ve-51/ogBfSZ1xIaA9E8BWqK2CGzDLA0MZRNrYqf75gE?a=1402&ch=0&cr=0&dr=3&cd=0%7C0%7C0%7C0&br=650&bt=650&cs=0&ds=3&ft=J9ThAGkHH_Myq8Z5BDL_e2NvjTQ&mime_type=video_mp4&qs=0&rc=NXZpTGRTaFBnKWxncmd5aHFsc3IxZGY7MztkaDk7ZGlkZjw2Nzc0QGkzN3E6Z286dmY8MzM0NjMzQFNsa3ZpcUQ6amtqXmJmK2BeaWpgYTojYGEuYy1fMV4yMS1jMS1eLmEjaXJyLWFhXnJgYS0tZDAvc3M%3D&btag=80000e00008000&dy_q=1784386656&feature_id=d6a18d7c5414b1f1e95a75faf9147845&l=20260718225735068CF50E0279CA723407&ply_type=3&policy=eyJ2bSI6MywidWlkIjoiMzEyOTY1MDYwMzg4ODE4NSJ9,未使用,审核通过,--,1,--,0,0,0,0,0,0,0,0,0,0,0,0
"	7663055189575106606",0716-浩正引导-2.mp4,https://video-cn.oceanengine.com/b63ab22c46b0020e3a3fb1a7325d33a0/6a5e377c/tos-cn-ve-51/okIGdoaptkAlkIYllFQwzQWEAUKENMdICi5yw?a=1402&ch=0&cr=0&dr=3&cd=0%7C0%7C0%7C0&br=756&bt=756&cs=0&ds=3&ft=J9ThAGkHH_Myq8Z5BDL_e2NvjTQ&mime_type=video_mp4&qs=0&rc=NXZpTGRTaFBnKWxncmd5aHFsc3IxZGY4ZjpkOjZlOmZmO2VmOzVlQGkzbjM8OG86ZGQ8MzM0NjMzQFNsa3ZpcUQ6amtqXmJmK2BeaWpgYTojYF4uNi5fMTUzMS40YDMxLWEjMG4zM2FhLzVgYS0tZDAwc3M%3D&btag=80000200010000&dy_q=1784386656&feature_id=d6a18d7c5414b1f1e95a75faf9147845&l=20260718225735068CF50E0279CA723407&ply_type=3&policy=eyJ2bSI6MywidWlkIjoiMzEyOTY1MDYwMzg4ODE4NSJ9,未使用,审核不通过,--,0,--,0,0,0,0,0,0,0,0,0,0,0,0
"	7663055161565888522",0716-引导-小敏-1.mp4,https://video-cn.oceanengine.com/04fb730bec130769e8e7fc592d7484c8/6a5e3770/tos-cn-ve-51/o4aLAjlxiNtYdFyITkYNzghLzEpEAEWIjQsLW?a=1402&ch=0&cr=0&dr=3&cd=0%7C0%7C0%7C0&br=342&bt=342&cs=0&ds=3&ft=J9ThAGkHH_Myq8Z5BDL_e2NvjTQ&mime_type=video_mp4&qs=0&rc=NXZpTGRTaFBnKWxncmd5aHFsc3IxZGZpNGczZTs3ODw2NDppaWgzQGlqZmZtNG86ZWQ8MzM0NjMzQFNsa3ZpcUQ6amtqXmJmK2BeaWpgYTojNDFhYGNfY18yMS41XmEyNGEjMjZiM2FhLzVgYS0tZDAvc3M%3D&btag=80000200010000&dy_q=1784386656&feature_id=d6a18d7c5414b1f1e95a75faf9147845&l=20260718225735068CF50E0279CA723407&ply_type=3&policy=eyJ2bSI6MywidWlkIjoiMzEyOTY1MDYwMzg4ODE4NSJ9,未使用,审核不通过,--,0,--,0,0,0,0,0,0,0,0,0,0,0,0
"	7662989870433239066",0715-引导-小敏-3-修改.mp4,https://video-cn.oceanengine.com/237cd5be4dea9b1a2b5bf9ad562c7aea/6a5e3777/tos-cn-ve-51/o4AwAkj24mNfgIAQeBaqA0C1gMD8DAWbRGWD0H?a=1402&ch=0&cr=0&dr=3&cd=0%7C0%7C0%7C0&br=669&bt=669&cs=0&ds=3&ft=J9ThAGkHH_Myq8Z5BDL_e2NvjTQ&mime_type=video_mp4&qs=0&rc=NXZpTGRTaFBnKWxncmd5aHFsc3IxZGY1NDdlNzVkMzo7OzM5NTs6QGkzM3lsNG86ajk8MzM0NjMzQFNsa3ZpcUQ6amtqXmJmK2BeaWpgYTojMWIvMzNgNjU0MWFiXi9gY2EjMGhhcGFhL2VgYS0tZDAwc3M%3D&btag=80000200010000&dy_q=1784386656&feature_id=d6a18d7c5414b1f1e95a75faf9147845&l=20260718225735068CF50E0279CA723407&ply_type=3&policy=eyJ2bSI6MywidWlkIjoiMzEyOTY1MDYwMzg4ODE4NSJ9,未使用,审核不通过,--,0,--,0,0,0,0,0,0,0,0,0,0,0,0
"	7662989870433206298",0715-引导-小敏-2-修改.mp4,https://video-cn.oceanengine.com/38ddd84eb3f5602d4cc4e5e0cb00d8ad/6a5e3777/tos-cn-ve-51/occvSBOQaz1maIVPAwABWaJEPQtdElLY4oghI?a=1402&ch=0&cr=0&dr=3&cd=0%7C0%7C0%7C0&br=427&bt=427&cs=0&ds=3&ft=J9ThAGkHH_Myq8Z5BDL_e2NvjTQ&mime_type=video_mp4&qs=0&rc=NXZpTGRTaFBnKWxncmd5aHFsc3IxZGY1PGU5NDU3ZGVkZ2k1OWY8QGlqNG1zaW86ajk8MzM0NjMzQFNsa3ZpcUQ6amtqXmJmK2BeaWpgYTojMF5jYGJeX18uMV8zMi8vLWEjMl5nXmFhL2VgYS0tZDAvc3M%3D&btag=80000200010000&dy_q=1784386656&feature_id=d6a18d7c5414b1f1e95a75faf9147845&l=20260718225735068CF50E0279CA723407&ply_type=3&policy=eyJ2bSI6MywidWlkIjoiMzEyOTY1MDYwMzg4ODE4NSJ9,未使用,审核不通过,--,0,--,0,0,0,0,0,0,0,0,0,0,0,0
"	7662989862635503662",0715-引导-小敏-1-修改.mp4,https://video-cn.oceanengine.com/0ae813f1f9584a52c9267b1acc8558a5/6a5e377f/tos-cn-ve-51/oAJYFh3WgtNQxQaIABIqcEwoEadAzoswwGl0I?a=1402&ch=0&cr=0&dr=3&cd=0%7C0%7C0%7C0&br=384&bt=384&cs=0&ds=3&ft=J9ThAGkHH_Myq8Z5BDL_e2NvjTQ&mime_type=video_mp4&qs=0&rc=NXZpTGRTaFBnKWxncmd5aHFsc3IxZGZpZjxmZGVmZTlmZTMzZGlkQGkzcW00O286ajk8MzM0NjMzQFNsa3ZpcUQ6amtqXmJmK2BeaWpgYTojNDZeNi4tNl81MS4wMDEzYWEjbDBfaWFhL2VgYS0tZDAwc3M%3D&btag=80000200018000&dy_q=1784386656&feature_id=d6a18d7c5414b1f1e95a75faf9147845&l=20260718225735068CF50E0279CA723407&ply_type=3&policy=eyJ2bSI6MywidWlkIjoiMzEyOTY1MDYwMzg4ODE4NSJ9,未使用,审核不通过,--,0,--,0,0,0,0,0,0,0,0,0,0,0,0
"	7662989853030219827",0714瑞晨引流修改-10.mp4,https://video-cn.oceanengine.com/8f5a97a45e0c9f90b28b08f917e6807e/6a5e3771/tos-cn-ve-51/ow1ZmqwqdAsQDAtmagDI2b8gILBlQeoC8R0a7Y?a=1402&ch=0&cr=0&dr=3&cd=0%7C0%7C0%7C0&br=1981&bt=1981&cs=0&ds=3&ft=J9ThAGkHH_Myq8Z5BDL_e2NvjTQ&mime_type=video_mp4&qs=0&rc=NXZpTGRTaFBnKWxncmd5aHFsc3IxZGY6NWdlaDpoOTM4ODo8PGZmQGkzcGRwZ286aDk8MzM0NjMzQFNsa3ZpcUQ6amtqXmJmK2BeaWpgYTojYTUzYDBiMl4wMWFjXy41MWEjMzBuXmFhbmVgYS0tZDBhc3M%3D&btag=80000200010000&dy_q=1784386656&feature_id=d6a18d7c5414b1f1e95a75faf9147845&l=20260718225735068CF50E0279CA723407&ply_type=3&policy=eyJ2bSI6MywidWlkIjoiMzEyOTY1MDYwMzg4ODE4NSJ9,未使用,审核不通过,--,0,--,0,0,0,0,0,0,0,0,0,0,0,0
"	7662989840313352201",0715-引导-小敏-5-修改.mp4,https://video-cn.oceanengine.com/34e09832ba5731abf1943bea8a232ecb/6a5e376e/tos-cn-ve-51/oIQwIgAZN0nWAY1qfa6vRKfq6jbDA2CgDvGdBq?a=1402&ch=0&cr=0&dr=3&cd=0%7C0%7C0%7C0&br=701&bt=701&cs=0&ds=3&ft=J9ThAGkHH_Myq8Z5BDL_e2NvjTQ&mime_type=video_mp4&qs=0&rc=NXZpTGRTaFBnKWxncmd5aHFsc3IxZGZmNDozZTNpNTdkZDVpOjw7QGlqOGl3OW86ajk8MzM0NjMzQFNsa3ZpcUQ6amtqXmJmK2BeaWpgYTojNDE1YmEuY18yMWIyXjQxNWEjYmNec2FhL2VgYS0tZDAwc3M%3D&btag=80000200008000&dy_q=1784386656&feature_id=d6a18d7c5414b1f1e95a75faf9147845&l=20260718225735068CF50E0279CA723407&ply_type=3&policy=eyJ2bSI6MywidWlkIjoiMzEyOTY1MDYwMzg4ODE4NSJ9,未使用,审核不通过,--,0,--,0,0,0,0,0,0,0,0,0,0,0,0
"	7662989796920000539",0715-引导-小敏-4-修改.mp4,https://video-cn.oceanengine.com/6a4ca27fb6401784d4abce279fcc77ec/6a5e3777/tos-cn-ve-51/oAjbhRAABACthFAQfbqaaURfsgIGBobeN1IGFR?a=1402&ch=0&cr=0&dr=3&cd=0%7C0%7C0%7C0&br=755&bt=755&cs=0&ds=3&ft=J9ThAGkHH_Myq8Z5BDL_e2NvjTQ&mime_type=video_mp4&qs=0&rc=NXZpTGRTaFBnKWxncmd5aHFsc3IxZGY1ZmVnNjg5aDw5OTM8NmdnQGkzcHU0aW86ajk8MzM0NjMzQFNsa3ZpcUQ6amtqXmJmK2BeaWpgYTojLV41M2FiYTZhMWJiMDY0YmEjZS8vbmFhL2VgYS0tZDBhc3M%3D&btag=80000200010000&dy_q=1784386656&feature_id=d6a18d7c5414b1f1e95a75faf9147845&l=20260718225735068CF50E0279CA723407&ply_type=3&policy=eyJ2bSI6MywidWlkIjoiMzEyOTY1MDYwMzg4ODE4NSJ9,未使用,审核不通过,--,0,--,0,0,0,0,0,0,0,0,0,0,0,0
"	7662989779832127498",0715-引导-小敏-6-修改.mp4,https://video-cn.oceanengine.com/432617428f79087dbdf53b7aab78d5ef/6a5e376b/tos-cn-ve-51/e075bc29da9a4c2087006f8abb269c71?a=1402&ch=0&cr=0&dr=3&cd=0%7C0%7C0%7C0&br=477&bt=477&cs=0&ds=3&ft=J9ThAGkHH_Myq8Z5BDL_e2NvjTQ&mime_type=video_mp4&qs=0&rc=NXZpTGRTaFBnKWxncmd5aHFsc3IxZGY1PDNlOmY7PDM4aDk2OjVmQGlqbzZ3NW86ajk8MzM0NjMzQFNsa3ZpcUQ6amtqXmJmK2BeaWpgYTojLWFfXy5fYjYuMWFiMV9eMWEjbS5vbmFhL2VgYS0tZDAwc3M%3D&btag=80000200008000&dy_q=1784386656&feature_id=d6a18d7c5414b1f1e95a75faf9147845&l=20260718225735068CF50E0279CA723407&ply_type=3&policy=eyJ2bSI6MywidWlkIjoiMzEyOTY1MDYwMzg4ODE4NSJ9,未使用,审核不通过,--,0,--,0,0,0,0,0,0,0,0,0,0,0,0
"	7662989773514424358",0715-引导-小敏-7-修改.mp4,https://video-cn.oceanengine.com/f9e8cef19953d78844a5f1983e7df089/6a5e3774/tos-cn-ve-51/ocbwNGoQqgNIDfAO0BWaeyj2Ry1ATgATAgR0bT?a=1402&ch=0&cr=0&dr=3&cd=0%7C0%7C0%7C0&br=892&bt=892&cs=0&ds=3&ft=J9ThAGkHH_Myq8Z5BDL_e2NvjTQ&mime_type=video_mp4&qs=0&rc=NXZpTGRTaFBnKWxncmd5aHFsc3IxZGZmZGhkZGk3ZTQzZTozNjk5QGkzcGxnNm86ajk8MzM0NjMzQFNsa3ZpcUQ6amtqXmJmK2BeaWpgYTojLWE0LTEtMjVhMTVfYC9eY2EjcTY0ZmFhL2VgYS0tZDBhc3M%3D&btag=80000200010000&dy_q=1784386656&feature_id=d6a18d7c5414b1f1e95a75faf9147845&l=20260718225735068CF50E0279CA723407&ply_type=3&policy=eyJ2bSI6MywidWlkIjoiMzEyOTY1MDYwMzg4ODE4NSJ9,未使用,审核不通过,--,0,--,0,0,0,0,0,0,0,0,0,0,0,0
"	7662989769204056110",0714瑞晨引流修改-8.mp4,https://video-cn.oceanengine.com/f2b1570b147373b279a50998449a77a5/6a5e3769/tos-cn-ve-51/o8aI2WYzOQEpAuAgnWdaxqWophQCyoHzI00tl?a=1402&ch=0&cr=0&dr=3&cd=0%7C0%7C0%7C0&br=2032&bt=2032&cs=0&ds=3&ft=J9ThAGkHH_Myq8Z5BDL_e2NvjTQ&mime_type=video_mp4&qs=0&rc=NXZpTGRTaFBnKWxncmd5aHFsc3IxZGZlZGY1N2Y8OWk2ZGlnN2ZkQGkzcHh2ZG86aDk8MzM0NjMzQFNsa3ZpcUQ6amtqXmJmK2BeaWpgYTojMS01YjMxNF41MTQtLTReLmEjbWZwMGFhbmVgYS0tZDAvc3M%3D&btag=80000200008000&dy_q=1784386656&feature_id=d6a18d7c5414b1f1e95a75faf9147845&l=20260718225735068CF50E0279CA723407&ply_type=3&policy=eyJ2bSI6MywidWlkIjoiMzEyOTY1MDYwMzg4ODE4NSJ9,未使用,审核不通过,--,0,--,0,0,0,0,0,0,0,0,0,0,0,0
"	7662989743489138715",0715瑞晨引流修改-5.mp4,https://video-cn.oceanengine.com/72a5cf28a439256b9e97ca322e85e639/6a5e376f/tos-cn-ve-51/okEQA3w0oAQWuGbzauh7ltAYaTdIDNBIhZI89?a=1402&ch=0&cr=0&dr=3&cd=0%7C0%7C0%7C0&br=735&bt=735&cs=0&ds=3&ft=J9ThAGkHH_Myq8Z5BDL_e2NvjTQ&mime_type=video_mp4&qs=0&rc=NXZpTGRTaFBnKWxncmd5aHFsc3IxZGY3O2k3aWc7Zzg2ZTtoOWdkQGlqNHJpaG86aDk8MzM0NjMzQFNsa3ZpcUQ6amtqXmJmK2BeaWpgYTojNl5gNi0tL18zMWMtXjRjNmEjbzQtLWFhbmVgYS0tZDBhc3M%3D&btag=80000200010000&dy_q=1784386656&feature_id=d6a18d7c5414b1f1e95a75faf9147845&l=20260718225735068CF50E0279CA723407&ply_type=3&policy=eyJ2bSI6MywidWlkIjoiMzEyOTY1MDYwMzg4ODE4NSJ9,未使用,审核不通过,--,0,--,0,0,0,0,0,0,0,0,0,0,0,0
"	7662705484970426419",0715-引导-小敏-2.mp4,https://video-cn.oceanengine.com/9d4e332f018c7cd3d7b828e386b722ca/6a5e3777/tos-cn-ve-51/ogeXaPArjAIjTwRIQqbU3jCCZtBG0GO3fsBEyf?a=1402&ch=0&cr=0&dr=3&cd=0%7C0%7C0%7C0&br=422&bt=422&cs=0&ds=3&ft=J9ThAGkHH_Myq8Z5BDL_e2NvjTQ&mime_type=video_mp4&qs=0&rc=NXZpTGRTaFBnKWxncmd5aHFsc3IxZGY3PGQzOzxkNzRkNDdlM2g0QGkzaXV4Om86NnA8MzM0NjMzQFNsa3ZpcUQ6amtqXmJmK2BeaWpgYTojM2A1Ni0vMDUyMV4uNTQuNGEjLmJzc2FhXmBfYS0tZDAwc3M%3D&btag=80000200010000&dy_q=1784386656&feature_id=d6a18d7c5414b1f1e95a75faf9147845&l=20260718225735068CF50E0279CA723407&ply_type=3&policy=eyJ2bSI6MywidWlkIjoiMzEyOTY1MDYwMzg4ODE4NSJ9,未使用,审核不通过,--,0,--,0,0,0,0,0,0,0,0,0,0,0,0
"	7662705442624749578", 0715-引导-小敏-6.mp4,https://video-cn.oceanengine.com/91867589b802f5bfac0046301502b586/6a5e3774/tos-cn-ve-51/o4jIZ0aKQX7KJWdUTmcQln2t9QwDz9IJCEAAd?a=1402&ch=0&cr=0&dr=3&cd=0%7C0%7C0%7C0&br=893&bt=893&cs=0&ds=3&ft=J9ThAGkHH_Myq8Z5BDL_e2NvjTQ&mime_type=video_mp4&qs=0&rc=NXZpTGRTaFBnKWxncmd5aHFsc3IxZGZpNDVoOTQzNTc1N2lkZTU1QGlqdTZnOm86NnA8MzM0NjMzQFNsa3ZpcUQ6amtqXmJmK2BeaWpgYTojYjIwMF4vYDYvMWEuY2BiYWEjcjZqMmFhXmBfYS0tZDBhc3M%3D&btag=80000200010000&dy_q=1784386656&feature_id=d6a18d7c5414b1f1e95a75faf9147845&l=20260718225735068CF50E0279CA723407&ply_type=3&policy=eyJ2bSI6MywidWlkIjoiMzEyOTY1MDYwMzg4ODE4NSJ9,未使用,审核不通过,--,0,--,0,0,0,0,0,0,0,0,0,0,0,0
"	7662705440946290738",0715-引导-小敏-3.mp4,https://video-cn.oceanengine.com/61a5289acf13006d2c3260e3a96353bf/6a5e3777/tos-cn-ve-51/ocRNYNqA2seWVN8u1AgSjVaKiHABqgRC2zDftG?a=1402&ch=0&cr=0&dr=3&cd=0%7C0%7C0%7C0&br=688&bt=688&cs=0&ds=3&ft=J9ThAGkHH_Myq8Z5BDL_e2NvjTQ&mime_type=video_mp4&qs=0&rc=NXZpTGRTaFBnKWxncmd5aHFsc3IxZGY7ZDVkNjNnZTkzOjRmZjdkQGlqO2R0M286NnA8MzM0NjMzQFNsa3ZpcUQ6amtqXmJmK2BeaWpgYTojYmNhNjJfLjYvMWBjYDJhMmEjczZvZmFhXmBfYS0tZDBhc3M%3D&btag=80000200010000&dy_q=1784386656&feature_id=d6a18d7c5414b1f1e95a75faf9147845&l=20260718225735068CF50E0279CA723407&ply_type=3&policy=eyJ2bSI6MywidWlkIjoiMzEyOTY1MDYwMzg4ODE4NSJ9,未使用,审核不通过,--,0,--,0,0,0,0,0,0,0,0,0,0,0,0
"	7662705385929408538",0715-引流-魏怡-2.mp4,https://video-cn.oceanengine.com/9151b506c89be4cfb74b381df52c8b6a/6a5e3789/tos-cn-ve-51/oUmAMtgQQfCIJRKDk1NIACmXyzIBECxDa7ZZ7Q?a=1402&ch=0&cr=0&dr=3&cd=0%7C0%7C0%7C0&br=556&bt=556&cs=0&ds=3&ft=J9ThAGkHH_Myq8Z5BDL_e2NvjTQ&mime_type=video_mp4&qs=0&rc=NXZpTGRTaFBnKWxncmd5aHFsc3IxZGY0OGgzNWQ8aDo0OGhoaDk3QGkzc2l5O286NHA8MzM0NjMzQFNsa3ZpcUQ6amtqXmJmK2BeaWpgYTojLjItMzE1L142MWJhMS8yLWEjLi9sZGFhL2BfYS0tZDBhc3M%3D&btag=80000200018000&dy_q=1784386656&feature_id=d6a18d7c5414b1f1e95a75faf9147845&l=20260718225735068CF50E0279CA723407&ply_type=3&policy=eyJ2bSI6MywidWlkIjoiMzEyOTY1MDYwMzg4ODE4NSJ9,未使用,审核不通过,--,0,--,0,0,0,0,0,0,0,0,0,0,0,0
"	7662705376481017882",0715-引导-小敏-1.mp4,https://video-cn.oceanengine.com/fe610016f49120c94515a03d57a780f7/6a5e377f/tos-cn-ve-51/o0Ijxt2ZXlKnEm0aXBEQXAWZdUwzIiDuPdQJA?a=1402&ch=0&cr=0&dr=3&cd=0%7C0%7C0%7C0&br=395&bt=395&cs=0&ds=3&ft=J9ThAGkHH_Myq8Z5BDL_e2NvjTQ&mime_type=video_mp4&qs=0&rc=NXZpTGRTaFBnKWxncmd5aHFsc3IxZGZoaGVmZGg8NGZpNGQ8ODRnQGlqc3Y1aG86NnA8MzM0NjMzQFNsa3ZpcUQ6amtqXmJmK2BeaWpgYTojMTQ2L2NeYF8xMTU0NF8vYWEjNDVob2FhXmBfYS0tZDAwc3M%3D&btag=80000200018000&dy_q=1784386656&feature_id=d6a18d7c5414b1f1e95a75faf9147845&l=20260718225735068CF50E0279CA723407&ply_type=3&policy=eyJ2bSI6MywidWlkIjoiMzEyOTY1MDYwMzg4ODE4NSJ9,未使用,审核不通过,--,0,--,0,0,0,0,0,0,0,0,0,0,0,0
"	7662705373485203483",0715-引流-魏怡-3.mp4,https://video-cn.oceanengine.com/2e0780fcd5fba0b4e152b039971a7b31/6a5e3780/tos-cn-ve-51/o80Xmd6SIlPQdwntEkaWz9IBIQrDNkS1ZAEAT?a=1402&ch=0&cr=0&dr=3&cd=0%7C0%7C0%7C0&br=801&bt=801&cs=0&ds=3&ft=J9ThAGkHH_Myq8Z5BDL_e2NvjTQ&mime_type=video_mp4&qs=0&rc=NXZpTGRTaFBnKWxncmd5aHFsc3IxZGY3OjM0PGQ7aDkzZGkzOjxkQGkzOms2ZW86NHA8MzM0NjMzQFNsa3ZpcUQ6amtqXmJmK2BeaWpgYTojL19gYGJgMV4xMS00Xy80NWEjNjRyZmFhL2BfYS0tZDAwc3M%3D&btag=80000200018000&dy_q=1784386656&feature_id=d6a18d7c5414b1f1e95a75faf9147845&l=20260718225735068CF50E0279CA723407&ply_type=3&policy=eyJ2bSI6MywidWlkIjoiMzEyOTY1MDYwMzg4ODE4NSJ9,未使用,审核不通过,--,0,--,0,0,0,0,0,0,0,0,0,0,0,0
"	7662705357816004634",0715-引导-小敏-4.mp4,https://video-cn.oceanengine.com/91373848440eb3fb4bd48832655150d5/6a5e376e/tos-cn-ve-51/oIaXUAB5iIIlKtQg2OWFmdBQEzZCADKwdopQO?a=1402&ch=0&cr=0&dr=3&cd=0%7C0%7C0%7C0&br=711&bt=711&cs=0&ds=3&ft=J9ThAGkHH_Myq8Z5BDL_e2NvjTQ&mime_type=video_mp4&qs=0&rc=NXZpTGRTaFBnKWxncmd5aHFsc3IxZGZoODllOjZoNTwzNGc1OGloQGkzczMzPG86NnA8MzM0NjMzQFNsa3ZpcUQ6amtqXmJmK2BeaWpgYTojMl9gMS9jMjUxMTVhYDMzXmEjNV9oMmFhXmBfYS0tZDAwc3M%3D&btag=80000200008000&dy_q=1784386656&feature_id=d6a18d7c5414b1f1e95a75faf9147845&l=20260718225735068CF50E0279CA723407&ply_type=3&policy=eyJ2bSI6MywidWlkIjoiMzEyOTY1MDYwMzg4ODE4NSJ9,未使用,审核不通过,--,0,--,0,0,0,0,0,0,0,0,0,0,0,0
"	7662705335255351334",0715-引流-魏怡-1.mp4,https://video-cn.oceanengine.com/1dcb7336450aa13276de1185c280f19e/6a5e377d/tos-cn-ve-51/o8A6CQdpEBztIAjBzEQamIZEolX6ZdWi1g3S0?a=1402&ch=0&cr=0&dr=3&cd=0%7C0%7C0%7C0&br=798&bt=798&cs=0&ds=3&ft=J9ThAGkHH_Myq8Z5BDL_e2NvjTQ&mime_type=video_mp4&qs=0&rc=NXZpTGRTaFBnKWxncmd5aHFsc3IxZGZnOTk7Z2dpPDs8ZTVlOmQ0QGkzcWQ0NW86NHA8MzM0NjMzQFNsa3ZpcUQ6amtqXmJmK2BeaWpgYTojNTVeLjI0LjVeMV8xNjItL2EjaGc0bmFhL2BfYS0tZDAvc3M%3D&btag=80000e00010000&dy_q=1784386656&feature_id=d6a18d7c5414b1f1e95a75faf9147845&l=20260718225735068CF50E0279CA723407&ply_type=3&policy=eyJ2bSI6MywidWlkIjoiMzEyOTY1MDYwMzg4ODE4NSJ9,已使用,审核通过,--,1,--,0,0,0,0,0,0,0,0,0,0,0,0
"	7662705320095973427",0715-引流-魏怡-8.mp4,https://video-cn.oceanengine.com/4d3cf23863106d1d0214b431265a382e/6a5e3777/tos-cn-ve-51/o07mkiEXVZCf8zaJAQIgtWAmQMIAjDqCg7K1ZB?a=1402&ch=0&cr=0&dr=3&cd=0%7C0%7C0%7C0&br=1378&bt=1378&cs=0&ds=3&ft=J9ThAGkHH_Myq8Z5BDL_e2NvjTQ&mime_type=video_mp4&qs=0&rc=NXZpTGRTaFBnKWxncmd5aHFsc3IxZGY8ZjpkOTtlOTc6NTw5OTQ2QGkzM2pxZG86NHA8MzM0NjMzQFNsa3ZpcUQ6amtqXmJmK2BeaWpgYTojNTIvYV8uY140MTAtXzFgNWEjZGZwaWFhL2BfYS0tZDBhc3M%3D&btag=80000e00010000&dy_q=1784386656&feature_id=d6a18d7c5414b1f1e95a75faf9147845&l=20260718225735068CF50E0279CA723407&ply_type=3&policy=eyJ2bSI6MywidWlkIjoiMzEyOTY1MDYwMzg4ODE4NSJ9,已使用,审核通过,--,1,--,0,0,0,0,0,0,0,0,0,0,0,0
"	7662638692850843694",0714-引流-魏怡-3.mp4,https://video-cn.oceanengine.com/28cfc2337cca640b904e3efbeb6d4666/6a5e378d/tos-cn-ve-51/oYDrQIf5ag91tJJBqX7K5NIXKAhES24QWRmjSA?a=1402&ch=0&cr=0&dr=3&cd=0%7C0%7C0%7C0&br=572&bt=572&cs=0&ds=3&ft=J9ThAGkHH_Myq8Z5BDL_e2NvjTQ&mime_type=video_mp4&qs=0&rc=NXZpTGRTaFBnKWxncmd5aHFsc3IxZGY5ZGYzNTg3MzZlaTNmOTY4QGkzeW1xZW86b2w8MzM0NjMzQFNsa3ZpcUQ6amtqXmJmK2BeaWpgYTojLTU1NWBeYzZiMTMuY2A1YmEjb2wxMWFhL2ZfYS0tZDAwc3M%3D&btag=80000200020000&dy_q=1784386656&feature_id=d6a18d7c5414b1f1e95a75faf9147845&l=20260718225735068CF50E0279CA723407&ply_type=3&policy=eyJ2bSI6MywidWlkIjoiMzEyOTY1MDYwMzg4ODE4NSJ9,未使用,审核不通过,--,0,--,0,0,0,0,0,0,0,0,0,0,0,0
"	7662638665802072114",0714-引流-魏怡-2.mp4,https://video-cn.oceanengine.com/8982f237fb2c4d4768a71a85f4cac601/6a5e377d/tos-cn-ve-51/owuum1EGKCX7BUXOgAItYDSIq6mQftQagXhAk5?a=1402&ch=0&cr=0&dr=3&cd=0%7C0%7C0%7C0&br=651&bt=651&cs=0&ds=3&ft=J9ThAGkHH_Myq8Z5BDL_e2NvjTQ&mime_type=video_mp4&qs=0&rc=NXZpTGRTaFBnKWxncmd5aHFsc3IxZGZlaWY1ZWU2ZGQ0O2U0OTM3QGkzZm5sNG86b2w8MzM0NjMzQFNsa3ZpcUQ6amtqXmJmK2BeaWpgYTojLl4xXjQtNDUwMTE1MzMuNmEjNmtzZWFhL2ZfYS0tZDAwc3M%3D&btag=80000200018000&dy_q=1784386656&feature_id=d6a18d7c5414b1f1e95a75faf9147845&l=20260718225735068CF50E0279CA723407&ply_type=3&policy=eyJ2bSI6MywidWlkIjoiMzEyOTY1MDYwMzg4ODE4NSJ9,未使用,审核不通过,--,0,--,0,0,0,0,0,0,0,0,0,0,0,0
"	7662638658180579337",0714-引流-魏怡-6.mp4,https://video-cn.oceanengine.com/0cab91c77f85a82f3f4532c77b101169/6a5e3777/tos-cn-ve-51/okdAczErLpQ22EIlFAICdXvqkQW0aV0Kgt5rW?a=1402&ch=0&cr=0&dr=3&cd=0%7C0%7C0%7C0&br=714&bt=714&cs=0&ds=3&ft=J9ThAGkHH_Myq8Z5BDL_e2NvjTQ&mime_type=video_mp4&qs=0&rc=NXZpTGRTaFBnKWxncmd5aHFsc3IxZGY6N2Y1OGY6aDU8NjQzNGZoQGlqcGxkZW86b2w8MzM0NjMzQFNsa3ZpcUQ6amtqXmJmK2BeaWpgYTojXzI1LjIwLl41MTJiLjU1YGEja2lwbmFhL2ZfYS0tZDAvc3M%3D&btag=80000200010000&dy_q=1784386656&feature_id=d6a18d7c5414b1f1e95a75faf9147845&l=20260718225735068CF50E0279CA723407&ply_type=3&policy=eyJ2bSI6MywidWlkIjoiMzEyOTY1MDYwMzg4ODE4NSJ9,未使用,审核不通过,--,0,--,0,0,0,0,0,0,0,0,0,0,0,0
"	7662638649452281866",0714-引流-魏怡-4.mp4,https://video-cn.oceanengine.com/1cea6cbd8adda2904482105ed622cb9d/6a5e379c/tos-cn-ve-51/ocaLAbpcz2VWIlEI7uEQXKEXTWpA4dQtdiTEX?a=1402&ch=0&cr=0&dr=3&cd=0%7C0%7C0%7C0&br=644&bt=644&cs=0&ds=3&ft=J9ThAGkHH_Myq8Z5BDL_e2NvjTQ&mime_type=video_mp4&qs=0&rc=NXZpTGRTaFBnKWxncmd5aHFsc3IxZGZkMzQ5NGczODc2NjczO2g6QGlqPGk4NW86b2w8MzM0NjMzQFNsa3ZpcUQ6amtqXmJmK2BeaWpgYTojL15jYzU0LTU2MS5hYjM1L2EjNmFvX2FhL2ZfYS0tZDBhc3M%3D&btag=80000200028000&dy_q=1784386656&feature_id=d6a18d7c5414b1f1e95a75faf9147845&l=20260718225735068CF50E0279CA723407&ply_type=3&policy=eyJ2bSI6MywidWlkIjoiMzEyOTY1MDYwMzg4ODE4NSJ9,未使用,审核不通过,--,0,--,0,0,0,0,0,0,0,0,0,0,0,0
"	7662638623679479818",0714-引流-魏怡-1.mp4,https://video-cn.oceanengine.com/ef897e93382c15575daf81fa4dfcd0ca/6a5e378f/tos-cn-ve-51/oEHNeV2FuE6nDXCXDVlUK6gI1RA1aAQVfB3qyE?a=1402&ch=0&cr=0&dr=3&cd=0%7C0%7C0%7C0&br=837&bt=837&cs=0&ds=3&ft=J9ThAGkHH_Myq8Z5BDL_e2NvjTQ&mime_type=video_mp4&qs=0&rc=NXZpTGRTaFBnKWxncmd5aHFsc3IxZGZpaDpkOTQ3ZDY0NTZnZjNpQGlqb3dsaW86b2w8MzM0NjMzQFNsa3ZpcUQ6amtqXmJmK2BeaWpgYTojLmI2MDUzMzUzMV4yL19gNGEjMHJqYmFhL2ZfYS0tZDAvc3M%3D&btag=80000200020000&dy_q=1784386656&feature_id=d6a18d7c5414b1f1e95a75faf9147845&l=20260718225735068CF50E0279CA723407&ply_type=3&policy=eyJ2bSI6MywidWlkIjoiMzEyOTY1MDYwMzg4ODE4NSJ9,未使用,审核不通过,--,0,--,0,0,0,0,0,0,0,0,0,0,0,0
"	7662605341418520627",0715瑞晨引流-3.mp4,https://video-cn.oceanengine.com/c3b9a2520607535ad0e80823ee829095/6a5e3783/tos-cn-ve-51/8d9967a17361467dbaf8e33c96c295e8?a=1402&ch=0&cr=0&dr=3&cd=0%7C0%7C0%7C0&br=1743&bt=1743&cs=0&ds=3&ft=J9ThAGkHH_Myq8Z5BDL_e2NvjTQ&mime_type=video_mp4&qs=0&rc=NXZpTGRTaFBnKWxncmd5aHFsc3IxZGY6ZzhnZjM4ZTs1OmQ4PDhoQGkzNmpoOW86NWo8MzM0NjMzQFNsa3ZpcUQ6amtqXmJmK2BeaWpgYTojMy01NC8uL19fMTQvMzJiNWEjZS1iXmFhZmpfYS0tZDAvc3M%3D&btag=80000200018000&dy_q=1784386656&feature_id=d6a18d7c5414b1f1e95a75faf9147845&l=20260718225735068CF50E0279CA723407&ply_type=3&policy=eyJ2bSI6MywidWlkIjoiMzEyOTY1MDYwMzg4ODE4NSJ9,未使用,审核不通过,--,0,--,0,0,0,0,0,0,0,0,0,0,0,0
"	7662605290009985051",0715瑞晨引流-5.mp4,https://video-cn.oceanengine.com/57f53f99fd010152830c3f79a4735f6d/6a5e376f/tos-cn-ve-51/oUZl7kBzIlWSQkXAaZLCyDdTtCQIhcZAxEajC?a=1402&ch=0&cr=0&dr=3&cd=0%7C0%7C0%7C0&br=722&bt=722&cs=0&ds=3&ft=J9ThAGkHH_Myq8Z5BDL_e2NvjTQ&mime_type=video_mp4&qs=0&rc=NXZpTGRTaFBnKWxncmd5aHFsc3IxZGY8ODw8Zjc1NTVmNzdlaDZnQGkzNGU8N286NWo8MzM0NjMzQFNsa3ZpcUQ6amtqXmJmK2BeaWpgYTojMC5jNGIwNV9iMWIxNTIuX2EjLmtfNmFhZmpfYS0tZDBhc3M%3D&btag=80000200010000&dy_q=1784386656&feature_id=d6a18d7c5414b1f1e95a75faf9147845&l=20260718225735068CF50E0279CA723407&ply_type=3&policy=eyJ2bSI6MywidWlkIjoiMzEyOTY1MDYwMzg4ODE4NSJ9,未使用,审核不通过,--,0,--,0,0,0,0,0,0,0,0,0,0,0,0
"	7662605228669845514",0715瑞晨引流-4.mp4,https://video-cn.oceanengine.com/ee3e8f969084d9b689fc2095e1487449/6a5e3769/tos-cn-ve-51/ocykao5xVIcETLWlmQzduUCnXS5QCAgntAICw?a=1402&ch=0&cr=0&dr=3&cd=0%7C0%7C0%7C0&br=2020&bt=2020&cs=0&ds=3&ft=J9ThAGkHH_Myq8Z5BDL_e2NvjTQ&mime_type=video_mp4&qs=0&rc=NXZpTGRTaFBnKWxncmd5aHFsc3IxZGZkNmdkZmU0ODVpZmQ7Zzk0QGlqbnVlM286NWo8MzM0NjMzQFNsa3ZpcUQ6amtqXmJmK2BeaWpgYTojYmBgYmMzNV5hMV9eMDAtNWEjZy1oaGFhZmpfYS0tZDBhc3M%3D&btag=80000200008000&dy_q=1784386656&feature_id=d6a18d7c5414b1f1e95a75faf9147845&l=20260718225735068CF50E0279CA723407&ply_type=3&policy=eyJ2bSI6MywidWlkIjoiMzEyOTY1MDYwMzg4ODE4NSJ9,未使用,审核不通过,--,0,--,0,0,0,0,0,0,0,0,0,0,0,0
"	7662604410175275035",0714-瑞晨引导-15.mp4,https://video-cn.oceanengine.com/11aca415931bc16ceb54b2dfcfaede7d/6a5e376d/tos-cn-ve-51/oczAxEIvLKtKcgdQ3CQsAIa0CXXNmg1dmQWlk?a=1402&ch=0&cr=0&dr=3&cd=0%7C0%7C0%7C0&br=1520&bt=1520&cs=0&ds=3&ft=J9ThAGkHH_Myq8Z5BDL_e2NvjTQ&mime_type=video_mp4&qs=0&rc=NXZpTGRTaFBnKWxncmd5aHFsc3IxZGY5OTQ6Zmg3ZDs0MztkOTw5QGkzam5saW86ZWo8MzM0NjMzQFNsa3ZpcUQ6amtqXmJmK2BeaWpgYTojNWFeYTYyYjVeMWEzYC0yMGEjbm5qYmFhZmhfYS0tZDAvc3M%3D&btag=80000200008000&dy_q=1784386656&feature_id=d6a18d7c5414b1f1e95a75faf9147845&l=20260718225735068CF50E0279CA723407&ply_type=3&policy=eyJ2bSI6MywidWlkIjoiMzEyOTY1MDYwMzg4ODE4NSJ9,未使用,审核不通过,--,0,--,0,0,0,0,0,0,0,0,0,0,0,0
"	7662604396665045043",0714-瑞晨引导-7.mp4,https://video-cn.oceanengine.com/c3317b28d246f068064b1f14cc596146/6a5e3769/tos-cn-ve-51/oUY1KfUvEAsUgmV5QQtWKFmaXIbF0N47gBA6uI?a=1402&ch=0&cr=0&dr=3&cd=0%7C0%7C0%7C0&br=2028&bt=2028&cs=0&ds=3&ft=J9ThAGkHH_Myq8Z5BDL_e2NvjTQ&mime_type=video_mp4&qs=0&rc=NXZpTGRTaFBnKWxncmd5aHFsc3IxZGZpaTRpOzo0ZDtnMzpmNTZpQGlqNXk2ZG86ZWo8MzM0NjMzQFNsa3ZpcUQ6amtqXmJmK2BeaWpgYTojMC0yNWMwLzZgMWNeXjU2MWEjaWhiM2FhZmhfYS0tZDBhc3M%3D&btag=80000200008000&dy_q=1784386656&feature_id=d6a18d7c5414b1f1e95a75faf9147845&l=20260718225735068CF50E0279CA723407&ply_type=3&policy=eyJ2bSI6MywidWlkIjoiMzEyOTY1MDYwMzg4ODE4NSJ9,未使用,审核不通过,--,0,--,0,0,0,0,0,0,0,0,0,0,0,0
"	7662604291624632370",0714-瑞晨引导-10.mp4,https://video-cn.oceanengine.com/dd1dba868c1461b05885336845b84e9d/6a5e3771/tos-cn-ve-51/oMx7ICtmI7KBhHKA8XsaogImUXAtQR4QEXW1Ee?a=1402&ch=0&cr=0&dr=3&cd=0%7C0%7C0%7C0&br=2020&bt=2020&cs=0&ds=3&ft=J9ThAGkHH_Myq8Z5BDL_e2NvjTQ&mime_type=video_mp4&qs=0&rc=NXZpTGRTaFBnKWxncmd5aHFsc3IxZGZmZDs2ZGRmZzs5NDdkO2c1QGkzdjV5OG86ZWo8MzM0NjMzQFNsa3ZpcUQ6amtqXmJmK2BeaWpgYTojYjZjXzY2MF42MTI1MTEyYmEjMW9lYmFhbmhfYS0tZDAwc3M%3D&btag=80000200010000&dy_q=1784386656&feature_id=d6a18d7c5414b1f1e95a75faf9147845&l=20260718225735068CF50E0279CA723407&ply_type=3&policy=eyJ2bSI6MywidWlkIjoiMzEyOTY1MDYwMzg4ODE4NSJ9,未使用,审核不通过,--,0,--,0,0,0,0,0,0,0,0,0,0,0,0
"	7662604173449560073",0714-瑞晨引导-8.mp4,https://video-cn.oceanengine.com/b8743d4f0ce11da0d3ab3268f9e5f4b3/6a5e3769/tos-cn-ve-51/2adb22deb8f34c58beef289cb77bdd2d?a=1402&ch=0&cr=0&dr=3&cd=0%7C0%7C0%7C0&br=1834&bt=1834&cs=0&ds=3&ft=J9ThAGkHH_Myq8Z5BDL_e2NvjTQ&mime_type=video_mp4&qs=0&rc=NXZpTGRTaFBnKWxncmd5aHFsc3IxZGZpM2Q5PGY1ZzQ8O2hkOmlnQGlqaHM6ZW86ZWo8MzM0NjMzQFNsa3ZpcUQ6amtqXmJmK2BeaWpgYTojMTEtMi5hLl4xMTBgNjMyNGEjamFzZWFhZmhfYS0tZDAwc3M%3D&btag=80000200008000&dy_q=1784386656&feature_id=d6a18d7c5414b1f1e95a75faf9147845&l=20260718225735068CF50E0279CA723407&ply_type=3&policy=eyJ2bSI6MywidWlkIjoiMzEyOTY1MDYwMzg4ODE4NSJ9,未使用,审核不通过,--,0,--,0,0,0,0,0,0,0,0,0,0,0,0
"	7662602461531652123",0714-引导-雅迪-1.mp4,https://video-cn.oceanengine.com/b617f824c46309ac7d6318f342198258/6a5e3780/tos-cn-ve-51/o8DXhtgrGT0zZlxdcrJLlsICtQEaQWXIAAWAI?a=1402&ch=0&cr=0&dr=3&cd=0%7C0%7C0%7C0&br=924&bt=924&cs=0&ds=3&ft=J9ThAGkHH_Myq8Z5BDL_e2NvjTQ&mime_type=video_mp4&qs=0&rc=NXZpTGRTaFBnKWxncmd5aHFsc3IxZGY2M2Y3Z2VkNmU3NjQ7aDg0QGlqZnh0M286c2o8MzM0NjMzQFNsa3ZpcUQ6amtqXmJmK2BeaWpgYTojNmAzYTZjMzU2MTRjYGMxX2EjMmtuZmFhbmRfYS0tZDBhc3M%3D&btag=80000200018000&dy_q=1784386656&feature_id=d6a18d7c5414b1f1e95a75faf9147845&l=20260718225735068CF50E0279CA723407&ply_type=3&policy=eyJ2bSI6MywidWlkIjoiMzEyOTY1MDYwMzg4ODE4NSJ9,未使用,审核不通过,--,0,--,0,0,0,0,0,0,0,0,0,0,0,0
"	7662602460625453102",0714-引导-小敏-3.mp4,https://video-cn.oceanengine.com/06bbfbce659429f592e4e633f6957b82/6a5e3777/tos-cn-ve-51/oEd07zQUagIWXtIAYCH9AQ5YCaEE7cllIDi2z?a=1402&ch=0&cr=0&dr=3&cd=0%7C0%7C0%7C0&br=1017&bt=1017&cs=0&ds=3&ft=J9ThAGkHH_Myq8Z5BDL_e2NvjTQ&mime_type=video_mp4&qs=0&rc=NXZpTGRTaFBnKWxncmd5aHFsc3IxZGY0Mzo6ZTQ7OWg5ZDZpOGRoQGlqcmg0NW86cmo8MzM0NjMzQFNsa3ZpcUQ6amtqXmJmK2BeaWpgYTojNTIuLjQzLzY1MWI2YjQyNWEjMF4zbmFhXmRfYS0tZDAvc3M%3D&btag=80000200010000&dy_q=1784386656&feature_id=d6a18d7c5414b1f1e95a75faf9147845&l=20260718225735068CF50E0279CA723407&ply_type=3&policy=eyJ2bSI6MywidWlkIjoiMzEyOTY1MDYwMzg4ODE4NSJ9,未使用,审核不通过,--,0,--,0,0,0,0,0,0,0,0,0,0,0,0
"	7662602421063925806",0714-引导-小敏-1.mp4,https://video-cn.oceanengine.com/714add0d65a373027201e8f0056c0b6e/6a5e376c/tos-cn-ve-51/ogRAczkmXIQljEIlyAIBdXd3BQIVaYJCgtLiW?a=1402&ch=0&cr=0&dr=3&cd=0%7C0%7C0%7C0&br=1166&bt=1166&cs=0&ds=3&ft=J9ThAGkHH_Myq8Z5BDL_e2NvjTQ&mime_type=video_mp4&qs=0&rc=NXZpTGRTaFBnKWxncmd5aHFsc3IxZGY8ZDg2ZGc1O2k8OmU2aGRnQGlqNjpzNW86cmo8MzM0NjMzQFNsa3ZpcUQ6amtqXmJmK2BeaWpgYTojLS02YjY0Nl9jMTFfNS8vNGEjYmNkXmFhZmRfYS0tZDAvc3M%3D&btag=80000200008000&dy_q=1784386656&feature_id=d6a18d7c5414b1f1e95a75faf9147845&l=20260718225735068CF50E0279CA723407&ply_type=3&policy=eyJ2bSI6MywidWlkIjoiMzEyOTY1MDYwMzg4ODE4NSJ9,未使用,审核不通过,--,0,--,0,0,0,0,0,0,0,0,0,0,0,0
"	7662602366266474522",0714-引导-雅迪-2.mp4,https://video-cn.oceanengine.com/b670715cb82a5c48f937117f62c3f4f4/6a5e3773/tos-cn-ve-51/oYd0AWZBcbtwJXFlIaXLEQZI5dWCxuAzbCIQu?a=1402&ch=0&cr=0&dr=3&cd=0%7C0%7C0%7C0&br=803&bt=803&cs=0&ds=3&ft=J9ThAGkHH_Myq8Z5BDL_e2NvjTQ&mime_type=video_mp4&qs=0&rc=NXZpTGRTaFBnKWxncmd5aHFsc3IxZGY3ZjplNzZoZmc6OzpnNGg4QGlqaHczaG86c2o8MzM0NjMzQFNsa3ZpcUQ6amtqXmJmK2BeaWpgYTojL2BfXy0yY14vMTE0MS9gLmEjL2dmX2FhbmRfYS0tZDAwc3M%3D&btag=80000200010000&dy_q=1784386656&feature_id=d6a18d7c5414b1f1e95a75faf9147845&l=20260718225735068CF50E0279CA723407&ply_type=3&policy=eyJ2bSI6MywidWlkIjoiMzEyOTY1MDYwMzg4ODE4NSJ9,未使用,审核不通过,--,0,--,0,0,0,0,0,0,0,0,0,0,0,0
"	7662602623486935078",0714-浩正瑞晨-10-三改.mp4,https://video-cn.oceanengine.com/fa881039a79f8f38ef1714d04f0049fd/6a5e378c/tos-cn-ve-51/owhGHrA1g1g0ACESbUzQboAPEtgpjBfqRcIyfe?a=1402&ch=0&cr=0&dr=3&cd=0%7C0%7C0%7C0&br=706&bt=706&cs=0&ds=3&ft=J9ThAGkHH_Myq8Z5BDL_e2NvjTQ&mime_type=video_mp4&qs=0&rc=NXZpTGRTaFBnKWxncmd5aHFsc3IxZGZoM2dkODg1OjMzO2hlNmQ7QGlqOmczaG86NWo8MzM0NjMzQFNsa3ZpcUQ6amtqXmJmK2BeaWpgYTojXy02LmItNDUvMTYuMS8xX2Ejcmw0YmFhL2VfYS0tZDAvc3M%3D&btag=80000200018000&dy_q=1784386656&feature_id=d6a18d7c5414b1f1e95a75faf9147845&l=20260718225735068CF50E0279CA723407&ply_type=3&policy=eyJ2bSI6MywidWlkIjoiMzEyOTY1MDYwMzg4ODE4NSJ9,未使用,审核不通过,--,0,--,0,0,0,0,0,0,0,0,0,0,0,0
"	7662602581948547098",0714-浩正瑞晨-9-三改.mp4,https://video-cn.oceanengine.com/7611aac1532c4dc6208c5aeb611f645c/6a5e377d/tos-cn-ve-51/ogEXkIaHQignzIQQ0chBWpCA5WbAltMdEIFDP?a=1402&ch=0&cr=0&dr=3&cd=0%7C0%7C0%7C0&br=946&bt=946&cs=0&ds=3&ft=J9ThAGkHH_Myq8Z5BDL_e2NvjTQ&mime_type=video_mp4&qs=0&rc=NXZpTGRTaFBnKWxncmd5aHFsc3IxZGY7N2Y8OmU8aDppaDxlMzwzQGlqOnhvOm86NWo8MzM0NjMzQFNsa3ZpcUQ6amtqXmJmK2BeaWpgYTojMi1fNDBjNDZhMV8zXjMxNmEjLzVlLWFhL2VfYS0tZDAvc3M%3D&btag=80000200018000&dy_q=1784386656&feature_id=d6a18d7c5414b1f1e95a75faf9147845&l=20260718225735068CF50E0279CA723407&ply_type=3&policy=eyJ2bSI6MywidWlkIjoiMzEyOTY1MDYwMzg4ODE4NSJ9,未使用,审核不通过,--,0,--,0,0,0,0,0,0,0,0,0,0,0,0
"	7662602560545849371",0714-浩正瑞晨-6-三改.mp4,https://video-cn.oceanengine.com/869b8c5688d2db1a7bfdfa5fff73b6b4/6a5e378e/tos-cn-ve-51/oQASzXatdvVCAiA4DKQQclwIQrIEhlWSQIENp?a=1402&ch=0&cr=0&dr=3&cd=0%7C0%7C0%7C0&br=556&bt=556&cs=0&ds=3&ft=J9ThAGkHH_Myq8Z5BDL_e2NvjTQ&mime_type=video_mp4&qs=0&rc=NXZpTGRTaFBnKWxncmd5aHFsc3IxZGY8ZztlNTw8ZDY6aTM3aTlpQGkzajV4aW86NWo8MzM0NjMzQFNsa3ZpcUQ6amtqXmJmK2BeaWpgYTojMS0zL2M1MTZjMWAwYTA0YGEjNl4tXmFhL2VfYS0tZDAwc3M%3D&btag=80000200020000&dy_q=1784386656&feature_id=d6a18d7c5414b1f1e95a75faf9147845&l=20260718225735068CF50E0279CA723407&ply_type=3&policy=eyJ2bSI6MywidWlkIjoiMzEyOTY1MDYwMzg4ODE4NSJ9,未使用,审核不通过,--,0,--,0,0,0,0,0,0,0,0,0,0,0,0
"	7662602558097080370",0714-浩正瑞晨-5-三改.mp4,https://video-cn.oceanengine.com/065ef4bfd5874d49133a464378b93008/6a5e377c/tos-cn-ve-51/oAjXfoQE7EaAKmbt4GApF1CRHCJgmBQKIcMdI0?a=1402&ch=0&cr=0&dr=3&cd=0%7C0%7C0%7C0&br=609&bt=609&cs=0&ds=3&ft=J9ThAGkHH_Myq8Z5BDL_e2NvjTQ&mime_type=video_mp4&qs=0&rc=NXZpTGRTaFBnKWxncmd5aHFsc3IxZGZmZGg6ZTo3OzMzNTpnOmVmQGlqaGtnNm86NWo8MzM0NjMzQFNsa3ZpcUQ6amtqXmJmK2BeaWpgYTojMy8tXmNeXzY2MS40NDZjYGEjc2gzZmFhL2VfYS0tZDBhc3M%3D&btag=80000200010000&dy_q=1784386656&feature_id=d6a18d7c5414b1f1e95a75faf9147845&l=20260718225735068CF50E0279CA723407&ply_type=3&policy=eyJ2bSI6MywidWlkIjoiMzEyOTY1MDYwMzg4ODE4NSJ9,未使用,审核不通过,--,0,--,0,0,0,0,0,0,0,0,0,0,0,0
"	7662602552812486706",0714-浩正瑞晨-11-三改.mp4,https://video-cn.oceanengine.com/4bdaa2d718e161e9380d3ca469b329c1/6a5e377d/tos-cn-ve-51/ooQdEmA16KuERtZfP8KaZQgBmhgIAECaLIED74?a=1402&ch=0&cr=0&dr=3&cd=0%7C0%7C0%7C0&br=608&bt=608&cs=0&ds=3&ft=J9ThAGkHH_Myq8Z5BDL_e2NvjTQ&mime_type=video_mp4&qs=0&rc=NXZpTGRTaFBnKWxncmd5aHFsc3IxZGY7NjNmZ2Y2OTlnPDNmNDtnQGkzanBqOm86NWo8MzM0NjMzQFNsa3ZpcUQ6amtqXmJmK2BeaWpgYTojYTE2LjNjMV4wMV5fYzIyNGEjc21gZGFhL2VfYS0tZDBhc3M%3D&btag=80000200018000&dy_q=1784386656&feature_id=d6a18d7c5414b1f1e95a75faf9147845&l=20260718225735068CF50E0279CA723407&ply_type=3&policy=eyJ2bSI6MywidWlkIjoiMzEyOTY1MDYwMzg4ODE4NSJ9,未使用,审核不通过,--,0,--,0,0,0,0,0,0,0,0,0,0,0,0
"	",,,,,,,,,,,,,,,,,,,
