签名,渠道,广告账户ID,广告计划ID,抖音号名称（id）,平台素材ID,素材预览,素材名称,日期,素材标签,上传人,投放产品,素材投放产品,代理商,来源,生产属性,市场员,首次消耗时间,已上线投放天数,消耗,成交GMV,成交单量,ROI,CPM（千次曝光成本）,千次有效观看成本,CPA,CTR,CVR,3s播放率,千次曝光成交率,千次观看成交
0f7c09011f8083c73e0c8aff5bed1ec3,-,-,-,-,-,https://tutor-online.oss-cn-beijing.aliyuncs.com/growth/download-material/0f7c09011f8083c73e0c8aff5bed1ec3.mp4,20260527-猿辅导高中双科-实拍-买物理送数学-小贵-618-张焱-bj冷一丁-文涵立ec.mp4,-,,,199元高中双科提分课,199元高中双科提分课,荔枝,其他,0,wangjiananbj03,2026/6/2,48,0.64,0,0,0,160,0,0,0.00%,0.00%,-,0,0
b68d91c078080d079580ad67460a84ab,-,-,-,-,-,https://tutor-online.oss-cn-beijing.aliyuncs.com/growth/download-material/b68d91c078080d079580ad67460a84ab.mp4,0529-9物-玄武-李博-A5-B2-yfdwl0529h2浩10-锴-鑫-超-首,-,,,9元高中物理李博,9元高中物理李博,玄武,其他,0,wangruixuebj01,2026/6/13,37,151.38,0,0,0,105.79,5406.43,0,2.31%,0%,-,0,0
535fd3abbfc148bcf21cf9ad71190415,-,-,-,-,-,https://tutor-online.oss-cn-beijing.aliyuncs.com/growth/download-material/535fd3abbfc148bcf21cf9ad71190415.mp4,20260624-9物-代理-启航-李博-【b1-p6-a3-75-0630】-A5-B5-有-2,-,,,9元高中物理李博,9元高中物理李博,启航,代理商,0,wangruixuebj01,2026/7/10,10,0.08,0,0,0,6.15,0,0,0.00%,0.00%,-,0,0
87512d547d481635cfd020e32a81efd7,-,-,-,-,-,https://tutor-online.oss-cn-beijing.aliyuncs.com/growth/download-material/87512d547d481635cfd020e32a81efd7.mp4,0716-199双科-申坤-李博-李天-张佳乐-A1-B6-无-01,-,,,199元高中双科提分课,199元高中双科提分课,申坤,其他,0,wangjiananbj03,2026/7/17,3,0,0,0,0,0,0,0,0.00%,0.00%,-,0,0
2497e117ee5b7be6b151ade16a7b7fd9,-,-,-,-,-,https://tutor-online.oss-cn-beijing.aliyuncs.com/growth/download-material/2497e117ee5b7be6b151ade16a7b7fd9.mp4,20260604-猿辅导高中双科-实拍-买数学送物理-来得及-唐欣悦-bj于靖-李文静ec-视频号二创-3,-,,,199元高中双科提分课,199元高中双科提分课,荔枝,其他,0,wangjiananbj03,2026/6/6,44,106.22,0,0,0,96.83,10622,0,0.91%,0%,-,0,0
ff68f3e17b76d335ec1cf59e1bb01587,-,-,-,-,-,https://img-pub.oss-cn-beijing-internal.aliyuncs.com/19f5ae6de664881.mp4,20260611-9物-代理-启航-李博-【b1-p6-a1-61】-A5-B5-有-2,-,,,9元高中物理李博,9元高中物理李博,启航,代理商,0,wangruixuebj01,2026/7/15,5,318.53,0,0,0,82.03,4754.18,0,2.03%,0%,-,0,0
2ee70c7a620a48720e8a506ca0144551,-,-,-,-,-,https://tutor-online.oss-cn-beijing.aliyuncs.com/growth/download-material/2ee70c7a620a48720e8a506ca0144551.mp4,0703-199双科-申坤-李博-李天-姚恒-A2-B4-无-02,-,,,199元高中双科提分课,199元高中双科提分课,申坤,其他,0,wangjiananbj03,2026/7/6,14,0.07,0,0,0,7,0,0,0.00%,0.00%,-,0,0
6a52cc01a5fea4ed51c176c6b4352511,-,-,-,-,-,https://tutor-online.oss-cn-beijing.aliyuncs.com/growth/download-material/6a52cc01a5fea4ed51c176c6b4352511.mp4,20260711-猿辅导高中双科-实拍-千川-专家分享-买物送数-三年-通用-买物送数-求你啊-常文茜-bj郭铭泽-李文静yc-5,-,,,199元高中双科提分课,199元高中双科提分课,自投放,其他,0,wangjiananbj03,2026/7/16,4,0.01,0,0,0,1.67,0,0,0.00%,0.00%,-,0,0
cd0f93c94a05ef603aec1e300c75f71c,-,-,-,-,-,https://tutor-online.oss-cn-beijing.aliyuncs.com/growth/download-material/cd0f93c94a05ef603aec1e300c75f71c.mp4,20260630-猿辅导高中双科-实拍-千川-分数痛点-买数学送物理-一起-张焱-bj冷一丁-裂变-张晓洁yc-1,-,,,199元高中双科提分课,199元高中双科提分课,荔枝,其他,0,wangjiananbj03,2026/7/16,4,0.28,0,0,0,31.11,0,0,0.00%,0.00%,-,0,0
a12b9bdc5e1160743cab5cc222c9c1ab,-,-,-,-,-,https://tutor-online.oss-cn-beijing.aliyuncs.com/growth/download-material/a12b9bdc5e1160743cab5cc222c9c1ab.mp4,一键修复_20260619-猿辅导高中双科-实拍-千川-分数痛点-买数学送物理-能上-张焱-dr小五-裂变-张晓洁yc-4.mp4,-,,,199元高中双科提分课,199元高中双科提分课,荔枝,其他,0,wangjiananbj03,2026/6/19,31,176.78,398,2,2.25,78.29,4311.71,88.39,1.82%,4.88%,-,0.89,9707.32
4f4268981ade2c413624ee8b3d6bfbed,-,-,-,-,-,https://tutor-online.oss-cn-beijing.aliyuncs.com/growth/download-material/4f4268981ade2c413624ee8b3d6bfbed.mp4,99双科-1-0108-12,-,,,199元高中双科提分课,199元高中双科提分课,自投放,其他,0,wangjiananbj03,2026/7/9,11,300.21,0,0,0,103.24,17659.41,0,1.34%,0%,-,0,0
f1bed797835e977efdd3fc7caffdf5c6,-,-,-,-,-,https://tutor-online.oss-cn-beijing.aliyuncs.com/growth/download-material/f1bed797835e977efdd3fc7caffdf5c6.mp4,0610-199双科-自产-自产主-李博-视觉锤-子衿-A3-B1-无-3.mp4,-,,,199元高中双科提分课,199元高中双科提分课,荔枝,其他,0,wangjiananbj03,2026/6/19,31,0.01,0,0,0,10,10,0,100.00%,0.00%,-,0,0
c5e19dc6396de69b4cd64ca43fee1c1f,-,-,-,-,-,https://tutor-online.oss-cn-beijing.aliyuncs.com/growth/download-material/c5e19dc6396de69b4cd64ca43fee1c1f.mp4,0714-199双科-申坤-李博-李天-卞俊洁-A1-B4-有-02,-,,,199元高中双科提分课,199元高中双科提分课,申坤,其他,0,wangjiananbj03,2026/7/14,6,66.91,0,0,0,6.32,9558.57,0,0.13%,0%,-,0,0
ba49c37c59056bb7bcba8bec777a2e9a,-,-,-,-,-,https://tutor-online.oss-cn-beijing.aliyuncs.com/growth/download-material/ba49c37c59056bb7bcba8bec777a2e9a.mp4,0703-199双科-申坤-李博-李天-卞俊洁-A2-B4-无-27,-,,,199元高中双科提分课,199元高中双科提分课,申坤,其他,0,wangjiananbj03,2026/7/5,15,66650.98,25273,127,0.38,151.19,23158.78,524.81,0.98%,2.95%,-,0.29,8781.45
7599a2786a6a81e36fab7bae2950c335,-,-,-,-,-,https://tutor-online.oss-cn-beijing.aliyuncs.com/growth/download-material/7599a2786a6a81e36fab7bae2950c335.mp4,20260624-猿辅导高中双科-实拍-千川-买数送物-199学三年--唐欣悦-bj于靖--张晓洁yc-1（前贴改）.mp4,-,,,199元高中双科提分课,199元高中双科提分课,荔枝,其他,0,wangjiananbj03,2026/6/27,23,0.73,0,0,0,121.67,0,0,0.00%,0.00%,-,0,0
e72bc47ee2f797d3a8ec0e42a083cb45,-,-,-,-,-,https://tutor-online.oss-cn-beijing.aliyuncs.com/growth/download-material/e72bc47ee2f797d3a8ec0e42a083cb45.mp4,20260627-猿辅导高中双科-实拍-视频号-ip李博-买物送数-199学三年-毫无困难-常文茜-IP李博-裂变-詹铠任yc.mp4,-,,,199元高中双科提分课,199元高中双科提分课,荔枝,其他,0,wangjiananbj03,2026/7/8,12,0.47,0,0,0,27.65,0,0,0.00%,0.00%,-,0,0
0eff12057c6f01414217bb3b7a0ddf39,-,-,-,-,-,https://tutor-online.oss-cn-beijing.aliyuncs.com/growth/download-material/0eff12057c6f01414217bb3b7a0ddf39.mp4,20260704-猿辅导高中双科-实拍-千川-活动-买数送物-打算-张焱-bj于静-二创-叶俊泽ec-10.mp4,-,,,199元高中双科提分课,199元高中双科提分课,荔枝,其他,0,wangjiananbj03,2026/7/9,11,1.27,0,0,0,66.84,1270,0,5.26%,0.00%,-,0,0
d0f44eac07faf4fd3ee5228637fea88d,-,-,-,-,-,https://tutor-online.oss-cn-beijing.aliyuncs.com/growth/download-material/d0f44eac07faf4fd3ee5228637fea88d.mp4,20260708-猿辅导高中双科-实拍-活动-不是-张焱-bj毕娇-裂变-张晓洁yc-1,-,,,199元高中双科提分课,199元高中双科提分课,荔枝,代理商,0,wangjiananbj03,2026/7/9,11,53.18,0,0,0,122.53,53180,0,0.46%,0%,-,0,0
5a302eb09a381a61f9df1677e34c12f9,-,-,-,-,-,https://img-pub.oss-cn-beijing-internal.aliyuncs.com/19f1278fc715dcb.mp4,9元视频1152-0620-9物-代理-十人-李博-jzt-bmqr-A2-B2-pcc-2,-,,,9元高中物理李博,9元高中物理李博,十人,代理商,0,wangruixuebj01,2026/6/30,20,19.13,0,0,0,102.3,9565,0,0.53%,0%,-,0,0
8effa350cfd81550c142d4f6bf22391b,-,-,-,-,-,https://tutor-online.oss-cn-beijing.aliyuncs.com/growth/download-material/8effa350cfd81550c142d4f6bf22391b.mp4,0714-199双科-申坤-李博-李天-卞俊洁-A2-B4-有-02,-,,,199元高中双科提分课,199元高中双科提分课,申坤,其他,0,wangjiananbj03,2026/7/15,5,50.52,0,0,0,95.68,12630,0,0.95%,0%,-,0,0
5fd43734c6d3db3e304c141f344b534d,-,-,-,-,-,https://tutor-online.oss-cn-beijing.aliyuncs.com/growth/download-material/5fd43734c6d3db3e304c141f344b534d.mp4,20260612-猿辅导高中双科-实拍-千川-活动-五科-199学三年-不要-唐欣悦-詹铠任-cd鲨鱼-叶俊泽yc-1-前贴2.mp4,-,,,199元高中双科提分课,199元高中双科提分课,荔枝,代理商,0,wangjiananbj03,2026/6/18,32,1.34,0,0,0,70.53,1340,0,5.26%,0.00%,-,0,0
57ce7052e248b17cbda79731bc92c0a4,-,-,-,-,-,https://tutor-online.oss-cn-beijing.aliyuncs.com/growth/download-material/57ce7052e248b17cbda79731bc92c0a4.mp4,20260626-猿辅导高中双科-图-红花-张焱拼实拍-活动-买数送物-全年-跟你-张焱-cd鲨鱼- 李文静ec-视频号二创-1.mp4,-,,,199元高中双科提分课,199元高中双科提分课,荔枝,其他,0,wangjiananbj03,2026/7/1,19,690.77,398,2,0.58,102.4,4514.84,345.39,2.27%,1.31%,-,0.3,2601.31
bdc72f395f1b996c9ca488bab2a5eb3a,-,-,-,-,-,https://tutor-online.oss-cn-beijing.aliyuncs.com/growth/download-material/bdc72f395f1b996c9ca488bab2a5eb3a.mp4,20260618-9物-代理-启航-李博-【b1-p6-a1-54】-A5-B5-有-2,-,,,9元高中物理李博,9元高中物理李博,启航,代理商,0,wangruixuebj01,-,-,0,0,0,0,0,0,0,0.00%,0.00%,-,0,0
524bc293a03758b51c3d4e178da21d8f,-,-,-,-,-,https://img-pub.oss-cn-beijing-internal.aliyuncs.com/19f5ae9927f43d7.mp4,20260708-9物-代理-启航-李博-【b1-p6-j9-39】,-,,,9元高中物理李博,9元高中物理李博,启航,代理商,0,wangruixuebj01,2026/7/15,5,68.59,0,0,0,62.07,3610,0,1.72%,0%,-,0,0
484d5981098dddcf295c9dda32dea2c4,-,-,-,-,-,https://tutor-online.oss-cn-beijing.aliyuncs.com/growth/download-material/484d5981098dddcf295c9dda32dea2c4.mp4,9元视频990-0528拓1-9物-十人-bwxy-ylb-A2-B4-jzzy-jzmj-pwjl-4,-,,,9元高中物理李博,9元高中物理李博,十人,代理商,0,wangruixuebj01,2026/5/29,52,34.16,0,0,0,163.44,17080,0,2.39%,0%,-,0,0
0455bd0cf3e266f77bc5f26c02427f72,-,-,-,-,-,https://img-pub.oss-cn-beijing-internal.aliyuncs.com/19eaafa2056e95f.mp4,0605-9物-玄武-李博-A2-B4-yfdwl0605h1浩5-锴-鑫-龙-首,-,,,9元高中物理李博,9元高中物理李博,玄武,代理商,0,wangruixuebj01,2026/6/10,40,70.07,0,0,0,68.03,5005,0,1.36%,0%,-,0,0
e809bd31083cd98692e60f74c7ef465e,-,-,-,-,-,https://tutor-online.oss-cn-beijing.aliyuncs.com/growth/download-material/e809bd31083cd98692e60f74c7ef465e.mp4,20260630-猿辅导高中双科-实拍-千川-活动-老天爷-唐欣悦-dr宝藏诗诗姐--李文静yc-2-前贴.mp4,-,,,199元高中双科提分课,199元高中双科提分课,荔枝,其他,0,wangjiananbj03,2026/7/3,17,12.77,0,0,0,319.25,6385,0,5.00%,0.00%,-,0,0
8f8253022e4d6ebee4fc22c7f6041796,-,-,-,-,-,https://tutor-online.oss-cn-beijing.aliyuncs.com/growth/download-material/8f8253022e4d6ebee4fc22c7f6041796.mp4,20260713-猿辅导高中双科-实拍-千川-性价比-买物送数-199学全年-幸亏-唐欣悦-cd张璐-岳久鸿-裂变-张晓洁yc-2.1.mp4,-,,,199元高中双科提分课,199元高中双科提分课,荔枝,其他,0,wangjiananbj03,2026/7/14,6,1.11,0,0,0,34.69,1110,0,3.13%,0.00%,-,0,0
fe077022d558edd07d29cbdbf9525e39,-,-,-,-,-,https://tutor-online.oss-cn-beijing.aliyuncs.com/growth/download-material/fe077022d558edd07d29cbdbf9525e39.mp4,一键修复_20260711-猿辅导高中双科-实拍-千川-活动-通用-买数送物-通知一下-李莹莹-cd佳怡-詹铠任-张雪依yc-4.mp4,-,,,199元高中双科提分课,199元高中双科提分课,荔枝,其他,0,wangjiananbj03,2026/7/16,4,0.14,0,0,0,140,0,0,0.00%,0.00%,-,0,0
01b0af6e8fa268eda07bd2e1a94790f0,-,-,-,-,-,https://tutor-online.oss-cn-beijing.aliyuncs.com/growth/download-material/01b0af6e8fa268eda07bd2e1a94790f0.mp4,20260630-猿辅导高中双科-实拍-千川-活动-199学三年-买数送物-割韭菜-唐欣悦-bj庄紫薇--李文静yc-3,-,,,199元高中双科提分课,199元高中双科提分课,荔枝,其他,0,wangjiananbj03,2026/7/9,11,0.34,0,0,0,30.91,0,0,0.00%,0.00%,-,0,0
be47e5667809d927103552a5851c1c0d,-,-,-,-,-,https://tutor-online.oss-cn-beijing.aliyuncs.com/growth/download-material/be47e5667809d927103552a5851c1c0d.mp4,20260613-猿辅导高中双科-实拍-塑品-买数送物-全年-舍得-张焱-bj李栎-张雪依ec-二创-2,-,,,199元高中双科提分课,199元高中双科提分课,荔枝,其他,0,wangjiananbj03,2026/6/30,20,13.04,0,0,0,64.55,0,0,0.50%,0%,-,0,0
1915bb18429b6a0b72fccb6e3d5bf3ec,-,-,-,-,-,https://tutor-online.oss-cn-beijing.aliyuncs.com/growth/download-material/1915bb18429b6a0b72fccb6e3d5bf3ec.mp4,20260630-猿辅导高中双科-实拍-千川-暑期规划-199学全年-就敢-高二-唐欣悦-bj冷一丁--张晓洁yc-2（前贴改）-改1.mp4,-,,,199元高中双科提分课,199元高中双科提分课,荔枝,其他,0,wangjiananbj03,2026/7/16,4,0.19,0,0,0,190,0,0,0.00%,0.00%,-,0,0
de7ae16f5cfc4a60fd8bad2aa090edb5,-,-,-,-,-,https://tutor-online.oss-cn-beijing.aliyuncs.com/growth/download-material/de7ae16f5cfc4a60fd8bad2aa090edb5.mp4,0708-199双科-申坤-李博-李天-卞俊洁-A2-B4-有-高二高三-06,-,,,199元高中双科提分课,199元高中双科提分课,申坤,其他,0,wangjiananbj03,2026/7/9,11,0.76,0,0,0,58.46,0,0,0.00%,0.00%,-,0,0
51a345fa939c495543951f8531f9be2e,-,-,-,-,-,https://tutor-online.oss-cn-beijing.aliyuncs.com/growth/download-material/51a345fa939c495543951f8531f9be2e.mp4,20260701-猿辅导高中双科-实拍-千川-199学三年数学--唐欣悦-bj郭铭泽-二创-张晓洁ec-2.mp4,-,,,199元高中双科提分课,199元高中双科提分课,荔枝,其他,0,wangjiananbj03,2026/7/7,13,3.67,0,0,0,203.89,1835,0,11.11%,0.00%,-,0,0
d3f9ab2b2f0b9a5c063041544945349e,-,-,-,-,-,https://tutor-online.oss-cn-beijing.aliyuncs.com/growth/download-material/d3f9ab2b2f0b9a5c063041544945349e.mp4,20260616-猿辅导高中双科-实拍-活动-夏他-张焱-bj李赛-二创-张晓洁ec-2,-,,,199元高中双科提分课,199元高中双科提分课,荔枝,其他,0,wangjiananbj03,2026/7/4,16,367.07,0,0,0,122.19,26219.29,0,0.87%,0%,-,0,0
d7c21fef4b7352d7940e55b41cc6c478,-,-,-,-,-,https://img-pub.oss-cn-beijing-internal.aliyuncs.com/19f127935b8f5df.mp4,9元视频1157-0624-9物-代理-十人-李博-jzzy-bmqr-A2-B2-pcc-有-2-ai分享,-,,,9元高中物理李博,9元高中物理李博,十人,代理商,0,wangruixuebj01,2026/6/30,20,2.38,0,0,0,12.66,0,0,0.00%,0.00%,-,0,0
7619ff15919fac9042e6cc39f5c114d7,-,-,-,-,-,https://tutor-online.oss-cn-beijing.aliyuncs.com/growth/download-material/7619ff15919fac9042e6cc39f5c114d7.mp4,0630-199双科-申坤-李博-李天-卞俊洁-A2-B4-无-17,-,,,199元高中双科提分课,199元高中双科提分课,申坤,其他,0,wangjiananbj03,2026/7/5,15,562.56,0,0,0,189.16,20835.56,0,1.18%,0%,-,0,0
4418237fc115db03e8891f5d9d2cb043,-,-,-,-,-,https://tutor-online.oss-cn-beijing.aliyuncs.com/growth/download-material/4418237fc115db03e8891f5d9d2cb043.mp4,0615-9物-玄武-李博-白潇凯-李明雪-A1-B4-有-yfdwl0615b1浩4-雪-白-龙-首,-,,,9元高中物理李博,9元高中物理李博,玄武,其他,0,wangruixuebj01,2026/6/18,32,0,9,1,0,0,0,0,0.00%,0.00%,-,0,0
ac167487da6a75366cca89a9ed35e2d1,-,-,-,-,-,https://tutor-online.oss-cn-beijing.aliyuncs.com/growth/download-material/ac167487da6a75366cca89a9ed35e2d1.mp4,20260623-猿辅导高中数学199-实拍-活动-划走-张焱-bj李栎-勒边-张晓洁yc-6.mp4,-,,,199元高中双科提分课,199元高中双科提分课,荔枝,其他,0,wangjiananbj03,2026/6/23,27,88.27,0,0,0,51.59,4203.33,0,1.23%,0.00%,-,0,0
8a2509e5ed9cd8e6e85005f5d334008a,-,-,-,-,-,https://tutor-online.oss-cn-beijing.aliyuncs.com/growth/download-material/8a2509e5ed9cd8e6e85005f5d334008a.mp4,20260625-猿辅导高中数物双科-实拍-活动-退了-张焱-cd张璐-裂变-张晓洁yc-2,-,,,199元高中双科提分课,199元高中双科提分课,荔枝,代理商,0,wangjiananbj03,2026/7/9,11,20.15,0,0,0,98.77,0,0,0.00%,0.00%,-,0,0
4fe0212a5dba7787b53ae17d7387dfcc,-,-,-,-,-,https://tutor-online.oss-cn-beijing.aliyuncs.com/growth/download-material/4fe0212a5dba7787b53ae17d7387dfcc.mp4,null-自动生成-20-202607111525,-,,,199元高中双科提分课,199元高中双科提分课,申坤,其他,0,wangjiananbj03,2026/7/12,8,4.54,0,0,0,56.05,0,0,0.00%,0.00%,-,0,0
5187977ba783b2e97d781f0f8cbca2bc,-,-,-,-,-,https://tutor-online.oss-cn-beijing.aliyuncs.com/growth/download-material/5187977ba783b2e97d781f0f8cbca2bc.mp4,20260704-猿辅导高中双科-混剪-图-张凌-张焱-张雪依yc-15改-高二.mp4,-,,,199元高中双科提分课,199元高中双科提分课,荔枝,其他,0,wangjiananbj03,2026/7/9,11,0.8,0,0,0,53.33,0,0,0.00%,0.00%,-,0,0
7baaf017e97d16a915c318644ad17d64,-,-,-,-,-,https://tutor-online.oss-cn-beijing.aliyuncs.com/growth/download-material/7baaf017e97d16a915c318644ad17d64.mp4,妙思自动生成-232-202607091747,-,,,199元高中双科提分课,199元高中双科提分课,荔枝,其他,0,wangjiananbj03,2026/7/9,11,132.24,199,1,1.5,174.69,132240,132.24,0.40%,33.33%,-,1.32,199000
469b017586da25f423258990eff815f6,-,-,-,-,-,https://tutor-online.oss-cn-beijing.aliyuncs.com/growth/download-material/469b017586da25f423258990eff815f6.mp4,妙思自动生成-232-202607100148,-,,,199元高中双科提分课,199元高中双科提分课,荔枝,其他,0,wangjiananbj03,2026/7/10,10,0.33,0,0,0,15.71,0,0,0.00%,0.00%,-,0,0
06ddc1af2b26c9f29a0e76d5061abf2e,-,-,-,-,-,https://tutor-online.oss-cn-beijing.aliyuncs.com/growth/download-material/06ddc1af2b26c9f29a0e76d5061abf2e.mp4,20260711-猿辅导高中双科-实拍-千川-专家分享-买物送数-三年-通用-买物送数-求你啊-常文茜-bj郭铭泽-李文静yc-5-前贴,-,,,199元高中双科提分课,199元高中双科提分课,自投放,其他,0,wangjiananbj03,2026/7/16,4,0.83,0,0,0,41.5,0,0,0.00%,0.00%,-,0,0
e53ba1b152bc632b0348a0c697ecb19b,-,-,-,-,-,https://tutor-online.oss-cn-beijing.aliyuncs.com/growth/download-material/e53ba1b152bc632b0348a0c697ecb19b.mp4,20260711-猿辅导高中双科-实拍-千川-活动-高三-五科-当然要买-常文茜-cd杨嘉欣-岳久鸿-张雪依yc-2.mp4,-,,,199元高中双科提分课,199元高中双科提分课,荔枝,其他,0,wangjiananbj03,2026/7/16,4,0.1,0,0,0,100,0,0,0.00%,0.00%,-,0,0
1ad23e684238bfd619ccb98173a2fe2f,-,-,-,-,-,https://tutor-online.oss-cn-beijing.aliyuncs.com/growth/download-material/1ad23e684238bfd619ccb98173a2fe2f.mp4,0710-199双科-申坤-李博-李天-张佳乐-A3-B5-有-高二高三-3,-,,,199元高中双科提分课,199元高中双科提分课,申坤,其他,0,wangjiananbj03,2026/7/14,6,1.99,0,0,0,19.9,1990,0,1.00%,0%,-,0,0
27950d5d3913253952ac623d7e198adf,-,-,-,-,-,https://tutor-online.oss-cn-beijing.aliyuncs.com/growth/download-material/27950d5d3913253952ac623d7e198adf.mp4,一键修复_20260704-猿辅导高中双科-混剪-图-张凌-张焱-张雪依yc-4改-高二高三.mp4,-,,,199元高中双科提分课,199元高中双科提分课,荔枝,其他,0,wangjiananbj03,2026/7/7,13,3.91,0,0,0,126.13,558.57,0,22.58%,0.00%,-,0,0
ffc63da55af824ec8b420b80031ade2b,-,-,-,-,-,https://tutor-online.oss-cn-beijing.aliyuncs.com/growth/download-material/ffc63da55af824ec8b420b80031ade2b.mp4,20260711-猿辅导高中双科-实拍-活动-放心-张焱-bj刘能能-高二-李文静ec-二创-6,-,,,199元高中双科提分课,199元高中双科提分课,荔枝,其他,0,wangjiananbj03,2026/7/15,5,0.12,0,0,0,10,0,0,0.00%,0.00%,-,0,0
004fb656db963fc49945632aa61eef95,-,-,-,-,-,https://tutor-online.oss-cn-beijing.aliyuncs.com/growth/download-material/004fb656db963fc49945632aa61eef95.mp4,20260624-猿辅导高中双科-实拍-千川-买数送物-199学三年--唐欣悦-bj于靖--张晓洁yc-1（前贴改）,-,,,199元高中双科提分课,199元高中双科提分课,荔枝,其他,0,wangjiananbj03,2026/7/1,19,11.99,0,0,0,56.29,0,0,0.47%,0%,-,0,0
6c495c8a210d8b84bda55b0e2099eeb4,-,-,-,-,-,https://tutor-online.oss-cn-beijing.aliyuncs.com/growth/download-material/6c495c8a210d8b84bda55b0e2099eeb4.mp4,0706-199双科-申坤-李博-李天-卞俊洁-A5-B5-有-高二高三-5,-,,,199元高中双科提分课,199元高中双科提分课,申坤,其他,0,wangjiananbj03,2026/7/8,12,12.23,0,0,0,41.18,0,0,0.00%,0.00%,-,0,0
49cd00844f240ac6246f58c82f6a0148,-,-,-,-,-,https://tutor-online.oss-cn-beijing.aliyuncs.com/growth/download-material/49cd00844f240ac6246f58c82f6a0148.mp4,20260624-9物-代理-启航-李博-【b1-p6-a3-69-0630】-A5-B5-有-2,-,,,9元高中物理李博,9元高中物理李博,启航,代理商,0,wangruixuebj01,2026/7/10,10,244.31,9,1,0.04,107.25,8143.67,244.31,1.40%,3.13%,-,0.44,300
ce3c604454b76883eab5e41cb3735161,-,-,-,-,-,https://tutor-online.oss-cn-beijing.aliyuncs.com/growth/download-material/ce3c604454b76883eab5e41cb3735161.mp4,20260630-猿辅导高中双科-实拍-千川-活动-199学三年-买数送物-割韭菜-唐欣悦-bj庄紫薇--李文静yc-3.mp4,-,,,199元高中双科提分课,199元高中双科提分课,荔枝,其他,0,wangjiananbj03,2026/7/3,17,5.46,0,0,0,210,910,0,23.08%,0.00%,-,0,0
bafe0ee37b0a07fccb6c65a800d286fb,-,-,-,-,-,https://tutor-online.oss-cn-beijing.aliyuncs.com/growth/download-material/bafe0ee37b0a07fccb6c65a800d286fb.mp4,20260530-猿辅导高中双科-实拍-买物理送数学-不花-张焱-cd金花-张雪依ec-二创-6.mp4,-,,,199元高中双科提分课,199元高中双科提分课,荔枝,其他,0,wangjiananbj03,2026/6/2,48,0.47,0,0,0,39.17,0,0,0.00%,0.00%,-,0,0
15aa5b8677a610d64ea77d0c750e17b9,-,-,-,-,-,https://tutor-online.oss-cn-beijing.aliyuncs.com/growth/download-material/15aa5b8677a610d64ea77d0c750e17b9.mp4,0707-199双科-申坤-李博-李天-王合云-A1-B2-无-高二高三-20,-,,,199元高中双科提分课,199元高中双科提分课,申坤,其他,0,wangjiananbj03,2026/7/7,13,5.66,0,0,0,24.61,0,0,0.00%,0.00%,-,0,0
bb783546d3be3eae975fcc9f62c50a25,-,-,-,-,-,https://img-pub.oss-cn-beijing-internal.aliyuncs.com/19f5ae990e61bac.mp4,20260708-9物-代理-启航-李博-【b1-p6-j9-37】,-,,,9元高中物理李博,9元高中物理李博,启航,代理商,0,wangruixuebj01,2026/7/15,5,7.23,0,0,0,82.16,7230,0,1.14%,0%,-,0,0
73587758592ecea506671fcfec45c6b0,-,-,-,-,-,https://tutor-online.oss-cn-beijing.aliyuncs.com/growth/download-material/73587758592ecea506671fcfec45c6b0.mp4,0708-9物-玄武-混剪-杨丽莹-胡原宁-A5-B3-无-8-yfdwl0709z1浩8-宁-莹-首,-,,,9元高中物理李博,9元高中物理李博,玄武,代理商,0,wangruixuebj01,2026/7/14,6,12.14,0,0,0,24.28,1348.89,0,1.80%,0%,-,0,0
9fe4372c2ecb00faba5c08220ec457e5,-,-,-,-,-,https://tutor-online.oss-cn-beijing.aliyuncs.com/growth/download-material/9fe4372c2ecb00faba5c08220ec457e5.mp4,0706-199双科-申坤-李博-李天-卞俊洁-A2-B5-有-高二高三-2,-,,,199元高中双科提分课,199元高中双科提分课,申坤,其他,0,wangjiananbj03,2026/7/10,10,8.95,0,0,0,54.57,0,0,0.00%,0.00%,-,0,0
a68a9bec59aa9d1539265664182c31d5,-,-,-,-,-,https://tutor-online.oss-cn-beijing.aliyuncs.com/growth/download-material/a68a9bec59aa9d1539265664182c31d5.mp4,20260612-猿辅导高中双科-实拍-千川-活动-买数学送物理-抱歉-张焱-cd张璐-袁北辰ec-二创-2,-,,,199元高中双科提分课,199元高中双科提分课,荔枝,其他,0,wangjiananbj03,2026/6/30,20,0.1,0,0,0,10,0,0,0.00%,0.00%,-,0,0
9b86a11749a76345cc22d85332f0c6f6,-,-,-,-,-,https://tutor-online.oss-cn-beijing.aliyuncs.com/growth/download-material/9b86a11749a76345cc22d85332f0c6f6.mp4,视频-720_1280-1-1781160740,-,,,9元高中物理李博,9元高中物理李博,十人,代理商,0,wangruixuebj01,2026/6/12,38,14.2,0,0,0,107.58,4733.33,0,2.27%,0%,-,0,0
82374e873ad3183326607653171f3837,-,-,-,-,-,https://tutor-online.oss-cn-beijing.aliyuncs.com/growth/download-material/82374e873ad3183326607653171f3837.mp4,20260703-猿辅导高中双科-实拍-活动-放心-张焱-李赛-bj刘能能-裂变-李文静ec-二创-2,-,,,199元高中双科提分课,199元高中双科提分课,自投放,其他,0,wangjiananbj03,2026/7/10,10,6404.29,2985,15,0.47,56.46,24537.51,426.95,0.37%,3.54%,-,0.13,11436.78
72cc214c68f839d4e964ed88b59763ac,-,-,-,-,-,https://tutor-online.oss-cn-beijing.aliyuncs.com/growth/download-material/72cc214c68f839d4e964ed88b59763ac.mp4,9元视频1195-0625-9物-代理-十人-李博-jjsx-bwxy-A2-B1-pwjl-pcc-有-2(1),-,,,9元高中物理李博,9元高中物理李博,十人,代理商,0,wangruixuebj01,-,-,0,0,0,0,0,0,0,0.00%,0.00%,-,0,0
c0e2cc64f1f1399625d428f5a5ced120,-,-,-,-,-,https://tutor-online.oss-cn-beijing.aliyuncs.com/growth/download-material/c0e2cc64f1f1399625d428f5a5ced120.mp4,20260530-猿辅导高中双科-实拍-活动-多少-张焱-bj李赛-张雪依ec-二创-2.mp4,-,,,199元高中双科提分课,199元高中双科提分课,荔枝,其他,0,wangjiananbj03,2026/6/2,48,22.65,0,0,0,174.23,5662.5,0,3.08%,0.00%,-,0,0
ae7010adfe97acd71912108b7aff850d,-,-,-,-,-,https://tutor-online.oss-cn-beijing.aliyuncs.com/growth/download-material/ae7010adfe97acd71912108b7aff850d.mp4,20260626-猿辅导高中双科-实拍-活动-他们夏能-张焱-bj刘能能-张晓洁yc-1.1（前贴2）,-,,,199元高中双科提分课,199元高中双科提分课,荔枝,其他,0,wangjiananbj03,2026/7/15,5,39.8,0,0,0,24.72,3316.67,0,0.75%,0%,-,0,0
b12b0aa2b1b14ee597c516802667f06a,-,-,-,-,-,https://img-pub.oss-cn-beijing-internal.aliyuncs.com/19f12795755bd64.mp4,9元视频1160-0624-9物-十人-bmqr-ylb-A2-B4-jclb-pwjl-1,-,,,9元高中物理李博,9元高中物理李博,十人,代理商,0,wangruixuebj01,2026/6/30,20,0,0,0,0,0,0,0,0.00%,0.00%,-,0,0
3670c57d0c0e0c0be4b50e7afe2b9305,-,-,-,-,-,https://tutor-online.oss-cn-beijing.aliyuncs.com/growth/download-material/3670c57d0c0e0c0be4b50e7afe2b9305.mp4,0708-199双科-申坤-李博-李天-卞俊洁-A2-B4-无-3,-,,,199元高中双科提分课,199元高中双科提分课,申坤,其他,0,wangjiananbj03,2026/7/9,11,33.39,0,0,0,33.06,11130,0,0.69%,0%,-,0,0
8c3a145cedb07faf60c6999c722904d2,-,-,-,-,-,https://tutor-online.oss-cn-beijing.aliyuncs.com/growth/download-material/8c3a145cedb07faf60c6999c722904d2.mp4,一键修复_20260615-猿辅导高中双科-实拍-千川-活动-上哪儿去找-唐欣悦-cd杨嘉欣-岳久鸿-李文静yc-1.mp4,-,,,199元高中双科提分课,199元高中双科提分课,荔枝,其他,0,wangjiananbj03,2026/6/25,25,0.59,0,0,0,34.71,590,0,5.88%,0.00%,-,0,0
00c772970c1cb90b7bfd31eae2909e58,-,-,-,-,-,https://tutor-online.oss-cn-beijing.aliyuncs.com/growth/download-material/00c772970c1cb90b7bfd31eae2909e58.mp4,0628-199双科-申坤-李博-李天-姚恒-A1-B4-无-02,-,,,199元高中双科提分课,199元高中双科提分课,申坤,其他,0,wangjiananbj03,2026/7/3,17,5.73,0,0,0,73.46,0,0,0.00%,0.00%,-,0,0
3918d008ade52d1ed080c734703b68e3,-,-,-,-,-,https://tutor-online.oss-cn-beijing.aliyuncs.com/growth/download-material/3918d008ade52d1ed080c734703b68e3.mp4,0709-199双科-申坤-李博-李天-张佳乐-A2-B4-无-高二高三-5,-,,,199元高中双科提分课,199元高中双科提分课,申坤,其他,0,wangjiananbj03,2026/7/14,6,9.02,0,0,0,45.56,3006.67,0,1.52%,0%,-,0,0
390b4dc667759682b0f4c0b7d346e434,-,-,-,-,-,https://tutor-online.oss-cn-beijing.aliyuncs.com/growth/download-material/390b4dc667759682b0f4c0b7d346e434.mp4,0716-199双科-申坤-李博-李天-张佳乐-A7-B5-有-07,-,,,199元高中双科提分课,199元高中双科提分课,申坤,其他,0,wangjiananbj03,2026/7/16,4,0.07,0,0,0,5.38,0,0,0.00%,0.00%,-,0,0
9d809657d6df78b6cce0dc3c5270522b,-,-,-,-,-,https://tutor-online.oss-cn-beijing.aliyuncs.com/growth/download-material/9d809657d6df78b6cce0dc3c5270522b.mp4,0702-199双科-申坤-李博-李天-姚恒-A1-B4-无-02,-,,,199元高中双科提分课,199元高中双科提分课,申坤,代理商,0,wangjiananbj03,2026/7/3,17,0.01,0,0,0,2,0,0,0.00%,0.00%,-,0,0
702045e6d3e3c3da492f4494b0291ead,-,-,-,-,-,https://tutor-online.oss-cn-beijing.aliyuncs.com/growth/download-material/702045e6d3e3c3da492f4494b0291ead.mp4,一键修复_20260701-猿辅导高中双科-混剪-视频号-图-广告夜晚-张焱-裂变-张晓洁yc-9.mp4,-,,,199元高中双科提分课,199元高中双科提分课,荔枝,其他,0,wangjiananbj03,2026/7/3,17,34.89,0,0,0,295.68,3171.82,0,9.32%,0.00%,-,0,0
5f3ec24461c88f82326bfbce127fffeb,-,-,-,-,-,https://tutor-online.oss-cn-beijing.aliyuncs.com/growth/download-material/5f3ec24461c88f82326bfbce127fffeb.mp4,20260708-猿辅导高中双科-实拍-千川-买数送物-专家分享-可以不-高二-张焱-dr珈岐妈妈--张晓洁yc-1（前贴）.mp4,-,,,199元高中双科提分课,199元高中双科提分课,荔枝,其他,0,wangjiananbj03,2026/7/13,7,33.16,0,0,0,90.85,4145,0,2.19%,0.00%,-,0,0
43b3d37c7df9e3adc1d7437332c0f121,-,-,-,-,-,https://tutor-online.oss-cn-beijing.aliyuncs.com/growth/download-material/43b3d37c7df9e3adc1d7437332c0f121.mp4,99双科-1-0108-17,-,,,199元高中双科提分课,199元高中双科提分课,自投放,其他,0,wangjiananbj03,2026/7/11,9,5.88,0,0,0,52.5,0,0,0.89%,0%,-,0,0
9da55770daea2baff31655c38834ad88,-,-,-,-,-,https://tutor-online.oss-cn-beijing.aliyuncs.com/growth/download-material/9da55770daea2baff31655c38834ad88.mp4,20260711-猿辅导高中双科-实拍-千川-活动-买数送物-打算-张焱-bj于静--李文静ec-二创-10,-,,,199元高中双科提分课,199元高中双科提分课,自投放,其他,0,wangjiananbj03,2026/7/14,6,3179.32,995,5,0.31,72.33,26943.39,635.86,0.44%,2.58%,-,0.11,8432.2
ddf725971b5465f8885ec0e04703d2a9,-,-,-,-,-,https://tutor-online.oss-cn-beijing.aliyuncs.com/growth/download-material/ddf725971b5465f8885ec0e04703d2a9.mp4,0716-199双科-申坤-李博-李天-张佳乐-A3-B5-有-02,-,,,199元高中双科提分课,199元高中双科提分课,申坤,其他,0,wangjiananbj03,2026/7/16,4,23.25,0,0,0,24.6,0,0,0.32%,0%,-,0,0
e39a1d2a63e0610ecd5a2c742fbf2eec,-,-,-,-,-,https://tutor-online.oss-cn-beijing.aliyuncs.com/growth/download-material/e39a1d2a63e0610ecd5a2c742fbf2eec.mp4,20260704-猿辅导高中双科-混剪-图-张凌-张焱-张雪依yc-1改-高二高三.mp4,-,,,199元高中双科提分课,199元高中双科提分课,荔枝,其他,0,wangjiananbj03,2026/7/6,14,4.36,0,0,0,96.89,1453.33,0,6.67%,0.00%,-,0,0
28d341c21b080d802f9fec1c1b0a36d3,-,-,-,-,-,https://tutor-online.oss-cn-beijing.aliyuncs.com/growth/download-material/28d341c21b080d802f9fec1c1b0a36d3.mp4,0710-199双科-申坤-李博-李天-卞俊洁-A2-B4-无-1,-,,,199元高中双科提分课,199元高中双科提分课,申坤,其他,0,wangjiananbj03,2026/7/14,6,629.95,199,1,0.32,95.12,27389.13,629.95,0.62%,2.44%,-,0.15,8652.17
446a793b3b1660e9c7a35dceea7768b1,-,-,-,-,-,https://tutor-online.oss-cn-beijing.aliyuncs.com/growth/download-material/446a793b3b1660e9c7a35dceea7768b1.mp4,20260625-猿辅导高中双科-实拍-活动-夏他-张焱唐欣悦-bj李赛-裂变-张晓洁yc-1.mp4,-,,,199元高中双科提分课,199元高中双科提分课,荔枝,代理商,0,wangjiananbj03,2026/6/26,24,260.34,0,0,0,45.21,2925.17,0,1.55%,0.00%,-,0,0
6e53522e2857ca4ac61ce5d906b96a60,-,-,-,-,-,https://tutor-online.oss-cn-beijing.aliyuncs.com/growth/download-material/6e53522e2857ca4ac61ce5d906b96a60.mp4,0714-199双科-申坤-李博-李天-卞俊洁-A1-B4-无-01,-,,,199元高中双科提分课,199元高中双科提分课,申坤,其他,0,wangjiananbj03,2026/7/15,5,12.11,0,0,0,39.19,4036.67,0,0.97%,0%,-,0,0
9fe4372c2ecb00faba5c08220ec457e5,-,-,-,-,-,https://tutor-online.oss-cn-beijing.aliyuncs.com/growth/download-material/9fe4372c2ecb00faba5c08220ec457e5.mp4,0706-199双科-申坤-李博-李天-卞俊洁-A2-B5-有-高二高三-2,-,,,199元高中双科提分课,199元高中双科提分课,申坤,其他,0,wangjiananbj03,2026/7/7,13,10.02,0,0,0,51.92,10020,0,0.52%,0%,-,0,0
acc81cab63907279b753ef3bfbeec8bf,-,-,-,-,-,https://tutor-online.oss-cn-beijing.aliyuncs.com/growth/download-material/acc81cab63907279b753ef3bfbeec8bf.mp4,20260711-猿辅导高中双科-实拍-千川-买物送数-专家分享-跟你学-高二高三-李莹莹-b宋钦冲-二创-叶俊泽ec-13.mp4,-,,,199元高中双科提分课,199元高中双科提分课,荔枝,其他,0,wangjiananbj03,2026/7/16,4,31.51,0,0,0,594.53,5251.67,0,11.32%,0.00%,-,0,0
d79719ecbc09fbaf1e69204771498f5d,-,-,-,-,-,https://tutor-online.oss-cn-beijing.aliyuncs.com/growth/download-material/d79719ecbc09fbaf1e69204771498f5d.mp4,20260624-9物-代理-启航-李博-【b1-p6-a3-76-0630】-A5-B5-有-2,-,,,9元高中物理李博,9元高中物理李博,启航,代理商,0,wangruixuebj01,2026/7/10,10,63.41,0,0,0,161.76,7045.56,0,2.30%,0%,-,0,0
a933c4949d00b4c89bca2113ccb95e0f,-,-,-,-,-,https://tutor-online.oss-cn-beijing.aliyuncs.com/growth/download-material/a933c4949d00b4c89bca2113ccb95e0f.mp4,一键修复_20260711-猿辅导高中双科-实拍-活动-通用-买数送物-忍餐-张焱-bj于靖--李文静ec-二创-3.mp4,-,,,199元高中双科提分课,199元高中双科提分课,荔枝,其他,0,wangjiananbj03,2026/7/16,4,2721.69,2189,11,0.8,40,3595.36,247.43,1.11%,1.45%,-,0.16,2891.68
6c495c8a210d8b84bda55b0e2099eeb4,-,-,-,-,-,https://tutor-online.oss-cn-beijing.aliyuncs.com/growth/download-material/6c495c8a210d8b84bda55b0e2099eeb4.mp4,0706-199双科-申坤-李博-李天-卞俊洁-A5-B5-有-高二高三-5,-,,,199元高中双科提分课,199元高中双科提分课,申坤,其他,0,wangjiananbj03,2026/7/7,13,2.04,0,0,0,30.91,0,0,0.00%,0.00%,-,0,0
e5ac0d77058f95d20330d9fbbab05ded,-,-,-,-,-,https://tutor-online.oss-cn-beijing.aliyuncs.com/growth/download-material/e5ac0d77058f95d20330d9fbbab05ded.mp4,20260715-猿辅导高中双科-实拍-千川-专家分享-买数学送物理-当然-张焱-bj毕娇-高二高三-李文静ec-视频号二创-横屏-3,-,,,199元高中双科提分课,199元高中双科提分课,荔枝,其他,0,wangjiananbj03,2026/7/16,4,3.83,0,0,0,18.59,3830,0,0.49%,0%,-,0,0
71f98605250eb80a2457e1f9aa33ed05,-,-,-,-,-,https://tutor-online.oss-cn-beijing.aliyuncs.com/growth/download-material/71f98605250eb80a2457e1f9aa33ed05.mp4,199shu'g'n'k0708,-,,,199元高中双科提分课,199元高中双科提分课,自投放,代理商,0,wangjiananbj03,2026/7/13,7,0.04,0,0,0,13.33,0,0,0.00%,0.00%,-,0,0
1a69d1da135ba85d2f60dd2c8a742d68,-,-,-,-,-,https://img-pub.oss-cn-beijing-internal.aliyuncs.com/19f5ae3b762d57e.mp4,20260709-9物-代理-启航-李博-【b1-p6-a3-83-0709】-A5-B5-有-2,-,,,9元高中物理李博,9元高中物理李博,启航,代理商,0,wangruixuebj01,2026/7/15,5,113.96,9,1,0.08,55,4220.74,113.96,1.30%,3.70%,-,0.48,333.33
6ec6bbc2d8c640cf75fa215d1628939a,-,-,-,-,-,https://tutor-online.oss-cn-beijing.aliyuncs.com/growth/download-material/6ec6bbc2d8c640cf75fa215d1628939a.mp4,20260711-猿辅导高中双科-实拍-千川-买数送物-专家分享-可以不-高二-张焱-dr珈岐妈妈-李文静ec-二创-11 (1).mp4,-,,,199元高中双科提分课,199元高中双科提分课,荔枝,其他,0,wangjiananbj03,2026/7/16,4,0.2,0,0,0,25,0,0,0.00%,0.00%,-,0,0
7b357a43a5edad0d7c9d1b4a4afba09c,-,-,-,-,-,https://tutor-online.oss-cn-beijing.aliyuncs.com/growth/download-material/7b357a43a5edad0d7c9d1b4a4afba09c.mp4,0710-199双科-申坤-李博-李天-卞俊洁-A1-B4-无-07,-,,,199元高中双科提分课,199元高中双科提分课,申坤,其他,0,wangjiananbj03,2026/7/11,9,82.78,0,0,0,45.36,10347.5,0,0.38%,0%,-,0,0
9bfc7deba6c2d56131563e5185f63f23,-,-,-,-,-,https://tutor-online.oss-cn-beijing.aliyuncs.com/growth/download-material/9bfc7deba6c2d56131563e5185f63f23.mp4,0709-199双科-申坤-李博-李天-卞俊洁-A2-B4-无-高二高三-1,-,,,199元高中双科提分课,199元高中双科提分课,申坤,代理商,0,wangjiananbj03,2026/7/10,10,5.83,0,0,0,42.55,5830,0,0.73%,0%,-,0,0
ee29f2ebd47b9309763c160c1ab0685b,-,-,-,-,-,https://tutor-online.oss-cn-beijing.aliyuncs.com/growth/download-material/ee29f2ebd47b9309763c160c1ab0685b.mp4,0707-199双科-申坤-李博-李天-王合云-A1-B4-无-高二高三-05,-,,,199元高中双科提分课,199元高中双科提分课,申坤,其他,0,wangjiananbj03,2026/7/8,12,0.8,0,0,0,200,0,0,0.00%,0.00%,-,0,0
fbd921af0600327f8f933a7b699ea8da,-,-,-,-,-,https://tutor-online.oss-cn-beijing.aliyuncs.com/growth/download-material/fbd921af0600327f8f933a7b699ea8da.mp4,20260616-猿辅导高中双科-实拍-活动-上哪找-常文茜-cd雪儿-岳久鸿-裂变-张晓洁yc-1.mp4,-,,,199元高中双科提分课,199元高中双科提分课,荔枝,其他,0,wangjiananbj03,2026/6/16,34,1.15,0,0,0,104.55,1150,0,9.09%,0.00%,-,0,0
e01938b409d8d1b12886a532ed1da66f,-,-,-,-,-,https://tutor-online.oss-cn-beijing.aliyuncs.com/growth/download-material/e01938b409d8d1b12886a532ed1da66f.mp4,0616-9物-十人-bmqr-ylb-A2-B4-jclb-pwjl-5,-,,,9元高中物理李博,9元高中物理李博,十人,代理商,0,wangruixuebj01,2026/6/17,33,0.11,0,0,0,11,0,0,0.00%,0.00%,-,0,0
d556838c7996124de4f65862526516ec,-,-,-,-,-,https://tutor-online.oss-cn-beijing.aliyuncs.com/growth/download-material/d556838c7996124de4f65862526516ec.mp4,0616-9物-代理-十人-李博-jzzy-bmqr-A2-B2-pwjl-有-2-知识点,-,,,9元高中物理李博,9元高中物理李博,十人,代理商,0,wangruixuebj01,2026/6/19,31,2485.88,90,10,0.04,248.61,20047.42,248.59,1.78%,5.62%,-,1,725.81
7d254b90fc748340bf75e3c836d6ac47,-,-,-,-,-,https://tutor-online.oss-cn-beijing.aliyuncs.com/growth/download-material/7d254b90fc748340bf75e3c836d6ac47.mp4,20260515-猿辅导高中双科-实拍-活动-多少-张焱-bj李赛-裂变-张晓洁yc-1.mp4,-,,,199元高中双科提分课,299元高中全年提分课,荔枝,其他,0,wangjiananbj03,2026/5/15,66,4452.94,2388,12,0.54,71.34,4115.47,371.08,1.73%,1.11%,-,0.19,2207.02
067c9e51ec5ae1628c449aa2ac04333e,-,-,-,-,-,https://tutor-online.oss-cn-beijing.aliyuncs.com/growth/download-material/067c9e51ec5ae1628c449aa2ac04333e.mp4,一键修复_20260703-猿辅导高中双科-实拍-千川-买数送物-活动-不气-张焱-bj冷一丁-李文静ec-二创-4.mp4,-,,,199元高中双科提分课,199元高中双科提分课,荔枝,其他,0,wangjiananbj03,2026/7/8,12,149.94,0,0,0,114.02,5553.33,0,2.05%,0.00%,-,0,0
5343604d4e37cd916463081da09574b8,-,-,-,-,-,https://tutor-online.oss-cn-beijing.aliyuncs.com/growth/download-material/5343604d4e37cd916463081da09574b8.mp4,0617-9物-十人-bmqr-ylb-A2-B4-jzmj-bmqr-pwjl-1,-,,,9元高中物理李博,9元高中物理李博,十人,代理商,0,wangruixuebj01,2026/6/20,30,4.56,0,0,0,168.89,4560,0,3.70%,0%,-,0,0
3244d63e0091218f63dc720d135c58ea,-,-,-,-,-,https://tutor-online.oss-cn-beijing.aliyuncs.com/growth/download-material/3244d63e0091218f63dc720d135c58ea.mp4,0708-199双科-申坤-李博-李天-卞俊洁-A2-B4-无-3,-,,,199元高中双科提分课,199元高中双科提分课,申坤,其他,0,wangjiananbj03,2026/7/9,11,15.08,0,0,0,67.32,0,0,0.00%,0.00%,-,0,0
d96721a0ddd134cc632bcb74fe859848,-,-,-,-,-,https://tutor-online.oss-cn-beijing.aliyuncs.com/growth/download-material/d96721a0ddd134cc632bcb74fe859848.mp4,20260703-猿辅导高中双科-口播-活动-选哪栎-张焱-bj李栎-叶俊泽yc-5,-,,,199元高中双科提分课,199元高中双科提分课,自投放,其他,0,wangjiananbj03,2026/7/15,5,0.16,0,0,0,3.02,0,0,0.00%,0.00%,-,0,0
d68b0e5cbb767859038f2318329a2950,-,-,-,-,-,https://tutor-online.oss-cn-beijing.aliyuncs.com/growth/download-material/d68b0e5cbb767859038f2318329a2950.mp4,0710-199双科-申坤-李博-李天-张佳乐-A1-B1-有-高二高三-4,-,,,199元高中双科提分课,199元高中双科提分课,申坤,其他,0,wangjiananbj03,2026/7/14,6,3.66,0,0,0,33.89,3660,0,1.85%,0%,-,0,0
ed903d2acb8d352b68cc8c24a976f134,-,-,-,-,-,https://tutor-online.oss-cn-beijing.aliyuncs.com/growth/download-material/ed903d2acb8d352b68cc8c24a976f134.mp4,20260704-猿辅导高中双科-混剪-图-张凌-张焱-张雪依yc-3改-高二.mp4,-,,,199元高中双科提分课,199元高中双科提分课,荔枝,其他,0,wangjiananbj03,2026/7/6,14,11.1,0,0,0,1585.71,5550,0,28.57%,0.00%,-,0,0
7f7c8f6d3d169af6c381cb5c757dd4a2,-,-,-,-,-,https://tutor-online.oss-cn-beijing.aliyuncs.com/growth/download-material/7f7c8f6d3d169af6c381cb5c757dd4a2.mp4,20260622-猿辅导高中双科-实拍-ip李博-买物送数-睡觉-张焱-IP李博-袁北辰ec-二创-2.mp4,-,,,199元高中双科提分课,199元高中双科提分课,荔枝,其他,0,wangjiananbj03,2026/6/22,28,0.31,0,0,0,155,0,0,0.00%,0.00%,-,0,0
37a0fa21a9d1954ffcddbc1bd6d9a591,-,-,-,-,-,https://tutor-online.oss-cn-beijing.aliyuncs.com/growth/download-material/37a0fa21a9d1954ffcddbc1bd6d9a591.mp4,20260711-猿辅导高中双科-实拍-千川-暑假预习-高二-买物送数-不努力-唐欣悦-dr魏政委--李文静yc-1.mp4,-,,,199元高中双科提分课,199元高中双科提分课,荔枝,其他,0,wangjiananbj03,2026/7/16,4,0.68,0,0,0,226.67,0,0,0.00%,0.00%,-,0,0
a15eab537846d075c3ecbaaa5d111ef6,-,-,-,-,-,https://tutor-online.oss-cn-beijing.aliyuncs.com/growth/download-material/a15eab537846d075c3ecbaaa5d111ef6.mp4,20260524-猿辅导高中双科-实拍-ip李博-通知-唐欣悦-ip李博-文涵立yc-前贴.mp4,-,,,199元高中双科提分课,199元高中双科提分课,荔枝,其他,0,wangjiananbj03,2026/5/28,53,0.54,0,0,0,77.14,0,0,0.00%,0.00%,-,0,0
6e184783b201e2fde0c6e796105b8536,-,-,-,-,-,https://tutor-online.oss-cn-beijing.aliyuncs.com/growth/download-material/6e184783b201e2fde0c6e796105b8536.mp4,一键修复_20260626-猿辅导高中双科-混剪-视频号-图-红花-张焱-李文静ec-视频号二创-3.mp4,-,,,199元高中双科提分课,199元高中双科提分课,荔枝,其他,0,wangjiananbj03,2026/7/4,16,1.61,0,0,0,47.35,0,0,0.00%,0.00%,-,0,0
c6b2ed8ba1fb58b81a075f0594c599b0,-,-,-,-,-,https://tutor-online.oss-cn-beijing.aliyuncs.com/growth/download-material/c6b2ed8ba1fb58b81a075f0594c599b0.mp4,20260629-猿辅导高中双科-实拍-千川-线下班对比-199学三年-答应我-高二-唐欣悦-bj赵阳--叶俊泽yc-2-前贴,-,,,199元高中双科提分课,199元高中双科提分课,荔枝,其他,0,wangjiananbj03,2026/7/9,11,13.98,0,0,0,28.53,0,0,0.00%,0.00%,-,0,0
6f8d07c77155cc821b3eb37a61aede04,-,-,-,-,-,https://tutor-online.oss-cn-beijing.aliyuncs.com/growth/download-material/6f8d07c77155cc821b3eb37a61aede04.mp4,20260708-猿辅导高中双科-实拍-千川-活动-高二-五科-售卖-张焱-bj李栎--张晓洁yc-5.mp4,-,,,199元高中双科提分课,199元高中双科提分课,荔枝,其他,0,wangjiananbj03,2026/7/16,4,0.02,0,0,0,0,0,0,0.00%,0.00%,-,0,0
1e8e8f35ca723b0e63f09fa044a28f19,-,-,-,-,-,https://tutor-online.oss-cn-beijing.aliyuncs.com/growth/download-material/1e8e8f35ca723b0e63f09fa044a28f19.mp4,199双科-0708,-,,,199元高中双科提分课,199元高中双科提分课,自投放,其他,0,wangjiananbj03,2026/7/11,9,0.19,0,0,0,5.28,0,0,0.00%,0.00%,-,0,0
f23e7d56678b1635cf0ebc521db3d48c,-,-,-,-,-,https://tutor-online.oss-cn-beijing.aliyuncs.com/growth/download-material/f23e7d56678b1635cf0ebc521db3d48c.mp4,20260711-猿辅导高中双科-实拍-活动-通用-买数送物-忍餐-张焱-bj于靖--李文静ec-二创-3,-,,,199元高中双科提分课,199元高中双科提分课,自投放,其他,0,wangjiananbj03,2026/7/14,6,25.33,0,0,0,34.7,4221.67,0,1.10%,0%,-,0,0
d04a768fdebef5f6cd28c423ced8ec48,-,-,-,-,-,https://tutor-online.oss-cn-beijing.aliyuncs.com/growth/download-material/d04a768fdebef5f6cd28c423ced8ec48.mp4,0706-199双科-申坤-李博-李天-卞俊洁-A1-B4-有-高二高三-4,-,,,199元高中双科提分课,199元高中双科提分课,申坤,代理商,0,wangjiananbj03,2026/7/7,13,0,0,0,0,0,0,0,0.00%,0.00%,-,0,0
309a2e7b2be580822a561ac60eb7379e,-,-,-,-,-,https://tutor-online.oss-cn-beijing.aliyuncs.com/growth/download-material/309a2e7b2be580822a561ac60eb7379e.mp4,0706-199双科-申坤-李博-李天-卞俊洁-A1-B4-有-高二高三-5,-,,,199元高中双科提分课,199元高中双科提分课,申坤,其他,0,wangjiananbj03,2026/7/8,12,99.45,0,0,0,114.97,49725,0,0.58%,0%,-,0,0
60a7660b83d0ce499a5eaee36c47889b,-,-,-,-,-,https://tutor-online.oss-cn-beijing.aliyuncs.com/growth/download-material/60a7660b83d0ce499a5eaee36c47889b.mp4,20260622-猿辅导高中双科-实拍-视频号-ip李博-买物送数-199学三年-够吗-唐欣悦-李博--张雪依yc-2.mp4,-,,,199元高中双科提分课,199元高中双科提分课,荔枝,代理商,0,wangjiananbj03,2026/6/24,26,2.1,0,0,0,140,2100,0,6.67%,0.00%,-,0,0
4f0015b0c35f8fa588d004792dd336a7,-,-,-,-,-,https://tutor-online.oss-cn-beijing.aliyuncs.com/growth/download-material/4f0015b0c35f8fa588d004792dd336a7.mp4,0703-199双科-申坤-李博-李天-卞俊洁-A2-B4-无-26,-,,,199元高中双科提分课,199元高中双科提分课,申坤,其他,0,wangjiananbj03,2026/7/5,15,3431.01,2388,12,0.7,139.36,21993.65,285.92,0.89%,5.48%,-,0.49,15307.69
3700a49b21df7c46a0739421d21a4d63,-,-,-,-,-,https://tutor-online.oss-cn-beijing.aliyuncs.com/growth/download-material/3700a49b21df7c46a0739421d21a4d63.mp4,20260624-猿辅导高中双科-实拍-买数学送物理-我婆婆-常文茜-dr蔡昕-裂变-张晓洁yc-9.mp4,-,,,199元高中双科提分课,199元高中双科提分课,荔枝,其他,0,wangjiananbj03,2026/6/26,24,0.69,0,0,0,62.73,0,0,0.00%,0.00%,-,0,0
2f2b412350f418f325ff69eedb62be4a,-,-,-,-,-,https://tutor-online.oss-cn-beijing.aliyuncs.com/growth/download-material/2f2b412350f418f325ff69eedb62be4a.mp4,20260713-猿辅导高中双科-实拍-视频号-线下班对比-高三-买物送数-还指望-常文茜-bj冷一丁--张晓洁yc-2.mp4,-,,,199元高中双科提分课,199元高中双科提分课,荔枝,其他,0,wangjiananbj03,2026/7/16,4,0.22,0,0,0,110,0,0,0.00%,0.00%,-,0,0
64c7a3754700b0bfcc0d4a85694de571,-,-,-,-,-,https://tutor-online.oss-cn-beijing.aliyuncs.com/growth/download-material/64c7a3754700b0bfcc0d4a85694de571.mp4,0623-9物-玄武-李博-郝增鑫-关紫晴-A5-B4-有-4-yfdwl0623h2浩4-晴-鑫-【AI】,-,,,9元高中物理李博,9元高中物理李博,玄武,代理商,0,wangruixuebj01,2026/6/27,23,139.26,0,0,0,62.9,2443.16,0,2.57%,0%,-,0,0
40f7b2d6b935b4c3cb6ea8c42bb2fe4b,-,-,-,-,-,https://tutor-online.oss-cn-beijing.aliyuncs.com/growth/download-material/40f7b2d6b935b4c3cb6ea8c42bb2fe4b.mp4,20260715-高中数物-混剪-图-张凌-7.mp4,-,,,199元高中双科提分课,199元高中双科提分课,荔枝,其他,0,wangjiananbj03,2026/7/16,4,9,0,0,0,173.08,1000,0,17.31%,0.00%,-,0,0
d4663c6dad00d4b097cf878b45398a53,-,-,-,-,-,https://tutor-online.oss-cn-beijing.aliyuncs.com/growth/download-material/d4663c6dad00d4b097cf878b45398a53.mp4,20260623-猿辅导高中数学-实拍-活动-算什么-张焱-bj张婕希-裂变-张晓洁yc-3.mp4,-,,,199元高中双科提分课,199元高中双科提分课,荔枝,其他,0,wangjiananbj03,2026/6/23,27,3.64,0,0,0,242.67,3640,0,6.67%,0.00%,-,0,0
d17752a18210cdee56b0f26944aebdfc,-,-,-,-,-,https://img-pub.oss-cn-beijing-internal.aliyuncs.com/19f4665bf854875.mp4,9元视频1199-0706-9物-十人-bwxy-ylb-A2-B4-jzmj-bwxy-pcc-1(2),-,,,9元高中物理李博,9元高中物理李博,十人,代理商,0,wangruixuebj01,2026/7/14,6,0.17,0,0,0,170,0,0,0.00%,0.00%,-,0,0
8758fc30d7962b54b3406954ec2d7a10,-,-,-,-,-,https://tutor-online.oss-cn-beijing.aliyuncs.com/growth/download-material/8758fc30d7962b54b3406954ec2d7a10.mp4,20260711-猿辅导高中双科-实拍-千川-暑期规划-通用-买数送物-可能吗-常文茜-hd张绍辰--李文静yc-1,-,,,199元高中双科提分课,199元高中双科提分课,自投放,其他,0,wangjiananbj03,2026/7/16,4,0.46,0,0,0,30.67,0,0,0.00%,0.00%,-,0,0
8df174aceca02729edcdf849e78f5116,-,-,-,-,-,https://tutor-online.oss-cn-beijing.aliyuncs.com/growth/download-material/8df174aceca02729edcdf849e78f5116.mp4,260708-猿辅导高中双科-实拍-活动-多少-张焱-bj李赛-袁北辰yc-裂变-1,-,,,199元高中双科提分课,199元高中双科提分课,荔枝,代理商,0,wangjiananbj03,2026/7/9,11,89.75,398,2,4.43,49.7,22437.5,44.88,0.39%,28.57%,-,1.11,99500
f9621dc9d99ac1f1f728434903b936d1,-,-,-,-,-,https://tutor-online.oss-cn-beijing.aliyuncs.com/growth/download-material/f9621dc9d99ac1f1f728434903b936d1.mp4,0706-9物-玄武-李博-王成仡-彩丽-方法优势-提分刚需-有-5-yfdwl0706G3浩5-丽-龙-仡-首,-,,,9元高中物理李博,9元高中物理李博,玄武,代理商,0,wangruixuebj01,2026/7/9,11,21.55,0,0,0,23.45,1795.83,0,1.63%,0%,-,0,0
ff35ca87942f18bb70150f59db2b7718,-,-,-,-,-,https://tutor-online.oss-cn-beijing.aliyuncs.com/growth/download-material/ff35ca87942f18bb70150f59db2b7718.mp4,20260703-猿辅导高中双科-实拍-视频号-ip李博-买物送数-199学三年-都不是-常文茜-李博--李文静yc-4-前贴,-,,,199元高中双科提分课,199元高中双科提分课,荔枝,其他,0,wangjiananbj03,2026/7/9,11,4.17,0,0,0,198.57,0,0,0.00%,0.00%,-,0,0
b27f4c7cd565927c1677701a2ed42af4,-,-,-,-,-,https://tutor-online.oss-cn-beijing.aliyuncs.com/growth/download-material/b27f4c7cd565927c1677701a2ed42af4.mp4,0623-9物-玄武-李博-白潇凯-胡原宁-A6-B2-无-yfdwl0623b1浩1-宁-白-首,-,,,9元高中物理李博,9元高中物理李博,玄武,代理商,0,wangruixuebj01,2026/6/28,22,626.85,18,2,0.03,136.75,6740.32,313.43,2.07%,2.11%,-,0.44,193.55
b4ff0e2787dbe5b8b2dc07527403a54d,-,-,-,-,-,https://tutor-online.oss-cn-beijing.aliyuncs.com/growth/download-material/b4ff0e2787dbe5b8b2dc07527403a54d.mp4,20260709-猿辅导高中双科-张焱-客供素材拼图-高二高三-李文静ec-视频号二创-横屏-1,-,,,199元高中双科提分课,199元高中双科提分课,荔枝,代理商,0,wangjiananbj03,2026/7/9,11,58.62,0,0,0,24.41,4509.23,0,0.62%,0%,-,0,0
60deb2bb072946cfc75ccc291bdc2acb,-,-,-,-,-,https://tutor-online.oss-cn-beijing.aliyuncs.com/growth/download-material/60deb2bb072946cfc75ccc291bdc2acb.mp4,20260626-猿辅导高中双科-实拍-千川-买数送物-199学三年-冤大头-常文茜-bj郭铭泽-叶俊泽-1.mp4,-,,,199元高中双科提分课,199元高中双科提分课,荔枝,其他,0,wangjiananbj03,2026/7/3,17,6.4,0,0,0,1066.67,0,0,0.00%,0.00%,-,0,0
023af1fee9fc6abfcff822316a440253,-,-,-,-,-,https://tutor-online.oss-cn-beijing.aliyuncs.com/growth/download-material/023af1fee9fc6abfcff822316a440253.mp4,20260630-猿辅导高中双科-实拍-活动-退了-张焱-cd张璐-袁北辰ec-二创-2.mp4,-,,,199元高中双科提分课,199元高中双科提分课,荔枝,其他,0,wangjiananbj03,2026/6/30,20,1.47,0,0,0,113.08,1470,0,7.69%,0.00%,-,0,0
0f8b164671748c7b78e70bb94967d031,-,-,-,-,-,https://tutor-online.oss-cn-beijing.aliyuncs.com/growth/download-material/0f8b164671748c7b78e70bb94967d031.mp4,0707-199双科-申坤-李博-李天-王合云-A1-B2-无-高二高三-13,-,,,199元高中双科提分课,199元高中双科提分课,申坤,其他,0,wangjiananbj03,2026/7/7,13,2.12,0,0,0,22.08,1060,0,2.08%,0%,-,0,0
9f3477376eb1617d242f6fd4c00ca1ab,-,-,-,-,-,https://tutor-online.oss-cn-beijing.aliyuncs.com/growth/download-material/9f3477376eb1617d242f6fd4c00ca1ab.mp4,20260703-猿辅导高中双科-实拍-视频号-ip李博-线下班对比-199学三年--唐欣悦-李博--李文静yc-5-前贴,-,,,199元高中双科提分课,199元高中双科提分课,荔枝,其他,0,wangjiananbj03,2026/7/9,11,4468.8,2189,10,0.49,69.12,31470.42,446.88,0.35%,4.37%,-,0.15,15415.49
731794f30ef8214a2a7abb37cb0107d1,-,-,-,-,-,https://tutor-online.oss-cn-beijing.aliyuncs.com/growth/download-material/731794f30ef8214a2a7abb37cb0107d1.mp4,20260703-猿辅导高中双科-实拍-买物理送数学-再说-张焱-bj丁梓仟-高二-李文静ec-二创-8,-,,,199元高中双科提分课,199元高中双科提分课,荔枝,其他,0,wangjiananbj03,2026/7/7,13,4.06,0,0,0,49.51,2030,0,1.22%,0%,-,0,0
73ad8c324915baf6266c565f82075dda,-,-,-,-,-,https://tutor-online.oss-cn-beijing.aliyuncs.com/growth/download-material/73ad8c324915baf6266c565f82075dda.mp4,一键修复_20260523-猿辅导高中双科-实拍-ip李博-容易踩坑-常文茜-ip李博--张雪依yc-6改.mp4,-,,,199元高中双科提分课,199元高中双科提分课,荔枝,其他,0,wangjiananbj03,2026/6/17,33,0.76,0,0,0,190,380,0,50.00%,0.00%,-,0,0
e046163639b454514cab3c31d2f630e2,-,-,-,-,-,https://tutor-online.oss-cn-beijing.aliyuncs.com/growth/download-material/e046163639b454514cab3c31d2f630e2.mp4,20260610-猿辅导高中双科-实拍-视频号-ip李博-买物送数-负责-张焱-ip李博-袁北辰ec-二创-举牌-7 (1),-,,,199元高中双科提分课,199元高中双科提分课,荔枝,代理商,0,wangjiananbj03,2026/6/26,24,11.82,0,0,0,47.85,11820,0,0.40%,0%,-,0,0
6c3cd76dc430aabbe0d871e1b0977664,-,-,-,-,-,https://tutor-online.oss-cn-beijing.aliyuncs.com/growth/download-material/6c3cd76dc430aabbe0d871e1b0977664.mp4,一键修复_20260627-猿辅导高中双科-实拍-视频号-ip李博-买物送数-199学三年-毫无困难-常文茜-IP李博-裂变-詹铠任yc2.mp4,-,,,199元高中双科提分课,199元高中双科提分课,荔枝,其他,0,wangjiananbj03,2026/7/8,12,1.7,0,0,0,80.95,850,0,9.52%,0.00%,-,0,0
53a4266d20658c4da3a6372197edc725,-,-,-,-,-,https://tutor-online.oss-cn-beijing.aliyuncs.com/growth/download-material/53a4266d20658c4da3a6372197edc725.mp4,0710-199双科-申坤-李博-李天-卞俊洁-A1-B4-无-高二高三-5,-,,,199元高中双科提分课,199元高中双科提分课,申坤,其他,0,wangjiananbj03,2026/7/14,6,0.19,0,0,0,15.83,0,0,0.00%,0.00%,-,0,0
08233f9570ed5a5d3a08b762a32b71b8,-,-,-,-,-,https://tutor-online.oss-cn-beijing.aliyuncs.com/growth/download-material/08233f9570ed5a5d3a08b762a32b71b8.mp4,0623-9物-玄武-李博-白潇凯-李明雪-A5-B2-无-yfdwl0623b1浩2-雪-白-首,-,,,9元高中物理李博,9元高中物理李博,玄武,代理商,0,wangruixuebj01,2026/6/26,24,1343.91,18,2,0.01,159.12,8959.4,671.96,2.05%,1.16%,-,0.24,120
f73f6d91588ac3493ac4750aaa5d9b48,-,-,-,-,-,https://tutor-online.oss-cn-beijing.aliyuncs.com/growth/download-material/f73f6d91588ac3493ac4750aaa5d9b48.mp4,20260701-猿辅导高中双科-混剪-视频号-图-放学-张焱-补量二创-张晓洁ec-4.mp4,-,,,199元高中双科提分课,199元高中双科提分课,荔枝,其他,0,wangjiananbj03,2026/7/2,18,31.31,0,0,0,559.11,4472.86,0,12.50%,0.00%,-,0,0
f1b7a0b331e1add9e8234d1122671878,-,-,-,-,-,https://tutor-online.oss-cn-beijing.aliyuncs.com/growth/download-material/f1b7a0b331e1add9e8234d1122671878.mp4,0714-199双科-申坤-李博-李天-卞俊洁-A5-B4-有-01,-,,,199元高中双科提分课,199元高中双科提分课,申坤,其他,0,wangjiananbj03,2026/7/15,5,4.87,0,0,0,41.62,4870,0,1.71%,0%,-,0,0
8c696b3f66d1aea71706059db6550e09,-,-,-,-,-,https://tutor-online.oss-cn-beijing.aliyuncs.com/growth/download-material/8c696b3f66d1aea71706059db6550e09.mp4,0708-199双科-申坤-李博-李天-卞俊洁-A5-B4-有-高二高三-05,-,,,199元高中双科提分课,199元高中双科提分课,申坤,其他,0,wangjiananbj03,2026/7/10,10,42.78,0,0,0,84.38,42780,0,0.20%,0%,-,0,0
9397db8b04bbc1f545e14c8576a588f8,-,-,-,-,-,https://tutor-online.oss-cn-beijing.aliyuncs.com/growth/download-material/9397db8b04bbc1f545e14c8576a588f8.mp4,9元视频1184-0630-9物-代理-十人-李博-jjsx-bmqr-A2-B1-pwjl-pcc-无-1,-,,,9元高中物理李博,9元高中物理李博,十人,代理商,0,wangruixuebj01,2026/7/14,6,70.47,0,0,0,170.63,11745,0,1.69%,0%,-,0,0
882bab50eea4b3af1a09a5e4ae51fd6c,-,-,-,-,-,https://tutor-online.oss-cn-beijing.aliyuncs.com/growth/download-material/882bab50eea4b3af1a09a5e4ae51fd6c.mp4,0703-199双科-申坤-李博-李天-卞俊洁-A2-B4-无-05,-,,,199元高中双科提分课,199元高中双科提分课,申坤,其他,0,wangjiananbj03,2026/7/16,4,3.25,0,0,0,135.42,0,0,4.17%,0%,-,0,0
7ef91c654c9cdd0809a0b454dfe5c326,-,-,-,-,-,https://tutor-online.oss-cn-beijing.aliyuncs.com/growth/download-material/7ef91c654c9cdd0809a0b454dfe5c326.mp4,20260625-猿辅导高中双科-实拍-千川-线下班对比-买数送物-199学三年-婆婆恨-唐欣悦-bj庄紫薇--张晓洁ec-3,-,,,199元高中双科提分课,199元高中双科提分课,荔枝,代理商,0,wangjiananbj03,2026/7/9,11,26.26,0,0,0,55.17,13130,0,0.42%,0%,-,0,0
1d39232735606747715cd5da19e446c9,-,-,-,-,-,https://tutor-online.oss-cn-beijing.aliyuncs.com/growth/download-material/1d39232735606747715cd5da19e446c9.mp4,妙思自动生成-21-202607092241,-,,,199元高中双科提分课,199元高中双科提分课,荔枝,其他,0,wangjiananbj03,2026/7/10,10,0.13,0,0,0,32.5,0,0,0.00%,0.00%,-,0,0
dfdfc6aad24f2e3db19fed8e3262b7bb,-,-,-,-,-,https://tutor-online.oss-cn-beijing.aliyuncs.com/growth/download-material/dfdfc6aad24f2e3db19fed8e3262b7bb.mp4,20260707-猿辅导高中双科-实拍-活动-放心-张焱-bj刘能能-裂变-张晓洁yc-4.mp4,-,,,199元高中双科提分课,199元高中双科提分课,荔枝,其他,0,wangjiananbj03,2026/7/9,11,150.57,0,0,0,176.31,7170,0,2.46%,0.00%,-,0,0
1af68a9ae50d26df93d56beedff015e3,-,-,-,-,-,https://tutor-online.oss-cn-beijing.aliyuncs.com/growth/download-material/1af68a9ae50d26df93d56beedff015e3.mp4,20260530-猿辅导高中双科-混剪-图-一粒备-张焱-曾柔雪yc-2.mp4,-,,,199元高中双科提分课,199元高中双科提分课,荔枝,其他,0,wangjiananbj03,2026/5/30,51,3792.67,3383,17,0.89,83.57,2736.41,223.1,3.05%,1.23%,-,0.37,2440.84
a29790f2587fb0e5dbe6b00eb2157097,-,-,-,-,-,https://tutor-online.oss-cn-beijing.aliyuncs.com/growth/download-material/a29790f2587fb0e5dbe6b00eb2157097.mp4,9元视频10010-0202-9物-十人-blpy-李赛-A5-B2-jjsx-plpy-4,-,,,9元高中物理李博,9元高中物理李博,十人,其他,0,wangruixuebj01,2026/3/27,115,77.05,0,0,0,225.95,38525,0,0.59%,0%,-,0,0
32b38bb5d06738b4f2178b65ec1e3ac1,-,-,-,-,-,https://tutor-online.oss-cn-beijing.aliyuncs.com/growth/download-material/32b38bb5d06738b4f2178b65ec1e3ac1.mp4,0710-199双科-申坤-李博-李天-卞俊洁-A2-B4-无-01,-,,,199元高中双科提分课,199元高中双科提分课,申坤,其他,0,wangjiananbj03,-,-,0,0,0,0,0,0,0,0.00%,0.00%,-,0,0
75a8d9cb09cc7f1da96dc211c90df88a,-,-,-,-,-,https://tutor-online.oss-cn-beijing.aliyuncs.com/growth/download-material/75a8d9cb09cc7f1da96dc211c90df88a.mp4,0610-199双科-自产-自产主-李博-视觉锤-子衿-A6-B1-有-2.mp4,-,,,199元高中双科提分课,199元高中双科提分课,荔枝,其他,0,wangjiananbj03,2026/6/19,31,1.24,0,0,0,310,1240,0,25.00%,0.00%,-,0,0
0f9926abd2efb71c3d763e0886aaf804,-,-,-,-,-,https://tutor-online.oss-cn-beijing.aliyuncs.com/growth/download-material/0f9926abd2efb71c3d763e0886aaf804.mp4,一键修复_20260612-猿辅导高中双科-实拍-千川-活动-降到底-唐欣悦-cd张艺馨-詹铠任yc-前贴.mp4,-,,,199元高中双科提分课,199元高中双科提分课,荔枝,其他,0,wangjiananbj03,2026/7/5,15,2.76,0,0,0,138,1380,0,10.00%,0.00%,-,0,0
495e3ca4dc2fa2058320e70757dd0bce,-,-,-,-,-,https://tutor-online.oss-cn-beijing.aliyuncs.com/growth/download-material/495e3ca4dc2fa2058320e70757dd0bce.mp4,20260601-猿辅导高中双科-实拍-买物理送数学-不花-张焱-cd金花-二创-张晓洁ec-1,-,,,199元高中双科提分课,199元高中双科提分课,荔枝,其他,0,wangjiananbj03,2026/6/23,27,2.24,0,0,0,50.91,0,0,0.00%,0.00%,-,0,0
cd70ca7059ee8558cca367037afd4b59,-,-,-,-,-,https://tutor-online.oss-cn-beijing.aliyuncs.com/growth/download-material/cd70ca7059ee8558cca367037afd4b59.mp4,一键修复_20260626-猿辅导高中双科-实拍-活动-放心-张焱-bj刘能能-裂变-张晓洁yc-1.mp4,-,,,199元高中双科提分课,199元高中双科提分课,荔枝,其他,0,wangjiananbj03,2026/6/26,24,8.71,0,0,0,207.38,4355,0,4.76%,0.00%,-,0,0
e4086a1e812c0eebac10b653a6f90e38,-,-,-,-,-,https://tutor-online.oss-cn-beijing.aliyuncs.com/growth/download-material/e4086a1e812c0eebac10b653a6f90e38.mp4,20260711-猿辅导高中双科-实拍-千川-活动-买数送物-我忍-张焱-bj于静-高三-李文静ec-二创-9.mp4,-,,,199元高中双科提分课,199元高中双科提分课,荔枝,其他,0,wangjiananbj03,2026/7/13,7,7.6,0,0,0,73.08,1900,0,3.85%,0.00%,-,0,0
7cc8a7f97e08d963023f0fdd2b8cd8f0,-,-,-,-,-,https://tutor-online.oss-cn-beijing.aliyuncs.com/growth/download-material/7cc8a7f97e08d963023f0fdd2b8cd8f0.mp4,20260604-猿辅导高中双科-实拍-千川-分数痛点-买数学送物理-一起-张焱-bj冷一丁--岳久鸿yc-3（前贴1）.mp4,-,,,199元高中双科提分课,199元高中双科提分课,荔枝,其他,0,wangjiananbj03,2026/6/10,40,126.5,199,1,1.57,69.77,4362.07,126.5,1.60%,3.45%,-,0.55,6862.07
0f8b164671748c7b78e70bb94967d031,-,-,-,-,-,https://tutor-online.oss-cn-beijing.aliyuncs.com/growth/download-material/0f8b164671748c7b78e70bb94967d031.mp4,0707-199双科-申坤-李博-李天-王合云-A1-B2-无-高二高三-13,-,,,199元高中双科提分课,199元高中双科提分课,申坤,其他,0,wangjiananbj03,2026/7/7,13,99.41,0,0,0,94.68,49705,0,0.38%,0%,-,0,0
52e2d8cf35dc99d1dea016c8fed52e04,-,-,-,-,-,https://tutor-online.oss-cn-beijing.aliyuncs.com/growth/download-material/52e2d8cf35dc99d1dea016c8fed52e04.mp4,0703-199双科-申坤-李博-李天-卞俊洁-A2-B4-无-26,-,,,199元高中双科提分课,199元高中双科提分课,申坤,代理商,0,wangjiananbj03,2026/7/3,17,0,199,1,0,0,0,0,0.00%,0.00%,-,0,0
395ca48997b8ed3d2327da9f3ea260ed,-,-,-,-,-,https://tutor-online.oss-cn-beijing.aliyuncs.com/growth/download-material/395ca48997b8ed3d2327da9f3ea260ed.mp4,20260716-高中数物（高一升高二）-混剪-图-张凌-8.mp4,-,,,199元高中双科提分课,199元高中双科提分课,荔枝,其他,0,wangjiananbj03,2026/7/16,4,11.46,0,0,0,171.04,2865,0,5.97%,0.00%,-,0,0
509a6006558e37682509177c0499fd0e,-,-,-,-,-,https://tutor-online.oss-cn-beijing.aliyuncs.com/growth/download-material/509a6006558e37682509177c0499fd0e.mp4,4.6-猿辅导高中双科-实拍-活动--常文茜-cd智恩-岳久鸿-文涵立yc.mp4,-,,,199元高中双科提分课,299元高中全年提分课,荔枝,其他,0,wangjiananbj03,2026/5/18,63,0.22,0,0,0,55,0,0,0.00%,0.00%,-,0,0
9271b70b22b13938986bb7f24a6a6379,-,-,-,-,-,https://tutor-online.oss-cn-beijing.aliyuncs.com/growth/download-material/9271b70b22b13938986bb7f24a6a6379.mp4,20260707-猿辅导高中双科-实拍-千川-活动-买数送物-冤大头-张焱-bj郭铭泽-裂变-张晓洁yc-3.mp4,-,,,199元高中双科提分课,199元高中双科提分课,荔枝,代理商,0,wangjiananbj03,2026/7/9,11,3614.31,3383,17,0.94,48.52,4354.59,212.61,1.11%,2.05%,-,0.23,4075.9
cdbe9649555a96daa3d37fbb940df1a4,-,-,-,-,-,https://tutor-online.oss-cn-beijing.aliyuncs.com/growth/download-material/cdbe9649555a96daa3d37fbb940df1a4.mp4,0710-199双科-申坤-李博-李天-卞俊洁-A3-B2-无-05,-,,,199元高中双科提分课,199元高中双科提分课,申坤,其他,0,wangjiananbj03,2026/7/12,8,0.02,0,0,0,6.67,0,0,0.00%,0.00%,-,0,0
91b46f90f2749630fa51a76a7f804a4d,-,-,-,-,-,https://tutor-online.oss-cn-beijing.aliyuncs.com/growth/download-material/91b46f90f2749630fa51a76a7f804a4d.mp4,一键修复_20260624-猿辅导高中双科-实拍-千川-活动-买物送数-后悔-张焱-dr蔡昕-张晓洁yc-6（前贴1）.mp4,-,,,199元高中双科提分课,199元高中双科提分课,荔枝,其他,0,wangjiananbj03,2026/6/29,21,15.35,0,0,0,614,3837.5,0,16.00%,0.00%,-,0,0
5c05f39970c0839f60fcf1344d8dd024,-,-,-,-,-,https://tutor-online.oss-cn-beijing.aliyuncs.com/growth/download-material/5c05f39970c0839f60fcf1344d8dd024.mp4,0324-9物-自产-自产主-李博-曲中雨-子衿-A3-B2B4-有-19-前贴1-娇-混剪-莹-0514,-,,,9元高中物理李博,59元英语盒子,玄武,代理商,0,wangruixuebj01,2026/6/13,37,2462.12,117,13,0.05,91.16,8234.52,189.39,1.31%,3.67%,-,0.48,391.3
2fcbf6546897fcadb7a6c943d3e2dc68,-,-,-,-,-,https://tutor-online.oss-cn-beijing.aliyuncs.com/growth/download-material/2fcbf6546897fcadb7a6c943d3e2dc68.mp4,0708-199双科-申坤-李博-李天-卞俊洁-A1-B4-有-高二高三-03,-,,,199元高中双科提分课,199元高中双科提分课,申坤,其他,0,wangjiananbj03,2026/7/9,11,0.01,0,0,0,10,0,0,0.00%,0.00%,-,0,0
b7c2ef4f027a97be268c3318cc3fb911,-,-,-,-,-,https://tutor-online.oss-cn-beijing.aliyuncs.com/growth/download-material/b7c2ef4f027a97be268c3318cc3fb911.mp4,0514-199双科-自产-自产主-王晶-曲中雨-子衿--B1-有-2.mp4,-,,,199元高中双科提分课,199元高中双科提分课,荔枝,其他,自产原创,wangjiananbj03,2026/5/27,54,0.09,0,0,0,15,0,0,0.00%,0.00%,-,0,0
38f5d6ea38cbcdd5f916a504bc1315ab,-,-,-,-,-,https://img-pub.oss-cn-beijing-internal.aliyuncs.com/19f5ae6415a52c2.mp4,20260611-9物-代理-启航-李博-【b1-p6-a1-58】-A5-B5-有-2,-,,,9元高中物理李博,9元高中物理李博,启航,代理商,0,wangruixuebj01,2026/7/15,5,42.97,0,0,0,76.32,6138.57,0,1.42%,0%,-,0,0
8b1d65a84b0833c9ec58b67e6f289b43,-,-,-,-,-,https://tutor-online.oss-cn-beijing.aliyuncs.com/growth/download-material/8b1d65a84b0833c9ec58b67e6f289b43.mp4,一键修复_20260709-猿辅导高中双科-实拍-6天提分-买数送物-通用-买数送物-小儿科-李莹莹-cd雪儿-岳久鸿-叶俊泽yc-6-前贴.mp4,-,,,199元高中双科提分课,199元高中双科提分课,荔枝,其他,0,wangjiananbj03,2026/7/14,6,17.47,0,0,0,545.94,0,0,0.00%,0.00%,-,0,0
eeee249252f04d3ff17be0d65c2e54b2,-,-,-,-,-,https://tutor-online.oss-cn-beijing.aliyuncs.com/growth/download-material/eeee249252f04d3ff17be0d65c2e54b2.mp4,20260703-猿辅导高中双科-口播-活动-三连学-张焱-bj李栎-叶俊泽yc-4,-,,,199元高中双科提分课,199元高中双科提分课,自投放,代理商,0,wangjiananbj03,-,-,0,0,0,0,0,0,0,0.00%,0.00%,-,0,0
a7e936691a7474d3f3038fcba8f1a3fe,-,-,-,-,-,https://tutor-online.oss-cn-beijing.aliyuncs.com/growth/download-material/a7e936691a7474d3f3038fcba8f1a3fe.mp4,20260629-猿辅导高中双科-实拍-千川-线下班对比-199学三年-答应我-高二-唐欣悦-bj赵阳--叶俊泽yc-2.mp4,-,,,199元高中双科提分课,199元高中双科提分课,荔枝,其他,0,wangjiananbj03,2026/7/3,17,3.83,0,0,0,273.57,1276.67,0,21.43%,0.00%,-,0,0
eaac4185f23d3a03737f59c3981b1dfc,-,-,-,-,-,https://tutor-online.oss-cn-beijing.aliyuncs.com/growth/download-material/eaac4185f23d3a03737f59c3981b1dfc.mp4,20260610-猿辅导高中双科-实拍-活动-夏他-张焱-bj李赛--张晓洁yc-8.1（前贴1）.mp4,-,,,199元高中双科提分课,199元高中双科提分课,荔枝,其他,0,wangjiananbj03,2026/6/12,38,443.94,0,0,0,59.13,7160.32,0,0.83%,0.00%,-,0,0
2a633735fdbe4400368e6dc264d8747f,-,-,-,-,-,https://tutor-online.oss-cn-beijing.aliyuncs.com/growth/download-material/2a633735fdbe4400368e6dc264d8747f.mp4,20260622-猿辅导高中双科-实拍-视频号-ip李博-买物送数-199学三年-六本书-常文茜-ip李博--张雪依yc-4（前贴版）.mp4,-,,,199元高中双科提分课,199元高中双科提分课,荔枝,其他,0,wangjiananbj03,2026/6/24,26,0.23,0,0,0,25.56,0,0,0.00%,0.00%,-,0,0
822695623cc7ce617a6ccebe0bba9caa,-,-,-,-,-,https://tutor-online.oss-cn-beijing.aliyuncs.com/growth/download-material/822695623cc7ce617a6ccebe0bba9caa.mp4,20260630-猿辅导高中双科-实拍-千川-方式方法-买物送数-疯了疯了-常文茜-cd康艺凡-岳久鸿-叶俊泽yc-2.mp4,-,,,199元高中双科提分课,199元高中双科提分课,荔枝,其他,0,wangjiananbj03,2026/7/10,10,3.64,0,0,0,214.12,3640,0,5.88%,0.00%,-,0,0
2b606a9c41ffde2b341f10245d29c25f,-,-,-,-,-,https://img-pub.oss-cn-beijing-internal.aliyuncs.com/19f1ce4a3a5ea91.mp4,9元视频1183-0630-9物-代理-十人-李博-jjsx-bjsx-A2-B1-pwjl-pcc-无-2-混剪,-,,,9元高中物理李博,9元高中物理李博,十人,代理商,0,wangruixuebj01,2026/7/10,10,92.14,0,0,0,143.3,9214,0,1.71%,0%,-,0,0
2fe1ef08aebefd2040c83102de03b52d,-,-,-,-,-,https://tutor-online.oss-cn-beijing.aliyuncs.com/growth/download-material/2fe1ef08aebefd2040c83102de03b52d.mp4,99双科-1-0108-15,-,,,199元高中双科提分课,199元高中双科提分课,自投放,其他,0,wangjiananbj03,2026/7/11,9,0.73,0,0,0,27.04,730,0,7.41%,0%,-,0,0
0f4f3f90aadd71460aee73cd04245896,-,-,-,-,-,https://tutor-online.oss-cn-beijing.aliyuncs.com/growth/download-material/0f4f3f90aadd71460aee73cd04245896.mp4,0715-199双科-申坤-李博-李天-卞俊洁-A5-B4-无-01,-,,,199元高中双科提分课,199元高中双科提分课,申坤,其他,0,wangjiananbj03,2026/7/16,4,0.02,0,0,0,2.22,0,0,0.00%,0.00%,-,0,0
461160ce697c170698c1ab46298fa4fe,-,-,-,-,-,https://tutor-online.oss-cn-beijing.aliyuncs.com/growth/download-material/461160ce697c170698c1ab46298fa4fe.mp4,20260420-猿辅导高中双科-实拍-活动-对不起-常文茜-高俊南ec-1.mp4,-,,,199元高中双科提分课,299元高中全年提分课,荔枝,其他,0,wangjiananbj03,2026/5/13,68,0.21,0,0,0,105,0,0,0.00%,0.00%,-,0,0
73cab52e36fbb660b981935ccce04e67,-,-,-,-,-,https://tutor-online.oss-cn-beijing.aliyuncs.com/growth/download-material/73cab52e36fbb660b981935ccce04e67.mp4,0708-199双科-申坤-李博-李天-卞俊洁-A2-B4-无-高二高三-2,-,,,199元高中双科提分课,199元高中双科提分课,申坤,其他,0,wangjiananbj03,2026/7/10,10,1.02,0,0,0,25.5,0,0,0.00%,0.00%,-,0,0
e2af91431cb41008dcd10f05028598e5,-,-,-,-,-,https://tutor-online.oss-cn-beijing.aliyuncs.com/growth/download-material/e2af91431cb41008dcd10f05028598e5.mp4,20260626-猿辅导高中双科-实拍-ip李博-通知-唐欣悦-林文斌-ip李博-二创-张晓洁ec-3.mp4,-,,,199元高中双科提分课,199元高中双科提分课,荔枝,其他,0,wangjiananbj03,2026/6/29,21,0.31,0,0,0,62,0,0,0.00%,0.00%,-,0,0
b847b5aaed6633b4038870878e673147,-,-,-,-,-,https://tutor-online.oss-cn-beijing.aliyuncs.com/growth/download-material/b847b5aaed6633b4038870878e673147.mp4,20260624-9物-代理-启航-李博-【b1-p6-a3-59-0629】-A5-B5-有-2,-,,,9元高中物理李博,9元高中物理李博,启航,代理商,0,wangruixuebj01,2026/7/11,9,0.2,0,0,0,16.67,0,0,0.00%,0.00%,-,0,0
2d5849ba6a659b82b84c33bea0019462,-,-,-,-,-,https://tutor-online.oss-cn-beijing.aliyuncs.com/growth/download-material/2d5849ba6a659b82b84c33bea0019462.mp4,9元视频1172-1129-9物-代理-十人-李博-jjsx-bwxy-A2-B1-pcc-有-3-拓两周(1),-,,,9元高中物理李博,9元高中物理李博,十人,代理商,0,wangruixuebj01,2026/7/11,9,0.01,0,0,0,0.42,0,0,0.00%,0.00%,-,0,0
baca21b6e2a0c47913078d0014091e4c,-,-,-,-,-,https://img-pub.oss-cn-beijing-internal.aliyuncs.com/19e920a525cdf3b.mp4,9元视频1006-0602拓-9物-十人-bmqr-ylb-A2-B4-jzzy-pwjl-1,-,,,9元高中物理李博,9元高中物理李博,十人,代理商,0,wangruixuebj01,2026/6/4,46,838.69,72,8,0.09,151.2,8922.23,104.84,1.77%,8.16%,-,1.44,765.96
3fd981c609895bb74cb11a4245c1581e,-,-,-,-,-,https://tutor-online.oss-cn-beijing.aliyuncs.com/growth/download-material/3fd981c609895bb74cb11a4245c1581e.mp4,20260618-猿辅导高中数学-实拍-性价比-亏本-张焱-bj李赛-李文静ec-视频号二创-1,-,,,199元高中双科提分课,199元高中双科提分课,荔枝,其他,0,wangjiananbj03,2026/6/22,28,681.85,199,1,0.29,63.13,12175.89,681.85,0.68%,1.37%,-,0.09,3553.57
a3905fc58fac1d4d27ca1d448a387f41,-,-,-,-,-,https://tutor-online.oss-cn-beijing.aliyuncs.com/growth/download-material/a3905fc58fac1d4d27ca1d448a387f41.mp4,一键修复_20260530-猿辅导高中双科-混剪-图-一粒备-张焱-曾柔雪yc-2.mp4,-,,,199元高中双科提分课,199元高中双科提分课,荔枝,其他,0,wangjiananbj03,2026/7/16,4,583.65,0,0,0,135.89,3917.11,0,3.47%,0.00%,-,0,0
4f54d8b915658f7315cb0f8d2cdc9e7a,-,-,-,-,-,https://tutor-online.oss-cn-beijing.aliyuncs.com/growth/download-material/4f54d8b915658f7315cb0f8d2cdc9e7a.mp4,0629-199双科-申坤-李博-李天-卞俊洁-A2-B4-无-08,-,,,199元高中双科提分课,199元高中双科提分课,申坤,其他,0,wangjiananbj03,2026/7/2,18,0,199,1,0,0,0,0,0.00%,0.00%,-,0,0
f4b0455144091205d7d4c6c2f11f1db9,-,-,-,-,-,https://tutor-online.oss-cn-beijing.aliyuncs.com/growth/download-material/f4b0455144091205d7d4c6c2f11f1db9.mp4,20260701-猿辅导高中双科-实拍-活动-买数送物-通用-买数送物-懂行-李莹莹-dr苗姐姐--邓又滔yc-0710-2.mp4,-,,,199元高中双科提分课,199元高中双科提分课,荔枝,其他,0,wangjiananbj03,2026/7/13,7,20.37,0,0,0,174.1,3395,0,5.13%,0.00%,-,0,0
b5942c6614d7803ce94aa5b33df5426b,-,-,-,-,-,https://tutor-online.oss-cn-beijing.aliyuncs.com/growth/download-material/b5942c6614d7803ce94aa5b33df5426b.mp4,20260711-猿辅导高中双科-实拍-视频号-6天训练营-高二-买物送数-答应我-唐欣悦-cd鲨鱼-岳久鸿yc-1.mp4,-,,,199元高中双科提分课,199元高中双科提分课,荔枝,其他,0,wangjiananbj03,2026/7/16,4,0.19,0,0,0,38,190,0,20.00%,0.00%,-,0,0
41157be10507b55db6e3eb88b0c2adcb,-,-,-,-,-,https://tutor-online.oss-cn-beijing.aliyuncs.com/growth/download-material/41157be10507b55db6e3eb88b0c2adcb.mp4,一键修复_20260601-猿辅导高中双科-实拍-千川-分数痛点-买数送物-199学三年-来得及-唐欣悦-bj于靖-叶俊泽yc-4-前贴.mp4,-,,,199元高中双科提分课,199元高中双科提分课,荔枝,其他,0,wangjiananbj03,2026/6/12,38,6.56,0,0,0,328,3280,0,10.00%,0.00%,-,0,0
09768dfd3cd84494909195cf1b01869f,-,-,-,-,-,https://tutor-online.oss-cn-beijing.aliyuncs.com/growth/download-material/09768dfd3cd84494909195cf1b01869f.mp4,20260630-猿辅导高中双科-实拍-买数学送物理-我婆婆-常文茜-dr蔡cd雪儿-裂变-张晓洁yc-2.mp4,-,,,199元高中双科提分课,199元高中双科提分课,荔枝,其他,0,wangjiananbj03,2026/7/7,13,2.21,0,0,0,50.23,0,0,0.00%,0.00%,-,0,0
76cb4f900188b77bbaf5e420e488506c,-,-,-,-,-,https://tutor-online.oss-cn-beijing.aliyuncs.com/growth/download-material/76cb4f900188b77bbaf5e420e488506c.mp4,0707-199双科-申坤-李博-李天-王合云-A6-B4-无-高二高三-08,-,,,199元高中双科提分课,199元高中双科提分课,申坤,其他,0,wangjiananbj03,2026/7/9,11,0,0,0,0,0,0,0,0.00%,0.00%,-,0,0
247365c153c6ec20157b7e1717cd9cef,-,-,-,-,-,https://tutor-online.oss-cn-beijing.aliyuncs.com/growth/download-material/247365c153c6ec20157b7e1717cd9cef.mp4,20260715-高中数物-混剪-图-张凌-9.mp4,-,,,199元高中双科提分课,199元高中双科提分课,荔枝,其他,0,wangjiananbj03,2026/7/16,4,53.48,199,1,3.72,263.45,4861.82,53.48,5.42%,9.09%,-,4.93,18090.91
d762369c573e1420787e07baf163a471,-,-,-,-,-,https://tutor-online.oss-cn-beijing.aliyuncs.com/growth/download-material/d762369c573e1420787e07baf163a471.mp4,20260704-猿辅导高中双科-混剪-图-张凌-张焱-张雪依yc-10改-高二高三.mp4,-,,,199元高中双科提分课,199元高中双科提分课,荔枝,其他,0,wangjiananbj03,2026/7/9,11,4.12,0,0,0,152.59,1373.33,0,11.11%,0.00%,-,0,0
fecd36f4288b8169006dac858b68d7a2,-,-,-,-,-,https://tutor-online.oss-cn-beijing.aliyuncs.com/growth/download-material/fecd36f4288b8169006dac858b68d7a2.mp4,20260627-猿辅导高中双科-实拍-千川-活动-买数学送物理-上哪找二-常文茜-cd张艺馨-岳久鸿-叶俊泽yc-3.mp4,-,,,199元高中双科提分课,199元高中双科提分课,荔枝,其他,0,wangjiananbj03,2026/7/3,17,1.29,0,0,0,143.33,1290,0,11.11%,0.00%,-,0,0
fc4a97bd859741cfc21ce17dda93d1d1,-,-,-,-,-,https://img-pub.oss-cn-beijing-internal.aliyuncs.com/19eaaf9657f9da9.mp4,0604-9物-玄武-李博-白潇凯-李明雪-A6-B1-yfdwl0605b1浩4-雪-白-龙-首【AI】,-,,,9元高中物理李博,9元高中物理李博,玄武,代理商,0,wangruixuebj01,2026/6/10,40,0.03,0,0,0,15,0,0,0.00%,0.00%,-,0,0
f4b17646ee5528e5b5c9c4dabf9a350f,-,-,-,-,-,https://tutor-online.oss-cn-beijing.aliyuncs.com/growth/download-material/f4b17646ee5528e5b5c9c4dabf9a350f.mp4,9元视频10011-1129-十人-李博混剪-1-D-是-jjsx-plpy,-,,,9元高中物理李博,9元高中物理李博,十人,其他,0,wangruixuebj01,2026/6/5,45,723.43,36,4,0.05,263.64,16441.59,180.86,2.55%,5.71%,-,1.46,818.18
bd478c8efd670675df26fee199e4d9dd,-,-,-,-,-,https://tutor-online.oss-cn-beijing.aliyuncs.com/growth/download-material/bd478c8efd670675df26fee199e4d9dd.mp4,视频-1080_1920-1-1780640607,-,,,9元高中物理李博,9元高中物理李博,十人,代理商,0,wangruixuebj01,2026/6/13,37,2.82,0,0,0,65.58,0,0,0.00%,0.00%,-,0,0
6480ca4723f1ad02a597b71448bcc75e,-,-,-,-,-,https://tutor-online.oss-cn-beijing.aliyuncs.com/growth/download-material/6480ca4723f1ad02a597b71448bcc75e.mp4,20260703-猿辅导高中双科-实拍-活动-夏他-张焱唐欣悦-bj李赛-裂变-李文静ec-二创-9,-,,,199元高中双科提分课,199元高中双科提分课,荔枝,其他,0,wangjiananbj03,2026/7/9,11,0.2,0,0,0,5.26,0,0,0.00%,0.00%,-,0,0
b88914c8d631ff9ebd07f1550cd05899,-,-,-,-,-,https://tutor-online.oss-cn-beijing.aliyuncs.com/growth/download-material/b88914c8d631ff9ebd07f1550cd05899.mp4,20260704-猿辅导高中双科-混剪-图-张凌-张焱-张雪依yc-8改-高三.mp4,-,,,199元高中双科提分课,199元高中双科提分课,荔枝,其他,0,wangjiananbj03,2026/7/9,11,11.11,0,0,0,505,5555,0,9.09%,0.00%,-,0,0
af55ae38fac2f071251a67dab223d5bf,-,-,-,-,-,https://tutor-online.oss-cn-beijing.aliyuncs.com/growth/download-material/af55ae38fac2f071251a67dab223d5bf.mp4,20260629-猿辅导高中双科-实拍-活动-夏他-张焱-bj李赛-袁北辰ec-二创-4.mp4,-,,,199元高中双科提分课,199元高中双科提分课,荔枝,其他,0,wangjiananbj03,2026/6/30,20,139.25,0,0,0,61.62,4095.59,0,1.50%,0.00%,-,0,0
56eafbbedf454cbcce6476dcbd416d4a,-,-,-,-,-,https://tutor-online.oss-cn-beijing.aliyuncs.com/growth/download-material/56eafbbedf454cbcce6476dcbd416d4a.mp4,20260618-9物-代理-启航-李博-【b1-p6-a1-57】-A5-B5-有-2,-,,,9元高中物理李博,9元高中物理李博,启航,代理商,0,wangruixuebj01,2026/7/10,10,955.64,63,7,0.07,106.62,6777.59,136.52,1.63%,4.79%,-,0.78,446.81
7c26ebf5df96bb9d097ce3fa2e1f0f07,-,-,-,-,-,https://tutor-online.oss-cn-beijing.aliyuncs.com/growth/download-material/7c26ebf5df96bb9d097ce3fa2e1f0f07.mp4,20260708-猿辅导高中双科-实拍-视频号-ip李博-活动-199学三年-买物送数-没舍得-唐欣悦-李博--李文静yc-2,-,,,199元高中双科提分课,199元高中双科提分课,荔枝,其他,0,wangjiananbj03,2026/7/16,4,0.03,0,0,0,3.75,0,0,0.00%,0.00%,-,0,0
5d1cb4bd125fb424772dc566be8cb293,-,-,-,-,-,https://tutor-online.oss-cn-beijing.aliyuncs.com/growth/download-material/5d1cb4bd125fb424772dc566be8cb293.mp4,20260624-9物-代理-启航-李博-【b1-p6-a3-40-0624】-A5-B5-有-2,-,,,9元高中物理李博,9元高中物理李博,启航,代理商,0,wangruixuebj01,2026/6/30,20,573.55,0,0,0,173.49,7260.13,0,2.36%,0%,-,0,0
f6badc7e9770e6216bb51f51088f7a54,-,-,-,-,-,https://tutor-online.oss-cn-beijing.aliyuncs.com/growth/download-material/f6badc7e9770e6216bb51f51088f7a54.mp4,20260620-猿辅导高中双科-实拍-千川-方式方法-门槛低-常文茜-dr小五老师-ts罗雅雯-二创-张晓洁ec-2.mp4,-,,,199元高中双科提分课,199元高中双科提分课,荔枝,其他,0,wangjiananbj03,2026/6/23,27,3.31,0,0,0,165.5,3310,0,5.00%,0.00%,-,0,0
c5fc2c4a201b4eb58ce55976388c867c,-,-,-,-,-,https://tutor-online.oss-cn-beijing.aliyuncs.com/growth/download-material/c5fc2c4a201b4eb58ce55976388c867c.mp4,一键修复_20260711-猿辅导高中双科-实拍-千川-活动-通用-买数送物-通知一下-李莹莹-cd佳怡-詹铠任-张雪依yc-4（前贴版）.mp4,-,,,199元高中双科提分课,199元高中双科提分课,荔枝,其他,0,wangjiananbj03,2026/7/16,4,0.32,0,0,0,0,0,0,0.00%,0.00%,-,0,0
ae7dfa2098883c425ec72d56980bd374,-,-,-,-,-,https://tutor-online.oss-cn-beijing.aliyuncs.com/growth/download-material/ae7dfa2098883c425ec72d56980bd374.mp4,20260624-9物-代理-启航-李博-【b1-p6-a3-60-0629】-A5-B5-有-2,-,,,9元高中物理李博,9元高中物理李博,启航,代理商,0,wangruixuebj01,2026/7/11,9,7.33,0,0,0,76.35,3665,0,2.08%,0%,-,0,0
444c434ce7666e5984a6e2a448d2766d,-,-,-,-,-,https://tutor-online.oss-cn-beijing.aliyuncs.com/growth/download-material/444c434ce7666e5984a6e2a448d2766d.mp4,0627-199双科-申坤-王晶-李天-姚恒-A5-B4-无-01,-,,,199元高中双科提分课,199元高中双科提分课,申坤,其他,0,wangjiananbj03,2026/7/1,19,26.11,0,0,0,7.46,13055,0,0.11%,0%,-,0,0
e98c56b27d590921a95ee5c710181081,-,-,-,-,-,https://tutor-online.oss-cn-beijing.aliyuncs.com/growth/download-material/e98c56b27d590921a95ee5c710181081.mp4,20260627-猿辅导高中双科-实拍-千川-买数学送物理-线下班对比-三人行-常文茜-bj李栎-叶俊泽yc-1-前贴.mp4,-,,,199元高中双科提分课,199元高中双科提分课,荔枝,其他,0,wangjiananbj03,2026/7/1,19,15.22,0,0,0,1170.77,7610,0,15.38%,0.00%,-,0,0
55b6e2b875c9ae4aa4d4a7ade6b7c06f,-,-,-,-,-,https://tutor-online.oss-cn-beijing.aliyuncs.com/growth/download-material/55b6e2b875c9ae4aa4d4a7ade6b7c06f.mp4,0701-199双科-申坤-李博-李天-姚恒-A2-B1-有-02,-,,,199元高中双科提分课,199元高中双科提分课,申坤,其他,0,wangjiananbj03,2026/7/6,14,1.46,0,0,0,24.75,0,0,0.00%,0.00%,-,0,0
b14a02e3d1d7be8c6e2bd45c97acb938,-,-,-,-,-,https://tutor-online.oss-cn-beijing.aliyuncs.com/growth/download-material/b14a02e3d1d7be8c6e2bd45c97acb938.mp4,一键修复_20260626-猿辅导高中双科-口播-大字报-封双-高二-张焱-ip李博-袁北辰yc-2.1.mp4,-,,,199元高中双科提分课,199元高中双科提分课,荔枝,其他,0,wangjiananbj03,2026/6/27,23,29.14,0,0,0,313.33,14570,0,2.15%,0.00%,-,0,0
1fd13de958932af1aa3330e864c8356b,-,-,-,-,-,https://tutor-online.oss-cn-beijing.aliyuncs.com/growth/download-material/1fd13de958932af1aa3330e864c8356b.mp4,20260609-9物-代理-启航-李博-【b1-p6-a1-9】-A5-B5-有-2-迭代01,-,,,9元高中物理李博,9元高中物理李博,启航,代理商,0,wangruixuebj01,2026/7/11,9,7699.24,270,30,0.04,143.99,8147.34,256.64,1.84%,3.05%,-,0.56,285.71
52f3b13881916f3ca791517e4b779c74,-,-,-,-,-,https://tutor-online.oss-cn-beijing.aliyuncs.com/growth/download-material/52f3b13881916f3ca791517e4b779c74.mp4,20260709-猿辅导高中双科-实拍-暑假规划-买数送物-高二+高三-买数送物-请退掉-高二高三-李莹莹-bj李腾飞-叶俊泽yc-5-前贴.mp4,-,,,199元高中双科提分课,199元高中双科提分课,荔枝,其他,0,wangjiananbj03,2026/7/13,7,14.62,0,0,0,110.76,4873.33,0,2.27%,0.00%,-,0,0
4ed41804abf37b1c65a5532d11b9b2d0,-,-,-,-,-,https://tutor-online.oss-cn-beijing.aliyuncs.com/growth/download-material/4ed41804abf37b1c65a5532d11b9b2d0.mp4,视频-720_1280-1-1781160903,-,,,9元高中物理李博,9元高中物理李博,十人,代理商,0,wangruixuebj01,2026/6/13,37,0.2,0,0,0,25,0,0,0.00%,0.00%,-,0,0
ed903d2acb8d352b68cc8c24a976f134,-,-,-,-,-,https://tutor-online.oss-cn-beijing.aliyuncs.com/growth/download-material/ed903d2acb8d352b68cc8c24a976f134.mp4,20260704-猿辅导高中双科-混剪-图-张凌-张焱-张雪依yc-3改-高二,-,,,199元高中双科提分课,199元高中双科提分课,自投放,其他,0,wangjiananbj03,2026/7/10,10,445.03,0,0,0,218.58,44503,0,0.59%,0%,-,0,0
b05e464975042453cd903651bcfd749f,-,-,-,-,-,https://tutor-online.oss-cn-beijing.aliyuncs.com/growth/download-material/b05e464975042453cd903651bcfd749f.mp4,20260624-9物-代理-启航-李博-【b1-p6-a3-78-0630】-A5-B5-有-2,-,,,9元高中物理李博,9元高中物理李博,启航,代理商,0,wangruixuebj01,2026/7/10,10,8.91,0,0,0,127.29,8910,0,1.43%,0%,-,0,0
b6fe7a061a1cd9ca6ffb4bf636e29976,-,-,-,-,-,https://tutor-online.oss-cn-beijing.aliyuncs.com/growth/download-material/b6fe7a061a1cd9ca6ffb4bf636e29976.mp4,20260622-猿辅导高中双科-实拍-视频号-ip李博-买物送数-199学三年-马虎-常文茜-ip李博--张雪依yc-3（前贴版）.mp4,-,,,199元高中双科提分课,199元高中双科提分课,荔枝,其他,0,wangjiananbj03,2026/6/24,26,0.45,0,0,0,40.91,0,0,0.00%,0.00%,-,0,0
2cee1020751a81c54e7db0a8eaf8610a,-,-,-,-,-,https://tutor-online.oss-cn-beijing.aliyuncs.com/growth/download-material/2cee1020751a81c54e7db0a8eaf8610a.mp4,0715-199双科-申坤-李博-李天-卞俊洁-A1-B4-有-02,-,,,199元高中双科提分课,199元高中双科提分课,申坤,其他,0,wangjiananbj03,2026/7/16,4,0.49,0,0,0,22.27,0,0,0.00%,0.00%,-,0,0
84efec0938e1aa8308dabbd6a49bd6b9,-,-,-,-,-,https://img-pub.oss-cn-beijing-internal.aliyuncs.com/19f4665851adb99.mp4,9元视频1197-0703-9物-代理-十人-李博-jjsx-bwxy-A2-B1-pcc-pwjl-有-2-AI,-,,,9元高中物理李博,9元高中物理李博,十人,代理商,0,wangruixuebj01,2026/7/14,6,2.04,0,0,0,60,0,0,0.00%,0.00%,-,0,0
d610322565583900e4a40fb692699072,-,-,-,-,-,https://tutor-online.oss-cn-beijing.aliyuncs.com/growth/download-material/d610322565583900e4a40fb692699072.mp4,9元视频989-0526-9物-十人-bmqr-ylb-A2-B4-jjsx-pwjl-3,-,,,9元高中物理李博,9元高中物理李博,十人,其他,0,wangruixuebj01,2026/5/27,54,19.43,18,2,0.93,202.4,4857.5,9.72,4.17%,50.00%,-,20.83,4500
a1a7ff61e2829652488b6bf873533f74,-,-,-,-,-,https://tutor-online.oss-cn-beijing.aliyuncs.com/growth/download-material/a1a7ff61e2829652488b6bf873533f74.mp4,20260616-猿辅导高中双科-实拍-千川-活动--张焱-cd杨嘉欣-岳久鸿-张晓洁yc-3.mp4,-,,,199元高中双科提分课,199元高中双科提分课,荔枝,其他,0,wangjiananbj03,2026/6/18,32,1.02,0,0,0,113.33,1020,0,11.11%,0.00%,-,0,0
04273cadf68a9505fd7219c2799f2b05,-,-,-,-,-,https://tutor-online.oss-cn-beijing.aliyuncs.com/growth/download-material/04273cadf68a9505fd7219c2799f2b05.mp4,20260711-猿辅导高中双科-实拍-千川-暑期规划-通用-买数送物-可能吗-常文茜-hd张绍辰--李文静yc-1.mp4,-,,,199元高中双科提分课,199元高中双科提分课,荔枝,其他,0,wangjiananbj03,2026/7/16,4,0.07,0,0,0,0,0,0,0.00%,0.00%,-,0,0
440abefe6fc9f4e6f185e258130cc65b,-,-,-,-,-,https://tutor-online.oss-cn-beijing.aliyuncs.com/growth/download-material/440abefe6fc9f4e6f185e258130cc65b.mp4,0708-199双科-申坤-李博-李天-卞俊洁-A2-B1-有-高二高三-15,-,,,199元高中双科提分课,199元高中双科提分课,申坤,其他,0,wangjiananbj03,2026/7/9,11,0.17,0,0,0,24.29,0,0,0.00%,0.00%,-,0,0
7d1b6c829d777e9527ef01d1eef959a2,-,-,-,-,-,https://tutor-online.oss-cn-beijing.aliyuncs.com/growth/download-material/7d1b6c829d777e9527ef01d1eef959a2.mp4,20260713-猿辅导高中双科-实拍-千川-活动-五科-高三-高三-五科-到这了-高三-常文茜-cd文雨婷-岳久鸿-曹婷婷yc-1.mp4,-,,,199元高中双科提分课,199元高中双科提分课,荔枝,其他,0,wangjiananbj03,2026/7/16,4,9.73,0,0,0,1946,0,0,0.00%,0.00%,-,0,0
09127663f25799e74c5f207297d81202,-,-,-,-,-,https://tutor-online.oss-cn-beijing.aliyuncs.com/growth/download-material/09127663f25799e74c5f207297d81202.mp4,0716-199双科-申坤-李博-李天-张佳乐-A1-B5-无-04,-,,,199元高中双科提分课,199元高中双科提分课,申坤,其他,0,wangjiananbj03,2026/7/16,4,0.01,0,0,0,1.11,0,0,0.00%,0.00%,-,0,0
9bca078cd40f78bd1d3cb86ed0ae5f80,-,-,-,-,-,https://tutor-online.oss-cn-beijing.aliyuncs.com/growth/download-material/9bca078cd40f78bd1d3cb86ed0ae5f80.mp4,0529-9物-玄武-李博-A2-B3-yfdwl0529b1浩2-卉-白-超-首,-,,,9元高中物理李博,9元高中物理李博,玄武,其他,0,wangruixuebj01,2026/6/13,37,19345.6,801,89,0.04,114.94,8288.6,217.37,1.58%,3.35%,-,0.53,343.19
d10c5362bd35443a0985b9251474f55d,-,-,-,-,-,https://tutor-online.oss-cn-beijing.aliyuncs.com/growth/download-material/d10c5362bd35443a0985b9251474f55d.mp4,20260609-猿辅导高中双科-实拍-千川-活动-买数送物-199学全年-太贵了-唐欣悦-bj庄紫薇--张晓洁yc-3.1.mp4,-,,,199元高中双科提分课,199元高中双科提分课,荔枝,其他,0,wangjiananbj03,2026/6/10,40,0.45,0,0,0,112.5,0,0,0.00%,0.00%,-,0,0
1e70d632e66a0ee2ceccc5b7b1a60242,-,-,-,-,-,https://tutor-online.oss-cn-beijing.aliyuncs.com/growth/download-material/1e70d632e66a0ee2ceccc5b7b1a60242.mp4,20260611-猿辅导高中双科-混剪-图-坚持男-张焱-拼客供素材-李文静ec-视频号二创-3,-,,,199元高中双科提分课,199元高中双科提分课,荔枝,其他,0,wangjiananbj03,2026/6/11,39,41.1,199,1,4.84,73.92,13700,41.1,0.54%,33.33%,-,1.8,66333.33
7fdad06da84d7e91afe3d9666ac7d16c,-,-,-,-,-,https://tutor-online.oss-cn-beijing.aliyuncs.com/growth/download-material/7fdad06da84d7e91afe3d9666ac7d16c.mp4,20260703-猿辅导高中双科-实拍-视频号-ip李博-买物送数-199学三年-上不去-常文茜-李博--李文静yc-2,-,,,199元高中双科提分课,199元高中双科提分课,荔枝,其他,0,wangjiananbj03,2026/7/9,11,5.46,0,0,0,126.98,0,0,0.00%,0.00%,-,0,0
f7395b9e1220a6ea1225ddd4fadafa59,-,-,-,-,-,https://tutor-online.oss-cn-beijing.aliyuncs.com/growth/download-material/f7395b9e1220a6ea1225ddd4fadafa59.mp4,0623-9物-玄武-李博-刘志宽-李明雪-A5-B2-有-3-【AI】-yfdwl0623k1浩3-雪-龙-宽-首,-,,,9元高中物理李博,9元高中物理李博,玄武,代理商,0,wangruixuebj01,2026/6/26,24,6.31,0,0,0,153.9,6310,0,2.44%,0%,-,0,0
0a7917c7c42799e1fa4433a2f311ed19,-,-,-,-,-,https://tutor-online.oss-cn-beijing.aliyuncs.com/growth/download-material/0a7917c7c42799e1fa4433a2f311ed19.mp4,20260606-猿辅导高中双科-实拍-ip李博-通知-唐欣悦-ip李博-二创-张晓洁ec-3.mp4,-,,,199元高中双科提分课,199元高中双科提分课,荔枝,其他,0,wangjiananbj03,2026/6/9,41,2.41,0,0,0,160.67,602.5,0,26.67%,0.00%,-,0,0
3a4e1f17cc1a883add641ff58fac6c71,-,-,-,-,-,https://tutor-online.oss-cn-beijing.aliyuncs.com/growth/download-material/3a4e1f17cc1a883add641ff58fac6c71.mp4,20260622-猿辅导高中双科-实拍-活动-多少-张焱-bj李赛-张晓洁yc-改高二,-,,,199元高中双科提分课,199元高中双科提分课,自投放,其他,0,wangjiananbj03,2026/7/10,10,10.09,0,0,0,40.69,10090,0,0.40%,0%,-,0,0
14cf481cef6e545eeabd145742f811bd,-,-,-,-,-,https://tutor-online.oss-cn-beijing.aliyuncs.com/growth/download-material/14cf481cef6e545eeabd145742f811bd.mp4,0703-199双科-申坤-李博-李天-姚恒-A6-B3-有-01,-,,,199元高中双科提分课,199元高中双科提分课,申坤,其他,0,wangjiananbj03,2026/7/10,10,80.89,0,0,0,67.8,40445,0,0.50%,0%,-,0,0
9ba2a1a6ddc60d258955f4a9872f122b,-,-,-,-,-,https://tutor-online.oss-cn-beijing.aliyuncs.com/growth/download-material/9ba2a1a6ddc60d258955f4a9872f122b.mp4,20260528-猿辅导高中双科-实拍-活动-多少钱-唐欣悦-bj于靖-裂变-张晓洁yc-1.mp4,-,,,199元高中双科提分课,199元高中双科提分课,荔枝,代理商,0,wangjiananbj03,2026/5/29,52,2.63,0,0,0,119.55,0,0,0.00%,0.00%,-,0,0
2ccceb9d44cfb42cc96b0519458486c1,-,-,-,-,-,https://tutor-online.oss-cn-beijing.aliyuncs.com/growth/download-material/2ccceb9d44cfb42cc96b0519458486c1.mp4,20260606-猿辅导高中双科-实拍-视频号-ip李博-买物送数-199学三年-喜讯-常文茜-IP李博--张晓洁yc-1（前贴）.mp4,-,,,199元高中双科提分课,199元高中双科提分课,荔枝,其他,0,wangjiananbj03,2026/6/12,38,6.37,0,0,0,151.67,910,0,16.67%,0.00%,-,0,0
43b3d37c7df9e3adc1d7437332c0f121,-,-,-,-,-,https://tutor-online.oss-cn-beijing.aliyuncs.com/growth/download-material/43b3d37c7df9e3adc1d7437332c0f121.mp4,20260624-猿辅导高中双科-实拍-千川-活动-买数送物-冤大头-张焱-bj郭铭泽--张晓洁yc-9,-,,,199元高中双科提分课,199元高中双科提分课,荔枝,其他,0,wangjiananbj03,2026/7/4,16,67.56,0,0,0,67.29,7506.67,0,1.10%,0%,-,0,0
25a7d9ace2efe457ea34562ae3b8555d,-,-,-,-,-,https://tutor-online.oss-cn-beijing.aliyuncs.com/growth/download-material/25a7d9ace2efe457ea34562ae3b8555d.mp4,9元视频1190-0702-9物-代理-十人-李博-jjsx-bjsx-A2-B1-pcc-pwjl-有-2-AI,-,,,9元高中物理李博,9元高中物理李博,十人,代理商,0,wangruixuebj01,2026/7/13,7,0.02,0,0,0,5,0,0,0.00%,0.00%,-,0,0
363fa0ab92ce748ad0fb7f116e6f2f89,-,-,-,-,-,https://tutor-online.oss-cn-beijing.aliyuncs.com/growth/download-material/363fa0ab92ce748ad0fb7f116e6f2f89.mp4,20260704-猿辅导高中双科-实拍-千川-活动-再加-张焱-bj冷一丁-叶俊泽ec-二创-ts徐鑫悦-5.mp4,-,,,199元高中双科提分课,199元高中双科提分课,荔枝,其他,0,wangjiananbj03,2026/7/9,11,17.18,0,0,0,324.15,4295,0,7.55%,0.00%,-,0,0
ec37c4d5809066d51d581250d285b01f,-,-,-,-,-,https://tutor-online.oss-cn-beijing.aliyuncs.com/growth/download-material/ec37c4d5809066d51d581250d285b01f.mp4,一键修复_20260626-猿辅导高中双科-实拍-千川-性价比-买物送数-199学全年-幸亏-林文斌-唐欣悦-cd张璐-岳久鸿-二创-张晓洁ec-2.mp4,-,,,199元高中双科提分课,199元高中双科提分课,荔枝,其他,0,wangjiananbj03,2026/6/29,21,3.38,0,0,0,140.83,1690,0,8.33%,0.00%,-,0,0
de7ae16f5cfc4a60fd8bad2aa090edb5,-,-,-,-,-,https://tutor-online.oss-cn-beijing.aliyuncs.com/growth/download-material/de7ae16f5cfc4a60fd8bad2aa090edb5.mp4,0708-199双科-申坤-李博-李天-卞俊洁-A2-B4-有-高二高三-06,-,,,199元高中双科提分课,199元高中双科提分课,申坤,其他,0,wangjiananbj03,2026/7/10,10,18.74,0,0,0,33.71,18740,0,0.18%,0%,-,0,0
2657add7ba336ce8edd5b82d85da2bb8,-,-,-,-,-,https://tutor-online.oss-cn-beijing.aliyuncs.com/growth/download-material/2657add7ba336ce8edd5b82d85da2bb8.mp4,20260626-猿辅导高中双科-混剪-视频号-图-张焱-张晓洁yc-7.1,-,,,199元高中双科提分课,199元高中双科提分课,荔枝,其他,0,wangjiananbj03,2026/7/16,4,10.33,0,0,0,98.38,10330,0,0.95%,0%,-,0,0
260218c2fbc51a6ce4da247bf55c03ba,-,-,-,-,-,https://tutor-online.oss-cn-beijing.aliyuncs.com/growth/download-material/260218c2fbc51a6ce4da247bf55c03ba.mp4,一键修复_0610-199双科-自产-自产主-李博-视觉锤-子衿-A2-B3-无-8.mp4,-,,,199元高中双科提分课,199元高中双科提分课,荔枝,其他,0,wangjiananbj03,2026/6/19,31,0.65,0,0,0,108.33,0,0,0.00%,0.00%,-,0,0
7a7f7a740cdeda832cb56c84b78fda96,-,-,-,-,-,https://tutor-online.oss-cn-beijing.aliyuncs.com/growth/download-material/7a7f7a740cdeda832cb56c84b78fda96.mp4,20260624-9物-代理-启航-李博-【b1-p6-j9-21】,-,,,9元高中物理李博,9元高中物理李博,启航,代理商,0,wangruixuebj01,2026/6/27,23,14527.14,549,61,0.04,122.59,6772.56,238.15,1.92%,2.69%,-,0.51,255.94
e78bac3c5c724a93ca32a12405240c9a,-,-,-,-,-,https://tutor-online.oss-cn-beijing.aliyuncs.com/growth/download-material/e78bac3c5c724a93ca32a12405240c9a.mp4,20260703-猿辅导高中双科-实拍-视频号-ip李博-买物送数-199学三年-上不去-常文茜-李博--李文静yc-2-前贴 (1),-,,,199元高中双科提分课,199元高中双科提分课,荔枝,其他,0,wangjiananbj03,2026/7/9,11,0.62,0,0,0,62,310,0,10.00%,0%,-,0,0
ffa58fb25b84c9014960dd7684a8238f,-,-,-,-,-,https://tutor-online.oss-cn-beijing.aliyuncs.com/growth/download-material/ffa58fb25b84c9014960dd7684a8238f.mp4,20260620-猿辅导高中双科-实拍-千川-活动--张焱-bj毕娇-林文斌-二创-张晓洁ec-5,-,,,199元高中双科提分课,199元高中双科提分课,荔枝,其他,0,wangjiananbj03,2026/7/11,9,7.9,0,0,0,67.52,0,0,0.00%,0.00%,-,0,0
82067b7fc23310601a5ffda81c88955c,-,-,-,-,-,https://tutor-online.oss-cn-beijing.aliyuncs.com/growth/download-material/82067b7fc23310601a5ffda81c88955c.mp4,一键修复_20260623-猿辅导高中双科-实拍-千川-活动-买数学送物理-确实-张焱-bj于靖-裂变-张晓洁yc-4.mp4,-,,,199元高中双科提分课,199元高中双科提分课,荔枝,其他,0,wangjiananbj03,2026/6/24,26,139.05,199,1,1.43,93.32,4635,139.05,2.01%,3.33%,-,0.67,6633.33
8ab9a13ba42bff2d397ab77c1a8c85d5,-,-,-,-,-,https://tutor-online.oss-cn-beijing.aliyuncs.com/growth/download-material/8ab9a13ba42bff2d397ab77c1a8c85d5.mp4,20260609-9物-代理-启航-李博-【b1-p6-j8-10】-A3-B2-有-6,-,,,9元高中物理李博,9元高中物理李博,启航,代理商,0,wangruixuebj01,2026/6/12,38,0,9,1,0,0,0,0,0.00%,0.00%,-,0,0
a1901ba6f8b31bdd88c2aabd9f69324f,-,-,-,-,-,https://tutor-online.oss-cn-beijing.aliyuncs.com/growth/download-material/a1901ba6f8b31bdd88c2aabd9f69324f.mp4,一键修复_20260618-猿辅导高中双科-实拍-千川-分数痛点-买数学送物理-能上-张焱-dr小五-袁北辰ec-二创-4.mp4,-,,,199元高中双科提分课,199元高中双科提分课,荔枝,代理商,0,wangjiananbj03,2026/6/18,32,1.42,0,0,0,284,710,0,40.00%,0.00%,-,0,0
8bf3f18bcbeca133cc5f7f5d2f0a0e7b,-,-,-,-,-,https://tutor-online.oss-cn-beijing.aliyuncs.com/growth/download-material/8bf3f18bcbeca133cc5f7f5d2f0a0e7b.mp4,0703-199双科-申坤-李博-李天-卞俊洁-A2-B4-无-21,-,,,199元高中双科提分课,199元高中双科提分课,申坤,其他,0,wangjiananbj03,2026/7/5,15,1.58,0,0,0,30.38,0,0,0.00%,0.00%,-,0,0
3ef25523a2f3dabf58fc07def0c71ba5,-,-,-,-,-,https://tutor-online.oss-cn-beijing.aliyuncs.com/growth/download-material/3ef25523a2f3dabf58fc07def0c71ba5.mp4,一键修复_20260711-猿辅导高中双科-实拍-视频号-6天训练营-高二-买物送数-答应我-唐欣悦-cd鲨鱼-岳久鸿yc-1（前贴）.mp4,-,,,199元高中双科提分课,199元高中双科提分课,荔枝,其他,0,wangjiananbj03,2026/7/16,4,0.5,0,0,0,71.43,0,0,0.00%,0.00%,-,0,0
124a0fc8232794242a472500c5217dd4,-,-,-,-,-,https://img-pub.oss-cn-beijing-internal.aliyuncs.com/19f5ae642b2544b.mp4,20260611-9物-代理-启航-李博-【b1-p6-a1-60】-A5-B5-有-2,-,,,9元高中物理李博,9元高中物理李博,启航,代理商,0,wangruixuebj01,2026/7/15,5,2.97,0,0,0,57.12,0,0,0.00%,0.00%,-,0,0
c25be569517068d3f2bee2ed642c01ee,-,-,-,-,-,https://tutor-online.oss-cn-beijing.aliyuncs.com/growth/download-material/c25be569517068d3f2bee2ed642c01ee.mp4,20260709-猿辅导高中双科-实拍-买物理送数学-再说-张焱-bj丁梓仟-高一-李文静ec-视频号二创-横屏-5,-,,,199元高中双科提分课,199元高中双科提分课,荔枝,其他,0,wangjiananbj03,2026/7/9,11,2784.1,398,2,0.14,23.55,3737.05,1392.05,0.86%,0.20%,-,0.02,534.23
07382542a1470601e5ac8b73741d53e6,-,-,-,-,-,https://tutor-online.oss-cn-beijing.aliyuncs.com/growth/download-material/07382542a1470601e5ac8b73741d53e6.mp4,0708-199双科-申坤-李博-李天-卞俊洁-A2-B4-无-7,-,,,199元高中双科提分课,199元高中双科提分课,申坤,其他,0,wangjiananbj03,2026/7/9,11,113.09,0,0,0,57.41,9424.17,0,0.71%,0%,-,0,0
8556a520ade930136dfa71ddef806aa5,-,-,-,-,-,https://tutor-online.oss-cn-beijing.aliyuncs.com/growth/download-material/8556a520ade930136dfa71ddef806aa5.mp4,20260612-猿辅导高中双科-实拍-千川-专家分享-买数学送物理-拼思维方法-常文茜-dr小五老师--张雪依yc-1.mp4,-,,,199元高中双科提分课,199元高中双科提分课,荔枝,其他,0,wangjiananbj03,2026/6/18,32,12.1,0,0,0,484,12100,0,4.00%,0.00%,-,0,0
82374e873ad3183326607653171f3837,-,-,-,-,-,https://tutor-online.oss-cn-beijing.aliyuncs.com/growth/download-material/82374e873ad3183326607653171f3837.mp4,20260703-猿辅导高中双科-实拍-活动-放心-张焱-李赛-bj刘能能-裂变-李文静ec-二创-2.mp4,-,,,199元高中双科提分课,199元高中双科提分课,荔枝,其他,0,wangjiananbj03,2026/7/7,13,327.26,0,0,0,179.81,6293.46,0,2.86%,0.00%,-,0,0
b90a5c1a242056051ac11fe75053300a,-,-,-,-,-,https://tutor-online.oss-cn-beijing.aliyuncs.com/growth/download-material/b90a5c1a242056051ac11fe75053300a.mp4,20260624-猿辅导高中双科-实拍-活动-放心-张焱-bj刘能能-袁北辰ec-二创-4.mp4,-,,,199元高中双科提分课,199元高中双科提分课,荔枝,其他,0,wangjiananbj03,2026/6/26,24,2.04,0,0,0,113.33,1020,0,11.11%,0.00%,-,0,0
d3a35cf4ff7fb31faf527fc92a1a2671,-,-,-,-,-,https://tutor-online.oss-cn-beijing.aliyuncs.com/growth/download-material/d3a35cf4ff7fb31faf527fc92a1a2671.mp4,20260616-猿辅导高中双科-实拍-千川-方式方法-门槛低-常文茜-dr小五老师-张晓洁yc-2（前贴）.mp4,-,,,199元高中双科提分课,199元高中双科提分课,荔枝,其他,0,wangjiananbj03,2026/6/18,32,21.36,0,0,0,854.4,10680,0,8.00%,0.00%,-,0,0
8e88731b1bb8ee2fa73e82b192d7b07a,-,-,-,-,-,https://tutor-online.oss-cn-beijing.aliyuncs.com/growth/download-material/8e88731b1bb8ee2fa73e82b192d7b07a.mp4,20260626-猿辅导高中双科-实拍-千川-活动-买数学送物理-再加-张焱-林文斌-bj冷一丁-二创-张晓洁ec-4.mp4,-,,,199元高中双科提分课,199元高中双科提分课,荔枝,其他,0,wangjiananbj03,2026/6/29,21,7.87,0,0,0,437.22,3935,0,11.11%,0.00%,-,0,0
10346a0b943ed483e162c9599bf2bda4,-,-,-,-,-,https://tutor-online.oss-cn-beijing.aliyuncs.com/growth/download-material/10346a0b943ed483e162c9599bf2bda4.mp4,0708-199双科-申坤-李博-李天-卞俊洁-A2-B4-有-高二高三-04,-,,,199元高中双科提分课,199元高中双科提分课,申坤,其他,0,wangjiananbj03,2026/7/10,10,1.89,0,0,0,42,0,0,0.00%,0.00%,-,0,0
3334d21454127e378977acb12e328565,-,-,-,-,-,https://tutor-online.oss-cn-beijing.aliyuncs.com/growth/download-material/3334d21454127e378977acb12e328565.mp4,20260711-猿辅导高中双科-实拍-千川-活动-199学三年-买数送物-割韭菜-唐欣悦-bj庄紫薇-二创-叶俊泽ec-10.mp4,-,,,199元高中双科提分课,199元高中双科提分课,荔枝,其他,0,wangjiananbj03,2026/7/16,4,325.51,199,1,0.61,53.08,4520.97,325.51,1.17%,1.39%,-,0.16,2763.89
7faeba617563352fab739969301e44f9,-,-,-,-,-,https://tutor-online.oss-cn-beijing.aliyuncs.com/growth/download-material/7faeba617563352fab739969301e44f9.mp4,20260711-猿辅导高中双科-实拍-视频号-活动-买物送数-通用-买物送数-可以犹豫-常文茜-cd杨嘉欣-岳久鸿-易靖耀yc-1.mp4,-,,,199元高中双科提分课,199元高中双科提分课,荔枝,其他,0,wangjiananbj03,2026/7/16,4,0.55,0,0,0,137.5,275,0,50.00%,0.00%,-,0,0
4f15fda299db62a82aa06deb9d40fcdd,-,-,-,-,-,https://tutor-online.oss-cn-beijing.aliyuncs.com/growth/download-material/4f15fda299db62a82aa06deb9d40fcdd.mp4,0710-199双科-申坤-李博-李天-卞俊洁-A1-B2-无-1,-,,,199元高中双科提分课,199元高中双科提分课,申坤,其他,0,wangjiananbj03,2026/7/12,8,0.02,0,0,0,10,0,0,0.00%,0.00%,-,0,0
35546edd37c6d13c5acb6a1bd7fed33a,-,-,-,-,-,https://tutor-online.oss-cn-beijing.aliyuncs.com/growth/download-material/35546edd37c6d13c5acb6a1bd7fed33a.mp4,20260610-猿辅导高中双科-实拍-千川-活动-五科-199学三年-不要-唐欣悦-岳久鸿-cd小丹-叶俊泽yc-2.mp4,-,,,199元高中双科提分课,199元高中双科提分课,荔枝,其他,0,wangjiananbj03,2026/6/18,32,0.35,0,0,0,116.67,175,0,66.67%,0.00%,-,0,0
37bd9e7557c9fb6a49f281c84b9d3cd2,-,-,-,-,-,https://tutor-online.oss-cn-beijing.aliyuncs.com/growth/download-material/37bd9e7557c9fb6a49f281c84b9d3cd2.mp4,视频-720_1280-1-1781086103,-,,,9元高中物理李博,9元高中物理李博,十人,代理商,0,wangruixuebj01,2026/6/11,39,10175.58,441,49,0.04,147.75,16438.74,207.66,1.14%,6.25%,-,0.71,712.44
f1482e5b0cbc928248ca75a3ddf49e19,-,-,-,-,-,https://tutor-online.oss-cn-beijing.aliyuncs.com/growth/download-material/f1482e5b0cbc928248ca75a3ddf49e19.mp4,20260701-猿辅导高中双科-实拍-千川-买数送物-专家分享-救不-高二-张焱-tj陈璇-叶俊泽yc-6,-,,,199元高中双科提分课,199元高中双科提分课,荔枝,其他,0,wangjiananbj03,2026/7/15,5,69.2,0,0,0,68.99,7688.89,0,1.10%,0%,-,0,0
0ed8c54ce2f94297350e86f8cdf35be6,-,-,-,-,-,https://tutor-online.oss-cn-beijing.aliyuncs.com/growth/download-material/0ed8c54ce2f94297350e86f8cdf35be6.mp4,0708-199双科-申坤-李博-李天-卞俊洁-A2-B4-无-5,-,,,199元高中双科提分课,199元高中双科提分课,申坤,其他,0,wangjiananbj03,2026/7/9,11,265.28,199,1,0.75,76.98,13962.11,265.28,0.87%,3.33%,-,0.29,10473.68
64915f13af63241d55ed35e3a83cc152,-,-,-,-,-,https://tutor-online.oss-cn-beijing.aliyuncs.com/growth/download-material/64915f13af63241d55ed35e3a83cc152.mp4,20260715-猿辅导高中双科-实拍-视频号-ip李博-买物送数-199学三年-毫无困难-常文茜-IP李博-高一高二-李文静ec-视频号二创-横屏-1,-,,,199元高中双科提分课,199元高中双科提分课,荔枝,其他,0,wangjiananbj03,2026/7/16,4,4.03,0,0,0,16.79,4030,0,1.67%,0%,-,0,0
c58d4071dfd9abc7f1a94437bd3c8b06,-,-,-,-,-,https://tutor-online.oss-cn-beijing.aliyuncs.com/growth/download-material/c58d4071dfd9abc7f1a94437bd3c8b06.mp4,9元视频1205-0707-9物-代理-十人-李博-jjsx-bwxy-A2-B1-pcc-pwjl-有-2,-,,,9元高中物理李博,9元高中物理李博,十人,代理商,0,wangruixuebj01,2026/7/14,6,74.76,9,1,0.12,261.4,12460,74.76,3.50%,10.00%,-,3.5,1500
252d69cd05c2e50e027a32e6b99bb2e6,-,-,-,-,-,https://tutor-online.oss-cn-beijing.aliyuncs.com/growth/download-material/252d69cd05c2e50e027a32e6b99bb2e6.mp4,20260428-猿辅导高中双科-实拍-ip李博-有必要-常文茜-ip李博-文涵立yc-前贴.mp4,-,,,199元高中双科提分课,199元高中双科提分课,荔枝,其他,0,wangjiananbj03,2026/5/13,68,1.24,0,0,0,620,0,0,0.00%,0.00%,-,0,0
a7a6292807e4ea8f098c72b7b3fd1094,-,-,-,-,-,https://tutor-online.oss-cn-beijing.aliyuncs.com/growth/download-material/a7a6292807e4ea8f098c72b7b3fd1094.mp4,20260612-猿辅导高中双科-混剪-视频号-图-红花-张焱-张晓洁yc-6,-,,,199元高中双科提分课,199元高中双科提分课,荔枝,其他,0,wangjiananbj03,2026/6/30,20,0.27,0,0,0,8.18,270,0,3.03%,0%,-,0,0
ce6d4cd13efcfa658f80bd6106560fdd,-,-,-,-,-,https://tutor-online.oss-cn-beijing.aliyuncs.com/growth/download-material/ce6d4cd13efcfa658f80bd6106560fdd.mp4,20260701-猿辅导高中双科-混剪-视频号-图-板报-张焱-裂变-张晓洁yc-6.mp4,-,,,199元高中双科提分课,199元高中双科提分课,荔枝,其他,0,wangjiananbj03,2026/7/3,17,4.2,0,0,0,221.05,2100,0,10.53%,0.00%,-,0,0
12ea00f1e6fa8e9da91c361551148b7e,-,-,-,-,-,https://tutor-online.oss-cn-beijing.aliyuncs.com/growth/download-material/12ea00f1e6fa8e9da91c361551148b7e.mp4,20260715-猿辅导高中双科-实拍-千川-买数送物-专家分享-搞定-高二-张焱-bj宋钦冲-ts徐鑫悦-高二高三-李文静ec-视频号二创-横屏-2,-,,,199元高中双科提分课,199元高中双科提分课,荔枝,其他,0,wangjiananbj03,2026/7/16,4,3.14,0,0,0,24.53,1570,0,1.56%,0%,-,0,0
d13a774b2e8346e24d6e399cdd2cef0a,-,-,-,-,-,https://tutor-online.oss-cn-beijing.aliyuncs.com/growth/download-material/d13a774b2e8346e24d6e399cdd2cef0a.mp4,20260618-猿辅导高中双科-混剪-视频号-图-便利贴-张焱-李文静二创-视频号二创-3,-,,,199元高中双科提分课,199元高中双科提分课,荔枝,其他,0,wangjiananbj03,2026/7/6,14,98.96,0,0,0,109.59,9896,0,1.55%,0%,-,0,0
a96d88cbffb90a1c5d4f5140b81e17eb,-,-,-,-,-,https://tutor-online.oss-cn-beijing.aliyuncs.com/growth/download-material/a96d88cbffb90a1c5d4f5140b81e17eb.mp4,20260526-猿辅导高中双科-实拍-买物理送数学-省妈-张焱-cd雪儿-岳久鸿-张雪依ec-二创-1.mp4,-,,,199元高中双科提分课,199元高中双科提分课,荔枝,其他,0,wangjiananbj03,2026/5/26,55,0.69,0,0,0,76.67,345,0,22.22%,0.00%,-,0,0
9381752d4092a6cbd4e63c6a530e4995,-,-,-,-,-,https://tutor-online.oss-cn-beijing.aliyuncs.com/growth/download-material/9381752d4092a6cbd4e63c6a530e4995.mp4,20260708-猿辅导高中双科-实拍-视频号-ip李博-活动-199学三年-买物送数-没舍得-唐欣悦-李博--李文静yc-2前贴.mp4,-,,,199元高中双科提分课,199元高中双科提分课,荔枝,其他,0,wangjiananbj03,2026/7/11,9,0.76,0,0,0,50.67,152,0,33.33%,0.00%,-,0,0
56902d3012c8f10cdc3ad2f727eddf21,-,-,-,-,-,https://tutor-online.oss-cn-beijing.aliyuncs.com/growth/download-material/56902d3012c8f10cdc3ad2f727eddf21.mp4,0606-199双科-自产-自产主-李博-曲中雨-子衿-A6-B2-ts罗雅雯-二创-张晓洁ec-2,-,,,199元高中双科提分课,199元高中双科提分课,荔枝,其他,0,wangjiananbj03,2026/6/23,27,3733.31,597,3,0.16,60.78,14933.24,1244.44,0.54%,0.91%,-,0.05,2388
3a1899a5745c9e80c61321846a929037,-,-,-,-,-,https://tutor-online.oss-cn-beijing.aliyuncs.com/growth/download-material/3a1899a5745c9e80c61321846a929037.mp4,20260711-猿辅导高中双科-实拍-千川-方式方法-买物送数-疯了疯了-常文茜-cd康艺凡-岳久鸿-叶俊泽ec--二创-16.mp4,-,,,199元高中双科提分课,199元高中双科提分课,荔枝,其他,0,wangjiananbj03,2026/7/16,4,9.02,0,0,0,110,1288.57,0,8.54%,0.00%,-,0,0
cc55430cdc1f692db113aff22d104134,-,-,-,-,-,https://tutor-online.oss-cn-beijing.aliyuncs.com/growth/download-material/cc55430cdc1f692db113aff22d104134.mp4,20260713-猿辅导高中双科-实拍-千川-活动-五科-199学三年-不要-唐欣悦-岳久鸿-cd小丹-叶俊泽yc-裂变-2.mp4,-,,,199元高中双科提分课,199元高中双科提分课,荔枝,其他,0,wangjiananbj03,2026/7/14,6,3.01,0,0,0,215,3010,0,7.14%,0.00%,-,0,0
f0aa6d6b0be490492d5f1cdea51a612f,-,-,-,-,-,https://tutor-online.oss-cn-beijing.aliyuncs.com/growth/download-material/f0aa6d6b0be490492d5f1cdea51a612f.mp4,20260709-猿辅导高中双科-实拍-千川-活动-买数送物-199学三年-通用-买数送物-与其啊-常文茜-cd雪儿--岳久鸿yc-1,-,,,199元高中双科提分课,199元高中双科提分课,自投放,其他,0,wangjiananbj03,2026/7/17,3,0,0,0,0,0,0,0,0.00%,0.00%,-,0,0
78468d044e227233fcbb3b58420a428b,-,-,-,-,-,https://tutor-online.oss-cn-beijing.aliyuncs.com/growth/download-material/78468d044e227233fcbb3b58420a428b.mp4,20260620-猿辅导高中双科-实拍-千川-活动--张焱-bj毕娇-林文斌-二创-张晓洁ec-5.mp4,-,,,199元高中双科提分课,199元高中双科提分课,荔枝,其他,0,wangjiananbj03,2026/6/23,27,8.08,0,0,0,237.65,4040,0,5.88%,0.00%,-,0,0
8ff25702499ef4cd8b1aa62bb6c60fb6,-,-,-,-,-,https://tutor-online.oss-cn-beijing.aliyuncs.com/growth/download-material/8ff25702499ef4cd8b1aa62bb6c60fb6.mp4,视频-720_1280-1-1781087143,-,,,9元高中物理李博,9元高中物理李博,十人,代理商,0,wangruixuebj01,2026/6/12,38,142.11,0,0,0,303.65,15790,0,2.35%,0%,-,0,0
1a57555c142253378ddf1994da025ee3,-,-,-,-,-,https://tutor-online.oss-cn-beijing.aliyuncs.com/growth/download-material/1a57555c142253378ddf1994da025ee3.mp4,0710-199双科-申坤-李博-李天-卞俊洁-A5-B1-无-13,-,,,199元高中双科提分课,199元高中双科提分课,申坤,其他,0,wangjiananbj03,2026/7/12,8,22.49,0,0,0,52.67,22490,0,0.23%,0%,-,0,0
cd9abb73ea7649cebac07e5046d76088,-,-,-,-,-,https://tutor-online.oss-cn-beijing.aliyuncs.com/growth/download-material/cd9abb73ea7649cebac07e5046d76088.mp4,20260626-猿辅导高中双科-混剪-视频号-图-张焱-张晓洁yc-12.1,-,,,199元高中双科提分课,199元高中双科提分课,荔枝,其他,0,wangjiananbj03,2026/7/16,4,0.96,0,0,0,137.14,0,0,0.00%,0.00%,-,0,0
4cb124e0cee5db087adbeb4e8457d4ef,-,-,-,-,-,https://tutor-online.oss-cn-beijing.aliyuncs.com/growth/download-material/4cb124e0cee5db087adbeb4e8457d4ef.mp4,主页视频跑量 20260213-猿辅导高中数学-实拍-活动-算什么-张焱-bj张婕希--张雪依yc-1,-,,,199元高中双科提分课,199元高中双科提分课,荔枝,其他,0,wangjiananbj03,2026/6/19,31,53.57,0,0,0,216.88,7652.86,0,2.83%,0.00%,-,0,0
e38078179f17971c7989683044f8072d,-,-,-,-,-,https://tutor-online.oss-cn-beijing.aliyuncs.com/growth/download-material/e38078179f17971c7989683044f8072d.mp4,20260612-猿辅导高中双科-混剪-视频号-图-男孩-张焱-张晓洁yc-5.mp4,-,,,199元高中双科提分课,199元高中双科提分课,荔枝,其他,0,wangjiananbj03,2026/6/12,38,44.04,0,0,0,162.51,7340,0,2.21%,0.00%,-,0,0
ece8546bf4ae0fd44e8b2b3aed658bb6,-,-,-,-,-,https://tutor-online.oss-cn-beijing.aliyuncs.com/growth/download-material/ece8546bf4ae0fd44e8b2b3aed658bb6.mp4,20260627-猿辅导高中双科-实拍-千川-线下班对比-买数送物-太有钱-唐欣悦-cd康艺凡-岳久鸿-詹铠任yc-前贴.mp4,-,,,199元高中双科提分课,199元高中双科提分课,荔枝,代理商,0,wangjiananbj03,2026/7/3,17,9.07,0,0,0,221.22,1814,0,12.20%,0.00%,-,0,0
b89afeea5d095c1944ba919d0594d272,-,-,-,-,-,https://tutor-online.oss-cn-beijing.aliyuncs.com/growth/download-material/b89afeea5d095c1944ba919d0594d272.mp4,一键修复_20260713-猿辅导高中双科-实拍-千川-暑期预习-高二-买物送数-不努力-唐欣悦-bj庄紫薇--李文静yc-2-前贴.mp4,-,,,199元高中双科提分课,199元高中双科提分课,荔枝,其他,0,wangjiananbj03,2026/7/16,4,0.3,0,0,0,75,0,0,0.00%,0.00%,-,0,0
ac07739ae78ffa2c343596db1c689362,-,-,-,-,-,https://tutor-online.oss-cn-beijing.aliyuncs.com/growth/download-material/ac07739ae78ffa2c343596db1c689362.mp4,20260704-猿辅导高中双科-实拍-视频号-ip李博-买物送数-199学三年-借课本-高二-常文茜-李博-叶俊泽yc-4-前贴,-,,,199元高中双科提分课,199元高中双科提分课,荔枝,其他,0,wangjiananbj03,2026/7/15,5,1.6,0,0,0,30.77,0,0,0.00%,0.00%,-,0,0
e7bce5640df07a6c8adac8349f5260b4,-,-,-,-,-,https://img-pub.oss-cn-beijing-internal.aliyuncs.com/19eb120641f658b.mp4,0610-9物-代理-十人-李博-jzt-bwxy-A2-B2-pcc-无-1,-,,,9元高中物理李博,9元高中物理李博,十人,代理商,0,wangruixuebj01,2026/6/11,39,0,0,0,0,0,0,0,0.00%,0.00%,-,0,0
18784e0230207de909993ec637a49371,-,-,-,-,-,https://tutor-online.oss-cn-beijing.aliyuncs.com/growth/download-material/18784e0230207de909993ec637a49371.mp4,20260703-猿辅导高中双科-实拍-视频号-ip李博-线下班对比-199学三年--唐欣悦-李博--李文静yc-5,-,,,199元高中双科提分课,199元高中双科提分课,荔枝,其他,0,wangjiananbj03,2026/7/12,8,0.46,0,0,0,10.95,0,0,0.00%,0.00%,-,0,0
9d714ea8a057eda275fbae0f903f8b3c,-,-,-,-,-,https://tutor-online.oss-cn-beijing.aliyuncs.com/growth/download-material/9d714ea8a057eda275fbae0f903f8b3c.mp4,妙思自动生成-232-202607091747,-,,,199元高中双科提分课,199元高中双科提分课,荔枝,代理商,0,wangjiananbj03,2026/7/9,11,14.44,0,0,0,101.69,0,0,0.70%,0%,-,0,0
ff2ba89b9a2c1f0a12cbb6b99e9a091f,-,-,-,-,-,https://tutor-online.oss-cn-beijing.aliyuncs.com/growth/download-material/ff2ba89b9a2c1f0a12cbb6b99e9a091f.mp4,一键修复_20260627-猿辅导高中双科-实拍-千川-活动-买数送物-打算-张焱-bj于静-裂变-张晓洁yc-18.mp4,-,,,199元高中双科提分课,199元高中双科提分课,荔枝,其他,0,wangjiananbj03,2026/6/29,21,1.17,0,0,0,146.25,0,0,0.00%,0.00%,-,0,0
7b254b5bd3ca4e273cf297106c6a1a69,-,-,-,-,-,https://tutor-online.oss-cn-beijing.aliyuncs.com/growth/download-material/7b254b5bd3ca4e273cf297106c6a1a69.mp4,20260612-猿辅导高中双科-实拍-千川-活动-五科-199学三年-不要-唐欣悦-詹铠任-cd鲨鱼-叶俊泽yc-1,-,,,199元高中双科提分课,199元高中双科提分课,荔枝,其他,0,wangjiananbj03,2026/6/20,30,1.74,0,0,0,82.86,0,0,0.00%,0.00%,-,0,0
4a075c308693cbfdf364ae5bb12f0e3b,-,-,-,-,-,https://tutor-online.oss-cn-beijing.aliyuncs.com/growth/download-material/4a075c308693cbfdf364ae5bb12f0e3b.mp4,一键修复_20260708-猿辅导高中双科-实拍-活动-通用-买数送物-忍餐-张焱-bj于靖--张晓洁yc-6（前贴）.mp4,-,,,199元高中双科提分课,199元高中双科提分课,荔枝,其他,0,wangjiananbj03,2026/7/14,6,64.28,0,0,0,114.38,6428,0,1.78%,0.00%,-,0,0
2ec26574fa180db6ebcd50d6181298f2,-,-,-,-,-,https://tutor-online.oss-cn-beijing.aliyuncs.com/growth/download-material/2ec26574fa180db6ebcd50d6181298f2.mp4,0707-199双科-申坤-李博-李天-卞俊洁-A2-B4-无-高二高三-1,-,,,199元高中双科提分课,199元高中双科提分课,申坤,其他,0,wangjiananbj03,2026/7/7,13,115.46,0,0,0,33.81,12828.89,0,0.38%,0%,-,0,0
8e607e1cc2a8fb11f28e7c2be915ee9f,-,-,-,-,-,https://tutor-online.oss-cn-beijing.aliyuncs.com/growth/download-material/8e607e1cc2a8fb11f28e7c2be915ee9f.mp4,9元视频1186-0630-9物-代理-十人-李博-jjsx-bmqr-A2-B1-pwjl-pcc-有-3,-,,,9元高中物理李博,9元高中物理李博,十人,代理商,0,wangruixuebj01,2026/7/14,6,0.29,0,0,0,48.33,0,0,0.00%,0.00%,-,0,0
34e30fcb3c5c89514490cd841f6d8d1d,-,-,-,-,-,https://tutor-online.oss-cn-beijing.aliyuncs.com/growth/download-material/34e30fcb3c5c89514490cd841f6d8d1d.mp4,妙思自动生成-232-202607100729,-,,,199元高中双科提分课,199元高中双科提分课,荔枝,其他,0,wangjiananbj03,2026/7/10,10,0.59,0,0,0,15.95,0,0,2.70%,0%,-,0,0
0025a09d490e3d0cb5a158c67bbf944c,-,-,-,-,-,https://tutor-online.oss-cn-beijing.aliyuncs.com/growth/download-material/0025a09d490e3d0cb5a158c67bbf944c.mp4,20260701-猿辅导高中双科-实拍-千川-买数送物-专家分享-搞定-高二-张焱-bj宋钦冲-叶俊泽yc-5,-,,,199元高中双科提分课,199元高中双科提分课,荔枝,其他,0,wangjiananbj03,2026/7/16,4,19.54,0,0,0,39,6513.33,0,1.20%,0%,-,0,0
5f9ecfee84ad8ae3ab9483f3575debd9,-,-,-,-,-,https://tutor-online.oss-cn-beijing.aliyuncs.com/growth/download-material/5f9ecfee84ad8ae3ab9483f3575debd9.mp4,20260711-猿辅导高中双科-实拍-视频号-专家分享-买数送物-高二-买数送物-遇到-张焱-cd张璐-高俊南-李文静ec-二创-2.mp4,-,,,199元高中双科提分课,199元高中双科提分课,荔枝,其他,0,wangjiananbj03,2026/7/13,7,3.7,0,0,0,194.74,0,0,0.00%,0.00%,-,0,0
1e8e8f35ca723b0e63f09fa044a28f19,-,-,-,-,-,https://tutor-online.oss-cn-beijing.aliyuncs.com/growth/download-material/1e8e8f35ca723b0e63f09fa044a28f19.mp4,20260701-猿辅导高中双科-混剪-视频号-图-街道-张焱-裂变-张晓洁yc-10.mp4,-,,,199元高中双科提分课,199元高中双科提分课,荔枝,其他,0,wangjiananbj03,2026/7/3,17,42.92,0,0,0,320.3,8584,0,3.73%,0.00%,-,0,0
6e2ce8b6d29a7001d1cf90e6c2e178f9,-,-,-,-,-,https://tutor-online.oss-cn-beijing.aliyuncs.com/growth/download-material/6e2ce8b6d29a7001d1cf90e6c2e178f9.mp4,9元视频769-0316-9物-十人-bmqr-李博-A2-B4-jjsx-pwjl-2,-,,,9元高中物理李博,9元高中物理李博,十人,其他,0,wangruixuebj01,2026/6/9,41,365.45,9,1,0.02,77.49,36545,365.45,0.36%,5.88%,-,0.21,900
b45fde31f3f26f502ff016dea50166c2,-,-,-,-,-,https://tutor-online.oss-cn-beijing.aliyuncs.com/growth/download-material/b45fde31f3f26f502ff016dea50166c2.mp4,0708-199双科-申坤-李博-李天-卞俊洁-A2-B4-无-1,-,,,199元高中双科提分课,199元高中双科提分课,申坤,其他,0,wangjiananbj03,2026/7/9,11,368.44,0,0,0,49.65,15351.67,0,0.40%,0%,-,0,0
8d8041179b3d97b1fef4c0a6e6ee5216,-,-,-,-,-,https://tutor-online.oss-cn-beijing.aliyuncs.com/growth/download-material/8d8041179b3d97b1fef4c0a6e6ee5216.mp4,20260701-猿辅导高中双科-实拍-千川-活动-买数送物-我忍-张焱-bj于静-二创-张晓洁ec-4.mp4,-,,,199元高中双科提分课,199元高中双科提分课,荔枝,其他,0,wangjiananbj03,2026/7/7,13,1.91,0,0,0,136.43,0,0,0.00%,0.00%,-,0,0
7d8eddc3ba0932752b418dd588e4983f,-,-,-,-,-,https://tutor-online.oss-cn-beijing.aliyuncs.com/growth/download-material/7d8eddc3ba0932752b418dd588e4983f.mp4,0703-199双科-申坤-李博-李天-卞俊洁-A2-B4-无-5,-,,,199元高中双科提分课,199元高中双科提分课,申坤,其他,0,wangjiananbj03,2026/7/10,10,157.95,0,0,0,42.85,13162.5,0,0.43%,0%,-,0,0
006801ece2bd050e5cc0561bfc2bbcce,-,-,-,-,-,https://tutor-online.oss-cn-beijing.aliyuncs.com/growth/download-material/006801ece2bd050e5cc0561bfc2bbcce.mp4,20260704-猿辅导高中双科-实拍-千川-活动-买物送数-后悔-张焱-dr蔡昕-二创-叶俊泽ec-6,-,,,199元高中双科提分课,199元高中双科提分课,荔枝,其他,0,wangjiananbj03,2026/7/9,11,313.28,0,0,0,75,5496.14,0,1.41%,0%,-,0,0
85b60ac6c47a5cabaec96df8b2073163,-,-,-,-,-,https://tutor-online.oss-cn-beijing.aliyuncs.com/growth/download-material/85b60ac6c47a5cabaec96df8b2073163.mp4,20260708-猿辅导高中双科-实拍-视频号-线下班对比-199学全年-买数送物-高二-买数送物-听错-高二-唐欣悦-bj于靖--张晓洁yc-8.1（前贴）.mp4,-,,,199元高中双科提分课,199元高中双科提分课,荔枝,其他,0,wangjiananbj03,2026/7/12,8,1.12,0,0,0,86.15,1120,0,7.69%,0.00%,-,0,0
f4dcddb585b1471ffd822c0709ab8136,-,-,-,-,-,https://tutor-online.oss-cn-beijing.aliyuncs.com/growth/download-material/f4dcddb585b1471ffd822c0709ab8136.mp4,一键修复_20260618-猿辅导高中双科-实拍-ip李博-买物送数-慎重-唐欣悦-ip李博-袁北辰ec-二创-3.mp4,-,,,199元高中双科提分课,199元高中双科提分课,荔枝,其他,0,wangjiananbj03,2026/6/18,32,1.05,0,0,0,262.5,0,0,0.00%,0.00%,-,0,0
94fc182a81aaeed809c75dc779aec331,-,-,-,-,-,https://tutor-online.oss-cn-beijing.aliyuncs.com/growth/download-material/94fc182a81aaeed809c75dc779aec331.mp4,一键修复_20260704-猿辅导高中双科-实拍-活动-夏他-张焱-bj李赛-二创-叶俊泽ec-二创-8（镜像）.mp4,-,,,199元高中双科提分课,199元高中双科提分课,荔枝,其他,0,wangjiananbj03,2026/7/9,11,28.86,199,1,6.9,384.8,3206.67,28.86,12.00%,11.11%,-,13.33,22111.11
872359a4b641580c4e3511bcd67983de,-,-,-,-,-,https://tutor-online.oss-cn-beijing.aliyuncs.com/growth/download-material/872359a4b641580c4e3511bcd67983de.mp4,0703-199双科-申坤-李博-李天-卞俊洁-A2-B4-无-14,-,,,199元高中双科提分课,199元高中双科提分课,申坤,其他,0,wangjiananbj03,2026/7/14,6,4.33,0,0,0,47.07,0,0,0.00%,0.00%,-,0,0
58941d754b7bda9e9c5cc0f887d8c8e2,-,-,-,-,-,https://tutor-online.oss-cn-beijing.aliyuncs.com/growth/download-material/58941d754b7bda9e9c5cc0f887d8c8e2.mp4,20260704-猿辅导高中双科-混剪-图-张凌-张焱-张雪依yc-4改-高二高三,-,,,199元高中双科提分课,199元高中双科提分课,荔枝,其他,0,wangjiananbj03,2026/7/6,14,35.65,0,0,0,46.66,5092.86,0,0.92%,0%,-,0,0
03bf576dba724e88b214e32212c8f051,-,-,-,-,-,https://tutor-online.oss-cn-beijing.aliyuncs.com/growth/download-material/03bf576dba724e88b214e32212c8f051.mp4,null-自动生成-20-202607150608,-,,,199元高中双科提分课,199元高中双科提分课,申坤,代理商,0,wangjiananbj03,-,-,0,0,0,0,0,0,0,0.00%,0.00%,-,0,0
6b337a85479d4bbfd54ce7f61c1874b1,-,-,-,-,-,https://tutor-online.oss-cn-beijing.aliyuncs.com/growth/download-material/6b337a85479d4bbfd54ce7f61c1874b1.mp4,一键修复_20260708-猿辅导高中双科-实拍-6天提分-买数送物-通用-买数送物-小儿科-李莹莹-cd雪儿-岳久鸿-叶俊泽yc-6.mp4,-,,,199元高中双科提分课,199元高中双科提分课,荔枝,其他,0,wangjiananbj03,2026/7/13,7,4.04,0,0,0,175.65,1346.67,0,13.04%,0.00%,-,0,0
1a48adba2cb88e96e22d995b0f26d467,-,-,-,-,-,https://tutor-online.oss-cn-beijing.aliyuncs.com/growth/download-material/1a48adba2cb88e96e22d995b0f26d467.mp4,妙思自动生成-21-202605301112,-,,,199元高中双科提分课,199元高中双科提分课,自投放,其他,0,wangjiananbj03,2026/5/30,51,51.78,0,0,0,44.22,10356,0,1.62%,0%,-,0,0
d556838c7996124de4f65862526516ec,-,-,-,-,-,https://tutor-online.oss-cn-beijing.aliyuncs.com/growth/download-material/d556838c7996124de4f65862526516ec.mp4,0616-9物-代理-十人-李博-jzzy-bmqr-A2-B2-pwjl-有-2-知识点,-,,,9元高中物理李博,9元高中物理李博,十人,代理商,0,wangruixuebj01,2026/6/16,34,168.41,9,1,0.05,197.66,14034.17,168.41,1.64%,7.14%,-,1.17,750
016a61295e95d160913c120244c06ad8,-,-,-,-,-,https://tutor-online.oss-cn-beijing.aliyuncs.com/growth/download-material/016a61295e95d160913c120244c06ad8.mp4,一键修复_20260626-猿辅导高中双科-混剪-视频号-图-张焱-张晓洁yc-12.1.mp4,-,,,199元高中双科提分课,199元高中双科提分课,荔枝,其他,0,wangjiananbj03,2026/6/29,21,0.27,0,0,0,270,0,0,0.00%,0.00%,-,0,0
0b449cb8ea64c4f1f21a1853927206b2,-,-,-,-,-,https://tutor-online.oss-cn-beijing.aliyuncs.com/growth/download-material/0b449cb8ea64c4f1f21a1853927206b2.mp4,20260612-猿辅导高中双科-实拍-塑品-买数送物-全年-舍得-张焱-bj李栎-袁北辰ec-二创-4,-,,,199元高中双科提分课,199元高中双科提分课,荔枝,其他,0,wangjiananbj03,2026/6/30,20,0,0,0,0,0,0,0,0.00%,0.00%,-,0,0
5c83ad4a06006bc0e2910029e2a0e350,-,-,-,-,-,https://tutor-online.oss-cn-beijing.aliyuncs.com/growth/download-material/5c83ad4a06006bc0e2910029e2a0e350.mp4,20260611-9物-代理-启航-李博-【b1-p6-a1-23】-A5-B5-有-2,-,,,9元高中物理李博,9元高中物理李博,启航,代理商,0,wangruixuebj01,2026/6/18,32,147.87,9,1,0.06,246.04,14787,147.87,1.83%,9.09%,-,1.66,900
da8e7daccf67ced02f6c571ba2e2a706,-,-,-,-,-,https://tutor-online.oss-cn-beijing.aliyuncs.com/growth/download-material/da8e7daccf67ced02f6c571ba2e2a706.mp4,20260704-猿辅导高中双科-混剪-图-张凌-张焱-张雪依yc-14-高二高三.mp4,-,,,199元高中双科提分课,199元高中双科提分课,荔枝,其他,0,wangjiananbj03,2026/7/10,10,4.23,0,0,0,156.67,2115,0,7.41%,0.00%,-,0,0
85b53948cce5fe366c82920420ced8ba,-,-,-,-,-,https://tutor-online.oss-cn-beijing.aliyuncs.com/growth/download-material/85b53948cce5fe366c82920420ced8ba.mp4,0708-199双科-申坤-李博-李天-卞俊洁-A2-B4-有-高二高三-02,-,,,199元高中双科提分课,199元高中双科提分课,申坤,其他,0,wangjiananbj03,2026/7/9,11,0.14,0,0,0,35,0,0,0.00%,0.00%,-,0,0
875f1498db6ae9c24aa7d3e8eaa29fef,-,-,-,-,-,https://tutor-online.oss-cn-beijing.aliyuncs.com/growth/download-material/875f1498db6ae9c24aa7d3e8eaa29fef.mp4,0707-199双科-申坤-李博-李天-卞俊洁-A2-B4-无-高二高三-3,-,,,199元高中双科提分课,199元高中双科提分课,申坤,其他,0,wangjiananbj03,2026/7/7,13,1888.87,597,3,0.32,43.84,16424.96,629.62,0.40%,1.73%,-,0.07,5191.3
c3e27625ebbfbe8bf78e19dc77d7dfa1,-,-,-,-,-,https://tutor-online.oss-cn-beijing.aliyuncs.com/growth/download-material/c3e27625ebbfbe8bf78e19dc77d7dfa1.mp4,20260616-猿辅导高中双科-实拍-千川-活动--张焱-cd杨嘉欣-岳久鸿-张晓洁yc-3（前贴）.mp4,-,,,199元高中双科提分课,199元高中双科提分课,荔枝,其他,0,wangjiananbj03,2026/6/18,32,108.75,0,0,0,6041.67,21750,0,27.78%,0.00%,-,0,0
6c87c59353c1229e495064005b46d21e,-,-,-,-,-,https://tutor-online.oss-cn-beijing.aliyuncs.com/growth/download-material/6c87c59353c1229e495064005b46d21e.mp4,20260626-猿辅导高中双科-实拍-活动-他们夏能-张焱-bj刘能能-张晓洁yc-1.1（前贴1）,-,,,199元高中双科提分课,199元高中双科提分课,荔枝,其他,0,wangjiananbj03,2026/7/15,5,475.08,0,0,0,50.32,19795,0,0.47%,0%,-,0,0
84efec0938e1aa8308dabbd6a49bd6b9,-,-,-,-,-,https://img-pub.oss-cn-beijing-internal.aliyuncs.com/19f4665851adb99.mp4,9元视频1197-0703-9物-代理-十人-李博-jjsx-bwxy-A2-B1-pcc-pwjl-有-2-AI,-,,,9元高中物理李博,9元高中物理李博,十人,代理商,0,wangruixuebj01,2026/7/10,10,46.79,0,0,0,125.11,3899.17,0,3.21%,0%,-,0,0
08e262ed2a44476b63edc64c5c2313c1,-,-,-,-,-,https://tutor-online.oss-cn-beijing.aliyuncs.com/growth/download-material/08e262ed2a44476b63edc64c5c2313c1.mp4,20260424-猿辅导高中双科-实拍-活动-多少-张焱-bj李赛-张雪依ec-二创-2.mp4,-,,,199元高中双科提分课,199元高中双科提分课,荔枝,其他,0,wangjiananbj03,2026/5/13,68,47,0,0,0,274.85,7833.33,0,3.51%,0.00%,-,0,0
8427f02578f0381b54c4294f32380d11,-,-,-,-,-,https://tutor-online.oss-cn-beijing.aliyuncs.com/growth/download-material/8427f02578f0381b54c4294f32380d11.mp4,20260708-猿辅导高中双科-实拍-活动-不是-张焱-bj毕娇-裂变-张晓洁yc-2.mp4,-,,,199元高中双科提分课,199元高中双科提分课,荔枝,代理商,0,wangjiananbj03,2026/7/9,11,2.9,0,0,0,193.33,1450,0,13.33%,0.00%,-,0,0
dad739eec19215393a8132a97e3082b3,-,-,-,-,-,https://tutor-online.oss-cn-beijing.aliyuncs.com/growth/download-material/dad739eec19215393a8132a97e3082b3.mp4,一键修复_20260622-猿辅导高中双科-实拍-视频号-ip李博-买物送数-199学三年-一周一次-唐欣悦-李博--张雪依yc-1.mp4,-,,,199元高中双科提分课,199元高中双科提分课,荔枝,其他,0,wangjiananbj03,2026/6/25,25,0.05,0,0,0,16.67,0,0,0.00%,0.00%,-,0,0
cdb5abf57b8eeb969b185804297b3ece,-,-,-,-,-,https://tutor-online.oss-cn-beijing.aliyuncs.com/growth/download-material/cdb5abf57b8eeb969b185804297b3ece.mp4,20260715-高中数物-混剪-图-张凌-10.mp4,-,,,199元高中双科提分课,199元高中双科提分课,荔枝,其他,0,wangjiananbj03,2026/7/16,4,77.38,0,0,0,334.98,1842.38,0,18.18%,0.00%,-,0,0
984c19855ab0938fe3633571f024be0c,-,-,-,-,-,https://tutor-online.oss-cn-beijing.aliyuncs.com/growth/download-material/984c19855ab0938fe3633571f024be0c.mp4,20260626-猿辅导高中双科-实拍-活动-他们夏能-张焱-bj刘能能-张晓洁yc-1.1（前贴1）.mp4,-,,,199元高中双科提分课,199元高中双科提分课,荔枝,其他,0,wangjiananbj03,2026/7/9,11,68.26,0,0,0,898.16,4875.71,0,18.42%,0.00%,-,0,0
6f9ba412218968b9687317bfd2912027,-,-,-,-,-,https://tutor-online.oss-cn-beijing.aliyuncs.com/growth/download-material/6f9ba412218968b9687317bfd2912027.mp4,20260612-猿辅导高中双科-混剪-视频号-图-红花-张焱-张晓洁yc-10.mp4,-,,,199元高中双科提分课,199元高中双科提分课,荔枝,其他,0,wangjiananbj03,2026/6/12,38,91.83,0,0,0,153.56,5401.76,0,2.84%,0.00%,-,0,0
07327d913abbfdac9e65cf1c09463445,-,-,-,-,-,https://img-pub.oss-cn-beijing-internal.aliyuncs.com/19eaafa04442c73.mp4,0604-9物-玄武-李博-A3-B5-yfdwl0605w1浩4-锴-建,-,,,9元高中物理李博,9元高中物理李博,玄武,代理商,0,wangruixuebj01,2026/6/10,40,130.74,0,0,0,120.83,9338.57,0,1.29%,0%,-,0,0
2eafad414e98181edfefb201db0f152c,-,-,-,-,-,https://tutor-online.oss-cn-beijing.aliyuncs.com/growth/download-material/2eafad414e98181edfefb201db0f152c.mp4,一键修复_20260627-猿辅导高中双科-实拍-千川-分数痛点-买数学送物理-能上-张焱-dr小五-裂变-张晓洁yc-17.mp4,-,,,199元高中双科提分课,199元高中双科提分课,荔枝,其他,0,wangjiananbj03,2026/6/29,21,0.82,0,0,0,68.33,0,0,0.00%,0.00%,-,0,0
3f82f4d86978c0af9c9f298b85e094cc,-,-,-,-,-,https://tutor-online.oss-cn-beijing.aliyuncs.com/growth/download-material/3f82f4d86978c0af9c9f298b85e094cc.mp4,0701-199双科-申坤-李博-李天-姚恒-A2-B1-有-01,-,,,199元高中双科提分课,199元高中双科提分课,申坤,其他,0,wangjiananbj03,2026/7/10,10,5.21,0,0,0,82.7,0,0,0.00%,0.00%,-,0,0
0b8aca74d57aba0bc872c6b8680a38e5,-,-,-,-,-,https://tutor-online.oss-cn-beijing.aliyuncs.com/growth/download-material/0b8aca74d57aba0bc872c6b8680a38e5.mp4,一键修复_20260704-猿辅导高中双科-实拍-视频号-ip李博-买物送数-199学三年-借课本-高二-常文茜-李博-叶俊泽yc-4-前贴.mp4,-,,,199元高中双科提分课,199元高中双科提分课,荔枝,其他,0,wangjiananbj03,2026/7/14,6,14.24,0,0,0,263.7,3560,0,7.41%,0.00%,-,0,0
710e513d62528cc1bce3a852b8434cec,-,-,-,-,-,https://tutor-online.oss-cn-beijing.aliyuncs.com/growth/download-material/710e513d62528cc1bce3a852b8434cec.mp4,0605-9物-十人-bwxy-ylb-A2-B4-jclb-pcc-2,-,,,9元高中物理李博,9元高中物理李博,十人,代理商,0,wangruixuebj01,2026/6/9,41,1440.5,45,5,0.03,132.7,6992.72,288.1,1.89%,2.44%,-,0.46,218.45
2ca4b712997ba03bf2353b500101145b,-,-,-,-,-,https://tutor-online.oss-cn-beijing.aliyuncs.com/growth/download-material/2ca4b712997ba03bf2353b500101145b.mp4,0703-199双科-申坤-李博-李天-姚恒-A3-B1-无-01,-,,,199元高中双科提分课,199元高中双科提分课,申坤,其他,0,wangjiananbj03,2026/7/5,15,29.27,0,0,0,19.5,7317.5,0,0.67%,0%,-,0,0
6692d9c7f89ddfb79d97e2b36e47d16e,-,-,-,-,-,https://tutor-online.oss-cn-beijing.aliyuncs.com/growth/download-material/6692d9c7f89ddfb79d97e2b36e47d16e.mp4,20260710-猿辅导高中双科-实拍-活动-夏他-张焱-bj李赛-ts李琳玉-二创-高二高三-李文静ec-前贴图-2,-,,,199元高中双科提分课,199元高中双科提分课,荔枝,代理商,0,wangjiananbj03,2026/7/10,10,154.81,0,0,0,116.05,77405,0,0.37%,0%,-,0,0
7d8eddc3ba0932752b418dd588e4983f,-,-,-,-,-,https://tutor-online.oss-cn-beijing.aliyuncs.com/growth/download-material/7d8eddc3ba0932752b418dd588e4983f.mp4,0703-199双科-申坤-李博-李天-卞俊洁-A2-B4-无-5,-,,,199元高中双科提分课,199元高中双科提分课,申坤,其他,0,wangjiananbj03,2026/7/10,10,5.81,0,0,0,69.17,0,0,0.00%,0.00%,-,0,0
875f1498db6ae9c24aa7d3e8eaa29fef,-,-,-,-,-,https://tutor-online.oss-cn-beijing.aliyuncs.com/growth/download-material/875f1498db6ae9c24aa7d3e8eaa29fef.mp4,0707-199双科-申坤-李博-李天-卞俊洁-A2-B4-无-高二高三-3,-,,,199元高中双科提分课,199元高中双科提分课,申坤,其他,0,wangjiananbj03,2026/7/7,13,0.23,0,0,0,15.33,0,0,0.00%,0.00%,-,0,0
7b357a43a5edad0d7c9d1b4a4afba09c,-,-,-,-,-,https://tutor-online.oss-cn-beijing.aliyuncs.com/growth/download-material/7b357a43a5edad0d7c9d1b4a4afba09c.mp4,0710-199双科-申坤-李博-李天-卞俊洁-A1-B4-无-07,-,,,199元高中双科提分课,199元高中双科提分课,申坤,其他,0,wangjiananbj03,2026/7/13,7,0.02,0,0,0,6.67,0,0,0.00%,0.00%,-,0,0
67772b74aa29a12bef3dea72cb52e7d1,-,-,-,-,-,https://tutor-online.oss-cn-beijing.aliyuncs.com/growth/download-material/67772b74aa29a12bef3dea72cb52e7d1.mp4,0706-199双科-申坤-李博-李天-卞俊洁-A1-B4-有-高二高三-7,-,,,199元高中双科提分课,199元高中双科提分课,申坤,其他,0,wangjiananbj03,2026/7/7,13,18.06,0,0,0,112.17,0,0,0.00%,0.00%,-,0,0
65ab3862c872b9bc6eb41af4dd68ff5f,-,-,-,-,-,https://tutor-online.oss-cn-beijing.aliyuncs.com/growth/download-material/65ab3862c872b9bc6eb41af4dd68ff5f.mp4,20260701-猿辅导高中双科-混剪-视频号-图-广告夜晚-张焱-裂变-张晓洁yc-9,-,,,199元高中双科提分课,199元高中双科提分课,荔枝,其他,0,wangjiananbj03,2026/7/4,16,0.03,0,0,0,30,0,0,0.00%,0.00%,-,0,0
6be0595009c7c34909441f6e23a926d4,-,-,-,-,-,https://tutor-online.oss-cn-beijing.aliyuncs.com/growth/download-material/6be0595009c7c34909441f6e23a926d4.mp4,20260703-猿辅导高中双科-口播-活动-三连学-张焱-bj李栎-叶俊泽yc-4.mp4,-,,,199元高中双科提分课,199元高中双科提分课,荔枝,其他,0,wangjiananbj03,2026/7/10,10,15.47,0,0,0,455,2210,0,20.59%,0.00%,-,0,0
f12320213bd20dd347f40c41f60a5e6e,-,-,-,-,-,https://tutor-online.oss-cn-beijing.aliyuncs.com/growth/download-material/f12320213bd20dd347f40c41f60a5e6e.mp4,20260608-猿辅导高中双科-实拍-活动-多少-张焱-bj李赛-袁北辰ec-二创-3.mp4,-,,,199元高中双科提分课,199元高中双科提分课,荔枝,其他,0,wangjiananbj03,2026/6/8,42,53.4,0,0,0,358.39,7628.57,0,4.70%,0.00%,-,0,0
288a463b033682a96207a7a6b828a724,-,-,-,-,-,https://tutor-online.oss-cn-beijing.aliyuncs.com/growth/download-material/288a463b033682a96207a7a6b828a724.mp4,0422-9物-自产-自产二-李博-曲中雨-子衿-A7-B1-无-14-yfdwl0428k1浩8-宽,-,,,9元高中物理李博,59元英语盒子,玄武,其他,0,wangruixuebj01,2026/5/23,58,3065.45,108,12,0.04,86.53,9042.63,255.45,1.21%,2.81%,-,0.34,318.58
6e9b58ce067ec96b60a96597d422025d,-,-,-,-,-,https://tutor-online.oss-cn-beijing.aliyuncs.com/growth/download-material/6e9b58ce067ec96b60a96597d422025d.mp4,9元视频10002-0205-9物-十人-BWXY-贾成真-A3-B1-jzjw-blpy-pcc-ppzy-3,-,,,9元高中物理李博,9元高中物理李博,十人,其他,0,wangruixuebj01,2026/5/29,52,3.64,0,0,0,125.52,3640,0,0.00%,0.00%,-,0,0
ba158fc2d595554335f1ebd5ae53b00f,-,-,-,-,-,https://tutor-online.oss-cn-beijing.aliyuncs.com/growth/download-material/ba158fc2d595554335f1ebd5ae53b00f.mp4,0706-199双科-申坤-李博-李天-卞俊洁-A5-B5-有-高二高三-8,-,,,199元高中双科提分课,199元高中双科提分课,申坤,其他,0,wangjiananbj03,2026/7/7,13,22.11,0,0,0,135.64,0,0,0.00%,0.00%,-,0,0
ef21c2958937a543696c1d92437dab1f,-,-,-,-,-,https://tutor-online.oss-cn-beijing.aliyuncs.com/growth/download-material/ef21c2958937a543696c1d92437dab1f.mp4,一键修复_20260626-猿辅导高中双科-实拍-ip李博-自己学-张焱--李文静ec-视频号二创-8.mp4,-,,,199元高中双科提分课,199元高中双科提分课,荔枝,其他,0,wangjiananbj03,2026/7/1,19,2.12,0,0,0,530,0,0,0.00%,0.00%,-,0,0
2dc4db982ef23761b372bf1d1e179953,-,-,-,-,-,https://tutor-online.oss-cn-beijing.aliyuncs.com/growth/download-material/2dc4db982ef23761b372bf1d1e179953.mp4,一键修复_20260622-猿辅导高中双科-混剪-图-一粒-张焱-张晓洁yc-1-改高二.mp4,-,,,199元高中双科提分课,199元高中双科提分课,荔枝,其他,0,wangjiananbj03,2026/6/22,28,130.97,199,1,1.52,119.17,8185.63,130.97,1.46%,6.25%,-,0.91,12437.5
093b81f017923410258222835b446cb3,-,-,-,-,-,https://tutor-online.oss-cn-beijing.aliyuncs.com/growth/download-material/093b81f017923410258222835b446cb3.mp4,0703-199双科-申坤-李博-李天-姚恒-A5-B4-有-02,-,,,199元高中双科提分课,199元高中双科提分课,申坤,其他,0,wangjiananbj03,2026/7/10,10,55.75,0,0,0,104.6,27875,0,0.38%,0%,-,0,0
d205dcf15b945a813b472105f568f7eb,-,-,-,-,-,https://tutor-online.oss-cn-beijing.aliyuncs.com/growth/download-material/d205dcf15b945a813b472105f568f7eb.mp4,0324-9物-自产-自产二-李博-巽阳xw-子衿-A2-B1-有-20-娇-迭代0410-【AI】,-,,,9元高中物理李博,59元英语盒子,玄武,代理商,0,wangruixuebj01,2026/5/3,78,1683.51,45,5,0.03,133.28,8633.38,336.7,1.78%,2.22%,-,0.4,230.77
a085aebbd9d689a260573ab5f2af6f43,-,-,-,-,-,https://tutor-online.oss-cn-beijing.aliyuncs.com/growth/download-material/a085aebbd9d689a260573ab5f2af6f43.mp4,20260715-猿辅导高中双科-实拍-千川-活动-买数学送物理-再加-张焱-bj冷一丁-高一高二-李文静ec-视频号二创-横屏-5,-,,,199元高中双科提分课,199元高中双科提分课,荔枝,其他,0,wangjiananbj03,2026/7/16,4,2.24,0,0,0,29.47,2240,0,1.32%,0%,-,0,0
8dcd41113fcd0511ca094d8e63ce0e2d,-,-,-,-,-,https://tutor-online.oss-cn-beijing.aliyuncs.com/growth/download-material/8dcd41113fcd0511ca094d8e63ce0e2d.mp4,20260707-猿辅导高中双科-实拍-千川-买物送数-专家分享-跟你学-高二高三-李莹莹-b宋钦冲-叶俊泽yc-1,-,,,199元高中双科提分课,199元高中双科提分课,自投放,其他,0,wangjiananbj03,2026/7/16,4,0.32,0,0,0,26.67,0,0,0.00%,0.00%,-,0,0
1ec98a6cdf31ff97150467a46fd300d6,-,-,-,-,-,https://tutor-online.oss-cn-beijing.aliyuncs.com/growth/download-material/1ec98a6cdf31ff97150467a46fd300d6.mp4,一键修复_20260527-猿辅导高中双科-实拍-ip李博-要不要-唐欣悦-ip李博-文涵立ec.mp4,-,,,199元高中双科提分课,199元高中双科提分课,荔枝,其他,0,wangjiananbj03,2026/6/2,48,0.13,0,0,0,65,130,0,50.00%,0.00%,-,0,0
1e2a6f71b39c43f97347381767d120e2,-,-,-,-,-,https://tutor-online.oss-cn-beijing.aliyuncs.com/growth/download-material/1e2a6f71b39c43f97347381767d120e2.mp4,20260626-猿辅导高中数物双科-实拍-活动-退了-张焱-cd张璐+李赛-裂变-张晓洁yc-6.1,-,,,199元高中双科提分课,199元高中双科提分课,荔枝,其他,0,wangjiananbj03,2026/7/16,4,5.38,0,0,0,57.85,5380,0,1.08%,0%,-,0,0
2b038612ea2215d4210ac8e476b28262,-,-,-,-,-,https://tutor-online.oss-cn-beijing.aliyuncs.com/growth/download-material/2b038612ea2215d4210ac8e476b28262.mp4,20260616-猿辅导高中双科-实拍-千川-方式方法-门槛低-常文茜-dr小五老师-张晓洁yc-2（前贴）,-,,,199元高中双科提分课,199元高中双科提分课,荔枝,代理商,0,wangjiananbj03,2026/6/24,26,0.07,0,0,0,11.67,0,0,0.00%,0.00%,-,0,0
1e8e8f35ca723b0e63f09fa044a28f19,-,-,-,-,-,https://tutor-online.oss-cn-beijing.aliyuncs.com/growth/download-material/1e8e8f35ca723b0e63f09fa044a28f19.mp4,20260701-猿辅导高中双科-混剪-视频号-图-街道-张焱-裂变-张晓洁yc-10,-,,,199元高中双科提分课,199元高中双科提分课,荔枝,其他,0,wangjiananbj03,2026/7/4,16,0.55,0,0,0,12.22,0,0,0.00%,0.00%,-,0,0
fcafc6fd2327c8c9afb017ea4d855d5e,-,-,-,-,-,https://tutor-online.oss-cn-beijing.aliyuncs.com/growth/download-material/fcafc6fd2327c8c9afb017ea4d855d5e.mp4,0703-199双科-申坤-李博-李天-卞俊洁-A3-B4-有-17,-,,,199元高中双科提分课,199元高中双科提分课,申坤,其他,0,wangjiananbj03,2026/7/5,15,22.25,0,0,0,63.21,11125,0,0.57%,0%,-,0,0
d8b1ae7e29cf9f687a122cf0a296ce60,-,-,-,-,-,https://tutor-online.oss-cn-beijing.aliyuncs.com/growth/download-material/d8b1ae7e29cf9f687a122cf0a296ce60.mp4,一键修复_20260624-猿辅导高中双科-实拍-视频号-IP-李博-再苦-张焱-IP-李博-张晓洁yc-8.1.mp4,-,,,199元高中双科提分课,199元高中双科提分课,荔枝,其他,0,wangjiananbj03,2026/6/29,21,2.59,0,0,0,370,863.33,0,42.86%,0.00%,-,0,0
b7291cd8cc8582116d10215a31b2d5af,-,-,-,-,-,https://tutor-online.oss-cn-beijing.aliyuncs.com/growth/download-material/b7291cd8cc8582116d10215a31b2d5af.mp4,20260629-猿辅导高中双科-实拍-千川-活动-199学三年-不屑一顾-唐欣悦-cd康艺凡-岳久鸿-叶俊泽yc-3.mp4,-,,,199元高中双科提分课,199元高中双科提分课,荔枝,其他,0,wangjiananbj03,2026/7/3,17,3.07,0,0,0,438.57,3070,0,14.29%,0.00%,-,0,0
13894ac0c04e06475f7d949558684afe,-,-,-,-,-,https://tutor-online.oss-cn-beijing.aliyuncs.com/growth/download-material/13894ac0c04e06475f7d949558684afe.mp4,20260627-猿辅导高中数学-实拍-活动-算什么-张焱-bj张婕希-裂变-张晓洁ec-19,-,,,199元高中双科提分课,199元高中双科提分课,荔枝,代理商,0,wangjiananbj03,2026/7/9,11,199.44,0,0,0,179.35,19944,0,0.90%,0%,-,0,0
8af8a9cad8d4c8788cbdd8078b12f3ca,-,-,-,-,-,https://tutor-online.oss-cn-beijing.aliyuncs.com/growth/download-material/8af8a9cad8d4c8788cbdd8078b12f3ca.mp4,0709-199双科-申坤-王晶-李天-张佳乐-A1-B4-无-高二高三-5,-,,,199元高中双科提分课,199元高中双科提分课,申坤,其他,0,wangjiananbj03,2026/7/14,6,8.01,0,0,0,11.88,2670,0,0.45%,0%,-,0,0
e64f66c4922a9db3aaa534ad571986af,-,-,-,-,-,https://tutor-online.oss-cn-beijing.aliyuncs.com/growth/download-material/e64f66c4922a9db3aaa534ad571986af.mp4,20260701-猿辅导高中双科-混剪-视频号-图-广告夕阳-张焱-裂变-张晓洁yc-8.mp4,-,,,199元高中双科提分课,199元高中双科提分课,荔枝,其他,0,wangjiananbj03,2026/7/3,17,1.22,0,0,0,48.8,305,0,16.00%,0.00%,-,0,0
4b6e0fd6d82c9508e47e49951b428184,-,-,-,-,-,https://tutor-online.oss-cn-beijing.aliyuncs.com/growth/download-material/4b6e0fd6d82c9508e47e49951b428184.mp4,0616-9物-玄武-李博-王子建-李明雪-A7-B2-有-5-【AI】-yfdwl0623w1浩5-雪-建-首,-,,,9元高中物理李博,9元高中物理李博,玄武,代理商,0,wangruixuebj01,2026/6/26,24,251.96,0,0,0,114.16,6299,0,1.90%,0%,-,0,0
43bfe34e87c50a127fb2155e981cab83,-,-,-,-,-,https://tutor-online.oss-cn-beijing.aliyuncs.com/growth/download-material/43bfe34e87c50a127fb2155e981cab83.mp4,0708-199双科-申坤-李博-李天-卞俊洁-A5-B5-有-高二高三-17,-,,,199元高中双科提分课,199元高中双科提分课,申坤,其他,0,wangjiananbj03,2026/7/10,10,0.92,0,0,0,12.27,0,0,0.00%,0.00%,-,0,0
a5b151bc19b761c5e24ee33755373452,-,-,-,-,-,https://tutor-online.oss-cn-beijing.aliyuncs.com/growth/download-material/a5b151bc19b761c5e24ee33755373452.mp4,一键修复_20260626-猿辅导高中双科-图文混剪--建议-高三-唐欣悦-补量二创-张晓洁ec-3.1.mp4,-,,,199元高中双科提分课,199元高中双科提分课,荔枝,其他,0,wangjiananbj03,2026/6/26,24,0.15,0,0,0,50,0,0,0.00%,0.00%,-,0,0
e5cd97b788c431a2f25e6a237e88dc75,-,-,-,-,-,https://tutor-online.oss-cn-beijing.aliyuncs.com/growth/download-material/e5cd97b788c431a2f25e6a237e88dc75.mp4,一键修复_20260630-猿辅导高中双科-实拍-千川-买物送数-专家分享-怎么样-高二高三-李莹莹-cd小墨-詹铠任-叶俊泽yc-1-前贴.mp4,-,,,199元高中双科提分课,199元高中双科提分课,荔枝,其他,0,wangjiananbj03,2026/7/10,10,6.2,0,0,0,258.33,3100,0,8.33%,0.00%,-,0,0
120c8b4805f7e0d131662b997262bd91,-,-,-,-,-,https://tutor-online.oss-cn-beijing.aliyuncs.com/growth/download-material/120c8b4805f7e0d131662b997262bd91.mp4,20260612-猿辅导高中双科-实拍-千川-专家分享-买数学送物理-拼思维方法-常文茜-dr小五老师--张雪依yc-1（前贴版）.mp4,-,,,199元高中双科提分课,199元高中双科提分课,荔枝,其他,0,wangjiananbj03,2026/6/18,32,0.07,0,0,0,70,0,0,0.00%,0.00%,-,0,0
e24ccbab48aaf4ae94bd4d73fa2ed1d7,-,-,-,-,-,https://tutor-online.oss-cn-beijing.aliyuncs.com/growth/download-material/e24ccbab48aaf4ae94bd4d73fa2ed1d7.mp4,0706-199双科-申坤-李博-李天-卞俊洁-A5-B5-有-高二高三-3,-,,,199元高中双科提分课,199元高中双科提分课,申坤,其他,0,wangjiananbj03,2026/7/7,13,2995.36,796,4,0.27,58.37,20516.16,748.84,0.45%,1.72%,-,0.08,5452.05
36c9c3e112ef439078c24b1af6cf3428,-,-,-,-,-,https://tutor-online.oss-cn-beijing.aliyuncs.com/growth/download-material/36c9c3e112ef439078c24b1af6cf3428.mp4,20260626-猿辅导高中双科-口播-大字报-封双-张焱-袁北辰yc-1.1-无头像.mp4,-,,,199元高中双科提分课,199元高中双科提分课,荔枝,其他,0,wangjiananbj03,2026/6/26,24,53.8,0,0,0,927.59,4483.33,0,20.69%,0.00%,-,0,0
78bfcacd7756fa56e934e1587762ca1e,-,-,-,-,-,https://tutor-online.oss-cn-beijing.aliyuncs.com/growth/download-material/78bfcacd7756fa56e934e1587762ca1e.mp4,一键修复_20260626-猿辅导高中双科-实拍-千川-暑假规划-你等一下-常文茜-bj郭铭泽-二创-张晓洁ec-9.1.mp4,-,,,199元高中双科提分课,199元高中双科提分课,荔枝,其他,0,wangjiananbj03,2026/6/30,20,4.01,0,0,0,364.55,4010,0,9.09%,0.00%,-,0,0
4561cc2808492e578057243804a431ae,-,-,-,-,-,https://tutor-online.oss-cn-beijing.aliyuncs.com/growth/download-material/4561cc2808492e578057243804a431ae.mp4,20260617-猿辅导高中双科-实拍-活动-夏他-张焱-bj李赛-二创-张晓洁ec-1.mp4,-,,,199元高中双科提分课,199元高中双科提分课,荔枝,其他,0,wangjiananbj03,2026/6/18,32,1.94,0,0,0,388,0,0,0.00%,0.00%,-,0,0
6f482fda6b7a18c9a4da8697b49cade3,-,-,-,-,-,https://tutor-online.oss-cn-beijing.aliyuncs.com/growth/download-material/6f482fda6b7a18c9a4da8697b49cade3.mp4,20260710-0606-199双科-自产-自产主-李博-曲中雨-子衿-A6-B2-ts罗雅雯-高二-二创-李文静ec-前贴图-1,-,,,199元高中双科提分课,199元高中双科提分课,荔枝,其他,0,wangjiananbj03,2026/7/10,10,509.04,0,0,0,90.72,24240,0,0.48%,0%,-,0,0
7d454a9a2a1f2403e5fdb14e2a412742,-,-,-,-,-,https://tutor-online.oss-cn-beijing.aliyuncs.com/growth/download-material/7d454a9a2a1f2403e5fdb14e2a412742.mp4,一键修复_20260625-猿辅导高中双科-实拍-活动-买数送物-你咋不说-618-唐欣悦-bj李栎-裂变-张晓洁yc-3.mp4,-,,,199元高中双科提分课,199元高中双科提分课,荔枝,其他,0,wangjiananbj03,2026/6/26,24,0.02,0,0,0,10,20,0,50.00%,0.00%,-,0,0
758e59267831c94d23c66969863f0fff,-,-,-,-,-,https://tutor-online.oss-cn-beijing.aliyuncs.com/growth/download-material/758e59267831c94d23c66969863f0fff.mp4,20260713-猿辅导高中双科-实拍-千川-性价比-买物送数-199学全年-幸亏-唐欣悦-cd张璐-岳久鸿-裂变-张晓洁yc-1.mp4,-,,,199元高中双科提分课,199元高中双科提分课,荔枝,其他,0,wangjiananbj03,2026/7/14,6,0.82,0,0,0,63.08,820,0,7.69%,0.00%,-,0,0
c504c54c32d4353a17b3541842c5d64d,-,-,-,-,-,https://tutor-online.oss-cn-beijing.aliyuncs.com/growth/download-material/c504c54c32d4353a17b3541842c5d64d.mp4,20260618-猿辅导高中双科-混剪-视频号-图-男孩-张焱-张晓洁yc-1.mp4,-,,,199元高中双科提分课,199元高中双科提分课,荔枝,其他,0,wangjiananbj03,2026/6/18,32,0.81,0,0,0,62.31,202.5,0,30.77%,0.00%,-,0,0
d3f48a22b7c08147aa5628fd62772d52,-,-,-,-,-,https://tutor-online.oss-cn-beijing.aliyuncs.com/growth/download-material/d3f48a22b7c08147aa5628fd62772d52.mp4,20260605-猿辅导高中双科-实拍-视频号-ip李博-买物送数-199学三年-毫无困难-常文茜-IP李博--詹铠任yc.mp4,-,,,199元高中双科提分课,199元高中双科提分课,荔枝,其他,0,wangjiananbj03,2026/6/16,34,2.71,0,0,0,387.14,2710,0,14.29%,0.00%,-,0,0
3ed8731c2986a8b65763201eef7ecb85,-,-,-,-,-,https://tutor-online.oss-cn-beijing.aliyuncs.com/growth/download-material/3ed8731c2986a8b65763201eef7ecb85.mp4,一键修复_0610-199双科-自产-自产主-李博-视觉锤-子衿-A1-B4-无-1.mp4,-,,,199元高中双科提分课,199元高中双科提分课,荔枝,其他,0,wangjiananbj03,2026/6/19,31,0.08,0,0,0,20,80,0,25.00%,0.00%,-,0,0
ff26b0d381ef3ee8c31bf5267ee88de3,-,-,-,-,-,https://tutor-online.oss-cn-beijing.aliyuncs.com/growth/download-material/ff26b0d381ef3ee8c31bf5267ee88de3.mp4,20260711-猿辅导高中双科-实拍-千川-活动-高二高三-五科-售卖-张焱-bj李栎--李文静ec-二创-5.mp4,-,,,199元高中双科提分课,199元高中双科提分课,荔枝,其他,0,wangjiananbj03,2026/7/13,7,3.73,0,0,0,120.32,0,0,0.00%,0.00%,-,0,0
5d3b785069632350fcc0af80215eb060,-,-,-,-,-,https://tutor-online.oss-cn-beijing.aliyuncs.com/growth/download-material/5d3b785069632350fcc0af80215eb060.mp4,9元视频1198-0703-9物-代理-十人-李博-jjsx-bwxy-A2-B1-pcc-pwjl-有-3-知识点,-,,,9元高中物理李博,9元高中物理李博,十人,代理商,0,wangruixuebj01,2026/7/14,6,21.34,9,1,0.42,180.85,5335,21.34,3.39%,25.00%,-,8.47,2250
d262cf1ed3206b38e8ae7a850ba3f32b,-,-,-,-,-,https://tutor-online.oss-cn-beijing.aliyuncs.com/growth/download-material/d262cf1ed3206b38e8ae7a850ba3f32b.mp4,9元视频1203-0706-9物-十人-bwxy-ylb-A2-B4-jzmj-bwxy-pcc-h-1（2）(2),-,,,9元高中物理李博,9元高中物理李博,十人,代理商,0,wangruixuebj01,2026/7/11,9,43.77,0,0,0,153.04,8754,0,2.80%,0%,-,0,0
7d6a9ff73c8a82192dcf99cfcb7d65bb,-,-,-,-,-,https://tutor-online.oss-cn-beijing.aliyuncs.com/growth/download-material/7d6a9ff73c8a82192dcf99cfcb7d65bb.mp4,20260703-猿辅导高中双科-实拍-视频号-ip李博-买物送数-199学三年-疯狂-常文茜-李博--李文静yc-1-前贴,-,,,199元高中双科提分课,199元高中双科提分课,荔枝,其他,0,wangjiananbj03,2026/7/11,9,2.89,0,0,0,16.51,0,0,0.00%,0.00%,-,0,0
8cd63358ef23fbec1dd640c56057c96d,-,-,-,-,-,https://tutor-online.oss-cn-beijing.aliyuncs.com/growth/download-material/8cd63358ef23fbec1dd640c56057c96d.mp4,0706-9物-玄武-李博-王成仡-彩丽-方法优势-贩卖焦虑-有-6-yfdwl0706G4浩6-丽-龙-仡-首,-,,,9元高中物理李博,9元高中物理李博,玄武,代理商,0,wangruixuebj01,2026/7/14,6,14.85,0,0,0,53.42,1650,0,2.88%,0%,-,0,0
5589b4470127f1e8c265f12e191e1ccd,-,-,-,-,-,https://tutor-online.oss-cn-beijing.aliyuncs.com/growth/download-material/5589b4470127f1e8c265f12e191e1ccd.mp4,20260703-猿辅导高中双科-实拍-千川-方式方法-买物送数-疯了疯了-常文茜-cd康艺凡-岳久鸿-叶俊泽yc-2-前贴,-,,,199元高中双科提分课,199元高中双科提分课,自投放,其他,0,wangjiananbj03,2026/7/17,3,0,0,0,0,0,0,0,0.00%,0.00%,-,0,0
2f4307d80e99814b00fa7fda19d82bf4,-,-,-,-,-,https://tutor-online.oss-cn-beijing.aliyuncs.com/growth/download-material/2f4307d80e99814b00fa7fda19d82bf4.mp4,20260622-猿辅导高中双科-实拍-活动-多少-张焱-bj李赛-张晓洁yc-改高二.mp4,-,,,199元高中双科提分课,199元高中双科提分课,荔枝,其他,0,wangjiananbj03,2026/6/22,28,89.9,0,0,0,92.58,4280.95,0,2.16%,0.00%,-,0,0
abf8bcf7263438fe706495715ce976de,-,-,-,-,-,https://tutor-online.oss-cn-beijing.aliyuncs.com/growth/download-material/abf8bcf7263438fe706495715ce976de.mp4,20260617-猿辅导高中双科-实拍-活动-夏他-张焱-bj李赛-二创-张晓洁ec-1,-,,,199元高中双科提分课,199元高中双科提分课,荔枝,其他,0,wangjiananbj03,2026/7/4,16,3.04,0,0,0,38.97,0,0,0.00%,0.00%,-,0,0
6e667f8c25f4ffecd6355f42a7c5095d,-,-,-,-,-,https://tutor-online.oss-cn-beijing.aliyuncs.com/growth/download-material/6e667f8c25f4ffecd6355f42a7c5095d.mp4,一键修复_20260625-猿辅导高中数物双科-实拍-活动-退了-张焱-cd张璐-裂变-张晓洁yc-2.mp4,-,,,199元高中双科提分课,199元高中双科提分课,荔枝,其他,0,wangjiananbj03,2026/6/26,24,3.1,0,0,0,281.82,0,0,0.00%,0.00%,-,0,0
d31f13f80a5e30fe27542b5ef549addc,-,-,-,-,-,https://tutor-online.oss-cn-beijing.aliyuncs.com/growth/download-material/d31f13f80a5e30fe27542b5ef549addc.mp4,0715-9物-自产-自产二-李博-巽阳xw-子衿-A2-B1-有-20-娇-【AI】,-,,,9元高中物理李博,9元高中物理李博,玄武,代理商,0,wangruixuebj01,2026/7/16,4,0.18,0,0,0,4.39,0,0,0.00%,0.00%,-,0,0
15ef8c0ec34e51cf2ce4943ed2376471,-,-,-,-,-,https://tutor-online.oss-cn-beijing.aliyuncs.com/growth/download-material/15ef8c0ec34e51cf2ce4943ed2376471.mp4,20260530-猿辅导高中双科-混剪-图-一粒备-张焱-曾柔雪yc-1.mp4,-,,,199元高中双科提分课,199元高中双科提分课,荔枝,其他,0,wangjiananbj03,2026/5/30,51,0.44,0,0,0,40,0,0,0.00%,0.00%,-,0,0
172c3ba6ea66a3b234b18e5476e3b163,-,-,-,-,-,https://tutor-online.oss-cn-beijing.aliyuncs.com/growth/download-material/172c3ba6ea66a3b234b18e5476e3b163.mp4,20260703-猿辅导高中双科-口播-活动-选哪栎-张焱-bj李栎-叶俊泽yc-5.mp4,-,,,199元高中双科提分课,199元高中双科提分课,荔枝,其他,0,wangjiananbj03,2026/7/10,10,12.89,0,0,0,477.41,4296.67,0,11.11%,0.00%,-,0,0
87ce8a984a8c9c1c8cc50c02533a5c5d,-,-,-,-,-,https://tutor-online.oss-cn-beijing.aliyuncs.com/growth/download-material/87ce8a984a8c9c1c8cc50c02533a5c5d.mp4,20260523-猿辅导高中双科-实拍-活动-撕开-张焱-bj冷一丁-修改-张晓洁ec-1.1.mp4,-,,,199元高中双科提分课,199元高中双科提分课,荔枝,其他,0,wangjiananbj03,2026/5/25,56,0.31,0,0,0,51.67,0,0,0.00%,0.00%,-,0,0
4b61edeaddf5350235f50422f42f95f6,-,-,-,-,-,https://tutor-online.oss-cn-beijing.aliyuncs.com/growth/download-material/4b61edeaddf5350235f50422f42f95f6.mp4,一键修复_20260704-猿辅导高中双科-实拍-千川-买物送数-199学三年--唐欣悦-cd琳瑶-岳久鸿-二创-叶俊泽ec-12.改.mp4,-,,,199元高中双科提分课,199元高中双科提分课,荔枝,其他,0,wangjiananbj03,2026/7/16,4,6.58,0,0,0,177.84,0,0,0.00%,0.00%,-,0,0
7af7fce9393cc71281cf69dcb6be2a8f,-,-,-,-,-,https://tutor-online.oss-cn-beijing.aliyuncs.com/growth/download-material/7af7fce9393cc71281cf69dcb6be2a8f.mp4,0703-199双科-申坤-李博-李天-卞俊洁-A2-B4-无-1,-,,,199元高中双科提分课,199元高中双科提分课,申坤,其他,0,wangjiananbj03,2026/7/10,10,2.48,0,0,0,68.89,0,0,0.00%,0.00%,-,0,0
081fb7c540620262e692650a399bfda2,-,-,-,-,-,https://tutor-online.oss-cn-beijing.aliyuncs.com/growth/download-material/081fb7c540620262e692650a399bfda2.mp4,20260704-猿辅导高中双科-实拍-千川-买数送物-199学三年--唐欣悦-bj于靖-叶俊泽ec-二创-9,-,,,199元高中双科提分课,199元高中双科提分课,荔枝,其他,0,wangjiananbj03,2026/7/11,9,0.44,0,0,0,73.33,440,0,16.67%,0%,-,0,0
ec5c35767f322ff3fd304464e7d33fa0,-,-,-,-,-,https://tutor-online.oss-cn-beijing.aliyuncs.com/growth/download-material/ec5c35767f322ff3fd304464e7d33fa0.mp4,20260524-猿辅导高中双科-实拍-ip李博-通知-唐欣悦-ip李博-文涵立yc-前贴.mp4,-,,,199元高中双科提分课,199元高中双科提分课,荔枝,其他,0,wangjiananbj03,2026/5/26,55,0.66,0,0,0,132,0,0,0.00%,0.00%,-,0,0
572984dee9c88a8bb7c697891fc9a064,-,-,-,-,-,https://tutor-online.oss-cn-beijing.aliyuncs.com/growth/download-material/572984dee9c88a8bb7c697891fc9a064.mp4,0610-199双科-自产-自产主-李博-视觉锤-子衿-A3-B1-有-4.mp4,-,,,199元高中双科提分课,199元高中双科提分课,荔枝,其他,0,wangjiananbj03,2026/6/19,31,0.1,0,0,0,16.67,0,0,0.00%,0.00%,-,0,0
2b3f35aa85823169071843ca85bfd1e7,-,-,-,-,-,https://tutor-online.oss-cn-beijing.aliyuncs.com/growth/download-material/2b3f35aa85823169071843ca85bfd1e7.mp4,0703199双科-申坤-李博-李天-姚恒-A5-B4-有-01,-,,,199元高中双科提分课,199元高中双科提分课,申坤,其他,0,wangjiananbj03,2026/7/5,15,0.36,0,0,0,51.43,0,0,0.00%,0.00%,-,0,0
991143c8e73ca53a53d726c8e6bb112d,-,-,-,-,-,https://tutor-online.oss-cn-beijing.aliyuncs.com/growth/download-material/991143c8e73ca53a53d726c8e6bb112d.mp4,20260701-猿辅导高中双科-混剪-视频号-图-广告-张焱-裂变-张晓洁yc-7.mp4,-,,,199元高中双科提分课,199元高中双科提分课,荔枝,其他,0,wangjiananbj03,2026/7/3,17,25.97,0,0,0,316.71,3246.25,0,9.76%,0.00%,-,0,0
c5f7ade6eb0366ead43d6c00cfe693da,-,-,-,-,-,https://tutor-online.oss-cn-beijing.aliyuncs.com/growth/download-material/c5f7ade6eb0366ead43d6c00cfe693da.mp4,9元视频965-0519-9物-十人-bmqr-ylb-A2-B4-jjsx-pwjl-1,-,,,9元高中物理李博,9元高中物理李博,十人,其他,0,wangruixuebj01,2026/5/23,58,1333.53,36,4,0.03,178.76,9805.37,333.38,1.76%,3.05%,-,0.54,264.71
3ac65ebe224a4c5f3a39047d8af3daa7,-,-,-,-,-,https://tutor-online.oss-cn-beijing.aliyuncs.com/growth/download-material/3ac65ebe224a4c5f3a39047d8af3daa7.mp4,20260602-猿辅导高中双科-混剪-千川-内容-效果前置-忠告-唐欣悦---张晓洁yc-2.mp4,-,,,199元高中双科提分课,199元高中双科提分课,荔枝,其他,0,wangjiananbj03,2026/6/2,48,9.38,0,0,0,551.76,3126.67,0,17.65%,0.00%,-,0,0
58c96c97f13d66f9584d26ef47c3bbbe,-,-,-,-,-,https://tutor-online.oss-cn-beijing.aliyuncs.com/growth/download-material/58c96c97f13d66f9584d26ef47c3bbbe.mp4,0710-199双科-申坤-李博-李天-卞俊洁-A2-B4-无-2,-,,,199元高中双科提分课,199元高中双科提分课,申坤,其他,0,wangjiananbj03,2026/7/12,8,0.09,0,0,0,12.86,0,0,0.00%,0.00%,-,0,0
b3fcb44007ec3d3fd800fda1e8a9cb49,-,-,-,-,-,https://tutor-online.oss-cn-beijing.aliyuncs.com/growth/download-material/b3fcb44007ec3d3fd800fda1e8a9cb49.mp4,20260610-猿辅导高中双科-实拍-视频号-ip李博-买物送数-睡觉-张焱-IP李博-袁北辰ec-二创-举牌-8,-,,,199元高中双科提分课,199元高中双科提分课,荔枝,代理商,0,wangjiananbj03,2026/6/26,24,0.3,0,0,0,15,0,0,0.00%,0.00%,-,0,0
a481deef61be47f23d566d99783611a3,-,-,-,-,-,https://tutor-online.oss-cn-beijing.aliyuncs.com/growth/download-material/a481deef61be47f23d566d99783611a3.mp4,20260710-猿辅导高中双科-实拍-活动-199学三年-买数送物-通用-买数送物-傻子-唐欣悦-cd文雨婷-岳久鸿-詹铠任yc-前贴.mp4,-,,,199元高中双科提分课,199元高中双科提分课,荔枝,其他,0,wangjiananbj03,2026/7/11,9,3.11,0,0,0,84.05,777.5,0,10.81%,0.00%,-,0,0
803695c635035fd8c6ad5c237b873c94,-,-,-,-,-,https://tutor-online.oss-cn-beijing.aliyuncs.com/growth/download-material/803695c635035fd8c6ad5c237b873c94.mp4,20260613-猿辅导高中双科-实拍-千川-线下班对比-买数送物-199学三年-婆婆恨-唐欣悦-bj庄紫薇-张雪依ec-二创-4,-,,,199元高中双科提分课,199元高中双科提分课,荔枝,其他,0,wangjiananbj03,2026/6/29,21,3.86,0,0,0,96.5,0,0,0.00%,0.00%,-,0,0
bc627847ffc4a95bbf40d8fbc825b315,-,-,-,-,-,https://tutor-online.oss-cn-beijing.aliyuncs.com/growth/download-material/bc627847ffc4a95bbf40d8fbc825b315.mp4,20260627-猿辅导高中双科-实拍-千川-线下班对比-买数送物-太有钱-唐欣悦-cd康艺凡-岳久鸿-詹铠任yc.mp4,-,,,199元高中双科提分课,199元高中双科提分课,荔枝,其他,0,wangjiananbj03,2026/7/3,17,2.88,0,0,0,288,2880,0,10.00%,0.00%,-,0,0
80edbe6513a65e2aaa80e51609e91376,-,-,-,-,-,https://tutor-online.oss-cn-beijing.aliyuncs.com/growth/download-material/80edbe6513a65e2aaa80e51609e91376.mp4,20260611-猿辅导高中双科-混剪-图-坚持-张焱---李文静ec-视频号二创-6,-,,,199元高中双科提分课,199元高中双科提分课,荔枝,代理商,0,wangjiananbj03,2026/6/11,39,4.56,0,0,0,51.24,4560,0,1.12%,0%,-,0,0
13abfb52a9ca09dbd8ad3f62476bc25e,-,-,-,-,-,https://tutor-online.oss-cn-beijing.aliyuncs.com/growth/download-material/13abfb52a9ca09dbd8ad3f62476bc25e.mp4,20260626-猿辅导高中双科-实拍-活动-夏他-张焱-bj李赛-二创-林文斌-张晓洁ec-1（镜像,-,,,199元高中双科提分课,199元高中双科提分课,荔枝,其他,0,wangjiananbj03,2026/7/7,13,83.98,0,0,0,90.69,10497.5,0,0.97%,0%,-,0,0
6c4083b0c2f4bb1c07ae9049a2c5bf1c,-,-,-,-,-,https://tutor-online.oss-cn-beijing.aliyuncs.com/growth/download-material/6c4083b0c2f4bb1c07ae9049a2c5bf1c.mp4,0616-9物-十人-bwxy-ylb-A2-B4-jclb-h-pwjl-3(1),-,,,9元高中物理李博,9元高中物理李博,十人,代理商,0,wangruixuebj01,2026/6/16,34,10.83,0,0,0,74.69,0,0,0.00%,0.00%,-,0,0
ea1b7531a72aa08490ecb78b79ada69c,-,-,-,-,-,https://tutor-online.oss-cn-beijing.aliyuncs.com/growth/download-material/ea1b7531a72aa08490ecb78b79ada69c.mp4,20260601-猿辅导高中双科-混剪-框-张焱-张晓洁yc-3.2-改高二,-,,,199元高中双科提分课,199元高中双科提分课,自投放,其他,0,wangjiananbj03,2026/7/10,10,683.82,199,1,0.29,121.89,23580,683.82,0.71%,2.50%,-,0.18,6862.07
29ac66349b0cd10367c4df684580292e,-,-,-,-,-,https://tutor-online.oss-cn-beijing.aliyuncs.com/growth/download-material/29ac66349b0cd10367c4df684580292e.mp4,0707-199双科-申坤-李博-李天-卞俊洁-A2-B4-无-高二高三-2,-,,,199元高中双科提分课,199元高中双科提分课,申坤,其他,0,wangjiananbj03,2026/7/7,13,1637.7,597,3,0.36,200.99,27757.63,545.9,1.24%,2.97%,-,0.37,10118.64
d9d9d042983ca56eb40ba70448180bd7,-,-,-,-,-,https://tutor-online.oss-cn-beijing.aliyuncs.com/growth/download-material/d9d9d042983ca56eb40ba70448180bd7.mp4,20260703-猿辅导高中双科-实拍-活动-买数送物-全年-跟你-张焱-cd鲨鱼- 李文静ec-二创-3.mp4,-,,,199元高中双科提分课,199元高中双科提分课,荔枝,代理商,0,wangjiananbj03,2026/7/7,13,2736.79,1592,8,0.58,81.39,5144.34,342.1,1.58%,1.50%,-,0.24,2992.48
6e3aa2516c0178ef28dbf7c98216d036,-,-,-,-,-,https://tutor-online.oss-cn-beijing.aliyuncs.com/growth/download-material/6e3aa2516c0178ef28dbf7c98216d036.mp4,一键修复_20260707-猿辅导高中双科-实拍-6天提分-199学全年-通用-买数送物-不可能-唐欣悦-bj杨子玄-李文静yc-2.mp4,-,,,199元高中双科提分课,199元高中双科提分课,荔枝,其他,0,wangjiananbj03,2026/7/11,9,7.2,0,0,0,57.14,2400,0,2.38%,0.00%,-,0,0
32895173724511bd8f0758f5383dc474,-,-,-,-,-,https://tutor-online.oss-cn-beijing.aliyuncs.com/growth/download-material/32895173724511bd8f0758f5383dc474.mp4,20260618-猿辅导高中双科-混剪-视频号-图-男孩-张焱-张晓洁yc-4,-,,,199元高中双科提分课,199元高中双科提分课,荔枝,代理商,0,wangjiananbj03,2026/6/20,30,0.03,0,0,0,4.29,0,0,0.00%,0.00%,-,0,0
d34c51582e36f61895f6618d8e81228a,-,-,-,-,-,https://tutor-online.oss-cn-beijing.aliyuncs.com/growth/download-material/d34c51582e36f61895f6618d8e81228a.mp4,20260626-猿辅导高中数物双科-实拍-活动-退了-张焱-cd张璐+李赛-裂变-张晓洁yc-6.1,-,,,199元高中双科提分课,199元高中双科提分课,荔枝,其他,0,wangjiananbj03,2026/7/9,11,277.1,0,0,0,104.45,13855,0,1.06%,0%,-,0,0
9c869e398756ef03075d896f414a4676,-,-,-,-,-,https://tutor-online.oss-cn-beijing.aliyuncs.com/growth/download-material/9c869e398756ef03075d896f414a4676.mp4,一键修复_20260610-猿辅导高中双科-混剪-视频号-图-黑播-张焱-张晓洁yc-1.1.mp4,-,,,199元高中双科提分课,199元高中双科提分课,荔枝,其他,0,wangjiananbj03,2026/6/11,39,0.35,0,0,0,70,0,0,0.00%,0.00%,-,0,0
d98a95a729a298d576c6880bb846e935,-,-,-,-,-,https://tutor-online.oss-cn-beijing.aliyuncs.com/growth/download-material/d98a95a729a298d576c6880bb846e935.mp4,20260701-猿辅导高中双科-实拍-活动-买数送物-你咋不说-唐欣悦-bj李栎-ts徐鑫悦-二创-张晓洁ec-9.mp4,-,,,199元高中双科提分课,199元高中双科提分课,荔枝,其他,0,wangjiananbj03,2026/7/7,13,12.17,0,0,0,181.64,2434,0,7.46%,0.00%,-,0,0
4c92eb5edbd7a4b42f32ec8d6634012b,-,-,-,-,-,https://tutor-online.oss-cn-beijing.aliyuncs.com/growth/download-material/4c92eb5edbd7a4b42f32ec8d6634012b.mp4,20260708-猿辅导高中双科-实拍-视频号-线下班对比-通用-买物送数-有必要-常文茜-bj宋钦冲-李文静yc-1-前贴,-,,,199元高中双科提分课,199元高中双科提分课,自投放,其他,0,wangjiananbj03,2026/7/17,3,0,0,0,0,0,0,0,0.00%,0.00%,-,0,0
67252aafd575b82e66fcd1005b4972d8,-,-,-,-,-,https://tutor-online.oss-cn-beijing.aliyuncs.com/growth/download-material/67252aafd575b82e66fcd1005b4972d8.mp4,20260708-猿辅导高中双科-实拍-视频号-ip李博-活动-199学三年-买物送数-没舍得-唐欣悦-李博--李文静yc-2.mp4,-,,,199元高中双科提分课,199元高中双科提分课,荔枝,其他,0,wangjiananbj03,2026/7/11,9,1.2,0,0,0,120,0,0,0.00%,0.00%,-,0,0
9397db8b04bbc1f545e14c8576a588f8,-,-,-,-,-,https://tutor-online.oss-cn-beijing.aliyuncs.com/growth/download-material/9397db8b04bbc1f545e14c8576a588f8.mp4,9元视频1184-0630-9物-代理-十人-李博-jjsx-bmqr-A2-B1-pwjl-pcc-无-1,-,,,9元高中物理李博,9元高中物理李博,十人,代理商,0,wangruixuebj01,-,-,0,0,0,0,0,0,0,0.00%,0.00%,-,0,0
b1ae3251caade42d20877242d46ba10a,-,-,-,-,-,https://tutor-online.oss-cn-beijing.aliyuncs.com/growth/download-material/b1ae3251caade42d20877242d46ba10a.mp4,0616-9物-玄武-李博-郝佳明-关紫晴-A5-B3-有-1-yfdwl0623m2浩1-晴-郝-首-【AI】-去年级,-,,,9元高中物理李博,9元高中物理李博,玄武,代理商,0,wangruixuebj01,2026/7/16,4,0.52,0,0,0,21.67,0,0,0.00%,0.00%,-,0,0
56d440ad19bcd7f5698d8339c334e8a4,-,-,-,-,-,https://tutor-online.oss-cn-beijing.aliyuncs.com/growth/download-material/56d440ad19bcd7f5698d8339c334e8a4.mp4,一键修复_20260526-猿辅导高中双科-实拍-ip李博-客供-袁北辰ec-修改-1.mp4,-,,,199元高中双科提分课,199元高中双科提分课,荔枝,其他,0,wangjiananbj03,2026/6/20,30,1.76,0,0,0,83.81,0,0,0.00%,0.00%,-,0,0
d61a51a7a3614f54e906457f323b3bdb,-,-,-,-,-,https://tutor-online.oss-cn-beijing.aliyuncs.com/growth/download-material/d61a51a7a3614f54e906457f323b3bdb.mp4,20260617-猿辅导高中双科-图文混剪--一台平板-唐欣悦--张晓洁ec-1.mp4,-,,,199元高中双科提分课,199元高中双科提分课,荔枝,其他,0,wangjiananbj03,2026/6/17,33,4.97,0,0,0,62.91,1656.67,0,3.80%,0.00%,-,0,0
51fc57bd4c7a3c171aeec435dbc31006,-,-,-,-,-,https://img-pub.oss-cn-beijing-internal.aliyuncs.com/19f652c7e59e1fb.mp4,0609-9物-代理-十人-李博-jjsx-bjsx-A2-B1-pcc-1,-,,,9元高中物理李博,9元高中物理李博,十人,代理商,0,wangruixuebj01,2026/7/17,3,0,0,0,0,0,0,0,0.00%,0.00%,-,0,0
660372c71bc4184cb1f7299df8c06a25,-,-,-,-,-,https://tutor-online.oss-cn-beijing.aliyuncs.com/growth/download-material/660372c71bc4184cb1f7299df8c06a25.mp4,20260624-猿辅导高中数学199-实拍-专家分享-抽出-张焱-bj李赛-袁北辰ec-二创-2,-,,,199元高中双科提分课,199元高中双科提分课,自投放,其他,0,wangjiananbj03,2026/7/10,10,0.73,0,0,0,9.13,0,0,0.00%,0.00%,-,0,0
02b3ccad6bbaa1999223402366fe842c,-,-,-,-,-,https://tutor-online.oss-cn-beijing.aliyuncs.com/growth/download-material/02b3ccad6bbaa1999223402366fe842c.mp4,一键修复_0610-199双科-自产-自产主-李博-视觉锤-子衿-A1-B4-有-1.mp4,-,,,199元高中双科提分课,199元高中双科提分课,荔枝,其他,0,wangjiananbj03,2026/6/19,31,0.73,0,0,0,121.67,730,0,16.67%,0.00%,-,0,0
b6275aaaadb3799b3449bc00fe5dd493,-,-,-,-,-,https://tutor-online.oss-cn-beijing.aliyuncs.com/growth/download-material/b6275aaaadb3799b3449bc00fe5dd493.mp4,20260626-猿辅导高中双科-混剪-视频号-图-张焱-张晓洁yc-12.1 (1),-,,,199元高中双科提分课,199元高中双科提分课,荔枝,其他,0,wangjiananbj03,2026/7/16,4,24.11,0,0,0,46.82,8036.67,0,0.58%,0%,-,0,0
67908f7dff18d2ae3f240c931195690c,-,-,-,-,-,https://tutor-online.oss-cn-beijing.aliyuncs.com/growth/download-material/67908f7dff18d2ae3f240c931195690c.mp4,一键修复_0610-199双科-自产-自产主-李博-视觉锤-子衿-A6-B1-有-10.mp4,-,,,199元高中双科提分课,199元高中双科提分课,荔枝,其他,0,wangjiananbj03,2026/6/19,31,0.57,0,0,0,570,570,0,100.00%,0.00%,-,0,0
2225f30ed4028bf2f7acefc5c98dae5f,-,-,-,-,-,https://tutor-online.oss-cn-beijing.aliyuncs.com/growth/download-material/2225f30ed4028bf2f7acefc5c98dae5f.mp4,20260708-猿辅导高中双科-实拍-千川-买数送物-活动-不气-张焱-bj冷一丁-裂变-李文静yc-1.mp4,-,,,199元高中双科提分课,199元高中双科提分课,荔枝,代理商,0,wangjiananbj03,2026/7/9,11,100.87,0,0,0,301.1,10087,0,2.99%,0.00%,-,0,0
8c2ccd8267b20872d87139f69b66eb42,-,-,-,-,-,https://tutor-online.oss-cn-beijing.aliyuncs.com/growth/download-material/8c2ccd8267b20872d87139f69b66eb42.mp4,yfdwl0109z1浩8-锴-莹-龙-去前贴,-,,,9元高中物理李博,中价例子-人人都能学懂的奥数,玄武,其他,0,wangruixuebj01,2026/3/2,140,472.6,45,5,0.1,132.05,8148.28,94.52,1.76%,7.94%,-,1.4,775.86
3e1a3e123c7be39f6f2b241f13fc1f3b,-,-,-,-,-,https://tutor-online.oss-cn-beijing.aliyuncs.com/growth/download-material/3e1a3e123c7be39f6f2b241f13fc1f3b.mp4,20260713-猿辅导高中双科-实拍-活动-线下班-买数送物-通用-买数送物-气炸了-李莹莹-bj李栎-叶俊泽yc-4-前贴.mp4,-,,,199元高中双科提分课,199元高中双科提分课,荔枝,其他,0,wangjiananbj03,2026/7/16,4,1.36,0,0,0,680,1360,0,50.00%,0.00%,-,0,0
aad044eef4badb4d94ff299dc7665c71,-,-,-,-,-,https://tutor-online.oss-cn-beijing.aliyuncs.com/growth/download-material/aad044eef4badb4d94ff299dc7665c71.mp4,20260711-猿辅导高中双科-实拍-千川-买数送物-活动-特别-张焱-bj丁梓仟--李文静ec-二创-7,-,,,199元高中双科提分课,199元高中双科提分课,荔枝,其他,0,wangjiananbj03,2026/7/15,5,0.09,0,0,0,12.86,0,0,0.00%,0.00%,-,0,0
4450bb0cdd67bbb4a92a5e5bc415b0ef,-,-,-,-,-,https://tutor-online.oss-cn-beijing.aliyuncs.com/growth/download-material/4450bb0cdd67bbb4a92a5e5bc415b0ef.mp4,一键修复_20260630-猿辅导高中双科-实拍-视频号-IP-李博-你再-张焱-IP-李博--张晓洁yc-1（前贴）.mp4,-,,,199元高中双科提分课,199元高中双科提分课,荔枝,代理商,0,wangjiananbj03,2026/7/3,17,1.17,0,0,0,90,1170,0,7.69%,0.00%,-,0,0
5c82934820810d9a31e052347a5766e3,-,-,-,-,-,https://tutor-online.oss-cn-beijing.aliyuncs.com/growth/download-material/5c82934820810d9a31e052347a5766e3.mp4,0706-199双科-申坤-李博-李天-卞俊洁-A5-B5-有-高二高三-6,-,,,199元高中双科提分课,199元高中双科提分课,申坤,其他,0,wangjiananbj03,2026/7/10,10,0.01,0,0,0,2.5,0,0,0.00%,0.00%,-,0,0
ee81c3153272895e1881f9a76580d420,-,-,-,-,-,https://tutor-online.oss-cn-beijing.aliyuncs.com/growth/download-material/ee81c3153272895e1881f9a76580d420.mp4,20260603-猿辅导高中双科-实拍-活动-不是-张焱-bj张捷希-袁北辰ec-二创-4,-,,,199元高中双科提分课,199元高中双科提分课,荔枝,其他,0,wangjiananbj03,2026/6/23,27,0,0,0,0,0,0,0,0.00%,0.00%,-,0,0
4032959a3a4ca024b161a5c85fa64ebd,-,-,-,-,-,https://tutor-online.oss-cn-beijing.aliyuncs.com/growth/download-material/4032959a3a4ca024b161a5c85fa64ebd.mp4,20260708-猿辅导高中双科-实拍-千川-买数送物-活动-AI推-李莹莹-cd汐汐-詹铠任-张晓洁yc-3,-,,,199元高中双科提分课,199元高中双科提分课,荔枝,代理商,0,wangjiananbj03,2026/7/15,5,41.21,0,0,0,75.2,6868.33,0,1.46%,0%,-,0,0
b34314199c4629452356c42813df81d5,-,-,-,-,-,https://tutor-online.oss-cn-beijing.aliyuncs.com/growth/download-material/b34314199c4629452356c42813df81d5.mp4,20260624-9物-代理-启航-李博-【b1-p6-a3-37-0624】-A5-B5-有-2,-,,,9元高中物理李博,9元高中物理李博,启航,代理商,0,wangruixuebj01,2026/6/30,20,627.29,27,3,0.04,96,6336.26,209.1,1.62%,2.83%,-,0.46,272.73
3fd981c609895bb74cb11a4245c1581e,-,-,-,-,-,https://tutor-online.oss-cn-beijing.aliyuncs.com/growth/download-material/3fd981c609895bb74cb11a4245c1581e.mp4,20260618-猿辅导高中数学-实拍-性价比-亏本-张焱-bj李赛-李文静ec-视频号二创-1,-,,,199元高中双科提分课,199元高中双科提分课,自投放,其他,0,wangjiananbj03,2026/6/18,32,613.56,398,2,0.65,82.79,5382.11,306.78,1.69%,1.60%,-,0.27,3491.23
a99c96d331ddef34a24e770e2d20b15f,-,-,-,-,-,https://tutor-online.oss-cn-beijing.aliyuncs.com/growth/download-material/a99c96d331ddef34a24e770e2d20b15f.mp4,20260711-猿辅导高中双科-实拍-视频号-活动-买数送物-199学三年-通用-买数送物-我们呢-常文茜-bj嵩云--李文静-yc-3-前贴,-,,,199元高中双科提分课,199元高中双科提分课,自投放,其他,0,wangjiananbj03,2026/7/16,4,1.33,0,0,0,47.5,0,0,0.00%,0.00%,-,0,0
9f6e533097cfc111d2cf256546618dc0,-,-,-,-,-,https://tutor-online.oss-cn-beijing.aliyuncs.com/growth/download-material/9f6e533097cfc111d2cf256546618dc0.mp4,20260624-9物-代理-启航-李博-【b1-p6-a3-77-0630】-A5-B5-有-2,-,,,9元高中物理李博,9元高中物理李博,启航,代理商,0,wangruixuebj01,2026/7/10,10,9.05,0,0,0,76.05,0,0,0.00%,0.00%,-,0,0
a6b7c458f0020843e2687fcaa8e8465e,-,-,-,-,-,https://tutor-online.oss-cn-beijing.aliyuncs.com/growth/download-material/a6b7c458f0020843e2687fcaa8e8465e.mp4,一键修复_20260522-猿辅导高中双科-实拍-ip李博-割韭菜-常文茜+ts罗雅雯-ip李博--张晓洁yc-2.mp4,-,,,199元高中双科提分课,199元高中双科提分课,荔枝,其他,0,wangjiananbj03,2026/6/20,30,0.56,0,0,0,56,280,0,20.00%,0.00%,-,0,0
3a8041b6bd496517bf169064efc0d9b4,-,-,-,-,-,https://tutor-online.oss-cn-beijing.aliyuncs.com/growth/download-material/3a8041b6bd496517bf169064efc0d9b4.mp4,20260611-猿辅导高中双科-实拍-千川-分数痛点-买数学送物理-一起-张焱-bj冷一丁-叶俊泽ec-视频号二创-6,-,,,199元高中双科提分课,199元高中双科提分课,荔枝,代理商,0,wangjiananbj03,2026/6/26,24,7.42,0,0,0,90.49,0,0,0.00%,0.00%,-,0,0
67772b74aa29a12bef3dea72cb52e7d1,-,-,-,-,-,https://tutor-online.oss-cn-beijing.aliyuncs.com/growth/download-material/67772b74aa29a12bef3dea72cb52e7d1.mp4,0706-199双科-申坤-李博-李天-卞俊洁-A1-B4-有-高二高三-7,-,,,199元高中双科提分课,199元高中双科提分课,申坤,其他,0,wangjiananbj03,2026/7/7,13,4.8,0,0,0,33.1,0,0,0.00%,0.00%,-,0,0
342bc2ca1388ca3ba82463fcfb41a014,-,-,-,-,-,https://tutor-online.oss-cn-beijing.aliyuncs.com/growth/download-material/342bc2ca1388ca3ba82463fcfb41a014.mp4,0514-199双科-自产-自产二-王晶-曲中雨-子衿--B2-无-3.mp4,-,,,199元高中双科提分课,199元高中双科提分课,荔枝,其他,自产原创,wangjiananbj03,2026/5/27,54,0.34,0,0,0,56.67,0,0,0.00%,0.00%,-,0,0
a29d3bfcc8eed0e5c4ea006289500e12,-,-,-,-,-,https://tutor-online.oss-cn-beijing.aliyuncs.com/growth/download-material/a29d3bfcc8eed0e5c4ea006289500e12.mp4,9元视频1175-0609-9物-代理-十人-李博-jjsx-bjsx-A2-B1-pcc-有-2-拓两周,-,,,9元高中物理李博,9元高中物理李博,十人,代理商,0,wangruixuebj01,2026/7/1,19,0.05,0,0,0,2.94,0,0,0.00%,0.00%,-,0,0
2c250faca287976fb9e9f104d64efdb4,-,-,-,-,-,https://tutor-online.oss-cn-beijing.aliyuncs.com/growth/download-material/2c250faca287976fb9e9f104d64efdb4.mp4,20260704-猿辅导高中双科-实拍-千川-买物理送数学--张焱-cd鲨鱼-高俊南-叶俊泽ec-二创-高二-五科-13.mp4,-,,,199元高中双科提分课,199元高中双科提分课,荔枝,其他,0,wangjiananbj03,2026/7/9,11,27.86,0,0,0,1114.4,0,0,0.00%,0.00%,-,0,0
f4b17646ee5528e5b5c9c4dabf9a350f,-,-,-,-,-,https://tutor-online.oss-cn-beijing.aliyuncs.com/growth/download-material/f4b17646ee5528e5b5c9c4dabf9a350f.mp4,9元视频10011-1129-十人-李博混剪-1-D-是-jjsx-plpy,-,,,9元高中物理李博,9元高中物理李博,十人,其他,0,wangruixuebj01,2026/5/27,54,0,18,2,0,0,0,0,0.00%,0.00%,-,0,0
0a427bb42d95456693621c4764489b76,-,-,-,-,-,https://tutor-online.oss-cn-beijing.aliyuncs.com/growth/download-material/0a427bb42d95456693621c4764489b76.mp4,一键修复_20260703-猿辅导高中双科-实拍-千川-分数痛点-买数送物-199学三年-读评论-常文茜-dr小五老师-高二-李文静yc-1-前贴.mp4,-,,,199元高中双科提分课,199元高中双科提分课,荔枝,其他,0,wangjiananbj03,2026/7/11,9,24.04,0,0,0,95.4,8013.33,0,1.19%,0.00%,-,0,0
6cc0d97a227a71e900bfb2c8204147ec,-,-,-,-,-,https://tutor-online.oss-cn-beijing.aliyuncs.com/growth/download-material/6cc0d97a227a71e900bfb2c8204147ec.mp4,20260701-猿辅导高中双科-实拍-千川-买数送物-专家分享-搞定-高二-张焱-bj宋钦冲-叶俊泽yc-5-前贴,-,,,199元高中双科提分课,199元高中双科提分课,自投放,其他,0,wangjiananbj03,2026/7/15,5,8.68,0,0,0,36.47,2893.33,0,1.26%,0%,-,0,0
839eb09f75a96a06deda71e6011375a6,-,-,-,-,-,https://tutor-online.oss-cn-beijing.aliyuncs.com/growth/download-material/839eb09f75a96a06deda71e6011375a6.mp4,0630-199双科-申坤-李博-李天-卞俊洁-A2-B4-无-28,-,,,199元高中双科提分课,199元高中双科提分课,申坤,其他,0,wangjiananbj03,2026/7/6,14,23.63,0,0,0,22.46,5907.5,0,0.57%,0%,-,0,0
49b9cfbab68062d2ce8510d6f35561c8,-,-,-,-,-,https://tutor-online.oss-cn-beijing.aliyuncs.com/growth/download-material/49b9cfbab68062d2ce8510d6f35561c8.mp4,20260704-猿辅导高中双科-混剪-图-张凌-张焱-张雪依yc-12-高二高三.mp4,-,,,199元高中双科提分课,199元高中双科提分课,荔枝,其他,0,wangjiananbj03,2026/7/9,11,2.65,0,0,0,189.29,1325,0,14.29%,0.00%,-,0,0
1a3d994a4ef16a65150cd5085a2779c1,-,-,-,-,-,https://tutor-online.oss-cn-beijing.aliyuncs.com/growth/download-material/1a3d994a4ef16a65150cd5085a2779c1.mp4,20260608-猿辅导高中双科-实拍-买物理送数学-再说-张焱-bj丁梓仟--李文静ec-视频号二创-2,-,,,199元高中双科提分课,199元高中双科提分课,荔枝,其他,0,wangjiananbj03,2026/6/9,41,18899.33,9950,48,0.53,94.26,33748.8,393.74,0.55%,4.32%,-,0.24,17767.86
aea2c4be8c90aa4deec2e90eba211622,-,-,-,-,-,https://tutor-online.oss-cn-beijing.aliyuncs.com/growth/download-material/aea2c4be8c90aa4deec2e90eba211622.mp4,20260609-猿辅导高中双科-实拍-千川-活动-买数送物-199学全年-太贵了-唐欣悦-bj庄紫薇--张晓洁yc-3.1（前贴）.mp4,-,,,199元高中双科提分课,199元高中双科提分课,荔枝,其他,0,wangjiananbj03,2026/6/10,40,2.57,0,0,0,128.5,0,0,0.00%,0.00%,-,0,0
e24b972905b52c3b47810a86a8df0c8d,-,-,-,-,-,https://tutor-online.oss-cn-beijing.aliyuncs.com/growth/download-material/e24b972905b52c3b47810a86a8df0c8d.mp4,一键修复_20260525-猿辅导高中双科-实拍-ip李博-扭转局面-常文茜-ip李博--詹铠任yc-前贴.mp4,-,,,199元高中双科提分课,199元高中双科提分课,荔枝,其他,0,wangjiananbj03,2026/6/30,20,1.49,0,0,0,372.5,0,0,0.00%,0.00%,-,0,0
5b88b3e2a3d563eff84d784eee4cce50,-,-,-,-,-,https://tutor-online.oss-cn-beijing.aliyuncs.com/growth/download-material/5b88b3e2a3d563eff84d784eee4cce50.mp4,20260626-猿辅导高中双科-图文混剪---唐欣悦-补量二创-张晓洁ec-1.1.mp4,-,,,199元高中双科提分课,199元高中双科提分课,荔枝,代理商,0,wangjiananbj03,2026/6/26,24,4.54,0,0,0,412.73,4540,0,9.09%,0.00%,-,0,0
798caa1aaff88fdb44ecca6055a2386f,-,-,-,-,-,https://tutor-online.oss-cn-beijing.aliyuncs.com/growth/download-material/798caa1aaff88fdb44ecca6055a2386f.mp4,20260601-猿辅导高中双科-实拍-活动-买数送物-除非-618-张焱-bj张婕希-二创-张晓洁ec-4 (2),-,,,199元高中双科提分课,199元高中双科提分课,荔枝,其他,0,wangjiananbj03,2026/6/23,27,27.5,0,0,0,39.8,0,0,0.00%,0.00%,-,0,0
6d3d42561809a4274f68e6e980abfca8,-,-,-,-,-,https://tutor-online.oss-cn-beijing.aliyuncs.com/growth/download-material/6d3d42561809a4274f68e6e980abfca8.mp4,20260610-猿辅导高中双科-混剪-视频号-图-红花-张焱-张晓洁yc-3,-,,,199元高中双科提分课,199元高中双科提分课,荔枝,其他,0,wangjiananbj03,2026/6/11,39,31309.14,14129,71,0.45,163.96,21284.26,440.97,1.25%,2.98%,-,0.37,9605.03
99e6cee0271e3f7a410647d7df5dd3e9,-,-,-,-,-,https://tutor-online.oss-cn-beijing.aliyuncs.com/growth/download-material/99e6cee0271e3f7a410647d7df5dd3e9.mp4,20260625-猿辅导高中双科-实拍-买物理送数学-再说-张焱-bj丁梓仟-张晓洁yc-3,-,,,199元高中双科提分课,199元高中双科提分课,荔枝,代理商,0,wangjiananbj03,2026/7/9,11,451.62,0,0,0,95.14,9817.83,0,1.22%,0%,-,0,0
c53b187163c7c23bf01ed702a136cdad,-,-,-,-,-,https://tutor-online.oss-cn-beijing.aliyuncs.com/growth/download-material/c53b187163c7c23bf01ed702a136cdad.mp4,20260703-猿辅导高中双科-实拍-视频号-ip李博-买物送数-199学三年-直播间-常文茜-李博--李文静yc-3,-,,,199元高中双科提分课,199元高中双科提分课,荔枝,其他,0,wangjiananbj03,2026/7/9,11,5.59,0,0,0,105.47,0,0,0.00%,0.00%,-,0,0
8df23ec61e4d0d32f14a4f12a412913b,-,-,-,-,-,https://tutor-online.oss-cn-beijing.aliyuncs.com/growth/download-material/8df23ec61e4d0d32f14a4f12a412913b.mp4,20260704-猿辅导高中双科-混剪-图-张凌-张焱-张雪依yc-7改-高三.mp4,-,,,199元高中双科提分课,199元高中双科提分课,荔枝,其他,0,wangjiananbj03,2026/7/10,10,5.69,0,0,0,210.74,5690,0,3.70%,0.00%,-,0,0
a6eb97b7557d69b6c4e33ae9d50b90ce,-,-,-,-,-,https://img-pub.oss-cn-beijing-internal.aliyuncs.com/19f4665bdcfff68.mp4,9元视频1202-0706-9物-十人-bwxy-ylb-A2-B4-jzmj-bwxy-pcc-h-1（1）(2),-,,,9元高中物理李博,9元高中物理李博,十人,代理商,0,wangruixuebj01,2026/7/12,8,3.47,0,0,0,63.09,0,0,0.00%,0.00%,-,0,0
80cf54482382e7e90fc127936f7af81d,-,-,-,-,-,https://tutor-online.oss-cn-beijing.aliyuncs.com/growth/download-material/80cf54482382e7e90fc127936f7af81d.mp4,一键修复_20260612-猿辅导高中双科-混剪-视频号-图-慢放花-张焱-张晓洁yc-7.mp4,-,,,199元高中双科提分课,199元高中双科提分课,荔枝,其他,0,wangjiananbj03,2026/6/13,37,14.51,0,0,0,80.61,1612.22,0,5.00%,0.00%,-,0,0
bd65c398b3bd0b27284d7f1bd43f95b2,-,-,-,-,-,https://tutor-online.oss-cn-beijing.aliyuncs.com/growth/download-material/bd65c398b3bd0b27284d7f1bd43f95b2.mp4,99双科-1-0108-18,-,,,199元高中双科提分课,199元高中双科提分课,自投放,其他,0,wangjiananbj03,2026/7/10,10,11.02,0,0,0,55.94,5510,0,2.03%,0%,-,0,0
a351014951d64a8428b5b6aa832070af,-,-,-,-,-,https://tutor-online.oss-cn-beijing.aliyuncs.com/growth/download-material/a351014951d64a8428b5b6aa832070af.mp4,一键修复_20260627-猿辅导高中双科-实拍-千川-活动-买数学送物理-犹豫-张焱-bj于靖-裂变-张晓洁yc-15.mp4,-,,,199元高中双科提分课,199元高中双科提分课,荔枝,其他,0,wangjiananbj03,2026/6/29,21,3.59,0,0,0,239.33,1795,0,13.33%,0.00%,-,0,0
6be0595009c7c34909441f6e23a926d4,-,-,-,-,-,https://tutor-online.oss-cn-beijing.aliyuncs.com/growth/download-material/6be0595009c7c34909441f6e23a926d4.mp4,20260703-猿辅导高中双科-口播-活动-三连学-张焱-bj李栎-叶俊泽yc-4,-,,,199元高中双科提分课,199元高中双科提分课,荔枝,其他,0,wangjiananbj03,2026/7/15,5,0.04,0,0,0,20,0,0,0.00%,0.00%,-,0,0
27d32b334f7e5daa3ad33c609f51bb08,-,-,-,-,-,https://tutor-online.oss-cn-beijing.aliyuncs.com/growth/download-material/27d32b334f7e5daa3ad33c609f51bb08.mp4,20260703-猿辅导高中双科-实拍-买物理送数学-再说-张焱-bj丁梓仟-高二-李文静ec-二创-6,-,,,199元高中双科提分课,199元高中双科提分课,荔枝,其他,0,wangjiananbj03,2026/7/9,11,1.24,0,0,0,20.33,0,0,0.00%,0.00%,-,0,0
86599b60a6e8c66c5fe141fc19711aef,-,-,-,-,-,https://tutor-online.oss-cn-beijing.aliyuncs.com/growth/download-material/86599b60a6e8c66c5fe141fc19711aef.mp4,20260627-猿辅导高中双科-实拍-买数学送物理-我婆婆-常文茜+ts罗雅雯-dr蔡昕-张雪依ec-二创-1,-,,,199元高中双科提分课,199元高中双科提分课,自投放,其他,0,wangjiananbj03,2026/7/10,10,43.15,0,0,0,49.03,5393.75,0,0.80%,0%,-,0,0
afc45ad64f17a33402fa2929596f5c9d,-,-,-,-,-,https://tutor-online.oss-cn-beijing.aliyuncs.com/growth/download-material/afc45ad64f17a33402fa2929596f5c9d.mp4,20260626-猿辅导高中双科-实拍-活动-他们夏能-张焱-bj刘能能-张晓洁yc-1.1,-,,,199元高中双科提分课,199元高中双科提分课,荔枝,其他,0,wangjiananbj03,2026/7/15,5,10.38,0,0,0,41.03,0,0,0.00%,0.00%,-,0,0
222230cb4b82831370d47d36f76c5dbd,-,-,-,-,-,https://tutor-online.oss-cn-beijing.aliyuncs.com/growth/download-material/222230cb4b82831370d47d36f76c5dbd.mp4,20260612-猿辅导高中数物双科-实拍-活动-退了-张焱-cd张璐-二创-张晓洁ec-2,-,,,199元高中双科提分课,199元高中双科提分课,荔枝,其他,0,wangjiananbj03,2026/6/30,20,0.96,0,0,0,80,0,0,0.00%,0.00%,-,0,0
3b6645e17c05e04043a520476ed9a775,-,-,-,-,-,https://tutor-online.oss-cn-beijing.aliyuncs.com/growth/download-material/3b6645e17c05e04043a520476ed9a775.mp4,20260620-猿辅导高中双科-实拍-活动-夏他-张焱-bj李赛-ts李琳玉-二创-张晓洁ec-1.mp4,-,,,199元高中双科提分课,199元高中双科提分课,荔枝,其他,0,wangjiananbj03,2026/6/23,27,0.3,0,0,0,100,300,0,33.33%,0.00%,-,0,0
733dd7b1353a205b397c0d597b1f8715,-,-,-,-,-,https://tutor-online.oss-cn-beijing.aliyuncs.com/growth/download-material/733dd7b1353a205b397c0d597b1f8715.mp4,一键修复_20260629-猿辅导高中双科-实拍-千川-活动-199学三年-不屑一顾-唐欣悦-cd康艺凡-岳久鸿-叶俊泽yc-3-前贴.mp4,-,,,199元高中双科提分课,199元高中双科提分课,荔枝,其他,0,wangjiananbj03,2026/7/3,17,2.97,199,1,67,72.44,594,2.97,12.20%,20.00%,-,24.39,39800
d91e932b8e666b6e309de242c4b8a487,-,-,-,-,-,https://tutor-online.oss-cn-beijing.aliyuncs.com/growth/download-material/d91e932b8e666b6e309de242c4b8a487.mp4,20260626-猿辅导高中双科-实拍-活动-放心-张焱-bj刘能能-裂变-张晓洁yc-1,-,,,199元高中双科提分课,199元高中双科提分课,荔枝,代理商,0,wangjiananbj03,2026/6/27,23,61523.29,24278,114,0.39,94.43,23644.62,539.68,0.60%,2.94%,-,0.17,9330.51
6084ca8a8722d43e1aaf247a6aa8a22c,-,-,-,-,-,https://tutor-online.oss-cn-beijing.aliyuncs.com/growth/download-material/6084ca8a8722d43e1aaf247a6aa8a22c.mp4,20260613-猿辅导高中双科-实拍-千川-活动-买数学送物理-再加-张焱-bj冷一丁-张雪依ec-二创-1,-,,,199元高中双科提分课,199元高中双科提分课,自投放,其他,0,wangjiananbj03,2026/7/10,10,0.38,0,0,0,6.33,0,0,0.00%,0.00%,-,0,0
2b606a9c41ffde2b341f10245d29c25f,-,-,-,-,-,https://img-pub.oss-cn-beijing-internal.aliyuncs.com/19f1ce4a3a5ea91.mp4,9元视频1183-0630-9物-代理-十人-李博-jjsx-bjsx-A2-B1-pwjl-pcc-无-2-混剪,-,,,9元高中物理李博,9元高中物理李博,十人,代理商,0,wangruixuebj01,2026/7/2,18,69.3,9,1,0.13,65.94,4620,69.3,1.33%,7.14%,-,0.95,600
d7e6b875267632f7b039cb1296478a85,-,-,-,-,-,https://tutor-online.oss-cn-beijing.aliyuncs.com/growth/download-material/d7e6b875267632f7b039cb1296478a85.mp4,20260713-猿辅导高中双科-实拍-视频号-6天训练营-高三-买物送数-可不是-常文茜-bj冷一丁-叶俊泽yc-4改-前贴.mp4,-,,,199元高中双科提分课,199元高中双科提分课,荔枝,其他,0,wangjiananbj03,2026/7/16,4,5.69,0,0,0,517.27,5690,0,9.09%,0.00%,-,0,0
71f98605250eb80a2457e1f9aa33ed05,-,-,-,-,-,https://tutor-online.oss-cn-beijing.aliyuncs.com/growth/download-material/71f98605250eb80a2457e1f9aa33ed05.mp4,20260610-猿辅导高中双科-实拍-千川-活动-买数学送物理-犹豫-张焱-bj于靖-二创-张晓洁ec-5,-,,,199元高中双科提分课,199元高中双科提分课,自投放,代理商,0,wangjiananbj03,2026/6/26,24,5.91,0,0,0,7.43,1970,0,0.38%,0%,-,0,0
14486fd1855f5089d51a8567900b8cab,-,-,-,-,-,https://tutor-online.oss-cn-beijing.aliyuncs.com/growth/download-material/14486fd1855f5089d51a8567900b8cab.mp4,0703-199双科-申坤-李博-李天-卞俊洁-A2-B4-无-08,-,,,199元高中双科提分课,199元高中双科提分课,申坤,其他,0,wangjiananbj03,2026/7/10,10,159.87,0,0,0,29.88,15987,0,0.28%,0%,-,0,0
1dfb2379f0f6676d098880bfdef47a38,-,-,-,-,-,https://tutor-online.oss-cn-beijing.aliyuncs.com/growth/download-material/1dfb2379f0f6676d098880bfdef47a38.mp4,0703-199双科-申坤-王晶-李天-姚恒-A4-B5-有-01,-,,,199元高中双科提分课,199元高中双科提分课,申坤,其他,0,wangjiananbj03,2026/7/10,10,45.14,0,0,0,48.54,22570,0,0.54%,0%,-,0,0
95ce8b7875185851612cbd60c2360b5d,-,-,-,-,-,https://tutor-online.oss-cn-beijing.aliyuncs.com/growth/download-material/95ce8b7875185851612cbd60c2360b5d.mp4,0703-199双科-申坤-李博-李天-卞俊洁-A2-B4-无-3,-,,,199元高中双科提分课,199元高中双科提分课,申坤,其他,0,wangjiananbj03,2026/7/10,10,52.26,0,0,0,52.21,26130,0,0.20%,0%,-,0,0
92f49b85ce7e991203f3ac510759206b,-,-,-,-,-,https://tutor-online.oss-cn-beijing.aliyuncs.com/growth/download-material/92f49b85ce7e991203f3ac510759206b.mp4,20260620-猿辅导高中双科-实拍-千川-线下班对比-还在纠结-唐欣悦-bj于靖-ts罗雅雯-二创-张晓洁ec-3,-,,,199元高中双科提分课,199元高中双科提分课,荔枝,其他,0,wangjiananbj03,2026/7/11,9,190.79,0,0,0,79.36,63596.67,0,0.25%,0%,-,0,0
13c8019c953ec172cfa7018e91bf8335,-,-,-,-,-,https://tutor-online.oss-cn-beijing.aliyuncs.com/growth/download-material/13c8019c953ec172cfa7018e91bf8335.mp4,20260520-猿辅导高中双科-实拍-ip李博-买物送数-慎重-唐欣悦-ip李博-叶俊泽yc-3.mp4,-,,,199元高中双科提分课,199元高中双科提分课,荔枝,其他,0,wangjiananbj03,2026/6/16,34,8.73,0,0,0,97,1746,0,5.56%,0.00%,-,0,0
446a793b3b1660e9c7a35dceea7768b1,-,-,-,-,-,https://tutor-online.oss-cn-beijing.aliyuncs.com/growth/download-material/446a793b3b1660e9c7a35dceea7768b1.mp4,199shaugne3,-,,,199元高中双科提分课,199元高中双科提分课,自投放,代理商,0,wangjiananbj03,2026/6/29,21,21912.58,9154,43,0.42,88.96,27843.18,509.59,0.72%,2.42%,-,0.17,11631.51
672ad8112b87d9c2bf561155062cb1be,-,-,-,-,-,https://img-pub.oss-cn-beijing-internal.aliyuncs.com/19f5ae3b808a36c.mp4,20260709-9物-代理-启航-李博-【b1-p6-a3-84-0709】-A5-B5-有-2,-,,,9元高中物理李博,9元高中物理李博,启航,代理商,0,wangruixuebj01,2026/7/15,5,410.2,0,0,0,67.98,4021.57,0,1.84%,0%,-,0,0
9a17e084e10bcc88d43f9e0e52a4fb9b,-,-,-,-,-,https://tutor-online.oss-cn-beijing.aliyuncs.com/growth/download-material/9a17e084e10bcc88d43f9e0e52a4fb9b.mp4,20260708-猿辅导高中双科-实拍-视频号-活动-199学三年-买数送物-通用-买数送物-地板价-唐欣悦-bj李栎--张晓洁yc-7.mp4,-,,,199元高中双科提分课,199元高中双科提分课,荔枝,其他,0,wangjiananbj03,2026/7/11,9,4.95,0,0,0,88.39,1237.5,0,7.14%,0.00%,-,0,0
7c33383b9a2ece1de8ae0199d8cd69dd,-,-,-,-,-,https://tutor-online.oss-cn-beijing.aliyuncs.com/growth/download-material/7c33383b9a2ece1de8ae0199d8cd69dd.mp4,202607011-猿辅导高中双科-实拍-活动-199学三年-买数送物-通用-买数送物-沉得住气-唐欣悦-cd文雨婷-岳久鸿-叶俊泽yc-3改-前贴.mp4,-,,,199元高中双科提分课,199元高中双科提分课,荔枝,其他,0,wangjiananbj03,2026/7/16,4,4.36,0,0,0,436,4360,0,10.00%,0.00%,-,0,0
777f1309fd440939cb6cb06e9afecaa6,-,-,-,-,-,https://tutor-online.oss-cn-beijing.aliyuncs.com/growth/download-material/777f1309fd440939cb6cb06e9afecaa6.mp4,20260626-猿辅导高中双科-混剪-视频号-图-张焱-张晓洁yc-10.mp4,-,,,199元高中双科提分课,199元高中双科提分课,荔枝,其他,0,wangjiananbj03,2026/6/27,23,188.35,199,1,1.06,276.17,7847.92,188.35,3.52%,4.17%,-,1.47,8291.67
7ca4f11d21956dac0d6e115bc7aaea6c,-,-,-,-,-,https://tutor-online.oss-cn-beijing.aliyuncs.com/growth/download-material/7ca4f11d21956dac0d6e115bc7aaea6c.mp4,一键修复_20260708-猿辅导高中双科-实拍-视频号-活动-199学三年-买数送物-通用-买数送物-地板价-唐欣悦-bj李栎--张晓洁yc-7（前贴）.mp4,-,,,199元高中双科提分课,199元高中双科提分课,荔枝,其他,0,wangjiananbj03,2026/7/11,9,7233.34,5970,30,0.83,38.49,3489.31,241.11,1.10%,1.45%,-,0.16,2879.88
0b81bc420ff67dbbeaa4ef6db85f6f10,-,-,-,-,-,https://tutor-online.oss-cn-beijing.aliyuncs.com/growth/download-material/0b81bc420ff67dbbeaa4ef6db85f6f10.mp4,一键修复_20260626-猿辅导高中双科-混剪-视频号-图-张焱-张晓洁yc-7.1.mp4,-,,,199元高中双科提分课,199元高中双科提分课,荔枝,其他,0,wangjiananbj03,2026/6/26,24,37.29,0,0,0,33.96,3107.5,0,1.09%,0.00%,-,0,0
13a1f640ed4a45c092584187e6280350,-,-,-,-,-,https://tutor-online.oss-cn-beijing.aliyuncs.com/growth/download-material/13a1f640ed4a45c092584187e6280350.mp4,20260528-猿辅导高中双科-混剪-图-一粒-张焱---张晓洁yc-1,-,,,199元高中双科提分课,199元高中双科提分课,荔枝,其他,0,wangjiananbj03,2026/5/30,51,5.43,0,0,0,8.79,0,0,0.16%,0%,-,0,0
89d2fe2a45c9ed774715ffb28738d3c0,-,-,-,-,-,https://tutor-online.oss-cn-beijing.aliyuncs.com/growth/download-material/89d2fe2a45c9ed774715ffb28738d3c0.mp4,20260609-9物-代理-启航-李博-【b1-p6-a3-11】-A5-B5-有-2,-,,,9元高中物理李博,9元高中物理李博,启航,其他,0,wangruixuebj01,2026/6/11,39,0,9,1,0,0,0,0,0.00%,0.00%,-,0,0
62c29d525f1dc74885c3a20375e285d3,-,-,-,-,-,https://tutor-online.oss-cn-beijing.aliyuncs.com/growth/download-material/62c29d525f1dc74885c3a20375e285d3.mp4,妙思自动生成-232-202607111454,-,,,199元高中双科提分课,199元高中双科提分课,自投放,其他,0,wangjiananbj03,2026/7/13,7,1.95,0,0,0,16.12,0,0,0.00%,0.00%,-,0,0
dfa9148d0e7fcc7977391075aed2da3c,-,-,-,-,-,https://tutor-online.oss-cn-beijing.aliyuncs.com/growth/download-material/dfa9148d0e7fcc7977391075aed2da3c.mp4,一键修复_20260616-猿辅导高中双科-实拍-千川-内容--常文茜-dr铭远老师-李文静yc-1(前贴版）.mp4,-,,,199元高中双科提分课,199元高中双科提分课,荔枝,其他,0,wangjiananbj03,2026/6/22,28,2.44,0,0,0,128.42,1220,0,10.53%,0.00%,-,0,0
2b3f35aa85823169071843ca85bfd1e7,-,-,-,-,-,https://tutor-online.oss-cn-beijing.aliyuncs.com/growth/download-material/2b3f35aa85823169071843ca85bfd1e7.mp4,0703199双科-申坤-李博-李天-姚恒-A5-B4-有-01,-,,,199元高中双科提分课,199元高中双科提分课,申坤,其他,0,wangjiananbj03,2026/7/9,11,188.37,199,1,1.06,62.03,8190,188.37,1.05%,3.13%,-,0.33,8652.17
8e5a60c67780b0ad3467e32edb05dfe5,-,-,-,-,-,https://tutor-online.oss-cn-beijing.aliyuncs.com/growth/download-material/8e5a60c67780b0ad3467e32edb05dfe5.mp4,0716-199双科-申坤-李博-李天-张佳乐-A1-B6-有-03,-,,,199元高中双科提分课,199元高中双科提分课,申坤,其他,0,wangjiananbj03,2026/7/16,4,3.3,0,0,0,9.46,0,0,0.57%,0%,-,0,0
958033717da80a743f457a7195075bb6,-,-,-,-,-,https://tutor-online.oss-cn-beijing.aliyuncs.com/growth/download-material/958033717da80a743f457a7195075bb6.mp4,一键修复_20260626-猿辅导高中双科-实拍-千川-活动-买数学送物理-再加-张焱-bj冷一丁-裂变-张晓洁yc-9.1.mp4,-,,,199元高中双科提分课,199元高中双科提分课,荔枝,其他,0,wangjiananbj03,2026/6/27,23,3967.53,2587,13,0.65,37.24,3526.69,305.19,1.06%,1.16%,-,0.12,2299.56
4bc85f5450a668e586fd54a3ec79c6ec,-,-,-,-,-,https://tutor-online.oss-cn-beijing.aliyuncs.com/growth/download-material/4bc85f5450a668e586fd54a3ec79c6ec.mp4,一键修复_20260510-猿辅导高中双科-实拍-ip李博-重视-唐欣悦-ip李博--张晓洁yc-3（前贴）.mp4,-,,,199元高中双科提分课,299元高中全年提分课,荔枝,其他,0,wangjiananbj03,2026/5/13,68,0.7,0,0,0,175,233.33,0,75.00%,0.00%,-,0,0
4b97a7e36ee9d59db675dc4790a7487e,-,-,-,-,-,https://tutor-online.oss-cn-beijing.aliyuncs.com/growth/download-material/4b97a7e36ee9d59db675dc4790a7487e.mp4,一键修复_20260624-猿辅导高中双科-实拍-视频号-IP-李博-再苦-张焱-IP-李博-张晓洁yc-8.1（前贴）.mp4,-,,,199元高中双科提分课,199元高中双科提分课,荔枝,其他,0,wangjiananbj03,2026/6/28,22,11.05,0,0,0,345.31,11050,0,3.13%,0.00%,-,0,0
3fd981c609895bb74cb11a4245c1581e,-,-,-,-,-,https://tutor-online.oss-cn-beijing.aliyuncs.com/growth/download-material/3fd981c609895bb74cb11a4245c1581e.mp4,20260618-猿辅导高中数学-实拍-性价比-亏本-张焱-bj李赛-李文静ec-视频号二创-1,-,,,199元高中双科提分课,199元高中双科提分课,荔枝,其他,0,wangjiananbj03,2026/6/19,31,7127.35,2587,8,0.36,80.84,14725.93,890.92,0.68%,1.33%,-,0.09,5345.04
f318e814861ecd3497774a80bdaa4096,-,-,-,-,-,https://tutor-online.oss-cn-beijing.aliyuncs.com/growth/download-material/f318e814861ecd3497774a80bdaa4096.mp4,20260711-猿辅导高中双科-实拍-千川-买数送物-活动-喊醒-李莹莹-bj冷一丁-二创-叶俊泽ec-14-高二.mp4,-,,,199元高中双科提分课,199元高中双科提分课,荔枝,其他,0,wangjiananbj03,2026/7/16,4,0.02,0,0,0,20,0,0,0.00%,0.00%,-,0,0
253862933760ea0463be7302e23cd331,-,-,-,-,-,https://tutor-online.oss-cn-beijing.aliyuncs.com/growth/download-material/253862933760ea0463be7302e23cd331.mp4,20260414-猿辅导高中双科-实拍-活动-对不起-常文茜-二创-文涵立ec.mp4,-,,,199元高中双科提分课,199元高中双科提分课,荔枝,其他,0,wangjiananbj03,2026/5/13,68,0.72,0,0,0,90,0,0,0.00%,0.00%,-,0,0
72ffb802c3b9ab1900cdf4565c457131,-,-,-,-,-,https://tutor-online.oss-cn-beijing.aliyuncs.com/growth/download-material/72ffb802c3b9ab1900cdf4565c457131.mp4,0625-199双科-申坤-李博-李天-姚恒-A2-B5-有-01,-,,,199元高中双科提分课,199元高中双科提分课,申坤,其他,0,wangjiananbj03,2026/7/1,19,0.01,0,0,0,10,10,0,100.00%,0%,-,0,0
c98e1391fd947d9180c2ec021d5af2e4,-,-,-,-,-,https://tutor-online.oss-cn-beijing.aliyuncs.com/growth/download-material/c98e1391fd947d9180c2ec021d5af2e4.mp4,20260708-猿辅导高中双科-口播-活动-选哪栎-张焱-bj李栎-叶俊泽yc-5-前贴2,-,,,199元高中双科提分课,199元高中双科提分课,荔枝,其他,0,wangjiananbj03,2026/7/10,10,71.77,0,0,0,53.08,17942.5,0,0.44%,0%,-,0,0
3b6645e17c05e04043a520476ed9a775,-,-,-,-,-,https://tutor-online.oss-cn-beijing.aliyuncs.com/growth/download-material/3b6645e17c05e04043a520476ed9a775.mp4,20260620-猿辅导高中双科-实拍-活动-夏他-张焱-bj李赛-ts李琳玉-二创-张晓洁ec-1,-,,,199元高中双科提分课,199元高中双科提分课,自投放,其他,0,wangjiananbj03,2026/7/10,10,2142.57,597,3,0.28,64.28,31051.74,714.19,0.31%,2.88%,-,0.09,8652.17
dd18f41e34f77012e0c84f8c188e3e13,-,-,-,-,-,https://tutor-online.oss-cn-beijing.aliyuncs.com/growth/download-material/dd18f41e34f77012e0c84f8c188e3e13.mp4,20260708-猿辅导高中双科-实拍-千川-买数送物-专家分享-可以不-高二-张焱-dr珈岐妈妈--张晓洁yc-1.mp4,-,,,199元高中双科提分课,199元高中双科提分课,荔枝,其他,0,wangjiananbj03,2026/7/13,7,18.32,0,0,0,80.35,1665.45,0,4.82%,0.00%,-,0,0
bec8a4964aeb613ee8fe04719841ed9e,-,-,-,-,-,https://tutor-online.oss-cn-beijing.aliyuncs.com/growth/download-material/bec8a4964aeb613ee8fe04719841ed9e.mp4,0708-199双科-申坤-李博-李天-卞俊洁-A1-B4-有-高二高三-01,-,,,199元高中双科提分课,199元高中双科提分课,申坤,其他,0,wangjiananbj03,2026/7/10,10,1.63,0,0,0,37.91,0,0,0.00%,0.00%,-,0,0
a0350e8205780fe0d9347f1bc8720fd2,-,-,-,-,-,https://tutor-online.oss-cn-beijing.aliyuncs.com/growth/download-material/a0350e8205780fe0d9347f1bc8720fd2.mp4,20260620-猿辅导高中双科-实拍-千川-焦虑-ts罗雅雯-张焱-bj李赛-二创-张晓洁ec-4.mp4,-,,,199元高中双科提分课,199元高中双科提分课,荔枝,其他,0,wangjiananbj03,2026/6/23,27,1.06,0,0,0,37.86,1060,0,3.57%,0.00%,-,0,0
2b4ff4dec27528d5dc8034b422661764,-,-,-,-,-,https://tutor-online.oss-cn-beijing.aliyuncs.com/growth/download-material/2b4ff4dec27528d5dc8034b422661764.mp4,20260701-猿辅导高中双科-混剪-视频号-图-夕阳-张焱-补量二创-张晓洁ec-5.mp4,-,,,199元高中双科提分课,199元高中双科提分课,荔枝,其他,0,wangjiananbj03,2026/7/2,18,10.45,0,0,0,435.42,2612.5,0,16.67%,0.00%,-,0,0
7af5ce060eefbb13af22c4ac5334e614,-,-,-,-,-,https://tutor-online.oss-cn-beijing.aliyuncs.com/growth/download-material/7af5ce060eefbb13af22c4ac5334e614.mp4,0715-9物-自产-自产主-李博-亿晨-子衿-A7-B1-无-4-娇-【AI】,-,,,9元高中物理李博,9元高中物理李博,玄武,代理商,0,wangruixuebj01,2026/7/16,4,0.48,0,0,0,12.63,0,0,0.00%,0.00%,-,0,0
2bbbd4d711dc8f15874662756fc8ce3d,-,-,-,-,-,https://tutor-online.oss-cn-beijing.aliyuncs.com/growth/download-material/2bbbd4d711dc8f15874662756fc8ce3d.mp4,20260610-猿辅导高中双科-实拍-千川-活动-五科-199学三年-不要-唐欣悦-岳久鸿-cd小丹-叶俊泽yc-2-前贴1,-,,,199元高中双科提分课,199元高中双科提分课,荔枝,代理商,0,wangjiananbj03,2026/6/20,30,6502.13,2786,11,0.43,144.33,24817.29,591.1,0.82%,2.98%,-,0.24,10633.59
087fe6ef360e1f51f3e6f710069a4faa,-,-,-,-,-,https://tutor-online.oss-cn-beijing.aliyuncs.com/growth/download-material/087fe6ef360e1f51f3e6f710069a4faa.mp4,20260708-猿辅导高中双科-实拍-视频号-活动-199学三年-买数送物-通用-买数送物-地板价-唐欣悦-bj李栎--张晓洁yc-7（前贴）,-,,,199元高中双科提分课,199元高中双科提分课,自投放,其他,0,wangjiananbj03,2026/7/16,4,0.21,0,0,0,26.25,0,0,0.00%,0.00%,-,0,0
245575c6cc9b9b96b2bf596f727da5ca,-,-,-,-,-,https://tutor-online.oss-cn-beijing.aliyuncs.com/growth/download-material/245575c6cc9b9b96b2bf596f727da5ca.mp4,一键修复_20260714-猿辅导高中双科-实拍-千川-暑期预习-高三-买数送物-说漏嘴-常文茜-bj庄紫薇--高俊南yc-前贴.mp4,-,,,199元高中双科提分课,199元高中双科提分课,荔枝,其他,0,wangjiananbj03,2026/7/16,4,0.25,0,0,0,125,0,0,0.00%,0.00%,-,0,0
a2d1c3dcd9b3906c376c0b4fda3cb134,-,-,-,-,-,https://tutor-online.oss-cn-beijing.aliyuncs.com/growth/download-material/a2d1c3dcd9b3906c376c0b4fda3cb134.mp4,0706-9物-玄武-李博-王成仡-彩丽-方法优势-效果方法体系-有-3-yfdwl0706G2浩3-丽-龙-仡-首,-,,,9元高中物理李博,9元高中物理李博,玄武,代理商,0,wangruixuebj01,2026/7/11,9,0.82,0,0,0,48.24,410,0,11.76%,0%,-,0,0
7984fb4a460018bee668d85f15ed2d12,-,-,-,-,-,https://tutor-online.oss-cn-beijing.aliyuncs.com/growth/download-material/7984fb4a460018bee668d85f15ed2d12.mp4,0703-199双科-申坤-李博-李天-姚恒-A2-B5-有-02,-,,,199元高中双科提分课,199元高中双科提分课,申坤,其他,0,wangjiananbj03,2026/7/10,10,74.54,0,0,0,24.53,24846.67,0,0.30%,0%,-,0,0
d7a309d85baae389c30510685d306b57,-,-,-,-,-,https://tutor-online.oss-cn-beijing.aliyuncs.com/growth/download-material/d7a309d85baae389c30510685d306b57.mp4,20260704-猿辅导高中双科-实拍-千川-活动-买数学送物理-上哪找二-常文茜-cd张艺馨-岳久鸿-叶俊泽ec-二创-14-高二-五科.mp4,-,,,199元高中双科提分课,199元高中双科提分课,荔枝,其他,0,wangjiananbj03,2026/7/9,11,73.95,0,0,0,803.8,9243.75,0,8.70%,0.00%,-,0,0
8f7f09e517131ece61322ef31957e08f,-,-,-,-,-,https://tutor-online.oss-cn-beijing.aliyuncs.com/growth/download-material/8f7f09e517131ece61322ef31957e08f.mp4,0616-9物-十人-bmqr-ylb-A2-B4-jclb-pwjl-6,-,,,9元高中物理李博,9元高中物理李博,十人,代理商,0,wangruixuebj01,2026/6/23,27,0,0,0,0,0,0,0,0.00%,0.00%,-,0,0
e89319ea65560efaa2b16d7dd9293f82,-,-,-,-,-,https://tutor-online.oss-cn-beijing.aliyuncs.com/growth/download-material/e89319ea65560efaa2b16d7dd9293f82.mp4,20260707-猿辅导高中双科-实拍-千川-买物送数-专家分享-跟你学-高二高三-李莹莹-b宋钦冲-叶俊泽yc-1,-,,,199元高中双科提分课,199元高中双科提分课,荔枝,其他,0,wangjiananbj03,2026/7/10,10,9.16,0,0,0,26.17,0,0,0.00%,0.00%,-,0,0
45f9548d602206412a7545550406caa0,-,-,-,-,-,https://tutor-online.oss-cn-beijing.aliyuncs.com/growth/download-material/45f9548d602206412a7545550406caa0.mp4,20260710-猿辅导高中双科-实拍-千川-买数送物-活动-喊醒-李莹莹-bj冷一丁-二创-张晓洁ec-2-高二.mp4,-,,,199元高中双科提分课,199元高中双科提分课,荔枝,其他,0,wangjiananbj03,2026/7/16,4,0.09,0,0,0,45,0,0,0.00%,0.00%,-,0,0
d4aa6ced3f4ab391d57716c4d325895c,-,-,-,-,-,https://tutor-online.oss-cn-beijing.aliyuncs.com/growth/download-material/d4aa6ced3f4ab391d57716c4d325895c.mp4,一键修复_20260708-猿辅导高中双科-实拍-活动-199学五科-高二-五科-买它-高二-唐欣悦-bj于靖--张晓洁yc-9.1.mp4,-,,,199元高中双科提分课,199元高中双科提分课,荔枝,其他,0,wangjiananbj03,2026/7/11,9,17.2,0,0,0,193.26,3440,0,5.62%,0.00%,-,0,0
d9453a5f1b8aee8baa921d63984a857a,-,-,-,-,-,https://tutor-online.oss-cn-beijing.aliyuncs.com/growth/download-material/d9453a5f1b8aee8baa921d63984a857a.mp4,20260623-猿辅导高中双科-实拍-活动-上哪找-常文茜-cd雪儿-岳久鸿-裂变-张晓洁yc-8,-,,,199元高中双科提分课,199元高中双科提分课,荔枝,其他,0,wangjiananbj03,2026/7/11,9,41.26,0,0,0,54.43,41260,0,0.40%,0%,-,0,0
2e95872dd649c1ecd94a67388bf55e8a,-,-,-,-,-,https://tutor-online.oss-cn-beijing.aliyuncs.com/growth/download-material/2e95872dd649c1ecd94a67388bf55e8a.mp4,0628-199双科-申坤-李博-李天-卞俊洁-A1-B4-无-02,-,,,199元高中双科提分课,199元高中双科提分课,申坤,其他,0,wangjiananbj03,2026/6/28,22,0,398,2,0,0,0,0,0.00%,0.00%,-,0,0
3918d008ade52d1ed080c734703b68e3,-,-,-,-,-,https://tutor-online.oss-cn-beijing.aliyuncs.com/growth/download-material/3918d008ade52d1ed080c734703b68e3.mp4,0709-199双科-申坤-李博-李天-张佳乐-A2-B4-无-高二高三-5,-,,,199元高中双科提分课,199元高中双科提分课,申坤,其他,0,wangjiananbj03,-,-,0,0,0,0,0,0,0,0.00%,0.00%,-,0,0
e64f66c4922a9db3aaa534ad571986af,-,-,-,-,-,https://tutor-online.oss-cn-beijing.aliyuncs.com/growth/download-material/e64f66c4922a9db3aaa534ad571986af.mp4,20260701-猿辅导高中双科-混剪-视频号-图-广告夕阳-张焱-裂变-张晓洁yc-8,-,,,199元高中双科提分课,199元高中双科提分课,荔枝,其他,0,wangjiananbj03,2026/7/4,16,0.45,0,0,0,9,0,0,0.00%,0.00%,-,0,0
9a233c6e07026de04ff88a662a6f5cb1,-,-,-,-,-,https://img-pub.oss-cn-beijing-internal.aliyuncs.com/19f1279870461d6.mp4,9元视频1164-0624-9物-十人-bmqr-ylb-A2-B4-jclb-pwjl-5,-,,,9元高中物理李博,9元高中物理李博,十人,代理商,0,wangruixuebj01,2026/6/30,20,0,0,0,0,0,0,0,0.00%,0.00%,-,0,0
0968330bc0e6952d4297fa45f11abfd2,-,-,-,-,-,https://tutor-online.oss-cn-beijing.aliyuncs.com/growth/download-material/0968330bc0e6952d4297fa45f11abfd2.mp4,20260604-猿辅导高中双科-混剪-图-坚持-张焱---张晓洁yc拼客供素材-李文静ec-视频号二创-6,-,,,199元高中双科提分课,199元高中双科提分课,荔枝,其他,0,wangjiananbj03,2026/6/6,44,15789.43,5771,28,0.37,91.61,21570.26,563.91,0.64%,2.55%,-,0.16,7883.88
3a4d1848a77774c292070df65d180c6a,-,-,-,-,-,https://tutor-online.oss-cn-beijing.aliyuncs.com/growth/download-material/3a4d1848a77774c292070df65d180c6a.mp4,一键修复_20260707-猿辅导高中双科-实拍-千川-买数送物-活动-喊醒-李莹莹-bj冷一丁-叶俊泽yc-2-前贴.mp4,-,,,199元高中双科提分课,199元高中双科提分课,荔枝,其他,0,wangjiananbj03,2026/7/10,10,10.04,0,0,0,313.75,3346.67,0,9.38%,0.00%,-,0,0
9d82335c069e001d4433ad05f19f8b11,-,-,-,-,-,https://tutor-online.oss-cn-beijing.aliyuncs.com/growth/download-material/9d82335c069e001d4433ad05f19f8b11.mp4,0709-199双科-申坤-李博-李天-张佳乐-A2-B4-无-高二高三-1,-,,,199元高中双科提分课,199元高中双科提分课,申坤,其他,0,wangjiananbj03,2026/7/14,6,19.9,0,0,0,61.99,3980,0,1.56%,0%,-,0,0
70bdeb2744d58ad464e2b589523edcbc,-,-,-,-,-,https://tutor-online.oss-cn-beijing.aliyuncs.com/growth/download-material/70bdeb2744d58ad464e2b589523edcbc.mp4,20260707-猿辅导高中双科-实拍-千川-买数送物-活动-喊醒-李莹莹-bj冷一丁-叶俊泽yc-2,-,,,199元高中双科提分课,199元高中双科提分课,自投放,其他,0,wangjiananbj03,2026/7/16,4,0.02,0,0,0,10,0,0,0.00%,0.00%,-,0,0
8effa350cfd81550c142d4f6bf22391b,-,-,-,-,-,https://tutor-online.oss-cn-beijing.aliyuncs.com/growth/download-material/8effa350cfd81550c142d4f6bf22391b.mp4,0714-199双科-申坤-李博-李天-卞俊洁-A2-B4-有-02,-,,,199元高中双科提分课,199元高中双科提分课,申坤,其他,0,wangjiananbj03,2026/7/15,5,1800.55,597,3,0.33,130.65,30009.17,600.18,0.88%,2.48%,-,0.22,9950
783c86ec8868206fa165a9ae2e4c5ae2,-,-,-,-,-,https://tutor-online.oss-cn-beijing.aliyuncs.com/growth/download-material/783c86ec8868206fa165a9ae2e4c5ae2.mp4,20260514-猿辅导高中双科-实拍-活动-亏大了-常文茜-bj予晴-二创-张晓洁ec-6.mp4,-,,,199元高中双科提分课,299元高中全年提分课,荔枝,其他,0,wangjiananbj03,2026/5/18,63,57.93,0,0,0,275.86,6436.67,0,4.29%,0.00%,-,0,0
4277103b5e09bd879485b505b8eeb77b,-,-,-,-,-,https://tutor-online.oss-cn-beijing.aliyuncs.com/growth/download-material/4277103b5e09bd879485b505b8eeb77b.mp4,20260708-猿辅导高中双科-实拍-视频号-线下班对比-199学全年-买数送物-高二-买数送物-听错-高二-唐欣悦-bj于靖--张晓洁yc-8.1.mp4,-,,,199元高中双科提分课,199元高中双科提分课,荔枝,其他,0,wangjiananbj03,2026/7/11,9,5.56,0,0,0,173.75,0,0,0.00%,0.00%,-,0,0
e74654cc8982984dc4a038bb1943c4ff,-,-,-,-,-,https://tutor-online.oss-cn-beijing.aliyuncs.com/growth/download-material/e74654cc8982984dc4a038bb1943c4ff.mp4,20260618-9物-代理-启航-李博-【b1-p6-a1-43】-A5-B5-有-2-迭代01,-,,,9元高中物理李博,9元高中物理李博,启航,代理商,0,wangruixuebj01,2026/7/10,10,34.39,0,0,0,123.71,4912.86,0,2.88%,0%,-,0,0
b2779ad3394e216fd29c31eccfea9d23,-,-,-,-,-,https://tutor-online.oss-cn-beijing.aliyuncs.com/growth/download-material/b2779ad3394e216fd29c31eccfea9d23.mp4,0616-9物-代理-十人-李博-jzzy-bmqr-A2-B2-pwjl-有-4-受益人,-,,,9元高中物理李博,9元高中物理李博,十人,代理商,0,wangruixuebj01,2026/6/17,33,11.86,0,0,0,329.44,0,0,0.00%,0.00%,-,0,0
84fb794061657a942c8ad72fe4cb92c1,-,-,-,-,-,https://tutor-online.oss-cn-beijing.aliyuncs.com/growth/download-material/84fb794061657a942c8ad72fe4cb92c1.mp4,0703-199双科-申坤-李博-李天-姚恒-A1-B4-无-03,-,,,199元高中双科提分课,199元高中双科提分课,申坤,其他,0,wangjiananbj03,2026/7/15,5,1.86,0,0,0,71.54,0,0,0.00%,0.00%,-,0,0
05bad746f3ad3f270be938c4299ffa5f,-,-,-,-,-,https://tutor-online.oss-cn-beijing.aliyuncs.com/growth/download-material/05bad746f3ad3f270be938c4299ffa5f.mp4,20260710-猿辅导高中双科-实拍-视频号-活动-通用-买数送物-伪直播-唐欣悦-cd杨嘉歆-岳久鸿-张雪依yc-3改.mp4,-,,,199元高中双科提分课,199元高中双科提分课,荔枝,其他,0,wangjiananbj03,2026/7/16,4,0.02,0,0,0,0,0,0,0.00%,0.00%,-,0,0
f8bc638d01c73c81e8957e0d0c6f9c7d,-,-,-,-,-,https://tutor-online.oss-cn-beijing.aliyuncs.com/growth/download-material/f8bc638d01c73c81e8957e0d0c6f9c7d.mp4,0630-199双科-申坤-李博-李天-卞俊洁-A2-B4-无-16,-,,,199元高中双科提分课,199元高中双科提分课,申坤,其他,0,wangjiananbj03,2026/7/5,15,9.95,0,0,0,103.65,0,0,0.00%,0.00%,-,0,0
1391a7e4d45b2113253bebb6c6e9567b,-,-,-,-,-,https://tutor-online.oss-cn-beijing.aliyuncs.com/growth/download-material/1391a7e4d45b2113253bebb6c6e9567b.mp4,20260707-猿辅导高中双科-实拍-千川-6天训练营提分-通用-买数送物-都安排-常文茜-dr小五老师-李文静yc-1-前贴,-,,,199元高中双科提分课,199元高中双科提分课,自投放,代理商,0,wangjiananbj03,2026/7/16,4,0.12,0,0,0,20,0,0,0.00%,0.00%,-,0,0
ce6d4cd13efcfa658f80bd6106560fdd,-,-,-,-,-,https://tutor-online.oss-cn-beijing.aliyuncs.com/growth/download-material/ce6d4cd13efcfa658f80bd6106560fdd.mp4,20260701-猿辅导高中双科-混剪-视频号-图-板报-张焱-裂变-张晓洁yc-6,-,,,199元高中双科提分课,199元高中双科提分课,荔枝,其他,0,wangjiananbj03,2026/7/4,16,0.05,0,0,0,5.56,0,0,0.00%,0.00%,-,0,0
8ab75895850bc674d0315b363a716eba,-,-,-,-,-,https://tutor-online.oss-cn-beijing.aliyuncs.com/growth/download-material/8ab75895850bc674d0315b363a716eba.mp4,20260626-猿辅导高中双科-混剪-视频号-图-张焱-张晓洁yc-13.1.mp4,-,,,199元高中双科提分课,199元高中双科提分课,荔枝,其他,0,wangjiananbj03,2026/6/27,23,0.51,0,0,0,102,0,0,0.00%,0.00%,-,0,0
92fd2edfceec31125d8c11e144d929f1,-,-,-,-,-,https://tutor-online.oss-cn-beijing.aliyuncs.com/growth/download-material/92fd2edfceec31125d8c11e144d929f1.mp4,20260624-9物-代理-启航-李博-【b1-p6-a3-67-0630】-A5-B5-有-2,-,,,9元高中物理李博,9元高中物理李博,启航,代理商,0,wangruixuebj01,2026/7/10,10,213.27,0,0,0,132.38,9272.61,0,1.49%,0%,-,0,0
bf39b619eae3a13ff13dc0716b7ca6b9,-,-,-,-,-,https://tutor-online.oss-cn-beijing.aliyuncs.com/growth/download-material/bf39b619eae3a13ff13dc0716b7ca6b9.mp4,0708-199双科-申坤-李博-李天-卞俊洁-A2-B4-有-高二高三-14,-,,,199元高中双科提分课,199元高中双科提分课,申坤,其他,0,wangjiananbj03,2026/7/10,10,4.43,0,0,0,75.08,0,0,0.00%,0.00%,-,0,0
42c04fb2f35d27be4117bd3873810589,-,-,-,-,-,https://tutor-online.oss-cn-beijing.aliyuncs.com/growth/download-material/42c04fb2f35d27be4117bd3873810589.mp4,20260710-猿辅导高中双科-实拍-千川-线下班对比-199学三年-答应我-高二-唐欣悦-bj赵阳-二创-张晓洁ec-3.mp4,-,,,199元高中双科提分课,199元高中双科提分课,荔枝,其他,0,wangjiananbj03,2026/7/16,4,0.53,0,0,0,132.5,0,0,0.00%,0.00%,-,0,0
3605d21761424ead5571975d000956c6,-,-,-,-,-,https://tutor-online.oss-cn-beijing.aliyuncs.com/growth/download-material/3605d21761424ead5571975d000956c6.mp4,20260612-猿辅导高中双科-混剪-视频号-图-男孩-张焱-张晓洁yc-4.mp4,-,,,199元高中双科提分课,199元高中双科提分课,荔枝,其他,0,wangjiananbj03,2026/6/12,38,30.36,199,1,6.55,145.26,1445.71,30.36,10.05%,4.76%,-,4.78,9476.19
32895173724511bd8f0758f5383dc474,-,-,-,-,-,https://tutor-online.oss-cn-beijing.aliyuncs.com/growth/download-material/32895173724511bd8f0758f5383dc474.mp4,20260618-猿辅导高中双科-混剪-视频号-图-男孩-张焱-张晓洁yc-4.mp4,-,,,199元高中双科提分课,199元高中双科提分课,荔枝,代理商,0,wangjiananbj03,2026/6/18,32,404.35,199,1,0.49,72.79,3397.9,404.35,2.14%,0.84%,-,0.18,1672.27
4b3179d80772683d55d0b0786a378098,-,-,-,-,-,https://tutor-online.oss-cn-beijing.aliyuncs.com/growth/download-material/4b3179d80772683d55d0b0786a378098.mp4,20260624-9物-代理-启航-李博-【b1-p6-a3-70-0630】-A5-B5-有-2,-,,,9元高中物理李博,9元高中物理李博,启航,代理商,0,wangruixuebj01,2026/7/10,10,109.99,0,0,0,103.28,3333.03,0,3.19%,0%,-,0,0
26cb7a808d6017153dbdbfc34b1abd8e,-,-,-,-,-,https://tutor-online.oss-cn-beijing.aliyuncs.com/growth/download-material/26cb7a808d6017153dbdbfc34b1abd8e.mp4,20260713-猿辅导高中双科-实拍-视频号-活动-199学全年-买数送物-高二-买数送物-标错-高二-唐欣悦-cd文雨婷-岳久鸿-曹婷婷yc-2.1-前贴.mp4,-,,,199元高中双科提分课,199元高中双科提分课,荔枝,其他,0,wangjiananbj03,2026/7/16,4,1.85,0,0,0,48.68,0,0,0.00%,0.00%,-,0,0
83e629d5d0e180739fd94b165bd368fb,-,-,-,-,-,https://tutor-online.oss-cn-beijing.aliyuncs.com/growth/download-material/83e629d5d0e180739fd94b165bd368fb.mp4,20260618-猿辅导高中双科-混剪-视频号-图-男孩-张焱-张晓洁yc-2.mp4,-,,,199元高中双科提分课,199元高中双科提分课,荔枝,代理商,0,wangjiananbj03,2026/6/18,32,2.01,0,0,0,77.31,2010,0,3.85%,0.00%,-,0,0
132d00489a0e185079ab09888dc6863d,-,-,-,-,-,https://tutor-online.oss-cn-beijing.aliyuncs.com/growth/download-material/132d00489a0e185079ab09888dc6863d.mp4,20260626-猿辅导高中双科-实拍-活动-他们夏能-张焱-bj刘能能-张晓洁yc-1.1（前贴2）.mp4,-,,,199元高中双科提分课,199元高中双科提分课,荔枝,其他,0,wangjiananbj03,2026/7/9,11,139.58,0,0,0,160.81,10736.92,0,1.50%,0.00%,-,0,0
dcf80c68e13ccdedc0689183a7a8241a,-,-,-,-,-,https://tutor-online.oss-cn-beijing.aliyuncs.com/growth/download-material/dcf80c68e13ccdedc0689183a7a8241a.mp4,20260624-猿辅导高中双科-实拍-买数学送物理-我婆婆-常文茜-dr蔡昕-裂变-张晓洁yc-9,-,,,199元高中双科提分课,199元高中双科提分课,荔枝,其他,0,wangjiananbj03,2026/7/11,9,530.67,199,1,0.37,98.71,31215.88,530.67,0.61%,3.03%,-,0.19,11705.88
3d02913e7ec80173236675af0a732a02,-,-,-,-,-,https://tutor-online.oss-cn-beijing.aliyuncs.com/growth/download-material/3d02913e7ec80173236675af0a732a02.mp4,0708-199双科-申坤-李博-李天-卞俊洁-A1-B4-无-高二高三-4,-,,,199元高中双科提分课,199元高中双科提分课,申坤,其他,0,wangjiananbj03,2026/7/10,10,279.25,0,0,0,22.05,5268.87,0,0.62%,0%,-,0,0
0b9368c87481640154e565ccb6b5a540,-,-,-,-,-,https://tutor-online.oss-cn-beijing.aliyuncs.com/growth/download-material/0b9368c87481640154e565ccb6b5a540.mp4,20260710-猿辅导高中双科-口播-活动-三连学-张焱-bj李栎-二创-张晓洁ec-4.mp4,-,,,199元高中双科提分课,199元高中双科提分课,荔枝,其他,0,wangjiananbj03,2026/7/16,4,0.09,0,0,0,90,0,0,0.00%,0.00%,-,0,0
1f482bedd7b890f0fa8b4d17e2d99946,-,-,-,-,-,https://tutor-online.oss-cn-beijing.aliyuncs.com/growth/download-material/1f482bedd7b890f0fa8b4d17e2d99946.mp4,一键修复_20260610-猿辅导高中双科-实拍-千川-专家分享-买数送物-反着学-唐欣悦-dr数学陪跑夏老师--叶俊泽yc-1 (1).mp4,-,,,199元高中双科提分课,199元高中双科提分课,荔枝,其他,0,wangjiananbj03,2026/6/19,31,20.5,0,0,0,732.14,4100,0,17.86%,0.00%,-,0,0
15aa1365a6077f20287a9733e3a0ed65,-,-,-,-,-,https://tutor-online.oss-cn-beijing.aliyuncs.com/growth/download-material/15aa1365a6077f20287a9733e3a0ed65.mp4,20260630-猿辅导高中双科-实拍-千川-买物送数-专家分享-怎么样-高二高三-李莹莹-cd小墨-詹铠任-叶俊泽yc-1,-,,,199元高中双科提分课,199元高中双科提分课,荔枝,其他,0,wangjiananbj03,2026/7/10,10,0.1,0,0,0,8.33,0,0,0.00%,0.00%,-,0,0
1f423a059b7b6ad66f957a2c5c99bc25,-,-,-,-,-,https://tutor-online.oss-cn-beijing.aliyuncs.com/growth/download-material/1f423a059b7b6ad66f957a2c5c99bc25.mp4,20260711-猿辅导高中双科-实拍-千川-买物送数-专家分享-跟你学-高二高三-李莹莹-b宋钦冲-二创-叶俊泽ec-18.mp4,-,,,199元高中双科提分课,199元高中双科提分课,荔枝,其他,0,wangjiananbj03,2026/7/16,4,87.06,0,0,0,116.08,6696.92,0,1.73%,0.00%,-,0,0
d807c240d34f86d32538549259cc14d6,-,-,-,-,-,https://tutor-online.oss-cn-beijing.aliyuncs.com/growth/download-material/d807c240d34f86d32538549259cc14d6.mp4,一键修复_0512-199双科-自产-自产主-王晶-曲中雨-子衿--B1B4-有-3.mp4,-,,,199元高中双科提分课,199元高中双科提分课,荔枝,其他,0,wangjiananbj03,2026/6/8,42,5.22,0,0,0,193.33,1740,0,11.11%,0.00%,-,0,0
7ac91465f20707a411305739588285be,-,-,-,-,-,https://tutor-online.oss-cn-beijing.aliyuncs.com/growth/download-material/7ac91465f20707a411305739588285be.mp4,妙思自动生成-21-202606180435,-,,,199元高中双科提分课,199元高中双科提分课,自投放,其他,0,wangjiananbj03,2026/6/18,32,0.15,0,0,0,37.5,0,0,0.00%,0.00%,-,0,0
4a4dbed0140d06833b69dc3d5df0802e,-,-,-,-,-,https://tutor-online.oss-cn-beijing.aliyuncs.com/growth/download-material/4a4dbed0140d06833b69dc3d5df0802e.mp4,0616-9物-代理-十人-李博-jzzy-bmqr-A2-B2-pwjl-有-3-知识点,-,,,9元高中物理李博,9元高中物理李博,十人,代理商,0,wangruixuebj01,2026/6/18,32,0.09,0,0,0,30,0,0,0.00%,0.00%,-,0,0
52ac13888636fdbae5f6e6b2870f029a,-,-,-,-,-,https://tutor-online.oss-cn-beijing.aliyuncs.com/growth/download-material/52ac13888636fdbae5f6e6b2870f029a.mp4,0605-9物-十人-bwxy-ylb-A2-B4-jclb-pcc-1,-,,,9元高中物理李博,9元高中物理李博,十人,其他,0,wangruixuebj01,2026/6/14,36,0.01,0,0,0,5,0,0,0.00%,0.00%,-,0,0
8bf3f18bcbeca133cc5f7f5d2f0a0e7b,-,-,-,-,-,https://tutor-online.oss-cn-beijing.aliyuncs.com/growth/download-material/8bf3f18bcbeca133cc5f7f5d2f0a0e7b.mp4,0703-199双科-申坤-李博-李天-卞俊洁-A2-B4-无-21,-,,,199元高中双科提分课,199元高中双科提分课,申坤,其他,0,wangjiananbj03,2026/7/9,11,546.79,0,0,0,47.09,18226.33,0,0.34%,0%,-,0,0
3dbffa479b5f737a05c4336dde6ddc93,-,-,-,-,-,https://tutor-online.oss-cn-beijing.aliyuncs.com/growth/download-material/3dbffa479b5f737a05c4336dde6ddc93.mp4,20260704-猿辅导高中双科-混剪-图-张凌-张焱-张雪依yc-2-高三.mp4,-,,,199元高中双科提分课,199元高中双科提分课,荔枝,其他,0,wangjiananbj03,2026/7/6,14,48.68,0,0,0,2704.44,24340,0,11.11%,0.00%,-,0,0
6cabe0a4bcfddaa39f995020ad1be3d9,-,-,-,-,-,https://tutor-online.oss-cn-beijing.aliyuncs.com/growth/download-material/6cabe0a4bcfddaa39f995020ad1be3d9.mp4,0708-199双科-申坤-李博-李天-卞俊洁-A1-B4-无-高二高三-2,-,,,199元高中双科提分课,199元高中双科提分课,申坤,其他,0,wangjiananbj03,2026/7/10,10,103.52,0,0,0,16.25,3235,0,0.68%,0%,-,0,0
e24ccbab48aaf4ae94bd4d73fa2ed1d7,-,-,-,-,-,https://tutor-online.oss-cn-beijing.aliyuncs.com/growth/download-material/e24ccbab48aaf4ae94bd4d73fa2ed1d7.mp4,0706-199双科-申坤-李博-李天-卞俊洁-A5-B5-有-高二高三-3,-,,,199元高中双科提分课,199元高中双科提分课,申坤,其他,0,wangjiananbj03,2026/7/10,10,1127.32,796,4,0.71,195.44,30468.11,281.83,0.92%,7.55%,-,0.69,21513.51
a2f74eba74bcae50754cee0e34b12c4d,-,-,-,-,-,https://tutor-online.oss-cn-beijing.aliyuncs.com/growth/download-material/a2f74eba74bcae50754cee0e34b12c4d.mp4,20260704-猿辅导高中双科-混剪-图-张凌-张焱-张雪依yc-11改-高三.mp4,-,,,199元高中双科提分课,199元高中双科提分课,荔枝,其他,0,wangjiananbj03,2026/7/9,11,0.25,0,0,0,27.78,250,0,11.11%,0.00%,-,0,0
cb477ac19e8bfbe861fc7df75301a2fe,-,-,-,-,-,https://tutor-online.oss-cn-beijing.aliyuncs.com/growth/download-material/cb477ac19e8bfbe861fc7df75301a2fe.mp4,20260708-猿辅导高中双科-实拍-千川-买数送物-活动-特别-张焱-bj丁梓仟--张晓洁yc-2（前贴改）.mp4,-,,,199元高中双科提分课,199元高中双科提分课,荔枝,其他,0,wangjiananbj03,2026/7/13,7,73.59,398,2,5.41,77.14,1936.58,36.8,3.98%,5.26%,-,2.1,10473.68
006801ece2bd050e5cc0561bfc2bbcce,-,-,-,-,-,https://tutor-online.oss-cn-beijing.aliyuncs.com/growth/download-material/006801ece2bd050e5cc0561bfc2bbcce.mp4,20260704-猿辅导高中双科-实拍-千川-活动-买物送数-后悔-张焱-dr蔡昕-二创-叶俊泽ec-6.mp4,-,,,199元高中双科提分课,199元高中双科提分课,荔枝,其他,0,wangjiananbj03,2026/7/10,10,2.15,0,0,0,107.5,2150,0,5.00%,0.00%,-,0,0
fa7b0d80ae0be263a2dd6d7dbb26a146,-,-,-,-,-,https://tutor-online.oss-cn-beijing.aliyuncs.com/growth/download-material/fa7b0d80ae0be263a2dd6d7dbb26a146.mp4,null-自动生成-20-202607150410,-,,,199元高中双科提分课,199元高中双科提分课,申坤,其他,0,wangjiananbj03,2026/7/15,5,0.07,0,0,0,10,0,0,0.00%,0.00%,-,0,0
4918dd3c26eca537571ec9429bc60133,-,-,-,-,-,https://tutor-online.oss-cn-beijing.aliyuncs.com/growth/download-material/4918dd3c26eca537571ec9429bc60133.mp4,0714-199双科-申坤-李博-李天-卞俊洁-A5-B4-无-01,-,,,199元高中双科提分课,199元高中双科提分课,申坤,其他,0,wangjiananbj03,2026/7/14,6,9.99,0,0,0,19.59,0,0,0.20%,0%,-,0,0
2ee70c7a620a48720e8a506ca0144551,-,-,-,-,-,https://tutor-online.oss-cn-beijing.aliyuncs.com/growth/download-material/2ee70c7a620a48720e8a506ca0144551.mp4,0703-199双科-申坤-李博-李天-姚恒-A2-B4-无-02,-,,,199元高中双科提分课,199元高中双科提分课,申坤,其他,0,wangjiananbj03,2026/7/5,15,136.23,0,0,0,71.03,27246,0,0.63%,0%,-,0,0
a8720df1fadd9e389f7a0deec56f8706,-,-,-,-,-,https://tutor-online.oss-cn-beijing.aliyuncs.com/growth/download-material/a8720df1fadd9e389f7a0deec56f8706.mp4,0610-199双科-自产-自产主-李博-视觉锤-子衿-A2-B1-无-7.mp4,-,,,199元高中双科提分课,199元高中双科提分课,荔枝,其他,0,wangjiananbj03,2026/6/19,31,1.67,0,0,0,556.67,0,0,0.00%,0.00%,-,0,0
7423c9a84871b82e097cc6ecf8e4c03b,-,-,-,-,-,https://tutor-online.oss-cn-beijing.aliyuncs.com/growth/download-material/7423c9a84871b82e097cc6ecf8e4c03b.mp4,null-自动生成-20-202607121002,-,,,199元高中双科提分课,199元高中双科提分课,申坤,其他,0,wangjiananbj03,2026/7/12,8,130.81,0,0,0,73.45,16351.25,0,0.56%,0%,-,0,0
5c82934820810d9a31e052347a5766e3,-,-,-,-,-,https://tutor-online.oss-cn-beijing.aliyuncs.com/growth/download-material/5c82934820810d9a31e052347a5766e3.mp4,0706-199双科-申坤-李博-李天-卞俊洁-A5-B5-有-高二高三-6,-,,,199元高中双科提分课,199元高中双科提分课,申坤,其他,0,wangjiananbj03,2026/7/7,13,37,0,0,0,10.91,12333.33,0,0.21%,0%,-,0,0
686432a9d21d221359c07d9ae284a730,-,-,-,-,-,https://tutor-online.oss-cn-beijing.aliyuncs.com/growth/download-material/686432a9d21d221359c07d9ae284a730.mp4,20260708-猿辅导高中双科-实拍-活动-199学五科-高二-五科-买它-高二-唐欣悦-bj于靖--张晓洁yc-9.1（前贴）.mp4,-,,,199元高中双科提分课,199元高中双科提分课,荔枝,其他,0,wangjiananbj03,2026/7/12,8,2.68,199,1,74.25,83.75,446.67,2.68,18.75%,16.67%,-,31.25,33166.67
c78145b835b834baeeaa928f647a1781,-,-,-,-,-,https://tutor-online.oss-cn-beijing.aliyuncs.com/growth/download-material/c78145b835b834baeeaa928f647a1781.mp4,20260711-猿辅导高中双科-实拍-千川-活动-高二-五科-售卖-张焱-bj李栎--李文静ec-二创-4,-,,,199元高中双科提分课,199元高中双科提分课,自投放,其他,0,wangjiananbj03,2026/7/14,6,204.4,199,1,0.97,80.79,17033.33,204.4,0.71%,5.56%,-,0.4,16583.33
724bfd6a7ca0fc858f8ad5c48ea74a5d,-,-,-,-,-,https://tutor-online.oss-cn-beijing.aliyuncs.com/growth/download-material/724bfd6a7ca0fc858f8ad5c48ea74a5d.mp4,20260622-猿辅导高中双科-实拍-ip李博-买物送数-慎重-唐欣悦-ip李博-袁北辰ec-二创-1,-,,,199元高中双科提分课,199元高中双科提分课,荔枝,其他,0,wangjiananbj03,2026/7/11,9,35.01,0,0,0,58.16,8752.5,0,0.83%,0%,-,0,0
5dff896e5c9a5e8c4aedea81870d6178,-,-,-,-,-,https://tutor-online.oss-cn-beijing.aliyuncs.com/growth/download-material/5dff896e5c9a5e8c4aedea81870d6178.mp4,20260704-猿辅导高中双科-混剪-图-张凌-张焱-张雪依yc-5-高二高三.mp4,-,,,199元高中双科提分课,199元高中双科提分课,荔枝,其他,0,wangjiananbj03,2026/7/6,14,4.49,0,0,0,345.38,2245,0,15.38%,0.00%,-,0,0
c40450aa3669f31f0eea9c83585325d8,-,-,-,-,-,https://tutor-online.oss-cn-beijing.aliyuncs.com/growth/download-material/c40450aa3669f31f0eea9c83585325d8.mp4,0707-199双科-申坤-李博-李天-王合云-A3-B5-无-高二高三-23,-,,,199元高中双科提分课,199元高中双科提分课,申坤,其他,0,wangjiananbj03,2026/7/7,13,4.11,0,0,0,22.1,0,0,0.00%,0.00%,-,0,0
34d31328a4b195a8587c948dfa18e8a1,-,-,-,-,-,https://tutor-online.oss-cn-beijing.aliyuncs.com/growth/download-material/34d31328a4b195a8587c948dfa18e8a1.mp4,20260709-猿辅导高中双科-实拍-千川-活动-买数送物-199学三年-通用-买数送物-与其啊-常文茜-cd雪儿--岳久鸿yc-1（前贴）,-,,,199元高中双科提分课,199元高中双科提分课,自投放,代理商,0,wangjiananbj03,2026/7/16,4,0.01,0,0,0,3.33,0,0,0.00%,0.00%,-,0,0
c5ea545074419d3d48c24f072d0808a5,-,-,-,-,-,https://tutor-online.oss-cn-beijing.aliyuncs.com/growth/download-material/c5ea545074419d3d48c24f072d0808a5.mp4,20260623-猿辅导高中双科-实拍-活动-上哪找-常文茜-cd雪儿-岳久鸿-裂变-张晓洁yc-8.mp4,-,,,199元高中双科提分课,199元高中双科提分课,荔枝,其他,0,wangjiananbj03,2026/6/26,24,0.42,0,0,0,52.5,210,0,25.00%,0.00%,-,0,0
9d67fc432863b7ee42a0ca17831121b4,-,-,-,-,-,https://tutor-online.oss-cn-beijing.aliyuncs.com/growth/download-material/9d67fc432863b7ee42a0ca17831121b4.mp4,0710-199双科-申坤-李博-李天-卞俊洁-A5-B5-有-高二高三-2,-,,,199元高中双科提分课,199元高中双科提分课,申坤,其他,0,wangjiananbj03,-,-,0,0,0,0,0,0,0,0.00%,0.00%,-,0,0
cfc855776b4f9a953943734640f9811c,-,-,-,-,-,https://img-pub.oss-cn-beijing-internal.aliyuncs.com/19f1c70e425cb1d.mp4,20260629-9物-代理-启航-李博-【b1-p6-j9-34】,-,,,9元高中物理李博,9元高中物理李博,启航,代理商,0,wangruixuebj01,2026/7/11,9,0.06,0,0,0,15,0,0,0.00%,0.00%,-,0,0
1d5c7cd0e9bc4c6858211b556d372f1f,-,-,-,-,-,https://tutor-online.oss-cn-beijing.aliyuncs.com/growth/download-material/1d5c7cd0e9bc4c6858211b556d372f1f.mp4,20260611-猿辅导高中双科-实拍-买物理送数学-选哪-张焱-bj于俏-叶俊泽ec-视频号二创-ts罗雅雯-8,-,,,199元高中双科提分课,199元高中双科提分课,荔枝,代理商,0,wangjiananbj03,2026/6/26,24,10.42,0,0,0,67.23,0,0,0.00%,0.00%,-,0,0
402df0328ac4d16e0243e73a0dd8421d,-,-,-,-,-,https://tutor-online.oss-cn-beijing.aliyuncs.com/growth/download-material/402df0328ac4d16e0243e73a0dd8421d.mp4,20260711-猿辅导高中双科-实拍-活动-通用-买数送物-忍餐-张焱-bj于靖--李文静ec-二创-1,-,,,199元高中双科提分课,199元高中双科提分课,荔枝,其他,0,wangjiananbj03,2026/7/14,6,0.01,0,0,0,5,0,0,0.00%,0.00%,-,0,0
dc1a9f15700202d35c769536b5b402f2,-,-,-,-,-,https://tutor-online.oss-cn-beijing.aliyuncs.com/growth/download-material/dc1a9f15700202d35c769536b5b402f2.mp4,0703-199双科-申坤-李博-李天-姚恒-A1-B4-无-02,-,,,199元高中双科提分课,199元高中双科提分课,申坤,其他,0,wangjiananbj03,2026/7/5,15,0.13,0,0,0,6.5,130,0,5.00%,0%,-,0,0
72bd48a787efb5dc361b363037b7ef0b,-,-,-,-,-,https://tutor-online.oss-cn-beijing.aliyuncs.com/growth/download-material/72bd48a787efb5dc361b363037b7ef0b.mp4,20260703-猿辅导高中双科-实拍-视频号-ip李博-买物送数-199学三年-疯狂-常文茜-李博--李文静yc-1,-,,,199元高中双科提分课,199元高中双科提分课,荔枝,其他,0,wangjiananbj03,2026/7/9,11,0.1,0,0,0,10,0,0,0.00%,0.00%,-,0,0
3f82f4d86978c0af9c9f298b85e094cc,-,-,-,-,-,https://tutor-online.oss-cn-beijing.aliyuncs.com/growth/download-material/3f82f4d86978c0af9c9f298b85e094cc.mp4,0701-199双科-申坤-李博-李天-姚恒-A2-B1-有-01,-,,,199元高中双科提分课,199元高中双科提分课,申坤,其他,0,wangjiananbj03,2026/7/5,15,0.02,0,0,0,2.5,0,0,0.00%,0.00%,-,0,0
0034a93f07424722b63a5f5a96235e45,-,-,-,-,-,https://tutor-online.oss-cn-beijing.aliyuncs.com/growth/download-material/0034a93f07424722b63a5f5a96235e45.mp4,20260616-猿辅导高中双科-实拍-活动-上哪找-常文茜-cd雪儿-岳久鸿-裂变-张晓洁yc-2.mp4,-,,,199元高中双科提分课,199元高中双科提分课,荔枝,其他,0,wangjiananbj03,2026/6/16,34,0.13,0,0,0,65,130,0,50.00%,0.00%,-,0,0
62015fad7b9a89dcc39c04817733c1db,-,-,-,-,-,https://tutor-online.oss-cn-beijing.aliyuncs.com/growth/download-material/62015fad7b9a89dcc39c04817733c1db.mp4,20260704-猿辅导高中双科-实拍-视频号-ip李博-暑假规划-买物送数-刷段子-高二-唐欣悦-李博-叶俊泽 yc-3,-,,,199元高中双科提分课,199元高中双科提分课,荔枝,代理商,0,wangjiananbj03,2026/7/10,10,0.02,0,0,0,3.33,0,0,0.00%,0.00%,-,0,0
f33d378791e455381fb3e487a6b3c592,-,-,-,-,-,https://tutor-online.oss-cn-beijing.aliyuncs.com/growth/download-material/f33d378791e455381fb3e487a6b3c592.mp4,20260629-猿辅导高中双科-实拍-千川-线下班对比-199学三年-答应我-高二-唐欣悦-bj赵阳--叶俊泽yc-2,-,,,199元高中双科提分课,199元高中双科提分课,荔枝,其他,0,wangjiananbj03,2026/7/8,12,0.46,0,0,0,18.4,0,0,0.00%,0.00%,-,0,0
7b9c6dcc414a62c39a9c1a7260356564,-,-,-,-,-,https://tutor-online.oss-cn-beijing.aliyuncs.com/growth/download-material/7b9c6dcc414a62c39a9c1a7260356564.mp4,20260703-猿辅导高中双科-实拍-性价比-亏本能-张焱-bj刘能能-高三-李文静ec-二创-7.mp4,-,,,199元高中双科提分课,199元高中双科提分课,荔枝,其他,0,wangjiananbj03,2026/7/7,13,0.98,0,0,0,122.5,0,0,0.00%,0.00%,-,0,0
49371f67fd329930e18901f52a461aff,-,-,-,-,-,https://tutor-online.oss-cn-beijing.aliyuncs.com/growth/download-material/49371f67fd329930e18901f52a461aff.mp4,20260703-猿辅导高中双科-口播-活动-三连学-张焱-bj李栎-叶俊泽yc-4-前贴,-,,,199元高中双科提分课,199元高中双科提分课,自投放,其他,0,wangjiananbj03,2026/7/15,5,1.36,0,0,0,7.27,0,0,0.00%,0.00%,-,0,0
1aa1977a3d2a2f95affdaee542193038,-,-,-,-,-,https://tutor-online.oss-cn-beijing.aliyuncs.com/growth/download-material/1aa1977a3d2a2f95affdaee542193038.mp4,20260707-猿辅导高中双科-实拍-千川-买物送数-专家分享-跟你学-高二高三-李莹莹-b宋钦冲-叶俊泽yc-1-前贴,-,,,199元高中双科提分课,199元高中双科提分课,荔枝,其他,0,wangjiananbj03,2026/7/10,10,12.58,0,0,0,20.76,12580,0,0.17%,0%,-,0,0
6108e0c519206a719ecabb608832f1b7,-,-,-,-,-,https://tutor-online.oss-cn-beijing.aliyuncs.com/growth/download-material/6108e0c519206a719ecabb608832f1b7.mp4,20260701-猿辅导高中双科-实拍-千川-买数送物-专家分享-救不-高二-张焱-tj陈璇-叶俊泽yc-6-前贴.mp4,-,,,199元高中双科提分课,199元高中双科提分课,荔枝,代理商,0,wangjiananbj03,2026/7/3,17,2.75,0,0,0,196.43,2750,0,7.14%,0.00%,-,0,0
342722c15ee844c63eae51203bd04d02,-,-,-,-,-,https://tutor-online.oss-cn-beijing.aliyuncs.com/growth/download-material/342722c15ee844c63eae51203bd04d02.mp4,一键修复_20260707-猿辅导高中双科-实拍-千川-6天训练营提分-通用-买数送物-都安排-常文茜-dr小五老师-李文静yc-1-前贴.mp4,-,,,199元高中双科提分课,199元高中双科提分课,荔枝,其他,0,wangjiananbj03,2026/7/11,9,29.97,0,0,0,100.91,2497.5,0,4.04%,0.00%,-,0,0
0da809798579c31cc007d4d509f54de6,-,-,-,-,-,https://tutor-online.oss-cn-beijing.aliyuncs.com/growth/download-material/0da809798579c31cc007d4d509f54de6.mp4,20260610-猿辅导高中双科-实拍-千川-性价比-买数送物-199学三年-不贵-端午-唐欣悦-bj冷一丁-二创-张晓洁ec-6,-,,,199元高中双科提分课,199元高中双科提分课,荔枝,代理商,0,wangjiananbj03,2026/6/26,24,9.18,0,0,0,155.59,9180,0,1.69%,0%,-,0,0
4f0015b0c35f8fa588d004792dd336a7,-,-,-,-,-,https://tutor-online.oss-cn-beijing.aliyuncs.com/growth/download-material/4f0015b0c35f8fa588d004792dd336a7.mp4,0703-199双科-申坤-李博-李天-卞俊洁-A2-B4-无-26,-,,,199元高中双科提分课,199元高中双科提分课,申坤,其他,0,wangjiananbj03,2026/7/10,10,5423.08,1393,7,0.26,131.8,21183.91,774.73,0.88%,1.92%,-,0.17,5441.41
ce6423f355ef4e33971b7181c5722d59,-,-,-,-,-,https://tutor-online.oss-cn-beijing.aliyuncs.com/growth/download-material/ce6423f355ef4e33971b7181c5722d59.mp4,20260703-猿辅导高中双科-实拍-千川-方式方法-买物送数-疯了疯了-常文茜-cd康艺凡-岳久鸿-叶俊泽yc-2-前贴.mp4,-,,,199元高中双科提分课,199元高中双科提分课,荔枝,其他,0,wangjiananbj03,2026/7/10,10,2.61,0,0,0,74.57,2610,0,2.86%,0.00%,-,0,0
8377c6b7018ab11eb57c361f89bdfdcd,-,-,-,-,-,https://tutor-online.oss-cn-beijing.aliyuncs.com/growth/download-material/8377c6b7018ab11eb57c361f89bdfdcd.mp4,20260606-猿辅导高中双科-实拍-ip李博-通知-唐欣悦+ts李琳玉-ip李博-二创-张雪依ec-二创-1,-,,,199元高中双科提分课,199元高中双科提分课,荔枝,代理商,0,wangjiananbj03,2026/6/23,27,1.44,0,0,0,130.91,0,0,0.00%,0.00%,-,0,0
8e607e1cc2a8fb11f28e7c2be915ee9f,-,-,-,-,-,https://tutor-online.oss-cn-beijing.aliyuncs.com/growth/download-material/8e607e1cc2a8fb11f28e7c2be915ee9f.mp4,9元视频1186-0630-9物-代理-十人-李博-jjsx-bmqr-A2-B1-pwjl-pcc-有-3,-,,,9元高中物理李博,9元高中物理李博,十人,代理商,0,wangruixuebj01,2026/7/2,18,0,0,0,0,0,0,0,0.00%,0.00%,-,0,0
d7914ac5ba7e4181fd62a619d7c2ad4a,-,-,-,-,-,https://tutor-online.oss-cn-beijing.aliyuncs.com/growth/download-material/d7914ac5ba7e4181fd62a619d7c2ad4a.mp4,0623-9物-代理-玄武-李博-郝增鑫-思雨-A5-B2-有-5-yfdwl0623h3浩5-雨-鑫-【AI】-改0625,-,,,9元高中物理李博,9元高中物理李博,玄武,代理商,0,wangruixuebj01,2026/7/3,17,36.86,0,0,0,53.89,6143.33,0,1.17%,0%,-,0,0
2b3a96571e328df280f611c7dec74444,-,-,-,-,-,https://tutor-online.oss-cn-beijing.aliyuncs.com/growth/download-material/2b3a96571e328df280f611c7dec74444.mp4,20260624-猿辅导高中双科-实拍-千川-活动-买数送物-我忍-张焱-bj于静--张晓洁yc-4.1,-,,,199元高中双科提分课,199元高中双科提分课,荔枝,其他,0,wangjiananbj03,2026/7/1,19,0.02,0,0,0,20,0,0,0.00%,0.00%,-,0,0
fb8da9eed0e2281912ac70b3f276247c,-,-,-,-,-,https://tutor-online.oss-cn-beijing.aliyuncs.com/growth/download-material/fb8da9eed0e2281912ac70b3f276247c.mp4,20260616-猿辅导高中双科-实拍-千川-分数痛点-买数学送物理-一起-张焱-bj冷一丁-裂变-张晓洁yc-5.1.mp4,-,,,199元高中双科提分课,199元高中双科提分课,荔枝,其他,0,wangjiananbj03,2026/6/16,34,4.68,0,0,0,126.49,1170,0,10.81%,0.00%,-,0,0
f72e20eb926749e10929690f71a29e73,-,-,-,-,-,https://tutor-online.oss-cn-beijing.aliyuncs.com/growth/download-material/f72e20eb926749e10929690f71a29e73.mp4,0703-199双科-申坤-李博-李天-姚恒-A5-B5-有-02,-,,,199元高中双科提分课,199元高中双科提分课,申坤,其他,0,wangjiananbj03,2026/7/6,14,6.87,199,1,28.97,43.48,0,6.87,0.00%,0.00%,-,6.33,0
e0d87437915c65954d50663274e45494,-,-,-,-,-,https://tutor-online.oss-cn-beijing.aliyuncs.com/growth/download-material/e0d87437915c65954d50663274e45494.mp4,0710-199双科-申坤-李博-李天-卞俊洁-A7-B5-无-高二高三-03,-,,,199元高中双科提分课,199元高中双科提分课,申坤,其他,0,wangjiananbj03,2026/7/14,6,1.51,0,0,0,32.83,1510,0,2.17%,0%,-,0,0
2a9d8a0cac6c7e27ee7f41970f43bfaf,-,-,-,-,-,https://tutor-online.oss-cn-beijing.aliyuncs.com/growth/download-material/2a9d8a0cac6c7e27ee7f41970f43bfaf.mp4,一键修复_20260626-猿辅导高中双科-实拍-千川-活动-买数学送物理-确实-张焱-bj于靖-裂变-张晓洁yc-11.mp4,-,,,199元高中双科提分课,199元高中双科提分课,荔枝,其他,0,wangjiananbj03,2026/6/29,21,153.64,0,0,0,32.03,4152.43,0,0.77%,0.00%,-,0,0
05e03b737cbb58cfa40602514e066145,-,-,-,-,-,https://tutor-online.oss-cn-beijing.aliyuncs.com/growth/download-material/05e03b737cbb58cfa40602514e066145.mp4,20260624-猿辅导高中双科-实拍-千川-买数送物-199学三年-好意思-常文茜-dr蔡昕--张晓洁yc-3（前贴）.mp4,-,,,199元高中双科提分课,199元高中双科提分课,荔枝,其他,0,wangjiananbj03,2026/6/27,23,0.09,0,0,0,30,0,0,0.00%,0.00%,-,0,0
5aa879072c8f80807921a1de08e8a024,-,-,-,-,-,https://tutor-online.oss-cn-beijing.aliyuncs.com/growth/download-material/5aa879072c8f80807921a1de08e8a024.mp4,0703-199双科-申坤-李博-李天-卞俊洁-A2-B4-无-11,-,,,199元高中双科提分课,199元高中双科提分课,申坤,其他,0,wangjiananbj03,2026/7/5,15,544.74,199,1,0.37,72.98,16507.27,544.74,0.59%,2.27%,-,0.13,6030.3
fff67af3b3c982d6e0f2f26891ef4caf,-,-,-,-,-,https://tutor-online.oss-cn-beijing.aliyuncs.com/growth/download-material/fff67af3b3c982d6e0f2f26891ef4caf.mp4,9元视频978-0525-9物-十人-bmqr-ylb-A2-B4-jzmj-pwjl-2,-,,,9元高中物理李博,9元高中物理李博,十人,其他,0,wangruixuebj01,2026/5/27,54,150.04,27,3,0.18,129.9,7502,50.01,1.82%,14.29%,-,2.6,1350
fff67af3b3c982d6e0f2f26891ef4caf,-,-,-,-,-,https://tutor-online.oss-cn-beijing.aliyuncs.com/growth/download-material/fff67af3b3c982d6e0f2f26891ef4caf.mp4,9元视频978-0525-9物-十人-bmqr-ylb-A2-B4-jzmj-pwjl-2,-,,,9元高中物理李博,9元高中物理李博,十人,其他,0,wangruixuebj01,2026/6/9,41,443.37,36,4,0.08,96.87,10813.9,110.84,0.96%,9.09%,-,0.87,878.05
b66c1d47ed1497f3cc4e8ec5d3a470bf,-,-,-,-,-,https://tutor-online.oss-cn-beijing.aliyuncs.com/growth/download-material/b66c1d47ed1497f3cc4e8ec5d3a470bf.mp4,0707-199双科-申坤-李博-李天-王合云-A3-B4-无-高二高三-16,-,,,199元高中双科提分课,199元高中双科提分课,申坤,代理商,0,wangjiananbj03,2026/7/7,13,0.51,0,0,0,85,0,0,0.00%,0.00%,-,0,0
4154211056a72a99003eb0b6a50105ff,-,-,-,-,-,https://tutor-online.oss-cn-beijing.aliyuncs.com/growth/download-material/4154211056a72a99003eb0b6a50105ff.mp4,20260709-猿辅导高中双科-实拍-活动-买数送物-全年-跟你-张焱唐欣悦-cd鲨鱼-高二高三-李文静ec-视频号二创-横屏-2,-,,,199元高中双科提分课,199元高中双科提分课,荔枝,代理商,0,wangjiananbj03,2026/7/9,11,113.25,0,0,0,29.72,5147.73,0,0.68%,0%,-,0,0
321fd69391c6f77f37666c02b64a0764,-,-,-,-,-,https://tutor-online.oss-cn-beijing.aliyuncs.com/growth/download-material/321fd69391c6f77f37666c02b64a0764.mp4,一键修复_20260713-猿辅导高中双科-实拍-视频号-线下班对比-高三-买物送数-还指望-常文茜-bj冷一丁--张晓洁yc-2（前贴）.mp4,-,,,199元高中双科提分课,199元高中双科提分课,荔枝,其他,0,wangjiananbj03,2026/7/16,4,0.21,0,0,0,105,0,0,0.00%,0.00%,-,0,0
ab17f1f561c52b6c3afcf6d4cb6abf86,-,-,-,-,-,https://tutor-online.oss-cn-beijing.aliyuncs.com/growth/download-material/ab17f1f561c52b6c3afcf6d4cb6abf86.mp4,20260711-猿辅导高中双科-实拍-千川-活动-五科-高二-五科-再说-唐欣悦-cd鲨鱼--高俊南yc.mp4,-,,,199元高中双科提分课,199元高中双科提分课,荔枝,其他,0,wangjiananbj03,2026/7/16,4,1.37,0,0,0,342.5,0,0,0.00%,0.00%,-,0,0
ef661daec89ac6f3a8c8c362f2d739e2,-,-,-,-,-,https://tutor-online.oss-cn-beijing.aliyuncs.com/growth/download-material/ef661daec89ac6f3a8c8c362f2d739e2.mp4,0623-9物-玄武-李博-郝增鑫-思雨-A5-B2-无-5-yfdwl0623h3浩5-雨-鑫-无前贴,-,,,9元高中物理李博,9元高中物理李博,玄武,代理商,0,wangruixuebj01,2026/6/28,22,14.9,0,0,0,66.22,7450,0,1.33%,0%,-,0,0
a74147de923c86b92a1c1423f324c1da,-,-,-,-,-,https://tutor-online.oss-cn-beijing.aliyuncs.com/growth/download-material/a74147de923c86b92a1c1423f324c1da.mp4,20260710-猿辅导高中双科-实拍-视频号-活动-买物送数-通用-买物送数-有点后悔-常文茜-cd杨嘉欣-岳久鸿-张雪依yc-2.mp4,-,,,199元高中双科提分课,199元高中双科提分课,荔枝,其他,0,wangjiananbj03,2026/7/16,4,1.62,0,0,0,1620,0,0,0.00%,0.00%,-,0,0
f93aceb6dc3b8e2f679bbad92af6c3a8,-,-,-,-,-,https://tutor-online.oss-cn-beijing.aliyuncs.com/growth/download-material/f93aceb6dc3b8e2f679bbad92af6c3a8.mp4,20260612-猿辅导高中双科-实拍-千川-活动-降到底-唐欣悦-cd张艺馨-詹铠任yc.mp4,-,,,199元高中双科提分课,199元高中双科提分课,荔枝,其他,0,wangjiananbj03,2026/6/22,28,0.24,0,0,0,240,0,0,0.00%,0.00%,-,0,0
fd775af9d3b3c2ecff5cd7e85cf9a3f5,-,-,-,-,-,https://tutor-online.oss-cn-beijing.aliyuncs.com/growth/download-material/fd775af9d3b3c2ecff5cd7e85cf9a3f5.mp4,20260711-猿辅导高中双科-视频号-活动-实买数送物-199字三年-通用-买数送物-我们呢-常文茜-bj高云--李文静-yc-3-前贴.mp4.mp4,-,,,199元高中双科提分课,199元高中双科提分课,荔枝,其他,0,wangjiananbj03,2026/7/13,7,9.46,0,0,0,326.21,4730,0,6.90%,0.00%,-,0,0
dc841334182876642d8efd47d9a63e86,-,-,-,-,-,https://tutor-online.oss-cn-beijing.aliyuncs.com/growth/download-material/dc841334182876642d8efd47d9a63e86.mp4,0708-199双科-申坤-李博-李天-卞俊洁-A2-B4-无-2,-,,,199元高中双科提分课,199元高中双科提分课,申坤,其他,0,wangjiananbj03,2026/7/9,11,246.31,0,0,0,54.25,27367.78,0,0.42%,0%,-,0,0
fd4ae39429cac2ea121e3382d44afda5,-,-,-,-,-,https://tutor-online.oss-cn-beijing.aliyuncs.com/growth/download-material/fd4ae39429cac2ea121e3382d44afda5.mp4,0615-9物-玄武-李博-杨丽莹-关紫晴-A5-B4-有-1-【AI】-yfdwl0615z1浩1-晴-莹-龙-首,-,,,9元高中物理李博,9元高中物理李博,玄武,代理商,0,wangruixuebj01,2026/6/27,23,41.06,0,0,0,46.08,3421.67,0,1.57%,0%,-,0,0
446a793b3b1660e9c7a35dceea7768b1,-,-,-,-,-,https://tutor-online.oss-cn-beijing.aliyuncs.com/growth/download-material/446a793b3b1660e9c7a35dceea7768b1.mp4,20260625-猿辅导高中双科-实拍-活动-夏他-张焱唐欣悦-bj李赛-裂变-张晓洁yc-1,-,,,199元高中双科提分课,199元高中双科提分课,荔枝,代理商,0,wangjiananbj03,2026/6/25,25,54468.71,23084,102,0.42,52.57,16931.52,534.01,0.63%,1.56%,-,0.1,7175.63
8bf3f18bcbeca133cc5f7f5d2f0a0e7b,-,-,-,-,-,https://tutor-online.oss-cn-beijing.aliyuncs.com/growth/download-material/8bf3f18bcbeca133cc5f7f5d2f0a0e7b.mp4,99双科-1-0108-13,-,,,199元高中双科提分课,199元高中双科提分课,自投放,其他,0,wangjiananbj03,2026/7/11,9,34.59,0,0,0,48.65,34590,0,0.84%,0%,-,0,0
a55936420fe3c8a02dd3278738a05186,-,-,-,-,-,https://tutor-online.oss-cn-beijing.aliyuncs.com/growth/download-material/a55936420fe3c8a02dd3278738a05186.mp4,20260511-猿辅导高中双科-实拍-买数学送物理-我婆婆-常文茜-dr蔡昕-裂变-张晓洁yc-3.mp4,-,,,199元高中双科提分课,299元高中全年提分课,荔枝,其他,0,wangjiananbj03,2026/5/14,67,1232.72,1592,8,1.29,39.51,3074.11,154.09,1.29%,2.00%,-,0.26,3970.07
91626ace897d9519f0b7525f6ace2681,-,-,-,-,-,https://tutor-online.oss-cn-beijing.aliyuncs.com/growth/download-material/91626ace897d9519f0b7525f6ace2681.mp4,9元视频1207-0708-9物-十人-bwxy-ylb-A2-B4-jzmj-bwxy-pcc-1,-,,,9元高中物理李博,9元高中物理李博,十人,代理商,0,wangruixuebj01,2026/7/11,9,4.41,0,0,0,53.13,4410,0,1.20%,0%,-,0,0
cd70ed2f5a45d54dd8dd342b6fecbd7a,-,-,-,-,-,https://tutor-online.oss-cn-beijing.aliyuncs.com/growth/download-material/cd70ed2f5a45d54dd8dd342b6fecbd7a.mp4,199双科3,-,,,199元高中双科提分课,199元高中双科提分课,自投放,其他,0,wangjiananbj03,2026/6/30,20,33.57,0,0,0,162.17,16785,0,1.45%,0%,-,0,0
cf8078397fc712e3fa3868b8d871de74,-,-,-,-,-,https://tutor-online.oss-cn-beijing.aliyuncs.com/growth/download-material/cf8078397fc712e3fa3868b8d871de74.mp4,20260708-猿辅导高中双科-实拍-视频号-活动-199学三年-买数送物-通用-买数送物-地板价-唐欣悦-bj李栎--张晓洁yc-7,-,,,199元高中双科提分课,199元高中双科提分课,自投放,其他,0,wangjiananbj03,2026/7/16,4,0.46,0,0,0,16.43,0,0,7.14%,0%,-,0,0
7b254b5bd3ca4e273cf297106c6a1a69,-,-,-,-,-,https://tutor-online.oss-cn-beijing.aliyuncs.com/growth/download-material/7b254b5bd3ca4e273cf297106c6a1a69.mp4,20260612-猿辅导高中双科-实拍-千川-活动-五科-199学三年-不要-唐欣悦-詹铠任-cd鲨鱼-叶俊泽yc-1.mp4,-,,,199元高中双科提分课,199元高中双科提分课,荔枝,其他,0,wangjiananbj03,2026/6/18,32,1.59,0,0,0,132.5,397.5,0,33.33%,0.00%,-,0,0
d262cf1ed3206b38e8ae7a850ba3f32b,-,-,-,-,-,https://tutor-online.oss-cn-beijing.aliyuncs.com/growth/download-material/d262cf1ed3206b38e8ae7a850ba3f32b.mp4,9元视频1203-0706-9物-十人-bwxy-ylb-A2-B4-jzmj-bwxy-pcc-h-1（2）(2),-,,,9元高中物理李博,9元高中物理李博,十人,代理商,0,wangruixuebj01,2026/7/14,6,0.34,0,0,0,7.23,0,0,0.00%,0.00%,-,0,0
82e2fcb643bd5b74cbc4cd72b3713350,-,-,-,-,-,https://tutor-online.oss-cn-beijing.aliyuncs.com/growth/download-material/82e2fcb643bd5b74cbc4cd72b3713350.mp4,20260708-猿辅导高中双科-口播-活动-选哪栎-张焱-bj李栎-叶俊泽yc-5-前贴1,-,,,199元高中双科提分课,199元高中双科提分课,荔枝,其他,0,wangjiananbj03,2026/7/15,5,118.19,0,0,0,76.85,19698.33,0,0.65%,0%,-,0,0
bcfdbcad850bcfda806e4de67080e383,-,-,-,-,-,https://tutor-online.oss-cn-beijing.aliyuncs.com/growth/download-material/bcfdbcad850bcfda806e4de67080e383.mp4,20260619-猿辅导高中双科-实拍-活动-夏他-张焱-bj李赛-裂变-张晓洁yc-2.mp4,-,,,199元高中双科提分课,199元高中双科提分课,荔枝,其他,0,wangjiananbj03,2026/6/19,31,2.23,0,0,0,139.38,743.33,0,18.75%,0.00%,-,0,0
67566dcba14e63792a3d734a3dbc1d05,-,-,-,-,-,https://tutor-online.oss-cn-beijing.aliyuncs.com/growth/download-material/67566dcba14e63792a3d734a3dbc1d05.mp4,0706-9物-玄武-李博-王成仡-彩丽-方法优势-效果保证-有-8-yfdwl0706G6浩8-丽-龙-仡-首,-,,,9元高中物理李博,9元高中物理李博,玄武,代理商,0,wangruixuebj01,2026/7/11,9,1.04,0,0,0,17.93,0,0,0.00%,0.00%,-,0,0
f114e9daa1dde7874b33511ea976c34c,-,-,-,-,-,https://tutor-online.oss-cn-beijing.aliyuncs.com/growth/download-material/f114e9daa1dde7874b33511ea976c34c.mp4,20260708-猿辅导高中双科-实拍-千川-买数送物-活动-AI推-李莹莹-cd汐汐-詹铠任-张晓洁yc-3（前贴）.mp4,-,,,199元高中双科提分课,199元高中双科提分课,荔枝,其他,0,wangjiananbj03,2026/7/13,7,82.69,0,0,0,256.01,8269,0,3.10%,0.00%,-,0,0
96fc5c1e59eba454201f6904c3e59328,-,-,-,-,-,https://tutor-online.oss-cn-beijing.aliyuncs.com/growth/download-material/96fc5c1e59eba454201f6904c3e59328.mp4,20260625-猿辅导高中双科-图文混剪--辅导-高二-唐欣悦-补量二创-张晓洁ec-3.mp4,-,,,199元高中双科提分课,199元高中双科提分课,荔枝,代理商,0,wangjiananbj03,2026/6/25,25,0.16,0,0,0,40,80,0,50.00%,0.00%,-,0,0
53c7e1b250afee46de1c6bf8d2ae6170,-,-,-,-,-,https://tutor-online.oss-cn-beijing.aliyuncs.com/growth/download-material/53c7e1b250afee46de1c6bf8d2ae6170.mp4,20260604-猿辅导高中双科-实拍-买物理送数学-再说-张焱-bj丁梓仟-曾柔雪ec-3-图拼接.1,-,,,199元高中双科提分课,199元高中双科提分课,荔枝,其他,0,wangjiananbj03,2026/6/23,27,6735.59,3184,16,0.47,121.47,22755.37,420.97,0.76%,3.80%,-,0.29,10756.76
bf0b4654e59865e19bf8abd10166df52,-,-,-,-,-,https://tutor-online.oss-cn-beijing.aliyuncs.com/growth/download-material/bf0b4654e59865e19bf8abd10166df52.mp4,0617-9物-代理-十人-李博-jjsx-bwxy-A2-B1-pwjl-pcc-3,-,,,9元高中物理李博,9元高中物理李博,十人,代理商,0,wangruixuebj01,2026/6/20,30,22.41,0,0,0,153.49,0,0,0.00%,0.00%,-,0,0
848cdff48e96ea136a36aeedb4d3c494,-,-,-,-,-,https://tutor-online.oss-cn-beijing.aliyuncs.com/growth/download-material/848cdff48e96ea136a36aeedb4d3c494.mp4,一键修复_20260616-猿辅导高中双科-实拍-活动-夏他-张焱-bj李赛-二创-张晓洁ec-1.mp4,-,,,199元高中双科提分课,199元高中双科提分课,荔枝,其他,0,wangjiananbj03,2026/6/19,31,1.5,0,0,0,93.75,500,0,18.75%,0.00%,-,0,0
909d050f6d1cd98c7b4cd213d4834e28,-,-,-,-,-,https://tutor-online.oss-cn-beijing.aliyuncs.com/growth/download-material/909d050f6d1cd98c7b4cd213d4834e28.mp4,20260501-猿辅导高中双科-实拍-买数学送物理-要不要-常文茜-cd胡洁-詹铠任-张晓洁yc-5.1.mp4,-,,,199元高中双科提分课,199元高中双科提分课,荔枝,其他,0,wangjiananbj03,2026/5/17,64,1.2,0,0,0,600,0,0,0.00%,0.00%,-,0,0
55dd670514df9a3f40d0376461f290bd,-,-,-,-,-,https://tutor-online.oss-cn-beijing.aliyuncs.com/growth/download-material/55dd670514df9a3f40d0376461f290bd.mp4,20260626-猿辅导高中双科-图-红花-张焱拼实拍-千川-活动-五科-199学三年-不要-唐欣悦-岳久鸿-cd小丹-李文静ec-视频号二创-2.mp4,-,,,199元高中双科提分课,199元高中双科提分课,荔枝,其他,0,wangjiananbj03,2026/7/1,19,75.77,199,1,2.63,105.24,4735.63,75.77,2.22%,6.25%,-,1.39,12437.5
77626e87877ae72264e1948ff847f149,-,-,-,-,-,https://tutor-online.oss-cn-beijing.aliyuncs.com/growth/download-material/77626e87877ae72264e1948ff847f149.mp4,一键修复_20260630-猿辅导高中双科-实拍-视频号-ip李博-买物送数-199学三年-动辄几万-常文茜-ip李博--李文静yc-1-前贴.mp4,-,,,199元高中双科提分课,199元高中双科提分课,荔枝,其他,0,wangjiananbj03,2026/7/3,17,0.69,0,0,0,230,690,0,33.33%,0.00%,-,0,0
d7a309d85baae389c30510685d306b57,-,-,-,-,-,https://tutor-online.oss-cn-beijing.aliyuncs.com/growth/download-material/d7a309d85baae389c30510685d306b57.mp4,20260704-猿辅导高中双科-实拍-千川-活动-买数学送物理-上哪找二-常文茜-cd张艺馨-岳久鸿-叶俊泽ec-二创-14-高二-五科,-,,,199元高中双科提分课,199元高中双科提分课,荔枝,其他,0,wangjiananbj03,2026/7/9,11,494.16,199,1,0.4,91.82,10514.04,494.16,1.06%,1.75%,-,0.19,4234.04
3113c17ce9d22037494d1d932d28d724,-,-,-,-,-,https://tutor-online.oss-cn-beijing.aliyuncs.com/growth/download-material/3113c17ce9d22037494d1d932d28d724.mp4,20260710-猿辅导高中双科-实拍-千川-买数学送物理-线下班对比-三人行-常文茜-bj李栎-二创-张晓洁ec-6.mp4,-,,,199元高中双科提分课,199元高中双科提分课,荔枝,其他,0,wangjiananbj03,2026/7/16,4,152.26,199,1,1.31,69.21,4911.61,152.26,1.41%,3.23%,-,0.45,6419.35
68ba194d2ce9040d9d12c1fc8f482718,-,-,-,-,-,https://tutor-online.oss-cn-beijing.aliyuncs.com/growth/download-material/68ba194d2ce9040d9d12c1fc8f482718.mp4,0707-199双科-申坤-李博-李天-王合云-A1-B6-无-高二高三-01,-,,,199元高中双科提分课,199元高中双科提分课,申坤,其他,0,wangjiananbj03,2026/7/7,13,25.03,0,0,0,121.5,0,0,0.00%,0.00%,-,0,0
d8dcb2493800c4647f37dd6df53da7f1,-,-,-,-,-,https://tutor-online.oss-cn-beijing.aliyuncs.com/growth/download-material/d8dcb2493800c4647f37dd6df53da7f1.mp4,0623-9物-玄武-李博-刘志宽-胡原宁-A6-B5-有-4-【AI】-yfdwl0623k1浩4-宁-龙-宽-首(1),-,,,9元高中物理李博,9元高中物理李博,玄武,代理商,0,wangruixuebj01,2026/7/3,17,71.96,0,0,0,92.97,4232.94,0,2.33%,0%,-,0,0
5f3e72220fc428bb204de99a81935653,-,-,-,-,-,https://tutor-online.oss-cn-beijing.aliyuncs.com/growth/download-material/5f3e72220fc428bb204de99a81935653.mp4,20260701-猿辅导高中双科-实拍-千川-焦虑--张焱-bj李赛-二创-ts罗雅雯-张晓洁ec-10.mp4,-,,,199元高中双科提分课,199元高中双科提分课,荔枝,其他,0,wangjiananbj03,2026/7/7,13,1.89,0,0,0,171.82,1890,0,9.09%,0.00%,-,0,0
acef83805b9816c74ed160a56b8614f5,-,-,-,-,-,https://tutor-online.oss-cn-beijing.aliyuncs.com/growth/download-material/acef83805b9816c74ed160a56b8614f5.mp4,一键修复_20260615-猿辅导高中双科-实拍-千川-活动-上哪儿去找-唐欣悦-cd杨嘉欣-岳久鸿-李文静yc-1（前贴版）.mp4,-,,,199元高中双科提分课,199元高中双科提分课,荔枝,其他,0,wangjiananbj03,2026/6/22,28,2.79,0,0,0,232.5,2790,0,8.33%,0.00%,-,0,0
49de128c6f2ee7a7650c8e255b81ff1d,-,-,-,-,-,https://tutor-online.oss-cn-beijing.aliyuncs.com/growth/download-material/49de128c6f2ee7a7650c8e255b81ff1d.mp4,0610-199双科-自产-自产主-李博-视觉锤-子衿-A7-B2-无-5.mp4,-,,,199元高中双科提分课,199元高中双科提分课,荔枝,其他,0,wangjiananbj03,2026/6/19,31,0.3,0,0,0,100,0,0,0.00%,0.00%,-,0,0
3dbffa479b5f737a05c4336dde6ddc93,-,-,-,-,-,https://tutor-online.oss-cn-beijing.aliyuncs.com/growth/download-material/3dbffa479b5f737a05c4336dde6ddc93.mp4,20260704-猿辅导高中双科-混剪-图-张凌-张焱-张雪依yc-2-高三,-,,,199元高中双科提分课,199元高中双科提分课,荔枝,其他,0,wangjiananbj03,2026/7/6,14,28.92,0,0,0,67.73,28920,0,0.47%,0%,-,0,0
ec28ff06868745729880554e80653880,-,-,-,-,-,https://tutor-online.oss-cn-beijing.aliyuncs.com/growth/download-material/ec28ff06868745729880554e80653880.mp4,null-自动生成-20-202607100855,-,,,199元高中双科提分课,199元高中双科提分课,申坤,其他,0,wangjiananbj03,2026/7/11,9,207.84,199,1,0.96,28.19,7993.85,207.84,0.45%,3.03%,-,0.14,7653.85
680066478cc80c22dd6a8da2fd4eb730,-,-,-,-,-,https://tutor-online.oss-cn-beijing.aliyuncs.com/growth/download-material/680066478cc80c22dd6a8da2fd4eb730.mp4,0616-9物-代理-十人-李博-jzzy-bmqr-A2-B2-pwjl-无-1,-,,,9元高中物理李博,9元高中物理李博,十人,代理商,0,wangruixuebj01,2026/6/19,31,0.16,0,0,0,0.75,0,0,0.00%,0.00%,-,0,0
d6c65a77d63766e996fa6e63a0fcd153,-,-,-,-,-,https://tutor-online.oss-cn-beijing.aliyuncs.com/growth/download-material/d6c65a77d63766e996fa6e63a0fcd153.mp4,一键修复_20260616-猿辅导高中双科-实拍-千川-分数痛点-买数学送物理-一起-张焱-bj冷一丁-裂变-张晓洁yc-6.mp4,-,,,199元高中双科提分课,199元高中双科提分课,荔枝,其他,0,wangjiananbj03,2026/6/16,34,4.78,0,0,0,108.64,4780,0,2.27%,0.00%,-,0,0
825fa4a6057badd16ef59a3142288570,-,-,-,-,-,https://tutor-online.oss-cn-beijing.aliyuncs.com/growth/download-material/825fa4a6057badd16ef59a3142288570.mp4,一键修复_20260617-猿辅导高中双科-实拍-千川-买物理送数学--张焱-cd鲨鱼-高俊南-张晓洁yc-2（前贴2改）.mp4,-,,,199元高中双科提分课,199元高中双科提分课,荔枝,其他,0,wangjiananbj03,2026/6/22,28,0.44,0,0,0,73.33,0,0,0.00%,0.00%,-,0,0
67762b389cf96f61b61a8db9d89af72c,-,-,-,-,-,https://tutor-online.oss-cn-beijing.aliyuncs.com/growth/download-material/67762b389cf96f61b61a8db9d89af72c.mp4,20260601-猿辅导高中双科-实拍-塑品-买数送物-全年-舍得-张焱-bj李栎-二创-张晓洁ec-2,-,,,199元高中双科提分课,199元高中双科提分课,荔枝,其他,0,wangjiananbj03,2026/6/24,26,9.93,0,0,0,75.8,0,0,0.00%,0.00%,-,0,0
004f3ed508b790595d9a417fc4c60a7a,-,-,-,-,-,https://tutor-online.oss-cn-beijing.aliyuncs.com/growth/download-material/004f3ed508b790595d9a417fc4c60a7a.mp4,9元视频1193-0703-9物-代理-十人-李博-jjsx-bwxy-A2-B1-pcc-pwjl-2,-,,,9元高中物理李博,9元高中物理李博,十人,代理商,0,wangruixuebj01,2026/7/11,9,0.06,0,0,0,1.25,0,0,0.00%,0.00%,-,0,0
cdbe9649555a96daa3d37fbb940df1a4,-,-,-,-,-,https://tutor-online.oss-cn-beijing.aliyuncs.com/growth/download-material/cdbe9649555a96daa3d37fbb940df1a4.mp4,0710-199双科-申坤-李博-李天-卞俊洁-A3-B2-无-05,-,,,199元高中双科提分课,199元高中双科提分课,申坤,其他,0,wangjiananbj03,2026/7/11,9,14.57,0,0,0,33.81,0,0,0.00%,0.00%,-,0,0
cc575ea078d87383e3f04d58908241cb,-,-,-,-,-,https://tutor-online.oss-cn-beijing.aliyuncs.com/growth/download-material/cc575ea078d87383e3f04d58908241cb.mp4,20260630-猿辅导高中双科-实拍-活动-夏他-张焱唐欣悦-bj李赛于靖-裂变-张晓洁yc-4.mp4,-,,,199元高中双科提分课,199元高中双科提分课,荔枝,其他,0,wangjiananbj03,2026/6/30,20,3.93,0,0,0,206.84,3930,0,5.26%,0.00%,-,0,0
ffc63da55af824ec8b420b80031ade2b,-,-,-,-,-,https://tutor-online.oss-cn-beijing.aliyuncs.com/growth/download-material/ffc63da55af824ec8b420b80031ade2b.mp4,20260711-猿辅导高中双科-实拍-活动-放心-张焱-bj刘能能-高二-李文静ec-二创-6.mp4,-,,,199元高中双科提分课,199元高中双科提分课,荔枝,其他,0,wangjiananbj03,2026/7/13,7,6.83,199,1,29.14,284.58,6830,6.83,4.17%,100.00%,-,41.67,199000
29ac66349b0cd10367c4df684580292e,-,-,-,-,-,https://tutor-online.oss-cn-beijing.aliyuncs.com/growth/download-material/29ac66349b0cd10367c4df684580292e.mp4,0707-199双科-申坤-李博-李天-卞俊洁-A2-B4-无-高二高三-2,-,,,199元高中双科提分课,199元高中双科提分课,申坤,其他,0,wangjiananbj03,2026/7/7,13,2732.8,1194,6,0.44,142.28,28766.32,455.47,0.79%,3.95%,-,0.31,12568.42
d78b33bc70f637a00c315bc44cd1aa8c,-,-,-,-,-,https://tutor-online.oss-cn-beijing.aliyuncs.com/growth/download-material/d78b33bc70f637a00c315bc44cd1aa8c.mp4,20260624-猿辅导高中双科-实拍-千川-199学三年数学--唐欣悦-bj郭铭泽--张晓洁yc-2.mp4,-,,,199元高中双科提分课,199元高中双科提分课,荔枝,其他,0,wangjiananbj03,2026/6/27,23,5.71,0,0,0,135.95,2855,0,4.76%,0.00%,-,0,0
d1e29689417b74c74f8c209f880ab91d,-,-,-,-,-,https://img-pub.oss-cn-beijing-internal.aliyuncs.com/19f652cb3edf892.mp4,0609-9物-代理-十人-李博-jjsx-bjsx-A2-B1-pcc-有-3-AI,-,,,9元高中物理李博,9元高中物理李博,十人,代理商,0,wangruixuebj01,2026/7/16,4,0.1,0,0,0,14.29,0,0,0.00%,0.00%,-,0,0
4776ed3184f987e3ab2d99a84960c624,-,-,-,-,-,https://tutor-online.oss-cn-beijing.aliyuncs.com/growth/download-material/4776ed3184f987e3ab2d99a84960c624.mp4,0616-9物-十人-bwxy-ylb-A2-B4-jclb-pwjl-1,-,,,9元高中物理李博,9元高中物理李博,十人,代理商,0,wangruixuebj01,2026/6/20,30,1.95,0,0,0,92.86,0,0,0.00%,0.00%,-,0,0
c49bbdd948f75e7b8c4d049643cfc6ff,-,-,-,-,-,https://tutor-online.oss-cn-beijing.aliyuncs.com/growth/download-material/c49bbdd948f75e7b8c4d049643cfc6ff.mp4,一键修复_0428-199双科-自产-自产二-王晶-曲中雨-子衿-A5-B1-有-25-前贴2.mp4,-,,,199元高中双科提分课,199元高中双科提分课,荔枝,其他,0,wangjiananbj03,2026/5/21,60,4,0,0,0,173.91,0,0,0.00%,0.00%,-,0,0
5d20c1fdc9a98dcd11e9bd3e2843b83f,-,-,-,-,-,https://tutor-online.oss-cn-beijing.aliyuncs.com/growth/download-material/5d20c1fdc9a98dcd11e9bd3e2843b83f.mp4,20260625-猿辅导高中双科-实拍-千川-活动-买数学送物理-确实-张焱-bj于靖--张晓洁ec-2,-,,,199元高中双科提分课,199元高中双科提分课,荔枝,代理商,0,wangjiananbj03,2026/7/9,11,0.97,0,0,0,19.8,0,0,0.00%,0.00%,-,0,0
c78b1f8d47843adb045e224721a5e004,-,-,-,-,-,https://tutor-online.oss-cn-beijing.aliyuncs.com/growth/download-material/c78b1f8d47843adb045e224721a5e004.mp4,0710-199双科-申坤-李博-李天-张佳乐-A5-B1-有-高二高三-6,-,,,199元高中双科提分课,199元高中双科提分课,申坤,其他,0,wangjiananbj03,2026/7/14,6,3.92,0,0,0,25.79,1960,0,1.32%,0%,-,0,0
e01938b409d8d1b12886a532ed1da66f,-,-,-,-,-,https://tutor-online.oss-cn-beijing.aliyuncs.com/growth/download-material/e01938b409d8d1b12886a532ed1da66f.mp4,0616-9物-十人-bmqr-ylb-A2-B4-jclb-pwjl-5,-,,,9元高中物理李博,9元高中物理李博,十人,代理商,0,wangruixuebj01,2026/6/17,33,3.11,9,1,2.89,141.36,1555,3.11,9.09%,50.00%,-,45.45,4500
8c738d978c6c24bb57c48ea5b207a631,-,-,-,-,-,https://tutor-online.oss-cn-beijing.aliyuncs.com/growth/download-material/8c738d978c6c24bb57c48ea5b207a631.mp4,一键修复_20260707-猿辅导高中双科-实拍-千川-买数送物-活动-喊醒-李莹莹-bj冷一丁-叶俊泽yc-2.mp4,-,,,199元高中双科提分课,199元高中双科提分课,荔枝,其他,0,wangjiananbj03,2026/7/10,10,1.41,0,0,0,70.5,470,0,15.00%,0.00%,-,0,0
8425bb08a1dcb3faf027a8a2893b4199,-,-,-,-,-,https://tutor-online.oss-cn-beijing.aliyuncs.com/growth/download-material/8425bb08a1dcb3faf027a8a2893b4199.mp4,20260601-猿辅导高中数物双科-实拍-活动-退了-张焱-cd张璐-二创-张晓洁ec-3,-,,,199元高中双科提分课,199元高中双科提分课,荔枝,其他,0,wangjiananbj03,2026/6/23,27,2455.54,1194,6,0.49,126.4,15842.19,409.26,0.97%,3.17%,-,0.31,7703.23
72e4105c24f966edcdfa7e0c1b209028,-,-,-,-,-,https://img-pub.oss-cn-beijing-internal.aliyuncs.com/19e920a5e37058e.mp4,9元视频1007-0602拓--9物-十人-bmqr-ylb-A2-B4-jzzy-pwjl-1,-,,,9元高中物理李博,9元高中物理李博,十人,代理商,0,wangruixuebj01,2026/6/4,46,4.31,0,0,0,24.63,0,0,1.14%,0%,-,0,0
392b54638ac3a1081100d98cf3005f5b,-,-,-,-,-,https://tutor-online.oss-cn-beijing.aliyuncs.com/growth/download-material/392b54638ac3a1081100d98cf3005f5b.mp4,20260701-猿辅导高中双科-实拍-千川-活动-买数送物-199学全年-骗局-常文茜-bj冷一丁-高二--李文静yc-2-前贴 .mp4,-,,,199元高中双科提分课,199元高中双科提分课,荔枝,其他,0,wangjiananbj03,2026/7/11,9,9.46,0,0,0,230.73,4730,0,4.88%,0.00%,-,0,0
fb6b3d997acccb01f36054cbae2d7c1b,-,-,-,-,-,https://tutor-online.oss-cn-beijing.aliyuncs.com/growth/download-material/fb6b3d997acccb01f36054cbae2d7c1b.mp4,20260530-猿辅导高中双科-实拍-买物理送数学-不花-张焱-cd金花-张雪依ec-二创-10.mp4,-,,,199元高中双科提分课,199元高中双科提分课,荔枝,其他,0,wangjiananbj03,2026/6/2,48,0.56,0,0,0,112,0,0,0.00%,0.00%,-,0,0
7955e49813c3edf8fe4813519ea0e12f,-,-,-,-,-,https://tutor-online.oss-cn-beijing.aliyuncs.com/growth/download-material/7955e49813c3edf8fe4813519ea0e12f.mp4,0703-199双科-申坤-李博-李天-卞俊洁-A2-B4-无-12,-,,,199元高中双科提分课,199元高中双科提分课,申坤,其他,0,wangjiananbj03,2026/7/10,10,6.47,0,0,0,59.91,0,0,0.00%,0.00%,-,0,0
7af7fce9393cc71281cf69dcb6be2a8f,-,-,-,-,-,https://tutor-online.oss-cn-beijing.aliyuncs.com/growth/download-material/7af7fce9393cc71281cf69dcb6be2a8f.mp4,0703-199双科-申坤-李博-李天-卞俊洁-A2-B4-无-1,-,,,199元高中双科提分课,199元高中双科提分课,申坤,其他,0,wangjiananbj03,2026/7/9,11,14.34,0,0,0,26.8,2868,0,0.93%,0%,-,0,0
cb97357dd4c464c6fd5580f217296ed7,-,-,-,-,-,https://tutor-online.oss-cn-beijing.aliyuncs.com/growth/download-material/cb97357dd4c464c6fd5580f217296ed7.mp4,20260611-猿辅导高中双科-实拍-千川-性价比-买数送物-199学全年-吃个饭-常文茜-bj丁梓仟--张雪依yc-1改.mp4,-,,,199元高中双科提分课,199元高中双科提分课,荔枝,其他,0,wangjiananbj03,2026/6/16,34,1.38,0,0,0,72.63,0,0,0.00%,0.00%,-,0,0
feaad3a1276e4d648b986860ee12d17b,-,-,-,-,-,https://tutor-online.oss-cn-beijing.aliyuncs.com/growth/download-material/feaad3a1276e4d648b986860ee12d17b.mp4,20260523-猿辅导高中双科-实拍-买物理送数学-再说-张焱-bj丁梓仟--张晓洁ec-2.1.mp4,-,,,199元高中双科提分课,199元高中双科提分课,荔枝,其他,0,wangjiananbj03,2026/5/25,56,0.92,0,0,0,46,460,0,10.00%,0.00%,-,0,0
cfe2c0f3e2118e924af8e5b87de85110,-,-,-,-,-,https://tutor-online.oss-cn-beijing.aliyuncs.com/growth/download-material/cfe2c0f3e2118e924af8e5b87de85110.mp4,一键修复_20260622-猿辅导高中双科-实拍-视频号-ip李博-买物送数-199学三年-马虎-常文茜-ip李博--张雪依yc-3.mp4,-,,,199元高中双科提分课,199元高中双科提分课,荔枝,其他,0,wangjiananbj03,2026/6/25,25,0.09,0,0,0,90,90,0,100.00%,0.00%,-,0,0
8c6b6b1079597e39e320c50830aa212c,-,-,-,-,-,https://tutor-online.oss-cn-beijing.aliyuncs.com/growth/download-material/8c6b6b1079597e39e320c50830aa212c.mp4,20260710-猿辅导高中双科-实拍-千川-买数送物-专家分享-搞定-高二-张焱-bj宋钦冲-二创-张晓洁ec-7.mp4,-,,,199元高中双科提分课,199元高中双科提分课,荔枝,其他,0,wangjiananbj03,2026/7/16,4,11.49,0,0,0,89.07,5745,0,1.55%,0.00%,-,0,0
8f96bb5ac07d85d474db2dfc75b76627,-,-,-,-,-,https://tutor-online.oss-cn-beijing.aliyuncs.com/growth/download-material/8f96bb5ac07d85d474db2dfc75b76627.mp4,0715-9物-自产-自产主-李博-曲中雨-子衿-A3-B1-有-23-前贴2-娇-【AI】,-,,,9元高中物理李博,9元高中物理李博,玄武,代理商,0,wangruixuebj01,2026/7/16,4,20.62,0,0,0,43.23,3436.67,0,1.05%,0%,-,0,0
0e91b38ed79f1bbeff80b4c2a45418d3,-,-,-,-,-,https://img-pub.oss-cn-beijing-internal.aliyuncs.com/19f12790274d10b.mp4,9元视频1153-0624-9物-代理-十人-李博-jjsx-bmqr-A2-B1-pwjl-pcc-无-1,-,,,9元高中物理李博,9元高中物理李博,十人,代理商,0,wangruixuebj01,2026/7/10,10,0.64,0,0,0,5.82,0,0,0.00%,0.00%,-,0,0
d517a446eaacf455848e2c830b0adc2a,-,-,-,-,-,https://tutor-online.oss-cn-beijing.aliyuncs.com/growth/download-material/d517a446eaacf455848e2c830b0adc2a.mp4,0708-199双科-申坤-李博-李天-卞俊洁-A2-B4-无-1,-,,,199元高中双科提分课,199元高中双科提分课,申坤,其他,0,wangjiananbj03,2026/7/9,11,184.04,0,0,0,49.86,23005,0,0.30%,0%,-,0,0
ef8c88f74a90c1eac2bb25322ef0626b,-,-,-,-,-,https://tutor-online.oss-cn-beijing.aliyuncs.com/growth/download-material/ef8c88f74a90c1eac2bb25322ef0626b.mp4,20260525-猿辅导高中双科-实拍-专家分享-买数送物-来得及-期末-张焱-dr硕士奶爸--张晓洁yc-4（前贴改1）.mp4,-,,,199元高中双科提分课,199元高中双科提分课,荔枝,其他,0,wangjiananbj03,2026/5/30,51,6.33,0,0,0,904.29,3165,0,28.57%,0.00%,-,0,0
16f2f530c2d0cd2cbe03af17bb813b53,-,-,-,-,-,https://tutor-online.oss-cn-beijing.aliyuncs.com/growth/download-material/16f2f530c2d0cd2cbe03af17bb813b53.mp4,一键修复_0610-199双科-自产-自产主-李博-视觉锤-子衿-A2-B3-有-8.mp4,-,,,199元高中双科提分课,199元高中双科提分课,荔枝,其他,0,wangjiananbj03,2026/6/19,31,7.63,0,0,0,30.89,3815,0,0.81%,0.00%,-,0,0
e49008668d51b76640be3223756234b8,-,-,-,-,-,https://tutor-online.oss-cn-beijing.aliyuncs.com/growth/download-material/e49008668d51b76640be3223756234b8.mp4,20260702-猿辅导高中双科-图文混剪--原来-唐欣悦--李文静yc.mp4,-,,,199元高中双科提分课,199元高中双科提分课,荔枝,其他,0,wangjiananbj03,2026/7/2,18,60.29,0,0,0,195.75,6029,0,3.25%,0.00%,-,0,0
6bd04a0f0dc542ae301ea1ef6605cea6,-,-,-,-,-,https://tutor-online.oss-cn-beijing.aliyuncs.com/growth/download-material/6bd04a0f0dc542ae301ea1ef6605cea6.mp4,20260626-猿辅导高中双科-实拍-活动-放心-张焱-bj刘能能-裂变-张晓洁yc-1,-,,,199元高中双科提分课,199元高中双科提分课,荔枝,其他,0,wangjiananbj03,2026/7/16,4,1.5,0,0,0,107.14,0,0,0.00%,0.00%,-,0,0
8566da14bc2c2f73e66b2e0e94802a0a,-,-,-,-,-,https://tutor-online.oss-cn-beijing.aliyuncs.com/growth/download-material/8566da14bc2c2f73e66b2e0e94802a0a.mp4,20260701-猿辅导高中双科-混剪-视频号-图-朋友圈-高三-张焱-补量二创-张晓洁ec-2.1.mp4,-,,,199元高中双科提分课,199元高中双科提分课,荔枝,其他,0,wangjiananbj03,2026/7/2,18,12.6,0,0,0,630,6300,0,10.00%,0.00%,-,0,0
d07436e9ea7f5c25010c5b25214bc570,-,-,-,-,-,https://tutor-online.oss-cn-beijing.aliyuncs.com/growth/download-material/d07436e9ea7f5c25010c5b25214bc570.mp4,一键修复_20260423-猿辅导高中双科-实拍-ip李博-不错-张焱-ip李博-张雪依ec-二创-3.mp4,-,,,199元高中双科提分课,199元高中双科提分课,荔枝,其他,0,wangjiananbj03,2026/5/19,62,0.01,0,0,0,0,0,0,0.00%,0.00%,-,0,0
e7a6bd1525361837297544242ed6b443,-,-,-,-,-,https://tutor-online.oss-cn-beijing.aliyuncs.com/growth/download-material/e7a6bd1525361837297544242ed6b443.mp4,20260711-猿辅导高中双科-实拍-千川-买数送物-专家分享-可以不-高二-张焱-dr珈岐妈妈-李文静ec-二创-11,-,,,199元高中双科提分课,199元高中双科提分课,自投放,其他,0,wangjiananbj03,2026/7/14,6,92.28,0,0,0,53.65,5126.67,0,0.99%,0%,-,0,0
78bfb2333869e288f3e6f66c99db170c,-,-,-,-,-,https://img-pub.oss-cn-beijing-internal.aliyuncs.com/19f1279a09a6fc2.mp4,9元视频1166-0624-9物-十人-bmqr-ylb-A2-B4-jzmj-bmqr-pwjl-1,-,,,9元高中物理李博,9元高中物理李博,十人,代理商,0,wangruixuebj01,2026/6/30,20,0,0,0,0,0,0,0,0.00%,0.00%,-,0,0
10addf3a106124f57c5cd4f6e1c84b76,-,-,-,-,-,https://tutor-online.oss-cn-beijing.aliyuncs.com/growth/download-material/10addf3a106124f57c5cd4f6e1c84b76.mp4,20260716-高中数物（高一升高二）-混剪-图-张凌-4.mp4,-,,,199元高中双科提分课,199元高中双科提分课,荔枝,其他,0,wangjiananbj03,2026/7/16,4,422.79,398,2,0.94,115.71,5155.98,211.4,2.24%,2.44%,-,0.55,4853.66
9d1507cf1df4548a4507779b19c95ec5,-,-,-,-,-,https://tutor-online.oss-cn-beijing.aliyuncs.com/growth/download-material/9d1507cf1df4548a4507779b19c95ec5.mp4,20260704-猿辅导高中双科-混剪-图-张凌-张焱-张雪依yc-13-高二高三.mp4,-,,,199元高中双科提分课,199元高中双科提分课,荔枝,其他,0,wangjiananbj03,2026/7/9,11,0.58,0,0,0,41.43,580,0,7.14%,0.00%,-,0,0
381714bc00e6636a5f6cbf71a9c04af7,-,-,-,-,-,https://tutor-online.oss-cn-beijing.aliyuncs.com/growth/download-material/381714bc00e6636a5f6cbf71a9c04af7.mp4,20260623-猿辅导高中双科-实拍-千川-活动-买数学送物理-犹豫-张焱-bj于靖-裂变-张晓洁yc-1,-,,,199元高中双科提分课,199元高中双科提分课,荔枝,代理商,0,wangjiananbj03,2026/7/9,11,18.33,0,0,0,86.06,0,0,0.00%,0.00%,-,0,0
476223118b4f4b1987563bd5459af51b,-,-,-,-,-,https://tutor-online.oss-cn-beijing.aliyuncs.com/growth/download-material/476223118b4f4b1987563bd5459af51b.mp4,一键修复_20260703-猿辅导高中双科-实拍-千川-暑期规划-买数送物-199学全年-开学上高二-常文茜-bj庄紫薇-李文静yc-2-前贴.mp4,-,,,199元高中双科提分课,199元高中双科提分课,荔枝,其他,0,wangjiananbj03,2026/7/11,9,10.55,0,0,0,68.06,1758.33,0,3.87%,0.00%,-,0,0
3198bab2da61f2101d986b3e1639964e,-,-,-,-,-,https://tutor-online.oss-cn-beijing.aliyuncs.com/growth/download-material/3198bab2da61f2101d986b3e1639964e.mp4,0703-199双科-申坤-王晶-李天-卞俊洁-A3-B4-有-24,-,,,199元高中双科提分课,199元高中双科提分课,申坤,其他,0,wangjiananbj03,2026/7/7,13,59.04,0,0,0,64.03,0,0,0.22%,0%,-,0,0
f073aefa023eddf73cb2a67e7aef32f4,-,-,-,-,-,https://tutor-online.oss-cn-beijing.aliyuncs.com/growth/download-material/f073aefa023eddf73cb2a67e7aef32f4.mp4,0708-199双科-申坤-李博-李天-卞俊洁-A2-B4-无-高二高三-1,-,,,199元高中双科提分课,199元高中双科提分课,申坤,其他,0,wangjiananbj03,2026/7/9,11,0.1,0,0,0,33.33,0,0,0.00%,0.00%,-,0,0
2ae59d8cf24024ea8dc9ca290152a4c6,-,-,-,-,-,https://tutor-online.oss-cn-beijing.aliyuncs.com/growth/download-material/2ae59d8cf24024ea8dc9ca290152a4c6.mp4,一键修复_20260605-猿辅导高中双科-实拍-视频号-ip李博-买物送数-199学三年-退掉-唐欣悦-IP李博--张雪依yc-2（前贴版）.mp4,-,,,199元高中双科提分课,199元高中双科提分课,荔枝,其他,0,wangjiananbj03,2026/6/9,41,12,0,0,0,173.91,3000,0,5.80%,0.00%,-,0,0
c10ab922862afc6f99ddb67fd61cc9f0,-,-,-,-,-,https://tutor-online.oss-cn-beijing.aliyuncs.com/growth/download-material/c10ab922862afc6f99ddb67fd61cc9f0.mp4,20260701-猿辅导高中双科-实拍-千川-买数送物-专家分享-搞定-高二-张焱-bj宋钦冲-叶俊泽ec-二创-ts徐鑫悦-高三-五科-7,-,,,199元高中双科提分课,199元高中双科提分课,荔枝,其他,0,wangjiananbj03,2026/7/9,11,2227.08,597,3,0.27,78.12,20431.93,742.36,0.54%,1.95%,-,0.11,5477.06
b50ed3440ad7e59306f8b40dfeba8afa,-,-,-,-,-,https://tutor-online.oss-cn-beijing.aliyuncs.com/growth/download-material/b50ed3440ad7e59306f8b40dfeba8afa.mp4,20260618-猿辅导高中双科-实拍-活动-不是-张焱-bj毕娇-袁北辰ec-二创-老素材-2.mp4,-,,,199元高中双科提分课,199元高中双科提分课,荔枝,其他,0,wangjiananbj03,2026/6/18,32,32.07,0,0,0,181.19,4581.43,0,3.95%,0.00%,-,0,0
9620ec05bbfe97d3136f21ac65ee45f9,-,-,-,-,-,https://tutor-online.oss-cn-beijing.aliyuncs.com/growth/download-material/9620ec05bbfe97d3136f21ac65ee45f9.mp4,0703-199双科-申坤-李博-李天-卞俊洁-A2-B4-无-09.mp4,-,,,199元高中双科提分课,199元高中双科提分课,申坤,其他,0,wangjiananbj03,2026/7/10,10,5.37,0,0,0,31.59,0,0,0.00%,0.00%,-,0,0
9451b8d25f84e04be4743b62d3cff2ad,-,-,-,-,-,https://tutor-online.oss-cn-beijing.aliyuncs.com/growth/download-material/9451b8d25f84e04be4743b62d3cff2ad.mp4,20260711-猿辅导高中双科-实拍-视频号-活动-买数送物-199学三年-通用-买数送物-我们呢-常文茜-bj嵩云--李文静-yc-3.mp4,-,,,199元高中双科提分课,199元高中双科提分课,荔枝,其他,0,wangjiananbj03,2026/7/13,7,15.96,0,0,0,101.66,1773.33,0,5.73%,0.00%,-,0,0
920b77cb11ff629d85927970f3d9c35d,-,-,-,-,-,https://tutor-online.oss-cn-beijing.aliyuncs.com/growth/download-material/920b77cb11ff629d85927970f3d9c35d.mp4,20260711-猿辅导高中双科-实拍-千川-活动-高二高三-五科-售卖-张焱-bj李栎--李文静ec-二创-5 (1).mp4,-,,,199元高中双科提分课,199元高中双科提分课,荔枝,其他,0,wangjiananbj03,2026/7/16,4,2,0,0,0,117.65,0,0,0.00%,0.00%,-,0,0
0d307f4a92378efac0b64cf35433562e,-,-,-,-,-,https://tutor-online.oss-cn-beijing.aliyuncs.com/growth/download-material/0d307f4a92378efac0b64cf35433562e.mp4,妙思自动生成-232-202607100148,-,,,199元高中双科提分课,199元高中双科提分课,荔枝,其他,0,wangjiananbj03,2026/7/10,10,0.25,0,0,0,11.9,0,0,0.00%,0.00%,-,0,0
ba49c37c59056bb7bcba8bec777a2e9a,-,-,-,-,-,https://tutor-online.oss-cn-beijing.aliyuncs.com/growth/download-material/ba49c37c59056bb7bcba8bec777a2e9a.mp4,0703-199双科-申坤-李博-李天-卞俊洁-A2-B4-无-27,-,,,199元高中双科提分课,199元高中双科提分课,申坤,其他,0,wangjiananbj03,2026/7/5,15,2093.36,597,3,0.29,239.6,19748.68,697.79,1.81%,1.90%,-,0.34,5632.08
50e8ec4edabc2fcf445f9ee35e20d8fa,-,-,-,-,-,https://tutor-online.oss-cn-beijing.aliyuncs.com/growth/download-material/50e8ec4edabc2fcf445f9ee35e20d8fa.mp4,20260702-猿辅导高中双科-混剪-视频号-图-地标-张焱-裂变-袁北辰ec-1,-,,,199元高中双科提分课,199元高中双科提分课,荔枝,其他,0,wangjiananbj03,2026/7/4,16,1.46,0,0,0,18.25,0,0,0.00%,0.00%,-,0,0
0b4dc9eee5c4c8619b57e74fdae7f36d,-,-,-,-,-,https://tutor-online.oss-cn-beijing.aliyuncs.com/growth/download-material/0b4dc9eee5c4c8619b57e74fdae7f36d.mp4,0623-9物-代理-玄武-李博-郝增鑫-胡原宁-A5-B2-有-5-yfdwl0623h4浩5-宁-鑫-【AI】-改0625,-,,,9元高中物理李博,9元高中物理李博,玄武,代理商,0,wangruixuebj01,2026/7/8,12,0.03,0,0,0,2.31,0,0,0.00%,0.00%,-,0,0
5c9782eed2b4edaf86c44e9e6764737f,-,-,-,-,-,https://tutor-online.oss-cn-beijing.aliyuncs.com/growth/download-material/5c9782eed2b4edaf86c44e9e6764737f.mp4,20260711-猿辅导高中双科-实拍-视频号-暑假预习-高二-买物送数-比不过-唐欣悦-bj高攀-岳久鸿yc-2.mp4,-,,,199元高中双科提分课,199元高中双科提分课,荔枝,其他,0,wangjiananbj03,2026/7/16,4,0.05,0,0,0,16.67,0,0,0.00%,0.00%,-,0,0
d0c4fa4ea51355a325c630a9fc830569,-,-,-,-,-,https://tutor-online.oss-cn-beijing.aliyuncs.com/growth/download-material/d0c4fa4ea51355a325c630a9fc830569.mp4,20260707-猿辅导高中双科-实拍-千川-买数送物-活动-喊醒-李莹莹-bj冷一丁-叶俊泽yc-2-前贴,-,,,199元高中双科提分课,199元高中双科提分课,荔枝,其他,0,wangjiananbj03,2026/7/10,10,378.19,0,0,0,108.3,19904.74,0,0.72%,0%,-,0,0
45702e0c92a70761a1ede20647a07e97,-,-,-,-,-,https://tutor-online.oss-cn-beijing.aliyuncs.com/growth/download-material/45702e0c92a70761a1ede20647a07e97.mp4,0630-199双科-申坤-李博-李天-卞俊洁-A2-B4-无-29,-,,,199元高中双科提分课,199元高中双科提分课,申坤,其他,0,wangjiananbj03,2026/7/16,4,0.09,0,0,0,7.5,0,0,0.00%,0.00%,-,0,0
4d3b5b45428d88646fc07ae282e7e50d,-,-,-,-,-,https://tutor-online.oss-cn-beijing.aliyuncs.com/growth/download-material/4d3b5b45428d88646fc07ae282e7e50d.mp4,0630-199双科-申坤-李博-李天-卞俊洁-A2-B4-无-13,-,,,199元高中双科提分课,199元高中双科提分课,申坤,其他,0,wangjiananbj03,2026/7/6,14,3.5,0,0,0,41.18,0,0,0.00%,0.00%,-,0,0
5844db08e8fc85705d29aa80fa3ae505,-,-,-,-,-,https://tutor-online.oss-cn-beijing.aliyuncs.com/growth/download-material/5844db08e8fc85705d29aa80fa3ae505.mp4,0610-199双科-自产-自产主-李博-视觉锤-子衿-A2-B1-有-7.mp4,-,,,199元高中双科提分课,199元高中双科提分课,荔枝,其他,0,wangjiananbj03,2026/6/19,31,0.21,0,0,0,42,210,0,20.00%,0.00%,-,0,0
b828ab7c385fe1054a671a140b407a4b,-,-,-,-,-,https://tutor-online.oss-cn-beijing.aliyuncs.com/growth/download-material/b828ab7c385fe1054a671a140b407a4b.mp4,一键修复_20260708-猿辅导高中双科-实拍-活动-放心-张焱-bj刘能能-裂变-李文静yc-2.mp4,-,,,199元高中双科提分课,199元高中双科提分课,荔枝,其他,0,wangjiananbj03,2026/7/9,11,290.22,199,1,0.69,448.56,9069.38,290.22,4.95%,3.13%,-,1.55,6218.75
47a078541be09877f6eeb9c75ff18b70,-,-,-,-,-,https://tutor-online.oss-cn-beijing.aliyuncs.com/growth/download-material/47a078541be09877f6eeb9c75ff18b70.mp4,一键修复_20260710-猿辅导高中双科-实拍-千川-买数送物-专家分享-救不-高二-张焱-tj陈璇-二创-张晓洁ec-8.mp4,-,,,199元高中双科提分课,199元高中双科提分课,荔枝,其他,0,wangjiananbj03,2026/7/16,4,17.47,0,0,0,311.96,1941.11,0,16.07%,0.00%,-,0,0
7068ab15007778795323d315b373420a,-,-,-,-,-,https://tutor-online.oss-cn-beijing.aliyuncs.com/growth/download-material/7068ab15007778795323d315b373420a.mp4,20260629-猿辅导高中双科-实拍-活动-多少-张焱-bj李赛-袁北辰ec-二创-1.mp4,-,,,199元高中双科提分课,199元高中双科提分课,荔枝,其他,0,wangjiananbj03,2026/6/30,20,6.09,0,0,0,3045,0,0,0.00%,0.00%,-,0,0
4edd7d12c648521aadff9eb8fc482f4c,-,-,-,-,-,https://tutor-online.oss-cn-beijing.aliyuncs.com/growth/download-material/4edd7d12c648521aadff9eb8fc482f4c.mp4,20260622-猿辅导高中双科-实拍-ip李博-买物送数-睡觉-张焱-IP李博-袁北辰ec-二创-2,-,,,199元高中双科提分课,199元高中双科提分课,荔枝,其他,0,wangjiananbj03,2026/7/11,9,259.15,0,0,0,86.99,23559.09,0,0.67%,0%,-,0,0
3244d63e0091218f63dc720d135c58ea,-,-,-,-,-,https://tutor-online.oss-cn-beijing.aliyuncs.com/growth/download-material/3244d63e0091218f63dc720d135c58ea.mp4,0708-199双科-申坤-李博-李天-卞俊洁-A2-B4-无-3,-,,,199元高中双科提分课,199元高中双科提分课,申坤,其他,0,wangjiananbj03,2026/7/11,9,0.02,0,0,0,2.22,0,0,0.00%,0.00%,-,0,0
8cd63358ef23fbec1dd640c56057c96d,-,-,-,-,-,https://tutor-online.oss-cn-beijing.aliyuncs.com/growth/download-material/8cd63358ef23fbec1dd640c56057c96d.mp4,0706-9物-玄武-李博-王成仡-彩丽-方法优势-贩卖焦虑-有-6-yfdwl0706G4浩6-丽-龙-仡-首,-,,,9元高中物理李博,9元高中物理李博,玄武,代理商,0,wangruixuebj01,2026/7/10,10,85.41,18,2,0.21,119.62,4495.26,42.71,2.94%,9.52%,-,2.8,947.37
705c2ef2f08951dcd7641ac9c69bfdc3,-,-,-,-,-,https://tutor-online.oss-cn-beijing.aliyuncs.com/growth/download-material/705c2ef2f08951dcd7641ac9c69bfdc3.mp4,一键修复_20260625-猿辅导高中双科-实拍-千川-买数送物-199学三年--唐欣悦-dr珈岐妈妈-叶俊泽-11 (1).mp4,-,,,199元高中双科提分课,199元高中双科提分课,荔枝,其他,0,wangjiananbj03,2026/7/1,19,1.88,0,0,0,188,0,0,0.00%,0.00%,-,0,0
8a8b4757ee70d1f450d1637ca8272926,-,-,-,-,-,https://tutor-online.oss-cn-beijing.aliyuncs.com/growth/download-material/8a8b4757ee70d1f450d1637ca8272926.mp4,20260624-猿辅导高中双科-实拍-千川-199学三年数学--唐欣悦-bj郭铭泽--张晓洁yc-2（前贴）.mp4,-,,,199元高中双科提分课,199元高中双科提分课,荔枝,其他,0,wangjiananbj03,2026/6/27,23,0.25,0,0,0,62.5,250,0,25.00%,0.00%,-,0,0
,-,-,-,-,-,,,-,,,199元高中双科提分课,,自投放,其他,0,wangjiananbj03,-,-,0.05,0,0,0,1.79,0,0,0.00%,0.00%,-,0,0
f045b5ed5c60da021bcfda73e20ec4dd,-,-,-,-,-,https://tutor-online.oss-cn-beijing.aliyuncs.com/growth/download-material/f045b5ed5c60da021bcfda73e20ec4dd.mp4,20260608-猿辅导高中双科-实拍-活动-啥班啊-常文茜-bj史超妮-二创-李文静ec-视频号二创-5.mp4,-,,,199元高中双科提分课,199元高中双科提分课,荔枝,其他,0,wangjiananbj03,2026/6/8,42,15.64,0,0,0,156.4,7820,0,2.00%,0.00%,-,0,0
2cc44dee38efb7573f2db4248d7f3e2b,-,-,-,-,-,https://tutor-online.oss-cn-beijing.aliyuncs.com/growth/download-material/2cc44dee38efb7573f2db4248d7f3e2b.mp4,9元视频894-0414-9物-十人-bwxy-ylb-A2-B4-jzjw-pwji-6,-,,,9元高中物理李博,9元高中物理李博,十人,其他,0,wangruixuebj01,2026/5/30,51,2.69,0,0,0,112.08,0,0,0.00%,0.00%,-,0,0
acf10cd29b9c538f47f9d42e3b6e0a18,-,-,-,-,-,https://tutor-online.oss-cn-beijing.aliyuncs.com/growth/download-material/acf10cd29b9c538f47f9d42e3b6e0a18.mp4,一键修复_20260707-猿辅导高中双科-实拍-千川-6天训练营提分-通用-买数送物-都安排-常文茜-dr小五老师-李文静yc-1.mp4,-,,,199元高中双科提分课,199元高中双科提分课,荔枝,其他,0,wangjiananbj03,2026/7/11,9,5.88,0,0,0,73.5,0,0,0.00%,0.00%,-,0,0
a0c73c126cd163539517c34127fa9e43,-,-,-,-,-,https://img-pub.oss-cn-beijing-internal.aliyuncs.com/19f1c71936634c2.mp4,20260629-9物-代理-启航-李博-【b1-p6-j9-36】,-,,,9元高中物理李博,9元高中物理李博,启航,代理商,0,wangruixuebj01,2026/7/10,10,1120.33,27,3,0.02,111.33,6551.64,373.44,1.77%,1.69%,-,0.3,157.89
18d2b7ca2392c4afab2f8cac9ad05095,-,-,-,-,-,https://tutor-online.oss-cn-beijing.aliyuncs.com/growth/download-material/18d2b7ca2392c4afab2f8cac9ad05095.mp4,20260711-猿辅导高中双科-实拍-视频号-活动-买数送物-199学三年-通用-买数送物-我们呢-常文茜-bj嵩云--李文静-yc-3,-,,,199元高中双科提分课,199元高中双科提分课,自投放,代理商,0,wangjiananbj03,2026/7/16,4,2.4,0,0,0,63.16,0,0,5.26%,0%,-,0,0
b6f38f8199d46e94be4d9aefccbf14d9,-,-,-,-,-,https://tutor-online.oss-cn-beijing.aliyuncs.com/growth/download-material/b6f38f8199d46e94be4d9aefccbf14d9.mp4,0709-9物-玄武-AI李博-刘志宽-胡原宁-A7-B4-无-1-【AI】-yfdwl0709k1浩7-宁-宽-首,-,,,9元高中物理李博,9元高中物理李博,玄武,代理商,0,wangruixuebj01,2026/7/14,6,39.75,0,0,0,94.42,7950,0,1.43%,0%,-,0,0
41ab4ef5fa2e6d73de04537f989fe32d,-,-,-,-,-,https://tutor-online.oss-cn-beijing.aliyuncs.com/growth/download-material/41ab4ef5fa2e6d73de04537f989fe32d.mp4,一键修复_20260611-猿辅导高中双科-实拍-千川-分数痛点-买数学送物理-一起-张焱-bj冷一丁-叶俊泽ec-视频号二创-6.mp4,-,,,199元高中双科提分课,199元高中双科提分课,荔枝,其他,0,wangjiananbj03,2026/6/15,35,0.01,0,0,0,0,0,0,0.00%,0.00%,-,0,0
35546edd37c6d13c5acb6a1bd7fed33a,-,-,-,-,-,https://tutor-online.oss-cn-beijing.aliyuncs.com/growth/download-material/35546edd37c6d13c5acb6a1bd7fed33a.mp4,20260610-猿辅导高中双科-实拍-千川-活动-五科-199学三年-不要-唐欣悦-岳久鸿-cd小丹-叶俊泽yc-2,-,,,199元高中双科提分课,199元高中双科提分课,荔枝,其他,0,wangjiananbj03,2026/6/20,30,6.48,0,0,0,170.53,0,0,2.63%,0%,-,0,0
c5e127618f46e5bae8a7f6e77d084212,-,-,-,-,-,https://tutor-online.oss-cn-beijing.aliyuncs.com/growth/download-material/c5e127618f46e5bae8a7f6e77d084212.mp4,20260711-猿辅导高中双科-实拍-千川-活动-通用-买数送物-成过去-李莹莹-dr蔡昕--张雪依yc-3（前贴版）.mp4,-,,,199元高中双科提分课,199元高中双科提分课,荔枝,其他,0,wangjiananbj03,2026/7/16,4,0.04,0,0,0,10,0,0,0.00%,0.00%,-,0,0
8dd26b06dca6c38307e4f4df886fb8b7,-,-,-,-,-,https://tutor-online.oss-cn-beijing.aliyuncs.com/growth/download-material/8dd26b06dca6c38307e4f4df886fb8b7.mp4,20260701-猿辅导高中双科-实拍-千川-买数送物-专家分享-搞定-高二-张焱-bj宋钦冲-叶俊泽yc-5-前贴.mp4,-,,,199元高中双科提分课,199元高中双科提分课,荔枝,其他,0,wangjiananbj03,2026/7/3,17,54.31,0,0,0,952.81,27155,0,3.51%,0.00%,-,0,0
717191f5f15c046faa10a82dfe3f6d6e,-,-,-,-,-,https://tutor-online.oss-cn-beijing.aliyuncs.com/growth/download-material/717191f5f15c046faa10a82dfe3f6d6e.mp4,0710-199双科-申坤-李博-李天-卞俊洁-A1-B4-无-高二高三-15,-,,,199元高中双科提分课,199元高中双科提分课,申坤,其他,0,wangjiananbj03,2026/7/14,6,5.95,0,0,0,21.4,1983.33,0,1.08%,0%,-,0,0
2510ce0915f7f473e5bbaff728312eea,-,-,-,-,-,https://tutor-online.oss-cn-beijing.aliyuncs.com/growth/download-material/2510ce0915f7f473e5bbaff728312eea.mp4,一键修复_0610-199双科-自产-自产主-李博-视觉锤-子衿-A6-B1-无-10.mp4,-,,,199元高中双科提分课,199元高中双科提分课,荔枝,其他,0,wangjiananbj03,2026/6/19,31,1.39,0,0,0,695,1390,0,50.00%,0.00%,-,0,0
621e46fb27838947b4ab14c16ebf2169,-,-,-,-,-,https://tutor-online.oss-cn-beijing.aliyuncs.com/growth/download-material/621e46fb27838947b4ab14c16ebf2169.mp4,20260707-猿辅导高中双科-实拍-千川-6天训练营提分-通用-买数送物-都安排-常文茜-dr小五老师-李文静yc-1,-,,,199元高中双科提分课,199元高中双科提分课,自投放,其他,0,wangjiananbj03,2026/7/16,4,1.71,0,0,0,155.45,0,0,9.09%,0%,-,0,0
6e53522e2857ca4ac61ce5d906b96a60,-,-,-,-,-,https://tutor-online.oss-cn-beijing.aliyuncs.com/growth/download-material/6e53522e2857ca4ac61ce5d906b96a60.mp4,0714-199双科-申坤-李博-李天-卞俊洁-A1-B4-无-01,-,,,199元高中双科提分课,199元高中双科提分课,申坤,其他,0,wangjiananbj03,2026/7/15,5,189.51,199,1,1.05,72.17,9974.21,189.51,0.88%,4.35%,-,0.38,10473.68
9cb68748303635c0391f21f09b7ae153,-,-,-,-,-,https://tutor-online.oss-cn-beijing.aliyuncs.com/growth/download-material/9cb68748303635c0391f21f09b7ae153.mp4,视频-720_1280-1-1781086574,-,,,9元高中物理李博,9元高中物理李博,十人,代理商,0,wangruixuebj01,2026/6/11,39,274.8,27,3,0.1,148.06,5973.91,91.6,2.59%,6.25%,-,1.62,586.96
0427492b12fa1fbf0314dfcf73f62872,-,-,-,-,-,https://tutor-online.oss-cn-beijing.aliyuncs.com/growth/download-material/0427492b12fa1fbf0314dfcf73f62872.mp4,20260530-猿辅导高中双科-实拍-买物理送数学-再说-张焱-bj丁梓仟-张雪依ec-二创-5.mp4,-,,,199元高中双科提分课,199元高中双科提分课,荔枝,其他,0,wangjiananbj03,2026/6/2,48,0.02,0,0,0,6.67,0,0,0.00%,0.00%,-,0,0
aad044eef4badb4d94ff299dc7665c71,-,-,-,-,-,https://tutor-online.oss-cn-beijing.aliyuncs.com/growth/download-material/aad044eef4badb4d94ff299dc7665c71.mp4,20260711-猿辅导高中双科-实拍-千川-买数送物-活动-特别-张焱-bj丁梓仟--李文静ec-二创-7.mp4,-,,,199元高中双科提分课,199元高中双科提分课,荔枝,其他,0,wangjiananbj03,2026/7/13,7,0.39,0,0,0,65,390,0,16.67%,0.00%,-,0,0
1dfb2379f0f6676d098880bfdef47a38,-,-,-,-,-,https://tutor-online.oss-cn-beijing.aliyuncs.com/growth/download-material/1dfb2379f0f6676d098880bfdef47a38.mp4,0703-199双科-申坤-王晶-李天-姚恒-A4-B5-有-01,-,,,199元高中双科提分课,199元高中双科提分课,申坤,其他,0,wangjiananbj03,2026/7/7,13,11.26,0,0,0,26.25,11260,0,0.47%,0%,-,0,0
872359a4b641580c4e3511bcd67983de,-,-,-,-,-,https://tutor-online.oss-cn-beijing.aliyuncs.com/growth/download-material/872359a4b641580c4e3511bcd67983de.mp4,0703-199双科-申坤-李博-李天-卞俊洁-A2-B4-无-14,-,,,199元高中双科提分课,199元高中双科提分课,申坤,其他,0,wangjiananbj03,2026/7/10,10,165.22,0,0,0,86.5,10326.25,0,0.99%,0%,-,0,0
916f92df9b5cb2da22fab3d01b0eae92,-,-,-,-,-,https://tutor-online.oss-cn-beijing.aliyuncs.com/growth/download-material/916f92df9b5cb2da22fab3d01b0eae92.mp4,0709-9物-玄武-混剪-白潇凯-胡原宁-A6-B2-有-yfdwl0709b1浩6-宁-白-首【AI】,-,,,9元高中物理李博,9元高中物理李博,玄武,代理商,0,wangruixuebj01,2026/7/14,6,20.9,0,0,0,92.89,4180,0,2.22%,0%,-,0,0
5552673e9aca3d94d0a9b50bc95f51c5,-,-,-,-,-,https://tutor-online.oss-cn-beijing.aliyuncs.com/growth/download-material/5552673e9aca3d94d0a9b50bc95f51c5.mp4,一键修复_20260625-猿辅导高中双科-实拍-活动-买数送物-你咋不说-618-唐欣悦-bj李栎--张晓洁ec-1.mp4,-,,,199元高中双科提分课,199元高中双科提分课,荔枝,其他,0,wangjiananbj03,2026/6/26,24,12.54,0,0,0,285,0,0,0.00%,0.00%,-,0,0
f8012100d1d22beb39f0b2f8ba367e86,-,-,-,-,-,https://tutor-online.oss-cn-beijing.aliyuncs.com/growth/download-material/f8012100d1d22beb39f0b2f8ba367e86.mp4,20260715-高中数物-混剪-图-张凌-2.mp4,-,,,199元高中双科提分课,199元高中双科提分课,荔枝,其他,0,wangjiananbj03,2026/7/16,4,6.25,0,0,0,89.29,1562.5,0,5.71%,0.00%,-,0,0
56d63006a4756e046781bcbeb03b3556,-,-,-,-,-,https://tutor-online.oss-cn-beijing.aliyuncs.com/growth/download-material/56d63006a4756e046781bcbeb03b3556.mp4,一键修复_20260710-猿辅导高中双科-实拍-千川-买物送数-专家分享-跟你学-高二高三-李莹莹-b宋钦冲-二创-张晓洁ec-9.mp4,-,,,199元高中双科提分课,199元高中双科提分课,荔枝,其他,0,wangjiananbj03,2026/7/16,4,0.29,0,0,0,96.67,0,0,0.00%,0.00%,-,0,0
7116839ddcbb90ff34dc675a4448e537,-,-,-,-,-,https://tutor-online.oss-cn-beijing.aliyuncs.com/growth/download-material/7116839ddcbb90ff34dc675a4448e537.mp4,9元视频988-0526-9物-十人-bmqr-ylb-A2-B4-jjsx-pwjl-2,-,,,9元高中物理李博,9元高中物理李博,十人,其他,0,wangruixuebj01,2026/5/27,54,0,9,1,0,0,0,0,0.00%,0.00%,-,0,0
0b588ce16719476b6d31fe671a9ac3c5,-,-,-,-,-,https://tutor-online.oss-cn-beijing.aliyuncs.com/growth/download-material/0b588ce16719476b6d31fe671a9ac3c5.mp4,0709-199双科-申坤-李博-李天-张佳乐-A1-B4-无-高二高三-1,-,,,199元高中双科提分课,199元高中双科提分课,申坤,其他,0,wangjiananbj03,2026/7/14,6,99.78,0,0,0,22.79,5869.41,0,0.53%,0%,-,0,0
c534f213cbae9db5125cc7af94456784,-,-,-,-,-,https://tutor-online.oss-cn-beijing.aliyuncs.com/growth/download-material/c534f213cbae9db5125cc7af94456784.mp4,20260624-猿辅导高中双科-实拍-千川-买数送物-199学三年-好意思-常文茜-dr蔡昕--张晓洁yc-3.mp4,-,,,199元高中双科提分课,199元高中双科提分课,荔枝,其他,0,wangjiananbj03,2026/6/27,23,0.21,0,0,0,210,0,0,0.00%,0.00%,-,0,0
73f72c198f6fbae2f3e7c8f60c6a2a5d,-,-,-,-,-,https://tutor-online.oss-cn-beijing.aliyuncs.com/growth/download-material/73f72c198f6fbae2f3e7c8f60c6a2a5d.mp4,妙思自动生成-232-202607100728,-,,,199元高中双科提分课,199元高中双科提分课,荔枝,其他,0,wangjiananbj03,2026/7/10,10,1.94,0,0,0,23.37,0,0,0.00%,0.00%,-,0,0
44352f33be1eca67bcb76eeef4f5a91c,-,-,-,-,-,https://tutor-online.oss-cn-beijing.aliyuncs.com/growth/download-material/44352f33be1eca67bcb76eeef4f5a91c.mp4,一键修复_20260625-猿辅导高中双科-实拍-千川-分数痛点-买数学送物理-能上-张焱-dr小五--张晓洁yc-5.mp4,-,,,199元高中双科提分课,199元高中双科提分课,荔枝,其他,0,wangjiananbj03,2026/6/26,24,182.12,199,1,1.09,398.51,13008.57,182.12,3.06%,7.14%,-,2.19,14214.29
d9d9d042983ca56eb40ba70448180bd7,-,-,-,-,-,https://tutor-online.oss-cn-beijing.aliyuncs.com/growth/download-material/d9d9d042983ca56eb40ba70448180bd7.mp4,20260703-猿辅导高中双科-实拍-活动-买数送物-全年-跟你-张焱-cd鲨鱼- 李文静ec-二创-3,-,,,199元高中双科提分课,199元高中双科提分课,荔枝,代理商,0,wangjiananbj03,2026/7/9,11,23.73,0,0,0,91.98,23730,0,0.39%,0%,-,0,0
55b2545feb4daf18d1f51eac11cfd342,-,-,-,-,-,https://tutor-online.oss-cn-beijing.aliyuncs.com/growth/download-material/55b2545feb4daf18d1f51eac11cfd342.mp4,20260409-猿辅导高中数物双科-实拍-活动-退了-张焱-cd张璐-二创-张雪依ec-二创-2改.mp4,-,,,199元高中双科提分课,299元高中全年提分课,荔枝,其他,0,wangjiananbj03,2026/5/18,63,2167.47,1791,9,0.83,80.73,5273.65,240.83,1.53%,2.19%,-,0.34,4357.66
5fe1ad95477746ed61b46c3ff6a8558a,-,-,-,-,-,https://tutor-online.oss-cn-beijing.aliyuncs.com/growth/download-material/5fe1ad95477746ed61b46c3ff6a8558a.mp4,0703-199双科-申坤-李博-李天-姚恒-A5-B2-有-01,-,,,199元高中双科提分课,199元高中双科提分课,申坤,其他,0,wangjiananbj03,2026/7/10,10,111.73,0,0,0,75.29,27932.5,0,0.47%,0%,-,0,0
206b2e7948d973557e779859c920e62c,-,-,-,-,-,https://tutor-online.oss-cn-beijing.aliyuncs.com/growth/download-material/206b2e7948d973557e779859c920e62c.mp4,20260622-猿辅导高中双科-实拍-活动-夏他-张焱-bj李赛--张晓洁yc-8.1（前贴2）改高二.mp4,-,,,199元高中双科提分课,199元高中双科提分课,荔枝,其他,0,wangjiananbj03,2026/6/22,28,5570.16,4179,21,0.75,85.54,5730.62,265.25,1.49%,2.16%,-,0.32,4299.38
e0c51e56f3127d8d999e470c2c7dcfca,-,-,-,-,-,https://tutor-online.oss-cn-beijing.aliyuncs.com/growth/download-material/e0c51e56f3127d8d999e470c2c7dcfca.mp4,0514-199双科-自产-自产主-王晶-曲中雨-子衿--B3B4-有-1.mp4,-,,,199元高中双科提分课,199元高中双科提分课,荔枝,其他,自产原创,wangjiananbj03,2026/5/27,54,14.37,0,0,0,7185,14370,0,50.00%,0.00%,-,0,0
7c24a4b4c3f01329c058ef90dc65784c,-,-,-,-,-,https://tutor-online.oss-cn-beijing.aliyuncs.com/growth/download-material/7c24a4b4c3f01329c058ef90dc65784c.mp4,20260716-高中数物（高一升高二）-混剪-图-张凌-6.mp4,-,,,199元高中双科提分课,199元高中双科提分课,荔枝,其他,0,wangjiananbj03,2026/7/16,4,4.92,0,0,0,98.4,2460,0,4.00%,0.00%,-,0,0
cf64e24dd118d28783f2b09765f61626,-,-,-,-,-,https://tutor-online.oss-cn-beijing.aliyuncs.com/growth/download-material/cf64e24dd118d28783f2b09765f61626.mp4,0710-199双科-申坤-李博-李天-卞俊洁-A1-B2-无-高二高三-2,-,,,199元高中双科提分课,199元高中双科提分课,申坤,其他,0,wangjiananbj03,2026/7/14,6,1.05,0,0,0,15.67,1050,0,1.49%,0%,-,0,0
6a6dadeafb627c284c9c12caed92aa50,-,-,-,-,-,https://tutor-online.oss-cn-beijing.aliyuncs.com/growth/download-material/6a6dadeafb627c284c9c12caed92aa50.mp4,20260701-猿辅导高中双科-实拍-千川-买数送物-活动-好坏消息-李莹莹-dr小五老师-李文静yc-1,-,,,199元高中双科提分课,199元高中双科提分课,荔枝,其他,0,wangjiananbj03,2026/7/8,12,1.57,0,0,0,10.33,0,0,0.00%,0.00%,-,0,0
d04a768fdebef5f6cd28c423ced8ec48,-,-,-,-,-,https://tutor-online.oss-cn-beijing.aliyuncs.com/growth/download-material/d04a768fdebef5f6cd28c423ced8ec48.mp4,0706-199双科-申坤-李博-李天-卞俊洁-A1-B4-有-高二高三-4,-,,,199元高中双科提分课,199元高中双科提分课,申坤,代理商,0,wangjiananbj03,2026/7/7,13,11.38,0,0,0,10,0,0,0.18%,0%,-,0,0
0009839836eb5194fa46dcc550148ac4,-,-,-,-,-,https://tutor-online.oss-cn-beijing.aliyuncs.com/growth/download-material/0009839836eb5194fa46dcc550148ac4.mp4,20260602-猿辅导高中双科-实拍-千川-性价比-买数送物-199学三年-不贵-端午-唐欣悦-bj冷一丁--张晓洁yc-7.mp4,-,,,199元高中双科提分课,199元高中双科提分课,荔枝,其他,0,wangjiananbj03,2026/6/4,46,0.18,0,0,0,90,180,0,50.00%,0.00%,-,0,0
71b5ad736ff7f799f981438f2f988a4e,-,-,-,-,-,https://tutor-online.oss-cn-beijing.aliyuncs.com/growth/download-material/71b5ad736ff7f799f981438f2f988a4e.mp4,0707-199双科-申坤-李博-李天-王合云-A1-B2-无-高二高三-15,-,,,199元高中双科提分课,199元高中双科提分课,申坤,其他,0,wangjiananbj03,2026/7/7,13,40.06,0,0,0,46.96,40060,0,0.23%,0%,-,0,0
515be85f04d8d962ece8e7b62b105314,-,-,-,-,-,https://tutor-online.oss-cn-beijing.aliyuncs.com/growth/download-material/515be85f04d8d962ece8e7b62b105314.mp4,20260604-猿辅导高中双科-实拍-千川-分数痛点-买数学送物理-一起-张焱-bj冷一丁--岳久鸿yc-3.mp4,-,,,199元高中双科提分课,199元高中双科提分课,荔枝,其他,0,wangjiananbj03,2026/6/11,39,18.95,0,0,0,430.68,4737.5,0,9.09%,0.00%,-,0,0
42027fb68ae66ae884fc9f0d1ee13ce1,-,-,-,-,-,https://tutor-online.oss-cn-beijing.aliyuncs.com/growth/download-material/42027fb68ae66ae884fc9f0d1ee13ce1.mp4,20260624-9物-代理-启航-李博-【b1-p6-a3-64-0629】-A5-B5-有-2,-,,,9元高中物理李博,9元高中物理李博,启航,代理商,0,wangruixuebj01,2026/7/11,9,27.51,0,0,0,51.32,6877.5,0,0.75%,0%,-,0,0
e430a29667348acf70ffd2106c652ed3,-,-,-,-,-,https://tutor-online.oss-cn-beijing.aliyuncs.com/growth/download-material/e430a29667348acf70ffd2106c652ed3.mp4,0702-199双科-申坤-李博-李天-姚恒-A1-B4-无-01,-,,,199元高中双科提分课,199元高中双科提分课,申坤,其他,0,wangjiananbj03,2026/7/10,10,3.02,0,0,0,125.83,3020,0,4.17%,0%,-,0,0
2efe5ad6413effd941052036ccc6fc2c,-,-,-,-,-,https://tutor-online.oss-cn-beijing.aliyuncs.com/growth/download-material/2efe5ad6413effd941052036ccc6fc2c.mp4,20260626-猿辅导高中双科-口播-大字报-封双-张焱-ip李博-袁北辰yc-1.1.mp4,-,,,199元高中双科提分课,199元高中双科提分课,荔枝,其他,0,wangjiananbj03,2026/6/26,24,150.92,199,1,1.32,127.36,4573.33,150.92,2.78%,3.03%,-,0.84,6030.3
198d2f2edc2a07c923101974fb02c904,-,-,-,-,-,https://tutor-online.oss-cn-beijing.aliyuncs.com/growth/download-material/198d2f2edc2a07c923101974fb02c904.mp4,20260713-猿辅导高中双科-实拍-千川-活动-五科-199学三年-不要-唐欣悦-岳久鸿-cd小丹-叶俊泽yc-裂变-3.mp4,-,,,199元高中双科提分课,199元高中双科提分课,荔枝,其他,0,wangjiananbj03,2026/7/14,6,0.41,0,0,0,29.29,0,0,0.00%,0.00%,-,0,0
04ddb8fa10dcbe7ba88f636b8a2f280c,-,-,-,-,-,https://tutor-online.oss-cn-beijing.aliyuncs.com/growth/download-material/04ddb8fa10dcbe7ba88f636b8a2f280c.mp4,0703-199双科-申坤-李博-李天-卞俊洁-A2-B4-无-2,-,,,199元高中双科提分课,199元高中双科提分课,申坤,其他,0,wangjiananbj03,2026/7/9,11,24.01,0,0,0,24.08,4001.67,0,0.50%,0%,-,0,0
d74b4b368433ec469b7b2dab37a2ef24,-,-,-,-,-,https://tutor-online.oss-cn-beijing.aliyuncs.com/growth/download-material/d74b4b368433ec469b7b2dab37a2ef24.mp4,一键修复_20260625-猿辅导高中双科-实拍-视频号-ip李博-买物送数-睡觉-张焱-IP李博-裂变-张晓洁yc-4.1.mp4,-,,,199元高中双科提分课,199元高中双科提分课,荔枝,其他,0,wangjiananbj03,2026/6/26,24,9.35,0,0,0,550,9350,0,5.88%,0.00%,-,0,0
9da55770daea2baff31655c38834ad88,-,-,-,-,-,https://tutor-online.oss-cn-beijing.aliyuncs.com/growth/download-material/9da55770daea2baff31655c38834ad88.mp4,20260711-猿辅导高中双科-实拍-千川-活动-买数送物-打算-张焱-bj于静--李文静ec-二创-10.mp4,-,,,199元高中双科提分课,199元高中双科提分课,荔枝,其他,0,wangjiananbj03,2026/7/13,7,1.33,0,0,0,221.67,0,0,0.00%,0.00%,-,0,0
6f3e749b73d4eb216ff130388a0ae301,-,-,-,-,-,https://tutor-online.oss-cn-beijing.aliyuncs.com/growth/download-material/6f3e749b73d4eb216ff130388a0ae301.mp4,null-自动生成-20-202607150403,-,,,199元高中双科提分课,199元高中双科提分课,申坤,其他,0,wangjiananbj03,2026/7/16,4,1.36,0,0,0,2.2,0,0,0.00%,0.00%,-,0,0
ddd3b706e19c06805ee13b65930a912b,-,-,-,-,-,https://tutor-online.oss-cn-beijing.aliyuncs.com/growth/download-material/ddd3b706e19c06805ee13b65930a912b.mp4,20260624-猿辅导高中双科-实拍-千川-活动-买数送物-冤大头-张焱-bj郭铭泽--张晓洁yc-9（前贴改1）.mp4,-,,,199元高中双科提分课,199元高中双科提分课,荔枝,其他,0,wangjiananbj03,2026/6/27,23,10.46,0,0,0,67.48,3486.67,0,1.94%,0.00%,-,0,0
d57a7e13042c1634d7af3adbd34230a6,-,-,-,-,-,https://tutor-online.oss-cn-beijing.aliyuncs.com/growth/download-material/d57a7e13042c1634d7af3adbd34230a6.mp4,20260616-猿辅导高中双科-实拍-买数学送物理-我婆婆-常文茜-dr蔡昕-裂变-张晓洁yc-3.mp4,-,,,199元高中双科提分课,199元高中双科提分课,荔枝,其他,0,wangjiananbj03,2026/6/16,34,0.1,0,0,0,100,100,0,100.00%,0.00%,-,0,0
395c1d5ca2aaac09642b6d542d155fe7,-,-,-,-,-,https://tutor-online.oss-cn-beijing.aliyuncs.com/growth/download-material/395c1d5ca2aaac09642b6d542d155fe7.mp4,20260606-猿辅导高中双科-实拍-买物理送数学-不花-张焱-cd金花-张雪依ec-二创-10.mp4,-,,,199元高中双科提分课,199元高中双科提分课,荔枝,其他,0,wangjiananbj03,2026/6/9,41,1.1,0,0,0,122.22,1100,0,11.11%,0.00%,-,0,0
eb007fdbdf314af76a4a98f13dfe8544,-,-,-,-,-,https://tutor-online.oss-cn-beijing.aliyuncs.com/growth/download-material/eb007fdbdf314af76a4a98f13dfe8544.mp4,20260626-猿辅导高中双科-图-红花-张焱拼实拍-活动-买数送物-全年-跟你-张焱-cd鲨鱼- 李文静ec-视频号二创-1,-,,,199元高中双科提分课,199元高中双科提分课,荔枝,其他,0,wangjiananbj03,-,-,112.72,0,0,0,104.37,56360,0,0.28%,0%,-,0,0
6480ca4723f1ad02a597b71448bcc75e,-,-,-,-,-,https://tutor-online.oss-cn-beijing.aliyuncs.com/growth/download-material/6480ca4723f1ad02a597b71448bcc75e.mp4,20260703-猿辅导高中双科-实拍-活动-夏他-张焱唐欣悦-bj李赛-裂变-李文静ec-二创-9.mp4,-,,,199元高中双科提分课,199元高中双科提分课,荔枝,其他,0,wangjiananbj03,2026/7/7,13,5.03,0,0,0,295.88,0,0,0.00%,0.00%,-,0,0
da86647a0a96f23c3ecb6f679e6a2d55,-,-,-,-,-,https://tutor-online.oss-cn-beijing.aliyuncs.com/growth/download-material/da86647a0a96f23c3ecb6f679e6a2d55.mp4,20260709-猿辅导高中双科-实拍-买物理送数学-选哪-张焱-bj于俏-高二高三-李文静ec-视频号二创-横屏-4,-,,,199元高中双科提分课,199元高中双科提分课,荔枝,其他,0,wangjiananbj03,2026/7/9,11,69.42,0,0,0,17.09,3856.67,0,0.66%,0%,-,0,0
c764c32a076faf106accc5526e57df0d,-,-,-,-,-,https://tutor-online.oss-cn-beijing.aliyuncs.com/growth/download-material/c764c32a076faf106accc5526e57df0d.mp4,20260623-9物-代理-启航-李博-【b1-p6-a3-35-0623】-A5-B5-有-2,-,,,9元高中物理李博,9元高中物理李博,启航,代理商,0,wangruixuebj01,2026/6/30,20,111.25,0,0,0,183.28,7946.43,0,2.14%,0%,-,0,0
9b86a11749a76345cc22d85332f0c6f6,-,-,-,-,-,https://tutor-online.oss-cn-beijing.aliyuncs.com/growth/download-material/9b86a11749a76345cc22d85332f0c6f6.mp4,视频-720_1280-1-1781160731,-,,,9元高中物理李博,9元高中物理李博,十人,代理商,0,wangruixuebj01,2026/6/13,37,0.42,0,0,0,9.77,0,0,0.00%,0.00%,-,0,0
446aff994036b865005b26327afb5b89,-,-,-,-,-,https://tutor-online.oss-cn-beijing.aliyuncs.com/growth/download-material/446aff994036b865005b26327afb5b89.mp4,0710-199双科-申坤-李博-李天-卞俊洁-A6-B5-无-01,-,,,199元高中双科提分课,199元高中双科提分课,申坤,其他,0,wangjiananbj03,2026/7/14,6,36.2,0,0,0,47.14,18100,0,0.26%,0%,-,0,0
013d45f28eb4142e79cf4cf85ac75e82,-,-,-,-,-,https://tutor-online.oss-cn-beijing.aliyuncs.com/growth/download-material/013d45f28eb4142e79cf4cf85ac75e82.mp4,20260703-猿辅导高中双科-实拍-活动-放心-张焱-bj刘能能-李文静ec-二创-1,-,,,199元高中双科提分课,199元高中双科提分课,自投放,其他,0,wangjiananbj03,2026/7/10,10,340.92,597,3,1.75,88.74,14205,113.64,0.91%,8.57%,-,0.78,24875
22876ab0d21860fb84618857e526e7f0,-,-,-,-,-,https://tutor-online.oss-cn-beijing.aliyuncs.com/growth/download-material/22876ab0d21860fb84618857e526e7f0.mp4,20260708-猿辅导高中双科-实拍-千川-买数送物-活动-AI推-李莹莹-cd汐汐-詹铠任-张晓洁yc-3.mp4,-,,,199元高中双科提分课,199元高中双科提分课,荔枝,其他,0,wangjiananbj03,2026/7/13,7,36.58,0,0,0,86.27,4572.5,0,1.89%,0.00%,-,0,0
5d3400b0fd326c95cdcf1783e9ba6140,-,-,-,-,-,https://tutor-online.oss-cn-beijing.aliyuncs.com/growth/download-material/5d3400b0fd326c95cdcf1783e9ba6140.mp4,20260626-猿辅导高中双科-图文混剪--机会-高二-唐欣悦-补量二创-张晓洁ec-2.mp4,-,,,199元高中双科提分课,199元高中双科提分课,荔枝,代理商,0,wangjiananbj03,2026/6/26,24,2.14,0,0,0,142.67,1070,0,13.33%,0.00%,-,0,0
9ad6e5837e08280cfc3813999981d998,-,-,-,-,-,https://tutor-online.oss-cn-beijing.aliyuncs.com/growth/download-material/9ad6e5837e08280cfc3813999981d998.mp4,0703-199双科-申坤-李博-李天-卞俊洁-A2-B4-无-13,-,,,199元高中双科提分课,199元高中双科提分课,申坤,其他,0,wangjiananbj03,2026/7/5,15,117.68,0,0,0,61.2,19613.33,0,0.62%,0%,-,0,0
f8a52e11fde31effd04e0135562b5796,-,-,-,-,-,https://tutor-online.oss-cn-beijing.aliyuncs.com/growth/download-material/f8a52e11fde31effd04e0135562b5796.mp4,20260701-猿辅导高中双科-实拍-千川-活动-买数学送物理-夏他-张焱-bj李赛-袁北辰ec-二创-2.mp4,-,,,199元高中双科提分课,199元高中双科提分课,荔枝,其他,0,wangjiananbj03,2026/7/9,11,7.36,0,0,0,175.24,1840,0,9.52%,0.00%,-,0,0
44ff19b9594a0738444283c846d4e6f2,-,-,-,-,-,https://tutor-online.oss-cn-beijing.aliyuncs.com/growth/download-material/44ff19b9594a0738444283c846d4e6f2.mp4,20260612-猿辅导高中双科-混剪-视频号-图-平板-唐欣悦-张晓洁yc-11,-,,,199元高中双科提分课,199元高中双科提分课,荔枝,其他,0,wangjiananbj03,-,-,0,0,0,0,0,0,0,0.00%,0.00%,-,0,0
ae64e4e0ac572e9bd18e72abe52f0bda,-,-,-,-,-,https://tutor-online.oss-cn-beijing.aliyuncs.com/growth/download-material/ae64e4e0ac572e9bd18e72abe52f0bda.mp4,0709-9物-玄武-AI李博-刘志宽-胡原宁-A7-B4-有-1-【AI】-yfdwl0709k1浩7-宁-宽-首(1),-,,,9元高中物理李博,9元高中物理李博,玄武,代理商,0,wangruixuebj01,2026/7/16,4,0.33,0,0,0,19.41,0,0,0.00%,0.00%,-,0,0
1699aafd3bff4912f01e1666de28386c,-,-,-,-,-,https://tutor-online.oss-cn-beijing.aliyuncs.com/growth/download-material/1699aafd3bff4912f01e1666de28386c.mp4,20260618-9物-代理-启航-李博-【b1-p6-a1-49】-A5-B5-有-2,-,,,9元高中物理李博,9元高中物理李博,启航,代理商,0,wangruixuebj01,2026/6/27,23,0,9,1,0,0,0,0,0.00%,0.00%,-,0,0
304cb41d21bb6737f0739326f69548bf,-,-,-,-,-,https://tutor-online.oss-cn-beijing.aliyuncs.com/growth/download-material/304cb41d21bb6737f0739326f69548bf.mp4,9元视频1192-0703-9物-代理-十人-李博-jjsx-bwxy-A2-B1-pcc-pwjl-1,-,,,9元高中物理李博,9元高中物理李博,十人,代理商,0,wangruixuebj01,2026/7/9,11,14.55,0,0,0,93.27,4850,0,1.92%,0%,-,0,0
50e8ec4edabc2fcf445f9ee35e20d8fa,-,-,-,-,-,https://tutor-online.oss-cn-beijing.aliyuncs.com/growth/download-material/50e8ec4edabc2fcf445f9ee35e20d8fa.mp4,20260702-猿辅导高中双科-混剪-视频号-图-地标-张焱-裂变-袁北辰ec-1.mp4,-,,,199元高中双科提分课,199元高中双科提分课,荔枝,其他,0,wangjiananbj03,2026/7/2,18,2.82,0,0,0,68.78,2820,0,2.44%,0.00%,-,0,0
07382542a1470601e5ac8b73741d53e6,-,-,-,-,-,https://tutor-online.oss-cn-beijing.aliyuncs.com/growth/download-material/07382542a1470601e5ac8b73741d53e6.mp4,0708-199双科-申坤-李博-李天-卞俊洁-A2-B4-无-7,-,,,199元高中双科提分课,199元高中双科提分课,申坤,其他,0,wangjiananbj03,2026/7/10,10,82.64,199,1,2.41,56.56,11805.71,82.64,0.48%,14.29%,-,0.68,28428.57
ef615b11c216f54f0805743d0d3a1b5f,-,-,-,-,-,https://tutor-online.oss-cn-beijing.aliyuncs.com/growth/download-material/ef615b11c216f54f0805743d0d3a1b5f.mp4,0703-199双科-申坤-李博-李天-姚恒-A7-B4-有-02,-,,,199元高中双科提分课,199元高中双科提分课,申坤,其他,0,wangjiananbj03,2026/7/10,10,35.97,0,0,0,53.53,8992.5,0,0.60%,0%,-,0,0
8c79f72599e5941d7669656f45ad7a99,-,-,-,-,-,https://tutor-online.oss-cn-beijing.aliyuncs.com/growth/download-material/8c79f72599e5941d7669656f45ad7a99.mp4,0708-199双科-申坤-李博-李天-卞俊洁-A2-B4-无-4,-,,,199元高中双科提分课,199元高中双科提分课,申坤,其他,0,wangjiananbj03,2026/7/10,10,1.13,0,0,0,47.08,0,0,0.00%,0.00%,-,0,0
9f32382a1b4521f5aa8f970b6dee30c7,-,-,-,-,-,https://tutor-online.oss-cn-beijing.aliyuncs.com/growth/download-material/9f32382a1b4521f5aa8f970b6dee30c7.mp4,妙思自动生成-232-202607100729,-,,,199元高中双科提分课,199元高中双科提分课,荔枝,其他,0,wangjiananbj03,2026/7/10,10,0.9,0,0,0,27.27,0,0,0.00%,0.00%,-,0,0
6c998b2554e2e2efe65690bb4531d6fe,-,-,-,-,-,https://tutor-online.oss-cn-beijing.aliyuncs.com/growth/download-material/6c998b2554e2e2efe65690bb4531d6fe.mp4,20260710-猿辅导高中双科-实拍-千川-活动-199学三年-买数送物-割韭菜-唐欣悦-bj庄紫薇-二创-张晓洁ec-1.mp4,-,,,199元高中双科提分课,199元高中双科提分课,荔枝,其他,0,wangjiananbj03,2026/7/16,4,0.05,0,0,0,25,0,0,0.00%,0.00%,-,0,0
8e6d4983376b78a8a9f1041765aca51f,-,-,-,-,-,https://tutor-online.oss-cn-beijing.aliyuncs.com/growth/download-material/8e6d4983376b78a8a9f1041765aca51f.mp4,0623-9物-玄武-李博-白潇凯-胡原宁-A5-B1-有-yfdwl0623b1浩1-宁-白-首【AI】,-,,,9元高中物理李博,9元高中物理李博,玄武,代理商,0,wangruixuebj01,2026/6/28,22,0.03,0,0,0,4.29,0,0,0.00%,0.00%,-,0,0
c6062fb20cdf85db465b7041a82bd70e,-,-,-,-,-,https://tutor-online.oss-cn-beijing.aliyuncs.com/growth/download-material/c6062fb20cdf85db465b7041a82bd70e.mp4,一键修复_20260713-猿辅导高中双科-实拍-视频号-暑期预习-高二-买物送数-隐藏规则-常文茜-dr小五老师--李文静yc-1-前贴.mp4,-,,,199元高中双科提分课,199元高中双科提分课,荔枝,其他,0,wangjiananbj03,2026/7/16,4,0.02,0,0,0,10,10,0,100.00%,0.00%,-,0,0
b405f0c877f66ffd0ed22f9c066bee3b,-,-,-,-,-,https://tutor-online.oss-cn-beijing.aliyuncs.com/growth/download-material/b405f0c877f66ffd0ed22f9c066bee3b.mp4,20260627-猿辅导高中双科-实拍-千川-买数送物-199学三年-冤大头-常文茜-bj郭铭泽-叶俊泽-1-前贴.mp4,-,,,199元高中双科提分课,199元高中双科提分课,荔枝,其他,0,wangjiananbj03,2026/7/3,17,0.3,0,0,0,150,0,0,0.00%,0.00%,-,0,0
0f05f4f240927b9a60039e608463daa9,-,-,-,-,-,https://tutor-online.oss-cn-beijing.aliyuncs.com/growth/download-material/0f05f4f240927b9a60039e608463daa9.mp4,20260625-猿辅导高中双科-实拍-活动-夏他-张焱-bj李赛-裂变-张晓洁yc-1.mp4,-,,,199元高中双科提分课,199元高中双科提分课,荔枝,代理商,0,wangjiananbj03,2026/6/25,25,39.61,0,0,0,660.17,19805,0,3.33%,0.00%,-,0,0
90ba22ea72cf5bfd9408bdc38c6a62e1,-,-,-,-,-,https://tutor-online.oss-cn-beijing.aliyuncs.com/growth/download-material/90ba22ea72cf5bfd9408bdc38c6a62e1.mp4,20260708-9物-代理-启航-李博-【b1-p6-j9-42】,-,,,9元高中物理李博,9元高中物理李博,启航,代理商,0,wangruixuebj01,2026/7/15,5,11.04,0,0,0,39.29,2760,0,1.42%,0%,-,0,0
2ec63a51ac4213f9d5e238617dfb5a11,-,-,-,-,-,https://tutor-online.oss-cn-beijing.aliyuncs.com/growth/download-material/2ec63a51ac4213f9d5e238617dfb5a11.mp4,20260611-猿辅导高中双科-实拍-千川-分数痛点-买数学送物理-一起-张焱-bj冷一丁-叶俊泽ec-视频号二创-7,-,,,199元高中双科提分课,199元高中双科提分课,荔枝,代理商,0,wangjiananbj03,2026/6/26,24,1259.57,796,4,0.63,72.29,26799.36,314.89,0.51%,4.49%,-,0.23,16936.17
e6a961b4c920dac919787c5a8fa81314,-,-,-,-,-,https://tutor-online.oss-cn-beijing.aliyuncs.com/growth/download-material/e6a961b4c920dac919787c5a8fa81314.mp4,0703-199双科-申坤-李博-李天-卞俊洁-A2-B4-无-22,-,,,199元高中双科提分课,199元高中双科提分课,申坤,其他,0,wangjiananbj03,2026/7/14,6,0.44,0,0,0,7.33,0,0,0.00%,0.00%,-,0,0
5c1f77431ab2236586f7350af3b1360d,-,-,-,-,-,https://tutor-online.oss-cn-beijing.aliyuncs.com/growth/download-material/5c1f77431ab2236586f7350af3b1360d.mp4,20260627-猿辅导高中双科-实拍-千川-买物理送数学-199学三年-你确定吗-常文茜-cd琳瑶-岳久鸿-叶俊泽yc-2.mp4,-,,,199元高中双科提分课,199元高中双科提分课,荔枝,其他,0,wangjiananbj03,2026/7/1,19,2.42,0,0,0,484,0,0,0.00%,0.00%,-,0,0
2d97e150d3bfdc4c2c3eede33026c555,-,-,-,-,-,https://tutor-online.oss-cn-beijing.aliyuncs.com/growth/download-material/2d97e150d3bfdc4c2c3eede33026c555.mp4,一键修复_20260701-猿辅导高中双科-实拍-千川-买数送物-199学三年-好意思-常文茜-dr蔡昕-二创-张晓洁ec-5.mp4,-,,,199元高中双科提分课,199元高中双科提分课,荔枝,其他,0,wangjiananbj03,2026/7/7,13,10.91,0,0,0,218.2,0,0,0.00%,0.00%,-,0,0
6ea60f789bc6ee2ae8ec88e0416a6024,-,-,-,-,-,https://tutor-online.oss-cn-beijing.aliyuncs.com/growth/download-material/6ea60f789bc6ee2ae8ec88e0416a6024.mp4,20260630-猿辅导高中双科-实拍-千川-分数痛点-买数学送物理-一起-张焱-bj冷一丁-裂变-张晓洁yc-1.mp4,-,,,199元高中双科提分课,199元高中双科提分课,荔枝,其他,0,wangjiananbj03,2026/7/7,13,1.42,0,0,0,83.53,236.67,0,35.29%,0.00%,-,0,0
b5ef2771cdbd5b54dafd31ba35a3a417,-,-,-,-,-,https://tutor-online.oss-cn-beijing.aliyuncs.com/growth/download-material/b5ef2771cdbd5b54dafd31ba35a3a417.mp4,20260711-猿辅导高中双科-实拍-暑假规划-买数送物-高二+高三-买数送物-请退掉-高二高三-李莹莹-bj李腾飞-叶俊泽ec-二创-19.mp4,-,,,199元高中双科提分课,199元高中双科提分课,荔枝,其他,0,wangjiananbj03,2026/7/16,4,58.68,0,0,0,724.44,11736,0,6.17%,0.00%,-,0,0
de0165dc0c4269f084a52956348c55d2,-,-,-,-,-,https://tutor-online.oss-cn-beijing.aliyuncs.com/growth/download-material/de0165dc0c4269f084a52956348c55d2.mp4,20260630-猿辅导高中双科-实拍-视频号-IP-李博-你再-张焱-IP-李博--张晓洁yc-1（前贴）,-,,,199元高中双科提分课,199元高中双科提分课,自投放,其他,0,wangjiananbj03,2026/7/15,5,0.04,0,0,0,2.86,0,0,0.00%,0.00%,-,0,0
414176a31f26101f22e7d0c1ae915945,-,-,-,-,-,https://img-pub.oss-cn-beijing-internal.aliyuncs.com/19f1c707b828656.mp4,20260629-9物-代理-启航-李博-【b1-p6-j9-30】,-,,,9元高中物理李博,9元高中物理李博,启航,代理商,0,wangruixuebj01,2026/7/10,10,3978.82,198,22,0.05,141.89,7507.21,180.86,2.00%,3.92%,-,0.78,373.58
4de2cfc06a3da4010d0ac5b36508baf3,-,-,-,-,-,https://tutor-online.oss-cn-beijing.aliyuncs.com/growth/download-material/4de2cfc06a3da4010d0ac5b36508baf3.mp4,20260625-猿辅导高中双科-图文混剪--续费-高二-唐欣悦-补量二创-张晓洁ec-1,-,,,199元高中双科提分课,199元高中双科提分课,荔枝,其他,0,wangjiananbj03,2026/6/30,20,0.13,0,0,0,3.94,0,0,0.00%,0.00%,-,0,0
c4a051f980e5bcc48ac04f05d7de2a2b,-,-,-,-,-,https://tutor-online.oss-cn-beijing.aliyuncs.com/growth/download-material/c4a051f980e5bcc48ac04f05d7de2a2b.mp4,20260624-猿辅导高中双科-实拍-视频号-暑假规划-收学生-唐欣悦-李博--李文静yc-2-前贴（视频号）,-,,,199元高中双科提分课,199元高中双科提分课,荔枝,其他,0,wangjiananbj03,2026/6/30,20,0.75,0,0,0,83.33,0,0,0.00%,0.00%,-,0,0
dedc874dfd971135b45114552cc3e9a0,-,-,-,-,-,https://tutor-online.oss-cn-beijing.aliyuncs.com/growth/download-material/dedc874dfd971135b45114552cc3e9a0.mp4,20260701-猿辅导高中双科-实拍-买物理送数学-不花-张焱-cd金花-ts徐鑫悦-二创-张晓洁ec-1.mp4,-,,,199元高中双科提分课,199元高中双科提分课,荔枝,其他,0,wangjiananbj03,2026/7/7,13,7.05,0,0,0,195.83,783.33,0,25.00%,0.00%,-,0,0
42cdab976fb31453a93b8b2f3fd48686,-,-,-,-,-,https://tutor-online.oss-cn-beijing.aliyuncs.com/growth/download-material/42cdab976fb31453a93b8b2f3fd48686.mp4,0703-199双科-申坤-李博-李天-卞俊洁-A2-B4-无-19,-,,,199元高中双科提分课,199元高中双科提分课,申坤,其他,0,wangjiananbj03,2026/7/14,6,0.05,0,0,0,2.78,0,0,0.00%,0.00%,-,0,0
f4b17646ee5528e5b5c9c4dabf9a350f,-,-,-,-,-,https://tutor-online.oss-cn-beijing.aliyuncs.com/growth/download-material/f4b17646ee5528e5b5c9c4dabf9a350f.mp4,9元视频10011-1129-十人-李博混剪-1-D-是-jjsx-plpy,-,,,9元高中物理李博,9元高中物理李博,十人,其他,0,wangruixuebj01,2026/3/27,115,6069.43,207,23,0.03,198.02,18392.21,263.89,1.51%,4.98%,-,0.75,627.27
0ba3b22be5db8de550ec51cc039d77cf,-,-,-,-,-,https://tutor-online.oss-cn-beijing.aliyuncs.com/growth/download-material/0ba3b22be5db8de550ec51cc039d77cf.mp4,20260629-猿辅导高中双科-实拍-千川-活动-买数送物-199学三年-靠谱吗-常文茜-cd康艺凡-岳久鸿-叶俊泽yc-4-前贴.mp4,-,,,199元高中双科提分课,199元高中双科提分课,荔枝,代理商,0,wangjiananbj03,2026/7/3,17,1.42,0,0,0,74.74,710,0,10.53%,0.00%,-,0,0
66cec5687776eec18a606401883ae020,-,-,-,-,-,https://tutor-online.oss-cn-beijing.aliyuncs.com/growth/download-material/66cec5687776eec18a606401883ae020.mp4,20260716-高中数物（高二升高三）-混剪-图-张凌-5.mp4,-,,,199元高中双科提分课,199元高中双科提分课,荔枝,其他,0,wangjiananbj03,2026/7/16,4,15.41,0,0,0,208.24,1541,0,13.51%,0.00%,-,0,0
00d704d6e27de060756755258064159c,-,-,-,-,-,https://tutor-online.oss-cn-beijing.aliyuncs.com/growth/download-material/00d704d6e27de060756755258064159c.mp4,0629-199双科-申坤-李博-李天-卞俊洁-A2-B4-无-09,-,,,199元高中双科提分课,199元高中双科提分课,申坤,其他,0,wangjiananbj03,2026/7/3,17,1.38,0,0,0,28.16,0,0,0.00%,0.00%,-,0,0
2f0e866a54e9b04cd71795f3455aeec2,-,-,-,-,-,https://tutor-online.oss-cn-beijing.aliyuncs.com/growth/download-material/2f0e866a54e9b04cd71795f3455aeec2.mp4,20260707-猿辅导高中双科-实拍-千川-买数送物-专家分享-翻身-高二-张焱-cd康艺凡--岳久鸿yc-1（前贴）.mp4,-,,,199元高中双科提分课,199元高中双科提分课,荔枝,其他,0,wangjiananbj03,2026/7/13,7,12.84,0,0,0,356.67,6420,0,5.56%,0.00%,-,0,0
cc1eb59e45a4c52f35304e02ef967714,-,-,-,-,-,https://tutor-online.oss-cn-beijing.aliyuncs.com/growth/download-material/cc1eb59e45a4c52f35304e02ef967714.mp4,20260707-猿辅导高中双科-实拍-千川-买数送物-活动-喊醒-李莹莹-bj冷一丁-叶俊泽yc-2,-,,,199元高中双科提分课,199元高中双科提分课,荔枝,其他,0,wangjiananbj03,2026/7/10,10,98.04,0,0,0,120.44,0,0,0.00%,0.00%,-,0,0
bca0bf3f349b9ef4b78956858f99d030,-,-,-,-,-,https://img-pub.oss-cn-beijing-internal.aliyuncs.com/19eedd825cb25cd.mp4,0618-9物-代理-十人-李博-jjsx-bmqr-A2-B1-pwjl-pcc-有-AI-3,-,,,9元高中物理李博,9元高中物理李博,十人,代理商,0,wangruixuebj01,2026/6/22,28,637.04,27,3,0.04,81.44,4900.31,212.35,1.85%,2.07%,-,0.38,207.69
2dcbe2b96170e9cde8f13ddf9d7f1a79,-,-,-,-,-,https://tutor-online.oss-cn-beijing.aliyuncs.com/growth/download-material/2dcbe2b96170e9cde8f13ddf9d7f1a79.mp4,20260604-猿辅导高中数学-实拍-活动-撕开-张焱-bj冷一丁--曾柔雪ec-6-图拼接.mp4,-,,,199元高中双科提分课,199元高中双科提分课,荔枝,其他,0,wangjiananbj03,2026/6/4,46,1.24,0,0,0,41.33,1240,0,3.33%,0.00%,-,0,0
c9a6e4da5c67337c80e64efc0a816d75,-,-,-,-,-,https://tutor-online.oss-cn-beijing.aliyuncs.com/growth/download-material/c9a6e4da5c67337c80e64efc0a816d75.mp4,一键修复_20260630-猿辅导高中双科-实拍-千川-买数送物-活动-不气-张焱-bj冷一丁--张晓洁yc-3.mp4,-,,,199元高中双科提分课,199元高中双科提分课,荔枝,其他,0,wangjiananbj03,2026/7/3,17,1.35,0,0,0,192.86,0,0,0.00%,0.00%,-,0,0
56f0d521b3aff89179cec2937cf773bb,-,-,-,-,-,https://tutor-online.oss-cn-beijing.aliyuncs.com/growth/download-material/56f0d521b3aff89179cec2937cf773bb.mp4,一键修复_20260711-猿辅导高中双科-实拍-千川-暑期规划-通用-买数送物-可能吗-常文茜-hd张绍辰--李文静yc-1前贴.mp4,-,,,199元高中双科提分课,199元高中双科提分课,荔枝,其他,0,wangjiananbj03,2026/7/16,4,0.26,0,0,0,130,0,0,0.00%,0.00%,-,0,0
65ce0dfb7fa571d573a7cfe9ff117ba0,-,-,-,-,-,https://tutor-online.oss-cn-beijing.aliyuncs.com/growth/download-material/65ce0dfb7fa571d573a7cfe9ff117ba0.mp4,20260606-猿辅导高中双科-实拍-活动-买数送物-全年-跟你-618-张焱-cd鲨鱼- 张雪依ec-二创-9.mp4,-,,,199元高中双科提分课,199元高中双科提分课,荔枝,其他,0,wangjiananbj03,2026/6/9,41,7.65,0,0,0,225,7650,0,2.94%,0.00%,-,0,0
520ba62a5e63e835ac5b1af060a4cb6a,-,-,-,-,-,https://tutor-online.oss-cn-beijing.aliyuncs.com/growth/download-material/520ba62a5e63e835ac5b1af060a4cb6a.mp4,一键修复_0317-199物-自产-自产主-李博-曲中雨-浩正-A5-B2-无-23.mp4,-,,,199元高中双科提分课,199元高中双科提分课,荔枝,其他,0,wangjiananbj03,2026/5/29,52,0.08,0,0,0,0,0,0,0.00%,0.00%,-,0,0
5897b70315a5a2cad20911fe74f75791,-,-,-,-,-,https://tutor-online.oss-cn-beijing.aliyuncs.com/growth/download-material/5897b70315a5a2cad20911fe74f75791.mp4,20260709-猿辅导高中双科-实拍-活动-夏他-张焱-bj李赛-高二高三-李文静ec-视频号二创-横屏-3,-,,,199元高中双科提分课,199元高中双科提分课,荔枝,代理商,0,wangjiananbj03,2026/7/9,11,775.53,398,2,0.51,16.54,3977.08,387.77,0.65%,0.66%,-,0.04,2041.03
9915a6e8be1a8125cfff37b103d30b33,-,-,-,-,-,https://tutor-online.oss-cn-beijing.aliyuncs.com/growth/download-material/9915a6e8be1a8125cfff37b103d30b33.mp4,一键修复_20260605-猿辅导高中双科-实拍-IP李博-明天晚了-常文茜-ip李博-叶俊泽ec-4.mp4,-,,,199元高中双科提分课,199元高中双科提分课,荔枝,其他,0,wangjiananbj03,2026/6/16,34,0.93,0,0,0,310,930,0,33.33%,0.00%,-,0,0
2fe1ef08aebefd2040c83102de03b52d,-,-,-,-,-,https://tutor-online.oss-cn-beijing.aliyuncs.com/growth/download-material/2fe1ef08aebefd2040c83102de03b52d.mp4,0625-199双科-申坤-李博-李天-卞俊洁-A5-B5-有-17,-,,,199元高中双科提分课,199元高中双科提分课,申坤,其他,0,wangjiananbj03,2026/7/2,18,0.01,0,0,0,2.5,0,0,0.00%,0.00%,-,0,0
89eda7918f422b910433877c2576de8b,-,-,-,-,-,https://tutor-online.oss-cn-beijing.aliyuncs.com/growth/download-material/89eda7918f422b910433877c2576de8b.mp4,9元视频878-0409-9物-十人-bmqr-ylb-A2-B4-jjsx-pwjl-1,-,,,9元高中物理李博,9元高中物理李博,十人,其他,0,wangruixuebj01,2026/5/29,52,1.11,0,0,0,123.33,0,0,0.00%,0.00%,-,0,0
f6f5dc231cb85ce93cb7cfa9138a880c,-,-,-,-,-,https://tutor-online.oss-cn-beijing.aliyuncs.com/growth/download-material/f6f5dc231cb85ce93cb7cfa9138a880c.mp4,一键修复_20260619-猿辅导高中双科-实拍-千川-活动-买数学送物理-犹豫-张焱-bj于靖-裂变-张晓洁yc-3.mp4,-,,,199元高中双科提分课,199元高中双科提分课,荔枝,其他,0,wangjiananbj03,2026/6/19,31,25.38,0,0,0,1692,12690,0,13.33%,0.00%,-,0,0
4f15fda299db62a82aa06deb9d40fcdd,-,-,-,-,-,https://tutor-online.oss-cn-beijing.aliyuncs.com/growth/download-material/4f15fda299db62a82aa06deb9d40fcdd.mp4,0710-199双科-申坤-李博-李天-卞俊洁-A1-B2-无-1,-,,,199元高中双科提分课,199元高中双科提分课,申坤,其他,0,wangjiananbj03,2026/7/11,9,76.36,0,0,0,64.22,7636,0,1.01%,0%,-,0,0
d7ae5231a2e1301a218eb36c6d1bd5ae,-,-,-,-,-,https://tutor-online.oss-cn-beijing.aliyuncs.com/growth/download-material/d7ae5231a2e1301a218eb36c6d1bd5ae.mp4,20260626-猿辅导高中双科-实拍-活动-黑板-唐欣悦-cd康艺凡-岳久鸿-李文静ec-视频号二创-10.mp4,-,,,199元高中双科提分课,199元高中双科提分课,荔枝,其他,0,wangjiananbj03,2026/6/30,20,2.53,0,0,0,126.5,1265,0,10.00%,0.00%,-,0,0
a43722b7085fcfb2979e5657a81a215d,-,-,-,-,-,https://tutor-online.oss-cn-beijing.aliyuncs.com/growth/download-material/a43722b7085fcfb2979e5657a81a215d.mp4,0606-199双科-自产-自产主-李博-曲中雨-子衿-A6-B2-ts罗雅雯-二创-张晓洁ec-2.mp4,-,,,199元高中双科提分课,199元高中双科提分课,荔枝,其他,0,wangjiananbj03,2026/6/9,41,0.49,0,0,0,98,490,0,20.00%,0.00%,-,0,0
bf13b4196f3453fa9c8667ef9e29bc9b,-,-,-,-,-,https://tutor-online.oss-cn-beijing.aliyuncs.com/growth/download-material/bf13b4196f3453fa9c8667ef9e29bc9b.mp4,一键修复_20260610-猿辅导高中双科-实拍-活动-撕开-张焱-bj冷一丁-修改-张晓洁ec-3.mp4,-,,,199元高中双科提分课,199元高中双科提分课,荔枝,其他,0,wangjiananbj03,2026/6/12,38,3.06,0,0,0,122.4,3060,0,4.00%,0.00%,-,0,0
88fca69cdd4850f28213fb8485b76ef8,-,-,-,-,-,https://tutor-online.oss-cn-beijing.aliyuncs.com/growth/download-material/88fca69cdd4850f28213fb8485b76ef8.mp4,20260711-猿辅导高中双科-实拍-千川-活动-通用-买数送物-成过去-李莹莹-dr蔡昕--张雪依yc-3.mp4,-,,,199元高中双科提分课,199元高中双科提分课,荔枝,其他,0,wangjiananbj03,2026/7/16,4,0.06,0,0,0,60,60,0,100.00%,0.00%,-,0,0
a708c8c37cae83a9d5acdc0f820e94d7,-,-,-,-,-,https://tutor-online.oss-cn-beijing.aliyuncs.com/growth/download-material/a708c8c37cae83a9d5acdc0f820e94d7.mp4,一键修复_0520-199双科-自产-自产二-李博-曲中雨-子衿-A5-B1-有-5.mp4,-,,,199元高中双科提分课,199元高中双科提分课,荔枝,其他,0,wangjiananbj03,2026/6/18,32,5.28,0,0,0,293.33,2640,0,11.11%,0.00%,-,0,0
48085b9df77c955f7b527955c3dd9348,-,-,-,-,-,https://tutor-online.oss-cn-beijing.aliyuncs.com/growth/download-material/48085b9df77c955f7b527955c3dd9348.mp4,一键修复_20260602-猿辅导高中双科-实拍-千川-性价比-买数学送物理-收了-张焱-cd金花-高俊南-张晓洁yc-1.2.mp4,-,,,199元高中双科提分课,199元高中双科提分课,荔枝,其他,0,wangjiananbj03,2026/6/3,47,1.24,0,0,0,88.57,1240,0,7.14%,0.00%,-,0,0
cd168bf3237a8cd2a2192fec923b543b,-,-,-,-,-,https://tutor-online.oss-cn-beijing.aliyuncs.com/growth/download-material/cd168bf3237a8cd2a2192fec923b543b.mp4,0708-199双科-申坤-李博-李天-卞俊洁-A2-B4-无-高二高三-1,-,,,199元高中双科提分课,199元高中双科提分课,申坤,代理商,0,wangjiananbj03,2026/7/9,11,0.57,0,0,0,47.5,0,0,8.33%,0%,-,0,0
be2dd1cf01fee0139d7b7435de815f18,-,-,-,-,-,https://tutor-online.oss-cn-beijing.aliyuncs.com/growth/download-material/be2dd1cf01fee0139d7b7435de815f18.mp4,0630-199双科-申坤-李博-李天-卞俊洁-A2-B4-无-15,-,,,199元高中双科提分课,199元高中双科提分课,申坤,其他,0,wangjiananbj03,2026/7/6,14,6.98,0,0,0,68.43,0,0,0.98%,0%,-,0,0
2bbbd4d711dc8f15874662756fc8ce3d,-,-,-,-,-,https://tutor-online.oss-cn-beijing.aliyuncs.com/growth/download-material/2bbbd4d711dc8f15874662756fc8ce3d.mp4,20260610-猿辅导高中双科-实拍-千川-活动-五科-199学三年-不要-唐欣悦-岳久鸿-cd小丹-叶俊泽yc-2-前贴1.mp4,-,,,199元高中双科提分课,199元高中双科提分课,荔枝,代理商,0,wangjiananbj03,2026/6/18,32,0.14,0,0,0,46.67,0,0,0.00%,0.00%,-,0,0
3198bab2da61f2101d986b3e1639964e,-,-,-,-,-,https://tutor-online.oss-cn-beijing.aliyuncs.com/growth/download-material/3198bab2da61f2101d986b3e1639964e.mp4,0703-199双科-申坤-王晶-李天-卞俊洁-A3-B4-有-24,-,,,199元高中双科提分课,199元高中双科提分课,申坤,其他,0,wangjiananbj03,2026/7/10,10,5.12,0,0,0,31.6,0,0,0.00%,0.00%,-,0,0
dc6cc5fc9b5ada206e9dcf7b2a99461a,-,-,-,-,-,https://tutor-online.oss-cn-beijing.aliyuncs.com/growth/download-material/dc6cc5fc9b5ada206e9dcf7b2a99461a.mp4,20260604-猿辅导高中双科-实拍-买物理送数学-不花-张焱-cd金花-叶俊泽ec-视频号二创-6-五科.mp4,-,,,199元高中双科提分课,199元高中双科提分课,荔枝,代理商,0,wangjiananbj03,2026/6/5,45,11.16,0,0,0,118.72,2232,0,5.32%,0.00%,-,0,0
43bfe34e87c50a127fb2155e981cab83,-,-,-,-,-,https://tutor-online.oss-cn-beijing.aliyuncs.com/growth/download-material/43bfe34e87c50a127fb2155e981cab83.mp4,0708-199双科-申坤-李博-李天-卞俊洁-A5-B5-有-高二高三-17,-,,,199元高中双科提分课,199元高中双科提分课,申坤,其他,0,wangjiananbj03,2026/7/9,11,135.36,199,1,1.47,77.79,11280,135.36,0.86%,6.67%,-,0.57,16583.33
01477130b690276664ec380411f6b79d,-,-,-,-,-,https://tutor-online.oss-cn-beijing.aliyuncs.com/growth/download-material/01477130b690276664ec380411f6b79d.mp4,0703-199双科-申坤-李博-李天-卞俊洁-A2-B4-无-23,-,,,199元高中双科提分课,199元高中双科提分课,申坤,其他,0,wangjiananbj03,2026/7/14,6,32.64,0,0,0,136,0,0,1.25%,0%,-,0,0
01e2d76b6dbdbad9d0411e7eb51cfad9,-,-,-,-,-,https://tutor-online.oss-cn-beijing.aliyuncs.com/growth/download-material/01e2d76b6dbdbad9d0411e7eb51cfad9.mp4,一键修复_20260707-猿辅导高中双科-实拍-6天提分-199学全年-通用-买数送物-不可能-唐欣悦-bj杨子玄-李文静yc-2-前贴2.mp4,-,,,199元高中双科提分课,199元高中双科提分课,荔枝,其他,0,wangjiananbj03,2026/7/11,9,15.24,0,0,0,106.57,3048,0,3.50%,0.00%,-,0,0
ceebc557c80884bb46b76570ce2148bd,-,-,-,-,-,https://tutor-online.oss-cn-beijing.aliyuncs.com/growth/download-material/ceebc557c80884bb46b76570ce2148bd.mp4,20260630-猿辅导高中双科-实拍-视频号-IP-李博-你再-张焱-IP-李博--张晓洁yc-1,-,,,199元高中双科提分课,199元高中双科提分课,荔枝,代理商,0,wangjiananbj03,2026/7/15,5,1.53,0,0,0,14.04,765,0,1.83%,0%,-,0,0
3b42c8418af823ba8b3367d6139a6745,-,-,-,-,-,https://tutor-online.oss-cn-beijing.aliyuncs.com/growth/download-material/3b42c8418af823ba8b3367d6139a6745.mp4,20260701-猿辅导高中双科-实拍-千川-活动-买数学送物理-再加-张焱-bj冷一丁-袁北辰ec-二创-1.mp4,-,,,199元高中双科提分课,199元高中双科提分课,荔枝,其他,0,wangjiananbj03,2026/7/9,11,7.85,0,0,0,167.02,0,0,0.00%,0.00%,-,0,0
2d09faf2e4f33d80a19ec51405084cb7,-,-,-,-,-,https://tutor-online.oss-cn-beijing.aliyuncs.com/growth/download-material/2d09faf2e4f33d80a19ec51405084cb7.mp4,20260626-猿辅导高中双科-实拍-活动-他们夏能-张焱-bj刘能能-张晓洁yc-1.1.mp4,-,,,199元高中双科提分课,199元高中双科提分课,荔枝,其他,0,wangjiananbj03,2026/7/9,11,4.43,0,0,0,276.88,2215,0,12.50%,0.00%,-,0,0
c78145b835b834baeeaa928f647a1781,-,-,-,-,-,https://tutor-online.oss-cn-beijing.aliyuncs.com/growth/download-material/c78145b835b834baeeaa928f647a1781.mp4,20260711-猿辅导高中双科-实拍-千川-活动-高二-五科-售卖-张焱-bj李栎--李文静ec-二创-4.mp4,-,,,199元高中双科提分课,199元高中双科提分课,荔枝,其他,0,wangjiananbj03,2026/7/13,7,6.18,0,0,0,187.27,2060,0,9.09%,0.00%,-,0,0
cd523d87f23aee5c9b79e243b9a52340,-,-,-,-,-,https://tutor-online.oss-cn-beijing.aliyuncs.com/growth/download-material/cd523d87f23aee5c9b79e243b9a52340.mp4,20260711-猿辅导高中双科-口播-活动-三连学-张焱-bj李栎-二创-叶俊泽ec-ts文丹-11.mp4,-,,,199元高中双科提分课,199元高中双科提分课,荔枝,其他,0,wangjiananbj03,2026/7/16,4,0.26,0,0,0,86.67,0,0,0.00%,0.00%,-,0,0
ff1c645661a612b2f00f69bbe9993d70,-,-,-,-,-,https://tutor-online.oss-cn-beijing.aliyuncs.com/growth/download-material/ff1c645661a612b2f00f69bbe9993d70.mp4,20260630-猿辅导高中双科-实拍-千川-活动-再加-张焱-bj冷一丁-袁北辰ec-二创-4.mp4,-,,,199元高中双科提分课,199元高中双科提分课,荔枝,其他,0,wangjiananbj03,2026/6/30,20,2.95,0,0,0,210.71,2950,0,7.14%,0.00%,-,0,0
f9b92621c8198baa6bd67e4a0a91a659,-,-,-,-,-,https://tutor-online.oss-cn-beijing.aliyuncs.com/growth/download-material/f9b92621c8198baa6bd67e4a0a91a659.mp4,20260620-猿辅导高中双科-实拍-千川-焦虑-ts罗雅雯-张焱-bj李赛-二创-张晓洁ec-4,-,,,199元高中双科提分课,199元高中双科提分课,荔枝,其他,0,wangjiananbj03,2026/7/11,9,614.74,0,0,0,77.98,30737,0,0.46%,0%,-,0,0
505a8f9b3fc0188b4d8e41e6dbb62100,-,-,-,-,-,https://tutor-online.oss-cn-beijing.aliyuncs.com/growth/download-material/505a8f9b3fc0188b4d8e41e6dbb62100.mp4,20260626-猿辅导高中双科-实拍-活动-放心-张焱-bj刘能能-裂变-张晓洁yc-3.mp4,-,,,199元高中双科提分课,199元高中双科提分课,荔枝,代理商,0,wangjiananbj03,2026/6/26,24,16.5,0,0,0,22.73,3300,0,0.69%,0.00%,-,0,0
102e83d6093a41dbc4f1bfa44fdbe3de,-,-,-,-,-,https://img-pub.oss-cn-beijing-internal.aliyuncs.com/19f5ae3b7004220.mp4,20260709-9物-代理-启航-李博-【b1-p6-a3-82-0709】-A5-B5-有-2,-,,,9元高中物理李博,9元高中物理李博,启航,代理商,0,wangruixuebj01,2026/7/15,5,85.28,0,0,0,56.48,2304.86,0,2.45%,0%,-,0,0
35f2afaca01d5dd3728a41cc326bc5a7,-,-,-,-,-,https://tutor-online.oss-cn-beijing.aliyuncs.com/growth/download-material/35f2afaca01d5dd3728a41cc326bc5a7.mp4,20260610-猿辅导高中双科-实拍-千川-活动-买数学送物理-确实-张焱-bj于靖-二创-张晓洁ec-4,-,,,199元高中双科提分课,199元高中双科提分课,荔枝,代理商,0,wangjiananbj03,2026/6/26,24,59.87,0,0,0,100.79,59870,0,0.17%,0%,-,0,0
d86b299aea82ef7d77c1929a571589e8,-,-,-,-,-,https://tutor-online.oss-cn-beijing.aliyuncs.com/growth/download-material/d86b299aea82ef7d77c1929a571589e8.mp4,0703-199双科-申坤-李博-李天-卞俊洁-A2-B4-无-15,-,,,199元高中双科提分课,199元高中双科提分课,申坤,其他,0,wangjiananbj03,2026/7/5,15,9653.39,3781,19,0.39,153.7,21357.06,508.07,1.11%,2.72%,-,0.3,8365.04
b302298888bcbe9a72cd5798c2f9089c,-,-,-,-,-,https://tutor-online.oss-cn-beijing.aliyuncs.com/growth/download-material/b302298888bcbe9a72cd5798c2f9089c.mp4,20260629-猿辅导高中双科-实拍-千川-活动-199学三年-不屑一顾-唐欣悦-cd康艺凡-岳久鸿-叶俊泽yc-3,-,,,199元高中双科提分课,199元高中双科提分课,荔枝,其他,0,wangjiananbj03,2026/7/7,13,0.55,0,0,0,19.64,0,0,0.00%,0.00%,-,0,0
8bea83eab640cee01400a29fcbb3396c,-,-,-,-,-,https://tutor-online.oss-cn-beijing.aliyuncs.com/growth/download-material/8bea83eab640cee01400a29fcbb3396c.mp4,20260711-猿辅导高中双科-实拍-千川-买数送物-活动-好坏消息-李莹莹-dr小五老师-叶俊泽 ec-二创-12.mp4,-,,,199元高中双科提分课,199元高中双科提分课,荔枝,其他,0,wangjiananbj03,2026/7/16,4,41.16,0,0,0,348.81,3166.15,0,11.02%,0.00%,-,0,0
1aa1977a3d2a2f95affdaee542193038,-,-,-,-,-,https://tutor-online.oss-cn-beijing.aliyuncs.com/growth/download-material/1aa1977a3d2a2f95affdaee542193038.mp4,20260707-猿辅导高中双科-实拍-千川-买物送数-专家分享-跟你学-高二高三-李莹莹-b宋钦冲-叶俊泽yc-1-前贴.mp4,-,,,199元高中双科提分课,199元高中双科提分课,荔枝,其他,0,wangjiananbj03,2026/7/10,10,1.85,0,0,0,108.82,616.67,0,17.65%,0.00%,-,0,0
e7d4a949d8e839e60e976a3558377272,-,-,-,-,-,https://tutor-online.oss-cn-beijing.aliyuncs.com/growth/download-material/e7d4a949d8e839e60e976a3558377272.mp4,20260630-猿辅导高中双科-实拍-千川-活动-199学三年-买数送物-割韭菜-唐欣悦-bj庄紫薇--李文静yc-3-前贴.mp4,-,,,199元高中双科提分课,199元高中双科提分课,荔枝,其他,0,wangjiananbj03,2026/7/3,17,86.61,0,0,0,57.43,4811.67,0,1.19%,0.00%,-,0,0
b5f8986938839cabd4ff6e1e58956cea,-,-,-,-,-,https://tutor-online.oss-cn-beijing.aliyuncs.com/growth/download-material/b5f8986938839cabd4ff6e1e58956cea.mp4,20260605-猿辅导高中双科-实拍-IP李博-明天晚了-常文茜-ip李博-叶俊泽ec-4-前贴.mp4,-,,,199元高中双科提分课,199元高中双科提分课,荔枝,其他,0,wangjiananbj03,2026/6/16,34,3.28,0,0,0,273.33,546.67,0,50.00%,0.00%,-,0,0
f3a4c151b49e12188674e93cae8a933a,-,-,-,-,-,https://tutor-online.oss-cn-beijing.aliyuncs.com/growth/download-material/f3a4c151b49e12188674e93cae8a933a.mp4,20260630-猿辅导高中双科-实拍-千川-活动-199学三年-买数送物-割韭菜-唐欣悦-bj庄紫薇--李文静yc-3-前贴,-,,,199元高中双科提分课,199元高中双科提分课,荔枝,其他,0,wangjiananbj03,2026/7/9,11,182.63,0,0,0,125.86,22828.75,0,0.83%,0%,-,0,0
f41e5bf6abcd9824aba187e717574fac,-,-,-,-,-,https://tutor-online.oss-cn-beijing.aliyuncs.com/growth/download-material/f41e5bf6abcd9824aba187e717574fac.mp4,0703-199双科-申坤-王晶-李天-卞俊洁-A3-B4-有-21,-,,,199元高中双科提分课,199元高中双科提分课,申坤,其他,0,wangjiananbj03,2026/7/5,15,93.73,0,0,0,85.29,46865,0,0.36%,0%,-,0,0
710e513d62528cc1bce3a852b8434cec,-,-,-,-,-,https://tutor-online.oss-cn-beijing.aliyuncs.com/growth/download-material/710e513d62528cc1bce3a852b8434cec.mp4,0605-9物-十人-bwxy-ylb-A2-B4-jclb-pcc-2,-,,,9元高中物理李博,9元高中物理李博,十人,代理商,0,wangruixuebj01,2026/6/14,36,149.82,9,1,0.06,89.82,16646.67,149.82,1.26%,4.76%,-,0.6,1000
42d04b7a21b4a31eb436c56ca99f7cd7,-,-,-,-,-,https://tutor-online.oss-cn-beijing.aliyuncs.com/growth/download-material/42d04b7a21b4a31eb436c56ca99f7cd7.mp4,20260609-9物-代理-启航-李博-【b1-p6-a1-9】-A5-B5-有-2,-,,,9元高中物理李博,9元高中物理李博,启航,其他,0,wangruixuebj01,2026/6/11,39,1556.21,54,6,0.03,222.89,12157.89,259.37,2.18%,3.95%,-,0.86,421.88
7b9663df1d2326c3e4aceada1686d2d6,-,-,-,-,-,https://img-pub.oss-cn-beijing-internal.aliyuncs.com/19f1c70e27191fb.mp4,20260629-9物-代理-启航-李博-【b1-p6-j9-33】-往下没搭建呢,-,,,9元高中物理李博,9元高中物理李博,启航,代理商,0,wangruixuebj01,2026/7/10,10,543.04,18,2,0.03,107.94,7438.9,271.52,1.75%,2.27%,-,0.4,246.58
27b54cd30cfdb6c9a596740845903eec,-,-,-,-,-,https://tutor-online.oss-cn-beijing.aliyuncs.com/growth/download-material/27b54cd30cfdb6c9a596740845903eec.mp4,20200627-0606-199双科-自产-自产主-李博-曲中雨-子衿-A6-B2-ts张琴-二创-叶俊泽ec-20.mp4,-,,,199元高中双科提分课,199元高中双科提分课,荔枝,其他,0,wangjiananbj03,2026/6/30,20,3.48,0,0,0,267.69,3480,0,7.69%,0.00%,-,0,0
47ee13a73665b5db088560995a23b0b7,-,-,-,-,-,https://tutor-online.oss-cn-beijing.aliyuncs.com/growth/download-material/47ee13a73665b5db088560995a23b0b7.mp4,一键修复_20260629-猿辅导高中双科-实拍-千川-线下班对比-199学三年-答应我-高二-唐欣悦-bj赵阳--叶俊泽yc-2-前贴.mp4,-,,,199元高中双科提分课,199元高中双科提分课,荔枝,其他,0,wangjiananbj03,2026/7/3,17,7.11,0,0,0,209.12,3555,0,5.88%,0.00%,-,0,0
b2779ad3394e216fd29c31eccfea9d23,-,-,-,-,-,https://tutor-online.oss-cn-beijing.aliyuncs.com/growth/download-material/b2779ad3394e216fd29c31eccfea9d23.mp4,0616-9物-代理-十人-李博-jzzy-bmqr-A2-B2-pwjl-有-4-受益人,-,,,9元高中物理李博,9元高中物理李博,十人,代理商,0,wangruixuebj01,2026/6/17,33,0.24,0,0,0,8,0,0,0.00%,0.00%,-,0,0
ef615b11c216f54f0805743d0d3a1b5f,-,-,-,-,-,https://tutor-online.oss-cn-beijing.aliyuncs.com/growth/download-material/ef615b11c216f54f0805743d0d3a1b5f.mp4,0703-199双科-申坤-李博-李天-姚恒-A7-B4-有-02,-,,,199元高中双科提分课,199元高中双科提分课,申坤,其他,0,wangjiananbj03,2026/7/7,13,20.48,0,0,0,31.27,4096,0,0.76%,0%,-,0,0
5ac6f3f2e3d04e1cf50780dd4d5f0c2c,-,-,-,-,-,https://tutor-online.oss-cn-beijing.aliyuncs.com/growth/download-material/5ac6f3f2e3d04e1cf50780dd4d5f0c2c.mp4,20260702-猿辅导高中双科-实拍-千川-性价比-买数送物-199学三年-不贵-唐欣悦-张焱-bj冷一丁-李文静yc-裂变2.mp4,-,,,199元高中双科提分课,199元高中双科提分课,荔枝,其他,0,wangjiananbj03,2026/7/2,18,87.54,0,0,0,232.82,10942.5,0,2.13%,0.00%,-,0,0
0ea87e5400e1fe8e98915fd48d9eea16,-,-,-,-,-,https://tutor-online.oss-cn-beijing.aliyuncs.com/growth/download-material/0ea87e5400e1fe8e98915fd48d9eea16.mp4,0708-199双科-申坤-李博-李天-卞俊洁-A1-B4-无-高二高三-6,-,,,199元高中双科提分课,199元高中双科提分课,申坤,其他,0,wangjiananbj03,2026/7/10,10,116.37,0,0,0,28.36,6465,0,0.61%,0%,-,0,0
5f9ecfee84ad8ae3ab9483f3575debd9,-,-,-,-,-,https://tutor-online.oss-cn-beijing.aliyuncs.com/growth/download-material/5f9ecfee84ad8ae3ab9483f3575debd9.mp4,20260711-猿辅导高中双科-实拍-视频号-专家分享-买数送物-高二-买数送物-遇到-张焱-cd张璐-高俊南-李文静ec-二创-2,-,,,199元高中双科提分课,199元高中双科提分课,自投放,其他,0,wangjiananbj03,2026/7/14,6,0.4,0,0,0,8.7,0,0,0.00%,0.00%,-,0,0
513c258dfc9bef513b34ee59b2657158,-,-,-,-,-,https://img-pub.oss-cn-beijing-internal.aliyuncs.com/19f12793babe5b4.mp4,9元视频1158-0624-9物-代理-十人-李博-jzzy-bmqr-A2-B2-pcc-有-3-种草,-,,,9元高中物理李博,9元高中物理李博,十人,代理商,0,wangruixuebj01,2026/7/11,9,0.42,0,0,0,3.39,0,0,0.00%,0.00%,-,0,0
99a7e46629a4752e899ba6ca2811d388,-,-,-,-,-,https://tutor-online.oss-cn-beijing.aliyuncs.com/growth/download-material/99a7e46629a4752e899ba6ca2811d388.mp4,20260701-猿辅导高中双科-实拍-千川-买数送物-专家分享-救不-高二-张焱-tj陈璇-叶俊泽yc-6-前贴,-,,,199元高中双科提分课,199元高中双科提分课,自投放,代理商,0,wangjiananbj03,2026/7/15,5,0.6,0,0,0,9.52,0,0,0.00%,0.00%,-,0,0
1d7ef94e97d0dfc822299721a6496db3,-,-,-,-,-,https://tutor-online.oss-cn-beijing.aliyuncs.com/growth/download-material/1d7ef94e97d0dfc822299721a6496db3.mp4,一键修复_20260630-猿辅导高中双科-实拍-视频号-IP-李博-你再-张焱-IP-李博--张晓洁yc-1.mp4,-,,,199元高中双科提分课,199元高中双科提分课,荔枝,其他,0,wangjiananbj03,2026/7/5,15,2.54,0,0,0,81.94,1270,0,6.45%,0.00%,-,0,0
468437ae9d674ec707308430e63a5f9a,-,-,-,-,-,https://tutor-online.oss-cn-beijing.aliyuncs.com/growth/download-material/468437ae9d674ec707308430e63a5f9a.mp4,yfdwl1226m1-4浩4-昕-龙-郝-去年级,-,,,9元高中物理李博,9元高中物理李博,玄武,代理商,0,wangruixuebj01,2026/7/16,4,1.93,0,0,0,13.88,965,0,2.16%,0%,-,0,0
6e9b22719038d2781149746884435bc5,-,-,-,-,-,https://tutor-online.oss-cn-beijing.aliyuncs.com/growth/download-material/6e9b22719038d2781149746884435bc5.mp4,20260708-猿辅导高中双科-实拍-视频号-专家分享-买数送物-高二-买数送物-遇到-张焱-cd张璐-高俊南-张晓洁yc-4（前贴）.mp4,-,,,199元高中双科提分课,199元高中双科提分课,荔枝,其他,0,wangjiananbj03,2026/7/13,7,12.04,0,0,0,75.25,1204,0,6.25%,0.00%,-,0,0
c0d7fa25a850331779d07291f60a6728,-,-,-,-,-,https://tutor-online.oss-cn-beijing.aliyuncs.com/growth/download-material/c0d7fa25a850331779d07291f60a6728.mp4,yfdwl1226m1-4浩4-昕-龙-郝,-,,,9元高中物理李博,9元高中物理李博-实物,玄武,代理商,0,wangruixuebj01,2026/3/3,139,10148.15,360,40,0.04,131.43,14253.02,253.7,1.24%,4.19%,-,0.52,505.62
e4086a1e812c0eebac10b653a6f90e38,-,-,-,-,-,https://tutor-online.oss-cn-beijing.aliyuncs.com/growth/download-material/e4086a1e812c0eebac10b653a6f90e38.mp4,20260711-猿辅导高中双科-实拍-千川-活动-买数送物-我忍-张焱-bj于静-高三-李文静ec-二创-9,-,,,199元高中双科提分课,199元高中双科提分课,自投放,其他,0,wangjiananbj03,2026/7/14,6,684,398,2,0.58,63.01,16285.71,342,0.58%,3.17%,-,0.18,9476.19
78769ad09fa36f33c3022e0daa8c44c9,-,-,-,-,-,https://tutor-online.oss-cn-beijing.aliyuncs.com/growth/download-material/78769ad09fa36f33c3022e0daa8c44c9.mp4,9元视频891-0414-9物-十人-bwxy-ylb-A2-B4-jzzy-pwjl-4,-,,,9元高中物理李博,9元高中物理李博,十人,其他,0,wangruixuebj01,2026/4/17,94,6.09,0,0,0,85.77,0,0,0.00%,0.00%,-,0,0
311a088935062f34b0920ea5c9c060d7,-,-,-,-,-,https://tutor-online.oss-cn-beijing.aliyuncs.com/growth/download-material/311a088935062f34b0920ea5c9c060d7.mp4,20260624-猿辅导高中双科-实拍-视频号-暑假规划-看博哥-唐欣悦-李博-李文静yc-1（视频号）,-,,,199元高中双科提分课,199元高中双科提分课,荔枝,其他,0,wangjiananbj03,2026/6/30,20,1.2,0,0,0,150,0,0,0.00%,0.00%,-,0,0
35f121fc7ee9220ac7afde05c8b96e18,-,-,-,-,-,https://tutor-online.oss-cn-beijing.aliyuncs.com/growth/download-material/35f121fc7ee9220ac7afde05c8b96e18.mp4,20260624-9物-代理-启航-李博-【b1-p6-j9-23】,-,,,9元高中物理李博,9元高中物理李博,启航,代理商,0,wangruixuebj01,2026/6/27,23,29.22,0,0,0,121.75,3246.67,0,4.58%,0%,-,0,0
efcf9934cd303fce181157e19f0fd485,-,-,-,-,-,https://tutor-online.oss-cn-beijing.aliyuncs.com/growth/download-material/efcf9934cd303fce181157e19f0fd485.mp4,0710-199双科-申坤-李博-李天-卞俊洁-A1-B4-无-高二高三-08,-,,,199元高中双科提分课,199元高中双科提分课,申坤,其他,0,wangjiananbj03,2026/7/14,6,6.63,0,0,0,37.25,3315,0,1.12%,0%,-,0,0
bd478c8efd670675df26fee199e4d9dd,-,-,-,-,-,https://tutor-online.oss-cn-beijing.aliyuncs.com/growth/download-material/bd478c8efd670675df26fee199e4d9dd.mp4,视频-1080_1920-1-1780640615,-,,,9元高中物理李博,9元高中物理李博,十人,代理商,0,wangruixuebj01,2026/6/9,41,28.67,0,0,0,101.31,9556.67,0,0.71%,0%,-,0,0
ce6423f355ef4e33971b7181c5722d59,-,-,-,-,-,https://tutor-online.oss-cn-beijing.aliyuncs.com/growth/download-material/ce6423f355ef4e33971b7181c5722d59.mp4,20260703-猿辅导高中双科-实拍-千川-方式方法-买物送数-疯了疯了-常文茜-cd康艺凡-岳久鸿-叶俊泽yc-2-前贴,-,,,199元高中双科提分课,199元高中双科提分课,荔枝,其他,0,wangjiananbj03,2026/7/10,10,61.16,0,0,0,71.62,30580,0,0.35%,0%,-,0,0
a3a8c8c1b6c222c1ccebf0af72956ebf,-,-,-,-,-,https://tutor-online.oss-cn-beijing.aliyuncs.com/growth/download-material/a3a8c8c1b6c222c1ccebf0af72956ebf.mp4,0708-199双科-申坤-李博-李天-卞俊洁-A2-B4-无-6,-,,,199元高中双科提分课,199元高中双科提分课,申坤,其他,0,wangjiananbj03,2026/7/10,10,43.71,0,0,0,56.91,0,0,0.00%,0.00%,-,0,0
7619ff15919fac9042e6cc39f5c114d7,-,-,-,-,-,https://tutor-online.oss-cn-beijing.aliyuncs.com/growth/download-material/7619ff15919fac9042e6cc39f5c114d7.mp4,0630-199双科-申坤-李博-李天-卞俊洁-A2-B4-无-17,-,,,199元高中双科提分课,199元高中双科提分课,申坤,其他,0,wangjiananbj03,2026/7/10,10,2388.98,597,3,0.25,173.14,34622.9,796.33,0.70%,3.13%,-,0.22,8652.17
c51823731fbfa8feab67713fbb66ab27,-,-,-,-,-,https://tutor-online.oss-cn-beijing.aliyuncs.com/growth/download-material/c51823731fbfa8feab67713fbb66ab27.mp4,20260711-猿辅导高中双科-实拍-视频号-IP-李博-你再-张焱-IP-李博--李文静ec-二创-8,-,,,199元高中双科提分课,199元高中双科提分课,自投放,其他,0,wangjiananbj03,2026/7/14,6,91.77,0,0,0,42.06,5398.24,0,1.01%,0%,-,0,0
b6b3fcf27952dd6cb545ff85c13af70f,-,-,-,-,-,https://tutor-online.oss-cn-beijing.aliyuncs.com/growth/download-material/b6b3fcf27952dd6cb545ff85c13af70f.mp4,20260608-猿辅导高中双科-实拍-千川-性价比-买物送数-199学全年-幸亏-端午-唐欣悦-cd张璐-岳久鸿-裂变-张晓洁yc-8,-,,,199元高中双科提分课,199元高中双科提分课,荔枝,代理商,0,wangjiananbj03,2026/6/25,25,1.97,0,0,0,89.55,1970,0,4.55%,0%,-,0,0
a22dbc937d765ced796d1a5cc5f501a1,-,-,-,-,-,https://tutor-online.oss-cn-beijing.aliyuncs.com/growth/download-material/a22dbc937d765ced796d1a5cc5f501a1.mp4,一键修复_20260624-猿辅导高中双科-实拍-千川-活动-买数送物-打算-张焱-bj于静--张晓洁yc-5（前贴）.mp4,-,,,199元高中双科提分课,199元高中双科提分课,荔枝,其他,0,wangjiananbj03,2026/6/29,21,0.41,0,0,0,41,0,0,0.00%,0.00%,-,0,0
bca0bf3f349b9ef4b78956858f99d030,-,-,-,-,-,https://img-pub.oss-cn-beijing-internal.aliyuncs.com/19eedd825cb25cd.mp4,0618-9物-代理-十人-李博-jjsx-bmqr-A2-B1-pwjl-pcc-有-AI-3,-,,,9元高中物理李博,9元高中物理李博,十人,代理商,0,wangruixuebj01,2026/6/23,27,8.07,0,0,0,59.34,4035,0,1.47%,0%,-,0,0
d8484fc2b7a223534b51e2147cfa3835,-,-,-,-,-,https://tutor-online.oss-cn-beijing.aliyuncs.com/growth/download-material/d8484fc2b7a223534b51e2147cfa3835.mp4,20260606-猿辅导高中双科-实拍-塑品-买数送物-全年-舍得-张焱-bj李栎-张雪依ec-二创-6-五科,-,,,199元高中双科提分课,199元高中双科提分课,荔枝,其他,0,wangjiananbj03,2026/6/23,27,16.43,0,0,0,116.52,8215,0,1.42%,0%,-,0,0
dc841334182876642d8efd47d9a63e86,-,-,-,-,-,https://tutor-online.oss-cn-beijing.aliyuncs.com/growth/download-material/dc841334182876642d8efd47d9a63e86.mp4,0708-199双科-申坤-李博-李天-卞俊洁-A2-B4-无-2,-,,,199元高中双科提分课,199元高中双科提分课,申坤,其他,0,wangjiananbj03,2026/7/10,10,68.09,0,0,0,58,22696.67,0,0.26%,0%,-,0,0
2d67f252dd60468cb958f16d48b1d372,-,-,-,-,-,https://tutor-online.oss-cn-beijing.aliyuncs.com/growth/download-material/2d67f252dd60468cb958f16d48b1d372.mp4,0708-199双科-申坤-李博-李天-卞俊洁-A2-B4-无-高二高三-7,-,,,199元高中双科提分课,199元高中双科提分课,申坤,其他,0,wangjiananbj03,2026/7/9,11,2.6,0,0,0,20.31,2600,0,0.78%,0%,-,0,0
857ebd76208b283d5faf3ca6360f0650,-,-,-,-,-,https://tutor-online.oss-cn-beijing.aliyuncs.com/growth/download-material/857ebd76208b283d5faf3ca6360f0650.mp4,一键修复_20260616-猿辅导高中双科-实拍-千川-线下班对比-还在纠结-唐欣悦-bj于靖--张晓洁yc-5（前贴）.mp4,-,,,199元高中双科提分课,199元高中双科提分课,荔枝,其他,0,wangjiananbj03,2026/6/19,31,3.7,0,0,0,168.18,0,0,0.00%,0.00%,-,0,0
a31b02228cf03fe51427104a7c270ac9,-,-,-,-,-,https://tutor-online.oss-cn-beijing.aliyuncs.com/growth/download-material/a31b02228cf03fe51427104a7c270ac9.mp4,20260704-猿辅导高中双科-混剪-图-张凌-张焱-张雪依yc-16-高二高三.mp4,-,,,199元高中双科提分课,199元高中双科提分课,荔枝,其他,0,wangjiananbj03,2026/7/9,11,48.09,0,0,0,559.19,3699.23,0,15.12%,0.00%,-,0,0
77baa0bf539966f210ce12699598aef3,-,-,-,-,-,https://tutor-online.oss-cn-beijing.aliyuncs.com/growth/download-material/77baa0bf539966f210ce12699598aef3.mp4,20260709-猿辅导高中双科-实拍-视频号-暑假规划-看博哥-唐欣悦张焱-李博-高二-李文静ec-视频号二创-横屏-6,-,,,199元高中双科提分课,199元高中双科提分课,荔枝,其他,0,wangjiananbj03,2026/7/9,11,995.56,398,2,0.4,25.72,5239.79,497.78,0.65%,0.80%,-,0.05,2094.74
844536cd7d4326e01be04e41ad4ff476,-,-,-,-,-,https://tutor-online.oss-cn-beijing.aliyuncs.com/growth/download-material/844536cd7d4326e01be04e41ad4ff476.mp4,20260608-猿辅导高中双科-实拍-千川-性价比-买物送数-199学全年-幸亏-端午-唐欣悦-cd张璐-岳久鸿-裂变-张晓洁yc-8.mp4,-,,,199元高中双科提分课,199元高中双科提分课,荔枝,其他,0,wangjiananbj03,2026/6/8,42,2.88,0,0,0,151.58,960,0,15.79%,0.00%,-,0,0
443107dc311d7115bdf95231eccd6d62,-,-,-,-,-,https://tutor-online.oss-cn-beijing.aliyuncs.com/growth/download-material/443107dc311d7115bdf95231eccd6d62.mp4,null-自动生成-20-202607100957,-,,,199元高中双科提分课,199元高中双科提分课,申坤,其他,0,wangjiananbj03,2026/7/10,10,41.23,0,0,0,75.24,13743.33,0,0.55%,0%,-,0,0
7e3d5e110f13642f2382cf0c5f24c282,-,-,-,-,-,https://tutor-online.oss-cn-beijing.aliyuncs.com/growth/download-material/7e3d5e110f13642f2382cf0c5f24c282.mp4,20260716-高中数物（高二升高三）-混剪-图-张凌-3.mp4,-,,,199元高中双科提分课,199元高中双科提分课,荔枝,其他,0,wangjiananbj03,2026/7/16,4,23.12,0,0,0,325.63,2890,0,11.27%,0.00%,-,0,0
2ec26574fa180db6ebcd50d6181298f2,-,-,-,-,-,https://tutor-online.oss-cn-beijing.aliyuncs.com/growth/download-material/2ec26574fa180db6ebcd50d6181298f2.mp4,0707-199双科-申坤-李博-李天-卞俊洁-A2-B4-无-高二高三-1,-,,,199元高中双科提分课,199元高中双科提分课,申坤,其他,0,wangjiananbj03,2026/7/7,13,1315.08,597,3,0.45,47.55,13419.18,438.36,0.70%,1.55%,-,0.11,6091.84
b66c1d47ed1497f3cc4e8ec5d3a470bf,-,-,-,-,-,https://tutor-online.oss-cn-beijing.aliyuncs.com/growth/download-material/b66c1d47ed1497f3cc4e8ec5d3a470bf.mp4,0707-199双科-申坤-李博-李天-王合云-A3-B4-无-高二高三-16,-,,,199元高中双科提分课,199元高中双科提分课,申坤,代理商,0,wangjiananbj03,2026/7/7,13,147.44,398,2,2.7,110.94,18430,73.72,0.90%,16.67%,-,1.5,49750
0f86e171f4aff23ed316e82284ae11bc,-,-,-,-,-,https://tutor-online.oss-cn-beijing.aliyuncs.com/growth/download-material/0f86e171f4aff23ed316e82284ae11bc.mp4,20260713-猿辅导高中双科-实拍-视频号-6天训练营-高三-买物送数-可不是-常文茜-bj冷一丁-叶俊泽yc-4改.mp4,-,,,199元高中双科提分课,199元高中双科提分课,荔枝,其他,0,wangjiananbj03,2026/7/16,4,1.49,0,0,0,248.33,1490,0,16.67%,0.00%,-,0,0
911fd756ddea3b7c092dad59ff7dc908,-,-,-,-,-,https://tutor-online.oss-cn-beijing.aliyuncs.com/growth/download-material/911fd756ddea3b7c092dad59ff7dc908.mp4,20260711-猿辅导高中双科-实拍-视频号-暑假预习-高二-买物送数-比不过-唐欣悦-bj高攀-岳久鸿yc-2（前贴）.mp4,-,,,199元高中双科提分课,199元高中双科提分课,荔枝,其他,0,wangjiananbj03,2026/7/16,4,0.69,0,0,0,115,0,0,0.00%,0.00%,-,0,0
9cb68748303635c0391f21f09b7ae153,-,-,-,-,-,https://tutor-online.oss-cn-beijing.aliyuncs.com/growth/download-material/9cb68748303635c0391f21f09b7ae153.mp4,视频-720_1280-1-1781086566,-,,,9元高中物理李博,9元高中物理李博,十人,代理商,0,wangruixuebj01,2026/6/11,39,1717.88,81,9,0.05,138.47,9929.94,190.88,1.61%,4.50%,-,0.73,468.21
b148a2099db6bed5d7d4de628d017451,-,-,-,-,-,https://tutor-online.oss-cn-beijing.aliyuncs.com/growth/download-material/b148a2099db6bed5d7d4de628d017451.mp4,一键修复_20260630-猿辅导高中双科-实拍-千川-暑期规划-199学全年-就敢-高二-唐欣悦-bj冷一丁--张晓洁yc-2（前贴改）.mp4,-,,,199元高中双科提分课,199元高中双科提分课,荔枝,其他,0,wangjiananbj03,2026/7/9,11,19.43,0,0,0,555.14,4857.5,0,11.43%,0.00%,-,0,0
f72e20eb926749e10929690f71a29e73,-,-,-,-,-,https://tutor-online.oss-cn-beijing.aliyuncs.com/growth/download-material/f72e20eb926749e10929690f71a29e73.mp4,0703-199双科-申坤-李博-李天-姚恒-A5-B5-有-02,-,,,199元高中双科提分课,199元高中双科提分课,申坤,其他,0,wangjiananbj03,2026/7/10,10,127.38,0,0,0,55.92,15922.5,0,0.40%,0%,-,0,0
fb8e332d0ea40612e605cbe00123bbc2,-,-,-,-,-,https://tutor-online.oss-cn-beijing.aliyuncs.com/growth/download-material/fb8e332d0ea40612e605cbe00123bbc2.mp4,20260709-猿辅导高中双科-实拍-暑假规划-买数送物-高二+高三-买数送物-请退掉-高二高三-李莹莹-bj李腾飞-叶俊泽yc-5.mp4,-,,,199元高中双科提分课,199元高中双科提分课,荔枝,其他,0,wangjiananbj03,2026/7/13,7,11.08,0,0,0,85.89,2770,0,3.10%,0.00%,-,0,0
89e7de729298dd63ddc7062207a3d480,-,-,-,-,-,https://tutor-online.oss-cn-beijing.aliyuncs.com/growth/download-material/89e7de729298dd63ddc7062207a3d480.mp4,0703-199双科-申坤-李博-李天-姚恒-A2-B4-无-02,-,,,199元高中双科提分课,199元高中双科提分课,申坤,代理商,0,wangjiananbj03,2026/7/3,17,9.79,0,0,0,143.97,0,0,1.47%,0%,-,0,0
0a60ee0547067edc5a8997b3497bd287,-,-,-,-,-,https://img-pub.oss-cn-beijing-internal.aliyuncs.com/19f1ce46366c18f.mp4,9元视频1168-0624-9物-十人-bwxy-ylb-A2-B4-jzmj-bwxy-pwjl-2,-,,,9元高中物理李博,9元高中物理李博,十人,代理商,0,wangruixuebj01,2026/7/13,7,0.37,0,0,0,28.46,0,0,0.00%,0.00%,-,0,0
a5664f0ed0228974f6720d80a5f814e4,-,-,-,-,-,https://tutor-online.oss-cn-beijing.aliyuncs.com/growth/download-material/a5664f0ed0228974f6720d80a5f814e4.mp4,9元视频996-0529-9物-十人-bwxy-ylb-A2-B4-jjsx-pwjl-1,-,,,9元高中物理李博,9元高中物理李博,十人,其他,0,wangruixuebj01,2026/6/5,45,0,0,0,0,0,0,0,0.00%,0.00%,-,0,0
704550766fa70efd92e2368d2bbe7e81,-,-,-,-,-,https://tutor-online.oss-cn-beijing.aliyuncs.com/growth/download-material/704550766fa70efd92e2368d2bbe7e81.mp4,0128-自产主-李博-13--效果方法体系-有-9物-子矜-曲中雨-娇-迭代0327,-,,,9元高中物理李博,9元高中物理李博,玄武,其他,0,wangruixuebj01,2026/4/28,83,0.51,9,1,17.65,72.86,0,0.51,14.29%,100.00%,-,142.86,0
842f859fe45d7aed962b114c70f6e66b,-,-,-,-,-,https://tutor-online.oss-cn-beijing.aliyuncs.com/growth/download-material/842f859fe45d7aed962b114c70f6e66b.mp4,20260623-猿辅导高中双科-实拍-千川-分数痛点-买数学送物理-一起-张焱-bj冷一丁-裂变-张晓洁yc-2,-,,,199元高中双科提分课,199元高中双科提分课,荔枝,代理商,0,wangjiananbj03,2026/7/9,11,58.1,0,0,0,193.67,29050,0,1.00%,0%,-,0,0
030b6af69f42b6fe57e1c3dfa22675f8,-,-,-,-,-,https://tutor-online.oss-cn-beijing.aliyuncs.com/growth/download-material/030b6af69f42b6fe57e1c3dfa22675f8.mp4,20260610-猿辅导高中双科-混剪-视频号-图-红花-张焱-张晓洁yc-3改.mp4,-,,,199元高中双科提分课,199元高中双科提分课,荔枝,其他,0,wangjiananbj03,2026/6/12,38,750.88,199,1,0.27,128.01,4550.79,750.88,2.81%,0.61%,-,0.17,1206.06
7e148da37f1041e096e3ac7b334db5d4,-,-,-,-,-,https://img-pub.oss-cn-beijing-internal.aliyuncs.com/19f1c7165160b74.mp4,20260629-9物-代理-启航-李博-【b1-p6-j9-35】,-,,,9元高中物理李博,9元高中物理李博,启航,代理商,0,wangruixuebj01,2026/7/11,9,0.09,0,0,0,11.25,0,0,0.00%,0.00%,-,0,0
856c3dbec1a7a5fae282331a92d8e5fd,-,-,-,-,-,https://tutor-online.oss-cn-beijing.aliyuncs.com/growth/download-material/856c3dbec1a7a5fae282331a92d8e5fd.mp4,20260625-猿辅导高中双科-图文混剪--朋友圈-高三-唐欣悦-补量二创-张晓洁ec-2.mp4,-,,,199元高中双科提分课,199元高中双科提分课,荔枝,代理商,0,wangjiananbj03,2026/6/25,25,1.06,0,0,0,530,0,0,0.00%,0.00%,-,0,0
813ad207c01da610c37599605588b8e6,-,-,-,-,-,https://tutor-online.oss-cn-beijing.aliyuncs.com/growth/download-material/813ad207c01da610c37599605588b8e6.mp4,0605-9物-十人-bwxy-ylb-A2-B4-jclb-pcc-1,-,,,9元高中物理李博,9元高中物理李博,十人,其他,0,wangruixuebj01,2026/6/14,36,43.15,0,0,0,70.05,10787.5,0,0.81%,0%,-,0,0
c0ff3e16049a105221d862de91c26f12,-,-,-,-,-,https://tutor-online.oss-cn-beijing.aliyuncs.com/growth/download-material/c0ff3e16049a105221d862de91c26f12.mp4,一键修复_20260711-猿辅导高中双科-实拍-千川-活动-五科-高二-五科-再说-唐欣悦-cd鲨鱼--高俊南yc-前贴.mp4,-,,,199元高中双科提分课,199元高中双科提分课,荔枝,其他,0,wangjiananbj03,2026/7/16,4,0.02,0,0,0,6.67,10,0,66.67%,0.00%,-,0,0
d02d0f61f4bba97b34f13a254c231b19,-,-,-,-,-,https://tutor-online.oss-cn-beijing.aliyuncs.com/growth/download-material/d02d0f61f4bba97b34f13a254c231b19.mp4,9元视频1200-0706-9物-十人-bwxy-ylb-A2-B4-jzmj-bwxy-pcc-2(1),-,,,9元高中物理李博,9元高中物理李博,十人,代理商,0,wangruixuebj01,2026/7/10,10,91.72,9,1,0.1,134.09,6114.67,91.72,2.49%,5.88%,-,1.46,600
3b7db9ab60dc4526e43d942491b0aad7,-,-,-,-,-,https://tutor-online.oss-cn-beijing.aliyuncs.com/growth/download-material/3b7db9ab60dc4526e43d942491b0aad7.mp4,20260630-猿辅导高中双科-实拍-千川-买数送物-活动-不气-张焱-bj冷一丁--张晓洁yc-3,-,,,199元高中双科提分课,199元高中双科提分课,自投放,代理商,0,wangjiananbj03,2026/7/16,4,0.06,0,0,0,3.75,0,0,0.00%,0.00%,-,0,0
1f6230503f877f955cd3e008ce4b0ecc,-,-,-,-,-,https://tutor-online.oss-cn-beijing.aliyuncs.com/growth/download-material/1f6230503f877f955cd3e008ce4b0ecc.mp4,20260710-猿辅导高中双科-实拍-千川-活动-五科-199学三年-不要-唐欣悦-岳久鸿-cd小丹-高二-李文静ec-前贴图-3,-,,,199元高中双科提分课,199元高中双科提分课,荔枝,代理商,0,wangjiananbj03,2026/7/10,10,109.14,0,0,0,115.98,27285,0,0.53%,0%,-,0,0
888e3a1d4a3811f43e2808842ea173ca,-,-,-,-,-,https://tutor-online.oss-cn-beijing.aliyuncs.com/growth/download-material/888e3a1d4a3811f43e2808842ea173ca.mp4,一键修复_20260616-猿辅导高中双科-实拍-千川-方式方法-门槛低-常文茜-dr小五老师-张晓洁yc-2.mp4,-,,,199元高中双科提分课,199元高中双科提分课,荔枝,其他,0,wangjiananbj03,2026/6/18,32,7.91,0,0,0,719.09,2636.67,0,27.27%,0.00%,-,0,0
f6fd98647df90e319ab55cc8ee0ff1a7,-,-,-,-,-,https://tutor-online.oss-cn-beijing.aliyuncs.com/growth/download-material/f6fd98647df90e319ab55cc8ee0ff1a7.mp4,20260627-猿辅导高中数学-实拍-活动-算什么-张焱-bj张婕希-裂变-张晓洁ec-19,-,,,199元高中双科提分课,199元高中双科提分课,荔枝,代理商,0,wangjiananbj03,2026/7/16,4,3.09,0,0,0,103,0,0,0.00%,0.00%,-,0,0
34df7c12ff5d620d72afba8463581c83,-,-,-,-,-,https://tutor-online.oss-cn-beijing.aliyuncs.com/growth/download-material/34df7c12ff5d620d72afba8463581c83.mp4,20260704-猿辅导高中双科-实拍-千川-买物送数-199学三年--唐欣悦-cd琳瑶-岳久鸿-二创-叶俊泽ec-12,-,,,199元高中双科提分课,199元高中双科提分课,荔枝,其他,0,wangjiananbj03,2026/7/9,11,98.88,0,0,0,55.24,8989.09,0,0.73%,0%,-,0,0
ebbfa02edbfec051188764478163ac01,-,-,-,-,-,https://tutor-online.oss-cn-beijing.aliyuncs.com/growth/download-material/ebbfa02edbfec051188764478163ac01.mp4,20260625-猿辅导高中双科-图文混剪--续费-高二-唐欣悦-补量二创-张晓洁ec-1,-,,,199元高中双科提分课,199元高中双科提分课,自投放,代理商,0,wangjiananbj03,2026/6/26,24,3.08,0,0,0,8.56,0,0,0.00%,0.00%,-,0,0
6f9fbe26c0e26292b9dbf4c6bb13b6db,-,-,-,-,-,https://tutor-online.oss-cn-beijing.aliyuncs.com/growth/download-material/6f9fbe26c0e26292b9dbf4c6bb13b6db.mp4,0703-199双科-申坤-李博-李天-卞俊洁-A2-B4-无-02,-,,,199元高中双科提分课,199元高中双科提分课,申坤,其他,0,wangjiananbj03,2026/7/10,10,212.76,0,0,0,40.67,8183.08,0,0.63%,0%,-,0,0
85b53948cce5fe366c82920420ced8ba,-,-,-,-,-,https://tutor-online.oss-cn-beijing.aliyuncs.com/growth/download-material/85b53948cce5fe366c82920420ced8ba.mp4,0708-199双科-申坤-李博-李天-卞俊洁-A2-B4-有-高二高三-02,-,,,199元高中双科提分课,199元高中双科提分课,申坤,其他,0,wangjiananbj03,2026/7/10,10,10.21,0,0,0,23.86,0,0,0.47%,0%,-,0,0
1d2e1010fe2dc81e4217fbb82d9f2034,-,-,-,-,-,https://tutor-online.oss-cn-beijing.aliyuncs.com/growth/download-material/1d2e1010fe2dc81e4217fbb82d9f2034.mp4,20260612-猿辅导高中双科-混剪-视频号-图-女孩-张焱-张晓洁yc-9,-,,,199元高中双科提分课,199元高中双科提分课,荔枝,其他,0,wangjiananbj03,2026/6/30,20,0.6,0,0,0,150,0,0,0.00%,0.00%,-,0,0
d2fc55bdd6cfb40a438fd8db66830cb8,-,-,-,-,-,https://tutor-online.oss-cn-beijing.aliyuncs.com/growth/download-material/d2fc55bdd6cfb40a438fd8db66830cb8.mp4,20260130-猿辅导高中数学-实拍-性价比-亏本-张焱-bj李赛-袁北辰ec-二创-5（视频号）,-,,,199元高中双科提分课,299元高中全年提分课-实物,荔枝,代理商,0,wangjiananbj03,2026/5/30,51,1284.84,0,0,0,278.04,26767.5,0,1.60%,0%,-,0,0
b0a040d3aca10451b265d4dac879ea94,-,-,-,-,-,https://tutor-online.oss-cn-beijing.aliyuncs.com/growth/download-material/b0a040d3aca10451b265d4dac879ea94.mp4,0706-199双科-申坤-李博-李天-卞俊洁-A1-B4-有-高二高三-2,-,,,199元高中双科提分课,199元高中双科提分课,申坤,其他,0,wangjiananbj03,2026/7/7,13,7.42,0,0,0,20.67,0,0,0.00%,0.00%,-,0,0
ef9607b8b0809fd5e548b00dc1b6dd67,-,-,-,-,-,https://tutor-online.oss-cn-beijing.aliyuncs.com/growth/download-material/ef9607b8b0809fd5e548b00dc1b6dd67.mp4,20260711-猿辅导高中双科-实拍-活动-线下班-买数送物-通用-买数送物-气炸了-李莹莹-bj李栎-叶俊泽yc-4.mp4,-,,,199元高中双科提分课,199元高中双科提分课,荔枝,其他,0,wangjiananbj03,2026/7/16,4,0.01,0,0,0,5,0,0,0.00%,0.00%,-,0,0
f1b7a0b331e1add9e8234d1122671878,-,-,-,-,-,https://tutor-online.oss-cn-beijing.aliyuncs.com/growth/download-material/f1b7a0b331e1add9e8234d1122671878.mp4,0714-199双科-申坤-李博-李天-卞俊洁-A5-B4-有-01,-,,,199元高中双科提分课,199元高中双科提分课,申坤,其他,0,wangjiananbj03,2026/7/15,5,77.22,0,0,0,101.61,77220,0,0.13%,0%,-,0,0
25a7d9ace2efe457ea34562ae3b8555d,-,-,-,-,-,https://tutor-online.oss-cn-beijing.aliyuncs.com/growth/download-material/25a7d9ace2efe457ea34562ae3b8555d.mp4,9元视频1190-0702-9物-代理-十人-李博-jjsx-bjsx-A2-B1-pcc-pwjl-有-2-AI,-,,,9元高中物理李博,9元高中物理李博,十人,代理商,0,wangruixuebj01,2026/7/9,11,2.4,0,0,0,72.73,0,0,0.00%,0.00%,-,0,0
24d9ee2f07d77984d5348e5a4406e7c2,-,-,-,-,-,https://tutor-online.oss-cn-beijing.aliyuncs.com/growth/download-material/24d9ee2f07d77984d5348e5a4406e7c2.mp4,20260710-猿辅导高中双科-实拍-千川-买数送物-199学三年-冤大头-常文茜-bj郭铭泽-二创-张晓洁ec-5.mp4,-,,,199元高中双科提分课,199元高中双科提分课,荔枝,其他,0,wangjiananbj03,2026/7/16,4,0.17,0,0,0,170,0,0,0.00%,0.00%,-,0,0
76087bbe18f770d68ab8f6afe8c88778,-,-,-,-,-,https://tutor-online.oss-cn-beijing.aliyuncs.com/growth/download-material/76087bbe18f770d68ab8f6afe8c88778.mp4,一键修复_20260630-猿辅导高中双科-实拍-活动-多少-张焱-bj李赛-袁北辰ec-二创-1.mp4,-,,,199元高中双科提分课,199元高中双科提分课,荔枝,其他,0,wangjiananbj03,2026/7/1,19,55.51,0,0,0,623.71,18503.33,0,3.37%,0.00%,-,0,0
731794f30ef8214a2a7abb37cb0107d1,-,-,-,-,-,https://tutor-online.oss-cn-beijing.aliyuncs.com/growth/download-material/731794f30ef8214a2a7abb37cb0107d1.mp4,20260703-猿辅导高中双科-实拍-买物理送数学-再说-张焱-bj丁梓仟-高二-李文静ec-二创-8.mp4,-,,,199元高中双科提分课,199元高中双科提分课,荔枝,其他,0,wangjiananbj03,2026/7/7,13,2.63,0,0,0,154.71,1315,0,11.76%,0.00%,-,0,0
86490bd591e43649241fc34d76346107,-,-,-,-,-,https://tutor-online.oss-cn-beijing.aliyuncs.com/growth/download-material/86490bd591e43649241fc34d76346107.mp4,20260710-猿辅导高中双科-实拍-千川-效果展示-高二-买数送物-不推-张焱-bj宋钦冲--岳久鸿yc-1,-,,,199元高中双科提分课,199元高中双科提分课,荔枝,代理商,0,wangjiananbj03,2026/7/16,4,6.47,0,0,0,29.54,6470,0,0.46%,0%,-,0,0
61d6f815a602da06e3bb60295cd61177,-,-,-,-,-,https://tutor-online.oss-cn-beijing.aliyuncs.com/growth/download-material/61d6f815a602da06e3bb60295cd61177.mp4,20260527-猿辅导高中双科-实拍-买物理送数学-不花-张焱-cd金花-裂变-张晓洁yc-2.mp4,-,,,199元高中双科提分课,199元高中双科提分课,荔枝,其他,0,wangjiananbj03,2026/5/28,53,1.63,0,0,0,326,0,0,0.00%,0.00%,-,0,0
367ca358d5622544b8063000bcea1b92,-,-,-,-,-,https://tutor-online.oss-cn-beijing.aliyuncs.com/growth/download-material/367ca358d5622544b8063000bcea1b92.mp4,0708-199双科-申坤-李博-李天-卞俊洁-A1-B4-无-高二高三-5,-,,,199元高中双科提分课,199元高中双科提分课,申坤,其他,0,wangjiananbj03,2026/7/10,10,268.35,0,0,0,27.71,8945,0,0.50%,0%,-,0,0
350ec16dc4bff4ff12a1a61fe6d45cda,-,-,-,-,-,https://tutor-online.oss-cn-beijing.aliyuncs.com/growth/download-material/350ec16dc4bff4ff12a1a61fe6d45cda.mp4,一键修复_0508-199双科-自产-自产二-莉娜-曲中雨-子衿-A6-B1-无-5.mp4,-,,,199元高中双科提分课,199元高中双科提分课,荔枝,其他,0,wangjiananbj03,2026/6/27,23,0.35,0,0,0,58.33,0,0,0.00%,0.00%,-,0,0
e39f76d4e4fb661eeed8f7c8dbdada8a,-,-,-,-,-,https://tutor-online.oss-cn-beijing.aliyuncs.com/growth/download-material/e39f76d4e4fb661eeed8f7c8dbdada8a.mp4,20260701-猿辅导高中双科-实拍-千川-买数送物-活动-好坏消息-李莹莹-dr小五老师-李文静yc-1,-,,,199元高中双科提分课,199元高中双科提分课,荔枝,代理商,0,wangjiananbj03,2026/7/15,5,6.74,0,0,0,146.52,6740,0,2.17%,0%,-,0,0
a2d1c3dcd9b3906c376c0b4fda3cb134,-,-,-,-,-,https://tutor-online.oss-cn-beijing.aliyuncs.com/growth/download-material/a2d1c3dcd9b3906c376c0b4fda3cb134.mp4,0706-9物-玄武-李博-王成仡-彩丽-方法优势-效果方法体系-有-3-yfdwl0706G2浩3-丽-龙-仡-首,-,,,9元高中物理李博,9元高中物理李博,玄武,代理商,0,wangruixuebj01,2026/7/9,11,85.35,0,0,0,72.64,5020.59,0,1.70%,0%,-,0,0
330a0f734726486e591daec5a96de2a5,-,-,-,-,-,https://tutor-online.oss-cn-beijing.aliyuncs.com/growth/download-material/330a0f734726486e591daec5a96de2a5.mp4,0630-199双科-申坤-李博-李天-卞俊洁-A2-B4-无-07,-,,,199元高中双科提分课,199元高中双科提分课,申坤,其他,0,wangjiananbj03,2026/7/16,4,3.13,0,0,0,23.53,0,0,0.75%,0%,-,0,0
9a4c6dae9b28518740361747b519ce3c,-,-,-,-,-,https://tutor-online.oss-cn-beijing.aliyuncs.com/growth/download-material/9a4c6dae9b28518740361747b519ce3c.mp4,20260606-猿辅导高中双科-实拍-塑品-买数送物-全年-舍得-张焱+ts罗雅雯-bj李栎-张雪依ec-二创-2,-,,,199元高中双科提分课,199元高中双科提分课,荔枝,其他,0,wangjiananbj03,2026/6/24,26,60.45,0,0,0,41.07,20150,0,0.41%,0%,-,0,0
3d24fbddbfb5d7e2099c268ef16c4013,-,-,-,-,-,https://tutor-online.oss-cn-beijing.aliyuncs.com/growth/download-material/3d24fbddbfb5d7e2099c268ef16c4013.mp4,20260704-猿辅导高中双科-混剪-图-张凌-张焱-张雪依yc-6改-高二高三.mp4,-,,,199元高中双科提分课,199元高中双科提分课,荔枝,代理商,0,wangjiananbj03,2026/7/6,14,1.78,0,0,0,136.92,593.33,0,23.08%,0.00%,-,0,0
8c79f72599e5941d7669656f45ad7a99,-,-,-,-,-,https://tutor-online.oss-cn-beijing.aliyuncs.com/growth/download-material/8c79f72599e5941d7669656f45ad7a99.mp4,0708-199双科-申坤-李博-李天-卞俊洁-A2-B4-无-4,-,,,199元高中双科提分课,199元高中双科提分课,申坤,其他,0,wangjiananbj03,2026/7/9,11,103.85,199,1,1.92,83.15,14835.71,103.85,0.56%,14.29%,-,0.8,28428.57
9b2d0b3cb30acd9f38d62ab7c1c34696,-,-,-,-,-,https://tutor-online.oss-cn-beijing.aliyuncs.com/growth/download-material/9b2d0b3cb30acd9f38d62ab7c1c34696.mp4,20260701-猿辅导高中双科-实拍-千川-活动-买物送数-后悔-张焱-dr蔡昕-二创-张晓洁ec-7.mp4,-,,,199元高中双科提分课,199元高中双科提分课,荔枝,其他,0,wangjiananbj03,2026/7/7,13,20.04,0,0,0,120.72,3340,0,3.61%,0.00%,-,0,0
d20337175ed1753ec3973e132ea39dba,-,-,-,-,-,https://tutor-online.oss-cn-beijing.aliyuncs.com/growth/download-material/d20337175ed1753ec3973e132ea39dba.mp4,20260617-猿辅导高中双科-实拍-活动-夏他-张焱-bj李赛-二创-张晓洁ec-2,-,,,199元高中双科提分课,199元高中双科提分课,荔枝,其他,0,wangjiananbj03,2026/6/20,30,5818.86,1990,8,0.34,98.78,35265.82,727.36,0.45%,2.99%,-,0.14,12060.61
b761f0401a3ec8cab742b5d3bf96b8dd,-,-,-,-,-,https://tutor-online.oss-cn-beijing.aliyuncs.com/growth/download-material/b761f0401a3ec8cab742b5d3bf96b8dd.mp4,0616-9物-代理-十人-李博-jjsx-bwxy-A2-B1-pwjl-pcc-有-3-AI,-,,,9元高中物理李博,9元高中物理李博,十人,代理商,0,wangruixuebj01,2026/6/17,33,19.09,0,0,0,112.96,4772.5,0,2.37%,0%,-,0,0
7abf704d7b8c2f6b8105f2c15ed0e8d2,-,-,-,-,-,https://tutor-online.oss-cn-beijing.aliyuncs.com/growth/download-material/7abf704d7b8c2f6b8105f2c15ed0e8d2.mp4,20260630-猿辅导高中双科-实拍-暑期规划-199学全年-买物送数-高二-买物送数-玩儿-高二-唐欣悦-dr魏政委--邓又滔yc-0709-1.mp4,-,,,199元高中双科提分课,199元高中双科提分课,荔枝,其他,0,wangjiananbj03,2026/7/11,9,1.27,0,0,0,181.43,0,0,0.00%,0.00%,-,0,0
2733ac706ee0bdfcbc83ac2611eeb6b9,-,-,-,-,-,https://tutor-online.oss-cn-beijing.aliyuncs.com/growth/download-material/2733ac706ee0bdfcbc83ac2611eeb6b9.mp4,20260602-猿辅导高中双科-实拍-千川-活动-买数学送物理-再加-张焱-bj冷一丁-叶俊泽yc-2-前贴.mp4,-,,,199元高中双科提分课,199元高中双科提分课,荔枝,其他,0,wangjiananbj03,2026/6/12,38,66.56,0,0,0,432.21,5120,0,8.44%,0.00%,-,0,0
c774fc5d40418ecd14a620bcabfb3ce8,-,-,-,-,-,https://tutor-online.oss-cn-beijing.aliyuncs.com/growth/download-material/c774fc5d40418ecd14a620bcabfb3ce8.mp4,一键修复_20260630-猿辅导高中双科-实拍-千川-买物送数-专家分享-怎么样-高二高三-李莹莹-cd小墨-詹铠任-叶俊泽yc-1.mp4,-,,,199元高中双科提分课,199元高中双科提分课,荔枝,其他,0,wangjiananbj03,2026/7/10,10,1.9,0,0,0,73.08,0,0,0.00%,0.00%,-,0,0
2a9fd12036640e6c1c6531f7021d021a,-,-,-,-,-,https://tutor-online.oss-cn-beijing.aliyuncs.com/growth/download-material/2a9fd12036640e6c1c6531f7021d021a.mp4,20260629-猿辅导高中双科-实拍-活动-夏他-张焱-bj李赛-袁北辰ec-二创-3.mp4,-,,,199元高中双科提分课,199元高中双科提分课,荔枝,其他,0,wangjiananbj03,2026/6/30,20,0.34,0,0,0,22.67,340,0,6.67%,0.00%,-,0,0
af3ff90b11ceb12cd29cd0f37b0cc0dc,-,-,-,-,-,https://tutor-online.oss-cn-beijing.aliyuncs.com/growth/download-material/af3ff90b11ceb12cd29cd0f37b0cc0dc.mp4,20260625-猿辅导高中双科-实拍-活动-夏他-张焱-bj李赛-裂变-张晓洁yc-1,-,,,199元高中双科提分课,199元高中双科提分课,荔枝,代理商,0,wangjiananbj03,2026/7/9,11,68.64,0,0,0,66.19,68640,0,0.10%,0%,-,0,0
0b7dce330e87630c1e2ae2c05c897993,-,-,-,-,-,https://tutor-online.oss-cn-beijing.aliyuncs.com/growth/download-material/0b7dce330e87630c1e2ae2c05c897993.mp4,20260430-猿辅导高中数学199-实拍-专家分享-抽出-张焱-dr褚老师--张雪依ec-二创-2改.mp4,-,,,199元高中双科提分课,299元高中全年提分课,荔枝,其他,0,wangjiananbj03,2026/5/16,65,0.09,0,0,0,0,0,0,0.00%,0.00%,-,0,0
44c2447ac147bf24e55349e7981ce641,-,-,-,-,-,https://tutor-online.oss-cn-beijing.aliyuncs.com/growth/download-material/44c2447ac147bf24e55349e7981ce641.mp4,0525-9物-玄武-郭齐卉-刘志宽-李博-A3-B5-yfdwl0529k1浩4-卉-龙-宽-【AI】-首,-,,,9元高中物理李博,9元高中物理李博,玄武,其他,0,wangruixuebj01,2026/6/12,38,0,9,1,0,0,0,0,0.00%,0.00%,-,0,0
1fa22cae72affe83dd51e48f027f9143,-,-,-,-,-,https://tutor-online.oss-cn-beijing.aliyuncs.com/growth/download-material/1fa22cae72affe83dd51e48f027f9143.mp4,20260704-猿辅导高中双科-实拍-视频号-ip李博-分数痛点-买物送数-故意-高二-唐欣悦-李博-叶俊泽yc-2,-,,,199元高中双科提分课,199元高中双科提分课,荔枝,代理商,0,wangjiananbj03,2026/7/7,13,54.82,0,0,0,100.96,9136.67,0,1.10%,0%,-,0,0
f34abd889371f77f92bc363599287292,-,-,-,-,-,https://tutor-online.oss-cn-beijing.aliyuncs.com/growth/download-material/f34abd889371f77f92bc363599287292.mp4,0604-9物-玄武-李博-A3-B5-yfdwl0605w1浩4-锴-建-0714混剪,-,,,9元高中物理李博,9元高中物理李博,玄武,代理商,0,wangruixuebj01,2026/7/16,4,0.1,0,0,0,11.11,0,0,0.00%,0.00%,-,0,0
e6c0df73c9584f7adf765c505e0d77b1,-,-,-,-,-,https://tutor-online.oss-cn-beijing.aliyuncs.com/growth/download-material/e6c0df73c9584f7adf765c505e0d77b1.mp4,20260701-猿辅导高中双科-实拍-千川-活动-买数送物-199学全年-骗局-常文茜-bj冷一丁-高二--李文静yc-2 .mp4,-,,,199元高中双科提分课,199元高中双科提分课,荔枝,其他,0,wangjiananbj03,2026/7/11,9,5.13,0,0,0,205.2,5130,0,4.00%,0.00%,-,0,0
ab676aff0b47c08022f74c9083fe4bc4,-,-,-,-,-,https://tutor-online.oss-cn-beijing.aliyuncs.com/growth/download-material/ab676aff0b47c08022f74c9083fe4bc4.mp4,20260708-猿辅导高中双科-实拍-千川-买数送物-活动-AI推-李莹莹-cd汐汐-詹铠任-张晓洁yc-3（前贴）,-,,,199元高中双科提分课,199元高中双科提分课,荔枝,其他,0,wangjiananbj03,2026/7/15,5,35.34,0,0,0,27.91,35340,0,0.24%,0%,-,0,0
b40dd5eae7ef490e7c196193e8f9b2a4,-,-,-,-,-,https://tutor-online.oss-cn-beijing.aliyuncs.com/growth/download-material/b40dd5eae7ef490e7c196193e8f9b2a4.mp4,一键修复_0610-199双科-自产-自产主-李博-视觉锤-子衿-A5-B1-无-9.mp4,-,,,199元高中双科提分课,199元高中双科提分课,荔枝,其他,0,wangjiananbj03,2026/6/19,31,0.09,0,0,0,0,0,0,0.00%,0.00%,-,0,0
6ea60f789bc6ee2ae8ec88e0416a6024,-,-,-,-,-,https://tutor-online.oss-cn-beijing.aliyuncs.com/growth/download-material/6ea60f789bc6ee2ae8ec88e0416a6024.mp4,20260630-猿辅导高中双科-实拍-千川-分数痛点-买数学送物理-一起-张焱-bj冷一丁-裂变-张晓洁yc-1,-,,,199元高中双科提分课,199元高中双科提分课,荔枝,其他,0,wangjiananbj03,2026/7/7,13,34.79,0,0,0,75.8,4970,0,1.74%,0%,-,0,0
163af190bb3419680b97f552edfcfe99,-,-,-,-,-,https://tutor-online.oss-cn-beijing.aliyuncs.com/growth/download-material/163af190bb3419680b97f552edfcfe99.mp4,20260708-猿辅导高中双科-实拍-视频号-ip李博-活动-199学三年-买物送数-没舍得-唐欣悦-李博--李文静yc-2前贴,-,,,199元高中双科提分课,199元高中双科提分课,自投放,其他,0,wangjiananbj03,2026/7/17,3,0,0,0,0,0,0,0,0.00%,0.00%,-,0,0
0ed8c54ce2f94297350e86f8cdf35be6,-,-,-,-,-,https://tutor-online.oss-cn-beijing.aliyuncs.com/growth/download-material/0ed8c54ce2f94297350e86f8cdf35be6.mp4,0708-199双科-申坤-李博-李天-卞俊洁-A2-B4-无-5,-,,,199元高中双科提分课,199元高中双科提分课,申坤,其他,0,wangjiananbj03,2026/7/10,10,2.37,0,0,0,49.38,2370,0,4.17%,0%,-,0,0
1ad23e684238bfd619ccb98173a2fe2f,-,-,-,-,-,https://tutor-online.oss-cn-beijing.aliyuncs.com/growth/download-material/1ad23e684238bfd619ccb98173a2fe2f.mp4,0710-199双科-申坤-李博-李天-张佳乐-A3-B5-有-高二高三-3,-,,,199元高中双科提分课,199元高中双科提分课,申坤,其他,0,wangjiananbj03,2026/7/15,5,0.01,0,0,0,3.33,0,0,0.00%,0.00%,-,0,0
e430a29667348acf70ffd2106c652ed3,-,-,-,-,-,https://tutor-online.oss-cn-beijing.aliyuncs.com/growth/download-material/e430a29667348acf70ffd2106c652ed3.mp4,0702-199双科-申坤-李博-李天-姚恒-A1-B4-无-01,-,,,199元高中双科提分课,199元高中双科提分课,申坤,其他,0,wangjiananbj03,2026/7/5,15,4.34,0,0,0,41.73,0,0,0.00%,0.00%,-,0,0
14cf481cef6e545eeabd145742f811bd,-,-,-,-,-,https://tutor-online.oss-cn-beijing.aliyuncs.com/growth/download-material/14cf481cef6e545eeabd145742f811bd.mp4,0703-199双科-申坤-李博-李天-姚恒-A6-B3-有-01,-,,,199元高中双科提分课,199元高中双科提分课,申坤,其他,0,wangjiananbj03,2026/7/6,14,0.69,0,0,0,23.79,0,0,0.00%,0.00%,-,0,0
a81355497b74d811b47ec2cbf38ff201,-,-,-,-,-,https://tutor-online.oss-cn-beijing.aliyuncs.com/growth/download-material/a81355497b74d811b47ec2cbf38ff201.mp4,0623-9物-玄武-李博-刘志宽-李明雪-A5-B2-无-3-yfdwl0623k1浩3-雪-龙-宽-首,-,,,9元高中物理李博,9元高中物理李博,玄武,代理商,0,wangruixuebj01,2026/6/28,22,13.72,0,0,0,89.67,6860,0,1.31%,0%,-,0,0
b827549c0f459dff345beb747e2c1908,-,-,-,-,-,https://tutor-online.oss-cn-beijing.aliyuncs.com/growth/download-material/b827549c0f459dff345beb747e2c1908.mp4,20260608-猿辅导高中双科-实拍-千川-性价比-买物送数-199学全年-幸亏-端午-唐欣悦-cd张璐-岳久鸿-裂变-张晓洁yc-7.mp4,-,,,199元高中双科提分课,199元高中双科提分课,荔枝,其他,0,wangjiananbj03,2026/6/8,42,33.85,0,0,0,289.32,4231.25,0,6.84%,0.00%,-,0,0
c98e1391fd947d9180c2ec021d5af2e4,-,-,-,-,-,https://tutor-online.oss-cn-beijing.aliyuncs.com/growth/download-material/c98e1391fd947d9180c2ec021d5af2e4.mp4,20260708-猿辅导高中双科-口播-活动-选哪栎-张焱-bj李栎-叶俊泽yc-5-前贴2.mp4,-,,,199元高中双科提分课,199元高中双科提分课,荔枝,其他,0,wangjiananbj03,2026/7/10,10,44.59,0,0,0,112.04,4954.44,0,2.26%,0.00%,-,0,0
954187e2d551bf88bcacaf08ba1eeb5c,-,-,-,-,-,https://tutor-online.oss-cn-beijing.aliyuncs.com/growth/download-material/954187e2d551bf88bcacaf08ba1eeb5c.mp4,0623-9物-玄武-李博-白潇凯-胡原宁-A1-B1-无-yfdwl0623b1浩2-宁-白-首,-,,,9元高中物理李博,9元高中物理李博,玄武,代理商,0,wangruixuebj01,2026/6/26,24,50.16,0,0,0,59.57,3135,0,2.14%,0%,-,0,0
37bd9e7557c9fb6a49f281c84b9d3cd2,-,-,-,-,-,https://tutor-online.oss-cn-beijing.aliyuncs.com/growth/download-material/37bd9e7557c9fb6a49f281c84b9d3cd2.mp4,视频-720_1280-1-1781086113,-,,,9元高中物理李博,9元高中物理李博,十人,代理商,0,wangruixuebj01,2026/6/14,36,10446.42,333,37,0.03,163.24,14859.77,282.34,1.24%,4.68%,-,0.58,473.68
dd79e722f93576d5d0269333c5000208,-,-,-,-,-,https://tutor-online.oss-cn-beijing.aliyuncs.com/growth/download-material/dd79e722f93576d5d0269333c5000208.mp4,0710-199双科-申坤-李博-李天-卞俊洁-A2-B4-无-高二高三-2,-,,,199元高中双科提分课,199元高中双科提分课,申坤,其他,0,wangjiananbj03,2026/7/14,6,4.53,0,0,0,24.49,2265,0,1.62%,0%,-,0,0
eeff9aae01bb0266b2d57486a76b68d6,-,-,-,-,-,https://tutor-online.oss-cn-beijing.aliyuncs.com/growth/download-material/eeff9aae01bb0266b2d57486a76b68d6.mp4,20260626-猿辅导高中双科-实拍-活动-夏他-张焱-bj李赛-二创-林文斌-张晓洁ec-1（镜像.mp4,-,,,199元高中双科提分课,199元高中双科提分课,荔枝,其他,0,wangjiananbj03,2026/6/29,21,0.13,0,0,0,32.5,0,0,0.00%,0.00%,-,0,0
1588f0546cb46517c24f581db2d5df38,-,-,-,-,-,https://tutor-online.oss-cn-beijing.aliyuncs.com/growth/download-material/1588f0546cb46517c24f581db2d5df38.mp4,一键修复_20260606-猿辅导高中双科-实拍-买数学送物理-满意-张焱-bj庄紫薇-张雪依ec-二创-4.mp4,-,,,199元高中双科提分课,199元高中双科提分课,荔枝,其他,0,wangjiananbj03,2026/6/9,41,4.17,0,0,0,834,0,0,0.00%,0.00%,-,0,0
f6a90a51adeab35684fa210e0a8f58da,-,-,-,-,-,https://tutor-online.oss-cn-beijing.aliyuncs.com/growth/download-material/f6a90a51adeab35684fa210e0a8f58da.mp4,20260627-猿辅导高中双科-实拍-视频号-ip李博-买物送数-199学三年-毫无困难-常文茜-IP李博-裂变-詹铠任yc,-,,,199元高中双科提分课,199元高中双科提分课,荔枝,代理商,0,wangjiananbj03,2026/7/16,4,0.22,0,0,0,12.94,0,0,0.00%,0.00%,-,0,0
aae6f69b13bf8e44d2af5c5cc4ea4655,-,-,-,-,-,https://tutor-online.oss-cn-beijing.aliyuncs.com/growth/download-material/aae6f69b13bf8e44d2af5c5cc4ea4655.mp4,20260711-猿辅导高中双科-实拍-千川-暑期预习-通用-买数送物-期末差-李莹莹-bj郭铭泽--李文静yc-2.mp4,-,,,199元高中双科提分课,199元高中双科提分课,荔枝,其他,0,wangjiananbj03,2026/7/16,4,0.04,0,0,0,40,0,0,0.00%,0.00%,-,0,0
98b6137c7bb7471a7e25c7fa6614f76d,-,-,-,-,-,https://tutor-online.oss-cn-beijing.aliyuncs.com/growth/download-material/98b6137c7bb7471a7e25c7fa6614f76d.mp4,20260609-9物-代理-启航-李博-【b1-p6-a1-2】-A5-B5-有-2,-,,,9元高中物理李博,9元高中物理李博,启航,其他,0,wangruixuebj01,2026/6/11,39,1312.73,36,4,0.03,97.22,6311.2,328.18,1.61%,1.84%,-,0.3,173.08
180b3059e290142bd74dbe58867c7cfe,-,-,-,-,-,https://tutor-online.oss-cn-beijing.aliyuncs.com/growth/download-material/180b3059e290142bd74dbe58867c7cfe.mp4,20260626-猿辅导高中数物双科-实拍-活动-退了-张焱-cd张璐+李赛-裂变-张晓洁yc-6.1,-,,,199元高中双科提分课,199元高中双科提分课,荔枝,代理商,0,wangjiananbj03,2026/6/27,23,1.28,0,0,0,160,1280,0,12.50%,0%,-,0,0
d65de92818fa8bbe3c0aa14ffd19fa6a,-,-,-,-,-,https://tutor-online.oss-cn-beijing.aliyuncs.com/growth/download-material/d65de92818fa8bbe3c0aa14ffd19fa6a.mp4,20260629-猿辅导高中双科-实拍-千川-活动-买数送物-199学三年-靠谱吗-常文茜-cd康艺凡-岳久鸿-叶俊泽yc-4.mp4,-,,,199元高中双科提分课,199元高中双科提分课,荔枝,代理商,0,wangjiananbj03,2026/7/3,17,15.38,0,0,0,284.81,2197.14,0,12.96%,0.00%,-,0,0
16a36d630e2b97b9c13e6a0673386300,-,-,-,-,-,https://tutor-online.oss-cn-beijing.aliyuncs.com/growth/download-material/16a36d630e2b97b9c13e6a0673386300.mp4,一键修复_20260703-猿辅导高中双科-实拍-活动-放心-张焱-bj刘能能-李文静ec-二创-1.mp4,-,,,199元高中双科提分课,199元高中双科提分课,荔枝,其他,0,wangjiananbj03,2026/7/7,13,121.43,0,0,0,181.51,6071.5,0,2.99%,0.00%,-,0,0
573cdf8bec2674a5cbc3e42185b628b2,-,-,-,-,-,https://tutor-online.oss-cn-beijing.aliyuncs.com/growth/download-material/573cdf8bec2674a5cbc3e42185b628b2.mp4,20260703-猿辅导高中双科-实拍-千川-活动-买数学送物理-上哪找二-常文茜-cd张艺馨-岳久鸿-叶俊泽yc-3-前贴.mp4,-,,,199元高中双科提分课,199元高中双科提分课,荔枝,其他,0,wangjiananbj03,2026/7/3,17,3.27,0,0,0,125.77,817.5,0,15.38%,0.00%,-,0,0
c7f4b91ddcc72e0341f1d9ea6147c90a,-,-,-,-,-,https://tutor-online.oss-cn-beijing.aliyuncs.com/growth/download-material/c7f4b91ddcc72e0341f1d9ea6147c90a.mp4,20260624-猿辅导高中双科-实拍-活动-放心-张焱-bj刘能能-袁北辰ec-二创-3.mp4,-,,,199元高中双科提分课,199元高中双科提分课,荔枝,其他,0,wangjiananbj03,2026/6/26,24,2.45,0,0,0,116.67,0,0,0.00%,0.00%,-,0,0
9fa04844405d1aa06f4d74595e2e6a46,-,-,-,-,-,https://tutor-online.oss-cn-beijing.aliyuncs.com/growth/download-material/9fa04844405d1aa06f4d74595e2e6a46.mp4,一键修复_20260616-猿辅导高中双科-实拍-千川-买物理送数学-没想到-常文茜-cd杨嘉欣-岳久鸿-张晓洁yc-1（前贴）.mp4,-,,,199元高中双科提分课,199元高中双科提分课,荔枝,其他,0,wangjiananbj03,2026/6/19,31,0.16,0,0,0,80,0,0,0.00%,0.00%,-,0,0
2ad848909cae4cfe676903e7d6131618,-,-,-,-,-,https://tutor-online.oss-cn-beijing.aliyuncs.com/growth/download-material/2ad848909cae4cfe676903e7d6131618.mp4,20260629-猿辅导高中双科-实拍-活动-退了-张焱-cd张璐-袁北辰ec-二创-2.mp4,-,,,199元高中双科提分课,199元高中双科提分课,荔枝,其他,0,wangjiananbj03,2026/6/30,20,128.53,199,1,1.55,108.28,4432.07,128.53,2.44%,3.45%,-,0.84,6862.07
e1bb59d60198b885a463a77071980e5f,-,-,-,-,-,https://tutor-online.oss-cn-beijing.aliyuncs.com/growth/download-material/e1bb59d60198b885a463a77071980e5f.mp4,20260624-9物-代理-启航-李博-【b1-p6-a3-65-0629】-A5-B5-有-2,-,,,9元高中物理李博,9元高中物理李博,启航,代理商,0,wangruixuebj01,2026/7/11,9,9.51,0,0,0,176.11,0,0,0.00%,0.00%,-,0,0
e999c4f0d595cd8d1a885e30dc241e6e,-,-,-,-,-,https://tutor-online.oss-cn-beijing.aliyuncs.com/growth/download-material/e999c4f0d595cd8d1a885e30dc241e6e.mp4,20260630-猿辅导高中双科-实拍-千川-活动-老天爷-唐欣悦-dr宝藏诗诗姐--李文静yc-2.mp4,-,,,199元高中双科提分课,199元高中双科提分课,荔枝,其他,0,wangjiananbj03,2026/7/3,17,1.63,0,0,0,163,815,0,20.00%,0.00%,-,0,0
919f7cf07e93e46f504fdf010de29d17,-,-,-,-,-,https://tutor-online.oss-cn-beijing.aliyuncs.com/growth/download-material/919f7cf07e93e46f504fdf010de29d17.mp4,20260618-猿辅导高中双科-实拍-活动-夏他-张焱-bj李赛-袁北辰ec-二创-5.mp4,-,,,199元高中双科提分课,199元高中双科提分课,荔枝,其他,0,wangjiananbj03,2026/6/18,32,243.06,199,1,0.82,62.32,6396.32,243.06,0.97%,2.63%,-,0.26,5236.84
ec895754b3a32c1015a89d4f31645288,-,-,-,-,-,https://tutor-online.oss-cn-beijing.aliyuncs.com/growth/download-material/ec895754b3a32c1015a89d4f31645288.mp4,0128-自产主-李博-8-3--有-9物-子矜-IP-曲中雨-娇-暑假,-,,,9元高中物理李博,9元高中物理李博,玄武,代理商,0,wangruixuebj01,2026/7/3,17,0.53,0,0,0,9.81,0,0,1.85%,0%,-,0,0
14a80859c86cc999f395eb9ad872d58c,-,-,-,-,-,https://tutor-online.oss-cn-beijing.aliyuncs.com/growth/download-material/14a80859c86cc999f395eb9ad872d58c.mp4,一键修复_20260608-猿辅导高中双科199-实拍-买物理送数学-选哪-张焱-bj于俏拼客供素材-李文静ec-视频号二创-6.mp4,-,,,199元高中双科提分课,199元高中双科提分课,荔枝,其他,0,wangjiananbj03,2026/6/9,41,6.11,0,0,0,45.94,6110,0,0.75%,0.00%,-,0,0
69a10f248cf9fa40ad36481d1184ef20,-,-,-,-,-,https://tutor-online.oss-cn-beijing.aliyuncs.com/growth/download-material/69a10f248cf9fa40ad36481d1184ef20.mp4,20260624-9物-代理-启航-李博-【b1-p6-a3-46-0624】-A5-B5-有-2,-,,,9元高中物理李博,9元高中物理李博,启航,代理商,0,wangruixuebj01,2026/6/30,20,1284.23,54,6,0.04,132.29,9878.69,214.04,1.52%,4.05%,-,0.62,415.38
e7e6b7c372c95815b4768d9ce455d778,-,-,-,-,-,https://tutor-online.oss-cn-beijing.aliyuncs.com/growth/download-material/e7e6b7c372c95815b4768d9ce455d778.mp4,20260622-猿辅导高中双科-实拍-视频号-ip李博-买物送数-199学三年-我的学生-常文茜-ip李博--张雪依yc-5（前贴版）.mp4,-,,,199元高中双科提分课,199元高中双科提分课,荔枝,代理商,0,wangjiananbj03,2026/6/24,26,0.01,0,0,0,10,10,0,100.00%,0.00%,-,0,0
f8bc638d01c73c81e8957e0d0c6f9c7d,-,-,-,-,-,https://tutor-online.oss-cn-beijing.aliyuncs.com/growth/download-material/f8bc638d01c73c81e8957e0d0c6f9c7d.mp4,0630-199双科-申坤-李博-李天-卞俊洁-A2-B4-无-16,-,,,199元高中双科提分课,199元高中双科提分课,申坤,其他,0,wangjiananbj03,2026/7/10,10,276.95,398,2,1.44,139.52,25177.27,138.48,0.91%,11.11%,-,1.01,36181.82
ab57144a7b57360696d9d58fcdac3f2d,-,-,-,-,-,https://tutor-online.oss-cn-beijing.aliyuncs.com/growth/download-material/ab57144a7b57360696d9d58fcdac3f2d.mp4,20260622-猿辅导高中双科-实拍-活动-夏他-张焱-bj李赛--张晓洁yc-8.1（前贴2）改高二,-,,,199元高中双科提分课,199元高中双科提分课,荔枝,其他,0,wangjiananbj03,2026/7/11,9,1835.09,995,3,0.54,97.07,15551.61,611.7,0.97%,1.64%,-,0.16,8432.2
94d8eb2a55f0c2c2b230caa5764b71d7,-,-,-,-,-,https://tutor-online.oss-cn-beijing.aliyuncs.com/growth/download-material/94d8eb2a55f0c2c2b230caa5764b71d7.mp4,0623-9物-玄武-李博-白潇凯-胡原宁-A1-B2-有-yfdwl0623b1浩2-宁-白-首,-,,,9元高中物理李博,9元高中物理李博,玄武,代理商,0,wangruixuebj01,2026/6/27,23,0.01,0,0,0,1.67,0,0,0.00%,0.00%,-,0,0
65021d06a0fb4190f4055e96b1bd0440,-,-,-,-,-,https://tutor-online.oss-cn-beijing.aliyuncs.com/growth/download-material/65021d06a0fb4190f4055e96b1bd0440.mp4,一键修复_20260604-猿辅导高中双科-实拍-买物理送数学-再说-张焱-bj丁梓仟-曾柔雪ec拼客供素材-李文静ec-视频号二创-1.mp4,-,,,199元高中双科提分课,199元高中双科提分课,荔枝,其他,0,wangjiananbj03,2026/6/8,42,45.4,0,0,0,77.21,3026.67,0,2.55%,0.00%,-,0,0
d0f44eac07faf4fd3ee5228637fea88d,-,-,-,-,-,https://tutor-online.oss-cn-beijing.aliyuncs.com/growth/download-material/d0f44eac07faf4fd3ee5228637fea88d.mp4,20260708-猿辅导高中双科-实拍-活动-不是-张焱-bj毕娇-裂变-张晓洁yc-1.mp4,-,,,199元高中双科提分课,199元高中双科提分课,荔枝,代理商,0,wangjiananbj03,2026/7/9,11,1776.04,1393,7,0.78,39.9,3010.24,253.72,1.33%,1.19%,-,0.16,2361.02
d2193dc2f2009f68b3e837facf9e2812,-,-,-,-,-,https://tutor-online.oss-cn-beijing.aliyuncs.com/growth/download-material/d2193dc2f2009f68b3e837facf9e2812.mp4,20260708-猿辅导高中双科-口播-活动-选哪栎-张焱-bj李栎-叶俊泽yc-5-前贴1.mp4,-,,,199元高中双科提分课,199元高中双科提分课,荔枝,其他,0,wangjiananbj03,2026/7/10,10,53.98,0,0,0,38.01,3598.67,0,1.06%,0.00%,-,0,0
199be509ce3addcffe04988ddb5c5891,-,-,-,-,-,https://tutor-online.oss-cn-beijing.aliyuncs.com/growth/download-material/199be509ce3addcffe04988ddb5c5891.mp4,20260609-9物-代理-启航-李博-【b1-p6-j8-01】-A3-B2-有-6,-,,,9元高中物理李博,9元高中物理李博,启航,其他,0,wangruixuebj01,2026/6/11,39,580.84,0,0,0,148.7,8180.85,0,1.97%,0%,-,0,0
bf98aa5cc2a7bef3193205445787be21,-,-,-,-,-,https://tutor-online.oss-cn-beijing.aliyuncs.com/growth/download-material/bf98aa5cc2a7bef3193205445787be21.mp4,20260710-猿辅导高中双科-实拍-活动-199学三年-买数送物-通用-买数送物-傻子-唐欣悦-cd文雨婷-岳久鸿-詹铠任yc.mp4,-,,,199元高中双科提分课,199元高中双科提分课,荔枝,其他,0,wangjiananbj03,2026/7/11,9,6.47,0,0,0,190.29,6470,0,2.94%,0.00%,-,0,0
0aa45bf11f1f1634218d7252cf2ceb1c,-,-,-,-,-,https://tutor-online.oss-cn-beijing.aliyuncs.com/growth/download-material/0aa45bf11f1f1634218d7252cf2ceb1c.mp4,一键修复_20260626-0606-199双科-自产-自产主-李博-曲中雨-子衿-A6-B2-ts罗雅雯-二创-李文静ec-视频号二创-9.mp4,-,,,199元高中双科提分课,199元高中双科提分课,荔枝,其他,0,wangjiananbj03,2026/7/1,19,58.2,0,0,0,831.43,11640,0,7.14%,0.00%,-,0,0
b649adc9594d52ddc154fb1b740f1981,-,-,-,-,-,https://tutor-online.oss-cn-beijing.aliyuncs.com/growth/download-material/b649adc9594d52ddc154fb1b740f1981.mp4,0708-199双科-申坤-李博-李天-卞俊洁-A1-B4-无-高二高三-1,-,,,199元高中双科提分课,199元高中双科提分课,申坤,其他,0,wangjiananbj03,2026/7/10,10,82.36,0,0,0,22.95,8236,0,0.47%,0%,-,0,0
d7b4af3284ddcceb0ff1e0e7e239df14,-,-,-,-,-,https://tutor-online.oss-cn-beijing.aliyuncs.com/growth/download-material/d7b4af3284ddcceb0ff1e0e7e239df14.mp4,0708-199双科-申坤-李博-李天-卞俊洁-A2-B4-无-高二高三-7,-,,,199元高中双科提分课,199元高中双科提分课,申坤,其他,0,wangjiananbj03,2026/7/9,11,6.06,0,0,0,35.86,0,0,0.00%,0.00%,-,0,0
7c1442b9be485f70548ddafef5a2c22e,-,-,-,-,-,https://tutor-online.oss-cn-beijing.aliyuncs.com/growth/download-material/7c1442b9be485f70548ddafef5a2c22e.mp4,20260623-猿辅导高中数学199-实拍-活动-划走-张焱-bj李栎-勒边-张晓洁yc-5.mp4,-,,,199元高中双科提分课,199元高中双科提分课,荔枝,其他,0,wangjiananbj03,2026/6/23,27,66.53,0,0,0,313.82,4435.33,0,7.08%,0.00%,-,0,0
312ec67c927532ad4e1154f0ac2b19c3,-,-,-,-,-,https://tutor-online.oss-cn-beijing.aliyuncs.com/growth/download-material/312ec67c927532ad4e1154f0ac2b19c3.mp4,20260704-猿辅导高中双科-混剪-图-张凌-张焱-张雪依yc-9-高二高三.mp4,-,,,199元高中双科提分课,199元高中双科提分课,荔枝,其他,0,wangjiananbj03,2026/7/9,11,4.11,0,0,0,171.25,2055,0,8.33%,0.00%,-,0,0
0388726ee554880c41cbe41f34808592,-,-,-,-,-,https://tutor-online.oss-cn-beijing.aliyuncs.com/growth/download-material/0388726ee554880c41cbe41f34808592.mp4,20260701-猿辅导高中双科-实拍-活动-买数送物-通用-买数送物-懂行-李莹莹-dr苗姐姐--邓又滔yc-0710-2-前贴.mp4,-,,,199元高中双科提分课,199元高中双科提分课,荔枝,其他,0,wangjiananbj03,2026/7/13,7,11.36,0,0,0,56.8,2840,0,2.00%,0.00%,-,0,0
95ce8b7875185851612cbd60c2360b5d,-,-,-,-,-,https://tutor-online.oss-cn-beijing.aliyuncs.com/growth/download-material/95ce8b7875185851612cbd60c2360b5d.mp4,0703-199双科-申坤-李博-李天-卞俊洁-A2-B4-无-3,-,,,199元高中双科提分课,199元高中双科提分课,申坤,其他,0,wangjiananbj03,2026/7/9,11,3311.95,1592,8,0.48,138.11,19713.99,413.99,0.90%,3.70%,-,0.33,9476.19
baca21b6e2a0c47913078d0014091e4c,-,-,-,-,-,https://img-pub.oss-cn-beijing-internal.aliyuncs.com/19e920a525cdf3b.mp4,9元视频1006-0602拓-9物-十人-bmqr-ylb-A2-B4-jzzy-pwjl-1,-,,,9元高中物理李博,9元高中物理李博,十人,代理商,0,wangruixuebj01,2026/6/5,45,4.42,0,0,0,110.5,0,0,0.00%,0.00%,-,0,0
7704e31cba7f575ebf5204cbbf606bad,-,-,-,-,-,https://tutor-online.oss-cn-beijing.aliyuncs.com/growth/download-material/7704e31cba7f575ebf5204cbbf606bad.mp4,一键修复_20260703-0606-199双科-自产-自产主-李博-曲中雨-子衿-A6-B2-ts罗雅雯-高二-李文静ec-二创-10.mp4,-,,,199元高中双科提分课,199元高中双科提分课,荔枝,其他,0,wangjiananbj03,2026/7/8,12,8.62,0,0,0,205.24,8620,0,2.38%,0.00%,-,0,0
22261481325f3e910a504421ac91593b,-,-,-,-,-,https://tutor-online.oss-cn-beijing.aliyuncs.com/growth/download-material/22261481325f3e910a504421ac91593b.mp4,0714-199双科-申坤-李博-李天-卞俊洁-A2-B4-无-02,-,,,199元高中双科提分课,199元高中双科提分课,申坤,其他,0,wangjiananbj03,2026/7/16,4,3.49,0,0,0,51.32,0,0,0.00%,0.00%,-,0,0
9440eb99dc1051ef06a14e870bdf8a12,-,-,-,-,-,https://tutor-online.oss-cn-beijing.aliyuncs.com/growth/download-material/9440eb99dc1051ef06a14e870bdf8a12.mp4,0623-9物-玄武-李博-郝增鑫-李明雪-A7-B1-无-4-yfdwl0623h1浩4-雪-鑫-无前贴,-,,,9元高中物理李博,9元高中物理李博,玄武,代理商,0,wangruixuebj01,2026/6/26,24,47.12,0,0,0,50.56,11780,0,0.64%,0%,-,0,0
190f0c94c56e97c5967fd996a66efede,-,-,-,-,-,https://tutor-online.oss-cn-beijing.aliyuncs.com/growth/download-material/190f0c94c56e97c5967fd996a66efede.mp4,20260627-猿辅导高中双科-实拍-千川-买数学送物理-线下班对比-三人行-常文茜-bj李栎-叶俊泽yc-1-前贴,-,,,199元高中双科提分课,199元高中双科提分课,自投放,其他,0,wangjiananbj03,2026/7/10,10,92.02,0,0,0,62.09,46010,0,0.27%,0%,-,0,0
f2141b5fb675900c6bea59d6a54a1b7c,-,-,-,-,-,https://tutor-online.oss-cn-beijing.aliyuncs.com/growth/download-material/f2141b5fb675900c6bea59d6a54a1b7c.mp4,20260606-猿辅导高中双科-实拍-塑品-买数送物-全年-舍得-张焱+ts罗雅雯-bj李栎-张雪依ec-二创-2.mp4,-,,,199元高中双科提分课,199元高中双科提分课,荔枝,其他,0,wangjiananbj03,2026/6/9,41,6.75,0,0,0,375,3375,0,11.11%,0.00%,-,0,0
e0b380123b4f5dfce0213c62d0646513,-,-,-,-,-,https://tutor-online.oss-cn-beijing.aliyuncs.com/growth/download-material/e0b380123b4f5dfce0213c62d0646513.mp4,20260711-猿辅导高中双科-实拍-千川-线下班对比-199学三年-答应我-高二-唐欣悦-bj赵阳-二创-叶俊泽ec-ts罗雅雯-17.mp4,-,,,199元高中双科提分课,199元高中双科提分课,荔枝,其他,0,wangjiananbj03,2026/7/16,4,87.64,0,0,0,2086.67,21910,0,9.52%,0.00%,-,0,0
5a18e72f2e1bea668aa2898149b5eab4,-,-,-,-,-,https://tutor-online.oss-cn-beijing.aliyuncs.com/growth/download-material/5a18e72f2e1bea668aa2898149b5eab4.mp4,20260701-猿辅导高中双科-实拍-千川-买数送物-专家分享-搞定-高二-张焱-bj宋钦冲-叶俊泽yc-5.mp4,-,,,199元高中双科提分课,199元高中双科提分课,荔枝,其他,0,wangjiananbj03,2026/7/3,17,40.07,0,0,0,580.72,5008.75,0,11.59%,0.00%,-,0,0
23d0a5350157a7c0e2f986ec510f4c47,-,-,-,-,-,https://tutor-online.oss-cn-beijing.aliyuncs.com/growth/download-material/23d0a5350157a7c0e2f986ec510f4c47.mp4,20260630-猿辅导高中双科-实拍-千川-暑期规划-199学全年-就敢-高二-唐欣悦-bj冷一丁--张晓洁yc-2.mp4,-,,,199元高中双科提分课,199元高中双科提分课,荔枝,其他,0,wangjiananbj03,2026/7/9,11,2.33,0,0,0,137.06,2330,0,5.88%,0.00%,-,0,0
9e7dcfdf91165453b10e90147922a4b9,-,-,-,-,-,https://tutor-online.oss-cn-beijing.aliyuncs.com/growth/download-material/9e7dcfdf91165453b10e90147922a4b9.mp4,0709-199双科-申坤-李博-李天-张佳乐-A1-B4-无-高二高三-2,-,,,199元高中双科提分课,199元高中双科提分课,申坤,其他,0,wangjiananbj03,2026/7/14,6,7.5,0,0,0,20.89,0,0,0.00%,0.00%,-,0,0
9a131bd31994ba90016c70269950a40e,-,-,-,-,-,https://tutor-online.oss-cn-beijing.aliyuncs.com/growth/download-material/9a131bd31994ba90016c70269950a40e.mp4,20260620-猿辅导高中双科-实拍-千川-线下班对比-还在纠结-唐欣悦-bj于靖-ts罗雅雯-二创-张晓洁ec-3.mp4,-,,,199元高中双科提分课,199元高中双科提分课,荔枝,其他,0,wangjiananbj03,2026/6/23,27,0.58,0,0,0,96.67,580,0,16.67%,0.00%,-,0,0
6e2ce8b6d29a7001d1cf90e6c2e178f9,-,-,-,-,-,https://tutor-online.oss-cn-beijing.aliyuncs.com/growth/download-material/6e2ce8b6d29a7001d1cf90e6c2e178f9.mp4,9元视频769-0316-9物-十人-bmqr-李博-A2-B4-jjsx-pwjl-2,-,,,9元高中物理李博,9元高中物理李博,十人,其他,0,wangruixuebj01,2026/6/5,45,170.79,27,3,0.16,128.41,24398.57,56.93,0.83%,27.27%,-,2.26,3857.14
3664cd4c41a5a3e283b163da52eca7ce,-,-,-,-,-,https://tutor-online.oss-cn-beijing.aliyuncs.com/growth/download-material/3664cd4c41a5a3e283b163da52eca7ce.mp4,0610-199双科-自产-自产主-李博-视觉锤-子衿-A5-B1-有-9.mp4,-,,,199元高中双科提分课,199元高中双科提分课,荔枝,其他,0,wangjiananbj03,2026/6/19,31,0.57,0,0,0,114,285,0,40.00%,0.00%,-,0,0
83454092647d0ea6c38c925bf56b6a0b,-,-,-,-,-,https://tutor-online.oss-cn-beijing.aliyuncs.com/growth/download-material/83454092647d0ea6c38c925bf56b6a0b.mp4,20260606-猿辅导高中双科-实拍-买数学送物理-满意-张焱-bj庄紫薇-张雪依ec-二创-8,-,,,199元高中双科提分课,199元高中双科提分课,荔枝,其他,0,wangjiananbj03,2026/6/23,27,109.8,0,0,0,131.18,36600,0,0.72%,0%,-,0,0
985d34bd9893e863d119b7b89e6823ae,-,-,-,-,-,https://tutor-online.oss-cn-beijing.aliyuncs.com/growth/download-material/985d34bd9893e863d119b7b89e6823ae.mp4,20260616-猿辅导高中双科-实拍-千川-焦虑--张焱-bj李赛--张晓洁yc-4（前贴改）.mp4,-,,,199元高中双科提分课,199元高中双科提分课,荔枝,其他,0,wangjiananbj03,2026/6/18,32,7.23,0,0,0,172.14,7230,0,2.38%,0.00%,-,0,0
5fd43734c6d3db3e304c141f344b534d,-,-,-,-,-,https://tutor-online.oss-cn-beijing.aliyuncs.com/growth/download-material/5fd43734c6d3db3e304c141f344b534d.mp4,20260612-猿辅导高中双科-实拍-千川-活动-五科-199学三年-不要-唐欣悦-詹铠任-cd鲨鱼-叶俊泽yc-1-前贴2,-,,,199元高中双科提分课,199元高中双科提分课,荔枝,代理商,0,wangjiananbj03,2026/6/20,30,6.3,0,0,0,157.5,0,0,0.00%,0.00%,-,0,0
98c9d4b9ed9bfe15afe57668c2996ba0,-,-,-,-,-,https://tutor-online.oss-cn-beijing.aliyuncs.com/growth/download-material/98c9d4b9ed9bfe15afe57668c2996ba0.mp4,20260624-9物-代理-启航-李博-【b1-p6-a3-72-0630】-A5-B5-有-2,-,,,9元高中物理李博,9元高中物理李博,启航,代理商,0,wangruixuebj01,2026/7/10,10,10.7,0,0,0,66.05,2140,0,3.09%,0%,-,0,0
8a913b65d4d60a85a90f96bfd66d70b4,-,-,-,-,-,https://tutor-online.oss-cn-beijing.aliyuncs.com/growth/download-material/8a913b65d4d60a85a90f96bfd66d70b4.mp4,20260624-猿辅导高中双科-实拍-千川-买数送物-199学三年--唐欣悦-bj于靖--张晓洁yc-1.mp4,-,,,199元高中双科提分课,199元高中双科提分课,荔枝,其他,0,wangjiananbj03,2026/6/27,23,0.1,0,0,0,33.33,0,0,0.00%,0.00%,-,0,0
c55a1475c0aa4a7893d46bd9e7c44306,-,-,-,-,-,https://tutor-online.oss-cn-beijing.aliyuncs.com/growth/download-material/c55a1475c0aa4a7893d46bd9e7c44306.mp4,20260711-猿辅导高中双科-实拍-千川-暑期预习-通用-买数送物-期末差-李莹莹-bj郭铭泽--李文静yc-2-前贴.mp4,-,,,199元高中双科提分课,199元高中双科提分课,荔枝,其他,0,wangjiananbj03,2026/7/16,4,0.07,0,0,0,0,0,0,0.00%,0.00%,-,0,0
76207c46fee864ebb22974bfade61577,-,-,-,-,-,https://tutor-online.oss-cn-beijing.aliyuncs.com/growth/download-material/76207c46fee864ebb22974bfade61577.mp4,20260710-猿辅导高中双科-实拍-千川-效果展示-高二-买数送物-不推-张焱-bj宋钦冲--岳久鸿yc-1（前贴）.mp4,-,,,199元高中双科提分课,199元高中双科提分课,荔枝,其他,0,wangjiananbj03,2026/7/16,4,19.27,0,0,0,287.61,2141.11,0,13.43%,0.00%,-,0,0
2b4e3b9e040dbf4d7bc0f3fff82390bb,-,-,-,-,-,https://tutor-online.oss-cn-beijing.aliyuncs.com/growth/download-material/2b4e3b9e040dbf4d7bc0f3fff82390bb.mp4,20260624-9物-代理-启航-李博-【b1-p6-a3-61-0629】-A5-B5-有-2,-,,,9元高中物理李博,9元高中物理李博,启航,代理商,0,wangruixuebj01,2026/7/11,9,2.09,0,0,0,53.59,0,0,0.00%,0.00%,-,0,0
e7a6bd1525361837297544242ed6b443,-,-,-,-,-,https://tutor-online.oss-cn-beijing.aliyuncs.com/growth/download-material/e7a6bd1525361837297544242ed6b443.mp4,20260711-猿辅导高中双科-实拍-千川-买数送物-专家分享-可以不-高二-张焱-dr珈岐妈妈-李文静ec-二创-11.mp4,-,,,199元高中双科提分课,199元高中双科提分课,荔枝,其他,0,wangjiananbj03,2026/7/13,7,7.69,0,0,0,207.84,3845,0,5.41%,0.00%,-,0,0
d873a8726433fb3a27f572f0a05d3293,-,-,-,-,-,https://tutor-online.oss-cn-beijing.aliyuncs.com/growth/download-material/d873a8726433fb3a27f572f0a05d3293.mp4,20260627-猿辅导高中双科-实拍-视频号-ip李博-买物送数-199学三年-毫无困难-常文茜-IP李博-裂变-詹铠任yc2,-,,,199元高中双科提分课,199元高中双科提分课,荔枝,代理商,0,wangjiananbj03,2026/7/16,4,1.65,0,0,0,63.46,0,0,0.00%,0.00%,-,0,0
fd5f5d7491715a08fc0f41f66211d9a8,-,-,-,-,-,https://tutor-online.oss-cn-beijing.aliyuncs.com/growth/download-material/fd5f5d7491715a08fc0f41f66211d9a8.mp4,20260711-猿辅导高中双科-实拍-千川-买物送数-专家分享-跟你学-高二高三-李莹莹-b宋钦冲-二创-ts文丹-叶俊泽ec-25.mp4,-,,,199元高中双科提分课,199元高中双科提分课,荔枝,其他,0,wangjiananbj03,2026/7/16,4,11.08,0,0,0,299.46,2216,0,13.51%,0.00%,-,0,0
cb56afd245c2bae5e958be5e95565f46,-,-,-,-,-,https://tutor-online.oss-cn-beijing.aliyuncs.com/growth/download-material/cb56afd245c2bae5e958be5e95565f46.mp4,20260623-猿辅导高中双科-实拍-千川-活动-买数学送物理-犹豫-张焱-bj于靖-裂变-张晓洁yc-1.mp4,-,,,199元高中双科提分课,199元高中双科提分课,荔枝,其他,0,wangjiananbj03,2026/6/23,27,4.54,0,0,0,108.1,1513.33,0,7.14%,0.00%,-,0,0
92fe660405a8b9640d8c0b90fe6d0535,-,-,-,-,-,https://tutor-online.oss-cn-beijing.aliyuncs.com/growth/download-material/92fe660405a8b9640d8c0b90fe6d0535.mp4,一键修复_20260708-猿辅导高中双科-实拍-视频号-专家分享-买数送物-高二-买数送物-遇到-张焱-cd张璐-高俊南-张晓洁yc-4.mp4,-,,,199元高中双科提分课,199元高中双科提分课,荔枝,其他,0,wangjiananbj03,2026/7/14,6,2.26,0,0,0,125.56,1130,0,11.11%,0.00%,-,0,0
670370d61441c6352be5f2aae33f58b0,-,-,-,-,-,https://tutor-online.oss-cn-beijing.aliyuncs.com/growth/download-material/670370d61441c6352be5f2aae33f58b0.mp4,20260625-猿辅导高中双科-实拍-买物理送数学-再说-张焱-bj丁梓仟-张晓洁yc-3.mp4,-,,,199元高中双科提分课,199元高中双科提分课,荔枝,代理商,0,wangjiananbj03,2026/6/25,25,5.37,0,0,0,153.43,2685,0,5.71%,0.00%,-,0,0
8b55d3a31bea8336a6738d09d8b6f6e3,-,-,-,-,-,https://tutor-online.oss-cn-beijing.aliyuncs.com/growth/download-material/8b55d3a31bea8336a6738d09d8b6f6e3.mp4,20260623-猿辅导高中双科-实拍-活动-上哪找-常文茜-cd雪儿-岳久鸿-裂变-张晓洁yc-7.mp4,-,,,199元高中双科提分课,199元高中双科提分课,荔枝,其他,0,wangjiananbj03,2026/6/26,24,2.42,0,0,0,142.35,2420,0,5.88%,0.00%,-,0,0
b45fde31f3f26f502ff016dea50166c2,-,-,-,-,-,https://tutor-online.oss-cn-beijing.aliyuncs.com/growth/download-material/b45fde31f3f26f502ff016dea50166c2.mp4,0708-199双科-申坤-李博-李天-卞俊洁-A2-B4-无-1,-,,,199元高中双科提分课,199元高中双科提分课,申坤,其他,0,wangjiananbj03,2026/7/10,10,3.81,0,0,0,79.38,0,0,0.00%,0.00%,-,0,0
f830c30bde8049f82b68d166f3182408,-,-,-,-,-,https://tutor-online.oss-cn-beijing.aliyuncs.com/growth/download-material/f830c30bde8049f82b68d166f3182408.mp4,0708-199双科-申坤-李博-李天-卞俊洁-A2-B4-有-高二高三-20,-,,,199元高中双科提分课,199元高中双科提分课,申坤,其他,0,wangjiananbj03,2026/7/10,10,0.02,0,0,0,5,0,0,0.00%,0.00%,-,0,0
22261481325f3e910a504421ac91593b,-,-,-,-,-,https://tutor-online.oss-cn-beijing.aliyuncs.com/growth/download-material/22261481325f3e910a504421ac91593b.mp4,0714-199双科-申坤-李博-李天-卞俊洁-A2-B4-无-02,-,,,199元高中双科提分课,199元高中双科提分课,申坤,其他,0,wangjiananbj03,2026/7/15,5,3.5,0,0,0,16.51,3500,0,0.00%,0.00%,-,0,0
363fa0ab92ce748ad0fb7f116e6f2f89,-,-,-,-,-,https://tutor-online.oss-cn-beijing.aliyuncs.com/growth/download-material/363fa0ab92ce748ad0fb7f116e6f2f89.mp4,20260704-猿辅导高中双科-实拍-千川-活动-再加-张焱-bj冷一丁-叶俊泽ec-二创-ts徐鑫悦-5,-,,,199元高中双科提分课,199元高中双科提分课,荔枝,其他,0,wangjiananbj03,2026/7/9,11,5.67,0,0,0,59.68,0,0,0.00%,0.00%,-,0,0
6651da01d04aa9b07485df8de91c442f,-,-,-,-,-,https://img-pub.oss-cn-beijing-internal.aliyuncs.com/19f1279be707e99.mp4,9元视频1171-0625-9物-代理-十人-李博-jjsx-bwxy-A2-B1-pwjl-pcc-有-2,-,,,9元高中物理李博,9元高中物理李博,十人,代理商,0,wangruixuebj01,2026/6/30,20,0.5,0,0,0,20.83,0,0,0.00%,0.00%,-,0,0
ca49915b69780a0133d477174e3614bf,-,-,-,-,-,https://tutor-online.oss-cn-beijing.aliyuncs.com/growth/download-material/ca49915b69780a0133d477174e3614bf.mp4,202607011-猿辅导高中双科-实拍-活动-199学三年-买数送物-通用-买数送物-沉得住气-唐欣悦-cd文雨婷-岳久鸿-叶俊泽yc-3.mp4,-,,,199元高中双科提分课,199元高中双科提分课,荔枝,其他,0,wangjiananbj03,2026/7/16,4,0.18,0,0,0,45,180,0,25.00%,0.00%,-,0,0
4dff3668fb82911259fbc20c1eb07037,-,-,-,-,-,https://tutor-online.oss-cn-beijing.aliyuncs.com/growth/download-material/4dff3668fb82911259fbc20c1eb07037.mp4,20260707-猿辅导高中双科-实拍-千川-活动-买数送物-冤大头-张焱-bj郭铭泽-裂变-张晓洁yc-5.mp4,-,,,199元高中双科提分课,199元高中双科提分课,荔枝,其他,0,wangjiananbj03,2026/7/9,11,91.53,0,0,0,167.33,5085,0,3.29%,0.00%,-,0,0
0b32cfebafccdf37628dc00a141ae387,-,-,-,-,-,https://tutor-online.oss-cn-beijing.aliyuncs.com/growth/download-material/0b32cfebafccdf37628dc00a141ae387.mp4,一键修复_20260625-猿辅导高中双科-实拍-千川-买物送数-199学三年--唐欣悦-cd琳瑶-岳久鸿-叶俊泽yc-12-前贴.mp4,-,,,199元高中双科提分课,199元高中双科提分课,荔枝,其他,0,wangjiananbj03,2026/7/2,18,13.05,0,0,0,420.97,6525,0,6.45%,0.00%,-,0,0
f41e5bf6abcd9824aba187e717574fac,-,-,-,-,-,https://tutor-online.oss-cn-beijing.aliyuncs.com/growth/download-material/f41e5bf6abcd9824aba187e717574fac.mp4,0703-199双科-申坤-王晶-李天-卞俊洁-A3-B4-有-21,-,,,199元高中双科提分课,199元高中双科提分课,申坤,其他,0,wangjiananbj03,2026/7/7,13,13.68,0,0,0,39.54,13680,0,0.29%,0%,-,0,0
6d9e7fe761b361c9c1e7ca13b61d4368,-,-,-,-,-,https://tutor-online.oss-cn-beijing.aliyuncs.com/growth/download-material/6d9e7fe761b361c9c1e7ca13b61d4368.mp4,20200627-0606-199双科-自产-自产主-李博-曲中雨-子衿-A6-B2-ts张琴-二创-叶俊泽ec-20,-,,,199元高中双科提分课,199元高中双科提分课,自投放,其他,0,wangjiananbj03,2026/7/10,10,198.76,0,0,0,132.42,39752,0,0.60%,0%,-,0,0
c10ab922862afc6f99ddb67fd61cc9f0,-,-,-,-,-,https://tutor-online.oss-cn-beijing.aliyuncs.com/growth/download-material/c10ab922862afc6f99ddb67fd61cc9f0.mp4,20260701-猿辅导高中双科-实拍-千川-买数送物-专家分享-搞定-高二-张焱-bj宋钦冲-叶俊泽ec-二创-ts徐鑫悦-高三-五科-7.mp4,-,,,199元高中双科提分课,199元高中双科提分课,荔枝,其他,0,wangjiananbj03,2026/7/9,11,28.81,0,0,0,533.52,5762,0,9.26%,0.00%,-,0,0
b093133995ffbe40b35b0917667b120e,-,-,-,-,-,https://tutor-online.oss-cn-beijing.aliyuncs.com/growth/download-material/b093133995ffbe40b35b0917667b120e.mp4,一键修复_20260623-猿辅导高中双科-实拍-千川-分数痛点-买数学送物理-一起-张焱-bj冷一丁-裂变-张晓洁yc-2.mp4,-,,,199元高中双科提分课,199元高中双科提分课,荔枝,其他,0,wangjiananbj03,2026/6/24,26,0.23,0,0,0,38.33,0,0,0.00%,0.00%,-,0,0
4c1d7bb717052920df7f4a4e6141bd9e,-,-,-,-,-,https://tutor-online.oss-cn-beijing.aliyuncs.com/growth/download-material/4c1d7bb717052920df7f4a4e6141bd9e.mp4,20260627-猿辅导高中双科-实拍-千川-线下班对比-买数送物-太有钱-唐欣悦-cd康艺凡-岳久鸿-詹铠任yc,-,,,199元高中双科提分课,199元高中双科提分课,荔枝,代理商,0,wangjiananbj03,2026/7/10,10,113.47,0,0,0,195.3,28367.5,0,0.69%,0%,-,0,0
bd65c398b3bd0b27284d7f1bd43f95b2,-,-,-,-,-,https://tutor-online.oss-cn-beijing.aliyuncs.com/growth/download-material/bd65c398b3bd0b27284d7f1bd43f95b2.mp4,20260617-猿辅导高中双科-图文混剪--宝贝真棒-唐欣悦---张晓洁ec-2,-,,,199元高中双科提分课,199元高中双科提分课,荔枝,其他,0,wangjiananbj03,2026/7/4,16,1837.02,597,1,0.32,109.33,24824.59,1837.02,0.72%,0.83%,-,0.06,8067.57
192ef6ae906f20478ed6f696e86a659f,-,-,-,-,-,https://tutor-online.oss-cn-beijing.aliyuncs.com/growth/download-material/192ef6ae906f20478ed6f696e86a659f.mp4,20260711-猿辅导高中双科-实拍-视频号-暑期规划-买物送数-全年-高二-高二-买物送数-有远见-高二-常文茜-bj张子凡--李文静yc-4,-,,,199元高中双科提分课,199元高中双科提分课,自投放,代理商,0,wangjiananbj03,2026/7/16,4,0.59,0,0,0,45.38,0,0,0.00%,0.00%,-,0,0
ee29f2ebd47b9309763c160c1ab0685b,-,-,-,-,-,https://tutor-online.oss-cn-beijing.aliyuncs.com/growth/download-material/ee29f2ebd47b9309763c160c1ab0685b.mp4,0707-199双科-申坤-李博-李天-王合云-A1-B4-无-高二高三-05,-,,,199元高中双科提分课,199元高中双科提分课,申坤,其他,0,wangjiananbj03,2026/7/7,13,0.7,0,0,0,14.89,700,0,2.13%,0%,-,0,0
68398a1bdad19a7f388441b42d7f5945,-,-,-,-,-,https://tutor-online.oss-cn-beijing.aliyuncs.com/growth/download-material/68398a1bdad19a7f388441b42d7f5945.mp4,20260704-猿辅导高中双科-实拍-活动-夏他-张焱-bj李赛-二创-叶俊泽ec-二创-8（镜像）,-,,,199元高中双科提分课,199元高中双科提分课,荔枝,其他,0,wangjiananbj03,2026/7/9,11,0.56,0,0,0,43.08,0,0,0.00%,0.00%,-,0,0
081fb7c540620262e692650a399bfda2,-,-,-,-,-,https://tutor-online.oss-cn-beijing.aliyuncs.com/growth/download-material/081fb7c540620262e692650a399bfda2.mp4,20260704-猿辅导高中双科-实拍-千川-买数送物-199学三年--唐欣悦-bj于靖-叶俊泽ec-二创-9.mp4,-,,,199元高中双科提分课,199元高中双科提分课,荔枝,其他,0,wangjiananbj03,2026/7/9,11,14.25,0,0,0,268.87,4750,0,5.66%,0.00%,-,0,0
304cb41d21bb6737f0739326f69548bf,-,-,-,-,-,https://tutor-online.oss-cn-beijing.aliyuncs.com/growth/download-material/304cb41d21bb6737f0739326f69548bf.mp4,9元视频1192-0703-9物-代理-十人-李博-jjsx-bwxy-A2-B1-pcc-pwjl-1,-,,,9元高中物理李博,9元高中物理李博,十人,代理商,0,wangruixuebj01,-,-,0,0,0,0,0,0,0,0.00%,0.00%,-,0,0
ae3275f91599bfacc5809c0e1169d9b3,-,-,-,-,-,https://tutor-online.oss-cn-beijing.aliyuncs.com/growth/download-material/ae3275f91599bfacc5809c0e1169d9b3.mp4,9元视频1189-0702-9物-代理-十人-李博-jjsx-bjsx-A2-B1-pcc-pwjl-无-1,-,,,9元高中物理李博,9元高中物理李博,十人,代理商,0,wangruixuebj01,2026/7/14,6,31.75,0,0,0,278.51,31750,0,0.88%,0%,-,0,0
e7bce5640df07a6c8adac8349f5260b4,-,-,-,-,-,https://img-pub.oss-cn-beijing-internal.aliyuncs.com/19eb120641f658b.mp4,0610-9物-代理-十人-李博-jzt-bwxy-A2-B2-pcc-无-1,-,,,9元高中物理李博,9元高中物理李博,十人,代理商,0,wangruixuebj01,2026/6/11,39,0.05,0,0,0,8.33,0,0,0.00%,0.00%,-,0,0
1d3cd43158d24e1206d3d875d03343ee,-,-,-,-,-,https://tutor-online.oss-cn-beijing.aliyuncs.com/growth/download-material/1d3cd43158d24e1206d3d875d03343ee.mp4,20260701-猿辅导高中双科-实拍-千川-活动-买数送物-199学全年-骗局-常文茜-bj冷一丁-高二--李文静yc-2-前贴 ,-,,,199元高中双科提分课,199元高中双科提分课,荔枝,其他,0,wangjiananbj03,-,-,0.04,0,0,0,2,0,0,0.00%,0.00%,-,0,0
eb7ebeab1587a74c95cad688c5ed5cb6,-,-,-,-,-,https://tutor-online.oss-cn-beijing.aliyuncs.com/growth/download-material/eb7ebeab1587a74c95cad688c5ed5cb6.mp4,20260701-猿辅导高中双科-实拍-千川-买数送物-199学三年--唐欣悦-bj于靖-二创-张晓洁ec-6.mp4,-,,,199元高中双科提分课,199元高中双科提分课,荔枝,其他,0,wangjiananbj03,2026/7/7,13,2.58,0,0,0,103.2,1290,0,8.00%,0.00%,-,0,0
0a217bf966176b057f735fc9a8d91db3,-,-,-,-,-,https://tutor-online.oss-cn-beijing.aliyuncs.com/growth/download-material/0a217bf966176b057f735fc9a8d91db3.mp4,20260707-猿辅导高中双科-实拍-买物理送数学-再说夏他-张焱-bj丁梓仟李赛-裂变-张晓洁yc-2.mp4,-,,,199元高中双科提分课,199元高中双科提分课,荔枝,其他,0,wangjiananbj03,2026/7/9,11,804.84,398,2,0.49,182.84,6337.32,402.42,2.89%,1.57%,-,0.45,3133.86
2f5e79520e5f0e64254599e6cc503251,-,-,-,-,-,https://tutor-online.oss-cn-beijing.aliyuncs.com/growth/download-material/2f5e79520e5f0e64254599e6cc503251.mp4,一键修复_20260624-猿辅导高中数学199-实拍-专家分享-抽出-张焱-bj李赛-袁北辰ec-二创-1.mp4,-,,,199元高中双科提分课,199元高中双科提分课,荔枝,其他,0,wangjiananbj03,2026/6/28,22,1.18,0,0,0,90.77,0,0,0.00%,0.00%,-,0,0
fa957328a8b9d828fa55b1bb68b471fd,-,-,-,-,-,https://tutor-online.oss-cn-beijing.aliyuncs.com/growth/download-material/fa957328a8b9d828fa55b1bb68b471fd.mp4,20260708-猿辅导高中双科-实拍-千川-买数送物-活动-特别-张焱-bj丁梓仟--张晓洁yc-2.mp4,-,,,199元高中双科提分课,199元高中双科提分课,荔枝,其他,0,wangjiananbj03,2026/7/13,7,0.08,0,0,0,26.67,0,0,0.00%,0.00%,-,0,0
b79bdcc0f6d6d88ab64584b270822069,-,-,-,-,-,https://tutor-online.oss-cn-beijing.aliyuncs.com/growth/download-material/b79bdcc0f6d6d88ab64584b270822069.mp4,20260710-猿辅导高中双科-实拍-视频号-活动-买物送数-通用-买物送数-有点后悔-常文茜-cd杨嘉欣-岳久鸿-张雪依yc-2（前贴版）.mp4,-,,,199元高中双科提分课,199元高中双科提分课,荔枝,其他,0,wangjiananbj03,2026/7/16,4,0.61,0,0,0,305,0,0,0.00%,0.00%,-,0,0
f8246320a51dc84734bde2eb547e2d29,-,-,-,-,-,https://tutor-online.oss-cn-beijing.aliyuncs.com/growth/download-material/f8246320a51dc84734bde2eb547e2d29.mp4,20260606-猿辅导高中双科-实拍-活动-买数送物-全年-跟你-618-张焱-cd鲨鱼- 张雪依ec-二创-5,-,,,199元高中双科提分课,199元高中双科提分课,荔枝,其他,0,wangjiananbj03,2026/6/23,27,79.94,0,0,0,94.27,79940,0,0.24%,0%,-,0,0
83f48d6a2360d59003593699fafd2c23,-,-,-,-,-,https://tutor-online.oss-cn-beijing.aliyuncs.com/growth/download-material/83f48d6a2360d59003593699fafd2c23.mp4,一键修复_20260606-猿辅导高中双科-实拍-ip李博-买物送数-变态-唐欣悦-ip李博--张晓洁yc-3（前贴）.mp4,-,,,199元高中双科提分课,199元高中双科提分课,荔枝,其他,0,wangjiananbj03,2026/6/13,37,336.5,0,0,0,234.82,4739.44,0,4.95%,0.00%,-,0,0
7116839ddcbb90ff34dc675a4448e537,-,-,-,-,-,https://tutor-online.oss-cn-beijing.aliyuncs.com/growth/download-material/7116839ddcbb90ff34dc675a4448e537.mp4,9元视频988-0526-9物-十人-bmqr-ylb-A2-B4-jjsx-pwjl-2,-,,,9元高中物理李博,9元高中物理李博,十人,其他,0,wangruixuebj01,2026/6/11,39,0,0,0,0,0,0,0,0.00%,0.00%,-,0,0
bd41f43982043d8232a6cb59785d925c,-,-,-,-,-,https://tutor-online.oss-cn-beijing.aliyuncs.com/growth/download-material/bd41f43982043d8232a6cb59785d925c.mp4,一键修复_20260622-猿辅导高中双科-混剪-视频号-图-男孩-张焱-张晓洁yc-5-改高二.mp4,-,,,199元高中双科提分课,199元高中双科提分课,荔枝,其他,0,wangjiananbj03,2026/6/23,27,6.12,0,0,0,360,6120,0,5.88%,0.00%,-,0,0
ded004b27ff5a390c0ba53f6656c25a1,-,-,-,-,-,https://tutor-online.oss-cn-beijing.aliyuncs.com/growth/download-material/ded004b27ff5a390c0ba53f6656c25a1.mp4,20260710-猿辅导高中双科-实拍-千川-效果展示-高二-买数送物-不推-张焱-bj宋钦冲--岳久鸿yc-1,-,,,199元高中双科提分课,199元高中双科提分课,自投放,其他,0,wangjiananbj03,2026/7/17,3,0,0,0,0,0,0,0,0.00%,0.00%,-,0,0
97a51fb67ecd81b64c1eedc2da77c799,-,-,-,-,-,https://tutor-online.oss-cn-beijing.aliyuncs.com/growth/download-material/97a51fb67ecd81b64c1eedc2da77c799.mp4,0708-199双科-申坤-李博-李天-卞俊洁-A2-B4-有-高二高三-11,-,,,199元高中双科提分课,199元高中双科提分课,申坤,其他,0,wangjiananbj03,2026/7/10,10,3.15,0,0,0,40.91,0,0,0.00%,0.00%,-,0,0
72cc214c68f839d4e964ed88b59763ac,-,-,-,-,-,https://tutor-online.oss-cn-beijing.aliyuncs.com/growth/download-material/72cc214c68f839d4e964ed88b59763ac.mp4,9元视频1195-0625-9物-代理-十人-李博-jjsx-bwxy-A2-B1-pwjl-pcc-有-2(1),-,,,9元高中物理李博,9元高中物理李博,十人,代理商,0,wangruixuebj01,2026/7/10,10,39.56,0,0,0,124.79,9890,0,1.58%,0%,-,0,0
3632bbdd5293673d077942be62c7ac1b,-,-,-,-,-,https://tutor-online.oss-cn-beijing.aliyuncs.com/growth/download-material/3632bbdd5293673d077942be62c7ac1b.mp4,20260627-猿辅导高中双科-实拍-千川-买数学送物理-线下班对比-三人行-常文茜-bj李栎-叶俊泽yc-1.mp4,-,,,199元高中双科提分课,199元高中双科提分课,荔枝,其他,0,wangjiananbj03,2026/7/1,19,3.24,0,0,0,249.23,0,0,0.00%,0.00%,-,0,0
caa0bf68a73424852e085b7f8618e35b,-,-,-,-,-,https://tutor-online.oss-cn-beijing.aliyuncs.com/growth/download-material/caa0bf68a73424852e085b7f8618e35b.mp4,20260704-猿辅导高中双科-实拍-千川-活动-买数学送物理-上哪找二-常文茜-cd张艺馨-岳久鸿-二创-叶俊泽ec-11.mp4,-,,,199元高中双科提分课,199元高中双科提分课,荔枝,其他,0,wangjiananbj03,2026/7/9,11,10.85,0,0,0,204.72,1550,0,13.21%,0.00%,-,0,0
e23bed5d805b19b5d67bdf48fc81f21c,-,-,-,-,-,https://tutor-online.oss-cn-beijing.aliyuncs.com/growth/download-material/e23bed5d805b19b5d67bdf48fc81f21c.mp4,0703-199双科-申坤-李博-李天-卞俊洁-A2-B4-无-4,-,,,199元高中双科提分课,199元高中双科提分课,申坤,其他,0,wangjiananbj03,2026/7/10,10,28.57,0,0,0,76.6,14285,0,0.54%,0%,-,0,0
0df7dcacbdc587f7b1e6c88209b4d8c5,-,-,-,-,-,https://tutor-online.oss-cn-beijing.aliyuncs.com/growth/download-material/0df7dcacbdc587f7b1e6c88209b4d8c5.mp4,20260606-猿辅导高中双科-实拍-ip李博-通知-唐欣悦-ip李博-二创-张晓洁ec-3,-,,,199元高中双科提分课,199元高中双科提分课,荔枝,其他,0,wangjiananbj03,2026/6/23,27,0.32,0,0,0,40,0,0,0.00%,0.00%,-,0,0
0e32c987822b899b240764204efc41af,-,-,-,-,-,https://tutor-online.oss-cn-beijing.aliyuncs.com/growth/download-material/0e32c987822b899b240764204efc41af.mp4,0630-199双科-申坤-李博-李天-卞俊洁-A2-B4-无-06,-,,,199元高中双科提分课,199元高中双科提分课,申坤,其他,0,wangjiananbj03,-,-,0,0,0,0,0,0,0,0.00%,0.00%,-,0,0
39276a22fa8b2050f41df7dda0400c98,-,-,-,-,-,https://tutor-online.oss-cn-beijing.aliyuncs.com/growth/download-material/39276a22fa8b2050f41df7dda0400c98.mp4,20260415-猿辅导高中数学199-实拍-活动-抢到-唐欣悦-二创-文涵立ec.mp4,-,,,199元高中双科提分课,199元高中双科提分课,荔枝,其他,0,wangjiananbj03,2026/5/14,67,5.92,0,0,0,102.07,0,0,0.00%,0.00%,-,0,0
3602985f062091972b8aba01a8982007,-,-,-,-,-,https://tutor-online.oss-cn-beijing.aliyuncs.com/growth/download-material/3602985f062091972b8aba01a8982007.mp4,20260611-9物-代理-启航-李博-【b1-p6-a1-20】-A5-B5-有-2,-,,,9元高中物理李博,9元高中物理李博,启航,代理商,0,wangruixuebj01,2026/7/11,9,0.14,0,0,0,9.33,0,0,0.00%,0.00%,-,0,0
308f41cedb7099e45e6568f3bcbe5f21,-,-,-,-,-,https://tutor-online.oss-cn-beijing.aliyuncs.com/growth/download-material/308f41cedb7099e45e6568f3bcbe5f21.mp4,20260703-猿辅导高中双科-口播-活动-三连学-张焱-bj李栎-叶俊泽yc-4-前贴.mp4,-,,,199元高中双科提分课,199元高中双科提分课,荔枝,其他,0,wangjiananbj03,2026/7/10,10,2.08,0,0,0,37.82,1040,0,3.64%,0.00%,-,0,0
8748a2d746903cb4d22a47201fa92edb,-,-,-,-,-,https://tutor-online.oss-cn-beijing.aliyuncs.com/growth/download-material/8748a2d746903cb4d22a47201fa92edb.mp4,0623-9物-玄武-李博-白潇凯-李明雪-A5-B2-无-yfdwl0623b1浩1-雪-白-首,-,,,9元高中物理李博,9元高中物理李博,玄武,代理商,0,wangruixuebj01,2026/6/27,23,4648.46,225,25,0.05,166.6,8854.21,185.94,2.04%,4.39%,-,0.9,428.57
04e04efd35caa0e85fc0da377ef2674f,-,-,-,-,-,https://tutor-online.oss-cn-beijing.aliyuncs.com/growth/download-material/04e04efd35caa0e85fc0da377ef2674f.mp4,20260711-猿辅导高中双科-实拍-视频号-活动-买物送数-三年-通用-买物送数-说一下-常文茜-cd文雨婷--李文静yc-2.mp4,-,,,199元高中双科提分课,199元高中双科提分课,荔枝,其他,0,wangjiananbj03,2026/7/16,4,16.39,0,0,0,1024.38,8195,0,12.50%,0.00%,-,0,0
1a57555c142253378ddf1994da025ee3,-,-,-,-,-,https://tutor-online.oss-cn-beijing.aliyuncs.com/growth/download-material/1a57555c142253378ddf1994da025ee3.mp4,0710-199双科-申坤-李博-李天-卞俊洁-A5-B1-无-13,-,,,199元高中双科提分课,199元高中双科提分课,申坤,其他,0,wangjiananbj03,2026/7/11,9,329.55,0,0,0,53.16,12675,0,0.60%,0%,-,0,0
cd168bf3237a8cd2a2192fec923b543b,-,-,-,-,-,https://tutor-online.oss-cn-beijing.aliyuncs.com/growth/download-material/cd168bf3237a8cd2a2192fec923b543b.mp4,0708-199双科-申坤-李博-李天-卞俊洁-A2-B4-无-高二高三-1,-,,,199元高中双科提分课,199元高中双科提分课,申坤,代理商,0,wangjiananbj03,2026/7/9,11,290.15,0,0,0,181.8,29015,0,1.32%,0%,-,0,0
8bbcf133f45455b9bcde0a6ba593415e,-,-,-,-,-,https://tutor-online.oss-cn-beijing.aliyuncs.com/growth/download-material/8bbcf133f45455b9bcde0a6ba593415e.mp4,0708-199双科-申坤-李博-李天-卞俊洁-A2-B4-有-高二高三-09,-,,,199元高中双科提分课,199元高中双科提分课,申坤,其他,0,wangjiananbj03,2026/7/10,10,1.85,0,0,0,11.08,1850,0,0.60%,0%,-,0,0
d7ce0712b961adbbff723e6f91b77da7,-,-,-,-,-,https://tutor-online.oss-cn-beijing.aliyuncs.com/growth/download-material/d7ce0712b961adbbff723e6f91b77da7.mp4,20260625-猿辅导高中双科-实拍-千川-性价比-买物送数-199学全年-幸亏--唐欣悦-cd张璐-岳久鸿-裂变-张晓洁yc-2.mp4,-,,,199元高中双科提分课,199元高中双科提分课,荔枝,代理商,0,wangjiananbj03,2026/6/26,24,1.98,0,0,0,152.31,990,0,15.38%,0.00%,-,0,0
2efde6d1a078d3c3094142f49136e606,-,-,-,-,-,https://tutor-online.oss-cn-beijing.aliyuncs.com/growth/download-material/2efde6d1a078d3c3094142f49136e606.mp4,0610-199双科-自产-自产主-李博-视觉锤-子衿-A3-B1-无-4.mp4,-,,,199元高中双科提分课,199元高中双科提分课,荔枝,其他,0,wangjiananbj03,2026/6/19,31,0.1,0,0,0,50,100,0,50.00%,0.00%,-,0,0
5dff896e5c9a5e8c4aedea81870d6178,-,-,-,-,-,https://tutor-online.oss-cn-beijing.aliyuncs.com/growth/download-material/5dff896e5c9a5e8c4aedea81870d6178.mp4,20260704-猿辅导高中双科-混剪-图-张凌-张焱-张雪依yc-5-高二高三,-,,,199元高中双科提分课,199元高中双科提分课,荔枝,其他,0,wangjiananbj03,2026/7/6,14,178.15,199,1,1.12,53.97,13703.85,178.15,0.48%,6.25%,-,0.3,15307.69
7b7828396580ad401bb94a3f9c07c3df,-,-,-,-,-,https://tutor-online.oss-cn-beijing.aliyuncs.com/growth/download-material/7b7828396580ad401bb94a3f9c07c3df.mp4,20260606-猿辅导高中双科-实拍-活动-买数送物-全年-跟你-618-张焱-cd鲨鱼- 张雪依ec-二创-9,-,,,199元高中双科提分课,199元高中双科提分课,荔枝,其他,0,wangjiananbj03,2026/6/23,27,13959.42,5970,29,0.43,94.96,32463.77,481.36,0.42%,4.66%,-,0.2,13883.72
970c86ea3a14e067b961efd13ab0a48d,-,-,-,-,-,https://tutor-online.oss-cn-beijing.aliyuncs.com/growth/download-material/970c86ea3a14e067b961efd13ab0a48d.mp4,一键修复_20260523-猿辅导高中双科-实拍-ip李博-定心丸-常文茜-ip李博--张晓洁yc-4.1（前贴改1）.mp4,-,,,199元高中双科提分课,199元高中双科提分课,荔枝,其他,0,wangjiananbj03,2026/6/29,21,0.42,0,0,0,210,420,0,50.00%,0.00%,-,0,0
42317aa51a3e9d6ffee18a72e9c33a00,-,-,-,-,-,https://tutor-online.oss-cn-beijing.aliyuncs.com/growth/download-material/42317aa51a3e9d6ffee18a72e9c33a00.mp4,20260609-9物-代理-启航-李博-【b1-p6-j9-6】-A5-B2-无-7,-,,,9元高中物理李博,9元高中物理李博,启航,其他,0,wangruixuebj01,2026/6/16,34,14806.69,585,65,0.04,141.37,13659.31,227.8,1.43%,4.35%,-,0.62,539.67
56902d3012c8f10cdc3ad2f727eddf21,-,-,-,-,-,https://tutor-online.oss-cn-beijing.aliyuncs.com/growth/download-material/56902d3012c8f10cdc3ad2f727eddf21.mp4,99双科-1-0108-16,-,,,199元高中双科提分课,199元高中双科提分课,自投放,其他,0,wangjiananbj03,2026/7/11,9,8.77,0,0,0,108.27,0,0,0.00%,0.00%,-,0,0
4807778d83f80fe20fcce70c2bed8b6f,-,-,-,-,-,https://tutor-online.oss-cn-beijing.aliyuncs.com/growth/download-material/4807778d83f80fe20fcce70c2bed8b6f.mp4,0703-199双科-申坤-李博-李天-卞俊洁-A2-B4-无-24,-,,,199元高中双科提分课,199元高中双科提分课,申坤,其他,0,wangjiananbj03,2026/7/5,15,0.41,0,0,0,7.45,0,0,0.00%,0.00%,-,0,0
e295549e93dbf91697ea7d0fb9f4b607,-,-,-,-,-,https://tutor-online.oss-cn-beijing.aliyuncs.com/growth/download-material/e295549e93dbf91697ea7d0fb9f4b607.mp4,20260702-猿辅导高中双科-实拍-活动-买数送物-你咋不说-唐欣悦-张焱-bj李栎-李文静yc-裂变1.mp4,-,,,199元高中双科提分课,199元高中双科提分课,荔枝,其他,0,wangjiananbj03,2026/7/2,18,17.21,0,0,0,149.65,5736.67,0,2.61%,0.00%,-,0,0
27d32b334f7e5daa3ad33c609f51bb08,-,-,-,-,-,https://tutor-online.oss-cn-beijing.aliyuncs.com/growth/download-material/27d32b334f7e5daa3ad33c609f51bb08.mp4,20260703-猿辅导高中双科-实拍-买物理送数学-再说-张焱-bj丁梓仟-高二-李文静ec-二创-6.mp4,-,,,199元高中双科提分课,199元高中双科提分课,荔枝,其他,0,wangjiananbj03,2026/7/7,13,6.43,0,0,0,200.94,2143.33,0,9.38%,0.00%,-,0,0
7ef2a3321ad588b7970d03d021c3e749,-,-,-,-,-,https://tutor-online.oss-cn-beijing.aliyuncs.com/growth/download-material/7ef2a3321ad588b7970d03d021c3e749.mp4,20260609-9物-代理-启航-李博-【b1-p6-a1-9】-A5-B5-有-2-改,-,,,9元高中物理李博,9元高中物理李博,启航,其他,0,wangruixuebj01,2026/6/17,33,1772.63,108,12,0.06,107.35,6008.92,147.72,1.85%,3.93%,-,0.73,366.1
e39a1d2a63e0610ecd5a2c742fbf2eec,-,-,-,-,-,https://tutor-online.oss-cn-beijing.aliyuncs.com/growth/download-material/e39a1d2a63e0610ecd5a2c742fbf2eec.mp4,20260704-猿辅导高中双科-混剪-图-张凌-张焱-张雪依yc-1改-高二高三,-,,,199元高中双科提分课,199元高中双科提分课,荔枝,其他,0,wangjiananbj03,2026/7/6,14,44.45,0,0,0,205.79,44450,0,0.46%,0%,-,0,0
d7b4af3284ddcceb0ff1e0e7e239df14,-,-,-,-,-,https://tutor-online.oss-cn-beijing.aliyuncs.com/growth/download-material/d7b4af3284ddcceb0ff1e0e7e239df14.mp4,0708-199双科-申坤-李博-李天-卞俊洁-A2-B4-无-高二高三-7,-,,,199元高中双科提分课,199元高中双科提分课,申坤,其他,0,wangjiananbj03,2026/7/10,10,50.42,0,0,0,34.07,12605,0,0.41%,0%,-,0,0
0f4f3f90aadd71460aee73cd04245896,-,-,-,-,-,https://tutor-online.oss-cn-beijing.aliyuncs.com/growth/download-material/0f4f3f90aadd71460aee73cd04245896.mp4,0715-199双科-申坤-李博-李天-卞俊洁-A5-B4-无-01,-,,,199元高中双科提分课,199元高中双科提分课,申坤,其他,0,wangjiananbj03,2026/7/17,3,0,0,0,0,0,0,0,0.00%,0.00%,-,0,0
4561cc2808492e578057243804a431ae,-,-,-,-,-,https://tutor-online.oss-cn-beijing.aliyuncs.com/growth/download-material/4561cc2808492e578057243804a431ae.mp4,20260617-猿辅导高中双科-实拍-活动-夏他-张焱-bj李赛-二创-张晓洁ec-1,-,,,199元高中双科提分课,199元高中双科提分课,荔枝,其他,0,wangjiananbj03,2026/6/20,30,30.07,398,0,13.24,37.08,7517.5,0,0.49%,0%,-,0,99500
c10e42c531d673e16f81296a8c385b50,-,-,-,-,-,https://tutor-online.oss-cn-beijing.aliyuncs.com/growth/download-material/c10e42c531d673e16f81296a8c385b50.mp4,20260713-猿辅导高中双科-实拍-视频号-暑期预习-高二-买物送数-隐藏规则-常文茜-dr小五老师--李文静yc-1.mp4,-,,,199元高中双科提分课,199元高中双科提分课,荔枝,其他,0,wangjiananbj03,2026/7/16,4,10.03,0,0,0,1432.86,0,0,0.00%,0.00%,-,0,0
bb62f7ea7a65f22eab3344c21c588aa5,-,-,-,-,-,https://tutor-online.oss-cn-beijing.aliyuncs.com/growth/download-material/bb62f7ea7a65f22eab3344c21c588aa5.mp4,20260624-猿辅导高中双科-实拍-视频号-暑假规划-看博哥-唐欣悦-李博-李文静yc-1-前贴（视频号）,-,,,199元高中双科提分课,199元高中双科提分课,荔枝,其他,0,wangjiananbj03,2026/6/30,20,14105.71,5373,26,0.38,88.02,23667.3,542.53,0.61%,2.64%,-,0.16,9015.1
706edcffc357c4bb2d70eaee2c5fbdd5,-,-,-,-,-,https://tutor-online.oss-cn-beijing.aliyuncs.com/growth/download-material/706edcffc357c4bb2d70eaee2c5fbdd5.mp4,0422-9物-自产-自产二-李博-曲中雨-子衿-A6-B1B2-有-11-yfdwl0428m1浩1-郝,-,,,9元高中物理李博,9元高中物理李博,玄武,代理商,0,wangruixuebj01,2026/6/12,38,3118.24,81,9,0.03,112.63,6793.55,346.47,1.76%,1.85%,-,0.33,176.47
20e193297e85b6c4a729402fa82f0ef3,-,-,-,-,-,https://tutor-online.oss-cn-beijing.aliyuncs.com/growth/download-material/20e193297e85b6c4a729402fa82f0ef3.mp4,一键修复_20260525-猿辅导高中双科-实拍-ip李博-市面没有-常文茜-ip李博--詹铠任yc2-前贴.mp4,-,,,199元高中双科提分课,199元高中双科提分课,荔枝,其他,0,wangjiananbj03,2026/6/29,21,0.11,0,0,0,0,0,0,0.00%,0.00%,-,0,0
6179d5a56c38cdf6beeeb68ccb69bc32,-,-,-,-,-,https://tutor-online.oss-cn-beijing.aliyuncs.com/growth/download-material/6179d5a56c38cdf6beeeb68ccb69bc32.mp4,一键修复_0610-199双科-自产-自产主-李博-视觉锤-子衿-A6-B1-无-2.mp4,-,,,199元高中双科提分课,199元高中双科提分课,荔枝,其他,0,wangjiananbj03,2026/6/19,31,1.19,0,0,0,595,0,0,0.00%,0.00%,-,0,0
18f3db615eb8b86104d6de7809f6b7bc,-,-,-,-,-,https://tutor-online.oss-cn-beijing.aliyuncs.com/growth/download-material/18f3db615eb8b86104d6de7809f6b7bc.mp4,0710-199双科-申坤-李博-李天-卞俊洁-A1-B4-无-12,-,,,199元高中双科提分课,199元高中双科提分课,申坤,其他,0,wangjiananbj03,2026/7/12,8,144.46,0,0,0,164.35,28892,0,0.91%,0%,-,0,0
948bbf9f42fae23cd5652cddaff2bb55,-,-,-,-,-,https://tutor-online.oss-cn-beijing.aliyuncs.com/growth/download-material/948bbf9f42fae23cd5652cddaff2bb55.mp4,9元视频1206-0707-9物-代理-十人-李博-jjsx-bwxy-A2-B1-pcc-pwjl-有-3-AI,-,,,9元高中物理李博,9元高中物理李博,十人,代理商,0,wangruixuebj01,2026/7/13,7,0.14,0,0,0,14,0,0,0.00%,0.00%,-,0,0
1892862d13301cfbbc267799202cc6a1,-,-,-,-,-,https://tutor-online.oss-cn-beijing.aliyuncs.com/growth/download-material/1892862d13301cfbbc267799202cc6a1.mp4,一键修复_20260707-猿辅导高中双科-实拍-活动-买数送物-全年-跟你-夏他-张焱-李赛cd鲨鱼-裂变-张晓洁yc-1.mp4,-,,,199元高中双科提分课,199元高中双科提分课,荔枝,其他,0,wangjiananbj03,2026/7/9,11,121.83,199,1,1.63,404.75,6768.33,121.83,5.98%,5.56%,-,3.32,11055.56
d391a7825e8fb59acc35a790894de1fc,-,-,-,-,-,https://tutor-online.oss-cn-beijing.aliyuncs.com/growth/download-material/d391a7825e8fb59acc35a790894de1fc.mp4,20260630-猿辅导高中双科-实拍-视频号-ip李博-买物送数-199学三年-动辄几万-常文茜-ip李博--李文静yc-1.mp4,-,,,199元高中双科提分课,199元高中双科提分课,荔枝,代理商,0,wangjiananbj03,2026/7/3,17,4.2,0,0,0,210,2100,0,10.00%,0.00%,-,0,0
bf39b619eae3a13ff13dc0716b7ca6b9,-,-,-,-,-,https://tutor-online.oss-cn-beijing.aliyuncs.com/growth/download-material/bf39b619eae3a13ff13dc0716b7ca6b9.mp4,0708-199双科-申坤-李博-李天-卞俊洁-A2-B4-有-高二高三-14,-,,,199元高中双科提分课,199元高中双科提分课,申坤,其他,0,wangjiananbj03,-,-,0,0,0,0,0,0,0,0.00%,0.00%,-,0,0
ed4d81674b28c27f5d158e4adf37e71e,-,-,-,-,-,https://tutor-online.oss-cn-beijing.aliyuncs.com/growth/download-material/ed4d81674b28c27f5d158e4adf37e71e.mp4,20260624-9物-代理-启航-李博-【b1-p6-a3-62-0629】-A5-B5-有-2,-,,,9元高中物理李博,9元高中物理李博,启航,代理商,0,wangruixuebj01,2026/7/11,9,0.6,0,0,0,100,0,0,0.00%,0.00%,-,0,0
44c02c08138a066b465081a972ef5c2f,-,-,-,-,-,https://tutor-online.oss-cn-beijing.aliyuncs.com/growth/download-material/44c02c08138a066b465081a972ef5c2f.mp4,20260627-猿辅导高中双科-实拍-视频号-ip李博-买物送数-199学三年-毫无困难-常文茜-IP李博-裂变-詹铠任yc2,-,,,199元高中双科提分课,199元高中双科提分课,荔枝,其他,0,wangjiananbj03,2026/7/7,13,0.04,0,0,0,20,0,0,0.00%,0.00%,-,0,0
d1139e015128d369a9794df68abdd48e,-,-,-,-,-,https://tutor-online.oss-cn-beijing.aliyuncs.com/growth/download-material/d1139e015128d369a9794df68abdd48e.mp4,20260626-猿辅导高中双科-实拍-千川-线下班对比-还在纠结-唐欣悦-bj于靖-ts张琴-二创-张晓洁ec-8,-,,,199元高中双科提分课,199元高中双科提分课,荔枝,其他,0,wangjiananbj03,2026/7/9,11,82.97,0,0,0,91.28,9218.89,0,1.10%,0%,-,0,0
e579e72fb481d0e47da77b75179a18bd,-,-,-,-,-,https://tutor-online.oss-cn-beijing.aliyuncs.com/growth/download-material/e579e72fb481d0e47da77b75179a18bd.mp4,20260626-猿辅导高中双科-实拍-千川-内容--ts罗雅雯常文茜-dr铭远老师-二创-张晓洁ec-7.mp4,-,,,199元高中双科提分课,199元高中双科提分课,荔枝,其他,0,wangjiananbj03,2026/6/29,21,0.59,0,0,0,147.5,0,0,0.00%,0.00%,-,0,0
2914f62f6eb764e0e56a832150d3aace,-,-,-,-,-,https://tutor-online.oss-cn-beijing.aliyuncs.com/growth/download-material/2914f62f6eb764e0e56a832150d3aace.mp4,0703-199双科-申坤-李博-李天-卞俊洁-A2-B4-无-01,-,,,199元高中双科提分课,199元高中双科提分课,申坤,其他,0,wangjiananbj03,2026/7/10,10,46.88,0,0,0,76.23,6697.14,0,1.95%,0%,-,0,0
b65f363b98b6f96c2aef342644b70a9a,-,-,-,-,-,https://tutor-online.oss-cn-beijing.aliyuncs.com/growth/download-material/b65f363b98b6f96c2aef342644b70a9a.mp4,20260713-猿辅导高中双科-实拍-视频号-活动-199学全年-买数送物-高二-买数送物-标错-高二-唐欣悦-cd文雨婷-岳久鸿-曹婷婷yc-2.1.mp4,-,,,199元高中双科提分课,199元高中双科提分课,荔枝,其他,0,wangjiananbj03,2026/7/16,4,0.02,0,0,0,0,0,0,0.00%,0.00%,-,0,0
7e3b88eaacbb7c1857f515bd6c6e2bbe,-,-,-,-,-,https://tutor-online.oss-cn-beijing.aliyuncs.com/growth/download-material/7e3b88eaacbb7c1857f515bd6c6e2bbe.mp4,0708-9物-玄武-AI李博-杨丽莹-胡原宁-A6-B5-有-8-【AI】-yfdwl0709z1浩8-宁-莹-首,-,,,9元高中物理李博,9元高中物理李博,玄武,代理商,0,wangruixuebj01,2026/7/14,6,100.02,0,0,0,135.9,10002,0,1.36%,0%,-,0,0
0ab37ca49e39a4a2a57409f0cfd19895,-,-,-,-,-,https://tutor-online.oss-cn-beijing.aliyuncs.com/growth/download-material/0ab37ca49e39a4a2a57409f0cfd19895.mp4,20260618-猿辅导高中双科-实拍-千川-分数痛点-买数学送物理-一起-张焱-bj冷一丁-袁北辰ec-二创-6.mp4,-,,,199元高中双科提分课,199元高中双科提分课,荔枝,其他,0,wangjiananbj03,2026/6/18,32,0.46,0,0,0,230,0,0,0.00%,0.00%,-,0,0
c40450aa3669f31f0eea9c83585325d8,-,-,-,-,-,https://tutor-online.oss-cn-beijing.aliyuncs.com/growth/download-material/c40450aa3669f31f0eea9c83585325d8.mp4,0707-199双科-申坤-李博-李天-王合云-A3-B5-无-高二高三-23,-,,,199元高中双科提分课,199元高中双科提分课,申坤,其他,0,wangjiananbj03,2026/7/7,13,51.35,0,0,0,83.23,12837.5,0,0.81%,0%,-,0,0
6f9fbe26c0e26292b9dbf4c6bb13b6db,-,-,-,-,-,https://tutor-online.oss-cn-beijing.aliyuncs.com/growth/download-material/6f9fbe26c0e26292b9dbf4c6bb13b6db.mp4,0703-199双科-申坤-李博-李天-卞俊洁-A2-B4-无-02,-,,,199元高中双科提分课,199元高中双科提分课,申坤,其他,0,wangjiananbj03,2026/7/14,6,92.68,0,0,0,66.58,18536,0,0.50%,0%,-,0,0
c929aba74d25fcadf3ea89a8c4e6434b,-,-,-,-,-,https://tutor-online.oss-cn-beijing.aliyuncs.com/growth/download-material/c929aba74d25fcadf3ea89a8c4e6434b.mp4,一键修复_20260617-猿辅导高中双科-实拍-千川-买数学送物理-不要只要-常文茜-cd竹子-高俊南-张晓洁yc-1.mp4,-,,,199元高中双科提分课,199元高中双科提分课,荔枝,其他,0,wangjiananbj03,2026/6/22,28,6.54,0,0,0,344.21,2180,0,15.79%,0.00%,-,0,0
8a46442099e323ae3dba51ea255c115a,-,-,-,-,-,https://tutor-online.oss-cn-beijing.aliyuncs.com/growth/download-material/8a46442099e323ae3dba51ea255c115a.mp4,9元视频10009-0113-十人-李博实拍-2-D-否-jjsx+bmqr+plpy,-,,,9元高中物理李博,9元高中物理李博,十人,其他,0,wangruixuebj01,2026/6/5,45,0.79,0,0,0,49.38,0,0,0.00%,0.00%,-,0,0
2e09052e8bf2162ab53b85c49e554518,-,-,-,-,-,https://tutor-online.oss-cn-beijing.aliyuncs.com/growth/download-material/2e09052e8bf2162ab53b85c49e554518.mp4,20260609-猿辅导高中双科-混剪-图-彩笔-张焱-张晓洁yc-1.mp4,-,,,199元高中双科提分课,199元高中双科提分课,荔枝,其他,0,wangjiananbj03,2026/6/9,41,30.78,0,0,0,324,3078,0,10.53%,0.00%,-,0,0
7019084e44e80f1fd0aceff2f4a25c40,-,-,-,-,-,https://tutor-online.oss-cn-beijing.aliyuncs.com/growth/download-material/7019084e44e80f1fd0aceff2f4a25c40.mp4,9元视频964-0427-9物-十人-bwxy-ylb-A2-B4-jjsx-pwjl-3,-,,,9元高中物理李博,9元高中物理李博,十人,其他,0,wangruixuebj01,2026/5/23,58,4.91,0,0,0,129.21,0,0,0.00%,0.00%,-,0,0
1d14e0b822b2f24e7b2d78500c9017e6,-,-,-,-,-,https://tutor-online.oss-cn-beijing.aliyuncs.com/growth/download-material/1d14e0b822b2f24e7b2d78500c9017e6.mp4,0514-199双科-自产-自产二-王晶-曲中雨-子衿--B2-无-4.mp4,-,,,199元高中双科提分课,199元高中双科提分课,荔枝,其他,自产原创,wangjiananbj03,2026/5/27,54,0.42,0,0,0,52.5,420,0,12.50%,0.00%,-,0,0
c2d3f9955f138df8044649939d50c7e3,-,-,-,-,-,https://tutor-online.oss-cn-beijing.aliyuncs.com/growth/download-material/c2d3f9955f138df8044649939d50c7e3.mp4,20260612-猿辅导高中双科-实拍-活动-撕开-张焱-bj冷一丁-修改-张晓洁ec-1,-,,,199元高中双科提分课,199元高中双科提分课,荔枝,其他,0,wangjiananbj03,2026/6/30,20,23.3,0,0,0,219.81,0,0,1.89%,0%,-,0,0
e26266dc27dcad4a36a91d374e38b3ad,-,-,-,-,-,https://tutor-online.oss-cn-beijing.aliyuncs.com/growth/download-material/e26266dc27dcad4a36a91d374e38b3ad.mp4,一键修复_20260622-猿辅导高中双科-实拍-ip李博-买物送数-慎重-唐欣悦-ip李博-袁北辰ec-二创-1.mp4,-,,,199元高中双科提分课,199元高中双科提分课,荔枝,其他,0,wangjiananbj03,2026/6/22,28,0.69,0,0,0,98.57,230,0,42.86%,0.00%,-,0,0
ff206bc369e5fcc7090ffd5aeceaeec3,-,-,-,-,-,https://tutor-online.oss-cn-beijing.aliyuncs.com/growth/download-material/ff206bc369e5fcc7090ffd5aeceaeec3.mp4,20260713-猿辅导高中双科-实拍-暑假规划-买数送物-通用-买数送物-认知没跟上-李莹莹-nj王梅--曹婷婷yc-3-前贴.mp4,-,,,199元高中双科提分课,199元高中双科提分课,荔枝,其他,0,wangjiananbj03,2026/7/16,4,0.26,0,0,0,130,0,0,0.00%,0.00%,-,0,0
cad4396ba889203491031ab5e1c10ca5,-,-,-,-,-,https://tutor-online.oss-cn-beijing.aliyuncs.com/growth/download-material/cad4396ba889203491031ab5e1c10ca5.mp4,20260703-猿辅导高中双科-实拍-千川-暑期规划-买数送物-199学全年-开学上高二-常文茜-bj庄紫薇-李文静yc-2.mp4,-,,,199元高中双科提分课,199元高中双科提分课,荔枝,其他,0,wangjiananbj03,2026/7/13,7,2.02,0,0,0,224.44,2020,0,11.11%,0.00%,-,0,0
3670c57d0c0e0c0be4b50e7afe2b9305,-,-,-,-,-,https://tutor-online.oss-cn-beijing.aliyuncs.com/growth/download-material/3670c57d0c0e0c0be4b50e7afe2b9305.mp4,0708-199双科-申坤-李博-李天-卞俊洁-A2-B4-无-3,-,,,199元高中双科提分课,199元高中双科提分课,申坤,其他,0,wangjiananbj03,2026/7/10,10,66.19,0,0,0,98.35,66190,0,0.15%,0%,-,0,0
4e7c6a5cab6b298c606a3c4a1b2da1e0,-,-,-,-,-,https://tutor-online.oss-cn-beijing.aliyuncs.com/growth/download-material/4e7c6a5cab6b298c606a3c4a1b2da1e0.mp4,一键修复_20260707-猿辅导高中双科-实拍-千川-买物送数-专家分享-跟你学-高二高三-李莹莹-b宋钦冲-叶俊泽yc-1.mp4,-,,,199元高中双科提分课,199元高中双科提分课,荔枝,其他,0,wangjiananbj03,2026/7/10,10,7.27,0,0,0,427.65,0,0,0.00%,0.00%,-,0,0
42cdab976fb31453a93b8b2f3fd48686,-,-,-,-,-,https://tutor-online.oss-cn-beijing.aliyuncs.com/growth/download-material/42cdab976fb31453a93b8b2f3fd48686.mp4,0703-199双科-申坤-李博-李天-卞俊洁-A2-B4-无-19,-,,,199元高中双科提分课,199元高中双科提分课,申坤,其他,0,wangjiananbj03,2026/7/10,10,88.54,0,0,0,45.83,11067.5,0,0.67%,0%,-,0,0
c58d4071dfd9abc7f1a94437bd3c8b06,-,-,-,-,-,https://tutor-online.oss-cn-beijing.aliyuncs.com/growth/download-material/c58d4071dfd9abc7f1a94437bd3c8b06.mp4,9元视频1205-0707-9物-代理-十人-李博-jjsx-bwxy-A2-B1-pcc-pwjl-有-2,-,,,9元高中物理李博,9元高中物理李博,十人,代理商,0,wangruixuebj01,2026/7/15,5,11.4,0,0,0,132.56,2280,0,5.81%,0%,-,0,0
d041f2b651c9e2f1d8219f5f81c2fbd9,-,-,-,-,-,https://tutor-online.oss-cn-beijing.aliyuncs.com/growth/download-material/d041f2b651c9e2f1d8219f5f81c2fbd9.mp4,0703-199双科-申坤-李博-李天-姚恒-A5-B6-有-01,-,,,199元高中双科提分课,199元高中双科提分课,申坤,其他,0,wangjiananbj03,2026/7/14,6,120.85,0,0,0,23.38,13427.78,0,0.31%,0%,-,0,0
14c301120b58bd31a5267fdb7062f076,-,-,-,-,-,https://tutor-online.oss-cn-beijing.aliyuncs.com/growth/download-material/14c301120b58bd31a5267fdb7062f076.mp4,20260605-猿辅导高中双科-实拍-千川-分数痛点-买数学送物理-能上-张焱-dr小五--张雪依yc-4（前贴1）改.mp4,-,,,199元高中双科提分课,199元高中双科提分课,荔枝,其他,0,wangjiananbj03,2026/6/10,40,29.34,0,0,0,451.38,4191.43,0,10.77%,0.00%,-,0,0
0186ab67ecf6669b637c5afae6116419,-,-,-,-,-,https://tutor-online.oss-cn-beijing.aliyuncs.com/growth/download-material/0186ab67ecf6669b637c5afae6116419.mp4,20260617-猿辅导高中双科-图文混剪--一台平板-唐欣悦--张晓洁ec-1,-,,,199元高中双科提分课,199元高中双科提分课,荔枝,其他,0,wangjiananbj03,2026/7/4,16,1.47,0,0,0,147,0,0,0.00%,0.00%,-,0,0
57b38ee5574a79139889b496c46ada86,-,-,-,-,-,https://tutor-online.oss-cn-beijing.aliyuncs.com/growth/download-material/57b38ee5574a79139889b496c46ada86.mp4,20260716-高中数物（高二升高三）-混剪-图-张凌-1.mp4,-,,,199元高中双科提分课,199元高中双科提分课,荔枝,其他,0,wangjiananbj03,2026/7/16,4,8.66,398,2,45.96,192.44,1732,4.33,11.11%,40.00%,-,44.44,79600
73cab52e36fbb660b981935ccce04e67,-,-,-,-,-,https://tutor-online.oss-cn-beijing.aliyuncs.com/growth/download-material/73cab52e36fbb660b981935ccce04e67.mp4,0708-199双科-申坤-李博-李天-卞俊洁-A2-B4-无-高二高三-2,-,,,199元高中双科提分课,199元高中双科提分课,申坤,其他,0,wangjiananbj03,2026/7/10,10,62.64,0,0,0,54.47,15660,0,0.43%,0%,-,0,0
26d13889a07ebe10c694f33842ea06de,-,-,-,-,-,https://tutor-online.oss-cn-beijing.aliyuncs.com/growth/download-material/26d13889a07ebe10c694f33842ea06de.mp4,一键修复_20260707-猿辅导高中双科-实拍-6天提分-199学全年-通用-买数送物-不可能-唐欣悦-bj杨子玄-李文静yc-2前贴1.mp4,-,,,199元高中双科提分课,199元高中双科提分课,荔枝,其他,0,wangjiananbj03,2026/7/11,9,8.79,0,0,0,111.27,2930,0,3.80%,0.00%,-,0,0
f6a46cf5fe0b4d733147d480a25f02de,-,-,-,-,-,https://tutor-online.oss-cn-beijing.aliyuncs.com/growth/download-material/f6a46cf5fe0b4d733147d480a25f02de.mp4,20260609-9物-代理-启航-李博-【b1-p6-a1-13】-A5-B5-有-2,-,,,9元高中物理李博,9元高中物理李博,启航,代理商,0,wangjiananbj03,2026/6/23,27,0,18,2,0,0,0,0,0.00%,0.00%,-,0,0
5e5e03be331b5c2fe5ca8154d5651db9,-,-,-,-,-,https://tutor-online.oss-cn-beijing.aliyuncs.com/growth/download-material/5e5e03be331b5c2fe5ca8154d5651db9.mp4,20260406-猿辅导高中双科-实拍-活动-多少-张焱-bj李赛-尹翔yc-0409-1（前贴版-改）.mp4,-,,,199元高中双科提分课,299元高中全年提分课,荔枝,其他,0,wangjiananbj03,2026/5/19,62,3090.74,1194,6,0.39,123.09,5460.67,515.12,2.25%,1.06%,-,0.24,2109.54
650a9c20a36c504125c3111d28229141,-,-,-,-,-,https://tutor-online.oss-cn-beijing.aliyuncs.com/growth/download-material/650a9c20a36c504125c3111d28229141.mp4,一键修复_20260616-猿辅导高中双科-实拍-千川-焦虑--张焱-bj李赛--张晓洁yc-4.mp4,-,,,199元高中双科提分课,199元高中双科提分课,荔枝,其他,0,wangjiananbj03,2026/6/18,32,9.57,0,0,0,203.62,0,0,0.00%,0.00%,-,0,0
3b359c8cd7e683a90b2974ef29db0040,-,-,-,-,-,https://tutor-online.oss-cn-beijing.aliyuncs.com/growth/download-material/3b359c8cd7e683a90b2974ef29db0040.mp4,20260711-猿辅导高中双科-实拍-千川-专家分享-买物送数-三年-通用-买物送数-求你啊-常文茜-bj郭铭泽-李文静yc-5.mp4,-,,,199元高中双科提分课,199元高中双科提分课,荔枝,其他,0,wangjiananbj03,2026/7/13,7,26.03,0,0,0,213.36,4338.33,0,4.92%,0.00%,-,0,0
e39b0a533b6bfc9125d40938c5fdd6ed,-,-,-,-,-,https://tutor-online.oss-cn-beijing.aliyuncs.com/growth/download-material/e39b0a533b6bfc9125d40938c5fdd6ed.mp4,一键修复_20260626-猿辅导高中双科-口播-大字报-封双-高二-张焱-袁北辰yc-2.1-无头像.mp4,-,,,199元高中双科提分课,199元高中双科提分课,荔枝,其他,0,wangjiananbj03,2026/6/27,23,0.7,0,0,0,350,0,0,0.00%,0.00%,-,0,0
b7f0ada25ded7e17ea9092dc240680ca,-,-,-,-,-,https://tutor-online.oss-cn-beijing.aliyuncs.com/growth/download-material/b7f0ada25ded7e17ea9092dc240680ca.mp4,一键修复_20260701-猿辅导高中双科-实拍-千川-活动-买数送物-打算-张焱-bj于静-二创-张晓洁ec-3.mp4,-,,,199元高中双科提分课,199元高中双科提分课,荔枝,其他,0,wangjiananbj03,2026/7/8,12,1.47,0,0,0,1470,0,0,0.00%,0.00%,-,0,0
d8ac96c7b267f529fee335082f1bd9aa,-,-,-,-,-,https://tutor-online.oss-cn-beijing.aliyuncs.com/growth/download-material/d8ac96c7b267f529fee335082f1bd9aa.mp4,0529-9物-玄武-李博-A2-B4-yfdwl0529b1浩1-卉-白-超-首,-,,,9元高中物理李博,9元高中物理李博,玄武,其他,0,wangruixuebj01,2026/6/13,37,332.24,18,2,0.05,118.49,13843.33,166.12,1.00%,7.14%,-,0.71,750
2786ffe35f67d2f8b1f8b796cb58ba51,-,-,-,-,-,https://tutor-online.oss-cn-beijing.aliyuncs.com/growth/download-material/2786ffe35f67d2f8b1f8b796cb58ba51.mp4,20260624-猿辅导高中双科-实拍-视频号-暑假规划-收学生-唐欣悦-李博--李文静yc-2（视频号）,-,,,199元高中双科提分课,199元高中双科提分课,荔枝,其他,0,wangjiananbj03,2026/6/30,20,0.35,0,0,0,43.75,0,0,0.00%,0.00%,-,0,0
3f5d4faa723cab7ec9a4ceb9ec1cc4df,-,-,-,-,-,https://tutor-online.oss-cn-beijing.aliyuncs.com/growth/download-material/3f5d4faa723cab7ec9a4ceb9ec1cc4df.mp4,0703-199双科-申坤-王晶-李天-姚恒-A4-B5-有-02,-,,,199元高中双科提分课,199元高中双科提分课,申坤,其他,0,wangjiananbj03,2026/7/5,15,81.1,0,0,0,44.12,13516.67,0,0.33%,0%,-,0,0
ebbfa02edbfec051188764478163ac01,-,-,-,-,-,https://tutor-online.oss-cn-beijing.aliyuncs.com/growth/download-material/ebbfa02edbfec051188764478163ac01.mp4,20260625-猿辅导高中双科-图文混剪--续费-高二-唐欣悦-补量二创-张晓洁ec-1.mp4,-,,,199元高中双科提分课,199元高中双科提分课,荔枝,代理商,0,wangjiananbj03,2026/6/25,25,21.02,0,0,0,53.08,7006.67,0,0.76%,0.00%,-,0,0
0b06ad126140c722228e027d20c4e203,-,-,-,-,-,https://tutor-online.oss-cn-beijing.aliyuncs.com/growth/download-material/0b06ad126140c722228e027d20c4e203.mp4,20260708-猿辅导高中双科-实拍-视频号-ip李博-买物送数-199学三年-简单粗暴-常文茜-李博--李文静yc-1,-,,,199元高中双科提分课,199元高中双科提分课,荔枝,其他,0,wangjiananbj03,2026/7/16,4,1.59,0,0,0,20.65,0,0,0.00%,0.00%,-,0,0
28d341c21b080d802f9fec1c1b0a36d3,-,-,-,-,-,https://tutor-online.oss-cn-beijing.aliyuncs.com/growth/download-material/28d341c21b080d802f9fec1c1b0a36d3.mp4,0710-199双科-申坤-李博-李天-卞俊洁-A2-B4-无-1,-,,,199元高中双科提分课,199元高中双科提分课,申坤,其他,0,wangjiananbj03,2026/7/12,8,0.02,0,0,0,2.5,0,0,0.00%,0.00%,-,0,0
3d6b6683d7391b7b25a6aa0e7933575e,-,-,-,-,-,https://img-pub.oss-cn-beijing-internal.aliyuncs.com/19f652c791d6d52.mp4,9元视频1210-0609-9物-代理-十人-李博-jjsx-bjsx-A2-B1-pcc-无-1,-,,,9元高中物理李博,9元高中物理李博,十人,代理商,0,wangruixuebj01,2026/7/16,4,1.48,0,0,0,246.67,0,0,0.00%,0.00%,-,0,0
e23bed5d805b19b5d67bdf48fc81f21c,-,-,-,-,-,https://tutor-online.oss-cn-beijing.aliyuncs.com/growth/download-material/e23bed5d805b19b5d67bdf48fc81f21c.mp4,0703-199双科-申坤-李博-李天-卞俊洁-A2-B4-无-4,-,,,199元高中双科提分课,199元高中双科提分课,申坤,其他,0,wangjiananbj03,2026/7/9,11,11.85,0,0,0,12.53,5925,0,0.21%,0%,-,0,0
73e157b60c819f9624ce86aae726572c,-,-,-,-,-,https://tutor-online.oss-cn-beijing.aliyuncs.com/growth/download-material/73e157b60c819f9624ce86aae726572c.mp4,9元视频1204-0707-9物-代理-十人-李博-jjsx-bwxy-A2-B1-pcc-pwjl-无-1,-,,,9元高中物理李博,9元高中物理李博,十人,代理商,0,wangruixuebj01,2026/7/16,4,4.23,0,0,0,352.5,0,0,0.00%,0.00%,-,0,0
0c3bc72c1b9bf61e9bdd7556b11d4afe,-,-,-,-,-,https://img-pub.oss-cn-beijing-internal.aliyuncs.com/19eedd847834bb1.mp4,0618-9物-十人-bmqr-ylb-A2-B4-jzmj-bmqr-pwjl-2,-,,,9元高中物理李博,9元高中物理李博,十人,代理商,0,wangruixuebj01,2026/6/23,27,0.48,0,0,0,32,480,0,6.67%,0%,-,0,0
10f2146477fa8589bf1257d4d37c4efc,-,-,-,-,-,https://tutor-online.oss-cn-beijing.aliyuncs.com/growth/download-material/10f2146477fa8589bf1257d4d37c4efc.mp4,20260713-猿辅导高中双科-实拍-千川-活动-五科-高三-高三-五科-到这了-高三-常文茜-cd文雨婷-岳久鸿-曹婷婷yc-1-前贴.mp4,-,,,199元高中双科提分课,199元高中双科提分课,荔枝,其他,0,wangjiananbj03,2026/7/16,4,0.18,0,0,0,60,90,0,66.67%,0.00%,-,0,0
0c330f0d8187cd101f9b8f8602c3ce19,-,-,-,-,-,https://tutor-online.oss-cn-beijing.aliyuncs.com/growth/download-material/0c330f0d8187cd101f9b8f8602c3ce19.mp4,20260606-猿辅导高中双科-实拍-活动-黑板-唐欣悦-cd康艺凡-岳久鸿-二创-叶俊泽ec-ts李琳玉-1,-,,,199元高中双科提分课,199元高中双科提分课,荔枝,其他,0,wangjiananbj03,2026/6/23,27,15.81,0,0,0,197.63,0,0,1.25%,0%,-,0,0
10c3411c39ddb6067a6db1412efd6f59,-,-,-,-,-,https://tutor-online.oss-cn-beijing.aliyuncs.com/growth/download-material/10c3411c39ddb6067a6db1412efd6f59.mp4,20260601-猿辅导高中双科-实拍-塑品-买数送物-全年-舍得-张焱-bj李栎-二创-张晓洁ec-2.mp4,-,,,199元高中双科提分课,199元高中双科提分课,荔枝,其他,0,wangjiananbj03,2026/6/1,49,1.5,0,0,0,68.18,1500,0,4.55%,0.00%,-,0,0
7955e49813c3edf8fe4813519ea0e12f,-,-,-,-,-,https://tutor-online.oss-cn-beijing.aliyuncs.com/growth/download-material/7955e49813c3edf8fe4813519ea0e12f.mp4,0703-199双科-申坤-李博-李天-卞俊洁-A2-B4-无-12,-,,,199元高中双科提分课,199元高中双科提分课,申坤,其他,0,wangjiananbj03,2026/7/14,6,7.15,0,0,0,69.42,0,0,1.94%,0%,-,0,0
4f4629cca4f1fd6bcf3dce7604586504,-,-,-,-,-,https://tutor-online.oss-cn-beijing.aliyuncs.com/growth/download-material/4f4629cca4f1fd6bcf3dce7604586504.mp4,20260711-猿辅导高中双科-实拍-千川-买数学送物理-线下班对比-三人行-常文茜-bj李栎-二创-叶俊泽ec-15.mp4,-,,,199元高中双科提分课,199元高中双科提分课,荔枝,其他,0,wangjiananbj03,2026/7/16,4,117.61,0,0,0,398.68,16801.43,0,2.37%,0.00%,-,0,0
87278ad92e0d19d94a55db035be71ec9,-,-,-,-,-,https://tutor-online.oss-cn-beijing.aliyuncs.com/growth/download-material/87278ad92e0d19d94a55db035be71ec9.mp4,一键修复_20260627-猿辅导高中双科-实拍-千川-买物理送数学-199学三年-你确定吗-常文茜-cd琳瑶-岳久鸿-叶俊泽yc-2-前贴.mp4,-,,,199元高中双科提分课,199元高中双科提分课,荔枝,其他,0,wangjiananbj03,2026/7/1,19,0.75,0,0,0,125,0,0,0.00%,0.00%,-,0,0
575fb418b13be2d40d22a9b5c5d42741,-,-,-,-,-,https://tutor-online.oss-cn-beijing.aliyuncs.com/growth/download-material/575fb418b13be2d40d22a9b5c5d42741.mp4,0623-9物-代理-玄武-李博-郝增鑫-胡原宁-A5-B2-无-5-yfdwl0623h4浩5-宁-鑫-无前贴-改0625,-,,,9元高中物理李博,9元高中物理李博,玄武,代理商,0,wangruixuebj01,2026/7/3,17,3.12,0,0,0,16.17,3120,0,0.52%,0%,-,0,0
67566dcba14e63792a3d734a3dbc1d05,-,-,-,-,-,https://tutor-online.oss-cn-beijing.aliyuncs.com/growth/download-material/67566dcba14e63792a3d734a3dbc1d05.mp4,0706-9物-玄武-李博-王成仡-彩丽-方法优势-效果保证-有-8-yfdwl0706G6浩8-丽-龙-仡-首,-,,,9元高中物理李博,9元高中物理李博,玄武,代理商,0,wangruixuebj01,2026/7/9,11,179.67,9,1,0.05,106.95,5284.41,179.67,2.14%,2.78%,-,0.6,264.71
9c81c53b2520c32e8d3db1c386ed3ae5,-,-,-,-,-,https://tutor-online.oss-cn-beijing.aliyuncs.com/growth/download-material/9c81c53b2520c32e8d3db1c386ed3ae5.mp4,0703-199双科-申坤-李博-李天-卞俊洁-A2-B4-无-27,-,,,199元高中双科提分课,199元高中双科提分课,申坤,代理商,0,wangjiananbj03,2026/7/3,17,5.61,0,0,0,81.3,5610,0,2.90%,0%,-,0,0
ff3be6ca5d3db7c6d8d9076c5fd4c603,-,-,-,-,-,https://tutor-online.oss-cn-beijing.aliyuncs.com/growth/download-material/ff3be6ca5d3db7c6d8d9076c5fd4c603.mp4,20260627-猿辅导高中双科-实拍-千川-专家分享-买数学送物理-当然-张焱-bj毕娇-裂变-张晓洁yc-16,-,,,199元高中双科提分课,199元高中双科提分课,荔枝,代理商,0,wangjiananbj03,2026/7/16,4,7.48,0,0,0,33.1,0,0,0.00%,0.00%,-,0,0
2c167634dcca8962dfc57f1d6340307a,-,-,-,-,-,https://tutor-online.oss-cn-beijing.aliyuncs.com/growth/download-material/2c167634dcca8962dfc57f1d6340307a.mp4,20260627-猿辅导高中双科-实拍-千川-专家分享-买数学送物理-当然-张焱-bj毕娇-裂变-张晓洁yc-16.mp4,-,,,199元高中双科提分课,199元高中双科提分课,荔枝,其他,0,wangjiananbj03,2026/6/27,23,4.09,0,0,0,227.22,2045,0,11.11%,0.00%,-,0,0
0c4caa2c85d726643fcd84519d522e65,-,-,-,-,-,https://tutor-online.oss-cn-beijing.aliyuncs.com/growth/download-material/0c4caa2c85d726643fcd84519d522e65.mp4,20260707-猿辅导高中双科-实拍-千川-买数送物-专家分享-翻身-高二-张焱-cd康艺凡--岳久鸿yc-1,-,,,199元高中双科提分课,199元高中双科提分课,自投放,其他,0,wangjiananbj03,2026/7/16,4,0.32,0,0,0,40,0,0,0.00%,0.00%,-,0,0
04ddb8fa10dcbe7ba88f636b8a2f280c,-,-,-,-,-,https://tutor-online.oss-cn-beijing.aliyuncs.com/growth/download-material/04ddb8fa10dcbe7ba88f636b8a2f280c.mp4,0703-199双科-申坤-李博-李天-卞俊洁-A2-B4-无-2,-,,,199元高中双科提分课,199元高中双科提分课,申坤,其他,0,wangjiananbj03,2026/7/10,10,0.02,0,0,0,3.33,0,0,0.00%,0.00%,-,0,0
32f19c592d8a98747036524b52f70bc7,-,-,-,-,-,https://tutor-online.oss-cn-beijing.aliyuncs.com/growth/download-material/32f19c592d8a98747036524b52f70bc7.mp4,9元视频882-0409-9物-十人-bmqr-ylb-A2-B4-jjsx-pwjl-5,-,,,9元高中物理李博,9元高中物理李博,十人,其他,0,wangruixuebj01,2026/6/2,48,3.36,0,0,0,43.08,0,0,0.00%,0.00%,-,0,0
d7e706d3572791de56f75b2979a6e12a,-,-,-,-,-,https://tutor-online.oss-cn-beijing.aliyuncs.com/growth/download-material/d7e706d3572791de56f75b2979a6e12a.mp4,20260625-猿辅导高中双科-实拍-千川-分数痛点-买数学送物理-能上-张焱-dr小五--张晓洁yc-5,-,,,199元高中双科提分课,199元高中双科提分课,荔枝,代理商,0,wangjiananbj03,-,-,37.18,0,0,0,71.5,37180,0,0.58%,0%,-,0,0
aba34dc3c348ba2d3720836d78917a65,-,-,-,-,-,https://tutor-online.oss-cn-beijing.aliyuncs.com/growth/download-material/aba34dc3c348ba2d3720836d78917a65.mp4,一键修复_20260707-猿辅导高中双科-实拍-千川-买数送物-专家分享-翻身-高二-张焱-cd康艺凡--岳久鸿yc-1.mp4,-,,,199元高中双科提分课,199元高中双科提分课,荔枝,其他,0,wangjiananbj03,2026/7/14,6,1.81,0,0,0,24.13,905,0,2.67%,0.00%,-,0,0
1622b855e05421ea6fe707349a3d3862,-,-,-,-,-,https://tutor-online.oss-cn-beijing.aliyuncs.com/growth/download-material/1622b855e05421ea6fe707349a3d3862.mp4,20260711-猿辅导高中双科-实拍-视频号-活动-买物送数-三年-通用-买物送数-说一下-常文茜-cd文雨婷--李文静yc-2-前贴.mp4,-,,,199元高中双科提分课,199元高中双科提分课,荔枝,其他,0,wangjiananbj03,2026/7/16,4,0.32,0,0,0,160,0,0,0.00%,0.00%,-,0,0
6c4cddec50c31e7e9f31b994cc6b390c,-,-,-,-,-,https://tutor-online.oss-cn-beijing.aliyuncs.com/growth/download-material/6c4cddec50c31e7e9f31b994cc6b390c.mp4,20260601-猿辅导高中数物双科-实拍-活动-退了-张焱-cd张璐-二创-张晓洁ec-3.mp4,-,,,199元高中双科提分课,199元高中双科提分课,荔枝,其他,0,wangjiananbj03,2026/6/1,49,14.24,0,0,0,127.14,4746.67,0,2.68%,0.00%,-,0,0
bec8a4964aeb613ee8fe04719841ed9e,-,-,-,-,-,https://tutor-online.oss-cn-beijing.aliyuncs.com/growth/download-material/bec8a4964aeb613ee8fe04719841ed9e.mp4,0708-199双科-申坤-李博-李天-卞俊洁-A1-B4-有-高二高三-01,-,,,199元高中双科提分课,199元高中双科提分课,申坤,其他,0,wangjiananbj03,2026/7/10,10,0.01,0,0,0,2.5,0,0,0.00%,0.00%,-,0,0
cde0a7402f8e43599b90ea9e107e3c51,-,-,-,-,-,https://tutor-online.oss-cn-beijing.aliyuncs.com/growth/download-material/cde0a7402f8e43599b90ea9e107e3c51.mp4,20260703-0606-199双科-自产-自产主-李博-曲中雨-子衿-A6-B2-ts罗雅雯-高二-李文静ec-二创-10,-,,,199元高中双科提分课,199元高中双科提分课,荔枝,代理商,0,wangjiananbj03,2026/7/10,10,2.76,0,0,0,65.71,0,0,0.00%,0.00%,-,0,0
7e850ca48f1d69ba4814fc1b7e306632,-,-,-,-,-,https://tutor-online.oss-cn-beijing.aliyuncs.com/growth/download-material/7e850ca48f1d69ba4814fc1b7e306632.mp4,一键修复_20260618-猿辅导高中双科-混剪-视频号-图-男孩-张焱-张晓洁yc-3.mp4,-,,,199元高中双科提分课,199元高中双科提分课,荔枝,其他,0,wangjiananbj03,2026/6/18,32,1.25,0,0,0,156.25,1250,0,12.50%,0.00%,-,0,0
5fe1ad95477746ed61b46c3ff6a8558a,-,-,-,-,-,https://tutor-online.oss-cn-beijing.aliyuncs.com/growth/download-material/5fe1ad95477746ed61b46c3ff6a8558a.mp4,0703-199双科-申坤-李博-李天-姚恒-A5-B2-有-01,-,,,199元高中双科提分课,199元高中双科提分课,申坤,其他,0,wangjiananbj03,2026/7/6,14,4.27,0,0,0,90.85,0,0,0.00%,0.00%,-,0,0
038036cc37f7a70786c98d7e844e0573,-,-,-,-,-,https://tutor-online.oss-cn-beijing.aliyuncs.com/growth/download-material/038036cc37f7a70786c98d7e844e0573.mp4,一键修复_260708-猿辅导高中双科-实拍-千川-买数送物-活动-不气-张焱-bj冷一丁-袁北辰yc-裂变-2.mp4,-,,,199元高中双科提分课,199元高中双科提分课,荔枝,其他,0,wangjiananbj03,2026/7/9,11,1.73,0,0,0,55.81,0,0,0.00%,0.00%,-,0,0
18f3db615eb8b86104d6de7809f6b7bc,-,-,-,-,-,https://tutor-online.oss-cn-beijing.aliyuncs.com/growth/download-material/18f3db615eb8b86104d6de7809f6b7bc.mp4,0710-199双科-申坤-李博-李天-卞俊洁-A1-B4-无-12,-,,,199元高中双科提分课,199元高中双科提分课,申坤,其他,0,wangjiananbj03,2026/7/11,9,96.7,0,0,0,153.01,24175,0,0.79%,0%,-,0,0
ff26b0d381ef3ee8c31bf5267ee88de3,-,-,-,-,-,https://tutor-online.oss-cn-beijing.aliyuncs.com/growth/download-material/ff26b0d381ef3ee8c31bf5267ee88de3.mp4,20260711-猿辅导高中双科-实拍-千川-活动-高二高三-五科-售卖-张焱-bj李栎--李文静ec-二创-5,-,,,199元高中双科提分课,199元高中双科提分课,自投放,其他,0,wangjiananbj03,2026/7/14,6,38.83,0,0,0,27.64,12943.33,0,0.28%,0%,-,0,0
4ba772447a9d9cf9a1be06952c040df5,-,-,-,-,-,https://tutor-online.oss-cn-beijing.aliyuncs.com/growth/download-material/4ba772447a9d9cf9a1be06952c040df5.mp4,20260701-猿辅导高中双科-实拍-千川-买数送物-活动-好坏消息-李莹莹-dr小五老师-李文静yc-1-前贴,-,,,199元高中双科提分课,199元高中双科提分课,荔枝,代理商,0,wangjiananbj03,2026/7/7,13,2.25,0,0,0,34.62,0,0,0.00%,0.00%,-,0,0
90f2466c0a66c08b2f0dc1b8d321a2d4,-,-,-,-,-,https://tutor-online.oss-cn-beijing.aliyuncs.com/growth/download-material/90f2466c0a66c08b2f0dc1b8d321a2d4.mp4,一键修复_0428—199双科—自产2—曲中雨24—子衿-1.mp4,-,,,199元高中双科提分课,199元高中双科提分课,荔枝,其他,0,wangjiananbj03,2026/6/6,44,0.17,0,0,0,24.29,170,0,14.29%,0.00%,-,0,0
eccb9ae97e8612f72ae06b439d9919c0,-,-,-,-,-,https://img-pub.oss-cn-beijing-internal.aliyuncs.com/19f1c707ddf33cb.mp4,20260629-9物-代理-启航-李博-【b1-p6-j9-31】,-,,,9元高中物理李博,9元高中物理李博,启航,代理商,0,wangruixuebj01,2026/7/10,10,215.44,9,1,0.04,120.69,5254.63,215.44,2.41%,2.33%,-,0.56,219.51
db7b1269cfd07c22859e4ae92b0364e9,-,-,-,-,-,https://tutor-online.oss-cn-beijing.aliyuncs.com/growth/download-material/db7b1269cfd07c22859e4ae92b0364e9.mp4,0703-199双科-申坤-李博-李天-姚恒-A5-B5-有-01,-,,,199元高中双科提分课,199元高中双科提分课,申坤,其他,0,wangjiananbj03,2026/7/5,15,18.91,0,0,0,43.27,18910,0,0.46%,0%,-,0,0
2cbcd7e2b6e11a0e1cd2e0a7e17058e0,-,-,-,-,-,https://tutor-online.oss-cn-beijing.aliyuncs.com/growth/download-material/2cbcd7e2b6e11a0e1cd2e0a7e17058e0.mp4,20260708-猿辅导高中双科-口播-活动-选哪栎-张焱-bj李栎-叶俊泽yc-5-前贴2,-,,,199元高中双科提分课,199元高中双科提分课,荔枝,代理商,0,wangjiananbj03,2026/7/15,5,78.93,0,0,0,63.35,11275.71,0,0.72%,0%,-,0,0
2257eb6d827f072e5751dd0223ef97b5,-,-,-,-,-,https://tutor-online.oss-cn-beijing.aliyuncs.com/growth/download-material/2257eb6d827f072e5751dd0223ef97b5.mp4,20260407-猿辅导高中数学199-实拍-内容-有规律-常文茜-bj毕娇--张晓洁yc-3（前贴）.mp4,-,,,199元高中双科提分课,299元高中全年提分课,荔枝,其他,0,wangjiananbj03,2026/5/19,62,0.19,0,0,0,21.11,0,0,0.00%,0.00%,-,0,0
9ca63272fcbd02c4e4f957f2fd6b76fc,-,-,-,-,-,https://tutor-online.oss-cn-beijing.aliyuncs.com/growth/download-material/9ca63272fcbd02c4e4f957f2fd6b76fc.mp4,20260630-猿辅导高中双科-实拍-千川-买物送数-专家分享-怎么样-高二高三-李莹莹-cd小墨-詹铠任-叶俊泽yc-1-前贴 ,-,,,199元高中双科提分课,199元高中双科提分课,自投放,其他,0,wangjiananbj03,2026/7/17,3,0,0,0,0,0,0,0,0.00%,0.00%,-,0,0
dd082c19670196a14a04dddbdd4c71c5,-,-,-,-,-,https://tutor-online.oss-cn-beijing.aliyuncs.com/growth/download-material/dd082c19670196a14a04dddbdd4c71c5.mp4,20260622-猿辅导高中双科-混剪-视频号-图-男孩-张焱-张晓洁yc-5-改高二,-,,,199元高中双科提分课,199元高中双科提分课,自投放,其他,0,wangjiananbj03,2026/7/10,10,147.67,0,0,0,113.24,14767,0,0.92%,0%,-,0,0
34b089ccd5b01e5eae1639b78886317b,-,-,-,-,-,https://tutor-online.oss-cn-beijing.aliyuncs.com/growth/download-material/34b089ccd5b01e5eae1639b78886317b.mp4,一键修复_260708-猿辅导高中双科-实拍-活动-多少-张焱-bj李赛-袁北辰yc-裂变-1.mp4,-,,,199元高中双科提分课,199元高中双科提分课,荔枝,其他,0,wangjiananbj03,2026/7/9,11,1.86,0,0,0,206.67,0,0,0.00%,0.00%,-,0,0
948bbf9f42fae23cd5652cddaff2bb55,-,-,-,-,-,https://tutor-online.oss-cn-beijing.aliyuncs.com/growth/download-material/948bbf9f42fae23cd5652cddaff2bb55.mp4,9元视频1206-0707-9物-代理-十人-李博-jjsx-bwxy-A2-B1-pcc-pwjl-有-3-AI,-,,,9元高中物理李博,9元高中物理李博,十人,代理商,0,wangruixuebj01,2026/7/16,4,0.83,0,0,0,20.75,0,0,0.00%,0.00%,-,0,0
991143c8e73ca53a53d726c8e6bb112d,-,-,-,-,-,https://tutor-online.oss-cn-beijing.aliyuncs.com/growth/download-material/991143c8e73ca53a53d726c8e6bb112d.mp4,20260701-猿辅导高中双科-混剪-视频号-图-广告-张焱-裂变-张晓洁yc-7,-,,,199元高中双科提分课,199元高中双科提分课,荔枝,其他,0,wangjiananbj03,2026/7/4,16,17.35,0,0,0,20.75,8675,0,0.36%,0%,-,0,0
9d4f57a79f4aa0e2f6577d268af4292d,-,-,-,-,-,https://tutor-online.oss-cn-beijing.aliyuncs.com/growth/download-material/9d4f57a79f4aa0e2f6577d268af4292d.mp4,20260624-9物-代理-启航-李博-【b1-p6-a3-63-0629】-A5-B5-有-2,-,,,9元高中物理李博,9元高中物理李博,启航,代理商,0,wangruixuebj01,2026/7/11,9,75.29,0,0,0,311.12,18822.5,0,1.65%,0%,-,0,0
ae1469aa754f8bb740b141060ea8edfd,-,-,-,-,-,https://tutor-online.oss-cn-beijing.aliyuncs.com/growth/download-material/ae1469aa754f8bb740b141060ea8edfd.mp4,20260617-猿辅导高中双科-实拍-千川-活动--张焱-bj毕娇--张晓洁yc-3.mp4,-,,,199元高中双科提分课,199元高中双科提分课,荔枝,其他,0,wangjiananbj03,2026/6/22,28,0.17,0,0,0,0,0,0,0.00%,0.00%,-,0,0
a97e58aaa04c6bbbbcb356266c1ca70f,-,-,-,-,-,https://tutor-online.oss-cn-beijing.aliyuncs.com/growth/download-material/a97e58aaa04c6bbbbcb356266c1ca70f.mp4,0709-9物-玄武-AI李博-白潇凯-胡原宁-A5-B2-无-yfdwl0709b1浩10-宁-白-首,-,,,9元高中物理李博,9元高中物理李博,玄武,代理商,0,wangruixuebj01,2026/7/14,6,16.79,0,0,0,40.26,16790,0,0.24%,0%,-,0,0
426670793b3a42f4e10786179b4279d1,-,-,-,-,-,https://tutor-online.oss-cn-beijing.aliyuncs.com/growth/download-material/426670793b3a42f4e10786179b4279d1.mp4,0615-9物-玄武-李博-杨丽莹-关紫晴-A1-B2-无-1-yfdwl0615z1浩1-晴-莹-龙-去前贴-混剪0715,-,,,9元高中物理李博,9元高中物理李博,玄武,代理商,0,wangruixuebj01,2026/7/16,4,0.09,0,0,0,3.33,0,0,0.00%,0.00%,-,0,0
ab32618ea51b4c834ab0e6d6391d4465,-,-,-,-,-,https://tutor-online.oss-cn-beijing.aliyuncs.com/growth/download-material/ab32618ea51b4c834ab0e6d6391d4465.mp4,20260701-猿辅导高中双科-实拍-活动-夏他-张焱-bj李赛-二创-张晓洁ec-8（镜像.mp4,-,,,199元高中双科提分课,199元高中双科提分课,荔枝,其他,0,wangjiananbj03,2026/7/7,13,126.52,0,0,0,113.78,6024.76,0,1.89%,0.00%,-,0,0
843579ff81bdd5b9c868ee442b8ff4ae,-,-,-,-,-,https://tutor-online.oss-cn-beijing.aliyuncs.com/growth/download-material/843579ff81bdd5b9c868ee442b8ff4ae.mp4,20260610-猿辅导高中双科-实拍-千川-性价比-买数送物-199学三年-不贵-端午-唐欣悦-bj冷一丁-二创-张晓洁ec-8,-,,,199元高中双科提分课,199元高中双科提分课,荔枝,代理商,0,wangjiananbj03,2026/6/26,24,1.3,0,0,0,260,0,0,0.00%,0.00%,-,0,0
c51823731fbfa8feab67713fbb66ab27,-,-,-,-,-,https://tutor-online.oss-cn-beijing.aliyuncs.com/growth/download-material/c51823731fbfa8feab67713fbb66ab27.mp4,20260711-猿辅导高中双科-实拍-视频号-IP-李博-你再-张焱-IP-李博--李文静ec-二创-8.mp4,-,,,199元高中双科提分课,199元高中双科提分课,荔枝,其他,0,wangjiananbj03,2026/7/13,7,2.31,0,0,0,96.25,0,0,0.00%,0.00%,-,0,0
4b0cf235289051c599bc79d9913d7e4e,-,-,-,-,-,https://tutor-online.oss-cn-beijing.aliyuncs.com/growth/download-material/4b0cf235289051c599bc79d9913d7e4e.mp4,20260626-猿辅导高中双科-混剪-视频号-图-男孩+一粒备-张焱-张晓洁yc-4.mp4,-,,,199元高中双科提分课,199元高中双科提分课,荔枝,代理商,0,wangjiananbj03,2026/6/26,24,2.58,0,0,0,88.97,1290,0,6.90%,0.00%,-,0,0
32b38bb5d06738b4f2178b65ec1e3ac1,-,-,-,-,-,https://tutor-online.oss-cn-beijing.aliyuncs.com/growth/download-material/32b38bb5d06738b4f2178b65ec1e3ac1.mp4,0710-199双科-申坤-李博-李天-卞俊洁-A2-B4-无-01,-,,,199元高中双科提分课,199元高中双科提分课,申坤,其他,0,wangjiananbj03,2026/7/15,5,0.54,0,0,0,19.29,0,0,0.00%,0.00%,-,0,0
31accdc11f6eed66b92efdf20913164e,-,-,-,-,-,https://tutor-online.oss-cn-beijing.aliyuncs.com/growth/download-material/31accdc11f6eed66b92efdf20913164e.mp4,20260711-猿辅导高中双科-实拍-千川-暑假预习-高二-买物送数-不努力-唐欣悦-dr魏政委--李文静yc-1-前贴.mp4,-,,,199元高中双科提分课,199元高中双科提分课,荔枝,其他,0,wangjiananbj03,2026/7/16,4,0.17,0,0,0,170,0,0,0.00%,0.00%,-,0,0
aa49b5b4333d18a59b4384a654983964,-,-,-,-,-,https://tutor-online.oss-cn-beijing.aliyuncs.com/growth/download-material/aa49b5b4333d18a59b4384a654983964.mp4,20260624-9物-代理-启航-李博-【b1-p6-a3-71-0630】-A5-B5-有-2,-,,,9元高中物理李博,9元高中物理李博,启航,代理商,0,wangruixuebj01,2026/7/10,10,291.45,9,1,0.03,151.09,9401.61,291.45,1.92%,2.70%,-,0.52,290.32
58c96c97f13d66f9584d26ef47c3bbbe,-,-,-,-,-,https://tutor-online.oss-cn-beijing.aliyuncs.com/growth/download-material/58c96c97f13d66f9584d26ef47c3bbbe.mp4,0710-199双科-申坤-李博-李天-卞俊洁-A2-B4-无-2,-,,,199元高中双科提分课,199元高中双科提分课,申坤,其他,0,wangjiananbj03,2026/7/14,6,71.24,0,0,0,112.9,23746.67,0,0.63%,0%,-,0,0
eff220ac902680ba38bd98234eb2a24b,-,-,-,-,-,https://tutor-online.oss-cn-beijing.aliyuncs.com/growth/download-material/eff220ac902680ba38bd98234eb2a24b.mp4,一键修复_20260625-猿辅导高中双科-实拍-千川-活动-买数学送物理-确实-张焱-bj于靖--张晓洁ec-2.mp4,-,,,199元高中双科提分课,199元高中双科提分课,荔枝,其他,0,wangjiananbj03,2026/6/26,24,1.36,0,0,0,226.67,1360,0,16.67%,0.00%,-,0,0
890898b892f6df80017b166942db1a6a,-,-,-,-,-,https://tutor-online.oss-cn-beijing.aliyuncs.com/growth/download-material/890898b892f6df80017b166942db1a6a.mp4,一键修复_20260622-猿辅导高中双科-实拍-视频号-ip李博-买物送数-199学三年-一周一次-唐欣悦-李博--张雪依yc-1（前贴版）.mp4,-,,,199元高中双科提分课,199元高中双科提分课,荔枝,其他,0,wangjiananbj03,2026/6/25,25,3.56,0,0,0,161.82,0,0,0.00%,0.00%,-,0,0
3f5d4faa723cab7ec9a4ceb9ec1cc4df,-,-,-,-,-,https://tutor-online.oss-cn-beijing.aliyuncs.com/growth/download-material/3f5d4faa723cab7ec9a4ceb9ec1cc4df.mp4,0703-199双科-申坤-王晶-李天-姚恒-A4-B5-有-02,-,,,199元高中双科提分课,199元高中双科提分课,申坤,其他,0,wangjiananbj03,2026/7/7,13,166.25,199,1,1.2,22.22,6650,166.25,0.44%,3.03%,-,0.13,7960
15b08875637ac41dabce06e0053f7857,-,-,-,-,-,https://tutor-online.oss-cn-beijing.aliyuncs.com/growth/download-material/15b08875637ac41dabce06e0053f7857.mp4,20260626-猿辅导高中双科-实拍-ip李博-通知-唐欣悦-ip李博-林文斌-二创-张晓洁ec-3,-,,,199元高中双科提分课,199元高中双科提分课,荔枝,其他,0,wangjiananbj03,2026/7/9,11,0.18,0,0,0,36,0,0,0.00%,0.00%,-,0,0
5432e89e382d8692d29cbfadae203334,-,-,-,-,-,https://tutor-online.oss-cn-beijing.aliyuncs.com/growth/download-material/5432e89e382d8692d29cbfadae203334.mp4,null-自动生成-20-202607101108,-,,,199元高中双科提分课,199元高中双科提分课,申坤,其他,0,wangjiananbj03,2026/7/10,10,0.65,0,0,0,18.57,0,0,0.00%,0.00%,-,0,0
1b46f8a55c07e7cf09b7b39a9471338f,-,-,-,-,-,https://tutor-online.oss-cn-beijing.aliyuncs.com/growth/download-material/1b46f8a55c07e7cf09b7b39a9471338f.mp4,20260708-猿辅导高中双科-实拍-千川-买数送物-专家分享-可以不-高二-张焱-dr珈岐妈妈--张晓洁yc-1-前贴,-,,,199元高中双科提分课,199元高中双科提分课,自投放,其他,0,wangjiananbj03,2026/7/17,3,0,0,0,0,0,0,0,0.00%,0.00%,-,0,0
3f0540b8d3a8e2dd1de0268472d8d1ad,-,-,-,-,-,https://tutor-online.oss-cn-beijing.aliyuncs.com/growth/download-material/3f0540b8d3a8e2dd1de0268472d8d1ad.mp4,20260626-猿辅导高中双科-实拍-千川-专家分享-买数学送物理-拼思维方法-常文茜-dr小五老师-二创-张晓洁ec-10.mp4,-,,,199元高中双科提分课,199元高中双科提分课,荔枝,其他,0,wangjiananbj03,2026/6/29,21,0.92,0,0,0,131.43,920,0,14.29%,0.00%,-,0,0
235f19dca7b0f4ac61ae237716c957c1,-,-,-,-,-,https://tutor-online.oss-cn-beijing.aliyuncs.com/growth/download-material/235f19dca7b0f4ac61ae237716c957c1.mp4,20260624-9物-代理-启航-李博-【b1-p6-a3-58-0629】-A5-B5-有-2,-,,,9元高中物理李博,9元高中物理李博,启航,代理商,0,wangruixuebj01,2026/7/11,9,38.28,0,0,0,100.74,5468.57,0,2.11%,0%,-,0,0
6407094592b58b749e77087efc714e51,-,-,-,-,-,https://tutor-online.oss-cn-beijing.aliyuncs.com/growth/download-material/6407094592b58b749e77087efc714e51.mp4,20260624-9物-代理-启航-李博-【b1-p6-a3-68-0630】-A5-B5-有-2,-,,,9元高中物理李博,9元高中物理李博,启航,代理商,0,wangruixuebj01,2026/7/10,10,195.32,18,2,0.09,118.09,5918.79,97.66,2.06%,5.88%,-,1.21,545.45
29782e4b66110029494a9a03d7810d5d,-,-,-,-,-,https://tutor-online.oss-cn-beijing.aliyuncs.com/growth/download-material/29782e4b66110029494a9a03d7810d5d.mp4,20260624-猿辅导高中双科-实拍-千川-活动-买数送物-说报-张焱-cd琳瑶-岳久鸿-张晓洁yc-7.mp4,-,,,199元高中双科提分课,199元高中双科提分课,荔枝,其他,0,wangjiananbj03,2026/6/27,23,1.09,0,0,0,218,1090,0,20.00%,0.00%,-,0,0
c6b0846860c0b02c657c1b33dbdd20f0,-,-,-,-,-,https://tutor-online.oss-cn-beijing.aliyuncs.com/growth/download-material/c6b0846860c0b02c657c1b33dbdd20f0.mp4,20260609-9物-代理-启航-李博-【b1-p6-a1-6】-A5-B5-有-2,-,,,9元高中物理李博,9元高中物理李博,启航,其他,0,wangruixuebj01,2026/6/15,35,192.71,0,0,0,84.04,4379.77,0,2.31%,0%,-,0,0
7b9c6dcc414a62c39a9c1a7260356564,-,-,-,-,-,https://tutor-online.oss-cn-beijing.aliyuncs.com/growth/download-material/7b9c6dcc414a62c39a9c1a7260356564.mp4,20260703-猿辅导高中双科-实拍-性价比-亏本能-张焱-bj刘能能-高三-李文静ec-二创-7,-,,,199元高中双科提分课,199元高中双科提分课,荔枝,其他,0,wangjiananbj03,2026/7/12,8,0.13,0,0,0,6.84,0,0,0.00%,0.00%,-,0,0
c731cb26320fd3980bfa0ec1c6f8dde6,-,-,-,-,-,https://tutor-online.oss-cn-beijing.aliyuncs.com/growth/download-material/c731cb26320fd3980bfa0ec1c6f8dde6.mp4,0707-199双科-申坤-李博-李天-王合云-A1-B5-无-高二高三-07,-,,,199元高中双科提分课,199元高中双科提分课,申坤,其他,0,wangjiananbj03,2026/7/9,11,8.53,0,0,0,45.86,0,0,0.00%,0.00%,-,0,0
a80557c9a46f579fc5a9daf067044a7a,-,-,-,-,-,https://tutor-online.oss-cn-beijing.aliyuncs.com/growth/download-material/a80557c9a46f579fc5a9daf067044a7a.mp4,0715-199双科-申坤-李博-李天-张佳乐-A1-B4-有-03,-,,,199元高中双科提分课,199元高中双科提分课,申坤,其他,0,wangjiananbj03,2026/7/16,4,0.09,0,0,0,4.5,0,0,0.00%,0.00%,-,0,0
7dfe6cdc5b3ebc02e5aaa3fd0b1b74aa,-,-,-,-,-,https://tutor-online.oss-cn-beijing.aliyuncs.com/growth/download-material/7dfe6cdc5b3ebc02e5aaa3fd0b1b74aa.mp4,20260710-猿辅导高中双科-实拍-千川-效果展示-高二-买数送物-不推-张焱-bj宋钦冲--岳久鸿yc-1.mp4,-,,,199元高中双科提分课,199元高中双科提分课,荔枝,其他,0,wangjiananbj03,2026/7/16,4,0.21,0,0,0,52.5,0,0,0.00%,0.00%,-,0,0
f37e4244a1ed47bef29854b767ea0a7f,-,-,-,-,-,https://tutor-online.oss-cn-beijing.aliyuncs.com/growth/download-material/f37e4244a1ed47bef29854b767ea0a7f.mp4,0708-199双科-申坤-李博-李天-卞俊洁-A2-B4-无-高二高三-6,-,,,199元高中双科提分课,199元高中双科提分课,申坤,其他,0,wangjiananbj03,2026/7/9,11,111.23,0,0,0,30.35,27807.5,0,0.14%,0%,-,0,0
d04d4046ac4cf508906d1152846d25e0,-,-,-,-,-,https://tutor-online.oss-cn-beijing.aliyuncs.com/growth/download-material/d04d4046ac4cf508906d1152846d25e0.mp4,一键修复_0610-199双科-自产-自产主-李博-视觉锤-子衿-A3-B1-有-3.mp4,-,,,199元高中双科提分课,199元高中双科提分课,荔枝,其他,0,wangjiananbj03,2026/6/19,31,1.07,0,0,0,107,1070,0,10.00%,0.00%,-,0,0
26bd607d7c7d060b9bb1a3451268d3bf,-,-,-,-,-,https://tutor-online.oss-cn-beijing.aliyuncs.com/growth/download-material/26bd607d7c7d060b9bb1a3451268d3bf.mp4,0709-199双科-申坤-李博-李天-张佳乐-A1-B4-无-高二高三-6,-,,,199元高中双科提分课,199元高中双科提分课,申坤,其他,0,wangjiananbj03,2026/7/14,6,0.83,0,0,0,10.51,830,0,1.27%,0%,-,0,0
813ad207c01da610c37599605588b8e6,-,-,-,-,-,https://tutor-online.oss-cn-beijing.aliyuncs.com/growth/download-material/813ad207c01da610c37599605588b8e6.mp4,0605-9物-十人-bwxy-ylb-A2-B4-jclb-pcc-1,-,,,9元高中物理李博,9元高中物理李博,十人,其他,0,wangruixuebj01,2026/6/9,41,811,9,1,0.01,332.24,16895.83,811,1.88%,2.17%,-,0.41,187.5
cd23cc5980f24d0c8523a12bdc51b286,-,-,-,-,-,https://tutor-online.oss-cn-beijing.aliyuncs.com/growth/download-material/cd23cc5980f24d0c8523a12bdc51b286.mp4,0703-199双科-申坤-李博-李天-卞俊洁-A2-B4-无-04,-,,,199元高中双科提分课,199元高中双科提分课,申坤,其他,0,wangjiananbj03,2026/7/10,10,6.65,0,0,0,42.9,0,0,0.00%,0.00%,-,0,0
4431388ad9a1e2b2b40444e93b41d76d,-,-,-,-,-,https://tutor-online.oss-cn-beijing.aliyuncs.com/growth/download-material/4431388ad9a1e2b2b40444e93b41d76d.mp4,20260630-猿辅导高中双科-实拍-千川-买数送物-活动-不气-张焱-bj冷一丁--张晓洁yc-3.1（前贴）,-,,,199元高中双科提分课,199元高中双科提分课,自投放,代理商,0,wangjiananbj03,2026/7/16,4,0.83,0,0,0,7.61,0,0,0.00%,0.00%,-,0,0
d556838c7996124de4f65862526516ec,-,-,-,-,-,https://tutor-online.oss-cn-beijing.aliyuncs.com/growth/download-material/d556838c7996124de4f65862526516ec.mp4,0616-9物-代理-十人-李博-jzzy-bmqr-A2-B2-pwjl-有-2-知识点,-,,,9元高中物理李博,9元高中物理李博,十人,代理商,0,wangruixuebj01,2026/6/18,32,0,9,1,0,0,0,0,0.00%,0.00%,-,0,0
f2bdc947276b7411e18338c353702223,-,-,-,-,-,https://tutor-online.oss-cn-beijing.aliyuncs.com/growth/download-material/f2bdc947276b7411e18338c353702223.mp4,20260603-猿辅导高中双科-实拍-活动-不是-张焱-bj张捷希-袁北辰ec-二创-3,-,,,199元高中双科提分课,199元高中双科提分课,荔枝,其他,0,wangjiananbj03,2026/6/24,26,0.09,0,0,0,7.5,0,0,0.00%,0.00%,-,0,0
04197463d67e54ee8c6a5d516f528aa1,-,-,-,-,-,https://tutor-online.oss-cn-beijing.aliyuncs.com/growth/download-material/04197463d67e54ee8c6a5d516f528aa1.mp4,20260630-猿辅导高中双科-实拍-暑期规划-199学全年-买物送数-高二-买物送数-玩儿-高二-唐欣悦-dr魏政委--邓又滔yc-0709-1-前贴.mp4,-,,,199元高中双科提分课,199元高中双科提分课,荔枝,其他,0,wangjiananbj03,2026/7/11,9,25.99,0,0,0,399.85,12995,0,3.08%,0.00%,-,0,0
c245be2a7da33171cde0218517167f84,-,-,-,-,-,https://tutor-online.oss-cn-beijing.aliyuncs.com/growth/download-material/c245be2a7da33171cde0218517167f84.mp4,一键修复_20260630-猿辅导高中双科-实拍-千川-买数送物-活动-不气-张焱-bj冷一丁--张晓洁yc-3.1（前贴）.mp4,-,,,199元高中双科提分课,199元高中双科提分课,荔枝,其他,0,wangjiananbj03,2026/7/3,17,1.28,0,0,0,75.29,1280,0,5.88%,0.00%,-,0,0
c75278eb6bb18a49eb5af4b33faaf232,-,-,-,-,-,https://tutor-online.oss-cn-beijing.aliyuncs.com/growth/download-material/c75278eb6bb18a49eb5af4b33faaf232.mp4,20260626-猿辅导高中双科-混剪-大字报-封双-高二-张焱-袁北辰yc-3.mp4,-,,,199元高中双科提分课,199元高中双科提分课,荔枝,代理商,0,wangjiananbj03,2026/6/26,24,0.34,0,0,0,113.33,340,0,33.33%,0.00%,-,0,0
e0267c8e1f51bbdfc203f57609308ad1,-,-,-,-,-,https://tutor-online.oss-cn-beijing.aliyuncs.com/growth/download-material/e0267c8e1f51bbdfc203f57609308ad1.mp4,20260704-猿辅导高中双科-实拍-千川-买物送数-199学三年--唐欣悦-cd琳瑶-岳久鸿-二创-叶俊泽ec-12.改.mp4,-,,,199元高中双科提分课,199元高中双科提分课,荔枝,其他,0,wangjiananbj03,2026/7/16,4,65.11,0,0,0,95.75,5919.09,0,1.62%,0.00%,-,0,0
ea1b00533365bf84500e8cb819ed0fbe,-,-,-,-,-,https://tutor-online.oss-cn-beijing.aliyuncs.com/growth/download-material/ea1b00533365bf84500e8cb819ed0fbe.mp4,20260708-猿辅导高中双科-实拍-千川-活动-高二-五科-售卖-张焱-bj李栎--张晓洁yc-5（前贴改）.mp4,-,,,199元高中双科提分课,199元高中双科提分课,荔枝,其他,0,wangjiananbj03,2026/7/16,4,3.07,0,0,0,153.5,3070,0,5.00%,0.00%,-,0,0
296da791c4ea29ac73fbeb781ff9afac,-,-,-,-,-,https://tutor-online.oss-cn-beijing.aliyuncs.com/growth/download-material/296da791c4ea29ac73fbeb781ff9afac.mp4,20260624-猿辅导高中双科-实拍-千川-活动-买数送物-冤大头-张焱-bj郭铭泽--张晓洁yc-9（前贴改1）,-,,,199元高中双科提分课,199元高中双科提分课,荔枝,代理商,0,wangjiananbj03,2026/7/2,18,0.41,0,0,0,45.56,0,0,0.00%,0.00%,-,0,0
0b8ff4e6ee01cc55d771b872c8eb8830,-,-,-,-,-,https://tutor-online.oss-cn-beijing.aliyuncs.com/growth/download-material/0b8ff4e6ee01cc55d771b872c8eb8830.mp4,20260704-猿辅导高中双科-实拍-视频号-ip李博-买物送数-199学三年-借课本-高二-常文茜-李博-叶俊泽yc-4,-,,,199元高中双科提分课,199元高中双科提分课,荔枝,代理商,0,wangjiananbj03,2026/7/15,5,2.01,0,0,0,17.33,0,0,0.86%,0%,-,0,0
78512875c761742bcb1de0a059be5648,-,-,-,-,-,https://tutor-online.oss-cn-beijing.aliyuncs.com/growth/download-material/78512875c761742bcb1de0a059be5648.mp4,一键修复_20200627-0606-199双科-自产-自产主-李博-曲中雨-子衿-A6-B2-ts罗雅雯-二创-叶俊泽ec-21.mp4,-,,,199元高中双科提分课,199元高中双科提分课,荔枝,其他,0,wangjiananbj03,2026/7/1,19,11.64,0,0,0,120,3880,0,3.09%,0.00%,-,0,0
da7c5eefadec5d98e282903dc839424b,-,-,-,-,-,https://tutor-online.oss-cn-beijing.aliyuncs.com/growth/download-material/da7c5eefadec5d98e282903dc839424b.mp4,妙思自动生成-232-202607091747,-,,,199元高中双科提分课,199元高中双科提分课,荔枝,其他,0,wangjiananbj03,2026/7/9,11,1.08,0,0,0,54,0,0,0.00%,0.00%,-,0,0
aa2c3cc6abac7dcd9f790931c79daa49,-,-,-,-,-,https://tutor-online.oss-cn-beijing.aliyuncs.com/growth/download-material/aa2c3cc6abac7dcd9f790931c79daa49.mp4,20260612-猿辅导高中双科-实拍-千川-分数痛点-买数学送物理-能上-张焱-dr小五--张晓洁ec-4,-,,,199元高中双科提分课,199元高中双科提分课,荔枝,其他,0,wangjiananbj03,2026/7/12,8,0.06,0,0,0,60,0,0,0.00%,0.00%,-,0,0
6756d34cc1c823160ef6180b51d57b3d,-,-,-,-,-,https://tutor-online.oss-cn-beijing.aliyuncs.com/growth/download-material/6756d34cc1c823160ef6180b51d57b3d.mp4,20260518-猿辅导高中双科-实拍-买物理送数学-再说-张焱-bj丁梓仟--张晓洁yc-3.1（前贴）,-,,,199元高中双科提分课,199元高中双科提分课,荔枝,其他,0,wangjiananbj03,2026/5/30,51,3137.67,597,3,0.19,160.94,20374.48,1045.89,1.11%,1.38%,-,0.15,3876.62
cf882ea7e6a017f0942a83db9e383ca3,-,-,-,-,-,https://tutor-online.oss-cn-beijing.aliyuncs.com/growth/download-material/cf882ea7e6a017f0942a83db9e383ca3.mp4,20260703-猿辅导高中双科-实拍-视频号-ip李博-买物送数-199学三年-都不是-常文茜-李博--李文静yc-4,-,,,199元高中双科提分课,199元高中双科提分课,荔枝,其他,0,wangjiananbj03,2026/7/9,11,14.15,0,0,0,113.2,4716.67,0,2.40%,0%,-,0,0
fab29419ece875256672816945a50a3d,-,-,-,-,-,https://tutor-online.oss-cn-beijing.aliyuncs.com/growth/download-material/fab29419ece875256672816945a50a3d.mp4,0703-199双科-申坤-李博-李天-姚恒-A5-B5-无-01,-,,,199元高中双科提分课,199元高中双科提分课,申坤,其他,0,wangjiananbj03,2026/7/5,15,0.05,0,0,0,7.14,0,0,0.00%,0.00%,-,0,0
1383af95bb3637bb158b376c7c0c46a5,-,-,-,-,-,https://tutor-online.oss-cn-beijing.aliyuncs.com/growth/download-material/1383af95bb3637bb158b376c7c0c46a5.mp4,0703-199双科-申坤-李博-李天-卞俊洁-A2-B4-无-20,-,,,199元高中双科提分课,199元高中双科提分课,申坤,其他,0,wangjiananbj03,2026/7/5,15,8.02,0,0,0,138.28,8020,0,1.72%,0%,-,0,0
1316fe4f5291c6008e322ddc00c6a0d5,-,-,-,-,-,https://tutor-online.oss-cn-beijing.aliyuncs.com/growth/download-material/1316fe4f5291c6008e322ddc00c6a0d5.mp4,一键修复_20260604-猿辅导高中双科-实拍-活动-多少-张焱-bj李赛-视频号二创-叶俊泽ec-12-端午.mp4,-,,,199元高中双科提分课,199元高中双科提分课,荔枝,其他,0,wangjiananbj03,2026/6/5,45,17.5,0,0,0,192.31,5833.33,0,3.30%,0.00%,-,0,0
24f7e07e0d8b47bf1b7f1c3fa6cf8ed3,-,-,-,-,-,https://tutor-online.oss-cn-beijing.aliyuncs.com/growth/download-material/24f7e07e0d8b47bf1b7f1c3fa6cf8ed3.mp4,20260603-猿辅导高中双科-实拍-性价比-亏本能-张焱-bj刘能能-袁北辰ec-二创-7,-,,,199元高中双科提分课,199元高中双科提分课,荔枝,其他,0,wangjiananbj03,2026/6/23,27,395.81,0,0,0,39.66,18848.1,0,0.36%,0%,-,0,0
880a1ee021f0d1ff0630c1b00747ed15,-,-,-,-,-,https://tutor-online.oss-cn-beijing.aliyuncs.com/growth/download-material/880a1ee021f0d1ff0630c1b00747ed15.mp4,20260624-9物-代理-启航-李博-【b1-p6-a3-45-0624】-A5-B5-有-2,-,,,9元高中物理李博,9元高中物理李博,启航,代理商,0,wangruixuebj01,2026/6/30,20,4.52,0,0,0,56.5,2260,0,1.25%,0%,-,0,0
d485dfe104836f076d4701450806d682,-,-,-,-,-,https://tutor-online.oss-cn-beijing.aliyuncs.com/growth/download-material/d485dfe104836f076d4701450806d682.mp4,20260619-猿辅导高中双科-实拍-千川-活动-买数学送物理-确实-张焱-bj于靖-裂变-张晓洁yc-1.mp4,-,,,199元高中双科提分课,199元高中双科提分课,荔枝,其他,0,wangjiananbj03,2026/6/19,31,0.47,0,0,0,42.73,0,0,0.00%,0.00%,-,0,0
41100bed2155b0c4b38d84fab4d883e3,-,-,-,-,-,https://tutor-online.oss-cn-beijing.aliyuncs.com/growth/download-material/41100bed2155b0c4b38d84fab4d883e3.mp4,20260209-猿辅导高中数学-实拍-活动-撕开-张焱-bj冷一丁--杨惠宇yc-1-前贴1.1.mp4.mp4,-,,,199元高中双科提分课,299元高中全年提分课-实物,荔枝,其他,0,wangjiananbj03,2026/2/22,148,5642.25,3582,18,0.63,70.36,5580.86,313.46,1.26%,1.78%,-,0.22,3543.03
cd7687577a11b15f25382a35890f44e4,-,-,-,-,-,https://tutor-online.oss-cn-beijing.aliyuncs.com/growth/download-material/cd7687577a11b15f25382a35890f44e4.mp4,20260715-猿辅导高中双科-实拍-活动-放心-张焱-李赛-bj刘能能-高一-李文静ec-视频号二创-横屏-4,-,,,199元高中双科提分课,199元高中双科提分课,荔枝,其他,0,wangjiananbj03,2026/7/16,4,0.18,0,0,0,12.86,0,0,0.00%,0.00%,-,0,0
f17f47c1e07426b3bbdc2b3f30bacd90,-,-,-,-,-,https://tutor-online.oss-cn-beijing.aliyuncs.com/growth/download-material/f17f47c1e07426b3bbdc2b3f30bacd90.mp4,20260709-猿辅导高中双科-实拍-千川-活动-买数送物-199学三年-通用-买数送物-与其啊-常文茜-cd雪儿--岳久鸿yc-1.mp4,-,,,199元高中双科提分课,199元高中双科提分课,荔枝,其他,0,wangjiananbj03,2026/7/11,9,2.45,0,0,0,70,1225,0,5.71%,0.00%,-,0,0
2fcbf6546897fcadb7a6c943d3e2dc68,-,-,-,-,-,https://tutor-online.oss-cn-beijing.aliyuncs.com/growth/download-material/2fcbf6546897fcadb7a6c943d3e2dc68.mp4,0708-199双科-申坤-李博-李天-卞俊洁-A1-B4-有-高二高三-03,-,,,199元高中双科提分课,199元高中双科提分课,申坤,其他,0,wangjiananbj03,2026/7/10,10,18.35,0,0,0,27.27,18350,0,0.45%,0%,-,0,0
ff28818a8dc50130aa413f03c0544022,-,-,-,-,-,https://tutor-online.oss-cn-beijing.aliyuncs.com/growth/download-material/ff28818a8dc50130aa413f03c0544022.mp4,0703-199双科-申坤-李博-李天-卞俊洁-A2-B4-无-16,-,,,199元高中双科提分课,199元高中双科提分课,申坤,其他,0,wangjiananbj03,2026/7/5,15,7.86,0,0,0,39.7,7860,0,0.51%,0%,-,0,0
deb2d03171e54fde9247b31ca925db1f,-,-,-,-,-,https://tutor-online.oss-cn-beijing.aliyuncs.com/growth/download-material/deb2d03171e54fde9247b31ca925db1f.mp4,0703-199双科-申坤-李博-李天-姚恒-A5-B5-有-02,-,,,199元高中双科提分课,199元高中双科提分课,申坤,代理商,0,wangjiananbj03,2026/7/3,17,1.35,0,0,0,36.49,0,0,0.00%,0.00%,-,0,0
a3a8c8c1b6c222c1ccebf0af72956ebf,-,-,-,-,-,https://tutor-online.oss-cn-beijing.aliyuncs.com/growth/download-material/a3a8c8c1b6c222c1ccebf0af72956ebf.mp4,0708-199双科-申坤-李博-李天-卞俊洁-A2-B4-无-6,-,,,199元高中双科提分课,199元高中双科提分课,申坤,其他,0,wangjiananbj03,2026/7/9,11,201.3,0,0,0,50.06,12581.25,0,0.65%,0%,-,0,0
180b3059e290142bd74dbe58867c7cfe,-,-,-,-,-,https://tutor-online.oss-cn-beijing.aliyuncs.com/growth/download-material/180b3059e290142bd74dbe58867c7cfe.mp4,20260626-猿辅导高中数物双科-实拍-活动-退了-张焱-cd张璐+李赛-裂变-张晓洁yc-6.1.mp4,-,,,199元高中双科提分课,199元高中双科提分课,荔枝,代理商,0,wangjiananbj03,2026/6/26,24,147.25,199,1,1.35,172.42,4090.28,147.25,4.22%,2.78%,-,1.17,5527.78
440abefe6fc9f4e6f185e258130cc65b,-,-,-,-,-,https://tutor-online.oss-cn-beijing.aliyuncs.com/growth/download-material/440abefe6fc9f4e6f185e258130cc65b.mp4,0708-199双科-申坤-李博-李天-卞俊洁-A2-B1-有-高二高三-15,-,,,199元高中双科提分课,199元高中双科提分课,申坤,其他,0,wangjiananbj03,2026/7/10,10,69.73,0,0,0,74.1,69730,0,0.32%,0%,-,0,0
b21bdcb66112616bd3a855b31af26a30,-,-,-,-,-,https://tutor-online.oss-cn-beijing.aliyuncs.com/growth/download-material/b21bdcb66112616bd3a855b31af26a30.mp4,null-自动生成-20-202607150403,-,,,199元高中双科提分课,199元高中双科提分课,申坤,其他,0,wangjiananbj03,2026/7/15,5,0.01,0,0,0,10,0,0,0.00%,0.00%,-,0,0
3632e69c908a419acbe8a99bb1dae695,-,-,-,-,-,https://tutor-online.oss-cn-beijing.aliyuncs.com/growth/download-material/3632e69c908a419acbe8a99bb1dae695.mp4,null-自动生成-20-202607100927,-,,,199元高中双科提分课,199元高中双科提分课,申坤,其他,0,wangjiananbj03,2026/7/10,10,154.64,0,0,0,105.56,51546.67,0,0.20%,0%,-,0,0
47d095edf87917fa8afbdd6af22e06e6,-,-,-,-,-,https://tutor-online.oss-cn-beijing.aliyuncs.com/growth/download-material/47d095edf87917fa8afbdd6af22e06e6.mp4,20260703-猿辅导高中双科-实拍-千川-买数送物-活动-不气-张焱-bj冷一丁-高三-李文静ec-二创-5.mp4,-,,,199元高中双科提分课,199元高中双科提分课,荔枝,代理商,0,wangjiananbj03,2026/7/7,13,6.21,0,0,0,270,2070,0,13.04%,0.00%,-,0,0
606a6b29396d9b57d9b25f139d771f17,-,-,-,-,-,https://tutor-online.oss-cn-beijing.aliyuncs.com/growth/download-material/606a6b29396d9b57d9b25f139d771f17.mp4,20260704-猿辅导高中双科-实拍-视频号-ip李博-买物送数-199学三年-借课本-高二-常文茜-李博-叶俊泽yc-4.mp4,-,,,199元高中双科提分课,199元高中双科提分课,荔枝,其他,0,wangjiananbj03,2026/7/13,7,42.28,199,1,4.71,88.27,2225.26,42.28,3.97%,5.26%,-,2.09,10473.68
2df484c38f6bd1fd41a2c8bcb1b2fbf0,-,-,-,-,-,https://tutor-online.oss-cn-beijing.aliyuncs.com/growth/download-material/2df484c38f6bd1fd41a2c8bcb1b2fbf0.mp4,20260624-9物-代理-启航-李博-【b1-p6-a3-66-0630】-A5-B5-有-2,-,,,9元高中物理李博,9元高中物理李博,启航,代理商,0,wangruixuebj01,2026/7/10,10,325.84,0,0,0,160.04,9051.11,0,1.87%,0%,-,0,0
e55532b463d5489df9b2cfef8288a266,-,-,-,-,-,https://tutor-online.oss-cn-beijing.aliyuncs.com/growth/download-material/e55532b463d5489df9b2cfef8288a266.mp4,0703-199双科-申坤-李博-李天-姚恒-A7-B4-有-01,-,,,199元高中双科提分课,199元高中双科提分课,申坤,其他,0,wangjiananbj03,-,-,0,0,0,0,0,0,0,0.00%,0.00%,-,0,0
a7a6f2ba2db13575403973c5899cf821,-,-,-,-,-,https://tutor-online.oss-cn-beijing.aliyuncs.com/growth/download-material/a7a6f2ba2db13575403973c5899cf821.mp4,20260713-猿辅导高中双科-实拍-千川-暑期预习-高二-买物送数-不努力-唐欣悦-bj庄紫薇--李文静yc-2.mp4,-,,,199元高中双科提分课,199元高中双科提分课,荔枝,其他,0,wangjiananbj03,2026/7/16,4,0.05,0,0,0,25,25,0,100.00%,0.00%,-,0,0
b8b59860bc2724d9a8244a00aaac936c,-,-,-,-,-,https://tutor-online.oss-cn-beijing.aliyuncs.com/growth/download-material/b8b59860bc2724d9a8244a00aaac936c.mp4,0324-9物-自产-自产主-李博-曲中雨-子衿-A5-B1-有-18-前贴2-娇-混剪-莹-0514,-,,,9元高中物理李博,9元高中物理李博,玄武,代理商,0,wangruixuebj01,2026/6/28,22,11.15,0,0,0,45.7,11150,0,0.41%,0%,-,0,0
9bfc7deba6c2d56131563e5185f63f23,-,-,-,-,-,https://tutor-online.oss-cn-beijing.aliyuncs.com/growth/download-material/9bfc7deba6c2d56131563e5185f63f23.mp4,0709-199双科-申坤-李博-李天-卞俊洁-A2-B4-无-1,-,,,199元高中双科提分课,199元高中双科提分课,申坤,代理商,0,wangjiananbj03,2026/7/9,11,3.52,0,0,0,22.71,0,0,0.00%,0.00%,-,0,0
7470f6b7a33a9a960a1bcf3b227efe7e,-,-,-,-,-,https://tutor-online.oss-cn-beijing.aliyuncs.com/growth/download-material/7470f6b7a33a9a960a1bcf3b227efe7e.mp4,20260708-猿辅导高中双科-实拍-千川-买数送物-活动-特别-张焱-bj丁梓仟--张晓洁yc-2,-,,,199元高中双科提分课,199元高中双科提分课,荔枝,其他,0,wangjiananbj03,2026/7/17,3,0,0,0,0,0,0,0,0.00%,0.00%,-,0,0
ac16483d8e8128d04c259bba94350628,-,-,-,-,-,https://tutor-online.oss-cn-beijing.aliyuncs.com/growth/download-material/ac16483d8e8128d04c259bba94350628.mp4,妙思自动生成-232-202607100728,-,,,199元高中双科提分课,199元高中双科提分课,荔枝,其他,0,wangjiananbj03,2026/7/10,10,3.66,0,0,0,35.19,3660,0,0.96%,0%,-,0,0
4918dd3c26eca537571ec9429bc60133,-,-,-,-,-,https://tutor-online.oss-cn-beijing.aliyuncs.com/growth/download-material/4918dd3c26eca537571ec9429bc60133.mp4,0714-199双科-申坤-李博-李天-卞俊洁-A5-B4-无-01,-,,,199元高中双科提分课,199元高中双科提分课,申坤,其他,0,wangjiananbj03,2026/7/15,5,33.26,0,0,0,76.64,11086.67,0,1.15%,0%,-,0,0
4d3b5b45428d88646fc07ae282e7e50d,-,-,-,-,-,https://tutor-online.oss-cn-beijing.aliyuncs.com/growth/download-material/4d3b5b45428d88646fc07ae282e7e50d.mp4,0630-199双科-申坤-李博-李天-卞俊洁-A2-B4-无-13,-,,,199元高中双科提分课,199元高中双科提分课,申坤,其他,0,wangjiananbj03,2026/7/10,10,60.13,0,0,0,105.86,20043.33,0,1.23%,0%,-,0,0
1ded57b215cb101ca4c705ff525ab470,-,-,-,-,-,https://tutor-online.oss-cn-beijing.aliyuncs.com/growth/download-material/1ded57b215cb101ca4c705ff525ab470.mp4,9元视频1196-0703-9物-代理-十人-李博-jjsx-bwxy-A2-B1-pcc-pwjl-无-1,-,,,9元高中物理李博,9元高中物理李博,十人,代理商,0,wangruixuebj01,2026/7/14,6,59.22,0,0,0,243.7,19740,0,1.23%,0%,-,0,0
b761f0401a3ec8cab742b5d3bf96b8dd,-,-,-,-,-,https://tutor-online.oss-cn-beijing.aliyuncs.com/growth/download-material/b761f0401a3ec8cab742b5d3bf96b8dd.mp4,0616-9物-代理-十人-李博-jjsx-bwxy-A2-B1-pwjl-pcc-有-3-AI,-,,,9元高中物理李博,9元高中物理李博,十人,代理商,0,wangruixuebj01,2026/6/17,33,82.45,0,0,0,94.66,5496.67,0,2.07%,0%,-,0,0
