素材id,视频名称,视频链接,投放情况,审核建议,素材评估,关联在投单元数,标签,消耗,展示数,点击数,点击率(%),平均点击单价(元),平均千次展现费用(元),转化数,转化成本,转化率(%),深度转化次数,深度转化成本,深度转化率(%),回访-加为好友(计费时间),回访-高潜成交(计费时间),回访-信息确认(计费时间)
"	7662605347073572914",0715瑞晨引流-2.mp4,https://video-cn.oceanengine.com/6452f5422c84fae55cc9e1ecf7dc8a32/6a6ead5a/tos-cn-ve-51/d0ad68b878f1468cbca89a6b110e5487?a=1402&ch=0&cr=0&dr=3&cd=0%7C0%7C0%7C0&cv=1&br=1694&bt=1694&cs=0&ds=3&ft=J9ThAGkHH_Myq8Z7jjR_e2NvjTQ&mime_type=video_mp4&qs=0&rc=NXZpTGRTaFBnKWxncmd5aHFsc3IxZGY4ZDo8Nzg2NTs5aGRoaTpkQGkzczNoO286NWo8MzM0NjMzQFNsa3ZpcUQ6amtqXmJmK2BeaWpgYTojM2IuNTBjLl8zMTExMTEvMGEjZ2RwYWFhZmpfYS0tZDAwc3M%3D&btag=80000e00008000&dy_q=1785465424&feature_id=d6a18d7c5414b1f1e95a75faf9147845&l=2026073110370304CFF515E5F49A7FB2CA&ply_type=3&policy=eyJ2bSI6MywidWlkIjoiMzEyOTY1MDYwMzg4ODE4NSJ9,已使用,审核通过,首发,22,--,7.09,416,35,8.41,0.2,17.04,0,0,0,0,0,0,0,0,0
"	7667051423217614858",推送视频_0724-引导-嘉丽D-2改.mp4,https://video-cn.oceanengine.com/56f264904332a3507a643c5f1fc6ff8f/6a6ead56/tos-cn-ve-51/okDC2AAafQOujNggtvDZtTIyO2Sp1REBD0eqHO?a=1402&ch=0&cr=0&dr=3&cd=0%7C0%7C0%7C0&br=1460&bt=1460&cs=0&ds=3&ft=J9ThAGkHH_Myq8Z7jjR_e2NvjTQ&mime_type=video_mp4&qs=0&rc=NXZpTGRTaFBnKWxncmd5aHFsc3IxZGZlaGloODxoPGRkOjw0ODU0QGlqcDZuZW86dGw8MzM0NjMzQFNsa3ZpcUQ6amtqXmJmK2BeaWpgYTojLy4yXzYzM14uMTBgXzIxXmEjcXNiaWFhXjZnYS0tZDAwc3M%3D&btag=80000e00008000&dy_q=1785465424&feature_id=d6a18d7c5414b1f1e95a75faf9147845&l=2026073110370304CFF515E5F49A7FB2CA&ply_type=3&policy=eyJ2bSI6MywidWlkIjoiMzEyOTY1MDYwMzg4ODE4NSJ9,已使用,审核通过,首发,1,--,0.1,5,0,0,0,20,0,0,0,0,0,0,0,0,0
"	7663464995961847844",0717-瑞晨引流-4.mp4,https://video-cn.oceanengine.com/0aaf6ef871d624845b788d1e65e783d5/6a6ead5f/tos-cn-ve-51/o8MhqAEfjQ1fgaAIIqRDB1ranDaRNWJ2QEIMRD?a=1402&ch=0&cr=0&dr=3&cd=0%7C0%7C0%7C0&cv=1&br=2086&bt=2086&cs=0&ds=4&ft=J9ThAGkHH_Myq8Z7jjR_e2NvjTQ&mime_type=video_mp4&qs=0&rc=NXZpTGRTaFBnKWxncmd5aHFsc3IxZGZmOmY3NjVmNTU4PGZnOjg1QGlqPG84aW86bDQ8MzM0NjMzQFNsa3ZpcUQ6amtqXmJmK2BeaWpgYTojNTEzY14xMF8xMWMvL2MtLmEjZ3JhZ2FhL2VhYS0tZDAwc3M%3D&btag=80000e00010000&dy_q=1785465424&feature_id=d6a18d7c5414b1f1e95a75faf9147845&l=2026073110370304CFF515E5F49A7FB2CA&ply_type=3&policy=eyJ2bSI6MywidWlkIjoiMzEyOTY1MDYwMzg4ODE4NSJ9,已使用,审核通过,--,5,--,0.24,7,0,0,0,34.29,0,0,0,0,0,0,0,0,0
"	7660186951438139446",0708-引导-嘉丽-4.mp4,https://video-cn.oceanengine.com/8588ac35bb3b0cf7c63e7fe10957b786/6a6ead61/tos-cn-ve-51/oAI2IMemSOfERB7VrgE1Exf9AQt8CpAeVqaI17?a=1402&ch=0&cr=0&dr=3&cd=0%7C0%7C0%7C0&cv=1&br=866&bt=866&cs=0&ds=3&ft=J9ThAGkHH_Myq8Z7jjR_e2NvjTQ&mime_type=video_mp4&qs=0&rc=NXZpTGRTaFBnKWxncmd5aHFsc3IxZGY4ZTVmPGhmMzVnOjc2OGdlQGkzZXhxOm86aXk8MzM0NjMzQFNsa3ZpcUQ6amtqXmJmK2BeaWpgYTojX2MvLTMwXjUyMS01YmExNmEjNmljNmFhZmNeYS0tZDAvc3M%3D&btag=80000e00010000&dy_q=1785465424&feature_id=d6a18d7c5414b1f1e95a75faf9147845&l=2026073110370304CFF515E5F49A7FB2CA&ply_type=3&policy=eyJ2bSI6MywidWlkIjoiMzEyOTY1MDYwMzg4ODE4NSJ9,已使用,审核通过,--,17,--,6.1,346,10,2.89,0.61,17.63,1,6.1,10,0,0,0,0,0,0
"	7664925201298063370",0720-瑞晨引流-3.mp4,https://video-cn.oceanengine.com/efb0d635c5752cd2fefd0df512166f69/6a6ead5f/tos-cn-ve-51/oEAVgBL1h7SgDmzIhcfIAtULiaIv16QXn7ZgZQ?a=1402&ch=0&cr=0&dr=3&cd=0%7C0%7C0%7C0&br=859&bt=859&cs=0&ds=3&ft=J9ThAGkHH_Myq8Z7jjR_e2NvjTQ&mime_type=video_mp4&qs=0&rc=NXZpTGRTaFBnKWxncmd5aHFsc3IxZGZpZTRlZWczMzw1Zmk1Zzk8QGkzbTNlZW86PG88MzM0NjMzQFNsa3ZpcUQ6amtqXmJmK2BeaWpgYTojLWItLjIwMF5hMTEwMDU2LmEja20zcWFhLy5jYS0tZDAwc3M%3D&btag=80000e00010000&dy_q=1785465424&feature_id=d6a18d7c5414b1f1e95a75faf9147845&l=2026073110370304CFF515E5F49A7FB2CA&ply_type=3&policy=eyJ2bSI6MywidWlkIjoiMzEyOTY1MDYwMzg4ODE4NSJ9,已使用,审核通过,--,4,--,0.16,17,1,5.88,0.16,9.41,0,0,0,0,0,0,0,0,0
"	7664925987020308489",0720-引流-魏怡-7.mp4,https://video-cn.oceanengine.com/0545e14431dd86dcd0b871987bfa5362/6a6ead72/tos-cn-ve-51/okAAAB2e6NqRRBgXKl119glfCXpN2HagTwmD8l?a=1402&ch=0&cr=0&dr=3&cd=0%7C0%7C0%7C0&br=1379&bt=1379&cs=0&ds=3&ft=J9ThAGkHH_Myq8Z7jjR_e2NvjTQ&mime_type=video_mp4&qs=0&rc=NXZpTGRTaFBnKWxncmd5aHFsc3IxZGZoNTxpOmU2PGk2MzRmNzg1QGlqdzlwNW86c288MzM0NjMzQFNsa3ZpcUQ6amtqXmJmK2BeaWpgYTojLy0uLTUtMTVeMWBhYS4xX2Eja3JfZWFhXjBjYS0tZDAvc3M%3D&btag=80000e00018000&dy_q=1785465424&feature_id=d6a18d7c5414b1f1e95a75faf9147845&l=2026073110370304CFF515E5F49A7FB2CA&ply_type=3&policy=eyJ2bSI6MywidWlkIjoiMzEyOTY1MDYwMzg4ODE4NSJ9,已使用,审核通过,--,4,--,0.35,34,1,2.94,0.35,10.29,0,0,0,0,0,0,0,0,0
"	7662605347073458226",0715瑞晨引流-1.mp4,https://video-cn.oceanengine.com/21e83731a52326a5ca4f171a16414440/6a6ead5d/tos-cn-ve-51/oUUIHuIQzdamtKWILnA8CEycCQC7TNkN5AX4l?a=1402&ch=0&cr=0&dr=3&cd=0%7C0%7C0%7C0&cv=1&br=1776&bt=1776&cs=0&ds=3&ft=J9ThAGkHH_Myq8Z7jjR_e2NvjTQ&mime_type=video_mp4&qs=0&rc=NXZpTGRTaFBnKWxncmd5aHFsc3IxZGY8PGQ7NGZmaGQ6ZzM8PDc4QGlqZHJ5OW86NWo8MzM0NjMzQFNsa3ZpcUQ6amtqXmJmK2BeaWpgYTojNC1gM2MzXjYtMTViYy5jX2EjZ2QyM2FhZmpfYS0tZDBhc3M%3D&btag=80000e00008000&dy_q=1785465424&feature_id=d6a18d7c5414b1f1e95a75faf9147845&l=2026073110370304CFF515E5F49A7FB2CA&ply_type=3&policy=eyJ2bSI6MywidWlkIjoiMzEyOTY1MDYwMzg4ODE4NSJ9,已使用,审核通过,首发,19,--,13.02,620,38,6.13,0.34,21,0,0,0,0,0,0,0,0,0
"	7662989766527631387",0714瑞晨引流修改-7.mp4,https://video-cn.oceanengine.com/453a42982ee09aef6ed2a64d445b4278/6a6ead59/tos-cn-ve-51/owEgA6r0oAQWnQnzauhWltWYaQdIuNCI2Zacx?a=1402&ch=0&cr=0&dr=3&cd=0%7C0%7C0%7C0&cv=1&br=2256&bt=2256&cs=0&ds=3&ft=J9ThAGkHH_Myq8Z7jjR_e2NvjTQ&mime_type=video_mp4&qs=0&rc=NXZpTGRTaFBnKWxncmd5aHFsc3IxZGZmZGRpNDQ0Zmg2Ozo0Ozk8QGkzcDU6Om86aDk8MzM0NjMzQFNsa3ZpcUQ6amtqXmJmK2BeaWpgYTojNmEtLTU0YV82MS8xMy9jMmEjcXEvX2FhbmVgYS0tZDAvc3M%3D&btag=80000e00008000&dy_q=1785465424&feature_id=d6a18d7c5414b1f1e95a75faf9147845&l=2026073110370304CFF515E5F49A7FB2CA&ply_type=3&policy=eyJ2bSI6MywidWlkIjoiMzEyOTY1MDYwMzg4ODE4NSJ9,已使用,审核通过,--,19,--,25.34,1763,70,3.97,0.36,14.37,1,25.34,1.43,0,0,0,0,0,0
"	7664925347281780787",0720-引导-嘉丽-5.mp4,https://video-cn.oceanengine.com/7db7b356a4e44cfa5521b2fb75f1e2b0/6a6ead62/tos-cn-ve-51/oMS7lUNZQoHBhsLAAfNaIAGmi1Atgk6QGWa1Ix?a=1402&ch=0&cr=0&dr=3&cd=0%7C0%7C0%7C0&cv=1&br=1461&bt=1461&cs=0&ds=3&ft=J9ThAGkHH_Myq8Z7jjR_e2NvjTQ&mime_type=video_mp4&qs=0&rc=NXZpTGRTaFBnKWxncmd5aHFsc3IxZGZoaDtoO2RoaGVpO2ZoO2g4QGlqM2Q5Nm86dG88MzM0NjMzQFNsa3ZpcUQ6amtqXmJmK2BeaWpgYTojY14yLTIxMjUtMS4tYGAvLWEjLmEzbmFhZi9jYS0tZDAvc3M%3D&btag=80000e00010000&dy_q=1785465424&feature_id=d6a18d7c5414b1f1e95a75faf9147845&l=2026073110370304CFF515E5F49A7FB2CA&ply_type=3&policy=eyJ2bSI6MywidWlkIjoiMzEyOTY1MDYwMzg4ODE4NSJ9,已使用,审核通过,--,3,--,2.35,191,3,1.57,0.78,12.3,0,0,0,0,0,0,0,0,0
"	7667905164871614514",推送视频_0729-国星引流-学姐1.mp4,https://video-cn.oceanengine.com/7904f55f95851307a4f8767f4faee25d/6a6ead5b/tos-cn-ve-51/oYdDNagzha3mABCznquoN1gD82QeRAf1ITvp31?a=1402&ch=0&cr=0&dr=3&cd=0%7C0%7C0%7C0&br=1320&bt=1320&cs=0&ds=3&ft=J9ThAGkHH_Myq8Z7jjR_e2NvjTQ&mime_type=video_mp4&qs=0&rc=NXZpTGRTaFBnKWxncmd5aHFsc3IxZGY5Ozc4ODtmM2Q3OjpkNjgzQGlqeTo3ZW86ZHc8MzM0NjMzQFNsa3ZpcUQ6amtqXmJmK2BeaWpgYTojNGFgMzMyY14tMV5hMWIzX2EjbW9vaGFhL3JoYS0tZDAvc3M%3D&btag=80000e00008000&dy_q=1785465424&feature_id=d6a18d7c5414b1f1e95a75faf9147845&l=2026073110370304CFF515E5F49A7FB2CA&ply_type=3&policy=eyJ2bSI6MywidWlkIjoiMzEyOTY1MDYwMzg4ODE4NSJ9,未使用,审核通过,--,1,--,0.42,29,1,3.45,0.42,14.48,0,0,0,0,0,0,0,0,0
"	7664925207200579630",0720-瑞晨引流-9.mp4,https://video-cn.oceanengine.com/a362c391a1fcd059113bf9e400a92ee9/6a6ead5f/tos-cn-ve-51/ooFKAoJeTYAXoMJifUslEtSA1ZMAUJefiO4deg?a=1402&ch=0&cr=0&dr=3&cd=0%7C0%7C0%7C0&br=643&bt=643&cs=0&ds=3&ft=J9ThAGkHH_Myq8Z7jjR_e2NvjTQ&mime_type=video_mp4&qs=0&rc=NXZpTGRTaFBnKWxncmd5aHFsc3IxZGZoaDk5Ozg3MztoOTVpaTVoQGlqNTp2bDlyPG88MzM0NjMzQFNsa3ZpcUQ6amtqXmJmK2BeaWpgYTojNi0vNTVeMzVjMTBeNTYvLmEjZDBgXzJkNC5jYS0tZDBhc3M%3D&btag=80000e00010000&dy_q=1785465424&feature_id=d6a18d7c5414b1f1e95a75faf9147845&l=2026073110370304CFF515E5F49A7FB2CA&ply_type=3&policy=eyJ2bSI6MywidWlkIjoiMzEyOTY1MDYwMzg4ODE4NSJ9,已使用,审核通过,--,4,--,0.04,8,0,0,0,5,0,0,0,0,0,0,0,0,0
"	7667039015361314843",推送视频_0724-国星引流-存2.mp4-2户,https://video-cn.oceanengine.com/984ee2c2dbe019a0817d683638a2c673/6a6ead6a/tos-cn-ve-51/oQlJIVQWaUUzMtgdD6kZ2AE5ntmQIwcPAJdhN?a=1402&ch=0&cr=0&dr=3&cd=0%7C0%7C0%7C0&br=997&bt=997&cs=0&ds=3&ft=J9ThAGkHH_Myq8Z7jjR_e2NvjTQ&mime_type=video_mp4&qs=0&rc=NXZpTGRTaFBnKWxncmd5aHFsc3IxZGZlOWhlZzdmOTo7ODhnN2g2QGlqczhyZ286dGw8MzM0NjMzQFNsa3ZpcUQ6amtqXmJmK2BeaWpgYTojMTFjMDMyLjU0MTUvMTNeLWEjZG8uZmFhXjZnYS0tZDAwc3M%3D&btag=80000e00010000&dy_q=1785465424&feature_id=d6a18d7c5414b1f1e95a75faf9147845&l=2026073110370304CFF515E5F49A7FB2CA&ply_type=3&policy=eyJ2bSI6MywidWlkIjoiMzEyOTY1MDYwMzg4ODE4NSJ9,已使用,审核通过,--,1,--,1.3,78,2,2.56,0.65,16.67,0,0,0,0,0,0,0,0,0
"	7664925140669317166",0718瑞晨20-修改.mp4,https://video-cn.oceanengine.com/c8c19d888ea9c1bb4dd8362c02240d0c/6a6ead5d/tos-cn-ve-51/oMha6GkA7ilgIMtQ1HDAlU6IahHmASBLfQAg7w?a=1402&ch=0&cr=0&dr=3&cd=0%7C0%7C0%7C0&br=1818&bt=1818&cs=0&ds=3&ft=J9ThAGkHH_Myq8Z7jjR_e2NvjTQ&mime_type=video_mp4&qs=0&rc=NXZpTGRTaFBnKWxncmd5aHFsc3IxZGY0ODNkaTszN2hoOzpnO2lnQGlqNGVxNm86PG88MzM0NjMzQFNsa3ZpcUQ6amtqXmJmK2BeaWpgYTojLzMwMTIvLzYzMV41MGEwMGEjcmRiamFhLy5jYS0tZDAvc3M%3D&btag=80000e00008000&dy_q=1785465424&feature_id=d6a18d7c5414b1f1e95a75faf9147845&l=2026073110370304CFF515E5F49A7FB2CA&ply_type=3&policy=eyJ2bSI6MywidWlkIjoiMzEyOTY1MDYwMzg4ODE4NSJ9,已使用,审核通过,--,3,--,1.65,60,3,5,0.55,27.5,0,0,0,0,0,0,0,0,0
"	7663102736046964772",0716-引导-小敏-修改.mp4,https://video-cn.oceanengine.com/a894008e270a314b2cd7a38ea75eaf07/6a6ead58/tos-cn-ve-51/oktCIEejZiJQXdGbiwsUDg17UIvqfKABAeotxC?a=1402&ch=0&cr=0&dr=3&cd=0%7C0%7C0%7C0&cv=1&br=1088&bt=1088&cs=0&ds=4&ft=J9ThAGkHH_Myq8Z7jjR_e2NvjTQ&mime_type=video_mp4&qs=0&rc=NXZpTGRTaFBnKWxncmd5aHFsc3IxZGZkZTw5NjlmNzY3aDU8ZTM2QGkzN3E6Z286dmY8MzM0NjMzQFNsa3ZpcUQ6amtqXmJmK2BeaWpgYTojXzAtMzU1Xl5gMTNiMzMyNGEjaXJyLWFhXnJgYS0tZDAvc3M%3D&btag=80000e00008000&dy_q=1785465424&feature_id=d6a18d7c5414b1f1e95a75faf9147845&l=2026073110370304CFF515E5F49A7FB2CA&ply_type=3&policy=eyJ2bSI6MywidWlkIjoiMzEyOTY1MDYwMzg4ODE4NSJ9,已使用,审核通过,首发,11,--,10.52,537,24,4.47,0.44,19.59,1,10.52,4.17,0,0,0,0,0,0
"	7664925183753125914",0720-瑞晨引流-1.mp4,https://video-cn.oceanengine.com/8e10f811e78574411797ad31dfed545e/6a6ead5f/tos-cn-ve-51/oQCCU1gs1IyLuf3CAmagNINk7BRyqCAQ29geDX?a=1402&ch=0&cr=0&dr=3&cd=0%7C0%7C0%7C0&br=526&bt=526&cs=0&ds=3&ft=J9ThAGkHH_Myq8Z7jjR_e2NvjTQ&mime_type=video_mp4&qs=0&rc=NXZpTGRTaFBnKWxncmd5aHFsc3IxZGYzZ2Y2NmVkPDo6PGY0OTo1QGlqdzhtZ286PG88MzM0NjMzQFNsa3ZpcUQ6amtqXmJmK2BeaWpgYTojYDBhMi9gLTZiMTBjMi5fM2EjbzNscWFhLy5jYS0tZDBhc3M%3D&btag=80000e00010000&dy_q=1785465424&feature_id=d6a18d7c5414b1f1e95a75faf9147845&l=2026073110370304CFF515E5F49A7FB2CA&ply_type=3&policy=eyJ2bSI6MywidWlkIjoiMzEyOTY1MDYwMzg4ODE4NSJ9,已使用,审核通过,--,5,--,5.45,281,17,6.05,0.32,19.4,0,0,0,0,0,0,0,0,0
"	7662705450031562779",0715-引导-小敏-7.mp4,https://video-cn.oceanengine.com/c922c543ca98152fcbbda496f359be3a/6a6ead5b/tos-cn-ve-51/oMd1UZPldMZzthIGmIAgalJ0QiREOIAgXDWuU?a=1402&ch=0&cr=0&dr=3&cd=0%7C0%7C0%7C0&br=523&bt=523&cs=0&ds=3&ft=J9ThAGkHH_Myq8Z7jjR_e2NvjTQ&mime_type=video_mp4&qs=0&rc=NXZpTGRTaFBnKWxncmd5aHFsc3IxZGZoOzM0Omk4Z2U5NzY1NzQ6QGlqa3g4aG86NnA8MzM0NjMzQFNsa3ZpcUQ6amtqXmJmK2BeaWpgYTojYmEzL2JfYDZgMTJhYDQ1X2EjMV4uMWFhXmBfYS0tZDAvc3M%3D&btag=80000e00008000&dy_q=1785465424&feature_id=d6a18d7c5414b1f1e95a75faf9147845&l=2026073110370304CFF515E5F49A7FB2CA&ply_type=3&policy=eyJ2bSI6MywidWlkIjoiMzEyOTY1MDYwMzg4ODE4NSJ9,未使用,审核通过,首发,7,--,1.22,67,0,0,0,18.21,0,0,0,0,0,0,0,0,0
"	7662638633062187046",0714-引流-魏怡-5.mp4,https://video-cn.oceanengine.com/7c5038fc9546c356ede7c61db803ec04/6a6ead74/tos-cn-ve-51/o4Ous3QI7qaAKm4t5eAKi1USIGlgmBgsQhuYIq?a=1402&ch=0&cr=0&dr=3&cd=0%7C0%7C0%7C0&cv=1&br=753&bt=753&cs=0&ds=3&ft=J9ThAGkHH_Myq8Z7jjR_e2NvjTQ&mime_type=video_mp4&qs=0&rc=NXZpTGRTaFBnKWxncmd5aHFsc3IxZGY2ZDozOGZpZGY1aWVnPDc1QGkzZmk8N286b2w8MzM0NjMzQFNsa3ZpcUQ6amtqXmJmK2BeaWpgYTojYS5fYjFhYV8yMS81MWEtNGEjX15fNmFhL2ZfYS0tZDBhc3M%3D&btag=80000e00018000&dy_q=1785465424&feature_id=d6a18d7c5414b1f1e95a75faf9147845&l=2026073110370304CFF515E5F49A7FB2CA&ply_type=3&policy=eyJ2bSI6MywidWlkIjoiMzEyOTY1MDYwMzg4ODE4NSJ9,已使用,审核通过,--,15,--,20.4,1293,33,2.55,0.62,15.78,1,20.4,3.03,0,0,0,0,0,0
"	7664926038411853874",0720-引流-魏怡-10.mp4,https://video-cn.oceanengine.com/3f01b21c35669947abe79ff01426b19c/6a6ead68/tos-cn-ve-51/oAqfeGKKRCwvegtUgjbUGiaBoPukqA5OAjAQ1U?a=1402&ch=0&cr=0&dr=3&cd=0%7C0%7C0%7C0&br=1388&bt=1388&cs=0&ds=3&ft=J9ThAGkHH_Myq8Z7jjR_e2NvjTQ&mime_type=video_mp4&qs=0&rc=NXZpTGRTaFBnKWxncmd5aHFsc3IxZGZkZmdlN2VkODVlMzw2NTRpQGlqaHg5ZW86c288MzM0NjMzQFNsa3ZpcUQ6amtqXmJmK2BeaWpgYTojXjU0MzNfMjVgMV4xLWEtNWEjYGxiXmFhXjBjYS0tZDAwc3M%3D&btag=80000e00010000&dy_q=1785465424&feature_id=d6a18d7c5414b1f1e95a75faf9147845&l=2026073110370304CFF515E5F49A7FB2CA&ply_type=3&policy=eyJ2bSI6MywidWlkIjoiMzEyOTY1MDYwMzg4ODE4NSJ9,未使用,审核通过,--,4,--,0,0,0,0,0,0,0,0,0,0,0,0,0,0,0
"	7664925213059399690",0718瑞晨21-修改.mp4,https://video-cn.oceanengine.com/22f5724c65e269caeaf9f642bc0ff223/6a6ead5a/tos-cn-ve-51/owaDi1aXug1fkwAACkzgR52CqeRPNSZACHX1oB?a=1402&ch=0&cr=0&dr=3&cd=0%7C0%7C0%7C0&cv=1&br=1534&bt=1534&cs=0&ds=3&ft=J9ThAGkHH_Myq8Z7jjR_e2NvjTQ&mime_type=video_mp4&qs=0&rc=NXZpTGRTaFBnKWxncmd5aHFsc3IxZGZpOmc4NTlmNTs0NGc4NjZlQGlqZXNlZm86PG88MzM0NjMzQFNsa3ZpcUQ6amtqXmJmK2BeaWpgYTojMjE2YF81YjZgMTJiMi41XmEjaGVmLWFhLy5jYS0tZDAvc3M%3D&btag=80000e00008000&dy_q=1785465424&feature_id=d6a18d7c5414b1f1e95a75faf9147845&l=2026073110370304CFF515E5F49A7FB2CA&ply_type=3&policy=eyJ2bSI6MywidWlkIjoiMzEyOTY1MDYwMzg4ODE4NSJ9,已使用,审核通过,首发,7,--,1.96,84,12,14.29,0.16,23.33,0,0,0,0,0,0,0,0,0
"	7663055144947695643",0714-引导-雅迪-1-改.mp4,https://video-cn.oceanengine.com/7c8ef85a8477725803335891e3551b0f/6a6ead71/tos-cn-ve-51/ooxBPG8BmImANhfIQaQg3ma15QOt7gZFAQVISL?a=1402&ch=0&cr=0&dr=3&cd=0%7C0%7C0%7C0&cv=1&br=841&bt=841&cs=0&ds=3&ft=J9ThAGkHH_Myq8Z7jjR_e2NvjTQ&mime_type=video_mp4&qs=0&rc=NXZpTGRTaFBnKWxncmd5aHFsc3IxZGY4PDhkNjZoO2UzOzU8ZGY5QGlqOmZwO286ZmQ8MzM0NjMzQFNsa3ZpcUQ6amtqXmJmK2BeaWpgYTojNDAxNTUzNV41MS8zYTAyL2EjZy5yNmFhZjVgYS0tZDAwc3M%3D&btag=80000e00018000&dy_q=1785465424&feature_id=d6a18d7c5414b1f1e95a75faf9147845&l=2026073110370304CFF515E5F49A7FB2CA&ply_type=3&policy=eyJ2bSI6MywidWlkIjoiMzEyOTY1MDYwMzg4ODE4NSJ9,已使用,审核通过,首发,9,--,3.22,296,7,2.36,0.46,10.88,0,0,0,0,0,0,0,0,0
"	7664925385851191305",0720-浩正引导-6.mp4,https://video-cn.oceanengine.com/b1204076361a19c7807577f6509da8bf/6a6ead64/tos-cn-ve-51/oQa7aU3YQudBhTLA1fxaIgymi4Atgh6QE0P1IT?a=1402&ch=0&cr=0&dr=3&cd=0%7C0%7C0%7C0&cv=1&br=907&bt=907&cs=0&ds=3&ft=J9ThAGkHH_Myq8Z7jjR_e2NvjTQ&mime_type=video_mp4&qs=0&rc=NXZpTGRTaFBnKWxncmd5aHFsc3IxZGZnNzc0O2dpNjtlNWk0aTRlQGlqdG9saG86dm88MzM0NjMzQFNsa3ZpcUQ6amtqXmJmK2BeaWpgYTojXzMvYWNjYl8wMS02M2IwX2EjcGthb2FhLy9jYS0tZDAwc3M%3D&btag=80000e00010000&dy_q=1785465424&feature_id=d6a18d7c5414b1f1e95a75faf9147845&l=2026073110370304CFF515E5F49A7FB2CA&ply_type=3&policy=eyJ2bSI6MywidWlkIjoiMzEyOTY1MDYwMzg4ODE4NSJ9,已使用,审核通过,--,2,--,0,1,0,0,0,0,0,0,0,0,0,0,0,0,0
"	7663055258714243123",0716-引流-魏怡-6.mp4,https://video-cn.oceanengine.com/5fd69753441f0a2bcd61da1646ea1473/6a6ead5e/tos-cn-ve-51/oIAuId71glIZAptgkQnaYwzQhNliZO8wCEWUF?a=1402&ch=0&cr=0&dr=3&cd=0%7C0%7C0%7C0&br=1418&bt=1418&cs=0&ds=3&ft=J9ThAGkHH_Myq8Z7jjR_e2NvjTQ&mime_type=video_mp4&qs=0&rc=NXZpTGRTaFBnKWxncmd5aHFsc3IxZGZkM2dpNTc0NzxpM2ZlNzNkQGkzajloaG86aGQ8MzM0NjMzQFNsa3ZpcUQ6amtqXmJmK2BeaWpgYTojNTQxMDNhYF9fMS0uX2FfNmEjci5vbGFhXjVgYS0tZDAvc3M%3D&btag=80000e00010000&dy_q=1785465424&feature_id=d6a18d7c5414b1f1e95a75faf9147845&l=2026073110370304CFF515E5F49A7FB2CA&ply_type=3&policy=eyJ2bSI6MywidWlkIjoiMzEyOTY1MDYwMzg4ODE4NSJ9,已使用,审核通过,首发,7,--,0.68,39,4,10.26,0.17,17.44,0,0,0,0,0,0,0,0,0
"	7664925362551570441",0720-引导-嘉丽-3.mp4,https://video-cn.oceanengine.com/4ddb6a6ccd954d0368c0b28e8093672b/6a6ead57/tos-cn-ve-51/oktiYCB1LAHtgv1g7G56qmUAhtfIIcI3BsKQQa?a=1402&ch=0&cr=0&dr=3&cd=0%7C0%7C0%7C0&cv=1&br=1467&bt=1467&cs=0&ds=3&ft=J9ThAGkHH_Myq8Z7jjR_e2NvjTQ&mime_type=video_mp4&qs=0&rc=NXZpTGRTaFBnKWxncmd5aHFsc3IxZGY8aGg4Zzs2aDM1Zjk7O2U6QGlqcWs6Nm86dG88MzM0NjMzQFNsa3ZpcUQ6amtqXmJmK2BeaWpgYTojMmFhMTRiNTYuMTZeMi8uNWEjZmExX2FhZi9jYS0tZDAwc3M%3D&btag=80000e00008000&dy_q=1785465424&feature_id=d6a18d7c5414b1f1e95a75faf9147845&l=2026073110370304CFF515E5F49A7FB2CA&ply_type=3&policy=eyJ2bSI6MywidWlkIjoiMzEyOTY1MDYwMzg4ODE4NSJ9,已使用,审核通过,首发,6,--,1.88,119,9,7.56,0.21,15.8,0,0,0,0,0,0,0,0,0
"	7661187009408008233",微信视频_20260711163659.mp4,https://video-cn.oceanengine.com/0c927eab686017dc2ef7a5331c91d6a1/6a6ead75/tos-cn-ve-51/o8AIVJEAIali9I9dA3EzaVdQtXIgvEwQWmUgJ?a=1402&ch=0&cr=0&dr=3&cd=0%7C0%7C0%7C0&cv=1&br=908&bt=908&cs=0&ds=3&ft=J9ThAGkHH_Myq8Z7jjR_e2NvjTQ&mime_type=video_mp4&qs=0&rc=NXZpTGRTaFBnKWxncmd5aHFsc3IxZGY2ODM6aGg0NTw3Nmg4OTYzQGkzajt1NW86OXk8MzM0NjMzQFNsa3ZpcUQ6amtqXmJmK2BeaWpgYTojNV4uYjA0Ml4xMTA2YTUwMWEjL2VvMWFhXmNeYS0tZDAvc3M%3D&btag=80000e00018000&dy_q=1785465424&feature_id=d6a18d7c5414b1f1e95a75faf9147845&l=2026073110370304CFF515E5F49A7FB2CA&ply_type=3&policy=eyJ2bSI6MywidWlkIjoiMzEyOTY1MDYwMzg4ODE4NSJ9,已使用,审核通过,优质,24,--,18.36,803,13,1.62,1.41,22.86,0,0,0,0,0,0,0,0,0
"	7663055225868468274",0714-引导-雅迪-2-改.mp4,https://video-cn.oceanengine.com/d24f3d8b88169d5e844594ca2a60fb40/6a6ead63/tos-cn-ve-51/oMS0Q4tVQYIAgBqnBEkAFjMkllopIAqWzdai1?a=1402&ch=0&cr=0&dr=3&cd=0%7C0%7C0%7C0&br=680&bt=680&cs=0&ds=3&ft=J9ThAGkHH_Myq8Z7jjR_e2NvjTQ&mime_type=video_mp4&qs=0&rc=NXZpTGRTaFBnKWxncmd5aHFsc3IxZGY5aTtoZTNoZTxkPGQ2PDo8QGlqb2Q8ZG86ZmQ8MzM0NjMzQFNsa3ZpcUQ6amtqXmJmK2BeaWpgYTojM2A2NWNhL14yMV9eMzJgYWEjZWhebmFhZjVgYS0tZDAvc3M%3D&btag=80000e00010000&dy_q=1785465424&feature_id=d6a18d7c5414b1f1e95a75faf9147845&l=2026073110370304CFF515E5F49A7FB2CA&ply_type=3&policy=eyJ2bSI6MywidWlkIjoiMzEyOTY1MDYwMzg4ODE4NSJ9,已使用,审核通过,首发,7,--,1.17,76,2,2.63,0.59,15.39,0,0,0,0,0,0,0,0,0
"	7664925453538852910",0720-瑞晨引流-4.mp4,https://video-cn.oceanengine.com/beca359fe0b80824b9cb231d048a41d2/6a6ead5f/tos-cn-ve-51/okImhh1A602uxS4faAQodLtyXCgABQIY7UBMsL?a=1402&ch=0&cr=0&dr=3&cd=0%7C0%7C0%7C0&br=566&bt=566&cs=0&ds=3&ft=J9ThAGkHH_Myq8Z7jjR_e2NvjTQ&mime_type=video_mp4&qs=0&rc=NXZpTGRTaFBnKWxncmd5aHFsc3IxZGY0Nzk1aDQ3Z2Q2Omg6ODs5QGkzaDZvZm86PG88MzM0NjMzQFNsa3ZpcUQ6amtqXmJmK2BeaWpgYTojYDYyMDY2MzZfMV9fMTM0Y2EjcjVkX2FhLy5jYS0tZDAvc3M%3D&btag=80000e00010000&dy_q=1785465424&feature_id=d6a18d7c5414b1f1e95a75faf9147845&l=2026073110370304CFF515E5F49A7FB2CA&ply_type=3&policy=eyJ2bSI6MywidWlkIjoiMzEyOTY1MDYwMzg4ODE4NSJ9,已使用,审核通过,--,5,--,0.01,1,0,0,0,10,0,0,0,0,0,0,0,0,0
"	7664925203185598515",0720-瑞晨引流-7.mp4,https://video-cn.oceanengine.com/15a70f28db9909fb663dce5fbf93b448/6a6ead5f/tos-cn-ve-51/oEOL1fC21kQIXDLqA1gINU3ajRS8SqDCA1eBgg?a=1402&ch=0&cr=0&dr=3&cd=0%7C0%7C0%7C0&br=987&bt=987&cs=0&ds=3&ft=J9ThAGkHH_Myq8Z7jjR_e2NvjTQ&mime_type=video_mp4&qs=0&rc=NXZpTGRTaFBnKWxncmd5aHFsc3IxZGY6MzllZzw6NjZlM2lnZTc1QGlqNWVxNm86PG88MzM0NjMzQFNsa3ZpcUQ6amtqXmJmK2BeaWpgYTojYS41LTRhLV8vMTRiLi1hMGEjNGRiamFhLy5jYS0tZDAvc3M%3D&btag=80000e00010000&dy_q=1785465424&feature_id=d6a18d7c5414b1f1e95a75faf9147845&l=2026073110370304CFF515E5F49A7FB2CA&ply_type=3&policy=eyJ2bSI6MywidWlkIjoiMzEyOTY1MDYwMzg4ODE4NSJ9,已使用,审核通过,--,6,--,1.06,16,0,0,0,66.25,0,0,0,0,0,0,0,0,0
"	7662604446477156362",0714-瑞晨引导-11.mp4,https://video-cn.oceanengine.com/fe241ca6f803bfff16f4de6b04942220/6a6ead5a/tos-cn-ve-51/oE1ouMRogd5wqaDDGxfBAuNI2VIAFQIgNTq8Qf?a=1402&ch=0&cr=0&dr=3&cd=0%7C0%7C0%7C0&cv=1&br=1551&bt=1551&cs=0&ds=3&ft=J9ThAGkHH_Myq8Z7jjR_e2NvjTQ&mime_type=video_mp4&qs=0&rc=NXZpTGRTaFBnKWxncmd5aHFsc3IxZGY8ZjY3NTM6OmgzNmVoPDRmQGkzdnQ0aW86ZWo8MzM0NjMzQFNsa3ZpcUQ6amtqXmJmK2BeaWpgYTojXi8uXzEzYDU0MTJhNGMtYWEjZmcubmFhZmhfYS0tZDBhc3M%3D&btag=80000e00008000&dy_q=1785465424&feature_id=d6a18d7c5414b1f1e95a75faf9147845&l=2026073110370304CFF515E5F49A7FB2CA&ply_type=3&policy=eyJ2bSI6MywidWlkIjoiMzEyOTY1MDYwMzg4ODE4NSJ9,已使用,审核通过,首发,14,--,0.88,31,1,3.23,0.88,28.39,0,0,0,0,0,0,0,0,0
"	7662602421135540270",0714-引导-嘉丽-2.mp4,https://video-cn.oceanengine.com/ebc0f3bfb54384b823afe1d5a898eb1c/6a6ead5b/tos-cn-ve-51/ocIUI6tTL7hxtxmXgQaAEQKPmf1QCA5BB476IZ?a=1402&ch=0&cr=0&dr=3&cd=0%7C0%7C0%7C0&br=852&bt=852&cs=0&ds=3&ft=J9ThAGkHH_Myq8Z7jjR_e2NvjTQ&mime_type=video_mp4&qs=0&rc=NXZpTGRTaFBnKWxncmd5aHFsc3IxZGY2M2k8NTs1ZGc7ODdmZTk0QGkzazx4Om86cmo8MzM0NjMzQFNsa3ZpcUQ6amtqXmJmK2BeaWpgYTojNTI0NGAzMzU2MTUwYWI1NWEjcTZzc2FhZmRfYS0tZDAwc3M%3D&btag=80000e00008000&dy_q=1785465424&feature_id=d6a18d7c5414b1f1e95a75faf9147845&l=2026073110370304CFF515E5F49A7FB2CA&ply_type=3&policy=eyJ2bSI6MywidWlkIjoiMzEyOTY1MDYwMzg4ODE4NSJ9,已使用,审核通过,首发,13,--,0.39,14,3,21.43,0.13,27.86,0,0,0,0,0,0,0,0,0
"	7667905178185842697",推送视频_0729-国星引流-图文3.mp4,https://video-cn.oceanengine.com/3ba0346889e236a11e39066079550196/6a6ead5a/tos-cn-ve-51/okUT7qrageINAIe0qCElLxtpDzApCdI3BKQOaS?a=1402&ch=0&cr=0&dr=3&cd=0%7C0%7C0%7C0&br=1719&bt=1719&cs=0&ds=3&ft=J9ThAGkHH_Myq8Z7jjR_e2NvjTQ&mime_type=video_mp4&qs=0&rc=NXZpTGRTaFBnKWxncmd5aHFsc3IxZGY0NTllaThoM2doMztoOjM6QGkzZHVrN286ZHc8MzM0NjMzQFNsa3ZpcUQ6amtqXmJmK2BeaWpgYTojYTIzLi0uNF5jMWFjXi01MGEjNDNjXmFhL3JoYS0tZDAvc3M%3D&btag=80000e00008000&dy_q=1785465424&feature_id=d6a18d7c5414b1f1e95a75faf9147845&l=2026073110370304CFF515E5F49A7FB2CA&ply_type=3&policy=eyJ2bSI6MywidWlkIjoiMzEyOTY1MDYwMzg4ODE4NSJ9,已使用,审核通过,--,1,--,0.3,19,0,0,0,15.79,0,0,0,0,0,0,0,0,0
"	7663055198366597171",0716-引流-魏怡-5.mp4,https://video-cn.oceanengine.com/f3c09d1c94129efb4ce4aa67bba59ae3/6a6ead5e/tos-cn-ve-51/o8ILaIHdB7yhEFpfxQ1QtAmYIKmFAoBPpAqCQR?a=1402&ch=0&cr=0&dr=3&cd=0%7C0%7C0%7C0&cv=1&br=1482&bt=1482&cs=0&ds=3&ft=J9ThAGkHH_Myq8Z7jjR_e2NvjTQ&mime_type=video_mp4&qs=0&rc=NXZpTGRTaFBnKWxncmd5aHFsc3IxZGYzNWg5ZjU8Omg7NTc0NDRmQGlqeTNmNm86aGQ8MzM0NjMzQFNsa3ZpcUQ6amtqXmJmK2BeaWpgYTojYDM0Y18tM19eMTJiYmEzMmEjNC5tcGFhZjVgYS0tZDAvc3M%3D&btag=80000e00010000&dy_q=1785465424&feature_id=d6a18d7c5414b1f1e95a75faf9147845&l=2026073110370304CFF515E5F49A7FB2CA&ply_type=3&policy=eyJ2bSI6MywidWlkIjoiMzEyOTY1MDYwMzg4ODE4NSJ9,已使用,审核通过,--,9,--,0.34,19,0,0,0,17.89,0,0,0,0,0,0,0,0,0
"	7668207569530945586",推送视频_0728浩正瑞晨引流-6.mp4,https://video-cn.oceanengine.com/32717d0a0f4bfc140b3cd199ed828c37/6a6ead62/tos-cn-ve-51/o8zANEInRYtyrvaTGDQ0AIaA8oqzDQQdmZWmE?a=1402&ch=0&cr=0&dr=3&cd=0%7C0%7C0%7C0&br=1652&bt=1652&cs=0&ds=3&ft=J9ThAGkHH_Myq8Z7jjR_e2NvjTQ&mime_type=video_mp4&qs=0&rc=NXZpTGRTaFBnKWxncmd5aHFsc3IxZGY2NjtmZmc5aTk8OzgzN2k2QGkzczY5Om86a2k8MzM0NjMzQFNsa3ZpcUQ6amtqXmJmK2BeaWpgYTojXjYuXmM0Xl4tMTViMzYvNmEjLTMvYWFhLzFpYS0tZDBhc3M%3D&btag=80000e00010000&dy_q=1785465424&feature_id=d6a18d7c5414b1f1e95a75faf9147845&l=2026073110370304CFF515E5F49A7FB2CA&ply_type=3&policy=eyJ2bSI6MywidWlkIjoiMzEyOTY1MDYwMzg4ODE4NSJ9,已使用,审核通过,--,1,--,0.13,14,0,0,0,9.29,0,0,0,0,0,0,0,0,0
"	7664925370136707098",0720-浩正引导-2.mp4,https://video-cn.oceanengine.com/dd86eb47d574cb6013edadaaaf359fff/6a6ead79/tos-cn-ve-51/o4uiQhWQ4aAaU3NDU6tMAm1gyBdQAAlLIPIwf7?a=1402&ch=0&cr=0&dr=3&cd=0%7C0%7C0%7C0&br=1330&bt=1330&cs=0&ds=3&ft=J9ThAGkHH_Myq8Z7jjR_e2NvjTQ&mime_type=video_mp4&qs=0&rc=NXZpTGRTaFBnKWxncmd5aHFsc3IxZGY0PDZkZjNpaDg4aTpnNThlQGlqM3g5OW86dm88MzM0NjMzQFNsa3ZpcUQ6amtqXmJmK2BeaWpgYTojXy80MmI1NjY1MWI0NS82MWEjMnFwMWFhLy9jYS0tZDAvc3M%3D&btag=80000e00018000&dy_q=1785465424&feature_id=d6a18d7c5414b1f1e95a75faf9147845&l=2026073110370304CFF515E5F49A7FB2CA&ply_type=3&policy=eyJ2bSI6MywidWlkIjoiMzEyOTY1MDYwMzg4ODE4NSJ9,已使用,审核通过,首发,2,--,0.04,6,0,0,0,6.67,0,0,0,0,0,0,0,0,0
"	7667906012121514035",推送视频_0929-引流-魏怡-7.mp4,https://video-cn.oceanengine.com/866dafcb834aaea3b408e0cf87a0f17a/6a6ead5b/tos-cn-ve-51/oMAqzpatdlI4QAAX71ZEnBgIhygktmWOQIEBZ?a=1402&ch=0&cr=0&dr=3&cd=0%7C0%7C0%7C0&br=221&bt=221&cs=0&ds=3&ft=J9ThAGkHH_Myq8Z7jjR_e2NvjTQ&mime_type=video_mp4&qs=0&rc=NXZpTGRTaFBnKWxncmd5aHFsc3IxZGY3ZmZoO2hnOmk1ZjNmNjk0QGkzczM4OG86M3g8MzM0NjMzQFNsa3ZpcUQ6amtqXmJmK2BeaWpgYTojYi4yMjAwLV9gMTIxMjQuYWEjNC9uMWFhZi1oYS0tZDAvc3M%3D&btag=80000e00008000&dy_q=1785465424&feature_id=d6a18d7c5414b1f1e95a75faf9147845&l=2026073110370304CFF515E5F49A7FB2CA&ply_type=3&policy=eyJ2bSI6MywidWlkIjoiMzEyOTY1MDYwMzg4ODE4NSJ9,已使用,审核通过,--,1,--,0.01,7,0,0,0,1.43,0,0,0,0,0,0,0,0,0
"	7667905926621560883",推送视频_0729-瑞晨浩正引流素材-12.mp4,https://video-cn.oceanengine.com/9917828e5eaf9fb56322589792d574f0/6a6ead6f/tos-cn-ve-51/o81ChVpc4AqIOAWmsgDEjCcQFNBzQAktxf4tdj?a=1402&ch=0&cr=0&dr=3&cd=0%7C0%7C0%7C0&br=1323&bt=1323&cs=0&ds=3&ft=J9ThAGkHH_Myq8Z7jjR_e2NvjTQ&mime_type=video_mp4&qs=0&rc=NXZpTGRTaFBnKWxncmd5aHFsc3IxZGYzNjVpOjZkZzc5Omk3NmhpQGlqZGY7Zm86cnc8MzM0NjMzQFNsa3ZpcUQ6amtqXmJmK2BeaWpgYTojXy5fLWEyYzVfMTM1MjYwYmEjZTRyYmFhZnNoYS0tZDAwc3M%3D&btag=80000e00018000&dy_q=1785465424&feature_id=d6a18d7c5414b1f1e95a75faf9147845&l=2026073110370304CFF515E5F49A7FB2CA&ply_type=3&policy=eyJ2bSI6MywidWlkIjoiMzEyOTY1MDYwMzg4ODE4NSJ9,已使用,审核通过,--,1,--,0.22,11,0,0,0,20,0,0,0,0,0,0,0,0,0
"	7664925157362647090",0720-瑞晨引流-10.mp4,https://video-cn.oceanengine.com/99fa2ee6c08c232d3ee2f38d7bcdb400/6a6ead5f/tos-cn-ve-51/o0LB0I6fEQyma1EIggM7ASAhUALtQO2z1IhpRK?a=1402&ch=0&cr=0&dr=3&cd=0%7C0%7C0%7C0&br=1099&bt=1099&cs=0&ds=3&ft=J9ThAGkHH_Myq8Z7jjR_e2NvjTQ&mime_type=video_mp4&qs=0&rc=NXZpTGRTaFBnKWxncmd5aHFsc3IxZGZkNTpnOzNkZDY2aTRpZDw0QGkzNzNoOW86PG88MzM0NjMzQFNsa3ZpcUQ6amtqXmJmK2BeaWpgYTojNjMuMTUzX14xMTVgL2BhMWEjYTFiXmFhLy5jYS0tZDAvc3M%3D&btag=80000e00010000&dy_q=1785465424&feature_id=d6a18d7c5414b1f1e95a75faf9147845&l=2026073110370304CFF515E5F49A7FB2CA&ply_type=3&policy=eyJ2bSI6MywidWlkIjoiMzEyOTY1MDYwMzg4ODE4NSJ9,已使用,审核通过,--,5,--,0.12,17,0,0,0,7.06,0,0,0,0,0,0,0,0,0
"	7663102826089185323",0714-魏怡引流-2-修改.mp4,https://video-cn.oceanengine.com/a785f2e7f614bd754f9252fdab993eed/6a6ead67/tos-cn-ve-51/ooPzldYUWjNIRJlENQg2NQNEA5atAch3XI4dQ?a=1402&ch=0&cr=0&dr=3&cd=0%7C0%7C0%7C0&br=1478&bt=1478&cs=0&ds=4&ft=J9ThAGkHH_Myq8Z7jjR_e2NvjTQ&mime_type=video_mp4&qs=0&rc=NXZpTGRTaFBnKWxncmd5aHFsc3IxZGY0PGk1Ojc4aTY6aDRlaTQ5QGkzZ3NtNG86d2Y8MzM0NjMzQFNsa3ZpcUQ6amtqXmJmK2BeaWpgYTojLy9eM2EvYV4wMTI2XzUtLWEjYmJiM2FhXnJgYS0tZDAvc3M%3D&btag=80000e00010000&dy_q=1785465424&feature_id=d6a18d7c5414b1f1e95a75faf9147845&l=2026073110370304CFF515E5F49A7FB2CA&ply_type=3&policy=eyJ2bSI6MywidWlkIjoiMzEyOTY1MDYwMzg4ODE4NSJ9,未使用,审核通过,--,4,--,0.27,2,0,0,0,135,0,0,0,0,0,0,0,0,0
"	7662989817081184266",0715瑞晨引流修改-3.mp4,https://video-cn.oceanengine.com/8510550a80893efc986973d98f16bb10/6a6ead73/tos-cn-ve-51/osR9we7AAgB260g6eo13NqIcWQOij0N0Ga8DCE?a=1402&ch=0&cr=0&dr=3&cd=0%7C0%7C0%7C0&cv=1&br=1739&bt=1739&cs=0&ds=3&ft=J9ThAGkHH_Myq8Z7jjR_e2NvjTQ&mime_type=video_mp4&qs=0&rc=NXZpTGRTaFBnKWxncmd5aHFsc3IxZGY7aDc5aDplN2ZkOjM0ODVnQGkzdXVqaW86aDk8MzM0NjMzQFNsa3ZpcUQ6amtqXmJmK2BeaWpgYTojLy02NjEzMV8zMTAvMS0uYGEjc2hnYmFhbmVgYS0tZDBhc3M%3D&btag=80000e00018000&dy_q=1785465424&feature_id=d6a18d7c5414b1f1e95a75faf9147845&l=2026073110370304CFF515E5F49A7FB2CA&ply_type=3&policy=eyJ2bSI6MywidWlkIjoiMzEyOTY1MDYwMzg4ODE4NSJ9,已使用,审核通过,--,5,--,7.97,355,7,1.97,1.14,22.45,0,0,0,0,0,0,0,0,0
"	7664925158484607003",0720-瑞晨引流-8.mp4,https://video-cn.oceanengine.com/aec8ef98d1db39e5be3075099b8d7e8c/6a6ead5f/tos-cn-ve-51/oQX9gg12zeGIeDJeBAqARFv1bsUAoClGFqtSjA?a=1402&ch=0&cr=0&dr=3&cd=0%7C0%7C0%7C0&br=747&bt=747&cs=0&ds=3&ft=J9ThAGkHH_Myq8Z7jjR_e2NvjTQ&mime_type=video_mp4&qs=0&rc=NXZpTGRTaFBnKWxncmd5aHFsc3IxZGZoNmhpaWY8OGg2N2hmOTRoQGkzamxzaG86PG88MzM0NjMzQFNsa3ZpcUQ6amtqXmJmK2BeaWpgYTojXmIwYGFjYjU2MTAwNTBeMmEjcHJwamFhLy5jYS0tZDAwc3M%3D&btag=80000e00010000&dy_q=1785465424&feature_id=d6a18d7c5414b1f1e95a75faf9147845&l=2026073110370304CFF515E5F49A7FB2CA&ply_type=3&policy=eyJ2bSI6MywidWlkIjoiMzEyOTY1MDYwMzg4ODE4NSJ9,已使用,审核通过,--,3,--,0.45,23,1,4.35,0.45,19.57,0,0,0,0,0,0,0,0,0
"	7667905857796505609",推送视频_0729-瑞晨浩正引流素材-13.mp4,https://video-cn.oceanengine.com/372a8f12ea6ee0973e281025e4f34aca/6a6ead6f/tos-cn-ve-51/ooKp4ZQNUAIBrf9bQtm1cCAq4dghWB0u0OCEkn?a=1402&ch=0&cr=0&dr=3&cd=0%7C0%7C0%7C0&br=742&bt=742&cs=0&ds=3&ft=J9ThAGkHH_Myq8Z7jjR_e2NvjTQ&mime_type=video_mp4&qs=0&rc=NXZpTGRTaFBnKWxncmd5aHFsc3IxZGZnMzdpZDw4OGVoZ2lkaWY5QGkzc2Q6Om86cnc8MzM0NjMzQFNsa3ZpcUQ6amtqXmJmK2BeaWpgYTojYl5iMTAwX181MTJeMjY2YWEjaXAubmFhXnNoYS0tZDAwc3M%3D&btag=80000e00018000&dy_q=1785465424&feature_id=d6a18d7c5414b1f1e95a75faf9147845&l=2026073110370304CFF515E5F49A7FB2CA&ply_type=3&policy=eyJ2bSI6MywidWlkIjoiMzEyOTY1MDYwMzg4ODE4NSJ9,已使用,审核通过,--,1,--,0.35,13,0,0,0,26.92,0,0,0,0,0,0,0,0,0
"	7662602318490189862",0714-引导-小敏-2.mp4,https://video-cn.oceanengine.com/4f8fa80b9ead579c52b76fb99d169130/6a6ead5f/tos-cn-ve-51/oETTYtClrkEzlCEaIccPzAQJdWzOtIQAIIVXG?a=1402&ch=0&cr=0&dr=3&cd=0%7C0%7C0%7C0&cv=1&br=1254&bt=1254&cs=0&ds=3&ft=J9ThAGkHH_Myq8Z7jjR_e2NvjTQ&mime_type=video_mp4&qs=0&rc=NXZpTGRTaFBnKWxncmd5aHFsc3IxZGY0NGZlZjk7aWc7Omg6Njg5QGlqOWZsZW86cmo8MzM0NjMzQFNsa3ZpcUQ6amtqXmJmK2BeaWpgYTojLjUzNjRjNl9fMTQvMTUvYWEjbXBiNGFhZmRfYS0tZDBhc3M%3D&btag=80000e00010000&dy_q=1785465424&feature_id=d6a18d7c5414b1f1e95a75faf9147845&l=2026073110370304CFF515E5F49A7FB2CA&ply_type=3&policy=eyJ2bSI6MywidWlkIjoiMzEyOTY1MDYwMzg4ODE4NSJ9,已使用,审核通过,首发,11,--,0.05,2,0,0,0,25,0,0,0,0,0,0,0,0,0
"	7662604418197995571",0714-瑞晨引导-2.mp4,https://video-cn.oceanengine.com/e54883cb46178e49d7966c7baf72700a/6a6ead5f/tos-cn-ve-51/oEcBAQ4CIdwXPpLW0NKWmALEzQaCIQytkhWli?a=1402&ch=0&cr=0&dr=3&cd=0%7C0%7C0%7C0&br=648&bt=648&cs=0&ds=3&ft=J9ThAGkHH_Myq8Z7jjR_e2NvjTQ&mime_type=video_mp4&qs=0&rc=NXZpTGRTaFBnKWxncmd5aHFsc3IxZGY6ZTU1M2k5ZmU5NWRpOGk3QGkzbDc1NW86ZWo8MzM0NjMzQFNsa3ZpcUQ6amtqXmJmK2BeaWpgYTojNDEzMy41NDZgMWNeMzE0NWEjX3NwX2FhZmhfYS0tZDAwc3M%3D&btag=80000e00010000&dy_q=1785465424&feature_id=d6a18d7c5414b1f1e95a75faf9147845&l=2026073110370304CFF515E5F49A7FB2CA&ply_type=3&policy=eyJ2bSI6MywidWlkIjoiMzEyOTY1MDYwMzg4ODE4NSJ9,已使用,审核通过,--,5,--,0.37,17,0,0,0,21.76,0,0,0,0,0,0,0,0,0
"	7664925388346507310",0720-浩正引导-5.mp4,https://video-cn.oceanengine.com/f9911b06e9d17ca979661b6d21228369/6a6ead5b/tos-cn-ve-51/ogI1admqBbaLDfO7qUti4QPYgEv1IQAF6ARhsA?a=1402&ch=0&cr=0&dr=3&cd=0%7C0%7C0%7C0&br=379&bt=379&cs=0&ds=3&ft=J9ThAGkHH_Myq8Z7jjR_e2NvjTQ&mime_type=video_mp4&qs=0&rc=NXZpTGRTaFBnKWxncmd5aHFsc3IxZGY0aDNlNjlnaDg6Njw8NjM3QGkzMzk5NW86dm88MzM0NjMzQFNsa3ZpcUQ6amtqXmJmK2BeaWpgYTojLjEyXl4vMV5gMTY0LzJjYGEjLnFob2FhLy9jYS0tZDAwc3M%3D&btag=80000e00008000&dy_q=1785465424&feature_id=d6a18d7c5414b1f1e95a75faf9147845&l=2026073110370304CFF515E5F49A7FB2CA&ply_type=3&policy=eyJ2bSI6MywidWlkIjoiMzEyOTY1MDYwMzg4ODE4NSJ9,已使用,审核通过,--,4,--,7.36,344,9,2.62,0.82,21.4,0,0,0,0,0,0,0,0,0
"	7664925189496602651",0720-瑞晨引流-6.mp4,https://video-cn.oceanengine.com/e8dfc1f7590ffa2024b388f788436268/6a6ead5f/tos-cn-ve-51/oYC8gRNy1ASqaafDkf2U1kQLXBDIl6ag0uNKCA?a=1402&ch=0&cr=0&dr=3&cd=0%7C0%7C0%7C0&br=620&bt=620&cs=0&ds=3&ft=J9ThAGkHH_Myq8Z7jjR_e2NvjTQ&mime_type=video_mp4&qs=0&rc=NXZpTGRTaFBnKWxncmd5aHFsc3IxZGZnNTY5ZTwzZWgzNmczZGQ5QGlqOXhxZ286PG88MzM0NjMzQFNsa3ZpcUQ6amtqXmJmK2BeaWpgYTojXjIwL18uM181MS1hXzIyM2Ejcm4yMWFhLy5jYS0tZDAwc3M%3D&btag=80000e00010000&dy_q=1785465424&feature_id=d6a18d7c5414b1f1e95a75faf9147845&l=2026073110370304CFF515E5F49A7FB2CA&ply_type=3&policy=eyJ2bSI6MywidWlkIjoiMzEyOTY1MDYwMzg4ODE4NSJ9,已使用,审核通过,--,6,--,0.38,10,0,0,0,38,0,0,0,0,0,0,0,0,0
"	7662602433123483686",0714-引导-嘉丽-1.mp4,https://video-cn.oceanengine.com/8b26b56c362f48d83b86911ac245824a/6a6ead5a/tos-cn-ve-51/o8daEzldDItYIkttvaHOQUMCCIAXWETc2XIkA?a=1402&ch=0&cr=0&dr=3&cd=0%7C0%7C0%7C0&cv=1&br=356&bt=356&cs=0&ds=3&ft=J9ThAGkHH_Myq8Z7jjR_e2NvjTQ&mime_type=video_mp4&qs=0&rc=NXZpTGRTaFBnKWxncmd5aHFsc3IxZGZlaTM3ZWZoOjc8OjVlNzg7QGlqNztzZ286cmo8MzM0NjMzQFNsa3ZpcUQ6amtqXmJmK2BeaWpgYTojLy00NWJfMl4tMWNgLTViXmEjX2wta2FhZmRfYS0tZDBhc3M%3D&btag=80000e00008000&dy_q=1785465424&feature_id=d6a18d7c5414b1f1e95a75faf9147845&l=2026073110370304CFF515E5F49A7FB2CA&ply_type=3&policy=eyJ2bSI6MywidWlkIjoiMzEyOTY1MDYwMzg4ODE4NSJ9,已使用,审核通过,--,11,--,0.01,3,0,0,0,3.33,0,0,0,0,0,0,0,0,0
"	7662989744205479974",0714瑞晨引流修改-15.mp4,https://video-cn.oceanengine.com/22a7744de2942119662ab8c94d925ef4/6a6ead5d/tos-cn-ve-51/oMNfI7t46ChdmdLYAQaAERLbmK1QaApBCD7Doi?a=1402&ch=0&cr=0&dr=3&cd=0%7C0%7C0%7C0&cv=1&br=1764&bt=1764&cs=0&ds=3&ft=J9ThAGkHH_Myq8Z7jjR_e2NvjTQ&mime_type=video_mp4&qs=0&rc=NXZpTGRTaFBnKWxncmd5aHFsc3IxZGY6OmU5Njg3ODVkMzc0NGYzQGlqdzpqZ286aDk8MzM0NjMzQFNsa3ZpcUQ6amtqXmJmK2BeaWpgYTojYDNiY2I1LjU1MTViXzFiYmEjcXI1ZmFhbmVgYS0tZDAvc3M%3D&btag=80000e00008000&dy_q=1785465424&feature_id=d6a18d7c5414b1f1e95a75faf9147845&l=2026073110370304CFF515E5F49A7FB2CA&ply_type=3&policy=eyJ2bSI6MywidWlkIjoiMzEyOTY1MDYwMzg4ODE4NSJ9,已使用,审核通过,首发,16,--,2.63,117,8,6.84,0.33,22.48,0,0,0,0,0,0,0,0,0
"	7665242096884973618",0713-引导-小敏-5.mp4,https://video-cn.oceanengine.com/992b3a79bc25eb0144e8537c1c17312f/6a6ead5e/tos-cn-ve-51/o8UkSgD1qBeOShsa2DsGEAQ9DAfARYNgFNI4Ln?a=1402&ch=0&cr=0&dr=3&cd=0%7C0%7C0%7C0&br=1019&bt=1019&cs=0&ds=4&ft=J9ThAGkHH_Myq8Z7jjR_e2NvjTQ&mime_type=video_mp4&qs=0&rc=NXZpTGRTaFBnKWxncmd5aHFsc3IxZGZpOTs3aTNmN2Q7MzhmZzU4QGkzPHluNm86PDk8MzM0NjMzQFNsa3ZpcUQ6amtqXmJmK2BeaWpgYTojYy00YzYxYF4yMV9hMGIuXmEjMmBfa2FhbmZkYS0tZDAwc3M%3D&btag=80000200010000&dy_q=1785465424&feature_id=d6a18d7c5414b1f1e95a75faf9147845&l=2026073110370304CFF515E5F49A7FB2CA&ply_type=3&policy=eyJ2bSI6MywidWlkIjoiMzEyOTY1MDYwMzg4ODE4NSJ9,未使用,审核不通过,--,0,--,0,0,0,0,0,0,0,0,0,0,0,0,0,0,0
"	7662213071909732378",0713-引导-小敏-1.mp4,https://video-cn.oceanengine.com/63a1d2ede686da0601e5095e4cac853f/6a6ead5f/tos-cn-ve-51/oQnQDEBTg51AhWEagwioAiMBmgVB4QSmKIfdia?a=1402&ch=0&cr=0&dr=3&cd=0%7C0%7C0%7C0&cv=1&br=874&bt=874&cs=0&ds=3&ft=J9ThAGkHH_Myq8Z7jjR_e2NvjTQ&mime_type=video_mp4&qs=0&rc=NXZpTGRTaFBnKWxncmd5aHFsc3IxZGY7Zjs2OzQ3ZjQ1NTVlO2c5QGlqdGQ7czlyPDk8MzM0NjMzQFNsa3ZpcUQ6amtqXmJmK2BeaWpgYTojYjQ2X2JhY180MS4wNTA1NmEjZDEucDJkc2ZkYS0tZDBhc3M%3D&btag=80000e00010000&dy_q=1785465424&feature_id=d6a18d7c5414b1f1e95a75faf9147845&l=2026073110370304CFF515E5F49A7FB2CA&ply_type=3&policy=eyJ2bSI6MywidWlkIjoiMzEyOTY1MDYwMzg4ODE4NSJ9,已使用,审核通过,--,2,--,0,0,0,0,0,0,0,0,0,0,0,0,0,0,0
"	7664925184852197385",0720-瑞晨引流-2.mp4,https://video-cn.oceanengine.com/68f20248f92c933c84c051506081e4e7/6a6ead5f/tos-cn-ve-51/o8aYfLIhgJT61tCBDEBAAShE7LIAUQZQmLCzuz?a=1402&ch=0&cr=0&dr=3&cd=0%7C0%7C0%7C0&br=720&bt=720&cs=0&ds=3&ft=J9ThAGkHH_Myq8Z7jjR_e2NvjTQ&mime_type=video_mp4&qs=0&rc=NXZpTGRTaFBnKWxncmd5aHFsc3IxZGZlO2Y7ZTo1Njw0ZmU8aDhmQGkzPGw2M286PG88MzM0NjMzQFNsa3ZpcUQ6amtqXmJmK2BeaWpgYTojNS40YzNiNjYyMWM2M2IuNmEjZV8xamFhLy5jYS0tZDAvc3M%3D&btag=80000e00010000&dy_q=1785465424&feature_id=d6a18d7c5414b1f1e95a75faf9147845&l=2026073110370304CFF515E5F49A7FB2CA&ply_type=3&policy=eyJ2bSI6MywidWlkIjoiMzEyOTY1MDYwMzg4ODE4NSJ9,已使用,审核通过,--,5,--,0,0,0,0,0,0,0,0,0,0,0,0,0,0,0
"	7664925165076463667",0720-瑞晨引流-5.mp4,https://video-cn.oceanengine.com/67282e3bacee30dab004f2124411f4fd/6a6ead5f/tos-cn-ve-51/oYeSgX1A9RqFa11CWDRBNykfXU0mo1D9A2AMRg?a=1402&ch=0&cr=0&dr=3&cd=0%7C0%7C0%7C0&br=768&bt=768&cs=0&ds=3&ft=J9ThAGkHH_Myq8Z7jjR_e2NvjTQ&mime_type=video_mp4&qs=0&rc=NXZpTGRTaFBnKWxncmd5aHFsc3IxZGZlOzw8NTw1OGRnM2ZlPDU2QGlqd3c8OG86PG88MzM0NjMzQFNsa3ZpcUQ6amtqXmJmK2BeaWpgYTojMS40LjYzXl4wMWIwYmMyYGEjLm4yM2FhLy5jYS0tZDAwc3M%3D&btag=80000e00010000&dy_q=1785465424&feature_id=d6a18d7c5414b1f1e95a75faf9147845&l=2026073110370304CFF515E5F49A7FB2CA&ply_type=3&policy=eyJ2bSI6MywidWlkIjoiMzEyOTY1MDYwMzg4ODE4NSJ9,已使用,审核通过,--,5,--,0,0,0,0,0,0,0,0,0,0,0,0,0,0,0
"	7664925350633455626",0720-浩正引导-4.mp4,https://video-cn.oceanengine.com/0ed55d81072b0331e3823bacaf149ae0/6a6ead60/tos-cn-ve-51/oQFXDfwwDEANIYUZTgqgFBBfQKN1AFNwaA5D5S?a=1402&ch=0&cr=0&dr=3&cd=0%7C0%7C0%7C0&br=771&bt=771&cs=0&ds=3&ft=J9ThAGkHH_Myq8Z7jjR_e2NvjTQ&mime_type=video_mp4&qs=0&rc=NXZpTGRTaFBnKWxncmd5aHFsc3IxZGY4NzVmZDkzZTs2PDpoaWU8QGkzZmxycjlydm88MzM0NjMzQFNsa3ZpcUQ6amtqXmJmK2BeaWpgYTojMzQuMGNiXjZgMS8yMC0zXmEjcGE0MTJkNC9jYS0tZDBhc3M%3D&btag=80000e00010000&dy_q=1785465424&feature_id=d6a18d7c5414b1f1e95a75faf9147845&l=2026073110370304CFF515E5F49A7FB2CA&ply_type=3&policy=eyJ2bSI6MywidWlkIjoiMzEyOTY1MDYwMzg4ODE4NSJ9,已使用,审核通过,--,1,--,0,0,0,0,0,0,0,0,0,0,0,0,0,0,0
"	7664925347524378633",0720-引导-嘉丽-2.mp4,https://video-cn.oceanengine.com/90daf49b920daa20a0f2f54850790083/6a6ead59/tos-cn-ve-51/ogfYZtAmha1KLABiUQNDAvYYQIC1viA7K4I36R?a=1402&ch=0&cr=0&dr=3&cd=0%7C0%7C0%7C0&br=485&bt=485&cs=0&ds=3&ft=J9ThAGkHH_Myq8Z7jjR_e2NvjTQ&mime_type=video_mp4&qs=0&rc=NXZpTGRTaFBnKWxncmd5aHFsc3IxZGZpZzw4ZDRkZDZpaTc5MzdlQGkzNDNyZm86dG88MzM0NjMzQFNsa3ZpcUQ6amtqXmJmK2BeaWpgYTojLV9fNDRjXjUzMTVhYzQtNWEjM2xgb2FhZi9jYS0tZDAvc3M%3D&btag=80000e00008000&dy_q=1785465424&feature_id=d6a18d7c5414b1f1e95a75faf9147845&l=2026073110370304CFF515E5F49A7FB2CA&ply_type=3&policy=eyJ2bSI6MywidWlkIjoiMzEyOTY1MDYwMzg4ODE4NSJ9,已使用,审核通过,--,1,--,0,0,0,0,0,0,0,0,0,0,0,0,0,0,0
"	7664925326633189386",0720-浩正引导-1.mp4,https://video-cn.oceanengine.com/7db003d81e9b24dd272566d5913950d2/6a6ead5d/tos-cn-ve-51/ocAgfLihLv2ZGU1HbeWCqOGNAaIZBamIfUBzQS?a=1402&ch=0&cr=0&dr=3&cd=0%7C0%7C0%7C0&br=2288&bt=2288&cs=0&ds=3&ft=J9ThAGkHH_Myq8Z7jjR_e2NvjTQ&mime_type=video_mp4&qs=0&rc=NXZpTGRTaFBnKWxncmd5aHFsc3IxZGZnaGc8NmQ5ZjU5PDQ4Zmc8QGlqaW1zbTlydm88MzM0NjMzQFNsa3ZpcUQ6amtqXmJmK2BeaWpgYTojMmMvYjYzLl40MWFiX2A1MGEjaGVhYjJkNC9jYS0tZDBhc3M%3D&btag=80000e00008000&dy_q=1785465424&feature_id=d6a18d7c5414b1f1e95a75faf9147845&l=2026073110370304CFF515E5F49A7FB2CA&ply_type=3&policy=eyJ2bSI6MywidWlkIjoiMzEyOTY1MDYwMzg4ODE4NSJ9,已使用,审核通过,--,2,--,0,0,0,0,0,0,0,0,0,0,0,0,0,0,0
"	7664925314946793518",0718-魏怡引流-6.mp4,https://video-cn.oceanengine.com/5298060e8445cffe2db4d3314bc32baa/6a6ead57/tos-cn-ve-51/oYQfIgAtNV9XA2Dq4FCzf4B7EFtDmEFgND1HBJ?a=1402&ch=0&cr=0&dr=3&cd=0%7C0%7C0%7C0&br=3003&bt=3003&cs=0&ds=4&ft=J9ThAGkHH_Myq8Z7jjR_e2NvjTQ&mime_type=video_mp4&qs=0&rc=NXZpTGRTaFBnKWxncmd5aHFsc3IxZGY7aTxlMzRoM2k2ODY7OWVmQGkzdnQ6cDlyc288MzM0NjMzQFNsa3ZpcUQ6amtqXmJmK2BeaWpgYTojNWEyNWMyYzVgMWMtYmE0LmEjLjBjcjJkay9jYS0tZDBhc3M%3D&btag=80000200008000&dy_q=1785465424&feature_id=d6a18d7c5414b1f1e95a75faf9147845&l=2026073110370304CFF515E5F49A7FB2CA&ply_type=3&policy=eyJ2bSI6MywidWlkIjoiMzEyOTY1MDYwMzg4ODE4NSJ9,未使用,审核不通过,--,0,--,0,0,0,0,0,0,0,0,0,0,0,0,0,0,0
"	7664925308233072686",0718-魏怡引流修改-4.mp4,https://video-cn.oceanengine.com/f0a0a0e6cff413a8e6a283f0a82824f1/6a6ead57/tos-cn-ve-51/oQMg3GLQWDLqBbNeGAOffaUYUCbsvAUmII1Cgn?a=1402&ch=0&cr=0&dr=3&cd=0%7C0%7C0%7C0&br=2032&bt=2032&cs=0&ds=3&ft=J9ThAGkHH_Myq8Z7jjR_e2NvjTQ&mime_type=video_mp4&qs=0&rc=NXZpTGRTaFBnKWxncmd5aHFsc3IxZGZmOTNkZWc2NGZkZGgzaDk8QGlqOWU2bTlyc288MzM0NjMzQFNsa3ZpcUQ6amtqXmJmK2BeaWpgYTojXjYuNGFhMF5hMWJjYzJgL2EjMmBzaDJkay9jYS0tZDBhc3M%3D&btag=80000e00008000&dy_q=1785465424&feature_id=d6a18d7c5414b1f1e95a75faf9147845&l=2026073110370304CFF515E5F49A7FB2CA&ply_type=3&policy=eyJ2bSI6MywidWlkIjoiMzEyOTY1MDYwMzg4ODE4NSJ9,已使用,审核通过,--,1,--,0,0,0,0,0,0,0,0,0,0,0,0,0,0,0
"	7664925294730936366",0720-浩正引导-3.mp4,https://video-cn.oceanengine.com/c7d7835c67397e2a561ecaf26b8cea25/6a6ead5c/tos-cn-ve-51/os1BCa1XNDAnZIpwof2QfFBAUg1gYsCbXqRkWS?a=1402&ch=0&cr=0&dr=3&cd=0%7C0%7C0%7C0&br=851&bt=851&cs=0&ds=3&ft=J9ThAGkHH_Myq8Z7jjR_e2NvjTQ&mime_type=video_mp4&qs=0&rc=NXZpTGRTaFBnKWxncmd5aHFsc3IxZGY7OmU1NjM4OWc4Mzk3ZDZoQGkzZXE6ZW86dm88MzM0NjMzQFNsa3ZpcUQ6amtqXmJmK2BeaWpgYTojMjNfNTNeNjZjMTMuXmA2X2EjNmlxLWFhLy9jYS0tZDAvc3M%3D&btag=80000e00008000&dy_q=1785465424&feature_id=d6a18d7c5414b1f1e95a75faf9147845&l=2026073110370304CFF515E5F49A7FB2CA&ply_type=3&policy=eyJ2bSI6MywidWlkIjoiMzEyOTY1MDYwMzg4ODE4NSJ9,已使用,审核通过,--,1,--,0,0,0,0,0,0,0,0,0,0,0,0,0,0,0
"	7664925275834957834",0720-引导-嘉丽-1.mp4,https://video-cn.oceanengine.com/fa3dd6c4fd7ec21d00e885265033a929/6a6ead65/tos-cn-ve-51/owygiZaOtGR1LUfR9moyAAsBsdkQIhgIQ16Vh7?a=1402&ch=0&cr=0&dr=3&cd=0%7C0%7C0%7C0&br=1300&bt=1300&cs=0&ds=3&ft=J9ThAGkHH_Myq8Z7jjR_e2NvjTQ&mime_type=video_mp4&qs=0&rc=NXZpTGRTaFBnKWxncmd5aHFsc3IxZGY6N2Y3Z2dpOmZlZjg0OmRlQGlqOzw1aG86dG88MzM0NjMzQFNsa3ZpcUQ6amtqXmJmK2BeaWpgYTojXy81NmEwNTYuMTFfYDA2YGEjcGBqb2FhZi9jYS0tZDAwc3M%3D&btag=80000e00010000&dy_q=1785465424&feature_id=d6a18d7c5414b1f1e95a75faf9147845&l=2026073110370304CFF515E5F49A7FB2CA&ply_type=3&policy=eyJ2bSI6MywidWlkIjoiMzEyOTY1MDYwMzg4ODE4NSJ9,已使用,审核通过,--,2,--,0,0,0,0,0,0,0,0,0,0,0,0,0,0,0
"	7664925154368028698",0718瑞晨24-修改.mp4,https://video-cn.oceanengine.com/faa1c640c761ee31abb674c24e431236/6a6ead5a/tos-cn-ve-51/742adf3f427541c391ab088a98169571?a=1402&ch=0&cr=0&dr=3&cd=0%7C0%7C0%7C0&br=1828&bt=1828&cs=0&ds=3&ft=J9ThAGkHH_Myq8Z7jjR_e2NvjTQ&mime_type=video_mp4&qs=0&rc=NXZpTGRTaFBnKWxncmd5aHFsc3IxZGZmZGU6PDg4M2c0NGRpZWk8QGkzOWp3OG86PG88MzM0NjMzQFNsa3ZpcUQ6amtqXmJmK2BeaWpgYTojNjIuYy80YTVfMWFgYWM1YWEjbmAyc2FhLy5jYS0tZDAwc3M%3D&btag=80000e00008000&dy_q=1785465424&feature_id=d6a18d7c5414b1f1e95a75faf9147845&l=2026073110370304CFF515E5F49A7FB2CA&ply_type=3&policy=eyJ2bSI6MywidWlkIjoiMzEyOTY1MDYwMzg4ODE4NSJ9,已使用,审核通过,--,1,--,0,0,0,0,0,0,0,0,0,0,0,0,0,0,0
"	7664925096461697033",0718瑞晨15-修改.mp4,https://video-cn.oceanengine.com/e819acea8cb6eec03363f98a80fad4f9/6a6ead5d/tos-cn-ve-51/osDAtCqTgUNQ2keDa1AKBQI1fg7DXvKBGpRxL2?a=1402&ch=0&cr=0&dr=3&cd=0%7C0%7C0%7C0&br=1131&bt=1131&cs=0&ds=3&ft=J9ThAGkHH_Myq8Z7jjR_e2NvjTQ&mime_type=video_mp4&qs=0&rc=NXZpTGRTaFBnKWxncmd5aHFsc3IxZGZlNmk2PDk1M2RnNWc1NTo0QGlqO3RsZ286PG88MzM0NjMzQFNsa3ZpcUQ6amtqXmJmK2BeaWpgYTojYmEwXmMvMzZfMTMvYjFhM2EjLl5ia2FhLy5jYS0tZDAwc3M%3D&btag=80000e00008000&dy_q=1785465424&feature_id=d6a18d7c5414b1f1e95a75faf9147845&l=2026073110370304CFF515E5F49A7FB2CA&ply_type=3&policy=eyJ2bSI6MywidWlkIjoiMzEyOTY1MDYwMzg4ODE4NSJ9,已使用,审核通过,--,2,--,0,0,0,0,0,0,0,0,0,0,0,0,0,0,0
"	7663465010937724969",0717-引导-小敏-4.mp4,https://video-cn.oceanengine.com/0a8e38eafbe56c49b3d99c1a9cda7a58/6a6ead62/tos-cn-ve-51/o8CLQoeYaAV1txwBka7dQdIWLAhEYK5QBYmTxA?a=1402&ch=0&cr=0&dr=3&cd=0%7C0%7C0%7C0&br=1219&bt=1219&cs=0&ds=4&ft=J9ThAGkHH_Myq8Z7jjR_e2NvjTQ&mime_type=video_mp4&qs=0&rc=NXZpTGRTaFBnKWxncmd5aHFsc3IxZGZoNGU0aTg0NGY4Ojc3NGY3QGkzeDQ2M286bDQ8MzM0NjMzQFNsa3ZpcUQ6amtqXmJmK2BeaWpgYTojYmMxXl40YV8uMTVeYDAtMGEjMm0wamFhXmVhYS0tZDAvc3M%3D&btag=80000200010000&dy_q=1785465424&feature_id=d6a18d7c5414b1f1e95a75faf9147845&l=2026073110370304CFF515E5F49A7FB2CA&ply_type=3&policy=eyJ2bSI6MywidWlkIjoiMzEyOTY1MDYwMzg4ODE4NSJ9,未使用,审核不通过,--,1,--,0,0,0,0,0,0,0,0,0,0,0,0,0,0,0
"	7663465010145067049",0717-引导-嘉丽-3.mp4,https://video-cn.oceanengine.com/e25db35200f2e3d2d5a7c1233fde5247/6a6ead63/tos-cn-ve-51/oYpdQTtyTaIVQDvCBEUAWcyYClGdIA0WzdaoY?a=1402&ch=0&cr=0&dr=3&cd=0%7C0%7C0%7C0&br=1279&bt=1279&cs=0&ds=4&ft=J9ThAGkHH_Myq8Z7jjR_e2NvjTQ&mime_type=video_mp4&qs=0&rc=NXZpTGRTaFBnKWxncmd5aHFsc3IxZGY6Zzk1aDc3ZWQ0ZzY2Ojw0QGkzbDpqaW86bDQ8MzM0NjMzQFNsa3ZpcUQ6amtqXmJmK2BeaWpgYTojNGAzL2BhLzZgMWI2MTNiMmEjYjZpYmFhXmVhYS0tZDBhc3M%3D&btag=80000200010000&dy_q=1785465424&feature_id=d6a18d7c5414b1f1e95a75faf9147845&l=2026073110370304CFF515E5F49A7FB2CA&ply_type=3&policy=eyJ2bSI6MywidWlkIjoiMzEyOTY1MDYwMzg4ODE4NSJ9,未使用,审核不通过,--,1,--,0,0,0,0,0,0,0,0,0,0,0,0,0,0,0
"	7663464931710550079",0717-引导-小敏-1.mp4,https://video-cn.oceanengine.com/9130576fda4ba9c95043d63ee602321e/6a6ead62/tos-cn-ve-51/oYEmxm1AQ5MDZkbaagIZeLt5DEQAyQId7dBFrW?a=1402&ch=0&cr=0&dr=3&cd=0%7C0%7C0%7C0&br=1853&bt=1853&cs=0&ds=4&ft=J9ThAGkHH_Myq8Z7jjR_e2NvjTQ&mime_type=video_mp4&qs=0&rc=NXZpTGRTaFBnKWxncmd5aHFsc3IxZGY6ODs4NTo3ZDU0NWRpMzlpQGlqeDd3aG86bDQ8MzM0NjMzQFNsa3ZpcUQ6amtqXmJmK2BeaWpgYTojXjZgXmBgL15iMTFgMGFgLWEjYW1jZGFhL2VhYS0tZDBhc3M%3D&btag=80000200010000&dy_q=1785465424&feature_id=d6a18d7c5414b1f1e95a75faf9147845&l=2026073110370304CFF515E5F49A7FB2CA&ply_type=3&policy=eyJ2bSI6MywidWlkIjoiMzEyOTY1MDYwMzg4ODE4NSJ9,未使用,审核不通过,--,0,--,0,0,0,0,0,0,0,0,0,0,0,0,0,0,0
"	7663465049147473962",0717-引导-嘉丽-2.mp4,https://video-cn.oceanengine.com/68d4f21df645da9e2466015fd15e8329/6a6ead64/tos-cn-ve-51/o8MNFW2iEIRdf0DgDljIYAgQ1RA3aAgeABbqhI?a=1402&ch=0&cr=0&dr=3&cd=0%7C0%7C0%7C0&br=1676&bt=1676&cs=0&ds=4&ft=J9ThAGkHH_Myq8Z7jjR_e2NvjTQ&mime_type=video_mp4&qs=0&rc=NXZpTGRTaFBnKWxncmd5aHFsc3IxZGZpNWQ2NWc2ZGRpZmg7aGc1QGkzaTc5NG86bDQ8MzM0NjMzQFNsa3ZpcUQ6amtqXmJmK2BeaWpgYTojYmMuX2JhM141MTAwYTYzLmEjMC1eXmFhL2VhYS0tZDAwc3M%3D&btag=80000200010000&dy_q=1785465424&feature_id=d6a18d7c5414b1f1e95a75faf9147845&l=2026073110370304CFF515E5F49A7FB2CA&ply_type=3&policy=eyJ2bSI6MywidWlkIjoiMzEyOTY1MDYwMzg4ODE4NSJ9,未使用,审核不通过,--,0,--,0,0,0,0,0,0,0,0,0,0,0,0,0,0,0
"	7663465019666415622",0717-瑞晨引流-7.mp4,https://video-cn.oceanengine.com/9445c9e6e131f6187ffe356e74b7bb39/6a6ead5d/tos-cn-ve-51/o0pDXzldNYtxI6jxGaQpwhWNhSAaWEQo0KI0A?a=1402&ch=0&cr=0&dr=3&cd=0%7C0%7C0%7C0&br=2210&bt=2210&cs=0&ds=4&ft=J9ThAGkHH_Myq8Z7jjR_e2NvjTQ&mime_type=video_mp4&qs=0&rc=NXZpTGRTaFBnKWxncmd5aHFsc3IxZGZpZWY1aTM0N2RmNTU2NzY1QGkzcW9oNm86azQ8MzM0NjMzQFNsa3ZpcUQ6amtqXmJmK2BeaWpgYTojNjFhXjAzNDY0MTM2LTQ1MWEjMmBlMGFhbmVhYS0tZDAwc3M%3D&btag=80000200008000&dy_q=1785465424&feature_id=d6a18d7c5414b1f1e95a75faf9147845&l=2026073110370304CFF515E5F49A7FB2CA&ply_type=3&policy=eyJ2bSI6MywidWlkIjoiMzEyOTY1MDYwMzg4ODE4NSJ9,未使用,审核不通过,--,0,--,0,0,0,0,0,0,0,0,0,0,0,0,0,0,0
"	7663465017547587620",0717-引导-嘉丽-5.mp4,https://video-cn.oceanengine.com/7d904cfdff86bec3b9d7cd042464c155/6a6ead62/tos-cn-ve-51/oApQToGrEIzw90GUPIadAatTYLWJQGlkxndAY?a=1402&ch=0&cr=0&dr=3&cd=0%7C0%7C0%7C0&br=2945&bt=2945&cs=0&ds=4&ft=J9ThAGkHH_Myq8Z7jjR_e2NvjTQ&mime_type=video_mp4&qs=0&rc=NXZpTGRTaFBnKWxncmd5aHFsc3IxZGZoZWc1ZDc3aTw8MzU7OTZkQGkzd3NsZW86azQ8MzM0NjMzQFNsa3ZpcUQ6amtqXmJmK2BeaWpgYTojXzNgLzNiXzU0MTZhXzEtL2EjXjQ1NGFhbmVhYS0tZDBhc3M%3D&btag=80000e00010000&dy_q=1785465424&feature_id=d6a18d7c5414b1f1e95a75faf9147845&l=2026073110370304CFF515E5F49A7FB2CA&ply_type=3&policy=eyJ2bSI6MywidWlkIjoiMzEyOTY1MDYwMzg4ODE4NSJ9,未使用,审核通过,--,1,--,0,0,0,0,0,0,0,0,0,0,0,0,0,0,0
"	7663464993653735443",0717-引导-嘉丽-1.mp4,https://video-cn.oceanengine.com/9151ce1cccfa16eaa912b030bbd59a4c/6a6ead60/tos-cn-ve-51/ooaQBlMQ7tA5VLgQIm0ahjoPQKYIxL10fAHoAg?a=1402&ch=0&cr=0&dr=3&cd=0%7C0%7C0%7C0&br=2112&bt=2112&cs=0&ds=4&ft=J9ThAGkHH_Myq8Z7jjR_e2NvjTQ&mime_type=video_mp4&qs=0&rc=NXZpTGRTaFBnKWxncmd5aHFsc3IxZGY6OWdoNjpmZGY2PDc7NTxkQGkzOGo7OG86azQ8MzM0NjMzQFNsa3ZpcUQ6amtqXmJmK2BeaWpgYTojX2MzLzIzMF41MWFhYTY2M2EjMWNycmFhbmVhYS0tZDAvc3M%3D&btag=80000200010000&dy_q=1785465424&feature_id=d6a18d7c5414b1f1e95a75faf9147845&l=2026073110370304CFF515E5F49A7FB2CA&ply_type=3&policy=eyJ2bSI6MywidWlkIjoiMzEyOTY1MDYwMzg4ODE4NSJ9,未使用,审核不通过,--,0,--,0,0,0,0,0,0,0,0,0,0,0,0,0,0,0
"	7663464993518927908",0717-引导-小敏-2.mp4,https://video-cn.oceanengine.com/dc9013791eccbfc5e6a8f56408088c72/6a6ead5d/tos-cn-ve-51/o8kzW0LIToadBQtoy7tIA2sDIIdAaE8WQAElY?a=1402&ch=0&cr=0&dr=3&cd=0%7C0%7C0%7C0&br=992&bt=992&cs=0&ds=4&ft=J9ThAGkHH_Myq8Z7jjR_e2NvjTQ&mime_type=video_mp4&qs=0&rc=NXZpTGRTaFBnKWxncmd5aHFsc3IxZGZmNTZoZDUzNDlmZWg4ODRpQGlqZWZnZm86bDQ8MzM0NjMzQFNsa3ZpcUQ6amtqXmJmK2BeaWpgYTojYGBiMTZhNTY1MWEyNjJgMGEjcS1kbmFhL2VhYS0tZDBhc3M%3D&btag=80000200008000&dy_q=1785465424&feature_id=d6a18d7c5414b1f1e95a75faf9147845&l=2026073110370304CFF515E5F49A7FB2CA&ply_type=3&policy=eyJ2bSI6MywidWlkIjoiMzEyOTY1MDYwMzg4ODE4NSJ9,未使用,审核不通过,--,0,--,0,0,0,0,0,0,0,0,0,0,0,0,0,0,0
"	7663464953572360198",0717-引导-小敏-3.mp4,https://video-cn.oceanengine.com/cf81323284bf49d4c164d65006f24180/6a6ead5d/tos-cn-ve-51/ogTtICaaAq0jWCtsQCWAWl2YIMQRdoNEzEday?a=1402&ch=0&cr=0&dr=3&cd=0%7C0%7C0%7C0&br=1253&bt=1253&cs=0&ds=4&ft=J9ThAGkHH_Myq8Z7jjR_e2NvjTQ&mime_type=video_mp4&qs=0&rc=NXZpTGRTaFBnKWxncmd5aHFsc3IxZGY6NTY0Zzk0Njo8NDRpaTRlQGkzcG5nZ286bDQ8MzM0NjMzQFNsa3ZpcUQ6amtqXmJmK2BeaWpgYTojX2JjYDI2NF5eMTJfMjBhMGEjaW0uamFhL2VhYS0tZDBhc3M%3D&btag=80000200008000&dy_q=1785465424&feature_id=d6a18d7c5414b1f1e95a75faf9147845&l=2026073110370304CFF515E5F49A7FB2CA&ply_type=3&policy=eyJ2bSI6MywidWlkIjoiMzEyOTY1MDYwMzg4ODE4NSJ9,未使用,审核不通过,--,0,--,0,0,0,0,0,0,0,0,0,0,0,0,0,0,0
"	7663464951878451243",0717-引导-小敏-5.mp4,https://video-cn.oceanengine.com/72e3b034bfd6fdee78cf393773e572a2/6a6ead5e/tos-cn-ve-51/oUQoxtClr0YzShEaYkoS1AwadWnyJIQAUINak?a=1402&ch=0&cr=0&dr=3&cd=0%7C0%7C0%7C0&br=1479&bt=1479&cs=0&ds=4&ft=J9ThAGkHH_Myq8Z7jjR_e2NvjTQ&mime_type=video_mp4&qs=0&rc=NXZpTGRTaFBnKWxncmd5aHFsc3IxZGY8ZzM1NDk3aDc2aTM6NGUzQGlqN3k5ZW86azQ8MzM0NjMzQFNsa3ZpcUQ6amtqXmJmK2BeaWpgYTojYzExMjU0NF9jMTU0LzVgXmEjbjJoNmFhbmVhYS0tZDAwc3M%3D&btag=80000200008000&dy_q=1785465424&feature_id=d6a18d7c5414b1f1e95a75faf9147845&l=2026073110370304CFF515E5F49A7FB2CA&ply_type=3&policy=eyJ2bSI6MywidWlkIjoiMzEyOTY1MDYwMzg4ODE4NSJ9,未使用,审核不通过,--,0,--,0,0,0,0,0,0,0,0,0,0,0,0,0,0,0
"	7663464950016114724",0717-瑞晨引流-1.mp4,https://video-cn.oceanengine.com/13e3695d93445097a933835303020cff/6a6ead5f/tos-cn-ve-51/oMaxMQxi1IozgoExlISWTQyot0MqNBdaACvAY?a=1402&ch=0&cr=0&dr=3&cd=0%7C0%7C0%7C0&br=911&bt=911&cs=0&ds=4&ft=J9ThAGkHH_Myq8Z7jjR_e2NvjTQ&mime_type=video_mp4&qs=0&rc=NXZpTGRTaFBnKWxncmd5aHFsc3IxZGZoZGY8N2U8NGc2Njc5aTk7QGkzM2Q7O286azQ8MzM0NjMzQFNsa3ZpcUQ6amtqXmJmK2BeaWpgYTojM2EzY15gYDU1MTFhYy8wYGEjM2lqaGFhbmVhYS0tZDBhc3M%3D&btag=80000200010000&dy_q=1785465424&feature_id=d6a18d7c5414b1f1e95a75faf9147845&l=2026073110370304CFF515E5F49A7FB2CA&ply_type=3&policy=eyJ2bSI6MywidWlkIjoiMzEyOTY1MDYwMzg4ODE4NSJ9,未使用,审核不通过,--,0,--,0,0,0,0,0,0,0,0,0,0,0,0,0,0,0
"	7663464949721645099",0717-瑞晨引流-10.mp4,https://video-cn.oceanengine.com/d5b21419477cbe0136c9b62cdac48662/6a6ead65/tos-cn-ve-51/ogsQ2aLfIAhjPLgBUA67naxI0QamQEtF10Am2o?a=1402&ch=0&cr=0&dr=3&cd=0%7C0%7C0%7C0&br=1511&bt=1511&cs=0&ds=4&ft=J9ThAGkHH_Myq8Z7jjR_e2NvjTQ&mime_type=video_mp4&qs=0&rc=NXZpTGRTaFBnKWxncmd5aHFsc3IxZGY0NDs2MzU3aTQ7Z2hlOTg6QGlqOGR2ZG86azQ8MzM0NjMzQFNsa3ZpcUQ6amtqXmJmK2BeaWpgYTojXy82NGJfYjZgMTQzXmJiX2EjcW5sMGFhbmVhYS0tZDAvc3M%3D&btag=80000200010000&dy_q=1785465424&feature_id=d6a18d7c5414b1f1e95a75faf9147845&l=2026073110370304CFF515E5F49A7FB2CA&ply_type=3&policy=eyJ2bSI6MywidWlkIjoiMzEyOTY1MDYwMzg4ODE4NSJ9,未使用,审核不通过,--,0,--,0,0,0,0,0,0,0,0,0,0,0,0,0,0,0
"	7663464941391282217",0717-瑞晨引流-8.mp4,https://video-cn.oceanengine.com/65e7d1995e512125d70e9614d35f08f5/6a6ead5d/tos-cn-ve-51/oodkhXzIdIPlARFD0XxYWQsLQaWoAExIgatDl?a=1402&ch=0&cr=0&dr=3&cd=0%7C0%7C0%7C0&br=1851&bt=1851&cs=0&ds=4&ft=J9ThAGkHH_Myq8Z7jjR_e2NvjTQ&mime_type=video_mp4&qs=0&rc=NXZpTGRTaFBnKWxncmd5aHFsc3IxZGY3ZGZnaTQ4MzY8aTY6aDg0QGlqOGs4OG86azQ8MzM0NjMzQFNsa3ZpcUQ6amtqXmJmK2BeaWpgYTojNWJeLl5jMDVfMS4wXjEvM2EjNWJwamFhbmVhYS0tZDAvc3M%3D&btag=80000200008000&dy_q=1785465424&feature_id=d6a18d7c5414b1f1e95a75faf9147845&l=2026073110370304CFF515E5F49A7FB2CA&ply_type=3&policy=eyJ2bSI6MywidWlkIjoiMzEyOTY1MDYwMzg4ODE4NSJ9,未使用,审核不通过,--,0,--,0,0,0,0,0,0,0,0,0,0,0,0,0,0,0
"	7663464941266190379",0717-引导-嘉丽-4.mp4,https://video-cn.oceanengine.com/97af81f956d577e8d4dcd5c3f5b59e2c/6a6ead5e/tos-cn-ve-51/oMPWDlgAQBuIaAEdUOkaW5uzyYN8Is3odtEoQ?a=1402&ch=0&cr=0&dr=3&cd=0%7C0%7C0%7C0&br=2092&bt=2092&cs=0&ds=4&ft=J9ThAGkHH_Myq8Z7jjR_e2NvjTQ&mime_type=video_mp4&qs=0&rc=NXZpTGRTaFBnKWxncmd5aHFsc3IxZGYzaTdoNmk1ZzQ1NzM8Mzw0QGlqcWpkaG86bDQ8MzM0NjMzQFNsa3ZpcUQ6amtqXmJmK2BeaWpgYTojYjQ2LjUuYl4yMS5eYV9eLmEjNG8va2FhL2VhYS0tZDAvc3M%3D&btag=80000200008000&dy_q=1785465424&feature_id=d6a18d7c5414b1f1e95a75faf9147845&l=2026073110370304CFF515E5F49A7FB2CA&ply_type=3&policy=eyJ2bSI6MywidWlkIjoiMzEyOTY1MDYwMzg4ODE4NSJ9,未使用,审核不通过,--,0,--,0,0,0,0,0,0,0,0,0,0,0,0,0,0,0
"	7663464940309512235",0717-瑞晨引流-3.mp4,https://video-cn.oceanengine.com/e2812ed7cbf71752df0df78986db6d7d/6a6ead5f/tos-cn-ve-51/ocDPnHggCaAao2hw1eNp3WRJIj1IABKRUAfqNo?a=1402&ch=0&cr=0&dr=3&cd=0%7C0%7C0%7C0&br=1305&bt=1305&cs=0&ds=4&ft=J9ThAGkHH_Myq8Z7jjR_e2NvjTQ&mime_type=video_mp4&qs=0&rc=NXZpTGRTaFBnKWxncmd5aHFsc3IxZGZkZ2Y1O2ZnZzg4ZTtpMzc3QGkzZGluZ286azQ8MzM0NjMzQFNsa3ZpcUQ6amtqXmJmK2BeaWpgYTojLWItLTFiXjUyMTQxYjIyNWEjYV5mbWFhbmVhYS0tZDAvc3M%3D&btag=80000e00010000&dy_q=1785465424&feature_id=d6a18d7c5414b1f1e95a75faf9147845&l=2026073110370304CFF515E5F49A7FB2CA&ply_type=3&policy=eyJ2bSI6MywidWlkIjoiMzEyOTY1MDYwMzg4ODE4NSJ9,未使用,审核通过,--,2,--,0,0,0,0,0,0,0,0,0,0,0,0,0,0,0
"	7663464935540654116",0717-瑞晨引流-2.mp4,https://video-cn.oceanengine.com/4dda136e6b4489d8d2aa1d6e29dcf1bf/6a6ead5f/tos-cn-ve-51/o85aYd0NzlVQowBtEWaWzNIxIQuB0oAtdA0AC?a=1402&ch=0&cr=0&dr=3&cd=0%7C0%7C0%7C0&br=931&bt=931&cs=0&ds=4&ft=J9ThAGkHH_Myq8Z7jjR_e2NvjTQ&mime_type=video_mp4&qs=0&rc=NXZpTGRTaFBnKWxncmd5aHFsc3IxZGY3Ojk2ZjtoM2RoOTxnNDY1QGkzNDc4aG86azQ8MzM0NjMzQFNsa3ZpcUQ6amtqXmJmK2BeaWpgYTojMWM0M2M0LzZeMTM1MS5eLWEjLTFjaGFhbmVhYS0tZDAwc3M%3D&btag=80000200010000&dy_q=1785465424&feature_id=d6a18d7c5414b1f1e95a75faf9147845&l=2026073110370304CFF515E5F49A7FB2CA&ply_type=3&policy=eyJ2bSI6MywidWlkIjoiMzEyOTY1MDYwMzg4ODE4NSJ9,未使用,审核不通过,--,0,--,0,0,0,0,0,0,0,0,0,0,0,0,0,0,0
"	7663464914388238378",0717-瑞晨引流-5.mp4,https://video-cn.oceanengine.com/26ea559881683fb083eb7b7d70865231/6a6ead5f/tos-cn-ve-51/ootQGosvEIzmJ0MSoIadAatTSYW2QBlUxmhAY?a=1402&ch=0&cr=0&dr=3&cd=0%7C0%7C0%7C0&br=826&bt=826&cs=0&ds=4&ft=J9ThAGkHH_Myq8Z7jjR_e2NvjTQ&mime_type=video_mp4&qs=0&rc=NXZpTGRTaFBnKWxncmd5aHFsc3IxZGZnPGZmNjg4ZjY6ZWc8ZTM5QGkzPGpnaW86azQ8MzM0NjMzQFNsa3ZpcUQ6amtqXmJmK2BeaWpgYTojMi1iLTYyY14wMWE1YDAyM2EjNmBlaGFhbmVhYS0tZDBhc3M%3D&btag=80000200010000&dy_q=1785465424&feature_id=d6a18d7c5414b1f1e95a75faf9147845&l=2026073110370304CFF515E5F49A7FB2CA&ply_type=3&policy=eyJ2bSI6MywidWlkIjoiMzEyOTY1MDYwMzg4ODE4NSJ9,未使用,审核不通过,--,0,--,0,0,0,0,0,0,0,0,0,0,0,0,0,0,0
"	7663464879739568147",0717-瑞晨引流-9.mp4,https://video-cn.oceanengine.com/bf7d1a548084fa2e066f84e6b23dbe22/6a6ead59/tos-cn-ve-51/ow1lP0CzIcWcwoaA8XYhT8dQtxQInoHA1EaQs?a=1402&ch=0&cr=0&dr=3&cd=0%7C0%7C0%7C0&br=2046&bt=2046&cs=0&ds=4&ft=J9ThAGkHH_Myq8Z7jjR_e2NvjTQ&mime_type=video_mp4&qs=0&rc=NXZpTGRTaFBnKWxncmd5aHFsc3IxZGZnPDMzaWRmZGVoNjs3NWY2QGkzOmo6O286azQ8MzM0NjMzQFNsa3ZpcUQ6amtqXmJmK2BeaWpgYTojNDNeMmFgY15eMTZeMWAyXmEjanM0YmFhbmVhYS0tZDAwc3M%3D&btag=80000200008000&dy_q=1785465424&feature_id=d6a18d7c5414b1f1e95a75faf9147845&l=2026073110370304CFF515E5F49A7FB2CA&ply_type=3&policy=eyJ2bSI6MywidWlkIjoiMzEyOTY1MDYwMzg4ODE4NSJ9,未使用,审核不通过,--,0,--,0,0,0,0,0,0,0,0,0,0,0,0,0,0,0
"	7663464864167395370",0717-瑞晨引流-6.mp4,https://video-cn.oceanengine.com/d664b3650a505114eb0c3005b49d40b1/6a6ead59/tos-cn-ve-51/ogAggsK0Iq1IoAFEaKaQ4Qj6mL6m7xtQ6f6BY2?a=1402&ch=0&cr=0&dr=3&cd=0%7C0%7C0%7C0&br=2117&bt=2117&cs=0&ds=4&ft=J9ThAGkHH_Myq8Z7jjR_e2NvjTQ&mime_type=video_mp4&qs=0&rc=NXZpTGRTaFBnKWxncmd5aHFsc3IxZGY5ZDY3NDU7Njs7ZGdmPDs1QGkzOG9wZ286azQ8MzM0NjMzQFNsa3ZpcUQ6amtqXmJmK2BeaWpgYTojYDItMDUxNDYxMTEyMi5gYWEjM2xvXmFhbmVhYS0tZDBhc3M%3D&btag=80000200008000&dy_q=1785465424&feature_id=d6a18d7c5414b1f1e95a75faf9147845&l=2026073110370304CFF515E5F49A7FB2CA&ply_type=3&policy=eyJ2bSI6MywidWlkIjoiMzEyOTY1MDYwMzg4ODE4NSJ9,未使用,审核不通过,--,0,--,0,0,0,0,0,0,0,0,0,0,0,0,0,0,0
"	7663102938734788651",0716-引导-嘉丽-3.mp4,https://video-cn.oceanengine.com/479e7f2c3eedad647ae6a4b71619431c/6a6ead82/tos-cn-ve-51/owahGQjMoIszZgErlINWQgFjtkCPRQdZAHKAP?a=1402&ch=0&cr=0&dr=3&cd=0%7C0%7C0%7C0&br=2692&bt=2692&cs=0&ds=4&ft=J9ThAGkHH_Myq8Z7jjR_e2NvjTQ&mime_type=video_mp4&qs=0&rc=NXZpTGRTaFBnKWxncmd5aHFsc3IxZGY7Zjc3aGZkZTc0NjRoODloQGkzc242M286NGY8MzM0NjMzQFNsa3ZpcUQ6amtqXmJmK2BeaWpgYTojNmIvLmAvYTYwMS4xLjZjMmEjLnItamFhZnNgYS0tZDAvc3M%3D&btag=80000200020000&dy_q=1785465424&feature_id=d6a18d7c5414b1f1e95a75faf9147845&l=2026073110370304CFF515E5F49A7FB2CA&ply_type=3&policy=eyJ2bSI6MywidWlkIjoiMzEyOTY1MDYwMzg4ODE4NSJ9,未使用,审核不通过,--,2,--,0,0,0,0,0,0,0,0,0,0,0,0,0,0,0
"	7663102891561435172",0715-引导-雅迪-1-改.mp4,https://video-cn.oceanengine.com/4e0bb34327801d4853330221ddb635e3/6a6ead65/tos-cn-ve-51/ooee0QCaqBMXE8ht7EmMpAIPDA6ZoWlgiNEXF9?a=1402&ch=0&cr=0&dr=3&cd=0%7C0%7C0%7C0&br=1712&bt=1712&cs=0&ds=4&ft=J9ThAGkHH_Myq8Z7jjR_e2NvjTQ&mime_type=video_mp4&qs=0&rc=NXZpTGRTaFBnKWxncmd5aHFsc3IxZGY2ZWY7NGRnOzM1aTM1aDxkQGkzNW92ZW86eGY8MzM0NjMzQFNsa3ZpcUQ6amtqXmJmK2BeaWpgYTojXzM0M2MzL15gMTAvMzReMWEjYy5fZ2FhbnJgYS0tZDAvc3M%3D&btag=80000200010000&dy_q=1785465424&feature_id=d6a18d7c5414b1f1e95a75faf9147845&l=2026073110370304CFF515E5F49A7FB2CA&ply_type=3&policy=eyJ2bSI6MywidWlkIjoiMzEyOTY1MDYwMzg4ODE4NSJ9,未使用,审核不通过,--,2,--,0,0,0,0,0,0,0,0,0,0,0,0,0,0,0
"	7663102878458806278",0716-引导-嘉丽-2.mp4,https://video-cn.oceanengine.com/38afecc8b102135d331567e503fa4d92/6a6ead76/tos-cn-ve-51/oAes1RuGG2fGRDh8FAUAaCVjgBbZAp9UVBEOXf?a=1402&ch=0&cr=0&dr=3&cd=0%7C0%7C0%7C0&br=780&bt=780&cs=0&ds=4&ft=J9ThAGkHH_Myq8Z7jjR_e2NvjTQ&mime_type=video_mp4&qs=0&rc=NXZpTGRTaFBnKWxncmd5aHFsc3IxZGZnOjY2Zzg7OGVnNzM7ZzwzQGlqeXFvZW86NGY8MzM0NjMzQFNsa3ZpcUQ6amtqXmJmK2BeaWpgYTojYzEtYl8xNF5hMTI1YWMyMGEjL3JeZGFhZnNgYS0tZDAwc3M%3D&btag=80000200018000&dy_q=1785465424&feature_id=d6a18d7c5414b1f1e95a75faf9147845&l=2026073110370304CFF515E5F49A7FB2CA&ply_type=3&policy=eyJ2bSI6MywidWlkIjoiMzEyOTY1MDYwMzg4ODE4NSJ9,未使用,审核不通过,--,2,--,0,0,0,0,0,0,0,0,0,0,0,0,0,0,0
"	7663102846160699455",0714-魏怡引流-4-修改.mp4,https://video-cn.oceanengine.com/8a2a167420c6d8a403f902449d68f438/6a6ead8c/tos-cn-ve-51/oIQdDQJAWZQoamtId9URUPtA9IzEjlWMaT4XG?a=1402&ch=0&cr=0&dr=3&cd=0%7C0%7C0%7C0&br=1264&bt=1264&cs=0&ds=4&ft=J9ThAGkHH_Myq8Z7jjR_e2NvjTQ&mime_type=video_mp4&qs=0&rc=NXZpTGRTaFBnKWxncmd5aHFsc3IxZGY4N2U2Zzo8O2dmNTdkNmk1QGkzbnM3O286d2Y8MzM0NjMzQFNsa3ZpcUQ6amtqXmJmK2BeaWpgYTojMDUzNi01MTYuMTMxYGJjM2EjZ2AtYWFhXnJgYS0tZDBhc3M%3D&btag=80000200028000&dy_q=1785465424&feature_id=d6a18d7c5414b1f1e95a75faf9147845&l=2026073110370304CFF515E5F49A7FB2CA&ply_type=3&policy=eyJ2bSI6MywidWlkIjoiMzEyOTY1MDYwMzg4ODE4NSJ9,未使用,审核不通过,--,2,--,0,0,0,0,0,0,0,0,0,0,0,0,0,0,0
"	7663102817235451945",0715-魏怡-2-修改.mp4,https://video-cn.oceanengine.com/a29509880fbbec83f4075ab216012a24/6a6ead76/tos-cn-ve-51/os5Qij7nEIzaOUzqSIadAZtQLnWFwEl3dyGAP?a=1402&ch=0&cr=0&dr=3&cd=0%7C0%7C0%7C0&br=1032&bt=1032&cs=0&ds=4&ft=J9ThAGkHH_Myq8Z7jjR_e2NvjTQ&mime_type=video_mp4&qs=0&rc=NXZpTGRTaFBnKWxncmd5aHFsc3IxZGY2OWc5OjhkOGU0Mzk2NDtoQGkzaGg0Om86d2Y8MzM0NjMzQFNsa3ZpcUQ6amtqXmJmK2BeaWpgYTojM2A1LWBjMF8zMTJgNmItLmEjaTFiNmFhXnJgYS0tZDAwc3M%3D&btag=80000200018000&dy_q=1785465424&feature_id=d6a18d7c5414b1f1e95a75faf9147845&l=2026073110370304CFF515E5F49A7FB2CA&ply_type=3&policy=eyJ2bSI6MywidWlkIjoiMzEyOTY1MDYwMzg4ODE4NSJ9,未使用,审核不通过,--,2,--,0,0,0,0,0,0,0,0,0,0,0,0,0,0,0
"	7663102806485434410",0725-3-魏怡引流-修改.mp4,https://video-cn.oceanengine.com/659cce2bfc7addc4440435b8b36a33ee/6a6ead6d/tos-cn-ve-51/oIfuAioaCQLDNQqDYwgEaWkMxBSAh7ectgL6Ig?a=1402&ch=0&cr=0&dr=3&cd=0%7C0%7C0%7C0&br=1609&bt=1609&cs=0&ds=4&ft=J9ThAGkHH_Myq8Z7jjR_e2NvjTQ&mime_type=video_mp4&qs=0&rc=NXZpTGRTaFBnKWxncmd5aHFsc3IxZGY5OzU2N2doNTg0OTw8ZzY7QGkzbDc4OG86d2Y8MzM0NjMzQFNsa3ZpcUQ6amtqXmJmK2BeaWpgYTojXzA0YzIuNF5eMS80NV82NGEjLmRuamFhXnJgYS0tZDAvc3M%3D&btag=80000200010000&dy_q=1785465424&feature_id=d6a18d7c5414b1f1e95a75faf9147845&l=2026073110370304CFF515E5F49A7FB2CA&ply_type=3&policy=eyJ2bSI6MywidWlkIjoiMzEyOTY1MDYwMzg4ODE4NSJ9,未使用,审核不通过,--,2,--,0,0,0,0,0,0,0,0,0,0,0,0,0,0,0
"	7663055315891503114",0716-引流-魏怡-2.mp4,https://video-cn.oceanengine.com/970d5151b458884b22eeb6806e46f82b/6a6ead63/tos-cn-ve-51/oYgviUNG0CUKeAbYeMRAV1tBhkqJ3sAfjj40Wa?a=1402&ch=0&cr=0&dr=3&cd=0%7C0%7C0%7C0&br=1149&bt=1149&cs=0&ds=3&ft=J9ThAGkHH_Myq8Z7jjR_e2NvjTQ&mime_type=video_mp4&qs=0&rc=NXZpTGRTaFBnKWxncmd5aHFsc3IxZGY7NTQ4ZDw6Z2Y3NzU6ODdlQGkzd2ZnaW86aGQ8MzM0NjMzQFNsa3ZpcUQ6amtqXmJmK2BeaWpgYTojLl40XzI0YzYxMTYwNjZfY2EjczNkaGFhZjVgYS0tZDBhc3M%3D&btag=80000e00010000&dy_q=1785465424&feature_id=d6a18d7c5414b1f1e95a75faf9147845&l=2026073110370304CFF515E5F49A7FB2CA&ply_type=3&policy=eyJ2bSI6MywidWlkIjoiMzEyOTY1MDYwMzg4ODE4NSJ9,未使用,审核通过,--,2,--,0,0,0,0,0,0,0,0,0,0,0,0,0,0,0
"	7663055279933472777",0716-引流-魏怡-9.mp4,https://video-cn.oceanengine.com/2e564f5874a210ecc4819669d9884139/6a6ead62/tos-cn-ve-51/oodM7fdLQINmAIWG1DEp1LtCBwgYhFIpALQKaG?a=1402&ch=0&cr=0&dr=3&cd=0%7C0%7C0%7C0&br=1357&bt=1357&cs=0&ds=3&ft=J9ThAGkHH_Myq8Z7jjR_e2NvjTQ&mime_type=video_mp4&qs=0&rc=NXZpTGRTaFBnKWxncmd5aHFsc3IxZGZkMzU3PDNoOjM8OTY0NzY2QGkzZXV3OW86aGQ8MzM0NjMzQFNsa3ZpcUQ6amtqXmJmK2BeaWpgYTojLi0uMjU1MF5fMTMtNGFeYmEjMi1ec2FhZjVgYS0tZDAwc3M%3D&btag=80000e00010000&dy_q=1785465424&feature_id=d6a18d7c5414b1f1e95a75faf9147845&l=2026073110370304CFF515E5F49A7FB2CA&ply_type=3&policy=eyJ2bSI6MywidWlkIjoiMzEyOTY1MDYwMzg4ODE4NSJ9,未使用,审核通过,--,1,--,0,0,0,0,0,0,0,0,0,0,0,0,0,0,0
"	7663055260098527241",0715-引流-魏怡-7.mp4,https://video-cn.oceanengine.com/8b76a4f591e5f5cf5ab134b90750fd4d/6a6ead61/tos-cn-ve-51/osuUAWODi1tgFY5lkaslEQKIAdHplcAzGzIQq?a=1402&ch=0&cr=0&dr=3&cd=0%7C0%7C0%7C0&br=1375&bt=1375&cs=0&ds=3&ft=J9ThAGkHH_Myq8Z7jjR_e2NvjTQ&mime_type=video_mp4&qs=0&rc=NXZpTGRTaFBnKWxncmd5aHFsc3IxZGZkZjhmOmZkZjhkOzU3NmZmQGlqdmp2ZG86aGQ8MzM0NjMzQFNsa3ZpcUQ6amtqXmJmK2BeaWpgYTojYTA0Nl5iMjZhMTVgNDNjY2EjcGhxMGFhXjVgYS0tZDAvc3M%3D&btag=80000e00010000&dy_q=1785465424&feature_id=d6a18d7c5414b1f1e95a75faf9147845&l=2026073110370304CFF515E5F49A7FB2CA&ply_type=3&policy=eyJ2bSI6MywidWlkIjoiMzEyOTY1MDYwMzg4ODE4NSJ9,未使用,审核通过,--,1,--,0,0,0,0,0,0,0,0,0,0,0,0,0,0,0
"	7663055254678781990",0716-引流-魏怡-8.mp4,https://video-cn.oceanengine.com/fa474d192a7e253ce972be51cd482d02/6a6ead5d/tos-cn-ve-51/ocaOpQbUbIWzqqELlIFWQgBitUGXBDdYAvKAk?a=1402&ch=0&cr=0&dr=3&cd=0%7C0%7C0%7C0&br=1995&bt=1995&cs=0&ds=3&ft=J9ThAGkHH_Myq8Z7jjR_e2NvjTQ&mime_type=video_mp4&qs=0&rc=NXZpTGRTaFBnKWxncmd5aHFsc3IxZGZkODw2PDYzaDpmOTo8NWc2QGkzZDg4ZG86aGQ8MzM0NjMzQFNsa3ZpcUQ6amtqXmJmK2BeaWpgYTojYS0tXmEtMl4xMWIwYTMwMWEjMGMtX2FhXjVgYS0tZDAvc3M%3D&btag=80000e00008000&dy_q=1785465424&feature_id=d6a18d7c5414b1f1e95a75faf9147845&l=2026073110370304CFF515E5F49A7FB2CA&ply_type=3&policy=eyJ2bSI6MywidWlkIjoiMzEyOTY1MDYwMzg4ODE4NSJ9,未使用,审核通过,--,1,--,0,0,0,0,0,0,0,0,0,0,0,0,0,0,0
"	7663055246740127782",0716-引流-魏怡-3.mp4,https://video-cn.oceanengine.com/e9dd3cc722dc6cc7698f3d02ca179472/6a6ead61/tos-cn-ve-51/owmALVdAhFWayAI0QDSmGdIIBfgtYp71QICEUF?a=1402&ch=0&cr=0&dr=3&cd=0%7C0%7C0%7C0&br=1559&bt=1559&cs=0&ds=3&ft=J9ThAGkHH_Myq8Z7jjR_e2NvjTQ&mime_type=video_mp4&qs=0&rc=NXZpTGRTaFBnKWxncmd5aHFsc3IxZGY4ZTM0OWk8OTdoNWY0aGloQGkzeWY2N286aGQ8MzM0NjMzQFNsa3ZpcUQ6amtqXmJmK2BeaWpgYTojYGIuXy01YjZeMS4vNjMzXmEjLmhpLWFhZjVgYS0tZDBhc3M%3D&btag=80000e00010000&dy_q=1785465424&feature_id=d6a18d7c5414b1f1e95a75faf9147845&l=2026073110370304CFF515E5F49A7FB2CA&ply_type=3&policy=eyJ2bSI6MywidWlkIjoiMzEyOTY1MDYwMzg4ODE4NSJ9,未使用,审核通过,--,1,--,0,0,0,0,0,0,0,0,0,0,0,0,0,0,0
"	7663055229525753882",0716-引导-魏怡-4.mp4,https://video-cn.oceanengine.com/381b57d15909e73240aba4904bfdefbc/6a6ead64/tos-cn-ve-51/ogexyeAsjAQWXhiagqbUOMCmStBG1GMH5UIIft?a=1402&ch=0&cr=0&dr=3&cd=0%7C0%7C0%7C0&br=1661&bt=1661&cs=0&ds=3&ft=J9ThAGkHH_Myq8Z7jjR_e2NvjTQ&mime_type=video_mp4&qs=0&rc=NXZpTGRTaFBnKWxncmd5aHFsc3IxZGY6OzY6OzRpZDNmaDg8NDQ5QGlqeXhsZ286aGQ8MzM0NjMzQFNsa3ZpcUQ6amtqXmJmK2BeaWpgYTojNmA2MzJeYjU1MTEvYjMtMmEjNjBia2FhXjVgYS0tZDAwc3M%3D&btag=80000e00010000&dy_q=1785465424&feature_id=d6a18d7c5414b1f1e95a75faf9147845&l=2026073110370304CFF515E5F49A7FB2CA&ply_type=3&policy=eyJ2bSI6MywidWlkIjoiMzEyOTY1MDYwMzg4ODE4NSJ9,未使用,审核通过,--,2,--,0,0,0,0,0,0,0,0,0,0,0,0,0,0,0
"	7663055228426240027",0716-引流-魏怡-1.mp4,https://video-cn.oceanengine.com/d713cd3626815d72fe6fe29ebf1b56e2/6a6ead66/tos-cn-ve-51/oAgk3kAHKYtEzIQcFE1OzWMq7QGlpdIaAisA2?a=1402&ch=0&cr=0&dr=3&cd=0%7C0%7C0%7C0&br=1441&bt=1441&cs=0&ds=3&ft=J9ThAGkHH_Myq8Z7jjR_e2NvjTQ&mime_type=video_mp4&qs=0&rc=NXZpTGRTaFBnKWxncmd5aHFsc3IxZGY1ZzpoNTszNzY3ODQ8PDRkQGlqdmp2ZG86aGQ8MzM0NjMzQFNsa3ZpcUQ6amtqXmJmK2BeaWpgYTojMV42LV8wYDY2MTAwXzI2NmEjcWhxMGFhZjVgYS0tZDAvc3M%3D&btag=80000e00010000&dy_q=1785465424&feature_id=d6a18d7c5414b1f1e95a75faf9147845&l=2026073110370304CFF515E5F49A7FB2CA&ply_type=3&policy=eyJ2bSI6MywidWlkIjoiMzEyOTY1MDYwMzg4ODE4NSJ9,未使用,审核通过,--,1,--,0,0,0,0,0,0,0,0,0,0,0,0,0,0,0
"	7663055226732789769",0716-引流-魏怡-10.mp4,https://video-cn.oceanengine.com/bb1cb2b716b6d58744424cd057ef0427/6a6ead69/tos-cn-ve-51/o8ihQatqKsjBeregSUUxGmeILL1RNbAsx0CuKA?a=1402&ch=0&cr=0&dr=3&cd=0%7C0%7C0%7C0&br=1795&bt=1795&cs=0&ds=3&ft=J9ThAGkHH_Myq8Z7jjR_e2NvjTQ&mime_type=video_mp4&qs=0&rc=NXZpTGRTaFBnKWxncmd5aHFsc3IxZGZkODRpZDU1aGg3aDk0aTs1QGlqPHJyZ286aGQ8MzM0NjMzQFNsa3ZpcUQ6amtqXmJmK2BeaWpgYTojYzZfMzZjMTU1MS5hMC5iX2Eja3NhYmFhZjVgYS0tZDBhc3M%3D&btag=80000e00010000&dy_q=1785465424&feature_id=d6a18d7c5414b1f1e95a75faf9147845&l=2026073110370304CFF515E5F49A7FB2CA&ply_type=3&policy=eyJ2bSI6MywidWlkIjoiMzEyOTY1MDYwMzg4ODE4NSJ9,未使用,审核通过,--,1,--,0,0,0,0,0,0,0,0,0,0,0,0,0,0,0
"	7663055203151855666",0716-引导-小敏-2.mp4,https://video-cn.oceanengine.com/ea426b790c594afc9a521a268f5d6ad2/6a6ead59/tos-cn-ve-51/o0rvEILd5dIGpCYQAiaNEsGkxlzOAWBIoKwtA?a=1402&ch=0&cr=0&dr=3&cd=0%7C0%7C0%7C0&cv=1&br=822&bt=822&cs=0&ds=3&ft=J9ThAGkHH_Myq8Z7jjR_e2NvjTQ&mime_type=video_mp4&qs=0&rc=NXZpTGRTaFBnKWxncmd5aHFsc3IxZGZlaGhkaTppNGZnaDk7ZzVmQGlqOWRsZm86ZWQ8MzM0NjMzQFNsa3ZpcUQ6amtqXmJmK2BeaWpgYTojNGMuYDE1L19fMTAtMDVfNWEjaWQuLWFhLzVgYS0tZDAwc3M%3D&btag=80000e00008000&dy_q=1785465424&feature_id=d6a18d7c5414b1f1e95a75faf9147845&l=2026073110370304CFF515E5F49A7FB2CA&ply_type=3&policy=eyJ2bSI6MywidWlkIjoiMzEyOTY1MDYwMzg4ODE4NSJ9,已使用,审核通过,--,7,--,0,0,0,0,0,0,0,0,0,0,0,0,0,0,0
"	7663055189575106606",0716-浩正引导-2.mp4,https://video-cn.oceanengine.com/201018fcd10ee05ce14d0d54264431e9/6a6ead6c/tos-cn-ve-51/o4aKFQlkEIMzUlErlIJWQwwitEGNpEdZA4yAk?a=1402&ch=0&cr=0&dr=3&cd=0%7C0%7C0%7C0&br=1342&bt=1342&cs=0&ds=4&ft=J9ThAGkHH_Myq8Z7jjR_e2NvjTQ&mime_type=video_mp4&qs=0&rc=NXZpTGRTaFBnKWxncmd5aHFsc3IxZGZpPGY0NWVmZDM5PGY3NDs6QGkzbjM8OG86ZGQ8MzM0NjMzQFNsa3ZpcUQ6amtqXmJmK2BeaWpgYTojXzVjNGMuYF5iMTY2MjEyYmEjMG4zM2FhLzVgYS0tZDAwc3M%3D&btag=80000200010000&dy_q=1785465424&feature_id=d6a18d7c5414b1f1e95a75faf9147845&l=2026073110370304CFF515E5F49A7FB2CA&ply_type=3&policy=eyJ2bSI6MywidWlkIjoiMzEyOTY1MDYwMzg4ODE4NSJ9,未使用,审核不通过,--,0,--,0,0,0,0,0,0,0,0,0,0,0,0,0,0,0
"	7663055161565888522",0716-引导-小敏-1.mp4,https://video-cn.oceanengine.com/fb05372b1268f03600db7b3f8409973a/6a6ead60/tos-cn-ve-51/oEhElEkILxNAWZ9BzIgQaAIzQNOEILltdFsyi?a=1402&ch=0&cr=0&dr=3&cd=0%7C0%7C0%7C0&br=598&bt=598&cs=0&ds=4&ft=J9ThAGkHH_Myq8Z7jjR_e2NvjTQ&mime_type=video_mp4&qs=0&rc=NXZpTGRTaFBnKWxncmd5aHFsc3IxZGZnM2dnZWRlPDppZzdlNDU2QGlqZmZtNG86ZWQ8MzM0NjMzQFNsa3ZpcUQ6amtqXmJmK2BeaWpgYTojMF5fLzYuMF9eMTAvNV9hMmEjMjZiM2FhLzVgYS0tZDAvc3M%3D&btag=80000200010000&dy_q=1785465424&feature_id=d6a18d7c5414b1f1e95a75faf9147845&l=2026073110370304CFF515E5F49A7FB2CA&ply_type=3&policy=eyJ2bSI6MywidWlkIjoiMzEyOTY1MDYwMzg4ODE4NSJ9,未使用,审核不通过,--,0,--,0,0,0,0,0,0,0,0,0,0,0,0,0,0,0
"	7663055112802025499",0716-浩正引导-1.mp4,https://video-cn.oceanengine.com/187ecf9d397b7426d3e0e71d0312e8f1/6a6ead6f/tos-cn-ve-51/o0QQp1cdIAA2Q5aUBFRYI4EQctmvFLkBfh7Ig4?a=1402&ch=0&cr=0&dr=3&cd=0%7C0%7C0%7C0&br=371&bt=371&cs=0&ds=3&ft=J9ThAGkHH_Myq8Z7jjR_e2NvjTQ&mime_type=video_mp4&qs=0&rc=NXZpTGRTaFBnKWxncmd5aHFsc3IxZGZnZWVoaDdkOGU2aWQ1aDQ2QGkzanM6O286ZGQ8MzM0NjMzQFNsa3ZpcUQ6amtqXmJmK2BeaWpgYTojMS5fM2M2YzZjMTUzLjJiLWEjcHIyYmFhLzVgYS0tZDAwc3M%3D&btag=80000e00018000&dy_q=1785465424&feature_id=d6a18d7c5414b1f1e95a75faf9147845&l=2026073110370304CFF515E5F49A7FB2CA&ply_type=3&policy=eyJ2bSI6MywidWlkIjoiMzEyOTY1MDYwMzg4ODE4NSJ9,未使用,审核通过,--,1,--,0,0,0,0,0,0,0,0,0,0,0,0,0,0,0
"	7662989870433239066",0715-引导-小敏-3-修改.mp4,https://video-cn.oceanengine.com/5457fd838cee8d69872458bc8a240aef/6a6ead67/tos-cn-ve-51c800/oMAvDQh6EwztIAHEkEQaoIVJGlY9cdWh9wAZ5?a=1402&ch=0&cr=0&dr=3&cd=0%7C0%7C0%7C0&br=1368&bt=1368&cs=0&ds=4&ft=J9ThAGkHH_Myq8Z7jjR_e2NvjTQ&mime_type=video_mp4&qs=0&rc=NXZpTGRTaFBnKWxncmd5aHFsc3IxZGZmOjM0O2c3ZjhmN2c0aDwzQGkzM3lsNG86ajk8MzM0NjMzQFNsa3ZpcUQ6amtqXmJmK2BeaWpgYTojMmEyMDMzYV5eMWFiNTAvLmEjMGhhcGFhL2VgYS0tZDAwc3M%3D&btag=80000200010000&dy_q=1785465424&feature_id=d6a18d7c5414b1f1e95a75faf9147845&l=2026073110370304CFF515E5F49A7FB2CA&ply_type=3&policy=eyJ2bSI6MywidWlkIjoiMzEyOTY1MDYwMzg4ODE4NSJ9,未使用,审核不通过,--,0,--,0,0,0,0,0,0,0,0,0,0,0,0,0,0,0
"	7662989870433206298",0715-引导-小敏-2-修改.mp4,https://video-cn.oceanengine.com/2d9b65c3053a2e7819c351365fe58cc0/6a6ead67/tos-cn-ve-51/oEQtICaYALmEk4vVgjWAPlBoI1QtphcEzEdiw?a=1402&ch=0&cr=0&dr=3&cd=0%7C0%7C0%7C0&br=884&bt=884&cs=0&ds=4&ft=J9ThAGkHH_Myq8Z7jjR_e2NvjTQ&mime_type=video_mp4&qs=0&rc=NXZpTGRTaFBnKWxncmd5aHFsc3IxZGZkNTY1ZmU5ZWk3Njs8ZWdoQGlqNG1zaW86ajk8MzM0NjMzQFNsa3ZpcUQ6amtqXmJmK2BeaWpgYTojYjA2YDY1LV5hMTIwNDExM2EjMl5nXmFhL2VgYS0tZDAvc3M%3D&btag=80000200010000&dy_q=1785465424&feature_id=d6a18d7c5414b1f1e95a75faf9147845&l=2026073110370304CFF515E5F49A7FB2CA&ply_type=3&policy=eyJ2bSI6MywidWlkIjoiMzEyOTY1MDYwMzg4ODE4NSJ9,未使用,审核不通过,--,0,--,0,0,0,0,0,0,0,0,0,0,0,0,0,0,0
"	7662989862635503662",0715-引导-小敏-1-修改.mp4,https://video-cn.oceanengine.com/6867fa098ef3eab9390cc83a7dd32342/6a6ead6f/tos-cn-ve-51/oswcowlY3qAhtENxd1EAapCJzdIFFWQIOQhwo?a=1402&ch=0&cr=0&dr=3&cd=0%7C0%7C0%7C0&br=644&bt=644&cs=0&ds=4&ft=J9ThAGkHH_Myq8Z7jjR_e2NvjTQ&mime_type=video_mp4&qs=0&rc=NXZpTGRTaFBnKWxncmd5aHFsc3IxZGZnPDM7NWVoMzxmZmY6OWdnQGkzcW00O286ajk8MzM0NjMzQFNsa3ZpcUQ6amtqXmJmK2BeaWpgYTojL142NGMuMDUyMS02YTA1MGEjbDBfaWFhL2VgYS0tZDAwc3M%3D&btag=80000200018000&dy_q=1785465424&feature_id=d6a18d7c5414b1f1e95a75faf9147845&l=2026073110370304CFF515E5F49A7FB2CA&ply_type=3&policy=eyJ2bSI6MywidWlkIjoiMzEyOTY1MDYwMzg4ODE4NSJ9,未使用,审核不通过,--,0,--,0,0,0,0,0,0,0,0,0,0,0,0,0,0,0
"	7662989853030219827",0714瑞晨引流修改-10.mp4,https://video-cn.oceanengine.com/3a02c067ec568b8fbe93ef10b4c30482/6a6ead61/tos-cn-ve-51/ok1AltAQMSdHoEtbzDQkutN2aYI0hIonhpWTV?a=1402&ch=0&cr=0&dr=3&cd=0%7C0%7C0%7C0&br=3644&bt=3644&cs=0&ds=4&ft=J9ThAGkHH_Myq8Z7jjR_e2NvjTQ&mime_type=video_mp4&qs=0&rc=NXZpTGRTaFBnKWxncmd5aHFsc3IxZGY3aGU6NGQ6ZDxnMzs0NTs3QGkzcGRwZ286aDk8MzM0NjMzQFNsa3ZpcUQ6amtqXmJmK2BeaWpgYTojMC8yLzI0MDZjMS0tLS0zNWEjMzBuXmFhbmVgYS0tZDBhc3M%3D&btag=80000200010000&dy_q=1785465424&feature_id=d6a18d7c5414b1f1e95a75faf9147845&l=2026073110370304CFF515E5F49A7FB2CA&ply_type=3&policy=eyJ2bSI6MywidWlkIjoiMzEyOTY1MDYwMzg4ODE4NSJ9,未使用,审核不通过,--,0,--,0,0,0,0,0,0,0,0,0,0,0,0,0,0,0
"	7662989840313352201",0715-引导-小敏-5-修改.mp4,https://video-cn.oceanengine.com/8a61ee8cf404bf2ade8807e16c2f68bd/6a6ead5e/tos-cn-ve-51/ogAKgBk1h7gQCmoERdYIAtpL9aRxfDINlI3T1Q?a=1402&ch=0&cr=0&dr=3&cd=0%7C0%7C0%7C0&br=1266&bt=1266&cs=0&ds=4&ft=J9ThAGkHH_Myq8Z7jjR_e2NvjTQ&mime_type=video_mp4&qs=0&rc=NXZpTGRTaFBnKWxncmd5aHFsc3IxZGZmODtkaWk6N2c4aDM2Zjo7QGlqOGl3OW86ajk8MzM0NjMzQFNsa3ZpcUQ6amtqXmJmK2BeaWpgYTojMDZfMjZjYjZhMWI0Yy5gMmEjYmNec2FhL2VgYS0tZDAwc3M%3D&btag=80000200008000&dy_q=1785465424&feature_id=d6a18d7c5414b1f1e95a75faf9147845&l=2026073110370304CFF515E5F49A7FB2CA&ply_type=3&policy=eyJ2bSI6MywidWlkIjoiMzEyOTY1MDYwMzg4ODE4NSJ9,未使用,审核不通过,--,0,--,0,0,0,0,0,0,0,0,0,0,0,0,0,0,0
"	7662989796920000539",0715-引导-小敏-4-修改.mp4,https://video-cn.oceanengine.com/89e82497956aafd337ec045841ccbfd7/6a6ead67/tos-cn-ve-51/oEl0zxvWotiQlAEvSWAYEoIQdAlWaEpwTIh5E?a=1402&ch=0&cr=0&dr=3&cd=0%7C0%7C0%7C0&br=1423&bt=1423&cs=0&ds=4&ft=J9ThAGkHH_Myq8Z7jjR_e2NvjTQ&mime_type=video_mp4&qs=0&rc=NXZpTGRTaFBnKWxncmd5aHFsc3IxZGY8ZDtlZWlmOjc6MzU6ZGY7QGkzcHU0aW86ajk8MzM0NjMzQFNsa3ZpcUQ6amtqXmJmK2BeaWpgYTojYGIxMy8vNV8vMS0uXmIvMGEjZS8vbmFhL2VgYS0tZDBhc3M%3D&btag=80000200010000&dy_q=1785465424&feature_id=d6a18d7c5414b1f1e95a75faf9147845&l=2026073110370304CFF515E5F49A7FB2CA&ply_type=3&policy=eyJ2bSI6MywidWlkIjoiMzEyOTY1MDYwMzg4ODE4NSJ9,未使用,审核不通过,--,0,--,0,0,0,0,0,0,0,0,0,0,0,0,0,0,0
"	7662989779832127498",0715-引导-小敏-6-修改.mp4,https://video-cn.oceanengine.com/525a4252ecf1e3192b96ba18050d86b4/6a6ead5b/tos-cn-ve-51/08944e2d7f8b4db68b290ddaa9ee6685?a=1402&ch=0&cr=0&dr=3&cd=0%7C0%7C0%7C0&br=843&bt=843&cs=0&ds=4&ft=J9ThAGkHH_Myq8Z7jjR_e2NvjTQ&mime_type=video_mp4&qs=0&rc=NXZpTGRTaFBnKWxncmd5aHFsc3IxZGY6NGQ5Njw1ZzU8PDRpaDNnQGlqbzZ3NW86ajk8MzM0NjMzQFNsa3ZpcUQ6amtqXmJmK2BeaWpgYTojX2I1MDZjLTY1MS9hMF42NWEjbS5vbmFhL2VgYS0tZDAwc3M%3D&btag=80000200008000&dy_q=1785465424&feature_id=d6a18d7c5414b1f1e95a75faf9147845&l=2026073110370304CFF515E5F49A7FB2CA&ply_type=3&policy=eyJ2bSI6MywidWlkIjoiMzEyOTY1MDYwMzg4ODE4NSJ9,未使用,审核不通过,--,0,--,0,0,0,0,0,0,0,0,0,0,0,0,0,0,0
"	7662989773514424358",0715-引导-小敏-7-修改.mp4,https://video-cn.oceanengine.com/e092cadbb43a396cb8e247479d7b3cc7/6a6ead64/tos-cn-ve-51/ow1L6HteIAD0AJJBQgJwVgAbgmtTOmIppQ5aR7?a=1402&ch=0&cr=0&dr=3&cd=0%7C0%7C0%7C0&br=1788&bt=1788&cs=0&ds=4&ft=J9ThAGkHH_Myq8Z7jjR_e2NvjTQ&mime_type=video_mp4&qs=0&rc=NXZpTGRTaFBnKWxncmd5aHFsc3IxZGZpOzQ3ZGY3NzdkNmRoOWRlQGkzcGxnNm86ajk8MzM0NjMzQFNsa3ZpcUQ6amtqXmJmK2BeaWpgYTojYC42Yy8xNDYvMS1gNDUzMmEjcTY0ZmFhL2VgYS0tZDBhc3M%3D&btag=80000200010000&dy_q=1785465424&feature_id=d6a18d7c5414b1f1e95a75faf9147845&l=2026073110370304CFF515E5F49A7FB2CA&ply_type=3&policy=eyJ2bSI6MywidWlkIjoiMzEyOTY1MDYwMzg4ODE4NSJ9,未使用,审核不通过,--,0,--,0,0,0,0,0,0,0,0,0,0,0,0,0,0,0
"	7662989769204056110",0714瑞晨引流修改-8.mp4,https://video-cn.oceanengine.com/b68ee7566127e3b8ae3b5f1788590439/6a6ead59/tos-cn-ve-51/oIZQphaqEIzwW0nyHIadAYtQbGWzgEl2uFpAo?a=1402&ch=0&cr=0&dr=3&cd=0%7C0%7C0%7C0&br=3523&bt=3523&cs=0&ds=4&ft=J9ThAGkHH_Myq8Z7jjR_e2NvjTQ&mime_type=video_mp4&qs=0&rc=NXZpTGRTaFBnKWxncmd5aHFsc3IxZGZkaDtnNjg4NGU1NTllaGVoQGkzcHh2ZG86aDk8MzM0NjMzQFNsa3ZpcUQ6amtqXmJmK2BeaWpgYTojL2BgNGFfMDZgMTMwMy01YWEjbWZwMGFhbmVgYS0tZDAvc3M%3D&btag=80000200008000&dy_q=1785465424&feature_id=d6a18d7c5414b1f1e95a75faf9147845&l=2026073110370304CFF515E5F49A7FB2CA&ply_type=3&policy=eyJ2bSI6MywidWlkIjoiMzEyOTY1MDYwMzg4ODE4NSJ9,未使用,审核不通过,--,0,--,0,0,0,0,0,0,0,0,0,0,0,0,0,0,0
"	7662989743489138715",0715瑞晨引流修改-5.mp4,https://video-cn.oceanengine.com/41cc8eb96215a91ce430937eadd3886c/6a6ead5f/tos-cn-ve-51/oQjRQmuBdaATe4F3xDtcgm1gCBHQDAALIMolw7?a=1402&ch=0&cr=0&dr=3&cd=0%7C0%7C0%7C0&br=1485&bt=1485&cs=0&ds=4&ft=J9ThAGkHH_Myq8Z7jjR_e2NvjTQ&mime_type=video_mp4&qs=0&rc=NXZpTGRTaFBnKWxncmd5aHFsc3IxZGY4ZTM3aGY6Nzw8PGkzOjQ0QGlqNHJpaG86aDk8MzM0NjMzQFNsa3ZpcUQ6amtqXmJmK2BeaWpgYTojXjBgNmAzYjZeMTMvYzA0XmEjbzQtLWFhbmVgYS0tZDBhc3M%3D&btag=80000200010000&dy_q=1785465424&feature_id=d6a18d7c5414b1f1e95a75faf9147845&l=2026073110370304CFF515E5F49A7FB2CA&ply_type=3&policy=eyJ2bSI6MywidWlkIjoiMzEyOTY1MDYwMzg4ODE4NSJ9,未使用,审核不通过,--,0,--,0,0,0,0,0,0,0,0,0,0,0,0,0,0,0
"	7662989656637423654",0715瑞晨引流修改-4.mp4,https://video-cn.oceanengine.com/fe68b27f866664af50340a042ac83d98/6a6ead59/tos-cn-ve-51/owalYIVHaS1ChhTPCUBAQd2TzuyoW0AItQodE?a=1402&ch=0&cr=0&dr=3&cd=0%7C0%7C0%7C0&cv=1&br=2001&bt=2001&cs=0&ds=3&ft=J9ThAGkHH_Myq8Z7jjR_e2NvjTQ&mime_type=video_mp4&qs=0&rc=NXZpTGRTaFBnKWxncmd5aHFsc3IxZGY1Njo6NTk0OTg4NjxmOjQ5QGkzbzkzO286aDk8MzM0NjMzQFNsa3ZpcUQ6amtqXmJmK2BeaWpgYTojM2MuNTIvMTUyMTRiLjQvMmEjNjBkbWFhbmVgYS0tZDBhc3M%3D&btag=80000e00008000&dy_q=1785465424&feature_id=d6a18d7c5414b1f1e95a75faf9147845&l=2026073110370304CFF515E5F49A7FB2CA&ply_type=3&policy=eyJ2bSI6MywidWlkIjoiMzEyOTY1MDYwMzg4ODE4NSJ9,已使用,审核通过,--,7,--,0,0,0,0,0,0,0,0,0,0,0,0,0,0,0
"	7662705484970426419",0715-引导-小敏-2.mp4,https://video-cn.oceanengine.com/75825d89ab52813aa858ca3511dd8a1c/6a6ead67/tos-cn-ve-51/oEpsUBEfwQq3AeAaIohGCg3XCG0sbrPt0Cnfjj?a=1402&ch=0&cr=0&dr=3&cd=0%7C0%7C0%7C0&br=883&bt=883&cs=0&ds=4&ft=J9ThAGkHH_Myq8Z7jjR_e2NvjTQ&mime_type=video_mp4&qs=0&rc=NXZpTGRTaFBnKWxncmd5aHFsc3IxZGZpZzU5ZzZnZTg7ZjQ5aDpnQGkzaXV4Om86NnA8MzM0NjMzQFNsa3ZpcUQ6amtqXmJmK2BeaWpgYTojMDJjNmAzYTUwMTYxXjY0MmEjLmJzc2FhXmBfYS0tZDAwc3M%3D&btag=80000200010000&dy_q=1785465424&feature_id=d6a18d7c5414b1f1e95a75faf9147845&l=2026073110370304CFF515E5F49A7FB2CA&ply_type=3&policy=eyJ2bSI6MywidWlkIjoiMzEyOTY1MDYwMzg4ODE4NSJ9,未使用,审核不通过,--,0,--,0,0,0,0,0,0,0,0,0,0,0,0,0,0,0
"	7662705482650484745",0715-引流-魏怡-7.mp4,https://video-cn.oceanengine.com/a91266bae4b7c7c0f17da0e14ef00365/6a6ead61/tos-cn-ve-51/oQXRArqgeIUL1JewtajCbQIRGfnJ0sGFAtBOFQ?a=1402&ch=0&cr=0&dr=3&cd=0%7C0%7C0%7C0&br=2721&bt=2721&cs=0&ds=4&ft=J9ThAGkHH_Myq8Z7jjR_e2NvjTQ&mime_type=video_mp4&qs=0&rc=NXZpTGRTaFBnKWxncmd5aHFsc3IxZGZoM2VpZTM6OmlkZ2gzOjVlQGlqbTg0aW86NHA8MzM0NjMzQFNsa3ZpcUQ6amtqXmJmK2BeaWpgYTojYy8yM18wMDU0MS0wLjYtLWEjZ3IvbmFhL2BfYS0tZDBhc3M%3D&btag=80000e00010000&dy_q=1785465424&feature_id=d6a18d7c5414b1f1e95a75faf9147845&l=2026073110370304CFF515E5F49A7FB2CA&ply_type=3&policy=eyJ2bSI6MywidWlkIjoiMzEyOTY1MDYwMzg4ODE4NSJ9,未使用,审核通过,--,2,--,0,0,0,0,0,0,0,0,0,0,0,0,0,0,0
"	7662705450980376585",0715-引流-魏怡-6.mp4,https://video-cn.oceanengine.com/045ef915ecd8727aa79b910517e722c1/6a6ead61/tos-cn-ve-51/og4XmdRDxlVQdwdtEsaWzXIBIQqFQ20JpAEAM?a=1402&ch=0&cr=0&dr=3&cd=0%7C0%7C0%7C0&br=2642&bt=2642&cs=0&ds=4&ft=J9ThAGkHH_Myq8Z7jjR_e2NvjTQ&mime_type=video_mp4&qs=0&rc=NXZpTGRTaFBnKWxncmd5aHFsc3IxZGZnMzw0MzZpZjk8ZGVlOzU7QGkzdzM4ZG86NHA8MzM0NjMzQFNsa3ZpcUQ6amtqXmJmK2BeaWpgYTojLS00MTVgNTVfMV5iNF80XmEjbmxjb2FhL2BfYS0tZDAwc3M%3D&btag=80000e00010000&dy_q=1785465424&feature_id=d6a18d7c5414b1f1e95a75faf9147845&l=2026073110370304CFF515E5F49A7FB2CA&ply_type=3&policy=eyJ2bSI6MywidWlkIjoiMzEyOTY1MDYwMzg4ODE4NSJ9,未使用,审核通过,--,1,--,0,0,0,0,0,0,0,0,0,0,0,0,0,0,0
"	7662705442624749578", 0715-引导-小敏-6.mp4,https://video-cn.oceanengine.com/82d9c1d56dc4e152f1d3ba11b26cad0c/6a6ead64/tos-cn-ve-51/o4WQ7ElnUBDEAQWcd0KIKX2dIzAatTmA5wu9h?a=1402&ch=0&cr=0&dr=3&cd=0%7C0%7C0%7C0&br=1792&bt=1792&cs=0&ds=4&ft=J9ThAGkHH_Myq8Z7jjR_e2NvjTQ&mime_type=video_mp4&qs=0&rc=NXZpTGRTaFBnKWxncmd5aHFsc3IxZGY4M2g8aDllN2loOmVmNDNlQGlqdTZnOm86NnA8MzM0NjMzQFNsa3ZpcUQ6amtqXmJmK2BeaWpgYTojNGM2NDU1XjYvMV81LzUtNmEjcjZqMmFhXmBfYS0tZDBhc3M%3D&btag=80000200010000&dy_q=1785465424&feature_id=d6a18d7c5414b1f1e95a75faf9147845&l=2026073110370304CFF515E5F49A7FB2CA&ply_type=3&policy=eyJ2bSI6MywidWlkIjoiMzEyOTY1MDYwMzg4ODE4NSJ9,未使用,审核不通过,--,0,--,0,0,0,0,0,0,0,0,0,0,0,0,0,0,0
"	7662705440946290738",0715-引导-小敏-3.mp4,https://video-cn.oceanengine.com/e36903135eed4a3d02ce424e0c480331/6a6ead67/tos-cn-ve-51/ooEKRT7EIgQ1G3KoWptmXipJfjM1dBALaA7mQB?a=1402&ch=0&cr=0&dr=3&cd=0%7C0%7C0%7C0&br=1440&bt=1440&cs=0&ds=4&ft=J9ThAGkHH_Myq8Z7jjR_e2NvjTQ&mime_type=video_mp4&qs=0&rc=NXZpTGRTaFBnKWxncmd5aHFsc3IxZGY1NTs0NjMzOGkzNTRkaGU0QGlqO2R0M286NnA8MzM0NjMzQFNsa3ZpcUQ6amtqXmJmK2BeaWpgYTojYGJhLi1iLl4wMTRiXmBiLWEjczZvZmFhXmBfYS0tZDBhc3M%3D&btag=80000200010000&dy_q=1785465424&feature_id=d6a18d7c5414b1f1e95a75faf9147845&l=2026073110370304CFF515E5F49A7FB2CA&ply_type=3&policy=eyJ2bSI6MywidWlkIjoiMzEyOTY1MDYwMzg4ODE4NSJ9,未使用,审核不通过,--,0,--,0,0,0,0,0,0,0,0,0,0,0,0,0,0,0
"	7662705419853398042",0715-引导-小敏-5.mp4,https://video-cn.oceanengine.com/b643dfcdcc859375cb35a991aaa9f7db/6a6ead67/tos-cn-ve-51/oMonlUmNCLjAWXpElIgQaAIzQGCEIDItd0Pyd?a=1402&ch=0&cr=0&dr=3&cd=0%7C0%7C0%7C0&br=1433&bt=1433&cs=0&ds=4&ft=J9ThAGkHH_Myq8Z7jjR_e2NvjTQ&mime_type=video_mp4&qs=0&rc=NXZpTGRTaFBnKWxncmd5aHFsc3IxZGY4OGloZDM4ZTQ3NjU3PDRoQGkzaXBrO286NnA8MzM0NjMzQFNsa3ZpcUQ6amtqXmJmK2BeaWpgYTojNS4zYC8vLjU0MTFeLzBfYGEjLmJoZWFhXmBfYS0tZDAvc3M%3D&btag=80000e00010000&dy_q=1785465424&feature_id=d6a18d7c5414b1f1e95a75faf9147845&l=2026073110370304CFF515E5F49A7FB2CA&ply_type=3&policy=eyJ2bSI6MywidWlkIjoiMzEyOTY1MDYwMzg4ODE4NSJ9,未使用,审核通过,--,1,--,0,0,0,0,0,0,0,0,0,0,0,0,0,0,0
"	7662705385929408538",0715-引流-魏怡-2.mp4,https://video-cn.oceanengine.com/af7934365cc9e013407a19fd5c6547f0/6a6ead79/tos-cn-ve-51/o81vxNiEIBiVHQ2eYRNTDziAuYIE2gyegHAKaq?a=1402&ch=0&cr=0&dr=3&cd=0%7C0%7C0%7C0&br=1070&bt=1070&cs=0&ds=4&ft=J9ThAGkHH_Myq8Z7jjR_e2NvjTQ&mime_type=video_mp4&qs=0&rc=NXZpTGRTaFBnKWxncmd5aHFsc3IxZGY4N2kzNmhkNGU3OzhmaTs2QGkzc2l5O286NHA8MzM0NjMzQFNsa3ZpcUQ6amtqXmJmK2BeaWpgYTojXjEuMjFiMTUwMV4vLjRiMGEjLi9sZGFhL2BfYS0tZDBhc3M%3D&btag=80000200018000&dy_q=1785465424&feature_id=d6a18d7c5414b1f1e95a75faf9147845&l=2026073110370304CFF515E5F49A7FB2CA&ply_type=3&policy=eyJ2bSI6MywidWlkIjoiMzEyOTY1MDYwMzg4ODE4NSJ9,未使用,审核不通过,--,0,--,0,0,0,0,0,0,0,0,0,0,0,0,0,0,0
"	7662705380100997146",0715-引流-魏怡-5.mp4,https://video-cn.oceanengine.com/f26f3922b5db11b82073bb9992c57ac3/6a6ead5e/tos-cn-ve-51/oA1jDlQAQkuIXAEdrQUaW1QzBmA7IRbdZtEqT?a=1402&ch=0&cr=0&dr=3&cd=0%7C0%7C0%7C0&br=1886&bt=1886&cs=0&ds=3&ft=J9ThAGkHH_Myq8Z7jjR_e2NvjTQ&mime_type=video_mp4&qs=0&rc=NXZpTGRTaFBnKWxncmd5aHFsc3IxZGY1NzVmZjUzZDo3aWU1NGZlQGlqdWZkaG86NHA8MzM0NjMzQFNsa3ZpcUQ6amtqXmJmK2BeaWpgYTojYmNiNmE1MDUxMTUtYF9fMGEjbi1pNWFhL2BfYS0tZDBhc3M%3D&btag=80000e00008000&dy_q=1785465424&feature_id=d6a18d7c5414b1f1e95a75faf9147845&l=2026073110370304CFF515E5F49A7FB2CA&ply_type=3&policy=eyJ2bSI6MywidWlkIjoiMzEyOTY1MDYwMzg4ODE4NSJ9,未使用,审核通过,--,1,--,0,0,0,0,0,0,0,0,0,0,0,0,0,0,0
"	7662705376481017882",0715-引导-小敏-1.mp4,https://video-cn.oceanengine.com/89135a2d638000808b5f4e1144b9b599/6a6ead6f/tos-cn-ve-51/3f0a152d3ab940698ca4d0c2c17194da?a=1402&ch=0&cr=0&dr=3&cd=0%7C0%7C0%7C0&br=673&bt=673&cs=0&ds=4&ft=J9ThAGkHH_Myq8Z7jjR_e2NvjTQ&mime_type=video_mp4&qs=0&rc=NXZpTGRTaFBnKWxncmd5aHFsc3IxZGY2ZWY0aWQ8O2RoOGRmaDgzQGlqc3Y1aG86NnA8MzM0NjMzQFNsa3ZpcUQ6amtqXmJmK2BeaWpgYTojMy8tMzEtMzZgMWNfXmBhLWEjNDVob2FhXmBfYS0tZDAwc3M%3D&btag=80000200018000&dy_q=1785465424&feature_id=d6a18d7c5414b1f1e95a75faf9147845&l=2026073110370304CFF515E5F49A7FB2CA&ply_type=3&policy=eyJ2bSI6MywidWlkIjoiMzEyOTY1MDYwMzg4ODE4NSJ9,未使用,审核不通过,--,0,--,0,0,0,0,0,0,0,0,0,0,0,0,0,0,0
"	7662705373485203483",0715-引流-魏怡-3.mp4,https://video-cn.oceanengine.com/15fb011572d48109ce5b8a45bf7fba9b/6a6ead70/tos-cn-ve-51/owBAdzEPjmQPnEIlSAIGdXST0QskaBRpwtGrW?a=1402&ch=0&cr=0&dr=3&cd=0%7C0%7C0%7C0&br=1604&bt=1604&cs=0&ds=4&ft=J9ThAGkHH_Myq8Z7jjR_e2NvjTQ&mime_type=video_mp4&qs=0&rc=NXZpTGRTaFBnKWxncmd5aHFsc3IxZGY4ZDk4Z2czOTdpNDc3NTM4QGkzOms2ZW86NHA8MzM0NjMzQFNsa3ZpcUQ6amtqXmJmK2BeaWpgYTojM15jYDUzLl80MV41NDBeLmEjNjRyZmFhL2BfYS0tZDAwc3M%3D&btag=80000200018000&dy_q=1785465424&feature_id=d6a18d7c5414b1f1e95a75faf9147845&l=2026073110370304CFF515E5F49A7FB2CA&ply_type=3&policy=eyJ2bSI6MywidWlkIjoiMzEyOTY1MDYwMzg4ODE4NSJ9,未使用,审核不通过,--,0,--,0,0,0,0,0,0,0,0,0,0,0,0,0,0,0
"	7662705357816004634",0715-引导-小敏-4.mp4,https://video-cn.oceanengine.com/f34e03ebac9d9ea46073ab7ae3f0a4f3/6a6ead5e/tos-cn-ve-51/oEKQqXE5DdFwmGIQtgC0Jd9lIpWAIFCMQaAUz?a=1402&ch=0&cr=0&dr=3&cd=0%7C0%7C0%7C0&br=1276&bt=1276&cs=0&ds=4&ft=J9ThAGkHH_Myq8Z7jjR_e2NvjTQ&mime_type=video_mp4&qs=0&rc=NXZpTGRTaFBnKWxncmd5aHFsc3IxZGY2OWQ5NGk0aTU1aTs0OTVpQGkzczMzPG86NnA8MzM0NjMzQFNsa3ZpcUQ6amtqXmJmK2BeaWpgYTojXjA1Ml5iXl5eMWAwMF80Y2EjNV9oMmFhXmBfYS0tZDAwc3M%3D&btag=80000200008000&dy_q=1785465424&feature_id=d6a18d7c5414b1f1e95a75faf9147845&l=2026073110370304CFF515E5F49A7FB2CA&ply_type=3&policy=eyJ2bSI6MywidWlkIjoiMzEyOTY1MDYwMzg4ODE4NSJ9,未使用,审核不通过,--,0,--,0,0,0,0,0,0,0,0,0,0,0,0,0,0,0
"	7662705346276360202",0715-引流-魏怡-10.mp4,https://video-cn.oceanengine.com/fcf9ccc556d778ee61fad84e16f35f2f/6a6ead67/tos-cn-ve-51/oMwGsQzlIuwEmZAdANXQIEOsDnEZFBWjUrtda?a=1402&ch=0&cr=0&dr=3&cd=0%7C0%7C0%7C0&br=1319&bt=1319&cs=0&ds=3&ft=J9ThAGkHH_Myq8Z7jjR_e2NvjTQ&mime_type=video_mp4&qs=0&rc=NXZpTGRTaFBnKWxncmd5aHFsc3IxZGY0NmVnODVoNDZpNzVkNmlnQGkzOGw5ZW86NHA8MzM0NjMzQFNsa3ZpcUQ6amtqXmJmK2BeaWpgYTojLWMzLjA0YzY0MTA0Ll8tY2EjanBhXmFhL2BfYS0tZDAwc3M%3D&btag=80000e00010000&dy_q=1785465424&feature_id=d6a18d7c5414b1f1e95a75faf9147845&l=2026073110370304CFF515E5F49A7FB2CA&ply_type=3&policy=eyJ2bSI6MywidWlkIjoiMzEyOTY1MDYwMzg4ODE4NSJ9,未使用,审核通过,--,1,--,0,0,0,0,0,0,0,0,0,0,0,0,0,0,0
"	7662705344263782427",0715-引流-魏怡-4.mp4,https://video-cn.oceanengine.com/eaea7ba7d89a88a57e4ed47a3c91a0ca/6a6ead60/tos-cn-ve-51/okuWWGjDNIGAGCORfaQgCQ1qjfIa2AE2BgNYzV?a=1402&ch=0&cr=0&dr=3&cd=0%7C0%7C0%7C0&br=1590&bt=1590&cs=0&ds=3&ft=J9ThAGkHH_Myq8Z7jjR_e2NvjTQ&mime_type=video_mp4&qs=0&rc=NXZpTGRTaFBnKWxncmd5aHFsc3IxZGY3Ojs7PGdnZTQ3ZWg2aDNnQGkzZTNqaW86NHA8MzM0NjMzQFNsa3ZpcUQ6amtqXmJmK2BeaWpgYTojYTEuM2EvMV5gMWM2MF5iNWEjL2o2ZWFhL2BfYS0tZDAvc3M%3D&btag=80000e00010000&dy_q=1785465424&feature_id=d6a18d7c5414b1f1e95a75faf9147845&l=2026073110370304CFF515E5F49A7FB2CA&ply_type=3&policy=eyJ2bSI6MywidWlkIjoiMzEyOTY1MDYwMzg4ODE4NSJ9,未使用,审核通过,--,4,--,0,0,0,0,0,0,0,0,0,0,0,0,0,0,0
"	7662705335255351334",0715-引流-魏怡-1.mp4,https://video-cn.oceanengine.com/a8ba40840541326a607be33853891999/6a6ead6d/tos-cn-ve-51/o415hkvoCAvQ7AtmFATIJY7gKKB1QaISeMTa7Q?a=1402&ch=0&cr=0&dr=3&cd=0%7C0%7C0%7C0&br=1535&bt=1535&cs=0&ds=4&ft=J9ThAGkHH_Myq8Z7jjR_e2NvjTQ&mime_type=video_mp4&qs=0&rc=NXZpTGRTaFBnKWxncmd5aHFsc3IxZGY8Omc7aDlnZTs8ODxlZzRpQGkzcWQ0NW86NHA8MzM0NjMzQFNsa3ZpcUQ6amtqXmJmK2BeaWpgYTojLzJiY180Y15iMWEvNDVeL2EjaGc0bmFhL2BfYS0tZDAvc3M%3D&btag=80000e00010000&dy_q=1785465424&feature_id=d6a18d7c5414b1f1e95a75faf9147845&l=2026073110370304CFF515E5F49A7FB2CA&ply_type=3&policy=eyJ2bSI6MywidWlkIjoiMzEyOTY1MDYwMzg4ODE4NSJ9,未使用,审核通过,--,1,--,0,0,0,0,0,0,0,0,0,0,0,0,0,0,0
"	7662705320095973427",0715-引流-魏怡-8.mp4,https://video-cn.oceanengine.com/5206d179a7e0973bdc4d37dd26aac4f9/6a6ead67/tos-cn-ve-51/o81fP2qgYI5VEaMDBNdRqI3yfSPABNgtuqQ2AA?a=1402&ch=0&cr=0&dr=3&cd=0%7C0%7C0%7C0&br=2665&bt=2665&cs=0&ds=4&ft=J9ThAGkHH_Myq8Z7jjR_e2NvjTQ&mime_type=video_mp4&qs=0&rc=NXZpTGRTaFBnKWxncmd5aHFsc3IxZGY2OjtnNTs1Z2U5PGU8NmZpQGkzM2pxZG86NHA8MzM0NjMzQFNsa3ZpcUQ6amtqXmJmK2BeaWpgYTojYzBjLzYyNjZjMTA2YTEtMWEjZGZwaWFhL2BfYS0tZDBhc3M%3D&btag=80000e00010000&dy_q=1785465424&feature_id=d6a18d7c5414b1f1e95a75faf9147845&l=2026073110370304CFF515E5F49A7FB2CA&ply_type=3&policy=eyJ2bSI6MywidWlkIjoiMzEyOTY1MDYwMzg4ODE4NSJ9,未使用,审核通过,--,1,--,0,0,0,0,0,0,0,0,0,0,0,0,0,0,0
"	7662705291852939314",0715-引流-魏怡-9.mp4,https://video-cn.oceanengine.com/ac028d26d2598585497c77d0aa6b932b/6a6ead68/tos-cn-ve-51/oEILElztnXjlGAjI4aBEdzg4J1EBQm4WA7ZdQ?a=1402&ch=0&cr=0&dr=3&cd=0%7C0%7C0%7C0&br=1521&bt=1521&cs=0&ds=3&ft=J9ThAGkHH_Myq8Z7jjR_e2NvjTQ&mime_type=video_mp4&qs=0&rc=NXZpTGRTaFBnKWxncmd5aHFsc3IxZGY0ZmVlPGY2ZWg1ZWk1ODg4QGlqOXFmNm86NHA8MzM0NjMzQFNsa3ZpcUQ6amtqXmJmK2BeaWpgYTojYS9hMGEzNTUvMS4vYTFgNmEjMmpycGFhL2BfYS0tZDAvc3M%3D&btag=80000e00010000&dy_q=1785465424&feature_id=d6a18d7c5414b1f1e95a75faf9147845&l=2026073110370304CFF515E5F49A7FB2CA&ply_type=3&policy=eyJ2bSI6MywidWlkIjoiMzEyOTY1MDYwMzg4ODE4NSJ9,未使用,审核通过,--,1,--,0,0,0,0,0,0,0,0,0,0,0,0,0,0,0
"	7662638692850843694",0714-引流-魏怡-3.mp4,https://video-cn.oceanengine.com/39e8c1aee792592e95cbb0412cb7225a/6a6ead7d/tos-cn-ve-51/oU5ShtaJmBgVVE7qhX7I5SAARQ4Q7WFJK1I2fB?a=1402&ch=0&cr=0&dr=3&cd=0%7C0%7C0%7C0&br=1073&bt=1073&cs=0&ds=4&ft=J9ThAGkHH_Myq8Z7jjR_e2NvjTQ&mime_type=video_mp4&qs=0&rc=NXZpTGRTaFBnKWxncmd5aHFsc3IxZGY3Njc1Njc7NjNpNGk1ZGQ5QGkzeW1xZW86b2w8MzM0NjMzQFNsa3ZpcUQ6amtqXmJmK2BeaWpgYTojNDAwM2NjMl4wMTJfXjIyM2Ejb2wxMWFhL2ZfYS0tZDAwc3M%3D&btag=80000200020000&dy_q=1785465424&feature_id=d6a18d7c5414b1f1e95a75faf9147845&l=2026073110370304CFF515E5F49A7FB2CA&ply_type=3&policy=eyJ2bSI6MywidWlkIjoiMzEyOTY1MDYwMzg4ODE4NSJ9,未使用,审核不通过,--,0,--,0,0,0,0,0,0,0,0,0,0,0,0,0,0,0
"	7662638665802072114",0714-引流-魏怡-2.mp4,https://video-cn.oceanengine.com/b25563459a139f0ab2650e7db4017750/6a6ead6d/tos-cn-ve-51/owA9EQcLEVztIAACIEQapIJLSlXYLdWh2wsjj?a=1402&ch=0&cr=0&dr=3&cd=0%7C0%7C0%7C0&br=1341&bt=1341&cs=0&ds=4&ft=J9ThAGkHH_Myq8Z7jjR_e2NvjTQ&mime_type=video_mp4&qs=0&rc=NXZpTGRTaFBnKWxncmd5aHFsc3IxZGZoaDY8N2hoZDQzNTw8aGdkQGkzZm5sNG86b2w8MzM0NjMzQFNsa3ZpcUQ6amtqXmJmK2BeaWpgYTojXzBiX2IyLl9gMV8zM2M1MGEjNmtzZWFhL2ZfYS0tZDAwc3M%3D&btag=80000200018000&dy_q=1785465424&feature_id=d6a18d7c5414b1f1e95a75faf9147845&l=2026073110370304CFF515E5F49A7FB2CA&ply_type=3&policy=eyJ2bSI6MywidWlkIjoiMzEyOTY1MDYwMzg4ODE4NSJ9,未使用,审核不通过,--,0,--,0,0,0,0,0,0,0,0,0,0,0,0,0,0,0
"	7662638658180579337",0714-引流-魏怡-6.mp4,https://video-cn.oceanengine.com/b41d470c892e0fe042eef7ff195dab65/6a6ead67/tos-cn-ve-51/oAIAAZEaA0zglIdX2nkvpEgt2QWwVtrEcqQrY?a=1402&ch=0&cr=0&dr=3&cd=0%7C0%7C0%7C0&br=1373&bt=1373&cs=0&ds=4&ft=J9ThAGkHH_Myq8Z7jjR_e2NvjTQ&mime_type=video_mp4&qs=0&rc=NXZpTGRTaFBnKWxncmd5aHFsc3IxZGZnZGY6aDY0aTc0aDhmODZpQGlqcGxkZW86b2w8MzM0NjMzQFNsa3ZpcUQ6amtqXmJmK2BeaWpgYTojLzUuXzIwYDYzMTFgYzRiX2Eja2lwbmFhL2ZfYS0tZDAvc3M%3D&btag=80000200010000&dy_q=1785465424&feature_id=d6a18d7c5414b1f1e95a75faf9147845&l=2026073110370304CFF515E5F49A7FB2CA&ply_type=3&policy=eyJ2bSI6MywidWlkIjoiMzEyOTY1MDYwMzg4ODE4NSJ9,未使用,审核不通过,--,0,--,0,0,0,0,0,0,0,0,0,0,0,0,0,0,0
"	7662638649452281866",0714-引流-魏怡-4.mp4,https://video-cn.oceanengine.com/8c3ba7184c627f0458693bd0f5cb3636/6a6ead8c/tos-cn-ve-51/oYEQATQEpAQWibMzaVcDltWXZTdI2ZJIpNiXg?a=1402&ch=0&cr=0&dr=3&cd=0%7C0%7C0%7C0&br=1252&bt=1252&cs=0&ds=4&ft=J9ThAGkHH_Myq8Z7jjR_e2NvjTQ&mime_type=video_mp4&qs=0&rc=NXZpTGRTaFBnKWxncmd5aHFsc3IxZGZnNTplNzs6OzY2Mzg5O2Y7QGlqPGk4NW86b2w8MzM0NjMzQFNsa3ZpcUQ6amtqXmJmK2BeaWpgYTojYy42L180MTU0MS0wYmNiNGEjNmFvX2FhL2ZfYS0tZDBhc3M%3D&btag=80000200028000&dy_q=1785465424&feature_id=d6a18d7c5414b1f1e95a75faf9147845&l=2026073110370304CFF515E5F49A7FB2CA&ply_type=3&policy=eyJ2bSI6MywidWlkIjoiMzEyOTY1MDYwMzg4ODE4NSJ9,未使用,审核不通过,--,0,--,0,0,0,0,0,0,0,0,0,0,0,0,0,0,0
"	7662638623679479818",0714-引流-魏怡-1.mp4,https://video-cn.oceanengine.com/0a9031d9b3d65ac407c1cc76fd282f88/6a6ead7f/tos-cn-ve-51/oAXfVJZDNE6A5C2RelIQVu1qtHHa2AUyBgPlRV?a=1402&ch=0&cr=0&dr=3&cd=0%7C0%7C0%7C0&br=1673&bt=1673&cs=0&ds=4&ft=J9ThAGkHH_Myq8Z7jjR_e2NvjTQ&mime_type=video_mp4&qs=0&rc=NXZpTGRTaFBnKWxncmd5aHFsc3IxZGZkO2c2NjgzOjk2OzkzNGg2QGlqb3dsaW86b2w8MzM0NjMzQFNsa3ZpcUQ6amtqXmJmK2BeaWpgYTojNS0zYS02XzYxMTMxNWI0X2EjMHJqYmFhL2ZfYS0tZDAvc3M%3D&btag=80000200020000&dy_q=1785465424&feature_id=d6a18d7c5414b1f1e95a75faf9147845&l=2026073110370304CFF515E5F49A7FB2CA&ply_type=3&policy=eyJ2bSI6MywidWlkIjoiMzEyOTY1MDYwMzg4ODE4NSJ9,未使用,审核不通过,--,0,--,0,0,0,0,0,0,0,0,0,0,0,0,0,0,0
"	7662605341418520627",0715瑞晨引流-3.mp4,https://video-cn.oceanengine.com/a0f8ab80f9d2a168475af0cdd7671331/6a6ead73/tos-cn-ve-51/oEaBA0DczACUIlOI8WkgXHQhiWLAwdQtxmQE5?a=1402&ch=0&cr=0&dr=3&cd=0%7C0%7C0%7C0&br=3349&bt=3349&cs=0&ds=4&ft=J9ThAGkHH_Myq8Z7jjR_e2NvjTQ&mime_type=video_mp4&qs=0&rc=NXZpTGRTaFBnKWxncmd5aHFsc3IxZGZkZGZkNDdkZTVmZGczZ2g3QGkzNmpoOW86NWo8MzM0NjMzQFNsa3ZpcUQ6amtqXmJmK2BeaWpgYTojMmIxYmEzMV9eMWIuYy80X2EjZS1iXmFhZmpfYS0tZDAvc3M%3D&btag=80000200018000&dy_q=1785465424&feature_id=d6a18d7c5414b1f1e95a75faf9147845&l=2026073110370304CFF515E5F49A7FB2CA&ply_type=3&policy=eyJ2bSI6MywidWlkIjoiMzEyOTY1MDYwMzg4ODE4NSJ9,未使用,审核不通过,--,0,--,0,0,0,0,0,0,0,0,0,0,0,0,0,0,0
"	7662605290009985051",0715瑞晨引流-5.mp4,https://video-cn.oceanengine.com/9a36c18402c2e96188c7340f0980422f/6a6ead5f/tos-cn-ve-51/oECXV5k7MTkzClKdcl9CShIKtQEaQWaLRAmAI?a=1402&ch=0&cr=0&dr=3&cd=0%7C0%7C0%7C0&br=1491&bt=1491&cs=0&ds=4&ft=J9ThAGkHH_Myq8Z7jjR_e2NvjTQ&mime_type=video_mp4&qs=0&rc=NXZpTGRTaFBnKWxncmd5aHFsc3IxZGY8ZjQ8Mzg6M2g0OztkaTQ5QGkzNGU8N286NWo8MzM0NjMzQFNsa3ZpcUQ6amtqXmJmK2BeaWpgYTojY2JeNjAtYTYyMTRiYjYyNWEjLmtfNmFhZmpfYS0tZDBhc3M%3D&btag=80000200010000&dy_q=1785465424&feature_id=d6a18d7c5414b1f1e95a75faf9147845&l=2026073110370304CFF515E5F49A7FB2CA&ply_type=3&policy=eyJ2bSI6MywidWlkIjoiMzEyOTY1MDYwMzg4ODE4NSJ9,未使用,审核不通过,--,0,--,0,0,0,0,0,0,0,0,0,0,0,0,0,0,0
"	7662605228669845514",0715瑞晨引流-4.mp4,https://video-cn.oceanengine.com/5213b4d598bbb09776bdec158695fbef/6a6ead59/tos-cn-ve-51/o0m6BgFNABQIpgu1O4mt7WgKQAdIhIfunQaOBR?a=1402&ch=0&cr=0&dr=3&cd=0%7C0%7C0%7C0&br=3564&bt=3564&cs=0&ds=4&ft=J9ThAGkHH_Myq8Z7jjR_e2NvjTQ&mime_type=video_mp4&qs=0&rc=NXZpTGRTaFBnKWxncmd5aHFsc3IxZGZpN2U8aDZnO2k4Mzo0M2lpQGlqbnVlM286NWo8MzM0NjMzQFNsa3ZpcUQ6amtqXmJmK2BeaWpgYTojMy1iYzJfMDViMWMtX2A1MGEjZy1oaGFhZmpfYS0tZDBhc3M%3D&btag=80000200008000&dy_q=1785465424&feature_id=d6a18d7c5414b1f1e95a75faf9147845&l=2026073110370304CFF515E5F49A7FB2CA&ply_type=3&policy=eyJ2bSI6MywidWlkIjoiMzEyOTY1MDYwMzg4ODE4NSJ9,未使用,审核不通过,--,0,--,0,0,0,0,0,0,0,0,0,0,0,0,0,0,0
"	7662604410175275035",0714-瑞晨引导-15.mp4,https://video-cn.oceanengine.com/e3ac62973524d932e64c0bfc18010e23/6a6ead5d/tos-cn-ve-51/5a1c0936dc6e4905bea6172e2adccce2?a=1402&ch=0&cr=0&dr=3&cd=0%7C0%7C0%7C0&br=2979&bt=2979&cs=0&ds=4&ft=J9ThAGkHH_Myq8Z7jjR_e2NvjTQ&mime_type=video_mp4&qs=0&rc=NXZpTGRTaFBnKWxncmd5aHFsc3IxZGZoaTdpZDM0NTQ6Njc6ZmQ1QGkzam5saW86ZWo8MzM0NjMzQFNsa3ZpcUQ6amtqXmJmK2BeaWpgYTojYjFgNGEzXjZiMWNhYC0wYmEjbm5qYmFhZmhfYS0tZDAvc3M%3D&btag=80000200008000&dy_q=1785465424&feature_id=d6a18d7c5414b1f1e95a75faf9147845&l=2026073110370304CFF515E5F49A7FB2CA&ply_type=3&policy=eyJ2bSI6MywidWlkIjoiMzEyOTY1MDYwMzg4ODE4NSJ9,未使用,审核不通过,--,0,--,0,0,0,0,0,0,0,0,0,0,0,0,0,0,0
"	7662604396665045043",0714-瑞晨引导-7.mp4,https://video-cn.oceanengine.com/f92956fee9a27f45893524b596d9cfe1/6a6ead59/tos-cn-ve-51/ogZzLMCITWadEQtcLr1n6Nq3aIHAXkaWQAElK?a=1402&ch=0&cr=0&dr=3&cd=0%7C0%7C0%7C0&br=3758&bt=3758&cs=0&ds=4&ft=J9ThAGkHH_Myq8Z7jjR_e2NvjTQ&mime_type=video_mp4&qs=0&rc=NXZpTGRTaFBnKWxncmd5aHFsc3IxZGYzN2c0ZDs0OzlpNWQ5ZDY8QGlqNXk2ZG86ZWo8MzM0NjMzQFNsa3ZpcUQ6amtqXmJmK2BeaWpgYTojMDU2MTIyXl4xMWFhXzUyNGEjaWhiM2FhZmhfYS0tZDBhc3M%3D&btag=80000200008000&dy_q=1785465424&feature_id=d6a18d7c5414b1f1e95a75faf9147845&l=2026073110370304CFF515E5F49A7FB2CA&ply_type=3&policy=eyJ2bSI6MywidWlkIjoiMzEyOTY1MDYwMzg4ODE4NSJ9,未使用,审核不通过,--,0,--,0,0,0,0,0,0,0,0,0,0,0,0,0,0,0
"	7662604388957339657",0714-瑞晨引导-14.mp4,https://video-cn.oceanengine.com/a756001358d32a7800ff4dd9d1f772b5/6a6ead65/tos-cn-ve-51/okQQbbCUeruFR0edOgCqNAgGGoBjAcQIfIGrth?a=1402&ch=0&cr=0&dr=3&cd=0%7C0%7C0%7C0&br=1147&bt=1147&cs=0&ds=3&ft=J9ThAGkHH_Myq8Z7jjR_e2NvjTQ&mime_type=video_mp4&qs=0&rc=NXZpTGRTaFBnKWxncmd5aHFsc3IxZGY5ODNpZzhpOmQ0NGdnOzw2QGkzbnk0NG86ZWo8MzM0NjMzQFNsa3ZpcUQ6amtqXmJmK2BeaWpgYTojNC4zYTY0LTYvMTAvLy5eYGEjNXJfbWFhZmhfYS0tZDAwc3M%3D&btag=80000e00010000&dy_q=1785465424&feature_id=d6a18d7c5414b1f1e95a75faf9147845&l=2026073110370304CFF515E5F49A7FB2CA&ply_type=3&policy=eyJ2bSI6MywidWlkIjoiMzEyOTY1MDYwMzg4ODE4NSJ9,已使用,审核通过,--,2,--,0,0,0,0,0,0,0,0,0,0,0,0,0,0,0
"	7662604387910729778",0714-瑞晨引导-6.mp4,https://video-cn.oceanengine.com/80089aa88d0a8c1bbbf2f5ccdcf3de64/6a6ead59/tos-cn-ve-51/oMKlHCmQazWjCI2GALAWWXBErQtdkl2XsKwcI?a=1402&ch=0&cr=0&dr=3&cd=0%7C0%7C0%7C0&br=2305&bt=2305&cs=0&ds=3&ft=J9ThAGkHH_Myq8Z7jjR_e2NvjTQ&mime_type=video_mp4&qs=0&rc=NXZpTGRTaFBnKWxncmd5aHFsc3IxZGYzaDtlPGY1NWk5OzQ7NTY8QGkzcDw7OG86ZWo8MzM0NjMzQFNsa3ZpcUQ6amtqXmJmK2BeaWpgYTojMTMwM2MvYDUtMWI0M18tLmEjb2Btb2FhZmhfYS0tZDAwc3M%3D&btag=80000e00008000&dy_q=1785465424&feature_id=d6a18d7c5414b1f1e95a75faf9147845&l=2026073110370304CFF515E5F49A7FB2CA&ply_type=3&policy=eyJ2bSI6MywidWlkIjoiMzEyOTY1MDYwMzg4ODE4NSJ9,已使用,审核通过,--,2,--,0,0,0,0,0,0,0,0,0,0,0,0,0,0,0
"	7662604383391285274",0714-瑞晨引导-5.mp4,https://video-cn.oceanengine.com/822d44dbb1e8336d576aa7168ac83736/6a6ead5f/tos-cn-ve-51/okgYo2EpIXXHi1e8c4BqKAeM0kCjAezemQbltC?a=1402&ch=0&cr=0&dr=3&cd=0%7C0%7C0%7C0&br=489&bt=489&cs=0&ds=6&ft=J9ThAGkHH_Myq8Z7jjR_e2NvjTQ&mime_type=video_mp4&qs=0&rc=NXZpTGRTaFBnKWxncmd5aHFsc3IxZGY1NTRlZGU1MzVpOzQ8ZWhlQGkzPG06ZW86ZWo8MzM0NjMzQFNsa3ZpcUQ6amtqXmJmK2BeaWpgYTojMmIzYDYyYl9eMTYtMGFhLWEjNGMyZ2FhbmhfYS0tZDBhc3M%3D&btag=80000e00010000&dy_q=1785465424&feature_id=d6a18d7c5414b1f1e95a75faf9147845&l=2026073110370304CFF515E5F49A7FB2CA&ply_type=3&policy=eyJ2bSI6MywidWlkIjoiMzEyOTY1MDYwMzg4ODE4NSJ9,已使用,审核通过,--,2,--,0,0,0,0,0,0,0,0,0,0,0,0,0,0,0
"	7662604373985902602",0714-瑞晨引导-3.mp4,https://video-cn.oceanengine.com/8446dafe0643e1d5974d4c8225ebecb6/6a6ead5f/tos-cn-ve-51/o0KzrdXkWcsIsZlETKQFsTjDALatA6kbNIKLQ?a=1402&ch=0&cr=0&dr=3&cd=0%7C0%7C0%7C0&br=1628&bt=1628&cs=0&ds=4&ft=J9ThAGkHH_Myq8Z7jjR_e2NvjTQ&mime_type=video_mp4&qs=0&rc=NXZpTGRTaFBnKWxncmd5aHFsc3IxZGZkNzVpZGdkO2Y8N2U1M2Y7QGkzbW47N286ZWo8MzM0NjMzQFNsa3ZpcUQ6amtqXmJmK2BeaWpgYTojNV4tNjEuLjU1MTA1NDYuLmEjcW5samFhZmhfYS0tZDBhc3M%3D&btag=80000e00010000&dy_q=1785465424&feature_id=d6a18d7c5414b1f1e95a75faf9147845&l=2026073110370304CFF515E5F49A7FB2CA&ply_type=3&policy=eyJ2bSI6MywidWlkIjoiMzEyOTY1MDYwMzg4ODE4NSJ9,已使用,审核通过,--,2,--,0,0,0,0,0,0,0,0,0,0,0,0,0,0,0
"	7662604348090630154",0714-瑞晨引导-9.mp4,https://video-cn.oceanengine.com/3360b9746a60fab6d6c8e8ccfa260fd9/6a6ead59/tos-cn-ve-51/oUQPIAaKUFaAMtm61kOXUghBQQ3uAyfIF5a47S?a=1402&ch=0&cr=0&dr=3&cd=0%7C0%7C0%7C0&br=2544&bt=2544&cs=0&ds=3&ft=J9ThAGkHH_Myq8Z7jjR_e2NvjTQ&mime_type=video_mp4&qs=0&rc=NXZpTGRTaFBnKWxncmd5aHFsc3IxZGY3NGY2ZjVoOzo1OmQ2NjtnQGkzOm45Z286ZWo8MzM0NjMzQFNsa3ZpcUQ6amtqXmJmK2BeaWpgYTojMF8xXmMtXzUuMWIvY2E1X2EjMmZfNmFhZmhfYS0tZDAvc3M%3D&btag=80000e00008000&dy_q=1785465424&feature_id=d6a18d7c5414b1f1e95a75faf9147845&l=2026073110370304CFF515E5F49A7FB2CA&ply_type=3&policy=eyJ2bSI6MywidWlkIjoiMzEyOTY1MDYwMzg4ODE4NSJ9,已使用,审核通过,--,2,--,0,0,0,0,0,0,0,0,0,0,0,0,0,0,0
"	7662604342744006666",0714-瑞晨引导-13.mp4,https://video-cn.oceanengine.com/bc54ee4bfef22f31cc0618e7e563ca21/6a6ead5a/tos-cn-ve-51/ooCVNQuI13fowBFyg2RMArgpearaEqADzccNUu?a=1402&ch=0&cr=0&dr=3&cd=0%7C0%7C0%7C0&br=1823&bt=1823&cs=0&ds=3&ft=J9ThAGkHH_Myq8Z7jjR_e2NvjTQ&mime_type=video_mp4&qs=0&rc=NXZpTGRTaFBnKWxncmd5aHFsc3IxZGY6OTc6Z2VnNTdoNDVnNjllQGkzc3FnOm86ZWo8MzM0NjMzQFNsa3ZpcUQ6amtqXmJmK2BeaWpgYTojYGFeLjA0YV8uMWFjNS0wL2EjNHJpMmFhZmhfYS0tZDBhc3M%3D&btag=80000e00008000&dy_q=1785465424&feature_id=d6a18d7c5414b1f1e95a75faf9147845&l=2026073110370304CFF515E5F49A7FB2CA&ply_type=3&policy=eyJ2bSI6MywidWlkIjoiMzEyOTY1MDYwMzg4ODE4NSJ9,已使用,审核通过,--,2,--,0,0,0,0,0,0,0,0,0,0,0,0,0,0,0
"	7662604335050735643",0714-瑞晨引导-4.mp4,https://video-cn.oceanengine.com/6980f1015a1e2b64258dfb9b9f4de428/6a6ead5f/tos-cn-ve-51/oktmBlQAQ6rIXAkdzYYaWtPzLKRmILjcCtEJT?a=1402&ch=0&cr=0&dr=3&cd=0%7C0%7C0%7C0&br=714&bt=714&cs=0&ds=3&ft=J9ThAGkHH_Myq8Z7jjR_e2NvjTQ&mime_type=video_mp4&qs=0&rc=NXZpTGRTaFBnKWxncmd5aHFsc3IxZGY7aTRmaDkzOmQzZjg7ZzplQGlqNmdsZW86ZWo8MzM0NjMzQFNsa3ZpcUQ6amtqXmJmK2BeaWpgYTojNTFeMV80MzVgMWEwYmI2MmEjajBiNGFhZmhfYS0tZDBhc3M%3D&btag=80000e00010000&dy_q=1785465424&feature_id=d6a18d7c5414b1f1e95a75faf9147845&l=2026073110370304CFF515E5F49A7FB2CA&ply_type=3&policy=eyJ2bSI6MywidWlkIjoiMzEyOTY1MDYwMzg4ODE4NSJ9,已使用,审核通过,--,3,--,0,0,0,0,0,0,0,0,0,0,0,0,0,0,0
"	7662604313426214958",0714-瑞晨引导-12.mp4,https://video-cn.oceanengine.com/1d7582c90c1f9b58732cca47ced7b49e/6a6ead5a/tos-cn-ve-51/ooQJLtClokSzlCEaKLc6uAgadW7ClIQAmIBXX?a=1402&ch=0&cr=0&dr=3&cd=0%7C0%7C0%7C0&br=1707&bt=1707&cs=0&ds=3&ft=J9ThAGkHH_Myq8Z7jjR_e2NvjTQ&mime_type=video_mp4&qs=0&rc=NXZpTGRTaFBnKWxncmd5aHFsc3IxZGZpMzc1Z2hnaDc5aWY2aTZoQGkzcWY5O286ZWo8MzM0NjMzQFNsa3ZpcUQ6amtqXmJmK2BeaWpgYTojNDUyLjYxXjYyMTAyYzU1NGEjazFrcWFhZmhfYS0tZDAvc3M%3D&btag=80000e00008000&dy_q=1785465424&feature_id=d6a18d7c5414b1f1e95a75faf9147845&l=2026073110370304CFF515E5F49A7FB2CA&ply_type=3&policy=eyJ2bSI6MywidWlkIjoiMzEyOTY1MDYwMzg4ODE4NSJ9,未使用,审核通过,--,2,--,0,0,0,0,0,0,0,0,0,0,0,0,0,0,0
"	7662604298522837042",0714-瑞晨引导-1.mp4,https://video-cn.oceanengine.com/96225fcd69009c13a0026d0f5dac10ba/6a6ead5f/tos-cn-ve-51/oMAtADoqC2ugGN2IoMuRBaOVC1UsUwQj3f8Jeg?a=1402&ch=0&cr=0&dr=3&cd=0%7C0%7C0%7C0&br=1728&bt=1728&cs=0&ds=4&ft=J9ThAGkHH_Myq8Z7jjR_e2NvjTQ&mime_type=video_mp4&qs=0&rc=NXZpTGRTaFBnKWxncmd5aHFsc3IxZGY6PGQ8aThoOzQ0ZDM3ZWc8QGkzdW1tO286ZWo8MzM0NjMzQFNsa3ZpcUQ6amtqXmJmK2BeaWpgYTojXjYwMGFfX15gMV5gNjAvXmEjZ3BsbmFhZmhfYS0tZDAvc3M%3D&btag=80000e00010000&dy_q=1785465424&feature_id=d6a18d7c5414b1f1e95a75faf9147845&l=2026073110370304CFF515E5F49A7FB2CA&ply_type=3&policy=eyJ2bSI6MywidWlkIjoiMzEyOTY1MDYwMzg4ODE4NSJ9,未使用,审核通过,--,2,--,0,0,0,0,0,0,0,0,0,0,0,0,0,0,0
"	7662604291624632370",0714-瑞晨引导-10.mp4,https://video-cn.oceanengine.com/aaef753e403a7fd61b6f87eb3004a63c/6a6ead61/tos-cn-ve-51/owtUpH01KAVtg8XQ7Ke4xmKAhJXoEaItB7IQIa?a=1402&ch=0&cr=0&dr=3&cd=0%7C0%7C0%7C0&br=3644&bt=3644&cs=0&ds=4&ft=J9ThAGkHH_Myq8Z7jjR_e2NvjTQ&mime_type=video_mp4&qs=0&rc=NXZpTGRTaFBnKWxncmd5aHFsc3IxZGZmNGU3NzNmNTlmZGg4N2ZnQGkzdjV5OG86ZWo8MzM0NjMzQFNsa3ZpcUQ6amtqXmJmK2BeaWpgYTojMzAwXzBjLl40MWI0YmA2MWEjMW9lYmFhbmhfYS0tZDAwc3M%3D&btag=80000200010000&dy_q=1785465424&feature_id=d6a18d7c5414b1f1e95a75faf9147845&l=2026073110370304CFF515E5F49A7FB2CA&ply_type=3&policy=eyJ2bSI6MywidWlkIjoiMzEyOTY1MDYwMzg4ODE4NSJ9,未使用,审核不通过,--,0,--,0,0,0,0,0,0,0,0,0,0,0,0,0,0,0
"	7662604173449560073",0714-瑞晨引导-8.mp4,https://video-cn.oceanengine.com/466441e98892a9ebdcf305de20aaeee8/6a6ead59/tos-cn-ve-51/198342b2ad184ef8a117a435a9714b0a?a=1402&ch=0&cr=0&dr=3&cd=0%7C0%7C0%7C0&br=3439&bt=3439&cs=0&ds=4&ft=J9ThAGkHH_Myq8Z7jjR_e2NvjTQ&mime_type=video_mp4&qs=0&rc=NXZpTGRTaFBnKWxncmd5aHFsc3IxZGY5OmU2M2ZoZTczaDY3MzY0QGlqaHM6ZW86ZWo8MzM0NjMzQFNsa3ZpcUQ6amtqXmJmK2BeaWpgYTojXjVfYTEtY180MWMuYWJfYWEjamFzZWFhZmhfYS0tZDAwc3M%3D&btag=80000200008000&dy_q=1785465424&feature_id=d6a18d7c5414b1f1e95a75faf9147845&l=2026073110370304CFF515E5F49A7FB2CA&ply_type=3&policy=eyJ2bSI6MywidWlkIjoiMzEyOTY1MDYwMzg4ODE4NSJ9,未使用,审核不通过,--,0,--,0,0,0,0,0,0,0,0,0,0,0,0,0,0,0
"	7662602461531652123",0714-引导-雅迪-1.mp4,https://video-cn.oceanengine.com/8f9a935d1693585e563335088c203abd/6a6ead70/tos-cn-ve-51/oowlravE0cLldAYW0AtgIQIZrQTHXVJbzXbsI?a=1402&ch=0&cr=0&dr=3&cd=0%7C0%7C0%7C0&br=1850&bt=1850&cs=0&ds=4&ft=J9ThAGkHH_Myq8Z7jjR_e2NvjTQ&mime_type=video_mp4&qs=0&rc=NXZpTGRTaFBnKWxncmd5aHFsc3IxZGY4Omg1PGZlaTc3MzkzPGkzQGlqZnh0M286c2o8MzM0NjMzQFNsa3ZpcUQ6amtqXmJmK2BeaWpgYTojMV4wMGAwYTUyMWAxLzEwMmEjMmtuZmFhbmRfYS0tZDBhc3M%3D&btag=80000200018000&dy_q=1785465424&feature_id=d6a18d7c5414b1f1e95a75faf9147845&l=2026073110370304CFF515E5F49A7FB2CA&ply_type=3&policy=eyJ2bSI6MywidWlkIjoiMzEyOTY1MDYwMzg4ODE4NSJ9,未使用,审核不通过,--,0,--,0,0,0,0,0,0,0,0,0,0,0,0,0,0,0
"	7662602460625453102",0714-引导-小敏-3.mp4,https://video-cn.oceanengine.com/388ad43b9fc5e2761489abeaa7a94925/6a6ead67/tos-cn-ve-51/oQYRg2LANhOgqAmRcLcVlwefTgI1DBahCQUAJV?a=1402&ch=0&cr=0&dr=3&cd=0%7C0%7C0%7C0&br=2095&bt=2095&cs=0&ds=4&ft=J9ThAGkHH_Myq8Z7jjR_e2NvjTQ&mime_type=video_mp4&qs=0&rc=NXZpTGRTaFBnKWxncmd5aHFsc3IxZGY1aWVoaWkzZmQ4NzhpOGc2QGlqcmg0NW86cmo8MzM0NjMzQFNsa3ZpcUQ6amtqXmJmK2BeaWpgYTojLy9hMTY0MF4vMS9gL2JiMGEjMF4zbmFhXmRfYS0tZDAvc3M%3D&btag=80000200010000&dy_q=1785465424&feature_id=d6a18d7c5414b1f1e95a75faf9147845&l=2026073110370304CFF515E5F49A7FB2CA&ply_type=3&policy=eyJ2bSI6MywidWlkIjoiMzEyOTY1MDYwMzg4ODE4NSJ9,未使用,审核不通过,--,0,--,0,0,0,0,0,0,0,0,0,0,0,0,0,0,0
"	7662602421063925806",0714-引导-小敏-1.mp4,https://video-cn.oceanengine.com/68f866c53e6e21ea7b2a16f294119b34/6a6ead5c/tos-cn-ve-51/oAIdXkQzIcsE9iYVQgmd3WZkjFtanlABAWIDJ?a=1402&ch=0&cr=0&dr=3&cd=0%7C0%7C0%7C0&br=2194&bt=2194&cs=0&ds=4&ft=J9ThAGkHH_Myq8Z7jjR_e2NvjTQ&mime_type=video_mp4&qs=0&rc=NXZpTGRTaFBnKWxncmd5aHFsc3IxZGYzPGk6ZzM8ZTM7Z2c5ZmRlQGlqNjpzNW86cmo8MzM0NjMzQFNsa3ZpcUQ6amtqXmJmK2BeaWpgYTojYGIzLzNhNjZiMV4vMjEzLmEjYmNkXmFhZmRfYS0tZDAvc3M%3D&btag=80000200008000&dy_q=1785465424&feature_id=d6a18d7c5414b1f1e95a75faf9147845&l=2026073110370304CFF515E5F49A7FB2CA&ply_type=3&policy=eyJ2bSI6MywidWlkIjoiMzEyOTY1MDYwMzg4ODE4NSJ9,未使用,审核不通过,--,0,--,0,0,0,0,0,0,0,0,0,0,0,0,0,0,0
"	7662602366266474522",0714-引导-雅迪-2.mp4,https://video-cn.oceanengine.com/0d2aa1b4a4e05aeaab31fde3b4612319/6a6ead63/tos-cn-ve-51/okAIdHDNZXluEI4aAIEzaXdQtcgBCFuQWZ0wW?a=1402&ch=0&cr=0&dr=3&cd=0%7C0%7C0%7C0&br=1482&bt=1482&cs=0&ds=4&ft=J9ThAGkHH_Myq8Z7jjR_e2NvjTQ&mime_type=video_mp4&qs=0&rc=NXZpTGRTaFBnKWxncmd5aHFsc3IxZGY2aDg6OmZlZjQzOjZmZmhoQGlqaHczaG86c2o8MzM0NjMzQFNsa3ZpcUQ6amtqXmJmK2BeaWpgYTojYC9fMi9iXjVhMWEwYF4uNmEjL2dmX2FhbmRfYS0tZDAwc3M%3D&btag=80000200010000&dy_q=1785465424&feature_id=d6a18d7c5414b1f1e95a75faf9147845&l=2026073110370304CFF515E5F49A7FB2CA&ply_type=3&policy=eyJ2bSI6MywidWlkIjoiMzEyOTY1MDYwMzg4ODE4NSJ9,未使用,审核不通过,--,0,--,0,0,0,0,0,0,0,0,0,0,0,0,0,0,0
"	7662602623486935078",0714-浩正瑞晨-10-三改.mp4,https://video-cn.oceanengine.com/8a31814f88c13be4ac2eb91c32d6c1d8/6a6ead7c/tos-cn-ve-51/ooHcGaWzXipuIpAACgIIA9QsHQlcEtcQdta7E?a=1402&ch=0&cr=0&dr=3&cd=0%7C0%7C0%7C0&br=1422&bt=1422&cs=0&ds=4&ft=J9ThAGkHH_Myq8Z7jjR_e2NvjTQ&mime_type=video_mp4&qs=0&rc=NXZpTGRTaFBnKWxncmd5aHFsc3IxZGZmNDQ3ZWRkNDdnaTdoOWRpQGlqOmczaG86NWo8MzM0NjMzQFNsa3ZpcUQ6amtqXmJmK2BeaWpgYTojYTMxNDFiYl9gMWMuMWMzMWEjcmw0YmFhL2VfYS0tZDAvc3M%3D&btag=80000200018000&dy_q=1785465424&feature_id=d6a18d7c5414b1f1e95a75faf9147845&l=2026073110370304CFF515E5F49A7FB2CA&ply_type=3&policy=eyJ2bSI6MywidWlkIjoiMzEyOTY1MDYwMzg4ODE4NSJ9,未使用,审核不通过,--,0,--,0,0,0,0,0,0,0,0,0,0,0,0,0,0,0
"	7662602581948547098",0714-浩正瑞晨-9-三改.mp4,https://video-cn.oceanengine.com/7d147f4c1fa4421b73819f1f3bd61bf9/6a6ead6d/tos-cn-ve-51/ostPIQQBHQzWkGXcgPEGiIAAlEa5vHdnWgNFI?a=1402&ch=0&cr=0&dr=3&cd=0%7C0%7C0%7C0&br=1957&bt=1957&cs=0&ds=4&ft=J9ThAGkHH_Myq8Z7jjR_e2NvjTQ&mime_type=video_mp4&qs=0&rc=NXZpTGRTaFBnKWxncmd5aHFsc3IxZGY2aWg6ZjZoOTs2ZTU8ZzY1QGlqOnhvOm86NWo8MzM0NjMzQFNsa3ZpcUQ6amtqXmJmK2BeaWpgYTojYjIuYzJeNF9gMWAzLmMvLWEjLzVlLWFhL2VfYS0tZDAvc3M%3D&btag=80000200018000&dy_q=1785465424&feature_id=d6a18d7c5414b1f1e95a75faf9147845&l=2026073110370304CFF515E5F49A7FB2CA&ply_type=3&policy=eyJ2bSI6MywidWlkIjoiMzEyOTY1MDYwMzg4ODE4NSJ9,未使用,审核不通过,--,0,--,0,0,0,0,0,0,0,0,0,0,0,0,0,0,0
"	7662602560545849371",0714-浩正瑞晨-6-三改.mp4,https://video-cn.oceanengine.com/524564051e6bff31d2e4108d7e8fca97/6a6ead7e/tos-cn-ve-51/o8GXxWvlUQEzil2dc4sSVQIGtQEawWAIBA3AI?a=1402&ch=0&cr=0&dr=3&cd=0%7C0%7C0%7C0&br=1117&bt=1117&cs=0&ds=4&ft=J9ThAGkHH_Myq8Z7jjR_e2NvjTQ&mime_type=video_mp4&qs=0&rc=NXZpTGRTaFBnKWxncmd5aHFsc3IxZGY3PGQ1ZWk1ODw6N2c2NmlnQGkzajV4aW86NWo8MzM0NjMzQFNsa3ZpcUQ6amtqXmJmK2BeaWpgYTojMy0yNS5eXjYuMTNhMC9iNWEjNl4tXmFhL2VfYS0tZDAwc3M%3D&btag=80000200020000&dy_q=1785465424&feature_id=d6a18d7c5414b1f1e95a75faf9147845&l=2026073110370304CFF515E5F49A7FB2CA&ply_type=3&policy=eyJ2bSI6MywidWlkIjoiMzEyOTY1MDYwMzg4ODE4NSJ9,未使用,审核不通过,--,0,--,0,0,0,0,0,0,0,0,0,0,0,0,0,0,0
"	7662602558097080370",0714-浩正瑞晨-5-三改.mp4,https://video-cn.oceanengine.com/dd14570f7cac50148cffbaef30ce8e44/6a6ead6c/tos-cn-ve-51/oM41AXkE7E7t0NEAmQzIKfJSmRpoagQHBI1Edm?a=1402&ch=0&cr=0&dr=3&cd=0%7C0%7C0%7C0&br=1210&bt=1210&cs=0&ds=4&ft=J9ThAGkHH_Myq8Z7jjR_e2NvjTQ&mime_type=video_mp4&qs=0&rc=NXZpTGRTaFBnKWxncmd5aHFsc3IxZGZmOGZoOjU4ZzllZ2RkaDU1QGlqaGtnNm86NWo8MzM0NjMzQFNsa3ZpcUQ6amtqXmJmK2BeaWpgYTojXzIxNDJhYjYzMWMtLjNjNWEjc2gzZmFhL2VfYS0tZDBhc3M%3D&btag=80000200010000&dy_q=1785465424&feature_id=d6a18d7c5414b1f1e95a75faf9147845&l=2026073110370304CFF515E5F49A7FB2CA&ply_type=3&policy=eyJ2bSI6MywidWlkIjoiMzEyOTY1MDYwMzg4ODE4NSJ9,未使用,审核不通过,--,0,--,0,0,0,0,0,0,0,0,0,0,0,0,0,0,0
"	7662602552812486706",0714-浩正瑞晨-11-三改.mp4,https://video-cn.oceanengine.com/c31e54365b6cc8999f1b704a736e429d/6a6ead6d/tos-cn-ve-51/oEQXIggemGLKACa1CtFcIh9D8RPBE7IQmZ4zAx?a=1402&ch=0&cr=0&dr=3&cd=0%7C0%7C0%7C0&br=1233&bt=1233&cs=0&ds=4&ft=J9ThAGkHH_Myq8Z7jjR_e2NvjTQ&mime_type=video_mp4&qs=0&rc=NXZpTGRTaFBnKWxncmd5aHFsc3IxZGYzNThkN2Y1O2c8M2llZWdoQGkzanBqOm86NWo8MzM0NjMzQFNsa3ZpcUQ6amtqXmJmK2BeaWpgYTojXzFhMmAzMV5fMV5eLi9fNWEjc21gZGFhL2VfYS0tZDBhc3M%3D&btag=80000200018000&dy_q=1785465424&feature_id=d6a18d7c5414b1f1e95a75faf9147845&l=2026073110370304CFF515E5F49A7FB2CA&ply_type=3&policy=eyJ2bSI6MywidWlkIjoiMzEyOTY1MDYwMzg4ODE4NSJ9,未使用,审核不通过,--,0,--,0,0,0,0,0,0,0,0,0,0,0,0,0,0,0
"	7661187006646501412",微信视频2026-07-11_163704_323.mp4,https://video-cn.oceanengine.com/c233f26fe3ffcdc484b9a5875e9eb0e3/6a6ead6c/tos-cn-ve-51/oQygv5aftHAMK7rABm2kAAvBYUjQImgoQ1vbi7?a=1402&ch=0&cr=0&dr=3&cd=0%7C0%7C0%7C0&br=1021&bt=1021&cs=0&ds=3&ft=J9ThAGkHH_Myq8Z7jjR_e2NvjTQ&mime_type=video_mp4&qs=0&rc=NXZpTGRTaFBnKWxncmd5aHFsc3IxZGY4ZDU6aGhpZTU3OWVkNjQ8QGkzMzo2ZG86OXk8MzM0NjMzQFNsa3ZpcUQ6amtqXmJmK2BeaWpgYTojYmIxLWBgLl5iMTZfYDAyYWEjNmNiM2FhXmNeYS0tZDBhc3M%3D&btag=80000e00010000&dy_q=1785465424&feature_id=d6a18d7c5414b1f1e95a75faf9147845&l=2026073110370304CFF515E5F49A7FB2CA&ply_type=3&policy=eyJ2bSI6MywidWlkIjoiMzEyOTY1MDYwMzg4ODE4NSJ9,已使用,审核通过,--,5,--,0,0,0,0,0,0,0,0,0,0,0,0,0,0,0
"	7661186975484379190",微信视频_20260711163647.mp4,https://video-cn.oceanengine.com/381b31dcaf5a73c595f0f1e7c2e6e7ad/6a6ead63/tos-cn-ve-51/13538b55e4c44081a302871672a0345d?a=1402&ch=0&cr=0&dr=3&cd=0%7C0%7C0%7C0&br=928&bt=928&cs=0&ds=3&ft=J9ThAGkHH_Myq8Z7jjR_e2NvjTQ&mime_type=video_mp4&qs=0&rc=NXZpTGRTaFBnKWxncmd5aHFsc3IxZGY8ZGVoZ2hnZTU5aWU2PGhkQGkzMzo2ZG86OXk8MzM0NjMzQFNsa3ZpcUQ6amtqXmJmK2BeaWpgYTojMC9jNF8uMTZeMV9gYl8xMGEjXmNiM2FhXmNeYS0tZDBhc3M%3D&btag=80000e00010000&dy_q=1785465424&feature_id=d6a18d7c5414b1f1e95a75faf9147845&l=2026073110370304CFF515E5F49A7FB2CA&ply_type=3&policy=eyJ2bSI6MywidWlkIjoiMzEyOTY1MDYwMzg4ODE4NSJ9,已使用,审核通过,--,5,--,0,0,0,0,0,0,0,0,0,0,0,0,0,0,0
"	7665676211757416511",0723-瑞晨引流-4c.mp4,https://video-cn.oceanengine.com/b0d9974eb596d26d07a64700ca2ec4c4/6a6eadc8/tos-cn-ve-51/oUfAeRHJHuTAQzqefMbIIrHZtEsVfArYSgHjs8?a=1402&ch=0&cr=0&dr=3&cd=0%7C0%7C0%7C0&br=1078&bt=1078&cs=0&ds=3&ft=J9ThAGkHH_Myq8Z0EjR_e2NvjTQ&mime_type=video_mp4&qs=0&rc=NXZpTGRTaFBnKWxncmd5aHFsc3IxZGY1NzQ0aTk4aTw2NzM7Ojg3QGkzaWx5aG86Znk8MzM0NjMzQFNsa3ZpcUQ6amtqXmJmK2BeaWpgYTojMV5fMWBiM19iMTM1L2JfMGEjL2pycWFhZmllYS0tZDAwc3M%3D&btag=c0000e00010000&dy_q=1785465529&feature_id=d6a18d7c5414b1f1e95a75faf9147845&l=202607311038487052DFB4AE16007E110C&ply_type=3&policy=eyJ2bSI6MywidWlkIjoiMzEyOTY1MDYwMzg4ODE4NSJ9,未使用,审核通过,首发,4,--,0.4,24,0,0,0,16.67,0,0,0,0,0,0,0,0,0
"	7660186951438139446",0708-引导-嘉丽-4.mp4,https://video-cn.oceanengine.com/703c0e0d6b076ae4b5b0632171c6df0e/6a6eadca/tos-cn-ve-51/o4XQsqT2AKmBzJh1mtfAgAm86sEWIQ9iZpCJq4?a=1402&ch=0&cr=0&dr=3&cd=0%7C0%7C0%7C0&cv=1&br=1135&bt=1135&cs=0&ds=3&ft=J9ThAGkHH_Myq8Z0EjR_e2NvjTQ&mime_type=video_mp4&qs=0&rc=NXZpTGRTaFBnKWxncmd5aHFsc3IxZGY1N2c1ODc2NTNmaGRpNTxnQGlqb2ZvN2tvdTo8MzM0NjMzQFNsa3ZpcUQ6amtqXmJmK2BeaWpgYTojYGE0NjIvYF5jMTYwNC0wNWEjYy1mZnFnXjM0YS0tZDAwc3M%3D&btag=c0000e00010000&dy_q=1785465529&feature_id=59cb2766d89ae6284516c6a254e9fb61&l=202607311038487052DFB4AE16007E110C&ply_type=3&policy=eyJ2bSI6MywidWlkIjoiMzEyOTY1MDYwMzg4ODE4NSJ9,已使用,审核通过,--,24,--,73.65,4330,88,2.03,0.84,17.01,1,73.65,1.14,0,0,0,0,0,0
"	7660843614075912233",0710-引导-嘉丽-2.mp4,https://video-cn.oceanengine.com/932bfe6c2c47d7ff38d48443af0c4a1c/6a6eadd2/tos-cn-ve-51/d1f06a0013f141c4954486e6fb878d58?a=1402&ch=0&cr=0&dr=3&cd=0%7C0%7C0%7C0&br=1729&bt=1729&cs=0&ds=3&ft=J9ThAGkHH_Myq8Z0EjR_e2NvjTQ&mime_type=video_mp4&qs=0&rc=NXZpTGRTaFBnKWxncmd5aHFsc3IxZGY1PDk4ZGg3NjM1ZmhlZWU4QGlqajdsNWtvZGY8MzM0NjMzQFNsa3ZpcUQ6amtqXmJmK2BeaWpgYTojMmM2YjItYF5fMTUwM2BfYWEjYGNtNnFnZmU1YS0tZDAvc3M%3D&btag=c0000e00010000&dy_q=1785465529&feature_id=d6a18d7c5414b1f1e95a75faf9147845&l=202607311038487052DFB4AE16007E110C&ply_type=3&policy=eyJ2bSI6MywidWlkIjoiMzEyOTY1MDYwMzg4ODE4NSJ9,未使用,审核通过,首发,3,--,1.85,112,2,1.79,0.93,16.52,0,0,0,0,0,0,0,0,0
"	7664453202381930523",0718瑞晨引流-22.mp4,https://video-cn.oceanengine.com/5936e17d0ac5a0e7580ccc71faee2ded/6a6eadce/tos-cn-ve-51/oUxfm1DqLiJ7BQtmgAIgqBFI4itQitQagBmAm6?a=1402&ch=0&cr=0&dr=3&cd=0%7C0%7C0%7C0&br=657&bt=657&cs=0&ds=3&ft=J9ThAGkHH_Myq8Z0EjR_e2NvjTQ&mime_type=video_mp4&qs=0&rc=NXZpTGRTaFBnKWxncmd5aHFsc3IxZGZoOjM2ODs5ZGY0NjkzNmhoQGlqbzdrM286dm48MzM0NjMzQFNsa3ZpcUQ6amtqXmJmK2BeaWpgYTojMTJhYjAxY182MTIuMzYwY2EjNi4zbmFhLzJjYS0tZDBhc3M%3D&btag=c0000e00010000&dy_q=1785465529&feature_id=d6a18d7c5414b1f1e95a75faf9147845&l=202607311038487052DFB4AE16007E110C&ply_type=3&policy=eyJ2bSI6MywidWlkIjoiMzEyOTY1MDYwMzg4ODE4NSJ9,未使用,审核通过,首发,4,--,2.55,160,5,3.13,0.51,15.94,0,0,0,0,0,0,0,0,0
"	7662229482153197577",0713-浩正瑞晨引导-3.mp4.mp4,https://video-cn.oceanengine.com/203c4e9740c96966800dff13b028fdd0/6a6eade1/tos-cn-ve-51/o013hDVyGAkItA9mBgfEdXzQDKBXQIqFLqt4sJ?a=1402&ch=0&cr=0&dr=3&cd=0%7C0%7C0%7C0&br=781&bt=781&cs=0&ds=3&ft=J9ThAGkHH_Myq8Z0EjR_e2NvjTQ&mime_type=video_mp4&qs=0&rc=NXZpTGRTaFBnKWxncmd5aHFsc3IxZGZpaWc6NGQ4Z2g5ZTQ5OWhnQGlqN2ltM2tvNnU8MzM0NjMzQFNsa3ZpcUQ6amtqXmJmK2BeaWpgYTojYjAxXjRhNDUwMTZhMWM0L2EjMXNpcHFnXl5eYS0tZDAwc3M%3D&btag=c0000e00018000&dy_q=1785465529&feature_id=d6a18d7c5414b1f1e95a75faf9147845&l=202607311038487052DFB4AE16007E110C&ply_type=3&policy=eyJ2bSI6MywidWlkIjoiMzEyOTY1MDYwMzg4ODE4NSJ9,未使用,审核通过,首发,2,--,0.38,15,1,6.67,0.38,25.33,0,0,0,0,0,0,0,0,0
"	7666006390916464682",推送视频_0723-国星引流修改-10c.mp4,https://video-cn.oceanengine.com/946b090981b481b5e48db152ab4e00bd/6a6eadc9/tos-cn-ve-51/oc9Q3MFuEIziPUcQ2IadAjtQRdWKwBmRMHbAg?a=1402&ch=0&cr=0&dr=3&cd=0%7C0%7C0%7C0&br=560&bt=560&cs=0&ds=6&ft=J9ThAGkHH_Myq8Z0EjR_e2NvjTQ&mime_type=video_mp4&qs=0&rc=NXZpTGRTaFBnKWxncmd5aHFsc3IxZGY3ZWQ3aDk5aDhnNWY7PDVpQGkzaW01aG86Zmw8MzM0NjMzQFNsa3ZpcUQ6amtqXmJmK2BeaWpgYTojNTIvL14uNl4vMTZfMTQxX2EjNWJnb2FhXi1lYS0tZDAwc3M%3D&btag=c0000e00010000&dy_q=1785465529&feature_id=d6a18d7c5414b1f1e95a75faf9147845&l=202607311038487052DFB4AE16007E110C&ply_type=3&policy=eyJ2bSI6MywidWlkIjoiMzEyOTY1MDYwMzg4ODE4NSJ9,未使用,审核通过,--,4,--,1.58,85,7,8.24,0.23,18.59,0,0,0,0,0,0,0,0,0
"	7665911365609570346",0723-引流-魏怡-7 C.mp4,https://video-cn.oceanengine.com/2f66e05475c0acbda473acc72b88ed11/6a6eae24/tos-cn-ve-51/ogHglo6GbIjAxaURRTQgec1UTOKa2BzfCAwqex?a=1402&ch=0&cr=0&dr=3&cd=0%7C0%7C0%7C0&br=1537&bt=1537&cs=0&ds=3&ft=J9ThAGkHH_Myq8Z0EjR_e2NvjTQ&mime_type=video_mp4&qs=0&rc=NXZpTGRTaFBnKWxncmd5aHFsc3IxZGZoOzpkN2Y3OjMzZDw4PGU8QGlqbHNpN286Znk8MzM0NjMzQFNsa3ZpcUQ6amtqXmJmK2BeaWpgYTojLjFjMjQzMV8uMTIzNTE0YmEjZi1tYGFhbmllYS0tZDBhc3M%3D&btag=c0000e00028000&dy_q=1785465529&feature_id=d6a18d7c5414b1f1e95a75faf9147845&l=202607311038487052DFB4AE16007E110C&ply_type=3&policy=eyJ2bSI6MywidWlkIjoiMzEyOTY1MDYwMzg4ODE4NSJ9,已使用,审核通过,--,5,--,1.11,79,0,0,0,14.05,0,0,0,0,0,0,0,0,0
"	7660371894164914182",0708-引导-嘉丽-5.mp4,https://video-cn.oceanengine.com/29736b20a551b606add70008b6f9f4fc/6a6eadbe/tos-cn-ve-51/owfebUfFnk0zGTZMBAhH3Ndqg4WA70AjtdEC5j?a=1402&ch=0&cr=0&dr=3&cd=0%7C0%7C0%7C0&cv=1&br=1212&bt=1212&cs=0&ds=6&ft=J9ThAGkHH_Myq8Z0EjR_e2NvjTQ&mime_type=video_mp4&qs=0&rc=NXZpTGRTaFBnKWxncmd5aHFsc3IxZGYzNzM0Ojo6Zzc6ZTc7OWc5QGlqaHZlNGtvZms8MzM0NjMzQFNsa3ZpcUQ6amtqXmJmK2BeaWpgYTojLV4zMDUxYzY0MTM0LjEvL2EjczRoaHFnL2s0YS0tZDAvc3M%3D&btag=c0000e00008000&dy_q=1785465529&feature_id=d6a18d7c5414b1f1e95a75faf9147845&l=202607311038487052DFB4AE16007E110C&ply_type=3&policy=eyJ2bSI6MywidWlkIjoiMzEyOTY1MDYwMzg4ODE4NSJ9,已使用,审核通过,--,16,--,39.31,2926,29,0.99,1.36,13.43,0,0,0,0,0,0,0,0,0
"	7666006400510640147",推送视频_0723-瑞晨引流修改-3.mp4,https://video-cn.oceanengine.com/40dd501ad6179f0a53b647c91c008c9a/6a6eadc8/tos-cn-ve-51/o8IajmbBdU5WMOtEAiVHwzA1gIvgQMdqyRZrQ?a=1402&ch=0&cr=0&dr=3&cd=0%7C0%7C0%7C0&br=910&bt=910&cs=0&ds=6&ft=J9ThAGkHH_Myq8Z0EjR_e2NvjTQ&mime_type=video_mp4&qs=0&rc=NXZpTGRTaFBnKWxncmd5aHFsc3IxZGY0aDdmZjg7Nzs8ZGk1MzlmQGlqaW9kNW86Zmw8MzM0NjMzQFNsa3ZpcUQ6amtqXmJmK2BeaWpgYTojMzJjLzRiXjYxMTYvY2ExLWEjMGdmZGFhXi1lYS0tZDAwc3M%3D&btag=c0000e00010000&dy_q=1785465529&feature_id=d6a18d7c5414b1f1e95a75faf9147845&l=202607311038487052DFB4AE16007E110C&ply_type=3&policy=eyJ2bSI6MywidWlkIjoiMzEyOTY1MDYwMzg4ODE4NSJ9,已使用,审核通过,--,5,--,0.15,17,1,5.88,0.15,8.82,0,0,0,0,0,0,0,0,0
"	7666006380580782143",推送视频_0723-国星引流修改-5.mp4,https://video-cn.oceanengine.com/7ee669125c4f536cdf2f0654c9bce646/6a6eadc5/tos-cn-ve-51/oAaMIQL9qI3zlmEbmIFWQgvMtUNvZBdjAoFAg?a=1402&ch=0&cr=0&dr=3&cd=0%7C0%7C0%7C0&cv=1&br=952&bt=952&cs=0&ds=3&ft=J9ThAGkHH_Myq8Z0EjR_e2NvjTQ&mime_type=video_mp4&qs=0&rc=NXZpTGRTaFBnKWxncmd5aHFsc3IxZGZoZjo2ZDc4PGZpPDppOzhoQGlqOHh5OW86Zmw8MzM0NjMzQFNsa3ZpcUQ6amtqXmJmK2BeaWpgYTojLmItMV8uLzY2MV8vNmIuLmEjM3Nhb2FhXi1lYS0tZDAvc3M%3D&btag=c0000e00008000&dy_q=1785465529&feature_id=d6a18d7c5414b1f1e95a75faf9147845&l=202607311038487052DFB4AE16007E110C&ply_type=3&policy=eyJ2bSI6MywidWlkIjoiMzEyOTY1MDYwMzg4ODE4NSJ9,未使用,审核通过,首发,4,--,20.94,1408,39,2.77,0.54,14.87,0,0,0,0,0,0,0,0,0
"	7664453215853281289",0718瑞晨引流-9.mp4,https://video-cn.oceanengine.com/06b6ecdd494d762a690582e53a52ef4e/6a6eadc8/tos-cn-ve-51/oYfwQLagII1Dty6FahoAmM4jxLi3Q6BFA7gETQ?a=1402&ch=0&cr=0&dr=3&cd=0%7C0%7C0%7C0&cv=1&br=807&bt=807&cs=0&ds=3&ft=J9ThAGkHH_Myq8Z0EjR_e2NvjTQ&mime_type=video_mp4&qs=0&rc=NXZpTGRTaFBnKWxncmd5aHFsc3IxZGY7NTs4aTo1O2g4aWk2aWU6QGkza2U5OG86dm48MzM0NjMzQFNsa3ZpcUQ6amtqXmJmK2BeaWpgYTojNC0uL19eY14zMTEzYTZeNWEjLm4tZ2FhXjJjYS0tZDAwc3M%3D&btag=c0000e00010000&dy_q=1785465529&feature_id=d6a18d7c5414b1f1e95a75faf9147845&l=202607311038487052DFB4AE16007E110C&ply_type=3&policy=eyJ2bSI6MywidWlkIjoiMzEyOTY1MDYwMzg4ODE4NSJ9,未使用,审核通过,首发,4,--,1.1,41,1,2.44,1.1,26.83,0,0,0,0,0,0,0,0,0
"	7662230360634556454",0713-引导-嘉丽-3.mp4,https://video-cn.oceanengine.com/90b556b4d530ce6739030e1619d5f743/6a6eaddb/tos-cn-ve-51/oYK6Qxi9t16GIQsPtUbeZBh4AqDIKEmVrohAQg?a=1402&ch=0&cr=0&dr=3&cd=0%7C0%7C0%7C0&br=773&bt=773&cs=0&ds=3&ft=J9ThAGkHH_Myq8Z0EjR_e2NvjTQ&mime_type=video_mp4&qs=0&rc=NXZpTGRTaFBnKWxncmd5aHFsc3IxZGY5aDpmOGVoaGhlNTozaTxoQGkza2t4O2tvd3U8MzM0NjMzQFNsa3ZpcUQ6amtqXmJmK2BeaWpgYTojYTAvNTYyY19eMTJfLV9iYmEjMWtmYHFnL19eYS0tZDAwc3M%3D&btag=c0000e00018000&dy_q=1785465529&feature_id=d6a18d7c5414b1f1e95a75faf9147845&l=202607311038487052DFB4AE16007E110C&ply_type=3&policy=eyJ2bSI6MywidWlkIjoiMzEyOTY1MDYwMzg4ODE4NSJ9,未使用,审核通过,首发,4,--,1.95,72,1,1.39,1.95,27.08,0,0,0,0,0,0,0,0,0
"	7662230321010311219",0713-引导-雅迪-2-改.mp4,https://video-cn.oceanengine.com/b307b2f2ed55f54e1881d3b964732f2a/6a6eade4/tos-cn-ve-51/oQsmfOEVdhDCAQ4EAQKv9RAhQrIzhE93AtK1tB?a=1402&ch=0&cr=0&dr=3&cd=0%7C0%7C0%7C0&cv=1&br=759&bt=759&cs=0&ds=3&ft=J9ThAGkHH_Myq8Z0EjR_e2NvjTQ&mime_type=video_mp4&qs=0&rc=NXZpTGRTaFBnKWxncmd5aHFsc3IxZGY0ZzRkZ2VlN2hkNjc3aTk6QGlqbXY7aGtvdXU8MzM0NjMzQFNsa3ZpcUQ6amtqXmJmK2BeaWpgYTojMzVhNi8vX18wMTIuNDYyMWEjazZfaHFnZl9eYS0tZDAvc3M%3D&btag=c0000e00018000&dy_q=1785465529&feature_id=d6a18d7c5414b1f1e95a75faf9147845&l=202607311038487052DFB4AE16007E110C&ply_type=3&policy=eyJ2bSI6MywidWlkIjoiMzEyOTY1MDYwMzg4ODE4NSJ9,未使用,审核通过,"首发,优质",9,--,12.29,793,33,4.16,0.37,15.5,2,6.15,6.06,0,0,0,0,0,0
"	7666006404415160339",推送视频_0723-国星引流修改-9.mp4,https://video-cn.oceanengine.com/42d23eaf7c79bfd069a1b6c5ffab475a/6a6eadc7/tos-cn-ve-51/oAVDX9aYuQ1oyfWAASegRr2iqjIBN2RANyCyXB?a=1402&ch=0&cr=0&dr=3&cd=0%7C0%7C0%7C0&br=395&bt=395&cs=0&ds=6&ft=J9ThAGkHH_Myq8Z0EjR_e2NvjTQ&mime_type=video_mp4&qs=0&rc=NXZpTGRTaFBnKWxncmd5aHFsc3IxZGY8OTs7O2g5Z2g7OmY8NTg0QGlqcTVvaW86Zmw8MzM0NjMzQFNsa3ZpcUQ6amtqXmJmK2BeaWpgYTojLTJgM2M2Yl40MTJfYWEuLmEjMWthbGFhZi1lYS0tZDBhc3M%3D&btag=c0000e00010000&dy_q=1785465529&feature_id=d6a18d7c5414b1f1e95a75faf9147845&l=202607311038487052DFB4AE16007E110C&ply_type=3&policy=eyJ2bSI6MywidWlkIjoiMzEyOTY1MDYwMzg4ODE4NSJ9,已使用,审核通过,--,4,--,0.27,31,0,0,0,8.71,0,0,0,0,0,0,0,0,0
"	7664453113454542899",0718瑞晨引流-16.mp4,https://video-cn.oceanengine.com/1759760982c78f5296d0e315e055095b/6a6eadc2/tos-cn-ve-51/oARqQhNCDu1Xxfs2TQaLuQsxAqCPIgBs0egNVA?a=1402&ch=0&cr=0&dr=3&cd=0%7C0%7C0%7C0&br=1159&bt=1159&cs=0&ds=3&ft=J9ThAGkHH_Myq8Z0EjR_e2NvjTQ&mime_type=video_mp4&qs=0&rc=NXZpTGRTaFBnKWxncmd5aHFsc3IxZGY0aGRkOGZnODk6Ojs3NmQzQGlqeWtuZW86dW48MzM0NjMzQFNsa3ZpcUQ6amtqXmJmK2BeaWpgYTojLWNeLS4yL18yMTJhNTI2Y2EjXmRzL2FhZjJjYS0tZDBhc3M%3D&btag=c0000e00008000&dy_q=1785465529&feature_id=d6a18d7c5414b1f1e95a75faf9147845&l=202607311038487052DFB4AE16007E110C&ply_type=3&policy=eyJ2bSI6MywidWlkIjoiMzEyOTY1MDYwMzg4ODE4NSJ9,未使用,审核通过,首发,2,--,0.43,25,1,4,0.43,17.2,0,0,0,0,0,0,0,0,0
"	7665169630885937161",0720-引流-魏怡-1.mp4,https://video-cn.oceanengine.com/d5c580328c7e45ffda2a0e279f11d309/6a6eadce/tos-cn-ve-51/oclBisQMoAQ3fuDEgam1lsAiL7AhtBz3mEJIsb?a=1402&ch=0&cr=0&dr=3&cd=0%7C0%7C0%7C0&br=1823&bt=1823&cs=0&ds=3&ft=J9ThAGkHH_Myq8Z0EjR_e2NvjTQ&mime_type=video_mp4&qs=0&rc=NXZpTGRTaFBnKWxncmd5aHFsc3IxZGY8MzRpODU8Zzg7OmRnaTlkQGlqcGVuZ286azw8MzM0NjMzQFNsa3ZpcUQ6amtqXmJmK2BeaWpgYTojLi9eY2AvYDU2MS82NC8xLmEjNWtqbWFhXmJkYS0tZDAvc3M%3D&btag=c0000e00010000&dy_q=1785465529&feature_id=d6a18d7c5414b1f1e95a75faf9147845&l=202607311038487052DFB4AE16007E110C&ply_type=3&policy=eyJ2bSI6MywidWlkIjoiMzEyOTY1MDYwMzg4ODE4NSJ9,未使用,审核通过,--,3,--,1.08,48,0,0,0,22.5,0,0,0,0,0,0,0,0,0
"	7663054368157302793",0714-魏怡引流-5.mp4,https://video-cn.oceanengine.com/8a77e419ebbbb183b353cb62c41c6c37/6a6eadd8/tos-cn-ve-51/oAYUCIW58Q6igjtAdTtlroaUrAhQ2EhU5Izsl?a=1402&ch=0&cr=0&dr=3&cd=0%7C0%7C0%7C0&cv=1&br=698&bt=698&cs=0&ds=3&ft=J9ThAGkHH_Myq8Z0EjR_e2NvjTQ&mime_type=video_mp4&qs=0&rc=NXZpTGRTaFBnKWxncmd5aHFsc3IxZGYzZmc3ZTxpZjNlOTplODpkQGkzcDl0M286bmQ8MzM0NjMzQFNsa3ZpcUQ6amtqXmJmK2BeaWpgYTojXmFjYWEzMl41MV8uXjBjMWEjXm1wZmFhXjNgYS0tZDBhc3M%3D&btag=c0000e00018000&dy_q=1785465529&feature_id=d6a18d7c5414b1f1e95a75faf9147845&l=202607311038487052DFB4AE16007E110C&ply_type=3&policy=eyJ2bSI6MywidWlkIjoiMzEyOTY1MDYwMzg4ODE4NSJ9,未使用,审核通过,--,4,--,21.09,1898,28,1.48,0.75,11.11,2,10.55,7.14,0,0,0,0,0,0
"	7660371924531937316",0708-引导-嘉丽-2.mp4,https://video-cn.oceanengine.com/12d4a81632d288928ab2ded7e6cece29/6a6eadd0/tos-cn-ve-51/ogpaDTeZNDjVbuE4NgAxKRyTgAAqbLxW5veA6B?a=1402&ch=0&cr=0&dr=3&cd=0%7C0%7C0%7C0&cv=1&br=1689&bt=1689&cs=0&ds=3&ft=J9ThAGkHH_Myq8Z0EjR_e2NvjTQ&mime_type=video_mp4&qs=0&rc=NXZpTGRTaFBnKWxncmd5aHFsc3IxZGZnZzo5OzszOjlnNDw2aDs7QGkzcHU1NWtvZWs8MzM0NjMzQFNsa3ZpcUQ6amtqXmJmK2BeaWpgYTojNWEzL2M1L15eMWMtLjVjYmEja2EzbHFnbms0YS0tZDAwc3M%3D&btag=c0000e00010000&dy_q=1785465529&feature_id=d6a18d7c5414b1f1e95a75faf9147845&l=202607311038487052DFB4AE16007E110C&ply_type=3&policy=eyJ2bSI6MywidWlkIjoiMzEyOTY1MDYwMzg4ODE4NSJ9,已使用,审核通过,首发,24,--,23.73,572,18,3.15,1.32,41.49,2,11.87,11.11,0,0,0,0,0,0
"	7660371884819709994",0709引导-小敏-3-1.mp4,https://video-cn.oceanengine.com/51e38c54ba459779e64b072877c0c79f/6a6eadd0/tos-cn-ve-51/oQCICOsEIAQ1XVJqyGehPABcL93CBBAg4A4mQm?a=1402&ch=0&cr=0&dr=3&cd=0%7C0%7C0%7C0&cv=1&br=729&bt=729&cs=0&ds=3&ft=J9ThAGkHH_Myq8Z0EjR_e2NvjTQ&mime_type=video_mp4&qs=0&rc=NXZpTGRTaFBnKWxncmd5aHFsc3IxZGY8PDVoZTNmOzdpOzc4OTRpQGlqNTxmOWtvZWs8MzM0NjMzQFNsa3ZpcUQ6amtqXmJmK2BeaWpgYTojYWIvMGNiMl40MTY2NDItM2EjMmxkZHFnbms0YS0tZDAvc3M%3D&btag=c0000e00010000&dy_q=1785465529&feature_id=d6a18d7c5414b1f1e95a75faf9147845&l=202607311038487052DFB4AE16007E110C&ply_type=3&policy=eyJ2bSI6MywidWlkIjoiMzEyOTY1MDYwMzg4ODE4NSJ9,未使用,审核通过,首发,6,--,1.64,87,1,1.15,1.64,18.85,0,0,0,0,0,0,0,0,0
"	7663055816350859274",0716-引流瑞晨-6.mp4,https://video-cn.oceanengine.com/3a6bd3d7de25bbc3047b6711c46218a2/6a6eadc3/tos-cn-ve-51/ocFWNgOR1yMTKBkpg2R3AxAMSalpIqADfo4Nei?a=1402&ch=0&cr=0&dr=3&cd=0%7C0%7C0%7C0&cv=1&br=1608&bt=1608&cs=0&ds=3&ft=J9ThAGkHH_Myq8Z0EjR_e2NvjTQ&mime_type=video_mp4&qs=0&rc=NXZpTGRTaFBnKWxncmd5aHFsc3IxZGZmODg4M2Q2aGg3ZTU4MzM6QGkzZGxwZG86bWQ8MzM0NjMzQFNsa3ZpcUQ6amtqXmJmK2BeaWpgYTojLzBiLzAzYjVeMWJiLS9iNWEjYzZnMWFhZjZgYS0tZDBhc3M%3D&btag=c0000e00008000&dy_q=1785465529&feature_id=d6a18d7c5414b1f1e95a75faf9147845&l=202607311038487052DFB4AE16007E110C&ply_type=3&policy=eyJ2bSI6MywidWlkIjoiMzEyOTY1MDYwMzg4ODE4NSJ9,已使用,审核通过,首发,8,--,27.57,3125,151,4.83,0.18,8.82,1,27.57,0.66,0,0,0,0,0,0
"	7662271386505429043",0713-引导-嘉丽-8.mp4,https://video-cn.oceanengine.com/cbbba0d28da856aa6049d836ba76b927/6a6eadd0/tos-cn-ve-51/oEKmIB2AYulZFDnVuuAuEsJ2QQe4g1AuKd4hKs?a=1402&ch=0&cr=0&dr=3&cd=0%7C0%7C0%7C0&br=1078&bt=1078&cs=0&ds=3&ft=J9ThAGkHH_Myq8Z0EjR_e2NvjTQ&mime_type=video_mp4&qs=0&rc=NXZpTGRTaFBnKWxncmd5aHFsc3IxZGYzNjY4ODVmODRpaDg7O2hmQGkzaDg8aGtvbHc8MzM0NjMzQFNsa3ZpcUQ6amtqXmJmK2BeaWpgYTojLi0vNi4tLzZiMWA2YDY2LmEjYG9tLXFnZmpeYS0tZDAwc3M%3D&btag=c0000e00010000&dy_q=1785465529&feature_id=d6a18d7c5414b1f1e95a75faf9147845&l=202607311038487052DFB4AE16007E110C&ply_type=3&policy=eyJ2bSI6MywidWlkIjoiMzEyOTY1MDYwMzg4ODE4NSJ9,未使用,审核通过,首发,6,--,0.57,14,0,0,0,40.71,0,0,0,0,0,0,0,0,0
"	7660371896212013110",0708-引导-嘉丽-3.mp4,https://video-cn.oceanengine.com/1ba9b731fc0b133358b3e9feefa14aef/6a6eadcb/tos-cn-ve-51/o8q1rSmtB34JePzsjG93XIG9gVBMEQAR4lQmBA?a=1402&ch=0&cr=0&dr=3&cd=0%7C0%7C0%7C0&cv=1&br=497&bt=497&cs=0&ds=3&ft=J9ThAGkHH_Myq8Z0EjR_e2NvjTQ&mime_type=video_mp4&qs=0&rc=NXZpTGRTaFBnKWxncmd5aHFsc3IxZGY1OGQ8M2U0NDdnZDhkNzU7QGlqOHM8O2tvZWs8MzM0NjMzQFNsa3ZpcUQ6amtqXmJmK2BeaWpgYTojYV9jNC00YzYvMV9iLjY0Y2EjXjJnZHFnbms0YS0tZDBhc3M%3D&btag=c0000e00010000&dy_q=1785465529&feature_id=d6a18d7c5414b1f1e95a75faf9147845&l=202607311038487052DFB4AE16007E110C&ply_type=3&policy=eyJ2bSI6MywidWlkIjoiMzEyOTY1MDYwMzg4ODE4NSJ9,已使用,审核通过,首发,13,--,0.25,21,0,0,0,11.9,0,0,0,0,0,0,0,0,0
"	7662230272466780198",0713-引导-雅迪-1-改.mp4,https://video-cn.oceanengine.com/3279c8d287f6a7269d3b9e85481807fb/6a6eadc3/tos-cn-ve-51/o4ZN5LNDQAAVCIirdqWgXAbeDB6X4bVxbDHtfK?a=1402&ch=0&cr=0&dr=3&cd=0%7C0%7C0%7C0&br=697&bt=697&cs=0&ds=3&ft=J9ThAGkHH_Myq8Z0EjR_e2NvjTQ&mime_type=video_mp4&qs=0&rc=NXZpTGRTaFBnKWxncmd5aHFsc3IxZGY1N2Q0NjU6Zjk3ZDw1ZDM7QGkzdnNnNWtvdXU8MzM0NjMzQFNsa3ZpcUQ6amtqXmJmK2BeaWpgYTojLS01Nl5iXl4tMWBjLjFgX2EjLXJjZ3FnXl9eYS0tZDAwc3M%3D&btag=c0000e00008000&dy_q=1785465529&feature_id=d6a18d7c5414b1f1e95a75faf9147845&l=202607311038487052DFB4AE16007E110C&ply_type=3&policy=eyJ2bSI6MywidWlkIjoiMzEyOTY1MDYwMzg4ODE4NSJ9,未使用,审核通过,首发,2,--,0.61,23,0,0,0,26.52,0,0,0,0,0,0,0,0,0
"	7666006402390982698",推送视频_0723-瑞晨引流修改-5.mp4,https://video-cn.oceanengine.com/75b21fe31b9b2c4d1815ae51338fbde8/6a6eadce/tos-cn-ve-51/ookYhIEayAIYmxFtWozgIjM7QLMRGmwWQEBAd?a=1402&ch=0&cr=0&dr=3&cd=0%7C0%7C0%7C0&br=507&bt=507&cs=0&ds=3&ft=J9ThAGkHH_Myq8Z0EjR_e2NvjTQ&mime_type=video_mp4&qs=0&rc=NXZpTGRTaFBnKWxncmd5aHFsc3IxZGY1N2Y4Nzs7ZWU5NDlpZDY3QGlqZWx2OW86Zmw8MzM0NjMzQFNsa3ZpcUQ6amtqXmJmK2BeaWpgYTojXmFfYWI0YzU0MS8wLl81NGEjcS9kbGFhZi1lYS0tZDAwc3M%3D&btag=c0000e00010000&dy_q=1785465529&feature_id=d6a18d7c5414b1f1e95a75faf9147845&l=202607311038487052DFB4AE16007E110C&ply_type=3&policy=eyJ2bSI6MywidWlkIjoiMzEyOTY1MDYwMzg4ODE4NSJ9,已使用,审核通过,首发,5,--,0.36,21,0,0,0,17.14,0,0,0,0,0,0,0,0,0
"	7661187009408008233",微信视频_20260711163659.mp4,https://video-cn.oceanengine.com/5b98b6d601644f971a25b853e7328a14/6a6eadde/tos-cn-ve-51/okAggtq4hIkYm21BRAYNxKTQSATAHsCIeQEGEQ?a=1402&ch=0&cr=0&dr=3&cd=0%7C0%7C0%7C0&cv=1&br=909&bt=909&cs=0&ds=3&ft=J9ThAGkHH_Myq8Z0EjR_e2NvjTQ&mime_type=video_mp4&qs=0&rc=NXZpTGRTaFBnKWxncmd5aHFsc3IxZGY4Ozs4Omg0ZTo0aTZkNTVkQGlqbXFyN2tvNjM8MzM0NjMzQFNsa3ZpcUQ6amtqXmJmK2BeaWpgYTojL2JjLS40XzU0MTAuMl42XmEjM2AyNXFnXi82YS0tZDAwc3M%3D&btag=c0000e00018000&dy_q=1785465529&feature_id=d6a18d7c5414b1f1e95a75faf9147845&l=202607311038487052DFB4AE16007E110C&ply_type=3&policy=eyJ2bSI6MywidWlkIjoiMzEyOTY1MDYwMzg4ODE4NSJ9,已使用,审核通过,优质,29,--,321.61,12179,144,1.18,2.23,26.41,18,17.87,12.5,0,0,0,0,0,0
"	7666006390135586852",推送视频_0723-瑞晨引流修改-6.mp4,https://video-cn.oceanengine.com/6221f4da52811e8be6cf1b801272108c/6a6eadce/tos-cn-ve-51/o4E8MhFiv6ggGjQpiTQzIrBFAImjIAbMrBima?a=1402&ch=0&cr=0&dr=3&cd=0%7C0%7C0%7C0&br=603&bt=603&cs=0&ds=3&ft=J9ThAGkHH_Myq8Z0EjR_e2NvjTQ&mime_type=video_mp4&qs=0&rc=NXZpTGRTaFBnKWxncmd5aHFsc3IxZGY1Nzc4ZDg3aGlmZGU3NDM5QGlqZTtwdjlyZmw8MzM0NjMzQFNsa3ZpcUQ6amtqXmJmK2BeaWpgYTojLjAyMTRjMV82MTQ0LV4wMmEjZF9zZTJkay1lYS0tZDBhc3M%3D&btag=c0000e00010000&dy_q=1785465529&feature_id=d6a18d7c5414b1f1e95a75faf9147845&l=202607311038487052DFB4AE16007E110C&ply_type=3&policy=eyJ2bSI6MywidWlkIjoiMzEyOTY1MDYwMzg4ODE4NSJ9,已使用,审核通过,首发,5,--,1.48,111,3,2.7,0.49,13.33,0,0,0,0,0,0,0,0,0
"	7662230322323537929",0713-引导-嘉丽-9.mp4,https://video-cn.oceanengine.com/63127a6c7869bd42e558fa5a187c31dc/6a6eadc7/tos-cn-ve-51/oQ1VIVHBA4sg4QPsytxAqeilrghu5E1mmtKhGP?a=1402&ch=0&cr=0&dr=3&cd=0%7C0%7C0%7C0&cv=1&br=544&bt=544&cs=0&ds=3&ft=J9ThAGkHH_Myq8Z0EjR_e2NvjTQ&mime_type=video_mp4&qs=0&rc=NXZpTGRTaFBnKWxncmd5aHFsc3IxZGYzZ2UzZzY2PDU1ZzwzPGRoQGkzOjpnOGtvdnU8MzM0NjMzQFNsa3ZpcUQ6amtqXmJmK2BeaWpgYTojMjY0NTQtYF9hMWIzNTRiNGEjbWRgZ3Fnbl9eYS0tZDAwc3M%3D&btag=c0000e00010000&dy_q=1785465529&feature_id=d6a18d7c5414b1f1e95a75faf9147845&l=202607311038487052DFB4AE16007E110C&ply_type=3&policy=eyJ2bSI6MywidWlkIjoiMzEyOTY1MDYwMzg4ODE4NSJ9,已使用,审核通过,--,3,--,0.02,7,0,0,0,2.86,0,0,0,0,0,0,0,0,0
"	7666103246486765594",0723-雅迪引流-3c-改.mp4,https://video-cn.oceanengine.com/08031557fe5607833fda9adb113db244/6a6eadbe/tos-cn-ve-51/oYTyQC7aBrIATEiOeqfHDtoItmtbMNAYOzBTng?a=1402&ch=0&cr=0&dr=3&cd=0%7C0%7C0%7C0&br=744&bt=744&cs=0&ds=3&ft=J9ThAGkHH_Myq8Z0EjR_e2NvjTQ&mime_type=video_mp4&qs=0&rc=NXZpTGRTaFBnKWxncmd5aHFsc3IxZGY5NTplOTU4aDs7OjRkOjk1QGkzcHZzNW86c3k8MzM0NjMzQFNsa3ZpcUQ6amtqXmJmK2BeaWpgYTojYzRfXi8zLV9gMV82NmNeMWEjbmdkXmFhZmZlYS0tZDAvc3M%3D&btag=c0000e00008000&dy_q=1785465529&feature_id=d6a18d7c5414b1f1e95a75faf9147845&l=202607311038487052DFB4AE16007E110C&ply_type=3&policy=eyJ2bSI6MywidWlkIjoiMzEyOTY1MDYwMzg4ODE4NSJ9,已使用,审核通过,--,6,--,0.7,19,1,5.26,0.7,36.84,0,0,0,0,0,0,0,0,0
"	7666006335712444458",推送视频_0723-瑞晨引流修改-10.mp4,https://video-cn.oceanengine.com/8f01fff9a94ad3f7e9f9f22b3003fb01/6a6eadc2/tos-cn-ve-51/oshanO9g756EETtQ16GAIXZo6AWmAYBMjIAlfg?a=1402&ch=0&cr=0&dr=3&cd=0%7C0%7C0%7C0&br=216&bt=216&cs=0&ds=6&ft=J9ThAGkHH_Myq8Z0EjR_e2NvjTQ&mime_type=video_mp4&qs=0&rc=NXZpTGRTaFBnKWxncmd5aHFsc3IxZGZnNjRkZjc0ZztmODdkPDRlQGlqOTVxZW86Zmw8MzM0NjMzQFNsa3ZpcUQ6amtqXmJmK2BeaWpgYTojM2AwNjNfLzYtMTYxYl9hNWEjZy1tYmFhXi1lYS0tZDAvc3M%3D&btag=c0000e00008000&dy_q=1785465529&feature_id=d6a18d7c5414b1f1e95a75faf9147845&l=202607311038487052DFB4AE16007E110C&ply_type=3&policy=eyJ2bSI6MywidWlkIjoiMzEyOTY1MDYwMzg4ODE4NSJ9,未使用,审核通过,首发,3,--,0.59,31,0,0,0,19.03,0,0,0,0,0,0,0,0,0
"	7662271385642729518",0713-引导-嘉丽-4.mp4,https://video-cn.oceanengine.com/c175e24e644cddec1cbaab3bd2b8dc53/6a6eadcc/tos-cn-ve-51/o0Nsd2k4IKtBm5KABV84qgWm2kAeQRuQDdz1E5?a=1402&ch=0&cr=0&dr=3&cd=0%7C0%7C0%7C0&br=1379&bt=1379&cs=0&ds=3&ft=J9ThAGkHH_Myq8Z0EjR_e2NvjTQ&mime_type=video_mp4&qs=0&rc=NXZpTGRTaFBnKWxncmd5aHFsc3IxZGZoOzk0NDg5NzNnZTY3Ozs2QGkzNHBoZ2tvbHc8MzM0NjMzQFNsa3ZpcUQ6amtqXmJmK2BeaWpgYTojNmMwNTZeX14yMWE2MDMxY2EjXzVfMnFnXmpeYS0tZDBhc3M%3D&btag=c0000e00010000&dy_q=1785465529&feature_id=d6a18d7c5414b1f1e95a75faf9147845&l=202607311038487052DFB4AE16007E110C&ply_type=3&policy=eyJ2bSI6MywidWlkIjoiMzEyOTY1MDYwMzg4ODE4NSJ9,已使用,审核通过,首发,6,--,0.57,5,0,0,0,114,0,0,0,0,0,0,0,0,0
"	7662213000066678793",0713-引导-小敏-4.mp4,https://video-cn.oceanengine.com/8245b14997b97fb6146ad69441a7810c/6a6eadd1/tos-cn-ve-51/okAGApFKGehB9BtQI1s4lmKRE0z8QMrKAhVgJm?a=1402&ch=0&cr=0&dr=3&cd=0%7C0%7C0%7C0&cv=1&br=617&bt=617&cs=0&ds=3&ft=J9ThAGkHH_Myq8Z0EjR_e2NvjTQ&mime_type=video_mp4&qs=0&rc=NXZpTGRTaFBnKWxncmd5aHFsc3IxZGY6PGg5Z2QzPDwzN2Q7OGloQGlqOGZsOGtvanQ8MzM0NjMzQFNsa3ZpcUQ6amtqXmJmK2BeaWpgYTojMDAzM2MtM19hMWItMzFiMWEjNWZpcnFnL2BeYS0tZDAvc3M%3D&btag=c0000e00010000&dy_q=1785465529&feature_id=d6a18d7c5414b1f1e95a75faf9147845&l=202607311038487052DFB4AE16007E110C&ply_type=3&policy=eyJ2bSI6MywidWlkIjoiMzEyOTY1MDYwMzg4ODE4NSJ9,已使用,审核通过,--,11,--,0.01,1,0,0,0,10,0,0,0,0,0,0,0,0,0
"	7666044620682477611",0723-魏怡-6-改.mp4,https://video-cn.oceanengine.com/4a58c738b64489873beeae65784a7bb7/6a6eae25/tos-cn-ve-51/oMZQ17mAAaeYUN5HXotTgzI7NAcDgvUIDvBqof?a=1402&ch=0&cr=0&dr=3&cd=0%7C0%7C0%7C0&br=1791&bt=1791&cs=0&ds=3&ft=J9ThAGkHH_Myq8Z0EjR_e2NvjTQ&mime_type=video_mp4&qs=0&rc=NXZpTGRTaFBnKWxncmd5aHFsc3IxZGZmOWloPGU1OmY2M2Y7PGloQGkzbTw7aG86ZHk8MzM0NjMzQFNsa3ZpcUQ6amtqXmJmK2BeaWpgYTojL140LzFjYDUuMTA2Mi42YmEjXm0uM2FhL2dlYS0tZDBhc3M%3D&btag=c0000e00028000&dy_q=1785465529&feature_id=d6a18d7c5414b1f1e95a75faf9147845&l=202607311038487052DFB4AE16007E110C&ply_type=3&policy=eyJ2bSI6MywidWlkIjoiMzEyOTY1MDYwMzg4ODE4NSJ9,已使用,审核通过,--,6,--,2.21,130,0,0,0,17,0,0,0,0,0,0,0,0,0
"	7665169543526301722",0720-引流-魏怡-2.mp4,https://video-cn.oceanengine.com/d8a4e8beebe21d9d7d96a70454c40b1f/6a6eadc4/tos-cn-ve-51/osAUnBu7EiQaMEs1AOgImLbtroLf2MBmgaAAQM?a=1402&ch=0&cr=0&dr=3&cd=0%7C0%7C0%7C0&cv=1&br=1601&bt=1601&cs=0&ds=3&ft=J9ThAGkHH_Myq8Z0EjR_e2NvjTQ&mime_type=video_mp4&qs=0&rc=NXZpTGRTaFBnKWxncmd5aHFsc3IxZGZlODw8NTk3ZmczPDgzNWgzQGkzZzttM286azw8MzM0NjMzQFNsa3ZpcUQ6amtqXmJmK2BeaWpgYTojXi8xMTJgLl5hMTJfL2NiX2EjLWBhMGFhXmJkYS0tZDBhc3M%3D&btag=c0000e00008000&dy_q=1785465529&feature_id=d6a18d7c5414b1f1e95a75faf9147845&l=202607311038487052DFB4AE16007E110C&ply_type=3&policy=eyJ2bSI6MywidWlkIjoiMzEyOTY1MDYwMzg4ODE4NSJ9,已使用,审核通过,首发,4,--,17.99,922,45,4.88,0.4,19.51,1,17.99,2.22,0,0,0,0,0,0
"	7664453108551434249",0718瑞晨引流-13.mp4,https://video-cn.oceanengine.com/da409445f2acbf35eb563473bc015f48/6a6eadc2/tos-cn-ve-51/oAquDcfKuBmQ0AaNIAvI2xVgDXDjg7RKMLQ12e?a=1402&ch=0&cr=0&dr=3&cd=0%7C0%7C0%7C0&br=1605&bt=1605&cs=0&ds=3&ft=J9ThAGkHH_Myq8Z0EjR_e2NvjTQ&mime_type=video_mp4&qs=0&rc=NXZpTGRTaFBnKWxncmd5aHFsc3IxZGY1OzVoOjdpaGZpNGY4OGlkQGlqczZlNW86dW48MzM0NjMzQFNsa3ZpcUQ6amtqXmJmK2BeaWpgYTojMzBjX2BeYDYyMV8xNTBiNGEja2thLmFhZjJjYS0tZDAwc3M%3D&btag=c0000e00008000&dy_q=1785465529&feature_id=d6a18d7c5414b1f1e95a75faf9147845&l=202607311038487052DFB4AE16007E110C&ply_type=3&policy=eyJ2bSI6MywidWlkIjoiMzEyOTY1MDYwMzg4ODE4NSJ9,未使用,审核通过,首发,3,--,0.17,9,0,0,0,18.89,0,0,0,0,0,0,0,0,0
"	7666044603117780998",0723-魏怡-4-改.mp4,https://video-cn.oceanengine.com/8a27f6942c7bc76fcae2a1f6578745ed/6a6eae25/tos-cn-ve-51/oo2beHIHPb0g0119CARKaZAagmQiws3oBfxUeG?a=1402&ch=0&cr=0&dr=3&cd=0%7C0%7C0%7C0&br=1686&bt=1686&cs=0&ds=3&ft=J9ThAGkHH_Myq8Z0EjR_e2NvjTQ&mime_type=video_mp4&qs=0&rc=NXZpTGRTaFBnKWxncmd5aHFsc3IxZGZlNDk0ZDhnZzlnZTk6ZjdpQGlqa3c5Nm86ZHk8MzM0NjMzQFNsa3ZpcUQ6amtqXmJmK2BeaWpgYTojYTUxYjQwNjUxMV4yMDNiY2EjL3Eub2FhL2dlYS0tZDBhc3M%3D&btag=c0000e00028000&dy_q=1785465529&feature_id=d6a18d7c5414b1f1e95a75faf9147845&l=202607311038487052DFB4AE16007E110C&ply_type=3&policy=eyJ2bSI6MywidWlkIjoiMzEyOTY1MDYwMzg4ODE4NSJ9,已使用,审核通过,--,6,--,0.27,20,0,0,0,13.5,0,0,0,0,0,0,0,0,0
"	7662229485093961778",0713-浩正瑞晨引导-8.mp4.mp4,https://video-cn.oceanengine.com/2f61dc05ec43640e8272f0cc646d2410/6a6eaddf/tos-cn-ve-51/oAIVEQgkmtKKA641ketkq6yHTqrBGsCQmhtXAv?a=1402&ch=0&cr=0&dr=3&cd=0%7C0%7C0%7C0&cv=1&br=546&bt=546&cs=0&ds=3&ft=J9ThAGkHH_Myq8Z0EjR_e2NvjTQ&mime_type=video_mp4&qs=0&rc=NXZpTGRTaFBnKWxncmd5aHFsc3IxZGY8OGk5OjpmZGU7NmRpaDloQGlqdGQ0ZWtvNnU8MzM0NjMzQFNsa3ZpcUQ6amtqXmJmK2BeaWpgYTojYy00Nl9fNV8yMS9jNV9fNWEjNjBtZnFnXl5eYS0tZDBhc3M%3D&btag=c0000e00018000&dy_q=1785465529&feature_id=d6a18d7c5414b1f1e95a75faf9147845&l=202607311038487052DFB4AE16007E110C&ply_type=3&policy=eyJ2bSI6MywidWlkIjoiMzEyOTY1MDYwMzg4ODE4NSJ9,未使用,审核通过,首发,2,--,1.6,94,2,2.13,0.8,17.02,0,0,0,0,0,0,0,0,0
"	7662213071909732378",713-引导-小敏-1.mp4,https://video-cn.oceanengine.com/bb907052ec9bff5d6cbed730b3c13e9b/6a6eadc8/tos-cn-ve-51/8e4e32ecade2477ab9a62f0b9fedf25c?a=1402&ch=0&cr=0&dr=3&cd=0%7C0%7C0%7C0&cv=1&br=871&bt=871&cs=0&ds=3&ft=J9ThAGkHH_Myq8Z0EjR_e2NvjTQ&mime_type=video_mp4&qs=0&rc=NXZpTGRTaFBnKWxncmd5aHFsc3IxZGY2NWQ1M2g5ZTk0OTk0Z2hpQGlqNHFtZ2tvanQ8MzM0NjMzQFNsa3ZpcUQ6amtqXmJmK2BeaWpgYTojMmMwLy8yNDYvMS4zL15jNmEjX3M1ZnFnL2BeYS0tZDAvc3M%3D&btag=c0000e00010000&dy_q=1785465529&feature_id=d6a18d7c5414b1f1e95a75faf9147845&l=202607311038487052DFB4AE16007E110C&ply_type=3&policy=eyJ2bSI6MywidWlkIjoiMzEyOTY1MDYwMzg4ODE4NSJ9,已使用,审核通过,--,19,--,8.99,694,14,2.02,0.64,12.95,1,8.99,7.14,0,0,0,0,0,0
"	7662230271501189158",0713-引导-嘉丽-10.mp4,https://video-cn.oceanengine.com/7056618605d8de3e3265b0e73b1a28d2/6a6eadc8/tos-cn-ve-51/oI9V5pQKqAII8r19H4m1PhAbtsgheBUUUtaEap?a=1402&ch=0&cr=0&dr=3&cd=0%7C0%7C0%7C0&cv=1&br=252&bt=252&cs=0&ds=3&ft=J9ThAGkHH_Myq8Z0EjR_e2NvjTQ&mime_type=video_mp4&qs=0&rc=NXZpTGRTaFBnKWxncmd5aHFsc3IxZGY8NmdpZmk1NmU2NDw0OzU5QGlqPG82PGtvdnU8MzM0NjMzQFNsa3ZpcUQ6amtqXmJmK2BeaWpgYTojL18vYWI0NV8xMWNgY18tMWEjYTZzXnFnbl9eYS0tZDAwc3M%3D&btag=c0000e00010000&dy_q=1785465529&feature_id=d6a18d7c5414b1f1e95a75faf9147845&l=202607311038487052DFB4AE16007E110C&ply_type=3&policy=eyJ2bSI6MywidWlkIjoiMzEyOTY1MDYwMzg4ODE4NSJ9,已使用,审核通过,首发,11,--,12.38,662,16,2.42,0.77,18.7,2,6.19,12.5,0,0,0,0,0,0
"	7666044325575032875",0723-魏怡-3-改.mp4,https://video-cn.oceanengine.com/67b83c03b866b041cb70b78f1fd01451/6a6eadcc/tos-cn-ve-51/osgHzqhg7fKfAtxb9gCQugA9FUFYBQaUDIaIN6?a=1402&ch=0&cr=0&dr=3&cd=0%7C0%7C0%7C0&cv=1&br=1178&bt=1178&cs=0&ds=3&ft=J9ThAGkHH_Myq8Z0EjR_e2NvjTQ&mime_type=video_mp4&qs=0&rc=NXZpTGRTaFBnKWxncmd5aHFsc3IxZGZpO2Y3aWg2NDY1NmU8NzhnQGkzdzQ3ZG86ZHk8MzM0NjMzQFNsa3ZpcUQ6amtqXmJmK2BeaWpgYTojXl4zMy80MjYzMTIxLjUwM2EjMXEzNWFhL2dlYS0tZDAvc3M%3D&btag=c0000e00010000&dy_q=1785465529&feature_id=d6a18d7c5414b1f1e95a75faf9147845&l=202607311038487052DFB4AE16007E110C&ply_type=3&policy=eyJ2bSI6MywidWlkIjoiMzEyOTY1MDYwMzg4ODE4NSJ9,已使用,审核通过,--,5,--,76.79,4569,103,2.25,0.75,16.81,5,15.36,4.85,0,0,0,0,0,0
"	7664453110226223150",0718瑞晨引流-19.mp4,https://video-cn.oceanengine.com/87c034f81290ab938706554d24c6f700/6a6eadce/tos-cn-ve-51/osDDgje5qBKU0tcGcftQowQyvCaIySfASibVXA?a=1402&ch=0&cr=0&dr=3&cd=0%7C0%7C0%7C0&cv=1&br=693&bt=693&cs=0&ds=3&ft=J9ThAGkHH_Myq8Z0EjR_e2NvjTQ&mime_type=video_mp4&qs=0&rc=NXZpTGRTaFBnKWxncmd5aHFsc3IxZGZmZTk2O2Q2NjgzNzk4ZDU0QGlqeWg4NW86dW48MzM0NjMzQFNsa3ZpcUQ6amtqXmJmK2BeaWpgYTojNDM2LmAyYV80MTIwMjFfYGEjMWNtX2FhZjJjYS0tZDBhc3M%3D&btag=c0000e00010000&dy_q=1785465529&feature_id=d6a18d7c5414b1f1e95a75faf9147845&l=202607311038487052DFB4AE16007E110C&ply_type=3&policy=eyJ2bSI6MywidWlkIjoiMzEyOTY1MDYwMzg4ODE4NSJ9,未使用,审核通过,首发,2,--,0.35,31,3,9.68,0.12,11.29,0,0,0,0,0,0,0,0,0
"	7668236228881743882",推送视频_0729-瑞晨浩正引流素材-1改-3.mp4,https://video-cn.oceanengine.com/e2cccb4a866488768737a35dc2f62c51/6a6eaddc/tos-cn-ve-51/o0IBrt1eYAF5gCaDEIME3hQQ7rDR1NMl6pYAmI?a=1402&ch=0&cr=0&dr=3&cd=0%7C0%7C0%7C0&br=1363&bt=1363&cs=0&ds=3&ft=J9ThAGkHH_Myq8Z0EjR_e2NvjTQ&mime_type=video_mp4&qs=0&rc=NXZpTGRTaFBnKWxncmd5aHFsc3IxZGZkN2U0OTY1NDg5ZDhpZGlpQGlqc2U3OW86bGo8MzM0NjMzQFNsa3ZpcUQ6amtqXmJmK2BeaWpgYTojNS9iXi42NTVeMS0tNC4vLmEjbmk1Y2FhZmxpYS0tZDAwc3M%3D&btag=c0000200018000&dy_q=1785465529&feature_id=d6a18d7c5414b1f1e95a75faf9147845&l=202607311038487052DFB4AE16007E110C&ply_type=3&policy=eyJ2bSI6MywidWlkIjoiMzEyOTY1MDYwMzg4ODE4NSJ9,未使用,审核不通过,--,0,--,0,0,0,0,0,0,0,0,0,0,0,0,0,0,0
"	7668235106076000282",推送视频_0729-瑞晨浩正引流素材-1改-9.mp4,https://video-cn.oceanengine.com/72b250197389ba3ba48263868d8fcd8c/6a6eadda/tos-cn-ve-51/oMAgWtyfsa8eaFoKNoqBwxDZgN7lADAIdqNJQi?a=1402&ch=0&cr=0&dr=3&cd=0%7C0%7C0%7C0&br=1236&bt=1236&cs=0&ds=3&ft=J9ThAGkHH_Myq8Z0EjR_e2NvjTQ&mime_type=video_mp4&qs=0&rc=NXZpTGRTaFBnKWxncmd5aHFsc3IxZGY0ZDQ5ODxmPDM5NTo2M2Y4QGlqaG04Zm86aWo8MzM0NjMzQFNsa3ZpcUQ6amtqXmJmK2BeaWpgYTojL2EyMmNhMzUtMV8zXzMtMGEjbGY1c2FhbmppYS0tZDBhc3M%3D&btag=c0000200018000&dy_q=1785465529&feature_id=d6a18d7c5414b1f1e95a75faf9147845&l=202607311038487052DFB4AE16007E110C&ply_type=3&policy=eyJ2bSI6MywidWlkIjoiMzEyOTY1MDYwMzg4ODE4NSJ9,未使用,审核不通过,--,0,--,0,0,0,0,0,0,0,0,0,0,0,0,0,0,0
"	7668235101707026459",推送视频_0729-瑞晨浩正引流素材-1改-6.mp4,https://video-cn.oceanengine.com/d007df51429d4977b089f5ecbf58aac7/6a6eadd9/tos-cn-ve-51/osfwejgtc79FbK7qAggkIFQWosD74BADKaPNat?a=1402&ch=0&cr=0&dr=3&cd=0%7C0%7C0%7C0&br=1364&bt=1364&cs=0&ds=3&ft=J9ThAGkHH_Myq8Z0EjR_e2NvjTQ&mime_type=video_mp4&qs=0&rc=NXZpTGRTaFBnKWxncmd5aHFsc3IxZGY1ZDM2N2U1aGhoZGdnMzk0QGkzOHN5Om86aWo8MzM0NjMzQFNsa3ZpcUQ6amtqXmJmK2BeaWpgYTojNDEyNDQvMDZgMS4tMjNeX2EjNTBhamFhbmppYS0tZDAwc3M%3D&btag=c0000200018000&dy_q=1785465529&feature_id=d6a18d7c5414b1f1e95a75faf9147845&l=202607311038487052DFB4AE16007E110C&ply_type=3&policy=eyJ2bSI6MywidWlkIjoiMzEyOTY1MDYwMzg4ODE4NSJ9,未使用,审核不通过,--,0,--,0,0,0,0,0,0,0,0,0,0,0,0,0,0,0
"	7668235064334975002",推送视频_0729-瑞晨浩正引流素材-1改-1.mp4,https://video-cn.oceanengine.com/0eb88e01245fe6ae7ddc7427ea984ed6/6a6eaddc/tos-cn-ve-51/osI6dbaCtNAyL3rnm9QjzQWEAvP0L7TIFstRw?a=1402&ch=0&cr=0&dr=3&cd=0%7C0%7C0%7C0&br=1261&bt=1261&cs=0&ds=3&ft=J9ThAGkHH_Myq8Z0EjR_e2NvjTQ&mime_type=video_mp4&qs=0&rc=NXZpTGRTaFBnKWxncmd5aHFsc3IxZGZlNTNoNjczNjQ0ODw6OjdmQGkzaWZtOm86aWo8MzM0NjMzQFNsa3ZpcUQ6amtqXmJmK2BeaWpgYTojMDMzYy0zYjYxMV4zMWIxLmEjcWtgcWFhbmppYS0tZDAwc3M%3D&btag=c0000200018000&dy_q=1785465529&feature_id=d6a18d7c5414b1f1e95a75faf9147845&l=202607311038487052DFB4AE16007E110C&ply_type=3&policy=eyJ2bSI6MywidWlkIjoiMzEyOTY1MDYwMzg4ODE4NSJ9,未使用,审核不通过,--,0,--,0,0,0,0,0,0,0,0,0,0,0,0,0,0,0
"	7668234974908481546",推送视频_0729-瑞晨浩正引流素材-1改-10.mp4,https://video-cn.oceanengine.com/ff3fc74adb6d08f15ee117ae156b3039/6a6eadd8/tos-cn-ve-51/o0pF2gGq1Lg81HiWAVt7QWaUBNAmqeZIQ1IChY?a=1402&ch=0&cr=0&dr=3&cd=0%7C0%7C0%7C0&br=839&bt=839&cs=0&ds=3&ft=J9ThAGkHH_Myq8Z0EjR_e2NvjTQ&mime_type=video_mp4&qs=0&rc=NXZpTGRTaFBnKWxncmd5aHFsc3IxZGY2aTNkO2VnOTU7Zzc1ZTM5QGlqNjdnZG86ZGo8MzM0NjMzQFNsa3ZpcUQ6amtqXmJmK2BeaWpgYTojLmEyYTY2YV81MTUtNDZhMWEjbi8zcWFhL2ppYS0tZDAwc3M%3D&btag=c0000200018000&dy_q=1785465529&feature_id=d6a18d7c5414b1f1e95a75faf9147845&l=202607311038487052DFB4AE16007E110C&ply_type=3&policy=eyJ2bSI6MywidWlkIjoiMzEyOTY1MDYwMzg4ODE4NSJ9,未使用,审核不通过,--,0,--,0,0,0,0,0,0,0,0,0,0,0,0,0,0,0
"	7668234940762652723",推送视频_0729-瑞晨浩正引流素材-1改-4.mp4,https://video-cn.oceanengine.com/b60d55b759ceb1ef65d9bcb7ca2d840c/6a6eaddc/tos-cn-ve-51/owIZQaQxf1A8C1M1ehasBbUgpGfAWCq1IjRSr2?a=1402&ch=0&cr=0&dr=3&cd=0%7C0%7C0%7C0&br=1503&bt=1503&cs=0&ds=3&ft=J9ThAGkHH_Myq8Z0EjR_e2NvjTQ&mime_type=video_mp4&qs=0&rc=NXZpTGRTaFBnKWxncmd5aHFsc3IxZGZpZWU5NTQzNGZnMzxkaGhlQGkzZTY6ZW86aWo8MzM0NjMzQFNsa3ZpcUQ6amtqXmJmK2BeaWpgYTojXmE0Ll5fMl8tMWBgNF41MWEjMXNfM2FhbmppYS0tZDBhc3M%3D&btag=c0000200018000&dy_q=1785465529&feature_id=d6a18d7c5414b1f1e95a75faf9147845&l=202607311038487052DFB4AE16007E110C&ply_type=3&policy=eyJ2bSI6MywidWlkIjoiMzEyOTY1MDYwMzg4ODE4NSJ9,未使用,审核不通过,--,0,--,0,0,0,0,0,0,0,0,0,0,0,0,0,0,0
"	7668234901004582958",推送视频_0728浩正瑞晨学姐-1改-1.mp4,https://video-cn.oceanengine.com/9df30e3bf396ecea34536ce3e565570b/6a6eadd4/tos-cn-ve-51/okElsC9d0EL7IrQtSTQzIDtAACHkIAJFMCWma?a=1402&ch=0&cr=0&dr=3&cd=0%7C0%7C0%7C0&br=625&bt=625&cs=0&ds=3&ft=J9ThAGkHH_Myq8Z0EjR_e2NvjTQ&mime_type=video_mp4&qs=0&rc=NXZpTGRTaFBnKWxncmd5aHFsc3IxZGZnZjk4aDU2NjtlOzM7OjdmQGkzNmo1OG86OGo8MzM0NjMzQFNsa3ZpcUQ6amtqXmJmK2BeaWpgYTojMl81NmMuY18yMV9hMDRjMGEjLi01ZmFhbmppYS0tZDBhc3M%3D&btag=c0000200010000&dy_q=1785465529&feature_id=d6a18d7c5414b1f1e95a75faf9147845&l=202607311038487052DFB4AE16007E110C&ply_type=3&policy=eyJ2bSI6MywidWlkIjoiMzEyOTY1MDYwMzg4ODE4NSJ9,未使用,审核不通过,--,0,--,0,0,0,0,0,0,0,0,0,0,0,0,0,0,0
"	7668234846337531954",推送视频_0728-浩正瑞晨大字报单科-1改-2.mp4,https://video-cn.oceanengine.com/8b834d40ca56bdd931be1bbaad6b26dc/6a6eadcd/tos-cn-ve-51/oUNBaelATwf1qBiDgEzN4IRsDBAaWF2qgQSIzR?a=1402&ch=0&cr=0&dr=3&cd=0%7C0%7C0%7C0&br=972&bt=972&cs=0&ds=3&ft=J9ThAGkHH_Myq8Z0EjR_e2NvjTQ&mime_type=video_mp4&qs=0&rc=NXZpTGRTaFBnKWxncmd5aHFsc3IxZGZkaGc8NWg1Nzw4NDxkPGc3QGlqM3k5O286NWo8MzM0NjMzQFNsa3ZpcUQ6amtqXmJmK2BeaWpgYTojNmIxMjZfMl5jMTBjMGM2NGEjaGdfZGFhL2ppYS0tZDBhc3M%3D&btag=c0000200010000&dy_q=1785465529&feature_id=d6a18d7c5414b1f1e95a75faf9147845&l=202607311038487052DFB4AE16007E110C&ply_type=3&policy=eyJ2bSI6MywidWlkIjoiMzEyOTY1MDYwMzg4ODE4NSJ9,未使用,审核不通过,--,0,--,0,0,0,0,0,0,0,0,0,0,0,0,0,0,0
"	7668234838328541211",推送视频_0728浩正瑞晨学姐-1改-2.mp4,https://video-cn.oceanengine.com/8ed718c04a210d590c2ceacc2dad73a7/6a6eadcd/tos-cn-ve-51/oMmfFwfi1I75wWMsAGagDrNXlBRiqDAQ25gCDa?a=1402&ch=0&cr=0&dr=3&cd=0%7C0%7C0%7C0&br=724&bt=724&cs=0&ds=3&ft=J9ThAGkHH_Myq8Z0EjR_e2NvjTQ&mime_type=video_mp4&qs=0&rc=NXZpTGRTaFBnKWxncmd5aHFsc3IxZGYzOjw8OTs7NzU0N2lpNGRkQGkzbHg7Nm86OGo8MzM0NjMzQFNsa3ZpcUQ6amtqXmJmK2BeaWpgYTojMTUwYF8yNDVeMTYyMTQtNGEjcDMyMWFhbmppYS0tZDAwc3M%3D&btag=c0000200010000&dy_q=1785465529&feature_id=d6a18d7c5414b1f1e95a75faf9147845&l=202607311038487052DFB4AE16007E110C&ply_type=3&policy=eyJ2bSI6MywidWlkIjoiMzEyOTY1MDYwMzg4ODE4NSJ9,未使用,审核不通过,--,0,--,0,0,0,0,0,0,0,0,0,0,0,0,0,0,0
"	7668234469824757810",推送视频_0730-李博数字人-杜引流2-1改.mp4,https://video-cn.oceanengine.com/97f7489840719218d99408c1ff47eaf9/6a6eadc9/tos-cn-ve-51/0318f55c0ce9491794141e81720ef775?a=1402&ch=0&cr=0&dr=3&cd=0%7C0%7C0%7C0&br=1724&bt=1724&cs=0&ds=3&ft=J9ThAGkHH_Myq8Z0EjR_e2NvjTQ&mime_type=video_mp4&qs=0&rc=NXZpTGRTaFBnKWxncmd5aHFsc3IxZGZpOmY8Zmk2MztlPGVnO2kzQGlqcXJtNm86ZWo8MzM0NjMzQFNsa3ZpcUQ6amtqXmJmK2BeaWpgYTojLjViLTVgYl82MTNjNTIxM2Eja2RwMGFhL2lpYS0tZDAwc3M%3D&btag=c0000200010000&dy_q=1785465529&feature_id=d6a18d7c5414b1f1e95a75faf9147845&l=202607311038487052DFB4AE16007E110C&ply_type=3&policy=eyJ2bSI6MywidWlkIjoiMzEyOTY1MDYwMzg4ODE4NSJ9,未使用,--,--,0,--,0,0,0,0,0,0,0,0,0,0,0,0,0,0,0
"	7667083399120568330",推送视频_7月26日-代理产出.mp4,https://video-cn.oceanengine.com/0a8a1f34bfd36b34c38ee4c75263411e/6a6eadd9/tos-cn-ve-51/og1rQNNBAa7YaQNLq65AItDEngmcqIDRm3MTeg?a=1402&ch=0&cr=0&dr=3&cd=0%7C0%7C0%7C0&br=1410&bt=1410&cs=0&ds=3&ft=J9ThAGkHH_Myq8Z0EjR_e2NvjTQ&mime_type=video_mp4&qs=0&rc=NXZpTGRTaFBnKWxncmd5aHFsc3IxZGZlZTY6NDU3PDhoOTg8O2k2QGlqOTk7NW86b2k8MzM0NjMzQFNsa3ZpcUQ6amtqXmJmK2BeaWpgYTojLl9gYjBgYV8tMTEtYC4yNGEjbm5hMWFhLzRnYS0tZDBhc3M%3D&btag=c0000e00018000&dy_q=1785465529&feature_id=d6a18d7c5414b1f1e95a75faf9147845&l=202607311038487052DFB4AE16007E110C&ply_type=3&policy=eyJ2bSI6MywidWlkIjoiMzEyOTY1MDYwMzg4ODE4NSJ9,未使用,审核通过,--,1,--,0,0,0,0,0,0,0,0,0,0,0,0,0,0,0
"	7666006388808581139",推送视频_0723-瑞晨引流修改-8.mp4,https://video-cn.oceanengine.com/ee772da154a72931d1228815bb77187b/6a6eadc1/tos-cn-ve-51/ooUIg2jYNAeQqAIRje2YdyFkKsz1DBaxCcEAq7?a=1402&ch=0&cr=0&dr=3&cd=0%7C0%7C0%7C0&br=773&bt=773&cs=0&ds=3&ft=J9ThAGkHH_Myq8Z0EjR_e2NvjTQ&mime_type=video_mp4&qs=0&rc=NXZpTGRTaFBnKWxncmd5aHFsc3IxZGY5Ojw8Zmg3OTdnZGYzPDc1QGlqcHdqO286Zmw8MzM0NjMzQFNsa3ZpcUQ6amtqXmJmK2BeaWpgYTojLi1jMi4uM18vMV5hYjBfLWEjYW9pb2FhXi1lYS0tZDAvc3M%3D&btag=c0000e00008000&dy_q=1785465529&feature_id=d6a18d7c5414b1f1e95a75faf9147845&l=202607311038487052DFB4AE16007E110C&ply_type=3&policy=eyJ2bSI6MywidWlkIjoiMzEyOTY1MDYwMzg4ODE4NSJ9,已使用,审核通过,--,4,--,0,0,0,0,0,0,0,0,0,0,0,0,0,0,0
"	7666006386430378026",推送视频_0723-国星引流修改-6c.mp4,https://video-cn.oceanengine.com/4132273fd88d4ad231a274f9b2cc2ed8/6a6eadc6/tos-cn-ve-51/oYCfze96GBmULrTGlNIdkugQxCaQrUmAlGbeBA?a=1402&ch=0&cr=0&dr=3&cd=0%7C0%7C0%7C0&br=478&bt=478&cs=0&ds=6&ft=J9ThAGkHH_Myq8Z0EjR_e2NvjTQ&mime_type=video_mp4&qs=0&rc=NXZpTGRTaFBnKWxncmd5aHFsc3IxZGZmPDk7OTc7OGdpN2g4NzZmQGlqaW1pczlyZmw8MzM0NjMzQFNsa3ZpcUQ6amtqXmJmK2BeaWpgYTojYi5iLl4wY15eMTY1YmFiLWEjXmdoYTJkay1lYS0tZDBhc3M%3D&btag=c0000e00008000&dy_q=1785465529&feature_id=d6a18d7c5414b1f1e95a75faf9147845&l=202607311038487052DFB4AE16007E110C&ply_type=3&policy=eyJ2bSI6MywidWlkIjoiMzEyOTY1MDYwMzg4ODE4NSJ9,未使用,审核通过,--,2,--,0,0,0,0,0,0,0,0,0,0,0,0,0,0,0
"	7666006379787599935",推送视频_0723-国星引流修改-7.mp4,https://video-cn.oceanengine.com/7236ce35a1236a25ee2150a0adc228da/6a6eadc6/tos-cn-ve-51/oA7jleBItSbBQEhIKCLUAIlGA3aUBBsFekxGfM?a=1402&ch=0&cr=0&dr=3&cd=0%7C0%7C0%7C0&br=1073&bt=1073&cs=0&ds=3&ft=J9ThAGkHH_Myq8Z0EjR_e2NvjTQ&mime_type=video_mp4&qs=0&rc=NXZpTGRTaFBnKWxncmd5aHFsc3IxZGZlaWc5Njs4aTszNGU5Omc8QGlqdTZsbTlyZmw8MzM0NjMzQFNsa3ZpcUQ6amtqXmJmK2BeaWpgYTojM18wNS4zL19fMTYvNTMuMmEjb3M1NDJkay1lYS0tZDBhc3M%3D&btag=c0000e00008000&dy_q=1785465529&feature_id=d6a18d7c5414b1f1e95a75faf9147845&l=202607311038487052DFB4AE16007E110C&ply_type=3&policy=eyJ2bSI6MywidWlkIjoiMzEyOTY1MDYwMzg4ODE4NSJ9,未使用,审核通过,--,3,--,0,0,0,0,0,0,0,0,0,0,0,0,0,0,0
"	7666006376167833619",推送视频_0723-国星引流修改-8.mp4,https://video-cn.oceanengine.com/b54c957274feef716956040480a5ddfe/6a6eadc4/tos-cn-ve-51/oMDefxQgDQAa22y2rJN9nYROyA1hABvIJQiqFG?a=1402&ch=0&cr=0&dr=3&cd=0%7C0%7C0%7C0&br=379&bt=379&cs=0&ds=6&ft=J9ThAGkHH_Myq8Z0EjR_e2NvjTQ&mime_type=video_mp4&qs=0&rc=NXZpTGRTaFBnKWxncmd5aHFsc3IxZGZpZTczNGVlaTtkODs4ZTU8QGlqeHZuPG86Zmw8MzM0NjMzQFNsa3ZpcUQ6amtqXmJmK2BeaWpgYTojMDBjMV8xYzVfMV8xYV8uYmEjcTZxbGFhXi1lYS0tZDAwc3M%3D&btag=c0000e00008000&dy_q=1785465529&feature_id=d6a18d7c5414b1f1e95a75faf9147845&l=202607311038487052DFB4AE16007E110C&ply_type=3&policy=eyJ2bSI6MywidWlkIjoiMzEyOTY1MDYwMzg4ODE4NSJ9,未使用,审核通过,--,2,--,0,0,0,0,0,0,0,0,0,0,0,0,0,0,0
"	7666006371528556586",推送视频_0723-国星引流修改-4.mp4,https://video-cn.oceanengine.com/0a25b058dc1eb3ad02bd37228821d1f9/6a6eadc4/tos-cn-ve-51/oERNgDAH0bxeGEIMueBuRmSggAaUAqAyYE1Dn2?a=1402&ch=0&cr=0&dr=3&cd=0%7C0%7C0%7C0&br=830&bt=830&cs=0&ds=3&ft=J9ThAGkHH_Myq8Z0EjR_e2NvjTQ&mime_type=video_mp4&qs=0&rc=NXZpTGRTaFBnKWxncmd5aHFsc3IxZGY2OmkzaWVlaWZkM2g2ZTNkQGlqZWx2OW86Zmw8MzM0NjMzQFNsa3ZpcUQ6amtqXmJmK2BeaWpgYTojNDAtYC8uNjUxMWBiLjI1MWEjai9kbGFhXi1lYS0tZDAwc3M%3D&btag=c0000e00008000&dy_q=1785465529&feature_id=d6a18d7c5414b1f1e95a75faf9147845&l=202607311038487052DFB4AE16007E110C&ply_type=3&policy=eyJ2bSI6MywidWlkIjoiMzEyOTY1MDYwMzg4ODE4NSJ9,已使用,审核通过,--,3,--,0,0,0,0,0,0,0,0,0,0,0,0,0,0,0
"	7666006364797386806",推送视频_0723-瑞晨引流修改-7.mp4,https://video-cn.oceanengine.com/1ea6d9381f806f1230096daa144dcf6b/6a6eadbf/tos-cn-ve-51/o0CAVAqfguNB2xBDayADcQI1GgJCYshBIfRRts?a=1402&ch=0&cr=0&dr=3&cd=0%7C0%7C0%7C0&br=1640&bt=1640&cs=0&ds=4&ft=J9ThAGkHH_Myq8Z0EjR_e2NvjTQ&mime_type=video_mp4&qs=0&rc=NXZpTGRTaFBnKWxncmd5aHFsc3IxZGY8NGczOjs3MzQzNTxpZTtnQGkzM2U6ZW86Zmw8MzM0NjMzQFNsa3ZpcUQ6amtqXmJmK2BeaWpgYTojY2BjM2M0MDYuMTYvNF5gYmEjZi5xLWFhXi1lYS0tZDAvc3M%3D&btag=c0000e00008000&dy_q=1785465529&feature_id=d6a18d7c5414b1f1e95a75faf9147845&l=202607311038487052DFB4AE16007E110C&ply_type=3&policy=eyJ2bSI6MywidWlkIjoiMzEyOTY1MDYwMzg4ODE4NSJ9,未使用,审核通过,--,2,--,0,0,0,0,0,0,0,0,0,0,0,0,0,0,0
"	7666044375975460906",0723-魏怡-5-改.mp4,https://video-cn.oceanengine.com/7bdf15d4574beba87b7b6148616ff850/6a6eae24/tos-cn-ve-51/osIbmaUAfgBjmoGH1BQzBxazkigCrARA2eGGfz?a=1402&ch=0&cr=0&dr=3&cd=0%7C0%7C0%7C0&br=1300&bt=1300&cs=0&ds=6&ft=J9ThAGkHH_Myq8Z0EjR_e2NvjTQ&mime_type=video_mp4&qs=0&rc=NXZpTGRTaFBnKWxncmd5aHFsc3IxZGZkZGk8NzM4NDVkNzc8Zjc3QGlqM3FpM286ZHk8MzM0NjMzQFNsa3ZpcUQ6amtqXmJmK2BeaWpgYTojLjNfMzIyMl80MV9eX2EyLWEjZWdyMWFhL2dlYS0tZDBhc3M%3D&btag=c0000e00028000&dy_q=1785465529&feature_id=d6a18d7c5414b1f1e95a75faf9147845&l=202607311038487052DFB4AE16007E110C&ply_type=3&policy=eyJ2bSI6MywidWlkIjoiMzEyOTY1MDYwMzg4ODE4NSJ9,未使用,审核通过,--,4,--,0,0,0,0,0,0,0,0,0,0,0,0,0,0,0
"	7666044315906916393",0723-魏怡-2-改.mp4,https://video-cn.oceanengine.com/fe2cbcbde5f45f3e547215d6ca1a3a12/6a6eadcc/tos-cn-ve-51/o8QDObtYLQalURgAzScgIF7uqHION63ACEtfeB?a=1402&ch=0&cr=0&dr=3&cd=0%7C0%7C0%7C0&br=915&bt=915&cs=0&ds=3&ft=J9ThAGkHH_Myq8Z0EjR_e2NvjTQ&mime_type=video_mp4&qs=0&rc=NXZpTGRTaFBnKWxncmd5aHFsc3IxZGY0NWRpZWg3Ozo8Mzs0aGZnQGlqOGhqO286ZHk8MzM0NjMzQFNsa3ZpcUQ6amtqXmJmK2BeaWpgYTojY182XjZjNl8xMS5jYF5jNGEjaGJrb2FhL2dlYS0tZDAvc3M%3D&btag=c0000e00010000&dy_q=1785465529&feature_id=d6a18d7c5414b1f1e95a75faf9147845&l=202607311038487052DFB4AE16007E110C&ply_type=3&policy=eyJ2bSI6MywidWlkIjoiMzEyOTY1MDYwMzg4ODE4NSJ9,未使用,审核通过,--,4,--,0,0,0,0,0,0,0,0,0,0,0,0,0,0,0
"	7666044290755264575",0723-魏怡-1-改.mp4,https://video-cn.oceanengine.com/9be400ae332f82443a7830c2dea19efe/6a6eadcc/tos-cn-ve-51/o8TzQCSuUaAvesDdRftYANqgrDygkBuYITIgH7?a=1402&ch=0&cr=0&dr=3&cd=0%7C0%7C0%7C0&br=675&bt=675&cs=0&ds=6&ft=J9ThAGkHH_Myq8Z0EjR_e2NvjTQ&mime_type=video_mp4&qs=0&rc=NXZpTGRTaFBnKWxncmd5aHFsc3IxZGZmO2QzNTw6ZmhpOTc8ZmhmQGlqbDpvZm86ZHk8MzM0NjMzQFNsa3ZpcUQ6amtqXmJmK2BeaWpgYTojLS82Xi4tLl81MTM1YjAuLWEjMWZlX2FhL2dlYS0tZDAvc3M%3D&btag=c0000e00010000&dy_q=1785465529&feature_id=d6a18d7c5414b1f1e95a75faf9147845&l=202607311038487052DFB4AE16007E110C&ply_type=3&policy=eyJ2bSI6MywidWlkIjoiMzEyOTY1MDYwMzg4ODE4NSJ9,未使用,审核通过,--,4,--,0,0,0,0,0,0,0,0,0,0,0,0,0,0,0
"	7665667885312524307",0723-国星引流-2c.mp4,https://video-cn.oceanengine.com/37eb858973fd9b3242dafbe73c90723c/6a6eaddc/tos-cn-ve-51/oUfCDmzRrHJUaBAfQqaKb9G1A2bGa7gsBQxeIF?a=1402&ch=0&cr=0&dr=3&cd=0%7C0%7C0%7C0&br=357&bt=357&cs=0&ds=3&ft=J9ThAGkHH_Myq8Z0EjR_e2NvjTQ&mime_type=video_mp4&qs=0&rc=NXZpTGRTaFBnKWxncmd5aHFsc3IxZGZmNjw5Z2c8PDRpZDxkZGQ3QGlqNjRnaW86Znk8MzM0NjMzQFNsa3ZpcUQ6amtqXmJmK2BeaWpgYTojY2FjMGMyMTZjMWM1Yy8zY2EjLzNlZGFhbmllYS0tZDBhc3M%3D&btag=c0000e00018000&dy_q=1785465529&feature_id=d6a18d7c5414b1f1e95a75faf9147845&l=202607311038487052DFB4AE16007E110C&ply_type=3&policy=eyJ2bSI6MywidWlkIjoiMzEyOTY1MDYwMzg4ODE4NSJ9,未使用,审核通过,--,3,--,0,0,0,0,0,0,0,0,0,0,0,0,0,0,0
"	7666049027445276718",引流1——子衿改.mp4,https://video-cn.oceanengine.com/98b7bddd18a5fcd8273915fdf4b5c4d2/6a6eadc3/tos-cn-ve-51/o4kOdIAUHsJnLiNtZIgEUWQqxNjKAaBzNHmAd?a=1402&ch=0&cr=0&dr=3&cd=0%7C0%7C0%7C0&br=477&bt=477&cs=0&ds=4&ft=J9ThAGkHH_Myq8Z0EjR_e2NvjTQ&mime_type=video_mp4&qs=0&rc=NXZpTGRTaFBnKWxncmd5aHFsc3IxZGY8NDo5O2lkNmZlODwzZGlnQGlqZDczZm86Om48MzM0NjMzQFNsa3ZpcUQ6amtqXmJmK2BeaWpgYTojNC1fMDRgYzZeMWBfLy42MGEjMy1iaWFhZmJlYS0tZDAvc3M%3D&btag=c0000200008000&dy_q=1785465529&feature_id=d6a18d7c5414b1f1e95a75faf9147845&l=202607311038487052DFB4AE16007E110C&ply_type=3&policy=eyJ2bSI6MywidWlkIjoiMzEyOTY1MDYwMzg4ODE4NSJ9,未使用,审核不通过,--,0,--,0,0,0,0,0,0,0,0,0,0,0,0,0,0,0
"	7665169608501805082",0721-引流-魏怡- 7.mp4,https://video-cn.oceanengine.com/7ffcb9c9e2698bcf39f2539776b50336/6a6eadd3/tos-cn-ve-51/oIaRlQSC4IKzLpE9mI3WQw5CtUXTVEdgAMMAX?a=1402&ch=0&cr=0&dr=3&cd=0%7C0%7C0%7C0&br=1515&bt=1515&cs=0&ds=3&ft=J9ThAGkHH_Myq8Z0EjR_e2NvjTQ&mime_type=video_mp4&qs=0&rc=NXZpTGRTaFBnKWxncmd5aHFsc3IxZGYzOzVmMzNnaWg0NDk3NTg8QGlqZTgzPG86azw8MzM0NjMzQFNsa3ZpcUQ6amtqXmJmK2BeaWpgYTojYTQwLjU2M15jMTJhMDNjLWEjXzNrMmFhXmJkYS0tZDAwc3M%3D&btag=c0000e00010000&dy_q=1785465529&feature_id=d6a18d7c5414b1f1e95a75faf9147845&l=202607311038487052DFB4AE16007E110C&ply_type=3&policy=eyJ2bSI6MywidWlkIjoiMzEyOTY1MDYwMzg4ODE4NSJ9,未使用,审核通过,--,2,--,0,0,0,0,0,0,0,0,0,0,0,0,0,0,0
"	7665169570731180042",0721-引流-魏怡-6.mp4,https://video-cn.oceanengine.com/db02d565460a93f1bd85c67afea30d93/6a6eadd4/tos-cn-ve-51/oML8SFEDEI7Qg0YdJBfdMFFANiIbqDNDAgftBH?a=1402&ch=0&cr=0&dr=3&cd=0%7C0%7C0%7C0&br=822&bt=822&cs=0&ds=3&ft=J9ThAGkHH_Myq8Z0EjR_e2NvjTQ&mime_type=video_mp4&qs=0&rc=NXZpTGRTaFBnKWxncmd5aHFsc3IxZGZpZmZkOWg7aGc1ZWY4ZjM3QGkzPDk0eDlyazw8MzM0NjMzQFNsa3ZpcUQ6amtqXmJmK2BeaWpgYTojNTUzYDYwYDVjMTYvLi0uNGEjMHEtLjJkY2JkYS0tZDBhc3M%3D&btag=c0000e00010000&dy_q=1785465529&feature_id=d6a18d7c5414b1f1e95a75faf9147845&l=202607311038487052DFB4AE16007E110C&ply_type=3&policy=eyJ2bSI6MywidWlkIjoiMzEyOTY1MDYwMzg4ODE4NSJ9,未使用,审核通过,--,2,--,0,0,0,0,0,0,0,0,0,0,0,0,0,0,0
"	7665169551356592155",0721-引流-魏怡-8.mp4,https://video-cn.oceanengine.com/dd580eade1baa3a015bca9b2e54213e1/6a6eadd7/tos-cn-ve-51/oMlQRCMmEIzmWU7cIIadAgtQ3CWbgEmiRUlAX?a=1402&ch=0&cr=0&dr=3&cd=0%7C0%7C0%7C0&br=1156&bt=1156&cs=0&ds=3&ft=J9ThAGkHH_Myq8Z0EjR_e2NvjTQ&mime_type=video_mp4&qs=0&rc=NXZpTGRTaFBnKWxncmd5aHFsc3IxZGZmZTU5ZmRoaDM3NGY6NGU7QGkzcGc5OW86azw8MzM0NjMzQFNsa3ZpcUQ6amtqXmJmK2BeaWpgYTojNmJjNS9gLjU2MWA1YDUzYmEjYi9zMWFhXmJkYS0tZDAvc3M%3D&btag=c0000e00018000&dy_q=1785465529&feature_id=d6a18d7c5414b1f1e95a75faf9147845&l=202607311038487052DFB4AE16007E110C&ply_type=3&policy=eyJ2bSI6MywidWlkIjoiMzEyOTY1MDYwMzg4ODE4NSJ9,未使用,审核通过,--,2,--,0,0,0,0,0,0,0,0,0,0,0,0,0,0,0
"	7665169526927704090",0721-引流-魏怡-5测.mp4,https://video-cn.oceanengine.com/92de8d89e590a950f1356bf62bfd53bd/6a6eae0e/tos-cn-ve-51/oQpAmtAQmEdVMEnizEwMRrZqagIUaIX6ClWQO?a=1402&ch=0&cr=0&dr=3&cd=0%7C0%7C0%7C0&br=2071&bt=2071&cs=0&ds=3&ft=J9ThAGkHH_Myq8Z0EjR_e2NvjTQ&mime_type=video_mp4&qs=0&rc=NXZpTGRTaFBnKWxncmd5aHFsc3IxZGZkNTNnZjY5N2VoZDY8OGg7QGkzZGs7Om86azw8MzM0NjMzQFNsa3ZpcUQ6amtqXmJmK2BeaWpgYTojLi0xNS81YzYvMTVgMzY1MmEjZ2lkNGFhXmJkYS0tZDAwc3M%3D&btag=c0000e00028000&dy_q=1785465529&feature_id=d6a18d7c5414b1f1e95a75faf9147845&l=202607311038487052DFB4AE16007E110C&ply_type=3&policy=eyJ2bSI6MywidWlkIjoiMzEyOTY1MDYwMzg4ODE4NSJ9,未使用,审核通过,--,1,--,0,0,0,0,0,0,0,0,0,0,0,0,0,0,0
"	7665169525948530698",0721-引流-魏怡-9.mp4,https://video-cn.oceanengine.com/93a0f087db9108854ee4fd9aeb247a84/6a6eadd7/tos-cn-ve-51/oQt9I8h2gngchDQCkAWlzZAQdwaUnRINXWmEz?a=1402&ch=0&cr=0&dr=3&cd=0%7C0%7C0%7C0&cv=1&br=1057&bt=1057&cs=0&ds=3&ft=J9ThAGkHH_Myq8Z0EjR_e2NvjTQ&mime_type=video_mp4&qs=0&rc=NXZpTGRTaFBnKWxncmd5aHFsc3IxZGY0ZGhmOTxoOGdkNDNmZGdoQGlqbXA6Om86azw8MzM0NjMzQFNsa3ZpcUQ6amtqXmJmK2BeaWpgYTojLTFhNGAxY19eMTBhNC41L2EjcjAuX2FhXmJkYS0tZDAvc3M%3D&btag=c0000e00018000&dy_q=1785465529&feature_id=d6a18d7c5414b1f1e95a75faf9147845&l=202607311038487052DFB4AE16007E110C&ply_type=3&policy=eyJ2bSI6MywidWlkIjoiMzEyOTY1MDYwMzg4ODE4NSJ9,未使用,审核通过,--,2,--,0,0,0,0,0,0,0,0,0,0,0,0,0,0,0
"	7665169497810206729",0721-引流-魏怡-10.mp4,https://video-cn.oceanengine.com/a038709555e6cc11a7f73e547de00b1e/6a6eadd5/tos-cn-ve-51/ow0GLCieSGT8eZ6gIQD2IeXLalwcUEAW1B4bAq?a=1402&ch=0&cr=0&dr=3&cd=0%7C0%7C0%7C0&br=1132&bt=1132&cs=0&ds=3&ft=J9ThAGkHH_Myq8Z0EjR_e2NvjTQ&mime_type=video_mp4&qs=0&rc=NXZpTGRTaFBnKWxncmd5aHFsc3IxZGY6PGk6OTY7OTtnOTRnOmg3QGlqeDhsbjlyazw8MzM0NjMzQFNsa3ZpcUQ6amtqXmJmK2BeaWpgYTojYC1iMi0tXjU0MV9fNV40YmEjX2xuczJkY2JkYS0tZDBhc3M%3D&btag=c0000e00010000&dy_q=1785465529&feature_id=d6a18d7c5414b1f1e95a75faf9147845&l=202607311038487052DFB4AE16007E110C&ply_type=3&policy=eyJ2bSI6MywidWlkIjoiMzEyOTY1MDYwMzg4ODE4NSJ9,未使用,审核通过,--,2,--,0,0,0,0,0,0,0,0,0,0,0,0,0,0,0
"	7665169474564046886",0721-引流-魏怡-4.mp4,https://video-cn.oceanengine.com/acfd3851eeb238cb6a0d1e666fd9f037/6a6eadd3/tos-cn-ve-51/oEWtQBAaQemhjuIilodIBIEI1tLLpaWhMg7QAA?a=1402&ch=0&cr=0&dr=3&cd=0%7C0%7C0%7C0&br=1258&bt=1258&cs=0&ds=3&ft=J9ThAGkHH_Myq8Z0EjR_e2NvjTQ&mime_type=video_mp4&qs=0&rc=NXZpTGRTaFBnKWxncmd5aHFsc3IxZGY6NzloNDM4OGk5PGc6NDM2QGkzZWo4aG86azw8MzM0NjMzQFNsa3ZpcUQ6amtqXmJmK2BeaWpgYTojNTZeYWNhYV8wMTE2MC0vNGEjMW4xZmFhXmJkYS0tZDAvc3M%3D&btag=c0000e00010000&dy_q=1785465529&feature_id=d6a18d7c5414b1f1e95a75faf9147845&l=202607311038487052DFB4AE16007E110C&ply_type=3&policy=eyJ2bSI6MywidWlkIjoiMzEyOTY1MDYwMzg4ODE4NSJ9,未使用,审核通过,--,1,--,0,0,0,0,0,0,0,0,0,0,0,0,0,0,0
"	7664453217666121738",0718-引流-魏怡-5.mp4,https://video-cn.oceanengine.com/be18a8101fe785835ca452c5bd80e1d2/6a6eadc0/tos-cn-ve-51/o8hZLgQYAfGJgups4aStEAA0g8eeifReQ7bFpo?a=1402&ch=0&cr=0&dr=3&cd=0%7C0%7C0%7C0&br=1733&bt=1733&cs=0&ds=3&ft=J9ThAGkHH_Myq8Z0EjR_e2NvjTQ&mime_type=video_mp4&qs=0&rc=NXZpTGRTaFBnKWxncmd5aHFsc3IxZGY7NTY6ZTM6OWc1ZTw7OGQ5QGkzaWp2bTlydW48MzM0NjMzQFNsa3ZpcUQ6amtqXmJmK2BeaWpgYTojX19gMDM2YzYwMTYwMzJiMWEjbl5yNjJkazJjYS0tZDBhc3M%3D&btag=c0000e00008000&dy_q=1785465529&feature_id=d6a18d7c5414b1f1e95a75faf9147845&l=202607311038487052DFB4AE16007E110C&ply_type=3&policy=eyJ2bSI6MywidWlkIjoiMzEyOTY1MDYwMzg4ODE4NSJ9,未使用,审核通过,--,1,--,0,0,0,0,0,0,0,0,0,0,0,0,0,0,0
"	7664453214905253939",0718瑞晨引流-10.mp4,https://video-cn.oceanengine.com/764c0736abfaf9c95003a65ac04e613f/6a6eadc8/tos-cn-ve-51/oAvD7AAtJQMEimgQBcBLhFI636Q4aogAhxN1if?a=1402&ch=0&cr=0&dr=3&cd=0%7C0%7C0%7C0&br=823&bt=823&cs=0&ds=3&ft=J9ThAGkHH_Myq8Z0EjR_e2NvjTQ&mime_type=video_mp4&qs=0&rc=NXZpTGRTaFBnKWxncmd5aHFsc3IxZGY2Z2k4aWU1OzY0Zjk8ODhkQGlqanhmNW86dm48MzM0NjMzQFNsa3ZpcUQ6amtqXmJmK2BeaWpgYTojMzIvLy4tYl4vMTQzNmE2LmEjcjZeLWFhXjJjYS0tZDAvc3M%3D&btag=c0000e00010000&dy_q=1785465529&feature_id=d6a18d7c5414b1f1e95a75faf9147845&l=202607311038487052DFB4AE16007E110C&ply_type=3&policy=eyJ2bSI6MywidWlkIjoiMzEyOTY1MDYwMzg4ODE4NSJ9,未使用,审核通过,--,1,--,0,0,0,0,0,0,0,0,0,0,0,0,0,0,0
"	7664453199747170313",0718-引流-魏怡-1.mp4,https://video-cn.oceanengine.com/848550d61bd06a98271b8ed3518637f0/6a6eaddc/tos-cn-ve-51/okfqknNSDrDXnfaEYQFLuQbyAIKTIgB40NgCnA?a=1402&ch=0&cr=0&dr=3&cd=0%7C0%7C0%7C0&br=1210&bt=1210&cs=0&ds=3&ft=J9ThAGkHH_Myq8Z0EjR_e2NvjTQ&mime_type=video_mp4&qs=0&rc=NXZpTGRTaFBnKWxncmd5aHFsc3IxZGZoPGRoOWg2PGU8NzpmOzw2QGkzOWl0djlydW48MzM0NjMzQFNsa3ZpcUQ6amtqXmJmK2BeaWpgYTojXzEtYDYtLjU0MTAzLzQ2LmEjZjRiNjJkazJjYS0tZDAvc3M%3D&btag=c0000e00018000&dy_q=1785465529&feature_id=d6a18d7c5414b1f1e95a75faf9147845&l=202607311038487052DFB4AE16007E110C&ply_type=3&policy=eyJ2bSI6MywidWlkIjoiMzEyOTY1MDYwMzg4ODE4NSJ9,未使用,审核通过,--,1,--,0,0,0,0,0,0,0,0,0,0,0,0,0,0,0
"	7664453198800781338",0718瑞晨引流-2.mp4,https://video-cn.oceanengine.com/a274965e429b835c0f96e019599bb416/6a6eadc8/tos-cn-ve-51/ocFSph1xgaALRLBX8A2DxhDGAn0eRNPeqMi1gG?a=1402&ch=0&cr=0&dr=3&cd=0%7C0%7C0%7C0&br=872&bt=872&cs=0&ds=3&ft=J9ThAGkHH_Myq8Z0EjR_e2NvjTQ&mime_type=video_mp4&qs=0&rc=NXZpTGRTaFBnKWxncmd5aHFsc3IxZGY7PDY3NGVmZjVpOWc0Ojw7QGlqNGluPG86dm48MzM0NjMzQFNsa3ZpcUQ6amtqXmJmK2BeaWpgYTojMDVeLjYyMDY1MTEzLi8yM2EjazZsbGFhXjJjYS0tZDAwc3M%3D&btag=c0000e00010000&dy_q=1785465529&feature_id=d6a18d7c5414b1f1e95a75faf9147845&l=202607311038487052DFB4AE16007E110C&ply_type=3&policy=eyJ2bSI6MywidWlkIjoiMzEyOTY1MDYwMzg4ODE4NSJ9,未使用,审核通过,--,1,--,0,0,0,0,0,0,0,0,0,0,0,0,0,0,0
"	7664453189787893811",0718瑞晨引流-23.mp4,https://video-cn.oceanengine.com/cd020f711aa945774ab3273f113d1c37/6a6eadc6/tos-cn-ve-51/oUaLxFTqXAwhAZwg2Ge0KNQBD1fRIxm8DmUgQ1?a=1402&ch=0&cr=0&dr=3&cd=0%7C0%7C0%7C0&br=1797&bt=1797&cs=0&ds=3&ft=J9ThAGkHH_Myq8Z0EjR_e2NvjTQ&mime_type=video_mp4&qs=0&rc=NXZpTGRTaFBnKWxncmd5aHFsc3IxZGY4OzdpZjdlMzhoNzZkOmhpQGkzZmd1NG86dm48MzM0NjMzQFNsa3ZpcUQ6amtqXmJmK2BeaWpgYTojLi1jXl5eNTYyMTI1NjFfLmEjaS5uaGFhLzJjYS0tZDAwc3M%3D&btag=c0000e00008000&dy_q=1785465529&feature_id=d6a18d7c5414b1f1e95a75faf9147845&l=202607311038487052DFB4AE16007E110C&ply_type=3&policy=eyJ2bSI6MywidWlkIjoiMzEyOTY1MDYwMzg4ODE4NSJ9,未使用,审核通过,--,2,--,0,0,0,0,0,0,0,0,0,0,0,0,0,0,0
"	7664453188856315955",0718瑞晨引流-7.mp4,https://video-cn.oceanengine.com/1e392051c36f5ad8e563e2aaec13e12a/6a6eadc8/tos-cn-ve-51/o4DgkF1bgQmg74QBt6AioQIafQNmLNGA4Qo8xU?a=1402&ch=0&cr=0&dr=3&cd=0%7C0%7C0%7C0&br=827&bt=827&cs=0&ds=3&ft=J9ThAGkHH_Myq8Z0EjR_e2NvjTQ&mime_type=video_mp4&qs=0&rc=NXZpTGRTaFBnKWxncmd5aHFsc3IxZGZnOTQ4ZDlnOGY3aDc5NDQ7QGkzajs2ZG86dm48MzM0NjMzQFNsa3ZpcUQ6amtqXmJmK2BeaWpgYTojNGE1NDUtNDZeMV40X2ItX2EjYjNiMWFhXjJjYS0tZDBhc3M%3D&btag=c0000e00010000&dy_q=1785465529&feature_id=d6a18d7c5414b1f1e95a75faf9147845&l=202607311038487052DFB4AE16007E110C&ply_type=3&policy=eyJ2bSI6MywidWlkIjoiMzEyOTY1MDYwMzg4ODE4NSJ9,未使用,审核通过,--,1,--,0,0,0,0,0,0,0,0,0,0,0,0,0,0,0
"	7664453184022609929",0718瑞晨引流-6.mp4,https://video-cn.oceanengine.com/79fc2c46a16acca3dbc7512e7a7f996b/6a6eadc8/tos-cn-ve-51/oYCFuXEIQAgqujXfvQFCf96V4xL7kDADDB0Ng5?a=1402&ch=0&cr=0&dr=3&cd=0%7C0%7C0%7C0&br=539&bt=539&cs=0&ds=3&ft=J9ThAGkHH_Myq8Z0EjR_e2NvjTQ&mime_type=video_mp4&qs=0&rc=NXZpTGRTaFBnKWxncmd5aHFsc3IxZGY0aDY4Nzc6ZTY5O2QzM2Q1QGkzcXB3djlydW48MzM0NjMzQFNsa3ZpcUQ6amtqXmJmK2BeaWpgYTojLi41YmMtMDUyMS4wM2EyL2EjYmlzZDJkazJjYS0tZDAvc3M%3D&btag=c0000e00010000&dy_q=1785465529&feature_id=d6a18d7c5414b1f1e95a75faf9147845&l=202607311038487052DFB4AE16007E110C&ply_type=3&policy=eyJ2bSI6MywidWlkIjoiMzEyOTY1MDYwMzg4ODE4NSJ9,未使用,审核通过,--,1,--,0,0,0,0,0,0,0,0,0,0,0,0,0,0,0
"	7664453177211928622",0718瑞晨引流-1.mp4,https://video-cn.oceanengine.com/ae7813d70d39441305f155a46d15bd2b/6a6eadc8/tos-cn-ve-51/oQ4xfAA00NgZ9EIqyXFfABgBpQ0oL4QQNCDmDu?a=1402&ch=0&cr=0&dr=3&cd=0%7C0%7C0%7C0&br=679&bt=679&cs=0&ds=3&ft=J9ThAGkHH_Myq8Z0EjR_e2NvjTQ&mime_type=video_mp4&qs=0&rc=NXZpTGRTaFBnKWxncmd5aHFsc3IxZGZpNjRmZDpoPGk0ZmQ2aDRlQGkzbnQ6bTlydW48MzM0NjMzQFNsa3ZpcUQ6amtqXmJmK2BeaWpgYTojNjU0Y2JfLV80MWIyLjReLmEjci0wMTJkazJjYS0tZDBhc3M%3D&btag=c0000e00010000&dy_q=1785465529&feature_id=d6a18d7c5414b1f1e95a75faf9147845&l=202607311038487052DFB4AE16007E110C&ply_type=3&policy=eyJ2bSI6MywidWlkIjoiMzEyOTY1MDYwMzg4ODE4NSJ9,未使用,审核通过,--,1,--,0,0,0,0,0,0,0,0,0,0,0,0,0,0,0
"	7664453168408379442",0718瑞晨引流-14.mp4,https://video-cn.oceanengine.com/ceb48b6fc37a090b352e0e00d1b85b72/6a6eadc6/tos-cn-ve-51/oUEEgovDaAa1twgB4f7Q6rQxLAhIUoDQZvm5FA?a=1402&ch=0&cr=0&dr=3&cd=0%7C0%7C0%7C0&br=1439&bt=1439&cs=0&ds=3&ft=J9ThAGkHH_Myq8Z0EjR_e2NvjTQ&mime_type=video_mp4&qs=0&rc=NXZpTGRTaFBnKWxncmd5aHFsc3IxZGYzNTk6OTk6aDZmODc3O2g5QGkzcTMzZm86dm48MzM0NjMzQFNsa3ZpcUQ6amtqXmJmK2BeaWpgYTojNDAzNC0wNTUxMWE1XjBiNWEjbjBiaWFhXjJjYS0tZDAvc3M%3D&btag=c0000e00008000&dy_q=1785465529&feature_id=d6a18d7c5414b1f1e95a75faf9147845&l=202607311038487052DFB4AE16007E110C&ply_type=3&policy=eyJ2bSI6MywidWlkIjoiMzEyOTY1MDYwMzg4ODE4NSJ9,未使用,审核通过,--,1,--,0,0,0,0,0,0,0,0,0,0,0,0,0,0,0
"	7664453166962409510",0718瑞晨引流-5.mp4,https://video-cn.oceanengine.com/3fd25551aa4a6d017edf4fbfbe7aad41/6a6eadc8/tos-cn-ve-51/oUfCtBA0xQk4KbgAfYGvgXIoWOQgqjsCGxtUcf?a=1402&ch=0&cr=0&dr=3&cd=0%7C0%7C0%7C0&br=660&bt=660&cs=0&ds=3&ft=J9ThAGkHH_Myq8Z0EjR_e2NvjTQ&mime_type=video_mp4&qs=0&rc=NXZpTGRTaFBnKWxncmd5aHFsc3IxZGY5Z2Q5ZzRmOGQ5O2dkZzU1QGlqanl3Om86dm48MzM0NjMzQFNsa3ZpcUQ6amtqXmJmK2BeaWpgYTojNTNgMjA0LjZeMTE2YmEvLmEjMGVtMGFhLzJjYS0tZDAwc3M%3D&btag=c0000e00010000&dy_q=1785465529&feature_id=d6a18d7c5414b1f1e95a75faf9147845&l=202607311038487052DFB4AE16007E110C&ply_type=3&policy=eyJ2bSI6MywidWlkIjoiMzEyOTY1MDYwMzg4ODE4NSJ9,未使用,审核通过,--,1,--,0,0,0,0,0,0,0,0,0,0,0,0,0,0,0
"	7664453162750050314",0718瑞晨引流-3.mp4,https://video-cn.oceanengine.com/89cb5a4af9c3fbc868b38ec0e149753b/6a6eadc8/tos-cn-ve-51/o00qBf9DEwxFgiQAmgxQXoOoNL3nDAguDfaIDN?a=1402&ch=0&cr=0&dr=3&cd=0%7C0%7C0%7C0&br=935&bt=935&cs=0&ds=3&ft=J9ThAGkHH_Myq8Z0EjR_e2NvjTQ&mime_type=video_mp4&qs=0&rc=NXZpTGRTaFBnKWxncmd5aHFsc3IxZGY2PDU5Nzs7Zjs0aTo3NjtkQGkzNGlwcTlydm48MzM0NjMzQFNsa3ZpcUQ6amtqXmJmK2BeaWpgYTojLmNfNjIxXzUtMS4uLy1gLmEjbi1yMDJkNDJjYS0tZDBhc3M%3D&btag=c0000e00010000&dy_q=1785465529&feature_id=d6a18d7c5414b1f1e95a75faf9147845&l=202607311038487052DFB4AE16007E110C&ply_type=3&policy=eyJ2bSI6MywidWlkIjoiMzEyOTY1MDYwMzg4ODE4NSJ9,未使用,审核通过,--,1,--,0,0,0,0,0,0,0,0,0,0,0,0,0,0,0
"	7664453156412391433",0718瑞晨引流-17.mp4,https://video-cn.oceanengine.com/7bfd9002b6e26cba33f9a227905579e1/6a6eadc6/tos-cn-ve-51/oUAWBGjUEtgALbyRXoejC1hvVqeVeogshkFBVA?a=1402&ch=0&cr=0&dr=3&cd=0%7C0%7C0%7C0&br=1717&bt=1717&cs=0&ds=3&ft=J9ThAGkHH_Myq8Z0EjR_e2NvjTQ&mime_type=video_mp4&qs=0&rc=NXZpTGRTaFBnKWxncmd5aHFsc3IxZGY0Z2c2PDdpNDk7OGg5ZWllQGkzcjRzZ286dm48MzM0NjMzQFNsa3ZpcUQ6amtqXmJmK2BeaWpgYTojMDFhLS5hYjU2MWNhMjYyLWEjYS9eZ2FhLzJjYS0tZDAvc3M%3D&btag=c0000e00008000&dy_q=1785465529&feature_id=d6a18d7c5414b1f1e95a75faf9147845&l=202607311038487052DFB4AE16007E110C&ply_type=3&policy=eyJ2bSI6MywidWlkIjoiMzEyOTY1MDYwMzg4ODE4NSJ9,未使用,审核通过,--,1,--,0,0,0,0,0,0,0,0,0,0,0,0,0,0,0
"	7664453148363964467",0718瑞晨引流-4.mp4,https://video-cn.oceanengine.com/85854d85ce4b0f7c50b776e8cd9b05e5/6a6eadc8/tos-cn-ve-51/ogBCAQtXTFaD7D0gQqED8xfmIDjsgL9wACfxqN?a=1402&ch=0&cr=0&dr=3&cd=0%7C0%7C0%7C0&br=786&bt=786&cs=0&ds=3&ft=J9ThAGkHH_Myq8Z0EjR_e2NvjTQ&mime_type=video_mp4&qs=0&rc=NXZpTGRTaFBnKWxncmd5aHFsc3IxZGZmNjgzZzs1NmlnPDo0aWc7QGlqcHV4eDlydm48MzM0NjMzQFNsa3ZpcUQ6amtqXmJmK2BeaWpgYTojM2MyNTYtLl8yMS0vNTYtY2EjbV4wYjJkYzJjYS0tZDAvc3M%3D&btag=c0000e00010000&dy_q=1785465529&feature_id=d6a18d7c5414b1f1e95a75faf9147845&l=202607311038487052DFB4AE16007E110C&ply_type=3&policy=eyJ2bSI6MywidWlkIjoiMzEyOTY1MDYwMzg4ODE4NSJ9,未使用,审核通过,--,1,--,0,0,0,0,0,0,0,0,0,0,0,0,0,0,0
"	7664453147700690954",0718瑞晨引流-18.mp4,https://video-cn.oceanengine.com/fd211321faae7fba4e3e20982470bc74/6a6eadc3/tos-cn-ve-51/oEeD2AAa3Q7v6NggqUDX7LI0D4Qv1RbBDxWqyf?a=1402&ch=0&cr=0&dr=3&cd=0%7C0%7C0%7C0&cv=1&br=1546&bt=1546&cs=0&ds=3&ft=J9ThAGkHH_Myq8Z0EjR_e2NvjTQ&mime_type=video_mp4&qs=0&rc=NXZpTGRTaFBnKWxncmd5aHFsc3IxZGY1OjxkaGZkNmc1Ojc4N2Q4QGkzd3dlZW86dW48MzM0NjMzQFNsa3ZpcUQ6amtqXmJmK2BeaWpgYTojXzMyMzA0MDViMTAuYDUxL2EjcmsycWFhbjJjYS0tZDAwc3M%3D&btag=c0000e00008000&dy_q=1785465529&feature_id=d6a18d7c5414b1f1e95a75faf9147845&l=202607311038487052DFB4AE16007E110C&ply_type=3&policy=eyJ2bSI6MywidWlkIjoiMzEyOTY1MDYwMzg4ODE4NSJ9,未使用,审核通过,--,1,--,0,0,0,0,0,0,0,0,0,0,0,0,0,0,0
"	7664453132443090982",0718瑞晨引流-12.mp4,https://video-cn.oceanengine.com/78b349b4bfa469c75e591b26aefb9248/6a6eadc2/tos-cn-ve-51/ocFqUJLcCATkgNFJgQFqXQNDufa2Vx0EADBqfI?a=1402&ch=0&cr=0&dr=3&cd=0%7C0%7C0%7C0&br=995&bt=995&cs=0&ds=3&ft=J9ThAGkHH_Myq8Z0EjR_e2NvjTQ&mime_type=video_mp4&qs=0&rc=NXZpTGRTaFBnKWxncmd5aHFsc3IxZGYzODU8ZThoZjVpNTs7aTw0QGlqdXJlbDlydW48MzM0NjMzQFNsa3ZpcUQ6amtqXmJmK2BeaWpgYTojYzFfYDMzXzUwMTM0NDU1YmEjXmk2LjJkazJjYS0tZDBhc3M%3D&btag=c0000e00008000&dy_q=1785465529&feature_id=d6a18d7c5414b1f1e95a75faf9147845&l=202607311038487052DFB4AE16007E110C&ply_type=3&policy=eyJ2bSI6MywidWlkIjoiMzEyOTY1MDYwMzg4ODE4NSJ9,未使用,审核通过,--,1,--,0,0,0,0,0,0,0,0,0,0,0,0,0,0,0
"	7664453130478288942",0718-引流-魏怡-3.mp4,https://video-cn.oceanengine.com/7631b982f806c90a949f555c18f242b0/6a6eadbf/tos-cn-ve-51/oIDzQuQgCZAaE20Q6SN9SXR14L1TABpIfUxqKf?a=1402&ch=0&cr=0&dr=3&cd=0%7C0%7C0%7C0&cv=1&br=846&bt=846&cs=0&ds=3&ft=J9ThAGkHH_Myq8Z0EjR_e2NvjTQ&mime_type=video_mp4&qs=0&rc=NXZpTGRTaFBnKWxncmd5aHFsc3IxZGZlMzw8NTQ1NDRnNDc6PDRlQGkzeG1lN286dW48MzM0NjMzQFNsa3ZpcUQ6amtqXmJmK2BeaWpgYTojYS1eXzIxMV9eMTNgMjAuLmEjZXNfZWFhZjJjYS0tZDAvc3M%3D&btag=c0000e00008000&dy_q=1785465529&feature_id=d6a18d7c5414b1f1e95a75faf9147845&l=202607311038487052DFB4AE16007E110C&ply_type=3&policy=eyJ2bSI6MywidWlkIjoiMzEyOTY1MDYwMzg4ODE4NSJ9,未使用,审核通过,--,1,--,0,0,0,0,0,0,0,0,0,0,0,0,0,0,0
"	7664453104100622363",0718-引流-魏怡-2.mp4,https://video-cn.oceanengine.com/28dc1f39e7148e1c404315afd0a6f80a/6a6eaddc/tos-cn-ve-51/oMDL9uQgCHAa820QKLNe9XRYAL1cABKI9gyqWf?a=1402&ch=0&cr=0&dr=3&cd=0%7C0%7C0%7C0&br=1160&bt=1160&cs=0&ds=3&ft=J9ThAGkHH_Myq8Z0EjR_e2NvjTQ&mime_type=video_mp4&qs=0&rc=NXZpTGRTaFBnKWxncmd5aHFsc3IxZGY4ODgzNDM1PDY4NWY4ZDU4QGkzeWVzaW86dW48MzM0NjMzQFNsa3ZpcUQ6amtqXmJmK2BeaWpgYTojMzUvNmEzLjUzMS5jMF4wLWEjY3JkXmFhZjJjYS0tZDAvc3M%3D&btag=c0000e00018000&dy_q=1785465529&feature_id=d6a18d7c5414b1f1e95a75faf9147845&l=202607311038487052DFB4AE16007E110C&ply_type=3&policy=eyJ2bSI6MywidWlkIjoiMzEyOTY1MDYwMzg4ODE4NSJ9,未使用,审核通过,--,1,--,0,0,0,0,0,0,0,0,0,0,0,0,0,0,0
"	7664453100346900507",0718瑞晨引流-8.mp4,https://video-cn.oceanengine.com/764e2b98ed5578c2fc67732c4ab154b9/6a6eadc8/tos-cn-ve-51/osiDAXxCiRA0KGv1AehLeRA34g2SKB1Fqg0N8a?a=1402&ch=0&cr=0&dr=3&cd=0%7C0%7C0%7C0&cv=1&br=893&bt=893&cs=0&ds=3&ft=J9ThAGkHH_Myq8Z0EjR_e2NvjTQ&mime_type=video_mp4&qs=0&rc=NXZpTGRTaFBnKWxncmd5aHFsc3IxZGY7M2c4PGg0ODs2aGZoOmg5QGkzNW5lN286dm48MzM0NjMzQFNsa3ZpcUQ6amtqXmJmK2BeaWpgYTojXl9jYjYwMF81MV4tMC9eYmEjay1fZWFhXjJjYS0tZDAvc3M%3D&btag=c0000e00010000&dy_q=1785465529&feature_id=d6a18d7c5414b1f1e95a75faf9147845&l=202607311038487052DFB4AE16007E110C&ply_type=3&policy=eyJ2bSI6MywidWlkIjoiMzEyOTY1MDYwMzg4ODE4NSJ9,未使用,审核通过,--,1,--,0,0,0,0,0,0,0,0,0,0,0,0,0,0,0
"	7664453092843044890",0718瑞晨引流-11.mp4,https://video-cn.oceanengine.com/fbcf8d6ca0e6ac02ad403bb834c5c649/6a6eadc2/tos-cn-ve-51/o0oFQhm43aAxQZCTw6tDgm1gaByQmAGLI4Ixf7?a=1402&ch=0&cr=0&dr=3&cd=0%7C0%7C0%7C0&cv=1&br=1189&bt=1189&cs=0&ds=3&ft=J9ThAGkHH_Myq8Z0EjR_e2NvjTQ&mime_type=video_mp4&qs=0&rc=NXZpTGRTaFBnKWxncmd5aHFsc3IxZGY3Nzs2PDozOGY1Zzk0NGRlQGlqbWs2NG86dW48MzM0NjMzQFNsa3ZpcUQ6amtqXmJmK2BeaWpgYTojX2JiYi8zYF5iMTEzMTBfNGEjNmY0cmFhZjJjYS0tZDAwc3M%3D&btag=c0000e00008000&dy_q=1785465529&feature_id=d6a18d7c5414b1f1e95a75faf9147845&l=202607311038487052DFB4AE16007E110C&ply_type=3&policy=eyJ2bSI6MywidWlkIjoiMzEyOTY1MDYwMzg4ODE4NSJ9,未使用,审核通过,--,1,--,0,0,0,0,0,0,0,0,0,0,0,0,0,0,0
"	7663059465547153434",0716-引导-雅迪-1.mp4,https://video-cn.oceanengine.com/eda62ef1bd9edbd579003cdf9942e6b8/6a6eadcb/tos-cn-ve-51/oAAI5hDaiOlvqIIyAoEzaYdQtiaKK1pQWFUgd?a=1402&ch=0&cr=0&dr=3&cd=0%7C0%7C0%7C0&cv=1&br=1541&bt=1541&cs=0&ds=3&ft=J9ThAGkHH_Myq8Z0EjR_e2NvjTQ&mime_type=video_mp4&qs=0&rc=NXZpTGRTaFBnKWxncmd5aHFsc3IxZGZoM2g6NzpoO2hnOTRlNjk4QGlqPHRsaW86OGQ8MzM0NjMzQFNsa3ZpcUQ6amtqXmJmK2BeaWpgYTojNDRjLTZfYTUvMTJeNDQvMGEjbjJlYmFhXmRgYS0tZDAvc3M%3D&btag=c0000e00010000&dy_q=1785465529&feature_id=d6a18d7c5414b1f1e95a75faf9147845&l=202607311038487052DFB4AE16007E110C&ply_type=3&policy=eyJ2bSI6MywidWlkIjoiMzEyOTY1MDYwMzg4ODE4NSJ9,已使用,审核通过,--,9,--,0,0,0,0,0,0,0,0,0,0,0,0,0,0,0
"	7663059461246320667",0716-引导-嘉丽-1.mp4,https://video-cn.oceanengine.com/63fc7805187a22a9ad65c470a18a02ae/6a6eadc5/tos-cn-ve-51/oshALgTAVFQassFIQBcmEHIQBggtYq71QIsEf3?a=1402&ch=0&cr=0&dr=3&cd=0%7C0%7C0%7C0&br=984&bt=984&cs=0&ds=3&ft=J9ThAGkHH_Myq8Z0EjR_e2NvjTQ&mime_type=video_mp4&qs=0&rc=NXZpTGRTaFBnKWxncmd5aHFsc3IxZGY4OjYzOTxmaTM4aGlnODVkQGkzMzQ1NW86NmQ8MzM0NjMzQFNsa3ZpcUQ6amtqXmJmK2BeaWpgYTojYGM2NDViMzZeMTUxL18wMGEjanNhb2FhZmRgYS0tZDAwc3M%3D&btag=c0000e00008000&dy_q=1785465529&feature_id=d6a18d7c5414b1f1e95a75faf9147845&l=202607311038487052DFB4AE16007E110C&ply_type=3&policy=eyJ2bSI6MywidWlkIjoiMzEyOTY1MDYwMzg4ODE4NSJ9,已使用,审核通过,--,4,--,0,0,0,0,0,0,0,0,0,0,0,0,0,0,0
"	7663055903798247474",0716-引流瑞晨-1.mp4,https://video-cn.oceanengine.com/7b23ebfee159052a793230df76189650/6a6eadc8/tos-cn-ve-51/oIKNBlgAQrjIYAkdC9GaWRgzzkqjIJliptEGQ?a=1402&ch=0&cr=0&dr=3&cd=0%7C0%7C0%7C0&br=565&bt=565&cs=0&ds=3&ft=J9ThAGkHH_Myq8Z0EjR_e2NvjTQ&mime_type=video_mp4&qs=0&rc=NXZpTGRTaFBnKWxncmd5aHFsc3IxZGY7ZzgzNjdoNjk5OzNmMzxpQGkzOGQ0Nm86bWQ8MzM0NjMzQFNsa3ZpcUQ6amtqXmJmK2BeaWpgYTojMmNgYmAuXzU0MWAyLzZhXmEjMmlkZGFhZjZgYS0tZDAvc3M%3D&btag=c0000e00010000&dy_q=1785465529&feature_id=d6a18d7c5414b1f1e95a75faf9147845&l=202607311038487052DFB4AE16007E110C&ply_type=3&policy=eyJ2bSI6MywidWlkIjoiMzEyOTY1MDYwMzg4ODE4NSJ9,未使用,审核通过,--,6,--,0,0,0,0,0,0,0,0,0,0,0,0,0,0,0
"	7663055863406313499",0716-引流瑞晨-2.mp4,https://video-cn.oceanengine.com/78d285d980e92b3d9c4134ad82ca4895/6a6eadc8/tos-cn-ve-51/o07OYAQxKNQZZEEq9WFfABgJmpSnT3IfNBDoDO?a=1402&ch=0&cr=0&dr=3&cd=0%7C0%7C0%7C0&br=836&bt=836&cs=0&ds=3&ft=J9ThAGkHH_Myq8Z0EjR_e2NvjTQ&mime_type=video_mp4&qs=0&rc=NXZpTGRTaFBnKWxncmd5aHFsc3IxZGZlZTM0PGc0NDRmMzszMzZmQGlqOTh4bjlybWQ8MzM0NjMzQFNsa3ZpcUQ6amtqXmJmK2BeaWpgYTojXl81NmNiNjYyMTIzNC8uNGEjby5vYzJkazZgYS0tZDBhc3M%3D&btag=c0000e00010000&dy_q=1785465529&feature_id=d6a18d7c5414b1f1e95a75faf9147845&l=202607311038487052DFB4AE16007E110C&ply_type=3&policy=eyJ2bSI6MywidWlkIjoiMzEyOTY1MDYwMzg4ODE4NSJ9,未使用,审核通过,--,1,--,0,0,0,0,0,0,0,0,0,0,0,0,0,0,0
"	7663055838699651123",0716-引流瑞晨-9.mp4,https://video-cn.oceanengine.com/e25e9a8c64beeb48d009891d361816be/6a6eadc6/tos-cn-ve-51/oYzkQdpOiAOlYskjdEIQXvaptzICKgdSmWvAi?a=1402&ch=0&cr=0&dr=3&cd=0%7C0%7C0%7C0&cv=1&br=1659&bt=1659&cs=0&ds=3&ft=J9ThAGkHH_Myq8Z0EjR_e2NvjTQ&mime_type=video_mp4&qs=0&rc=NXZpTGRTaFBnKWxncmd5aHFsc3IxZGY5Ozg3OjxoODtnZ2k6ZzQ3QGlqZnNsaW86bWQ8MzM0NjMzQFNsa3ZpcUQ6amtqXmJmK2BeaWpgYTojMC8wMC5fYjU2MWNfMGI1M2EjaDJlYmFhZjZgYS0tZDAvc3M%3D&btag=c0000e00008000&dy_q=1785465529&feature_id=d6a18d7c5414b1f1e95a75faf9147845&l=202607311038487052DFB4AE16007E110C&ply_type=3&policy=eyJ2bSI6MywidWlkIjoiMzEyOTY1MDYwMzg4ODE4NSJ9,未使用,审核通过,--,6,--,0,0,0,0,0,0,0,0,0,0,0,0,0,0,0
"	7663055827772031002",0716-引流瑞晨-5.mp4,https://video-cn.oceanengine.com/305ea4fadc5720ed570e4a6c5043b523/6a6eadc8/tos-cn-ve-51/oIJLaIKnB7DhEOpI7Q1QtAeYIamFAHD8BgBBZW?a=1402&ch=0&cr=0&dr=3&cd=0%7C0%7C0%7C0&br=571&bt=571&cs=0&ds=3&ft=J9ThAGkHH_Myq8Z0EjR_e2NvjTQ&mime_type=video_mp4&qs=0&rc=NXZpTGRTaFBnKWxncmd5aHFsc3IxZGY0aGU8PGZkOTY8OTMzNTxoQGkzOzd5OG86bWQ8MzM0NjMzQFNsa3ZpcUQ6amtqXmJmK2BeaWpgYTojNjUuNDAzXjVfMV5jMzA0YmEjcjNnYmFhZjZgYS0tZDAwc3M%3D&btag=c0000e00010000&dy_q=1785465529&feature_id=d6a18d7c5414b1f1e95a75faf9147845&l=202607311038487052DFB4AE16007E110C&ply_type=3&policy=eyJ2bSI6MywidWlkIjoiMzEyOTY1MDYwMzg4ODE4NSJ9,未使用,审核通过,--,1,--,0,0,0,0,0,0,0,0,0,0,0,0,0,0,0
"	7663055823942189107",0716-引流瑞晨-7.mp4,https://video-cn.oceanengine.com/7f868ce070ba5b3ff76875feac1b36bb/6a6eadc3/tos-cn-ve-51/og5P6ivgEIztbk6SEIadAYtQOEWzwxllzapAk?a=1402&ch=0&cr=0&dr=3&cd=0%7C0%7C0%7C0&cv=1&br=774&bt=774&cs=0&ds=3&ft=J9ThAGkHH_Myq8Z0EjR_e2NvjTQ&mime_type=video_mp4&qs=0&rc=NXZpTGRTaFBnKWxncmd5aHFsc3IxZGY8NzhmOmU8MzZkOzVpNmdpQGkzdWVmM286bWQ8MzM0NjMzQFNsa3ZpcUQ6amtqXmJmK2BeaWpgYTojMC4zLi0zNjUtMTJeNjYyNGEjNmhzL2FhZjZgYS0tZDAwc3M%3D&btag=c0000e00008000&dy_q=1785465529&feature_id=d6a18d7c5414b1f1e95a75faf9147845&l=202607311038487052DFB4AE16007E110C&ply_type=3&policy=eyJ2bSI6MywidWlkIjoiMzEyOTY1MDYwMzg4ODE4NSJ9,未使用,审核通过,--,8,--,0,0,0,0,0,0,0,0,0,0,0,0,0,0,0
"	7663055819790499891",0716-引流瑞晨-3.mp4,https://video-cn.oceanengine.com/3f8ac75828ac21a9c6e01efbf75d830f/6a6eadc8/tos-cn-ve-51/oMQre7Fv1AxOp9nRAaAdJH3LtNJIhEImOBNGYq?a=1402&ch=0&cr=0&dr=3&cd=0%7C0%7C0%7C0&cv=1&br=440&bt=440&cs=0&ds=3&ft=J9ThAGkHH_Myq8Z0EjR_e2NvjTQ&mime_type=video_mp4&qs=0&rc=NXZpTGRTaFBnKWxncmd5aHFsc3IxZGY8ZDpkOTM1Omg1MzNmNjQ2QGkzd3lrO286bWQ8MzM0NjMzQFNsa3ZpcUQ6amtqXmJmK2BeaWpgYTojLjBfM2MwMjYtMTMwLy4yMWEjaXFqZWFhZjZgYS0tZDAvc3M%3D&btag=c0000e00010000&dy_q=1785465529&feature_id=d6a18d7c5414b1f1e95a75faf9147845&l=202607311038487052DFB4AE16007E110C&ply_type=3&policy=eyJ2bSI6MywidWlkIjoiMzEyOTY1MDYwMzg4ODE4NSJ9,未使用,审核通过,--,4,--,0,0,0,0,0,0,0,0,0,0,0,0,0,0,0
"	7663054467406757898",0715-魏怡引流-7.mp4,https://video-cn.oceanengine.com/dbc680e14256a7990be410a922f397c3/6a6eaec2/tos-cn-ve-51/ogatYDIGQfTF1trBYcRAAshQ7LEApI3QmO9nnz?a=1402&ch=0&cr=0&dr=3&cd=0%7C0%7C0%7C0&br=1346&bt=1346&cs=0&ds=3&ft=J9ThAGkHH_Myq8Z0EjR_e2NvjTQ&mime_type=video_mp4&qs=0&rc=NXZpTGRTaFBnKWxncmd5aHFsc3IxZGY0NzNnOTk6Ojc0NTQ1ZDQ6QGkzbXZoO286cGQ8MzM0NjMzQFNsa3ZpcUQ6amtqXmJmK2BeaWpgYTojXl5iLy0uYzUuMTQ1YTRgMWEjNXBzb2FhLzNgYS0tZDAvc3M%3D&btag=c0000e00030000&dy_q=1785465529&feature_id=d6a18d7c5414b1f1e95a75faf9147845&l=202607311038487052DFB4AE16007E110C&ply_type=3&policy=eyJ2bSI6MywidWlkIjoiMzEyOTY1MDYwMzg4ODE4NSJ9,未使用,审核通过,--,1,--,0,0,0,0,0,0,0,0,0,0,0,0,0,0,0
"	7663054417171742758",0715-魏怡引流-6.mp4,https://video-cn.oceanengine.com/435e81e29c71060d3e1518c45566f110/6a6eaec2/tos-cn-ve-51/oIQ9jLlYlPAMtEvPEuEAapsAzdIVJWQIcTiWr?a=1402&ch=0&cr=0&dr=3&cd=0%7C0%7C0%7C0&br=1364&bt=1364&cs=0&ds=3&ft=J9ThAGkHH_Myq8Z0EjR_e2NvjTQ&mime_type=video_mp4&qs=0&rc=NXZpTGRTaFBnKWxncmd5aHFsc3IxZGZoOmloOjVmaDQzOjM0ZDdkQGlqOG5sZW86cGQ8MzM0NjMzQFNsa3ZpcUQ6amtqXmJmK2BeaWpgYTojNTEzXzNhLTVhMTEtNmNiYmEjMnNjNGFhLzNgYS0tZDBhc3M%3D&btag=c0000e00030000&dy_q=1785465529&feature_id=d6a18d7c5414b1f1e95a75faf9147845&l=202607311038487052DFB4AE16007E110C&ply_type=3&policy=eyJ2bSI6MywidWlkIjoiMzEyOTY1MDYwMzg4ODE4NSJ9,未使用,审核通过,--,5,--,0,0,0,0,0,0,0,0,0,0,0,0,0,0,0
"	7663054322687557642",0714-魏怡引流-3.mp4,https://video-cn.oceanengine.com/985624e57e002ceae59bc59dcd140fa6/6a6eade1/tos-cn-ve-51/o0ReYqRAAQB22kgOfq16CqE5WICNYoNxKaADJ1?a=1402&ch=0&cr=0&dr=3&cd=0%7C0%7C0%7C0&br=577&bt=577&cs=0&ds=3&ft=J9ThAGkHH_Myq8Z0EjR_e2NvjTQ&mime_type=video_mp4&qs=0&rc=NXZpTGRTaFBnKWxncmd5aHFsc3IxZGZmNDM1OmY5NGY7Z2g2aTlnQGkzdHRwaW86bmQ8MzM0NjMzQFNsa3ZpcUQ6amtqXmJmK2BeaWpgYTojMTVgLTE1L18tMTFjXy4tLmEjLTZrZ2FhXjNgYS0tZDAvc3M%3D&btag=c0000e00018000&dy_q=1785465529&feature_id=d6a18d7c5414b1f1e95a75faf9147845&l=202607311038487052DFB4AE16007E110C&ply_type=3&policy=eyJ2bSI6MywidWlkIjoiMzEyOTY1MDYwMzg4ODE4NSJ9,未使用,审核通过,--,1,--,0,0,0,0,0,0,0,0,0,0,0,0,0,0,0
"	7663054273158070310",0714-魏怡引流-6.mp4,https://video-cn.oceanengine.com/ea59df115f0b5538d9660e5a6e1fead7/6a6eadd0/tos-cn-ve-51/okaQAZlxiVt2d5aICjYwxwl9z5oEAUWInQCUG?a=1402&ch=0&cr=0&dr=3&cd=0%7C0%7C0%7C0&br=721&bt=721&cs=0&ds=3&ft=J9ThAGkHH_Myq8Z0EjR_e2NvjTQ&mime_type=video_mp4&qs=0&rc=NXZpTGRTaFBnKWxncmd5aHFsc3IxZGZoPDY2OmRmODxkZDY4ZGk0QGlqNTo4OG86bmQ8MzM0NjMzQFNsa3ZpcUQ6amtqXmJmK2BeaWpgYTojYmEtX2FjL18tMWFeLWIvM2EjcmZibGFhXjNgYS0tZDAwc3M%3D&btag=c0000e00010000&dy_q=1785465529&feature_id=d6a18d7c5414b1f1e95a75faf9147845&l=202607311038487052DFB4AE16007E110C&ply_type=3&policy=eyJ2bSI6MywidWlkIjoiMzEyOTY1MDYwMzg4ODE4NSJ9,未使用,审核通过,--,1,--,0,0,0,0,0,0,0,0,0,0,0,0,0,0,0
"	7663054269622517806",0715-魏怡引流5.mp4,https://video-cn.oceanengine.com/3846df56cf65b4511d76ff6b9c815929/6a6eadc9/tos-cn-ve-51/ooIQE1nEg6OdtjirzoKWlJa0WDR5YxADtIZQA?a=1402&ch=0&cr=0&dr=3&cd=0%7C0%7C0%7C0&cv=1&br=1529&bt=1529&cs=0&ds=3&ft=J9ThAGkHH_Myq8Z0EjR_e2NvjTQ&mime_type=video_mp4&qs=0&rc=NXZpTGRTaFBnKWxncmd5aHFsc3IxZGY7PDc5MzM0Zzk2NDRoOTk2QGkzbzp2ZW86cGQ8MzM0NjMzQFNsa3ZpcUQ6amtqXmJmK2BeaWpgYTojNS9iMjIuMzY0MWIwYS1jY2EjbmdfZ2FhLzNgYS0tZDAvc3M%3D&btag=c0000e00010000&dy_q=1785465529&feature_id=d6a18d7c5414b1f1e95a75faf9147845&l=202607311038487052DFB4AE16007E110C&ply_type=3&policy=eyJ2bSI6MywidWlkIjoiMzEyOTY1MDYwMzg4ODE4NSJ9,未使用,审核通过,--,4,--,0,0,0,0,0,0,0,0,0,0,0,0,0,0,0
"	7663050651178811419",0715瑞晨2次修改-3.mp4,https://video-cn.oceanengine.com/2a5b3919c970c7f3e03c69fe26ce953c/6a6eaddc/tos-cn-ve-51/oQdrUo2liQZzt5IGgSA0aNGbQ6YEkIAgYEWtZ?a=1402&ch=0&cr=0&dr=3&cd=0%7C0%7C0%7C0&br=1494&bt=1494&cs=0&ds=3&ft=J9ThAGkHH_Myq8Z0EjR_e2NvjTQ&mime_type=video_mp4&qs=0&rc=NXZpTGRTaFBnKWxncmd5aHFsc3IxZGZnNjU7Ojc2Z2Y6ODc6aGhkQGkzcnI5Z286N2Q8MzM0NjMzQFNsa3ZpcUQ6amtqXmJmK2BeaWpgYTojNjJeYTUuMzVjMWEwLzIuNmEjMG5iNmFhXi1gYS0tZDAvc3M%3D&btag=c0000e00018000&dy_q=1785465529&feature_id=d6a18d7c5414b1f1e95a75faf9147845&l=202607311038487052DFB4AE16007E110C&ply_type=3&policy=eyJ2bSI6MywidWlkIjoiMzEyOTY1MDYwMzg4ODE4NSJ9,未使用,审核通过,--,1,--,0,0,0,0,0,0,0,0,0,0,0,0,0,0,0
"	7662279491625058342",0714-瑞浩引导修改-4.mp4,https://video-cn.oceanengine.com/91fee213760696b064f78b1ea8fcbdde/6a6eadd8/tos-cn-ve-51/oMxeUBIeKgxuA0AlQqSGCFcr8G6ZbqnZeFX8VK?a=1402&ch=0&cr=0&dr=3&cd=0%7C0%7C0%7C0&cv=1&br=664&bt=664&cs=0&ds=3&ft=J9ThAGkHH_Myq8Z0EjR_e2NvjTQ&mime_type=video_mp4&qs=0&rc=NXZpTGRTaFBnKWxncmd5aHFsc3IxZGY7Njw6OjY4OjVmNTdnPDxmQGkzbTw2aWtvPHg8MzM0NjMzQFNsa3ZpcUQ6amtqXmJmK2BeaWpgYTojXjM2MjEvMzYxMV8zXjMxYmEjc2JnY3FnXjJeYS0tZDAwc3M%3D&btag=c0000e00018000&dy_q=1785465529&feature_id=d6a18d7c5414b1f1e95a75faf9147845&l=202607311038487052DFB4AE16007E110C&ply_type=3&policy=eyJ2bSI6MywidWlkIjoiMzEyOTY1MDYwMzg4ODE4NSJ9,未使用,审核通过,--,1,--,0,0,0,0,0,0,0,0,0,0,0,0,0,0,0
"	7662279484768419878",0714-瑞浩引导修改-1.mp4,https://video-cn.oceanengine.com/3a42c8b318bbc4000a7519ae3f650148/6a6eadd0/tos-cn-ve-51/oUSTsV4KQFDmAQPZ1DIywh9fBPgrmvqxASgw41?a=1402&ch=0&cr=0&dr=3&cd=0%7C0%7C0%7C0&br=657&bt=657&cs=0&ds=3&ft=J9ThAGkHH_Myq8Z0EjR_e2NvjTQ&mime_type=video_mp4&qs=0&rc=NXZpTGRTaFBnKWxncmd5aHFsc3IxZGZnODlpaWY2aTgzM2c5aGc5QGkzPHhoNGtvPHg8MzM0NjMzQFNsa3ZpcUQ6amtqXmJmK2BeaWpgYTojMy02MDJeYzUzMTYvMDJjY2EjYGMtaXFnXjJeYS0tZDBhc3M%3D&btag=c0000e00010000&dy_q=1785465529&feature_id=d6a18d7c5414b1f1e95a75faf9147845&l=202607311038487052DFB4AE16007E110C&ply_type=3&policy=eyJ2bSI6MywidWlkIjoiMzEyOTY1MDYwMzg4ODE4NSJ9,未使用,审核通过,--,1,--,0,0,0,0,0,0,0,0,0,0,0,0,0,0,0
"	7662271415936843802",0713-引导-嘉丽-7.mp4,https://video-cn.oceanengine.com/f236fd9102498bf632370e754dfca8b7/6a6eaddb/tos-cn-ve-51/oIEm2h1AuC2YakBV4AIApKeZyDQAnQqls2Bpk6?a=1402&ch=0&cr=0&dr=3&cd=0%7C0%7C0%7C0&br=862&bt=862&cs=0&ds=3&ft=J9ThAGkHH_Myq8Z0EjR_e2NvjTQ&mime_type=video_mp4&qs=0&rc=NXZpTGRTaFBnKWxncmd5aHFsc3IxZGY5PDdlNzQ6ZjU8NTk2Z2dkQGlqPHY8OGtvbHc8MzM0NjMzQFNsa3ZpcUQ6amtqXmJmK2BeaWpgYTojNmIzYzJeYzUzMTFfNGM0YWEjLS4xYHFnXmpeYS0tZDAvc3M%3D&btag=c0000e00018000&dy_q=1785465529&feature_id=d6a18d7c5414b1f1e95a75faf9147845&l=202607311038487052DFB4AE16007E110C&ply_type=3&policy=eyJ2bSI6MywidWlkIjoiMzEyOTY1MDYwMzg4ODE4NSJ9,未使用,审核通过,--,6,--,0,0,0,0,0,0,0,0,0,0,0,0,0,0,0
"	7662271374480752666",0713-引导-嘉丽-2.mp4,https://video-cn.oceanengine.com/e3500a30afad2e51ef899bd464dac4c0/6a6eadca/tos-cn-ve-51/oYUbkAIcqlAffZxXBQ6ZgtxJDVANExLRgvV1Dd?a=1402&ch=0&cr=0&dr=3&cd=0%7C0%7C0%7C0&br=964&bt=964&cs=0&ds=3&ft=J9ThAGkHH_Myq8Z0EjR_e2NvjTQ&mime_type=video_mp4&qs=0&rc=NXZpTGRTaFBnKWxncmd5aHFsc3IxZGZpZjkzPGU3Z2dlZTk3O2hlQGlqcGt3N2tvbHc8MzM0NjMzQFNsa3ZpcUQ6amtqXmJmK2BeaWpgYTojLl9iMS40NDU1MTZeYmNjNGEjX242MnFnXmpeYS0tZDAwc3M%3D&btag=c0000e00010000&dy_q=1785465529&feature_id=d6a18d7c5414b1f1e95a75faf9147845&l=202607311038487052DFB4AE16007E110C&ply_type=3&policy=eyJ2bSI6MywidWlkIjoiMzEyOTY1MDYwMzg4ODE4NSJ9,未使用,审核通过,--,1,--,0,0,0,0,0,0,0,0,0,0,0,0,0,0,0
"	7662230381774553097",0713-引导-嘉丽-5.mp4,https://video-cn.oceanengine.com/cf1f68971fa6e8acdf6d8f24e515e830/6a6eadc2/tos-cn-ve-51/owh2IX9DHCm64n0VgQ4AErKPmF1QtAJBBtsfKM?a=1402&ch=0&cr=0&dr=3&cd=0%7C0%7C0%7C0&br=998&bt=998&cs=0&ds=3&ft=J9ThAGkHH_Myq8Z0EjR_e2NvjTQ&mime_type=video_mp4&qs=0&rc=NXZpTGRTaFBnKWxncmd5aHFsc3IxZGZpPDZlNjxlNDc4OjY3NTY2QGlqOnk7Omtvd3U8MzM0NjMzQFNsa3ZpcUQ6amtqXmJmK2BeaWpgYTojYS9fMy0xLTU2MTNhXjEzYGEjX2FfZXFnL19eYS0tZDBhc3M%3D&btag=c0000e00008000&dy_q=1785465529&feature_id=d6a18d7c5414b1f1e95a75faf9147845&l=202607311038487052DFB4AE16007E110C&ply_type=3&policy=eyJ2bSI6MywidWlkIjoiMzEyOTY1MDYwMzg4ODE4NSJ9,未使用,审核通过,首发,1,--,0,0,0,0,0,0,0,0,0,0,0,0,0,0,0
"	7662230326718300187",0713-引导-嘉丽-1.mp4,https://video-cn.oceanengine.com/24964b566afb9fbb65f683d7a01262b0/6a6eadd0/tos-cn-ve-51/o04P3spQrEtK5esBphmq19uh0UBoAmQUV1ItAg?a=1402&ch=0&cr=0&dr=3&cd=0%7C0%7C0%7C0&br=639&bt=639&cs=0&ds=3&ft=J9ThAGkHH_Myq8Z0EjR_e2NvjTQ&mime_type=video_mp4&qs=0&rc=NXZpTGRTaFBnKWxncmd5aHFsc3IxZGY7NTU0NTNnZzxoNjc0ODg3QGkzPG82PGtvdnU8MzM0NjMzQFNsa3ZpcUQ6amtqXmJmK2BeaWpgYTojMWMuMDZfNjZeMTYuXjYvXmEjaDZzXnFnbl9eYS0tZDAwc3M%3D&btag=c0000e00010000&dy_q=1785465529&feature_id=d6a18d7c5414b1f1e95a75faf9147845&l=202607311038487052DFB4AE16007E110C&ply_type=3&policy=eyJ2bSI6MywidWlkIjoiMzEyOTY1MDYwMzg4ODE4NSJ9,已使用,审核通过,--,3,--,0,0,0,0,0,0,0,0,0,0,0,0,0,0,0
"	7662229433765298186",0713-浩正瑞晨引导-1.mp4.mp4,https://video-cn.oceanengine.com/8be67061c4bea8103dabcbc42f57665c/6a6eadd0/tos-cn-ve-51/oIRQfOtGASqBtTm1m3ZAg3OaXsEYIQ9VDZCKq4?a=1402&ch=0&cr=0&dr=3&cd=0%7C0%7C0%7C0&cv=1&br=703&bt=703&cs=0&ds=3&ft=J9ThAGkHH_Myq8Z0EjR_e2NvjTQ&mime_type=video_mp4&qs=0&rc=NXZpTGRTaFBnKWxncmd5aHFsc3IxZGY7Zjo2aTVmaTgzMzg3ZTk6QGlqaHVxPGtvNnU8MzM0NjMzQFNsa3ZpcUQ6amtqXmJmK2BeaWpgYTojYTQuYGMwNjVfMTI2YjIvYmEjYGJtaHFnXl5eYS0tZDBhc3M%3D&btag=c0000e00010000&dy_q=1785465529&feature_id=d6a18d7c5414b1f1e95a75faf9147845&l=202607311038487052DFB4AE16007E110C&ply_type=3&policy=eyJ2bSI6MywidWlkIjoiMzEyOTY1MDYwMzg4ODE4NSJ9,已使用,审核通过,--,11,--,0,0,0,0,0,0,0,0,0,0,0,0,0,0,0
"	7662229404613869595",0713-浩正瑞晨引导-7.mp4.mp4,https://video-cn.oceanengine.com/f846e6aeecf45b108538c9c9080abcc1/6a6eadf5/tos-cn-ve-51/oojVGiqsXcmGQEDIWAe1Atp4QHhOIgzZqtKBan?a=1402&ch=0&cr=0&dr=3&cd=0%7C0%7C0%7C0&cv=1&br=1130&bt=1130&cs=0&ds=3&ft=J9ThAGkHH_Myq8Z0EjR_e2NvjTQ&mime_type=video_mp4&qs=0&rc=NXZpTGRTaFBnKWxncmd5aHFsc3IxZGZoZmU1NDg1NzM3ODxnNmY4QGlqNnM6OmtvNnU8MzM0NjMzQFNsa3ZpcUQ6amtqXmJmK2BeaWpgYTojMWM1XzItXjYtMTEvMy0wNGEjMGktZXFnXl5eYS0tZDAwc3M%3D&btag=c0000e00028000&dy_q=1785465529&feature_id=d6a18d7c5414b1f1e95a75faf9147845&l=202607311038487052DFB4AE16007E110C&ply_type=3&policy=eyJ2bSI6MywidWlkIjoiMzEyOTY1MDYwMzg4ODE4NSJ9,未使用,审核通过,--,3,--,0,0,0,0,0,0,0,0,0,0,0,0,0,0,0
"	7662213046232858650",713-引导-小敏-3.mp4,https://video-cn.oceanengine.com/aed391fbc92ec179ce078479a2559dfc/6a6eadcf/tos-cn-ve-51/ocqt1gELMQ4yQeAgIAdBAHNVzh9PmK1sbDlQql?a=1402&ch=0&cr=0&dr=3&cd=0%7C0%7C0%7C0&br=1305&bt=1305&cs=0&ds=4&ft=J9ThAGkHH_Myq8Z0EjR_e2NvjTQ&mime_type=video_mp4&qs=0&rc=NXZpTGRTaFBnKWxncmd5aHFsc3IxZGZkNjQ4Mzs6OmY6OWc6NDQ6QGlqb3U0OGtvanQ8MzM0NjMzQFNsa3ZpcUQ6amtqXmJmK2BeaWpgYTojMWBgMzYyY14zMWFiLzRfNmEjbTJraHFnXmBeYS0tZDAwc3M%3D&btag=c0000200010000&dy_q=1785465529&feature_id=d6a18d7c5414b1f1e95a75faf9147845&l=202607311038487052DFB4AE16007E110C&ply_type=3&policy=eyJ2bSI6MywidWlkIjoiMzEyOTY1MDYwMzg4ODE4NSJ9,未使用,--,--,0,--,0,0,0,0,0,0,0,0,0,0,0,0,0,0,0
"	7661972497570840622",0713-浩正瑞晨引导-5.mp4,https://video-cn.oceanengine.com/4d766cce9893bb02f4fc573a1c1ff79f/6a6eadd5/tos-cn-ve-51/o0Ey2CjlUiyq2JAwpKyfMjezgYS0QMpeCIAAeu?a=1402&ch=0&cr=0&dr=3&cd=0%7C0%7C0%7C0&br=1276&bt=1276&cs=0&ds=4&ft=J9ThAGkHH_Myq8Z0EjR_e2NvjTQ&mime_type=video_mp4&qs=0&rc=NXZpTGRTaFBnKWxncmd5aHFsc3IxZGYzODo4NDk3ZWVnNzZmNTw6QGkzcWpvNWtvdWY8MzM0NjMzQFNsa3ZpcUQ6amtqXmJmK2BeaWpgYTojLy9hYmE1MjUxMTY1MjEvLmEjM3JzNXFnbmpeYS0tZDAwc3M%3D&btag=c0000200010000&dy_q=1785465529&feature_id=d6a18d7c5414b1f1e95a75faf9147845&l=202607311038487052DFB4AE16007E110C&ply_type=3&policy=eyJ2bSI6MywidWlkIjoiMzEyOTY1MDYwMzg4ODE4NSJ9,未使用,--,--,0,--,0,0,0,0,0,0,0,0,0,0,0,0,0,0,0
"	7661972490623549486",0713-浩正瑞晨引导-2.mp4,https://video-cn.oceanengine.com/8ed403d78f269eb9182ca63a8ab890ae/6a6eadd5/tos-cn-ve-51/osDQybC3AxWBmOh1mf6AAjF3RsI3Qg9qtKMKq4?a=1402&ch=0&cr=0&dr=3&cd=0%7C0%7C0%7C0&br=1803&bt=1803&cs=0&ds=4&ft=J9ThAGkHH_Myq8Z0EjR_e2NvjTQ&mime_type=video_mp4&qs=0&rc=NXZpTGRTaFBnKWxncmd5aHFsc3IxZGZnMzg6ZjM2MzZoOmc1OmY7QGlqZ2VoOmtvdWY8MzM0NjMzQFNsa3ZpcUQ6amtqXmJmK2BeaWpgYTojM2FfYDRjMF4zMTFgMjEtYWEjcjA1YHFnbmpeYS0tZDAvc3M%3D&btag=c0000200010000&dy_q=1785465529&feature_id=d6a18d7c5414b1f1e95a75faf9147845&l=202607311038487052DFB4AE16007E110C&ply_type=3&policy=eyJ2bSI6MywidWlkIjoiMzEyOTY1MDYwMzg4ODE4NSJ9,未使用,--,--,0,--,0,0,0,0,0,0,0,0,0,0,0,0,0,0,0
"	7661972468315914266",0713-浩正瑞晨引导-6.mp4,https://video-cn.oceanengine.com/a0eea3cc9271cf9ceabeb97ead4fe4f7/6a6eade7/tos-cn-ve-51/o0K1inmpB84KCVrshB9W3IcFgeGEEQAPmNQmdA?a=1402&ch=0&cr=0&dr=3&cd=0%7C0%7C0%7C0&br=1134&bt=1134&cs=0&ds=4&ft=J9ThAGkHH_Myq8Z0EjR_e2NvjTQ&mime_type=video_mp4&qs=0&rc=NXZpTGRTaFBnKWxncmd5aHFsc3IxZGY5OTc4M2lkZWVkNDVpZDtkQGkzOTg7OmtvdWY8MzM0NjMzQFNsa3ZpcUQ6amtqXmJmK2BeaWpgYTojYjFeYjZeY19iMWFfMmFgLmEjczRka3FnZmpeYS0tZDBhc3M%3D&btag=c0000200020000&dy_q=1785465529&feature_id=d6a18d7c5414b1f1e95a75faf9147845&l=202607311038487052DFB4AE16007E110C&ply_type=3&policy=eyJ2bSI6MywidWlkIjoiMzEyOTY1MDYwMzg4ODE4NSJ9,未使用,--,--,0,--,0,0,0,0,0,0,0,0,0,0,0,0,0,0,0
"	7661972464831201307",0713-浩正瑞晨引导-1.mp4,https://video-cn.oceanengine.com/b2dfd7d8d8b168e4aea709e54ae6e30c/6a6eadd0/tos-cn-ve-51/oEsBEEmBIgAKAENUQ1CQ4QyAmAeWozK4mLX3Yq?a=1402&ch=0&cr=0&dr=3&cd=0%7C0%7C0%7C0&br=1381&bt=1381&cs=0&ds=4&ft=J9ThAGkHH_Myq8Z0EjR_e2NvjTQ&mime_type=video_mp4&qs=0&rc=NXZpTGRTaFBnKWxncmd5aHFsc3IxZGY6aWZmZDdoNDY3ZWVoZjo3QGkzO2poZGtvdWY8MzM0NjMzQFNsa3ZpcUQ6amtqXmJmK2BeaWpgYTojLS4vNGAwYTYuMS0uMjQyNGEjNS4tbXFnZmpeYS0tZDBhc3M%3D&btag=c0000200010000&dy_q=1785465529&feature_id=d6a18d7c5414b1f1e95a75faf9147845&l=202607311038487052DFB4AE16007E110C&ply_type=3&policy=eyJ2bSI6MywidWlkIjoiMzEyOTY1MDYwMzg4ODE4NSJ9,未使用,--,--,0,--,0,0,0,0,0,0,0,0,0,0,0,0,0,0,0
"	7661187006646501412",微信视频2026-07-11_163704_323.mp4,https://video-cn.oceanengine.com/d83134641d8aa77215cf2ec1c09e5d91/6a6eadd5/tos-cn-ve-51/b915b5c8144b4c9c9167b095ed5cd073?a=1402&ch=0&cr=0&dr=3&cd=0%7C0%7C0%7C0&br=1021&bt=1021&cs=0&ds=3&ft=J9ThAGkHH_Myq8Z0EjR_e2NvjTQ&mime_type=video_mp4&qs=0&rc=NXZpTGRTaFBnKWxncmd5aHFsc3IxZGY0aTQ6OzpnZWhnNzU2OzU3QGlqZ2t0ZWtvNjM8MzM0NjMzQFNsa3ZpcUQ6amtqXmJmK2BeaWpgYTojMS8vYmE2Nl4zMWAzYmMwM2EjYWwycXFnXi82YS0tZDAvc3M%3D&btag=c0000e00010000&dy_q=1785465529&feature_id=d6a18d7c5414b1f1e95a75faf9147845&l=202607311038487052DFB4AE16007E110C&ply_type=3&policy=eyJ2bSI6MywidWlkIjoiMzEyOTY1MDYwMzg4ODE4NSJ9,已使用,审核通过,--,8,--,0,0,0,0,0,0,0,0,0,0,0,0,0,0,0
"	7661186975484379190",微信视频_20260711163647.mp4,https://video-cn.oceanengine.com/6ad4b253f17d22400014fe037f89f2c3/6a6eadcc/tos-cn-ve-51/owISEQgOmA6KAT41l9pTqTteuCFBGsCQhFQUAM?a=1402&ch=0&cr=0&dr=3&cd=0%7C0%7C0%7C0&br=928&bt=928&cs=0&ds=3&ft=J9ThAGkHH_Myq8Z0EjR_e2NvjTQ&mime_type=video_mp4&qs=0&rc=NXZpTGRTaFBnKWxncmd5aHFsc3IxZGZoOjo6ZThkOjZmaWlkNjk7QGkzbTtpNWtvNjM8MzM0NjMzQFNsa3ZpcUQ6amtqXmJmK2BeaWpgYTojYGI2YF80YV8uMWM0MTUuM2Eja15rbXFnXi82YS0tZDAwc3M%3D&btag=c0000e00010000&dy_q=1785465529&feature_id=d6a18d7c5414b1f1e95a75faf9147845&l=202607311038487052DFB4AE16007E110C&ply_type=3&policy=eyJ2bSI6MywidWlkIjoiMzEyOTY1MDYwMzg4ODE4NSJ9,已使用,审核通过,--,5,--,0,0,0,0,0,0,0,0,0,0,0,0,0,0,0
"	7660843651085778998",0710引导-小敏-4.mp4,https://video-cn.oceanengine.com/841dfd0cd452d3d79f328889bd030414/6a6eadd1/tos-cn-ve-51/oUsBEhoKGSGIsABmVyK18Q9RSmM4pZQAAeZlQA?a=1402&ch=0&cr=0&dr=3&cd=0%7C0%7C0%7C0&br=531&bt=531&cs=0&ds=3&ft=J9ThAGkHH_Myq8Z0EjR_e2NvjTQ&mime_type=video_mp4&qs=0&rc=NXZpTGRTaFBnKWxncmd5aHFsc3IxZGY5ZDU6ZDQ3NjU7ZTpoOGZoQGkzOXM4ZmtvZGY8MzM0NjMzQFNsa3ZpcUQ6amtqXmJmK2BeaWpgYTojLjIwY2M0XjYxMWI2Yi1jYWEjNnAzc3FnZmU1YS0tZDAvc3M%3D&btag=c0000e00010000&dy_q=1785465529&feature_id=d6a18d7c5414b1f1e95a75faf9147845&l=202607311038487052DFB4AE16007E110C&ply_type=3&policy=eyJ2bSI6MywidWlkIjoiMzEyOTY1MDYwMzg4ODE4NSJ9,未使用,审核通过,首发,1,--,0,0,0,0,0,0,0,0,0,0,0,0,0,0,0
"	7660843611230371903",0710-引导-嘉丽-4.mp4,https://video-cn.oceanengine.com/63618040ce1d636c5c4206cddbe740de/6a6eadca/tos-cn-ve-51/oUehUZAoqAQrvFifgjbUNmC4kzBG1GvPCZDIae?a=1402&ch=0&cr=0&dr=3&cd=0%7C0%7C0%7C0&br=883&bt=883&cs=0&ds=3&ft=J9ThAGkHH_Myq8Z0EjR_e2NvjTQ&mime_type=video_mp4&qs=0&rc=NXZpTGRTaFBnKWxncmd5aHFsc3IxZGYzZjQ3aTM2O2RkaTg6aTNoQGkzZnY7aWtvZGY8MzM0NjMzQFNsa3ZpcUQ6amtqXmJmK2BeaWpgYTojY2IvM15jM19jMV9fNl5gMWEjcmNvZHFnZmU1YS0tZDAwc3M%3D&btag=c0000e00010000&dy_q=1785465529&feature_id=d6a18d7c5414b1f1e95a75faf9147845&l=202607311038487052DFB4AE16007E110C&ply_type=3&policy=eyJ2bSI6MywidWlkIjoiMzEyOTY1MDYwMzg4ODE4NSJ9,未使用,审核通过,--,1,--,0,0,0,0,0,0,0,0,0,0,0,0,0,0,0
"	7660843608887656454",0710-引导-嘉丽-5.mp4,https://video-cn.oceanengine.com/6afc7b57b28804edb314fdba457264d2/6a6eadca/tos-cn-ve-51/osSQNqC8U5dZDygsAAEIHeiVqevgX6IxQ0DBoM?a=1402&ch=0&cr=0&dr=3&cd=0%7C0%7C0%7C0&br=1010&bt=1010&cs=0&ds=3&ft=J9ThAGkHH_Myq8Z0EjR_e2NvjTQ&mime_type=video_mp4&qs=0&rc=NXZpTGRTaFBnKWxncmd5aHFsc3IxZGZpNzZnOjQ8NWc0PDY5aWU2QGkzOnU2aWtvZGY8MzM0NjMzQFNsa3ZpcUQ6amtqXmJmK2BeaWpgYTojLWMzYF80MV5hMTMzXjUyNWEjaDVrY3FnZmU1YS0tZDAwc3M%3D&btag=c0000e00010000&dy_q=1785465529&feature_id=d6a18d7c5414b1f1e95a75faf9147845&l=202607311038487052DFB4AE16007E110C&ply_type=3&policy=eyJ2bSI6MywidWlkIjoiMzEyOTY1MDYwMzg4ODE4NSJ9,未使用,审核通过,--,1,--,0,0,0,0,0,0,0,0,0,0,0,0,0,0,0
"	7660843598484979755",0710-引导-嘉丽-1.mp4,https://video-cn.oceanengine.com/d2d69b6ce02fc2d44693f4b0b563bd7c/6a6eadd0/tos-cn-ve-51/oEiUxVeqDZeDIokdpgqg6BWhQ3NMAMo8KADG7b?a=1402&ch=0&cr=0&dr=3&cd=0%7C0%7C0%7C0&br=1057&bt=1057&cs=0&ds=3&ft=J9ThAGkHH_Myq8Z0EjR_e2NvjTQ&mime_type=video_mp4&qs=0&rc=NXZpTGRTaFBnKWxncmd5aHFsc3IxZGY2ZTo7ZjQ4Zzc8OzU3NDY6QGkzaHFkaWtvZGY8MzM0NjMzQFNsa3ZpcUQ6amtqXmJmK2BeaWpgYTojYC02LzReYDZhMWEtMmJeNmEjczVvXnFnZmU1YS0tZDAwc3M%3D&btag=c0000e00010000&dy_q=1785465529&feature_id=d6a18d7c5414b1f1e95a75faf9147845&l=202607311038487052DFB4AE16007E110C&ply_type=3&policy=eyJ2bSI6MywidWlkIjoiMzEyOTY1MDYwMzg4ODE4NSJ9,未使用,审核通过,--,1,--,0,0,0,0,0,0,0,0,0,0,0,0,0,0,0
"	7660843598326792235",0710引导-小敏-2.mp4,https://video-cn.oceanengine.com/4275aff81d85a8cb84686591fb527635/6a6eadc4/tos-cn-ve-51/oI9RkwG1KAeKgNVWsHYGamkAmnhKImrrBJyQQ4?a=1402&ch=0&cr=0&dr=3&cd=0%7C0%7C0%7C0&br=523&bt=523&cs=0&ds=3&ft=J9ThAGkHH_Myq8Z0EjR_e2NvjTQ&mime_type=video_mp4&qs=0&rc=NXZpTGRTaFBnKWxncmd5aHFsc3IxZGY4ODQzPGVlaDYzNGZoZmZoQGlqOXBlNmtvZGY8MzM0NjMzQFNsa3ZpcUQ6amtqXmJmK2BeaWpgYTojNDZfX2EvLl9jMTY0YDUwNmEjcF4vZnFnZmU1YS0tZDBhc3M%3D&btag=c0000e00008000&dy_q=1785465529&feature_id=d6a18d7c5414b1f1e95a75faf9147845&l=202607311038487052DFB4AE16007E110C&ply_type=3&policy=eyJ2bSI6MywidWlkIjoiMzEyOTY1MDYwMzg4ODE4NSJ9,未使用,审核通过,--,1,--,0,0,0,0,0,0,0,0,0,0,0,0,0,0,0
"	7660843575199334441",0710-引导-嘉丽-8.mp4,https://video-cn.oceanengine.com/a6444dea34655f91251d09e6a83387b2/6a6eadc2/tos-cn-ve-51/oANDgwK4mII9mX1BeyphRKoGQASAlsRB9QBVEQ?a=1402&ch=0&cr=0&dr=3&cd=0%7C0%7C0%7C0&br=915&bt=915&cs=0&ds=3&ft=J9ThAGkHH_Myq8Z0EjR_e2NvjTQ&mime_type=video_mp4&qs=0&rc=NXZpTGRTaFBnKWxncmd5aHFsc3IxZGYzNzw6OTZmOTY6Mzg3ODdpQGlqOzQzN2tvZGY8MzM0NjMzQFNsa3ZpcUQ6amtqXmJmK2BeaWpgYTojX19gXjZjMl42MTUtNjAuMWEjZGNyY3FnZmU1YS0tZDBhc3M%3D&btag=c0000e00008000&dy_q=1785465529&feature_id=d6a18d7c5414b1f1e95a75faf9147845&l=202607311038487052DFB4AE16007E110C&ply_type=3&policy=eyJ2bSI6MywidWlkIjoiMzEyOTY1MDYwMzg4ODE4NSJ9,未使用,审核通过,--,2,--,0,0,0,0,0,0,0,0,0,0,0,0,0,0,0
"	7660843558887325738",0710引导-小敏-5.mp4,https://video-cn.oceanengine.com/a986b10d451e2add55effa3fc228f283/6a6eadd0/tos-cn-ve-51/oYyCv9LBsENIQXKPGQKRbCVAmuSp14heAQZSAu?a=1402&ch=0&cr=0&dr=3&cd=0%7C0%7C0%7C0&br=960&bt=960&cs=0&ds=3&ft=J9ThAGkHH_Myq8Z0EjR_e2NvjTQ&mime_type=video_mp4&qs=0&rc=NXZpTGRTaFBnKWxncmd5aHFsc3IxZGYzOjs7NmU1NTkzZ2dpNzZlQGlqaXJ0NGtvZGY8MzM0NjMzQFNsa3ZpcUQ6amtqXmJmK2BeaWpgYTojY2ExYF4yLTUyMWMwMTIxYmEjYXNfL3FnZmU1YS0tZDAvc3M%3D&btag=c0000e00010000&dy_q=1785465529&feature_id=d6a18d7c5414b1f1e95a75faf9147845&l=202607311038487052DFB4AE16007E110C&ply_type=3&policy=eyJ2bSI6MywidWlkIjoiMzEyOTY1MDYwMzg4ODE4NSJ9,未使用,审核通过,--,1,--,0,0,0,0,0,0,0,0,0,0,0,0,0,0,0
"	7660843528491237382",0710引导-小敏-3.mp4,https://video-cn.oceanengine.com/353feef599c237958e94046bb52e5aa6/6a6eadc2/tos-cn-ve-51/ow1KpoNyElGSAX1BIVqQ0AAmJmeSIhKbWQ84Rs?a=1402&ch=0&cr=0&dr=3&cd=0%7C0%7C0%7C0&br=536&bt=536&cs=0&ds=3&ft=J9ThAGkHH_Myq8Z0EjR_e2NvjTQ&mime_type=video_mp4&qs=0&rc=NXZpTGRTaFBnKWxncmd5aHFsc3IxZGY8NGg7OzY6OGY8PDVoaTs3QGkzZ2twO2tvZGY8MzM0NjMzQFNsa3ZpcUQ6amtqXmJmK2BeaWpgYTojXzBfYWA0MV4tMTQyYzMzX2EjNmJzbnFnZmU1YS0tZDAvc3M%3D&btag=c0000e00008000&dy_q=1785465529&feature_id=d6a18d7c5414b1f1e95a75faf9147845&l=202607311038487052DFB4AE16007E110C&ply_type=3&policy=eyJ2bSI6MywidWlkIjoiMzEyOTY1MDYwMzg4ODE4NSJ9,未使用,审核通过,--,1,--,0,0,0,0,0,0,0,0,0,0,0,0,0,0,0
"	7660452419795189823",0709引导+v-瑞晨-6.mp4,https://video-cn.oceanengine.com/9cbf8492309880623a624311be56f051/6a6eadcb/tos-cn-ve-51/o4A9m84ZJ17KJB1xPNxqhQ1sQtF9IB1fgEQAQk?a=1402&ch=0&cr=0&dr=3&cd=0%7C0%7C0%7C0&cv=1&br=877&bt=877&cs=0&ds=3&ft=J9ThAGkHH_Myq8Z0EjR_e2NvjTQ&mime_type=video_mp4&qs=0&rc=NXZpTGRTaFBnKWxncmd5aHFsc3IxZGZmNmg0Z2g1Z2c0ODdnODs6QGlqNzZnNWtvdHA8MzM0NjMzQFNsa3ZpcUQ6amtqXmJmK2BeaWpgYTojMl8tMC0yYDU1MWEuNDItX2EjanNfZ3FnZjY0YS0tZDAwc3M%3D&btag=c0000e00010000&dy_q=1785465529&feature_id=d6a18d7c5414b1f1e95a75faf9147845&l=202607311038487052DFB4AE16007E110C&ply_type=3&policy=eyJ2bSI6MywidWlkIjoiMzEyOTY1MDYwMzg4ODE4NSJ9,未使用,审核通过,--,1,--,0,0,0,0,0,0,0,0,0,0,0,0,0,0,0
"	7660452401267654692",0709引导+v-瑞晨-9.mp4,https://video-cn.oceanengine.com/deb2ee073b0dde26d1a9282a3aaa8ee2/6a6eadcc/tos-cn-ve-51/oor1XJJLCAtrQmNqQIezJZh41KaqWQ7sgBA5PE?a=1402&ch=0&cr=0&dr=3&cd=0%7C0%7C0%7C0&cv=1&br=1119&bt=1119&cs=0&ds=3&ft=J9ThAGkHH_Myq8Z0EjR_e2NvjTQ&mime_type=video_mp4&qs=0&rc=NXZpTGRTaFBnKWxncmd5aHFsc3IxZGY8PDQ6NDtkOGk4Zjc4Ojo5QGlqZGdwZWtvdHA8MzM0NjMzQFNsa3ZpcUQ6amtqXmJmK2BeaWpgYTojLTYwLjEwL19eMV5gYmAzMGEjbWFlaXFnZjY0YS0tZDAwc3M%3D&btag=c0000e00010000&dy_q=1785465529&feature_id=d6a18d7c5414b1f1e95a75faf9147845&l=202607311038487052DFB4AE16007E110C&ply_type=3&policy=eyJ2bSI6MywidWlkIjoiMzEyOTY1MDYwMzg4ODE4NSJ9,未使用,审核通过,--,2,--,0,0,0,0,0,0,0,0,0,0,0,0,0,0,0
"	7660452400924835846",0709引导+v-瑞晨-3.mp4,https://video-cn.oceanengine.com/04626d2836bf45b8b113ccc51b50e370/6a6eadcc/tos-cn-ve-51/ocTZzPJs71IKJBQ1A1QEmZB92KFcEwBmg4hAQe?a=1402&ch=0&cr=0&dr=3&cd=0%7C0%7C0%7C0&cv=1&br=764&bt=764&cs=0&ds=3&ft=J9ThAGkHH_Myq8Z0EjR_e2NvjTQ&mime_type=video_mp4&qs=0&rc=NXZpTGRTaFBnKWxncmd5aHFsc3IxZGY3Z2g2ZjNpM2k3ZWlpMzpnQGlqZG07PGtvdHA8MzM0NjMzQFNsa3ZpcUQ6amtqXmJmK2BeaWpgYTojMWNgMTAwNV9jMV9gLV8tXmEjZHAycXFnZjY0YS0tZDBhc3M%3D&btag=c0000e00010000&dy_q=1785465529&feature_id=d6a18d7c5414b1f1e95a75faf9147845&l=202607311038487052DFB4AE16007E110C&ply_type=3&policy=eyJ2bSI6MywidWlkIjoiMzEyOTY1MDYwMzg4ODE4NSJ9,未使用,审核通过,--,1,--,0,0,0,0,0,0,0,0,0,0,0,0,0,0,0
"	7660452400634134570",0709引导+v-瑞晨-1.mp4,https://video-cn.oceanengine.com/692fe6202987e25e02f54fd5e297e032/6a6eadce/tos-cn-ve-51/ogUsgfAflzz77M4UA8AIRygeqnGUFCBaljJbn0?a=1402&ch=0&cr=0&dr=3&cd=0%7C0%7C0%7C0&cv=1&br=1238&bt=1238&cs=0&ds=3&ft=J9ThAGkHH_Myq8Z0EjR_e2NvjTQ&mime_type=video_mp4&qs=0&rc=NXZpTGRTaFBnKWxncmd5aHFsc3IxZGY4ZTlmPDxmNGc8Mzk6ODVlQGlqc2xxNGtvdHA8MzM0NjMzQFNsa3ZpcUQ6amtqXmJmK2BeaWpgYTojMmAvYi9gL181MS40XjItNWEjY3NsNHFnZjY0YS0tZDBhc3M%3D&btag=c0000e00010000&dy_q=1785465529&feature_id=d6a18d7c5414b1f1e95a75faf9147845&l=202607311038487052DFB4AE16007E110C&ply_type=3&policy=eyJ2bSI6MywidWlkIjoiMzEyOTY1MDYwMzg4ODE4NSJ9,未使用,审核通过,--,6,--,0,0,0,0,0,0,0,0,0,0,0,0,0,0,0
"	7660371937247903787",0709引导-小敏-4-1.mp4,https://video-cn.oceanengine.com/4330721039ec4f248df6133a8a35a764/6a6eadcc/tos-cn-ve-51/ooEW2vjGPdGq6Bl5PF7f0BezQe20IMpYCEAA9f?a=1402&ch=0&cr=0&dr=3&cd=0%7C0%7C0%7C0&cv=1&br=740&bt=740&cs=0&ds=3&ft=J9ThAGkHH_Myq8Z0EjR_e2NvjTQ&mime_type=video_mp4&qs=0&rc=NXZpTGRTaFBnKWxncmd5aHFsc3IxZGZkMzs5OGc0Njw6OTg8Nzs1QGkzaXNlOWtvZWs8MzM0NjMzQFNsa3ZpcUQ6amtqXmJmK2BeaWpgYTojYGIxYF4xNV5iMTZgM2I0L2Ejc2BzbHFnbms0YS0tZDBhc3M%3D&btag=c0000e00010000&dy_q=1785465529&feature_id=d6a18d7c5414b1f1e95a75faf9147845&l=202607311038487052DFB4AE16007E110C&ply_type=3&policy=eyJ2bSI6MywidWlkIjoiMzEyOTY1MDYwMzg4ODE4NSJ9,已使用,审核通过,--,10,--,0,0,0,0,0,0,0,0,0,0,0,0,0,0,0
"	7660371917899792420",0709引导-小敏-1-1.mp4,https://video-cn.oceanengine.com/962936bb3653712ca489032c4706b6f2/6a6eadce/tos-cn-ve-51/oYwMZq7TgunNAgseqIRkCM6EDEAeNxVNBMAcx0?a=1402&ch=0&cr=0&dr=3&cd=0%7C0%7C0%7C0&cv=1&br=841&bt=841&cs=0&ds=3&ft=J9ThAGkHH_Myq8Z0EjR_e2NvjTQ&mime_type=video_mp4&qs=0&rc=NXZpTGRTaFBnKWxncmd5aHFsc3IxZGZnOGZlZTo4aDM7Ojs1PDY6QGlqNmY7PGtvZms8MzM0NjMzQFNsa3ZpcUQ6amtqXmJmK2BeaWpgYTojXzNgMTItYTUwMTEwMGFhYWEjMC8ycXFnL2s0YS0tZDBhc3M%3D&btag=c0000e00010000&dy_q=1785465529&feature_id=d6a18d7c5414b1f1e95a75faf9147845&l=202607311038487052DFB4AE16007E110C&ply_type=3&policy=eyJ2bSI6MywidWlkIjoiMzEyOTY1MDYwMzg4ODE4NSJ9,未使用,审核通过,--,13,--,0,0,0,0,0,0,0,0,0,0,0,0,0,0,0
"	7660371908223402047",0709引导-小敏-5-1.mp4,https://video-cn.oceanengine.com/703ac0ec66665b657edd9fae2729fa49/6a6eadc1/tos-cn-ve-51/ogKmuJs50BCwkPh8BJ3YGkQI4KAFegQWmAJ14E?a=1402&ch=0&cr=0&dr=3&cd=0%7C0%7C0%7C0&cv=1&br=1086&bt=1086&cs=0&ds=3&ft=J9ThAGkHH_Myq8Z0EjR_e2NvjTQ&mime_type=video_mp4&qs=0&rc=NXZpTGRTaFBnKWxncmd5aHFsc3IxZGZkM2RmMzs8PGY0PGU8O2c8QGkzcGw1aGtvZms8MzM0NjMzQFNsa3ZpcUQ6amtqXmJmK2BeaWpgYTojXl80XjFjMl5iMTFfLi5eLmEjMmBiLnFnL2s0YS0tZDAwc3M%3D&btag=c0000e00008000&dy_q=1785465529&feature_id=d6a18d7c5414b1f1e95a75faf9147845&l=202607311038487052DFB4AE16007E110C&ply_type=3&policy=eyJ2bSI6MywidWlkIjoiMzEyOTY1MDYwMzg4ODE4NSJ9,未使用,审核通过,--,6,--,0,0,0,0,0,0,0,0,0,0,0,0,0,0,0
"	7660186913555644470",0708引导-小敏-1.mp4,https://video-cn.oceanengine.com/2d58f350c54f5e9ac4caf7f0fbc46483/6a6eadcb/tos-cn-ve-51/2bae3a7756eb456186673002a0168b64?a=1402&ch=0&cr=0&dr=3&cd=0%7C0%7C0%7C0&cv=1&br=675&bt=675&cs=0&ds=3&ft=J9ThAGkHH_Myq8Z0EjR_e2NvjTQ&mime_type=video_mp4&qs=0&rc=NXZpTGRTaFBnKWxncmd5aHFsc3IxZGY3ODNnMzVkOWY0aTw4O2c0QGkzO2pwZ2tvdTo8MzM0NjMzQFNsa3ZpcUQ6amtqXmJmK2BeaWpgYTojNWE1MDBjYl8tMWFjMi41NGEjajVpMnFnXjM0YS0tZDBhc3M%3D&btag=c0000e00010000&dy_q=1785465529&feature_id=d6a18d7c5414b1f1e95a75faf9147845&l=202607311038487052DFB4AE16007E110C&ply_type=3&policy=eyJ2bSI6MywidWlkIjoiMzEyOTY1MDYwMzg4ODE4NSJ9,未使用,审核通过,--,10,--,0,0,0,0,0,0,0,0,0,0,0,0,0,0,0
"	7660015933729521718",一键修复_0706引导+v瑞晨-6.mp4,https://video-cn.oceanengine.com/aae8d6b6d65176e4e1820099ae55e583/6a6eadcf/tos-cn-v-29cc83/oceBv9ADQQ5KtMJLW1rEOcCN4cISECe44u4psg?a=1402&ch=0&cr=0&dr=3&cd=0%7C0%7C0%7C0&br=873&bt=873&cs=0&ds=3&ft=J9ThAGkHH_Myq8Z0EjR_e2NvjTQ&mime_type=video_mp4&qs=0&rc=NXZpTGRTaFBnKWxncmd5aHFsc3IxZGY5OGQ0ZzwzOGg4PGZlZmY5QGkzPGt0OWtvdnc8NjM0aTwzQFNsa3ZpcUQ6amtqXmJmK2BeaWpgYTojNC4yL18zMl9gMTEyYV8zMGEjYnEwL3FnZmMzYS0tZC8vc3M%3D&btag=c0000e00010000&dy_q=1785465529&feature_id=d6a18d7c5414b1f1e95a75faf9147845&l=202607311038487052DFB4AE16007E110C&ply_type=3&policy=eyJ2bSI6MywidWlkIjoiMzEyOTY1MDYwMzg4ODE4NSJ9,未使用,审核通过,--,1,--,0,0,0,0,0,0,0,0,0,0,0,0,0,0,0
"	7659983321992708132",0706引导+v瑞晨-7.mp4,https://video-cn.oceanengine.com/9fbe3980f1755c2e90b6e69d2fc3694c/6a6eadcf/tos-cn-ve-51/o0MbQg9RTzhi4SfbAg4AI0JOmx1QdACBKtslqT?a=1402&ch=0&cr=0&dr=3&cd=0%7C0%7C0%7C0&br=1838&bt=1838&cs=0&ds=4&ft=J9ThAGkHH_Myq8Z0EjR_e2NvjTQ&mime_type=video_mp4&qs=0&rc=NXZpTGRTaFBnKWxncmd5aHFsc3IxZGY1NGg3OTY7Zjo4MzozaWZmQGkzPGRoOmtva3U8MzM0NjMzQFNsa3ZpcUQ6amtqXmJmK2BeaWpgYTojYjM2NTFfMjY0MTAtLjAyYWEjNW9iYHFnXmgzYS0tZDAvc3M%3D&btag=c0000e00010000&dy_q=1785465529&feature_id=d6a18d7c5414b1f1e95a75faf9147845&l=202607311038487052DFB4AE16007E110C&ply_type=3&policy=eyJ2bSI6MywidWlkIjoiMzEyOTY1MDYwMzg4ODE4NSJ9,未使用,审核通过,--,1,--,0,0,0,0,0,0,0,0,0,0,0,0,0,0,0
"	7659983312489005110",0706引导+v瑞晨-9.mp4,https://video-cn.oceanengine.com/4000634cc5c60a0a5cd5ccd255defa01/6a6eadd7/tos-cn-ve-51/ocFgM012QumDsiiBetARQIE4NQ1hJaEAgCqbmn?a=1402&ch=0&cr=0&dr=3&cd=0%7C0%7C0%7C0&br=1447&bt=1447&cs=0&ds=4&ft=J9ThAGkHH_Myq8Z0EjR_e2NvjTQ&mime_type=video_mp4&qs=0&rc=NXZpTGRTaFBnKWxncmd5aHFsc3IxZGZpNzs6NGU8MzVmaTUzOjY0QGkzNmpnOmtva3U8MzM0NjMzQFNsa3ZpcUQ6amtqXmJmK2BeaWpgYTojMTNhXy4yL14wMTU1Mi81L2EjZDVlZXFnXmgzYS0tZDAwc3M%3D&btag=c0000e00018000&dy_q=1785465529&feature_id=d6a18d7c5414b1f1e95a75faf9147845&l=202607311038487052DFB4AE16007E110C&ply_type=3&policy=eyJ2bSI6MywidWlkIjoiMzEyOTY1MDYwMzg4ODE4NSJ9,未使用,审核通过,--,1,--,0,0,0,0,0,0,0,0,0,0,0,0,0,0,0
"	7659983301841698859",0706引导+v瑞晨-8.mp4,https://video-cn.oceanengine.com/06ff33bf31326ad89b1abbf90cc607e8/6a6eadce/tos-cn-ve-51/owLbNqJ7T6XZDd10AAIk5qpVEctge6QxgfDBsb?a=1402&ch=0&cr=0&dr=3&cd=0%7C0%7C0%7C0&br=1822&bt=1822&cs=0&ds=4&ft=J9ThAGkHH_Myq8Z0EjR_e2NvjTQ&mime_type=video_mp4&qs=0&rc=NXZpTGRTaFBnKWxncmd5aHFsc3IxZGZmZGY1Z2RkOjpoZ2U2ZDs8QGkzdnZnZGtva3U8MzM0NjMzQFNsa3ZpcUQ6amtqXmJmK2BeaWpgYTojY2MzMjVhNjVhMTY1LjEwYmEjb3Nia3FnL2gzYS0tZDAwc3M%3D&btag=c0000e00010000&dy_q=1785465529&feature_id=d6a18d7c5414b1f1e95a75faf9147845&l=202607311038487052DFB4AE16007E110C&ply_type=3&policy=eyJ2bSI6MywidWlkIjoiMzEyOTY1MDYwMzg4ODE4NSJ9,未使用,审核通过,--,0,--,0,0,0,0,0,0,0,0,0,0,0,0,0,0,0
"	7659983297766178859",0706引导+v瑞晨-10.mp4,https://video-cn.oceanengine.com/876c37dd1951aa71fa8306b3f0692abe/6a6eadd3/tos-cn-ve-51/o0INEQg2muHJAu41S9RvqVqeE0JBisEQm2tlA2?a=1402&ch=0&cr=0&dr=3&cd=0%7C0%7C0%7C0&br=1517&bt=1517&cs=0&ds=4&ft=J9ThAGkHH_Myq8Z0EjR_e2NvjTQ&mime_type=video_mp4&qs=0&rc=NXZpTGRTaFBnKWxncmd5aHFsc3IxZGZkN2k0OzQ3NjpoOmc3NGVoQGkzb3lxN2tva3U8MzM0NjMzQFNsa3ZpcUQ6amtqXmJmK2BeaWpgYTojYmFeNTYxYjZiMTIuLTUuMWEjL2BkaHFnXmgzYS0tZDBhc3M%3D&btag=c0000e00010000&dy_q=1785465529&feature_id=d6a18d7c5414b1f1e95a75faf9147845&l=202607311038487052DFB4AE16007E110C&ply_type=3&policy=eyJ2bSI6MywidWlkIjoiMzEyOTY1MDYwMzg4ODE4NSJ9,已使用,审核通过,--,1,--,0,0,0,0,0,0,0,0,0,0,0,0,0,0,0
"	7659679262665293865",0706引导+v瑞晨-1.mp4,https://video-cn.oceanengine.com/f0c1e33c627cdef3adc2d231180dddfe/6a6eadd5/tos-cn-ve-51c800/oclB2Z9JBI4ygHQALlIQKOsf1MEXm11gmGblrA?a=1402&ch=0&cr=0&dr=3&cd=0%7C0%7C0%7C0&br=1782&bt=1782&cs=0&ds=4&ft=J9ThAGkHH_Myq8Z0EjR_e2NvjTQ&mime_type=video_mp4&qs=0&rc=NXZpTGRTaFBnKWxncmd5aHFsc3IxZGY7OGZlNGU3Ojc4PGZmNDtmQGlqNHFtNmtvamQ8MzM0NjMzQFNsa3ZpcUQ6amtqXmJmK2BeaWpgYTojNjJfLS42YV4wMWAwYWExYWEjZmBqc3FnL18zYS0tZDBhc3M%3D&btag=c0000e00010000&dy_q=1785465529&feature_id=d6a18d7c5414b1f1e95a75faf9147845&l=202607311038487052DFB4AE16007E110C&ply_type=3&policy=eyJ2bSI6MywidWlkIjoiMzEyOTY1MDYwMzg4ODE4NSJ9,未使用,审核通过,--,1,--,0,0,0,0,0,0,0,0,0,0,0,0,0,0,0
"	7659679252962541631",0706引导+v瑞晨-5.mp4,https://video-cn.oceanengine.com/ca9177526d44288978da0c872f3601e8/6a6eadc6/tos-cn-ve-51/oEKbM1gAgQAsIjQxd44fm1EoJIELQqmKl9VBlU?a=1402&ch=0&cr=0&dr=3&cd=0%7C0%7C0%7C0&br=2554&bt=2554&cs=0&ds=4&ft=J9ThAGkHH_Myq8Z0EjR_e2NvjTQ&mime_type=video_mp4&qs=0&rc=NXZpTGRTaFBnKWxncmd5aHFsc3IxZGZkaTw2NjQ3OGU7PGU8MzU6QGlqeXFkaGtvamQ8MzM0NjMzQFNsa3ZpcUQ6amtqXmJmK2BeaWpgYTojMGJiMzUuMV8uMWNeNC5iX2EjXjBlcHFnL18zYS0tZDBhc3M%3D&btag=c0000e00008000&dy_q=1785465529&feature_id=d6a18d7c5414b1f1e95a75faf9147845&l=202607311038487052DFB4AE16007E110C&ply_type=3&policy=eyJ2bSI6MywidWlkIjoiMzEyOTY1MDYwMzg4ODE4NSJ9,未使用,审核通过,--,1,--,0,0,0,0,0,0,0,0,0,0,0,0,0,0,0
"	7659679243442913322",0706引导+v瑞晨-4.mp4,https://video-cn.oceanengine.com/35919f86c976a75acd34124006821ba8/6a6eadc1/tos-cn-ve-51/oU69MDBqQoNCJWEf8KaBMIKYqafrA4zRTgsgAA?a=1402&ch=0&cr=0&dr=3&cd=0%7C0%7C0%7C0&br=2291&bt=2291&cs=0&ds=4&ft=J9ThAGkHH_Myq8Z0EjR_e2NvjTQ&mime_type=video_mp4&qs=0&rc=NXZpTGRTaFBnKWxncmd5aHFsc3IxZGY1Mzs4M2c4aWhpOWc5Njc7QGkzd2s7Z2tvaWQ8MzM0NjMzQFNsa3ZpcUQ6amtqXmJmK2BeaWpgYTojNmAxYWJiLTUzMS9fYjNgXmEjMF4uLXFnZl8zYS0tZDAvc3M%3D&btag=c0000e00008000&dy_q=1785465529&feature_id=d6a18d7c5414b1f1e95a75faf9147845&l=202607311038487052DFB4AE16007E110C&ply_type=3&policy=eyJ2bSI6MywidWlkIjoiMzEyOTY1MDYwMzg4ODE4NSJ9,已使用,审核通过,--,1,--,0,0,0,0,0,0,0,0,0,0,0,0,0,0,0
"	7659679226528383039",0706引导+v瑞晨-3.mp4,https://video-cn.oceanengine.com/d54136efbf6efff9bcae4e4c86c229fb/6a6eadd5/tos-cn-ve-51/ok0WIC4Yf4AirQFGsKetANqQlDTgHBgTEYKlMs?a=1402&ch=0&cr=0&dr=3&cd=0%7C0%7C0%7C0&br=1654&bt=1654&cs=0&ds=4&ft=J9ThAGkHH_Myq8Z0EjR_e2NvjTQ&mime_type=video_mp4&qs=0&rc=NXZpTGRTaFBnKWxncmd5aHFsc3IxZGY3PGZpNzdlMzNmZDlnODszQGkzOjQ3Z2tvaWQ8MzM0NjMzQFNsa3ZpcUQ6amtqXmJmK2BeaWpgYTojNjYwNjU2NV4uMS5eLTMzMGEjcDMwYHFnZl8zYS0tZDAvc3M%3D&btag=c0000e00010000&dy_q=1785465529&feature_id=d6a18d7c5414b1f1e95a75faf9147845&l=202607311038487052DFB4AE16007E110C&ply_type=3&policy=eyJ2bSI6MywidWlkIjoiMzEyOTY1MDYwMzg4ODE4NSJ9,未使用,审核通过,--,1,--,0,0,0,0,0,0,0,0,0,0,0,0,0,0,0
