素材id,视频名称,视频链接,投放情况,审核建议,素材评估,关联在投单元数,标签,消耗,展示数,点击数,点击率(%),平均点击单价(元),平均千次展现费用(元),转化数,转化成本,转化率(%),深度转化次数,深度转化成本,深度转化率(%),回访-加为好友(计费时间),回访-高潜成交(计费时间),回访-信息确认(计费时间)
"	7665676211757416511",0723-瑞晨引流-4c.mp4,https://video-cn.oceanengine.com/e8198cd0a1b539ed8ebe249cbb9b5333/6a7d2e03/tos-cn-ve-51/oUfAeRHJHuTAQzqefMbIIrHZtEsVfArYSgHjs8?a=1402&ch=0&cr=0&dr=3&cd=0%7C0%7C0%7C0&cv=1&br=1078&bt=1078&cs=0&ds=3&ft=J9ThAGkHH_Myq8Z4RkC_e2NvjTQ&mime_type=video_mp4&qs=0&rc=NXZpTGRTaFBnKWxncmd5aHFsc3IxZGY1NzQ0aTk4aTw2NzM7Ojg3QGkzaWx5aG86Znk8MzM0NjMzQFNsa3ZpcUQ6amtqXmJmK2BeaWpgYTojMV5fMWBiM19iMTM1L2JfMGEjL2pycWFhZmllYS0tZDAwc3M%3D&btag=80000e00010000&dy_q=1786415860&feature_id=d6a18d7c5414b1f1e95a75faf9147845&l=20260811103739FF93585BE7F751426837&ply_type=3&policy=eyJ2bSI6MywidWlkIjoiMzEyOTY1MDYwMzg4ODE4NSJ9,已使用,审核通过,首发,13,--,0.65,51,1,1.96,0.65,12.75,0,0,0,0,0,0,0,0,0
"	7666006376167833619",推送视频_0723-国星引流修改-8.mp4,https://video-cn.oceanengine.com/ad5a157f0fb470f5a68049cb354095dd/6a7d2dff/tos-cn-ve-51/oMDefxQgDQAa22y2rJN9nYROyA1hABvIJQiqFG?a=1402&ch=0&cr=0&dr=3&cd=0%7C0%7C0%7C0&br=379&bt=379&cs=0&ds=6&ft=J9ThAGkHH_Myq8Z4RkC_e2NvjTQ&mime_type=video_mp4&qs=0&rc=NXZpTGRTaFBnKWxncmd5aHFsc3IxZGZpZTczNGVlaTtkODs4ZTU8QGlqeHZuPG86Zmw8MzM0NjMzQFNsa3ZpcUQ6amtqXmJmK2BeaWpgYTojMDBjMV8xYzVfMV8xYV8uYmEjcTZxbGFhXi1lYS0tZDAwc3M%3D&btag=80000e00008000&dy_q=1786415860&feature_id=d6a18d7c5414b1f1e95a75faf9147845&l=20260811103739FF93585BE7F751426837&ply_type=3&policy=eyJ2bSI6MywidWlkIjoiMzEyOTY1MDYwMzg4ODE4NSJ9,已使用,审核通过,首发,7,--,3.04,127,5,3.94,0.61,23.94,1,3.04,20,0,0,0,0,0,0
"	7666006390916464682",推送视频_0723-国星引流修改-10c.mp4,https://video-cn.oceanengine.com/b4dc91a97a586767504a04862eb46c96/6a7d2e04/tos-cn-ve-51/oc9Q3MFuEIziPUcQ2IadAjtQRdWKwBmRMHbAg?a=1402&ch=0&cr=0&dr=3&cd=0%7C0%7C0%7C0&br=560&bt=560&cs=0&ds=6&ft=J9ThAGkHH_Myq8Z4RkC_e2NvjTQ&mime_type=video_mp4&qs=0&rc=NXZpTGRTaFBnKWxncmd5aHFsc3IxZGY3ZWQ3aDk5aDhnNWY7PDVpQGkzaW01aG86Zmw8MzM0NjMzQFNsa3ZpcUQ6amtqXmJmK2BeaWpgYTojNTIvL14uNl4vMTZfMTQxX2EjNWJnb2FhXi1lYS0tZDAwc3M%3D&btag=80000e00010000&dy_q=1786415860&feature_id=d6a18d7c5414b1f1e95a75faf9147845&l=20260811103739FF93585BE7F751426837&ply_type=3&policy=eyJ2bSI6MywidWlkIjoiMzEyOTY1MDYwMzg4ODE4NSJ9,已使用,审核通过,--,8,--,0.9,36,1,2.78,0.9,25,0,0,0,0,0,0,0,0,0
"	7660371894164914182",0708-引导-嘉丽-5.mp4,https://video-cn.oceanengine.com/c32c1cf39e918ada8e89f0b7c0125b38/6a7d2df9/tos-cn-ve-51/owfebUfFnk0zGTZMBAhH3Ndqg4WA70AjtdEC5j?a=1402&ch=0&cr=0&dr=3&cd=0%7C0%7C0%7C0&cv=1&br=1212&bt=1212&cs=0&ds=6&ft=J9ThAGkHH_Myq8Z4RkC_e2NvjTQ&mime_type=video_mp4&qs=0&rc=NXZpTGRTaFBnKWxncmd5aHFsc3IxZGYzNzM0Ojo6Zzc6ZTc7OWc5QGlqaHZlNGtvZms8MzM0NjMzQFNsa3ZpcUQ6amtqXmJmK2BeaWpgYTojLV4zMDUxYzY0MTM0LjEvL2EjczRoaHFnL2s0YS0tZDAvc3M%3D&btag=80000e00008000&dy_q=1786415860&feature_id=d6a18d7c5414b1f1e95a75faf9147845&l=20260811103739FF93585BE7F751426837&ply_type=3&policy=eyJ2bSI6MywidWlkIjoiMzEyOTY1MDYwMzg4ODE4NSJ9,已使用,审核通过,--,24,--,2.84,136,2,1.47,1.42,20.88,0,0,0,0,0,0,0,0,0
"	7666006400510640147",推送视频_0723-瑞晨引流修改-3.mp4,https://video-cn.oceanengine.com/08bb8f721653076c1ebe2642f3a9d627/6a7d2e03/tos-cn-ve-51/o8IajmbBdU5WMOtEAiVHwzA1gIvgQMdqyRZrQ?a=1402&ch=0&cr=0&dr=3&cd=0%7C0%7C0%7C0&cv=1&br=910&bt=910&cs=0&ds=6&ft=J9ThAGkHH_Myq8Z4RkC_e2NvjTQ&mime_type=video_mp4&qs=0&rc=NXZpTGRTaFBnKWxncmd5aHFsc3IxZGY0aDdmZjg7Nzs8ZGk1MzlmQGlqaW9kNW86Zmw8MzM0NjMzQFNsa3ZpcUQ6amtqXmJmK2BeaWpgYTojMzJjLzRiXjYxMTYvY2ExLWEjMGdmZGFhXi1lYS0tZDAwc3M%3D&btag=80000e00010000&dy_q=1786415860&feature_id=d6a18d7c5414b1f1e95a75faf9147845&l=20260811103739FF93585BE7F751426837&ply_type=3&policy=eyJ2bSI6MywidWlkIjoiMzEyOTY1MDYwMzg4ODE4NSJ9,已使用,审核通过,--,12,--,1.93,43,3,6.98,0.64,44.88,0,0,0,0,0,0,0,0,0
"	7666006380580782143",推送视频_0723-国星引流修改-5.mp4,https://video-cn.oceanengine.com/2e0de939b46fcdca60b1846d6c8c2180/6a7d2e00/tos-cn-ve-51/oAaMIQL9qI3zlmEbmIFWQgvMtUNvZBdjAoFAg?a=1402&ch=0&cr=0&dr=3&cd=0%7C0%7C0%7C0&cv=1&br=952&bt=952&cs=0&ds=3&ft=J9ThAGkHH_Myq8Z4RkC_e2NvjTQ&mime_type=video_mp4&qs=0&rc=NXZpTGRTaFBnKWxncmd5aHFsc3IxZGZoZjo2ZDc4PGZpPDppOzhoQGlqOHh5OW86Zmw8MzM0NjMzQFNsa3ZpcUQ6amtqXmJmK2BeaWpgYTojLmItMV8uLzY2MV8vNmIuLmEjM3Nhb2FhXi1lYS0tZDAvc3M%3D&btag=80000e00008000&dy_q=1786415860&feature_id=d6a18d7c5414b1f1e95a75faf9147845&l=20260811103739FF93585BE7F751426837&ply_type=3&policy=eyJ2bSI6MywidWlkIjoiMzEyOTY1MDYwMzg4ODE4NSJ9,已使用,审核通过,首发,14,--,0.03,2,0,0,0,15,0,0,0,0,0,0,0,0,0
"	7662230360634556454",0713-引导-嘉丽-3.mp4,https://video-cn.oceanengine.com/cf533d836490ad8839d0c3d25dc06e5d/6a7d2e16/tos-cn-ve-51/oYK6Qxi9t16GIQsPtUbeZBh4AqDIKEmVrohAQg?a=1402&ch=0&cr=0&dr=3&cd=0%7C0%7C0%7C0&br=773&bt=773&cs=0&ds=3&ft=J9ThAGkHH_Myq8Z4RkC_e2NvjTQ&mime_type=video_mp4&qs=0&rc=NXZpTGRTaFBnKWxncmd5aHFsc3IxZGY5aDpmOGVoaGhlNTozaTxoQGkza2t4O2tvd3U8MzM0NjMzQFNsa3ZpcUQ6amtqXmJmK2BeaWpgYTojYTAvNTYyY19eMTJfLV9iYmEjMWtmYHFnL19eYS0tZDAwc3M%3D&btag=80000e00018000&dy_q=1786415860&feature_id=d6a18d7c5414b1f1e95a75faf9147845&l=20260811103739FF93585BE7F751426837&ply_type=3&policy=eyJ2bSI6MywidWlkIjoiMzEyOTY1MDYwMzg4ODE4NSJ9,已使用,审核通过,首发,11,--,1.34,39,1,2.56,1.34,34.36,0,0,0,0,0,0,0,0,0
"	7662230321010311219",0713-引导-雅迪-2-改.mp4,https://video-cn.oceanengine.com/7b990cb019405d44d05289e9c8346918/6a7d2e1f/tos-cn-ve-51/oQsmfOEVdhDCAQ4EAQKv9RAhQrIzhE93AtK1tB?a=1402&ch=0&cr=0&dr=3&cd=0%7C0%7C0%7C0&cv=1&br=759&bt=759&cs=0&ds=3&ft=J9ThAGkHH_Myq8Z4RkC_e2NvjTQ&mime_type=video_mp4&qs=0&rc=NXZpTGRTaFBnKWxncmd5aHFsc3IxZGY0ZzRkZ2VlN2hkNjc3aTk6QGlqbXY7aGtvdXU8MzM0NjMzQFNsa3ZpcUQ6amtqXmJmK2BeaWpgYTojMzVhNi8vX18wMTIuNDYyMWEjazZfaHFnZl9eYS0tZDAvc3M%3D&btag=80000e00018000&dy_q=1786415860&feature_id=d6a18d7c5414b1f1e95a75faf9147845&l=20260811103739FF93585BE7F751426837&ply_type=3&policy=eyJ2bSI6MywidWlkIjoiMzEyOTY1MDYwMzg4ODE4NSJ9,已使用,审核通过,"首发,优质",17,--,0.17,6,1,16.67,0.17,28.33,0,0,0,0,0,0,0,0,0
"	7666006404415160339",推送视频_0723-国星引流修改-9.mp4,https://video-cn.oceanengine.com/44a7b316bcf2e9f47f05c02d06355ffd/6a7d2e02/tos-cn-ve-51/oAVDX9aYuQ1oyfWAASegRr2iqjIBN2RANyCyXB?a=1402&ch=0&cr=0&dr=3&cd=0%7C0%7C0%7C0&br=395&bt=395&cs=0&ds=6&ft=J9ThAGkHH_Myq8Z4RkC_e2NvjTQ&mime_type=video_mp4&qs=0&rc=NXZpTGRTaFBnKWxncmd5aHFsc3IxZGY8OTs7O2g5Z2g7OmY8NTg0QGlqcTVvaW86Zmw8MzM0NjMzQFNsa3ZpcUQ6amtqXmJmK2BeaWpgYTojLTJgM2M2Yl40MTJfYWEuLmEjMWthbGFhZi1lYS0tZDBhc3M%3D&btag=80000e00010000&dy_q=1786415860&feature_id=d6a18d7c5414b1f1e95a75faf9147845&l=20260811103739FF93585BE7F751426837&ply_type=3&policy=eyJ2bSI6MywidWlkIjoiMzEyOTY1MDYwMzg4ODE4NSJ9,已使用,审核通过,--,8,--,0.24,21,0,0,0,11.43,0,0,0,0,0,0,0,0,0
"	7660371924531937316",0708-引导-嘉丽-2.mp4,https://video-cn.oceanengine.com/d5dac9cb3bc266070affba83003ada8c/6a7d2e0b/tos-cn-ve-51/ogpaDTeZNDjVbuE4NgAxKRyTgAAqbLxW5veA6B?a=1402&ch=0&cr=0&dr=3&cd=0%7C0%7C0%7C0&cv=1&br=1689&bt=1689&cs=0&ds=3&ft=J9ThAGkHH_Myq8Z4RkC_e2NvjTQ&mime_type=video_mp4&qs=0&rc=NXZpTGRTaFBnKWxncmd5aHFsc3IxZGZnZzo5OzszOjlnNDw2aDs7QGkzcHU1NWtvZWs8MzM0NjMzQFNsa3ZpcUQ6amtqXmJmK2BeaWpgYTojNWEzL2M1L15eMWMtLjVjYmEja2EzbHFnbms0YS0tZDAwc3M%3D&btag=80000e00010000&dy_q=1786415860&feature_id=d6a18d7c5414b1f1e95a75faf9147845&l=20260811103739FF93585BE7F751426837&ply_type=3&policy=eyJ2bSI6MywidWlkIjoiMzEyOTY1MDYwMzg4ODE4NSJ9,已使用,审核通过,首发,34,--,1.62,34,2,5.88,0.81,47.65,0,0,0,0,0,0,0,0,0
"	7660371884819709994",0709引导-小敏-3-1.mp4,https://video-cn.oceanengine.com/74cb01faa2607b40e1ec909e3511e608/6a7d2e0b/tos-cn-ve-51/oQCICOsEIAQ1XVJqyGehPABcL93CBBAg4A4mQm?a=1402&ch=0&cr=0&dr=3&cd=0%7C0%7C0%7C0&cv=1&br=729&bt=729&cs=0&ds=3&ft=J9ThAGkHH_Myq8Z4RkC_e2NvjTQ&mime_type=video_mp4&qs=0&rc=NXZpTGRTaFBnKWxncmd5aHFsc3IxZGY8PDVoZTNmOzdpOzc4OTRpQGlqNTxmOWtvZWs8MzM0NjMzQFNsa3ZpcUQ6amtqXmJmK2BeaWpgYTojYWIvMGNiMl40MTY2NDItM2EjMmxkZHFnbms0YS0tZDAvc3M%3D&btag=80000e00010000&dy_q=1786415860&feature_id=d6a18d7c5414b1f1e95a75faf9147845&l=20260811103739FF93585BE7F751426837&ply_type=3&policy=eyJ2bSI6MywidWlkIjoiMzEyOTY1MDYwMzg4ODE4NSJ9,已使用,审核通过,首发,15,--,3.28,186,2,1.08,1.64,17.63,0,0,0,0,0,0,0,0,0
"	7663055816350859274",0716-引流瑞晨-6.mp4,https://video-cn.oceanengine.com/819f664d8c9f41fa063b40715c5d911e/6a7d2dfe/tos-cn-ve-51/ocFWNgOR1yMTKBkpg2R3AxAMSalpIqADfo4Nei?a=1402&ch=0&cr=0&dr=3&cd=0%7C0%7C0%7C0&cv=1&br=1608&bt=1608&cs=0&ds=3&ft=J9ThAGkHH_Myq8Z4RkC_e2NvjTQ&mime_type=video_mp4&qs=0&rc=NXZpTGRTaFBnKWxncmd5aHFsc3IxZGZmODg4M2Q2aGg3ZTU4MzM6QGkzZGxwZG86bWQ8MzM0NjMzQFNsa3ZpcUQ6amtqXmJmK2BeaWpgYTojLzBiLzAzYjVeMWJiLS9iNWEjYzZnMWFhZjZgYS0tZDBhc3M%3D&btag=80000e00008000&dy_q=1786415860&feature_id=d6a18d7c5414b1f1e95a75faf9147845&l=20260811103739FF93585BE7F751426837&ply_type=3&policy=eyJ2bSI6MywidWlkIjoiMzEyOTY1MDYwMzg4ODE4NSJ9,已使用,审核通过,首发,18,--,0.38,40,2,5,0.19,9.5,0,0,0,0,0,0,0,0,0
"	7662271386505429043",0713-引导-嘉丽-8.mp4,https://video-cn.oceanengine.com/64178af922d3769b517545e5af11bac7/6a7d2e0b/tos-cn-ve-51/oEKmIB2AYulZFDnVuuAuEsJ2QQe4g1AuKd4hKs?a=1402&ch=0&cr=0&dr=3&cd=0%7C0%7C0%7C0&br=1078&bt=1078&cs=0&ds=3&ft=J9ThAGkHH_Myq8Z4RkC_e2NvjTQ&mime_type=video_mp4&qs=0&rc=NXZpTGRTaFBnKWxncmd5aHFsc3IxZGYzNjY4ODVmODRpaDg7O2hmQGkzaDg8aGtvbHc8MzM0NjMzQFNsa3ZpcUQ6amtqXmJmK2BeaWpgYTojLi0vNi4tLzZiMWA2YDY2LmEjYG9tLXFnZmpeYS0tZDAwc3M%3D&btag=80000e00010000&dy_q=1786415860&feature_id=d6a18d7c5414b1f1e95a75faf9147845&l=20260811103739FF93585BE7F751426837&ply_type=3&policy=eyJ2bSI6MywidWlkIjoiMzEyOTY1MDYwMzg4ODE4NSJ9,已使用,审核通过,首发,13,--,0.06,7,1,14.29,0.06,8.57,0,0,0,0,0,0,0,0,0
"	7660371896212013110",0708-引导-嘉丽-3.mp4,https://video-cn.oceanengine.com/262b4dcce4c39e0775269e671ad0d959/6a7d2e06/tos-cn-ve-51/o8q1rSmtB34JePzsjG93XIG9gVBMEQAR4lQmBA?a=1402&ch=0&cr=0&dr=3&cd=0%7C0%7C0%7C0&cv=1&br=497&bt=497&cs=0&ds=3&ft=J9ThAGkHH_Myq8Z4RkC_e2NvjTQ&mime_type=video_mp4&qs=0&rc=NXZpTGRTaFBnKWxncmd5aHFsc3IxZGY1OGQ8M2U0NDdnZDhkNzU7QGlqOHM8O2tvZWs8MzM0NjMzQFNsa3ZpcUQ6amtqXmJmK2BeaWpgYTojYV9jNC00YzYvMV9iLjY0Y2EjXjJnZHFnbms0YS0tZDBhc3M%3D&btag=80000e00010000&dy_q=1786415860&feature_id=d6a18d7c5414b1f1e95a75faf9147845&l=20260811103739FF93585BE7F751426837&ply_type=3&policy=eyJ2bSI6MywidWlkIjoiMzEyOTY1MDYwMzg4ODE4NSJ9,已使用,审核通过,首发,20,--,0.16,2,0,0,0,80,0,0,0,0,0,0,0,0,0
"	7666006402390982698",推送视频_0723-瑞晨引流修改-5.mp4,https://video-cn.oceanengine.com/9f4d5e86f2c21ca2a0b99fccd4c8ecb4/6a7d2e09/tos-cn-ve-51/ookYhIEayAIYmxFtWozgIjM7QLMRGmwWQEBAd?a=1402&ch=0&cr=0&dr=3&cd=0%7C0%7C0%7C0&br=507&bt=507&cs=0&ds=3&ft=J9ThAGkHH_Myq8Z4RkC_e2NvjTQ&mime_type=video_mp4&qs=0&rc=NXZpTGRTaFBnKWxncmd5aHFsc3IxZGY1N2Y4Nzs7ZWU5NDlpZDY3QGlqZWx2OW86Zmw8MzM0NjMzQFNsa3ZpcUQ6amtqXmJmK2BeaWpgYTojXmFfYWI0YzU0MS8wLl81NGEjcS9kbGFhZi1lYS0tZDAwc3M%3D&btag=80000e00010000&dy_q=1786415860&feature_id=d6a18d7c5414b1f1e95a75faf9147845&l=20260811103739FF93585BE7F751426837&ply_type=3&policy=eyJ2bSI6MywidWlkIjoiMzEyOTY1MDYwMzg4ODE4NSJ9,已使用,审核通过,首发,15,--,0.06,12,1,8.33,0.06,5,0,0,0,0,0,0,0,0,0
"	7661187009408008233",微信视频_20260711163659.mp4,https://video-cn.oceanengine.com/944e7ee03ab6ad0b7165cbfa7f6e41a9/6a7d2e19/tos-cn-ve-51/okAggtq4hIkYm21BRAYNxKTQSATAHsCIeQEGEQ?a=1402&ch=0&cr=0&dr=3&cd=0%7C0%7C0%7C0&cv=1&br=909&bt=909&cs=0&ds=3&ft=J9ThAGkHH_Myq8Z4RkC_e2NvjTQ&mime_type=video_mp4&qs=0&rc=NXZpTGRTaFBnKWxncmd5aHFsc3IxZGY4Ozs4Omg0ZTo0aTZkNTVkQGlqbXFyN2tvNjM8MzM0NjMzQFNsa3ZpcUQ6amtqXmJmK2BeaWpgYTojL2JjLS40XzU0MTAuMl42XmEjM2AyNXFnXi82YS0tZDAwc3M%3D&btag=80000e00018000&dy_q=1786415860&feature_id=d6a18d7c5414b1f1e95a75faf9147845&l=20260811103739FF93585BE7F751426837&ply_type=3&policy=eyJ2bSI6MywidWlkIjoiMzEyOTY1MDYwMzg4ODE4NSJ9,已使用,审核通过,优质,41,--,29.4,939,13,1.38,2.26,31.31,0,0,0,0,0,0,0,0,0
"	7666006390135586852",推送视频_0723-瑞晨引流修改-6.mp4,https://video-cn.oceanengine.com/c0cb824921b80316bbd37225a5a52298/6a7d2e09/tos-cn-ve-51/o4E8MhFiv6ggGjQpiTQzIrBFAImjIAbMrBima?a=1402&ch=0&cr=0&dr=3&cd=0%7C0%7C0%7C0&br=603&bt=603&cs=0&ds=3&ft=J9ThAGkHH_Myq8Z4RkC_e2NvjTQ&mime_type=video_mp4&qs=0&rc=NXZpTGRTaFBnKWxncmd5aHFsc3IxZGY1Nzc4ZDg3aGlmZGU3NDM5QGlqZTtwdjlyZmw8MzM0NjMzQFNsa3ZpcUQ6amtqXmJmK2BeaWpgYTojLjAyMTRjMV82MTQ0LV4wMmEjZF9zZTJkay1lYS0tZDBhc3M%3D&btag=80000e00010000&dy_q=1786415860&feature_id=d6a18d7c5414b1f1e95a75faf9147845&l=20260811103739FF93585BE7F751426837&ply_type=3&policy=eyJ2bSI6MywidWlkIjoiMzEyOTY1MDYwMzg4ODE4NSJ9,已使用,审核通过,首发,13,--,0.03,3,0,0,0,10,0,0,0,0,0,0,0,0,0
"	7660843528491237382",0710引导-小敏-3.mp4,https://video-cn.oceanengine.com/0a2f2390c5c39769c44a4ddae9d4bda7/6a7d2dfd/tos-cn-ve-51/ow1KpoNyElGSAX1BIVqQ0AAmJmeSIhKbWQ84Rs?a=1402&ch=0&cr=0&dr=3&cd=0%7C0%7C0%7C0&br=536&bt=536&cs=0&ds=3&ft=J9ThAGkHH_Myq8Z4RkC_e2NvjTQ&mime_type=video_mp4&qs=0&rc=NXZpTGRTaFBnKWxncmd5aHFsc3IxZGY8NGg7OzY6OGY8PDVoaTs3QGkzZ2twO2tvZGY8MzM0NjMzQFNsa3ZpcUQ6amtqXmJmK2BeaWpgYTojXzBfYWA0MV4tMTQyYzMzX2EjNmJzbnFnZmU1YS0tZDAvc3M%3D&btag=80000e00008000&dy_q=1786415860&feature_id=d6a18d7c5414b1f1e95a75faf9147845&l=20260811103739FF93585BE7F751426837&ply_type=3&policy=eyJ2bSI6MywidWlkIjoiMzEyOTY1MDYwMzg4ODE4NSJ9,已使用,审核通过,--,6,--,0.85,22,0,0,0,38.64,0,0,0,0,0,0,0,0,0
"	7666006335712444458",推送视频_0723-瑞晨引流修改-10.mp4,https://video-cn.oceanengine.com/8a263465860ae5276df680ef2e3db7e7/6a7d2dfd/tos-cn-ve-51/oshanO9g756EETtQ16GAIXZo6AWmAYBMjIAlfg?a=1402&ch=0&cr=0&dr=3&cd=0%7C0%7C0%7C0&br=216&bt=216&cs=0&ds=6&ft=J9ThAGkHH_Myq8Z4RkC_e2NvjTQ&mime_type=video_mp4&qs=0&rc=NXZpTGRTaFBnKWxncmd5aHFsc3IxZGZnNjRkZjc0ZztmODdkPDRlQGlqOTVxZW86Zmw8MzM0NjMzQFNsa3ZpcUQ6amtqXmJmK2BeaWpgYTojM2AwNjNfLzYtMTYxYl9hNWEjZy1tYmFhXi1lYS0tZDAvc3M%3D&btag=80000e00008000&dy_q=1786415860&feature_id=d6a18d7c5414b1f1e95a75faf9147845&l=20260811103739FF93585BE7F751426837&ply_type=3&policy=eyJ2bSI6MywidWlkIjoiMzEyOTY1MDYwMzg4ODE4NSJ9,已使用,审核通过,首发,10,--,0.17,16,1,6.25,0.17,10.63,0,0,0,0,0,0,0,0,0
"	7662271385642729518",0713-引导-嘉丽-4.mp4,https://video-cn.oceanengine.com/9749bba5f89e986925963d14d318f9af/6a7d2e07/tos-cn-ve-51/o0Nsd2k4IKtBm5KABV84qgWm2kAeQRuQDdz1E5?a=1402&ch=0&cr=0&dr=3&cd=0%7C0%7C0%7C0&br=1379&bt=1379&cs=0&ds=3&ft=J9ThAGkHH_Myq8Z4RkC_e2NvjTQ&mime_type=video_mp4&qs=0&rc=NXZpTGRTaFBnKWxncmd5aHFsc3IxZGZoOzk0NDg5NzNnZTY3Ozs2QGkzNHBoZ2tvbHc8MzM0NjMzQFNsa3ZpcUQ6amtqXmJmK2BeaWpgYTojNmMwNTZeX14yMWE2MDMxY2EjXzVfMnFnXmpeYS0tZDBhc3M%3D&btag=80000e00010000&dy_q=1786415860&feature_id=d6a18d7c5414b1f1e95a75faf9147845&l=20260811103739FF93585BE7F751426837&ply_type=3&policy=eyJ2bSI6MywidWlkIjoiMzEyOTY1MDYwMzg4ODE4NSJ9,已使用,审核通过,首发,15,--,0.02,0,0,0,0,0,0,0,0,0,0,0,0,0,0
"	7667083399120568330",推送视频_7月26日-代理产出.mp4,https://video-cn.oceanengine.com/00378e8d66cae671597821a1a57b837c/6a7d2e14/tos-cn-ve-51/og1rQNNBAa7YaQNLq65AItDEngmcqIDRm3MTeg?a=1402&ch=0&cr=0&dr=3&cd=0%7C0%7C0%7C0&br=1410&bt=1410&cs=0&ds=3&ft=J9ThAGkHH_Myq8Z4RkC_e2NvjTQ&mime_type=video_mp4&qs=0&rc=NXZpTGRTaFBnKWxncmd5aHFsc3IxZGZlZTY6NDU3PDhoOTg8O2k2QGlqOTk7NW86b2k8MzM0NjMzQFNsa3ZpcUQ6amtqXmJmK2BeaWpgYTojLl9gYjBgYV8tMTEtYC4yNGEjbm5hMWFhLzRnYS0tZDBhc3M%3D&btag=80000e00018000&dy_q=1786415860&feature_id=d6a18d7c5414b1f1e95a75faf9147845&l=20260811103739FF93585BE7F751426837&ply_type=3&policy=eyJ2bSI6MywidWlkIjoiMzEyOTY1MDYwMzg4ODE4NSJ9,已使用,审核通过,--,6,--,0.03,2,0,0,0,15,0,0,0,0,0,0,0,0,0
"	7666006379787599935",推送视频_0723-国星引流修改-7.mp4,https://video-cn.oceanengine.com/e7785d0a9f3b9dbb71b7c669bd8bc23d/6a7d2e01/tos-cn-ve-51/oA7jleBItSbBQEhIKCLUAIlGA3aUBBsFekxGfM?a=1402&ch=0&cr=0&dr=3&cd=0%7C0%7C0%7C0&br=1073&bt=1073&cs=0&ds=3&ft=J9ThAGkHH_Myq8Z4RkC_e2NvjTQ&mime_type=video_mp4&qs=0&rc=NXZpTGRTaFBnKWxncmd5aHFsc3IxZGZlaWc5Njs4aTszNGU5Omc8QGlqdTZsbTlyZmw8MzM0NjMzQFNsa3ZpcUQ6amtqXmJmK2BeaWpgYTojM18wNS4zL19fMTYvNTMuMmEjb3M1NDJkay1lYS0tZDBhc3M%3D&btag=80000e00008000&dy_q=1786415860&feature_id=d6a18d7c5414b1f1e95a75faf9147845&l=20260811103739FF93585BE7F751426837&ply_type=3&policy=eyJ2bSI6MywidWlkIjoiMzEyOTY1MDYwMzg4ODE4NSJ9,已使用,审核通过,--,7,--,0.29,29,0,0,0,10,0,0,0,0,0,0,0,0,0
"	7666006386430378026",推送视频_0723-国星引流修改-6c.mp4,https://video-cn.oceanengine.com/8934c179f6c637d8b502d0366c58cc68/6a7d2e01/tos-cn-ve-51/oYCfze96GBmULrTGlNIdkugQxCaQrUmAlGbeBA?a=1402&ch=0&cr=0&dr=3&cd=0%7C0%7C0%7C0&br=478&bt=478&cs=0&ds=6&ft=J9ThAGkHH_Myq8Z4RkC_e2NvjTQ&mime_type=video_mp4&qs=0&rc=NXZpTGRTaFBnKWxncmd5aHFsc3IxZGZmPDk7OTc7OGdpN2g4NzZmQGlqaW1pczlyZmw8MzM0NjMzQFNsa3ZpcUQ6amtqXmJmK2BeaWpgYTojYi5iLl4wY15eMTY1YmFiLWEjXmdoYTJkay1lYS0tZDBhc3M%3D&btag=80000e00008000&dy_q=1786415860&feature_id=d6a18d7c5414b1f1e95a75faf9147845&l=20260811103739FF93585BE7F751426837&ply_type=3&policy=eyJ2bSI6MywidWlkIjoiMzEyOTY1MDYwMzg4ODE4NSJ9,已使用,审核通过,首发,9,--,0.29,34,0,0,0,8.53,0,0,0,0,0,0,0,0,0
"	7662230271501189158",0713-引导-嘉丽-10.mp4,https://video-cn.oceanengine.com/31ef01870eea6a730b1b071a7da3241a/6a7d2e03/tos-cn-ve-51/oI9V5pQKqAII8r19H4m1PhAbtsgheBUUUtaEap?a=1402&ch=0&cr=0&dr=3&cd=0%7C0%7C0%7C0&cv=1&br=252&bt=252&cs=0&ds=3&ft=J9ThAGkHH_Myq8Z4RkC_e2NvjTQ&mime_type=video_mp4&qs=0&rc=NXZpTGRTaFBnKWxncmd5aHFsc3IxZGY8NmdpZmk1NmU2NDw0OzU5QGlqPG82PGtvdnU8MzM0NjMzQFNsa3ZpcUQ6amtqXmJmK2BeaWpgYTojL18vYWI0NV8xMWNgY18tMWEjYTZzXnFnbl9eYS0tZDAwc3M%3D&btag=80000e00010000&dy_q=1786415860&feature_id=d6a18d7c5414b1f1e95a75faf9147845&l=20260811103739FF93585BE7F751426837&ply_type=3&policy=eyJ2bSI6MywidWlkIjoiMzEyOTY1MDYwMzg4ODE4NSJ9,已使用,审核通过,首发,20,--,1.74,65,2,3.08,0.87,26.77,0,0,0,0,0,0,0,0,0
"	7666044325575032875",0723-魏怡-3-改.mp4,https://video-cn.oceanengine.com/c6697010692d0053e09b922860649e56/6a7d2e07/tos-cn-ve-51/osgHzqhg7fKfAtxb9gCQugA9FUFYBQaUDIaIN6?a=1402&ch=0&cr=0&dr=3&cd=0%7C0%7C0%7C0&cv=1&br=1178&bt=1178&cs=0&ds=3&ft=J9ThAGkHH_Myq8Z4RkC_e2NvjTQ&mime_type=video_mp4&qs=0&rc=NXZpTGRTaFBnKWxncmd5aHFsc3IxZGZpO2Y3aWg2NDY1NmU8NzhnQGkzdzQ3ZG86ZHk8MzM0NjMzQFNsa3ZpcUQ6amtqXmJmK2BeaWpgYTojXl4zMy80MjYzMTIxLjUwM2EjMXEzNWFhL2dlYS0tZDAvc3M%3D&btag=80000e00010000&dy_q=1786415860&feature_id=d6a18d7c5414b1f1e95a75faf9147845&l=20260811103739FF93585BE7F751426837&ply_type=3&policy=eyJ2bSI6MywidWlkIjoiMzEyOTY1MDYwMzg4ODE4NSJ9,已使用,审核通过,--,14,--,1.17,17,0,0,0,68.82,0,0,0,0,0,0,0,0,0
"	7668236228881743882",推送视频_0729-瑞晨浩正引流素材-1改-3.mp4,https://video-cn.oceanengine.com/a6c627ab1a37d847ba0613f8f3696980/6a7d2e17/tos-cn-ve-51/oMeRIHA1gQkES9m1K7jKIQ5ArlTaNtMYYh6ZCB?a=1402&ch=0&cr=0&dr=3&cd=0%7C0%7C0%7C0&br=2456&bt=2456&cs=0&ds=4&ft=J9ThAGkHH_Myq8Z4RkC_e2NvjTQ&mime_type=video_mp4&qs=0&rc=NXZpTGRTaFBnKWxncmd5aHFsc3IxZGY4aTNpOmQ0O2Q0NDs4aDdkQGlqc2U3OW86bGo8MzM0NjMzQFNsa3ZpcUQ6amtqXmJmK2BeaWpgYTojYl8vLmI2YjUzMTM2X18tMWEjbmk1Y2FhZmxpYS0tZDAwc3M%3D&btag=80000200018000&dy_q=1786415860&feature_id=d6a18d7c5414b1f1e95a75faf9147845&l=20260811103739FF93585BE7F751426837&ply_type=3&policy=eyJ2bSI6MywidWlkIjoiMzEyOTY1MDYwMzg4ODE4NSJ9,未使用,审核不通过,--,0,--,0,0,0,0,0,0,0,0,0,0,0,0,0,0,0
"	7668235106076000282",推送视频_0729-瑞晨浩正引流素材-1改-9.mp4,https://video-cn.oceanengine.com/5b523f9e7c129efd41ebeaf84659e5d1/6a7d2e15/tos-cn-ve-51/oIofiBHJpNCfe2ncEn1tAzqeMrA2xp5iAyjJ0C?a=1402&ch=0&cr=0&dr=3&cd=0%7C0%7C0%7C0&br=2221&bt=2221&cs=0&ds=4&ft=J9ThAGkHH_Myq8Z4RkC_e2NvjTQ&mime_type=video_mp4&qs=0&rc=NXZpTGRTaFBnKWxncmd5aHFsc3IxZGY3OjppN2ZlZ2k2NjppaDRoQGlqaG04Zm86aWo8MzM0NjMzQFNsa3ZpcUQ6amtqXmJmK2BeaWpgYTojMzNgY2MuLV82MTZfNjEtLmEjbGY1c2FhbmppYS0tZDBhc3M%3D&btag=80000200018000&dy_q=1786415860&feature_id=d6a18d7c5414b1f1e95a75faf9147845&l=20260811103739FF93585BE7F751426837&ply_type=3&policy=eyJ2bSI6MywidWlkIjoiMzEyOTY1MDYwMzg4ODE4NSJ9,未使用,审核不通过,--,0,--,0,0,0,0,0,0,0,0,0,0,0,0,0,0,0
"	7668235101707026459",推送视频_0729-瑞晨浩正引流素材-1改-6.mp4,https://video-cn.oceanengine.com/178bb696aa4871a1cea1268d7cd6d537/6a7d2e14/tos-cn-ve-51/oEutQItlQrIIwJn1ZE0AHQPL9mRDIARWzdasO?a=1402&ch=0&cr=0&dr=3&cd=0%7C0%7C0%7C0&br=2446&bt=2446&cs=0&ds=4&ft=J9ThAGkHH_Myq8Z4RkC_e2NvjTQ&mime_type=video_mp4&qs=0&rc=NXZpTGRTaFBnKWxncmd5aHFsc3IxZGY5aTRmN2VmZzpoaTo6NDY7QGkzOHN5Om86aWo8MzM0NjMzQFNsa3ZpcUQ6amtqXmJmK2BeaWpgYTojMTBeYDFiM18xMTE2MF80YWEjNTBhamFhbmppYS0tZDAwc3M%3D&btag=80000200018000&dy_q=1786415860&feature_id=d6a18d7c5414b1f1e95a75faf9147845&l=20260811103739FF93585BE7F751426837&ply_type=3&policy=eyJ2bSI6MywidWlkIjoiMzEyOTY1MDYwMzg4ODE4NSJ9,未使用,审核不通过,--,0,--,0,0,0,0,0,0,0,0,0,0,0,0,0,0,0
"	7668235064334975002",推送视频_0729-瑞晨浩正引流素材-1改-1.mp4,https://video-cn.oceanengine.com/aa8a291d6da6b1943d94b9f96eb96141/6a7d2e17/tos-cn-ve-51/o8IQ0v7EwtNdFLsnzDbPmsa6WJ2LrNADtIjQA?a=1402&ch=0&cr=0&dr=3&cd=0%7C0%7C0%7C0&br=2250&bt=2250&cs=0&ds=4&ft=J9ThAGkHH_Myq8Z4RkC_e2NvjTQ&mime_type=video_mp4&qs=0&rc=NXZpTGRTaFBnKWxncmd5aHFsc3IxZGY3aTk5Ozo3PGRnZDVkZGloQGkzaWZtOm86aWo8MzM0NjMzQFNsa3ZpcUQ6amtqXmJmK2BeaWpgYTojMjFfYzBiNjYvMV8tMy9fNWEjcWtgcWFhbmppYS0tZDAwc3M%3D&btag=80000200018000&dy_q=1786415860&feature_id=d6a18d7c5414b1f1e95a75faf9147845&l=20260811103739FF93585BE7F751426837&ply_type=3&policy=eyJ2bSI6MywidWlkIjoiMzEyOTY1MDYwMzg4ODE4NSJ9,未使用,审核不通过,--,0,--,0,0,0,0,0,0,0,0,0,0,0,0,0,0,0
"	7668234974908481546",推送视频_0729-瑞晨浩正引流素材-1改-10.mp4,https://video-cn.oceanengine.com/0ed756cfbd3c46b7deca555c6b03fdfb/6a7d2e13/tos-cn-ve-51/oURoZPdmwqTegg23kEEarDe1BtaUaRNtsrDAAA?a=1402&ch=0&cr=0&dr=3&cd=0%7C0%7C0%7C0&br=1732&bt=1732&cs=0&ds=4&ft=J9ThAGkHH_Myq8Z4RkC_e2NvjTQ&mime_type=video_mp4&qs=0&rc=NXZpTGRTaFBnKWxncmd5aHFsc3IxZGY0N2ZnaDkzaTk3aWlkOWQ1QGlqNjdnZG86ZGo8MzM0NjMzQFNsa3ZpcUQ6amtqXmJmK2BeaWpgYTojLTA2YmBjNTZiMV4yXjFgNGEjbi8zcWFhL2ppYS0tZDAwc3M%3D&btag=80000200018000&dy_q=1786415860&feature_id=d6a18d7c5414b1f1e95a75faf9147845&l=20260811103739FF93585BE7F751426837&ply_type=3&policy=eyJ2bSI6MywidWlkIjoiMzEyOTY1MDYwMzg4ODE4NSJ9,未使用,审核不通过,--,0,--,0,0,0,0,0,0,0,0,0,0,0,0,0,0,0
"	7668234940762652723",推送视频_0729-瑞晨浩正引流素材-1改-4.mp4,https://video-cn.oceanengine.com/f155d583bd6488874adf97385ff9d42d/6a7d2e17/tos-cn-ve-51/o4aAJsqEr6ra5BxogfNCwo7dtDANVQaWFIfYLI?a=1402&ch=0&cr=0&dr=3&cd=0%7C0%7C0%7C0&br=2587&bt=2587&cs=0&ds=4&ft=J9ThAGkHH_Myq8Z4RkC_e2NvjTQ&mime_type=video_mp4&qs=0&rc=NXZpTGRTaFBnKWxncmd5aHFsc3IxZGY0NTg0NTppMzRlNTMzZjU8QGkzZTY6ZW86aWo8MzM0NjMzQFNsa3ZpcUQ6amtqXmJmK2BeaWpgYTojMWJgXl5iNV80MWBjLTU1NGEjMXNfM2FhbmppYS0tZDBhc3M%3D&btag=80000200018000&dy_q=1786415860&feature_id=d6a18d7c5414b1f1e95a75faf9147845&l=20260811103739FF93585BE7F751426837&ply_type=3&policy=eyJ2bSI6MywidWlkIjoiMzEyOTY1MDYwMzg4ODE4NSJ9,未使用,审核不通过,--,0,--,0,0,0,0,0,0,0,0,0,0,0,0,0,0,0
"	7668234901004582958",推送视频_0728浩正瑞晨学姐-1改-1.mp4,https://video-cn.oceanengine.com/f423f08a79894bd2367e9f32e818a5ae/6a7d2e0f/tos-cn-ve-51/oYkEWTo9dEUWoQrQIzAtlJaAsAEW0yCDFIBLm?a=1402&ch=0&cr=0&dr=3&cd=0%7C0%7C0%7C0&br=1275&bt=1275&cs=0&ds=4&ft=J9ThAGkHH_Myq8Z4RkC_e2NvjTQ&mime_type=video_mp4&qs=0&rc=NXZpTGRTaFBnKWxncmd5aHFsc3IxZGZmM2k2ZDMzPDY5OTU8ZTo4QGkzNmo1OG86OGo8MzM0NjMzQFNsa3ZpcUQ6amtqXmJmK2BeaWpgYTojYDE2NjRhYV5gMV8uMS0wL2EjLi01ZmFhbmppYS0tZDBhc3M%3D&btag=80000200010000&dy_q=1786415860&feature_id=d6a18d7c5414b1f1e95a75faf9147845&l=20260811103739FF93585BE7F751426837&ply_type=3&policy=eyJ2bSI6MywidWlkIjoiMzEyOTY1MDYwMzg4ODE4NSJ9,未使用,审核不通过,--,0,--,0,0,0,0,0,0,0,0,0,0,0,0,0,0,0
"	7668234846337531954",推送视频_0728-浩正瑞晨大字报单科-1改-2.mp4,https://video-cn.oceanengine.com/152b5b10fe7f65041b95a91632074c77/6a7d2e08/tos-cn-ve-51/o4tWBFl1NAr5ggEQ7RyY5moAmUrIEIfDBApQIa?a=1402&ch=0&cr=0&dr=3&cd=0%7C0%7C0%7C0&br=2050&bt=2050&cs=0&ds=4&ft=J9ThAGkHH_Myq8Z4RkC_e2NvjTQ&mime_type=video_mp4&qs=0&rc=NXZpTGRTaFBnKWxncmd5aHFsc3IxZGZpaDo0ZTxoaDdkPDo3OjlnQGlqM3k5O286NWo8MzM0NjMzQFNsa3ZpcUQ6amtqXmJmK2BeaWpgYTojNjFhYzYyXl4vMTU2LTA0LmEjaGdfZGFhL2ppYS0tZDBhc3M%3D&btag=80000200010000&dy_q=1786415860&feature_id=d6a18d7c5414b1f1e95a75faf9147845&l=20260811103739FF93585BE7F751426837&ply_type=3&policy=eyJ2bSI6MywidWlkIjoiMzEyOTY1MDYwMzg4ODE4NSJ9,未使用,审核不通过,--,0,--,0,0,0,0,0,0,0,0,0,0,0,0,0,0,0
"	7668234838328541211",推送视频_0728浩正瑞晨学姐-1改-2.mp4,https://video-cn.oceanengine.com/57bea08938967e269f91b191b46ecc6d/6a7d2e08/tos-cn-ve-51/o4w0RLAIjrtEzIQShDRFgWYj4QLmDdIaAsvXy?a=1402&ch=0&cr=0&dr=3&cd=0%7C0%7C0%7C0&br=1350&bt=1350&cs=0&ds=4&ft=J9ThAGkHH_Myq8Z4RkC_e2NvjTQ&mime_type=video_mp4&qs=0&rc=NXZpTGRTaFBnKWxncmd5aHFsc3IxZGY7PDVoNzQ8Omc6ZGg6ZDc2QGkzbHg7Nm86OGo8MzM0NjMzQFNsa3ZpcUQ6amtqXmJmK2BeaWpgYTojMWAwXjMxYV9jMWNfLl4uNGEjcDMyMWFhbmppYS0tZDAwc3M%3D&btag=80000200010000&dy_q=1786415860&feature_id=d6a18d7c5414b1f1e95a75faf9147845&l=20260811103739FF93585BE7F751426837&ply_type=3&policy=eyJ2bSI6MywidWlkIjoiMzEyOTY1MDYwMzg4ODE4NSJ9,未使用,审核不通过,--,0,--,0,0,0,0,0,0,0,0,0,0,0,0,0,0,0
"	7668234469824757810",推送视频_0730-李博数字人-杜引流2-1改.mp4,https://video-cn.oceanengine.com/dd092c102015a532ee4f769729440654/6a7d2e04/tos-cn-ve-51/oUIvEmzt8rGpXAjIHa8EsPwI1mGrQKHWAIDdQ?a=1402&ch=0&cr=0&dr=3&cd=0%7C0%7C0%7C0&br=3432&bt=3432&cs=0&ds=4&ft=J9ThAGkHH_Myq8Z4RkC_e2NvjTQ&mime_type=video_mp4&qs=0&rc=NXZpTGRTaFBnKWxncmd5aHFsc3IxZGY3Njk7NGc2O2g6OWY5NGU6QGlqcXJtNm86ZWo8MzM0NjMzQFNsa3ZpcUQ6amtqXmJmK2BeaWpgYTojY19gMGIyMzVeMWI1YC5hMGEja2RwMGFhL2lpYS0tZDAwc3M%3D&btag=80000200010000&dy_q=1786415860&feature_id=d6a18d7c5414b1f1e95a75faf9147845&l=20260811103739FF93585BE7F751426837&ply_type=3&policy=eyJ2bSI6MywidWlkIjoiMzEyOTY1MDYwMzg4ODE4NSJ9,已使用,审核不通过,--,1,--,0,0,0,0,0,0,0,0,0,0,0,0,0,0,0
"	7666006388808581139",推送视频_0723-瑞晨引流修改-8.mp4,https://video-cn.oceanengine.com/b1fd0fed732fccae0dc5370b18a1bc41/6a7d2dfc/tos-cn-ve-51/ooUIg2jYNAeQqAIRje2YdyFkKsz1DBaxCcEAq7?a=1402&ch=0&cr=0&dr=3&cd=0%7C0%7C0%7C0&br=773&bt=773&cs=0&ds=3&ft=J9ThAGkHH_Myq8Z4RkC_e2NvjTQ&mime_type=video_mp4&qs=0&rc=NXZpTGRTaFBnKWxncmd5aHFsc3IxZGY5Ojw8Zmg3OTdnZGYzPDc1QGlqcHdqO286Zmw8MzM0NjMzQFNsa3ZpcUQ6amtqXmJmK2BeaWpgYTojLi1jMi4uM18vMV5hYjBfLWEjYW9pb2FhXi1lYS0tZDAvc3M%3D&btag=80000e00008000&dy_q=1786415860&feature_id=d6a18d7c5414b1f1e95a75faf9147845&l=20260811103739FF93585BE7F751426837&ply_type=3&policy=eyJ2bSI6MywidWlkIjoiMzEyOTY1MDYwMzg4ODE4NSJ9,已使用,审核通过,--,8,--,0,0,0,0,0,0,0,0,0,0,0,0,0,0,0
"	7666006371528556586",推送视频_0723-国星引流修改-4.mp4,https://video-cn.oceanengine.com/36ed9bb10e62dcee9e5fcbf4b912f0d0/6a7d2dff/tos-cn-ve-51/oERNgDAH0bxeGEIMueBuRmSggAaUAqAyYE1Dn2?a=1402&ch=0&cr=0&dr=3&cd=0%7C0%7C0%7C0&br=830&bt=830&cs=0&ds=3&ft=J9ThAGkHH_Myq8Z4RkC_e2NvjTQ&mime_type=video_mp4&qs=0&rc=NXZpTGRTaFBnKWxncmd5aHFsc3IxZGY2OmkzaWVlaWZkM2g2ZTNkQGlqZWx2OW86Zmw8MzM0NjMzQFNsa3ZpcUQ6amtqXmJmK2BeaWpgYTojNDAtYC8uNjUxMWBiLjI1MWEjai9kbGFhXi1lYS0tZDAwc3M%3D&btag=80000e00008000&dy_q=1786415860&feature_id=d6a18d7c5414b1f1e95a75faf9147845&l=20260811103739FF93585BE7F751426837&ply_type=3&policy=eyJ2bSI6MywidWlkIjoiMzEyOTY1MDYwMzg4ODE4NSJ9,已使用,审核通过,--,5,--,0,0,0,0,0,0,0,0,0,0,0,0,0,0,0
"	7666006364797386806",推送视频_0723-瑞晨引流修改-7.mp4,https://video-cn.oceanengine.com/e0ea3e00964527f7362bf1f0f45cd211/6a7d2dfa/tos-cn-ve-51/o0CAVAqfguNB2xBDayADcQI1GgJCYshBIfRRts?a=1402&ch=0&cr=0&dr=3&cd=0%7C0%7C0%7C0&br=1640&bt=1640&cs=0&ds=4&ft=J9ThAGkHH_Myq8Z4RkC_e2NvjTQ&mime_type=video_mp4&qs=0&rc=NXZpTGRTaFBnKWxncmd5aHFsc3IxZGY8NGczOjs3MzQzNTxpZTtnQGkzM2U6ZW86Zmw8MzM0NjMzQFNsa3ZpcUQ6amtqXmJmK2BeaWpgYTojY2BjM2M0MDYuMTYvNF5gYmEjZi5xLWFhXi1lYS0tZDAvc3M%3D&btag=80000e00008000&dy_q=1786415860&feature_id=d6a18d7c5414b1f1e95a75faf9147845&l=20260811103739FF93585BE7F751426837&ply_type=3&policy=eyJ2bSI6MywidWlkIjoiMzEyOTY1MDYwMzg4ODE4NSJ9,已使用,审核通过,--,4,--,0,0,0,0,0,0,0,0,0,0,0,0,0,0,0
"	7666103246486765594",0723-雅迪引流-3c-改.mp4,https://video-cn.oceanengine.com/fe8c46305714bbd60a3e999a1815f32a/6a7d2df9/tos-cn-ve-51/oYTyQC7aBrIATEiOeqfHDtoItmtbMNAYOzBTng?a=1402&ch=0&cr=0&dr=3&cd=0%7C0%7C0%7C0&br=744&bt=744&cs=0&ds=3&ft=J9ThAGkHH_Myq8Z4RkC_e2NvjTQ&mime_type=video_mp4&qs=0&rc=NXZpTGRTaFBnKWxncmd5aHFsc3IxZGY5NTplOTU4aDs7OjRkOjk1QGkzcHZzNW86c3k8MzM0NjMzQFNsa3ZpcUQ6amtqXmJmK2BeaWpgYTojYzRfXi8zLV9gMV82NmNeMWEjbmdkXmFhZmZlYS0tZDAvc3M%3D&btag=80000e00008000&dy_q=1786415860&feature_id=d6a18d7c5414b1f1e95a75faf9147845&l=20260811103739FF93585BE7F751426837&ply_type=3&policy=eyJ2bSI6MywidWlkIjoiMzEyOTY1MDYwMzg4ODE4NSJ9,已使用,审核通过,--,9,--,0,0,0,0,0,0,0,0,0,0,0,0,0,0,0
"	7666044620682477611",0723-魏怡-6-改.mp4,https://video-cn.oceanengine.com/ff93631dfd3e5fd96c8c2e174fb2f45d/6a7d2e60/tos-cn-ve-51/oMZQ17mAAaeYUN5HXotTgzI7NAcDgvUIDvBqof?a=1402&ch=0&cr=0&dr=3&cd=0%7C0%7C0%7C0&br=1791&bt=1791&cs=0&ds=3&ft=J9ThAGkHH_Myq8Z4RkC_e2NvjTQ&mime_type=video_mp4&qs=0&rc=NXZpTGRTaFBnKWxncmd5aHFsc3IxZGZmOWloPGU1OmY2M2Y7PGloQGkzbTw7aG86ZHk8MzM0NjMzQFNsa3ZpcUQ6amtqXmJmK2BeaWpgYTojL140LzFjYDUuMTA2Mi42YmEjXm0uM2FhL2dlYS0tZDBhc3M%3D&btag=80000e00028000&dy_q=1786415860&feature_id=d6a18d7c5414b1f1e95a75faf9147845&l=20260811103739FF93585BE7F751426837&ply_type=3&policy=eyJ2bSI6MywidWlkIjoiMzEyOTY1MDYwMzg4ODE4NSJ9,已使用,审核通过,--,8,--,0,0,0,0,0,0,0,0,0,0,0,0,0,0,0
"	7666044603117780998",0723-魏怡-4-改.mp4,https://video-cn.oceanengine.com/8a1ad0f4ddf15f4cf1c94884b186848c/6a7d2e60/tos-cn-ve-51/oo2beHIHPb0g0119CARKaZAagmQiws3oBfxUeG?a=1402&ch=0&cr=0&dr=3&cd=0%7C0%7C0%7C0&cv=1&br=1686&bt=1686&cs=0&ds=3&ft=J9ThAGkHH_Myq8Z4RkC_e2NvjTQ&mime_type=video_mp4&qs=0&rc=NXZpTGRTaFBnKWxncmd5aHFsc3IxZGZlNDk0ZDhnZzlnZTk6ZjdpQGlqa3c5Nm86ZHk8MzM0NjMzQFNsa3ZpcUQ6amtqXmJmK2BeaWpgYTojYTUxYjQwNjUxMV4yMDNiY2EjL3Eub2FhL2dlYS0tZDBhc3M%3D&btag=80000e00028000&dy_q=1786415860&feature_id=d6a18d7c5414b1f1e95a75faf9147845&l=20260811103739FF93585BE7F751426837&ply_type=3&policy=eyJ2bSI6MywidWlkIjoiMzEyOTY1MDYwMzg4ODE4NSJ9,已使用,审核通过,--,9,--,0,0,0,0,0,0,0,0,0,0,0,0,0,0,0
"	7666044375975460906",0723-魏怡-5-改.mp4,https://video-cn.oceanengine.com/e475cac7cd2ffddcdb1899fbde3b056f/6a7d2e5f/tos-cn-ve-51/osIbmaUAfgBjmoGH1BQzBxazkigCrARA2eGGfz?a=1402&ch=0&cr=0&dr=3&cd=0%7C0%7C0%7C0&br=1300&bt=1300&cs=0&ds=6&ft=J9ThAGkHH_Myq8Z4RkC_e2NvjTQ&mime_type=video_mp4&qs=0&rc=NXZpTGRTaFBnKWxncmd5aHFsc3IxZGZkZGk8NzM4NDVkNzc8Zjc3QGlqM3FpM286ZHk8MzM0NjMzQFNsa3ZpcUQ6amtqXmJmK2BeaWpgYTojLjNfMzIyMl80MV9eX2EyLWEjZWdyMWFhL2dlYS0tZDBhc3M%3D&btag=80000e00028000&dy_q=1786415860&feature_id=d6a18d7c5414b1f1e95a75faf9147845&l=20260811103739FF93585BE7F751426837&ply_type=3&policy=eyJ2bSI6MywidWlkIjoiMzEyOTY1MDYwMzg4ODE4NSJ9,已使用,审核不通过,--,5,--,0,0,0,0,0,0,0,0,0,0,0,0,0,0,0
"	7666044315906916393",0723-魏怡-2-改.mp4,https://video-cn.oceanengine.com/ce3abda5d4a92e1fde52a6b23fc33cf8/6a7d2e07/tos-cn-ve-51/o8QDObtYLQalURgAzScgIF7uqHION63ACEtfeB?a=1402&ch=0&cr=0&dr=3&cd=0%7C0%7C0%7C0&br=915&bt=915&cs=0&ds=3&ft=J9ThAGkHH_Myq8Z4RkC_e2NvjTQ&mime_type=video_mp4&qs=0&rc=NXZpTGRTaFBnKWxncmd5aHFsc3IxZGY0NWRpZWg3Ozo8Mzs0aGZnQGlqOGhqO286ZHk8MzM0NjMzQFNsa3ZpcUQ6amtqXmJmK2BeaWpgYTojY182XjZjNl8xMS5jYF5jNGEjaGJrb2FhL2dlYS0tZDAvc3M%3D&btag=80000e00010000&dy_q=1786415860&feature_id=d6a18d7c5414b1f1e95a75faf9147845&l=20260811103739FF93585BE7F751426837&ply_type=3&policy=eyJ2bSI6MywidWlkIjoiMzEyOTY1MDYwMzg4ODE4NSJ9,已使用,审核通过,--,6,--,0,0,0,0,0,0,0,0,0,0,0,0,0,0,0
"	7666044290755264575",0723-魏怡-1-改.mp4,https://video-cn.oceanengine.com/cc4779ea5557c7a99113138efc4e0adc/6a7d2e07/tos-cn-ve-51/o8TzQCSuUaAvesDdRftYANqgrDygkBuYITIgH7?a=1402&ch=0&cr=0&dr=3&cd=0%7C0%7C0%7C0&br=675&bt=675&cs=0&ds=6&ft=J9ThAGkHH_Myq8Z4RkC_e2NvjTQ&mime_type=video_mp4&qs=0&rc=NXZpTGRTaFBnKWxncmd5aHFsc3IxZGZmO2QzNTw6ZmhpOTc8ZmhmQGlqbDpvZm86ZHk8MzM0NjMzQFNsa3ZpcUQ6amtqXmJmK2BeaWpgYTojLS82Xi4tLl81MTM1YjAuLWEjMWZlX2FhL2dlYS0tZDAvc3M%3D&btag=80000e00010000&dy_q=1786415860&feature_id=d6a18d7c5414b1f1e95a75faf9147845&l=20260811103739FF93585BE7F751426837&ply_type=3&policy=eyJ2bSI6MywidWlkIjoiMzEyOTY1MDYwMzg4ODE4NSJ9,已使用,审核通过,--,6,--,0,0,0,0,0,0,0,0,0,0,0,0,0,0,0
"	7665911365609570346",0723-引流-魏怡-7 C.mp4,https://video-cn.oceanengine.com/16a534727a429ea0be0b4d1c2f6bb14d/6a7d2e5f/tos-cn-ve-51/ogHglo6GbIjAxaURRTQgec1UTOKa2BzfCAwqex?a=1402&ch=0&cr=0&dr=3&cd=0%7C0%7C0%7C0&br=1537&bt=1537&cs=0&ds=3&ft=J9ThAGkHH_Myq8Z4RkC_e2NvjTQ&mime_type=video_mp4&qs=0&rc=NXZpTGRTaFBnKWxncmd5aHFsc3IxZGZoOzpkN2Y3OjMzZDw4PGU8QGlqbHNpN286Znk8MzM0NjMzQFNsa3ZpcUQ6amtqXmJmK2BeaWpgYTojLjFjMjQzMV8uMTIzNTE0YmEjZi1tYGFhbmllYS0tZDBhc3M%3D&btag=80000e00028000&dy_q=1786415860&feature_id=d6a18d7c5414b1f1e95a75faf9147845&l=20260811103739FF93585BE7F751426837&ply_type=3&policy=eyJ2bSI6MywidWlkIjoiMzEyOTY1MDYwMzg4ODE4NSJ9,已使用,审核通过,--,8,--,0,0,0,0,0,0,0,0,0,0,0,0,0,0,0
"	7665667885312524307",0723-国星引流-2c.mp4,https://video-cn.oceanengine.com/dae72e4b0d6c79420c898c888076be7d/6a7d2e17/tos-cn-ve-51/oUfCDmzRrHJUaBAfQqaKb9G1A2bGa7gsBQxeIF?a=1402&ch=0&cr=0&dr=3&cd=0%7C0%7C0%7C0&br=357&bt=357&cs=0&ds=3&ft=J9ThAGkHH_Myq8Z4RkC_e2NvjTQ&mime_type=video_mp4&qs=0&rc=NXZpTGRTaFBnKWxncmd5aHFsc3IxZGZmNjw5Z2c8PDRpZDxkZGQ3QGlqNjRnaW86Znk8MzM0NjMzQFNsa3ZpcUQ6amtqXmJmK2BeaWpgYTojY2FjMGMyMTZjMWM1Yy8zY2EjLzNlZGFhbmllYS0tZDBhc3M%3D&btag=80000e00018000&dy_q=1786415860&feature_id=d6a18d7c5414b1f1e95a75faf9147845&l=20260811103739FF93585BE7F751426837&ply_type=3&policy=eyJ2bSI6MywidWlkIjoiMzEyOTY1MDYwMzg4ODE4NSJ9,已使用,审核通过,--,5,--,0,0,0,0,0,0,0,0,0,0,0,0,0,0,0
"	7666049027445276718",引流1——子衿改.mp4,https://video-cn.oceanengine.com/43aedc21dcd13b0370dc894f255f3098/6a7d2dfe/tos-cn-ve-51/o4kOdIAUHsJnLiNtZIgEUWQqxNjKAaBzNHmAd?a=1402&ch=0&cr=0&dr=3&cd=0%7C0%7C0%7C0&br=477&bt=477&cs=0&ds=4&ft=J9ThAGkHH_Myq8Z4RkC_e2NvjTQ&mime_type=video_mp4&qs=0&rc=NXZpTGRTaFBnKWxncmd5aHFsc3IxZGY8NDo5O2lkNmZlODwzZGlnQGlqZDczZm86Om48MzM0NjMzQFNsa3ZpcUQ6amtqXmJmK2BeaWpgYTojNC1fMDRgYzZeMWBfLy42MGEjMy1iaWFhZmJlYS0tZDAvc3M%3D&btag=80000200008000&dy_q=1786415860&feature_id=d6a18d7c5414b1f1e95a75faf9147845&l=20260811103739FF93585BE7F751426837&ply_type=3&policy=eyJ2bSI6MywidWlkIjoiMzEyOTY1MDYwMzg4ODE4NSJ9,未使用,审核不通过,--,0,--,0,0,0,0,0,0,0,0,0,0,0,0,0,0,0
"	7665169630885937161",0720-引流-魏怡-1.mp4,https://video-cn.oceanengine.com/b6f7e23d8f93b870b2edc076994bd8a1/6a7d2e09/tos-cn-ve-51/oclBisQMoAQ3fuDEgam1lsAiL7AhtBz3mEJIsb?a=1402&ch=0&cr=0&dr=3&cd=0%7C0%7C0%7C0&br=1823&bt=1823&cs=0&ds=3&ft=J9ThAGkHH_Myq8Z4RkC_e2NvjTQ&mime_type=video_mp4&qs=0&rc=NXZpTGRTaFBnKWxncmd5aHFsc3IxZGY8MzRpODU8Zzg7OmRnaTlkQGlqcGVuZ286azw8MzM0NjMzQFNsa3ZpcUQ6amtqXmJmK2BeaWpgYTojLi9eY2AvYDU2MS82NC8xLmEjNWtqbWFhXmJkYS0tZDAvc3M%3D&btag=80000e00010000&dy_q=1786415860&feature_id=d6a18d7c5414b1f1e95a75faf9147845&l=20260811103739FF93585BE7F751426837&ply_type=3&policy=eyJ2bSI6MywidWlkIjoiMzEyOTY1MDYwMzg4ODE4NSJ9,已使用,审核通过,--,6,--,0,0,0,0,0,0,0,0,0,0,0,0,0,0,0
"	7665169608501805082",0721-引流-魏怡- 7.mp4,https://video-cn.oceanengine.com/fd1de6c8d1fa6a478aab258614cf128f/6a7d2e0e/tos-cn-ve-51/oIaRlQSC4IKzLpE9mI3WQw5CtUXTVEdgAMMAX?a=1402&ch=0&cr=0&dr=3&cd=0%7C0%7C0%7C0&br=1515&bt=1515&cs=0&ds=3&ft=J9ThAGkHH_Myq8Z4RkC_e2NvjTQ&mime_type=video_mp4&qs=0&rc=NXZpTGRTaFBnKWxncmd5aHFsc3IxZGYzOzVmMzNnaWg0NDk3NTg8QGlqZTgzPG86azw8MzM0NjMzQFNsa3ZpcUQ6amtqXmJmK2BeaWpgYTojYTQwLjU2M15jMTJhMDNjLWEjXzNrMmFhXmJkYS0tZDAwc3M%3D&btag=80000e00010000&dy_q=1786415860&feature_id=d6a18d7c5414b1f1e95a75faf9147845&l=20260811103739FF93585BE7F751426837&ply_type=3&policy=eyJ2bSI6MywidWlkIjoiMzEyOTY1MDYwMzg4ODE4NSJ9,已使用,审核通过,--,4,--,0,0,0,0,0,0,0,0,0,0,0,0,0,0,0
"	7665169570731180042",0721-引流-魏怡-6.mp4,https://video-cn.oceanengine.com/652abbe2bc166977206d45771eccd622/6a7d2e0f/tos-cn-ve-51/oML8SFEDEI7Qg0YdJBfdMFFANiIbqDNDAgftBH?a=1402&ch=0&cr=0&dr=3&cd=0%7C0%7C0%7C0&br=822&bt=822&cs=0&ds=3&ft=J9ThAGkHH_Myq8Z4RkC_e2NvjTQ&mime_type=video_mp4&qs=0&rc=NXZpTGRTaFBnKWxncmd5aHFsc3IxZGZpZmZkOWg7aGc1ZWY4ZjM3QGkzPDk0eDlyazw8MzM0NjMzQFNsa3ZpcUQ6amtqXmJmK2BeaWpgYTojNTUzYDYwYDVjMTYvLi0uNGEjMHEtLjJkY2JkYS0tZDBhc3M%3D&btag=80000e00010000&dy_q=1786415860&feature_id=d6a18d7c5414b1f1e95a75faf9147845&l=20260811103739FF93585BE7F751426837&ply_type=3&policy=eyJ2bSI6MywidWlkIjoiMzEyOTY1MDYwMzg4ODE4NSJ9,已使用,审核通过,--,4,--,0,0,0,0,0,0,0,0,0,0,0,0,0,0,0
"	7665169551356592155",0721-引流-魏怡-8.mp4,https://video-cn.oceanengine.com/49ccbec24210338edbe1bc4972160066/6a7d2e12/tos-cn-ve-51/oMlQRCMmEIzmWU7cIIadAgtQ3CWbgEmiRUlAX?a=1402&ch=0&cr=0&dr=3&cd=0%7C0%7C0%7C0&br=1156&bt=1156&cs=0&ds=3&ft=J9ThAGkHH_Myq8Z4RkC_e2NvjTQ&mime_type=video_mp4&qs=0&rc=NXZpTGRTaFBnKWxncmd5aHFsc3IxZGZmZTU5ZmRoaDM3NGY6NGU7QGkzcGc5OW86azw8MzM0NjMzQFNsa3ZpcUQ6amtqXmJmK2BeaWpgYTojNmJjNS9gLjU2MWA1YDUzYmEjYi9zMWFhXmJkYS0tZDAvc3M%3D&btag=80000e00018000&dy_q=1786415860&feature_id=d6a18d7c5414b1f1e95a75faf9147845&l=20260811103739FF93585BE7F751426837&ply_type=3&policy=eyJ2bSI6MywidWlkIjoiMzEyOTY1MDYwMzg4ODE4NSJ9,已使用,审核通过,--,4,--,0,0,0,0,0,0,0,0,0,0,0,0,0,0,0
"	7665169543526301722",0720-引流-魏怡-2.mp4,https://video-cn.oceanengine.com/06df16d33083da3c5039e02dc6c7df84/6a7d2dff/tos-cn-ve-51/osAUnBu7EiQaMEs1AOgImLbtroLf2MBmgaAAQM?a=1402&ch=0&cr=0&dr=3&cd=0%7C0%7C0%7C0&cv=1&br=1601&bt=1601&cs=0&ds=3&ft=J9ThAGkHH_Myq8Z4RkC_e2NvjTQ&mime_type=video_mp4&qs=0&rc=NXZpTGRTaFBnKWxncmd5aHFsc3IxZGZlODw8NTk3ZmczPDgzNWgzQGkzZzttM286azw8MzM0NjMzQFNsa3ZpcUQ6amtqXmJmK2BeaWpgYTojXi8xMTJgLl5hMTJfL2NiX2EjLWBhMGFhXmJkYS0tZDBhc3M%3D&btag=80000e00008000&dy_q=1786415860&feature_id=d6a18d7c5414b1f1e95a75faf9147845&l=20260811103739FF93585BE7F751426837&ply_type=3&policy=eyJ2bSI6MywidWlkIjoiMzEyOTY1MDYwMzg4ODE4NSJ9,已使用,审核通过,首发,12,--,0,0,0,0,0,0,0,0,0,0,0,0,0,0,0
"	7665169526927704090",0721-引流-魏怡-5测.mp4,https://video-cn.oceanengine.com/10ac5258ca17dc41bf028d191249f817/6a7d2e49/tos-cn-ve-51/oQpAmtAQmEdVMEnizEwMRrZqagIUaIX6ClWQO?a=1402&ch=0&cr=0&dr=3&cd=0%7C0%7C0%7C0&br=2071&bt=2071&cs=0&ds=3&ft=J9ThAGkHH_Myq8Z4RkC_e2NvjTQ&mime_type=video_mp4&qs=0&rc=NXZpTGRTaFBnKWxncmd5aHFsc3IxZGZkNTNnZjY5N2VoZDY8OGg7QGkzZGs7Om86azw8MzM0NjMzQFNsa3ZpcUQ6amtqXmJmK2BeaWpgYTojLi0xNS81YzYvMTVgMzY1MmEjZ2lkNGFhXmJkYS0tZDAwc3M%3D&btag=80000e00028000&dy_q=1786415860&feature_id=d6a18d7c5414b1f1e95a75faf9147845&l=20260811103739FF93585BE7F751426837&ply_type=3&policy=eyJ2bSI6MywidWlkIjoiMzEyOTY1MDYwMzg4ODE4NSJ9,已使用,审核通过,--,3,--,0,0,0,0,0,0,0,0,0,0,0,0,0,0,0
"	7665169525948530698",0721-引流-魏怡-9.mp4,https://video-cn.oceanengine.com/74ed8c1a9d92325915320631f631d56f/6a7d2e12/tos-cn-ve-51/oQt9I8h2gngchDQCkAWlzZAQdwaUnRINXWmEz?a=1402&ch=0&cr=0&dr=3&cd=0%7C0%7C0%7C0&cv=1&br=1057&bt=1057&cs=0&ds=3&ft=J9ThAGkHH_Myq8Z4RkC_e2NvjTQ&mime_type=video_mp4&qs=0&rc=NXZpTGRTaFBnKWxncmd5aHFsc3IxZGY0ZGhmOTxoOGdkNDNmZGdoQGlqbXA6Om86azw8MzM0NjMzQFNsa3ZpcUQ6amtqXmJmK2BeaWpgYTojLTFhNGAxY19eMTBhNC41L2EjcjAuX2FhXmJkYS0tZDAvc3M%3D&btag=80000e00018000&dy_q=1786415860&feature_id=d6a18d7c5414b1f1e95a75faf9147845&l=20260811103739FF93585BE7F751426837&ply_type=3&policy=eyJ2bSI6MywidWlkIjoiMzEyOTY1MDYwMzg4ODE4NSJ9,已使用,审核通过,--,6,--,0,0,0,0,0,0,0,0,0,0,0,0,0,0,0
"	7665169497810206729",0721-引流-魏怡-10.mp4,https://video-cn.oceanengine.com/ac53470ce392b7f59acaf07e3f812588/6a7d2e10/tos-cn-ve-51/ow0GLCieSGT8eZ6gIQD2IeXLalwcUEAW1B4bAq?a=1402&ch=0&cr=0&dr=3&cd=0%7C0%7C0%7C0&br=1132&bt=1132&cs=0&ds=3&ft=J9ThAGkHH_Myq8Z4RkC_e2NvjTQ&mime_type=video_mp4&qs=0&rc=NXZpTGRTaFBnKWxncmd5aHFsc3IxZGY6PGk6OTY7OTtnOTRnOmg3QGlqeDhsbjlyazw8MzM0NjMzQFNsa3ZpcUQ6amtqXmJmK2BeaWpgYTojYC1iMi0tXjU0MV9fNV40YmEjX2xuczJkY2JkYS0tZDBhc3M%3D&btag=80000e00010000&dy_q=1786415860&feature_id=d6a18d7c5414b1f1e95a75faf9147845&l=20260811103739FF93585BE7F751426837&ply_type=3&policy=eyJ2bSI6MywidWlkIjoiMzEyOTY1MDYwMzg4ODE4NSJ9,已使用,审核通过,--,6,--,0,0,0,0,0,0,0,0,0,0,0,0,0,0,0
"	7665169474564046886",0721-引流-魏怡-4.mp4,https://video-cn.oceanengine.com/408534537d1e3b3c51d1eab8b698fa69/6a7d2e0e/tos-cn-ve-51/oEWtQBAaQemhjuIilodIBIEI1tLLpaWhMg7QAA?a=1402&ch=0&cr=0&dr=3&cd=0%7C0%7C0%7C0&br=1258&bt=1258&cs=0&ds=3&ft=J9ThAGkHH_Myq8Z4RkC_e2NvjTQ&mime_type=video_mp4&qs=0&rc=NXZpTGRTaFBnKWxncmd5aHFsc3IxZGY6NzloNDM4OGk5PGc6NDM2QGkzZWo4aG86azw8MzM0NjMzQFNsa3ZpcUQ6amtqXmJmK2BeaWpgYTojNTZeYWNhYV8wMTE2MC0vNGEjMW4xZmFhXmJkYS0tZDAvc3M%3D&btag=80000e00010000&dy_q=1786415860&feature_id=d6a18d7c5414b1f1e95a75faf9147845&l=20260811103739FF93585BE7F751426837&ply_type=3&policy=eyJ2bSI6MywidWlkIjoiMzEyOTY1MDYwMzg4ODE4NSJ9,已使用,审核通过,--,5,--,0,0,0,0,0,0,0,0,0,0,0,0,0,0,0
"	7662213071909732378",713-引导-小敏-1.mp4,https://video-cn.oceanengine.com/b9833348ceaf11c5c029a60e6645a39f/6a7d2e03/tos-cn-ve-51/8e4e32ecade2477ab9a62f0b9fedf25c?a=1402&ch=0&cr=0&dr=3&cd=0%7C0%7C0%7C0&cv=1&br=871&bt=871&cs=0&ds=3&ft=J9ThAGkHH_Myq8Z4RkC_e2NvjTQ&mime_type=video_mp4&qs=0&rc=NXZpTGRTaFBnKWxncmd5aHFsc3IxZGY2NWQ1M2g5ZTk0OTk0Z2hpQGlqNHFtZ2tvanQ8MzM0NjMzQFNsa3ZpcUQ6amtqXmJmK2BeaWpgYTojMmMwLy8yNDYvMS4zL15jNmEjX3M1ZnFnL2BeYS0tZDAvc3M%3D&btag=80000e00010000&dy_q=1786415860&feature_id=d6a18d7c5414b1f1e95a75faf9147845&l=20260811103739FF93585BE7F751426837&ply_type=3&policy=eyJ2bSI6MywidWlkIjoiMzEyOTY1MDYwMzg4ODE4NSJ9,已使用,审核通过,--,27,--,0,0,0,0,0,0,0,0,0,0,0,0,0,0,0
"	7664453217666121738",0718-引流-魏怡-5.mp4,https://video-cn.oceanengine.com/091866a0011bd4f638974fba403901e7/6a7d2dfb/tos-cn-ve-51/o8hZLgQYAfGJgups4aStEAA0g8eeifReQ7bFpo?a=1402&ch=0&cr=0&dr=3&cd=0%7C0%7C0%7C0&br=1733&bt=1733&cs=0&ds=3&ft=J9ThAGkHH_Myq8Z4RkC_e2NvjTQ&mime_type=video_mp4&qs=0&rc=NXZpTGRTaFBnKWxncmd5aHFsc3IxZGY7NTY6ZTM6OWc1ZTw7OGQ5QGkzaWp2bTlydW48MzM0NjMzQFNsa3ZpcUQ6amtqXmJmK2BeaWpgYTojX19gMDM2YzYwMTYwMzJiMWEjbl5yNjJkazJjYS0tZDBhc3M%3D&btag=80000e00008000&dy_q=1786415860&feature_id=d6a18d7c5414b1f1e95a75faf9147845&l=20260811103739FF93585BE7F751426837&ply_type=3&policy=eyJ2bSI6MywidWlkIjoiMzEyOTY1MDYwMzg4ODE4NSJ9,已使用,审核通过,--,3,--,0,0,0,0,0,0,0,0,0,0,0,0,0,0,0
"	7664453215853281289",0718瑞晨引流-9.mp4,https://video-cn.oceanengine.com/fef88fb7c7bc999b96037bf8b2384a9b/6a7d2e03/tos-cn-ve-51/oYfwQLagII1Dty6FahoAmM4jxLi3Q6BFA7gETQ?a=1402&ch=0&cr=0&dr=3&cd=0%7C0%7C0%7C0&cv=1&br=807&bt=807&cs=0&ds=3&ft=J9ThAGkHH_Myq8Z4RkC_e2NvjTQ&mime_type=video_mp4&qs=0&rc=NXZpTGRTaFBnKWxncmd5aHFsc3IxZGY7NTs4aTo1O2g4aWk2aWU6QGkza2U5OG86dm48MzM0NjMzQFNsa3ZpcUQ6amtqXmJmK2BeaWpgYTojNC0uL19eY14zMTEzYTZeNWEjLm4tZ2FhXjJjYS0tZDAwc3M%3D&btag=80000e00010000&dy_q=1786415860&feature_id=d6a18d7c5414b1f1e95a75faf9147845&l=20260811103739FF93585BE7F751426837&ply_type=3&policy=eyJ2bSI6MywidWlkIjoiMzEyOTY1MDYwMzg4ODE4NSJ9,已使用,审核通过,首发,10,--,0,0,0,0,0,0,0,0,0,0,0,0,0,0,0
"	7664453214905253939",0718瑞晨引流-10.mp4,https://video-cn.oceanengine.com/59b10f9c0331af92de350caa0d55c019/6a7d2e03/tos-cn-ve-51/oAvD7AAtJQMEimgQBcBLhFI636Q4aogAhxN1if?a=1402&ch=0&cr=0&dr=3&cd=0%7C0%7C0%7C0&br=823&bt=823&cs=0&ds=3&ft=J9ThAGkHH_Myq8Z4RkC_e2NvjTQ&mime_type=video_mp4&qs=0&rc=NXZpTGRTaFBnKWxncmd5aHFsc3IxZGY2Z2k4aWU1OzY0Zjk8ODhkQGlqanhmNW86dm48MzM0NjMzQFNsa3ZpcUQ6amtqXmJmK2BeaWpgYTojMzIvLy4tYl4vMTQzNmE2LmEjcjZeLWFhXjJjYS0tZDAvc3M%3D&btag=80000e00010000&dy_q=1786415860&feature_id=d6a18d7c5414b1f1e95a75faf9147845&l=20260811103739FF93585BE7F751426837&ply_type=3&policy=eyJ2bSI6MywidWlkIjoiMzEyOTY1MDYwMzg4ODE4NSJ9,已使用,审核通过,--,3,--,0,0,0,0,0,0,0,0,0,0,0,0,0,0,0
"	7664453202381930523",0718瑞晨引流-22.mp4,https://video-cn.oceanengine.com/35347287bfc3c29ec7c045639b008ac2/6a7d2e09/tos-cn-ve-51/oUxfm1DqLiJ7BQtmgAIgqBFI4itQitQagBmAm6?a=1402&ch=0&cr=0&dr=3&cd=0%7C0%7C0%7C0&br=657&bt=657&cs=0&ds=3&ft=J9ThAGkHH_Myq8Z4RkC_e2NvjTQ&mime_type=video_mp4&qs=0&rc=NXZpTGRTaFBnKWxncmd5aHFsc3IxZGZoOjM2ODs5ZGY0NjkzNmhoQGlqbzdrM286dm48MzM0NjMzQFNsa3ZpcUQ6amtqXmJmK2BeaWpgYTojMTJhYjAxY182MTIuMzYwY2EjNi4zbmFhLzJjYS0tZDBhc3M%3D&btag=80000e00010000&dy_q=1786415860&feature_id=d6a18d7c5414b1f1e95a75faf9147845&l=20260811103739FF93585BE7F751426837&ply_type=3&policy=eyJ2bSI6MywidWlkIjoiMzEyOTY1MDYwMzg4ODE4NSJ9,已使用,审核通过,首发,10,--,0,0,0,0,0,0,0,0,0,0,0,0,0,0,0
"	7664453199747170313",0718-引流-魏怡-1.mp4,https://video-cn.oceanengine.com/a658c0b0deafdf6c9b24139840b91333/6a7d2e17/tos-cn-ve-51/okfqknNSDrDXnfaEYQFLuQbyAIKTIgB40NgCnA?a=1402&ch=0&cr=0&dr=3&cd=0%7C0%7C0%7C0&br=1210&bt=1210&cs=0&ds=3&ft=J9ThAGkHH_Myq8Z4RkC_e2NvjTQ&mime_type=video_mp4&qs=0&rc=NXZpTGRTaFBnKWxncmd5aHFsc3IxZGZoPGRoOWg2PGU8NzpmOzw2QGkzOWl0djlydW48MzM0NjMzQFNsa3ZpcUQ6amtqXmJmK2BeaWpgYTojXzEtYDYtLjU0MTAzLzQ2LmEjZjRiNjJkazJjYS0tZDAvc3M%3D&btag=80000e00018000&dy_q=1786415860&feature_id=d6a18d7c5414b1f1e95a75faf9147845&l=20260811103739FF93585BE7F751426837&ply_type=3&policy=eyJ2bSI6MywidWlkIjoiMzEyOTY1MDYwMzg4ODE4NSJ9,已使用,审核通过,--,3,--,0,0,0,0,0,0,0,0,0,0,0,0,0,0,0
"	7664453198800781338",0718瑞晨引流-2.mp4,https://video-cn.oceanengine.com/8eabf3a937f812e7f0f565c495771f2f/6a7d2e03/tos-cn-ve-51/ocFSph1xgaALRLBX8A2DxhDGAn0eRNPeqMi1gG?a=1402&ch=0&cr=0&dr=3&cd=0%7C0%7C0%7C0&br=872&bt=872&cs=0&ds=3&ft=J9ThAGkHH_Myq8Z4RkC_e2NvjTQ&mime_type=video_mp4&qs=0&rc=NXZpTGRTaFBnKWxncmd5aHFsc3IxZGY7PDY3NGVmZjVpOWc0Ojw7QGlqNGluPG86dm48MzM0NjMzQFNsa3ZpcUQ6amtqXmJmK2BeaWpgYTojMDVeLjYyMDY1MTEzLi8yM2EjazZsbGFhXjJjYS0tZDAwc3M%3D&btag=80000e00010000&dy_q=1786415860&feature_id=d6a18d7c5414b1f1e95a75faf9147845&l=20260811103739FF93585BE7F751426837&ply_type=3&policy=eyJ2bSI6MywidWlkIjoiMzEyOTY1MDYwMzg4ODE4NSJ9,已使用,审核通过,--,3,--,0,0,0,0,0,0,0,0,0,0,0,0,0,0,0
"	7664453189787893811",0718瑞晨引流-23.mp4,https://video-cn.oceanengine.com/aab3197d55df93de5bd1d5ef430941eb/6a7d2e01/tos-cn-ve-51/oUaLxFTqXAwhAZwg2Ge0KNQBD1fRIxm8DmUgQ1?a=1402&ch=0&cr=0&dr=3&cd=0%7C0%7C0%7C0&br=1797&bt=1797&cs=0&ds=3&ft=J9ThAGkHH_Myq8Z4RkC_e2NvjTQ&mime_type=video_mp4&qs=0&rc=NXZpTGRTaFBnKWxncmd5aHFsc3IxZGY4OzdpZjdlMzhoNzZkOmhpQGkzZmd1NG86dm48MzM0NjMzQFNsa3ZpcUQ6amtqXmJmK2BeaWpgYTojLi1jXl5eNTYyMTI1NjFfLmEjaS5uaGFhLzJjYS0tZDAwc3M%3D&btag=80000e00008000&dy_q=1786415860&feature_id=d6a18d7c5414b1f1e95a75faf9147845&l=20260811103739FF93585BE7F751426837&ply_type=3&policy=eyJ2bSI6MywidWlkIjoiMzEyOTY1MDYwMzg4ODE4NSJ9,已使用,审核通过,--,5,--,0,0,0,0,0,0,0,0,0,0,0,0,0,0,0
"	7664453188856315955",0718瑞晨引流-7.mp4,https://video-cn.oceanengine.com/f71c1d97c4498c10d85eb4e7061b230b/6a7d2e03/tos-cn-ve-51/o4DgkF1bgQmg74QBt6AioQIafQNmLNGA4Qo8xU?a=1402&ch=0&cr=0&dr=3&cd=0%7C0%7C0%7C0&br=827&bt=827&cs=0&ds=3&ft=J9ThAGkHH_Myq8Z4RkC_e2NvjTQ&mime_type=video_mp4&qs=0&rc=NXZpTGRTaFBnKWxncmd5aHFsc3IxZGZnOTQ4ZDlnOGY3aDc5NDQ7QGkzajs2ZG86dm48MzM0NjMzQFNsa3ZpcUQ6amtqXmJmK2BeaWpgYTojNGE1NDUtNDZeMV40X2ItX2EjYjNiMWFhXjJjYS0tZDBhc3M%3D&btag=80000e00010000&dy_q=1786415860&feature_id=d6a18d7c5414b1f1e95a75faf9147845&l=20260811103739FF93585BE7F751426837&ply_type=3&policy=eyJ2bSI6MywidWlkIjoiMzEyOTY1MDYwMzg4ODE4NSJ9,已使用,审核通过,--,3,--,0,0,0,0,0,0,0,0,0,0,0,0,0,0,0
"	7664453184022609929",0718瑞晨引流-6.mp4,https://video-cn.oceanengine.com/6a4cdb7ef13e972b44df3f205dea1cdd/6a7d2e03/tos-cn-ve-51/oYCFuXEIQAgqujXfvQFCf96V4xL7kDADDB0Ng5?a=1402&ch=0&cr=0&dr=3&cd=0%7C0%7C0%7C0&br=539&bt=539&cs=0&ds=3&ft=J9ThAGkHH_Myq8Z4RkC_e2NvjTQ&mime_type=video_mp4&qs=0&rc=NXZpTGRTaFBnKWxncmd5aHFsc3IxZGY0aDY4Nzc6ZTY5O2QzM2Q1QGkzcXB3djlydW48MzM0NjMzQFNsa3ZpcUQ6amtqXmJmK2BeaWpgYTojLi41YmMtMDUyMS4wM2EyL2EjYmlzZDJkazJjYS0tZDAvc3M%3D&btag=80000e00010000&dy_q=1786415860&feature_id=d6a18d7c5414b1f1e95a75faf9147845&l=20260811103739FF93585BE7F751426837&ply_type=3&policy=eyJ2bSI6MywidWlkIjoiMzEyOTY1MDYwMzg4ODE4NSJ9,已使用,审核通过,--,3,--,0,0,0,0,0,0,0,0,0,0,0,0,0,0,0
"	7664453177211928622",0718瑞晨引流-1.mp4,https://video-cn.oceanengine.com/899747c0de38c5d67b00b88b8a785412/6a7d2e03/tos-cn-ve-51/oQ4xfAA00NgZ9EIqyXFfABgBpQ0oL4QQNCDmDu?a=1402&ch=0&cr=0&dr=3&cd=0%7C0%7C0%7C0&br=679&bt=679&cs=0&ds=3&ft=J9ThAGkHH_Myq8Z4RkC_e2NvjTQ&mime_type=video_mp4&qs=0&rc=NXZpTGRTaFBnKWxncmd5aHFsc3IxZGZpNjRmZDpoPGk0ZmQ2aDRlQGkzbnQ6bTlydW48MzM0NjMzQFNsa3ZpcUQ6amtqXmJmK2BeaWpgYTojNjU0Y2JfLV80MWIyLjReLmEjci0wMTJkazJjYS0tZDBhc3M%3D&btag=80000e00010000&dy_q=1786415860&feature_id=d6a18d7c5414b1f1e95a75faf9147845&l=20260811103739FF93585BE7F751426837&ply_type=3&policy=eyJ2bSI6MywidWlkIjoiMzEyOTY1MDYwMzg4ODE4NSJ9,已使用,审核通过,--,3,--,0,0,0,0,0,0,0,0,0,0,0,0,0,0,0
"	7664453168408379442",0718瑞晨引流-14.mp4,https://video-cn.oceanengine.com/227848b969ea2751d6f8f31bfaa20a92/6a7d2e01/tos-cn-ve-51/oUEEgovDaAa1twgB4f7Q6rQxLAhIUoDQZvm5FA?a=1402&ch=0&cr=0&dr=3&cd=0%7C0%7C0%7C0&br=1439&bt=1439&cs=0&ds=3&ft=J9ThAGkHH_Myq8Z4RkC_e2NvjTQ&mime_type=video_mp4&qs=0&rc=NXZpTGRTaFBnKWxncmd5aHFsc3IxZGYzNTk6OTk6aDZmODc3O2g5QGkzcTMzZm86dm48MzM0NjMzQFNsa3ZpcUQ6amtqXmJmK2BeaWpgYTojNDAzNC0wNTUxMWE1XjBiNWEjbjBiaWFhXjJjYS0tZDAvc3M%3D&btag=80000e00008000&dy_q=1786415860&feature_id=d6a18d7c5414b1f1e95a75faf9147845&l=20260811103739FF93585BE7F751426837&ply_type=3&policy=eyJ2bSI6MywidWlkIjoiMzEyOTY1MDYwMzg4ODE4NSJ9,已使用,审核通过,--,3,--,0,0,0,0,0,0,0,0,0,0,0,0,0,0,0
"	7664453166962409510",0718瑞晨引流-5.mp4,https://video-cn.oceanengine.com/522f2891a1a6f0acc2d039aeadc5a4bf/6a7d2e03/tos-cn-ve-51/oUfCtBA0xQk4KbgAfYGvgXIoWOQgqjsCGxtUcf?a=1402&ch=0&cr=0&dr=3&cd=0%7C0%7C0%7C0&br=660&bt=660&cs=0&ds=3&ft=J9ThAGkHH_Myq8Z4RkC_e2NvjTQ&mime_type=video_mp4&qs=0&rc=NXZpTGRTaFBnKWxncmd5aHFsc3IxZGY5Z2Q5ZzRmOGQ5O2dkZzU1QGlqanl3Om86dm48MzM0NjMzQFNsa3ZpcUQ6amtqXmJmK2BeaWpgYTojNTNgMjA0LjZeMTE2YmEvLmEjMGVtMGFhLzJjYS0tZDAwc3M%3D&btag=80000e00010000&dy_q=1786415860&feature_id=d6a18d7c5414b1f1e95a75faf9147845&l=20260811103739FF93585BE7F751426837&ply_type=3&policy=eyJ2bSI6MywidWlkIjoiMzEyOTY1MDYwMzg4ODE4NSJ9,已使用,审核通过,--,3,--,0,0,0,0,0,0,0,0,0,0,0,0,0,0,0
"	7664453162750050314",0718瑞晨引流-3.mp4,https://video-cn.oceanengine.com/637b4b5f055b6d0b8d8461350131630a/6a7d2e03/tos-cn-ve-51/o00qBf9DEwxFgiQAmgxQXoOoNL3nDAguDfaIDN?a=1402&ch=0&cr=0&dr=3&cd=0%7C0%7C0%7C0&br=935&bt=935&cs=0&ds=3&ft=J9ThAGkHH_Myq8Z4RkC_e2NvjTQ&mime_type=video_mp4&qs=0&rc=NXZpTGRTaFBnKWxncmd5aHFsc3IxZGY2PDU5Nzs7Zjs0aTo3NjtkQGkzNGlwcTlydm48MzM0NjMzQFNsa3ZpcUQ6amtqXmJmK2BeaWpgYTojLmNfNjIxXzUtMS4uLy1gLmEjbi1yMDJkNDJjYS0tZDBhc3M%3D&btag=80000e00010000&dy_q=1786415860&feature_id=d6a18d7c5414b1f1e95a75faf9147845&l=20260811103739FF93585BE7F751426837&ply_type=3&policy=eyJ2bSI6MywidWlkIjoiMzEyOTY1MDYwMzg4ODE4NSJ9,已使用,审核通过,--,3,--,0,0,0,0,0,0,0,0,0,0,0,0,0,0,0
"	7664453156412391433",0718瑞晨引流-17.mp4,https://video-cn.oceanengine.com/39303db3ff2ad8d9d69b6ceaf36f2fd0/6a7d2e01/tos-cn-ve-51/oUAWBGjUEtgALbyRXoejC1hvVqeVeogshkFBVA?a=1402&ch=0&cr=0&dr=3&cd=0%7C0%7C0%7C0&br=1717&bt=1717&cs=0&ds=3&ft=J9ThAGkHH_Myq8Z4RkC_e2NvjTQ&mime_type=video_mp4&qs=0&rc=NXZpTGRTaFBnKWxncmd5aHFsc3IxZGY0Z2c2PDdpNDk7OGg5ZWllQGkzcjRzZ286dm48MzM0NjMzQFNsa3ZpcUQ6amtqXmJmK2BeaWpgYTojMDFhLS5hYjU2MWNhMjYyLWEjYS9eZ2FhLzJjYS0tZDAvc3M%3D&btag=80000e00008000&dy_q=1786415860&feature_id=d6a18d7c5414b1f1e95a75faf9147845&l=20260811103739FF93585BE7F751426837&ply_type=3&policy=eyJ2bSI6MywidWlkIjoiMzEyOTY1MDYwMzg4ODE4NSJ9,已使用,审核通过,--,3,--,0,0,0,0,0,0,0,0,0,0,0,0,0,0,0
"	7664453148363964467",0718瑞晨引流-4.mp4,https://video-cn.oceanengine.com/d856f5c21c29754b5cbfee1a786f8613/6a7d2e03/tos-cn-ve-51/ogBCAQtXTFaD7D0gQqED8xfmIDjsgL9wACfxqN?a=1402&ch=0&cr=0&dr=3&cd=0%7C0%7C0%7C0&br=786&bt=786&cs=0&ds=3&ft=J9ThAGkHH_Myq8Z4RkC_e2NvjTQ&mime_type=video_mp4&qs=0&rc=NXZpTGRTaFBnKWxncmd5aHFsc3IxZGZmNjgzZzs1NmlnPDo0aWc7QGlqcHV4eDlydm48MzM0NjMzQFNsa3ZpcUQ6amtqXmJmK2BeaWpgYTojM2MyNTYtLl8yMS0vNTYtY2EjbV4wYjJkYzJjYS0tZDAvc3M%3D&btag=80000e00010000&dy_q=1786415860&feature_id=d6a18d7c5414b1f1e95a75faf9147845&l=20260811103739FF93585BE7F751426837&ply_type=3&policy=eyJ2bSI6MywidWlkIjoiMzEyOTY1MDYwMzg4ODE4NSJ9,已使用,审核通过,--,3,--,0,0,0,0,0,0,0,0,0,0,0,0,0,0,0
"	7664453147700690954",0718瑞晨引流-18.mp4,https://video-cn.oceanengine.com/4d3ad671c1a61cee9eb5915d36da0c41/6a7d2dfe/tos-cn-ve-51/oEeD2AAa3Q7v6NggqUDX7LI0D4Qv1RbBDxWqyf?a=1402&ch=0&cr=0&dr=3&cd=0%7C0%7C0%7C0&cv=1&br=1546&bt=1546&cs=0&ds=3&ft=J9ThAGkHH_Myq8Z4RkC_e2NvjTQ&mime_type=video_mp4&qs=0&rc=NXZpTGRTaFBnKWxncmd5aHFsc3IxZGY1OjxkaGZkNmc1Ojc4N2Q4QGkzd3dlZW86dW48MzM0NjMzQFNsa3ZpcUQ6amtqXmJmK2BeaWpgYTojXzMyMzA0MDViMTAuYDUxL2EjcmsycWFhbjJjYS0tZDAwc3M%3D&btag=80000e00008000&dy_q=1786415860&feature_id=d6a18d7c5414b1f1e95a75faf9147845&l=20260811103739FF93585BE7F751426837&ply_type=3&policy=eyJ2bSI6MywidWlkIjoiMzEyOTY1MDYwMzg4ODE4NSJ9,已使用,审核通过,--,3,--,0,0,0,0,0,0,0,0,0,0,0,0,0,0,0
"	7664453132443090982",0718瑞晨引流-12.mp4,https://video-cn.oceanengine.com/b9f32ec0ba9da1fadad8383c71c63e69/6a7d2dfd/tos-cn-ve-51/ocFqUJLcCATkgNFJgQFqXQNDufa2Vx0EADBqfI?a=1402&ch=0&cr=0&dr=3&cd=0%7C0%7C0%7C0&br=995&bt=995&cs=0&ds=3&ft=J9ThAGkHH_Myq8Z4RkC_e2NvjTQ&mime_type=video_mp4&qs=0&rc=NXZpTGRTaFBnKWxncmd5aHFsc3IxZGYzODU8ZThoZjVpNTs7aTw0QGlqdXJlbDlydW48MzM0NjMzQFNsa3ZpcUQ6amtqXmJmK2BeaWpgYTojYzFfYDMzXzUwMTM0NDU1YmEjXmk2LjJkazJjYS0tZDBhc3M%3D&btag=80000e00008000&dy_q=1786415860&feature_id=d6a18d7c5414b1f1e95a75faf9147845&l=20260811103739FF93585BE7F751426837&ply_type=3&policy=eyJ2bSI6MywidWlkIjoiMzEyOTY1MDYwMzg4ODE4NSJ9,已使用,审核通过,--,3,--,0,0,0,0,0,0,0,0,0,0,0,0,0,0,0
"	7664453130478288942",0718-引流-魏怡-3.mp4,https://video-cn.oceanengine.com/e5d8fe189191c5e56419704ee924cdaf/6a7d2dfa/tos-cn-ve-51/oIDzQuQgCZAaE20Q6SN9SXR14L1TABpIfUxqKf?a=1402&ch=0&cr=0&dr=3&cd=0%7C0%7C0%7C0&cv=1&br=846&bt=846&cs=0&ds=3&ft=J9ThAGkHH_Myq8Z4RkC_e2NvjTQ&mime_type=video_mp4&qs=0&rc=NXZpTGRTaFBnKWxncmd5aHFsc3IxZGZlMzw8NTQ1NDRnNDc6PDRlQGkzeG1lN286dW48MzM0NjMzQFNsa3ZpcUQ6amtqXmJmK2BeaWpgYTojYS1eXzIxMV9eMTNgMjAuLmEjZXNfZWFhZjJjYS0tZDAvc3M%3D&btag=80000e00008000&dy_q=1786415860&feature_id=d6a18d7c5414b1f1e95a75faf9147845&l=20260811103739FF93585BE7F751426837&ply_type=3&policy=eyJ2bSI6MywidWlkIjoiMzEyOTY1MDYwMzg4ODE4NSJ9,已使用,审核通过,--,3,--,0,0,0,0,0,0,0,0,0,0,0,0,0,0,0
"	7664453113454542899",0718瑞晨引流-16.mp4,https://video-cn.oceanengine.com/64d4c3d0a0df06cf7baeb5fe2e507fef/6a7d2dfd/tos-cn-ve-51/oARqQhNCDu1Xxfs2TQaLuQsxAqCPIgBs0egNVA?a=1402&ch=0&cr=0&dr=3&cd=0%7C0%7C0%7C0&br=1159&bt=1159&cs=0&ds=3&ft=J9ThAGkHH_Myq8Z4RkC_e2NvjTQ&mime_type=video_mp4&qs=0&rc=NXZpTGRTaFBnKWxncmd5aHFsc3IxZGY0aGRkOGZnODk6Ojs3NmQzQGlqeWtuZW86dW48MzM0NjMzQFNsa3ZpcUQ6amtqXmJmK2BeaWpgYTojLWNeLS4yL18yMTJhNTI2Y2EjXmRzL2FhZjJjYS0tZDBhc3M%3D&btag=80000e00008000&dy_q=1786415860&feature_id=d6a18d7c5414b1f1e95a75faf9147845&l=20260811103739FF93585BE7F751426837&ply_type=3&policy=eyJ2bSI6MywidWlkIjoiMzEyOTY1MDYwMzg4ODE4NSJ9,已使用,审核通过,首发,7,--,0,0,0,0,0,0,0,0,0,0,0,0,0,0,0
"	7664453110226223150",0718瑞晨引流-19.mp4,https://video-cn.oceanengine.com/ec3378bd10945deb8b3ba3d809eb6e84/6a7d2e09/tos-cn-ve-51/osDDgje5qBKU0tcGcftQowQyvCaIySfASibVXA?a=1402&ch=0&cr=0&dr=3&cd=0%7C0%7C0%7C0&cv=1&br=693&bt=693&cs=0&ds=3&ft=J9ThAGkHH_Myq8Z4RkC_e2NvjTQ&mime_type=video_mp4&qs=0&rc=NXZpTGRTaFBnKWxncmd5aHFsc3IxZGZmZTk2O2Q2NjgzNzk4ZDU0QGlqeWg4NW86dW48MzM0NjMzQFNsa3ZpcUQ6amtqXmJmK2BeaWpgYTojNDM2LmAyYV80MTIwMjFfYGEjMWNtX2FhZjJjYS0tZDBhc3M%3D&btag=80000e00010000&dy_q=1786415860&feature_id=d6a18d7c5414b1f1e95a75faf9147845&l=20260811103739FF93585BE7F751426837&ply_type=3&policy=eyJ2bSI6MywidWlkIjoiMzEyOTY1MDYwMzg4ODE4NSJ9,已使用,审核通过,首发,8,--,0,0,0,0,0,0,0,0,0,0,0,0,0,0,0
"	7664453108551434249",0718瑞晨引流-13.mp4,https://video-cn.oceanengine.com/e6d484f1c328b095bd5784b5d7f63432/6a7d2dfd/tos-cn-ve-51/oAquDcfKuBmQ0AaNIAvI2xVgDXDjg7RKMLQ12e?a=1402&ch=0&cr=0&dr=3&cd=0%7C0%7C0%7C0&br=1605&bt=1605&cs=0&ds=3&ft=J9ThAGkHH_Myq8Z4RkC_e2NvjTQ&mime_type=video_mp4&qs=0&rc=NXZpTGRTaFBnKWxncmd5aHFsc3IxZGY1OzVoOjdpaGZpNGY4OGlkQGlqczZlNW86dW48MzM0NjMzQFNsa3ZpcUQ6amtqXmJmK2BeaWpgYTojMzBjX2BeYDYyMV8xNTBiNGEja2thLmFhZjJjYS0tZDAwc3M%3D&btag=80000e00008000&dy_q=1786415860&feature_id=d6a18d7c5414b1f1e95a75faf9147845&l=20260811103739FF93585BE7F751426837&ply_type=3&policy=eyJ2bSI6MywidWlkIjoiMzEyOTY1MDYwMzg4ODE4NSJ9,已使用,审核通过,首发,7,--,0,0,0,0,0,0,0,0,0,0,0,0,0,0,0
"	7664453104100622363",0718-引流-魏怡-2.mp4,https://video-cn.oceanengine.com/8ee43a9e13fc2c882ab63268f654d8c4/6a7d2e17/tos-cn-ve-51/oMDL9uQgCHAa820QKLNe9XRYAL1cABKI9gyqWf?a=1402&ch=0&cr=0&dr=3&cd=0%7C0%7C0%7C0&br=1160&bt=1160&cs=0&ds=3&ft=J9ThAGkHH_Myq8Z4RkC_e2NvjTQ&mime_type=video_mp4&qs=0&rc=NXZpTGRTaFBnKWxncmd5aHFsc3IxZGY4ODgzNDM1PDY4NWY4ZDU4QGkzeWVzaW86dW48MzM0NjMzQFNsa3ZpcUQ6amtqXmJmK2BeaWpgYTojMzUvNmEzLjUzMS5jMF4wLWEjY3JkXmFhZjJjYS0tZDAvc3M%3D&btag=80000e00018000&dy_q=1786415860&feature_id=d6a18d7c5414b1f1e95a75faf9147845&l=20260811103739FF93585BE7F751426837&ply_type=3&policy=eyJ2bSI6MywidWlkIjoiMzEyOTY1MDYwMzg4ODE4NSJ9,已使用,审核通过,--,2,--,0,0,0,0,0,0,0,0,0,0,0,0,0,0,0
"	7664453100346900507",0718瑞晨引流-8.mp4,https://video-cn.oceanengine.com/fce464e1699aad4ea590ca53f49f349e/6a7d2e03/tos-cn-ve-51/osiDAXxCiRA0KGv1AehLeRA34g2SKB1Fqg0N8a?a=1402&ch=0&cr=0&dr=3&cd=0%7C0%7C0%7C0&cv=1&br=893&bt=893&cs=0&ds=3&ft=J9ThAGkHH_Myq8Z4RkC_e2NvjTQ&mime_type=video_mp4&qs=0&rc=NXZpTGRTaFBnKWxncmd5aHFsc3IxZGY7M2c4PGg0ODs2aGZoOmg5QGkzNW5lN286dm48MzM0NjMzQFNsa3ZpcUQ6amtqXmJmK2BeaWpgYTojXl9jYjYwMF81MV4tMC9eYmEjay1fZWFhXjJjYS0tZDAvc3M%3D&btag=80000e00010000&dy_q=1786415860&feature_id=d6a18d7c5414b1f1e95a75faf9147845&l=20260811103739FF93585BE7F751426837&ply_type=3&policy=eyJ2bSI6MywidWlkIjoiMzEyOTY1MDYwMzg4ODE4NSJ9,已使用,审核通过,--,3,--,0,0,0,0,0,0,0,0,0,0,0,0,0,0,0
"	7664453092843044890",0718瑞晨引流-11.mp4,https://video-cn.oceanengine.com/4f9c757eee682055c0b206bc29c8f052/6a7d2dfd/tos-cn-ve-51/o0oFQhm43aAxQZCTw6tDgm1gaByQmAGLI4Ixf7?a=1402&ch=0&cr=0&dr=3&cd=0%7C0%7C0%7C0&cv=1&br=1189&bt=1189&cs=0&ds=3&ft=J9ThAGkHH_Myq8Z4RkC_e2NvjTQ&mime_type=video_mp4&qs=0&rc=NXZpTGRTaFBnKWxncmd5aHFsc3IxZGY3Nzs2PDozOGY1Zzk0NGRlQGlqbWs2NG86dW48MzM0NjMzQFNsa3ZpcUQ6amtqXmJmK2BeaWpgYTojX2JiYi8zYF5iMTEzMTBfNGEjNmY0cmFhZjJjYS0tZDAwc3M%3D&btag=80000e00008000&dy_q=1786415860&feature_id=d6a18d7c5414b1f1e95a75faf9147845&l=20260811103739FF93585BE7F751426837&ply_type=3&policy=eyJ2bSI6MywidWlkIjoiMzEyOTY1MDYwMzg4ODE4NSJ9,已使用,审核通过,--,3,--,0,0,0,0,0,0,0,0,0,0,0,0,0,0,0
"	7663059465547153434",0716-引导-雅迪-1.mp4,https://video-cn.oceanengine.com/1385f7f2b7c769618df59d525dc7b5a1/6a7d2e06/tos-cn-ve-51/oAAI5hDaiOlvqIIyAoEzaYdQtiaKK1pQWFUgd?a=1402&ch=0&cr=0&dr=3&cd=0%7C0%7C0%7C0&cv=1&br=1541&bt=1541&cs=0&ds=3&ft=J9ThAGkHH_Myq8Z4RkC_e2NvjTQ&mime_type=video_mp4&qs=0&rc=NXZpTGRTaFBnKWxncmd5aHFsc3IxZGZoM2g6NzpoO2hnOTRlNjk4QGlqPHRsaW86OGQ8MzM0NjMzQFNsa3ZpcUQ6amtqXmJmK2BeaWpgYTojNDRjLTZfYTUvMTJeNDQvMGEjbjJlYmFhXmRgYS0tZDAvc3M%3D&btag=80000e00010000&dy_q=1786415860&feature_id=d6a18d7c5414b1f1e95a75faf9147845&l=20260811103739FF93585BE7F751426837&ply_type=3&policy=eyJ2bSI6MywidWlkIjoiMzEyOTY1MDYwMzg4ODE4NSJ9,已使用,审核通过,--,11,--,0,0,0,0,0,0,0,0,0,0,0,0,0,0,0
"	7663059461246320667",0716-引导-嘉丽-1.mp4,https://video-cn.oceanengine.com/0bcb1f86f55c75fe229149c546b61474/6a7d2e00/tos-cn-ve-51/oshALgTAVFQassFIQBcmEHIQBggtYq71QIsEf3?a=1402&ch=0&cr=0&dr=3&cd=0%7C0%7C0%7C0&br=984&bt=984&cs=0&ds=3&ft=J9ThAGkHH_Myq8Z4RkC_e2NvjTQ&mime_type=video_mp4&qs=0&rc=NXZpTGRTaFBnKWxncmd5aHFsc3IxZGY4OjYzOTxmaTM4aGlnODVkQGkzMzQ1NW86NmQ8MzM0NjMzQFNsa3ZpcUQ6amtqXmJmK2BeaWpgYTojYGM2NDViMzZeMTUxL18wMGEjanNhb2FhZmRgYS0tZDAwc3M%3D&btag=80000e00008000&dy_q=1786415860&feature_id=d6a18d7c5414b1f1e95a75faf9147845&l=20260811103739FF93585BE7F751426837&ply_type=3&policy=eyJ2bSI6MywidWlkIjoiMzEyOTY1MDYwMzg4ODE4NSJ9,已使用,审核通过,--,6,--,0,0,0,0,0,0,0,0,0,0,0,0,0,0,0
"	7663055903798247474",0716-引流瑞晨-1.mp4,https://video-cn.oceanengine.com/91aba30c28bc38d23f63f22441d0f492/6a7d2e03/tos-cn-ve-51/oIKNBlgAQrjIYAkdC9GaWRgzzkqjIJliptEGQ?a=1402&ch=0&cr=0&dr=3&cd=0%7C0%7C0%7C0&br=565&bt=565&cs=0&ds=3&ft=J9ThAGkHH_Myq8Z4RkC_e2NvjTQ&mime_type=video_mp4&qs=0&rc=NXZpTGRTaFBnKWxncmd5aHFsc3IxZGY7ZzgzNjdoNjk5OzNmMzxpQGkzOGQ0Nm86bWQ8MzM0NjMzQFNsa3ZpcUQ6amtqXmJmK2BeaWpgYTojMmNgYmAuXzU0MWAyLzZhXmEjMmlkZGFhZjZgYS0tZDAvc3M%3D&btag=80000e00010000&dy_q=1786415860&feature_id=d6a18d7c5414b1f1e95a75faf9147845&l=20260811103739FF93585BE7F751426837&ply_type=3&policy=eyJ2bSI6MywidWlkIjoiMzEyOTY1MDYwMzg4ODE4NSJ9,已使用,审核通过,--,8,--,0,0,0,0,0,0,0,0,0,0,0,0,0,0,0
"	7663055863406313499",0716-引流瑞晨-2.mp4,https://video-cn.oceanengine.com/50a159539b601e5b0ea081d4862d3bd0/6a7d2e03/tos-cn-ve-51/o07OYAQxKNQZZEEq9WFfABgJmpSnT3IfNBDoDO?a=1402&ch=0&cr=0&dr=3&cd=0%7C0%7C0%7C0&br=836&bt=836&cs=0&ds=3&ft=J9ThAGkHH_Myq8Z4RkC_e2NvjTQ&mime_type=video_mp4&qs=0&rc=NXZpTGRTaFBnKWxncmd5aHFsc3IxZGZlZTM0PGc0NDRmMzszMzZmQGlqOTh4bjlybWQ8MzM0NjMzQFNsa3ZpcUQ6amtqXmJmK2BeaWpgYTojXl81NmNiNjYyMTIzNC8uNGEjby5vYzJkazZgYS0tZDBhc3M%3D&btag=80000e00010000&dy_q=1786415860&feature_id=d6a18d7c5414b1f1e95a75faf9147845&l=20260811103739FF93585BE7F751426837&ply_type=3&policy=eyJ2bSI6MywidWlkIjoiMzEyOTY1MDYwMzg4ODE4NSJ9,已使用,审核通过,--,3,--,0,0,0,0,0,0,0,0,0,0,0,0,0,0,0
"	7663055838699651123",0716-引流瑞晨-9.mp4,https://video-cn.oceanengine.com/cb817f0b52b20c6c360818dfeadf819e/6a7d2e01/tos-cn-ve-51/oYzkQdpOiAOlYskjdEIQXvaptzICKgdSmWvAi?a=1402&ch=0&cr=0&dr=3&cd=0%7C0%7C0%7C0&cv=1&br=1659&bt=1659&cs=0&ds=3&ft=J9ThAGkHH_Myq8Z4RkC_e2NvjTQ&mime_type=video_mp4&qs=0&rc=NXZpTGRTaFBnKWxncmd5aHFsc3IxZGY5Ozg3OjxoODtnZ2k6ZzQ3QGlqZnNsaW86bWQ8MzM0NjMzQFNsa3ZpcUQ6amtqXmJmK2BeaWpgYTojMC8wMC5fYjU2MWNfMGI1M2EjaDJlYmFhZjZgYS0tZDAvc3M%3D&btag=80000e00008000&dy_q=1786415860&feature_id=d6a18d7c5414b1f1e95a75faf9147845&l=20260811103739FF93585BE7F751426837&ply_type=3&policy=eyJ2bSI6MywidWlkIjoiMzEyOTY1MDYwMzg4ODE4NSJ9,已使用,审核通过,--,8,--,0,0,0,0,0,0,0,0,0,0,0,0,0,0,0
"	7663055827772031002",0716-引流瑞晨-5.mp4,https://video-cn.oceanengine.com/a7ae78e344214e519d3e349d65e6af3e/6a7d2e03/tos-cn-ve-51/oIJLaIKnB7DhEOpI7Q1QtAeYIamFAHD8BgBBZW?a=1402&ch=0&cr=0&dr=3&cd=0%7C0%7C0%7C0&br=571&bt=571&cs=0&ds=3&ft=J9ThAGkHH_Myq8Z4RkC_e2NvjTQ&mime_type=video_mp4&qs=0&rc=NXZpTGRTaFBnKWxncmd5aHFsc3IxZGY0aGU8PGZkOTY8OTMzNTxoQGkzOzd5OG86bWQ8MzM0NjMzQFNsa3ZpcUQ6amtqXmJmK2BeaWpgYTojNjUuNDAzXjVfMV5jMzA0YmEjcjNnYmFhZjZgYS0tZDAwc3M%3D&btag=80000e00010000&dy_q=1786415860&feature_id=d6a18d7c5414b1f1e95a75faf9147845&l=20260811103739FF93585BE7F751426837&ply_type=3&policy=eyJ2bSI6MywidWlkIjoiMzEyOTY1MDYwMzg4ODE4NSJ9,已使用,审核通过,--,3,--,0,0,0,0,0,0,0,0,0,0,0,0,0,0,0
"	7663055823942189107",0716-引流瑞晨-7.mp4,https://video-cn.oceanengine.com/1560f48ff643ab0aca65372a2983e0bb/6a7d2dfe/tos-cn-ve-51/og5P6ivgEIztbk6SEIadAYtQOEWzwxllzapAk?a=1402&ch=0&cr=0&dr=3&cd=0%7C0%7C0%7C0&cv=1&br=774&bt=774&cs=0&ds=3&ft=J9ThAGkHH_Myq8Z4RkC_e2NvjTQ&mime_type=video_mp4&qs=0&rc=NXZpTGRTaFBnKWxncmd5aHFsc3IxZGY8NzhmOmU8MzZkOzVpNmdpQGkzdWVmM286bWQ8MzM0NjMzQFNsa3ZpcUQ6amtqXmJmK2BeaWpgYTojMC4zLi0zNjUtMTJeNjYyNGEjNmhzL2FhZjZgYS0tZDAwc3M%3D&btag=80000e00008000&dy_q=1786415860&feature_id=d6a18d7c5414b1f1e95a75faf9147845&l=20260811103739FF93585BE7F751426837&ply_type=3&policy=eyJ2bSI6MywidWlkIjoiMzEyOTY1MDYwMzg4ODE4NSJ9,已使用,审核通过,--,10,--,0,0,0,0,0,0,0,0,0,0,0,0,0,0,0
"	7663055819790499891",0716-引流瑞晨-3.mp4,https://video-cn.oceanengine.com/f70e0e4a2fda9272c9180847c0f7bdbd/6a7d2e03/tos-cn-ve-51/oMQre7Fv1AxOp9nRAaAdJH3LtNJIhEImOBNGYq?a=1402&ch=0&cr=0&dr=3&cd=0%7C0%7C0%7C0&cv=1&br=440&bt=440&cs=0&ds=3&ft=J9ThAGkHH_Myq8Z4RkC_e2NvjTQ&mime_type=video_mp4&qs=0&rc=NXZpTGRTaFBnKWxncmd5aHFsc3IxZGY8ZDpkOTM1Omg1MzNmNjQ2QGkzd3lrO286bWQ8MzM0NjMzQFNsa3ZpcUQ6amtqXmJmK2BeaWpgYTojLjBfM2MwMjYtMTMwLy4yMWEjaXFqZWFhZjZgYS0tZDAvc3M%3D&btag=80000e00010000&dy_q=1786415860&feature_id=d6a18d7c5414b1f1e95a75faf9147845&l=20260811103739FF93585BE7F751426837&ply_type=3&policy=eyJ2bSI6MywidWlkIjoiMzEyOTY1MDYwMzg4ODE4NSJ9,已使用,审核通过,--,6,--,0,0,0,0,0,0,0,0,0,0,0,0,0,0,0
"	7663054467406757898",0715-魏怡引流-7.mp4,https://video-cn.oceanengine.com/faf9479f69b4282bc0cfd2129b2c03dd/6a7d2efd/tos-cn-ve-51/ogatYDIGQfTF1trBYcRAAshQ7LEApI3QmO9nnz?a=1402&ch=0&cr=0&dr=3&cd=0%7C0%7C0%7C0&br=1346&bt=1346&cs=0&ds=3&ft=J9ThAGkHH_Myq8Z4RkC_e2NvjTQ&mime_type=video_mp4&qs=0&rc=NXZpTGRTaFBnKWxncmd5aHFsc3IxZGY0NzNnOTk6Ojc0NTQ1ZDQ6QGkzbXZoO286cGQ8MzM0NjMzQFNsa3ZpcUQ6amtqXmJmK2BeaWpgYTojXl5iLy0uYzUuMTQ1YTRgMWEjNXBzb2FhLzNgYS0tZDAvc3M%3D&btag=80000e00030000&dy_q=1786415860&feature_id=d6a18d7c5414b1f1e95a75faf9147845&l=20260811103739FF93585BE7F751426837&ply_type=3&policy=eyJ2bSI6MywidWlkIjoiMzEyOTY1MDYwMzg4ODE4NSJ9,已使用,审核通过,--,3,--,0,0,0,0,0,0,0,0,0,0,0,0,0,0,0
"	7663054417171742758",0715-魏怡引流-6.mp4,https://video-cn.oceanengine.com/6214de4fb4f4a79a81faafa4c94b546c/6a7d2efd/tos-cn-ve-51/oIQ9jLlYlPAMtEvPEuEAapsAzdIVJWQIcTiWr?a=1402&ch=0&cr=0&dr=3&cd=0%7C0%7C0%7C0&br=1364&bt=1364&cs=0&ds=3&ft=J9ThAGkHH_Myq8Z4RkC_e2NvjTQ&mime_type=video_mp4&qs=0&rc=NXZpTGRTaFBnKWxncmd5aHFsc3IxZGZoOmloOjVmaDQzOjM0ZDdkQGlqOG5sZW86cGQ8MzM0NjMzQFNsa3ZpcUQ6amtqXmJmK2BeaWpgYTojNTEzXzNhLTVhMTEtNmNiYmEjMnNjNGFhLzNgYS0tZDBhc3M%3D&btag=80000e00030000&dy_q=1786415860&feature_id=d6a18d7c5414b1f1e95a75faf9147845&l=20260811103739FF93585BE7F751426837&ply_type=3&policy=eyJ2bSI6MywidWlkIjoiMzEyOTY1MDYwMzg4ODE4NSJ9,已使用,审核通过,--,7,--,0,0,0,0,0,0,0,0,0,0,0,0,0,0,0
"	7663054368157302793",0714-魏怡引流-5.mp4,https://video-cn.oceanengine.com/9b743f3c0925ebc57c1047d9ceed9b55/6a7d2e13/tos-cn-ve-51/oAYUCIW58Q6igjtAdTtlroaUrAhQ2EhU5Izsl?a=1402&ch=0&cr=0&dr=3&cd=0%7C0%7C0%7C0&cv=1&br=698&bt=698&cs=0&ds=3&ft=J9ThAGkHH_Myq8Z4RkC_e2NvjTQ&mime_type=video_mp4&qs=0&rc=NXZpTGRTaFBnKWxncmd5aHFsc3IxZGYzZmc3ZTxpZjNlOTplODpkQGkzcDl0M286bmQ8MzM0NjMzQFNsa3ZpcUQ6amtqXmJmK2BeaWpgYTojXmFjYWEzMl41MV8uXjBjMWEjXm1wZmFhXjNgYS0tZDBhc3M%3D&btag=80000e00018000&dy_q=1786415860&feature_id=d6a18d7c5414b1f1e95a75faf9147845&l=20260811103739FF93585BE7F751426837&ply_type=3&policy=eyJ2bSI6MywidWlkIjoiMzEyOTY1MDYwMzg4ODE4NSJ9,已使用,审核通过,--,11,--,0,0,0,0,0,0,0,0,0,0,0,0,0,0,0
"	7663054322687557642",0714-魏怡引流-3.mp4,https://video-cn.oceanengine.com/2764e1ac7133e9134a86934881c65e77/6a7d2e1c/tos-cn-ve-51/o0ReYqRAAQB22kgOfq16CqE5WICNYoNxKaADJ1?a=1402&ch=0&cr=0&dr=3&cd=0%7C0%7C0%7C0&br=577&bt=577&cs=0&ds=3&ft=J9ThAGkHH_Myq8Z4RkC_e2NvjTQ&mime_type=video_mp4&qs=0&rc=NXZpTGRTaFBnKWxncmd5aHFsc3IxZGZmNDM1OmY5NGY7Z2g2aTlnQGkzdHRwaW86bmQ8MzM0NjMzQFNsa3ZpcUQ6amtqXmJmK2BeaWpgYTojMTVgLTE1L18tMTFjXy4tLmEjLTZrZ2FhXjNgYS0tZDAvc3M%3D&btag=80000e00018000&dy_q=1786415860&feature_id=d6a18d7c5414b1f1e95a75faf9147845&l=20260811103739FF93585BE7F751426837&ply_type=3&policy=eyJ2bSI6MywidWlkIjoiMzEyOTY1MDYwMzg4ODE4NSJ9,已使用,审核通过,--,3,--,0,0,0,0,0,0,0,0,0,0,0,0,0,0,0
"	7663054273158070310",0714-魏怡引流-6.mp4,https://video-cn.oceanengine.com/8e63746dc5df59c349f587a8f742dc12/6a7d2e0b/tos-cn-ve-51/okaQAZlxiVt2d5aICjYwxwl9z5oEAUWInQCUG?a=1402&ch=0&cr=0&dr=3&cd=0%7C0%7C0%7C0&br=721&bt=721&cs=0&ds=3&ft=J9ThAGkHH_Myq8Z4RkC_e2NvjTQ&mime_type=video_mp4&qs=0&rc=NXZpTGRTaFBnKWxncmd5aHFsc3IxZGZoPDY2OmRmODxkZDY4ZGk0QGlqNTo4OG86bmQ8MzM0NjMzQFNsa3ZpcUQ6amtqXmJmK2BeaWpgYTojYmEtX2FjL18tMWFeLWIvM2EjcmZibGFhXjNgYS0tZDAwc3M%3D&btag=80000e00010000&dy_q=1786415860&feature_id=d6a18d7c5414b1f1e95a75faf9147845&l=20260811103739FF93585BE7F751426837&ply_type=3&policy=eyJ2bSI6MywidWlkIjoiMzEyOTY1MDYwMzg4ODE4NSJ9,已使用,审核通过,--,3,--,0,0,0,0,0,0,0,0,0,0,0,0,0,0,0
"	7663054269622517806",0715-魏怡引流5.mp4,https://video-cn.oceanengine.com/6dabb816b4e40ed0db56eb2db52ce789/6a7d2e04/tos-cn-ve-51/ooIQE1nEg6OdtjirzoKWlJa0WDR5YxADtIZQA?a=1402&ch=0&cr=0&dr=3&cd=0%7C0%7C0%7C0&cv=1&br=1529&bt=1529&cs=0&ds=3&ft=J9ThAGkHH_Myq8Z4RkC_e2NvjTQ&mime_type=video_mp4&qs=0&rc=NXZpTGRTaFBnKWxncmd5aHFsc3IxZGY7PDc5MzM0Zzk2NDRoOTk2QGkzbzp2ZW86cGQ8MzM0NjMzQFNsa3ZpcUQ6amtqXmJmK2BeaWpgYTojNS9iMjIuMzY0MWIwYS1jY2EjbmdfZ2FhLzNgYS0tZDAvc3M%3D&btag=80000e00010000&dy_q=1786415860&feature_id=d6a18d7c5414b1f1e95a75faf9147845&l=20260811103739FF93585BE7F751426837&ply_type=3&policy=eyJ2bSI6MywidWlkIjoiMzEyOTY1MDYwMzg4ODE4NSJ9,已使用,审核通过,--,6,--,0,0,0,0,0,0,0,0,0,0,0,0,0,0,0
"	7663050651178811419",0715瑞晨2次修改-3.mp4,https://video-cn.oceanengine.com/86f535d36eea0f2c5333294860857299/6a7d2e17/tos-cn-ve-51/oQdrUo2liQZzt5IGgSA0aNGbQ6YEkIAgYEWtZ?a=1402&ch=0&cr=0&dr=3&cd=0%7C0%7C0%7C0&br=1494&bt=1494&cs=0&ds=3&ft=J9ThAGkHH_Myq8Z4RkC_e2NvjTQ&mime_type=video_mp4&qs=0&rc=NXZpTGRTaFBnKWxncmd5aHFsc3IxZGZnNjU7Ojc2Z2Y6ODc6aGhkQGkzcnI5Z286N2Q8MzM0NjMzQFNsa3ZpcUQ6amtqXmJmK2BeaWpgYTojNjJeYTUuMzVjMWEwLzIuNmEjMG5iNmFhXi1gYS0tZDAvc3M%3D&btag=80000e00018000&dy_q=1786415860&feature_id=d6a18d7c5414b1f1e95a75faf9147845&l=20260811103739FF93585BE7F751426837&ply_type=3&policy=eyJ2bSI6MywidWlkIjoiMzEyOTY1MDYwMzg4ODE4NSJ9,已使用,审核通过,--,2,--,0,0,0,0,0,0,0,0,0,0,0,0,0,0,0
"	7662279491625058342",0714-瑞浩引导修改-4.mp4,https://video-cn.oceanengine.com/203e423614341042586fd421e0d567f3/6a7d2e13/tos-cn-ve-51/oMxeUBIeKgxuA0AlQqSGCFcr8G6ZbqnZeFX8VK?a=1402&ch=0&cr=0&dr=3&cd=0%7C0%7C0%7C0&cv=1&br=664&bt=664&cs=0&ds=3&ft=J9ThAGkHH_Myq8Z4RkC_e2NvjTQ&mime_type=video_mp4&qs=0&rc=NXZpTGRTaFBnKWxncmd5aHFsc3IxZGY7Njw6OjY4OjVmNTdnPDxmQGkzbTw2aWtvPHg8MzM0NjMzQFNsa3ZpcUQ6amtqXmJmK2BeaWpgYTojXjM2MjEvMzYxMV8zXjMxYmEjc2JnY3FnXjJeYS0tZDAwc3M%3D&btag=80000e00018000&dy_q=1786415860&feature_id=d6a18d7c5414b1f1e95a75faf9147845&l=20260811103739FF93585BE7F751426837&ply_type=3&policy=eyJ2bSI6MywidWlkIjoiMzEyOTY1MDYwMzg4ODE4NSJ9,已使用,审核通过,--,1,--,0,0,0,0,0,0,0,0,0,0,0,0,0,0,0
"	7662279484768419878",0714-瑞浩引导修改-1.mp4,https://video-cn.oceanengine.com/ed1e0e75c909bf9a10bf9141d0c4d2bc/6a7d2e0b/tos-cn-ve-51/oUSTsV4KQFDmAQPZ1DIywh9fBPgrmvqxASgw41?a=1402&ch=0&cr=0&dr=3&cd=0%7C0%7C0%7C0&br=657&bt=657&cs=0&ds=3&ft=J9ThAGkHH_Myq8Z4RkC_e2NvjTQ&mime_type=video_mp4&qs=0&rc=NXZpTGRTaFBnKWxncmd5aHFsc3IxZGZnODlpaWY2aTgzM2c5aGc5QGkzPHhoNGtvPHg8MzM0NjMzQFNsa3ZpcUQ6amtqXmJmK2BeaWpgYTojMy02MDJeYzUzMTYvMDJjY2EjYGMtaXFnXjJeYS0tZDBhc3M%3D&btag=80000e00010000&dy_q=1786415860&feature_id=d6a18d7c5414b1f1e95a75faf9147845&l=20260811103739FF93585BE7F751426837&ply_type=3&policy=eyJ2bSI6MywidWlkIjoiMzEyOTY1MDYwMzg4ODE4NSJ9,已使用,审核通过,--,2,--,0,0,0,0,0,0,0,0,0,0,0,0,0,0,0
"	7662271415936843802",0713-引导-嘉丽-7.mp4,https://video-cn.oceanengine.com/8278ee4057fe973c449dc86f5afbcf76/6a7d2e16/tos-cn-ve-51/oIEm2h1AuC2YakBV4AIApKeZyDQAnQqls2Bpk6?a=1402&ch=0&cr=0&dr=3&cd=0%7C0%7C0%7C0&br=862&bt=862&cs=0&ds=3&ft=J9ThAGkHH_Myq8Z4RkC_e2NvjTQ&mime_type=video_mp4&qs=0&rc=NXZpTGRTaFBnKWxncmd5aHFsc3IxZGY5PDdlNzQ6ZjU8NTk2Z2dkQGlqPHY8OGtvbHc8MzM0NjMzQFNsa3ZpcUQ6amtqXmJmK2BeaWpgYTojNmIzYzJeYzUzMTFfNGM0YWEjLS4xYHFnXmpeYS0tZDAvc3M%3D&btag=80000e00018000&dy_q=1786415860&feature_id=d6a18d7c5414b1f1e95a75faf9147845&l=20260811103739FF93585BE7F751426837&ply_type=3&policy=eyJ2bSI6MywidWlkIjoiMzEyOTY1MDYwMzg4ODE4NSJ9,已使用,审核通过,--,8,--,0,0,0,0,0,0,0,0,0,0,0,0,0,0,0
"	7662271374480752666",0713-引导-嘉丽-2.mp4,https://video-cn.oceanengine.com/d5a822bb6cd544a8ac6b1f8dd6f619d2/6a7d2e05/tos-cn-ve-51/oYUbkAIcqlAffZxXBQ6ZgtxJDVANExLRgvV1Dd?a=1402&ch=0&cr=0&dr=3&cd=0%7C0%7C0%7C0&br=964&bt=964&cs=0&ds=3&ft=J9ThAGkHH_Myq8Z4RkC_e2NvjTQ&mime_type=video_mp4&qs=0&rc=NXZpTGRTaFBnKWxncmd5aHFsc3IxZGZpZjkzPGU3Z2dlZTk3O2hlQGlqcGt3N2tvbHc8MzM0NjMzQFNsa3ZpcUQ6amtqXmJmK2BeaWpgYTojLl9iMS40NDU1MTZeYmNjNGEjX242MnFnXmpeYS0tZDAwc3M%3D&btag=80000e00010000&dy_q=1786415860&feature_id=d6a18d7c5414b1f1e95a75faf9147845&l=20260811103739FF93585BE7F751426837&ply_type=3&policy=eyJ2bSI6MywidWlkIjoiMzEyOTY1MDYwMzg4ODE4NSJ9,已使用,审核通过,--,2,--,0,0,0,0,0,0,0,0,0,0,0,0,0,0,0
"	7662230381774553097",0713-引导-嘉丽-5.mp4,https://video-cn.oceanengine.com/98ae1ecf5a92470e196418864f732e60/6a7d2dfd/tos-cn-ve-51/owh2IX9DHCm64n0VgQ4AErKPmF1QtAJBBtsfKM?a=1402&ch=0&cr=0&dr=3&cd=0%7C0%7C0%7C0&br=998&bt=998&cs=0&ds=3&ft=J9ThAGkHH_Myq8Z4RkC_e2NvjTQ&mime_type=video_mp4&qs=0&rc=NXZpTGRTaFBnKWxncmd5aHFsc3IxZGZpPDZlNjxlNDc4OjY3NTY2QGlqOnk7Omtvd3U8MzM0NjMzQFNsa3ZpcUQ6amtqXmJmK2BeaWpgYTojYS9fMy0xLTU2MTNhXjEzYGEjX2FfZXFnL19eYS0tZDBhc3M%3D&btag=80000e00008000&dy_q=1786415860&feature_id=d6a18d7c5414b1f1e95a75faf9147845&l=20260811103739FF93585BE7F751426837&ply_type=3&policy=eyJ2bSI6MywidWlkIjoiMzEyOTY1MDYwMzg4ODE4NSJ9,已使用,审核通过,首发,2,--,0,0,0,0,0,0,0,0,0,0,0,0,0,0,0
"	7662230326718300187",0713-引导-嘉丽-1.mp4,https://video-cn.oceanengine.com/0db30f332674de12341ef7397fabf24a/6a7d2e0b/tos-cn-ve-51/o04P3spQrEtK5esBphmq19uh0UBoAmQUV1ItAg?a=1402&ch=0&cr=0&dr=3&cd=0%7C0%7C0%7C0&br=639&bt=639&cs=0&ds=3&ft=J9ThAGkHH_Myq8Z4RkC_e2NvjTQ&mime_type=video_mp4&qs=0&rc=NXZpTGRTaFBnKWxncmd5aHFsc3IxZGY7NTU0NTNnZzxoNjc0ODg3QGkzPG82PGtvdnU8MzM0NjMzQFNsa3ZpcUQ6amtqXmJmK2BeaWpgYTojMWMuMDZfNjZeMTYuXjYvXmEjaDZzXnFnbl9eYS0tZDAwc3M%3D&btag=80000e00010000&dy_q=1786415860&feature_id=d6a18d7c5414b1f1e95a75faf9147845&l=20260811103739FF93585BE7F751426837&ply_type=3&policy=eyJ2bSI6MywidWlkIjoiMzEyOTY1MDYwMzg4ODE4NSJ9,已使用,审核通过,--,4,--,0,0,0,0,0,0,0,0,0,0,0,0,0,0,0
"	7662230322323537929",0713-引导-嘉丽-9.mp4,https://video-cn.oceanengine.com/c286cbf0d901168e5acadc10f631ebba/6a7d2e02/tos-cn-ve-51/oQ1VIVHBA4sg4QPsytxAqeilrghu5E1mmtKhGP?a=1402&ch=0&cr=0&dr=3&cd=0%7C0%7C0%7C0&cv=1&br=544&bt=544&cs=0&ds=3&ft=J9ThAGkHH_Myq8Z4RkC_e2NvjTQ&mime_type=video_mp4&qs=0&rc=NXZpTGRTaFBnKWxncmd5aHFsc3IxZGYzZ2UzZzY2PDU1ZzwzPGRoQGkzOjpnOGtvdnU8MzM0NjMzQFNsa3ZpcUQ6amtqXmJmK2BeaWpgYTojMjY0NTQtYF9hMWIzNTRiNGEjbWRgZ3Fnbl9eYS0tZDAwc3M%3D&btag=80000e00010000&dy_q=1786415860&feature_id=d6a18d7c5414b1f1e95a75faf9147845&l=20260811103739FF93585BE7F751426837&ply_type=3&policy=eyJ2bSI6MywidWlkIjoiMzEyOTY1MDYwMzg4ODE4NSJ9,已使用,审核通过,--,3,--,0,0,0,0,0,0,0,0,0,0,0,0,0,0,0
"	7662230272466780198",0713-引导-雅迪-1-改.mp4,https://video-cn.oceanengine.com/73d41b92661f68e8e04a3ceac513a0c2/6a7d2dfe/tos-cn-ve-51/o4ZN5LNDQAAVCIirdqWgXAbeDB6X4bVxbDHtfK?a=1402&ch=0&cr=0&dr=3&cd=0%7C0%7C0%7C0&br=697&bt=697&cs=0&ds=3&ft=J9ThAGkHH_Myq8Z4RkC_e2NvjTQ&mime_type=video_mp4&qs=0&rc=NXZpTGRTaFBnKWxncmd5aHFsc3IxZGY1N2Q0NjU6Zjk3ZDw1ZDM7QGkzdnNnNWtvdXU8MzM0NjMzQFNsa3ZpcUQ6amtqXmJmK2BeaWpgYTojLS01Nl5iXl4tMWBjLjFgX2EjLXJjZ3FnXl9eYS0tZDAwc3M%3D&btag=80000e00008000&dy_q=1786415860&feature_id=d6a18d7c5414b1f1e95a75faf9147845&l=20260811103739FF93585BE7F751426837&ply_type=3&policy=eyJ2bSI6MywidWlkIjoiMzEyOTY1MDYwMzg4ODE4NSJ9,已使用,审核不通过,首发,5,--,0,0,0,0,0,0,0,0,0,0,0,0,0,0,0
"	7662229485093961778",0713-浩正瑞晨引导-8.mp4.mp4,https://video-cn.oceanengine.com/d14a53a74ff255034057dadf868419a8/6a7d2e1a/tos-cn-ve-51/oAIVEQgkmtKKA641ketkq6yHTqrBGsCQmhtXAv?a=1402&ch=0&cr=0&dr=3&cd=0%7C0%7C0%7C0&cv=1&br=546&bt=546&cs=0&ds=3&ft=J9ThAGkHH_Myq8Z4RkC_e2NvjTQ&mime_type=video_mp4&qs=0&rc=NXZpTGRTaFBnKWxncmd5aHFsc3IxZGY8OGk5OjpmZGU7NmRpaDloQGlqdGQ0ZWtvNnU8MzM0NjMzQFNsa3ZpcUQ6amtqXmJmK2BeaWpgYTojYy00Nl9fNV8yMS9jNV9fNWEjNjBtZnFnXl5eYS0tZDBhc3M%3D&btag=80000e00018000&dy_q=1786415860&feature_id=d6a18d7c5414b1f1e95a75faf9147845&l=20260811103739FF93585BE7F751426837&ply_type=3&policy=eyJ2bSI6MywidWlkIjoiMzEyOTY1MDYwMzg4ODE4NSJ9,已使用,审核通过,首发,4,--,0,0,0,0,0,0,0,0,0,0,0,0,0,0,0
"	7662229482153197577",0713-浩正瑞晨引导-3.mp4.mp4,https://video-cn.oceanengine.com/aad661296e2e3f5262803b9d750dcf05/6a7d2e1c/tos-cn-ve-51/o013hDVyGAkItA9mBgfEdXzQDKBXQIqFLqt4sJ?a=1402&ch=0&cr=0&dr=3&cd=0%7C0%7C0%7C0&br=781&bt=781&cs=0&ds=3&ft=J9ThAGkHH_Myq8Z4RkC_e2NvjTQ&mime_type=video_mp4&qs=0&rc=NXZpTGRTaFBnKWxncmd5aHFsc3IxZGZpaWc6NGQ4Z2g5ZTQ5OWhnQGlqN2ltM2tvNnU8MzM0NjMzQFNsa3ZpcUQ6amtqXmJmK2BeaWpgYTojYjAxXjRhNDUwMTZhMWM0L2EjMXNpcHFnXl5eYS0tZDAwc3M%3D&btag=80000e00018000&dy_q=1786415860&feature_id=d6a18d7c5414b1f1e95a75faf9147845&l=20260811103739FF93585BE7F751426837&ply_type=3&policy=eyJ2bSI6MywidWlkIjoiMzEyOTY1MDYwMzg4ODE4NSJ9,已使用,审核通过,首发,5,--,0,0,0,0,0,0,0,0,0,0,0,0,0,0,0
"	7662229433765298186",0713-浩正瑞晨引导-1.mp4.mp4,https://video-cn.oceanengine.com/4d0adf54c840b06b455fba8999a5a5f1/6a7d2e0b/tos-cn-ve-51/oIRQfOtGASqBtTm1m3ZAg3OaXsEYIQ9VDZCKq4?a=1402&ch=0&cr=0&dr=3&cd=0%7C0%7C0%7C0&cv=1&br=703&bt=703&cs=0&ds=3&ft=J9ThAGkHH_Myq8Z4RkC_e2NvjTQ&mime_type=video_mp4&qs=0&rc=NXZpTGRTaFBnKWxncmd5aHFsc3IxZGY7Zjo2aTVmaTgzMzg3ZTk6QGlqaHVxPGtvNnU8MzM0NjMzQFNsa3ZpcUQ6amtqXmJmK2BeaWpgYTojYTQuYGMwNjVfMTI2YjIvYmEjYGJtaHFnXl5eYS0tZDBhc3M%3D&btag=80000e00010000&dy_q=1786415860&feature_id=d6a18d7c5414b1f1e95a75faf9147845&l=20260811103739FF93585BE7F751426837&ply_type=3&policy=eyJ2bSI6MywidWlkIjoiMzEyOTY1MDYwMzg4ODE4NSJ9,已使用,审核通过,--,13,--,0,0,0,0,0,0,0,0,0,0,0,0,0,0,0
"	7662229404613869595",0713-浩正瑞晨引导-7.mp4.mp4,https://video-cn.oceanengine.com/7a809546aa42a7f449d6b6ed843a3aca/6a7d2e30/tos-cn-ve-51/oojVGiqsXcmGQEDIWAe1Atp4QHhOIgzZqtKBan?a=1402&ch=0&cr=0&dr=3&cd=0%7C0%7C0%7C0&cv=1&br=1130&bt=1130&cs=0&ds=3&ft=J9ThAGkHH_Myq8Z4RkC_e2NvjTQ&mime_type=video_mp4&qs=0&rc=NXZpTGRTaFBnKWxncmd5aHFsc3IxZGZoZmU1NDg1NzM3ODxnNmY4QGlqNnM6OmtvNnU8MzM0NjMzQFNsa3ZpcUQ6amtqXmJmK2BeaWpgYTojMWM1XzItXjYtMTEvMy0wNGEjMGktZXFnXl5eYS0tZDAwc3M%3D&btag=80000e00028000&dy_q=1786415860&feature_id=d6a18d7c5414b1f1e95a75faf9147845&l=20260811103739FF93585BE7F751426837&ply_type=3&policy=eyJ2bSI6MywidWlkIjoiMzEyOTY1MDYwMzg4ODE4NSJ9,已使用,审核通过,--,5,--,0,0,0,0,0,0,0,0,0,0,0,0,0,0,0
"	7662213046232858650",713-引导-小敏-3.mp4,https://video-cn.oceanengine.com/bf25f05968ff79c1ed06a3752dc5c8e2/6a7d2e0a/tos-cn-ve-51/ocqt1gELMQ4yQeAgIAdBAHNVzh9PmK1sbDlQql?a=1402&ch=0&cr=0&dr=3&cd=0%7C0%7C0%7C0&br=1305&bt=1305&cs=0&ds=4&ft=J9ThAGkHH_Myq8Z4RkC_e2NvjTQ&mime_type=video_mp4&qs=0&rc=NXZpTGRTaFBnKWxncmd5aHFsc3IxZGZkNjQ4Mzs6OmY6OWc6NDQ6QGlqb3U0OGtvanQ8MzM0NjMzQFNsa3ZpcUQ6amtqXmJmK2BeaWpgYTojMWBgMzYyY14zMWFiLzRfNmEjbTJraHFnXmBeYS0tZDAwc3M%3D&btag=80000200010000&dy_q=1786415860&feature_id=d6a18d7c5414b1f1e95a75faf9147845&l=20260811103739FF93585BE7F751426837&ply_type=3&policy=eyJ2bSI6MywidWlkIjoiMzEyOTY1MDYwMzg4ODE4NSJ9,已使用,审核不通过,--,1,--,0,0,0,0,0,0,0,0,0,0,0,0,0,0,0
"	7662213000066678793",0713-引导-小敏-4.mp4,https://video-cn.oceanengine.com/f311a286a9b686f26ff54eba7c33f405/6a7d2e0c/tos-cn-ve-51/okAGApFKGehB9BtQI1s4lmKRE0z8QMrKAhVgJm?a=1402&ch=0&cr=0&dr=3&cd=0%7C0%7C0%7C0&cv=1&br=617&bt=617&cs=0&ds=3&ft=J9ThAGkHH_Myq8Z4RkC_e2NvjTQ&mime_type=video_mp4&qs=0&rc=NXZpTGRTaFBnKWxncmd5aHFsc3IxZGY6PGg5Z2QzPDwzN2Q7OGloQGlqOGZsOGtvanQ8MzM0NjMzQFNsa3ZpcUQ6amtqXmJmK2BeaWpgYTojMDAzM2MtM19hMWItMzFiMWEjNWZpcnFnL2BeYS0tZDAvc3M%3D&btag=80000e00010000&dy_q=1786415860&feature_id=d6a18d7c5414b1f1e95a75faf9147845&l=20260811103739FF93585BE7F751426837&ply_type=3&policy=eyJ2bSI6MywidWlkIjoiMzEyOTY1MDYwMzg4ODE4NSJ9,已使用,审核通过,--,13,--,0,0,0,0,0,0,0,0,0,0,0,0,0,0,0
"	7661972497570840622",0713-浩正瑞晨引导-5.mp4,https://video-cn.oceanengine.com/039205768a516f2c09e901ec8a1df70a/6a7d2e10/tos-cn-ve-51c800/o0Ey2CjlUiyq2JAwpKyfMjezgYS0QMpeCIAAeu?a=1402&ch=0&cr=0&dr=3&cd=0%7C0%7C0%7C0&br=1276&bt=1276&cs=0&ds=4&ft=J9ThAGkHH_Myq8Z4RkC_e2NvjTQ&mime_type=video_mp4&qs=0&rc=NXZpTGRTaFBnKWxncmd5aHFsc3IxZGYzODo4NDk3ZWVnNzZmNTw6QGkzcWpvNWtvdWY8MzM0NjMzQFNsa3ZpcUQ6amtqXmJmK2BeaWpgYTojLy9hYmE1MjUxMTY1MjEvLmEjM3JzNXFnbmpeYS0tZDAwc3M%3D&btag=80000200010000&dy_q=1786415860&feature_id=d6a18d7c5414b1f1e95a75faf9147845&l=20260811103739FF93585BE7F751426837&ply_type=3&policy=eyJ2bSI6MywidWlkIjoiMzEyOTY1MDYwMzg4ODE4NSJ9,已使用,审核不通过,--,1,--,0,0,0,0,0,0,0,0,0,0,0,0,0,0,0
"	7661972490623549486",0713-浩正瑞晨引导-2.mp4,https://video-cn.oceanengine.com/feed49d61c19c87c89e8311f0c343cd5/6a7d2e10/tos-cn-ve-51/osDQybC3AxWBmOh1mf6AAjF3RsI3Qg9qtKMKq4?a=1402&ch=0&cr=0&dr=3&cd=0%7C0%7C0%7C0&br=1803&bt=1803&cs=0&ds=4&ft=J9ThAGkHH_Myq8Z4RkC_e2NvjTQ&mime_type=video_mp4&qs=0&rc=NXZpTGRTaFBnKWxncmd5aHFsc3IxZGZnMzg6ZjM2MzZoOmc1OmY7QGlqZ2VoOmtvdWY8MzM0NjMzQFNsa3ZpcUQ6amtqXmJmK2BeaWpgYTojM2FfYDRjMF4zMTFgMjEtYWEjcjA1YHFnbmpeYS0tZDAvc3M%3D&btag=80000e00010000&dy_q=1786415860&feature_id=d6a18d7c5414b1f1e95a75faf9147845&l=20260811103739FF93585BE7F751426837&ply_type=3&policy=eyJ2bSI6MywidWlkIjoiMzEyOTY1MDYwMzg4ODE4NSJ9,已使用,审核不通过,--,1,--,0,0,0,0,0,0,0,0,0,0,0,0,0,0,0
"	7661972468315914266",0713-浩正瑞晨引导-6.mp4,https://video-cn.oceanengine.com/d22563f30e452b69ab6bd29a9a1d9a37/6a7d2e22/tos-cn-ve-51/o0K1inmpB84KCVrshB9W3IcFgeGEEQAPmNQmdA?a=1402&ch=0&cr=0&dr=3&cd=0%7C0%7C0%7C0&br=1134&bt=1134&cs=0&ds=4&ft=J9ThAGkHH_Myq8Z4RkC_e2NvjTQ&mime_type=video_mp4&qs=0&rc=NXZpTGRTaFBnKWxncmd5aHFsc3IxZGY5OTc4M2lkZWVkNDVpZDtkQGkzOTg7OmtvdWY8MzM0NjMzQFNsa3ZpcUQ6amtqXmJmK2BeaWpgYTojYjFeYjZeY19iMWFfMmFgLmEjczRka3FnZmpeYS0tZDBhc3M%3D&btag=80000e00020000&dy_q=1786415860&feature_id=d6a18d7c5414b1f1e95a75faf9147845&l=20260811103739FF93585BE7F751426837&ply_type=3&policy=eyJ2bSI6MywidWlkIjoiMzEyOTY1MDYwMzg4ODE4NSJ9,已使用,审核通过,--,3,--,0,0,0,0,0,0,0,0,0,0,0,0,0,0,0
"	7661972464831201307",0713-浩正瑞晨引导-1.mp4,https://video-cn.oceanengine.com/a77c5208c204eaccbc07974a19d72c33/6a7d2e0b/tos-cn-ve-51/oEsBEEmBIgAKAENUQ1CQ4QyAmAeWozK4mLX3Yq?a=1402&ch=0&cr=0&dr=3&cd=0%7C0%7C0%7C0&br=1381&bt=1381&cs=0&ds=4&ft=J9ThAGkHH_Myq8Z4RkC_e2NvjTQ&mime_type=video_mp4&qs=0&rc=NXZpTGRTaFBnKWxncmd5aHFsc3IxZGY6aWZmZDdoNDY3ZWVoZjo3QGkzO2poZGtvdWY8MzM0NjMzQFNsa3ZpcUQ6amtqXmJmK2BeaWpgYTojLS4vNGAwYTYuMS0uMjQyNGEjNS4tbXFnZmpeYS0tZDBhc3M%3D&btag=80000200010000&dy_q=1786415860&feature_id=d6a18d7c5414b1f1e95a75faf9147845&l=20260811103739FF93585BE7F751426837&ply_type=3&policy=eyJ2bSI6MywidWlkIjoiMzEyOTY1MDYwMzg4ODE4NSJ9,已使用,审核不通过,--,1,--,0,0,0,0,0,0,0,0,0,0,0,0,0,0,0
"	7661187006646501412",微信视频2026-07-11_163704_323.mp4,https://video-cn.oceanengine.com/f4a77f02e5f910f3d11599a2e984ae7c/6a7d2e10/tos-cn-ve-51/b915b5c8144b4c9c9167b095ed5cd073?a=1402&ch=0&cr=0&dr=3&cd=0%7C0%7C0%7C0&br=1021&bt=1021&cs=0&ds=3&ft=J9ThAGkHH_Myq8Z4RkC_e2NvjTQ&mime_type=video_mp4&qs=0&rc=NXZpTGRTaFBnKWxncmd5aHFsc3IxZGY0aTQ6OzpnZWhnNzU2OzU3QGlqZ2t0ZWtvNjM8MzM0NjMzQFNsa3ZpcUQ6amtqXmJmK2BeaWpgYTojMS8vYmE2Nl4zMWAzYmMwM2EjYWwycXFnXi82YS0tZDAvc3M%3D&btag=80000e00010000&dy_q=1786415860&feature_id=d6a18d7c5414b1f1e95a75faf9147845&l=20260811103739FF93585BE7F751426837&ply_type=3&policy=eyJ2bSI6MywidWlkIjoiMzEyOTY1MDYwMzg4ODE4NSJ9,已使用,审核通过,--,10,--,0,0,0,0,0,0,0,0,0,0,0,0,0,0,0
"	7661186975484379190",微信视频_20260711163647.mp4,https://video-cn.oceanengine.com/2a6e657ead7d59dbcfabf02d2a14d875/6a7d2e07/tos-cn-ve-51/owISEQgOmA6KAT41l9pTqTteuCFBGsCQhFQUAM?a=1402&ch=0&cr=0&dr=3&cd=0%7C0%7C0%7C0&br=928&bt=928&cs=0&ds=3&ft=J9ThAGkHH_Myq8Z4RkC_e2NvjTQ&mime_type=video_mp4&qs=0&rc=NXZpTGRTaFBnKWxncmd5aHFsc3IxZGZoOjo6ZThkOjZmaWlkNjk7QGkzbTtpNWtvNjM8MzM0NjMzQFNsa3ZpcUQ6amtqXmJmK2BeaWpgYTojYGI2YF80YV8uMWM0MTUuM2Eja15rbXFnXi82YS0tZDAwc3M%3D&btag=80000e00010000&dy_q=1786415860&feature_id=d6a18d7c5414b1f1e95a75faf9147845&l=20260811103739FF93585BE7F751426837&ply_type=3&policy=eyJ2bSI6MywidWlkIjoiMzEyOTY1MDYwMzg4ODE4NSJ9,已使用,审核通过,--,7,--,0,0,0,0,0,0,0,0,0,0,0,0,0,0,0
"	7660843651085778998",0710引导-小敏-4.mp4,https://video-cn.oceanengine.com/3e34b25e619074a541de7401a6b9d75e/6a7d2e0c/tos-cn-ve-51/oUsBEhoKGSGIsABmVyK18Q9RSmM4pZQAAeZlQA?a=1402&ch=0&cr=0&dr=3&cd=0%7C0%7C0%7C0&br=531&bt=531&cs=0&ds=3&ft=J9ThAGkHH_Myq8Z4RkC_e2NvjTQ&mime_type=video_mp4&qs=0&rc=NXZpTGRTaFBnKWxncmd5aHFsc3IxZGY5ZDU6ZDQ3NjU7ZTpoOGZoQGkzOXM4ZmtvZGY8MzM0NjMzQFNsa3ZpcUQ6amtqXmJmK2BeaWpgYTojLjIwY2M0XjYxMWI2Yi1jYWEjNnAzc3FnZmU1YS0tZDAvc3M%3D&btag=80000e00010000&dy_q=1786415860&feature_id=d6a18d7c5414b1f1e95a75faf9147845&l=20260811103739FF93585BE7F751426837&ply_type=3&policy=eyJ2bSI6MywidWlkIjoiMzEyOTY1MDYwMzg4ODE4NSJ9,已使用,审核通过,首发,2,--,0,0,0,0,0,0,0,0,0,0,0,0,0,0,0
"	7660843614075912233",0710-引导-嘉丽-2.mp4,https://video-cn.oceanengine.com/3ac9da0d00cc52b9496b4f14da5a4ed1/6a7d2e0d/tos-cn-ve-51/d1f06a0013f141c4954486e6fb878d58?a=1402&ch=0&cr=0&dr=3&cd=0%7C0%7C0%7C0&br=1729&bt=1729&cs=0&ds=3&ft=J9ThAGkHH_Myq8Z4RkC_e2NvjTQ&mime_type=video_mp4&qs=0&rc=NXZpTGRTaFBnKWxncmd5aHFsc3IxZGY1PDk4ZGg3NjM1ZmhlZWU4QGlqajdsNWtvZGY8MzM0NjMzQFNsa3ZpcUQ6amtqXmJmK2BeaWpgYTojMmM2YjItYF5fMTUwM2BfYWEjYGNtNnFnZmU1YS0tZDAvc3M%3D&btag=80000e00010000&dy_q=1786415860&feature_id=d6a18d7c5414b1f1e95a75faf9147845&l=20260811103739FF93585BE7F751426837&ply_type=3&policy=eyJ2bSI6MywidWlkIjoiMzEyOTY1MDYwMzg4ODE4NSJ9,已使用,审核通过,首发,8,--,0,0,0,0,0,0,0,0,0,0,0,0,0,0,0
"	7660843611230371903",0710-引导-嘉丽-4.mp4,https://video-cn.oceanengine.com/e5cc5d1e0c54269efee1ce97264d5e1b/6a7d2e05/tos-cn-ve-51/oUehUZAoqAQrvFifgjbUNmC4kzBG1GvPCZDIae?a=1402&ch=0&cr=0&dr=3&cd=0%7C0%7C0%7C0&br=883&bt=883&cs=0&ds=3&ft=J9ThAGkHH_Myq8Z4RkC_e2NvjTQ&mime_type=video_mp4&qs=0&rc=NXZpTGRTaFBnKWxncmd5aHFsc3IxZGYzZjQ3aTM2O2RkaTg6aTNoQGkzZnY7aWtvZGY8MzM0NjMzQFNsa3ZpcUQ6amtqXmJmK2BeaWpgYTojY2IvM15jM19jMV9fNl5gMWEjcmNvZHFnZmU1YS0tZDAwc3M%3D&btag=80000e00010000&dy_q=1786415860&feature_id=d6a18d7c5414b1f1e95a75faf9147845&l=20260811103739FF93585BE7F751426837&ply_type=3&policy=eyJ2bSI6MywidWlkIjoiMzEyOTY1MDYwMzg4ODE4NSJ9,已使用,审核通过,--,5,--,0,0,0,0,0,0,0,0,0,0,0,0,0,0,0
"	7660843608887656454",0710-引导-嘉丽-5.mp4,https://video-cn.oceanengine.com/d513b8cdae7121f71ce70d1742e9765b/6a7d2e05/tos-cn-ve-51/osSQNqC8U5dZDygsAAEIHeiVqevgX6IxQ0DBoM?a=1402&ch=0&cr=0&dr=3&cd=0%7C0%7C0%7C0&br=1010&bt=1010&cs=0&ds=3&ft=J9ThAGkHH_Myq8Z4RkC_e2NvjTQ&mime_type=video_mp4&qs=0&rc=NXZpTGRTaFBnKWxncmd5aHFsc3IxZGZpNzZnOjQ8NWc0PDY5aWU2QGkzOnU2aWtvZGY8MzM0NjMzQFNsa3ZpcUQ6amtqXmJmK2BeaWpgYTojLWMzYF80MV5hMTMzXjUyNWEjaDVrY3FnZmU1YS0tZDAwc3M%3D&btag=80000e00010000&dy_q=1786415860&feature_id=d6a18d7c5414b1f1e95a75faf9147845&l=20260811103739FF93585BE7F751426837&ply_type=3&policy=eyJ2bSI6MywidWlkIjoiMzEyOTY1MDYwMzg4ODE4NSJ9,已使用,审核通过,--,4,--,0,0,0,0,0,0,0,0,0,0,0,0,0,0,0
"	7660843598484979755",0710-引导-嘉丽-1.mp4,https://video-cn.oceanengine.com/80c2b681f26b1acee65f4f2716e6c692/6a7d2e0b/tos-cn-ve-51/oEiUxVeqDZeDIokdpgqg6BWhQ3NMAMo8KADG7b?a=1402&ch=0&cr=0&dr=3&cd=0%7C0%7C0%7C0&br=1057&bt=1057&cs=0&ds=3&ft=J9ThAGkHH_Myq8Z4RkC_e2NvjTQ&mime_type=video_mp4&qs=0&rc=NXZpTGRTaFBnKWxncmd5aHFsc3IxZGY2ZTo7ZjQ4Zzc8OzU3NDY6QGkzaHFkaWtvZGY8MzM0NjMzQFNsa3ZpcUQ6amtqXmJmK2BeaWpgYTojYC02LzReYDZhMWEtMmJeNmEjczVvXnFnZmU1YS0tZDAwc3M%3D&btag=80000e00010000&dy_q=1786415860&feature_id=d6a18d7c5414b1f1e95a75faf9147845&l=20260811103739FF93585BE7F751426837&ply_type=3&policy=eyJ2bSI6MywidWlkIjoiMzEyOTY1MDYwMzg4ODE4NSJ9,已使用,审核通过,--,3,--,0,0,0,0,0,0,0,0,0,0,0,0,0,0,0
"	7660843598326792235",0710引导-小敏-2.mp4,https://video-cn.oceanengine.com/c166e5cc0a09bbcaa58af56c5bf3f0ad/6a7d2dff/tos-cn-ve-51/oI9RkwG1KAeKgNVWsHYGamkAmnhKImrrBJyQQ4?a=1402&ch=0&cr=0&dr=3&cd=0%7C0%7C0%7C0&br=523&bt=523&cs=0&ds=3&ft=J9ThAGkHH_Myq8Z4RkC_e2NvjTQ&mime_type=video_mp4&qs=0&rc=NXZpTGRTaFBnKWxncmd5aHFsc3IxZGY4ODQzPGVlaDYzNGZoZmZoQGlqOXBlNmtvZGY8MzM0NjMzQFNsa3ZpcUQ6amtqXmJmK2BeaWpgYTojNDZfX2EvLl9jMTY0YDUwNmEjcF4vZnFnZmU1YS0tZDBhc3M%3D&btag=80000e00008000&dy_q=1786415860&feature_id=d6a18d7c5414b1f1e95a75faf9147845&l=20260811103739FF93585BE7F751426837&ply_type=3&policy=eyJ2bSI6MywidWlkIjoiMzEyOTY1MDYwMzg4ODE4NSJ9,已使用,审核通过,--,3,--,0,0,0,0,0,0,0,0,0,0,0,0,0,0,0
"	7660843575199334441",0710-引导-嘉丽-8.mp4,https://video-cn.oceanengine.com/61b5ee98dd50677f556356fd3c612ec0/6a7d2dfd/tos-cn-ve-51/oANDgwK4mII9mX1BeyphRKoGQASAlsRB9QBVEQ?a=1402&ch=0&cr=0&dr=3&cd=0%7C0%7C0%7C0&br=915&bt=915&cs=0&ds=3&ft=J9ThAGkHH_Myq8Z4RkC_e2NvjTQ&mime_type=video_mp4&qs=0&rc=NXZpTGRTaFBnKWxncmd5aHFsc3IxZGYzNzw6OTZmOTY6Mzg3ODdpQGlqOzQzN2tvZGY8MzM0NjMzQFNsa3ZpcUQ6amtqXmJmK2BeaWpgYTojX19gXjZjMl42MTUtNjAuMWEjZGNyY3FnZmU1YS0tZDBhc3M%3D&btag=80000e00008000&dy_q=1786415860&feature_id=d6a18d7c5414b1f1e95a75faf9147845&l=20260811103739FF93585BE7F751426837&ply_type=3&policy=eyJ2bSI6MywidWlkIjoiMzEyOTY1MDYwMzg4ODE4NSJ9,已使用,审核通过,--,3,--,0,0,0,0,0,0,0,0,0,0,0,0,0,0,0
"	7660843558887325738",0710引导-小敏-5.mp4,https://video-cn.oceanengine.com/960a4070516e65fb493c914eac584ad0/6a7d2e0b/tos-cn-ve-51/oYyCv9LBsENIQXKPGQKRbCVAmuSp14heAQZSAu?a=1402&ch=0&cr=0&dr=3&cd=0%7C0%7C0%7C0&br=960&bt=960&cs=0&ds=3&ft=J9ThAGkHH_Myq8Z4RkC_e2NvjTQ&mime_type=video_mp4&qs=0&rc=NXZpTGRTaFBnKWxncmd5aHFsc3IxZGYzOjs7NmU1NTkzZ2dpNzZlQGlqaXJ0NGtvZGY8MzM0NjMzQFNsa3ZpcUQ6amtqXmJmK2BeaWpgYTojY2ExYF4yLTUyMWMwMTIxYmEjYXNfL3FnZmU1YS0tZDAvc3M%3D&btag=80000e00010000&dy_q=1786415860&feature_id=d6a18d7c5414b1f1e95a75faf9147845&l=20260811103739FF93585BE7F751426837&ply_type=3&policy=eyJ2bSI6MywidWlkIjoiMzEyOTY1MDYwMzg4ODE4NSJ9,已使用,审核通过,--,2,--,0,0,0,0,0,0,0,0,0,0,0,0,0,0,0
"	7660452419795189823",0709引导+v-瑞晨-6.mp4,https://video-cn.oceanengine.com/e78c26bdec3654c77b514df542ccb25c/6a7d2e06/tos-cn-ve-51/o4A9m84ZJ17KJB1xPNxqhQ1sQtF9IB1fgEQAQk?a=1402&ch=0&cr=0&dr=3&cd=0%7C0%7C0%7C0&cv=1&br=877&bt=877&cs=0&ds=3&ft=J9ThAGkHH_Myq8Z4RkC_e2NvjTQ&mime_type=video_mp4&qs=0&rc=NXZpTGRTaFBnKWxncmd5aHFsc3IxZGZmNmg0Z2g1Z2c0ODdnODs6QGlqNzZnNWtvdHA8MzM0NjMzQFNsa3ZpcUQ6amtqXmJmK2BeaWpgYTojMl8tMC0yYDU1MWEuNDItX2EjanNfZ3FnZjY0YS0tZDAwc3M%3D&btag=80000e00010000&dy_q=1786415860&feature_id=d6a18d7c5414b1f1e95a75faf9147845&l=20260811103739FF93585BE7F751426837&ply_type=3&policy=eyJ2bSI6MywidWlkIjoiMzEyOTY1MDYwMzg4ODE4NSJ9,已使用,审核通过,--,2,--,0,0,0,0,0,0,0,0,0,0,0,0,0,0,0
"	7660452401267654692",0709引导+v-瑞晨-9.mp4,https://video-cn.oceanengine.com/df82053dc1c9c8570e14403e02259532/6a7d2e07/tos-cn-ve-51/oor1XJJLCAtrQmNqQIezJZh41KaqWQ7sgBA5PE?a=1402&ch=0&cr=0&dr=3&cd=0%7C0%7C0%7C0&cv=1&br=1119&bt=1119&cs=0&ds=3&ft=J9ThAGkHH_Myq8Z4RkC_e2NvjTQ&mime_type=video_mp4&qs=0&rc=NXZpTGRTaFBnKWxncmd5aHFsc3IxZGY8PDQ6NDtkOGk4Zjc4Ojo5QGlqZGdwZWtvdHA8MzM0NjMzQFNsa3ZpcUQ6amtqXmJmK2BeaWpgYTojLTYwLjEwL19eMV5gYmAzMGEjbWFlaXFnZjY0YS0tZDAwc3M%3D&btag=80000e00010000&dy_q=1786415860&feature_id=d6a18d7c5414b1f1e95a75faf9147845&l=20260811103739FF93585BE7F751426837&ply_type=3&policy=eyJ2bSI6MywidWlkIjoiMzEyOTY1MDYwMzg4ODE4NSJ9,已使用,审核通过,--,3,--,0,0,0,0,0,0,0,0,0,0,0,0,0,0,0
"	7660452400924835846",0709引导+v-瑞晨-3.mp4,https://video-cn.oceanengine.com/0bc74ff270c186043535f596f08d153f/6a7d2e07/tos-cn-ve-51/ocTZzPJs71IKJBQ1A1QEmZB92KFcEwBmg4hAQe?a=1402&ch=0&cr=0&dr=3&cd=0%7C0%7C0%7C0&cv=1&br=764&bt=764&cs=0&ds=3&ft=J9ThAGkHH_Myq8Z4RkC_e2NvjTQ&mime_type=video_mp4&qs=0&rc=NXZpTGRTaFBnKWxncmd5aHFsc3IxZGY3Z2g2ZjNpM2k3ZWlpMzpnQGlqZG07PGtvdHA8MzM0NjMzQFNsa3ZpcUQ6amtqXmJmK2BeaWpgYTojMWNgMTAwNV9jMV9gLV8tXmEjZHAycXFnZjY0YS0tZDBhc3M%3D&btag=80000e00010000&dy_q=1786415860&feature_id=d6a18d7c5414b1f1e95a75faf9147845&l=20260811103739FF93585BE7F751426837&ply_type=3&policy=eyJ2bSI6MywidWlkIjoiMzEyOTY1MDYwMzg4ODE4NSJ9,已使用,审核通过,--,3,--,0,0,0,0,0,0,0,0,0,0,0,0,0,0,0
"	7660452400634134570",0709引导+v-瑞晨-1.mp4,https://video-cn.oceanengine.com/fc1d56d6478abc0047cace88ee45e0a8/6a7d2e09/tos-cn-ve-51/ogUsgfAflzz77M4UA8AIRygeqnGUFCBaljJbn0?a=1402&ch=0&cr=0&dr=3&cd=0%7C0%7C0%7C0&cv=1&br=1238&bt=1238&cs=0&ds=3&ft=J9ThAGkHH_Myq8Z4RkC_e2NvjTQ&mime_type=video_mp4&qs=0&rc=NXZpTGRTaFBnKWxncmd5aHFsc3IxZGY4ZTlmPDxmNGc8Mzk6ODVlQGlqc2xxNGtvdHA8MzM0NjMzQFNsa3ZpcUQ6amtqXmJmK2BeaWpgYTojMmAvYi9gL181MS40XjItNWEjY3NsNHFnZjY0YS0tZDBhc3M%3D&btag=80000e00010000&dy_q=1786415860&feature_id=d6a18d7c5414b1f1e95a75faf9147845&l=20260811103739FF93585BE7F751426837&ply_type=3&policy=eyJ2bSI6MywidWlkIjoiMzEyOTY1MDYwMzg4ODE4NSJ9,已使用,审核通过,--,7,--,0,0,0,0,0,0,0,0,0,0,0,0,0,0,0
"	7660371937247903787",0709引导-小敏-4-1.mp4,https://video-cn.oceanengine.com/1805a26d7ca9f0d6e0548fc822be6e3d/6a7d2e07/tos-cn-ve-51/ooEW2vjGPdGq6Bl5PF7f0BezQe20IMpYCEAA9f?a=1402&ch=0&cr=0&dr=3&cd=0%7C0%7C0%7C0&cv=1&br=740&bt=740&cs=0&ds=3&ft=J9ThAGkHH_Myq8Z4RkC_e2NvjTQ&mime_type=video_mp4&qs=0&rc=NXZpTGRTaFBnKWxncmd5aHFsc3IxZGZkMzs5OGc0Njw6OTg8Nzs1QGkzaXNlOWtvZWs8MzM0NjMzQFNsa3ZpcUQ6amtqXmJmK2BeaWpgYTojYGIxYF4xNV5iMTZgM2I0L2Ejc2BzbHFnbms0YS0tZDBhc3M%3D&btag=80000e00010000&dy_q=1786415860&feature_id=d6a18d7c5414b1f1e95a75faf9147845&l=20260811103739FF93585BE7F751426837&ply_type=3&policy=eyJ2bSI6MywidWlkIjoiMzEyOTY1MDYwMzg4ODE4NSJ9,已使用,审核通过,--,10,--,0,0,0,0,0,0,0,0,0,0,0,0,0,0,0
"	7660371917899792420",0709引导-小敏-1-1.mp4,https://video-cn.oceanengine.com/a0078d317e4bb20456c0c8f489d92eda/6a7d2e09/tos-cn-ve-51/oYwMZq7TgunNAgseqIRkCM6EDEAeNxVNBMAcx0?a=1402&ch=0&cr=0&dr=3&cd=0%7C0%7C0%7C0&cv=1&br=841&bt=841&cs=0&ds=3&ft=J9ThAGkHH_Myq8Z4RkC_e2NvjTQ&mime_type=video_mp4&qs=0&rc=NXZpTGRTaFBnKWxncmd5aHFsc3IxZGZnOGZlZTo4aDM7Ojs1PDY6QGlqNmY7PGtvZms8MzM0NjMzQFNsa3ZpcUQ6amtqXmJmK2BeaWpgYTojXzNgMTItYTUwMTEwMGFhYWEjMC8ycXFnL2s0YS0tZDBhc3M%3D&btag=80000e00010000&dy_q=1786415860&feature_id=d6a18d7c5414b1f1e95a75faf9147845&l=20260811103739FF93585BE7F751426837&ply_type=3&policy=eyJ2bSI6MywidWlkIjoiMzEyOTY1MDYwMzg4ODE4NSJ9,已使用,审核通过,--,14,--,0,0,0,0,0,0,0,0,0,0,0,0,0,0,0
"	7660371908223402047",0709引导-小敏-5-1.mp4,https://video-cn.oceanengine.com/ce1ade3614545647bcbb7b2a6caca8c9/6a7d2dfc/tos-cn-ve-51/ogKmuJs50BCwkPh8BJ3YGkQI4KAFegQWmAJ14E?a=1402&ch=0&cr=0&dr=3&cd=0%7C0%7C0%7C0&cv=1&br=1086&bt=1086&cs=0&ds=3&ft=J9ThAGkHH_Myq8Z4RkC_e2NvjTQ&mime_type=video_mp4&qs=0&rc=NXZpTGRTaFBnKWxncmd5aHFsc3IxZGZkM2RmMzs8PGY0PGU8O2c8QGkzcGw1aGtvZms8MzM0NjMzQFNsa3ZpcUQ6amtqXmJmK2BeaWpgYTojXl80XjFjMl5iMTFfLi5eLmEjMmBiLnFnL2s0YS0tZDAwc3M%3D&btag=80000e00008000&dy_q=1786415860&feature_id=d6a18d7c5414b1f1e95a75faf9147845&l=20260811103739FF93585BE7F751426837&ply_type=3&policy=eyJ2bSI6MywidWlkIjoiMzEyOTY1MDYwMzg4ODE4NSJ9,已使用,审核通过,--,7,--,0,0,0,0,0,0,0,0,0,0,0,0,0,0,0
"	7660186951438139446",0708-引导-嘉丽-4.mp4,https://video-cn.oceanengine.com/9f37ec3e4b7be1eac77dfc889bc830bc/6a7d2e05/tos-cn-ve-51/o4XQsqT2AKmBzJh1mtfAgAm86sEWIQ9iZpCJq4?a=1402&ch=0&cr=0&dr=3&cd=0%7C0%7C0%7C0&cv=1&br=1135&bt=1135&cs=0&ds=3&ft=J9ThAGkHH_Myq8Z4RkC_e2NvjTQ&mime_type=video_mp4&qs=0&rc=NXZpTGRTaFBnKWxncmd5aHFsc3IxZGY1N2c1ODc2NTNmaGRpNTxnQGlqb2ZvN2tvdTo8MzM0NjMzQFNsa3ZpcUQ6amtqXmJmK2BeaWpgYTojYGE0NjIvYF5jMTYwNC0wNWEjYy1mZnFnXjM0YS0tZDAwc3M%3D&btag=80000e00010000&dy_q=1786415860&feature_id=59cb2766d89ae6284516c6a254e9fb61&l=20260811103739FF93585BE7F751426837&ply_type=3&policy=eyJ2bSI6MywidWlkIjoiMzEyOTY1MDYwMzg4ODE4NSJ9,已使用,审核通过,--,32,--,0,0,0,0,0,0,0,0,0,0,0,0,0,0,0
"	7660186913555644470",0708引导-小敏-1.mp4,https://video-cn.oceanengine.com/600a182a84a1197ca0166bde4436694e/6a7d2e06/tos-cn-ve-51/2bae3a7756eb456186673002a0168b64?a=1402&ch=0&cr=0&dr=3&cd=0%7C0%7C0%7C0&cv=1&br=675&bt=675&cs=0&ds=3&ft=J9ThAGkHH_Myq8Z4RkC_e2NvjTQ&mime_type=video_mp4&qs=0&rc=NXZpTGRTaFBnKWxncmd5aHFsc3IxZGY3ODNnMzVkOWY0aTw4O2c0QGkzO2pwZ2tvdTo8MzM0NjMzQFNsa3ZpcUQ6amtqXmJmK2BeaWpgYTojNWE1MDBjYl8tMWFjMi41NGEjajVpMnFnXjM0YS0tZDBhc3M%3D&btag=80000e00010000&dy_q=1786415860&feature_id=d6a18d7c5414b1f1e95a75faf9147845&l=20260811103739FF93585BE7F751426837&ply_type=3&policy=eyJ2bSI6MywidWlkIjoiMzEyOTY1MDYwMzg4ODE4NSJ9,已使用,审核通过,--,11,--,0,0,0,0,0,0,0,0,0,0,0,0,0,0,0
"	7660015933729521718",一键修复_0706引导+v瑞晨-6.mp4,https://video-cn.oceanengine.com/eccea620f4a3a199220ad90b2e416ebd/6a7d2e0a/tos-cn-v-29cc83/oceBv9ADQQ5KtMJLW1rEOcCN4cISECe44u4psg?a=1402&ch=0&cr=0&dr=3&cd=0%7C0%7C0%7C0&br=873&bt=873&cs=0&ds=3&ft=J9ThAGkHH_Myq8Z4RkC_e2NvjTQ&mime_type=video_mp4&qs=0&rc=NXZpTGRTaFBnKWxncmd5aHFsc3IxZGY5OGQ0ZzwzOGg4PGZlZmY5QGkzPGt0OWtvdnc8NjM0aTwzQFNsa3ZpcUQ6amtqXmJmK2BeaWpgYTojNC4yL18zMl9gMTEyYV8zMGEjYnEwL3FnZmMzYS0tZC8vc3M%3D&btag=80000e00010000&dy_q=1786415860&feature_id=d6a18d7c5414b1f1e95a75faf9147845&l=20260811103739FF93585BE7F751426837&ply_type=3&policy=eyJ2bSI6MywidWlkIjoiMzEyOTY1MDYwMzg4ODE4NSJ9,已使用,审核通过,--,2,--,0,0,0,0,0,0,0,0,0,0,0,0,0,0,0
"	7659983321992708132",0706引导+v瑞晨-7.mp4,https://video-cn.oceanengine.com/e6ba9dc90d6be4aa7f86b6d12bdf84a6/6a7d2e0a/tos-cn-ve-51/o0MbQg9RTzhi4SfbAg4AI0JOmx1QdACBKtslqT?a=1402&ch=0&cr=0&dr=3&cd=0%7C0%7C0%7C0&br=1838&bt=1838&cs=0&ds=4&ft=J9ThAGkHH_Myq8Z4RkC_e2NvjTQ&mime_type=video_mp4&qs=0&rc=NXZpTGRTaFBnKWxncmd5aHFsc3IxZGY1NGg3OTY7Zjo4MzozaWZmQGkzPGRoOmtva3U8MzM0NjMzQFNsa3ZpcUQ6amtqXmJmK2BeaWpgYTojYjM2NTFfMjY0MTAtLjAyYWEjNW9iYHFnXmgzYS0tZDAvc3M%3D&btag=80000e00010000&dy_q=1786415860&feature_id=d6a18d7c5414b1f1e95a75faf9147845&l=20260811103739FF93585BE7F751426837&ply_type=3&policy=eyJ2bSI6MywidWlkIjoiMzEyOTY1MDYwMzg4ODE4NSJ9,已使用,审核通过,--,2,--,0,0,0,0,0,0,0,0,0,0,0,0,0,0,0
"	7659983312489005110",0706引导+v瑞晨-9.mp4,https://video-cn.oceanengine.com/cd4234b9b69dcb076354d7823fce58ef/6a7d2e12/tos-cn-ve-51/ocFgM012QumDsiiBetARQIE4NQ1hJaEAgCqbmn?a=1402&ch=0&cr=0&dr=3&cd=0%7C0%7C0%7C0&br=1447&bt=1447&cs=0&ds=4&ft=J9ThAGkHH_Myq8Z4RkC_e2NvjTQ&mime_type=video_mp4&qs=0&rc=NXZpTGRTaFBnKWxncmd5aHFsc3IxZGZpNzs6NGU8MzVmaTUzOjY0QGkzNmpnOmtva3U8MzM0NjMzQFNsa3ZpcUQ6amtqXmJmK2BeaWpgYTojMTNhXy4yL14wMTU1Mi81L2EjZDVlZXFnXmgzYS0tZDAwc3M%3D&btag=80000e00018000&dy_q=1786415860&feature_id=d6a18d7c5414b1f1e95a75faf9147845&l=20260811103739FF93585BE7F751426837&ply_type=3&policy=eyJ2bSI6MywidWlkIjoiMzEyOTY1MDYwMzg4ODE4NSJ9,已使用,审核通过,--,2,--,0,0,0,0,0,0,0,0,0,0,0,0,0,0,0
"	7659983301841698859",0706引导+v瑞晨-8.mp4,https://video-cn.oceanengine.com/6c9d8e048c0aeffc804b51e5866dbef3/6a7d2e09/tos-cn-ve-51/owLbNqJ7T6XZDd10AAIk5qpVEctge6QxgfDBsb?a=1402&ch=0&cr=0&dr=3&cd=0%7C0%7C0%7C0&br=1822&bt=1822&cs=0&ds=4&ft=J9ThAGkHH_Myq8Z4RkC_e2NvjTQ&mime_type=video_mp4&qs=0&rc=NXZpTGRTaFBnKWxncmd5aHFsc3IxZGZmZGY1Z2RkOjpoZ2U2ZDs8QGkzdnZnZGtva3U8MzM0NjMzQFNsa3ZpcUQ6amtqXmJmK2BeaWpgYTojY2MzMjVhNjVhMTY1LjEwYmEjb3Nia3FnL2gzYS0tZDAwc3M%3D&btag=80000e00010000&dy_q=1786415860&feature_id=d6a18d7c5414b1f1e95a75faf9147845&l=20260811103739FF93585BE7F751426837&ply_type=3&policy=eyJ2bSI6MywidWlkIjoiMzEyOTY1MDYwMzg4ODE4NSJ9,未使用,审核通过,--,0,--,0,0,0,0,0,0,0,0,0,0,0,0,0,0,0
"	7659983297766178859",0706引导+v瑞晨-10.mp4,https://video-cn.oceanengine.com/45934797e7f53b030f7a94fbeec3d271/6a7d2e0e/tos-cn-ve-51/o0INEQg2muHJAu41S9RvqVqeE0JBisEQm2tlA2?a=1402&ch=0&cr=0&dr=3&cd=0%7C0%7C0%7C0&br=1517&bt=1517&cs=0&ds=4&ft=J9ThAGkHH_Myq8Z4RkC_e2NvjTQ&mime_type=video_mp4&qs=0&rc=NXZpTGRTaFBnKWxncmd5aHFsc3IxZGZkN2k0OzQ3NjpoOmc3NGVoQGkzb3lxN2tva3U8MzM0NjMzQFNsa3ZpcUQ6amtqXmJmK2BeaWpgYTojYmFeNTYxYjZiMTIuLTUuMWEjL2BkaHFnXmgzYS0tZDBhc3M%3D&btag=80000e00010000&dy_q=1786415860&feature_id=d6a18d7c5414b1f1e95a75faf9147845&l=20260811103739FF93585BE7F751426837&ply_type=3&policy=eyJ2bSI6MywidWlkIjoiMzEyOTY1MDYwMzg4ODE4NSJ9,已使用,审核通过,--,2,--,0,0,0,0,0,0,0,0,0,0,0,0,0,0,0
"	7659679262665293865",0706引导+v瑞晨-1.mp4,https://video-cn.oceanengine.com/58bb3a3cae26acaa04410e490121cac1/6a7d2e10/tos-cn-ve-51c800/oclB2Z9JBI4ygHQALlIQKOsf1MEXm11gmGblrA?a=1402&ch=0&cr=0&dr=3&cd=0%7C0%7C0%7C0&br=1782&bt=1782&cs=0&ds=4&ft=J9ThAGkHH_Myq8Z4RkC_e2NvjTQ&mime_type=video_mp4&qs=0&rc=NXZpTGRTaFBnKWxncmd5aHFsc3IxZGY7OGZlNGU3Ojc4PGZmNDtmQGlqNHFtNmtvamQ8MzM0NjMzQFNsa3ZpcUQ6amtqXmJmK2BeaWpgYTojNjJfLS42YV4wMWAwYWExYWEjZmBqc3FnL18zYS0tZDBhc3M%3D&btag=80000e00010000&dy_q=1786415860&feature_id=d6a18d7c5414b1f1e95a75faf9147845&l=20260811103739FF93585BE7F751426837&ply_type=3&policy=eyJ2bSI6MywidWlkIjoiMzEyOTY1MDYwMzg4ODE4NSJ9,已使用,审核通过,--,2,--,0,0,0,0,0,0,0,0,0,0,0,0,0,0,0
"	7659679252962541631",0706引导+v瑞晨-5.mp4,https://video-cn.oceanengine.com/93b5e4236ad7323f23e4c13894633319/6a7d2e01/tos-cn-ve-51/oEKbM1gAgQAsIjQxd44fm1EoJIELQqmKl9VBlU?a=1402&ch=0&cr=0&dr=3&cd=0%7C0%7C0%7C0&br=2554&bt=2554&cs=0&ds=4&ft=J9ThAGkHH_Myq8Z4RkC_e2NvjTQ&mime_type=video_mp4&qs=0&rc=NXZpTGRTaFBnKWxncmd5aHFsc3IxZGZkaTw2NjQ3OGU7PGU8MzU6QGlqeXFkaGtvamQ8MzM0NjMzQFNsa3ZpcUQ6amtqXmJmK2BeaWpgYTojMGJiMzUuMV8uMWNeNC5iX2EjXjBlcHFnL18zYS0tZDBhc3M%3D&btag=80000e00008000&dy_q=1786415860&feature_id=d6a18d7c5414b1f1e95a75faf9147845&l=20260811103739FF93585BE7F751426837&ply_type=3&policy=eyJ2bSI6MywidWlkIjoiMzEyOTY1MDYwMzg4ODE4NSJ9,已使用,审核通过,--,2,--,0,0,0,0,0,0,0,0,0,0,0,0,0,0,0
"	7659679243442913322",0706引导+v瑞晨-4.mp4,https://video-cn.oceanengine.com/71ddcf7d816c00002effac54294258c4/6a7d2dfc/tos-cn-ve-51/oIAh6EsIQAgqffTKAR9CmlbqMSWYLDAB4BKNNa?a=1402&ch=0&cr=0&dr=3&cd=0%7C0%7C0%7C0&br=374&bt=374&cs=0&ds=1&eid=29440&ft=J9ThAGkHH_Myq8Z4RkC_e2NvjTQ&mime_type=video_mp4&qs=0&rc=NXZpTGRTaFBnKWxncmd5aHFsc3IxZGZkOTY2ZTU1PGlmaDxnPGllQGkzd2s7Z2tvaWQ8MzM0NjMzQFNsa3ZpcUQ6amtqXmJmK2BeaWpgYTojMF8xMjBeL19jMTQuMDZfX2EjMF4uLXFnZl8zYS0tZDAvc3M%3D&btag=80000e00008000&dy_q=1786415860&feature_id=59cb2766d89ae6284516c6a254e9fb61&l=20260811103739FF93585BE7F751426837&ply_type=3&policy=eyJ2bSI6MywidWlkIjoiMzEyOTY1MDYwMzg4ODE4NSJ9,已使用,审核通过,--,3,--,0,0,0,0,0,0,0,0,0,0,0,0,0,0,0
"	7659679226528383039",0706引导+v瑞晨-3.mp4,https://video-cn.oceanengine.com/b295976d5d6a5d9427838b757beaa6da/6a7d2e10/tos-cn-ve-51/ok0WIC4Yf4AirQFGsKetANqQlDTgHBgTEYKlMs?a=1402&ch=0&cr=0&dr=3&cd=0%7C0%7C0%7C0&br=1654&bt=1654&cs=0&ds=4&ft=J9ThAGkHH_Myq8Z4RkC_e2NvjTQ&mime_type=video_mp4&qs=0&rc=NXZpTGRTaFBnKWxncmd5aHFsc3IxZGY3PGZpNzdlMzNmZDlnODszQGkzOjQ3Z2tvaWQ8MzM0NjMzQFNsa3ZpcUQ6amtqXmJmK2BeaWpgYTojNjYwNjU2NV4uMS5eLTMzMGEjcDMwYHFnZl8zYS0tZDAvc3M%3D&btag=80000e00010000&dy_q=1786415860&feature_id=d6a18d7c5414b1f1e95a75faf9147845&l=20260811103739FF93585BE7F751426837&ply_type=3&policy=eyJ2bSI6MywidWlkIjoiMzEyOTY1MDYwMzg4ODE4NSJ9,已使用,审核通过,--,2,--,0,0,0,0,0,0,0,0,0,0,0,0,0,0,0
"	7662605347073572914",0715瑞晨引流-2.mp4,https://video-cn.oceanengine.com/ec52f2e1c55c90733562bdbf5eebe5d5/6a7d2dd7/tos-cn-ve-51/d0ad68b878f1468cbca89a6b110e5487?a=1402&ch=0&cr=0&dr=3&cd=0%7C0%7C0%7C0&cv=1&br=1694&bt=1694&cs=0&ds=3&ft=J9ThAGkHH_Myq8Z-RkC_e2NvjTQ&mime_type=video_mp4&qs=0&rc=NXZpTGRTaFBnKWxncmd5aHFsc3IxZGY4ZDo8Nzg2NTs5aGRoaTpkQGkzczNoO286NWo8MzM0NjMzQFNsa3ZpcUQ6amtqXmJmK2BeaWpgYTojM2IuNTBjLl8zMTExMTEvMGEjZ2RwYWFhZmpfYS0tZDAwc3M%3D&btag=80000e00008000&dy_q=1786415821&feature_id=d6a18d7c5414b1f1e95a75faf9147845&l=20260811103700E54EA91182BABA3C8A2D&ply_type=3&policy=eyJ2bSI6MywidWlkIjoiMzEyOTY1MDYwMzg4ODE4NSJ9,已使用,审核通过,首发,28,--,0.76,44,1,2.27,0.76,17.27,0,0,0,0,0,0,0,0,0
"	7663464995961847844",0717-瑞晨引流-4.mp4,https://video-cn.oceanengine.com/f13a77d1fec69c4a37698029bc15877c/6a7d2ddc/tos-cn-ve-51/o8MhqAEfjQ1fgaAIIqRDB1ranDaRNWJ2QEIMRD?a=1402&ch=0&cr=0&dr=3&cd=0%7C0%7C0%7C0&cv=1&br=2086&bt=2086&cs=0&ds=4&ft=J9ThAGkHH_Myq8Z-RkC_e2NvjTQ&mime_type=video_mp4&qs=0&rc=NXZpTGRTaFBnKWxncmd5aHFsc3IxZGZmOmY3NjVmNTU4PGZnOjg1QGlqPG84aW86bDQ8MzM0NjMzQFNsa3ZpcUQ6amtqXmJmK2BeaWpgYTojNTEzY14xMF8xMWMvL2MtLmEjZ3JhZ2FhL2VhYS0tZDAwc3M%3D&btag=80000e00010000&dy_q=1786415821&feature_id=d6a18d7c5414b1f1e95a75faf9147845&l=20260811103700E54EA91182BABA3C8A2D&ply_type=3&policy=eyJ2bSI6MywidWlkIjoiMzEyOTY1MDYwMzg4ODE4NSJ9,已使用,审核通过,--,7,--,0.74,25,0,0,0,29.6,0,0,0,0,0,0,0,0,0
"	7660186951438139446",0708-引导-嘉丽-4.mp4,https://video-cn.oceanengine.com/b40c02279010a2e4db99dbb95aeb84c2/6a7d2dde/tos-cn-ve-51/oAI2IMemSOfERB7VrgE1Exf9AQt8CpAeVqaI17?a=1402&ch=0&cr=0&dr=3&cd=0%7C0%7C0%7C0&cv=1&br=866&bt=866&cs=0&ds=3&ft=J9ThAGkHH_Myq8Z-RkC_e2NvjTQ&mime_type=video_mp4&qs=0&rc=NXZpTGRTaFBnKWxncmd5aHFsc3IxZGY4ZTVmPGhmMzVnOjc2OGdlQGkzZXhxOm86aXk8MzM0NjMzQFNsa3ZpcUQ6amtqXmJmK2BeaWpgYTojX2MvLTMwXjUyMS01YmExNmEjNmljNmFhZmNeYS0tZDAvc3M%3D&btag=80000e00010000&dy_q=1786415821&feature_id=d6a18d7c5414b1f1e95a75faf9147845&l=20260811103700E54EA91182BABA3C8A2D&ply_type=3&policy=eyJ2bSI6MywidWlkIjoiMzEyOTY1MDYwMzg4ODE4NSJ9,已使用,审核通过,--,21,--,1.44,58,2,3.45,0.72,24.83,0,0,0,0,0,0,0,0,0
"	7662604373985902602",0714-瑞晨引导-3.mp4,https://video-cn.oceanengine.com/7cf08550360a5ca11a01e3fddd8cb692/6a7d2ddc/tos-cn-ve-51/o0KzrdXkWcsIsZlETKQFsTjDALatA6kbNIKLQ?a=1402&ch=0&cr=0&dr=3&cd=0%7C0%7C0%7C0&br=1628&bt=1628&cs=0&ds=4&ft=J9ThAGkHH_Myq8Z-RkC_e2NvjTQ&mime_type=video_mp4&qs=0&rc=NXZpTGRTaFBnKWxncmd5aHFsc3IxZGZkNzVpZGdkO2Y8N2U1M2Y7QGkzbW47N286ZWo8MzM0NjMzQFNsa3ZpcUQ6amtqXmJmK2BeaWpgYTojNV4tNjEuLjU1MTA1NDYuLmEjcW5samFhZmhfYS0tZDBhc3M%3D&btag=80000e00010000&dy_q=1786415821&feature_id=d6a18d7c5414b1f1e95a75faf9147845&l=20260811103700E54EA91182BABA3C8A2D&ply_type=3&policy=eyJ2bSI6MywidWlkIjoiMzEyOTY1MDYwMzg4ODE4NSJ9,已使用,审核通过,--,3,--,0.38,16,1,6.25,0.38,23.75,0,0,0,0,0,0,0,0,0
"	7664925201298063370",0720-瑞晨引流-3.mp4,https://video-cn.oceanengine.com/6470f67145e5d1fe9926f01e9aaf6830/6a7d2ddc/tos-cn-ve-51/oEAVgBL1h7SgDmzIhcfIAtULiaIv16QXn7ZgZQ?a=1402&ch=0&cr=0&dr=3&cd=0%7C0%7C0%7C0&br=859&bt=859&cs=0&ds=3&ft=J9ThAGkHH_Myq8Z-RkC_e2NvjTQ&mime_type=video_mp4&qs=0&rc=NXZpTGRTaFBnKWxncmd5aHFsc3IxZGZpZTRlZWczMzw1Zmk1Zzk8QGkzbTNlZW86PG88MzM0NjMzQFNsa3ZpcUQ6amtqXmJmK2BeaWpgYTojLWItLjIwMF5hMTEwMDU2LmEja20zcWFhLy5jYS0tZDAwc3M%3D&btag=80000e00010000&dy_q=1786415821&feature_id=d6a18d7c5414b1f1e95a75faf9147845&l=20260811103700E54EA91182BABA3C8A2D&ply_type=3&policy=eyJ2bSI6MywidWlkIjoiMzEyOTY1MDYwMzg4ODE4NSJ9,已使用,审核通过,--,5,--,0.64,41,1,2.44,0.64,15.61,0,0,0,0,0,0,0,0,0
"	7662605347073458226",0715瑞晨引流-1.mp4,https://video-cn.oceanengine.com/39ad550041bc3a12cc1cc7306f4e024e/6a7d2dda/tos-cn-ve-51/oUUIHuIQzdamtKWILnA8CEycCQC7TNkN5AX4l?a=1402&ch=0&cr=0&dr=3&cd=0%7C0%7C0%7C0&cv=1&br=1776&bt=1776&cs=0&ds=3&ft=J9ThAGkHH_Myq8Z-RkC_e2NvjTQ&mime_type=video_mp4&qs=0&rc=NXZpTGRTaFBnKWxncmd5aHFsc3IxZGY8PGQ7NGZmaGQ6ZzM8PDc4QGlqZHJ5OW86NWo8MzM0NjMzQFNsa3ZpcUQ6amtqXmJmK2BeaWpgYTojNC1gM2MzXjYtMTViYy5jX2EjZ2QyM2FhZmpfYS0tZDBhc3M%3D&btag=80000e00008000&dy_q=1786415821&feature_id=d6a18d7c5414b1f1e95a75faf9147845&l=20260811103700E54EA91182BABA3C8A2D&ply_type=3&policy=eyJ2bSI6MywidWlkIjoiMzEyOTY1MDYwMzg4ODE4NSJ9,已使用,审核通过,首发,24,--,3.96,127,4,3.15,0.99,31.18,0,0,0,0,0,0,0,0,0
"	7662604335050735643",0714-瑞晨引导-4.mp4,https://video-cn.oceanengine.com/e0fe90f1a97d024d0bed8b5acdd991ad/6a7d2ddc/tos-cn-ve-51/oktmBlQAQ6rIXAkdzYYaWtPzLKRmILjcCtEJT?a=1402&ch=0&cr=0&dr=3&cd=0%7C0%7C0%7C0&br=714&bt=714&cs=0&ds=3&ft=J9ThAGkHH_Myq8Z-RkC_e2NvjTQ&mime_type=video_mp4&qs=0&rc=NXZpTGRTaFBnKWxncmd5aHFsc3IxZGY7aTRmaDkzOmQzZjg7ZzplQGlqNmdsZW86ZWo8MzM0NjMzQFNsa3ZpcUQ6amtqXmJmK2BeaWpgYTojNTFeMV80MzVgMWEwYmI2MmEjajBiNGFhZmhfYS0tZDBhc3M%3D&btag=80000e00010000&dy_q=1786415821&feature_id=d6a18d7c5414b1f1e95a75faf9147845&l=20260811103700E54EA91182BABA3C8A2D&ply_type=3&policy=eyJ2bSI6MywidWlkIjoiMzEyOTY1MDYwMzg4ODE4NSJ9,已使用,审核通过,--,4,--,0.44,5,0,0,0,88,0,0,0,0,0,0,0,0,0
"	7664925350633455626",0720-浩正引导-4.mp4,https://video-cn.oceanengine.com/fc1fca563fa72020134708d992563ff5/6a7d2ddd/tos-cn-ve-51/oQFXDfwwDEANIYUZTgqgFBBfQKN1AFNwaA5D5S?a=1402&ch=0&cr=0&dr=3&cd=0%7C0%7C0%7C0&br=771&bt=771&cs=0&ds=3&ft=J9ThAGkHH_Myq8Z-RkC_e2NvjTQ&mime_type=video_mp4&qs=0&rc=NXZpTGRTaFBnKWxncmd5aHFsc3IxZGY4NzVmZDkzZTs2PDpoaWU8QGkzZmxycjlydm88MzM0NjMzQFNsa3ZpcUQ6amtqXmJmK2BeaWpgYTojMzQuMGNiXjZgMS8yMC0zXmEjcGE0MTJkNC9jYS0tZDBhc3M%3D&btag=80000e00010000&dy_q=1786415821&feature_id=d6a18d7c5414b1f1e95a75faf9147845&l=20260811103700E54EA91182BABA3C8A2D&ply_type=3&policy=eyJ2bSI6MywidWlkIjoiMzEyOTY1MDYwMzg4ODE4NSJ9,已使用,审核通过,--,3,--,12.91,375,9,2.4,1.43,34.43,1,12.91,11.11,0,0,0,0,0,0
"	7667039015361314843",推送视频_0724-国星引流-存2.mp4-2户,https://video-cn.oceanengine.com/6ad74c886ebd8aba6e06a275b0dcbe6a/6a7d2de7/tos-cn-ve-51/oQlJIVQWaUUzMtgdD6kZ2AE5ntmQIwcPAJdhN?a=1402&ch=0&cr=0&dr=3&cd=0%7C0%7C0%7C0&cv=1&br=997&bt=997&cs=0&ds=3&ft=J9ThAGkHH_Myq8Z-RkC_e2NvjTQ&mime_type=video_mp4&qs=0&rc=NXZpTGRTaFBnKWxncmd5aHFsc3IxZGZlOWhlZzdmOTo7ODhnN2g2QGlqczhyZ286dGw8MzM0NjMzQFNsa3ZpcUQ6amtqXmJmK2BeaWpgYTojMTFjMDMyLjU0MTUvMTNeLWEjZG8uZmFhXjZnYS0tZDAwc3M%3D&btag=80000e00010000&dy_q=1786415821&feature_id=d6a18d7c5414b1f1e95a75faf9147845&l=20260811103700E54EA91182BABA3C8A2D&ply_type=3&policy=eyJ2bSI6MywidWlkIjoiMzEyOTY1MDYwMzg4ODE4NSJ9,已使用,审核通过,--,3,--,1.38,63,2,3.17,0.69,21.9,0,0,0,0,0,0,0,0,0
"	7663102736046964772",0716-引导-小敏-修改.mp4,https://video-cn.oceanengine.com/bb7e6a77444447ff567d45c378e99e04/6a7d2dd5/tos-cn-ve-51/oQxq0aBNC1qdWrD9SgkfAFzfIRExBdA2awEdME?a=1402&ch=0&cr=0&dr=3&cd=0%7C0%7C0%7C0&cv=1&br=292&bt=292&cs=0&ds=1&eid=29440&ft=J9ThAGkHH_Myq8Z-RkC_e2NvjTQ&mime_type=video_mp4&qs=0&rc=NXZpTGRTaFBnKWxncmd5aHFsc3IxZGZnOzozMzZoNTQ2Z2g3NmZoQGkzN3E6Z286dmY8MzM0NjMzQFNsa3ZpcUQ6amtqXmJmK2BeaWpgYTojX2I1NV8yYTZhMV42YF5gNWEjaXJyLWFhXnJgYS0tZDAvc3M%3D&btag=80000e00008000&dy_q=1786415821&feature_id=59cb2766d89ae6284516c6a254e9fb61&l=20260811103700E54EA91182BABA3C8A2D&ply_type=3&policy=eyJ2bSI6MywidWlkIjoiMzEyOTY1MDYwMzg4ODE4NSJ9,已使用,审核通过,首发,17,--,3.12,135,6,4.44,0.52,23.11,0,0,0,0,0,0,0,0,0
"	7664925183753125914",0720-瑞晨引流-1.mp4,https://video-cn.oceanengine.com/5dd86176b5810fc3cd44fa8c4086394b/6a7d2ddc/tos-cn-ve-51/oQCCU1gs1IyLuf3CAmagNINk7BRyqCAQ29geDX?a=1402&ch=0&cr=0&dr=3&cd=0%7C0%7C0%7C0&cv=1&br=526&bt=526&cs=0&ds=3&ft=J9ThAGkHH_Myq8Z-RkC_e2NvjTQ&mime_type=video_mp4&qs=0&rc=NXZpTGRTaFBnKWxncmd5aHFsc3IxZGYzZ2Y2NmVkPDo6PGY0OTo1QGlqdzhtZ286PG88MzM0NjMzQFNsa3ZpcUQ6amtqXmJmK2BeaWpgYTojYDBhMi9gLTZiMTBjMi5fM2EjbzNscWFhLy5jYS0tZDBhc3M%3D&btag=80000e00010000&dy_q=1786415821&feature_id=d6a18d7c5414b1f1e95a75faf9147845&l=20260811103700E54EA91182BABA3C8A2D&ply_type=3&policy=eyJ2bSI6MywidWlkIjoiMzEyOTY1MDYwMzg4ODE4NSJ9,已使用,审核通过,--,6,--,0.65,56,1,1.79,0.65,11.61,0,0,0,0,0,0,0,0,0
"	7664925165076463667",0720-瑞晨引流-5.mp4,https://video-cn.oceanengine.com/d817716fa03539d3e9626ebdf445f8d4/6a7d2ddc/tos-cn-ve-51/oYeSgX1A9RqFa11CWDRBNykfXU0mo1D9A2AMRg?a=1402&ch=0&cr=0&dr=3&cd=0%7C0%7C0%7C0&br=768&bt=768&cs=0&ds=3&ft=J9ThAGkHH_Myq8Z-RkC_e2NvjTQ&mime_type=video_mp4&qs=0&rc=NXZpTGRTaFBnKWxncmd5aHFsc3IxZGZlOzw8NTw1OGRnM2ZlPDU2QGlqd3c8OG86PG88MzM0NjMzQFNsa3ZpcUQ6amtqXmJmK2BeaWpgYTojMS40LjYzXl4wMWIwYmMyYGEjLm4yM2FhLy5jYS0tZDAwc3M%3D&btag=80000e00010000&dy_q=1786415821&feature_id=d6a18d7c5414b1f1e95a75faf9147845&l=20260811103700E54EA91182BABA3C8A2D&ply_type=3&policy=eyJ2bSI6MywidWlkIjoiMzEyOTY1MDYwMzg4ODE4NSJ9,已使用,审核通过,--,8,--,2.93,88,1,1.14,2.93,33.3,0,0,0,0,0,0,0,0,0
"	7662705450031562779",0715-引导-小敏-7.mp4,https://video-cn.oceanengine.com/1942e1304718f271f862941df77a89db/6a7d2dd8/tos-cn-ve-51/oMd1UZPldMZzthIGmIAgalJ0QiREOIAgXDWuU?a=1402&ch=0&cr=0&dr=3&cd=0%7C0%7C0%7C0&cv=1&br=523&bt=523&cs=0&ds=3&ft=J9ThAGkHH_Myq8Z-RkC_e2NvjTQ&mime_type=video_mp4&qs=0&rc=NXZpTGRTaFBnKWxncmd5aHFsc3IxZGZoOzM0Omk4Z2U5NzY1NzQ6QGlqa3g4aG86NnA8MzM0NjMzQFNsa3ZpcUQ6amtqXmJmK2BeaWpgYTojYmEzL2JfYDZgMTJhYDQ1X2EjMV4uMWFhXmBfYS0tZDAvc3M%3D&btag=80000e00008000&dy_q=1786415821&feature_id=d6a18d7c5414b1f1e95a75faf9147845&l=20260811103700E54EA91182BABA3C8A2D&ply_type=3&policy=eyJ2bSI6MywidWlkIjoiMzEyOTY1MDYwMzg4ODE4NSJ9,已使用,审核通过,首发,13,--,0.63,37,0,0,0,17.03,0,0,0,0,0,0,0,0,0
"	7662638633062187046",0714-引流-魏怡-5.mp4,https://video-cn.oceanengine.com/2014b706e13053b214c6dc431365f630/6a7d2df1/tos-cn-ve-51/o4Ous3QI7qaAKm4t5eAKi1USIGlgmBgsQhuYIq?a=1402&ch=0&cr=0&dr=3&cd=0%7C0%7C0%7C0&cv=1&br=753&bt=753&cs=0&ds=3&ft=J9ThAGkHH_Myq8Z-RkC_e2NvjTQ&mime_type=video_mp4&qs=0&rc=NXZpTGRTaFBnKWxncmd5aHFsc3IxZGY2ZDozOGZpZGY1aWVnPDc1QGkzZmk8N286b2w8MzM0NjMzQFNsa3ZpcUQ6amtqXmJmK2BeaWpgYTojYS5fYjFhYV8yMS81MWEtNGEjX15fNmFhL2ZfYS0tZDBhc3M%3D&btag=80000e00018000&dy_q=1786415821&feature_id=d6a18d7c5414b1f1e95a75faf9147845&l=20260811103700E54EA91182BABA3C8A2D&ply_type=3&policy=eyJ2bSI6MywidWlkIjoiMzEyOTY1MDYwMzg4ODE4NSJ9,已使用,审核通过,--,20,--,0.07,6,0,0,0,11.67,0,0,0,0,0,0,0,0,0
"	7664925294730936366",0720-浩正引导-3.mp4,https://video-cn.oceanengine.com/d45c32e5d54d801248be581cdd14321c/6a7d2dd9/tos-cn-ve-51/os1BCa1XNDAnZIpwof2QfFBAUg1gYsCbXqRkWS?a=1402&ch=0&cr=0&dr=3&cd=0%7C0%7C0%7C0&br=851&bt=851&cs=0&ds=3&ft=J9ThAGkHH_Myq8Z-RkC_e2NvjTQ&mime_type=video_mp4&qs=0&rc=NXZpTGRTaFBnKWxncmd5aHFsc3IxZGY7OmU1NjM4OWc4Mzk3ZDZoQGkzZXE6ZW86dm88MzM0NjMzQFNsa3ZpcUQ6amtqXmJmK2BeaWpgYTojMjNfNTNeNjZjMTMuXmA2X2EjNmlxLWFhLy9jYS0tZDAvc3M%3D&btag=80000e00008000&dy_q=1786415821&feature_id=d6a18d7c5414b1f1e95a75faf9147845&l=20260811103700E54EA91182BABA3C8A2D&ply_type=3&policy=eyJ2bSI6MywidWlkIjoiMzEyOTY1MDYwMzg4ODE4NSJ9,已使用,审核通过,--,2,--,0.8,36,2,5.56,0.4,22.22,0,0,0,0,0,0,0,0,0
"	7664925213059399690",0718瑞晨21-修改.mp4,https://video-cn.oceanengine.com/aaca2a015a37cda24ac76e49e9efd3f9/6a7d2dd7/tos-cn-ve-51/owaDi1aXug1fkwAACkzgR52CqeRPNSZACHX1oB?a=1402&ch=0&cr=0&dr=3&cd=0%7C0%7C0%7C0&cv=1&br=1534&bt=1534&cs=0&ds=3&ft=J9ThAGkHH_Myq8Z-RkC_e2NvjTQ&mime_type=video_mp4&qs=0&rc=NXZpTGRTaFBnKWxncmd5aHFsc3IxZGZpOmc4NTlmNTs0NGc4NjZlQGlqZXNlZm86PG88MzM0NjMzQFNsa3ZpcUQ6amtqXmJmK2BeaWpgYTojMjE2YF81YjZgMTJiMi41XmEjaGVmLWFhLy5jYS0tZDAvc3M%3D&btag=80000e00008000&dy_q=1786415821&feature_id=d6a18d7c5414b1f1e95a75faf9147845&l=20260811103700E54EA91182BABA3C8A2D&ply_type=3&policy=eyJ2bSI6MywidWlkIjoiMzEyOTY1MDYwMzg4ODE4NSJ9,已使用,审核通过,首发,12,--,1.25,61,0,0,0,20.49,0,0,0,0,0,0,0,0,0
"	7663055144947695643",0714-引导-雅迪-1-改.mp4,https://video-cn.oceanengine.com/928e290077b656ebd636b0d35e138449/6a7d2dee/tos-cn-ve-51/ooxBPG8BmImANhfIQaQg3ma15QOt7gZFAQVISL?a=1402&ch=0&cr=0&dr=3&cd=0%7C0%7C0%7C0&cv=1&br=841&bt=841&cs=0&ds=3&ft=J9ThAGkHH_Myq8Z-RkC_e2NvjTQ&mime_type=video_mp4&qs=0&rc=NXZpTGRTaFBnKWxncmd5aHFsc3IxZGY4PDhkNjZoO2UzOzU8ZGY5QGlqOmZwO286ZmQ8MzM0NjMzQFNsa3ZpcUQ6amtqXmJmK2BeaWpgYTojNDAxNTUzNV41MS8zYTAyL2EjZy5yNmFhZjVgYS0tZDAwc3M%3D&btag=80000e00018000&dy_q=1786415821&feature_id=d6a18d7c5414b1f1e95a75faf9147845&l=20260811103700E54EA91182BABA3C8A2D&ply_type=3&policy=eyJ2bSI6MywidWlkIjoiMzEyOTY1MDYwMzg4ODE4NSJ9,已使用,审核通过,首发,15,--,0.82,63,0,0,0,13.02,0,0,0,0,0,0,0,0,0
"	7664925385851191305",0720-浩正引导-6.mp4,https://video-cn.oceanengine.com/86c45a5b0ae2e52d31266fb1934fad8d/6a7d2de1/tos-cn-ve-51/oQa7aU3YQudBhTLA1fxaIgymi4Atgh6QE0P1IT?a=1402&ch=0&cr=0&dr=3&cd=0%7C0%7C0%7C0&cv=1&br=907&bt=907&cs=0&ds=3&ft=J9ThAGkHH_Myq8Z-RkC_e2NvjTQ&mime_type=video_mp4&qs=0&rc=NXZpTGRTaFBnKWxncmd5aHFsc3IxZGZnNzc0O2dpNjtlNWk0aTRlQGlqdG9saG86dm88MzM0NjMzQFNsa3ZpcUQ6amtqXmJmK2BeaWpgYTojXzMvYWNjYl8wMS02M2IwX2EjcGthb2FhLy9jYS0tZDAwc3M%3D&btag=80000e00010000&dy_q=1786415821&feature_id=d6a18d7c5414b1f1e95a75faf9147845&l=20260811103700E54EA91182BABA3C8A2D&ply_type=3&policy=eyJ2bSI6MywidWlkIjoiMzEyOTY1MDYwMzg4ODE4NSJ9,已使用,审核通过,--,5,--,12.84,956,11,1.15,1.17,13.43,0,0,0,0,0,0,0,0,0
"	7663055258714243123",0716-引流-魏怡-6.mp4,https://video-cn.oceanengine.com/bd1604c0787af761af867f1e077e98c0/6a7d2ddb/tos-cn-ve-51/oIAuId71glIZAptgkQnaYwzQhNliZO8wCEWUF?a=1402&ch=0&cr=0&dr=3&cd=0%7C0%7C0%7C0&cv=1&br=1418&bt=1418&cs=0&ds=3&ft=J9ThAGkHH_Myq8Z-RkC_e2NvjTQ&mime_type=video_mp4&qs=0&rc=NXZpTGRTaFBnKWxncmd5aHFsc3IxZGZkM2dpNTc0NzxpM2ZlNzNkQGkzajloaG86aGQ8MzM0NjMzQFNsa3ZpcUQ6amtqXmJmK2BeaWpgYTojNTQxMDNhYF9fMS0uX2FfNmEjci5vbGFhXjVgYS0tZDAvc3M%3D&btag=80000e00010000&dy_q=1786415821&feature_id=d6a18d7c5414b1f1e95a75faf9147845&l=20260811103700E54EA91182BABA3C8A2D&ply_type=3&policy=eyJ2bSI6MywidWlkIjoiMzEyOTY1MDYwMzg4ODE4NSJ9,已使用,审核通过,首发,13,--,18.8,458,17,3.71,1.11,41.05,2,9.4,11.76,0,0,0,0,0,0
"	7662604348090630154",0714-瑞晨引导-9.mp4,https://video-cn.oceanengine.com/27ac36930c894295ac11b772dbc0167f/6a7d2dd6/tos-cn-ve-51/oUQPIAaKUFaAMtm61kOXUghBQQ3uAyfIF5a47S?a=1402&ch=0&cr=0&dr=3&cd=0%7C0%7C0%7C0&br=2544&bt=2544&cs=0&ds=3&ft=J9ThAGkHH_Myq8Z-RkC_e2NvjTQ&mime_type=video_mp4&qs=0&rc=NXZpTGRTaFBnKWxncmd5aHFsc3IxZGY3NGY2ZjVoOzo1OmQ2NjtnQGkzOm45Z286ZWo8MzM0NjMzQFNsa3ZpcUQ6amtqXmJmK2BeaWpgYTojMF8xXmMtXzUuMWIvY2E1X2EjMmZfNmFhZmhfYS0tZDAvc3M%3D&btag=80000e00008000&dy_q=1786415821&feature_id=d6a18d7c5414b1f1e95a75faf9147845&l=20260811103700E54EA91182BABA3C8A2D&ply_type=3&policy=eyJ2bSI6MywidWlkIjoiMzEyOTY1MDYwMzg4ODE4NSJ9,已使用,审核不通过,--,3,--,0.57,11,2,18.18,0.29,51.82,0,0,0,0,0,0,0,0,0
"	7664925362551570441",0720-引导-嘉丽-3.mp4,https://video-cn.oceanengine.com/e94c34697642739899a2a882a3b44353/6a7d2dd4/tos-cn-ve-51/oktiYCB1LAHtgv1g7G56qmUAhtfIIcI3BsKQQa?a=1402&ch=0&cr=0&dr=3&cd=0%7C0%7C0%7C0&cv=1&br=1467&bt=1467&cs=0&ds=3&ft=J9ThAGkHH_Myq8Z-RkC_e2NvjTQ&mime_type=video_mp4&qs=0&rc=NXZpTGRTaFBnKWxncmd5aHFsc3IxZGY8aGg4Zzs2aDM1Zjk7O2U6QGlqcWs6Nm86dG88MzM0NjMzQFNsa3ZpcUQ6amtqXmJmK2BeaWpgYTojMmFhMTRiNTYuMTZeMi8uNWEjZmExX2FhZi9jYS0tZDAwc3M%3D&btag=80000e00008000&dy_q=1786415821&feature_id=d6a18d7c5414b1f1e95a75faf9147845&l=20260811103700E54EA91182BABA3C8A2D&ply_type=3&policy=eyJ2bSI6MywidWlkIjoiMzEyOTY1MDYwMzg4ODE4NSJ9,已使用,审核通过,首发,12,--,2.75,63,1,1.59,2.75,43.65,0,0,0,0,0,0,0,0,0
"	7661187009408008233",微信视频_20260711163659.mp4,https://video-cn.oceanengine.com/b8b8812dd800b4c6e9c26190fca93b8e/6a7d2df2/tos-cn-ve-51/o8AIVJEAIali9I9dA3EzaVdQtXIgvEwQWmUgJ?a=1402&ch=0&cr=0&dr=3&cd=0%7C0%7C0%7C0&cv=1&br=908&bt=908&cs=0&ds=3&ft=J9ThAGkHH_Myq8Z-RkC_e2NvjTQ&mime_type=video_mp4&qs=0&rc=NXZpTGRTaFBnKWxncmd5aHFsc3IxZGY2ODM6aGg0NTw3Nmg4OTYzQGkzajt1NW86OXk8MzM0NjMzQFNsa3ZpcUQ6amtqXmJmK2BeaWpgYTojNV4uYjA0Ml4xMTA2YTUwMWEjL2VvMWFhXmNeYS0tZDAvc3M%3D&btag=80000e00018000&dy_q=1786415821&feature_id=d6a18d7c5414b1f1e95a75faf9147845&l=20260811103700E54EA91182BABA3C8A2D&ply_type=3&policy=eyJ2bSI6MywidWlkIjoiMzEyOTY1MDYwMzg4ODE4NSJ9,已使用,审核通过,优质,30,--,177.07,5342,68,1.27,2.6,33.15,10,17.71,14.71,0,0,0,0,1,0
"	7664925184852197385",0720-瑞晨引流-2.mp4,https://video-cn.oceanengine.com/0a62351e27c87fbd9a406e9149310728/6a7d2ddc/tos-cn-ve-51/o8aYfLIhgJT61tCBDEBAAShE7LIAUQZQmLCzuz?a=1402&ch=0&cr=0&dr=3&cd=0%7C0%7C0%7C0&cv=1&br=720&bt=720&cs=0&ds=3&ft=J9ThAGkHH_Myq8Z-RkC_e2NvjTQ&mime_type=video_mp4&qs=0&rc=NXZpTGRTaFBnKWxncmd5aHFsc3IxZGZlO2Y7ZTo1Njw0ZmU8aDhmQGkzPGw2M286PG88MzM0NjMzQFNsa3ZpcUQ6amtqXmJmK2BeaWpgYTojNS40YzNiNjYyMWM2M2IuNmEjZV8xamFhLy5jYS0tZDAvc3M%3D&btag=80000e00010000&dy_q=1786415821&feature_id=d6a18d7c5414b1f1e95a75faf9147845&l=20260811103700E54EA91182BABA3C8A2D&ply_type=3&policy=eyJ2bSI6MywidWlkIjoiMzEyOTY1MDYwMzg4ODE4NSJ9,已使用,审核通过,--,6,--,0.19,23,0,0,0,8.26,0,0,0,0,0,0,0,0,0
"	7663055225868468274",0714-引导-雅迪-2-改.mp4,https://video-cn.oceanengine.com/631ac18c37e045857ecf831339101eaf/6a7d2de0/tos-cn-ve-51/oMS0Q4tVQYIAgBqnBEkAFjMkllopIAqWzdai1?a=1402&ch=0&cr=0&dr=3&cd=0%7C0%7C0%7C0&br=680&bt=680&cs=0&ds=3&ft=J9ThAGkHH_Myq8Z-RkC_e2NvjTQ&mime_type=video_mp4&qs=0&rc=NXZpTGRTaFBnKWxncmd5aHFsc3IxZGY5aTtoZTNoZTxkPGQ2PDo8QGlqb2Q8ZG86ZmQ8MzM0NjMzQFNsa3ZpcUQ6amtqXmJmK2BeaWpgYTojM2A2NWNhL14yMV9eMzJgYWEjZWhebmFhZjVgYS0tZDAvc3M%3D&btag=80000e00010000&dy_q=1786415821&feature_id=d6a18d7c5414b1f1e95a75faf9147845&l=20260811103700E54EA91182BABA3C8A2D&ply_type=3&policy=eyJ2bSI6MywidWlkIjoiMzEyOTY1MDYwMzg4ODE4NSJ9,已使用,审核通过,首发,13,--,1.06,49,2,4.08,0.53,21.63,0,0,0,0,0,0,0,0,0
"	7664925453538852910",0720-瑞晨引流-4.mp4,https://video-cn.oceanengine.com/0c202d83b49b2bf01e0299d18cd93aa8/6a7d2ddc/tos-cn-ve-51/okImhh1A602uxS4faAQodLtyXCgABQIY7UBMsL?a=1402&ch=0&cr=0&dr=3&cd=0%7C0%7C0%7C0&br=566&bt=566&cs=0&ds=3&ft=J9ThAGkHH_Myq8Z-RkC_e2NvjTQ&mime_type=video_mp4&qs=0&rc=NXZpTGRTaFBnKWxncmd5aHFsc3IxZGY0Nzk1aDQ3Z2Q2Omg6ODs5QGkzaDZvZm86PG88MzM0NjMzQFNsa3ZpcUQ6amtqXmJmK2BeaWpgYTojYDYyMDY2MzZfMV9fMTM0Y2EjcjVkX2FhLy5jYS0tZDAvc3M%3D&btag=80000e00010000&dy_q=1786415821&feature_id=d6a18d7c5414b1f1e95a75faf9147845&l=20260811103700E54EA91182BABA3C8A2D&ply_type=3&policy=eyJ2bSI6MywidWlkIjoiMzEyOTY1MDYwMzg4ODE4NSJ9,已使用,审核通过,--,7,--,1.07,26,2,7.69,0.54,41.15,1,1.07,50,0,0,0,0,0,0
"	7664925203185598515",0720-瑞晨引流-7.mp4,https://video-cn.oceanengine.com/12105fd06ddef47ab08c0a3b4ebf4761/6a7d2ddc/tos-cn-ve-51/oEOL1fC21kQIXDLqA1gINU3ajRS8SqDCA1eBgg?a=1402&ch=0&cr=0&dr=3&cd=0%7C0%7C0%7C0&br=987&bt=987&cs=0&ds=3&ft=J9ThAGkHH_Myq8Z-RkC_e2NvjTQ&mime_type=video_mp4&qs=0&rc=NXZpTGRTaFBnKWxncmd5aHFsc3IxZGY6MzllZzw6NjZlM2lnZTc1QGlqNWVxNm86PG88MzM0NjMzQFNsa3ZpcUQ6amtqXmJmK2BeaWpgYTojYS41LTRhLV8vMTRiLi1hMGEjNGRiamFhLy5jYS0tZDAvc3M%3D&btag=80000e00010000&dy_q=1786415821&feature_id=d6a18d7c5414b1f1e95a75faf9147845&l=20260811103700E54EA91182BABA3C8A2D&ply_type=3&policy=eyJ2bSI6MywidWlkIjoiMzEyOTY1MDYwMzg4ODE4NSJ9,已使用,审核通过,--,8,--,2.42,32,1,3.13,2.42,75.63,0,0,0,0,0,0,0,0,0
"	7662604446477156362",0714-瑞晨引导-11.mp4,https://video-cn.oceanengine.com/d473cdbe35d11982ecff402538646190/6a7d2dd7/tos-cn-ve-51/oE1ouMRogd5wqaDDGxfBAuNI2VIAFQIgNTq8Qf?a=1402&ch=0&cr=0&dr=3&cd=0%7C0%7C0%7C0&cv=1&br=1551&bt=1551&cs=0&ds=3&ft=J9ThAGkHH_Myq8Z-RkC_e2NvjTQ&mime_type=video_mp4&qs=0&rc=NXZpTGRTaFBnKWxncmd5aHFsc3IxZGY8ZjY3NTM6OmgzNmVoPDRmQGkzdnQ0aW86ZWo8MzM0NjMzQFNsa3ZpcUQ6amtqXmJmK2BeaWpgYTojXi8uXzEzYDU0MTJhNGMtYWEjZmcubmFhZmhfYS0tZDBhc3M%3D&btag=80000e00008000&dy_q=1786415821&feature_id=d6a18d7c5414b1f1e95a75faf9147845&l=20260811103700E54EA91182BABA3C8A2D&ply_type=3&policy=eyJ2bSI6MywidWlkIjoiMzEyOTY1MDYwMzg4ODE4NSJ9,已使用,审核通过,首发,20,--,4.26,140,2,1.43,2.13,30.43,0,0,0,0,0,0,0,0,0
"	7662602421135540270",0714-引导-嘉丽-2.mp4,https://video-cn.oceanengine.com/36cc702cfec8049b4f3dd566e2c451b0/6a7d2dd8/tos-cn-ve-51/ocIUI6tTL7hxtxmXgQaAEQKPmf1QCA5BB476IZ?a=1402&ch=0&cr=0&dr=3&cd=0%7C0%7C0%7C0&cv=1&br=852&bt=852&cs=0&ds=3&ft=J9ThAGkHH_Myq8Z-RkC_e2NvjTQ&mime_type=video_mp4&qs=0&rc=NXZpTGRTaFBnKWxncmd5aHFsc3IxZGY2M2k8NTs1ZGc7ODdmZTk0QGkzazx4Om86cmo8MzM0NjMzQFNsa3ZpcUQ6amtqXmJmK2BeaWpgYTojNTI0NGAzMzU2MTUwYWI1NWEjcTZzc2FhZmRfYS0tZDAwc3M%3D&btag=80000e00008000&dy_q=1786415821&feature_id=d6a18d7c5414b1f1e95a75faf9147845&l=20260811103700E54EA91182BABA3C8A2D&ply_type=3&policy=eyJ2bSI6MywidWlkIjoiMzEyOTY1MDYwMzg4ODE4NSJ9,已使用,审核通过,首发,19,--,2.65,117,2,1.71,1.33,22.65,0,0,0,0,0,0,0,0,0
"	7664925308233072686",0718-魏怡引流修改-4.mp4,https://video-cn.oceanengine.com/9b305dbaf0e129c594f3890742fccc4b/6a7d2dd4/tos-cn-ve-51/oQMg3GLQWDLqBbNeGAOffaUYUCbsvAUmII1Cgn?a=1402&ch=0&cr=0&dr=3&cd=0%7C0%7C0%7C0&cv=1&br=2032&bt=2032&cs=0&ds=3&ft=J9ThAGkHH_Myq8Z-RkC_e2NvjTQ&mime_type=video_mp4&qs=0&rc=NXZpTGRTaFBnKWxncmd5aHFsc3IxZGZmOTNkZWc2NGZkZGgzaDk8QGlqOWU2bTlyc288MzM0NjMzQFNsa3ZpcUQ6amtqXmJmK2BeaWpgYTojXjYuNGFhMF5hMWJjYzJgL2EjMmBzaDJkay9jYS0tZDBhc3M%3D&btag=80000e00008000&dy_q=1786415821&feature_id=d6a18d7c5414b1f1e95a75faf9147845&l=20260811103700E54EA91182BABA3C8A2D&ply_type=3&policy=eyJ2bSI6MywidWlkIjoiMzEyOTY1MDYwMzg4ODE4NSJ9,已使用,审核通过,--,2,--,8.08,253,4,1.58,2.02,31.94,1,8.08,25,0,0,0,0,0,0
"	7667905178185842697",推送视频_0729-国星引流-图文3.mp4,https://video-cn.oceanengine.com/2e4b45f4ddfaba947ab86593921da8a7/6a7d2dd7/tos-cn-ve-51/okUT7qrageINAIe0qCElLxtpDzApCdI3BKQOaS?a=1402&ch=0&cr=0&dr=3&cd=0%7C0%7C0%7C0&cv=1&br=1719&bt=1719&cs=0&ds=3&ft=J9ThAGkHH_Myq8Z-RkC_e2NvjTQ&mime_type=video_mp4&qs=0&rc=NXZpTGRTaFBnKWxncmd5aHFsc3IxZGY0NTllaThoM2doMztoOjM6QGkzZHVrN286ZHc8MzM0NjMzQFNsa3ZpcUQ6amtqXmJmK2BeaWpgYTojYTIzLi0uNF5jMWFjXi01MGEjNDNjXmFhL3JoYS0tZDAvc3M%3D&btag=80000e00008000&dy_q=1786415821&feature_id=d6a18d7c5414b1f1e95a75faf9147845&l=20260811103700E54EA91182BABA3C8A2D&ply_type=3&policy=eyJ2bSI6MywidWlkIjoiMzEyOTY1MDYwMzg4ODE4NSJ9,已使用,审核通过,首发,5,--,0,1,0,0,0,0,0,0,0,0,0,0,0,0,0
"	7663055198366597171",0716-引流-魏怡-5.mp4,https://video-cn.oceanengine.com/dd6ee49599d8a1c37217262c3c11f1ef/6a7d2ddb/tos-cn-ve-51/o8ILaIHdB7yhEFpfxQ1QtAmYIKmFAoBPpAqCQR?a=1402&ch=0&cr=0&dr=3&cd=0%7C0%7C0%7C0&cv=1&br=1482&bt=1482&cs=0&ds=3&ft=J9ThAGkHH_Myq8Z-RkC_e2NvjTQ&mime_type=video_mp4&qs=0&rc=NXZpTGRTaFBnKWxncmd5aHFsc3IxZGYzNWg5ZjU8Omg7NTc0NDRmQGlqeTNmNm86aGQ8MzM0NjMzQFNsa3ZpcUQ6amtqXmJmK2BeaWpgYTojYDM0Y18tM19eMTJiYmEzMmEjNC5tcGFhZjVgYS0tZDAvc3M%3D&btag=80000e00010000&dy_q=1786415821&feature_id=d6a18d7c5414b1f1e95a75faf9147845&l=20260811103700E54EA91182BABA3C8A2D&ply_type=3&policy=eyJ2bSI6MywidWlkIjoiMzEyOTY1MDYwMzg4ODE4NSJ9,已使用,审核通过,--,11,--,0.33,15,0,0,0,22,0,0,0,0,0,0,0,0,0
"	7664925370136707098",0720-浩正引导-2.mp4,https://video-cn.oceanengine.com/2948af9dfb6a13ec255874116547d868/6a7d2df6/tos-cn-ve-51/o4uiQhWQ4aAaU3NDU6tMAm1gyBdQAAlLIPIwf7?a=1402&ch=0&cr=0&dr=3&cd=0%7C0%7C0%7C0&cv=1&br=1330&bt=1330&cs=0&ds=3&ft=J9ThAGkHH_Myq8Z-RkC_e2NvjTQ&mime_type=video_mp4&qs=0&rc=NXZpTGRTaFBnKWxncmd5aHFsc3IxZGY0PDZkZjNpaDg4aTpnNThlQGlqM3g5OW86dm88MzM0NjMzQFNsa3ZpcUQ6amtqXmJmK2BeaWpgYTojXy80MmI1NjY1MWI0NS82MWEjMnFwMWFhLy9jYS0tZDAvc3M%3D&btag=80000e00018000&dy_q=1786415821&feature_id=d6a18d7c5414b1f1e95a75faf9147845&l=20260811103700E54EA91182BABA3C8A2D&ply_type=3&policy=eyJ2bSI6MywidWlkIjoiMzEyOTY1MDYwMzg4ODE4NSJ9,已使用,审核通过,首发,7,--,2.15,29,1,3.45,2.15,74.14,0,0,0,0,0,0,0,0,0
"	7662604388957339657",0714-瑞晨引导-14.mp4,https://video-cn.oceanengine.com/2e0a9275d2cde0d43211e7b13d504064/6a7d2de2/tos-cn-ve-51/okQQbbCUeruFR0edOgCqNAgGGoBjAcQIfIGrth?a=1402&ch=0&cr=0&dr=3&cd=0%7C0%7C0%7C0&br=1147&bt=1147&cs=0&ds=3&ft=J9ThAGkHH_Myq8Z-RkC_e2NvjTQ&mime_type=video_mp4&qs=0&rc=NXZpTGRTaFBnKWxncmd5aHFsc3IxZGY5ODNpZzhpOmQ0NGdnOzw2QGkzbnk0NG86ZWo8MzM0NjMzQFNsa3ZpcUQ6amtqXmJmK2BeaWpgYTojNC4zYTY0LTYvMTAvLy5eYGEjNXJfbWFhZmhfYS0tZDAwc3M%3D&btag=80000e00010000&dy_q=1786415821&feature_id=d6a18d7c5414b1f1e95a75faf9147845&l=20260811103700E54EA91182BABA3C8A2D&ply_type=3&policy=eyJ2bSI6MywidWlkIjoiMzEyOTY1MDYwMzg4ODE4NSJ9,已使用,审核通过,--,3,--,0.24,6,0,0,0,40,0,0,0,0,0,0,0,0,0
"	7664925157362647090",0720-瑞晨引流-10.mp4,https://video-cn.oceanengine.com/c0f9c3a7cc99f8a877ec9784d26beb9f/6a7d2ddc/tos-cn-ve-51/o0LB0I6fEQyma1EIggM7ASAhUALtQO2z1IhpRK?a=1402&ch=0&cr=0&dr=3&cd=0%7C0%7C0%7C0&cv=1&br=1099&bt=1099&cs=0&ds=3&ft=J9ThAGkHH_Myq8Z-RkC_e2NvjTQ&mime_type=video_mp4&qs=0&rc=NXZpTGRTaFBnKWxncmd5aHFsc3IxZGZkNTpnOzNkZDY2aTRpZDw0QGkzNzNoOW86PG88MzM0NjMzQFNsa3ZpcUQ6amtqXmJmK2BeaWpgYTojNjMuMTUzX14xMTVgL2BhMWEjYTFiXmFhLy5jYS0tZDAvc3M%3D&btag=80000e00010000&dy_q=1786415821&feature_id=d6a18d7c5414b1f1e95a75faf9147845&l=20260811103700E54EA91182BABA3C8A2D&ply_type=3&policy=eyJ2bSI6MywidWlkIjoiMzEyOTY1MDYwMzg4ODE4NSJ9,已使用,审核通过,--,8,--,3.46,195,4,2.05,0.87,17.74,0,0,0,0,0,0,0,0,0
"	7662989817081184266",0715瑞晨引流修改-3.mp4,https://video-cn.oceanengine.com/592735d70319ee3c6fb439fca1d431d9/6a7d2df0/tos-cn-ve-51/osR9we7AAgB260g6eo13NqIcWQOij0N0Ga8DCE?a=1402&ch=0&cr=0&dr=3&cd=0%7C0%7C0%7C0&cv=1&br=1739&bt=1739&cs=0&ds=3&ft=J9ThAGkHH_Myq8Z-RkC_e2NvjTQ&mime_type=video_mp4&qs=0&rc=NXZpTGRTaFBnKWxncmd5aHFsc3IxZGY7aDc5aDplN2ZkOjM0ODVnQGkzdXVqaW86aDk8MzM0NjMzQFNsa3ZpcUQ6amtqXmJmK2BeaWpgYTojLy02NjEzMV8zMTAvMS0uYGEjc2hnYmFhbmVgYS0tZDBhc3M%3D&btag=80000e00018000&dy_q=1786415821&feature_id=d6a18d7c5414b1f1e95a75faf9147845&l=20260811103700E54EA91182BABA3C8A2D&ply_type=3&policy=eyJ2bSI6MywidWlkIjoiMzEyOTY1MDYwMzg4ODE4NSJ9,已使用,审核通过,--,7,--,0.16,12,0,0,0,13.33,0,0,0,0,0,0,0,0,0
"	7662604387910729778",0714-瑞晨引导-6.mp4,https://video-cn.oceanengine.com/2f14f8c47efdb7b5ed7f49fefae4845e/6a7d2dd6/tos-cn-ve-51/oMKlHCmQazWjCI2GALAWWXBErQtdkl2XsKwcI?a=1402&ch=0&cr=0&dr=3&cd=0%7C0%7C0%7C0&br=2305&bt=2305&cs=0&ds=3&ft=J9ThAGkHH_Myq8Z-RkC_e2NvjTQ&mime_type=video_mp4&qs=0&rc=NXZpTGRTaFBnKWxncmd5aHFsc3IxZGYzaDtlPGY1NWk5OzQ7NTY8QGkzcDw7OG86ZWo8MzM0NjMzQFNsa3ZpcUQ6amtqXmJmK2BeaWpgYTojMTMwM2MvYDUtMWI0M18tLmEjb2Btb2FhZmhfYS0tZDAwc3M%3D&btag=80000e00008000&dy_q=1786415821&feature_id=d6a18d7c5414b1f1e95a75faf9147845&l=20260811103700E54EA91182BABA3C8A2D&ply_type=3&policy=eyJ2bSI6MywidWlkIjoiMzEyOTY1MDYwMzg4ODE4NSJ9,已使用,审核通过,--,3,--,0.16,2,0,0,0,80,0,0,0,0,0,0,0,0,0
"	7664925326633189386",0720-浩正引导-1.mp4,https://video-cn.oceanengine.com/04ed62f3e87c27ad43cc2720ad6ca47f/6a7d2dda/tos-cn-ve-51/ocAgfLihLv2ZGU1HbeWCqOGNAaIZBamIfUBzQS?a=1402&ch=0&cr=0&dr=3&cd=0%7C0%7C0%7C0&br=2288&bt=2288&cs=0&ds=3&ft=J9ThAGkHH_Myq8Z-RkC_e2NvjTQ&mime_type=video_mp4&qs=0&rc=NXZpTGRTaFBnKWxncmd5aHFsc3IxZGZnaGc8NmQ5ZjU5PDQ4Zmc8QGlqaW1zbTlydm88MzM0NjMzQFNsa3ZpcUQ6amtqXmJmK2BeaWpgYTojMmMvYjYzLl40MWFiX2A1MGEjaGVhYjJkNC9jYS0tZDBhc3M%3D&btag=80000e00008000&dy_q=1786415821&feature_id=d6a18d7c5414b1f1e95a75faf9147845&l=20260811103700E54EA91182BABA3C8A2D&ply_type=3&policy=eyJ2bSI6MywidWlkIjoiMzEyOTY1MDYwMzg4ODE4NSJ9,已使用,审核通过,--,4,--,7.31,291,5,1.72,1.46,25.12,0,0,0,0,0,0,0,0,0
"	7662213071909732378",0713-引导-小敏-1.mp4,https://video-cn.oceanengine.com/a4f39fe77073a3aaf292f81037a44ce8/6a7d2ddc/tos-cn-ve-51/oQnQDEBTg51AhWEagwioAiMBmgVB4QSmKIfdia?a=1402&ch=0&cr=0&dr=3&cd=0%7C0%7C0%7C0&cv=1&br=874&bt=874&cs=0&ds=3&ft=J9ThAGkHH_Myq8Z-RkC_e2NvjTQ&mime_type=video_mp4&qs=0&rc=NXZpTGRTaFBnKWxncmd5aHFsc3IxZGY7Zjs2OzQ3ZjQ1NTVlO2c5QGlqdGQ7czlyPDk8MzM0NjMzQFNsa3ZpcUQ6amtqXmJmK2BeaWpgYTojYjQ2X2JhY180MS4wNTA1NmEjZDEucDJkc2ZkYS0tZDBhc3M%3D&btag=80000e00010000&dy_q=1786415821&feature_id=d6a18d7c5414b1f1e95a75faf9147845&l=20260811103700E54EA91182BABA3C8A2D&ply_type=3&policy=eyJ2bSI6MywidWlkIjoiMzEyOTY1MDYwMzg4ODE4NSJ9,已使用,审核通过,--,4,--,0.2,1,0,0,0,200,0,0,0,0,0,0,0,0,0
"	7661186975484379190",微信视频_20260711163647.mp4,https://video-cn.oceanengine.com/b8a264d7784977317d3f2bc66c032e98/6a7d2de0/tos-cn-ve-51/13538b55e4c44081a302871672a0345d?a=1402&ch=0&cr=0&dr=3&cd=0%7C0%7C0%7C0&br=928&bt=928&cs=0&ds=3&ft=J9ThAGkHH_Myq8Z-RkC_e2NvjTQ&mime_type=video_mp4&qs=0&rc=NXZpTGRTaFBnKWxncmd5aHFsc3IxZGY8ZGVoZ2hnZTU5aWU2PGhkQGkzMzo2ZG86OXk8MzM0NjMzQFNsa3ZpcUQ6amtqXmJmK2BeaWpgYTojMC9jNF8uMTZeMV9gYl8xMGEjXmNiM2FhXmNeYS0tZDBhc3M%3D&btag=80000e00010000&dy_q=1786415821&feature_id=d6a18d7c5414b1f1e95a75faf9147845&l=20260811103700E54EA91182BABA3C8A2D&ply_type=3&policy=eyJ2bSI6MywidWlkIjoiMzEyOTY1MDYwMzg4ODE4NSJ9,已使用,审核通过,--,7,--,0,2,0,0,0,0,0,0,0,0,0,0,0,0,0
"	7664925158484607003",0720-瑞晨引流-8.mp4,https://video-cn.oceanengine.com/a115ecea10094bfa3913f2fba5fecc8b/6a7d2ddc/tos-cn-ve-51/oQX9gg12zeGIeDJeBAqARFv1bsUAoClGFqtSjA?a=1402&ch=0&cr=0&dr=3&cd=0%7C0%7C0%7C0&br=747&bt=747&cs=0&ds=3&ft=J9ThAGkHH_Myq8Z-RkC_e2NvjTQ&mime_type=video_mp4&qs=0&rc=NXZpTGRTaFBnKWxncmd5aHFsc3IxZGZoNmhpaWY8OGg2N2hmOTRoQGkzamxzaG86PG88MzM0NjMzQFNsa3ZpcUQ6amtqXmJmK2BeaWpgYTojXmIwYGFjYjU2MTAwNTBeMmEjcHJwamFhLy5jYS0tZDAwc3M%3D&btag=80000e00010000&dy_q=1786415821&feature_id=d6a18d7c5414b1f1e95a75faf9147845&l=20260811103700E54EA91182BABA3C8A2D&ply_type=3&policy=eyJ2bSI6MywidWlkIjoiMzEyOTY1MDYwMzg4ODE4NSJ9,已使用,审核通过,--,4,--,0.55,34,1,2.94,0.55,16.18,0,0,0,0,0,0,0,0,0
"	7662602318490189862",0714-引导-小敏-2.mp4,https://video-cn.oceanengine.com/78066e2f62d17d95a03d0b249ed6675c/6a7d2ddc/tos-cn-ve-51/oETTYtClrkEzlCEaIccPzAQJdWzOtIQAIIVXG?a=1402&ch=0&cr=0&dr=3&cd=0%7C0%7C0%7C0&cv=1&br=1254&bt=1254&cs=0&ds=3&ft=J9ThAGkHH_Myq8Z-RkC_e2NvjTQ&mime_type=video_mp4&qs=0&rc=NXZpTGRTaFBnKWxncmd5aHFsc3IxZGY0NGZlZjk7aWc7Omg6Njg5QGlqOWZsZW86cmo8MzM0NjMzQFNsa3ZpcUQ6amtqXmJmK2BeaWpgYTojLjUzNjRjNl9fMTQvMTUvYWEjbXBiNGFhZmRfYS0tZDBhc3M%3D&btag=80000e00010000&dy_q=1786415821&feature_id=d6a18d7c5414b1f1e95a75faf9147845&l=20260811103700E54EA91182BABA3C8A2D&ply_type=3&policy=eyJ2bSI6MywidWlkIjoiMzEyOTY1MDYwMzg4ODE4NSJ9,已使用,审核通过,首发,17,--,0.77,64,1,1.56,0.77,12.03,0,0,0,0,0,0,0,0,0
"	7664925388346507310",0720-浩正引导-5.mp4,https://video-cn.oceanengine.com/e6482dca2c4a1f0792ddcfbd4601ba07/6a7d2dd8/tos-cn-ve-51/ogI1admqBbaLDfO7qUti4QPYgEv1IQAF6ARhsA?a=1402&ch=0&cr=0&dr=3&cd=0%7C0%7C0%7C0&cv=1&br=379&bt=379&cs=0&ds=3&ft=J9ThAGkHH_Myq8Z-RkC_e2NvjTQ&mime_type=video_mp4&qs=0&rc=NXZpTGRTaFBnKWxncmd5aHFsc3IxZGY0aDNlNjlnaDg6Njw8NjM3QGkzMzk5NW86dm88MzM0NjMzQFNsa3ZpcUQ6amtqXmJmK2BeaWpgYTojLjEyXl4vMV5gMTY0LzJjYGEjLnFob2FhLy9jYS0tZDAwc3M%3D&btag=80000e00008000&dy_q=1786415821&feature_id=d6a18d7c5414b1f1e95a75faf9147845&l=20260811103700E54EA91182BABA3C8A2D&ply_type=3&policy=eyJ2bSI6MywidWlkIjoiMzEyOTY1MDYwMzg4ODE4NSJ9,已使用,审核通过,--,9,--,10.97,363,4,1.1,2.74,30.22,0,0,0,0,0,0,0,0,0
"	7664925189496602651",0720-瑞晨引流-6.mp4,https://video-cn.oceanengine.com/e9a7c80023b2ed8d7f11c3d41f7ccf38/6a7d2ddc/tos-cn-ve-51/oYC8gRNy1ASqaafDkf2U1kQLXBDIl6ag0uNKCA?a=1402&ch=0&cr=0&dr=3&cd=0%7C0%7C0%7C0&br=620&bt=620&cs=0&ds=3&ft=J9ThAGkHH_Myq8Z-RkC_e2NvjTQ&mime_type=video_mp4&qs=0&rc=NXZpTGRTaFBnKWxncmd5aHFsc3IxZGZnNTY5ZTwzZWgzNmczZGQ5QGlqOXhxZ286PG88MzM0NjMzQFNsa3ZpcUQ6amtqXmJmK2BeaWpgYTojXjIwL18uM181MS1hXzIyM2Ejcm4yMWFhLy5jYS0tZDAwc3M%3D&btag=80000e00010000&dy_q=1786415821&feature_id=d6a18d7c5414b1f1e95a75faf9147845&l=20260811103700E54EA91182BABA3C8A2D&ply_type=3&policy=eyJ2bSI6MywidWlkIjoiMzEyOTY1MDYwMzg4ODE4NSJ9,已使用,审核通过,--,9,--,1.12,30,0,0,0,37.33,0,0,0,0,0,0,0,0,0
"	7664925347524378633",0720-引导-嘉丽-2.mp4,https://video-cn.oceanengine.com/3a107f9a9fc5095dccf1845748f0e0e5/6a7d2dd6/tos-cn-ve-51/ogfYZtAmha1KLABiUQNDAvYYQIC1viA7K4I36R?a=1402&ch=0&cr=0&dr=3&cd=0%7C0%7C0%7C0&br=485&bt=485&cs=0&ds=3&ft=J9ThAGkHH_Myq8Z-RkC_e2NvjTQ&mime_type=video_mp4&qs=0&rc=NXZpTGRTaFBnKWxncmd5aHFsc3IxZGZpZzw4ZDRkZDZpaTc5MzdlQGkzNDNyZm86dG88MzM0NjMzQFNsa3ZpcUQ6amtqXmJmK2BeaWpgYTojLV9fNDRjXjUzMTVhYzQtNWEjM2xgb2FhZi9jYS0tZDAvc3M%3D&btag=80000e00008000&dy_q=1786415821&feature_id=d6a18d7c5414b1f1e95a75faf9147845&l=20260811103700E54EA91182BABA3C8A2D&ply_type=3&policy=eyJ2bSI6MywidWlkIjoiMzEyOTY1MDYwMzg4ODE4NSJ9,已使用,审核通过,首发,3,--,1.52,33,3,9.09,0.51,46.06,0,0,0,0,0,0,0,0,0
"	7662989744205479974",0714瑞晨引流修改-15.mp4,https://video-cn.oceanengine.com/5c7d8ff1e7899d585f685066df32093f/6a7d2dda/tos-cn-ve-51/oMNfI7t46ChdmdLYAQaAERLbmK1QaApBCD7Doi?a=1402&ch=0&cr=0&dr=3&cd=0%7C0%7C0%7C0&cv=1&br=1764&bt=1764&cs=0&ds=3&ft=J9ThAGkHH_Myq8Z-RkC_e2NvjTQ&mime_type=video_mp4&qs=0&rc=NXZpTGRTaFBnKWxncmd5aHFsc3IxZGY6OmU5Njg3ODVkMzc0NGYzQGlqdzpqZ286aDk8MzM0NjMzQFNsa3ZpcUQ6amtqXmJmK2BeaWpgYTojYDNiY2I1LjU1MTViXzFiYmEjcXI1ZmFhbmVgYS0tZDAvc3M%3D&btag=80000e00008000&dy_q=1786415821&feature_id=d6a18d7c5414b1f1e95a75faf9147845&l=20260811103700E54EA91182BABA3C8A2D&ply_type=3&policy=eyJ2bSI6MywidWlkIjoiMzEyOTY1MDYwMzg4ODE4NSJ9,已使用,审核通过,首发,22,--,7.98,261,9,3.45,0.89,30.57,1,7.98,11.11,0,0,0,0,0,0
"	7662604383391285274",0714-瑞晨引导-5.mp4,https://video-cn.oceanengine.com/5b6dcc3e6de666fbe474cdf16fbb347b/6a7d2ddc/tos-cn-ve-51/okgYo2EpIXXHi1e8c4BqKAeM0kCjAezemQbltC?a=1402&ch=0&cr=0&dr=3&cd=0%7C0%7C0%7C0&br=489&bt=489&cs=0&ds=6&ft=J9ThAGkHH_Myq8Z-RkC_e2NvjTQ&mime_type=video_mp4&qs=0&rc=NXZpTGRTaFBnKWxncmd5aHFsc3IxZGY1NTRlZGU1MzVpOzQ8ZWhlQGkzPG06ZW86ZWo8MzM0NjMzQFNsa3ZpcUQ6amtqXmJmK2BeaWpgYTojMmIzYDYyYl9eMTYtMGFhLWEjNGMyZ2FhbmhfYS0tZDBhc3M%3D&btag=80000e00010000&dy_q=1786415821&feature_id=d6a18d7c5414b1f1e95a75faf9147845&l=20260811103700E54EA91182BABA3C8A2D&ply_type=3&policy=eyJ2bSI6MywidWlkIjoiMzEyOTY1MDYwMzg4ODE4NSJ9,已使用,审核通过,--,3,--,0.14,5,0,0,0,28,0,0,0,0,0,0,0,0,0
"	7670097218637152262",8月4日-渠道-01.mp4,https://video-cn.oceanengine.com/41b5ab163a9a5816228801bd0ab9ba60/6a7d2df3/tos-cn-ve-51/oEvIBsIQzdauttW8oUAOIEUGqwyDQXEi5AxUn?a=1402&ch=0&cr=0&dr=3&cd=0%7C0%7C0%7C0&br=1707&bt=1707&cs=0&ds=3&ft=J9ThAGkHH_Myq8Z-RkC_e2NvjTQ&mime_type=video_mp4&qs=0&rc=NXZpTGRTaFBnKWxncmd5aHFsc3IxZGY8M2Q4ZDw0NzM1OTg8OjM2QGkzZ21taG86bHQ8MzM0NjMzQFNsa3ZpcUQ6amtqXmJmK2BeaWpgYTojYjEuXmJgM14vMS1jL2IwNWEjXm1pX2FhL2VsYS0tZDAwc3M%3D&btag=80000200018000&dy_q=1786415821&feature_id=d6a18d7c5414b1f1e95a75faf9147845&l=20260811103700E54EA91182BABA3C8A2D&ply_type=3&policy=eyJ2bSI6MywidWlkIjoiMzEyOTY1MDYwMzg4ODE4NSJ9,未使用,审核不通过,--,0,--,0,0,0,0,0,0,0,0,0,0,0,0,0,0,0
"	7670097206855991337",8月4日-渠道-02.mp4,https://video-cn.oceanengine.com/7685d32d8a1653a19adafacf8b19d5b9/6a7d2de6/tos-cn-ve-51/52c2604048fc45f390aa7777b79ac600?a=1402&ch=0&cr=0&dr=3&cd=0%7C0%7C0%7C0&br=1631&bt=1631&cs=0&ds=3&ft=J9ThAGkHH_Myq8Z-RkC_e2NvjTQ&mime_type=video_mp4&qs=0&rc=NXZpTGRTaFBnKWxncmd5aHFsc3IxZGZpZTs4ZTYzOGc6ZDhmNmZmQGlqOHQzNW86bHQ8MzM0NjMzQFNsa3ZpcUQ6amtqXmJmK2BeaWpgYTojLjUtMTZhXjU1MTZhMWMzL2EjZmIvcGFhL2VsYS0tZDBhc3M%3D&btag=80000200010000&dy_q=1786415821&feature_id=d6a18d7c5414b1f1e95a75faf9147845&l=20260811103700E54EA91182BABA3C8A2D&ply_type=3&policy=eyJ2bSI6MywidWlkIjoiMzEyOTY1MDYwMzg4ODE4NSJ9,未使用,审核不通过,--,0,--,0,0,0,0,0,0,0,0,0,0,0,0,0,0,0
"	7670097192863481899",8月4日-渠道-04.mp4,https://video-cn.oceanengine.com/b51dd835ac249feee21cab233f3d088a/6a7d2df7/tos-cn-ve-51/owqynwCAzIKwdt9AIFm2QEJxQIEca4oPrrWqG?a=1402&ch=0&cr=0&dr=3&cd=0%7C0%7C0%7C0&br=1613&bt=1613&cs=0&ds=3&ft=J9ThAGkHH_Myq8Z-RkC_e2NvjTQ&mime_type=video_mp4&qs=0&rc=NXZpTGRTaFBnKWxncmd5aHFsc3IxZGY6aDtmOmVnZ2hnO2c8ZjRlQGlqZDpqZG86bHQ8MzM0NjMzQFNsa3ZpcUQ6amtqXmJmK2BeaWpgYTojLzY2M14uYTUvMTQxLzZhM2EjaS1lcmFhL2VsYS0tZDAwc3M%3D&btag=80000200018000&dy_q=1786415821&feature_id=d6a18d7c5414b1f1e95a75faf9147845&l=20260811103700E54EA91182BABA3C8A2D&ply_type=3&policy=eyJ2bSI6MywidWlkIjoiMzEyOTY1MDYwMzg4ODE4NSJ9,未使用,审核不通过,--,0,--,0,0,0,0,0,0,0,0,0,0,0,0,0,0,0
"	7670097192641904676",8月4日-渠道-03.mp4,https://video-cn.oceanengine.com/4cd4eb87d426949143a882c8a3efce51/6a7d2def/tos-cn-ve-51/osZQFGblEIzVEE5VrIadAxtQUNWjgHnryZqAo?a=1402&ch=0&cr=0&dr=3&cd=0%7C0%7C0%7C0&br=1737&bt=1737&cs=0&ds=3&ft=J9ThAGkHH_Myq8Z-RkC_e2NvjTQ&mime_type=video_mp4&qs=0&rc=NXZpTGRTaFBnKWxncmd5aHFsc3IxZGY6OTY3aGc8ZjVkZGY6OWhnQGlqNzdyOG86bHQ8MzM0NjMzQFNsa3ZpcUQ6amtqXmJmK2BeaWpgYTojYjEuXi4wYV8wMS4wMWBeLmEjXl5zaWFhL2VsYS0tZDAvc3M%3D&btag=80000200018000&dy_q=1786415821&feature_id=d6a18d7c5414b1f1e95a75faf9147845&l=20260811103700E54EA91182BABA3C8A2D&ply_type=3&policy=eyJ2bSI6MywidWlkIjoiMzEyOTY1MDYwMzg4ODE4NSJ9,未使用,审核不通过,--,0,--,0,0,0,0,0,0,0,0,0,0,0,0,0,0,0
"	7667051423217614858",推送视频_0724-引导-嘉丽D-2改.mp4,https://video-cn.oceanengine.com/7e4269005a810f0d32ea3ee7a6558f5a/6a7d2dd3/tos-cn-ve-51/okDC2AAafQOujNggtvDZtTIyO2Sp1REBD0eqHO?a=1402&ch=0&cr=0&dr=3&cd=0%7C0%7C0%7C0&br=1460&bt=1460&cs=0&ds=3&ft=J9ThAGkHH_Myq8Z-RkC_e2NvjTQ&mime_type=video_mp4&qs=0&rc=NXZpTGRTaFBnKWxncmd5aHFsc3IxZGZlaGloODxoPGRkOjw0ODU0QGlqcDZuZW86dGw8MzM0NjMzQFNsa3ZpcUQ6amtqXmJmK2BeaWpgYTojLy4yXzYzM14uMTBgXzIxXmEjcXNiaWFhXjZnYS0tZDAwc3M%3D&btag=80000e00008000&dy_q=1786415821&feature_id=d6a18d7c5414b1f1e95a75faf9147845&l=20260811103700E54EA91182BABA3C8A2D&ply_type=3&policy=eyJ2bSI6MywidWlkIjoiMzEyOTY1MDYwMzg4ODE4NSJ9,已使用,审核通过,首发,4,--,0,0,0,0,0,0,0,0,0,0,0,0,0,0,0
"	7668207569530945586",推送视频_0728浩正瑞晨引流-6.mp4,https://video-cn.oceanengine.com/c4c841f9c136d33eb48536d6391986c1/6a7d2ddf/tos-cn-ve-51/o8zANEInRYtyrvaTGDQ0AIaA8oqzDQQdmZWmE?a=1402&ch=0&cr=0&dr=3&cd=0%7C0%7C0%7C0&br=1652&bt=1652&cs=0&ds=3&ft=J9ThAGkHH_Myq8Z-RkC_e2NvjTQ&mime_type=video_mp4&qs=0&rc=NXZpTGRTaFBnKWxncmd5aHFsc3IxZGY2NjtmZmc5aTk8OzgzN2k2QGkzczY5Om86a2k8MzM0NjMzQFNsa3ZpcUQ6amtqXmJmK2BeaWpgYTojXjYuXmM0Xl4tMTViMzYvNmEjLTMvYWFhLzFpYS0tZDBhc3M%3D&btag=80000e00010000&dy_q=1786415821&feature_id=d6a18d7c5414b1f1e95a75faf9147845&l=20260811103700E54EA91182BABA3C8A2D&ply_type=3&policy=eyJ2bSI6MywidWlkIjoiMzEyOTY1MDYwMzg4ODE4NSJ9,已使用,审核通过,首发,4,--,0,0,0,0,0,0,0,0,0,0,0,0,0,0,0
"	7667906012121514035",推送视频_0929-引流-魏怡-7.mp4,https://video-cn.oceanengine.com/5ca25821fa2ade0a5cc5eecaabd16aba/6a7d2dd8/tos-cn-ve-51/oMAqzpatdlI4QAAX71ZEnBgIhygktmWOQIEBZ?a=1402&ch=0&cr=0&dr=3&cd=0%7C0%7C0%7C0&br=221&bt=221&cs=0&ds=3&ft=J9ThAGkHH_Myq8Z-RkC_e2NvjTQ&mime_type=video_mp4&qs=0&rc=NXZpTGRTaFBnKWxncmd5aHFsc3IxZGY3ZmZoO2hnOmk1ZjNmNjk0QGkzczM4OG86M3g8MzM0NjMzQFNsa3ZpcUQ6amtqXmJmK2BeaWpgYTojYi4yMjAwLV9gMTIxMjQuYWEjNC9uMWFhZi1oYS0tZDAvc3M%3D&btag=80000e00008000&dy_q=1786415821&feature_id=d6a18d7c5414b1f1e95a75faf9147845&l=20260811103700E54EA91182BABA3C8A2D&ply_type=3&policy=eyJ2bSI6MywidWlkIjoiMzEyOTY1MDYwMzg4ODE4NSJ9,未使用,审核通过,首发,3,--,0,0,0,0,0,0,0,0,0,0,0,0,0,0,0
"	7667905926621560883",推送视频_0729-瑞晨浩正引流素材-12.mp4,https://video-cn.oceanengine.com/0258c561cfeda2397d4e187957e11d8a/6a7d2dec/tos-cn-ve-51/o81ChVpc4AqIOAWmsgDEjCcQFNBzQAktxf4tdj?a=1402&ch=0&cr=0&dr=3&cd=0%7C0%7C0%7C0&br=1323&bt=1323&cs=0&ds=3&ft=J9ThAGkHH_Myq8Z-RkC_e2NvjTQ&mime_type=video_mp4&qs=0&rc=NXZpTGRTaFBnKWxncmd5aHFsc3IxZGYzNjVpOjZkZzc5Omk3NmhpQGlqZGY7Zm86cnc8MzM0NjMzQFNsa3ZpcUQ6amtqXmJmK2BeaWpgYTojXy5fLWEyYzVfMTM1MjYwYmEjZTRyYmFhZnNoYS0tZDAwc3M%3D&btag=80000e00018000&dy_q=1786415821&feature_id=d6a18d7c5414b1f1e95a75faf9147845&l=20260811103700E54EA91182BABA3C8A2D&ply_type=3&policy=eyJ2bSI6MywidWlkIjoiMzEyOTY1MDYwMzg4ODE4NSJ9,未使用,审核通过,首发,3,--,0,0,0,0,0,0,0,0,0,0,0,0,0,0,0
"	7667905857796505609",推送视频_0729-瑞晨浩正引流素材-13.mp4,https://video-cn.oceanengine.com/0883266f234aa97c51cb8c727bb58add/6a7d2dec/tos-cn-ve-51/ooKp4ZQNUAIBrf9bQtm1cCAq4dghWB0u0OCEkn?a=1402&ch=0&cr=0&dr=3&cd=0%7C0%7C0%7C0&br=742&bt=742&cs=0&ds=3&ft=J9ThAGkHH_Myq8Z-RkC_e2NvjTQ&mime_type=video_mp4&qs=0&rc=NXZpTGRTaFBnKWxncmd5aHFsc3IxZGZnMzdpZDw4OGVoZ2lkaWY5QGkzc2Q6Om86cnc8MzM0NjMzQFNsa3ZpcUQ6amtqXmJmK2BeaWpgYTojYl5iMTAwX181MTJeMjY2YWEjaXAubmFhXnNoYS0tZDAwc3M%3D&btag=80000e00018000&dy_q=1786415821&feature_id=d6a18d7c5414b1f1e95a75faf9147845&l=20260811103700E54EA91182BABA3C8A2D&ply_type=3&policy=eyJ2bSI6MywidWlkIjoiMzEyOTY1MDYwMzg4ODE4NSJ9,未使用,审核通过,首发,2,--,0,0,0,0,0,0,0,0,0,0,0,0,0,0,0
"	7667905164871614514",推送视频_0729-国星引流-学姐1.mp4,https://video-cn.oceanengine.com/1dde2385d126dbd92b3884a9989a9bd7/6a7d2dd8/tos-cn-ve-51/oYdDNagzha3mABCznquoN1gD82QeRAf1ITvp31?a=1402&ch=0&cr=0&dr=3&cd=0%7C0%7C0%7C0&cv=1&br=1320&bt=1320&cs=0&ds=3&ft=J9ThAGkHH_Myq8Z-RkC_e2NvjTQ&mime_type=video_mp4&qs=0&rc=NXZpTGRTaFBnKWxncmd5aHFsc3IxZGY5Ozc4ODtmM2Q3OjpkNjgzQGlqeTo3ZW86ZHc8MzM0NjMzQFNsa3ZpcUQ6amtqXmJmK2BeaWpgYTojNGFgMzMyY14tMV5hMWIzX2EjbW9vaGFhL3JoYS0tZDAvc3M%3D&btag=80000e00008000&dy_q=1786415821&feature_id=d6a18d7c5414b1f1e95a75faf9147845&l=20260811103700E54EA91182BABA3C8A2D&ply_type=3&policy=eyJ2bSI6MywidWlkIjoiMzEyOTY1MDYwMzg4ODE4NSJ9,已使用,审核通过,--,3,--,0,0,0,0,0,0,0,0,0,0,0,0,0,0,0
"	7665242096884973618",0713-引导-小敏-5.mp4,https://video-cn.oceanengine.com/ddeead182d34050bbd6bb69307f42546/6a7d2ddb/tos-cn-ve-51/o8UkSgD1qBeOShsa2DsGEAQ9DAfARYNgFNI4Ln?a=1402&ch=0&cr=0&dr=3&cd=0%7C0%7C0%7C0&br=1019&bt=1019&cs=0&ds=4&ft=J9ThAGkHH_Myq8Z-RkC_e2NvjTQ&mime_type=video_mp4&qs=0&rc=NXZpTGRTaFBnKWxncmd5aHFsc3IxZGZpOTs3aTNmN2Q7MzhmZzU4QGkzPHluNm86PDk8MzM0NjMzQFNsa3ZpcUQ6amtqXmJmK2BeaWpgYTojYy00YzYxYF4yMV9hMGIuXmEjMmBfa2FhbmZkYS0tZDAwc3M%3D&btag=80000200010000&dy_q=1786415821&feature_id=d6a18d7c5414b1f1e95a75faf9147845&l=20260811103700E54EA91182BABA3C8A2D&ply_type=3&policy=eyJ2bSI6MywidWlkIjoiMzEyOTY1MDYwMzg4ODE4NSJ9,未使用,审核不通过,--,0,--,0,0,0,0,0,0,0,0,0,0,0,0,0,0,0
"	7664925207200579630",0720-瑞晨引流-9.mp4,https://video-cn.oceanengine.com/aaa6ad2ae660b546cbebdbae2afe4cd8/6a7d2ddc/tos-cn-ve-51/ooFKAoJeTYAXoMJifUslEtSA1ZMAUJefiO4deg?a=1402&ch=0&cr=0&dr=3&cd=0%7C0%7C0%7C0&cv=1&br=643&bt=643&cs=0&ds=3&ft=J9ThAGkHH_Myq8Z-RkC_e2NvjTQ&mime_type=video_mp4&qs=0&rc=NXZpTGRTaFBnKWxncmd5aHFsc3IxZGZoaDk5Ozg3MztoOTVpaTVoQGlqNTp2bDlyPG88MzM0NjMzQFNsa3ZpcUQ6amtqXmJmK2BeaWpgYTojNi0vNTVeMzVjMTBeNTYvLmEjZDBgXzJkNC5jYS0tZDBhc3M%3D&btag=80000e00010000&dy_q=1786415821&feature_id=d6a18d7c5414b1f1e95a75faf9147845&l=20260811103700E54EA91182BABA3C8A2D&ply_type=3&policy=eyJ2bSI6MywidWlkIjoiMzEyOTY1MDYwMzg4ODE4NSJ9,已使用,审核通过,--,6,--,0,0,0,0,0,0,0,0,0,0,0,0,0,0,0
"	7664926038411853874",0720-引流-魏怡-10.mp4,https://video-cn.oceanengine.com/72d9386c284a3127ecdf5934ebe02d37/6a7d2de5/tos-cn-ve-51/oAqfeGKKRCwvegtUgjbUGiaBoPukqA5OAjAQ1U?a=1402&ch=0&cr=0&dr=3&cd=0%7C0%7C0%7C0&br=1388&bt=1388&cs=0&ds=3&ft=J9ThAGkHH_Myq8Z-RkC_e2NvjTQ&mime_type=video_mp4&qs=0&rc=NXZpTGRTaFBnKWxncmd5aHFsc3IxZGZkZmdlN2VkODVlMzw2NTRpQGlqaHg5ZW86c288MzM0NjMzQFNsa3ZpcUQ6amtqXmJmK2BeaWpgYTojXjU0MzNfMjVgMV4xLWEtNWEjYGxiXmFhXjBjYS0tZDAwc3M%3D&btag=80000e00010000&dy_q=1786415821&feature_id=d6a18d7c5414b1f1e95a75faf9147845&l=20260811103700E54EA91182BABA3C8A2D&ply_type=3&policy=eyJ2bSI6MywidWlkIjoiMzEyOTY1MDYwMzg4ODE4NSJ9,已使用,审核通过,--,6,--,0,0,0,0,0,0,0,0,0,0,0,0,0,0,0
"	7664925987020308489",0720-引流-魏怡-7.mp4,https://video-cn.oceanengine.com/cd4b6dae500cef5d6a11954d386862a9/6a7d2def/tos-cn-ve-51/okAAAB2e6NqRRBgXKl119glfCXpN2HagTwmD8l?a=1402&ch=0&cr=0&dr=3&cd=0%7C0%7C0%7C0&br=1379&bt=1379&cs=0&ds=3&ft=J9ThAGkHH_Myq8Z-RkC_e2NvjTQ&mime_type=video_mp4&qs=0&rc=NXZpTGRTaFBnKWxncmd5aHFsc3IxZGZoNTxpOmU2PGk2MzRmNzg1QGlqdzlwNW86c288MzM0NjMzQFNsa3ZpcUQ6amtqXmJmK2BeaWpgYTojLy0uLTUtMTVeMWBhYS4xX2Eja3JfZWFhXjBjYS0tZDAvc3M%3D&btag=80000e00018000&dy_q=1786415821&feature_id=d6a18d7c5414b1f1e95a75faf9147845&l=20260811103700E54EA91182BABA3C8A2D&ply_type=3&policy=eyJ2bSI6MywidWlkIjoiMzEyOTY1MDYwMzg4ODE4NSJ9,已使用,审核通过,--,7,--,0,0,0,0,0,0,0,0,0,0,0,0,0,0,0
"	7664925347281780787",0720-引导-嘉丽-5.mp4,https://video-cn.oceanengine.com/de52cb0b35ad7ea844246ee7a56e418f/6a7d2ddf/tos-cn-ve-51/oMS7lUNZQoHBhsLAAfNaIAGmi1Atgk6QGWa1Ix?a=1402&ch=0&cr=0&dr=3&cd=0%7C0%7C0%7C0&cv=1&br=1461&bt=1461&cs=0&ds=3&ft=J9ThAGkHH_Myq8Z-RkC_e2NvjTQ&mime_type=video_mp4&qs=0&rc=NXZpTGRTaFBnKWxncmd5aHFsc3IxZGZoaDtoO2RoaGVpO2ZoO2g4QGlqM2Q5Nm86dG88MzM0NjMzQFNsa3ZpcUQ6amtqXmJmK2BeaWpgYTojY14yLTIxMjUtMS4tYGAvLWEjLmEzbmFhZi9jYS0tZDAvc3M%3D&btag=80000e00010000&dy_q=1786415821&feature_id=d6a18d7c5414b1f1e95a75faf9147845&l=20260811103700E54EA91182BABA3C8A2D&ply_type=3&policy=eyJ2bSI6MywidWlkIjoiMzEyOTY1MDYwMzg4ODE4NSJ9,已使用,审核通过,--,5,--,0,0,0,0,0,0,0,0,0,0,0,0,0,0,0
"	7664925314946793518",0718-魏怡引流-6.mp4,https://video-cn.oceanengine.com/8f3d61f424da0b55f779e37d956d783c/6a7d2dd4/tos-cn-ve-51/oYQfIgAtNV9XA2Dq4FCzf4B7EFtDmEFgND1HBJ?a=1402&ch=0&cr=0&dr=3&cd=0%7C0%7C0%7C0&br=3003&bt=3003&cs=0&ds=4&ft=J9ThAGkHH_Myq8Z-RkC_e2NvjTQ&mime_type=video_mp4&qs=0&rc=NXZpTGRTaFBnKWxncmd5aHFsc3IxZGY7aTxlMzRoM2k2ODY7OWVmQGkzdnQ6cDlyc288MzM0NjMzQFNsa3ZpcUQ6amtqXmJmK2BeaWpgYTojNWEyNWMyYzVgMWMtYmE0LmEjLjBjcjJkay9jYS0tZDBhc3M%3D&btag=80000200008000&dy_q=1786415821&feature_id=d6a18d7c5414b1f1e95a75faf9147845&l=20260811103700E54EA91182BABA3C8A2D&ply_type=3&policy=eyJ2bSI6MywidWlkIjoiMzEyOTY1MDYwMzg4ODE4NSJ9,未使用,审核不通过,--,0,--,0,0,0,0,0,0,0,0,0,0,0,0,0,0,0
"	7664925275834957834",0720-引导-嘉丽-1.mp4,https://video-cn.oceanengine.com/59ca80d90d6b4b1f5f016f0b4d692aca/6a7d2de2/tos-cn-ve-51/owygiZaOtGR1LUfR9moyAAsBsdkQIhgIQ16Vh7?a=1402&ch=0&cr=0&dr=3&cd=0%7C0%7C0%7C0&br=1300&bt=1300&cs=0&ds=3&ft=J9ThAGkHH_Myq8Z-RkC_e2NvjTQ&mime_type=video_mp4&qs=0&rc=NXZpTGRTaFBnKWxncmd5aHFsc3IxZGY6N2Y3Z2dpOmZlZjg0OmRlQGlqOzw1aG86dG88MzM0NjMzQFNsa3ZpcUQ6amtqXmJmK2BeaWpgYTojXy81NmEwNTYuMTFfYDA2YGEjcGBqb2FhZi9jYS0tZDAwc3M%3D&btag=80000e00010000&dy_q=1786415821&feature_id=d6a18d7c5414b1f1e95a75faf9147845&l=20260811103700E54EA91182BABA3C8A2D&ply_type=3&policy=eyJ2bSI6MywidWlkIjoiMzEyOTY1MDYwMzg4ODE4NSJ9,已使用,审核通过,--,4,--,0,0,0,0,0,0,0,0,0,0,0,0,0,0,0
"	7664925154368028698",0718瑞晨24-修改.mp4,https://video-cn.oceanengine.com/5cd3fe8fec210d38a4cd15354bc0495d/6a7d2dd7/tos-cn-ve-51/742adf3f427541c391ab088a98169571?a=1402&ch=0&cr=0&dr=3&cd=0%7C0%7C0%7C0&br=1828&bt=1828&cs=0&ds=3&ft=J9ThAGkHH_Myq8Z-RkC_e2NvjTQ&mime_type=video_mp4&qs=0&rc=NXZpTGRTaFBnKWxncmd5aHFsc3IxZGZmZGU6PDg4M2c0NGRpZWk8QGkzOWp3OG86PG88MzM0NjMzQFNsa3ZpcUQ6amtqXmJmK2BeaWpgYTojNjIuYy80YTVfMWFgYWM1YWEjbmAyc2FhLy5jYS0tZDAwc3M%3D&btag=80000e00008000&dy_q=1786415821&feature_id=d6a18d7c5414b1f1e95a75faf9147845&l=20260811103700E54EA91182BABA3C8A2D&ply_type=3&policy=eyJ2bSI6MywidWlkIjoiMzEyOTY1MDYwMzg4ODE4NSJ9,已使用,审核通过,--,1,--,0,0,0,0,0,0,0,0,0,0,0,0,0,0,0
"	7664925140669317166",0718瑞晨20-修改.mp4,https://video-cn.oceanengine.com/89307ded7239d03cf23fe2ac83e82c0d/6a7d2dda/tos-cn-ve-51/oMha6GkA7ilgIMtQ1HDAlU6IahHmASBLfQAg7w?a=1402&ch=0&cr=0&dr=3&cd=0%7C0%7C0%7C0&cv=1&br=1818&bt=1818&cs=0&ds=3&ft=J9ThAGkHH_Myq8Z-RkC_e2NvjTQ&mime_type=video_mp4&qs=0&rc=NXZpTGRTaFBnKWxncmd5aHFsc3IxZGY0ODNkaTszN2hoOzpnO2lnQGlqNGVxNm86PG88MzM0NjMzQFNsa3ZpcUQ6amtqXmJmK2BeaWpgYTojLzMwMTIvLzYzMV41MGEwMGEjcmRiamFhLy5jYS0tZDAvc3M%3D&btag=80000e00008000&dy_q=1786415821&feature_id=d6a18d7c5414b1f1e95a75faf9147845&l=20260811103700E54EA91182BABA3C8A2D&ply_type=3&policy=eyJ2bSI6MywidWlkIjoiMzEyOTY1MDYwMzg4ODE4NSJ9,已使用,审核通过,--,6,--,0,0,0,0,0,0,0,0,0,0,0,0,0,0,0
"	7664925096461697033",0718瑞晨15-修改.mp4,https://video-cn.oceanengine.com/7994589d3e8587311a7be2eb719f6afd/6a7d2dda/tos-cn-ve-51/osDAtCqTgUNQ2keDa1AKBQI1fg7DXvKBGpRxL2?a=1402&ch=0&cr=0&dr=3&cd=0%7C0%7C0%7C0&br=1131&bt=1131&cs=0&ds=3&ft=J9ThAGkHH_Myq8Z-RkC_e2NvjTQ&mime_type=video_mp4&qs=0&rc=NXZpTGRTaFBnKWxncmd5aHFsc3IxZGZlNmk2PDk1M2RnNWc1NTo0QGlqO3RsZ286PG88MzM0NjMzQFNsa3ZpcUQ6amtqXmJmK2BeaWpgYTojYmEwXmMvMzZfMTMvYjFhM2EjLl5ia2FhLy5jYS0tZDAwc3M%3D&btag=80000e00008000&dy_q=1786415821&feature_id=d6a18d7c5414b1f1e95a75faf9147845&l=20260811103700E54EA91182BABA3C8A2D&ply_type=3&policy=eyJ2bSI6MywidWlkIjoiMzEyOTY1MDYwMzg4ODE4NSJ9,已使用,审核通过,--,2,--,0,0,0,0,0,0,0,0,0,0,0,0,0,0,0
"	7663465010937724969",0717-引导-小敏-4.mp4,https://video-cn.oceanengine.com/610cf78574f085baf664d13a50be5e98/6a7d2ddf/tos-cn-ve-51/o8CLQoeYaAV1txwBka7dQdIWLAhEYK5QBYmTxA?a=1402&ch=0&cr=0&dr=3&cd=0%7C0%7C0%7C0&br=1219&bt=1219&cs=0&ds=4&ft=J9ThAGkHH_Myq8Z-RkC_e2NvjTQ&mime_type=video_mp4&qs=0&rc=NXZpTGRTaFBnKWxncmd5aHFsc3IxZGZoNGU0aTg0NGY4Ojc3NGY3QGkzeDQ2M286bDQ8MzM0NjMzQFNsa3ZpcUQ6amtqXmJmK2BeaWpgYTojYmMxXl40YV8uMTVeYDAtMGEjMm0wamFhXmVhYS0tZDAvc3M%3D&btag=80000200010000&dy_q=1786415821&feature_id=d6a18d7c5414b1f1e95a75faf9147845&l=20260811103700E54EA91182BABA3C8A2D&ply_type=3&policy=eyJ2bSI6MywidWlkIjoiMzEyOTY1MDYwMzg4ODE4NSJ9,未使用,审核不通过,--,1,--,0,0,0,0,0,0,0,0,0,0,0,0,0,0,0
"	7663465010145067049",0717-引导-嘉丽-3.mp4,https://video-cn.oceanengine.com/f441d92b1187f28710822f585094bfcb/6a7d2de0/tos-cn-ve-51/oYpdQTtyTaIVQDvCBEUAWcyYClGdIA0WzdaoY?a=1402&ch=0&cr=0&dr=3&cd=0%7C0%7C0%7C0&br=1279&bt=1279&cs=0&ds=4&ft=J9ThAGkHH_Myq8Z-RkC_e2NvjTQ&mime_type=video_mp4&qs=0&rc=NXZpTGRTaFBnKWxncmd5aHFsc3IxZGY6Zzk1aDc3ZWQ0ZzY2Ojw0QGkzbDpqaW86bDQ8MzM0NjMzQFNsa3ZpcUQ6amtqXmJmK2BeaWpgYTojNGAzL2BhLzZgMWI2MTNiMmEjYjZpYmFhXmVhYS0tZDBhc3M%3D&btag=80000200010000&dy_q=1786415821&feature_id=d6a18d7c5414b1f1e95a75faf9147845&l=20260811103700E54EA91182BABA3C8A2D&ply_type=3&policy=eyJ2bSI6MywidWlkIjoiMzEyOTY1MDYwMzg4ODE4NSJ9,未使用,审核不通过,--,1,--,0,0,0,0,0,0,0,0,0,0,0,0,0,0,0
"	7663464931710550079",0717-引导-小敏-1.mp4,https://video-cn.oceanengine.com/3e706216bca5146de97598a6e0c7c90d/6a7d2ddf/tos-cn-ve-51/oYEmxm1AQ5MDZkbaagIZeLt5DEQAyQId7dBFrW?a=1402&ch=0&cr=0&dr=3&cd=0%7C0%7C0%7C0&br=1853&bt=1853&cs=0&ds=4&ft=J9ThAGkHH_Myq8Z-RkC_e2NvjTQ&mime_type=video_mp4&qs=0&rc=NXZpTGRTaFBnKWxncmd5aHFsc3IxZGY6ODs4NTo3ZDU0NWRpMzlpQGlqeDd3aG86bDQ8MzM0NjMzQFNsa3ZpcUQ6amtqXmJmK2BeaWpgYTojXjZgXmBgL15iMTFgMGFgLWEjYW1jZGFhL2VhYS0tZDBhc3M%3D&btag=80000200010000&dy_q=1786415821&feature_id=d6a18d7c5414b1f1e95a75faf9147845&l=20260811103700E54EA91182BABA3C8A2D&ply_type=3&policy=eyJ2bSI6MywidWlkIjoiMzEyOTY1MDYwMzg4ODE4NSJ9,未使用,审核不通过,--,0,--,0,0,0,0,0,0,0,0,0,0,0,0,0,0,0
"	7663465049147473962",0717-引导-嘉丽-2.mp4,https://video-cn.oceanengine.com/3ef4d9c28716d3b0a5d3d4cf890d8f91/6a7d2de1/tos-cn-ve-51/o8MNFW2iEIRdf0DgDljIYAgQ1RA3aAgeABbqhI?a=1402&ch=0&cr=0&dr=3&cd=0%7C0%7C0%7C0&br=1676&bt=1676&cs=0&ds=4&ft=J9ThAGkHH_Myq8Z-RkC_e2NvjTQ&mime_type=video_mp4&qs=0&rc=NXZpTGRTaFBnKWxncmd5aHFsc3IxZGZpNWQ2NWc2ZGRpZmg7aGc1QGkzaTc5NG86bDQ8MzM0NjMzQFNsa3ZpcUQ6amtqXmJmK2BeaWpgYTojYmMuX2JhM141MTAwYTYzLmEjMC1eXmFhL2VhYS0tZDAwc3M%3D&btag=80000200010000&dy_q=1786415821&feature_id=d6a18d7c5414b1f1e95a75faf9147845&l=20260811103700E54EA91182BABA3C8A2D&ply_type=3&policy=eyJ2bSI6MywidWlkIjoiMzEyOTY1MDYwMzg4ODE4NSJ9,未使用,审核不通过,--,0,--,0,0,0,0,0,0,0,0,0,0,0,0,0,0,0
"	7663465019666415622",0717-瑞晨引流-7.mp4,https://video-cn.oceanengine.com/2e8cdd6f0a6652f2bf03438b74847d0a/6a7d2dda/tos-cn-ve-51/o0pDXzldNYtxI6jxGaQpwhWNhSAaWEQo0KI0A?a=1402&ch=0&cr=0&dr=3&cd=0%7C0%7C0%7C0&br=2210&bt=2210&cs=0&ds=4&ft=J9ThAGkHH_Myq8Z-RkC_e2NvjTQ&mime_type=video_mp4&qs=0&rc=NXZpTGRTaFBnKWxncmd5aHFsc3IxZGZpZWY1aTM0N2RmNTU2NzY1QGkzcW9oNm86azQ8MzM0NjMzQFNsa3ZpcUQ6amtqXmJmK2BeaWpgYTojNjFhXjAzNDY0MTM2LTQ1MWEjMmBlMGFhbmVhYS0tZDAwc3M%3D&btag=80000200008000&dy_q=1786415821&feature_id=d6a18d7c5414b1f1e95a75faf9147845&l=20260811103700E54EA91182BABA3C8A2D&ply_type=3&policy=eyJ2bSI6MywidWlkIjoiMzEyOTY1MDYwMzg4ODE4NSJ9,未使用,审核不通过,--,0,--,0,0,0,0,0,0,0,0,0,0,0,0,0,0,0
"	7663465017547587620",0717-引导-嘉丽-5.mp4,https://video-cn.oceanengine.com/d9d4f8df570a86b4b2b1a04648ff9d72/6a7d2ddf/tos-cn-ve-51/oApQToGrEIzw90GUPIadAatTYLWJQGlkxndAY?a=1402&ch=0&cr=0&dr=3&cd=0%7C0%7C0%7C0&br=2945&bt=2945&cs=0&ds=4&ft=J9ThAGkHH_Myq8Z-RkC_e2NvjTQ&mime_type=video_mp4&qs=0&rc=NXZpTGRTaFBnKWxncmd5aHFsc3IxZGZoZWc1ZDc3aTw8MzU7OTZkQGkzd3NsZW86azQ8MzM0NjMzQFNsa3ZpcUQ6amtqXmJmK2BeaWpgYTojXzNgLzNiXzU0MTZhXzEtL2EjXjQ1NGFhbmVhYS0tZDBhc3M%3D&btag=80000e00010000&dy_q=1786415821&feature_id=d6a18d7c5414b1f1e95a75faf9147845&l=20260811103700E54EA91182BABA3C8A2D&ply_type=3&policy=eyJ2bSI6MywidWlkIjoiMzEyOTY1MDYwMzg4ODE4NSJ9,未使用,审核通过,--,2,--,0,0,0,0,0,0,0,0,0,0,0,0,0,0,0
"	7663464993653735443",0717-引导-嘉丽-1.mp4,https://video-cn.oceanengine.com/f51a446ef57341352c20eedcf808ffae/6a7d2ddd/tos-cn-ve-51/ooaQBlMQ7tA5VLgQIm0ahjoPQKYIxL10fAHoAg?a=1402&ch=0&cr=0&dr=3&cd=0%7C0%7C0%7C0&br=2112&bt=2112&cs=0&ds=4&ft=J9ThAGkHH_Myq8Z-RkC_e2NvjTQ&mime_type=video_mp4&qs=0&rc=NXZpTGRTaFBnKWxncmd5aHFsc3IxZGY6OWdoNjpmZGY2PDc7NTxkQGkzOGo7OG86azQ8MzM0NjMzQFNsa3ZpcUQ6amtqXmJmK2BeaWpgYTojX2MzLzIzMF41MWFhYTY2M2EjMWNycmFhbmVhYS0tZDAvc3M%3D&btag=80000200010000&dy_q=1786415821&feature_id=d6a18d7c5414b1f1e95a75faf9147845&l=20260811103700E54EA91182BABA3C8A2D&ply_type=3&policy=eyJ2bSI6MywidWlkIjoiMzEyOTY1MDYwMzg4ODE4NSJ9,未使用,审核不通过,--,0,--,0,0,0,0,0,0,0,0,0,0,0,0,0,0,0
"	7663464993518927908",0717-引导-小敏-2.mp4,https://video-cn.oceanengine.com/57927950697dcad06ea3ffe7fb12e353/6a7d2dda/tos-cn-ve-51/o8kzW0LIToadBQtoy7tIA2sDIIdAaE8WQAElY?a=1402&ch=0&cr=0&dr=3&cd=0%7C0%7C0%7C0&br=992&bt=992&cs=0&ds=4&ft=J9ThAGkHH_Myq8Z-RkC_e2NvjTQ&mime_type=video_mp4&qs=0&rc=NXZpTGRTaFBnKWxncmd5aHFsc3IxZGZmNTZoZDUzNDlmZWg4ODRpQGlqZWZnZm86bDQ8MzM0NjMzQFNsa3ZpcUQ6amtqXmJmK2BeaWpgYTojYGBiMTZhNTY1MWEyNjJgMGEjcS1kbmFhL2VhYS0tZDBhc3M%3D&btag=80000200008000&dy_q=1786415821&feature_id=d6a18d7c5414b1f1e95a75faf9147845&l=20260811103700E54EA91182BABA3C8A2D&ply_type=3&policy=eyJ2bSI6MywidWlkIjoiMzEyOTY1MDYwMzg4ODE4NSJ9,未使用,审核不通过,--,0,--,0,0,0,0,0,0,0,0,0,0,0,0,0,0,0
"	7663464953572360198",0717-引导-小敏-3.mp4,https://video-cn.oceanengine.com/e7d20062618bf03400b48d30ac39ff88/6a7d2dda/tos-cn-ve-51/ogTtICaaAq0jWCtsQCWAWl2YIMQRdoNEzEday?a=1402&ch=0&cr=0&dr=3&cd=0%7C0%7C0%7C0&br=1253&bt=1253&cs=0&ds=4&ft=J9ThAGkHH_Myq8Z-RkC_e2NvjTQ&mime_type=video_mp4&qs=0&rc=NXZpTGRTaFBnKWxncmd5aHFsc3IxZGY6NTY0Zzk0Njo8NDRpaTRlQGkzcG5nZ286bDQ8MzM0NjMzQFNsa3ZpcUQ6amtqXmJmK2BeaWpgYTojX2JjYDI2NF5eMTJfMjBhMGEjaW0uamFhL2VhYS0tZDBhc3M%3D&btag=80000200008000&dy_q=1786415821&feature_id=d6a18d7c5414b1f1e95a75faf9147845&l=20260811103700E54EA91182BABA3C8A2D&ply_type=3&policy=eyJ2bSI6MywidWlkIjoiMzEyOTY1MDYwMzg4ODE4NSJ9,未使用,审核不通过,--,0,--,0,0,0,0,0,0,0,0,0,0,0,0,0,0,0
"	7663464951878451243",0717-引导-小敏-5.mp4,https://video-cn.oceanengine.com/a0169d66052a3c0fcb474260827f567f/6a7d2ddb/tos-cn-ve-51/oUQoxtClr0YzShEaYkoS1AwadWnyJIQAUINak?a=1402&ch=0&cr=0&dr=3&cd=0%7C0%7C0%7C0&br=1479&bt=1479&cs=0&ds=4&ft=J9ThAGkHH_Myq8Z-RkC_e2NvjTQ&mime_type=video_mp4&qs=0&rc=NXZpTGRTaFBnKWxncmd5aHFsc3IxZGY8ZzM1NDk3aDc2aTM6NGUzQGlqN3k5ZW86azQ8MzM0NjMzQFNsa3ZpcUQ6amtqXmJmK2BeaWpgYTojYzExMjU0NF9jMTU0LzVgXmEjbjJoNmFhbmVhYS0tZDAwc3M%3D&btag=80000200008000&dy_q=1786415821&feature_id=d6a18d7c5414b1f1e95a75faf9147845&l=20260811103700E54EA91182BABA3C8A2D&ply_type=3&policy=eyJ2bSI6MywidWlkIjoiMzEyOTY1MDYwMzg4ODE4NSJ9,未使用,审核不通过,--,0,--,0,0,0,0,0,0,0,0,0,0,0,0,0,0,0
"	7663464950016114724",0717-瑞晨引流-1.mp4,https://video-cn.oceanengine.com/0b53ccefc80a8ccac4220239246abe3f/6a7d2ddc/tos-cn-ve-51/oMaxMQxi1IozgoExlISWTQyot0MqNBdaACvAY?a=1402&ch=0&cr=0&dr=3&cd=0%7C0%7C0%7C0&br=911&bt=911&cs=0&ds=4&ft=J9ThAGkHH_Myq8Z-RkC_e2NvjTQ&mime_type=video_mp4&qs=0&rc=NXZpTGRTaFBnKWxncmd5aHFsc3IxZGZoZGY8N2U8NGc2Njc5aTk7QGkzM2Q7O286azQ8MzM0NjMzQFNsa3ZpcUQ6amtqXmJmK2BeaWpgYTojM2EzY15gYDU1MTFhYy8wYGEjM2lqaGFhbmVhYS0tZDBhc3M%3D&btag=80000200010000&dy_q=1786415821&feature_id=d6a18d7c5414b1f1e95a75faf9147845&l=20260811103700E54EA91182BABA3C8A2D&ply_type=3&policy=eyJ2bSI6MywidWlkIjoiMzEyOTY1MDYwMzg4ODE4NSJ9,未使用,审核不通过,--,0,--,0,0,0,0,0,0,0,0,0,0,0,0,0,0,0
"	7663464949721645099",0717-瑞晨引流-10.mp4,https://video-cn.oceanengine.com/838d5af857d0d822151d64e9fa75671f/6a7d2de2/tos-cn-ve-51/ogsQ2aLfIAhjPLgBUA67naxI0QamQEtF10Am2o?a=1402&ch=0&cr=0&dr=3&cd=0%7C0%7C0%7C0&br=1511&bt=1511&cs=0&ds=4&ft=J9ThAGkHH_Myq8Z-RkC_e2NvjTQ&mime_type=video_mp4&qs=0&rc=NXZpTGRTaFBnKWxncmd5aHFsc3IxZGY0NDs2MzU3aTQ7Z2hlOTg6QGlqOGR2ZG86azQ8MzM0NjMzQFNsa3ZpcUQ6amtqXmJmK2BeaWpgYTojXy82NGJfYjZgMTQzXmJiX2EjcW5sMGFhbmVhYS0tZDAvc3M%3D&btag=80000200010000&dy_q=1786415821&feature_id=d6a18d7c5414b1f1e95a75faf9147845&l=20260811103700E54EA91182BABA3C8A2D&ply_type=3&policy=eyJ2bSI6MywidWlkIjoiMzEyOTY1MDYwMzg4ODE4NSJ9,未使用,审核不通过,--,0,--,0,0,0,0,0,0,0,0,0,0,0,0,0,0,0
"	7663464941391282217",0717-瑞晨引流-8.mp4,https://video-cn.oceanengine.com/567269c842fb81d74ee2157a548414d5/6a7d2dda/tos-cn-ve-51/oodkhXzIdIPlARFD0XxYWQsLQaWoAExIgatDl?a=1402&ch=0&cr=0&dr=3&cd=0%7C0%7C0%7C0&br=1851&bt=1851&cs=0&ds=4&ft=J9ThAGkHH_Myq8Z-RkC_e2NvjTQ&mime_type=video_mp4&qs=0&rc=NXZpTGRTaFBnKWxncmd5aHFsc3IxZGY3ZGZnaTQ4MzY8aTY6aDg0QGlqOGs4OG86azQ8MzM0NjMzQFNsa3ZpcUQ6amtqXmJmK2BeaWpgYTojNWJeLl5jMDVfMS4wXjEvM2EjNWJwamFhbmVhYS0tZDAvc3M%3D&btag=80000200008000&dy_q=1786415821&feature_id=d6a18d7c5414b1f1e95a75faf9147845&l=20260811103700E54EA91182BABA3C8A2D&ply_type=3&policy=eyJ2bSI6MywidWlkIjoiMzEyOTY1MDYwMzg4ODE4NSJ9,未使用,审核不通过,--,0,--,0,0,0,0,0,0,0,0,0,0,0,0,0,0,0
"	7663464941266190379",0717-引导-嘉丽-4.mp4,https://video-cn.oceanengine.com/403df3adc58cadbaafaf6fb7208cdb33/6a7d2ddb/tos-cn-ve-51/oMPWDlgAQBuIaAEdUOkaW5uzyYN8Is3odtEoQ?a=1402&ch=0&cr=0&dr=3&cd=0%7C0%7C0%7C0&br=2092&bt=2092&cs=0&ds=4&ft=J9ThAGkHH_Myq8Z-RkC_e2NvjTQ&mime_type=video_mp4&qs=0&rc=NXZpTGRTaFBnKWxncmd5aHFsc3IxZGYzaTdoNmk1ZzQ1NzM8Mzw0QGlqcWpkaG86bDQ8MzM0NjMzQFNsa3ZpcUQ6amtqXmJmK2BeaWpgYTojYjQ2LjUuYl4yMS5eYV9eLmEjNG8va2FhL2VhYS0tZDAvc3M%3D&btag=80000200008000&dy_q=1786415821&feature_id=d6a18d7c5414b1f1e95a75faf9147845&l=20260811103700E54EA91182BABA3C8A2D&ply_type=3&policy=eyJ2bSI6MywidWlkIjoiMzEyOTY1MDYwMzg4ODE4NSJ9,未使用,审核不通过,--,0,--,0,0,0,0,0,0,0,0,0,0,0,0,0,0,0
"	7663464940309512235",0717-瑞晨引流-3.mp4,https://video-cn.oceanengine.com/3169048093732ee29200607b64e029ed/6a7d2ddc/tos-cn-ve-51/ocDPnHggCaAao2hw1eNp3WRJIj1IABKRUAfqNo?a=1402&ch=0&cr=0&dr=3&cd=0%7C0%7C0%7C0&br=1305&bt=1305&cs=0&ds=4&ft=J9ThAGkHH_Myq8Z-RkC_e2NvjTQ&mime_type=video_mp4&qs=0&rc=NXZpTGRTaFBnKWxncmd5aHFsc3IxZGZkZ2Y1O2ZnZzg4ZTtpMzc3QGkzZGluZ286azQ8MzM0NjMzQFNsa3ZpcUQ6amtqXmJmK2BeaWpgYTojLWItLTFiXjUyMTQxYjIyNWEjYV5mbWFhbmVhYS0tZDAvc3M%3D&btag=80000e00010000&dy_q=1786415821&feature_id=d6a18d7c5414b1f1e95a75faf9147845&l=20260811103700E54EA91182BABA3C8A2D&ply_type=3&policy=eyJ2bSI6MywidWlkIjoiMzEyOTY1MDYwMzg4ODE4NSJ9,未使用,审核通过,--,3,--,0,0,0,0,0,0,0,0,0,0,0,0,0,0,0
"	7663464935540654116",0717-瑞晨引流-2.mp4,https://video-cn.oceanengine.com/2c469af1f4309ae6b00c6f6880a1ae96/6a7d2ddc/tos-cn-ve-51/o85aYd0NzlVQowBtEWaWzNIxIQuB0oAtdA0AC?a=1402&ch=0&cr=0&dr=3&cd=0%7C0%7C0%7C0&br=931&bt=931&cs=0&ds=4&ft=J9ThAGkHH_Myq8Z-RkC_e2NvjTQ&mime_type=video_mp4&qs=0&rc=NXZpTGRTaFBnKWxncmd5aHFsc3IxZGY3Ojk2ZjtoM2RoOTxnNDY1QGkzNDc4aG86azQ8MzM0NjMzQFNsa3ZpcUQ6amtqXmJmK2BeaWpgYTojMWM0M2M0LzZeMTM1MS5eLWEjLTFjaGFhbmVhYS0tZDAwc3M%3D&btag=80000200010000&dy_q=1786415821&feature_id=d6a18d7c5414b1f1e95a75faf9147845&l=20260811103700E54EA91182BABA3C8A2D&ply_type=3&policy=eyJ2bSI6MywidWlkIjoiMzEyOTY1MDYwMzg4ODE4NSJ9,未使用,审核不通过,--,0,--,0,0,0,0,0,0,0,0,0,0,0,0,0,0,0
"	7663464914388238378",0717-瑞晨引流-5.mp4,https://video-cn.oceanengine.com/03e1dee5017070b1ab694e79a05cf64d/6a7d2ddc/tos-cn-ve-51/ootQGosvEIzmJ0MSoIadAatTSYW2QBlUxmhAY?a=1402&ch=0&cr=0&dr=3&cd=0%7C0%7C0%7C0&br=826&bt=826&cs=0&ds=4&ft=J9ThAGkHH_Myq8Z-RkC_e2NvjTQ&mime_type=video_mp4&qs=0&rc=NXZpTGRTaFBnKWxncmd5aHFsc3IxZGZnPGZmNjg4ZjY6ZWc8ZTM5QGkzPGpnaW86azQ8MzM0NjMzQFNsa3ZpcUQ6amtqXmJmK2BeaWpgYTojMi1iLTYyY14wMWE1YDAyM2EjNmBlaGFhbmVhYS0tZDBhc3M%3D&btag=80000200010000&dy_q=1786415821&feature_id=d6a18d7c5414b1f1e95a75faf9147845&l=20260811103700E54EA91182BABA3C8A2D&ply_type=3&policy=eyJ2bSI6MywidWlkIjoiMzEyOTY1MDYwMzg4ODE4NSJ9,未使用,审核不通过,--,0,--,0,0,0,0,0,0,0,0,0,0,0,0,0,0,0
"	7663464879739568147",0717-瑞晨引流-9.mp4,https://video-cn.oceanengine.com/5f543b93dcec948f04146f709f4298dd/6a7d2dd6/tos-cn-ve-51/ow1lP0CzIcWcwoaA8XYhT8dQtxQInoHA1EaQs?a=1402&ch=0&cr=0&dr=3&cd=0%7C0%7C0%7C0&br=2046&bt=2046&cs=0&ds=4&ft=J9ThAGkHH_Myq8Z-RkC_e2NvjTQ&mime_type=video_mp4&qs=0&rc=NXZpTGRTaFBnKWxncmd5aHFsc3IxZGZnPDMzaWRmZGVoNjs3NWY2QGkzOmo6O286azQ8MzM0NjMzQFNsa3ZpcUQ6amtqXmJmK2BeaWpgYTojNDNeMmFgY15eMTZeMWAyXmEjanM0YmFhbmVhYS0tZDAwc3M%3D&btag=80000200008000&dy_q=1786415821&feature_id=d6a18d7c5414b1f1e95a75faf9147845&l=20260811103700E54EA91182BABA3C8A2D&ply_type=3&policy=eyJ2bSI6MywidWlkIjoiMzEyOTY1MDYwMzg4ODE4NSJ9,未使用,审核不通过,--,0,--,0,0,0,0,0,0,0,0,0,0,0,0,0,0,0
"	7663464864167395370",0717-瑞晨引流-6.mp4,https://video-cn.oceanengine.com/dff9367ccab46650402eae041013ef0d/6a7d2dd6/tos-cn-ve-51/ogAggsK0Iq1IoAFEaKaQ4Qj6mL6m7xtQ6f6BY2?a=1402&ch=0&cr=0&dr=3&cd=0%7C0%7C0%7C0&br=2117&bt=2117&cs=0&ds=4&ft=J9ThAGkHH_Myq8Z-RkC_e2NvjTQ&mime_type=video_mp4&qs=0&rc=NXZpTGRTaFBnKWxncmd5aHFsc3IxZGY5ZDY3NDU7Njs7ZGdmPDs1QGkzOG9wZ286azQ8MzM0NjMzQFNsa3ZpcUQ6amtqXmJmK2BeaWpgYTojYDItMDUxNDYxMTEyMi5gYWEjM2xvXmFhbmVhYS0tZDBhc3M%3D&btag=80000200008000&dy_q=1786415821&feature_id=d6a18d7c5414b1f1e95a75faf9147845&l=20260811103700E54EA91182BABA3C8A2D&ply_type=3&policy=eyJ2bSI6MywidWlkIjoiMzEyOTY1MDYwMzg4ODE4NSJ9,未使用,审核不通过,--,0,--,0,0,0,0,0,0,0,0,0,0,0,0,0,0,0
"	7663102938734788651",0716-引导-嘉丽-3.mp4,https://video-cn.oceanengine.com/446bd576c791829950ca466c06ccca53/6a7d2dff/tos-cn-ve-51/owahGQjMoIszZgErlINWQgFjtkCPRQdZAHKAP?a=1402&ch=0&cr=0&dr=3&cd=0%7C0%7C0%7C0&br=2692&bt=2692&cs=0&ds=4&ft=J9ThAGkHH_Myq8Z-RkC_e2NvjTQ&mime_type=video_mp4&qs=0&rc=NXZpTGRTaFBnKWxncmd5aHFsc3IxZGY7Zjc3aGZkZTc0NjRoODloQGkzc242M286NGY8MzM0NjMzQFNsa3ZpcUQ6amtqXmJmK2BeaWpgYTojNmIvLmAvYTYwMS4xLjZjMmEjLnItamFhZnNgYS0tZDAvc3M%3D&btag=80000200020000&dy_q=1786415821&feature_id=d6a18d7c5414b1f1e95a75faf9147845&l=20260811103700E54EA91182BABA3C8A2D&ply_type=3&policy=eyJ2bSI6MywidWlkIjoiMzEyOTY1MDYwMzg4ODE4NSJ9,未使用,审核不通过,--,2,--,0,0,0,0,0,0,0,0,0,0,0,0,0,0,0
"	7663102891561435172",0715-引导-雅迪-1-改.mp4,https://video-cn.oceanengine.com/9df090c66f57cbca0248e3e59c346f31/6a7d2de2/tos-cn-ve-51/ooee0QCaqBMXE8ht7EmMpAIPDA6ZoWlgiNEXF9?a=1402&ch=0&cr=0&dr=3&cd=0%7C0%7C0%7C0&br=1712&bt=1712&cs=0&ds=4&ft=J9ThAGkHH_Myq8Z-RkC_e2NvjTQ&mime_type=video_mp4&qs=0&rc=NXZpTGRTaFBnKWxncmd5aHFsc3IxZGY2ZWY7NGRnOzM1aTM1aDxkQGkzNW92ZW86eGY8MzM0NjMzQFNsa3ZpcUQ6amtqXmJmK2BeaWpgYTojXzM0M2MzL15gMTAvMzReMWEjYy5fZ2FhbnJgYS0tZDAvc3M%3D&btag=80000200010000&dy_q=1786415821&feature_id=d6a18d7c5414b1f1e95a75faf9147845&l=20260811103700E54EA91182BABA3C8A2D&ply_type=3&policy=eyJ2bSI6MywidWlkIjoiMzEyOTY1MDYwMzg4ODE4NSJ9,未使用,审核不通过,--,2,--,0,0,0,0,0,0,0,0,0,0,0,0,0,0,0
"	7663102878458806278",0716-引导-嘉丽-2.mp4,https://video-cn.oceanengine.com/72669716b1e9e4a584036f05d0218986/6a7d2df3/tos-cn-ve-51/oAes1RuGG2fGRDh8FAUAaCVjgBbZAp9UVBEOXf?a=1402&ch=0&cr=0&dr=3&cd=0%7C0%7C0%7C0&br=780&bt=780&cs=0&ds=4&ft=J9ThAGkHH_Myq8Z-RkC_e2NvjTQ&mime_type=video_mp4&qs=0&rc=NXZpTGRTaFBnKWxncmd5aHFsc3IxZGZnOjY2Zzg7OGVnNzM7ZzwzQGlqeXFvZW86NGY8MzM0NjMzQFNsa3ZpcUQ6amtqXmJmK2BeaWpgYTojYzEtYl8xNF5hMTI1YWMyMGEjL3JeZGFhZnNgYS0tZDAwc3M%3D&btag=80000200018000&dy_q=1786415821&feature_id=d6a18d7c5414b1f1e95a75faf9147845&l=20260811103700E54EA91182BABA3C8A2D&ply_type=3&policy=eyJ2bSI6MywidWlkIjoiMzEyOTY1MDYwMzg4ODE4NSJ9,未使用,审核不通过,--,2,--,0,0,0,0,0,0,0,0,0,0,0,0,0,0,0
"	7663102846160699455",0714-魏怡引流-4-修改.mp4,https://video-cn.oceanengine.com/2c772fd855d114ed0774a78459d97e41/6a7d2e09/tos-cn-ve-51/oIQdDQJAWZQoamtId9URUPtA9IzEjlWMaT4XG?a=1402&ch=0&cr=0&dr=3&cd=0%7C0%7C0%7C0&br=1264&bt=1264&cs=0&ds=4&ft=J9ThAGkHH_Myq8Z-RkC_e2NvjTQ&mime_type=video_mp4&qs=0&rc=NXZpTGRTaFBnKWxncmd5aHFsc3IxZGY4N2U2Zzo8O2dmNTdkNmk1QGkzbnM3O286d2Y8MzM0NjMzQFNsa3ZpcUQ6amtqXmJmK2BeaWpgYTojMDUzNi01MTYuMTMxYGJjM2EjZ2AtYWFhXnJgYS0tZDBhc3M%3D&btag=80000200028000&dy_q=1786415821&feature_id=d6a18d7c5414b1f1e95a75faf9147845&l=20260811103700E54EA91182BABA3C8A2D&ply_type=3&policy=eyJ2bSI6MywidWlkIjoiMzEyOTY1MDYwMzg4ODE4NSJ9,未使用,审核不通过,--,2,--,0,0,0,0,0,0,0,0,0,0,0,0,0,0,0
"	7663102826089185323",0714-魏怡引流-2-修改.mp4,https://video-cn.oceanengine.com/2c6363453e1bbabdbe51cfd608530183/6a7d2de4/tos-cn-ve-51/ooPzldYUWjNIRJlENQg2NQNEA5atAch3XI4dQ?a=1402&ch=0&cr=0&dr=3&cd=0%7C0%7C0%7C0&br=1478&bt=1478&cs=0&ds=4&ft=J9ThAGkHH_Myq8Z-RkC_e2NvjTQ&mime_type=video_mp4&qs=0&rc=NXZpTGRTaFBnKWxncmd5aHFsc3IxZGY0PGk1Ojc4aTY6aDRlaTQ5QGkzZ3NtNG86d2Y8MzM0NjMzQFNsa3ZpcUQ6amtqXmJmK2BeaWpgYTojLy9eM2EvYV4wMTI2XzUtLWEjYmJiM2FhXnJgYS0tZDAvc3M%3D&btag=80000e00010000&dy_q=1786415821&feature_id=d6a18d7c5414b1f1e95a75faf9147845&l=20260811103700E54EA91182BABA3C8A2D&ply_type=3&policy=eyJ2bSI6MywidWlkIjoiMzEyOTY1MDYwMzg4ODE4NSJ9,未使用,审核通过,--,6,--,0,0,0,0,0,0,0,0,0,0,0,0,0,0,0
"	7663102817235451945",0715-魏怡-2-修改.mp4,https://video-cn.oceanengine.com/455b283e7288c648ff3c40fa4282c80f/6a7d2df3/tos-cn-ve-51/os5Qij7nEIzaOUzqSIadAZtQLnWFwEl3dyGAP?a=1402&ch=0&cr=0&dr=3&cd=0%7C0%7C0%7C0&br=1032&bt=1032&cs=0&ds=4&ft=J9ThAGkHH_Myq8Z-RkC_e2NvjTQ&mime_type=video_mp4&qs=0&rc=NXZpTGRTaFBnKWxncmd5aHFsc3IxZGY2OWc5OjhkOGU0Mzk2NDtoQGkzaGg0Om86d2Y8MzM0NjMzQFNsa3ZpcUQ6amtqXmJmK2BeaWpgYTojM2A1LWBjMF8zMTJgNmItLmEjaTFiNmFhXnJgYS0tZDAwc3M%3D&btag=80000200018000&dy_q=1786415821&feature_id=d6a18d7c5414b1f1e95a75faf9147845&l=20260811103700E54EA91182BABA3C8A2D&ply_type=3&policy=eyJ2bSI6MywidWlkIjoiMzEyOTY1MDYwMzg4ODE4NSJ9,未使用,审核不通过,--,2,--,0,0,0,0,0,0,0,0,0,0,0,0,0,0,0
"	7663102806485434410",0725-3-魏怡引流-修改.mp4,https://video-cn.oceanengine.com/091411255184a54d68c23a774f8292ed/6a7d2dea/tos-cn-ve-51/oIfuAioaCQLDNQqDYwgEaWkMxBSAh7ectgL6Ig?a=1402&ch=0&cr=0&dr=3&cd=0%7C0%7C0%7C0&br=1609&bt=1609&cs=0&ds=4&ft=J9ThAGkHH_Myq8Z-RkC_e2NvjTQ&mime_type=video_mp4&qs=0&rc=NXZpTGRTaFBnKWxncmd5aHFsc3IxZGY5OzU2N2doNTg0OTw8ZzY7QGkzbDc4OG86d2Y8MzM0NjMzQFNsa3ZpcUQ6amtqXmJmK2BeaWpgYTojXzA0YzIuNF5eMS80NV82NGEjLmRuamFhXnJgYS0tZDAvc3M%3D&btag=80000200010000&dy_q=1786415821&feature_id=d6a18d7c5414b1f1e95a75faf9147845&l=20260811103700E54EA91182BABA3C8A2D&ply_type=3&policy=eyJ2bSI6MywidWlkIjoiMzEyOTY1MDYwMzg4ODE4NSJ9,未使用,审核不通过,--,2,--,0,0,0,0,0,0,0,0,0,0,0,0,0,0,0
"	7663055315891503114",0716-引流-魏怡-2.mp4,https://video-cn.oceanengine.com/3af010693910eff5c8c8d6387a765465/6a7d2de0/tos-cn-ve-51/oYgviUNG0CUKeAbYeMRAV1tBhkqJ3sAfjj40Wa?a=1402&ch=0&cr=0&dr=3&cd=0%7C0%7C0%7C0&br=1149&bt=1149&cs=0&ds=3&ft=J9ThAGkHH_Myq8Z-RkC_e2NvjTQ&mime_type=video_mp4&qs=0&rc=NXZpTGRTaFBnKWxncmd5aHFsc3IxZGY7NTQ4ZDw6Z2Y3NzU6ODdlQGkzd2ZnaW86aGQ8MzM0NjMzQFNsa3ZpcUQ6amtqXmJmK2BeaWpgYTojLl40XzI0YzYxMTYwNjZfY2EjczNkaGFhZjVgYS0tZDBhc3M%3D&btag=80000e00010000&dy_q=1786415821&feature_id=d6a18d7c5414b1f1e95a75faf9147845&l=20260811103700E54EA91182BABA3C8A2D&ply_type=3&policy=eyJ2bSI6MywidWlkIjoiMzEyOTY1MDYwMzg4ODE4NSJ9,未使用,审核通过,--,3,--,0,0,0,0,0,0,0,0,0,0,0,0,0,0,0
"	7663055279933472777",0716-引流-魏怡-9.mp4,https://video-cn.oceanengine.com/bf5e53b882b4ab754f09534e22dd58b2/6a7d2ddf/tos-cn-ve-51/oodM7fdLQINmAIWG1DEp1LtCBwgYhFIpALQKaG?a=1402&ch=0&cr=0&dr=3&cd=0%7C0%7C0%7C0&br=1357&bt=1357&cs=0&ds=3&ft=J9ThAGkHH_Myq8Z-RkC_e2NvjTQ&mime_type=video_mp4&qs=0&rc=NXZpTGRTaFBnKWxncmd5aHFsc3IxZGZkMzU3PDNoOjM8OTY0NzY2QGkzZXV3OW86aGQ8MzM0NjMzQFNsa3ZpcUQ6amtqXmJmK2BeaWpgYTojLi0uMjU1MF5fMTMtNGFeYmEjMi1ec2FhZjVgYS0tZDAwc3M%3D&btag=80000e00010000&dy_q=1786415821&feature_id=d6a18d7c5414b1f1e95a75faf9147845&l=20260811103700E54EA91182BABA3C8A2D&ply_type=3&policy=eyJ2bSI6MywidWlkIjoiMzEyOTY1MDYwMzg4ODE4NSJ9,未使用,审核通过,--,2,--,0,0,0,0,0,0,0,0,0,0,0,0,0,0,0
"	7663055260098527241",0715-引流-魏怡-7.mp4,https://video-cn.oceanengine.com/69e9c8c08f92ebeb431a3f7c33d0594a/6a7d2dde/tos-cn-ve-51/osuUAWODi1tgFY5lkaslEQKIAdHplcAzGzIQq?a=1402&ch=0&cr=0&dr=3&cd=0%7C0%7C0%7C0&br=1375&bt=1375&cs=0&ds=3&ft=J9ThAGkHH_Myq8Z-RkC_e2NvjTQ&mime_type=video_mp4&qs=0&rc=NXZpTGRTaFBnKWxncmd5aHFsc3IxZGZkZjhmOmZkZjhkOzU3NmZmQGlqdmp2ZG86aGQ8MzM0NjMzQFNsa3ZpcUQ6amtqXmJmK2BeaWpgYTojYTA0Nl5iMjZhMTVgNDNjY2EjcGhxMGFhXjVgYS0tZDAvc3M%3D&btag=80000e00010000&dy_q=1786415821&feature_id=d6a18d7c5414b1f1e95a75faf9147845&l=20260811103700E54EA91182BABA3C8A2D&ply_type=3&policy=eyJ2bSI6MywidWlkIjoiMzEyOTY1MDYwMzg4ODE4NSJ9,未使用,审核通过,--,2,--,0,0,0,0,0,0,0,0,0,0,0,0,0,0,0
"	7663055254678781990",0716-引流-魏怡-8.mp4,https://video-cn.oceanengine.com/6d9cb33952ef0aa4c6c6652febaf218a/6a7d2dda/tos-cn-ve-51/ocaOpQbUbIWzqqELlIFWQgBitUGXBDdYAvKAk?a=1402&ch=0&cr=0&dr=3&cd=0%7C0%7C0%7C0&br=1995&bt=1995&cs=0&ds=3&ft=J9ThAGkHH_Myq8Z-RkC_e2NvjTQ&mime_type=video_mp4&qs=0&rc=NXZpTGRTaFBnKWxncmd5aHFsc3IxZGZkODw2PDYzaDpmOTo8NWc2QGkzZDg4ZG86aGQ8MzM0NjMzQFNsa3ZpcUQ6amtqXmJmK2BeaWpgYTojYS0tXmEtMl4xMWIwYTMwMWEjMGMtX2FhXjVgYS0tZDAvc3M%3D&btag=80000e00008000&dy_q=1786415821&feature_id=d6a18d7c5414b1f1e95a75faf9147845&l=20260811103700E54EA91182BABA3C8A2D&ply_type=3&policy=eyJ2bSI6MywidWlkIjoiMzEyOTY1MDYwMzg4ODE4NSJ9,未使用,审核通过,--,2,--,0,0,0,0,0,0,0,0,0,0,0,0,0,0,0
"	7663055246740127782",0716-引流-魏怡-3.mp4,https://video-cn.oceanengine.com/284e6a6cacda89c32e74ef84d6fec3ee/6a7d2dde/tos-cn-ve-51/owmALVdAhFWayAI0QDSmGdIIBfgtYp71QICEUF?a=1402&ch=0&cr=0&dr=3&cd=0%7C0%7C0%7C0&br=1559&bt=1559&cs=0&ds=3&ft=J9ThAGkHH_Myq8Z-RkC_e2NvjTQ&mime_type=video_mp4&qs=0&rc=NXZpTGRTaFBnKWxncmd5aHFsc3IxZGY4ZTM0OWk8OTdoNWY0aGloQGkzeWY2N286aGQ8MzM0NjMzQFNsa3ZpcUQ6amtqXmJmK2BeaWpgYTojYGIuXy01YjZeMS4vNjMzXmEjLmhpLWFhZjVgYS0tZDBhc3M%3D&btag=80000e00010000&dy_q=1786415821&feature_id=d6a18d7c5414b1f1e95a75faf9147845&l=20260811103700E54EA91182BABA3C8A2D&ply_type=3&policy=eyJ2bSI6MywidWlkIjoiMzEyOTY1MDYwMzg4ODE4NSJ9,未使用,审核通过,--,2,--,0,0,0,0,0,0,0,0,0,0,0,0,0,0,0
"	7663055229525753882",0716-引导-魏怡-4.mp4,https://video-cn.oceanengine.com/2efdc3b0547bf84d8cd27599dedcfec2/6a7d2de1/tos-cn-ve-51/ogexyeAsjAQWXhiagqbUOMCmStBG1GMH5UIIft?a=1402&ch=0&cr=0&dr=3&cd=0%7C0%7C0%7C0&br=1661&bt=1661&cs=0&ds=3&ft=J9ThAGkHH_Myq8Z-RkC_e2NvjTQ&mime_type=video_mp4&qs=0&rc=NXZpTGRTaFBnKWxncmd5aHFsc3IxZGY6OzY6OzRpZDNmaDg8NDQ5QGlqeXhsZ286aGQ8MzM0NjMzQFNsa3ZpcUQ6amtqXmJmK2BeaWpgYTojNmA2MzJeYjU1MTEvYjMtMmEjNjBia2FhXjVgYS0tZDAwc3M%3D&btag=80000e00010000&dy_q=1786415821&feature_id=d6a18d7c5414b1f1e95a75faf9147845&l=20260811103700E54EA91182BABA3C8A2D&ply_type=3&policy=eyJ2bSI6MywidWlkIjoiMzEyOTY1MDYwMzg4ODE4NSJ9,未使用,审核通过,--,3,--,0,0,0,0,0,0,0,0,0,0,0,0,0,0,0
"	7663055228426240027",0716-引流-魏怡-1.mp4,https://video-cn.oceanengine.com/48ac7891ef01001d14f58bc43029c254/6a7d2de3/tos-cn-ve-51/oAgk3kAHKYtEzIQcFE1OzWMq7QGlpdIaAisA2?a=1402&ch=0&cr=0&dr=3&cd=0%7C0%7C0%7C0&br=1441&bt=1441&cs=0&ds=3&ft=J9ThAGkHH_Myq8Z-RkC_e2NvjTQ&mime_type=video_mp4&qs=0&rc=NXZpTGRTaFBnKWxncmd5aHFsc3IxZGY1ZzpoNTszNzY3ODQ8PDRkQGlqdmp2ZG86aGQ8MzM0NjMzQFNsa3ZpcUQ6amtqXmJmK2BeaWpgYTojMV42LV8wYDY2MTAwXzI2NmEjcWhxMGFhZjVgYS0tZDAvc3M%3D&btag=80000e00010000&dy_q=1786415821&feature_id=d6a18d7c5414b1f1e95a75faf9147845&l=20260811103700E54EA91182BABA3C8A2D&ply_type=3&policy=eyJ2bSI6MywidWlkIjoiMzEyOTY1MDYwMzg4ODE4NSJ9,未使用,审核通过,--,2,--,0,0,0,0,0,0,0,0,0,0,0,0,0,0,0
"	7663055226732789769",0716-引流-魏怡-10.mp4,https://video-cn.oceanengine.com/a04875da824fc320112e81457c245c92/6a7d2de6/tos-cn-ve-51/o8ihQatqKsjBeregSUUxGmeILL1RNbAsx0CuKA?a=1402&ch=0&cr=0&dr=3&cd=0%7C0%7C0%7C0&br=1795&bt=1795&cs=0&ds=3&ft=J9ThAGkHH_Myq8Z-RkC_e2NvjTQ&mime_type=video_mp4&qs=0&rc=NXZpTGRTaFBnKWxncmd5aHFsc3IxZGZkODRpZDU1aGg3aDk0aTs1QGlqPHJyZ286aGQ8MzM0NjMzQFNsa3ZpcUQ6amtqXmJmK2BeaWpgYTojYzZfMzZjMTU1MS5hMC5iX2Eja3NhYmFhZjVgYS0tZDBhc3M%3D&btag=80000e00010000&dy_q=1786415821&feature_id=d6a18d7c5414b1f1e95a75faf9147845&l=20260811103700E54EA91182BABA3C8A2D&ply_type=3&policy=eyJ2bSI6MywidWlkIjoiMzEyOTY1MDYwMzg4ODE4NSJ9,未使用,审核通过,--,2,--,0,0,0,0,0,0,0,0,0,0,0,0,0,0,0
"	7663055203151855666",0716-引导-小敏-2.mp4,https://video-cn.oceanengine.com/b1ab9d23e218c59ff41a9c42cc0ad32c/6a7d2dd6/tos-cn-ve-51/o0rvEILd5dIGpCYQAiaNEsGkxlzOAWBIoKwtA?a=1402&ch=0&cr=0&dr=3&cd=0%7C0%7C0%7C0&cv=1&br=822&bt=822&cs=0&ds=3&ft=J9ThAGkHH_Myq8Z-RkC_e2NvjTQ&mime_type=video_mp4&qs=0&rc=NXZpTGRTaFBnKWxncmd5aHFsc3IxZGZlaGhkaTppNGZnaDk7ZzVmQGlqOWRsZm86ZWQ8MzM0NjMzQFNsa3ZpcUQ6amtqXmJmK2BeaWpgYTojNGMuYDE1L19fMTAtMDVfNWEjaWQuLWFhLzVgYS0tZDAwc3M%3D&btag=80000e00008000&dy_q=1786415821&feature_id=d6a18d7c5414b1f1e95a75faf9147845&l=20260811103700E54EA91182BABA3C8A2D&ply_type=3&policy=eyJ2bSI6MywidWlkIjoiMzEyOTY1MDYwMzg4ODE4NSJ9,未使用,审核通过,--,10,--,0,0,0,0,0,0,0,0,0,0,0,0,0,0,0
"	7663055189575106606",0716-浩正引导-2.mp4,https://video-cn.oceanengine.com/4b03b443e166f944e84f09a8f5689046/6a7d2de9/tos-cn-ve-51/o4aKFQlkEIMzUlErlIJWQwwitEGNpEdZA4yAk?a=1402&ch=0&cr=0&dr=3&cd=0%7C0%7C0%7C0&br=1342&bt=1342&cs=0&ds=4&ft=J9ThAGkHH_Myq8Z-RkC_e2NvjTQ&mime_type=video_mp4&qs=0&rc=NXZpTGRTaFBnKWxncmd5aHFsc3IxZGZpPGY0NWVmZDM5PGY3NDs6QGkzbjM8OG86ZGQ8MzM0NjMzQFNsa3ZpcUQ6amtqXmJmK2BeaWpgYTojXzVjNGMuYF5iMTY2MjEyYmEjMG4zM2FhLzVgYS0tZDAwc3M%3D&btag=80000200010000&dy_q=1786415821&feature_id=d6a18d7c5414b1f1e95a75faf9147845&l=20260811103700E54EA91182BABA3C8A2D&ply_type=3&policy=eyJ2bSI6MywidWlkIjoiMzEyOTY1MDYwMzg4ODE4NSJ9,未使用,审核不通过,--,0,--,0,0,0,0,0,0,0,0,0,0,0,0,0,0,0
"	7663055161565888522",0716-引导-小敏-1.mp4,https://video-cn.oceanengine.com/a6b2a2d5f65f9ae216c5174f860351e2/6a7d2ddd/tos-cn-ve-51/oEhElEkILxNAWZ9BzIgQaAIzQNOEILltdFsyi?a=1402&ch=0&cr=0&dr=3&cd=0%7C0%7C0%7C0&br=598&bt=598&cs=0&ds=4&ft=J9ThAGkHH_Myq8Z-RkC_e2NvjTQ&mime_type=video_mp4&qs=0&rc=NXZpTGRTaFBnKWxncmd5aHFsc3IxZGZnM2dnZWRlPDppZzdlNDU2QGlqZmZtNG86ZWQ8MzM0NjMzQFNsa3ZpcUQ6amtqXmJmK2BeaWpgYTojMF5fLzYuMF9eMTAvNV9hMmEjMjZiM2FhLzVgYS0tZDAvc3M%3D&btag=80000200010000&dy_q=1786415821&feature_id=d6a18d7c5414b1f1e95a75faf9147845&l=20260811103700E54EA91182BABA3C8A2D&ply_type=3&policy=eyJ2bSI6MywidWlkIjoiMzEyOTY1MDYwMzg4ODE4NSJ9,未使用,审核不通过,--,0,--,0,0,0,0,0,0,0,0,0,0,0,0,0,0,0
"	7663055112802025499",0716-浩正引导-1.mp4,https://video-cn.oceanengine.com/ed5ef794286885e086aeca188179d1cf/6a7d2dec/tos-cn-ve-51/o0QQp1cdIAA2Q5aUBFRYI4EQctmvFLkBfh7Ig4?a=1402&ch=0&cr=0&dr=3&cd=0%7C0%7C0%7C0&br=371&bt=371&cs=0&ds=3&ft=J9ThAGkHH_Myq8Z-RkC_e2NvjTQ&mime_type=video_mp4&qs=0&rc=NXZpTGRTaFBnKWxncmd5aHFsc3IxZGZnZWVoaDdkOGU2aWQ1aDQ2QGkzanM6O286ZGQ8MzM0NjMzQFNsa3ZpcUQ6amtqXmJmK2BeaWpgYTojMS5fM2M2YzZjMTUzLjJiLWEjcHIyYmFhLzVgYS0tZDAwc3M%3D&btag=80000e00018000&dy_q=1786415821&feature_id=d6a18d7c5414b1f1e95a75faf9147845&l=20260811103700E54EA91182BABA3C8A2D&ply_type=3&policy=eyJ2bSI6MywidWlkIjoiMzEyOTY1MDYwMzg4ODE4NSJ9,未使用,审核通过,--,2,--,0,0,0,0,0,0,0,0,0,0,0,0,0,0,0
"	7662989870433239066",0715-引导-小敏-3-修改.mp4,https://video-cn.oceanengine.com/1caf3a43c102ce15aff3d6b0d531fb13/6a7d2de4/tos-cn-ve-51c800/oMAvDQh6EwztIAHEkEQaoIVJGlY9cdWh9wAZ5?a=1402&ch=0&cr=0&dr=3&cd=0%7C0%7C0%7C0&br=1368&bt=1368&cs=0&ds=4&ft=J9ThAGkHH_Myq8Z-RkC_e2NvjTQ&mime_type=video_mp4&qs=0&rc=NXZpTGRTaFBnKWxncmd5aHFsc3IxZGZmOjM0O2c3ZjhmN2c0aDwzQGkzM3lsNG86ajk8MzM0NjMzQFNsa3ZpcUQ6amtqXmJmK2BeaWpgYTojMmEyMDMzYV5eMWFiNTAvLmEjMGhhcGFhL2VgYS0tZDAwc3M%3D&btag=80000200010000&dy_q=1786415821&feature_id=d6a18d7c5414b1f1e95a75faf9147845&l=20260811103700E54EA91182BABA3C8A2D&ply_type=3&policy=eyJ2bSI6MywidWlkIjoiMzEyOTY1MDYwMzg4ODE4NSJ9,未使用,审核不通过,--,0,--,0,0,0,0,0,0,0,0,0,0,0,0,0,0,0
"	7662989870433206298",0715-引导-小敏-2-修改.mp4,https://video-cn.oceanengine.com/903feee894dfc4e347c4b2ecab1a038a/6a7d2de4/tos-cn-ve-51/oEQtICaYALmEk4vVgjWAPlBoI1QtphcEzEdiw?a=1402&ch=0&cr=0&dr=3&cd=0%7C0%7C0%7C0&br=884&bt=884&cs=0&ds=4&ft=J9ThAGkHH_Myq8Z-RkC_e2NvjTQ&mime_type=video_mp4&qs=0&rc=NXZpTGRTaFBnKWxncmd5aHFsc3IxZGZkNTY1ZmU5ZWk3Njs8ZWdoQGlqNG1zaW86ajk8MzM0NjMzQFNsa3ZpcUQ6amtqXmJmK2BeaWpgYTojYjA2YDY1LV5hMTIwNDExM2EjMl5nXmFhL2VgYS0tZDAvc3M%3D&btag=80000200010000&dy_q=1786415821&feature_id=d6a18d7c5414b1f1e95a75faf9147845&l=20260811103700E54EA91182BABA3C8A2D&ply_type=3&policy=eyJ2bSI6MywidWlkIjoiMzEyOTY1MDYwMzg4ODE4NSJ9,未使用,审核不通过,--,0,--,0,0,0,0,0,0,0,0,0,0,0,0,0,0,0
"	7662989862635503662",0715-引导-小敏-1-修改.mp4,https://video-cn.oceanengine.com/d5e6df3797f277652314e55587cc5e82/6a7d2dec/tos-cn-ve-51/oswcowlY3qAhtENxd1EAapCJzdIFFWQIOQhwo?a=1402&ch=0&cr=0&dr=3&cd=0%7C0%7C0%7C0&br=644&bt=644&cs=0&ds=4&ft=J9ThAGkHH_Myq8Z-RkC_e2NvjTQ&mime_type=video_mp4&qs=0&rc=NXZpTGRTaFBnKWxncmd5aHFsc3IxZGZnPDM7NWVoMzxmZmY6OWdnQGkzcW00O286ajk8MzM0NjMzQFNsa3ZpcUQ6amtqXmJmK2BeaWpgYTojL142NGMuMDUyMS02YTA1MGEjbDBfaWFhL2VgYS0tZDAwc3M%3D&btag=80000200018000&dy_q=1786415821&feature_id=d6a18d7c5414b1f1e95a75faf9147845&l=20260811103700E54EA91182BABA3C8A2D&ply_type=3&policy=eyJ2bSI6MywidWlkIjoiMzEyOTY1MDYwMzg4ODE4NSJ9,未使用,审核不通过,--,0,--,0,0,0,0,0,0,0,0,0,0,0,0,0,0,0
"	7662989853030219827",0714瑞晨引流修改-10.mp4,https://video-cn.oceanengine.com/61fbe126c0283bf0dbe65f6158181b72/6a7d2dde/tos-cn-ve-51/ok1AltAQMSdHoEtbzDQkutN2aYI0hIonhpWTV?a=1402&ch=0&cr=0&dr=3&cd=0%7C0%7C0%7C0&br=3644&bt=3644&cs=0&ds=4&ft=J9ThAGkHH_Myq8Z-RkC_e2NvjTQ&mime_type=video_mp4&qs=0&rc=NXZpTGRTaFBnKWxncmd5aHFsc3IxZGY3aGU6NGQ6ZDxnMzs0NTs3QGkzcGRwZ286aDk8MzM0NjMzQFNsa3ZpcUQ6amtqXmJmK2BeaWpgYTojMC8yLzI0MDZjMS0tLS0zNWEjMzBuXmFhbmVgYS0tZDBhc3M%3D&btag=80000200010000&dy_q=1786415821&feature_id=d6a18d7c5414b1f1e95a75faf9147845&l=20260811103700E54EA91182BABA3C8A2D&ply_type=3&policy=eyJ2bSI6MywidWlkIjoiMzEyOTY1MDYwMzg4ODE4NSJ9,未使用,审核不通过,--,0,--,0,0,0,0,0,0,0,0,0,0,0,0,0,0,0
"	7662989840313352201",0715-引导-小敏-5-修改.mp4,https://video-cn.oceanengine.com/bf00a1a41b68ae8dd6494cb59624d5ff/6a7d2ddb/tos-cn-ve-51/ogAKgBk1h7gQCmoERdYIAtpL9aRxfDINlI3T1Q?a=1402&ch=0&cr=0&dr=3&cd=0%7C0%7C0%7C0&br=1266&bt=1266&cs=0&ds=4&ft=J9ThAGkHH_Myq8Z-RkC_e2NvjTQ&mime_type=video_mp4&qs=0&rc=NXZpTGRTaFBnKWxncmd5aHFsc3IxZGZmODtkaWk6N2c4aDM2Zjo7QGlqOGl3OW86ajk8MzM0NjMzQFNsa3ZpcUQ6amtqXmJmK2BeaWpgYTojMDZfMjZjYjZhMWI0Yy5gMmEjYmNec2FhL2VgYS0tZDAwc3M%3D&btag=80000200008000&dy_q=1786415821&feature_id=d6a18d7c5414b1f1e95a75faf9147845&l=20260811103700E54EA91182BABA3C8A2D&ply_type=3&policy=eyJ2bSI6MywidWlkIjoiMzEyOTY1MDYwMzg4ODE4NSJ9,未使用,审核不通过,--,0,--,0,0,0,0,0,0,0,0,0,0,0,0,0,0,0
"	7662989796920000539",0715-引导-小敏-4-修改.mp4,https://video-cn.oceanengine.com/9c5f25f1942353b08730246ad5c5a57a/6a7d2de4/tos-cn-ve-51/oEl0zxvWotiQlAEvSWAYEoIQdAlWaEpwTIh5E?a=1402&ch=0&cr=0&dr=3&cd=0%7C0%7C0%7C0&br=1423&bt=1423&cs=0&ds=4&ft=J9ThAGkHH_Myq8Z-RkC_e2NvjTQ&mime_type=video_mp4&qs=0&rc=NXZpTGRTaFBnKWxncmd5aHFsc3IxZGY8ZDtlZWlmOjc6MzU6ZGY7QGkzcHU0aW86ajk8MzM0NjMzQFNsa3ZpcUQ6amtqXmJmK2BeaWpgYTojYGIxMy8vNV8vMS0uXmIvMGEjZS8vbmFhL2VgYS0tZDBhc3M%3D&btag=80000200010000&dy_q=1786415821&feature_id=d6a18d7c5414b1f1e95a75faf9147845&l=20260811103700E54EA91182BABA3C8A2D&ply_type=3&policy=eyJ2bSI6MywidWlkIjoiMzEyOTY1MDYwMzg4ODE4NSJ9,未使用,审核不通过,--,0,--,0,0,0,0,0,0,0,0,0,0,0,0,0,0,0
"	7662989779832127498",0715-引导-小敏-6-修改.mp4,https://video-cn.oceanengine.com/21c5b3a6dc932568eacd998eee750916/6a7d2dd8/tos-cn-ve-51/08944e2d7f8b4db68b290ddaa9ee6685?a=1402&ch=0&cr=0&dr=3&cd=0%7C0%7C0%7C0&br=843&bt=843&cs=0&ds=4&ft=J9ThAGkHH_Myq8Z-RkC_e2NvjTQ&mime_type=video_mp4&qs=0&rc=NXZpTGRTaFBnKWxncmd5aHFsc3IxZGY6NGQ5Njw1ZzU8PDRpaDNnQGlqbzZ3NW86ajk8MzM0NjMzQFNsa3ZpcUQ6amtqXmJmK2BeaWpgYTojX2I1MDZjLTY1MS9hMF42NWEjbS5vbmFhL2VgYS0tZDAwc3M%3D&btag=80000200008000&dy_q=1786415821&feature_id=d6a18d7c5414b1f1e95a75faf9147845&l=20260811103700E54EA91182BABA3C8A2D&ply_type=3&policy=eyJ2bSI6MywidWlkIjoiMzEyOTY1MDYwMzg4ODE4NSJ9,未使用,审核不通过,--,0,--,0,0,0,0,0,0,0,0,0,0,0,0,0,0,0
"	7662989773514424358",0715-引导-小敏-7-修改.mp4,https://video-cn.oceanengine.com/c72d9f0ea339664187cb069081a8a5d5/6a7d2de1/tos-cn-ve-51/ow1L6HteIAD0AJJBQgJwVgAbgmtTOmIppQ5aR7?a=1402&ch=0&cr=0&dr=3&cd=0%7C0%7C0%7C0&br=1788&bt=1788&cs=0&ds=4&ft=J9ThAGkHH_Myq8Z-RkC_e2NvjTQ&mime_type=video_mp4&qs=0&rc=NXZpTGRTaFBnKWxncmd5aHFsc3IxZGZpOzQ3ZGY3NzdkNmRoOWRlQGkzcGxnNm86ajk8MzM0NjMzQFNsa3ZpcUQ6amtqXmJmK2BeaWpgYTojYC42Yy8xNDYvMS1gNDUzMmEjcTY0ZmFhL2VgYS0tZDBhc3M%3D&btag=80000200010000&dy_q=1786415821&feature_id=d6a18d7c5414b1f1e95a75faf9147845&l=20260811103700E54EA91182BABA3C8A2D&ply_type=3&policy=eyJ2bSI6MywidWlkIjoiMzEyOTY1MDYwMzg4ODE4NSJ9,未使用,审核不通过,--,0,--,0,0,0,0,0,0,0,0,0,0,0,0,0,0,0
"	7662989769204056110",0714瑞晨引流修改-8.mp4,https://video-cn.oceanengine.com/4fc5098df48b15c937ebd634ab9095e7/6a7d2dd6/tos-cn-ve-51/oIZQphaqEIzwW0nyHIadAYtQbGWzgEl2uFpAo?a=1402&ch=0&cr=0&dr=3&cd=0%7C0%7C0%7C0&br=3523&bt=3523&cs=0&ds=4&ft=J9ThAGkHH_Myq8Z-RkC_e2NvjTQ&mime_type=video_mp4&qs=0&rc=NXZpTGRTaFBnKWxncmd5aHFsc3IxZGZkaDtnNjg4NGU1NTllaGVoQGkzcHh2ZG86aDk8MzM0NjMzQFNsa3ZpcUQ6amtqXmJmK2BeaWpgYTojL2BgNGFfMDZgMTMwMy01YWEjbWZwMGFhbmVgYS0tZDAvc3M%3D&btag=80000200008000&dy_q=1786415821&feature_id=d6a18d7c5414b1f1e95a75faf9147845&l=20260811103700E54EA91182BABA3C8A2D&ply_type=3&policy=eyJ2bSI6MywidWlkIjoiMzEyOTY1MDYwMzg4ODE4NSJ9,未使用,审核不通过,--,0,--,0,0,0,0,0,0,0,0,0,0,0,0,0,0,0
"	7662989766527631387",0714瑞晨引流修改-7.mp4,https://video-cn.oceanengine.com/d614dbb77e883814c1519ed4c4e4f879/6a7d2dd6/tos-cn-ve-51/owEgA6r0oAQWnQnzauhWltWYaQdIuNCI2Zacx?a=1402&ch=0&cr=0&dr=3&cd=0%7C0%7C0%7C0&cv=1&br=2256&bt=2256&cs=0&ds=3&ft=J9ThAGkHH_Myq8Z-RkC_e2NvjTQ&mime_type=video_mp4&qs=0&rc=NXZpTGRTaFBnKWxncmd5aHFsc3IxZGZmZGRpNDQ0Zmg2Ozo0Ozk8QGkzcDU6Om86aDk8MzM0NjMzQFNsa3ZpcUQ6amtqXmJmK2BeaWpgYTojNmEtLTU0YV82MS8xMy9jMmEjcXEvX2FhbmVgYS0tZDAvc3M%3D&btag=80000e00008000&dy_q=1786415821&feature_id=d6a18d7c5414b1f1e95a75faf9147845&l=20260811103700E54EA91182BABA3C8A2D&ply_type=3&policy=eyJ2bSI6MywidWlkIjoiMzEyOTY1MDYwMzg4ODE4NSJ9,已使用,审核通过,--,24,--,0,0,0,0,0,0,0,0,0,0,0,0,0,0,0
"	7662989743489138715",0715瑞晨引流修改-5.mp4,https://video-cn.oceanengine.com/b6b17c92cd5adfc70b7d67a2441b17b7/6a7d2ddc/tos-cn-ve-51/oQjRQmuBdaATe4F3xDtcgm1gCBHQDAALIMolw7?a=1402&ch=0&cr=0&dr=3&cd=0%7C0%7C0%7C0&br=1485&bt=1485&cs=0&ds=4&ft=J9ThAGkHH_Myq8Z-RkC_e2NvjTQ&mime_type=video_mp4&qs=0&rc=NXZpTGRTaFBnKWxncmd5aHFsc3IxZGY4ZTM3aGY6Nzw8PGkzOjQ0QGlqNHJpaG86aDk8MzM0NjMzQFNsa3ZpcUQ6amtqXmJmK2BeaWpgYTojXjBgNmAzYjZeMTMvYzA0XmEjbzQtLWFhbmVgYS0tZDBhc3M%3D&btag=80000200010000&dy_q=1786415821&feature_id=d6a18d7c5414b1f1e95a75faf9147845&l=20260811103700E54EA91182BABA3C8A2D&ply_type=3&policy=eyJ2bSI6MywidWlkIjoiMzEyOTY1MDYwMzg4ODE4NSJ9,未使用,审核不通过,--,0,--,0,0,0,0,0,0,0,0,0,0,0,0,0,0,0
"	7662989656637423654",0715瑞晨引流修改-4.mp4,https://video-cn.oceanengine.com/bf9ed312e5fbabff2e01234e0f390963/6a7d2dd6/tos-cn-ve-51/owalYIVHaS1ChhTPCUBAQd2TzuyoW0AItQodE?a=1402&ch=0&cr=0&dr=3&cd=0%7C0%7C0%7C0&cv=1&br=2001&bt=2001&cs=0&ds=3&ft=J9ThAGkHH_Myq8Z-RkC_e2NvjTQ&mime_type=video_mp4&qs=0&rc=NXZpTGRTaFBnKWxncmd5aHFsc3IxZGY1Njo6NTk0OTg4NjxmOjQ5QGkzbzkzO286aDk8MzM0NjMzQFNsa3ZpcUQ6amtqXmJmK2BeaWpgYTojM2MuNTIvMTUyMTRiLjQvMmEjNjBkbWFhbmVgYS0tZDBhc3M%3D&btag=80000e00008000&dy_q=1786415821&feature_id=d6a18d7c5414b1f1e95a75faf9147845&l=20260811103700E54EA91182BABA3C8A2D&ply_type=3&policy=eyJ2bSI6MywidWlkIjoiMzEyOTY1MDYwMzg4ODE4NSJ9,已使用,审核通过,--,9,--,0,0,0,0,0,0,0,0,0,0,0,0,0,0,0
"	7662705484970426419",0715-引导-小敏-2.mp4,https://video-cn.oceanengine.com/21698eaf0bc51ce1e58c49c65f79fdc0/6a7d2de4/tos-cn-ve-51/oEpsUBEfwQq3AeAaIohGCg3XCG0sbrPt0Cnfjj?a=1402&ch=0&cr=0&dr=3&cd=0%7C0%7C0%7C0&br=883&bt=883&cs=0&ds=4&ft=J9ThAGkHH_Myq8Z-RkC_e2NvjTQ&mime_type=video_mp4&qs=0&rc=NXZpTGRTaFBnKWxncmd5aHFsc3IxZGZpZzU5ZzZnZTg7ZjQ5aDpnQGkzaXV4Om86NnA8MzM0NjMzQFNsa3ZpcUQ6amtqXmJmK2BeaWpgYTojMDJjNmAzYTUwMTYxXjY0MmEjLmJzc2FhXmBfYS0tZDAwc3M%3D&btag=80000200010000&dy_q=1786415821&feature_id=d6a18d7c5414b1f1e95a75faf9147845&l=20260811103700E54EA91182BABA3C8A2D&ply_type=3&policy=eyJ2bSI6MywidWlkIjoiMzEyOTY1MDYwMzg4ODE4NSJ9,未使用,审核不通过,--,0,--,0,0,0,0,0,0,0,0,0,0,0,0,0,0,0
"	7662705482650484745",0715-引流-魏怡-7.mp4,https://video-cn.oceanengine.com/36325e3350e7efd8fcadc0ed4ac590d1/6a7d2dde/tos-cn-ve-51/oQXRArqgeIUL1JewtajCbQIRGfnJ0sGFAtBOFQ?a=1402&ch=0&cr=0&dr=3&cd=0%7C0%7C0%7C0&br=2721&bt=2721&cs=0&ds=4&ft=J9ThAGkHH_Myq8Z-RkC_e2NvjTQ&mime_type=video_mp4&qs=0&rc=NXZpTGRTaFBnKWxncmd5aHFsc3IxZGZoM2VpZTM6OmlkZ2gzOjVlQGlqbTg0aW86NHA8MzM0NjMzQFNsa3ZpcUQ6amtqXmJmK2BeaWpgYTojYy8yM18wMDU0MS0wLjYtLWEjZ3IvbmFhL2BfYS0tZDBhc3M%3D&btag=80000e00010000&dy_q=1786415821&feature_id=d6a18d7c5414b1f1e95a75faf9147845&l=20260811103700E54EA91182BABA3C8A2D&ply_type=3&policy=eyJ2bSI6MywidWlkIjoiMzEyOTY1MDYwMzg4ODE4NSJ9,未使用,审核通过,--,3,--,0,0,0,0,0,0,0,0,0,0,0,0,0,0,0
"	7662705450980376585",0715-引流-魏怡-6.mp4,https://video-cn.oceanengine.com/07e4365cbcdc4476af88d06bae5de1dc/6a7d2dde/tos-cn-ve-51/og4XmdRDxlVQdwdtEsaWzXIBIQqFQ20JpAEAM?a=1402&ch=0&cr=0&dr=3&cd=0%7C0%7C0%7C0&br=2642&bt=2642&cs=0&ds=4&ft=J9ThAGkHH_Myq8Z-RkC_e2NvjTQ&mime_type=video_mp4&qs=0&rc=NXZpTGRTaFBnKWxncmd5aHFsc3IxZGZnMzw0MzZpZjk8ZGVlOzU7QGkzdzM4ZG86NHA8MzM0NjMzQFNsa3ZpcUQ6amtqXmJmK2BeaWpgYTojLS00MTVgNTVfMV5iNF80XmEjbmxjb2FhL2BfYS0tZDAwc3M%3D&btag=80000e00010000&dy_q=1786415821&feature_id=d6a18d7c5414b1f1e95a75faf9147845&l=20260811103700E54EA91182BABA3C8A2D&ply_type=3&policy=eyJ2bSI6MywidWlkIjoiMzEyOTY1MDYwMzg4ODE4NSJ9,未使用,审核通过,--,2,--,0,0,0,0,0,0,0,0,0,0,0,0,0,0,0
"	7662705442624749578", 0715-引导-小敏-6.mp4,https://video-cn.oceanengine.com/f2274d92dffd4ce6f634e43a7991a3eb/6a7d2de1/tos-cn-ve-51/o4WQ7ElnUBDEAQWcd0KIKX2dIzAatTmA5wu9h?a=1402&ch=0&cr=0&dr=3&cd=0%7C0%7C0%7C0&br=1792&bt=1792&cs=0&ds=4&ft=J9ThAGkHH_Myq8Z-RkC_e2NvjTQ&mime_type=video_mp4&qs=0&rc=NXZpTGRTaFBnKWxncmd5aHFsc3IxZGY4M2g8aDllN2loOmVmNDNlQGlqdTZnOm86NnA8MzM0NjMzQFNsa3ZpcUQ6amtqXmJmK2BeaWpgYTojNGM2NDU1XjYvMV81LzUtNmEjcjZqMmFhXmBfYS0tZDBhc3M%3D&btag=80000200010000&dy_q=1786415821&feature_id=d6a18d7c5414b1f1e95a75faf9147845&l=20260811103700E54EA91182BABA3C8A2D&ply_type=3&policy=eyJ2bSI6MywidWlkIjoiMzEyOTY1MDYwMzg4ODE4NSJ9,未使用,审核不通过,--,0,--,0,0,0,0,0,0,0,0,0,0,0,0,0,0,0
"	7662705440946290738",0715-引导-小敏-3.mp4,https://video-cn.oceanengine.com/9ae523ddff4fab70d0cc45768dc9aa27/6a7d2de4/tos-cn-ve-51/ooEKRT7EIgQ1G3KoWptmXipJfjM1dBALaA7mQB?a=1402&ch=0&cr=0&dr=3&cd=0%7C0%7C0%7C0&br=1440&bt=1440&cs=0&ds=4&ft=J9ThAGkHH_Myq8Z-RkC_e2NvjTQ&mime_type=video_mp4&qs=0&rc=NXZpTGRTaFBnKWxncmd5aHFsc3IxZGY1NTs0NjMzOGkzNTRkaGU0QGlqO2R0M286NnA8MzM0NjMzQFNsa3ZpcUQ6amtqXmJmK2BeaWpgYTojYGJhLi1iLl4wMTRiXmBiLWEjczZvZmFhXmBfYS0tZDBhc3M%3D&btag=80000200010000&dy_q=1786415821&feature_id=d6a18d7c5414b1f1e95a75faf9147845&l=20260811103700E54EA91182BABA3C8A2D&ply_type=3&policy=eyJ2bSI6MywidWlkIjoiMzEyOTY1MDYwMzg4ODE4NSJ9,未使用,审核不通过,--,0,--,0,0,0,0,0,0,0,0,0,0,0,0,0,0,0
"	7662705419853398042",0715-引导-小敏-5.mp4,https://video-cn.oceanengine.com/81c99b3a3fb8f7dd9b9ea63eff828d1a/6a7d2de4/tos-cn-ve-51/oMonlUmNCLjAWXpElIgQaAIzQGCEIDItd0Pyd?a=1402&ch=0&cr=0&dr=3&cd=0%7C0%7C0%7C0&br=1433&bt=1433&cs=0&ds=4&ft=J9ThAGkHH_Myq8Z-RkC_e2NvjTQ&mime_type=video_mp4&qs=0&rc=NXZpTGRTaFBnKWxncmd5aHFsc3IxZGY4OGloZDM4ZTQ3NjU3PDRoQGkzaXBrO286NnA8MzM0NjMzQFNsa3ZpcUQ6amtqXmJmK2BeaWpgYTojNS4zYC8vLjU0MTFeLzBfYGEjLmJoZWFhXmBfYS0tZDAvc3M%3D&btag=80000e00010000&dy_q=1786415821&feature_id=d6a18d7c5414b1f1e95a75faf9147845&l=20260811103700E54EA91182BABA3C8A2D&ply_type=3&policy=eyJ2bSI6MywidWlkIjoiMzEyOTY1MDYwMzg4ODE4NSJ9,未使用,审核通过,首发,2,--,0,0,0,0,0,0,0,0,0,0,0,0,0,0,0
"	7662705385929408538",0715-引流-魏怡-2.mp4,https://video-cn.oceanengine.com/4d0f7c5f2b8cffd66a25d00c2ca1b922/6a7d2df6/tos-cn-ve-51/o81vxNiEIBiVHQ2eYRNTDziAuYIE2gyegHAKaq?a=1402&ch=0&cr=0&dr=3&cd=0%7C0%7C0%7C0&br=1070&bt=1070&cs=0&ds=4&ft=J9ThAGkHH_Myq8Z-RkC_e2NvjTQ&mime_type=video_mp4&qs=0&rc=NXZpTGRTaFBnKWxncmd5aHFsc3IxZGY4N2kzNmhkNGU3OzhmaTs2QGkzc2l5O286NHA8MzM0NjMzQFNsa3ZpcUQ6amtqXmJmK2BeaWpgYTojXjEuMjFiMTUwMV4vLjRiMGEjLi9sZGFhL2BfYS0tZDBhc3M%3D&btag=80000200018000&dy_q=1786415821&feature_id=d6a18d7c5414b1f1e95a75faf9147845&l=20260811103700E54EA91182BABA3C8A2D&ply_type=3&policy=eyJ2bSI6MywidWlkIjoiMzEyOTY1MDYwMzg4ODE4NSJ9,未使用,审核不通过,--,0,--,0,0,0,0,0,0,0,0,0,0,0,0,0,0,0
"	7662705380100997146",0715-引流-魏怡-5.mp4,https://video-cn.oceanengine.com/1de3ab2aec2e214649cf0e529249edea/6a7d2ddb/tos-cn-ve-51/oA1jDlQAQkuIXAEdrQUaW1QzBmA7IRbdZtEqT?a=1402&ch=0&cr=0&dr=3&cd=0%7C0%7C0%7C0&br=1886&bt=1886&cs=0&ds=3&ft=J9ThAGkHH_Myq8Z-RkC_e2NvjTQ&mime_type=video_mp4&qs=0&rc=NXZpTGRTaFBnKWxncmd5aHFsc3IxZGY1NzVmZjUzZDo3aWU1NGZlQGlqdWZkaG86NHA8MzM0NjMzQFNsa3ZpcUQ6amtqXmJmK2BeaWpgYTojYmNiNmE1MDUxMTUtYF9fMGEjbi1pNWFhL2BfYS0tZDBhc3M%3D&btag=80000e00008000&dy_q=1786415821&feature_id=d6a18d7c5414b1f1e95a75faf9147845&l=20260811103700E54EA91182BABA3C8A2D&ply_type=3&policy=eyJ2bSI6MywidWlkIjoiMzEyOTY1MDYwMzg4ODE4NSJ9,未使用,审核通过,--,2,--,0,0,0,0,0,0,0,0,0,0,0,0,0,0,0
"	7662705376481017882",0715-引导-小敏-1.mp4,https://video-cn.oceanengine.com/6dcaf06ca310ff5a4ff058c97ef12603/6a7d2dec/tos-cn-ve-51/3f0a152d3ab940698ca4d0c2c17194da?a=1402&ch=0&cr=0&dr=3&cd=0%7C0%7C0%7C0&br=673&bt=673&cs=0&ds=4&ft=J9ThAGkHH_Myq8Z-RkC_e2NvjTQ&mime_type=video_mp4&qs=0&rc=NXZpTGRTaFBnKWxncmd5aHFsc3IxZGY2ZWY0aWQ8O2RoOGRmaDgzQGlqc3Y1aG86NnA8MzM0NjMzQFNsa3ZpcUQ6amtqXmJmK2BeaWpgYTojMy8tMzEtMzZgMWNfXmBhLWEjNDVob2FhXmBfYS0tZDAwc3M%3D&btag=80000200018000&dy_q=1786415821&feature_id=d6a18d7c5414b1f1e95a75faf9147845&l=20260811103700E54EA91182BABA3C8A2D&ply_type=3&policy=eyJ2bSI6MywidWlkIjoiMzEyOTY1MDYwMzg4ODE4NSJ9,未使用,审核不通过,--,0,--,0,0,0,0,0,0,0,0,0,0,0,0,0,0,0
"	7662705373485203483",0715-引流-魏怡-3.mp4,https://video-cn.oceanengine.com/d1921c26b0089bd683faec19d7ccf34c/6a7d2ded/tos-cn-ve-51/owBAdzEPjmQPnEIlSAIGdXST0QskaBRpwtGrW?a=1402&ch=0&cr=0&dr=3&cd=0%7C0%7C0%7C0&br=1604&bt=1604&cs=0&ds=4&ft=J9ThAGkHH_Myq8Z-RkC_e2NvjTQ&mime_type=video_mp4&qs=0&rc=NXZpTGRTaFBnKWxncmd5aHFsc3IxZGY4ZDk4Z2czOTdpNDc3NTM4QGkzOms2ZW86NHA8MzM0NjMzQFNsa3ZpcUQ6amtqXmJmK2BeaWpgYTojM15jYDUzLl80MV41NDBeLmEjNjRyZmFhL2BfYS0tZDAwc3M%3D&btag=80000200018000&dy_q=1786415821&feature_id=d6a18d7c5414b1f1e95a75faf9147845&l=20260811103700E54EA91182BABA3C8A2D&ply_type=3&policy=eyJ2bSI6MywidWlkIjoiMzEyOTY1MDYwMzg4ODE4NSJ9,未使用,审核不通过,--,0,--,0,0,0,0,0,0,0,0,0,0,0,0,0,0,0
"	7662705357816004634",0715-引导-小敏-4.mp4,https://video-cn.oceanengine.com/62e15f9d4c56056e85c048ce81b3658d/6a7d2ddb/tos-cn-ve-51/oEKQqXE5DdFwmGIQtgC0Jd9lIpWAIFCMQaAUz?a=1402&ch=0&cr=0&dr=3&cd=0%7C0%7C0%7C0&br=1276&bt=1276&cs=0&ds=4&ft=J9ThAGkHH_Myq8Z-RkC_e2NvjTQ&mime_type=video_mp4&qs=0&rc=NXZpTGRTaFBnKWxncmd5aHFsc3IxZGY2OWQ5NGk0aTU1aTs0OTVpQGkzczMzPG86NnA8MzM0NjMzQFNsa3ZpcUQ6amtqXmJmK2BeaWpgYTojXjA1Ml5iXl5eMWAwMF80Y2EjNV9oMmFhXmBfYS0tZDAwc3M%3D&btag=80000200008000&dy_q=1786415821&feature_id=d6a18d7c5414b1f1e95a75faf9147845&l=20260811103700E54EA91182BABA3C8A2D&ply_type=3&policy=eyJ2bSI6MywidWlkIjoiMzEyOTY1MDYwMzg4ODE4NSJ9,未使用,审核不通过,--,0,--,0,0,0,0,0,0,0,0,0,0,0,0,0,0,0
"	7662705346276360202",0715-引流-魏怡-10.mp4,https://video-cn.oceanengine.com/480265c1f54d3a87a7841c981934d970/6a7d2de4/tos-cn-ve-51/oMwGsQzlIuwEmZAdANXQIEOsDnEZFBWjUrtda?a=1402&ch=0&cr=0&dr=3&cd=0%7C0%7C0%7C0&br=1319&bt=1319&cs=0&ds=3&ft=J9ThAGkHH_Myq8Z-RkC_e2NvjTQ&mime_type=video_mp4&qs=0&rc=NXZpTGRTaFBnKWxncmd5aHFsc3IxZGY0NmVnODVoNDZpNzVkNmlnQGkzOGw5ZW86NHA8MzM0NjMzQFNsa3ZpcUQ6amtqXmJmK2BeaWpgYTojLWMzLjA0YzY0MTA0Ll8tY2EjanBhXmFhL2BfYS0tZDAwc3M%3D&btag=80000e00010000&dy_q=1786415821&feature_id=d6a18d7c5414b1f1e95a75faf9147845&l=20260811103700E54EA91182BABA3C8A2D&ply_type=3&policy=eyJ2bSI6MywidWlkIjoiMzEyOTY1MDYwMzg4ODE4NSJ9,未使用,审核通过,--,2,--,0,0,0,0,0,0,0,0,0,0,0,0,0,0,0
"	7662705344263782427",0715-引流-魏怡-4.mp4,https://video-cn.oceanengine.com/aa99492a5ca13d621fceed38c1e988d1/6a7d2ddd/tos-cn-ve-51/okuWWGjDNIGAGCORfaQgCQ1qjfIa2AE2BgNYzV?a=1402&ch=0&cr=0&dr=3&cd=0%7C0%7C0%7C0&br=1590&bt=1590&cs=0&ds=3&ft=J9ThAGkHH_Myq8Z-RkC_e2NvjTQ&mime_type=video_mp4&qs=0&rc=NXZpTGRTaFBnKWxncmd5aHFsc3IxZGY3Ojs7PGdnZTQ3ZWg2aDNnQGkzZTNqaW86NHA8MzM0NjMzQFNsa3ZpcUQ6amtqXmJmK2BeaWpgYTojYTEuM2EvMV5gMWM2MF5iNWEjL2o2ZWFhL2BfYS0tZDAvc3M%3D&btag=80000e00010000&dy_q=1786415821&feature_id=d6a18d7c5414b1f1e95a75faf9147845&l=20260811103700E54EA91182BABA3C8A2D&ply_type=3&policy=eyJ2bSI6MywidWlkIjoiMzEyOTY1MDYwMzg4ODE4NSJ9,未使用,审核通过,--,5,--,0,0,0,0,0,0,0,0,0,0,0,0,0,0,0
"	7662705335255351334",0715-引流-魏怡-1.mp4,https://video-cn.oceanengine.com/dfd6768229b28f05fff8d43a9bb64f91/6a7d2dea/tos-cn-ve-51/o415hkvoCAvQ7AtmFATIJY7gKKB1QaISeMTa7Q?a=1402&ch=0&cr=0&dr=3&cd=0%7C0%7C0%7C0&br=1535&bt=1535&cs=0&ds=4&ft=J9ThAGkHH_Myq8Z-RkC_e2NvjTQ&mime_type=video_mp4&qs=0&rc=NXZpTGRTaFBnKWxncmd5aHFsc3IxZGY8Omc7aDlnZTs8ODxlZzRpQGkzcWQ0NW86NHA8MzM0NjMzQFNsa3ZpcUQ6amtqXmJmK2BeaWpgYTojLzJiY180Y15iMWEvNDVeL2EjaGc0bmFhL2BfYS0tZDAvc3M%3D&btag=80000e00010000&dy_q=1786415821&feature_id=d6a18d7c5414b1f1e95a75faf9147845&l=20260811103700E54EA91182BABA3C8A2D&ply_type=3&policy=eyJ2bSI6MywidWlkIjoiMzEyOTY1MDYwMzg4ODE4NSJ9,未使用,审核通过,--,2,--,0,0,0,0,0,0,0,0,0,0,0,0,0,0,0
"	7662705320095973427",0715-引流-魏怡-8.mp4,https://video-cn.oceanengine.com/5abaef6953f01c7d01567a42f328c35a/6a7d2de4/tos-cn-ve-51/o81fP2qgYI5VEaMDBNdRqI3yfSPABNgtuqQ2AA?a=1402&ch=0&cr=0&dr=3&cd=0%7C0%7C0%7C0&br=2665&bt=2665&cs=0&ds=4&ft=J9ThAGkHH_Myq8Z-RkC_e2NvjTQ&mime_type=video_mp4&qs=0&rc=NXZpTGRTaFBnKWxncmd5aHFsc3IxZGY2OjtnNTs1Z2U5PGU8NmZpQGkzM2pxZG86NHA8MzM0NjMzQFNsa3ZpcUQ6amtqXmJmK2BeaWpgYTojYzBjLzYyNjZjMTA2YTEtMWEjZGZwaWFhL2BfYS0tZDBhc3M%3D&btag=80000e00010000&dy_q=1786415821&feature_id=d6a18d7c5414b1f1e95a75faf9147845&l=20260811103700E54EA91182BABA3C8A2D&ply_type=3&policy=eyJ2bSI6MywidWlkIjoiMzEyOTY1MDYwMzg4ODE4NSJ9,未使用,审核通过,--,1,--,0,0,0,0,0,0,0,0,0,0,0,0,0,0,0
"	7662705291852939314",0715-引流-魏怡-9.mp4,https://video-cn.oceanengine.com/293df67d804cb7cf8c7db7157ff05b1a/6a7d2de5/tos-cn-ve-51/oEILElztnXjlGAjI4aBEdzg4J1EBQm4WA7ZdQ?a=1402&ch=0&cr=0&dr=3&cd=0%7C0%7C0%7C0&br=1521&bt=1521&cs=0&ds=3&ft=J9ThAGkHH_Myq8Z-RkC_e2NvjTQ&mime_type=video_mp4&qs=0&rc=NXZpTGRTaFBnKWxncmd5aHFsc3IxZGY0ZmVlPGY2ZWg1ZWk1ODg4QGlqOXFmNm86NHA8MzM0NjMzQFNsa3ZpcUQ6amtqXmJmK2BeaWpgYTojYS9hMGEzNTUvMS4vYTFgNmEjMmpycGFhL2BfYS0tZDAvc3M%3D&btag=80000e00010000&dy_q=1786415821&feature_id=d6a18d7c5414b1f1e95a75faf9147845&l=20260811103700E54EA91182BABA3C8A2D&ply_type=3&policy=eyJ2bSI6MywidWlkIjoiMzEyOTY1MDYwMzg4ODE4NSJ9,未使用,审核通过,--,3,--,0,0,0,0,0,0,0,0,0,0,0,0,0,0,0
"	7662638692850843694",0714-引流-魏怡-3.mp4,https://video-cn.oceanengine.com/6f11c99fed37e3f13b8fef8eb4a81add/6a7d2dfa/tos-cn-ve-51/oU5ShtaJmBgVVE7qhX7I5SAARQ4Q7WFJK1I2fB?a=1402&ch=0&cr=0&dr=3&cd=0%7C0%7C0%7C0&br=1073&bt=1073&cs=0&ds=4&ft=J9ThAGkHH_Myq8Z-RkC_e2NvjTQ&mime_type=video_mp4&qs=0&rc=NXZpTGRTaFBnKWxncmd5aHFsc3IxZGY3Njc1Njc7NjNpNGk1ZGQ5QGkzeW1xZW86b2w8MzM0NjMzQFNsa3ZpcUQ6amtqXmJmK2BeaWpgYTojNDAwM2NjMl4wMTJfXjIyM2Ejb2wxMWFhL2ZfYS0tZDAwc3M%3D&btag=80000200020000&dy_q=1786415821&feature_id=d6a18d7c5414b1f1e95a75faf9147845&l=20260811103700E54EA91182BABA3C8A2D&ply_type=3&policy=eyJ2bSI6MywidWlkIjoiMzEyOTY1MDYwMzg4ODE4NSJ9,未使用,审核不通过,--,0,--,0,0,0,0,0,0,0,0,0,0,0,0,0,0,0
"	7662638665802072114",0714-引流-魏怡-2.mp4,https://video-cn.oceanengine.com/9010b66ded0fba86cb4be0eab7a20704/6a7d2dea/tos-cn-ve-51/owA9EQcLEVztIAACIEQapIJLSlXYLdWh2wsjj?a=1402&ch=0&cr=0&dr=3&cd=0%7C0%7C0%7C0&br=1341&bt=1341&cs=0&ds=4&ft=J9ThAGkHH_Myq8Z-RkC_e2NvjTQ&mime_type=video_mp4&qs=0&rc=NXZpTGRTaFBnKWxncmd5aHFsc3IxZGZoaDY8N2hoZDQzNTw8aGdkQGkzZm5sNG86b2w8MzM0NjMzQFNsa3ZpcUQ6amtqXmJmK2BeaWpgYTojXzBiX2IyLl9gMV8zM2M1MGEjNmtzZWFhL2ZfYS0tZDAwc3M%3D&btag=80000200018000&dy_q=1786415821&feature_id=d6a18d7c5414b1f1e95a75faf9147845&l=20260811103700E54EA91182BABA3C8A2D&ply_type=3&policy=eyJ2bSI6MywidWlkIjoiMzEyOTY1MDYwMzg4ODE4NSJ9,未使用,审核不通过,--,0,--,0,0,0,0,0,0,0,0,0,0,0,0,0,0,0
"	7662638658180579337",0714-引流-魏怡-6.mp4,https://video-cn.oceanengine.com/a1cb4f09d0440429699079ab8ee6eee5/6a7d2de4/tos-cn-ve-51/oAIAAZEaA0zglIdX2nkvpEgt2QWwVtrEcqQrY?a=1402&ch=0&cr=0&dr=3&cd=0%7C0%7C0%7C0&br=1373&bt=1373&cs=0&ds=4&ft=J9ThAGkHH_Myq8Z-RkC_e2NvjTQ&mime_type=video_mp4&qs=0&rc=NXZpTGRTaFBnKWxncmd5aHFsc3IxZGZnZGY6aDY0aTc0aDhmODZpQGlqcGxkZW86b2w8MzM0NjMzQFNsa3ZpcUQ6amtqXmJmK2BeaWpgYTojLzUuXzIwYDYzMTFgYzRiX2Eja2lwbmFhL2ZfYS0tZDAvc3M%3D&btag=80000200010000&dy_q=1786415821&feature_id=d6a18d7c5414b1f1e95a75faf9147845&l=20260811103700E54EA91182BABA3C8A2D&ply_type=3&policy=eyJ2bSI6MywidWlkIjoiMzEyOTY1MDYwMzg4ODE4NSJ9,未使用,审核不通过,--,0,--,0,0,0,0,0,0,0,0,0,0,0,0,0,0,0
"	7662638649452281866",0714-引流-魏怡-4.mp4,https://video-cn.oceanengine.com/29cc79409a91a86a651db33a1edebfff/6a7d2e09/tos-cn-ve-51/oYEQATQEpAQWibMzaVcDltWXZTdI2ZJIpNiXg?a=1402&ch=0&cr=0&dr=3&cd=0%7C0%7C0%7C0&br=1252&bt=1252&cs=0&ds=4&ft=J9ThAGkHH_Myq8Z-RkC_e2NvjTQ&mime_type=video_mp4&qs=0&rc=NXZpTGRTaFBnKWxncmd5aHFsc3IxZGZnNTplNzs6OzY2Mzg5O2Y7QGlqPGk4NW86b2w8MzM0NjMzQFNsa3ZpcUQ6amtqXmJmK2BeaWpgYTojYy42L180MTU0MS0wYmNiNGEjNmFvX2FhL2ZfYS0tZDBhc3M%3D&btag=80000200028000&dy_q=1786415821&feature_id=d6a18d7c5414b1f1e95a75faf9147845&l=20260811103700E54EA91182BABA3C8A2D&ply_type=3&policy=eyJ2bSI6MywidWlkIjoiMzEyOTY1MDYwMzg4ODE4NSJ9,未使用,审核不通过,--,0,--,0,0,0,0,0,0,0,0,0,0,0,0,0,0,0
"	7662638623679479818",0714-引流-魏怡-1.mp4,https://video-cn.oceanengine.com/c36ecdec5d8f078266bd84150de0a1da/6a7d2dfc/tos-cn-ve-51/oAXfVJZDNE6A5C2RelIQVu1qtHHa2AUyBgPlRV?a=1402&ch=0&cr=0&dr=3&cd=0%7C0%7C0%7C0&br=1673&bt=1673&cs=0&ds=4&ft=J9ThAGkHH_Myq8Z-RkC_e2NvjTQ&mime_type=video_mp4&qs=0&rc=NXZpTGRTaFBnKWxncmd5aHFsc3IxZGZkO2c2NjgzOjk2OzkzNGg2QGlqb3dsaW86b2w8MzM0NjMzQFNsa3ZpcUQ6amtqXmJmK2BeaWpgYTojNS0zYS02XzYxMTMxNWI0X2EjMHJqYmFhL2ZfYS0tZDAvc3M%3D&btag=80000200020000&dy_q=1786415821&feature_id=d6a18d7c5414b1f1e95a75faf9147845&l=20260811103700E54EA91182BABA3C8A2D&ply_type=3&policy=eyJ2bSI6MywidWlkIjoiMzEyOTY1MDYwMzg4ODE4NSJ9,未使用,审核不通过,--,0,--,0,0,0,0,0,0,0,0,0,0,0,0,0,0,0
"	7662605341418520627",0715瑞晨引流-3.mp4,https://video-cn.oceanengine.com/07f6a16efca12b20f7ed48b0a3a54321/6a7d2df0/tos-cn-ve-51/oEaBA0DczACUIlOI8WkgXHQhiWLAwdQtxmQE5?a=1402&ch=0&cr=0&dr=3&cd=0%7C0%7C0%7C0&br=3349&bt=3349&cs=0&ds=4&ft=J9ThAGkHH_Myq8Z-RkC_e2NvjTQ&mime_type=video_mp4&qs=0&rc=NXZpTGRTaFBnKWxncmd5aHFsc3IxZGZkZGZkNDdkZTVmZGczZ2g3QGkzNmpoOW86NWo8MzM0NjMzQFNsa3ZpcUQ6amtqXmJmK2BeaWpgYTojMmIxYmEzMV9eMWIuYy80X2EjZS1iXmFhZmpfYS0tZDAvc3M%3D&btag=80000200018000&dy_q=1786415821&feature_id=d6a18d7c5414b1f1e95a75faf9147845&l=20260811103700E54EA91182BABA3C8A2D&ply_type=3&policy=eyJ2bSI6MywidWlkIjoiMzEyOTY1MDYwMzg4ODE4NSJ9,未使用,审核不通过,--,0,--,0,0,0,0,0,0,0,0,0,0,0,0,0,0,0
"	7662605290009985051",0715瑞晨引流-5.mp4,https://video-cn.oceanengine.com/7ce5559b2bf16fa0ac42f5dfb1c3fd19/6a7d2ddc/tos-cn-ve-51/oECXV5k7MTkzClKdcl9CShIKtQEaQWaLRAmAI?a=1402&ch=0&cr=0&dr=3&cd=0%7C0%7C0%7C0&br=1491&bt=1491&cs=0&ds=4&ft=J9ThAGkHH_Myq8Z-RkC_e2NvjTQ&mime_type=video_mp4&qs=0&rc=NXZpTGRTaFBnKWxncmd5aHFsc3IxZGY8ZjQ8Mzg6M2g0OztkaTQ5QGkzNGU8N286NWo8MzM0NjMzQFNsa3ZpcUQ6amtqXmJmK2BeaWpgYTojY2JeNjAtYTYyMTRiYjYyNWEjLmtfNmFhZmpfYS0tZDBhc3M%3D&btag=80000200010000&dy_q=1786415821&feature_id=d6a18d7c5414b1f1e95a75faf9147845&l=20260811103700E54EA91182BABA3C8A2D&ply_type=3&policy=eyJ2bSI6MywidWlkIjoiMzEyOTY1MDYwMzg4ODE4NSJ9,未使用,审核不通过,--,0,--,0,0,0,0,0,0,0,0,0,0,0,0,0,0,0
"	7662605228669845514",0715瑞晨引流-4.mp4,https://video-cn.oceanengine.com/1f045413952744afb2737e639a29fd32/6a7d2dd6/tos-cn-ve-51/o0m6BgFNABQIpgu1O4mt7WgKQAdIhIfunQaOBR?a=1402&ch=0&cr=0&dr=3&cd=0%7C0%7C0%7C0&br=3564&bt=3564&cs=0&ds=4&ft=J9ThAGkHH_Myq8Z-RkC_e2NvjTQ&mime_type=video_mp4&qs=0&rc=NXZpTGRTaFBnKWxncmd5aHFsc3IxZGZpN2U8aDZnO2k4Mzo0M2lpQGlqbnVlM286NWo8MzM0NjMzQFNsa3ZpcUQ6amtqXmJmK2BeaWpgYTojMy1iYzJfMDViMWMtX2A1MGEjZy1oaGFhZmpfYS0tZDBhc3M%3D&btag=80000200008000&dy_q=1786415821&feature_id=d6a18d7c5414b1f1e95a75faf9147845&l=20260811103700E54EA91182BABA3C8A2D&ply_type=3&policy=eyJ2bSI6MywidWlkIjoiMzEyOTY1MDYwMzg4ODE4NSJ9,未使用,审核不通过,--,0,--,0,0,0,0,0,0,0,0,0,0,0,0,0,0,0
"	7662604418197995571",0714-瑞晨引导-2.mp4,https://video-cn.oceanengine.com/bc7dbc882bd27138b2fd7fe28d200a93/6a7d2ddc/tos-cn-ve-51/oEcBAQ4CIdwXPpLW0NKWmALEzQaCIQytkhWli?a=1402&ch=0&cr=0&dr=3&cd=0%7C0%7C0%7C0&br=648&bt=648&cs=0&ds=3&ft=J9ThAGkHH_Myq8Z-RkC_e2NvjTQ&mime_type=video_mp4&qs=0&rc=NXZpTGRTaFBnKWxncmd5aHFsc3IxZGY6ZTU1M2k5ZmU5NWRpOGk3QGkzbDc1NW86ZWo8MzM0NjMzQFNsa3ZpcUQ6amtqXmJmK2BeaWpgYTojNDEzMy41NDZgMWNeMzE0NWEjX3NwX2FhZmhfYS0tZDAwc3M%3D&btag=80000e00010000&dy_q=1786415821&feature_id=d6a18d7c5414b1f1e95a75faf9147845&l=20260811103700E54EA91182BABA3C8A2D&ply_type=3&policy=eyJ2bSI6MywidWlkIjoiMzEyOTY1MDYwMzg4ODE4NSJ9,已使用,审核通过,--,8,--,0,0,0,0,0,0,0,0,0,0,0,0,0,0,0
"	7662604410175275035",0714-瑞晨引导-15.mp4,https://video-cn.oceanengine.com/2022edb77e4e05e397a5380d63522edb/6a7d2dda/tos-cn-ve-51/5a1c0936dc6e4905bea6172e2adccce2?a=1402&ch=0&cr=0&dr=3&cd=0%7C0%7C0%7C0&br=2979&bt=2979&cs=0&ds=4&ft=J9ThAGkHH_Myq8Z-RkC_e2NvjTQ&mime_type=video_mp4&qs=0&rc=NXZpTGRTaFBnKWxncmd5aHFsc3IxZGZoaTdpZDM0NTQ6Njc6ZmQ1QGkzam5saW86ZWo8MzM0NjMzQFNsa3ZpcUQ6amtqXmJmK2BeaWpgYTojYjFgNGEzXjZiMWNhYC0wYmEjbm5qYmFhZmhfYS0tZDAvc3M%3D&btag=80000200008000&dy_q=1786415821&feature_id=d6a18d7c5414b1f1e95a75faf9147845&l=20260811103700E54EA91182BABA3C8A2D&ply_type=3&policy=eyJ2bSI6MywidWlkIjoiMzEyOTY1MDYwMzg4ODE4NSJ9,未使用,审核不通过,--,0,--,0,0,0,0,0,0,0,0,0,0,0,0,0,0,0
"	7662604396665045043",0714-瑞晨引导-7.mp4,https://video-cn.oceanengine.com/05638cb2dde49f611998cdae38a724a3/6a7d2dd6/tos-cn-ve-51/ogZzLMCITWadEQtcLr1n6Nq3aIHAXkaWQAElK?a=1402&ch=0&cr=0&dr=3&cd=0%7C0%7C0%7C0&br=3758&bt=3758&cs=0&ds=4&ft=J9ThAGkHH_Myq8Z-RkC_e2NvjTQ&mime_type=video_mp4&qs=0&rc=NXZpTGRTaFBnKWxncmd5aHFsc3IxZGYzN2c0ZDs0OzlpNWQ5ZDY8QGlqNXk2ZG86ZWo8MzM0NjMzQFNsa3ZpcUQ6amtqXmJmK2BeaWpgYTojMDU2MTIyXl4xMWFhXzUyNGEjaWhiM2FhZmhfYS0tZDBhc3M%3D&btag=80000200008000&dy_q=1786415821&feature_id=d6a18d7c5414b1f1e95a75faf9147845&l=20260811103700E54EA91182BABA3C8A2D&ply_type=3&policy=eyJ2bSI6MywidWlkIjoiMzEyOTY1MDYwMzg4ODE4NSJ9,未使用,审核不通过,--,0,--,0,0,0,0,0,0,0,0,0,0,0,0,0,0,0
"	7662604342744006666",0714-瑞晨引导-13.mp4,https://video-cn.oceanengine.com/06ecfbec1bf634eeac844c9e34c8c0fa/6a7d2dd7/tos-cn-ve-51/ooCVNQuI13fowBFyg2RMArgpearaEqADzccNUu?a=1402&ch=0&cr=0&dr=3&cd=0%7C0%7C0%7C0&br=1823&bt=1823&cs=0&ds=3&ft=J9ThAGkHH_Myq8Z-RkC_e2NvjTQ&mime_type=video_mp4&qs=0&rc=NXZpTGRTaFBnKWxncmd5aHFsc3IxZGY6OTc6Z2VnNTdoNDVnNjllQGkzc3FnOm86ZWo8MzM0NjMzQFNsa3ZpcUQ6amtqXmJmK2BeaWpgYTojYGFeLjA0YV8uMWFjNS0wL2EjNHJpMmFhZmhfYS0tZDBhc3M%3D&btag=80000e00008000&dy_q=1786415821&feature_id=d6a18d7c5414b1f1e95a75faf9147845&l=20260811103700E54EA91182BABA3C8A2D&ply_type=3&policy=eyJ2bSI6MywidWlkIjoiMzEyOTY1MDYwMzg4ODE4NSJ9,已使用,审核通过,--,5,--,0,0,0,0,0,0,0,0,0,0,0,0,0,0,0
"	7662604313426214958",0714-瑞晨引导-12.mp4,https://video-cn.oceanengine.com/3eb0dc4673834173b6aa476f7cd8d417/6a7d2dd7/tos-cn-ve-51/ooQJLtClokSzlCEaKLc6uAgadW7ClIQAmIBXX?a=1402&ch=0&cr=0&dr=3&cd=0%7C0%7C0%7C0&br=1707&bt=1707&cs=0&ds=3&ft=J9ThAGkHH_Myq8Z-RkC_e2NvjTQ&mime_type=video_mp4&qs=0&rc=NXZpTGRTaFBnKWxncmd5aHFsc3IxZGZpMzc1Z2hnaDc5aWY2aTZoQGkzcWY5O286ZWo8MzM0NjMzQFNsa3ZpcUQ6amtqXmJmK2BeaWpgYTojNDUyLjYxXjYyMTAyYzU1NGEjazFrcWFhZmhfYS0tZDAvc3M%3D&btag=80000e00008000&dy_q=1786415821&feature_id=d6a18d7c5414b1f1e95a75faf9147845&l=20260811103700E54EA91182BABA3C8A2D&ply_type=3&policy=eyJ2bSI6MywidWlkIjoiMzEyOTY1MDYwMzg4ODE4NSJ9,已使用,审核通过,--,3,--,0,0,0,0,0,0,0,0,0,0,0,0,0,0,0
"	7662604298522837042",0714-瑞晨引导-1.mp4,https://video-cn.oceanengine.com/81ae0f04707584771c49b184001fb23d/6a7d2ddc/tos-cn-ve-51/oYNBoaA9KeuRhjVUUqbKAmCxGqIDEweJ1wRb2g?a=1402&ch=0&cr=0&dr=3&cd=0%7C0%7C0%7C0&br=346&bt=346&cs=0&ds=1&eid=29440&ft=J9ThAGkHH_Myq8Z-RkC_e2NvjTQ&mime_type=video_mp4&qs=0&rc=NXZpTGRTaFBnKWxncmd5aHFsc3IxZGY0O2gzZTszZDpkZTQ6NzQ0QGkzdW1tO286ZWo8MzM0NjMzQFNsa3ZpcUQ6amtqXmJmK2BeaWpgYTojLi4xLzRgNTYyMS00Ni5iMWEjZ3BsbmFhZmhfYS0tZDAvc3M%3D&btag=80000e00010000&dy_q=1786415821&feature_id=59cb2766d89ae6284516c6a254e9fb61&l=20260811103700E54EA91182BABA3C8A2D&ply_type=3&policy=eyJ2bSI6MywidWlkIjoiMzEyOTY1MDYwMzg4ODE4NSJ9,已使用,审核通过,--,4,--,0,0,0,0,0,0,0,0,0,0,0,0,0,0,0
"	7662604291624632370",0714-瑞晨引导-10.mp4,https://video-cn.oceanengine.com/e4b713221c00fa2b20ab5e0113b82760/6a7d2dde/tos-cn-ve-51/owtUpH01KAVtg8XQ7Ke4xmKAhJXoEaItB7IQIa?a=1402&ch=0&cr=0&dr=3&cd=0%7C0%7C0%7C0&br=3644&bt=3644&cs=0&ds=4&ft=J9ThAGkHH_Myq8Z-RkC_e2NvjTQ&mime_type=video_mp4&qs=0&rc=NXZpTGRTaFBnKWxncmd5aHFsc3IxZGZmNGU3NzNmNTlmZGg4N2ZnQGkzdjV5OG86ZWo8MzM0NjMzQFNsa3ZpcUQ6amtqXmJmK2BeaWpgYTojMzAwXzBjLl40MWI0YmA2MWEjMW9lYmFhbmhfYS0tZDAwc3M%3D&btag=80000200010000&dy_q=1786415821&feature_id=d6a18d7c5414b1f1e95a75faf9147845&l=20260811103700E54EA91182BABA3C8A2D&ply_type=3&policy=eyJ2bSI6MywidWlkIjoiMzEyOTY1MDYwMzg4ODE4NSJ9,未使用,审核不通过,--,0,--,0,0,0,0,0,0,0,0,0,0,0,0,0,0,0
"	7662604173449560073",0714-瑞晨引导-8.mp4,https://video-cn.oceanengine.com/fb2846be6b006825eb74fb00014e305c/6a7d2dd6/tos-cn-ve-51/198342b2ad184ef8a117a435a9714b0a?a=1402&ch=0&cr=0&dr=3&cd=0%7C0%7C0%7C0&br=3439&bt=3439&cs=0&ds=4&ft=J9ThAGkHH_Myq8Z-RkC_e2NvjTQ&mime_type=video_mp4&qs=0&rc=NXZpTGRTaFBnKWxncmd5aHFsc3IxZGY5OmU2M2ZoZTczaDY3MzY0QGlqaHM6ZW86ZWo8MzM0NjMzQFNsa3ZpcUQ6amtqXmJmK2BeaWpgYTojXjVfYTEtY180MWMuYWJfYWEjamFzZWFhZmhfYS0tZDAwc3M%3D&btag=80000200008000&dy_q=1786415821&feature_id=d6a18d7c5414b1f1e95a75faf9147845&l=20260811103700E54EA91182BABA3C8A2D&ply_type=3&policy=eyJ2bSI6MywidWlkIjoiMzEyOTY1MDYwMzg4ODE4NSJ9,未使用,审核不通过,--,0,--,0,0,0,0,0,0,0,0,0,0,0,0,0,0,0
"	7662602461531652123",0714-引导-雅迪-1.mp4,https://video-cn.oceanengine.com/fce0a38a8bd475dce2071b49669803b9/6a7d2ded/tos-cn-ve-51/oowlravE0cLldAYW0AtgIQIZrQTHXVJbzXbsI?a=1402&ch=0&cr=0&dr=3&cd=0%7C0%7C0%7C0&br=1850&bt=1850&cs=0&ds=4&ft=J9ThAGkHH_Myq8Z-RkC_e2NvjTQ&mime_type=video_mp4&qs=0&rc=NXZpTGRTaFBnKWxncmd5aHFsc3IxZGY4Omg1PGZlaTc3MzkzPGkzQGlqZnh0M286c2o8MzM0NjMzQFNsa3ZpcUQ6amtqXmJmK2BeaWpgYTojMV4wMGAwYTUyMWAxLzEwMmEjMmtuZmFhbmRfYS0tZDBhc3M%3D&btag=80000200018000&dy_q=1786415821&feature_id=d6a18d7c5414b1f1e95a75faf9147845&l=20260811103700E54EA91182BABA3C8A2D&ply_type=3&policy=eyJ2bSI6MywidWlkIjoiMzEyOTY1MDYwMzg4ODE4NSJ9,未使用,审核不通过,--,0,--,0,0,0,0,0,0,0,0,0,0,0,0,0,0,0
"	7662602460625453102",0714-引导-小敏-3.mp4,https://video-cn.oceanengine.com/ec5c44fab7ddc35586ccb4c49313608b/6a7d2de4/tos-cn-ve-51/oQYRg2LANhOgqAmRcLcVlwefTgI1DBahCQUAJV?a=1402&ch=0&cr=0&dr=3&cd=0%7C0%7C0%7C0&br=2095&bt=2095&cs=0&ds=4&ft=J9ThAGkHH_Myq8Z-RkC_e2NvjTQ&mime_type=video_mp4&qs=0&rc=NXZpTGRTaFBnKWxncmd5aHFsc3IxZGY1aWVoaWkzZmQ4NzhpOGc2QGlqcmg0NW86cmo8MzM0NjMzQFNsa3ZpcUQ6amtqXmJmK2BeaWpgYTojLy9hMTY0MF4vMS9gL2JiMGEjMF4zbmFhXmRfYS0tZDAvc3M%3D&btag=80000200010000&dy_q=1786415821&feature_id=d6a18d7c5414b1f1e95a75faf9147845&l=20260811103700E54EA91182BABA3C8A2D&ply_type=3&policy=eyJ2bSI6MywidWlkIjoiMzEyOTY1MDYwMzg4ODE4NSJ9,未使用,审核不通过,--,0,--,0,0,0,0,0,0,0,0,0,0,0,0,0,0,0
"	7662602433123483686",0714-引导-嘉丽-1.mp4,https://video-cn.oceanengine.com/4906d9e46ae223be839783ecee811e06/6a7d2dd7/tos-cn-ve-51/o8daEzldDItYIkttvaHOQUMCCIAXWETc2XIkA?a=1402&ch=0&cr=0&dr=3&cd=0%7C0%7C0%7C0&cv=1&br=356&bt=356&cs=0&ds=3&ft=J9ThAGkHH_Myq8Z-RkC_e2NvjTQ&mime_type=video_mp4&qs=0&rc=NXZpTGRTaFBnKWxncmd5aHFsc3IxZGZlaTM3ZWZoOjc8OjVlNzg7QGlqNztzZ286cmo8MzM0NjMzQFNsa3ZpcUQ6amtqXmJmK2BeaWpgYTojLy00NWJfMl4tMWNgLTViXmEjX2wta2FhZmRfYS0tZDBhc3M%3D&btag=80000e00008000&dy_q=1786415821&feature_id=d6a18d7c5414b1f1e95a75faf9147845&l=20260811103700E54EA91182BABA3C8A2D&ply_type=3&policy=eyJ2bSI6MywidWlkIjoiMzEyOTY1MDYwMzg4ODE4NSJ9,已使用,审核通过,--,13,--,0,0,0,0,0,0,0,0,0,0,0,0,0,0,0
"	7662602421063925806",0714-引导-小敏-1.mp4,https://video-cn.oceanengine.com/60e6a52ba62ec04baa8f0c36cfb72f3f/6a7d2dd9/tos-cn-ve-51/oAIdXkQzIcsE9iYVQgmd3WZkjFtanlABAWIDJ?a=1402&ch=0&cr=0&dr=3&cd=0%7C0%7C0%7C0&br=2194&bt=2194&cs=0&ds=4&ft=J9ThAGkHH_Myq8Z-RkC_e2NvjTQ&mime_type=video_mp4&qs=0&rc=NXZpTGRTaFBnKWxncmd5aHFsc3IxZGYzPGk6ZzM8ZTM7Z2c5ZmRlQGlqNjpzNW86cmo8MzM0NjMzQFNsa3ZpcUQ6amtqXmJmK2BeaWpgYTojYGIzLzNhNjZiMV4vMjEzLmEjYmNkXmFhZmRfYS0tZDAvc3M%3D&btag=80000200008000&dy_q=1786415821&feature_id=d6a18d7c5414b1f1e95a75faf9147845&l=20260811103700E54EA91182BABA3C8A2D&ply_type=3&policy=eyJ2bSI6MywidWlkIjoiMzEyOTY1MDYwMzg4ODE4NSJ9,未使用,审核不通过,--,0,--,0,0,0,0,0,0,0,0,0,0,0,0,0,0,0
"	7662602366266474522",0714-引导-雅迪-2.mp4,https://video-cn.oceanengine.com/530ec1b23557eca68a6a8ca55eb3c99c/6a7d2de0/tos-cn-ve-51/okAIdHDNZXluEI4aAIEzaXdQtcgBCFuQWZ0wW?a=1402&ch=0&cr=0&dr=3&cd=0%7C0%7C0%7C0&br=1482&bt=1482&cs=0&ds=4&ft=J9ThAGkHH_Myq8Z-RkC_e2NvjTQ&mime_type=video_mp4&qs=0&rc=NXZpTGRTaFBnKWxncmd5aHFsc3IxZGY2aDg6OmZlZjQzOjZmZmhoQGlqaHczaG86c2o8MzM0NjMzQFNsa3ZpcUQ6amtqXmJmK2BeaWpgYTojYC9fMi9iXjVhMWEwYF4uNmEjL2dmX2FhbmRfYS0tZDAwc3M%3D&btag=80000200010000&dy_q=1786415821&feature_id=d6a18d7c5414b1f1e95a75faf9147845&l=20260811103700E54EA91182BABA3C8A2D&ply_type=3&policy=eyJ2bSI6MywidWlkIjoiMzEyOTY1MDYwMzg4ODE4NSJ9,未使用,审核不通过,--,0,--,0,0,0,0,0,0,0,0,0,0,0,0,0,0,0
"	7662602623486935078",0714-浩正瑞晨-10-三改.mp4,https://video-cn.oceanengine.com/f968f8c6b1ac836f01bae7dfa250982b/6a7d2df9/tos-cn-ve-51/ooHcGaWzXipuIpAACgIIA9QsHQlcEtcQdta7E?a=1402&ch=0&cr=0&dr=3&cd=0%7C0%7C0%7C0&br=1422&bt=1422&cs=0&ds=4&ft=J9ThAGkHH_Myq8Z-RkC_e2NvjTQ&mime_type=video_mp4&qs=0&rc=NXZpTGRTaFBnKWxncmd5aHFsc3IxZGZmNDQ3ZWRkNDdnaTdoOWRpQGlqOmczaG86NWo8MzM0NjMzQFNsa3ZpcUQ6amtqXmJmK2BeaWpgYTojYTMxNDFiYl9gMWMuMWMzMWEjcmw0YmFhL2VfYS0tZDAvc3M%3D&btag=80000200018000&dy_q=1786415821&feature_id=d6a18d7c5414b1f1e95a75faf9147845&l=20260811103700E54EA91182BABA3C8A2D&ply_type=3&policy=eyJ2bSI6MywidWlkIjoiMzEyOTY1MDYwMzg4ODE4NSJ9,未使用,审核不通过,--,0,--,0,0,0,0,0,0,0,0,0,0,0,0,0,0,0
"	7662602581948547098",0714-浩正瑞晨-9-三改.mp4,https://video-cn.oceanengine.com/cd25627ccad77c74a56a71921f566cd5/6a7d2dea/tos-cn-ve-51/ostPIQQBHQzWkGXcgPEGiIAAlEa5vHdnWgNFI?a=1402&ch=0&cr=0&dr=3&cd=0%7C0%7C0%7C0&br=1957&bt=1957&cs=0&ds=4&ft=J9ThAGkHH_Myq8Z-RkC_e2NvjTQ&mime_type=video_mp4&qs=0&rc=NXZpTGRTaFBnKWxncmd5aHFsc3IxZGY2aWg6ZjZoOTs2ZTU8ZzY1QGlqOnhvOm86NWo8MzM0NjMzQFNsa3ZpcUQ6amtqXmJmK2BeaWpgYTojYjIuYzJeNF9gMWAzLmMvLWEjLzVlLWFhL2VfYS0tZDAvc3M%3D&btag=80000200018000&dy_q=1786415821&feature_id=d6a18d7c5414b1f1e95a75faf9147845&l=20260811103700E54EA91182BABA3C8A2D&ply_type=3&policy=eyJ2bSI6MywidWlkIjoiMzEyOTY1MDYwMzg4ODE4NSJ9,未使用,审核不通过,--,0,--,0,0,0,0,0,0,0,0,0,0,0,0,0,0,0
"	7662602560545849371",0714-浩正瑞晨-6-三改.mp4,https://video-cn.oceanengine.com/97eb1a6d219beb4a9e645282b52c02c5/6a7d2dfb/tos-cn-ve-51/o8GXxWvlUQEzil2dc4sSVQIGtQEawWAIBA3AI?a=1402&ch=0&cr=0&dr=3&cd=0%7C0%7C0%7C0&br=1117&bt=1117&cs=0&ds=4&ft=J9ThAGkHH_Myq8Z-RkC_e2NvjTQ&mime_type=video_mp4&qs=0&rc=NXZpTGRTaFBnKWxncmd5aHFsc3IxZGY3PGQ1ZWk1ODw6N2c2NmlnQGkzajV4aW86NWo8MzM0NjMzQFNsa3ZpcUQ6amtqXmJmK2BeaWpgYTojMy0yNS5eXjYuMTNhMC9iNWEjNl4tXmFhL2VfYS0tZDAwc3M%3D&btag=80000200020000&dy_q=1786415821&feature_id=d6a18d7c5414b1f1e95a75faf9147845&l=20260811103700E54EA91182BABA3C8A2D&ply_type=3&policy=eyJ2bSI6MywidWlkIjoiMzEyOTY1MDYwMzg4ODE4NSJ9,未使用,审核不通过,--,0,--,0,0,0,0,0,0,0,0,0,0,0,0,0,0,0
"	7662602558097080370",0714-浩正瑞晨-5-三改.mp4,https://video-cn.oceanengine.com/88937927c544922f0043cbc92e594681/6a7d2de9/tos-cn-ve-51/oM41AXkE7E7t0NEAmQzIKfJSmRpoagQHBI1Edm?a=1402&ch=0&cr=0&dr=3&cd=0%7C0%7C0%7C0&br=1210&bt=1210&cs=0&ds=4&ft=J9ThAGkHH_Myq8Z-RkC_e2NvjTQ&mime_type=video_mp4&qs=0&rc=NXZpTGRTaFBnKWxncmd5aHFsc3IxZGZmOGZoOjU4ZzllZ2RkaDU1QGlqaGtnNm86NWo8MzM0NjMzQFNsa3ZpcUQ6amtqXmJmK2BeaWpgYTojXzIxNDJhYjYzMWMtLjNjNWEjc2gzZmFhL2VfYS0tZDBhc3M%3D&btag=80000200010000&dy_q=1786415821&feature_id=d6a18d7c5414b1f1e95a75faf9147845&l=20260811103700E54EA91182BABA3C8A2D&ply_type=3&policy=eyJ2bSI6MywidWlkIjoiMzEyOTY1MDYwMzg4ODE4NSJ9,未使用,审核不通过,--,0,--,0,0,0,0,0,0,0,0,0,0,0,0,0,0,0
"	7662602552812486706",0714-浩正瑞晨-11-三改.mp4,https://video-cn.oceanengine.com/bad1a3fbc8f7e76fa472bd0455b778fc/6a7d2dea/tos-cn-ve-51/oEQXIggemGLKACa1CtFcIh9D8RPBE7IQmZ4zAx?a=1402&ch=0&cr=0&dr=3&cd=0%7C0%7C0%7C0&br=1233&bt=1233&cs=0&ds=4&ft=J9ThAGkHH_Myq8Z-RkC_e2NvjTQ&mime_type=video_mp4&qs=0&rc=NXZpTGRTaFBnKWxncmd5aHFsc3IxZGYzNThkN2Y1O2c8M2llZWdoQGkzanBqOm86NWo8MzM0NjMzQFNsa3ZpcUQ6amtqXmJmK2BeaWpgYTojXzFhMmAzMV5fMV5eLi9fNWEjc21gZGFhL2VfYS0tZDBhc3M%3D&btag=80000200018000&dy_q=1786415821&feature_id=d6a18d7c5414b1f1e95a75faf9147845&l=20260811103700E54EA91182BABA3C8A2D&ply_type=3&policy=eyJ2bSI6MywidWlkIjoiMzEyOTY1MDYwMzg4ODE4NSJ9,未使用,审核不通过,--,0,--,0,0,0,0,0,0,0,0,0,0,0,0,0,0,0
"	7661187006646501412",微信视频2026-07-11_163704_323.mp4,https://video-cn.oceanengine.com/f24a960273f72f0ea208275de6aade34/6a7d2de9/tos-cn-ve-51/oQygv5aftHAMK7rABm2kAAvBYUjQImgoQ1vbi7?a=1402&ch=0&cr=0&dr=3&cd=0%7C0%7C0%7C0&br=1021&bt=1021&cs=0&ds=3&ft=J9ThAGkHH_Myq8Z-RkC_e2NvjTQ&mime_type=video_mp4&qs=0&rc=NXZpTGRTaFBnKWxncmd5aHFsc3IxZGY4ZDU6aGhpZTU3OWVkNjQ8QGkzMzo2ZG86OXk8MzM0NjMzQFNsa3ZpcUQ6amtqXmJmK2BeaWpgYTojYmIxLWBgLl5iMTZfYDAyYWEjNmNiM2FhXmNeYS0tZDBhc3M%3D&btag=80000e00010000&dy_q=1786415821&feature_id=d6a18d7c5414b1f1e95a75faf9147845&l=20260811103700E54EA91182BABA3C8A2D&ply_type=3&policy=eyJ2bSI6MywidWlkIjoiMzEyOTY1MDYwMzg4ODE4NSJ9,已使用,审核通过,--,7,--,0,0,0,0,0,0,0,0,0,0,0,0,0,0,0
"	7669599681123401764",0802-图文-引流-瑞晨-4,,,,,,,0.8,39,1,2.56,0.8,20.51,0,0,0,0,0,0,0,0,0
"	7669599152188145705",0802-图文-引流-瑞晨-2,,,,,,,1.81,166,5,3.01,0.36,10.9,0,0,0,0,0,0,0,0,0
"	7669971654202425386",0803-引流-图文-浩正瑞晨-1,,,,,,,8.15,417,21,5.04,0.39,19.54,0,0,0,0,0,0,0,0,0
"	7668316830063050794",0730-图文-引流-魏怡-4,,,,,,,0.17,5,0,0,0,34,0,0,0,0,0,0,0,0,0
"	7670910197128609838",7.67091E+18,,,,,,,0.12,12,0,0,0,10,0,0,0,0,0,0,0,0,0
"	7671536471728455730",0807-图文-引流-婷玉-魏怡-12,,,,,,,0.52,11,0,0,0,47.27,0,0,0,0,0,0,0,0,0
"	7669062073732825129",0801-国星引流-图文-3,,,,,,,0,2,1,50,0,0,0,0,0,0,0,0,0,0,0
"	7672026362073448489",0809-图文-引流-瑞晨-1,,,,,,,0.89,39,4,10.26,0.22,22.82,0,0,0,0,0,0,0,0,0
"	7672344860629024831",0810-图文-引流-杜-图文3,,,,,,,0.15,5,0,0,0,30,0,0,0,0,0,0,0,0,0
"	7668328041708322867",0730-国星引流-外部2,,,,,,,0.09,12,1,8.33,0.09,7.5,0,0,0,0,0,0,0,0,0
"	7669599449215418410",0802-图文-引流-瑞晨-3,,,,,,,0.19,9,0,0,0,21.11,0,0,0,0,0,0,0,0,0
"	7669599963439218729",0802-图文-引流-瑞晨-5,,,,,,,0.48,34,2,5.88,0.24,14.12,0,0,0,0,0,0,0,0,0
"	7668327593800335398",0730-国星引流-高赞2,,,,,,,1.92,151,7,4.64,0.27,12.72,0,0,0,0,0,0,0,0,0
"	7671535415192043558",0807-图文-引流-瑞晨-1,,,,,,,0.39,10,0,0,0,39,0,0,0,0,0,0,0,0,0
"	7668636844133892150",0731-图文-引流-魏怡-2,,,,,,,8.21,417,13,3.12,0.63,19.69,0,0,0,0,0,0,0,0,0
"	7670539442290704426",0805-图文-引流-婷玉-魏怡-13,,,,,,,0.28,21,1,4.76,0.28,13.33,0,0,0,0,0,0,0,0,0
"	7668318368286670898",0730图文-4,,,,,,,0.09,2,0,0,0,45,0,0,0,0,0,0,0,0,0
"	7668316433860050982",0730-图文-引流-魏怡-3,,,,,,,0.28,18,0,0,0,15.56,0,0,0,0,0,0,0,0,0
"	7672346314279436330",0810-图文-引流-瑞晨-3,,,,,,,0.13,5,0,0,0,26,0,0,0,0,0,0,0,0,0
"	7670536369270013993",0805-图文-引流-浩正-瑞晨-3,,,,,,,128.47,6855,186,2.71,0.69,18.74,8,16.06,4.3,0,0,0,0,1,0
"	7671535759211921462",0807-图文-引流-瑞晨-2,,,,,,,0.43,5,0,0,0,86,0,0,0,0,0,0,0,0,0
"	7671533536383402020",0807-图文-引流-雅迪-国星-6,,,,,,,3.7,100,1,1,3.7,37,0,0,0,0,0,0,0,0,0
"	7671537146432651305",0807-图文-引流-婷玉-魏怡-11,,,,,,,0.67,19,1,5.26,0.67,35.26,0,0,0,0,0,0,0,0,0
"	7672346765790543922",0810-图文-引流-魏怡-1,,,,,,,0.13,3,0,0,0,43.33,0,0,0,0,0,0,0,0,0
"	7669972330894540836",0803-引流-图文-浩正瑞晨-4,,,,,,,0.14,4,0,0,0,35,0,0,0,0,0,0,0,0,0
"	7670909572056743945",7.67091E+18,,,,,,,0.64,8,0,0,0,80,0,0,0,0,0,0,0,0,0
"	7670538986156392499",0805-图文-引流-婷玉-魏怡-12,,,,,,,1.12,100,2,2,0.56,11.2,0,0,0,0,0,0,0,0,0
"	7669597411002908708",0801-图文-引流-魏怡-5,,,,,,,1.56,109,3,2.75,0.52,14.31,0,0,0,0,0,0,0,0,0
"	7668633716784840750",0731-图文-引流-嘉丽-1,,,,,,,0.18,16,0,0,0,11.25,0,0,0,0,0,0,0,0,0
"	7672343729705877546",0810-图文-引流-杜-图文1,,,,,,,0.18,2,0,0,0,90,0,0,0,0,0,0,0,0,0
"	7672345908068745257",0810-图文-引流-瑞晨-2,,,,,,,0.05,1,0,0,0,50,0,0,0,0,0,0,0,0,0
"	7668327219403767818",0730-国星引流-高赞3,,,,,,,3.47,213,4,1.88,0.87,16.29,0,0,0,0,0,0,0,0,0
"	7671536865750171667",0807-图文-引流-婷玉-魏怡-13,,,,,,,1.55,26,1,3.85,1.55,59.62,0,0,0,0,0,0,0,0,0
"	7668315757315342382",0730-图文-引流-魏怡-1,,,,,,,13.78,583,16,2.74,0.86,23.64,2,6.89,12.5,0,0,0,0,0,0
"	7670537640747401252",0805-图文-引流-雅迪-国星-7,,,,,,,3.11,140,5,3.57,0.62,22.21,0,0,0,0,0,0,0,0,0
"	7669972124598927396",0803-引流-图文-浩正瑞晨-3,,,,,,,0.1,8,0,0,0,12.5,0,0,0,0,0,0,0,0,0
"	7672027845086035995",0809-图文-引流-魏怡-6,,,,,,,0.84,41,0,0,0,20.49,0,0,0,0,0,0,0,0,0
"	7672344374856892454",0810-图文-引流-杜-图文2,,,,,,,0.26,1,0,0,0,260,0,0,0,0,0,0,0,0,0
"	7669971883808849926",0803-引流-图文-浩正瑞晨-2,,,,,,,0.75,8,1,12.5,0.75,93.75,0,0,0,0,0,0,0,0,0
"	7672347286870671366",0810-图文-引流-魏怡-2,,,,,,,0.12,1,0,0,0,120,0,0,0,0,0,0,0,0,0
"	7672345281452130330",0810-图文-引流-瑞晨-1,,,,,,,0,2,0,0,0,0,0,0,0,0,0,0,0,0,0
"	7670534216195145738",0805-图文-引流-浩正-瑞晨-1,,,,,,,1.08,102,3,2.94,0.36,10.59,0,0,0,0,0,0,0,0,0
"	7671534728273641482",0807-图文-引流-嘉丽-国星-7,,,,,,,0.49,9,0,0,0,54.44,0,0,0,0,0,0,0,0,0
"	7669598820380442630",0802-图文-引流-瑞晨-1,,,,,,,0.48,39,1,2.56,0.48,12.31,0,0,0,0,0,0,0,0,0
"	7672028629131821119",0809-图文-引流-魏怡-8,,,,,,,1.64,52,2,3.85,0.82,31.54,0,0,0,0,0,0,0,0,0
"	7670539603997638702",0806-图文-引流-小敏-小敏-11,,,,,,,0.41,47,0,0,0,8.72,0,0,0,0,0,0,0,0,0
"	7670538395936817179",0804-图文-引流-浩正-瑞晨-1-加文字,,,,,,,0.73,51,1,1.96,0.73,14.31,0,0,0,0,0,0,0,0,0
"	7669972643421077558",0803-引流-图文-浩正瑞晨-5,,,,,,,0.88,27,2,7.41,0.44,32.59,0,0,0,0,0,0,0,0,0
"	7668316133682823210",0730-图文-引流-魏怡-2,,,,,,,0.61,39,2,5.13,0.31,15.64,0,0,0,0,0,0,0,0,0
"	7672027209247408155",0809-图文-引流-魏怡-5,,,,,,,2.43,64,3,4.69,0.81,37.97,1,2.43,33.33,0,0,0,0,0,0
"	7671534141767647268",0807-图文-引流-嘉丽-国星-8,,,,,,,1.09,33,0,0,0,33.03,0,0,0,0,0,0,0,0,0
"	7671533122157379626",0807-图文-引流-嘉丽-国星-8,,,,,,,0.74,19,0,0,0,38.95,0,0,0,0,0,0,0,0,0
"	7671536123211300900",0807-图文-引流-瑞晨-3,,,,,,,0.67,47,2,4.26,0.34,14.26,0,0,0,0,0,0,0,0,0
"	7672026674095833107",0809-图文-引流-瑞晨-2,,,,,,,2.25,79,1,1.27,2.25,28.48,0,0,0,0,0,0,0,0,0
"	7672028951227727899",0809-图文-引流-魏怡-9,,,,,,,49.39,1175,13,1.11,3.8,42.03,2,24.7,15.38,0,0,0,0,0,0
"	7672028324235427859",0809-图文-引流-魏怡-7,,,,,,,1.19,51,2,3.92,0.6,23.33,1,1.19,50,0,0,0,0,0,0
"	7672027127416717331",0809-图文-引流-瑞晨-3,,,,,,,1.98,38,1,2.63,1.98,52.11,0,0,0,0,0,0,0,0,0
"	7672347596380110902",0810-图文-引流-魏怡-3,,,,,,,0.12,0,0,0,0,0,0,0,0,0,0,0,0,0,0
"	7670536964086595594",0805-图文-引流-雅迪-国星-7,,,,,,,4.4,187,3,1.6,1.47,23.53,0,0,0,0,0,0,0,0,0
"	7672393614522171430",信息流10—子衿,,,,,,,0,0,0,0,0,0,0,0,0,0,0,0,0,0,0
"	7672393389003653158",信息流8—子衿,,,,,,,0,0,0,0,0,0,0,0,0,0,0,0,0,0,0
"	7672393059145564206",信息流6—子衿,,,,,,,0,0,0,0,0,0,0,0,0,0,0,0,0,0,0
"	7672392504055398427",信息流5—子衿,,,,,,,0,0,0,0,0,0,0,0,0,0,0,0,0,0,0
"	7672391753124315182",信息流3—子衿,,,,,,,0,0,0,0,0,0,0,0,0,0,0,0,0,0,0
"	7672391535233384457",信息流2—子衿,,,,,,,0,0,0,0,0,0,0,0,0,0,0,0,0,0,0
"	7672391027262341162",信息流1—子衿,,,,,,,0,0,0,0,0,0,0,0,0,0,0,0,0,0,0
"	7672341092045946886",信息流2—子衿,,,,,,,0,0,0,0,0,0,0,0,0,0,0,0,0,0,0
"	7672029339430240299",0809-图文-引流-魏怡-10,,,,,,,0,0,0,0,0,0,0,0,0,0,0,0,0,0,0
"	7670536838223069230",0805-图文-引流-雅迪-国星-6,,,,,,,0,0,0,0,0,0,0,0,0,0,0,0,0,0,0
"	7670535618355855386",0805-图文-引流-浩正-瑞晨-2,,,,,,,0,0,0,0,0,0,0,0,0,0,0,0,0,0,0
"	7667043802641760275",7.66704E+18,,,,,,,0,0,0,0,0,0,0,0,0,0,0,0,0,0,0
"	7667043792944840723",7.66704E+18,,,,,,,0,0,0,0,0,0,0,0,0,0,0,0,0,0,0
"	7669597226776789034",0801-图文-引流-魏怡-4,,,,,,,0,0,0,0,0,0,0,0,0,0,0,0,0,0,0
"	7669596851368132614",0801-图文-引流-魏怡-3,,,,,,,0,0,0,0,0,0,0,0,0,0,0,0,0,0,0
"	7669596519112818729",0801-图文-引流-魏怡-2,,,,,,,0,0,0,0,0,0,0,0,0,0,0,0,0,0,0
"	7669594213891489828",0801-图文-引流-魏怡-1,,,,,,,0,0,0,0,0,0,0,0,0,0,0,0,0,0,0
"	7669062490311983145",0801-国星引流-图文-5,,,,,,,0,0,0,0,0,0,0,0,0,0,0,0,0,0,0
"	7669062279947943955",0801-国星引流-图文-4,,,,,,,0,0,0,0,0,0,0,0,0,0,0,0,0,0,0
"	7669061722318962731",0801-国星引流-图文-2,,,,,,,0,0,0,0,0,0,0,0,0,0,0,0,0,0,0
"	7669061483997757494",0801-国星引流-图文-1,,,,,,,0,0,0,0,0,0,0,0,0,0,0,0,0,0,0
"	7668637745304961074",0731-图文-引流-魏怡-5,,,,,,,0,0,0,0,0,0,0,0,0,0,0,0,0,0,0
"	7668637342688952383",0731-图文-引流-魏怡-4,,,,,,,0,0,0,0,0,0,0,0,0,0,0,0,0,0,0
"	7668636995202334766",0731-图文-引流-魏怡-3,,,,,,,0,0,0,0,0,0,0,0,0,0,0,0,0,0,0
"	7668636397731479590",0731-图文-引流-魏怡-1,,,,,,,0,0,0,0,0,0,0,0,0,0,0,0,0,0,0
"	7668633940912930879",0731-图文-引流-嘉丽-2,,,,,,,0,0,0,0,0,0,0,0,0,0,0,0,0,0,0
"	7668319653657493531",0730-国星引流-高赞2,,,,,,,0,0,0,0,0,0,0,0,0,0,0,0,0,0,0
"	7668319135812714502",0730-国星引流-高赞1,,,,,,,0,0,0,0,0,0,0,0,0,0,0,0,0,0,0
"	7668318149338775561",0730图文-3,,,,,,,0,0,0,0,0,0,0,0,0,0,0,0,0,0,0
"	7668317765250514954",0730图文-2,,,,,,,0,0,0,0,0,0,0,0,0,0,0,0,0,0,0
"	7668317563760001074",0730图文-01,,,,,,,0,0,0,0,0,0,0,0,0,0,0,0,0,0,0
"	7668317318985449535",0730-图文-引流-魏怡-5,,,,,,,0,0,0,0,0,0,0,0,0,0,0,0,0,0,0
"	7666333088523403306",7.66633E+18,,,,,,,0,0,0,0,0,0,0,0,0,0,0,0,0,0,0
"	7666333089019183123",7.66633E+18,,,,,,,0,0,0,0,0,0,0,0,0,0,0,0,0,0,0
"	7666333093406539795",7.66633E+18,,,,,,,0,0,0,0,0,0,0,0,0,0,0,0,0,0,0
"	7666333092897914934",7.66633E+18,,,,,,,0,0,0,0,0,0,0,0,0,0,0,0,0,0,0
"	7666333089157562387",7.66633E+18,,,,,,,0,0,0,0,0,0,0,0,0,0,0,0,0,0,0
"	7665935383276404777",7.66594E+18,,,,,,,0,0,0,0,0,0,0,0,0,0,0,0,0,0,0
"	7665935357737304106",7.66594E+18,,,,,,,0,0,0,0,0,0,0,0,0,0,0,0,0,0,0
"	7665935337701982249",7.66594E+18,,,,,,,0,0,0,0,0,0,0,0,0,0,0,0,0,0,0
"	7672348741412208690",0810-图文-引流-小敏-10,,,,,,,0.02,3,0,0,0,6.67,0,0,0,0,0,0,0,0,0
"	7666333092897914934",7.66633E+18,,,,,,,603.88,28452,425,1.49,1.42,21.22,33,18.3,7.76,0,0,0,0,2,0
"	7672031043026108479",0809-图文-引流-雅迪-国星-6,,,,,,,1.06,46,0,0,0,23.04,0,0,0,0,0,0,0,0,0
"	7672031985846108170",0809-图文-引流-雅迪-国星-8,,,,,,,0.84,23,1,4.35,0.84,36.52,0,0,0,0,0,0,0,0,0
"	7672351380782645274",0810-图文-引流-嘉丽-8,,,,,,,0.13,4,0,0,0,32.5,0,0,0,0,0,0,0,0,0
"	7670143601045979162",0804-图文-引流-小敏-小敏-13,,,,,,,49.46,1382,112,8.1,0.44,35.79,2,24.73,1.79,0,0,0,0,0,0
"	7672351041188397065",0810-图文-引流-嘉丽-7,,,,,,,0.06,2,0,0,0,30,0,0,0,0,0,0,0,0,0
"	7670910197128609838",7.67091E+18,,,,,,,0.06,8,0,0,0,7.5,0,0,0,0,0,0,0,0,0
"	7672349407636815899",0810-图文-引流-小敏-12,,,,,,,0.31,10,0,0,0,31,0,0,0,0,0,0,0,0,0
"	7666333088523403306",7.66633E+18,,,,,,,2.76,91,1,1.1,2.76,30.33,0,0,0,0,0,0,0,0,0
"	7667043792944840723",7.66704E+18,,,,,,,3.8,118,1,0.85,3.8,32.2,0,0,0,0,0,0,0,0,0
"	7666333089019183123",7.66633E+18,,,,,,,8.33,399,10,2.51,0.83,20.88,1,8.33,10,0,0,0,0,1,0
"	7667043802641760275",7.66704E+18,,,,,,,22.78,263,4,1.52,5.7,86.62,0,0,0,0,0,0,0,0,0
"	7670142619106639898",0804-图文-引流-魏怡-11,,,,,,,3.3,113,4,3.54,0.83,29.2,0,0,0,0,0,0,0,0,0
"	7669272029158621220",0801-图文-引流-瑞晨-4,,,,,,,3.26,270,4,1.48,0.82,12.07,0,0,0,0,0,0,0,0,0
"	7667043831206871083",7.66704E+18,,,,,,,1.35,69,0,0,0,19.57,0,0,0,0,0,0,0,0,0
"	7670182026425679926",0804-图文-引流-雅迪-国星-8,,,,,,,0.9,19,0,0,0,47.37,0,0,0,0,0,0,0,0,0
"	7672351686435913778",0810-图文-引流-嘉丽-9,,,,,,,0,2,0,0,0,0,0,0,0,0,0,0,0,0,0
"	7670180724758724646",0804-图文-引流-雅迪-国星-6,,,,,,,8.16,351,27,7.69,0.3,23.25,1,8.16,3.7,0,0,0,0,0,0
"	7671825616270376986",0808-图文-引流-瑞晨-1,,,,,,,0.07,2,0,0,0,35,0,0,0,0,0,0,0,0,0
"	7669969821957980223",0803-图文-引流-魏怡-5,,,,,,,4.25,285,11,3.86,0.39,14.91,0,0,0,0,0,0,0,0,0
"	7669261618117574694",0801-图文-引流-瑞晨-2,,,,,,,3.14,144,1,0.69,3.14,21.81,0,0,0,0,0,0,0,0,0
"	7670940488342519851",0806-图文-引流-浩正-瑞晨-1,,,,,,,1.55,33,2,6.06,0.78,46.97,0,0,0,0,0,0,0,0,0
"	7670143356529836073",0804-图文-引流-小敏-小敏-12,,,,,,,7.34,114,6,5.26,1.22,64.39,0,0,0,0,0,0,0,0,0
"	7669271768713773098",0801-图文-引流-瑞晨-3,,,,,,,1.95,73,2,2.74,0.98,26.71,1,1.95,50,0,0,0,0,0,0
"	7672349972457144326",0810-图文-引流-国星-1,,,,,,,0.15,9,0,0,0,16.67,0,0,0,0,0,0,0,0,0
"	7671829100101517363",0808～0809-图文-引流-魏怡-4,,,,,,,0,1,0,0,0,0,0,0,0,0,0,0,0,0,0
"	7672031699056181311",0809-图文-引流-雅迪-国星-7,,,,,,,1,27,1,3.7,1,37.04,0,0,0,0,0,0,0,0,0
"	7670909572056743945",7.67091E+18,,,,,,,0.35,12,0,0,0,29.17,0,0,0,0,0,0,0,0,0
"	7670181225970991154",0804-图文-引流-雅迪-国星-7,,,,,,,2.74,92,4,4.35,0.69,29.78,1,2.74,25,0,0,0,0,0,0
"	7672349195962023972",0810-图文-引流-小敏-11,,,,,,,0.12,6,0,0,0,20,0,0,0,0,0,0,0,0,0
"	7672350588101836838",0810-图文-引流-国星-3,,,,,,,0.32,4,0,0,0,80,0,0,0,0,0,0,0,0,0
"	7669970171218001983",0803-引流-图文-浩正瑞晨-1,,,,,,,18.64,656,12,1.83,1.55,28.41,1,18.64,8.33,0,0,0,0,0,0
"	7670941334447013914",0806-图文-引流-浩正-瑞晨-3,,,,,,,0.14,10,0,0,0,14,0,0,0,0,0,0,0,0,0
"	7672396307592527898",0810-引流加微-图文-婷玉-3,,,,,,,0,0,0,0,0,0,0,0,0,0,0,0,0,0,0
"	7672396244731150386",0810-引流加微-图文-婷玉-2,,,,,,,0,0,0,0,0,0,0,0,0,0,0,0,0,0,0
"	7672396061641998382",0810-引流加微-图文-婷玉-2,,,,,,,0,0,0,0,0,0,0,0,0,0,0,0,0,0,0
"	7672395828272250934",0810-图文-引流-雅迪-6,,,,,,,0,0,0,0,0,0,0,0,0,0,0,0,0,0,0
"	7672395318408429618",0810-图文-引流-雅迪-5,,,,,,,0,0,0,0,0,0,0,0,0,0,0,0,0,0,0
"	7672395044936138790",0810-图文-引流-雅迪-4,,,,,,,0,0,0,0,0,0,0,0,0,0,0,0,0,0,0
"	7672350336279724075",0810-图文-引流-国星-2,,,,,,,0,0,0,0,0,0,0,0,0,0,0,0,0,0,0
"	7671828552557658166",0808～0809-图文-引流-魏怡-3,,,,,,,0,0,0,0,0,0,0,0,0,0,0,0,0,0,0
"	7671828163633119241",0808～0809-图文-引流-魏怡-2,,,,,,,0,0,0,0,0,0,0,0,0,0,0,0,0,0,0
"	7671827470782971958",0808～0809-图文-引流-魏怡-1,,,,,,,0,0,0,0,0,0,0,0,0,0,0,0,0,0,0
"	7671826903062478889",0808-图文-引流-雅迪-国星-7,,,,,,,0,0,0,0,0,0,0,0,0,0,0,0,0,0,0
"	7671826501519933449",0808-图文-引流-雅迪-国星-6,,,,,,,0,0,0,0,0,0,0,0,0,0,0,0,0,0,0
"	7671826106408501289",0808-图文-引流-瑞晨-2,,,,,,,0,0,0,0,0,0,0,0,0,0,0,0,0,0,0
"	7671825009326047251",0808-图文-引流-嘉丽-国星-8,,,,,,,0,0,0,0,0,0,0,0,0,0,0,0,0,0,0
"	7671277120770457619",7.67128E+18,,,,,,,0,0,0,0,0,0,0,0,0,0,0,0,0,0,0
"	7670910190671757358",7.67091E+18,,,,,,,0,0,0,0,0,0,0,0,0,0,0,0,0,0,0
"	7670942958149632006",0806-图文-引流-婷玉-魏怡-12,,,,,,,0,0,0,0,0,0,0,0,0,0,0,0,0,0,0
"	7670942129569628211",0806-图文-引流-婷玉-魏怡-11,,,,,,,0,0,0,0,0,0,0,0,0,0,0,0,0,0,0
"	7670942209868840996",0806-图文-引流-婷玉-魏怡-13,,,,,,,0,0,0,0,0,0,0,0,0,0,0,0,0,0,0
"	7670940756345618478",0806-图文-引流-浩正-瑞晨-2,,,,,,,0,0,0,0,0,0,0,0,0,0,0,0,0,0,0
"	7670936153017516041",0806-图文-引流-嘉丽-国星-7,,,,,,,0,0,0,0,0,0,0,0,0,0,0,0,0,0,0
"	7670934660252549147",0806-图文-引流-嘉丽-国星-6,,,,,,,0,0,0,0,0,0,0,0,0,0,0,0,0,0,0
"	7670935390345773107",0806-图文-引流-嘉丽-国星-8,,,,,,,0,0,0,0,0,0,0,0,0,0,0,0,0,0,0
"	7670934298384957482",0806-图文-引流-嘉丽-国星-8,,,,,,,0,0,0,0,0,0,0,0,0,0,0,0,0,0,0
"	7670533051924480051",0805-图文-引流-浩正-瑞晨-1,,,,,,,0,0,0,0,0,0,0,0,0,0,0,0,0,0,0
"	7670531615488491558",0805-图文-引流-浩正-瑞晨-1,,,,,,,0,0,0,0,0,0,0,0,0,0,0,0,0,0,0
"	7670134616959336511",0804-图文-引流-浩正-瑞晨-3,,,,,,,0,0,0,0,0,0,0,0,0,0,0,0,0,0,0
"	7670133716786757651",0804-图文-引流-浩正-瑞晨-2,,,,,,,0,0,0,0,0,0,0,0,0,0,0,0,0,0,0
"	7670133424116858922",0804-图文-引流-浩正-瑞晨-1,,,,,,,0,0,0,0,0,0,0,0,0,0,0,0,0,0,0
"	7669970535618543670",0803-引流-图文-浩正瑞晨-2,,,,,,,0,0,0,0,0,0,0,0,0,0,0,0,0,0,0
"	7669969483932155910",0803-图文-引流-魏怡-4,,,,,,,0,0,0,0,0,0,0,0,0,0,0,0,0,0,0
"	7669969136153198598",0803-图文-引流-魏怡-3,,,,,,,0,0,0,0,0,0,0,0,0,0,0,0,0,0,0
"	7669968900297555974",0803-图文-引流-魏怡-2,,,,,,,0,0,0,0,0,0,0,0,0,0,0,0,0,0,0
"	7669968545871216676",0803-图文-引流-魏怡-1,,,,,,,0,0,0,0,0,0,0,0,0,0,0,0,0,0,0
"	7669968238827307071",0803-国星-引流-图文-5,,,,,,,0,0,0,0,0,0,0,0,0,0,0,0,0,0,0
"	7669967856444014633",0803-国星-引流-图文-4,,,,,,,0,0,0,0,0,0,0,0,0,0,0,0,0,0,0
"	7669967481986400299",0803-国星-引流-图文-3,,,,,,,0,0,0,0,0,0,0,0,0,0,0,0,0,0,0
"	7669967245288898602",0803-国星-引流-图文-2,,,,,,,0,0,0,0,0,0,0,0,0,0,0,0,0,0,0
"	7669966967436935210",0803-国星-引流-图文-1,,,,,,,0,0,0,0,0,0,0,0,0,0,0,0,0,0,0
"	7669610478424096811",0802-图文-引流-瑞晨-15,,,,,,,0,0,0,0,0,0,0,0,0,0,0,0,0,0,0
"	7669609820657107007",0802-图文-引流-瑞晨-14,,,,,,,0,0,0,0,0,0,0,0,0,0,0,0,0,0,0
"	7669609243038105641",0802-图文-引流-瑞晨-13,,,,,,,0,0,0,0,0,0,0,0,0,0,0,0,0,0,0
"	7669609051656585222",0802-图文-引流-瑞晨-12,,,,,,,0,0,0,0,0,0,0,0,0,0,0,0,0,0,0
"	7669608854007971883",0802-图文-引流-瑞晨-11,,,,,,,0,0,0,0,0,0,0,0,0,0,0,0,0,0,0
"	7669608515089121321",0802-图文-引流-瑞晨-10,,,,,,,0,0,0,0,0,0,0,0,0,0,0,0,0,0,0
"	7669607093847081023",0802-图文-引流-瑞晨-9,,,,,,,0,0,0,0,0,0,0,0,0,0,0,0,0,0,0
"	7669606614208167942",0802-图文-引流-瑞晨-8,,,,,,,0,0,0,0,0,0,0,0,0,0,0,0,0,0,0
"	7669606261806514182",0802-图文-引流-瑞晨-7,,,,,,,0,0,0,0,0,0,0,0,0,0,0,0,0,0,0
"	7669606034580930566",0802-图文-引流-瑞晨-6,,,,,,,0,0,0,0,0,0,0,0,0,0,0,0,0,0,0
"	7669272381589241897",0801-图文-引流-瑞晨-5,,,,,,,0,0,0,0,0,0,0,0,0,0,0,0,0,0,0
"	7669261312447381555",0801-图文-引流-瑞晨-1,,,,,,,0,0,0,0,0,0,0,0,0,0,0,0,0,0,0
"	7668632349551132718",0731-国星引流-图文-5,,,,,,,0,0,0,0,0,0,0,0,0,0,0,0,0,0,0
"	7668631986223759414",0731-国星引流-图文-4,,,,,,,0,0,0,0,0,0,0,0,0,0,0,0,0,0,0
"	7668631296634568713",0731-国星引流-图文-3,,,,,,,0,0,0,0,0,0,0,0,0,0,0,0,0,0,0
"	7668630892366086170",0731-国星引流-图文-2,,,,,,,0,0,0,0,0,0,0,0,0,0,0,0,0,0,0
"	7668630485296791579",0731-国星引流-图文-1,,,,,,,0,0,0,0,0,0,0,0,0,0,0,0,0,0,0
"	7668628354807349267",0730-图文-引流-瑞晨浩正-5,,,,,,,0,0,0,0,0,0,0,0,0,0,0,0,0,0,0
"	7668627938671411236",0730-图文-引流-瑞晨浩正-4,,,,,,,0,0,0,0,0,0,0,0,0,0,0,0,0,0,0
"	7668627469441253426",0730-图文-引流-瑞晨浩正-3,,,,,,,0,0,0,0,0,0,0,0,0,0,0,0,0,0,0
"	7668569790946066475",0730-图文-引流-瑞晨浩正-2,,,,,,,0,0,0,0,0,0,0,0,0,0,0,0,0,0,0
"	7668626976165281828",0730-图文-引流-瑞晨浩正-1,,,,,,,0,0,0,0,0,0,0,0,0,0,0,0,0,0,0
"	7668605730636398642",0731-瑞晨浩正图文-2,,,,,,,0,0,0,0,0,0,0,0,0,0,0,0,0,0,0
"	7668604720812392489",0731-图文-魏怡-5,,,,,,,0,0,0,0,0,0,0,0,0,0,0,0,0,0,0
"	7668604338583765042",0731-图文-魏怡-4,,,,,,,0,0,0,0,0,0,0,0,0,0,0,0,0,0,0
"	7668603748495802431",0731-图文-魏怡-3,,,,,,,0,0,0,0,0,0,0,0,0,0,0,0,0,0,0
"	7668602963708280858",0731-图文-魏怡-2,,,,,,,0,0,0,0,0,0,0,0,0,0,0,0,0,0,0
"	7668601746575343635",0731-图文-引流-魏怡-1,,,,,,,0,0,0,0,0,0,0,0,0,0,0,0,0,0,0
"	7667043844014915638",7.66704E+18,,,,,,,0,0,0,0,0,0,0,0,0,0,0,0,0,0,0
"	7667043801064734762",7.66704E+18,,,,,,,0,0,0,0,0,0,0,0,0,0,0,0,0,0,0
"	7666333093406539795",7.66633E+18,,,,,,,0,0,0,0,0,0,0,0,0,0,0,0,0,0,0
"	7666333089157562387",7.66633E+18,,,,,,,0,0,0,0,0,0,0,0,0,0,0,0,0,0,0
