素材id,视频名称,视频链接,投放情况,审核建议,素材评估,关联在投单元数,标签,消耗,展示数,点击数,点击率(%),平均点击单价(元),平均千次展现费用(元),转化数,转化成本,转化率(%),深度转化次数,深度转化成本,深度转化率(%),回访-加为好友(计费时间),回访-高潜成交(计费时间),回访-信息确认(计费时间)
"	7662605347073572914",0715瑞晨引流-2.mp4,https://video-cn.oceanengine.com/4f5d7da33b88985cd96434f373bc01a9/6a6fdb57/tos-cn-ve-51/d0ad68b878f1468cbca89a6b110e5487?a=1402&ch=0&cr=0&dr=3&cd=0%7C0%7C0%7C0&cv=1&br=1694&bt=1694&cs=0&ds=3&ft=J9ThAGkHH_Myq8Z-ttR_e2NvjTQ&mime_type=video_mp4&qs=0&rc=NXZpTGRTaFBnKWxncmd5aHFsc3IxZGY4ZDo8Nzg2NTs5aGRoaTpkQGkzczNoO286NWo8MzM0NjMzQFNsa3ZpcUQ6amtqXmJmK2BeaWpgYTojM2IuNTBjLl8zMTExMTEvMGEjZ2RwYWFhZmpfYS0tZDAwc3M%3D&btag=80000e00008000&dy_q=1785542733&feature_id=d6a18d7c5414b1f1e95a75faf9147845&l=20260801080532F7840132C3C96C031E7D&ply_type=3&policy=eyJ2bSI6MywidWlkIjoiMzEyOTY1MDYwMzg4ODE4NSJ9,已使用,审核通过,首发,22,--,75.79,3615,314,8.69,0.24,20.97,2,37.9,0.64,0,0,0,0,0,0
"	7667051423217614858",推送视频_0724-引导-嘉丽D-2改.mp4,https://video-cn.oceanengine.com/7e36febb533977efb7be003a6a762de4/6a6fdb53/tos-cn-ve-51/okDC2AAafQOujNggtvDZtTIyO2Sp1REBD0eqHO?a=1402&ch=0&cr=0&dr=3&cd=0%7C0%7C0%7C0&br=1460&bt=1460&cs=0&ds=3&ft=J9ThAGkHH_Myq8Z-ttR_e2NvjTQ&mime_type=video_mp4&qs=0&rc=NXZpTGRTaFBnKWxncmd5aHFsc3IxZGZlaGloODxoPGRkOjw0ODU0QGlqcDZuZW86dGw8MzM0NjMzQFNsa3ZpcUQ6amtqXmJmK2BeaWpgYTojLy4yXzYzM14uMTBgXzIxXmEjcXNiaWFhXjZnYS0tZDAwc3M%3D&btag=80000e00008000&dy_q=1785542733&feature_id=d6a18d7c5414b1f1e95a75faf9147845&l=20260801080532F7840132C3C96C031E7D&ply_type=3&policy=eyJ2bSI6MywidWlkIjoiMzEyOTY1MDYwMzg4ODE4NSJ9,未使用,审核通过,首发,1,--,14.96,266,8,3.01,1.87,56.24,1,14.96,12.5,0,0,0,0,0,0
"	7663464995961847844",0717-瑞晨引流-4.mp4,https://video-cn.oceanengine.com/a398ce5103f5ced2374696f0696dd3be/6a6fdb5c/tos-cn-ve-51/o8MhqAEfjQ1fgaAIIqRDB1ranDaRNWJ2QEIMRD?a=1402&ch=0&cr=0&dr=3&cd=0%7C0%7C0%7C0&cv=1&br=2086&bt=2086&cs=0&ds=4&ft=J9ThAGkHH_Myq8Z-ttR_e2NvjTQ&mime_type=video_mp4&qs=0&rc=NXZpTGRTaFBnKWxncmd5aHFsc3IxZGZmOmY3NjVmNTU4PGZnOjg1QGlqPG84aW86bDQ8MzM0NjMzQFNsa3ZpcUQ6amtqXmJmK2BeaWpgYTojNTEzY14xMF8xMWMvL2MtLmEjZ3JhZ2FhL2VhYS0tZDAwc3M%3D&btag=80000e00010000&dy_q=1785542733&feature_id=d6a18d7c5414b1f1e95a75faf9147845&l=20260801080532F7840132C3C96C031E7D&ply_type=3&policy=eyJ2bSI6MywidWlkIjoiMzEyOTY1MDYwMzg4ODE4NSJ9,已使用,审核通过,--,5,--,14.92,669,73,10.91,0.2,22.3,1,14.92,1.37,0,0,0,0,0,0
"	7664925201298063370",0720-瑞晨引流-3.mp4,https://video-cn.oceanengine.com/8927a4ee85d23416a246fa133fd49677/6a6fdb5c/tos-cn-ve-51/oEAVgBL1h7SgDmzIhcfIAtULiaIv16QXn7ZgZQ?a=1402&ch=0&cr=0&dr=3&cd=0%7C0%7C0%7C0&br=859&bt=859&cs=0&ds=3&ft=J9ThAGkHH_Myq8Z-ttR_e2NvjTQ&mime_type=video_mp4&qs=0&rc=NXZpTGRTaFBnKWxncmd5aHFsc3IxZGZpZTRlZWczMzw1Zmk1Zzk8QGkzbTNlZW86PG88MzM0NjMzQFNsa3ZpcUQ6amtqXmJmK2BeaWpgYTojLWItLjIwMF5hMTEwMDU2LmEja20zcWFhLy5jYS0tZDAwc3M%3D&btag=80000e00010000&dy_q=1785542733&feature_id=d6a18d7c5414b1f1e95a75faf9147845&l=20260801080532F7840132C3C96C031E7D&ply_type=3&policy=eyJ2bSI6MywidWlkIjoiMzEyOTY1MDYwMzg4ODE4NSJ9,已使用,审核通过,--,4,--,42.1,2042,180,8.81,0.23,20.62,1,42.1,0.56,0,0,0,0,0,0
"	7664925987020308489",0720-引流-魏怡-7.mp4,https://video-cn.oceanengine.com/d0d96245f3dc6a09940c6f10b5a8322a/6a6fdb6f/tos-cn-ve-51/okAAAB2e6NqRRBgXKl119glfCXpN2HagTwmD8l?a=1402&ch=0&cr=0&dr=3&cd=0%7C0%7C0%7C0&br=1379&bt=1379&cs=0&ds=3&ft=J9ThAGkHH_Myq8Z-ttR_e2NvjTQ&mime_type=video_mp4&qs=0&rc=NXZpTGRTaFBnKWxncmd5aHFsc3IxZGZoNTxpOmU2PGk2MzRmNzg1QGlqdzlwNW86c288MzM0NjMzQFNsa3ZpcUQ6amtqXmJmK2BeaWpgYTojLy0uLTUtMTVeMWBhYS4xX2Eja3JfZWFhXjBjYS0tZDAvc3M%3D&btag=80000e00018000&dy_q=1785542733&feature_id=d6a18d7c5414b1f1e95a75faf9147845&l=20260801080532F7840132C3C96C031E7D&ply_type=3&policy=eyJ2bSI6MywidWlkIjoiMzEyOTY1MDYwMzg4ODE4NSJ9,已使用,审核通过,--,4,--,19.13,811,44,5.43,0.43,23.59,1,19.13,2.27,0,0,0,0,0,0
"	7662605347073458226",0715瑞晨引流-1.mp4,https://video-cn.oceanengine.com/8cd612c0b31054d6f230b5d141a523c3/6a6fdb5a/tos-cn-ve-51/oUUIHuIQzdamtKWILnA8CEycCQC7TNkN5AX4l?a=1402&ch=0&cr=0&dr=3&cd=0%7C0%7C0%7C0&cv=1&br=1776&bt=1776&cs=0&ds=3&ft=J9ThAGkHH_Myq8Z-ttR_e2NvjTQ&mime_type=video_mp4&qs=0&rc=NXZpTGRTaFBnKWxncmd5aHFsc3IxZGY8PGQ7NGZmaGQ6ZzM8PDc4QGlqZHJ5OW86NWo8MzM0NjMzQFNsa3ZpcUQ6amtqXmJmK2BeaWpgYTojNC1gM2MzXjYtMTViYy5jX2EjZ2QyM2FhZmpfYS0tZDBhc3M%3D&btag=80000e00008000&dy_q=1785542733&feature_id=d6a18d7c5414b1f1e95a75faf9147845&l=20260801080532F7840132C3C96C031E7D&ply_type=3&policy=eyJ2bSI6MywidWlkIjoiMzEyOTY1MDYwMzg4ODE4NSJ9,已使用,审核通过,首发,19,--,7,273,7,2.56,1,25.64,0,0,0,0,0,0,0,0,0
"	7667905164871614514",推送视频_0729-国星引流-学姐1.mp4,https://video-cn.oceanengine.com/ebef334440bd2c384a786e5b9fa45f8e/6a6fdb58/tos-cn-ve-51/oYdDNagzha3mABCznquoN1gD82QeRAf1ITvp31?a=1402&ch=0&cr=0&dr=3&cd=0%7C0%7C0%7C0&cv=1&br=1320&bt=1320&cs=0&ds=3&ft=J9ThAGkHH_Myq8Z-ttR_e2NvjTQ&mime_type=video_mp4&qs=0&rc=NXZpTGRTaFBnKWxncmd5aHFsc3IxZGY5Ozc4ODtmM2Q3OjpkNjgzQGlqeTo3ZW86ZHc8MzM0NjMzQFNsa3ZpcUQ6amtqXmJmK2BeaWpgYTojNGFgMzMyY14tMV5hMWIzX2EjbW9vaGFhL3JoYS0tZDAvc3M%3D&btag=80000e00008000&dy_q=1785542733&feature_id=d6a18d7c5414b1f1e95a75faf9147845&l=20260801080532F7840132C3C96C031E7D&ply_type=3&policy=eyJ2bSI6MywidWlkIjoiMzEyOTY1MDYwMzg4ODE4NSJ9,未使用,审核通过,--,1,--,17.63,852,73,8.57,0.24,20.69,2,8.82,2.74,0,0,0,0,0,0
"	7663102736046964772",0716-引导-小敏-修改.mp4,https://video-cn.oceanengine.com/a43a304cad4af88b78800678e76f9401/6a6fdb55/tos-cn-ve-51/oktCIEejZiJQXdGbiwsUDg17UIvqfKABAeotxC?a=1402&ch=0&cr=0&dr=3&cd=0%7C0%7C0%7C0&cv=1&br=1088&bt=1088&cs=0&ds=4&ft=J9ThAGkHH_Myq8Z-ttR_e2NvjTQ&mime_type=video_mp4&qs=0&rc=NXZpTGRTaFBnKWxncmd5aHFsc3IxZGZkZTw5NjlmNzY3aDU8ZTM2QGkzN3E6Z286dmY8MzM0NjMzQFNsa3ZpcUQ6amtqXmJmK2BeaWpgYTojXzAtMzU1Xl5gMTNiMzMyNGEjaXJyLWFhXnJgYS0tZDAvc3M%3D&btag=80000e00008000&dy_q=1785542733&feature_id=d6a18d7c5414b1f1e95a75faf9147845&l=20260801080532F7840132C3C96C031E7D&ply_type=3&policy=eyJ2bSI6MywidWlkIjoiMzEyOTY1MDYwMzg4ODE4NSJ9,已使用,审核通过,首发,11,--,55.11,2654,214,8.06,0.26,20.76,7,7.87,3.27,0,0,0,0,0,0
"	7662989656637423654",0715瑞晨引流修改-4.mp4,https://video-cn.oceanengine.com/4a79d010c87ec032b0fdebfaf5a62034/6a6fdb56/tos-cn-ve-51/owalYIVHaS1ChhTPCUBAQd2TzuyoW0AItQodE?a=1402&ch=0&cr=0&dr=3&cd=0%7C0%7C0%7C0&cv=1&br=2001&bt=2001&cs=0&ds=3&ft=J9ThAGkHH_Myq8Z-ttR_e2NvjTQ&mime_type=video_mp4&qs=0&rc=NXZpTGRTaFBnKWxncmd5aHFsc3IxZGY1Njo6NTk0OTg4NjxmOjQ5QGkzbzkzO286aDk8MzM0NjMzQFNsa3ZpcUQ6amtqXmJmK2BeaWpgYTojM2MuNTIvMTUyMTRiLjQvMmEjNjBkbWFhbmVgYS0tZDBhc3M%3D&btag=80000e00008000&dy_q=1785542733&feature_id=d6a18d7c5414b1f1e95a75faf9147845&l=20260801080532F7840132C3C96C031E7D&ply_type=3&policy=eyJ2bSI6MywidWlkIjoiMzEyOTY1MDYwMzg4ODE4NSJ9,已使用,审核通过,--,7,--,11.34,504,92,18.25,0.12,22.5,0,0,0,0,0,0,0,0,0
"	7664925165076463667",0720-瑞晨引流-5.mp4,https://video-cn.oceanengine.com/59fe5d25bc69b87d7622c3bfe8e196fb/6a6fdb5c/tos-cn-ve-51/oYeSgX1A9RqFa11CWDRBNykfXU0mo1D9A2AMRg?a=1402&ch=0&cr=0&dr=3&cd=0%7C0%7C0%7C0&br=768&bt=768&cs=0&ds=3&ft=J9ThAGkHH_Myq8Z-ttR_e2NvjTQ&mime_type=video_mp4&qs=0&rc=NXZpTGRTaFBnKWxncmd5aHFsc3IxZGZlOzw8NTw1OGRnM2ZlPDU2QGlqd3c8OG86PG88MzM0NjMzQFNsa3ZpcUQ6amtqXmJmK2BeaWpgYTojMS40LjYzXl4wMWIwYmMyYGEjLm4yM2FhLy5jYS0tZDAwc3M%3D&btag=80000e00010000&dy_q=1785542733&feature_id=d6a18d7c5414b1f1e95a75faf9147845&l=20260801080532F7840132C3C96C031E7D&ply_type=3&policy=eyJ2bSI6MywidWlkIjoiMzEyOTY1MDYwMzg4ODE4NSJ9,已使用,审核通过,--,5,--,2.67,108,5,4.63,0.53,24.72,0,0,0,0,0,0,0,0,0
"	7662705450031562779",0715-引导-小敏-7.mp4,https://video-cn.oceanengine.com/1f28d40ee7362ac9642adbd6134381ee/6a6fdb58/tos-cn-ve-51/oMd1UZPldMZzthIGmIAgalJ0QiREOIAgXDWuU?a=1402&ch=0&cr=0&dr=3&cd=0%7C0%7C0%7C0&br=523&bt=523&cs=0&ds=3&ft=J9ThAGkHH_Myq8Z-ttR_e2NvjTQ&mime_type=video_mp4&qs=0&rc=NXZpTGRTaFBnKWxncmd5aHFsc3IxZGZoOzM0Omk4Z2U5NzY1NzQ6QGlqa3g4aG86NnA8MzM0NjMzQFNsa3ZpcUQ6amtqXmJmK2BeaWpgYTojYmEzL2JfYDZgMTJhYDQ1X2EjMV4uMWFhXmBfYS0tZDAvc3M%3D&btag=80000e00008000&dy_q=1785542733&feature_id=d6a18d7c5414b1f1e95a75faf9147845&l=20260801080532F7840132C3C96C031E7D&ply_type=3&policy=eyJ2bSI6MywidWlkIjoiMzEyOTY1MDYwMzg4ODE4NSJ9,未使用,审核通过,首发,7,--,16.79,599,52,8.68,0.32,28.03,1,16.79,1.92,0,0,0,0,0,0
"	7664926038411853874",0720-引流-魏怡-10.mp4,https://video-cn.oceanengine.com/8500b309123cfef876f19e129ecb74cb/6a6fdb65/tos-cn-ve-51/oAqfeGKKRCwvegtUgjbUGiaBoPukqA5OAjAQ1U?a=1402&ch=0&cr=0&dr=3&cd=0%7C0%7C0%7C0&br=1388&bt=1388&cs=0&ds=3&ft=J9ThAGkHH_Myq8Z-ttR_e2NvjTQ&mime_type=video_mp4&qs=0&rc=NXZpTGRTaFBnKWxncmd5aHFsc3IxZGZkZmdlN2VkODVlMzw2NTRpQGlqaHg5ZW86c288MzM0NjMzQFNsa3ZpcUQ6amtqXmJmK2BeaWpgYTojXjU0MzNfMjVgMV4xLWEtNWEjYGxiXmFhXjBjYS0tZDAwc3M%3D&btag=80000e00010000&dy_q=1785542733&feature_id=d6a18d7c5414b1f1e95a75faf9147845&l=20260801080532F7840132C3C96C031E7D&ply_type=3&policy=eyJ2bSI6MywidWlkIjoiMzEyOTY1MDYwMzg4ODE4NSJ9,未使用,审核通过,--,4,--,4.97,217,11,5.07,0.45,22.9,1,4.97,9.09,0,0,0,0,0,0
"	7664925213059399690",0718瑞晨21-修改.mp4,https://video-cn.oceanengine.com/158ea08bcbea63dba0cd690e1edf1888/6a6fdb57/tos-cn-ve-51/owaDi1aXug1fkwAACkzgR52CqeRPNSZACHX1oB?a=1402&ch=0&cr=0&dr=3&cd=0%7C0%7C0%7C0&cv=1&br=1534&bt=1534&cs=0&ds=3&ft=J9ThAGkHH_Myq8Z-ttR_e2NvjTQ&mime_type=video_mp4&qs=0&rc=NXZpTGRTaFBnKWxncmd5aHFsc3IxZGZpOmc4NTlmNTs0NGc4NjZlQGlqZXNlZm86PG88MzM0NjMzQFNsa3ZpcUQ6amtqXmJmK2BeaWpgYTojMjE2YF81YjZgMTJiMi41XmEjaGVmLWFhLy5jYS0tZDAvc3M%3D&btag=80000e00008000&dy_q=1785542733&feature_id=d6a18d7c5414b1f1e95a75faf9147845&l=20260801080532F7840132C3C96C031E7D&ply_type=3&policy=eyJ2bSI6MywidWlkIjoiMzEyOTY1MDYwMzg4ODE4NSJ9,已使用,审核通过,首发,7,--,43.95,2004,243,12.13,0.18,21.93,7,6.28,2.88,0,0,0,0,0,0
"	7663055225868468274",0714-引导-雅迪-2-改.mp4,https://video-cn.oceanengine.com/58afdb23837442d8e95b4049725b711d/6a6fdb60/tos-cn-ve-51/oMS0Q4tVQYIAgBqnBEkAFjMkllopIAqWzdai1?a=1402&ch=0&cr=0&dr=3&cd=0%7C0%7C0%7C0&br=680&bt=680&cs=0&ds=3&ft=J9ThAGkHH_Myq8Z-ttR_e2NvjTQ&mime_type=video_mp4&qs=0&rc=NXZpTGRTaFBnKWxncmd5aHFsc3IxZGY5aTtoZTNoZTxkPGQ2PDo8QGlqb2Q8ZG86ZmQ8MzM0NjMzQFNsa3ZpcUQ6amtqXmJmK2BeaWpgYTojM2A2NWNhL14yMV9eMzJgYWEjZWhebmFhZjVgYS0tZDAvc3M%3D&btag=80000e00010000&dy_q=1785542733&feature_id=d6a18d7c5414b1f1e95a75faf9147845&l=20260801080532F7840132C3C96C031E7D&ply_type=3&policy=eyJ2bSI6MywidWlkIjoiMzEyOTY1MDYwMzg4ODE4NSJ9,已使用,审核通过,首发,7,--,11.41,466,25,5.36,0.46,24.48,0,0,0,0,0,0,0,0,0
"	7664925453538852910",0720-瑞晨引流-4.mp4,https://video-cn.oceanengine.com/2b94753463e7e09688c05ffc9bb17208/6a6fdb5c/tos-cn-ve-51/okImhh1A602uxS4faAQodLtyXCgABQIY7UBMsL?a=1402&ch=0&cr=0&dr=3&cd=0%7C0%7C0%7C0&br=566&bt=566&cs=0&ds=3&ft=J9ThAGkHH_Myq8Z-ttR_e2NvjTQ&mime_type=video_mp4&qs=0&rc=NXZpTGRTaFBnKWxncmd5aHFsc3IxZGY0Nzk1aDQ3Z2Q2Omg6ODs5QGkzaDZvZm86PG88MzM0NjMzQFNsa3ZpcUQ6amtqXmJmK2BeaWpgYTojYDYyMDY2MzZfMV9fMTM0Y2EjcjVkX2FhLy5jYS0tZDAvc3M%3D&btag=80000e00010000&dy_q=1785542733&feature_id=d6a18d7c5414b1f1e95a75faf9147845&l=20260801080532F7840132C3C96C031E7D&ply_type=3&policy=eyJ2bSI6MywidWlkIjoiMzEyOTY1MDYwMzg4ODE4NSJ9,已使用,审核通过,--,5,--,2.74,89,2,2.25,1.37,30.79,0,0,0,0,0,0,0,0,0
"	7664925203185598515",0720-瑞晨引流-7.mp4,https://video-cn.oceanengine.com/171e78c1575ae04e241b8d6c3b2f3e1a/6a6fdb5c/tos-cn-ve-51/oEOL1fC21kQIXDLqA1gINU3ajRS8SqDCA1eBgg?a=1402&ch=0&cr=0&dr=3&cd=0%7C0%7C0%7C0&br=987&bt=987&cs=0&ds=3&ft=J9ThAGkHH_Myq8Z-ttR_e2NvjTQ&mime_type=video_mp4&qs=0&rc=NXZpTGRTaFBnKWxncmd5aHFsc3IxZGY6MzllZzw6NjZlM2lnZTc1QGlqNWVxNm86PG88MzM0NjMzQFNsa3ZpcUQ6amtqXmJmK2BeaWpgYTojYS41LTRhLV8vMTRiLi1hMGEjNGRiamFhLy5jYS0tZDAvc3M%3D&btag=80000e00010000&dy_q=1785542733&feature_id=d6a18d7c5414b1f1e95a75faf9147845&l=20260801080532F7840132C3C96C031E7D&ply_type=3&policy=eyJ2bSI6MywidWlkIjoiMzEyOTY1MDYwMzg4ODE4NSJ9,已使用,审核通过,--,6,--,12.5,523,27,5.16,0.46,23.9,0,0,0,0,0,0,0,0,0
"	7662604446477156362",0714-瑞晨引导-11.mp4,https://video-cn.oceanengine.com/6256aba469cb7706c14624780243f797/6a6fdb57/tos-cn-ve-51/oE1ouMRogd5wqaDDGxfBAuNI2VIAFQIgNTq8Qf?a=1402&ch=0&cr=0&dr=3&cd=0%7C0%7C0%7C0&cv=1&br=1551&bt=1551&cs=0&ds=3&ft=J9ThAGkHH_Myq8Z-ttR_e2NvjTQ&mime_type=video_mp4&qs=0&rc=NXZpTGRTaFBnKWxncmd5aHFsc3IxZGY8ZjY3NTM6OmgzNmVoPDRmQGkzdnQ0aW86ZWo8MzM0NjMzQFNsa3ZpcUQ6amtqXmJmK2BeaWpgYTojXi8uXzEzYDU0MTJhNGMtYWEjZmcubmFhZmhfYS0tZDBhc3M%3D&btag=80000e00008000&dy_q=1785542733&feature_id=d6a18d7c5414b1f1e95a75faf9147845&l=20260801080532F7840132C3C96C031E7D&ply_type=3&policy=eyJ2bSI6MywidWlkIjoiMzEyOTY1MDYwMzg4ODE4NSJ9,已使用,审核通过,首发,14,--,11.39,450,35,7.78,0.33,25.31,1,11.39,2.86,0,0,0,0,0,0
"	7662602421135540270",0714-引导-嘉丽-2.mp4,https://video-cn.oceanengine.com/a9891b09a20ca51c9f278702a105eaf3/6a6fdb58/tos-cn-ve-51/ocIUI6tTL7hxtxmXgQaAEQKPmf1QCA5BB476IZ?a=1402&ch=0&cr=0&dr=3&cd=0%7C0%7C0%7C0&br=852&bt=852&cs=0&ds=3&ft=J9ThAGkHH_Myq8Z-ttR_e2NvjTQ&mime_type=video_mp4&qs=0&rc=NXZpTGRTaFBnKWxncmd5aHFsc3IxZGY2M2k8NTs1ZGc7ODdmZTk0QGkzazx4Om86cmo8MzM0NjMzQFNsa3ZpcUQ6amtqXmJmK2BeaWpgYTojNTI0NGAzMzU2MTUwYWI1NWEjcTZzc2FhZmRfYS0tZDAwc3M%3D&btag=80000e00008000&dy_q=1785542733&feature_id=d6a18d7c5414b1f1e95a75faf9147845&l=20260801080532F7840132C3C96C031E7D&ply_type=3&policy=eyJ2bSI6MywidWlkIjoiMzEyOTY1MDYwMzg4ODE4NSJ9,已使用,审核通过,首发,13,--,59.13,2633,265,10.06,0.22,22.46,3,19.71,1.13,0,0,0,0,0,0
"	7667905178185842697",推送视频_0729-国星引流-图文3.mp4,https://video-cn.oceanengine.com/8a907076243ac03caf9977f28eda6d96/6a6fdb57/tos-cn-ve-51/okUT7qrageINAIe0qCElLxtpDzApCdI3BKQOaS?a=1402&ch=0&cr=0&dr=3&cd=0%7C0%7C0%7C0&br=1719&bt=1719&cs=0&ds=3&ft=J9ThAGkHH_Myq8Z-ttR_e2NvjTQ&mime_type=video_mp4&qs=0&rc=NXZpTGRTaFBnKWxncmd5aHFsc3IxZGY0NTllaThoM2doMztoOjM6QGkzZHVrN286ZHc8MzM0NjMzQFNsa3ZpcUQ6amtqXmJmK2BeaWpgYTojYTIzLi0uNF5jMWFjXi01MGEjNDNjXmFhL3JoYS0tZDAvc3M%3D&btag=80000e00008000&dy_q=1785542733&feature_id=d6a18d7c5414b1f1e95a75faf9147845&l=20260801080532F7840132C3C96C031E7D&ply_type=3&policy=eyJ2bSI6MywidWlkIjoiMzEyOTY1MDYwMzg4ODE4NSJ9,未使用,审核通过,--,1,--,7.63,546,32,5.86,0.24,13.97,0,0,0,0,0,0,0,0,0
"	7667905926621560883",推送视频_0729-瑞晨浩正引流素材-12.mp4,https://video-cn.oceanengine.com/51a5b8fef8a33b507c6096fc8e1f5f93/6a6fdb6c/tos-cn-ve-51/o81ChVpc4AqIOAWmsgDEjCcQFNBzQAktxf4tdj?a=1402&ch=0&cr=0&dr=3&cd=0%7C0%7C0%7C0&br=1323&bt=1323&cs=0&ds=3&ft=J9ThAGkHH_Myq8Z-ttR_e2NvjTQ&mime_type=video_mp4&qs=0&rc=NXZpTGRTaFBnKWxncmd5aHFsc3IxZGYzNjVpOjZkZzc5Omk3NmhpQGlqZGY7Zm86cnc8MzM0NjMzQFNsa3ZpcUQ6amtqXmJmK2BeaWpgYTojXy5fLWEyYzVfMTM1MjYwYmEjZTRyYmFhZnNoYS0tZDAwc3M%3D&btag=80000e00018000&dy_q=1785542733&feature_id=d6a18d7c5414b1f1e95a75faf9147845&l=20260801080532F7840132C3C96C031E7D&ply_type=3&policy=eyJ2bSI6MywidWlkIjoiMzEyOTY1MDYwMzg4ODE4NSJ9,未使用,审核通过,--,1,--,13.27,741,22,2.97,0.6,17.91,1,13.27,4.55,0,0,0,0,0,0
"	7663055203151855666",0716-引导-小敏-2.mp4,https://video-cn.oceanengine.com/637785eaa9fa8b9adee4a926d2c44d42/6a6fdb56/tos-cn-ve-51/o0rvEILd5dIGpCYQAiaNEsGkxlzOAWBIoKwtA?a=1402&ch=0&cr=0&dr=3&cd=0%7C0%7C0%7C0&cv=1&br=822&bt=822&cs=0&ds=3&ft=J9ThAGkHH_Myq8Z-ttR_e2NvjTQ&mime_type=video_mp4&qs=0&rc=NXZpTGRTaFBnKWxncmd5aHFsc3IxZGZlaGhkaTppNGZnaDk7ZzVmQGlqOWRsZm86ZWQ8MzM0NjMzQFNsa3ZpcUQ6amtqXmJmK2BeaWpgYTojNGMuYDE1L19fMTAtMDVfNWEjaWQuLWFhLzVgYS0tZDAwc3M%3D&btag=80000e00008000&dy_q=1785542733&feature_id=d6a18d7c5414b1f1e95a75faf9147845&l=20260801080532F7840132C3C96C031E7D&ply_type=3&policy=eyJ2bSI6MywidWlkIjoiMzEyOTY1MDYwMzg4ODE4NSJ9,未使用,审核通过,--,7,--,58.86,2820,308,10.92,0.19,20.87,4,14.72,1.3,0,0,0,0,1,0
"	7662989817081184266",0715瑞晨引流修改-3.mp4,https://video-cn.oceanengine.com/9f769747eaf1384b8ec42e81afe232ad/6a6fdb70/tos-cn-ve-51/osR9we7AAgB260g6eo13NqIcWQOij0N0Ga8DCE?a=1402&ch=0&cr=0&dr=3&cd=0%7C0%7C0%7C0&cv=1&br=1739&bt=1739&cs=0&ds=3&ft=J9ThAGkHH_Myq8Z-ttR_e2NvjTQ&mime_type=video_mp4&qs=0&rc=NXZpTGRTaFBnKWxncmd5aHFsc3IxZGY7aDc5aDplN2ZkOjM0ODVnQGkzdXVqaW86aDk8MzM0NjMzQFNsa3ZpcUQ6amtqXmJmK2BeaWpgYTojLy02NjEzMV8zMTAvMS0uYGEjc2hnYmFhbmVgYS0tZDBhc3M%3D&btag=80000e00018000&dy_q=1785542733&feature_id=d6a18d7c5414b1f1e95a75faf9147845&l=20260801080532F7840132C3C96C031E7D&ply_type=3&policy=eyJ2bSI6MywidWlkIjoiMzEyOTY1MDYwMzg4ODE4NSJ9,未使用,审核通过,--,5,--,23.69,1074,29,2.7,0.82,22.06,1,23.69,3.45,0,0,0,0,0,0
"	7662213071909732378",0713-引导-小敏-1.mp4,https://video-cn.oceanengine.com/49a127f3cf95adce678795e7724ea9c4/6a6fdb5c/tos-cn-ve-51/oQnQDEBTg51AhWEagwioAiMBmgVB4QSmKIfdia?a=1402&ch=0&cr=0&dr=3&cd=0%7C0%7C0%7C0&cv=1&br=874&bt=874&cs=0&ds=3&ft=J9ThAGkHH_Myq8Z-ttR_e2NvjTQ&mime_type=video_mp4&qs=0&rc=NXZpTGRTaFBnKWxncmd5aHFsc3IxZGY7Zjs2OzQ3ZjQ1NTVlO2c5QGlqdGQ7czlyPDk8MzM0NjMzQFNsa3ZpcUQ6amtqXmJmK2BeaWpgYTojYjQ2X2JhY180MS4wNTA1NmEjZDEucDJkc2ZkYS0tZDBhc3M%3D&btag=80000e00010000&dy_q=1785542733&feature_id=d6a18d7c5414b1f1e95a75faf9147845&l=20260801080532F7840132C3C96C031E7D&ply_type=3&policy=eyJ2bSI6MywidWlkIjoiMzEyOTY1MDYwMzg4ODE4NSJ9,已使用,审核通过,--,2,--,0.56,21,0,0,0,26.67,0,0,0,0,0,0,0,0,0
"	7664925158484607003",0720-瑞晨引流-8.mp4,https://video-cn.oceanengine.com/a56d0f534a43315a0c4a3bab85eb7531/6a6fdb5c/tos-cn-ve-51/oQX9gg12zeGIeDJeBAqARFv1bsUAoClGFqtSjA?a=1402&ch=0&cr=0&dr=3&cd=0%7C0%7C0%7C0&br=747&bt=747&cs=0&ds=3&ft=J9ThAGkHH_Myq8Z-ttR_e2NvjTQ&mime_type=video_mp4&qs=0&rc=NXZpTGRTaFBnKWxncmd5aHFsc3IxZGZoNmhpaWY8OGg2N2hmOTRoQGkzamxzaG86PG88MzM0NjMzQFNsa3ZpcUQ6amtqXmJmK2BeaWpgYTojXmIwYGFjYjU2MTAwNTBeMmEjcHJwamFhLy5jYS0tZDAwc3M%3D&btag=80000e00010000&dy_q=1785542733&feature_id=d6a18d7c5414b1f1e95a75faf9147845&l=20260801080532F7840132C3C96C031E7D&ply_type=3&policy=eyJ2bSI6MywidWlkIjoiMzEyOTY1MDYwMzg4ODE4NSJ9,已使用,审核通过,--,3,--,4.8,121,7,5.79,0.69,39.67,2,2.4,28.57,0,0,0,0,0,0
"	7662602318490189862",0714-引导-小敏-2.mp4,https://video-cn.oceanengine.com/e9b0b7302c9cfb88d0ded3217df149a8/6a6fdb5c/tos-cn-ve-51/oETTYtClrkEzlCEaIccPzAQJdWzOtIQAIIVXG?a=1402&ch=0&cr=0&dr=3&cd=0%7C0%7C0%7C0&cv=1&br=1254&bt=1254&cs=0&ds=3&ft=J9ThAGkHH_Myq8Z-ttR_e2NvjTQ&mime_type=video_mp4&qs=0&rc=NXZpTGRTaFBnKWxncmd5aHFsc3IxZGY0NGZlZjk7aWc7Omg6Njg5QGlqOWZsZW86cmo8MzM0NjMzQFNsa3ZpcUQ6amtqXmJmK2BeaWpgYTojLjUzNjRjNl9fMTQvMTUvYWEjbXBiNGFhZmRfYS0tZDBhc3M%3D&btag=80000e00010000&dy_q=1785542733&feature_id=d6a18d7c5414b1f1e95a75faf9147845&l=20260801080532F7840132C3C96C031E7D&ply_type=3&policy=eyJ2bSI6MywidWlkIjoiMzEyOTY1MDYwMzg4ODE4NSJ9,已使用,审核通过,首发,11,--,14.21,372,12,3.23,1.18,38.2,2,7.11,16.67,0,0,0,0,0,0
"	7662604418197995571",0714-瑞晨引导-2.mp4,https://video-cn.oceanengine.com/e0c3fcc67b89414663853dd196246410/6a6fdb5c/tos-cn-ve-51/oEcBAQ4CIdwXPpLW0NKWmALEzQaCIQytkhWli?a=1402&ch=0&cr=0&dr=3&cd=0%7C0%7C0%7C0&br=648&bt=648&cs=0&ds=3&ft=J9ThAGkHH_Myq8Z-ttR_e2NvjTQ&mime_type=video_mp4&qs=0&rc=NXZpTGRTaFBnKWxncmd5aHFsc3IxZGY6ZTU1M2k5ZmU5NWRpOGk3QGkzbDc1NW86ZWo8MzM0NjMzQFNsa3ZpcUQ6amtqXmJmK2BeaWpgYTojNDEzMy41NDZgMWNeMzE0NWEjX3NwX2FhZmhfYS0tZDAwc3M%3D&btag=80000e00010000&dy_q=1785542733&feature_id=d6a18d7c5414b1f1e95a75faf9147845&l=20260801080532F7840132C3C96C031E7D&ply_type=3&policy=eyJ2bSI6MywidWlkIjoiMzEyOTY1MDYwMzg4ODE4NSJ9,已使用,审核通过,--,5,--,6.98,268,22,8.21,0.32,26.04,0,0,0,0,0,0,0,0,0
"	7664925189496602651",0720-瑞晨引流-6.mp4,https://video-cn.oceanengine.com/999d915e92a1c8c04695f4670a141166/6a6fdb5c/tos-cn-ve-51/oYC8gRNy1ASqaafDkf2U1kQLXBDIl6ag0uNKCA?a=1402&ch=0&cr=0&dr=3&cd=0%7C0%7C0%7C0&br=620&bt=620&cs=0&ds=3&ft=J9ThAGkHH_Myq8Z-ttR_e2NvjTQ&mime_type=video_mp4&qs=0&rc=NXZpTGRTaFBnKWxncmd5aHFsc3IxZGZnNTY5ZTwzZWgzNmczZGQ5QGlqOXhxZ286PG88MzM0NjMzQFNsa3ZpcUQ6amtqXmJmK2BeaWpgYTojXjIwL18uM181MS1hXzIyM2Ejcm4yMWFhLy5jYS0tZDAwc3M%3D&btag=80000e00010000&dy_q=1785542733&feature_id=d6a18d7c5414b1f1e95a75faf9147845&l=20260801080532F7840132C3C96C031E7D&ply_type=3&policy=eyJ2bSI6MywidWlkIjoiMzEyOTY1MDYwMzg4ODE4NSJ9,已使用,审核通过,--,6,--,6.78,216,13,6.02,0.52,31.39,0,0,0,0,0,0,0,0,0
"	7662602433123483686",0714-引导-嘉丽-1.mp4,https://video-cn.oceanengine.com/2d6365c25295e5e6ce290b6ddf05759e/6a6fdb57/tos-cn-ve-51/o8daEzldDItYIkttvaHOQUMCCIAXWETc2XIkA?a=1402&ch=0&cr=0&dr=3&cd=0%7C0%7C0%7C0&cv=1&br=356&bt=356&cs=0&ds=3&ft=J9ThAGkHH_Myq8Z-ttR_e2NvjTQ&mime_type=video_mp4&qs=0&rc=NXZpTGRTaFBnKWxncmd5aHFsc3IxZGZlaTM3ZWZoOjc8OjVlNzg7QGlqNztzZ286cmo8MzM0NjMzQFNsa3ZpcUQ6amtqXmJmK2BeaWpgYTojLy00NWJfMl4tMWNgLTViXmEjX2wta2FhZmRfYS0tZDBhc3M%3D&btag=80000e00008000&dy_q=1785542733&feature_id=d6a18d7c5414b1f1e95a75faf9147845&l=20260801080532F7840132C3C96C031E7D&ply_type=3&policy=eyJ2bSI6MywidWlkIjoiMzEyOTY1MDYwMzg4ODE4NSJ9,已使用,审核通过,--,11,--,1.47,89,5,5.62,0.29,16.52,0,0,0,0,0,0,0,0,0
"	7660186951438139446",0708-引导-嘉丽-4.mp4,https://video-cn.oceanengine.com/d65d6be83cb3c1fd219d1954784382d7/6a6fdb5e/tos-cn-ve-51/oAI2IMemSOfERB7VrgE1Exf9AQt8CpAeVqaI17?a=1402&ch=0&cr=0&dr=3&cd=0%7C0%7C0%7C0&cv=1&br=866&bt=866&cs=0&ds=3&ft=J9ThAGkHH_Myq8Z-ttR_e2NvjTQ&mime_type=video_mp4&qs=0&rc=NXZpTGRTaFBnKWxncmd5aHFsc3IxZGY4ZTVmPGhmMzVnOjc2OGdlQGkzZXhxOm86aXk8MzM0NjMzQFNsa3ZpcUQ6amtqXmJmK2BeaWpgYTojX2MvLTMwXjUyMS01YmExNmEjNmljNmFhZmNeYS0tZDAvc3M%3D&btag=80000e00010000&dy_q=1785542733&feature_id=d6a18d7c5414b1f1e95a75faf9147845&l=20260801080532F7840132C3C96C031E7D&ply_type=3&policy=eyJ2bSI6MywidWlkIjoiMzEyOTY1MDYwMzg4ODE4NSJ9,已使用,审核通过,--,17,--,31.01,1033,22,2.13,1.41,30.02,3,10.34,13.64,0,0,0,0,0,0
"	7662989766527631387",0714瑞晨引流修改-7.mp4,https://video-cn.oceanengine.com/a80acc3f68dabf59333b3a8c637c5829/6a6fdb56/tos-cn-ve-51/owEgA6r0oAQWnQnzauhWltWYaQdIuNCI2Zacx?a=1402&ch=0&cr=0&dr=3&cd=0%7C0%7C0%7C0&cv=1&br=2256&bt=2256&cs=0&ds=3&ft=J9ThAGkHH_Myq8Z-ttR_e2NvjTQ&mime_type=video_mp4&qs=0&rc=NXZpTGRTaFBnKWxncmd5aHFsc3IxZGZmZGRpNDQ0Zmg2Ozo0Ozk8QGkzcDU6Om86aDk8MzM0NjMzQFNsa3ZpcUQ6amtqXmJmK2BeaWpgYTojNmEtLTU0YV82MS8xMy9jMmEjcXEvX2FhbmVgYS0tZDAvc3M%3D&btag=80000e00008000&dy_q=1785542733&feature_id=d6a18d7c5414b1f1e95a75faf9147845&l=20260801080532F7840132C3C96C031E7D&ply_type=3&policy=eyJ2bSI6MywidWlkIjoiMzEyOTY1MDYwMzg4ODE4NSJ9,已使用,审核通过,--,19,--,94.78,4635,457,9.86,0.21,20.45,4,23.7,0.88,0,0,0,0,0,0
"	7664925347281780787",0720-引导-嘉丽-5.mp4,https://video-cn.oceanengine.com/354b5bd0a2e16891a6cd52010845ac58/6a6fdb5f/tos-cn-ve-51/oMS7lUNZQoHBhsLAAfNaIAGmi1Atgk6QGWa1Ix?a=1402&ch=0&cr=0&dr=3&cd=0%7C0%7C0%7C0&cv=1&br=1461&bt=1461&cs=0&ds=3&ft=J9ThAGkHH_Myq8Z-ttR_e2NvjTQ&mime_type=video_mp4&qs=0&rc=NXZpTGRTaFBnKWxncmd5aHFsc3IxZGZoaDtoO2RoaGVpO2ZoO2g4QGlqM2Q5Nm86dG88MzM0NjMzQFNsa3ZpcUQ6amtqXmJmK2BeaWpgYTojY14yLTIxMjUtMS4tYGAvLWEjLmEzbmFhZi9jYS0tZDAvc3M%3D&btag=80000e00010000&dy_q=1785542733&feature_id=d6a18d7c5414b1f1e95a75faf9147845&l=20260801080532F7840132C3C96C031E7D&ply_type=3&policy=eyJ2bSI6MywidWlkIjoiMzEyOTY1MDYwMzg4ODE4NSJ9,已使用,审核通过,--,3,--,6.93,330,12,3.64,0.58,21,1,6.93,8.33,0,0,0,0,0,0
"	7664925207200579630",0720-瑞晨引流-9.mp4,https://video-cn.oceanengine.com/8b56d17efebbd244f1d474d35344689e/6a6fdb5c/tos-cn-ve-51/ooFKAoJeTYAXoMJifUslEtSA1ZMAUJefiO4deg?a=1402&ch=0&cr=0&dr=3&cd=0%7C0%7C0%7C0&br=643&bt=643&cs=0&ds=3&ft=J9ThAGkHH_Myq8Z-ttR_e2NvjTQ&mime_type=video_mp4&qs=0&rc=NXZpTGRTaFBnKWxncmd5aHFsc3IxZGZoaDk5Ozg3MztoOTVpaTVoQGlqNTp2bDlyPG88MzM0NjMzQFNsa3ZpcUQ6amtqXmJmK2BeaWpgYTojNi0vNTVeMzVjMTBeNTYvLmEjZDBgXzJkNC5jYS0tZDBhc3M%3D&btag=80000e00010000&dy_q=1785542733&feature_id=d6a18d7c5414b1f1e95a75faf9147845&l=20260801080532F7840132C3C96C031E7D&ply_type=3&policy=eyJ2bSI6MywidWlkIjoiMzEyOTY1MDYwMzg4ODE4NSJ9,已使用,审核通过,--,4,--,6.11,170,2,1.18,3.06,35.94,0,0,0,0,0,0,0,0,0
"	7667039015361314843",推送视频_0724-国星引流-存2.mp4-2户,https://video-cn.oceanengine.com/b424840acc2b7d4bc1cf7c6ce7535185/6a6fdb67/tos-cn-ve-51/oQlJIVQWaUUzMtgdD6kZ2AE5ntmQIwcPAJdhN?a=1402&ch=0&cr=0&dr=3&cd=0%7C0%7C0%7C0&br=997&bt=997&cs=0&ds=3&ft=J9ThAGkHH_Myq8Z-ttR_e2NvjTQ&mime_type=video_mp4&qs=0&rc=NXZpTGRTaFBnKWxncmd5aHFsc3IxZGZlOWhlZzdmOTo7ODhnN2g2QGlqczhyZ286dGw8MzM0NjMzQFNsa3ZpcUQ6amtqXmJmK2BeaWpgYTojMTFjMDMyLjU0MTUvMTNeLWEjZG8uZmFhXjZnYS0tZDAwc3M%3D&btag=80000e00010000&dy_q=1785542733&feature_id=d6a18d7c5414b1f1e95a75faf9147845&l=20260801080532F7840132C3C96C031E7D&ply_type=3&policy=eyJ2bSI6MywidWlkIjoiMzEyOTY1MDYwMzg4ODE4NSJ9,未使用,审核通过,--,1,--,19.41,818,29,3.55,0.67,23.73,0,0,0,0,0,0,0,0,0
"	7664925140669317166",0718瑞晨20-修改.mp4,https://video-cn.oceanengine.com/1cbc45925e4049e7d60a1cd7104b330b/6a6fdb5a/tos-cn-ve-51/oMha6GkA7ilgIMtQ1HDAlU6IahHmASBLfQAg7w?a=1402&ch=0&cr=0&dr=3&cd=0%7C0%7C0%7C0&cv=1&br=1818&bt=1818&cs=0&ds=3&ft=J9ThAGkHH_Myq8Z-ttR_e2NvjTQ&mime_type=video_mp4&qs=0&rc=NXZpTGRTaFBnKWxncmd5aHFsc3IxZGY0ODNkaTszN2hoOzpnO2lnQGlqNGVxNm86PG88MzM0NjMzQFNsa3ZpcUQ6amtqXmJmK2BeaWpgYTojLzMwMTIvLzYzMV41MGEwMGEjcmRiamFhLy5jYS0tZDAvc3M%3D&btag=80000e00008000&dy_q=1785542733&feature_id=d6a18d7c5414b1f1e95a75faf9147845&l=20260801080532F7840132C3C96C031E7D&ply_type=3&policy=eyJ2bSI6MywidWlkIjoiMzEyOTY1MDYwMzg4ODE4NSJ9,已使用,审核通过,--,3,--,171.71,9826,605,6.16,0.28,17.48,9,19.08,1.49,0,0,0,0,0,0
"	7664925183753125914",0720-瑞晨引流-1.mp4,https://video-cn.oceanengine.com/69b103fc1343407de53baf6d7addf4eb/6a6fdb5c/tos-cn-ve-51/oQCCU1gs1IyLuf3CAmagNINk7BRyqCAQ29geDX?a=1402&ch=0&cr=0&dr=3&cd=0%7C0%7C0%7C0&br=526&bt=526&cs=0&ds=3&ft=J9ThAGkHH_Myq8Z-ttR_e2NvjTQ&mime_type=video_mp4&qs=0&rc=NXZpTGRTaFBnKWxncmd5aHFsc3IxZGYzZ2Y2NmVkPDo6PGY0OTo1QGlqdzhtZ286PG88MzM0NjMzQFNsa3ZpcUQ6amtqXmJmK2BeaWpgYTojYDBhMi9gLTZiMTBjMi5fM2EjbzNscWFhLy5jYS0tZDBhc3M%3D&btag=80000e00010000&dy_q=1785542733&feature_id=d6a18d7c5414b1f1e95a75faf9147845&l=20260801080532F7840132C3C96C031E7D&ply_type=3&policy=eyJ2bSI6MywidWlkIjoiMzEyOTY1MDYwMzg4ODE4NSJ9,已使用,审核通过,--,5,--,25.84,539,16,2.97,1.62,47.94,3,8.61,18.75,0,0,0,0,0,0
"	7662638633062187046",0714-引流-魏怡-5.mp4,https://video-cn.oceanengine.com/bb5c448bdf423ae22fc6ef03fe621852/6a6fdb71/tos-cn-ve-51/o4Ous3QI7qaAKm4t5eAKi1USIGlgmBgsQhuYIq?a=1402&ch=0&cr=0&dr=3&cd=0%7C0%7C0%7C0&cv=1&br=753&bt=753&cs=0&ds=3&ft=J9ThAGkHH_Myq8Z-ttR_e2NvjTQ&mime_type=video_mp4&qs=0&rc=NXZpTGRTaFBnKWxncmd5aHFsc3IxZGY2ZDozOGZpZGY1aWVnPDc1QGkzZmk8N286b2w8MzM0NjMzQFNsa3ZpcUQ6amtqXmJmK2BeaWpgYTojYS5fYjFhYV8yMS81MWEtNGEjX15fNmFhL2ZfYS0tZDBhc3M%3D&btag=80000e00018000&dy_q=1785542733&feature_id=d6a18d7c5414b1f1e95a75faf9147845&l=20260801080532F7840132C3C96C031E7D&ply_type=3&policy=eyJ2bSI6MywidWlkIjoiMzEyOTY1MDYwMzg4ODE4NSJ9,已使用,审核通过,--,15,--,391.28,11960,185,1.55,2.12,32.72,21,18.63,11.35,0,0,0,0,2,0
"	7663055144947695643",0714-引导-雅迪-1-改.mp4,https://video-cn.oceanengine.com/3cde1297c937fa09b7a08d20b39850a1/6a6fdb6e/tos-cn-ve-51/ooxBPG8BmImANhfIQaQg3ma15QOt7gZFAQVISL?a=1402&ch=0&cr=0&dr=3&cd=0%7C0%7C0%7C0&cv=1&br=841&bt=841&cs=0&ds=3&ft=J9ThAGkHH_Myq8Z-ttR_e2NvjTQ&mime_type=video_mp4&qs=0&rc=NXZpTGRTaFBnKWxncmd5aHFsc3IxZGY4PDhkNjZoO2UzOzU8ZGY5QGlqOmZwO286ZmQ8MzM0NjMzQFNsa3ZpcUQ6amtqXmJmK2BeaWpgYTojNDAxNTUzNV41MS8zYTAyL2EjZy5yNmFhZjVgYS0tZDAwc3M%3D&btag=80000e00018000&dy_q=1785542733&feature_id=d6a18d7c5414b1f1e95a75faf9147845&l=20260801080532F7840132C3C96C031E7D&ply_type=3&policy=eyJ2bSI6MywidWlkIjoiMzEyOTY1MDYwMzg4ODE4NSJ9,已使用,审核通过,首发,9,--,24.27,1486,82,5.52,0.3,16.33,2,12.14,2.44,0,0,0,0,1,0
"	7663055258714243123",0716-引流-魏怡-6.mp4,https://video-cn.oceanengine.com/c32de4fb1a0365929d7d291809103b70/6a6fdb5b/tos-cn-ve-51/oIAuId71glIZAptgkQnaYwzQhNliZO8wCEWUF?a=1402&ch=0&cr=0&dr=3&cd=0%7C0%7C0%7C0&cv=1&br=1418&bt=1418&cs=0&ds=3&ft=J9ThAGkHH_Myq8Z-ttR_e2NvjTQ&mime_type=video_mp4&qs=0&rc=NXZpTGRTaFBnKWxncmd5aHFsc3IxZGZkM2dpNTc0NzxpM2ZlNzNkQGkzajloaG86aGQ8MzM0NjMzQFNsa3ZpcUQ6amtqXmJmK2BeaWpgYTojNTQxMDNhYF9fMS0uX2FfNmEjci5vbGFhXjVgYS0tZDAvc3M%3D&btag=80000e00010000&dy_q=1785542733&feature_id=d6a18d7c5414b1f1e95a75faf9147845&l=20260801080532F7840132C3C96C031E7D&ply_type=3&policy=eyJ2bSI6MywidWlkIjoiMzEyOTY1MDYwMzg4ODE4NSJ9,已使用,审核通过,首发,7,--,83.62,3806,273,7.17,0.31,21.97,4,20.91,1.47,0,0,0,0,0,0
"	7664925362551570441",0720-引导-嘉丽-3.mp4,https://video-cn.oceanengine.com/910ef9a00229895d392e0bc5fe707ca6/6a6fdb54/tos-cn-ve-51/oktiYCB1LAHtgv1g7G56qmUAhtfIIcI3BsKQQa?a=1402&ch=0&cr=0&dr=3&cd=0%7C0%7C0%7C0&cv=1&br=1467&bt=1467&cs=0&ds=3&ft=J9ThAGkHH_Myq8Z-ttR_e2NvjTQ&mime_type=video_mp4&qs=0&rc=NXZpTGRTaFBnKWxncmd5aHFsc3IxZGY8aGg4Zzs2aDM1Zjk7O2U6QGlqcWs6Nm86dG88MzM0NjMzQFNsa3ZpcUQ6amtqXmJmK2BeaWpgYTojMmFhMTRiNTYuMTZeMi8uNWEjZmExX2FhZi9jYS0tZDAwc3M%3D&btag=80000e00008000&dy_q=1785542733&feature_id=d6a18d7c5414b1f1e95a75faf9147845&l=20260801080532F7840132C3C96C031E7D&ply_type=3&policy=eyJ2bSI6MywidWlkIjoiMzEyOTY1MDYwMzg4ODE4NSJ9,已使用,审核通过,首发,6,--,8.74,350,48,13.71,0.18,24.97,1,8.74,2.08,0,0,0,0,0,0
"	7661187009408008233",微信视频_20260711163659.mp4,https://video-cn.oceanengine.com/beff23c6413531f8a58976bb7308670d/6a6fdb72/tos-cn-ve-51/o8AIVJEAIali9I9dA3EzaVdQtXIgvEwQWmUgJ?a=1402&ch=0&cr=0&dr=3&cd=0%7C0%7C0%7C0&cv=1&br=908&bt=908&cs=0&ds=3&ft=J9ThAGkHH_Myq8Z-ttR_e2NvjTQ&mime_type=video_mp4&qs=0&rc=NXZpTGRTaFBnKWxncmd5aHFsc3IxZGY2ODM6aGg0NTw3Nmg4OTYzQGkzajt1NW86OXk8MzM0NjMzQFNsa3ZpcUQ6amtqXmJmK2BeaWpgYTojNV4uYjA0Ml4xMTA2YTUwMWEjL2VvMWFhXmNeYS0tZDAvc3M%3D&btag=80000e00018000&dy_q=1785542733&feature_id=d6a18d7c5414b1f1e95a75faf9147845&l=20260801080532F7840132C3C96C031E7D&ply_type=3&policy=eyJ2bSI6MywidWlkIjoiMzEyOTY1MDYwMzg4ODE4NSJ9,已使用,审核通过,优质,24,--,596.37,34524,459,1.33,1.3,17.27,34,17.54,7.41,0,0,0,0,2,0
"	7664925184852197385",0720-瑞晨引流-2.mp4,https://video-cn.oceanengine.com/242ae1f210936286c0cfbe0be52eb05e/6a6fdb5c/tos-cn-ve-51/o8aYfLIhgJT61tCBDEBAAShE7LIAUQZQmLCzuz?a=1402&ch=0&cr=0&dr=3&cd=0%7C0%7C0%7C0&br=720&bt=720&cs=0&ds=3&ft=J9ThAGkHH_Myq8Z-ttR_e2NvjTQ&mime_type=video_mp4&qs=0&rc=NXZpTGRTaFBnKWxncmd5aHFsc3IxZGZlO2Y7ZTo1Njw0ZmU8aDhmQGkzPGw2M286PG88MzM0NjMzQFNsa3ZpcUQ6amtqXmJmK2BeaWpgYTojNS40YzNiNjYyMWM2M2IuNmEjZV8xamFhLy5jYS0tZDAvc3M%3D&btag=80000e00010000&dy_q=1785542733&feature_id=d6a18d7c5414b1f1e95a75faf9147845&l=20260801080532F7840132C3C96C031E7D&ply_type=3&policy=eyJ2bSI6MywidWlkIjoiMzEyOTY1MDYwMzg4ODE4NSJ9,已使用,审核通过,--,5,--,8.77,409,33,8.07,0.27,21.44,0,0,0,0,0,0,0,0,0
"	7663055198366597171",0716-引流-魏怡-5.mp4,https://video-cn.oceanengine.com/a376fa0fcb48f6ba9af100bbef4db244/6a6fdb5b/tos-cn-ve-51/o8ILaIHdB7yhEFpfxQ1QtAmYIKmFAoBPpAqCQR?a=1402&ch=0&cr=0&dr=3&cd=0%7C0%7C0%7C0&cv=1&br=1482&bt=1482&cs=0&ds=3&ft=J9ThAGkHH_Myq8Z-ttR_e2NvjTQ&mime_type=video_mp4&qs=0&rc=NXZpTGRTaFBnKWxncmd5aHFsc3IxZGYzNWg5ZjU8Omg7NTc0NDRmQGlqeTNmNm86aGQ8MzM0NjMzQFNsa3ZpcUQ6amtqXmJmK2BeaWpgYTojYDM0Y18tM19eMTJiYmEzMmEjNC5tcGFhZjVgYS0tZDAvc3M%3D&btag=80000e00010000&dy_q=1785542733&feature_id=d6a18d7c5414b1f1e95a75faf9147845&l=20260801080532F7840132C3C96C031E7D&ply_type=3&policy=eyJ2bSI6MywidWlkIjoiMzEyOTY1MDYwMzg4ODE4NSJ9,已使用,审核通过,--,9,--,2.35,89,4,4.49,0.59,26.4,0,0,0,0,0,0,0,0,0
"	7668207569530945586",推送视频_0728浩正瑞晨引流-6.mp4,https://video-cn.oceanengine.com/5738a3abfe351c9f5b46464bd385c365/6a6fdb5f/tos-cn-ve-51/o8zANEInRYtyrvaTGDQ0AIaA8oqzDQQdmZWmE?a=1402&ch=0&cr=0&dr=3&cd=0%7C0%7C0%7C0&br=1652&bt=1652&cs=0&ds=3&ft=J9ThAGkHH_Myq8Z-ttR_e2NvjTQ&mime_type=video_mp4&qs=0&rc=NXZpTGRTaFBnKWxncmd5aHFsc3IxZGY2NjtmZmc5aTk8OzgzN2k2QGkzczY5Om86a2k8MzM0NjMzQFNsa3ZpcUQ6amtqXmJmK2BeaWpgYTojXjYuXmM0Xl4tMTViMzYvNmEjLTMvYWFhLzFpYS0tZDBhc3M%3D&btag=80000e00010000&dy_q=1785542733&feature_id=d6a18d7c5414b1f1e95a75faf9147845&l=20260801080532F7840132C3C96C031E7D&ply_type=3&policy=eyJ2bSI6MywidWlkIjoiMzEyOTY1MDYwMzg4ODE4NSJ9,已使用,审核通过,--,1,--,12.22,610,28,4.59,0.44,20.03,0,0,0,0,0,0,0,0,0
"	7664925370136707098",0720-浩正引导-2.mp4,https://video-cn.oceanengine.com/0b7056db190569f80065b08de7527357/6a6fdb76/tos-cn-ve-51/o4uiQhWQ4aAaU3NDU6tMAm1gyBdQAAlLIPIwf7?a=1402&ch=0&cr=0&dr=3&cd=0%7C0%7C0%7C0&br=1330&bt=1330&cs=0&ds=3&ft=J9ThAGkHH_Myq8Z-ttR_e2NvjTQ&mime_type=video_mp4&qs=0&rc=NXZpTGRTaFBnKWxncmd5aHFsc3IxZGY0PDZkZjNpaDg4aTpnNThlQGlqM3g5OW86dm88MzM0NjMzQFNsa3ZpcUQ6amtqXmJmK2BeaWpgYTojXy80MmI1NjY1MWI0NS82MWEjMnFwMWFhLy9jYS0tZDAvc3M%3D&btag=80000e00018000&dy_q=1785542733&feature_id=d6a18d7c5414b1f1e95a75faf9147845&l=20260801080532F7840132C3C96C031E7D&ply_type=3&policy=eyJ2bSI6MywidWlkIjoiMzEyOTY1MDYwMzg4ODE4NSJ9,已使用,审核通过,首发,2,--,4.89,242,5,2.07,0.98,20.21,0,0,0,0,0,0,0,0,0
"	7667906012121514035",推送视频_0929-引流-魏怡-7.mp4,https://video-cn.oceanengine.com/04e30d171e1497061d8e7b6579e9a922/6a6fdb58/tos-cn-ve-51/oMAqzpatdlI4QAAX71ZEnBgIhygktmWOQIEBZ?a=1402&ch=0&cr=0&dr=3&cd=0%7C0%7C0%7C0&br=221&bt=221&cs=0&ds=3&ft=J9ThAGkHH_Myq8Z-ttR_e2NvjTQ&mime_type=video_mp4&qs=0&rc=NXZpTGRTaFBnKWxncmd5aHFsc3IxZGY3ZmZoO2hnOmk1ZjNmNjk0QGkzczM4OG86M3g8MzM0NjMzQFNsa3ZpcUQ6amtqXmJmK2BeaWpgYTojYi4yMjAwLV9gMTIxMjQuYWEjNC9uMWFhZi1oYS0tZDAvc3M%3D&btag=80000e00008000&dy_q=1785542733&feature_id=d6a18d7c5414b1f1e95a75faf9147845&l=20260801080532F7840132C3C96C031E7D&ply_type=3&policy=eyJ2bSI6MywidWlkIjoiMzEyOTY1MDYwMzg4ODE4NSJ9,未使用,审核通过,--,1,--,11.96,592,22,3.72,0.54,20.2,1,11.96,4.55,0,0,0,0,0,0
"	7664925157362647090",0720-瑞晨引流-10.mp4,https://video-cn.oceanengine.com/049d20ddf9a54f3bc04518e0f875c221/6a6fdb5c/tos-cn-ve-51/o0LB0I6fEQyma1EIggM7ASAhUALtQO2z1IhpRK?a=1402&ch=0&cr=0&dr=3&cd=0%7C0%7C0%7C0&br=1099&bt=1099&cs=0&ds=3&ft=J9ThAGkHH_Myq8Z-ttR_e2NvjTQ&mime_type=video_mp4&qs=0&rc=NXZpTGRTaFBnKWxncmd5aHFsc3IxZGZkNTpnOzNkZDY2aTRpZDw0QGkzNzNoOW86PG88MzM0NjMzQFNsa3ZpcUQ6amtqXmJmK2BeaWpgYTojNjMuMTUzX14xMTVgL2BhMWEjYTFiXmFhLy5jYS0tZDAvc3M%3D&btag=80000e00010000&dy_q=1785542733&feature_id=d6a18d7c5414b1f1e95a75faf9147845&l=20260801080532F7840132C3C96C031E7D&ply_type=3&policy=eyJ2bSI6MywidWlkIjoiMzEyOTY1MDYwMzg4ODE4NSJ9,已使用,审核通过,--,5,--,15.34,382,21,5.5,0.73,40.16,0,0,0,0,0,0,0,0,0
"	7663102826089185323",0714-魏怡引流-2-修改.mp4,https://video-cn.oceanengine.com/3563b2631249e2fd4d9e28eb78321e22/6a6fdb64/tos-cn-ve-51/ooPzldYUWjNIRJlENQg2NQNEA5atAch3XI4dQ?a=1402&ch=0&cr=0&dr=3&cd=0%7C0%7C0%7C0&br=1478&bt=1478&cs=0&ds=4&ft=J9ThAGkHH_Myq8Z-ttR_e2NvjTQ&mime_type=video_mp4&qs=0&rc=NXZpTGRTaFBnKWxncmd5aHFsc3IxZGY0PGk1Ojc4aTY6aDRlaTQ5QGkzZ3NtNG86d2Y8MzM0NjMzQFNsa3ZpcUQ6amtqXmJmK2BeaWpgYTojLy9eM2EvYV4wMTI2XzUtLWEjYmJiM2FhXnJgYS0tZDAvc3M%3D&btag=80000e00010000&dy_q=1785542733&feature_id=d6a18d7c5414b1f1e95a75faf9147845&l=20260801080532F7840132C3C96C031E7D&ply_type=3&policy=eyJ2bSI6MywidWlkIjoiMzEyOTY1MDYwMzg4ODE4NSJ9,未使用,审核通过,--,4,--,0.3,7,0,0,0,42.86,0,0,0,0,0,0,0,0,0
"	7667905857796505609",推送视频_0729-瑞晨浩正引流素材-13.mp4,https://video-cn.oceanengine.com/879209e648aa874315e26dc382d2a829/6a6fdb6c/tos-cn-ve-51/ooKp4ZQNUAIBrf9bQtm1cCAq4dghWB0u0OCEkn?a=1402&ch=0&cr=0&dr=3&cd=0%7C0%7C0%7C0&br=742&bt=742&cs=0&ds=3&ft=J9ThAGkHH_Myq8Z-ttR_e2NvjTQ&mime_type=video_mp4&qs=0&rc=NXZpTGRTaFBnKWxncmd5aHFsc3IxZGZnMzdpZDw4OGVoZ2lkaWY5QGkzc2Q6Om86cnc8MzM0NjMzQFNsa3ZpcUQ6amtqXmJmK2BeaWpgYTojYl5iMTAwX181MTJeMjY2YWEjaXAubmFhXnNoYS0tZDAwc3M%3D&btag=80000e00018000&dy_q=1785542733&feature_id=d6a18d7c5414b1f1e95a75faf9147845&l=20260801080532F7840132C3C96C031E7D&ply_type=3&policy=eyJ2bSI6MywidWlkIjoiMzEyOTY1MDYwMzg4ODE4NSJ9,未使用,审核通过,--,1,--,10.68,329,10,3.04,1.07,32.46,1,10.68,10,0,0,0,0,0,0
"	7664925388346507310",0720-浩正引导-5.mp4,https://video-cn.oceanengine.com/c8d187220b372c22fc45dd9ac959d65e/6a6fdb58/tos-cn-ve-51/ogI1admqBbaLDfO7qUti4QPYgEv1IQAF6ARhsA?a=1402&ch=0&cr=0&dr=3&cd=0%7C0%7C0%7C0&br=379&bt=379&cs=0&ds=3&ft=J9ThAGkHH_Myq8Z-ttR_e2NvjTQ&mime_type=video_mp4&qs=0&rc=NXZpTGRTaFBnKWxncmd5aHFsc3IxZGY0aDNlNjlnaDg6Njw8NjM3QGkzMzk5NW86dm88MzM0NjMzQFNsa3ZpcUQ6amtqXmJmK2BeaWpgYTojLjEyXl4vMV5gMTY0LzJjYGEjLnFob2FhLy9jYS0tZDAwc3M%3D&btag=80000e00008000&dy_q=1785542733&feature_id=d6a18d7c5414b1f1e95a75faf9147845&l=20260801080532F7840132C3C96C031E7D&ply_type=3&policy=eyJ2bSI6MywidWlkIjoiMzEyOTY1MDYwMzg4ODE4NSJ9,已使用,审核通过,--,4,--,17.34,814,35,4.3,0.5,21.3,0,0,0,0,0,0,0,0,0
"	7662989744205479974",0714瑞晨引流修改-15.mp4,https://video-cn.oceanengine.com/3cc4a4946db53c905c0263da51ca4e76/6a6fdb5a/tos-cn-ve-51/oMNfI7t46ChdmdLYAQaAERLbmK1QaApBCD7Doi?a=1402&ch=0&cr=0&dr=3&cd=0%7C0%7C0%7C0&cv=1&br=1764&bt=1764&cs=0&ds=3&ft=J9ThAGkHH_Myq8Z-ttR_e2NvjTQ&mime_type=video_mp4&qs=0&rc=NXZpTGRTaFBnKWxncmd5aHFsc3IxZGY6OmU5Njg3ODVkMzc0NGYzQGlqdzpqZ286aDk8MzM0NjMzQFNsa3ZpcUQ6amtqXmJmK2BeaWpgYTojYDNiY2I1LjU1MTViXzFiYmEjcXI1ZmFhbmVgYS0tZDAvc3M%3D&btag=80000e00008000&dy_q=1785542733&feature_id=d6a18d7c5414b1f1e95a75faf9147845&l=20260801080532F7840132C3C96C031E7D&ply_type=3&policy=eyJ2bSI6MywidWlkIjoiMzEyOTY1MDYwMzg4ODE4NSJ9,已使用,审核通过,首发,16,--,27.38,1310,88,6.72,0.31,20.9,0,0,0,0,0,0,0,0,0
"	7665242096884973618",0713-引导-小敏-5.mp4,https://video-cn.oceanengine.com/a50e8de476cd84ccc334d22063f9d158/6a6fdb5b/tos-cn-ve-51/o8UkSgD1qBeOShsa2DsGEAQ9DAfARYNgFNI4Ln?a=1402&ch=0&cr=0&dr=3&cd=0%7C0%7C0%7C0&br=1019&bt=1019&cs=0&ds=4&ft=J9ThAGkHH_Myq8Z-ttR_e2NvjTQ&mime_type=video_mp4&qs=0&rc=NXZpTGRTaFBnKWxncmd5aHFsc3IxZGZpOTs3aTNmN2Q7MzhmZzU4QGkzPHluNm86PDk8MzM0NjMzQFNsa3ZpcUQ6amtqXmJmK2BeaWpgYTojYy00YzYxYF4yMV9hMGIuXmEjMmBfa2FhbmZkYS0tZDAwc3M%3D&btag=80000200010000&dy_q=1785542733&feature_id=d6a18d7c5414b1f1e95a75faf9147845&l=20260801080532F7840132C3C96C031E7D&ply_type=3&policy=eyJ2bSI6MywidWlkIjoiMzEyOTY1MDYwMzg4ODE4NSJ9,未使用,审核不通过,--,0,--,0,0,0,0,0,0,0,0,0,0,0,0,0,0,0
"	7664925385851191305",0720-浩正引导-6.mp4,https://video-cn.oceanengine.com/67dcebc6a727ed385874daf777469b1c/6a6fdb61/tos-cn-ve-51/oQa7aU3YQudBhTLA1fxaIgymi4Atgh6QE0P1IT?a=1402&ch=0&cr=0&dr=3&cd=0%7C0%7C0%7C0&cv=1&br=907&bt=907&cs=0&ds=3&ft=J9ThAGkHH_Myq8Z-ttR_e2NvjTQ&mime_type=video_mp4&qs=0&rc=NXZpTGRTaFBnKWxncmd5aHFsc3IxZGZnNzc0O2dpNjtlNWk0aTRlQGlqdG9saG86dm88MzM0NjMzQFNsa3ZpcUQ6amtqXmJmK2BeaWpgYTojXzMvYWNjYl8wMS02M2IwX2EjcGthb2FhLy9jYS0tZDAwc3M%3D&btag=80000e00010000&dy_q=1785542733&feature_id=d6a18d7c5414b1f1e95a75faf9147845&l=20260801080532F7840132C3C96C031E7D&ply_type=3&policy=eyJ2bSI6MywidWlkIjoiMzEyOTY1MDYwMzg4ODE4NSJ9,已使用,审核通过,--,2,--,0,0,0,0,0,0,0,0,0,0,0,0,0,0,0
"	7664925350633455626",0720-浩正引导-4.mp4,https://video-cn.oceanengine.com/1df507243fd99da8dee6233eccf1c7ed/6a6fdb5d/tos-cn-ve-51/oQFXDfwwDEANIYUZTgqgFBBfQKN1AFNwaA5D5S?a=1402&ch=0&cr=0&dr=3&cd=0%7C0%7C0%7C0&br=771&bt=771&cs=0&ds=3&ft=J9ThAGkHH_Myq8Z-ttR_e2NvjTQ&mime_type=video_mp4&qs=0&rc=NXZpTGRTaFBnKWxncmd5aHFsc3IxZGY4NzVmZDkzZTs2PDpoaWU8QGkzZmxycjlydm88MzM0NjMzQFNsa3ZpcUQ6amtqXmJmK2BeaWpgYTojMzQuMGNiXjZgMS8yMC0zXmEjcGE0MTJkNC9jYS0tZDBhc3M%3D&btag=80000e00010000&dy_q=1785542733&feature_id=d6a18d7c5414b1f1e95a75faf9147845&l=20260801080532F7840132C3C96C031E7D&ply_type=3&policy=eyJ2bSI6MywidWlkIjoiMzEyOTY1MDYwMzg4ODE4NSJ9,已使用,审核通过,--,1,--,0,0,0,0,0,0,0,0,0,0,0,0,0,0,0
"	7664925347524378633",0720-引导-嘉丽-2.mp4,https://video-cn.oceanengine.com/5ae84d877d96a24605e223544ebbd872/6a6fdb56/tos-cn-ve-51/ogfYZtAmha1KLABiUQNDAvYYQIC1viA7K4I36R?a=1402&ch=0&cr=0&dr=3&cd=0%7C0%7C0%7C0&br=485&bt=485&cs=0&ds=3&ft=J9ThAGkHH_Myq8Z-ttR_e2NvjTQ&mime_type=video_mp4&qs=0&rc=NXZpTGRTaFBnKWxncmd5aHFsc3IxZGZpZzw4ZDRkZDZpaTc5MzdlQGkzNDNyZm86dG88MzM0NjMzQFNsa3ZpcUQ6amtqXmJmK2BeaWpgYTojLV9fNDRjXjUzMTVhYzQtNWEjM2xgb2FhZi9jYS0tZDAvc3M%3D&btag=80000e00008000&dy_q=1785542733&feature_id=d6a18d7c5414b1f1e95a75faf9147845&l=20260801080532F7840132C3C96C031E7D&ply_type=3&policy=eyJ2bSI6MywidWlkIjoiMzEyOTY1MDYwMzg4ODE4NSJ9,已使用,审核通过,--,1,--,0,0,0,0,0,0,0,0,0,0,0,0,0,0,0
"	7664925326633189386",0720-浩正引导-1.mp4,https://video-cn.oceanengine.com/5338615b4d3a57dbee79bc36bf5d722f/6a6fdb5a/tos-cn-ve-51/ocAgfLihLv2ZGU1HbeWCqOGNAaIZBamIfUBzQS?a=1402&ch=0&cr=0&dr=3&cd=0%7C0%7C0%7C0&br=2288&bt=2288&cs=0&ds=3&ft=J9ThAGkHH_Myq8Z-ttR_e2NvjTQ&mime_type=video_mp4&qs=0&rc=NXZpTGRTaFBnKWxncmd5aHFsc3IxZGZnaGc8NmQ5ZjU5PDQ4Zmc8QGlqaW1zbTlydm88MzM0NjMzQFNsa3ZpcUQ6amtqXmJmK2BeaWpgYTojMmMvYjYzLl40MWFiX2A1MGEjaGVhYjJkNC9jYS0tZDBhc3M%3D&btag=80000e00008000&dy_q=1785542733&feature_id=d6a18d7c5414b1f1e95a75faf9147845&l=20260801080532F7840132C3C96C031E7D&ply_type=3&policy=eyJ2bSI6MywidWlkIjoiMzEyOTY1MDYwMzg4ODE4NSJ9,已使用,审核通过,--,2,--,0,0,0,0,0,0,0,0,0,0,0,0,0,0,0
"	7664925314946793518",0718-魏怡引流-6.mp4,https://video-cn.oceanengine.com/c09c5f3852a3e150288966405475ee77/6a6fdb54/tos-cn-ve-51/oYQfIgAtNV9XA2Dq4FCzf4B7EFtDmEFgND1HBJ?a=1402&ch=0&cr=0&dr=3&cd=0%7C0%7C0%7C0&br=3003&bt=3003&cs=0&ds=4&ft=J9ThAGkHH_Myq8Z-ttR_e2NvjTQ&mime_type=video_mp4&qs=0&rc=NXZpTGRTaFBnKWxncmd5aHFsc3IxZGY7aTxlMzRoM2k2ODY7OWVmQGkzdnQ6cDlyc288MzM0NjMzQFNsa3ZpcUQ6amtqXmJmK2BeaWpgYTojNWEyNWMyYzVgMWMtYmE0LmEjLjBjcjJkay9jYS0tZDBhc3M%3D&btag=80000200008000&dy_q=1785542733&feature_id=d6a18d7c5414b1f1e95a75faf9147845&l=20260801080532F7840132C3C96C031E7D&ply_type=3&policy=eyJ2bSI6MywidWlkIjoiMzEyOTY1MDYwMzg4ODE4NSJ9,未使用,审核不通过,--,0,--,0,0,0,0,0,0,0,0,0,0,0,0,0,0,0
"	7664925308233072686",0718-魏怡引流修改-4.mp4,https://video-cn.oceanengine.com/725eb64e83ba25676dd3ccdad2073696/6a6fdb54/tos-cn-ve-51/oQMg3GLQWDLqBbNeGAOffaUYUCbsvAUmII1Cgn?a=1402&ch=0&cr=0&dr=3&cd=0%7C0%7C0%7C0&br=2032&bt=2032&cs=0&ds=3&ft=J9ThAGkHH_Myq8Z-ttR_e2NvjTQ&mime_type=video_mp4&qs=0&rc=NXZpTGRTaFBnKWxncmd5aHFsc3IxZGZmOTNkZWc2NGZkZGgzaDk8QGlqOWU2bTlyc288MzM0NjMzQFNsa3ZpcUQ6amtqXmJmK2BeaWpgYTojXjYuNGFhMF5hMWJjYzJgL2EjMmBzaDJkay9jYS0tZDBhc3M%3D&btag=80000e00008000&dy_q=1785542733&feature_id=d6a18d7c5414b1f1e95a75faf9147845&l=20260801080532F7840132C3C96C031E7D&ply_type=3&policy=eyJ2bSI6MywidWlkIjoiMzEyOTY1MDYwMzg4ODE4NSJ9,已使用,审核通过,--,1,--,0,0,0,0,0,0,0,0,0,0,0,0,0,0,0
"	7664925294730936366",0720-浩正引导-3.mp4,https://video-cn.oceanengine.com/0b08d5d0d2d774d9905827ae1837d12a/6a6fdb59/tos-cn-ve-51/os1BCa1XNDAnZIpwof2QfFBAUg1gYsCbXqRkWS?a=1402&ch=0&cr=0&dr=3&cd=0%7C0%7C0%7C0&br=851&bt=851&cs=0&ds=3&ft=J9ThAGkHH_Myq8Z-ttR_e2NvjTQ&mime_type=video_mp4&qs=0&rc=NXZpTGRTaFBnKWxncmd5aHFsc3IxZGY7OmU1NjM4OWc4Mzk3ZDZoQGkzZXE6ZW86dm88MzM0NjMzQFNsa3ZpcUQ6amtqXmJmK2BeaWpgYTojMjNfNTNeNjZjMTMuXmA2X2EjNmlxLWFhLy9jYS0tZDAvc3M%3D&btag=80000e00008000&dy_q=1785542733&feature_id=d6a18d7c5414b1f1e95a75faf9147845&l=20260801080532F7840132C3C96C031E7D&ply_type=3&policy=eyJ2bSI6MywidWlkIjoiMzEyOTY1MDYwMzg4ODE4NSJ9,已使用,审核通过,--,1,--,0,0,0,0,0,0,0,0,0,0,0,0,0,0,0
"	7664925275834957834",0720-引导-嘉丽-1.mp4,https://video-cn.oceanengine.com/7f4d255823f24061de6200e919a5500e/6a6fdb62/tos-cn-ve-51/owygiZaOtGR1LUfR9moyAAsBsdkQIhgIQ16Vh7?a=1402&ch=0&cr=0&dr=3&cd=0%7C0%7C0%7C0&br=1300&bt=1300&cs=0&ds=3&ft=J9ThAGkHH_Myq8Z-ttR_e2NvjTQ&mime_type=video_mp4&qs=0&rc=NXZpTGRTaFBnKWxncmd5aHFsc3IxZGY6N2Y3Z2dpOmZlZjg0OmRlQGlqOzw1aG86dG88MzM0NjMzQFNsa3ZpcUQ6amtqXmJmK2BeaWpgYTojXy81NmEwNTYuMTFfYDA2YGEjcGBqb2FhZi9jYS0tZDAwc3M%3D&btag=80000e00010000&dy_q=1785542733&feature_id=d6a18d7c5414b1f1e95a75faf9147845&l=20260801080532F7840132C3C96C031E7D&ply_type=3&policy=eyJ2bSI6MywidWlkIjoiMzEyOTY1MDYwMzg4ODE4NSJ9,已使用,审核通过,--,2,--,0,0,0,0,0,0,0,0,0,0,0,0,0,0,0
"	7664925154368028698",0718瑞晨24-修改.mp4,https://video-cn.oceanengine.com/a6e39fbfad350dac88db20988ead9471/6a6fdb57/tos-cn-ve-51/742adf3f427541c391ab088a98169571?a=1402&ch=0&cr=0&dr=3&cd=0%7C0%7C0%7C0&br=1828&bt=1828&cs=0&ds=3&ft=J9ThAGkHH_Myq8Z-ttR_e2NvjTQ&mime_type=video_mp4&qs=0&rc=NXZpTGRTaFBnKWxncmd5aHFsc3IxZGZmZGU6PDg4M2c0NGRpZWk8QGkzOWp3OG86PG88MzM0NjMzQFNsa3ZpcUQ6amtqXmJmK2BeaWpgYTojNjIuYy80YTVfMWFgYWM1YWEjbmAyc2FhLy5jYS0tZDAwc3M%3D&btag=80000e00008000&dy_q=1785542733&feature_id=d6a18d7c5414b1f1e95a75faf9147845&l=20260801080532F7840132C3C96C031E7D&ply_type=3&policy=eyJ2bSI6MywidWlkIjoiMzEyOTY1MDYwMzg4ODE4NSJ9,已使用,审核通过,--,1,--,0,0,0,0,0,0,0,0,0,0,0,0,0,0,0
"	7664925096461697033",0718瑞晨15-修改.mp4,https://video-cn.oceanengine.com/dca143da0d93251793b0c3f7f740e8c5/6a6fdb5a/tos-cn-ve-51/osDAtCqTgUNQ2keDa1AKBQI1fg7DXvKBGpRxL2?a=1402&ch=0&cr=0&dr=3&cd=0%7C0%7C0%7C0&br=1131&bt=1131&cs=0&ds=3&ft=J9ThAGkHH_Myq8Z-ttR_e2NvjTQ&mime_type=video_mp4&qs=0&rc=NXZpTGRTaFBnKWxncmd5aHFsc3IxZGZlNmk2PDk1M2RnNWc1NTo0QGlqO3RsZ286PG88MzM0NjMzQFNsa3ZpcUQ6amtqXmJmK2BeaWpgYTojYmEwXmMvMzZfMTMvYjFhM2EjLl5ia2FhLy5jYS0tZDAwc3M%3D&btag=80000e00008000&dy_q=1785542733&feature_id=d6a18d7c5414b1f1e95a75faf9147845&l=20260801080532F7840132C3C96C031E7D&ply_type=3&policy=eyJ2bSI6MywidWlkIjoiMzEyOTY1MDYwMzg4ODE4NSJ9,已使用,审核通过,--,2,--,0,0,0,0,0,0,0,0,0,0,0,0,0,0,0
"	7663465010937724969",0717-引导-小敏-4.mp4,https://video-cn.oceanengine.com/c2bf43359ccf4a6c2d538b25120ef956/6a6fdb5f/tos-cn-ve-51/o8CLQoeYaAV1txwBka7dQdIWLAhEYK5QBYmTxA?a=1402&ch=0&cr=0&dr=3&cd=0%7C0%7C0%7C0&br=1219&bt=1219&cs=0&ds=4&ft=J9ThAGkHH_Myq8Z-ttR_e2NvjTQ&mime_type=video_mp4&qs=0&rc=NXZpTGRTaFBnKWxncmd5aHFsc3IxZGZoNGU0aTg0NGY4Ojc3NGY3QGkzeDQ2M286bDQ8MzM0NjMzQFNsa3ZpcUQ6amtqXmJmK2BeaWpgYTojYmMxXl40YV8uMTVeYDAtMGEjMm0wamFhXmVhYS0tZDAvc3M%3D&btag=80000200010000&dy_q=1785542733&feature_id=d6a18d7c5414b1f1e95a75faf9147845&l=20260801080532F7840132C3C96C031E7D&ply_type=3&policy=eyJ2bSI6MywidWlkIjoiMzEyOTY1MDYwMzg4ODE4NSJ9,未使用,审核不通过,--,1,--,0,0,0,0,0,0,0,0,0,0,0,0,0,0,0
"	7663465010145067049",0717-引导-嘉丽-3.mp4,https://video-cn.oceanengine.com/6e8c4572330eeeb4ec1ebf5bef0641a7/6a6fdb60/tos-cn-ve-51/oYpdQTtyTaIVQDvCBEUAWcyYClGdIA0WzdaoY?a=1402&ch=0&cr=0&dr=3&cd=0%7C0%7C0%7C0&br=1279&bt=1279&cs=0&ds=4&ft=J9ThAGkHH_Myq8Z-ttR_e2NvjTQ&mime_type=video_mp4&qs=0&rc=NXZpTGRTaFBnKWxncmd5aHFsc3IxZGY6Zzk1aDc3ZWQ0ZzY2Ojw0QGkzbDpqaW86bDQ8MzM0NjMzQFNsa3ZpcUQ6amtqXmJmK2BeaWpgYTojNGAzL2BhLzZgMWI2MTNiMmEjYjZpYmFhXmVhYS0tZDBhc3M%3D&btag=80000200010000&dy_q=1785542733&feature_id=d6a18d7c5414b1f1e95a75faf9147845&l=20260801080532F7840132C3C96C031E7D&ply_type=3&policy=eyJ2bSI6MywidWlkIjoiMzEyOTY1MDYwMzg4ODE4NSJ9,未使用,审核不通过,--,1,--,0,0,0,0,0,0,0,0,0,0,0,0,0,0,0
"	7663464931710550079",0717-引导-小敏-1.mp4,https://video-cn.oceanengine.com/9b59d79ad41df0bba52adffbbf7a31b5/6a6fdb5f/tos-cn-ve-51/oYEmxm1AQ5MDZkbaagIZeLt5DEQAyQId7dBFrW?a=1402&ch=0&cr=0&dr=3&cd=0%7C0%7C0%7C0&br=1853&bt=1853&cs=0&ds=4&ft=J9ThAGkHH_Myq8Z-ttR_e2NvjTQ&mime_type=video_mp4&qs=0&rc=NXZpTGRTaFBnKWxncmd5aHFsc3IxZGY6ODs4NTo3ZDU0NWRpMzlpQGlqeDd3aG86bDQ8MzM0NjMzQFNsa3ZpcUQ6amtqXmJmK2BeaWpgYTojXjZgXmBgL15iMTFgMGFgLWEjYW1jZGFhL2VhYS0tZDBhc3M%3D&btag=80000200010000&dy_q=1785542733&feature_id=d6a18d7c5414b1f1e95a75faf9147845&l=20260801080532F7840132C3C96C031E7D&ply_type=3&policy=eyJ2bSI6MywidWlkIjoiMzEyOTY1MDYwMzg4ODE4NSJ9,未使用,审核不通过,--,0,--,0,0,0,0,0,0,0,0,0,0,0,0,0,0,0
"	7663465049147473962",0717-引导-嘉丽-2.mp4,https://video-cn.oceanengine.com/2c637196f6bdb90dc2b46327088f2b0c/6a6fdb61/tos-cn-ve-51/o8MNFW2iEIRdf0DgDljIYAgQ1RA3aAgeABbqhI?a=1402&ch=0&cr=0&dr=3&cd=0%7C0%7C0%7C0&br=1676&bt=1676&cs=0&ds=4&ft=J9ThAGkHH_Myq8Z-ttR_e2NvjTQ&mime_type=video_mp4&qs=0&rc=NXZpTGRTaFBnKWxncmd5aHFsc3IxZGZpNWQ2NWc2ZGRpZmg7aGc1QGkzaTc5NG86bDQ8MzM0NjMzQFNsa3ZpcUQ6amtqXmJmK2BeaWpgYTojYmMuX2JhM141MTAwYTYzLmEjMC1eXmFhL2VhYS0tZDAwc3M%3D&btag=80000200010000&dy_q=1785542733&feature_id=d6a18d7c5414b1f1e95a75faf9147845&l=20260801080532F7840132C3C96C031E7D&ply_type=3&policy=eyJ2bSI6MywidWlkIjoiMzEyOTY1MDYwMzg4ODE4NSJ9,未使用,审核不通过,--,0,--,0,0,0,0,0,0,0,0,0,0,0,0,0,0,0
"	7663465019666415622",0717-瑞晨引流-7.mp4,https://video-cn.oceanengine.com/5164dae7ea0358a94dca5d15a4458a9a/6a6fdb5a/tos-cn-ve-51/o0pDXzldNYtxI6jxGaQpwhWNhSAaWEQo0KI0A?a=1402&ch=0&cr=0&dr=3&cd=0%7C0%7C0%7C0&br=2210&bt=2210&cs=0&ds=4&ft=J9ThAGkHH_Myq8Z-ttR_e2NvjTQ&mime_type=video_mp4&qs=0&rc=NXZpTGRTaFBnKWxncmd5aHFsc3IxZGZpZWY1aTM0N2RmNTU2NzY1QGkzcW9oNm86azQ8MzM0NjMzQFNsa3ZpcUQ6amtqXmJmK2BeaWpgYTojNjFhXjAzNDY0MTM2LTQ1MWEjMmBlMGFhbmVhYS0tZDAwc3M%3D&btag=80000200008000&dy_q=1785542733&feature_id=d6a18d7c5414b1f1e95a75faf9147845&l=20260801080532F7840132C3C96C031E7D&ply_type=3&policy=eyJ2bSI6MywidWlkIjoiMzEyOTY1MDYwMzg4ODE4NSJ9,未使用,审核不通过,--,0,--,0,0,0,0,0,0,0,0,0,0,0,0,0,0,0
"	7663465017547587620",0717-引导-嘉丽-5.mp4,https://video-cn.oceanengine.com/e30f316d37dbf792b10461627e4739e4/6a6fdb5f/tos-cn-ve-51/oApQToGrEIzw90GUPIadAatTYLWJQGlkxndAY?a=1402&ch=0&cr=0&dr=3&cd=0%7C0%7C0%7C0&br=2945&bt=2945&cs=0&ds=4&ft=J9ThAGkHH_Myq8Z-ttR_e2NvjTQ&mime_type=video_mp4&qs=0&rc=NXZpTGRTaFBnKWxncmd5aHFsc3IxZGZoZWc1ZDc3aTw8MzU7OTZkQGkzd3NsZW86azQ8MzM0NjMzQFNsa3ZpcUQ6amtqXmJmK2BeaWpgYTojXzNgLzNiXzU0MTZhXzEtL2EjXjQ1NGFhbmVhYS0tZDBhc3M%3D&btag=80000e00010000&dy_q=1785542733&feature_id=d6a18d7c5414b1f1e95a75faf9147845&l=20260801080532F7840132C3C96C031E7D&ply_type=3&policy=eyJ2bSI6MywidWlkIjoiMzEyOTY1MDYwMzg4ODE4NSJ9,未使用,审核通过,--,1,--,0,0,0,0,0,0,0,0,0,0,0,0,0,0,0
"	7663464993653735443",0717-引导-嘉丽-1.mp4,https://video-cn.oceanengine.com/c959bae29587c7b18fe65f365d918a83/6a6fdb5d/tos-cn-ve-51/ooaQBlMQ7tA5VLgQIm0ahjoPQKYIxL10fAHoAg?a=1402&ch=0&cr=0&dr=3&cd=0%7C0%7C0%7C0&br=2112&bt=2112&cs=0&ds=4&ft=J9ThAGkHH_Myq8Z-ttR_e2NvjTQ&mime_type=video_mp4&qs=0&rc=NXZpTGRTaFBnKWxncmd5aHFsc3IxZGY6OWdoNjpmZGY2PDc7NTxkQGkzOGo7OG86azQ8MzM0NjMzQFNsa3ZpcUQ6amtqXmJmK2BeaWpgYTojX2MzLzIzMF41MWFhYTY2M2EjMWNycmFhbmVhYS0tZDAvc3M%3D&btag=80000200010000&dy_q=1785542733&feature_id=d6a18d7c5414b1f1e95a75faf9147845&l=20260801080532F7840132C3C96C031E7D&ply_type=3&policy=eyJ2bSI6MywidWlkIjoiMzEyOTY1MDYwMzg4ODE4NSJ9,未使用,审核不通过,--,0,--,0,0,0,0,0,0,0,0,0,0,0,0,0,0,0
"	7663464993518927908",0717-引导-小敏-2.mp4,https://video-cn.oceanengine.com/681b1f8024ed94e4c56bfb1365e3f927/6a6fdb5a/tos-cn-ve-51/o8kzW0LIToadBQtoy7tIA2sDIIdAaE8WQAElY?a=1402&ch=0&cr=0&dr=3&cd=0%7C0%7C0%7C0&br=992&bt=992&cs=0&ds=4&ft=J9ThAGkHH_Myq8Z-ttR_e2NvjTQ&mime_type=video_mp4&qs=0&rc=NXZpTGRTaFBnKWxncmd5aHFsc3IxZGZmNTZoZDUzNDlmZWg4ODRpQGlqZWZnZm86bDQ8MzM0NjMzQFNsa3ZpcUQ6amtqXmJmK2BeaWpgYTojYGBiMTZhNTY1MWEyNjJgMGEjcS1kbmFhL2VhYS0tZDBhc3M%3D&btag=80000200008000&dy_q=1785542733&feature_id=d6a18d7c5414b1f1e95a75faf9147845&l=20260801080532F7840132C3C96C031E7D&ply_type=3&policy=eyJ2bSI6MywidWlkIjoiMzEyOTY1MDYwMzg4ODE4NSJ9,未使用,审核不通过,--,0,--,0,0,0,0,0,0,0,0,0,0,0,0,0,0,0
"	7663464953572360198",0717-引导-小敏-3.mp4,https://video-cn.oceanengine.com/7cbd8ab7c4739cb024ea3cf1d5dc809f/6a6fdb5a/tos-cn-ve-51/ogTtICaaAq0jWCtsQCWAWl2YIMQRdoNEzEday?a=1402&ch=0&cr=0&dr=3&cd=0%7C0%7C0%7C0&br=1253&bt=1253&cs=0&ds=4&ft=J9ThAGkHH_Myq8Z-ttR_e2NvjTQ&mime_type=video_mp4&qs=0&rc=NXZpTGRTaFBnKWxncmd5aHFsc3IxZGY6NTY0Zzk0Njo8NDRpaTRlQGkzcG5nZ286bDQ8MzM0NjMzQFNsa3ZpcUQ6amtqXmJmK2BeaWpgYTojX2JjYDI2NF5eMTJfMjBhMGEjaW0uamFhL2VhYS0tZDBhc3M%3D&btag=80000200008000&dy_q=1785542733&feature_id=d6a18d7c5414b1f1e95a75faf9147845&l=20260801080532F7840132C3C96C031E7D&ply_type=3&policy=eyJ2bSI6MywidWlkIjoiMzEyOTY1MDYwMzg4ODE4NSJ9,未使用,审核不通过,--,0,--,0,0,0,0,0,0,0,0,0,0,0,0,0,0,0
"	7663464951878451243",0717-引导-小敏-5.mp4,https://video-cn.oceanengine.com/5034609d02222aaec3ce683aa9790605/6a6fdb5b/tos-cn-ve-51/oUQoxtClr0YzShEaYkoS1AwadWnyJIQAUINak?a=1402&ch=0&cr=0&dr=3&cd=0%7C0%7C0%7C0&br=1479&bt=1479&cs=0&ds=4&ft=J9ThAGkHH_Myq8Z-ttR_e2NvjTQ&mime_type=video_mp4&qs=0&rc=NXZpTGRTaFBnKWxncmd5aHFsc3IxZGY8ZzM1NDk3aDc2aTM6NGUzQGlqN3k5ZW86azQ8MzM0NjMzQFNsa3ZpcUQ6amtqXmJmK2BeaWpgYTojYzExMjU0NF9jMTU0LzVgXmEjbjJoNmFhbmVhYS0tZDAwc3M%3D&btag=80000200008000&dy_q=1785542733&feature_id=d6a18d7c5414b1f1e95a75faf9147845&l=20260801080532F7840132C3C96C031E7D&ply_type=3&policy=eyJ2bSI6MywidWlkIjoiMzEyOTY1MDYwMzg4ODE4NSJ9,未使用,审核不通过,--,0,--,0,0,0,0,0,0,0,0,0,0,0,0,0,0,0
"	7663464950016114724",0717-瑞晨引流-1.mp4,https://video-cn.oceanengine.com/d93096a698c57540d7f60b6e7c481569/6a6fdb5c/tos-cn-ve-51/oMaxMQxi1IozgoExlISWTQyot0MqNBdaACvAY?a=1402&ch=0&cr=0&dr=3&cd=0%7C0%7C0%7C0&br=911&bt=911&cs=0&ds=4&ft=J9ThAGkHH_Myq8Z-ttR_e2NvjTQ&mime_type=video_mp4&qs=0&rc=NXZpTGRTaFBnKWxncmd5aHFsc3IxZGZoZGY8N2U8NGc2Njc5aTk7QGkzM2Q7O286azQ8MzM0NjMzQFNsa3ZpcUQ6amtqXmJmK2BeaWpgYTojM2EzY15gYDU1MTFhYy8wYGEjM2lqaGFhbmVhYS0tZDBhc3M%3D&btag=80000200010000&dy_q=1785542733&feature_id=d6a18d7c5414b1f1e95a75faf9147845&l=20260801080532F7840132C3C96C031E7D&ply_type=3&policy=eyJ2bSI6MywidWlkIjoiMzEyOTY1MDYwMzg4ODE4NSJ9,未使用,审核不通过,--,0,--,0,0,0,0,0,0,0,0,0,0,0,0,0,0,0
"	7663464949721645099",0717-瑞晨引流-10.mp4,https://video-cn.oceanengine.com/20adcda9f85f8ecea3288029d58543e8/6a6fdb62/tos-cn-ve-51/ogsQ2aLfIAhjPLgBUA67naxI0QamQEtF10Am2o?a=1402&ch=0&cr=0&dr=3&cd=0%7C0%7C0%7C0&br=1511&bt=1511&cs=0&ds=4&ft=J9ThAGkHH_Myq8Z-ttR_e2NvjTQ&mime_type=video_mp4&qs=0&rc=NXZpTGRTaFBnKWxncmd5aHFsc3IxZGY0NDs2MzU3aTQ7Z2hlOTg6QGlqOGR2ZG86azQ8MzM0NjMzQFNsa3ZpcUQ6amtqXmJmK2BeaWpgYTojXy82NGJfYjZgMTQzXmJiX2EjcW5sMGFhbmVhYS0tZDAvc3M%3D&btag=80000200010000&dy_q=1785542733&feature_id=d6a18d7c5414b1f1e95a75faf9147845&l=20260801080532F7840132C3C96C031E7D&ply_type=3&policy=eyJ2bSI6MywidWlkIjoiMzEyOTY1MDYwMzg4ODE4NSJ9,未使用,审核不通过,--,0,--,0,0,0,0,0,0,0,0,0,0,0,0,0,0,0
"	7663464941391282217",0717-瑞晨引流-8.mp4,https://video-cn.oceanengine.com/5a9db78d21b33b35ce86d707fd11f55e/6a6fdb5a/tos-cn-ve-51/oodkhXzIdIPlARFD0XxYWQsLQaWoAExIgatDl?a=1402&ch=0&cr=0&dr=3&cd=0%7C0%7C0%7C0&br=1851&bt=1851&cs=0&ds=4&ft=J9ThAGkHH_Myq8Z-ttR_e2NvjTQ&mime_type=video_mp4&qs=0&rc=NXZpTGRTaFBnKWxncmd5aHFsc3IxZGY3ZGZnaTQ4MzY8aTY6aDg0QGlqOGs4OG86azQ8MzM0NjMzQFNsa3ZpcUQ6amtqXmJmK2BeaWpgYTojNWJeLl5jMDVfMS4wXjEvM2EjNWJwamFhbmVhYS0tZDAvc3M%3D&btag=80000200008000&dy_q=1785542733&feature_id=d6a18d7c5414b1f1e95a75faf9147845&l=20260801080532F7840132C3C96C031E7D&ply_type=3&policy=eyJ2bSI6MywidWlkIjoiMzEyOTY1MDYwMzg4ODE4NSJ9,未使用,审核不通过,--,0,--,0,0,0,0,0,0,0,0,0,0,0,0,0,0,0
"	7663464941266190379",0717-引导-嘉丽-4.mp4,https://video-cn.oceanengine.com/04f467a3523af31fac460222b3e48171/6a6fdb5b/tos-cn-ve-51/oMPWDlgAQBuIaAEdUOkaW5uzyYN8Is3odtEoQ?a=1402&ch=0&cr=0&dr=3&cd=0%7C0%7C0%7C0&br=2092&bt=2092&cs=0&ds=4&ft=J9ThAGkHH_Myq8Z-ttR_e2NvjTQ&mime_type=video_mp4&qs=0&rc=NXZpTGRTaFBnKWxncmd5aHFsc3IxZGYzaTdoNmk1ZzQ1NzM8Mzw0QGlqcWpkaG86bDQ8MzM0NjMzQFNsa3ZpcUQ6amtqXmJmK2BeaWpgYTojYjQ2LjUuYl4yMS5eYV9eLmEjNG8va2FhL2VhYS0tZDAvc3M%3D&btag=80000200008000&dy_q=1785542733&feature_id=d6a18d7c5414b1f1e95a75faf9147845&l=20260801080532F7840132C3C96C031E7D&ply_type=3&policy=eyJ2bSI6MywidWlkIjoiMzEyOTY1MDYwMzg4ODE4NSJ9,未使用,审核不通过,--,0,--,0,0,0,0,0,0,0,0,0,0,0,0,0,0,0
"	7663464940309512235",0717-瑞晨引流-3.mp4,https://video-cn.oceanengine.com/423a235094df95991364d274a6217772/6a6fdb5c/tos-cn-ve-51/ocDPnHggCaAao2hw1eNp3WRJIj1IABKRUAfqNo?a=1402&ch=0&cr=0&dr=3&cd=0%7C0%7C0%7C0&br=1305&bt=1305&cs=0&ds=4&ft=J9ThAGkHH_Myq8Z-ttR_e2NvjTQ&mime_type=video_mp4&qs=0&rc=NXZpTGRTaFBnKWxncmd5aHFsc3IxZGZkZ2Y1O2ZnZzg4ZTtpMzc3QGkzZGluZ286azQ8MzM0NjMzQFNsa3ZpcUQ6amtqXmJmK2BeaWpgYTojLWItLTFiXjUyMTQxYjIyNWEjYV5mbWFhbmVhYS0tZDAvc3M%3D&btag=80000e00010000&dy_q=1785542733&feature_id=d6a18d7c5414b1f1e95a75faf9147845&l=20260801080532F7840132C3C96C031E7D&ply_type=3&policy=eyJ2bSI6MywidWlkIjoiMzEyOTY1MDYwMzg4ODE4NSJ9,未使用,审核通过,--,2,--,0,0,0,0,0,0,0,0,0,0,0,0,0,0,0
"	7663464935540654116",0717-瑞晨引流-2.mp4,https://video-cn.oceanengine.com/ac13f5749fda5cb76c7933b016d76775/6a6fdb5c/tos-cn-ve-51/o85aYd0NzlVQowBtEWaWzNIxIQuB0oAtdA0AC?a=1402&ch=0&cr=0&dr=3&cd=0%7C0%7C0%7C0&br=931&bt=931&cs=0&ds=4&ft=J9ThAGkHH_Myq8Z-ttR_e2NvjTQ&mime_type=video_mp4&qs=0&rc=NXZpTGRTaFBnKWxncmd5aHFsc3IxZGY3Ojk2ZjtoM2RoOTxnNDY1QGkzNDc4aG86azQ8MzM0NjMzQFNsa3ZpcUQ6amtqXmJmK2BeaWpgYTojMWM0M2M0LzZeMTM1MS5eLWEjLTFjaGFhbmVhYS0tZDAwc3M%3D&btag=80000200010000&dy_q=1785542733&feature_id=d6a18d7c5414b1f1e95a75faf9147845&l=20260801080532F7840132C3C96C031E7D&ply_type=3&policy=eyJ2bSI6MywidWlkIjoiMzEyOTY1MDYwMzg4ODE4NSJ9,未使用,审核不通过,--,0,--,0,0,0,0,0,0,0,0,0,0,0,0,0,0,0
"	7663464914388238378",0717-瑞晨引流-5.mp4,https://video-cn.oceanengine.com/fd0c88640642c8717d242d27e023d78e/6a6fdb5c/tos-cn-ve-51/ootQGosvEIzmJ0MSoIadAatTSYW2QBlUxmhAY?a=1402&ch=0&cr=0&dr=3&cd=0%7C0%7C0%7C0&br=826&bt=826&cs=0&ds=4&ft=J9ThAGkHH_Myq8Z-ttR_e2NvjTQ&mime_type=video_mp4&qs=0&rc=NXZpTGRTaFBnKWxncmd5aHFsc3IxZGZnPGZmNjg4ZjY6ZWc8ZTM5QGkzPGpnaW86azQ8MzM0NjMzQFNsa3ZpcUQ6amtqXmJmK2BeaWpgYTojMi1iLTYyY14wMWE1YDAyM2EjNmBlaGFhbmVhYS0tZDBhc3M%3D&btag=80000200010000&dy_q=1785542733&feature_id=d6a18d7c5414b1f1e95a75faf9147845&l=20260801080532F7840132C3C96C031E7D&ply_type=3&policy=eyJ2bSI6MywidWlkIjoiMzEyOTY1MDYwMzg4ODE4NSJ9,未使用,审核不通过,--,0,--,0,0,0,0,0,0,0,0,0,0,0,0,0,0,0
"	7663464879739568147",0717-瑞晨引流-9.mp4,https://video-cn.oceanengine.com/64ff1c68cd69a3a0b4bd24ea60806b2d/6a6fdb56/tos-cn-ve-51/ow1lP0CzIcWcwoaA8XYhT8dQtxQInoHA1EaQs?a=1402&ch=0&cr=0&dr=3&cd=0%7C0%7C0%7C0&br=2046&bt=2046&cs=0&ds=4&ft=J9ThAGkHH_Myq8Z-ttR_e2NvjTQ&mime_type=video_mp4&qs=0&rc=NXZpTGRTaFBnKWxncmd5aHFsc3IxZGZnPDMzaWRmZGVoNjs3NWY2QGkzOmo6O286azQ8MzM0NjMzQFNsa3ZpcUQ6amtqXmJmK2BeaWpgYTojNDNeMmFgY15eMTZeMWAyXmEjanM0YmFhbmVhYS0tZDAwc3M%3D&btag=80000200008000&dy_q=1785542733&feature_id=d6a18d7c5414b1f1e95a75faf9147845&l=20260801080532F7840132C3C96C031E7D&ply_type=3&policy=eyJ2bSI6MywidWlkIjoiMzEyOTY1MDYwMzg4ODE4NSJ9,未使用,审核不通过,--,0,--,0,0,0,0,0,0,0,0,0,0,0,0,0,0,0
"	7663464864167395370",0717-瑞晨引流-6.mp4,https://video-cn.oceanengine.com/654282c9784600fc322596a63db9b289/6a6fdb56/tos-cn-ve-51/ogAggsK0Iq1IoAFEaKaQ4Qj6mL6m7xtQ6f6BY2?a=1402&ch=0&cr=0&dr=3&cd=0%7C0%7C0%7C0&br=2117&bt=2117&cs=0&ds=4&ft=J9ThAGkHH_Myq8Z-ttR_e2NvjTQ&mime_type=video_mp4&qs=0&rc=NXZpTGRTaFBnKWxncmd5aHFsc3IxZGY5ZDY3NDU7Njs7ZGdmPDs1QGkzOG9wZ286azQ8MzM0NjMzQFNsa3ZpcUQ6amtqXmJmK2BeaWpgYTojYDItMDUxNDYxMTEyMi5gYWEjM2xvXmFhbmVhYS0tZDBhc3M%3D&btag=80000200008000&dy_q=1785542733&feature_id=d6a18d7c5414b1f1e95a75faf9147845&l=20260801080532F7840132C3C96C031E7D&ply_type=3&policy=eyJ2bSI6MywidWlkIjoiMzEyOTY1MDYwMzg4ODE4NSJ9,未使用,审核不通过,--,0,--,0,0,0,0,0,0,0,0,0,0,0,0,0,0,0
"	7663102938734788651",0716-引导-嘉丽-3.mp4,https://video-cn.oceanengine.com/24c1ef9d2a1ded39167b244ce331e016/6a6fdb7f/tos-cn-ve-51/owahGQjMoIszZgErlINWQgFjtkCPRQdZAHKAP?a=1402&ch=0&cr=0&dr=3&cd=0%7C0%7C0%7C0&br=2692&bt=2692&cs=0&ds=4&ft=J9ThAGkHH_Myq8Z-ttR_e2NvjTQ&mime_type=video_mp4&qs=0&rc=NXZpTGRTaFBnKWxncmd5aHFsc3IxZGY7Zjc3aGZkZTc0NjRoODloQGkzc242M286NGY8MzM0NjMzQFNsa3ZpcUQ6amtqXmJmK2BeaWpgYTojNmIvLmAvYTYwMS4xLjZjMmEjLnItamFhZnNgYS0tZDAvc3M%3D&btag=80000200020000&dy_q=1785542733&feature_id=d6a18d7c5414b1f1e95a75faf9147845&l=20260801080532F7840132C3C96C031E7D&ply_type=3&policy=eyJ2bSI6MywidWlkIjoiMzEyOTY1MDYwMzg4ODE4NSJ9,未使用,审核不通过,--,2,--,0,0,0,0,0,0,0,0,0,0,0,0,0,0,0
"	7663102891561435172",0715-引导-雅迪-1-改.mp4,https://video-cn.oceanengine.com/93aceebc31c26934bf1800845d4a17ae/6a6fdb62/tos-cn-ve-51/ooee0QCaqBMXE8ht7EmMpAIPDA6ZoWlgiNEXF9?a=1402&ch=0&cr=0&dr=3&cd=0%7C0%7C0%7C0&br=1712&bt=1712&cs=0&ds=4&ft=J9ThAGkHH_Myq8Z-ttR_e2NvjTQ&mime_type=video_mp4&qs=0&rc=NXZpTGRTaFBnKWxncmd5aHFsc3IxZGY2ZWY7NGRnOzM1aTM1aDxkQGkzNW92ZW86eGY8MzM0NjMzQFNsa3ZpcUQ6amtqXmJmK2BeaWpgYTojXzM0M2MzL15gMTAvMzReMWEjYy5fZ2FhbnJgYS0tZDAvc3M%3D&btag=80000200010000&dy_q=1785542733&feature_id=d6a18d7c5414b1f1e95a75faf9147845&l=20260801080532F7840132C3C96C031E7D&ply_type=3&policy=eyJ2bSI6MywidWlkIjoiMzEyOTY1MDYwMzg4ODE4NSJ9,未使用,审核不通过,--,2,--,0,0,0,0,0,0,0,0,0,0,0,0,0,0,0
"	7663102878458806278",0716-引导-嘉丽-2.mp4,https://video-cn.oceanengine.com/3838031c8b64ffdccee9808373b18ba9/6a6fdb73/tos-cn-ve-51/oAes1RuGG2fGRDh8FAUAaCVjgBbZAp9UVBEOXf?a=1402&ch=0&cr=0&dr=3&cd=0%7C0%7C0%7C0&br=780&bt=780&cs=0&ds=4&ft=J9ThAGkHH_Myq8Z-ttR_e2NvjTQ&mime_type=video_mp4&qs=0&rc=NXZpTGRTaFBnKWxncmd5aHFsc3IxZGZnOjY2Zzg7OGVnNzM7ZzwzQGlqeXFvZW86NGY8MzM0NjMzQFNsa3ZpcUQ6amtqXmJmK2BeaWpgYTojYzEtYl8xNF5hMTI1YWMyMGEjL3JeZGFhZnNgYS0tZDAwc3M%3D&btag=80000200018000&dy_q=1785542733&feature_id=d6a18d7c5414b1f1e95a75faf9147845&l=20260801080532F7840132C3C96C031E7D&ply_type=3&policy=eyJ2bSI6MywidWlkIjoiMzEyOTY1MDYwMzg4ODE4NSJ9,未使用,审核不通过,--,2,--,0,0,0,0,0,0,0,0,0,0,0,0,0,0,0
"	7663102846160699455",0714-魏怡引流-4-修改.mp4,https://video-cn.oceanengine.com/e52ba4466915c7f591a5f40aad2e6daa/6a6fdb89/tos-cn-ve-51/oIQdDQJAWZQoamtId9URUPtA9IzEjlWMaT4XG?a=1402&ch=0&cr=0&dr=3&cd=0%7C0%7C0%7C0&br=1264&bt=1264&cs=0&ds=4&ft=J9ThAGkHH_Myq8Z-ttR_e2NvjTQ&mime_type=video_mp4&qs=0&rc=NXZpTGRTaFBnKWxncmd5aHFsc3IxZGY4N2U2Zzo8O2dmNTdkNmk1QGkzbnM3O286d2Y8MzM0NjMzQFNsa3ZpcUQ6amtqXmJmK2BeaWpgYTojMDUzNi01MTYuMTMxYGJjM2EjZ2AtYWFhXnJgYS0tZDBhc3M%3D&btag=80000200028000&dy_q=1785542733&feature_id=d6a18d7c5414b1f1e95a75faf9147845&l=20260801080532F7840132C3C96C031E7D&ply_type=3&policy=eyJ2bSI6MywidWlkIjoiMzEyOTY1MDYwMzg4ODE4NSJ9,未使用,审核不通过,--,2,--,0,0,0,0,0,0,0,0,0,0,0,0,0,0,0
"	7663102817235451945",0715-魏怡-2-修改.mp4,https://video-cn.oceanengine.com/9a57c1a059b0d3765d7c9e6e230e8056/6a6fdb73/tos-cn-ve-51/os5Qij7nEIzaOUzqSIadAZtQLnWFwEl3dyGAP?a=1402&ch=0&cr=0&dr=3&cd=0%7C0%7C0%7C0&br=1032&bt=1032&cs=0&ds=4&ft=J9ThAGkHH_Myq8Z-ttR_e2NvjTQ&mime_type=video_mp4&qs=0&rc=NXZpTGRTaFBnKWxncmd5aHFsc3IxZGY2OWc5OjhkOGU0Mzk2NDtoQGkzaGg0Om86d2Y8MzM0NjMzQFNsa3ZpcUQ6amtqXmJmK2BeaWpgYTojM2A1LWBjMF8zMTJgNmItLmEjaTFiNmFhXnJgYS0tZDAwc3M%3D&btag=80000200018000&dy_q=1785542733&feature_id=d6a18d7c5414b1f1e95a75faf9147845&l=20260801080532F7840132C3C96C031E7D&ply_type=3&policy=eyJ2bSI6MywidWlkIjoiMzEyOTY1MDYwMzg4ODE4NSJ9,未使用,审核不通过,--,2,--,0,0,0,0,0,0,0,0,0,0,0,0,0,0,0
"	7663102806485434410",0725-3-魏怡引流-修改.mp4,https://video-cn.oceanengine.com/c06eb512ae0d2a6daddb7f31f173d23c/6a6fdb6a/tos-cn-ve-51/oIfuAioaCQLDNQqDYwgEaWkMxBSAh7ectgL6Ig?a=1402&ch=0&cr=0&dr=3&cd=0%7C0%7C0%7C0&br=1609&bt=1609&cs=0&ds=4&ft=J9ThAGkHH_Myq8Z-ttR_e2NvjTQ&mime_type=video_mp4&qs=0&rc=NXZpTGRTaFBnKWxncmd5aHFsc3IxZGY5OzU2N2doNTg0OTw8ZzY7QGkzbDc4OG86d2Y8MzM0NjMzQFNsa3ZpcUQ6amtqXmJmK2BeaWpgYTojXzA0YzIuNF5eMS80NV82NGEjLmRuamFhXnJgYS0tZDAvc3M%3D&btag=80000200010000&dy_q=1785542733&feature_id=d6a18d7c5414b1f1e95a75faf9147845&l=20260801080532F7840132C3C96C031E7D&ply_type=3&policy=eyJ2bSI6MywidWlkIjoiMzEyOTY1MDYwMzg4ODE4NSJ9,未使用,审核不通过,--,2,--,0,0,0,0,0,0,0,0,0,0,0,0,0,0,0
"	7663055315891503114",0716-引流-魏怡-2.mp4,https://video-cn.oceanengine.com/6edc109f759ad88cb4ad0455cd17d691/6a6fdb60/tos-cn-ve-51/oYgviUNG0CUKeAbYeMRAV1tBhkqJ3sAfjj40Wa?a=1402&ch=0&cr=0&dr=3&cd=0%7C0%7C0%7C0&br=1149&bt=1149&cs=0&ds=3&ft=J9ThAGkHH_Myq8Z-ttR_e2NvjTQ&mime_type=video_mp4&qs=0&rc=NXZpTGRTaFBnKWxncmd5aHFsc3IxZGY7NTQ4ZDw6Z2Y3NzU6ODdlQGkzd2ZnaW86aGQ8MzM0NjMzQFNsa3ZpcUQ6amtqXmJmK2BeaWpgYTojLl40XzI0YzYxMTYwNjZfY2EjczNkaGFhZjVgYS0tZDBhc3M%3D&btag=80000e00010000&dy_q=1785542733&feature_id=d6a18d7c5414b1f1e95a75faf9147845&l=20260801080532F7840132C3C96C031E7D&ply_type=3&policy=eyJ2bSI6MywidWlkIjoiMzEyOTY1MDYwMzg4ODE4NSJ9,未使用,审核通过,--,2,--,0,0,0,0,0,0,0,0,0,0,0,0,0,0,0
"	7663055279933472777",0716-引流-魏怡-9.mp4,https://video-cn.oceanengine.com/beec645d8c00af90a34e3fb06eeba67f/6a6fdb5f/tos-cn-ve-51/oodM7fdLQINmAIWG1DEp1LtCBwgYhFIpALQKaG?a=1402&ch=0&cr=0&dr=3&cd=0%7C0%7C0%7C0&br=1357&bt=1357&cs=0&ds=3&ft=J9ThAGkHH_Myq8Z-ttR_e2NvjTQ&mime_type=video_mp4&qs=0&rc=NXZpTGRTaFBnKWxncmd5aHFsc3IxZGZkMzU3PDNoOjM8OTY0NzY2QGkzZXV3OW86aGQ8MzM0NjMzQFNsa3ZpcUQ6amtqXmJmK2BeaWpgYTojLi0uMjU1MF5fMTMtNGFeYmEjMi1ec2FhZjVgYS0tZDAwc3M%3D&btag=80000e00010000&dy_q=1785542733&feature_id=d6a18d7c5414b1f1e95a75faf9147845&l=20260801080532F7840132C3C96C031E7D&ply_type=3&policy=eyJ2bSI6MywidWlkIjoiMzEyOTY1MDYwMzg4ODE4NSJ9,未使用,审核通过,--,1,--,0,0,0,0,0,0,0,0,0,0,0,0,0,0,0
"	7663055260098527241",0715-引流-魏怡-7.mp4,https://video-cn.oceanengine.com/fb2ab19ad824f3d0b325ae6aa06c7f98/6a6fdb5e/tos-cn-ve-51/osuUAWODi1tgFY5lkaslEQKIAdHplcAzGzIQq?a=1402&ch=0&cr=0&dr=3&cd=0%7C0%7C0%7C0&br=1375&bt=1375&cs=0&ds=3&ft=J9ThAGkHH_Myq8Z-ttR_e2NvjTQ&mime_type=video_mp4&qs=0&rc=NXZpTGRTaFBnKWxncmd5aHFsc3IxZGZkZjhmOmZkZjhkOzU3NmZmQGlqdmp2ZG86aGQ8MzM0NjMzQFNsa3ZpcUQ6amtqXmJmK2BeaWpgYTojYTA0Nl5iMjZhMTVgNDNjY2EjcGhxMGFhXjVgYS0tZDAvc3M%3D&btag=80000e00010000&dy_q=1785542733&feature_id=d6a18d7c5414b1f1e95a75faf9147845&l=20260801080532F7840132C3C96C031E7D&ply_type=3&policy=eyJ2bSI6MywidWlkIjoiMzEyOTY1MDYwMzg4ODE4NSJ9,未使用,审核通过,--,1,--,0,0,0,0,0,0,0,0,0,0,0,0,0,0,0
"	7663055254678781990",0716-引流-魏怡-8.mp4,https://video-cn.oceanengine.com/0a82425bbd38694c5e13c79da8a2aa17/6a6fdb5a/tos-cn-ve-51/ocaOpQbUbIWzqqELlIFWQgBitUGXBDdYAvKAk?a=1402&ch=0&cr=0&dr=3&cd=0%7C0%7C0%7C0&br=1995&bt=1995&cs=0&ds=3&ft=J9ThAGkHH_Myq8Z-ttR_e2NvjTQ&mime_type=video_mp4&qs=0&rc=NXZpTGRTaFBnKWxncmd5aHFsc3IxZGZkODw2PDYzaDpmOTo8NWc2QGkzZDg4ZG86aGQ8MzM0NjMzQFNsa3ZpcUQ6amtqXmJmK2BeaWpgYTojYS0tXmEtMl4xMWIwYTMwMWEjMGMtX2FhXjVgYS0tZDAvc3M%3D&btag=80000e00008000&dy_q=1785542733&feature_id=d6a18d7c5414b1f1e95a75faf9147845&l=20260801080532F7840132C3C96C031E7D&ply_type=3&policy=eyJ2bSI6MywidWlkIjoiMzEyOTY1MDYwMzg4ODE4NSJ9,未使用,审核通过,--,1,--,0,0,0,0,0,0,0,0,0,0,0,0,0,0,0
"	7663055246740127782",0716-引流-魏怡-3.mp4,https://video-cn.oceanengine.com/7011e30d4ea2a3940df878beaef62dda/6a6fdb5e/tos-cn-ve-51/owmALVdAhFWayAI0QDSmGdIIBfgtYp71QICEUF?a=1402&ch=0&cr=0&dr=3&cd=0%7C0%7C0%7C0&br=1559&bt=1559&cs=0&ds=3&ft=J9ThAGkHH_Myq8Z-ttR_e2NvjTQ&mime_type=video_mp4&qs=0&rc=NXZpTGRTaFBnKWxncmd5aHFsc3IxZGY4ZTM0OWk8OTdoNWY0aGloQGkzeWY2N286aGQ8MzM0NjMzQFNsa3ZpcUQ6amtqXmJmK2BeaWpgYTojYGIuXy01YjZeMS4vNjMzXmEjLmhpLWFhZjVgYS0tZDBhc3M%3D&btag=80000e00010000&dy_q=1785542733&feature_id=d6a18d7c5414b1f1e95a75faf9147845&l=20260801080532F7840132C3C96C031E7D&ply_type=3&policy=eyJ2bSI6MywidWlkIjoiMzEyOTY1MDYwMzg4ODE4NSJ9,未使用,审核通过,--,1,--,0,0,0,0,0,0,0,0,0,0,0,0,0,0,0
"	7663055229525753882",0716-引导-魏怡-4.mp4,https://video-cn.oceanengine.com/1aa903cd130bf0485efcae4690377223/6a6fdb61/tos-cn-ve-51/ogexyeAsjAQWXhiagqbUOMCmStBG1GMH5UIIft?a=1402&ch=0&cr=0&dr=3&cd=0%7C0%7C0%7C0&br=1661&bt=1661&cs=0&ds=3&ft=J9ThAGkHH_Myq8Z-ttR_e2NvjTQ&mime_type=video_mp4&qs=0&rc=NXZpTGRTaFBnKWxncmd5aHFsc3IxZGY6OzY6OzRpZDNmaDg8NDQ5QGlqeXhsZ286aGQ8MzM0NjMzQFNsa3ZpcUQ6amtqXmJmK2BeaWpgYTojNmA2MzJeYjU1MTEvYjMtMmEjNjBia2FhXjVgYS0tZDAwc3M%3D&btag=80000e00010000&dy_q=1785542733&feature_id=d6a18d7c5414b1f1e95a75faf9147845&l=20260801080532F7840132C3C96C031E7D&ply_type=3&policy=eyJ2bSI6MywidWlkIjoiMzEyOTY1MDYwMzg4ODE4NSJ9,未使用,审核通过,--,2,--,0,0,0,0,0,0,0,0,0,0,0,0,0,0,0
"	7663055228426240027",0716-引流-魏怡-1.mp4,https://video-cn.oceanengine.com/3e7156999fd8a462d2719d3554354496/6a6fdb63/tos-cn-ve-51/oAgk3kAHKYtEzIQcFE1OzWMq7QGlpdIaAisA2?a=1402&ch=0&cr=0&dr=3&cd=0%7C0%7C0%7C0&br=1441&bt=1441&cs=0&ds=3&ft=J9ThAGkHH_Myq8Z-ttR_e2NvjTQ&mime_type=video_mp4&qs=0&rc=NXZpTGRTaFBnKWxncmd5aHFsc3IxZGY1ZzpoNTszNzY3ODQ8PDRkQGlqdmp2ZG86aGQ8MzM0NjMzQFNsa3ZpcUQ6amtqXmJmK2BeaWpgYTojMV42LV8wYDY2MTAwXzI2NmEjcWhxMGFhZjVgYS0tZDAvc3M%3D&btag=80000e00010000&dy_q=1785542733&feature_id=d6a18d7c5414b1f1e95a75faf9147845&l=20260801080532F7840132C3C96C031E7D&ply_type=3&policy=eyJ2bSI6MywidWlkIjoiMzEyOTY1MDYwMzg4ODE4NSJ9,未使用,审核通过,--,1,--,0,0,0,0,0,0,0,0,0,0,0,0,0,0,0
"	7663055226732789769",0716-引流-魏怡-10.mp4,https://video-cn.oceanengine.com/4e36593701dbfda06077e9e5919bf7d7/6a6fdb66/tos-cn-ve-51/o8ihQatqKsjBeregSUUxGmeILL1RNbAsx0CuKA?a=1402&ch=0&cr=0&dr=3&cd=0%7C0%7C0%7C0&br=1795&bt=1795&cs=0&ds=3&ft=J9ThAGkHH_Myq8Z-ttR_e2NvjTQ&mime_type=video_mp4&qs=0&rc=NXZpTGRTaFBnKWxncmd5aHFsc3IxZGZkODRpZDU1aGg3aDk0aTs1QGlqPHJyZ286aGQ8MzM0NjMzQFNsa3ZpcUQ6amtqXmJmK2BeaWpgYTojYzZfMzZjMTU1MS5hMC5iX2Eja3NhYmFhZjVgYS0tZDBhc3M%3D&btag=80000e00010000&dy_q=1785542733&feature_id=d6a18d7c5414b1f1e95a75faf9147845&l=20260801080532F7840132C3C96C031E7D&ply_type=3&policy=eyJ2bSI6MywidWlkIjoiMzEyOTY1MDYwMzg4ODE4NSJ9,未使用,审核通过,--,1,--,0,0,0,0,0,0,0,0,0,0,0,0,0,0,0
"	7663055189575106606",0716-浩正引导-2.mp4,https://video-cn.oceanengine.com/6b1b70ad880b410ef42ca6c93cb2ae6a/6a6fdb69/tos-cn-ve-51/o4aKFQlkEIMzUlErlIJWQwwitEGNpEdZA4yAk?a=1402&ch=0&cr=0&dr=3&cd=0%7C0%7C0%7C0&br=1342&bt=1342&cs=0&ds=4&ft=J9ThAGkHH_Myq8Z-ttR_e2NvjTQ&mime_type=video_mp4&qs=0&rc=NXZpTGRTaFBnKWxncmd5aHFsc3IxZGZpPGY0NWVmZDM5PGY3NDs6QGkzbjM8OG86ZGQ8MzM0NjMzQFNsa3ZpcUQ6amtqXmJmK2BeaWpgYTojXzVjNGMuYF5iMTY2MjEyYmEjMG4zM2FhLzVgYS0tZDAwc3M%3D&btag=80000200010000&dy_q=1785542733&feature_id=d6a18d7c5414b1f1e95a75faf9147845&l=20260801080532F7840132C3C96C031E7D&ply_type=3&policy=eyJ2bSI6MywidWlkIjoiMzEyOTY1MDYwMzg4ODE4NSJ9,未使用,审核不通过,--,0,--,0,0,0,0,0,0,0,0,0,0,0,0,0,0,0
"	7663055161565888522",0716-引导-小敏-1.mp4,https://video-cn.oceanengine.com/e510a8665b47b5e0707dfd1ed241d172/6a6fdb5d/tos-cn-ve-51/oEhElEkILxNAWZ9BzIgQaAIzQNOEILltdFsyi?a=1402&ch=0&cr=0&dr=3&cd=0%7C0%7C0%7C0&br=598&bt=598&cs=0&ds=4&ft=J9ThAGkHH_Myq8Z-ttR_e2NvjTQ&mime_type=video_mp4&qs=0&rc=NXZpTGRTaFBnKWxncmd5aHFsc3IxZGZnM2dnZWRlPDppZzdlNDU2QGlqZmZtNG86ZWQ8MzM0NjMzQFNsa3ZpcUQ6amtqXmJmK2BeaWpgYTojMF5fLzYuMF9eMTAvNV9hMmEjMjZiM2FhLzVgYS0tZDAvc3M%3D&btag=80000200010000&dy_q=1785542733&feature_id=d6a18d7c5414b1f1e95a75faf9147845&l=20260801080532F7840132C3C96C031E7D&ply_type=3&policy=eyJ2bSI6MywidWlkIjoiMzEyOTY1MDYwMzg4ODE4NSJ9,未使用,审核不通过,--,0,--,0,0,0,0,0,0,0,0,0,0,0,0,0,0,0
"	7663055112802025499",0716-浩正引导-1.mp4,https://video-cn.oceanengine.com/38fa5bfdb9ef53a72e6d4c0e4272f73d/6a6fdb6c/tos-cn-ve-51/o0QQp1cdIAA2Q5aUBFRYI4EQctmvFLkBfh7Ig4?a=1402&ch=0&cr=0&dr=3&cd=0%7C0%7C0%7C0&br=371&bt=371&cs=0&ds=3&ft=J9ThAGkHH_Myq8Z-ttR_e2NvjTQ&mime_type=video_mp4&qs=0&rc=NXZpTGRTaFBnKWxncmd5aHFsc3IxZGZnZWVoaDdkOGU2aWQ1aDQ2QGkzanM6O286ZGQ8MzM0NjMzQFNsa3ZpcUQ6amtqXmJmK2BeaWpgYTojMS5fM2M2YzZjMTUzLjJiLWEjcHIyYmFhLzVgYS0tZDAwc3M%3D&btag=80000e00018000&dy_q=1785542733&feature_id=d6a18d7c5414b1f1e95a75faf9147845&l=20260801080532F7840132C3C96C031E7D&ply_type=3&policy=eyJ2bSI6MywidWlkIjoiMzEyOTY1MDYwMzg4ODE4NSJ9,未使用,审核通过,--,1,--,0,0,0,0,0,0,0,0,0,0,0,0,0,0,0
"	7662989870433239066",0715-引导-小敏-3-修改.mp4,https://video-cn.oceanengine.com/dfb0a478cf3c6922ffc61d9b7e73eeb6/6a6fdb64/tos-cn-ve-51c800/oMAvDQh6EwztIAHEkEQaoIVJGlY9cdWh9wAZ5?a=1402&ch=0&cr=0&dr=3&cd=0%7C0%7C0%7C0&br=1368&bt=1368&cs=0&ds=4&ft=J9ThAGkHH_Myq8Z-ttR_e2NvjTQ&mime_type=video_mp4&qs=0&rc=NXZpTGRTaFBnKWxncmd5aHFsc3IxZGZmOjM0O2c3ZjhmN2c0aDwzQGkzM3lsNG86ajk8MzM0NjMzQFNsa3ZpcUQ6amtqXmJmK2BeaWpgYTojMmEyMDMzYV5eMWFiNTAvLmEjMGhhcGFhL2VgYS0tZDAwc3M%3D&btag=80000200010000&dy_q=1785542733&feature_id=d6a18d7c5414b1f1e95a75faf9147845&l=20260801080532F7840132C3C96C031E7D&ply_type=3&policy=eyJ2bSI6MywidWlkIjoiMzEyOTY1MDYwMzg4ODE4NSJ9,未使用,审核不通过,--,0,--,0,0,0,0,0,0,0,0,0,0,0,0,0,0,0
"	7662989870433206298",0715-引导-小敏-2-修改.mp4,https://video-cn.oceanengine.com/c3d4131093b5075f8e8f0305814774e0/6a6fdb64/tos-cn-ve-51/oEQtICaYALmEk4vVgjWAPlBoI1QtphcEzEdiw?a=1402&ch=0&cr=0&dr=3&cd=0%7C0%7C0%7C0&br=884&bt=884&cs=0&ds=4&ft=J9ThAGkHH_Myq8Z-ttR_e2NvjTQ&mime_type=video_mp4&qs=0&rc=NXZpTGRTaFBnKWxncmd5aHFsc3IxZGZkNTY1ZmU5ZWk3Njs8ZWdoQGlqNG1zaW86ajk8MzM0NjMzQFNsa3ZpcUQ6amtqXmJmK2BeaWpgYTojYjA2YDY1LV5hMTIwNDExM2EjMl5nXmFhL2VgYS0tZDAvc3M%3D&btag=80000200010000&dy_q=1785542733&feature_id=d6a18d7c5414b1f1e95a75faf9147845&l=20260801080532F7840132C3C96C031E7D&ply_type=3&policy=eyJ2bSI6MywidWlkIjoiMzEyOTY1MDYwMzg4ODE4NSJ9,未使用,审核不通过,--,0,--,0,0,0,0,0,0,0,0,0,0,0,0,0,0,0
"	7662989862635503662",0715-引导-小敏-1-修改.mp4,https://video-cn.oceanengine.com/4af8403ec8a71cce277719a917d9e1e0/6a6fdb6c/tos-cn-ve-51/oswcowlY3qAhtENxd1EAapCJzdIFFWQIOQhwo?a=1402&ch=0&cr=0&dr=3&cd=0%7C0%7C0%7C0&br=644&bt=644&cs=0&ds=4&ft=J9ThAGkHH_Myq8Z-ttR_e2NvjTQ&mime_type=video_mp4&qs=0&rc=NXZpTGRTaFBnKWxncmd5aHFsc3IxZGZnPDM7NWVoMzxmZmY6OWdnQGkzcW00O286ajk8MzM0NjMzQFNsa3ZpcUQ6amtqXmJmK2BeaWpgYTojL142NGMuMDUyMS02YTA1MGEjbDBfaWFhL2VgYS0tZDAwc3M%3D&btag=80000200018000&dy_q=1785542733&feature_id=d6a18d7c5414b1f1e95a75faf9147845&l=20260801080532F7840132C3C96C031E7D&ply_type=3&policy=eyJ2bSI6MywidWlkIjoiMzEyOTY1MDYwMzg4ODE4NSJ9,未使用,审核不通过,--,0,--,0,0,0,0,0,0,0,0,0,0,0,0,0,0,0
"	7662989853030219827",0714瑞晨引流修改-10.mp4,https://video-cn.oceanengine.com/87c33eed1df66116299adbd2e41f87d5/6a6fdb5e/tos-cn-ve-51/ok1AltAQMSdHoEtbzDQkutN2aYI0hIonhpWTV?a=1402&ch=0&cr=0&dr=3&cd=0%7C0%7C0%7C0&br=3644&bt=3644&cs=0&ds=4&ft=J9ThAGkHH_Myq8Z-ttR_e2NvjTQ&mime_type=video_mp4&qs=0&rc=NXZpTGRTaFBnKWxncmd5aHFsc3IxZGY3aGU6NGQ6ZDxnMzs0NTs3QGkzcGRwZ286aDk8MzM0NjMzQFNsa3ZpcUQ6amtqXmJmK2BeaWpgYTojMC8yLzI0MDZjMS0tLS0zNWEjMzBuXmFhbmVgYS0tZDBhc3M%3D&btag=80000200010000&dy_q=1785542733&feature_id=d6a18d7c5414b1f1e95a75faf9147845&l=20260801080532F7840132C3C96C031E7D&ply_type=3&policy=eyJ2bSI6MywidWlkIjoiMzEyOTY1MDYwMzg4ODE4NSJ9,未使用,审核不通过,--,0,--,0,0,0,0,0,0,0,0,0,0,0,0,0,0,0
"	7662989840313352201",0715-引导-小敏-5-修改.mp4,https://video-cn.oceanengine.com/51640ef882d088b9de943404d472a821/6a6fdb5b/tos-cn-ve-51/ogAKgBk1h7gQCmoERdYIAtpL9aRxfDINlI3T1Q?a=1402&ch=0&cr=0&dr=3&cd=0%7C0%7C0%7C0&br=1266&bt=1266&cs=0&ds=4&ft=J9ThAGkHH_Myq8Z-ttR_e2NvjTQ&mime_type=video_mp4&qs=0&rc=NXZpTGRTaFBnKWxncmd5aHFsc3IxZGZmODtkaWk6N2c4aDM2Zjo7QGlqOGl3OW86ajk8MzM0NjMzQFNsa3ZpcUQ6amtqXmJmK2BeaWpgYTojMDZfMjZjYjZhMWI0Yy5gMmEjYmNec2FhL2VgYS0tZDAwc3M%3D&btag=80000200008000&dy_q=1785542733&feature_id=d6a18d7c5414b1f1e95a75faf9147845&l=20260801080532F7840132C3C96C031E7D&ply_type=3&policy=eyJ2bSI6MywidWlkIjoiMzEyOTY1MDYwMzg4ODE4NSJ9,未使用,审核不通过,--,0,--,0,0,0,0,0,0,0,0,0,0,0,0,0,0,0
"	7662989796920000539",0715-引导-小敏-4-修改.mp4,https://video-cn.oceanengine.com/3db367ee4dc42559692cf2eab43824c8/6a6fdb64/tos-cn-ve-51/oEl0zxvWotiQlAEvSWAYEoIQdAlWaEpwTIh5E?a=1402&ch=0&cr=0&dr=3&cd=0%7C0%7C0%7C0&br=1423&bt=1423&cs=0&ds=4&ft=J9ThAGkHH_Myq8Z-ttR_e2NvjTQ&mime_type=video_mp4&qs=0&rc=NXZpTGRTaFBnKWxncmd5aHFsc3IxZGY8ZDtlZWlmOjc6MzU6ZGY7QGkzcHU0aW86ajk8MzM0NjMzQFNsa3ZpcUQ6amtqXmJmK2BeaWpgYTojYGIxMy8vNV8vMS0uXmIvMGEjZS8vbmFhL2VgYS0tZDBhc3M%3D&btag=80000200010000&dy_q=1785542733&feature_id=d6a18d7c5414b1f1e95a75faf9147845&l=20260801080532F7840132C3C96C031E7D&ply_type=3&policy=eyJ2bSI6MywidWlkIjoiMzEyOTY1MDYwMzg4ODE4NSJ9,未使用,审核不通过,--,0,--,0,0,0,0,0,0,0,0,0,0,0,0,0,0,0
"	7662989779832127498",0715-引导-小敏-6-修改.mp4,https://video-cn.oceanengine.com/8c74dbee4539b2f9d06d52cda1b407f3/6a6fdb58/tos-cn-ve-51/08944e2d7f8b4db68b290ddaa9ee6685?a=1402&ch=0&cr=0&dr=3&cd=0%7C0%7C0%7C0&br=843&bt=843&cs=0&ds=4&ft=J9ThAGkHH_Myq8Z-ttR_e2NvjTQ&mime_type=video_mp4&qs=0&rc=NXZpTGRTaFBnKWxncmd5aHFsc3IxZGY6NGQ5Njw1ZzU8PDRpaDNnQGlqbzZ3NW86ajk8MzM0NjMzQFNsa3ZpcUQ6amtqXmJmK2BeaWpgYTojX2I1MDZjLTY1MS9hMF42NWEjbS5vbmFhL2VgYS0tZDAwc3M%3D&btag=80000200008000&dy_q=1785542733&feature_id=d6a18d7c5414b1f1e95a75faf9147845&l=20260801080532F7840132C3C96C031E7D&ply_type=3&policy=eyJ2bSI6MywidWlkIjoiMzEyOTY1MDYwMzg4ODE4NSJ9,未使用,审核不通过,--,0,--,0,0,0,0,0,0,0,0,0,0,0,0,0,0,0
"	7662989773514424358",0715-引导-小敏-7-修改.mp4,https://video-cn.oceanengine.com/fd369f68609d20ce27418ff2ab001864/6a6fdb61/tos-cn-ve-51/ow1L6HteIAD0AJJBQgJwVgAbgmtTOmIppQ5aR7?a=1402&ch=0&cr=0&dr=3&cd=0%7C0%7C0%7C0&br=1788&bt=1788&cs=0&ds=4&ft=J9ThAGkHH_Myq8Z-ttR_e2NvjTQ&mime_type=video_mp4&qs=0&rc=NXZpTGRTaFBnKWxncmd5aHFsc3IxZGZpOzQ3ZGY3NzdkNmRoOWRlQGkzcGxnNm86ajk8MzM0NjMzQFNsa3ZpcUQ6amtqXmJmK2BeaWpgYTojYC42Yy8xNDYvMS1gNDUzMmEjcTY0ZmFhL2VgYS0tZDBhc3M%3D&btag=80000200010000&dy_q=1785542733&feature_id=d6a18d7c5414b1f1e95a75faf9147845&l=20260801080532F7840132C3C96C031E7D&ply_type=3&policy=eyJ2bSI6MywidWlkIjoiMzEyOTY1MDYwMzg4ODE4NSJ9,未使用,审核不通过,--,0,--,0,0,0,0,0,0,0,0,0,0,0,0,0,0,0
"	7662989769204056110",0714瑞晨引流修改-8.mp4,https://video-cn.oceanengine.com/ea53da9efa6d68e67c48555747100e0c/6a6fdb56/tos-cn-ve-51/oIZQphaqEIzwW0nyHIadAYtQbGWzgEl2uFpAo?a=1402&ch=0&cr=0&dr=3&cd=0%7C0%7C0%7C0&br=3523&bt=3523&cs=0&ds=4&ft=J9ThAGkHH_Myq8Z-ttR_e2NvjTQ&mime_type=video_mp4&qs=0&rc=NXZpTGRTaFBnKWxncmd5aHFsc3IxZGZkaDtnNjg4NGU1NTllaGVoQGkzcHh2ZG86aDk8MzM0NjMzQFNsa3ZpcUQ6amtqXmJmK2BeaWpgYTojL2BgNGFfMDZgMTMwMy01YWEjbWZwMGFhbmVgYS0tZDAvc3M%3D&btag=80000200008000&dy_q=1785542733&feature_id=d6a18d7c5414b1f1e95a75faf9147845&l=20260801080532F7840132C3C96C031E7D&ply_type=3&policy=eyJ2bSI6MywidWlkIjoiMzEyOTY1MDYwMzg4ODE4NSJ9,未使用,审核不通过,--,0,--,0,0,0,0,0,0,0,0,0,0,0,0,0,0,0
"	7662989743489138715",0715瑞晨引流修改-5.mp4,https://video-cn.oceanengine.com/27543e3dfe08b0c33f373a9c0ad5d267/6a6fdb5c/tos-cn-ve-51/oQjRQmuBdaATe4F3xDtcgm1gCBHQDAALIMolw7?a=1402&ch=0&cr=0&dr=3&cd=0%7C0%7C0%7C0&br=1485&bt=1485&cs=0&ds=4&ft=J9ThAGkHH_Myq8Z-ttR_e2NvjTQ&mime_type=video_mp4&qs=0&rc=NXZpTGRTaFBnKWxncmd5aHFsc3IxZGY4ZTM3aGY6Nzw8PGkzOjQ0QGlqNHJpaG86aDk8MzM0NjMzQFNsa3ZpcUQ6amtqXmJmK2BeaWpgYTojXjBgNmAzYjZeMTMvYzA0XmEjbzQtLWFhbmVgYS0tZDBhc3M%3D&btag=80000200010000&dy_q=1785542733&feature_id=d6a18d7c5414b1f1e95a75faf9147845&l=20260801080532F7840132C3C96C031E7D&ply_type=3&policy=eyJ2bSI6MywidWlkIjoiMzEyOTY1MDYwMzg4ODE4NSJ9,未使用,审核不通过,--,0,--,0,0,0,0,0,0,0,0,0,0,0,0,0,0,0
"	7662705484970426419",0715-引导-小敏-2.mp4,https://video-cn.oceanengine.com/629b03aaf1afcf1fea6792281bc040e5/6a6fdb64/tos-cn-ve-51/oEpsUBEfwQq3AeAaIohGCg3XCG0sbrPt0Cnfjj?a=1402&ch=0&cr=0&dr=3&cd=0%7C0%7C0%7C0&br=883&bt=883&cs=0&ds=4&ft=J9ThAGkHH_Myq8Z-ttR_e2NvjTQ&mime_type=video_mp4&qs=0&rc=NXZpTGRTaFBnKWxncmd5aHFsc3IxZGZpZzU5ZzZnZTg7ZjQ5aDpnQGkzaXV4Om86NnA8MzM0NjMzQFNsa3ZpcUQ6amtqXmJmK2BeaWpgYTojMDJjNmAzYTUwMTYxXjY0MmEjLmJzc2FhXmBfYS0tZDAwc3M%3D&btag=80000200010000&dy_q=1785542733&feature_id=d6a18d7c5414b1f1e95a75faf9147845&l=20260801080532F7840132C3C96C031E7D&ply_type=3&policy=eyJ2bSI6MywidWlkIjoiMzEyOTY1MDYwMzg4ODE4NSJ9,未使用,审核不通过,--,0,--,0,0,0,0,0,0,0,0,0,0,0,0,0,0,0
"	7662705482650484745",0715-引流-魏怡-7.mp4,https://video-cn.oceanengine.com/fedbff8b28486ce57e776a05b6d710b4/6a6fdb5e/tos-cn-ve-51/oQXRArqgeIUL1JewtajCbQIRGfnJ0sGFAtBOFQ?a=1402&ch=0&cr=0&dr=3&cd=0%7C0%7C0%7C0&br=2721&bt=2721&cs=0&ds=4&ft=J9ThAGkHH_Myq8Z-ttR_e2NvjTQ&mime_type=video_mp4&qs=0&rc=NXZpTGRTaFBnKWxncmd5aHFsc3IxZGZoM2VpZTM6OmlkZ2gzOjVlQGlqbTg0aW86NHA8MzM0NjMzQFNsa3ZpcUQ6amtqXmJmK2BeaWpgYTojYy8yM18wMDU0MS0wLjYtLWEjZ3IvbmFhL2BfYS0tZDBhc3M%3D&btag=80000e00010000&dy_q=1785542733&feature_id=d6a18d7c5414b1f1e95a75faf9147845&l=20260801080532F7840132C3C96C031E7D&ply_type=3&policy=eyJ2bSI6MywidWlkIjoiMzEyOTY1MDYwMzg4ODE4NSJ9,未使用,审核通过,--,2,--,0,0,0,0,0,0,0,0,0,0,0,0,0,0,0
"	7662705450980376585",0715-引流-魏怡-6.mp4,https://video-cn.oceanengine.com/b47afd3ce454ff44dcc6cec4fc9bc2ee/6a6fdb5e/tos-cn-ve-51/og4XmdRDxlVQdwdtEsaWzXIBIQqFQ20JpAEAM?a=1402&ch=0&cr=0&dr=3&cd=0%7C0%7C0%7C0&br=2642&bt=2642&cs=0&ds=4&ft=J9ThAGkHH_Myq8Z-ttR_e2NvjTQ&mime_type=video_mp4&qs=0&rc=NXZpTGRTaFBnKWxncmd5aHFsc3IxZGZnMzw0MzZpZjk8ZGVlOzU7QGkzdzM4ZG86NHA8MzM0NjMzQFNsa3ZpcUQ6amtqXmJmK2BeaWpgYTojLS00MTVgNTVfMV5iNF80XmEjbmxjb2FhL2BfYS0tZDAwc3M%3D&btag=80000e00010000&dy_q=1785542733&feature_id=d6a18d7c5414b1f1e95a75faf9147845&l=20260801080532F7840132C3C96C031E7D&ply_type=3&policy=eyJ2bSI6MywidWlkIjoiMzEyOTY1MDYwMzg4ODE4NSJ9,未使用,审核通过,--,1,--,0,0,0,0,0,0,0,0,0,0,0,0,0,0,0
"	7662705442624749578", 0715-引导-小敏-6.mp4,https://video-cn.oceanengine.com/b49b0f1bb121aa53ca0c2282cc281b24/6a6fdb61/tos-cn-ve-51/o4WQ7ElnUBDEAQWcd0KIKX2dIzAatTmA5wu9h?a=1402&ch=0&cr=0&dr=3&cd=0%7C0%7C0%7C0&br=1792&bt=1792&cs=0&ds=4&ft=J9ThAGkHH_Myq8Z-ttR_e2NvjTQ&mime_type=video_mp4&qs=0&rc=NXZpTGRTaFBnKWxncmd5aHFsc3IxZGY4M2g8aDllN2loOmVmNDNlQGlqdTZnOm86NnA8MzM0NjMzQFNsa3ZpcUQ6amtqXmJmK2BeaWpgYTojNGM2NDU1XjYvMV81LzUtNmEjcjZqMmFhXmBfYS0tZDBhc3M%3D&btag=80000200010000&dy_q=1785542733&feature_id=d6a18d7c5414b1f1e95a75faf9147845&l=20260801080532F7840132C3C96C031E7D&ply_type=3&policy=eyJ2bSI6MywidWlkIjoiMzEyOTY1MDYwMzg4ODE4NSJ9,未使用,审核不通过,--,0,--,0,0,0,0,0,0,0,0,0,0,0,0,0,0,0
"	7662705440946290738",0715-引导-小敏-3.mp4,https://video-cn.oceanengine.com/5b3c899cb83de00e9342b0bb518ea4fb/6a6fdb64/tos-cn-ve-51/ooEKRT7EIgQ1G3KoWptmXipJfjM1dBALaA7mQB?a=1402&ch=0&cr=0&dr=3&cd=0%7C0%7C0%7C0&br=1440&bt=1440&cs=0&ds=4&ft=J9ThAGkHH_Myq8Z-ttR_e2NvjTQ&mime_type=video_mp4&qs=0&rc=NXZpTGRTaFBnKWxncmd5aHFsc3IxZGY1NTs0NjMzOGkzNTRkaGU0QGlqO2R0M286NnA8MzM0NjMzQFNsa3ZpcUQ6amtqXmJmK2BeaWpgYTojYGJhLi1iLl4wMTRiXmBiLWEjczZvZmFhXmBfYS0tZDBhc3M%3D&btag=80000200010000&dy_q=1785542733&feature_id=d6a18d7c5414b1f1e95a75faf9147845&l=20260801080532F7840132C3C96C031E7D&ply_type=3&policy=eyJ2bSI6MywidWlkIjoiMzEyOTY1MDYwMzg4ODE4NSJ9,未使用,审核不通过,--,0,--,0,0,0,0,0,0,0,0,0,0,0,0,0,0,0
"	7662705419853398042",0715-引导-小敏-5.mp4,https://video-cn.oceanengine.com/95af2ff238de4393cabd3b0c31a8447a/6a6fdb64/tos-cn-ve-51/oMonlUmNCLjAWXpElIgQaAIzQGCEIDItd0Pyd?a=1402&ch=0&cr=0&dr=3&cd=0%7C0%7C0%7C0&br=1433&bt=1433&cs=0&ds=4&ft=J9ThAGkHH_Myq8Z-ttR_e2NvjTQ&mime_type=video_mp4&qs=0&rc=NXZpTGRTaFBnKWxncmd5aHFsc3IxZGY4OGloZDM4ZTQ3NjU3PDRoQGkzaXBrO286NnA8MzM0NjMzQFNsa3ZpcUQ6amtqXmJmK2BeaWpgYTojNS4zYC8vLjU0MTFeLzBfYGEjLmJoZWFhXmBfYS0tZDAvc3M%3D&btag=80000e00010000&dy_q=1785542733&feature_id=d6a18d7c5414b1f1e95a75faf9147845&l=20260801080532F7840132C3C96C031E7D&ply_type=3&policy=eyJ2bSI6MywidWlkIjoiMzEyOTY1MDYwMzg4ODE4NSJ9,未使用,审核通过,--,1,--,0,0,0,0,0,0,0,0,0,0,0,0,0,0,0
"	7662705385929408538",0715-引流-魏怡-2.mp4,https://video-cn.oceanengine.com/1c8ef42640f5b0a5a48c13c7c34b94a1/6a6fdb76/tos-cn-ve-51/o81vxNiEIBiVHQ2eYRNTDziAuYIE2gyegHAKaq?a=1402&ch=0&cr=0&dr=3&cd=0%7C0%7C0%7C0&br=1070&bt=1070&cs=0&ds=4&ft=J9ThAGkHH_Myq8Z-ttR_e2NvjTQ&mime_type=video_mp4&qs=0&rc=NXZpTGRTaFBnKWxncmd5aHFsc3IxZGY4N2kzNmhkNGU3OzhmaTs2QGkzc2l5O286NHA8MzM0NjMzQFNsa3ZpcUQ6amtqXmJmK2BeaWpgYTojXjEuMjFiMTUwMV4vLjRiMGEjLi9sZGFhL2BfYS0tZDBhc3M%3D&btag=80000200018000&dy_q=1785542733&feature_id=d6a18d7c5414b1f1e95a75faf9147845&l=20260801080532F7840132C3C96C031E7D&ply_type=3&policy=eyJ2bSI6MywidWlkIjoiMzEyOTY1MDYwMzg4ODE4NSJ9,未使用,审核不通过,--,0,--,0,0,0,0,0,0,0,0,0,0,0,0,0,0,0
"	7662705380100997146",0715-引流-魏怡-5.mp4,https://video-cn.oceanengine.com/d2e4b09d42ec2cfa79bab74697bcd1b3/6a6fdb5b/tos-cn-ve-51/oA1jDlQAQkuIXAEdrQUaW1QzBmA7IRbdZtEqT?a=1402&ch=0&cr=0&dr=3&cd=0%7C0%7C0%7C0&br=1886&bt=1886&cs=0&ds=3&ft=J9ThAGkHH_Myq8Z-ttR_e2NvjTQ&mime_type=video_mp4&qs=0&rc=NXZpTGRTaFBnKWxncmd5aHFsc3IxZGY1NzVmZjUzZDo3aWU1NGZlQGlqdWZkaG86NHA8MzM0NjMzQFNsa3ZpcUQ6amtqXmJmK2BeaWpgYTojYmNiNmE1MDUxMTUtYF9fMGEjbi1pNWFhL2BfYS0tZDBhc3M%3D&btag=80000e00008000&dy_q=1785542733&feature_id=d6a18d7c5414b1f1e95a75faf9147845&l=20260801080532F7840132C3C96C031E7D&ply_type=3&policy=eyJ2bSI6MywidWlkIjoiMzEyOTY1MDYwMzg4ODE4NSJ9,未使用,审核通过,--,1,--,0,0,0,0,0,0,0,0,0,0,0,0,0,0,0
"	7662705376481017882",0715-引导-小敏-1.mp4,https://video-cn.oceanengine.com/e2a0ac71108cd6fc99491ebf33ec34a3/6a6fdb6c/tos-cn-ve-51/3f0a152d3ab940698ca4d0c2c17194da?a=1402&ch=0&cr=0&dr=3&cd=0%7C0%7C0%7C0&br=673&bt=673&cs=0&ds=4&ft=J9ThAGkHH_Myq8Z-ttR_e2NvjTQ&mime_type=video_mp4&qs=0&rc=NXZpTGRTaFBnKWxncmd5aHFsc3IxZGY2ZWY0aWQ8O2RoOGRmaDgzQGlqc3Y1aG86NnA8MzM0NjMzQFNsa3ZpcUQ6amtqXmJmK2BeaWpgYTojMy8tMzEtMzZgMWNfXmBhLWEjNDVob2FhXmBfYS0tZDAwc3M%3D&btag=80000200018000&dy_q=1785542733&feature_id=d6a18d7c5414b1f1e95a75faf9147845&l=20260801080532F7840132C3C96C031E7D&ply_type=3&policy=eyJ2bSI6MywidWlkIjoiMzEyOTY1MDYwMzg4ODE4NSJ9,未使用,审核不通过,--,0,--,0,0,0,0,0,0,0,0,0,0,0,0,0,0,0
"	7662705373485203483",0715-引流-魏怡-3.mp4,https://video-cn.oceanengine.com/6cbe737fb0c3ab6fab0640e0d50a2ce2/6a6fdb6d/tos-cn-ve-51/owBAdzEPjmQPnEIlSAIGdXST0QskaBRpwtGrW?a=1402&ch=0&cr=0&dr=3&cd=0%7C0%7C0%7C0&br=1604&bt=1604&cs=0&ds=4&ft=J9ThAGkHH_Myq8Z-ttR_e2NvjTQ&mime_type=video_mp4&qs=0&rc=NXZpTGRTaFBnKWxncmd5aHFsc3IxZGY4ZDk4Z2czOTdpNDc3NTM4QGkzOms2ZW86NHA8MzM0NjMzQFNsa3ZpcUQ6amtqXmJmK2BeaWpgYTojM15jYDUzLl80MV41NDBeLmEjNjRyZmFhL2BfYS0tZDAwc3M%3D&btag=80000200018000&dy_q=1785542733&feature_id=d6a18d7c5414b1f1e95a75faf9147845&l=20260801080532F7840132C3C96C031E7D&ply_type=3&policy=eyJ2bSI6MywidWlkIjoiMzEyOTY1MDYwMzg4ODE4NSJ9,未使用,审核不通过,--,0,--,0,0,0,0,0,0,0,0,0,0,0,0,0,0,0
"	7662705357816004634",0715-引导-小敏-4.mp4,https://video-cn.oceanengine.com/60bb6bc3d4521260696680c9f177dd06/6a6fdb5b/tos-cn-ve-51/oEKQqXE5DdFwmGIQtgC0Jd9lIpWAIFCMQaAUz?a=1402&ch=0&cr=0&dr=3&cd=0%7C0%7C0%7C0&br=1276&bt=1276&cs=0&ds=4&ft=J9ThAGkHH_Myq8Z-ttR_e2NvjTQ&mime_type=video_mp4&qs=0&rc=NXZpTGRTaFBnKWxncmd5aHFsc3IxZGY2OWQ5NGk0aTU1aTs0OTVpQGkzczMzPG86NnA8MzM0NjMzQFNsa3ZpcUQ6amtqXmJmK2BeaWpgYTojXjA1Ml5iXl5eMWAwMF80Y2EjNV9oMmFhXmBfYS0tZDAwc3M%3D&btag=80000200008000&dy_q=1785542733&feature_id=d6a18d7c5414b1f1e95a75faf9147845&l=20260801080532F7840132C3C96C031E7D&ply_type=3&policy=eyJ2bSI6MywidWlkIjoiMzEyOTY1MDYwMzg4ODE4NSJ9,未使用,审核不通过,--,0,--,0,0,0,0,0,0,0,0,0,0,0,0,0,0,0
"	7662705346276360202",0715-引流-魏怡-10.mp4,https://video-cn.oceanengine.com/0469c2d23763712b576a7c532977f752/6a6fdb64/tos-cn-ve-51/oMwGsQzlIuwEmZAdANXQIEOsDnEZFBWjUrtda?a=1402&ch=0&cr=0&dr=3&cd=0%7C0%7C0%7C0&br=1319&bt=1319&cs=0&ds=3&ft=J9ThAGkHH_Myq8Z-ttR_e2NvjTQ&mime_type=video_mp4&qs=0&rc=NXZpTGRTaFBnKWxncmd5aHFsc3IxZGY0NmVnODVoNDZpNzVkNmlnQGkzOGw5ZW86NHA8MzM0NjMzQFNsa3ZpcUQ6amtqXmJmK2BeaWpgYTojLWMzLjA0YzY0MTA0Ll8tY2EjanBhXmFhL2BfYS0tZDAwc3M%3D&btag=80000e00010000&dy_q=1785542733&feature_id=d6a18d7c5414b1f1e95a75faf9147845&l=20260801080532F7840132C3C96C031E7D&ply_type=3&policy=eyJ2bSI6MywidWlkIjoiMzEyOTY1MDYwMzg4ODE4NSJ9,未使用,审核通过,--,1,--,0,0,0,0,0,0,0,0,0,0,0,0,0,0,0
"	7662705344263782427",0715-引流-魏怡-4.mp4,https://video-cn.oceanengine.com/a93742b0f86991f54172d0221a6f2d41/6a6fdb5d/tos-cn-ve-51/okuWWGjDNIGAGCORfaQgCQ1qjfIa2AE2BgNYzV?a=1402&ch=0&cr=0&dr=3&cd=0%7C0%7C0%7C0&br=1590&bt=1590&cs=0&ds=3&ft=J9ThAGkHH_Myq8Z-ttR_e2NvjTQ&mime_type=video_mp4&qs=0&rc=NXZpTGRTaFBnKWxncmd5aHFsc3IxZGY3Ojs7PGdnZTQ3ZWg2aDNnQGkzZTNqaW86NHA8MzM0NjMzQFNsa3ZpcUQ6amtqXmJmK2BeaWpgYTojYTEuM2EvMV5gMWM2MF5iNWEjL2o2ZWFhL2BfYS0tZDAvc3M%3D&btag=80000e00010000&dy_q=1785542733&feature_id=d6a18d7c5414b1f1e95a75faf9147845&l=20260801080532F7840132C3C96C031E7D&ply_type=3&policy=eyJ2bSI6MywidWlkIjoiMzEyOTY1MDYwMzg4ODE4NSJ9,未使用,审核通过,--,4,--,0,0,0,0,0,0,0,0,0,0,0,0,0,0,0
"	7662705335255351334",0715-引流-魏怡-1.mp4,https://video-cn.oceanengine.com/9f6e7b509c2b8c163a34e8479711693b/6a6fdb6a/tos-cn-ve-51/o415hkvoCAvQ7AtmFATIJY7gKKB1QaISeMTa7Q?a=1402&ch=0&cr=0&dr=3&cd=0%7C0%7C0%7C0&br=1535&bt=1535&cs=0&ds=4&ft=J9ThAGkHH_Myq8Z-ttR_e2NvjTQ&mime_type=video_mp4&qs=0&rc=NXZpTGRTaFBnKWxncmd5aHFsc3IxZGY8Omc7aDlnZTs8ODxlZzRpQGkzcWQ0NW86NHA8MzM0NjMzQFNsa3ZpcUQ6amtqXmJmK2BeaWpgYTojLzJiY180Y15iMWEvNDVeL2EjaGc0bmFhL2BfYS0tZDAvc3M%3D&btag=80000e00010000&dy_q=1785542733&feature_id=d6a18d7c5414b1f1e95a75faf9147845&l=20260801080532F7840132C3C96C031E7D&ply_type=3&policy=eyJ2bSI6MywidWlkIjoiMzEyOTY1MDYwMzg4ODE4NSJ9,未使用,审核通过,--,1,--,0,0,0,0,0,0,0,0,0,0,0,0,0,0,0
"	7662705320095973427",0715-引流-魏怡-8.mp4,https://video-cn.oceanengine.com/43a180124afb001e26f4b492c67512ea/6a6fdb64/tos-cn-ve-51/o81fP2qgYI5VEaMDBNdRqI3yfSPABNgtuqQ2AA?a=1402&ch=0&cr=0&dr=3&cd=0%7C0%7C0%7C0&br=2665&bt=2665&cs=0&ds=4&ft=J9ThAGkHH_Myq8Z-ttR_e2NvjTQ&mime_type=video_mp4&qs=0&rc=NXZpTGRTaFBnKWxncmd5aHFsc3IxZGY2OjtnNTs1Z2U5PGU8NmZpQGkzM2pxZG86NHA8MzM0NjMzQFNsa3ZpcUQ6amtqXmJmK2BeaWpgYTojYzBjLzYyNjZjMTA2YTEtMWEjZGZwaWFhL2BfYS0tZDBhc3M%3D&btag=80000e00010000&dy_q=1785542733&feature_id=d6a18d7c5414b1f1e95a75faf9147845&l=20260801080532F7840132C3C96C031E7D&ply_type=3&policy=eyJ2bSI6MywidWlkIjoiMzEyOTY1MDYwMzg4ODE4NSJ9,未使用,审核通过,--,1,--,0,0,0,0,0,0,0,0,0,0,0,0,0,0,0
"	7662705291852939314",0715-引流-魏怡-9.mp4,https://video-cn.oceanengine.com/38deec2ec9fa6d8aa010da749ac871cf/6a6fdb65/tos-cn-ve-51/oEILElztnXjlGAjI4aBEdzg4J1EBQm4WA7ZdQ?a=1402&ch=0&cr=0&dr=3&cd=0%7C0%7C0%7C0&br=1521&bt=1521&cs=0&ds=3&ft=J9ThAGkHH_Myq8Z-ttR_e2NvjTQ&mime_type=video_mp4&qs=0&rc=NXZpTGRTaFBnKWxncmd5aHFsc3IxZGY0ZmVlPGY2ZWg1ZWk1ODg4QGlqOXFmNm86NHA8MzM0NjMzQFNsa3ZpcUQ6amtqXmJmK2BeaWpgYTojYS9hMGEzNTUvMS4vYTFgNmEjMmpycGFhL2BfYS0tZDAvc3M%3D&btag=80000e00010000&dy_q=1785542733&feature_id=d6a18d7c5414b1f1e95a75faf9147845&l=20260801080532F7840132C3C96C031E7D&ply_type=3&policy=eyJ2bSI6MywidWlkIjoiMzEyOTY1MDYwMzg4ODE4NSJ9,未使用,审核通过,--,1,--,0,0,0,0,0,0,0,0,0,0,0,0,0,0,0
"	7662638692850843694",0714-引流-魏怡-3.mp4,https://video-cn.oceanengine.com/8ef9d080f7c039e5261752edffea387b/6a6fdb7a/tos-cn-ve-51/oU5ShtaJmBgVVE7qhX7I5SAARQ4Q7WFJK1I2fB?a=1402&ch=0&cr=0&dr=3&cd=0%7C0%7C0%7C0&br=1073&bt=1073&cs=0&ds=4&ft=J9ThAGkHH_Myq8Z-ttR_e2NvjTQ&mime_type=video_mp4&qs=0&rc=NXZpTGRTaFBnKWxncmd5aHFsc3IxZGY3Njc1Njc7NjNpNGk1ZGQ5QGkzeW1xZW86b2w8MzM0NjMzQFNsa3ZpcUQ6amtqXmJmK2BeaWpgYTojNDAwM2NjMl4wMTJfXjIyM2Ejb2wxMWFhL2ZfYS0tZDAwc3M%3D&btag=80000200020000&dy_q=1785542733&feature_id=d6a18d7c5414b1f1e95a75faf9147845&l=20260801080532F7840132C3C96C031E7D&ply_type=3&policy=eyJ2bSI6MywidWlkIjoiMzEyOTY1MDYwMzg4ODE4NSJ9,未使用,审核不通过,--,0,--,0,0,0,0,0,0,0,0,0,0,0,0,0,0,0
"	7662638665802072114",0714-引流-魏怡-2.mp4,https://video-cn.oceanengine.com/8a1445b95da6091d102a679ca74198e3/6a6fdb6a/tos-cn-ve-51/owA9EQcLEVztIAACIEQapIJLSlXYLdWh2wsjj?a=1402&ch=0&cr=0&dr=3&cd=0%7C0%7C0%7C0&br=1341&bt=1341&cs=0&ds=4&ft=J9ThAGkHH_Myq8Z-ttR_e2NvjTQ&mime_type=video_mp4&qs=0&rc=NXZpTGRTaFBnKWxncmd5aHFsc3IxZGZoaDY8N2hoZDQzNTw8aGdkQGkzZm5sNG86b2w8MzM0NjMzQFNsa3ZpcUQ6amtqXmJmK2BeaWpgYTojXzBiX2IyLl9gMV8zM2M1MGEjNmtzZWFhL2ZfYS0tZDAwc3M%3D&btag=80000200018000&dy_q=1785542733&feature_id=d6a18d7c5414b1f1e95a75faf9147845&l=20260801080532F7840132C3C96C031E7D&ply_type=3&policy=eyJ2bSI6MywidWlkIjoiMzEyOTY1MDYwMzg4ODE4NSJ9,未使用,审核不通过,--,0,--,0,0,0,0,0,0,0,0,0,0,0,0,0,0,0
"	7662638658180579337",0714-引流-魏怡-6.mp4,https://video-cn.oceanengine.com/e03d130a7bbc8388f8b2091ef78e10dd/6a6fdb64/tos-cn-ve-51/oAIAAZEaA0zglIdX2nkvpEgt2QWwVtrEcqQrY?a=1402&ch=0&cr=0&dr=3&cd=0%7C0%7C0%7C0&br=1373&bt=1373&cs=0&ds=4&ft=J9ThAGkHH_Myq8Z-ttR_e2NvjTQ&mime_type=video_mp4&qs=0&rc=NXZpTGRTaFBnKWxncmd5aHFsc3IxZGZnZGY6aDY0aTc0aDhmODZpQGlqcGxkZW86b2w8MzM0NjMzQFNsa3ZpcUQ6amtqXmJmK2BeaWpgYTojLzUuXzIwYDYzMTFgYzRiX2Eja2lwbmFhL2ZfYS0tZDAvc3M%3D&btag=80000200010000&dy_q=1785542733&feature_id=d6a18d7c5414b1f1e95a75faf9147845&l=20260801080532F7840132C3C96C031E7D&ply_type=3&policy=eyJ2bSI6MywidWlkIjoiMzEyOTY1MDYwMzg4ODE4NSJ9,未使用,审核不通过,--,0,--,0,0,0,0,0,0,0,0,0,0,0,0,0,0,0
"	7662638649452281866",0714-引流-魏怡-4.mp4,https://video-cn.oceanengine.com/1efc5886930a6662d86efdceaa886ed7/6a6fdb89/tos-cn-ve-51/oYEQATQEpAQWibMzaVcDltWXZTdI2ZJIpNiXg?a=1402&ch=0&cr=0&dr=3&cd=0%7C0%7C0%7C0&br=1252&bt=1252&cs=0&ds=4&ft=J9ThAGkHH_Myq8Z-ttR_e2NvjTQ&mime_type=video_mp4&qs=0&rc=NXZpTGRTaFBnKWxncmd5aHFsc3IxZGZnNTplNzs6OzY2Mzg5O2Y7QGlqPGk4NW86b2w8MzM0NjMzQFNsa3ZpcUQ6amtqXmJmK2BeaWpgYTojYy42L180MTU0MS0wYmNiNGEjNmFvX2FhL2ZfYS0tZDBhc3M%3D&btag=80000200028000&dy_q=1785542733&feature_id=d6a18d7c5414b1f1e95a75faf9147845&l=20260801080532F7840132C3C96C031E7D&ply_type=3&policy=eyJ2bSI6MywidWlkIjoiMzEyOTY1MDYwMzg4ODE4NSJ9,未使用,审核不通过,--,0,--,0,0,0,0,0,0,0,0,0,0,0,0,0,0,0
"	7662638623679479818",0714-引流-魏怡-1.mp4,https://video-cn.oceanengine.com/555cf0447ce18410b9ed412583cef279/6a6fdb7c/tos-cn-ve-51/oAXfVJZDNE6A5C2RelIQVu1qtHHa2AUyBgPlRV?a=1402&ch=0&cr=0&dr=3&cd=0%7C0%7C0%7C0&br=1673&bt=1673&cs=0&ds=4&ft=J9ThAGkHH_Myq8Z-ttR_e2NvjTQ&mime_type=video_mp4&qs=0&rc=NXZpTGRTaFBnKWxncmd5aHFsc3IxZGZkO2c2NjgzOjk2OzkzNGg2QGlqb3dsaW86b2w8MzM0NjMzQFNsa3ZpcUQ6amtqXmJmK2BeaWpgYTojNS0zYS02XzYxMTMxNWI0X2EjMHJqYmFhL2ZfYS0tZDAvc3M%3D&btag=80000200020000&dy_q=1785542733&feature_id=d6a18d7c5414b1f1e95a75faf9147845&l=20260801080532F7840132C3C96C031E7D&ply_type=3&policy=eyJ2bSI6MywidWlkIjoiMzEyOTY1MDYwMzg4ODE4NSJ9,未使用,审核不通过,--,0,--,0,0,0,0,0,0,0,0,0,0,0,0,0,0,0
"	7662605341418520627",0715瑞晨引流-3.mp4,https://video-cn.oceanengine.com/3e2105a9371e073a03b91c2e0e70d5fe/6a6fdb70/tos-cn-ve-51/oEaBA0DczACUIlOI8WkgXHQhiWLAwdQtxmQE5?a=1402&ch=0&cr=0&dr=3&cd=0%7C0%7C0%7C0&br=3349&bt=3349&cs=0&ds=4&ft=J9ThAGkHH_Myq8Z-ttR_e2NvjTQ&mime_type=video_mp4&qs=0&rc=NXZpTGRTaFBnKWxncmd5aHFsc3IxZGZkZGZkNDdkZTVmZGczZ2g3QGkzNmpoOW86NWo8MzM0NjMzQFNsa3ZpcUQ6amtqXmJmK2BeaWpgYTojMmIxYmEzMV9eMWIuYy80X2EjZS1iXmFhZmpfYS0tZDAvc3M%3D&btag=80000200018000&dy_q=1785542733&feature_id=d6a18d7c5414b1f1e95a75faf9147845&l=20260801080532F7840132C3C96C031E7D&ply_type=3&policy=eyJ2bSI6MywidWlkIjoiMzEyOTY1MDYwMzg4ODE4NSJ9,未使用,审核不通过,--,0,--,0,0,0,0,0,0,0,0,0,0,0,0,0,0,0
"	7662605290009985051",0715瑞晨引流-5.mp4,https://video-cn.oceanengine.com/b2c6fc245741445eabdf9150a96c50ab/6a6fdb5c/tos-cn-ve-51/oECXV5k7MTkzClKdcl9CShIKtQEaQWaLRAmAI?a=1402&ch=0&cr=0&dr=3&cd=0%7C0%7C0%7C0&br=1491&bt=1491&cs=0&ds=4&ft=J9ThAGkHH_Myq8Z-ttR_e2NvjTQ&mime_type=video_mp4&qs=0&rc=NXZpTGRTaFBnKWxncmd5aHFsc3IxZGY8ZjQ8Mzg6M2g0OztkaTQ5QGkzNGU8N286NWo8MzM0NjMzQFNsa3ZpcUQ6amtqXmJmK2BeaWpgYTojY2JeNjAtYTYyMTRiYjYyNWEjLmtfNmFhZmpfYS0tZDBhc3M%3D&btag=80000200010000&dy_q=1785542733&feature_id=d6a18d7c5414b1f1e95a75faf9147845&l=20260801080532F7840132C3C96C031E7D&ply_type=3&policy=eyJ2bSI6MywidWlkIjoiMzEyOTY1MDYwMzg4ODE4NSJ9,未使用,审核不通过,--,0,--,0,0,0,0,0,0,0,0,0,0,0,0,0,0,0
"	7662605228669845514",0715瑞晨引流-4.mp4,https://video-cn.oceanengine.com/310b4e23bb696c07d364e1c16173cf6d/6a6fdb56/tos-cn-ve-51/o0m6BgFNABQIpgu1O4mt7WgKQAdIhIfunQaOBR?a=1402&ch=0&cr=0&dr=3&cd=0%7C0%7C0%7C0&br=3564&bt=3564&cs=0&ds=4&ft=J9ThAGkHH_Myq8Z-ttR_e2NvjTQ&mime_type=video_mp4&qs=0&rc=NXZpTGRTaFBnKWxncmd5aHFsc3IxZGZpN2U8aDZnO2k4Mzo0M2lpQGlqbnVlM286NWo8MzM0NjMzQFNsa3ZpcUQ6amtqXmJmK2BeaWpgYTojMy1iYzJfMDViMWMtX2A1MGEjZy1oaGFhZmpfYS0tZDBhc3M%3D&btag=80000200008000&dy_q=1785542733&feature_id=d6a18d7c5414b1f1e95a75faf9147845&l=20260801080532F7840132C3C96C031E7D&ply_type=3&policy=eyJ2bSI6MywidWlkIjoiMzEyOTY1MDYwMzg4ODE4NSJ9,未使用,审核不通过,--,0,--,0,0,0,0,0,0,0,0,0,0,0,0,0,0,0
"	7662604410175275035",0714-瑞晨引导-15.mp4,https://video-cn.oceanengine.com/ce1be6903876c04a95f1c78af74b2a0e/6a6fdb5a/tos-cn-ve-51/5a1c0936dc6e4905bea6172e2adccce2?a=1402&ch=0&cr=0&dr=3&cd=0%7C0%7C0%7C0&br=2979&bt=2979&cs=0&ds=4&ft=J9ThAGkHH_Myq8Z-ttR_e2NvjTQ&mime_type=video_mp4&qs=0&rc=NXZpTGRTaFBnKWxncmd5aHFsc3IxZGZoaTdpZDM0NTQ6Njc6ZmQ1QGkzam5saW86ZWo8MzM0NjMzQFNsa3ZpcUQ6amtqXmJmK2BeaWpgYTojYjFgNGEzXjZiMWNhYC0wYmEjbm5qYmFhZmhfYS0tZDAvc3M%3D&btag=80000200008000&dy_q=1785542733&feature_id=d6a18d7c5414b1f1e95a75faf9147845&l=20260801080532F7840132C3C96C031E7D&ply_type=3&policy=eyJ2bSI6MywidWlkIjoiMzEyOTY1MDYwMzg4ODE4NSJ9,未使用,审核不通过,--,0,--,0,0,0,0,0,0,0,0,0,0,0,0,0,0,0
"	7662604396665045043",0714-瑞晨引导-7.mp4,https://video-cn.oceanengine.com/5311de9b1bd6052eed7287d37b1aa685/6a6fdb56/tos-cn-ve-51/ogZzLMCITWadEQtcLr1n6Nq3aIHAXkaWQAElK?a=1402&ch=0&cr=0&dr=3&cd=0%7C0%7C0%7C0&br=3758&bt=3758&cs=0&ds=4&ft=J9ThAGkHH_Myq8Z-ttR_e2NvjTQ&mime_type=video_mp4&qs=0&rc=NXZpTGRTaFBnKWxncmd5aHFsc3IxZGYzN2c0ZDs0OzlpNWQ5ZDY8QGlqNXk2ZG86ZWo8MzM0NjMzQFNsa3ZpcUQ6amtqXmJmK2BeaWpgYTojMDU2MTIyXl4xMWFhXzUyNGEjaWhiM2FhZmhfYS0tZDBhc3M%3D&btag=80000200008000&dy_q=1785542733&feature_id=d6a18d7c5414b1f1e95a75faf9147845&l=20260801080532F7840132C3C96C031E7D&ply_type=3&policy=eyJ2bSI6MywidWlkIjoiMzEyOTY1MDYwMzg4ODE4NSJ9,未使用,审核不通过,--,0,--,0,0,0,0,0,0,0,0,0,0,0,0,0,0,0
"	7662604388957339657",0714-瑞晨引导-14.mp4,https://video-cn.oceanengine.com/688dfdf74ec10ee6090c9266f38d3257/6a6fdb62/tos-cn-ve-51/okQQbbCUeruFR0edOgCqNAgGGoBjAcQIfIGrth?a=1402&ch=0&cr=0&dr=3&cd=0%7C0%7C0%7C0&br=1147&bt=1147&cs=0&ds=3&ft=J9ThAGkHH_Myq8Z-ttR_e2NvjTQ&mime_type=video_mp4&qs=0&rc=NXZpTGRTaFBnKWxncmd5aHFsc3IxZGY5ODNpZzhpOmQ0NGdnOzw2QGkzbnk0NG86ZWo8MzM0NjMzQFNsa3ZpcUQ6amtqXmJmK2BeaWpgYTojNC4zYTY0LTYvMTAvLy5eYGEjNXJfbWFhZmhfYS0tZDAwc3M%3D&btag=80000e00010000&dy_q=1785542733&feature_id=d6a18d7c5414b1f1e95a75faf9147845&l=20260801080532F7840132C3C96C031E7D&ply_type=3&policy=eyJ2bSI6MywidWlkIjoiMzEyOTY1MDYwMzg4ODE4NSJ9,已使用,审核通过,--,2,--,0,0,0,0,0,0,0,0,0,0,0,0,0,0,0
"	7662604387910729778",0714-瑞晨引导-6.mp4,https://video-cn.oceanengine.com/bc2f1328bed8419fdca8b53848dd4c9e/6a6fdb56/tos-cn-ve-51/oMKlHCmQazWjCI2GALAWWXBErQtdkl2XsKwcI?a=1402&ch=0&cr=0&dr=3&cd=0%7C0%7C0%7C0&br=2305&bt=2305&cs=0&ds=3&ft=J9ThAGkHH_Myq8Z-ttR_e2NvjTQ&mime_type=video_mp4&qs=0&rc=NXZpTGRTaFBnKWxncmd5aHFsc3IxZGYzaDtlPGY1NWk5OzQ7NTY8QGkzcDw7OG86ZWo8MzM0NjMzQFNsa3ZpcUQ6amtqXmJmK2BeaWpgYTojMTMwM2MvYDUtMWI0M18tLmEjb2Btb2FhZmhfYS0tZDAwc3M%3D&btag=80000e00008000&dy_q=1785542733&feature_id=d6a18d7c5414b1f1e95a75faf9147845&l=20260801080532F7840132C3C96C031E7D&ply_type=3&policy=eyJ2bSI6MywidWlkIjoiMzEyOTY1MDYwMzg4ODE4NSJ9,已使用,审核通过,--,2,--,0,0,0,0,0,0,0,0,0,0,0,0,0,0,0
"	7662604383391285274",0714-瑞晨引导-5.mp4,https://video-cn.oceanengine.com/2aa8c3f761fae3d7e3a108daa8998943/6a6fdb5c/tos-cn-ve-51/okgYo2EpIXXHi1e8c4BqKAeM0kCjAezemQbltC?a=1402&ch=0&cr=0&dr=3&cd=0%7C0%7C0%7C0&br=489&bt=489&cs=0&ds=6&ft=J9ThAGkHH_Myq8Z-ttR_e2NvjTQ&mime_type=video_mp4&qs=0&rc=NXZpTGRTaFBnKWxncmd5aHFsc3IxZGY1NTRlZGU1MzVpOzQ8ZWhlQGkzPG06ZW86ZWo8MzM0NjMzQFNsa3ZpcUQ6amtqXmJmK2BeaWpgYTojMmIzYDYyYl9eMTYtMGFhLWEjNGMyZ2FhbmhfYS0tZDBhc3M%3D&btag=80000e00010000&dy_q=1785542733&feature_id=d6a18d7c5414b1f1e95a75faf9147845&l=20260801080532F7840132C3C96C031E7D&ply_type=3&policy=eyJ2bSI6MywidWlkIjoiMzEyOTY1MDYwMzg4ODE4NSJ9,已使用,审核通过,--,2,--,0,0,0,0,0,0,0,0,0,0,0,0,0,0,0
"	7662604373985902602",0714-瑞晨引导-3.mp4,https://video-cn.oceanengine.com/70efa816871736272f52398d59118a95/6a6fdb5c/tos-cn-ve-51/o0KzrdXkWcsIsZlETKQFsTjDALatA6kbNIKLQ?a=1402&ch=0&cr=0&dr=3&cd=0%7C0%7C0%7C0&br=1628&bt=1628&cs=0&ds=4&ft=J9ThAGkHH_Myq8Z-ttR_e2NvjTQ&mime_type=video_mp4&qs=0&rc=NXZpTGRTaFBnKWxncmd5aHFsc3IxZGZkNzVpZGdkO2Y8N2U1M2Y7QGkzbW47N286ZWo8MzM0NjMzQFNsa3ZpcUQ6amtqXmJmK2BeaWpgYTojNV4tNjEuLjU1MTA1NDYuLmEjcW5samFhZmhfYS0tZDBhc3M%3D&btag=80000e00010000&dy_q=1785542733&feature_id=d6a18d7c5414b1f1e95a75faf9147845&l=20260801080532F7840132C3C96C031E7D&ply_type=3&policy=eyJ2bSI6MywidWlkIjoiMzEyOTY1MDYwMzg4ODE4NSJ9,已使用,审核通过,--,2,--,0,0,0,0,0,0,0,0,0,0,0,0,0,0,0
"	7662604348090630154",0714-瑞晨引导-9.mp4,https://video-cn.oceanengine.com/c357ce29e7bb5d374730531cce17f9b3/6a6fdb56/tos-cn-ve-51/oUQPIAaKUFaAMtm61kOXUghBQQ3uAyfIF5a47S?a=1402&ch=0&cr=0&dr=3&cd=0%7C0%7C0%7C0&br=2544&bt=2544&cs=0&ds=3&ft=J9ThAGkHH_Myq8Z-ttR_e2NvjTQ&mime_type=video_mp4&qs=0&rc=NXZpTGRTaFBnKWxncmd5aHFsc3IxZGY3NGY2ZjVoOzo1OmQ2NjtnQGkzOm45Z286ZWo8MzM0NjMzQFNsa3ZpcUQ6amtqXmJmK2BeaWpgYTojMF8xXmMtXzUuMWIvY2E1X2EjMmZfNmFhZmhfYS0tZDAvc3M%3D&btag=80000e00008000&dy_q=1785542733&feature_id=d6a18d7c5414b1f1e95a75faf9147845&l=20260801080532F7840132C3C96C031E7D&ply_type=3&policy=eyJ2bSI6MywidWlkIjoiMzEyOTY1MDYwMzg4ODE4NSJ9,已使用,审核通过,--,2,--,0,0,0,0,0,0,0,0,0,0,0,0,0,0,0
"	7662604342744006666",0714-瑞晨引导-13.mp4,https://video-cn.oceanengine.com/74d2455070aa1271e2d27b477a7e4b9f/6a6fdb57/tos-cn-ve-51/ooCVNQuI13fowBFyg2RMArgpearaEqADzccNUu?a=1402&ch=0&cr=0&dr=3&cd=0%7C0%7C0%7C0&br=1823&bt=1823&cs=0&ds=3&ft=J9ThAGkHH_Myq8Z-ttR_e2NvjTQ&mime_type=video_mp4&qs=0&rc=NXZpTGRTaFBnKWxncmd5aHFsc3IxZGY6OTc6Z2VnNTdoNDVnNjllQGkzc3FnOm86ZWo8MzM0NjMzQFNsa3ZpcUQ6amtqXmJmK2BeaWpgYTojYGFeLjA0YV8uMWFjNS0wL2EjNHJpMmFhZmhfYS0tZDBhc3M%3D&btag=80000e00008000&dy_q=1785542733&feature_id=d6a18d7c5414b1f1e95a75faf9147845&l=20260801080532F7840132C3C96C031E7D&ply_type=3&policy=eyJ2bSI6MywidWlkIjoiMzEyOTY1MDYwMzg4ODE4NSJ9,已使用,审核通过,--,2,--,0,0,0,0,0,0,0,0,0,0,0,0,0,0,0
"	7662604335050735643",0714-瑞晨引导-4.mp4,https://video-cn.oceanengine.com/23a61a31113c53c625f3d98bd5019d29/6a6fdb5c/tos-cn-ve-51/oktmBlQAQ6rIXAkdzYYaWtPzLKRmILjcCtEJT?a=1402&ch=0&cr=0&dr=3&cd=0%7C0%7C0%7C0&br=714&bt=714&cs=0&ds=3&ft=J9ThAGkHH_Myq8Z-ttR_e2NvjTQ&mime_type=video_mp4&qs=0&rc=NXZpTGRTaFBnKWxncmd5aHFsc3IxZGY7aTRmaDkzOmQzZjg7ZzplQGlqNmdsZW86ZWo8MzM0NjMzQFNsa3ZpcUQ6amtqXmJmK2BeaWpgYTojNTFeMV80MzVgMWEwYmI2MmEjajBiNGFhZmhfYS0tZDBhc3M%3D&btag=80000e00010000&dy_q=1785542733&feature_id=d6a18d7c5414b1f1e95a75faf9147845&l=20260801080532F7840132C3C96C031E7D&ply_type=3&policy=eyJ2bSI6MywidWlkIjoiMzEyOTY1MDYwMzg4ODE4NSJ9,已使用,审核通过,--,3,--,0,0,0,0,0,0,0,0,0,0,0,0,0,0,0
"	7662604313426214958",0714-瑞晨引导-12.mp4,https://video-cn.oceanengine.com/5530843e4f1be77adef840c3a4f1725e/6a6fdb57/tos-cn-ve-51/ooQJLtClokSzlCEaKLc6uAgadW7ClIQAmIBXX?a=1402&ch=0&cr=0&dr=3&cd=0%7C0%7C0%7C0&br=1707&bt=1707&cs=0&ds=3&ft=J9ThAGkHH_Myq8Z-ttR_e2NvjTQ&mime_type=video_mp4&qs=0&rc=NXZpTGRTaFBnKWxncmd5aHFsc3IxZGZpMzc1Z2hnaDc5aWY2aTZoQGkzcWY5O286ZWo8MzM0NjMzQFNsa3ZpcUQ6amtqXmJmK2BeaWpgYTojNDUyLjYxXjYyMTAyYzU1NGEjazFrcWFhZmhfYS0tZDAvc3M%3D&btag=80000e00008000&dy_q=1785542733&feature_id=d6a18d7c5414b1f1e95a75faf9147845&l=20260801080532F7840132C3C96C031E7D&ply_type=3&policy=eyJ2bSI6MywidWlkIjoiMzEyOTY1MDYwMzg4ODE4NSJ9,未使用,审核通过,--,2,--,0,0,0,0,0,0,0,0,0,0,0,0,0,0,0
"	7662604298522837042",0714-瑞晨引导-1.mp4,https://video-cn.oceanengine.com/df8b190c0f49a7fc62b89830c84a21ac/6a6fdb5c/tos-cn-ve-51/oMAtADoqC2ugGN2IoMuRBaOVC1UsUwQj3f8Jeg?a=1402&ch=0&cr=0&dr=3&cd=0%7C0%7C0%7C0&br=1728&bt=1728&cs=0&ds=4&ft=J9ThAGkHH_Myq8Z-ttR_e2NvjTQ&mime_type=video_mp4&qs=0&rc=NXZpTGRTaFBnKWxncmd5aHFsc3IxZGY6PGQ8aThoOzQ0ZDM3ZWc8QGkzdW1tO286ZWo8MzM0NjMzQFNsa3ZpcUQ6amtqXmJmK2BeaWpgYTojXjYwMGFfX15gMV5gNjAvXmEjZ3BsbmFhZmhfYS0tZDAvc3M%3D&btag=80000e00010000&dy_q=1785542733&feature_id=d6a18d7c5414b1f1e95a75faf9147845&l=20260801080532F7840132C3C96C031E7D&ply_type=3&policy=eyJ2bSI6MywidWlkIjoiMzEyOTY1MDYwMzg4ODE4NSJ9,未使用,审核通过,--,2,--,0,0,0,0,0,0,0,0,0,0,0,0,0,0,0
"	7662604291624632370",0714-瑞晨引导-10.mp4,https://video-cn.oceanengine.com/e8c016b2e0ee6be3378bbb3ffcaa988d/6a6fdb5e/tos-cn-ve-51/owtUpH01KAVtg8XQ7Ke4xmKAhJXoEaItB7IQIa?a=1402&ch=0&cr=0&dr=3&cd=0%7C0%7C0%7C0&br=3644&bt=3644&cs=0&ds=4&ft=J9ThAGkHH_Myq8Z-ttR_e2NvjTQ&mime_type=video_mp4&qs=0&rc=NXZpTGRTaFBnKWxncmd5aHFsc3IxZGZmNGU3NzNmNTlmZGg4N2ZnQGkzdjV5OG86ZWo8MzM0NjMzQFNsa3ZpcUQ6amtqXmJmK2BeaWpgYTojMzAwXzBjLl40MWI0YmA2MWEjMW9lYmFhbmhfYS0tZDAwc3M%3D&btag=80000200010000&dy_q=1785542733&feature_id=d6a18d7c5414b1f1e95a75faf9147845&l=20260801080532F7840132C3C96C031E7D&ply_type=3&policy=eyJ2bSI6MywidWlkIjoiMzEyOTY1MDYwMzg4ODE4NSJ9,未使用,审核不通过,--,0,--,0,0,0,0,0,0,0,0,0,0,0,0,0,0,0
"	7662604173449560073",0714-瑞晨引导-8.mp4,https://video-cn.oceanengine.com/2502c33d181ceb489d9cf07b51aabcec/6a6fdb56/tos-cn-ve-51/198342b2ad184ef8a117a435a9714b0a?a=1402&ch=0&cr=0&dr=3&cd=0%7C0%7C0%7C0&br=3439&bt=3439&cs=0&ds=4&ft=J9ThAGkHH_Myq8Z-ttR_e2NvjTQ&mime_type=video_mp4&qs=0&rc=NXZpTGRTaFBnKWxncmd5aHFsc3IxZGY5OmU2M2ZoZTczaDY3MzY0QGlqaHM6ZW86ZWo8MzM0NjMzQFNsa3ZpcUQ6amtqXmJmK2BeaWpgYTojXjVfYTEtY180MWMuYWJfYWEjamFzZWFhZmhfYS0tZDAwc3M%3D&btag=80000200008000&dy_q=1785542733&feature_id=d6a18d7c5414b1f1e95a75faf9147845&l=20260801080532F7840132C3C96C031E7D&ply_type=3&policy=eyJ2bSI6MywidWlkIjoiMzEyOTY1MDYwMzg4ODE4NSJ9,未使用,审核不通过,--,0,--,0,0,0,0,0,0,0,0,0,0,0,0,0,0,0
"	7662602461531652123",0714-引导-雅迪-1.mp4,https://video-cn.oceanengine.com/2e6df030f7cac28bf2ab0260508c9a74/6a6fdb6d/tos-cn-ve-51/oowlravE0cLldAYW0AtgIQIZrQTHXVJbzXbsI?a=1402&ch=0&cr=0&dr=3&cd=0%7C0%7C0%7C0&br=1850&bt=1850&cs=0&ds=4&ft=J9ThAGkHH_Myq8Z-ttR_e2NvjTQ&mime_type=video_mp4&qs=0&rc=NXZpTGRTaFBnKWxncmd5aHFsc3IxZGY4Omg1PGZlaTc3MzkzPGkzQGlqZnh0M286c2o8MzM0NjMzQFNsa3ZpcUQ6amtqXmJmK2BeaWpgYTojMV4wMGAwYTUyMWAxLzEwMmEjMmtuZmFhbmRfYS0tZDBhc3M%3D&btag=80000200018000&dy_q=1785542733&feature_id=d6a18d7c5414b1f1e95a75faf9147845&l=20260801080532F7840132C3C96C031E7D&ply_type=3&policy=eyJ2bSI6MywidWlkIjoiMzEyOTY1MDYwMzg4ODE4NSJ9,未使用,审核不通过,--,0,--,0,0,0,0,0,0,0,0,0,0,0,0,0,0,0
"	7662602460625453102",0714-引导-小敏-3.mp4,https://video-cn.oceanengine.com/881d9162e3716c750c2e2d8c4d2bf462/6a6fdb64/tos-cn-ve-51/oQYRg2LANhOgqAmRcLcVlwefTgI1DBahCQUAJV?a=1402&ch=0&cr=0&dr=3&cd=0%7C0%7C0%7C0&br=2095&bt=2095&cs=0&ds=4&ft=J9ThAGkHH_Myq8Z-ttR_e2NvjTQ&mime_type=video_mp4&qs=0&rc=NXZpTGRTaFBnKWxncmd5aHFsc3IxZGY1aWVoaWkzZmQ4NzhpOGc2QGlqcmg0NW86cmo8MzM0NjMzQFNsa3ZpcUQ6amtqXmJmK2BeaWpgYTojLy9hMTY0MF4vMS9gL2JiMGEjMF4zbmFhXmRfYS0tZDAvc3M%3D&btag=80000200010000&dy_q=1785542733&feature_id=d6a18d7c5414b1f1e95a75faf9147845&l=20260801080532F7840132C3C96C031E7D&ply_type=3&policy=eyJ2bSI6MywidWlkIjoiMzEyOTY1MDYwMzg4ODE4NSJ9,未使用,审核不通过,--,0,--,0,0,0,0,0,0,0,0,0,0,0,0,0,0,0
"	7662602421063925806",0714-引导-小敏-1.mp4,https://video-cn.oceanengine.com/9d35dedc2fd9859ffa14a652d8671135/6a6fdb59/tos-cn-ve-51/oAIdXkQzIcsE9iYVQgmd3WZkjFtanlABAWIDJ?a=1402&ch=0&cr=0&dr=3&cd=0%7C0%7C0%7C0&br=2194&bt=2194&cs=0&ds=4&ft=J9ThAGkHH_Myq8Z-ttR_e2NvjTQ&mime_type=video_mp4&qs=0&rc=NXZpTGRTaFBnKWxncmd5aHFsc3IxZGYzPGk6ZzM8ZTM7Z2c5ZmRlQGlqNjpzNW86cmo8MzM0NjMzQFNsa3ZpcUQ6amtqXmJmK2BeaWpgYTojYGIzLzNhNjZiMV4vMjEzLmEjYmNkXmFhZmRfYS0tZDAvc3M%3D&btag=80000200008000&dy_q=1785542733&feature_id=d6a18d7c5414b1f1e95a75faf9147845&l=20260801080532F7840132C3C96C031E7D&ply_type=3&policy=eyJ2bSI6MywidWlkIjoiMzEyOTY1MDYwMzg4ODE4NSJ9,未使用,审核不通过,--,0,--,0,0,0,0,0,0,0,0,0,0,0,0,0,0,0
"	7662602366266474522",0714-引导-雅迪-2.mp4,https://video-cn.oceanengine.com/4f697d444f8c710173400a87537eeb06/6a6fdb60/tos-cn-ve-51/okAIdHDNZXluEI4aAIEzaXdQtcgBCFuQWZ0wW?a=1402&ch=0&cr=0&dr=3&cd=0%7C0%7C0%7C0&br=1482&bt=1482&cs=0&ds=4&ft=J9ThAGkHH_Myq8Z-ttR_e2NvjTQ&mime_type=video_mp4&qs=0&rc=NXZpTGRTaFBnKWxncmd5aHFsc3IxZGY2aDg6OmZlZjQzOjZmZmhoQGlqaHczaG86c2o8MzM0NjMzQFNsa3ZpcUQ6amtqXmJmK2BeaWpgYTojYC9fMi9iXjVhMWEwYF4uNmEjL2dmX2FhbmRfYS0tZDAwc3M%3D&btag=80000200010000&dy_q=1785542733&feature_id=d6a18d7c5414b1f1e95a75faf9147845&l=20260801080532F7840132C3C96C031E7D&ply_type=3&policy=eyJ2bSI6MywidWlkIjoiMzEyOTY1MDYwMzg4ODE4NSJ9,未使用,审核不通过,--,0,--,0,0,0,0,0,0,0,0,0,0,0,0,0,0,0
"	7662602623486935078",0714-浩正瑞晨-10-三改.mp4,https://video-cn.oceanengine.com/5880d20bef78abc78befdb401f8b2d72/6a6fdb79/tos-cn-ve-51/ooHcGaWzXipuIpAACgIIA9QsHQlcEtcQdta7E?a=1402&ch=0&cr=0&dr=3&cd=0%7C0%7C0%7C0&br=1422&bt=1422&cs=0&ds=4&ft=J9ThAGkHH_Myq8Z-ttR_e2NvjTQ&mime_type=video_mp4&qs=0&rc=NXZpTGRTaFBnKWxncmd5aHFsc3IxZGZmNDQ3ZWRkNDdnaTdoOWRpQGlqOmczaG86NWo8MzM0NjMzQFNsa3ZpcUQ6amtqXmJmK2BeaWpgYTojYTMxNDFiYl9gMWMuMWMzMWEjcmw0YmFhL2VfYS0tZDAvc3M%3D&btag=80000200018000&dy_q=1785542733&feature_id=d6a18d7c5414b1f1e95a75faf9147845&l=20260801080532F7840132C3C96C031E7D&ply_type=3&policy=eyJ2bSI6MywidWlkIjoiMzEyOTY1MDYwMzg4ODE4NSJ9,未使用,审核不通过,--,0,--,0,0,0,0,0,0,0,0,0,0,0,0,0,0,0
"	7662602581948547098",0714-浩正瑞晨-9-三改.mp4,https://video-cn.oceanengine.com/3c573fa2af4f8d94d404640e6591cd33/6a6fdb6a/tos-cn-ve-51/ostPIQQBHQzWkGXcgPEGiIAAlEa5vHdnWgNFI?a=1402&ch=0&cr=0&dr=3&cd=0%7C0%7C0%7C0&br=1957&bt=1957&cs=0&ds=4&ft=J9ThAGkHH_Myq8Z-ttR_e2NvjTQ&mime_type=video_mp4&qs=0&rc=NXZpTGRTaFBnKWxncmd5aHFsc3IxZGY2aWg6ZjZoOTs2ZTU8ZzY1QGlqOnhvOm86NWo8MzM0NjMzQFNsa3ZpcUQ6amtqXmJmK2BeaWpgYTojYjIuYzJeNF9gMWAzLmMvLWEjLzVlLWFhL2VfYS0tZDAvc3M%3D&btag=80000200018000&dy_q=1785542733&feature_id=d6a18d7c5414b1f1e95a75faf9147845&l=20260801080532F7840132C3C96C031E7D&ply_type=3&policy=eyJ2bSI6MywidWlkIjoiMzEyOTY1MDYwMzg4ODE4NSJ9,未使用,审核不通过,--,0,--,0,0,0,0,0,0,0,0,0,0,0,0,0,0,0
"	7662602560545849371",0714-浩正瑞晨-6-三改.mp4,https://video-cn.oceanengine.com/0c12d80c094729a1954f3dcc3232f630/6a6fdb7b/tos-cn-ve-51/o8GXxWvlUQEzil2dc4sSVQIGtQEawWAIBA3AI?a=1402&ch=0&cr=0&dr=3&cd=0%7C0%7C0%7C0&br=1117&bt=1117&cs=0&ds=4&ft=J9ThAGkHH_Myq8Z-ttR_e2NvjTQ&mime_type=video_mp4&qs=0&rc=NXZpTGRTaFBnKWxncmd5aHFsc3IxZGY3PGQ1ZWk1ODw6N2c2NmlnQGkzajV4aW86NWo8MzM0NjMzQFNsa3ZpcUQ6amtqXmJmK2BeaWpgYTojMy0yNS5eXjYuMTNhMC9iNWEjNl4tXmFhL2VfYS0tZDAwc3M%3D&btag=80000200020000&dy_q=1785542733&feature_id=d6a18d7c5414b1f1e95a75faf9147845&l=20260801080532F7840132C3C96C031E7D&ply_type=3&policy=eyJ2bSI6MywidWlkIjoiMzEyOTY1MDYwMzg4ODE4NSJ9,未使用,审核不通过,--,0,--,0,0,0,0,0,0,0,0,0,0,0,0,0,0,0
"	7662602558097080370",0714-浩正瑞晨-5-三改.mp4,https://video-cn.oceanengine.com/af2cdc77ae76988ab0995c2741105301/6a6fdb69/tos-cn-ve-51/oM41AXkE7E7t0NEAmQzIKfJSmRpoagQHBI1Edm?a=1402&ch=0&cr=0&dr=3&cd=0%7C0%7C0%7C0&br=1210&bt=1210&cs=0&ds=4&ft=J9ThAGkHH_Myq8Z-ttR_e2NvjTQ&mime_type=video_mp4&qs=0&rc=NXZpTGRTaFBnKWxncmd5aHFsc3IxZGZmOGZoOjU4ZzllZ2RkaDU1QGlqaGtnNm86NWo8MzM0NjMzQFNsa3ZpcUQ6amtqXmJmK2BeaWpgYTojXzIxNDJhYjYzMWMtLjNjNWEjc2gzZmFhL2VfYS0tZDBhc3M%3D&btag=80000200010000&dy_q=1785542733&feature_id=d6a18d7c5414b1f1e95a75faf9147845&l=20260801080532F7840132C3C96C031E7D&ply_type=3&policy=eyJ2bSI6MywidWlkIjoiMzEyOTY1MDYwMzg4ODE4NSJ9,未使用,审核不通过,--,0,--,0,0,0,0,0,0,0,0,0,0,0,0,0,0,0
"	7662602552812486706",0714-浩正瑞晨-11-三改.mp4,https://video-cn.oceanengine.com/74de78f41d2e582423b8b2769b3a458c/6a6fdb6a/tos-cn-ve-51/oEQXIggemGLKACa1CtFcIh9D8RPBE7IQmZ4zAx?a=1402&ch=0&cr=0&dr=3&cd=0%7C0%7C0%7C0&br=1233&bt=1233&cs=0&ds=4&ft=J9ThAGkHH_Myq8Z-ttR_e2NvjTQ&mime_type=video_mp4&qs=0&rc=NXZpTGRTaFBnKWxncmd5aHFsc3IxZGYzNThkN2Y1O2c8M2llZWdoQGkzanBqOm86NWo8MzM0NjMzQFNsa3ZpcUQ6amtqXmJmK2BeaWpgYTojXzFhMmAzMV5fMV5eLi9fNWEjc21gZGFhL2VfYS0tZDBhc3M%3D&btag=80000200018000&dy_q=1785542733&feature_id=d6a18d7c5414b1f1e95a75faf9147845&l=20260801080532F7840132C3C96C031E7D&ply_type=3&policy=eyJ2bSI6MywidWlkIjoiMzEyOTY1MDYwMzg4ODE4NSJ9,未使用,审核不通过,--,0,--,0,0,0,0,0,0,0,0,0,0,0,0,0,0,0
"	7661187006646501412",微信视频2026-07-11_163704_323.mp4,https://video-cn.oceanengine.com/07269e62674d6d2940c9a7d696811975/6a6fdb69/tos-cn-ve-51/oQygv5aftHAMK7rABm2kAAvBYUjQImgoQ1vbi7?a=1402&ch=0&cr=0&dr=3&cd=0%7C0%7C0%7C0&br=1021&bt=1021&cs=0&ds=3&ft=J9ThAGkHH_Myq8Z-ttR_e2NvjTQ&mime_type=video_mp4&qs=0&rc=NXZpTGRTaFBnKWxncmd5aHFsc3IxZGY4ZDU6aGhpZTU3OWVkNjQ8QGkzMzo2ZG86OXk8MzM0NjMzQFNsa3ZpcUQ6amtqXmJmK2BeaWpgYTojYmIxLWBgLl5iMTZfYDAyYWEjNmNiM2FhXmNeYS0tZDBhc3M%3D&btag=80000e00010000&dy_q=1785542733&feature_id=d6a18d7c5414b1f1e95a75faf9147845&l=20260801080532F7840132C3C96C031E7D&ply_type=3&policy=eyJ2bSI6MywidWlkIjoiMzEyOTY1MDYwMzg4ODE4NSJ9,已使用,审核通过,--,5,--,0,0,0,0,0,0,0,0,0,0,0,0,0,0,0
"	7661186975484379190",微信视频_20260711163647.mp4,https://video-cn.oceanengine.com/548796bc0c76a8846cacde9ca391ca89/6a6fdb60/tos-cn-ve-51/13538b55e4c44081a302871672a0345d?a=1402&ch=0&cr=0&dr=3&cd=0%7C0%7C0%7C0&br=928&bt=928&cs=0&ds=3&ft=J9ThAGkHH_Myq8Z-ttR_e2NvjTQ&mime_type=video_mp4&qs=0&rc=NXZpTGRTaFBnKWxncmd5aHFsc3IxZGY8ZGVoZ2hnZTU5aWU2PGhkQGkzMzo2ZG86OXk8MzM0NjMzQFNsa3ZpcUQ6amtqXmJmK2BeaWpgYTojMC9jNF8uMTZeMV9gYl8xMGEjXmNiM2FhXmNeYS0tZDBhc3M%3D&btag=80000e00010000&dy_q=1785542733&feature_id=d6a18d7c5414b1f1e95a75faf9147845&l=20260801080532F7840132C3C96C031E7D&ply_type=3&policy=eyJ2bSI6MywidWlkIjoiMzEyOTY1MDYwMzg4ODE4NSJ9,已使用,审核通过,--,5,--,0,0,0,0,0,0,0,0,0,0,0,0,0,0,0
"	7660186951438139446",0708-引导-嘉丽-4.mp4,https://video-cn.oceanengine.com/9dbfa2ef0947288b3ce29f9f661aa01c/6a6fdb90/tos-cn-ve-51/o4XQsqT2AKmBzJh1mtfAgAm86sEWIQ9iZpCJq4?a=1402&ch=0&cr=0&dr=3&cd=0%7C0%7C0%7C0&cv=1&br=1135&bt=1135&cs=0&ds=3&ft=J9ThAGkHH_Myq8Z.ttR_e2NvjTQ&mime_type=video_mp4&qs=0&rc=NXZpTGRTaFBnKWxncmd5aHFsc3IxZGY1N2c1ODc2NTNmaGRpNTxnQGlqb2ZvN2tvdTo8MzM0NjMzQFNsa3ZpcUQ6amtqXmJmK2BeaWpgYTojYGE0NjIvYF5jMTYwNC0wNWEjYy1mZnFnXjM0YS0tZDAwc3M%3D&btag=80000e00010000&dy_q=1785542783&feature_id=59cb2766d89ae6284516c6a254e9fb61&l=20260801080622F7840132C3C96C033240&ply_type=3&policy=eyJ2bSI6MywidWlkIjoiMzEyOTY1MDYwMzg4ODE4NSJ9,已使用,审核通过,--,25,--,19.01,885,10,1.13,1.9,21.48,0,0,0,0,0,0,0,0,0
"	7660371924531937316",0708-引导-嘉丽-2.mp4,https://video-cn.oceanengine.com/1a3d13d26a90d0d24ebbc516256d8478/6a6fdb96/tos-cn-ve-51/ogpaDTeZNDjVbuE4NgAxKRyTgAAqbLxW5veA6B?a=1402&ch=0&cr=0&dr=3&cd=0%7C0%7C0%7C0&cv=1&br=1689&bt=1689&cs=0&ds=3&ft=J9ThAGkHH_Myq8Z.ttR_e2NvjTQ&mime_type=video_mp4&qs=0&rc=NXZpTGRTaFBnKWxncmd5aHFsc3IxZGZnZzo5OzszOjlnNDw2aDs7QGkzcHU1NWtvZWs8MzM0NjMzQFNsa3ZpcUQ6amtqXmJmK2BeaWpgYTojNWEzL2M1L15eMWMtLjVjYmEja2EzbHFnbms0YS0tZDAwc3M%3D&btag=80000e00010000&dy_q=1785542783&feature_id=d6a18d7c5414b1f1e95a75faf9147845&l=20260801080622F7840132C3C96C033240&ply_type=3&policy=eyJ2bSI6MywidWlkIjoiMzEyOTY1MDYwMzg4ODE4NSJ9,已使用,审核通过,首发,25,--,0,0,0,0,0,0,0,0,0,0,0,0,0,0,0
"	7663055816350859274",0716-引流瑞晨-6.mp4,https://video-cn.oceanengine.com/2ac90dd84bcb22e9d9798b57828ac2e9/6a6fdb89/tos-cn-ve-51/ocFWNgOR1yMTKBkpg2R3AxAMSalpIqADfo4Nei?a=1402&ch=0&cr=0&dr=3&cd=0%7C0%7C0%7C0&cv=1&br=1608&bt=1608&cs=0&ds=3&ft=J9ThAGkHH_Myq8Z.ttR_e2NvjTQ&mime_type=video_mp4&qs=0&rc=NXZpTGRTaFBnKWxncmd5aHFsc3IxZGZmODg4M2Q2aGg3ZTU4MzM6QGkzZGxwZG86bWQ8MzM0NjMzQFNsa3ZpcUQ6amtqXmJmK2BeaWpgYTojLzBiLzAzYjVeMWJiLS9iNWEjYzZnMWFhZjZgYS0tZDBhc3M%3D&btag=80000e00008000&dy_q=1785542783&feature_id=d6a18d7c5414b1f1e95a75faf9147845&l=20260801080622F7840132C3C96C033240&ply_type=3&policy=eyJ2bSI6MywidWlkIjoiMzEyOTY1MDYwMzg4ODE4NSJ9,已使用,审核通过,首发,9,--,0,0,0,0,0,0,0,0,0,0,0,0,0,0,0
"	7666006390916464682",推送视频_0723-国星引流修改-10c.mp4,https://video-cn.oceanengine.com/0cdaf474d73c5e28cb84b515223c23f8/6a6fdb8f/tos-cn-ve-51/oc9Q3MFuEIziPUcQ2IadAjtQRdWKwBmRMHbAg?a=1402&ch=0&cr=0&dr=3&cd=0%7C0%7C0%7C0&br=560&bt=560&cs=0&ds=6&ft=J9ThAGkHH_Myq8Z.ttR_e2NvjTQ&mime_type=video_mp4&qs=0&rc=NXZpTGRTaFBnKWxncmd5aHFsc3IxZGY3ZWQ3aDk5aDhnNWY7PDVpQGkzaW01aG86Zmw8MzM0NjMzQFNsa3ZpcUQ6amtqXmJmK2BeaWpgYTojNTIvL14uNl4vMTZfMTQxX2EjNWJnb2FhXi1lYS0tZDAwc3M%3D&btag=80000e00010000&dy_q=1785542783&feature_id=d6a18d7c5414b1f1e95a75faf9147845&l=20260801080622F7840132C3C96C033240&ply_type=3&policy=eyJ2bSI6MywidWlkIjoiMzEyOTY1MDYwMzg4ODE4NSJ9,未使用,审核通过,--,5,--,0,2,0,0,0,0,0,0,0,0,0,0,0,0,0
"	7660371894164914182",0708-引导-嘉丽-5.mp4,https://video-cn.oceanengine.com/6eabea0c5d5ace1fef486b9976aec781/6a6fdb84/tos-cn-ve-51/owfebUfFnk0zGTZMBAhH3Ndqg4WA70AjtdEC5j?a=1402&ch=0&cr=0&dr=3&cd=0%7C0%7C0%7C0&cv=1&br=1212&bt=1212&cs=0&ds=6&ft=J9ThAGkHH_Myq8Z.ttR_e2NvjTQ&mime_type=video_mp4&qs=0&rc=NXZpTGRTaFBnKWxncmd5aHFsc3IxZGYzNzM0Ojo6Zzc6ZTc7OWc5QGlqaHZlNGtvZms8MzM0NjMzQFNsa3ZpcUQ6amtqXmJmK2BeaWpgYTojLV4zMDUxYzY0MTM0LjEvL2EjczRoaHFnL2s0YS0tZDAvc3M%3D&btag=80000e00008000&dy_q=1785542783&feature_id=d6a18d7c5414b1f1e95a75faf9147845&l=20260801080622F7840132C3C96C033240&ply_type=3&policy=eyJ2bSI6MywidWlkIjoiMzEyOTY1MDYwMzg4ODE4NSJ9,已使用,审核通过,--,17,--,0,0,0,0,0,0,0,0,0,0,0,0,0,0,0
"	7666044325575032875",0723-魏怡-3-改.mp4,https://video-cn.oceanengine.com/2d9448085de0580d925f733225f775d8/6a6fdb92/tos-cn-ve-51/osgHzqhg7fKfAtxb9gCQugA9FUFYBQaUDIaIN6?a=1402&ch=0&cr=0&dr=3&cd=0%7C0%7C0%7C0&cv=1&br=1178&bt=1178&cs=0&ds=3&ft=J9ThAGkHH_Myq8Z.ttR_e2NvjTQ&mime_type=video_mp4&qs=0&rc=NXZpTGRTaFBnKWxncmd5aHFsc3IxZGZpO2Y3aWg2NDY1NmU8NzhnQGkzdzQ3ZG86ZHk8MzM0NjMzQFNsa3ZpcUQ6amtqXmJmK2BeaWpgYTojXl4zMy80MjYzMTIxLjUwM2EjMXEzNWFhL2dlYS0tZDAvc3M%3D&btag=80000e00010000&dy_q=1785542783&feature_id=d6a18d7c5414b1f1e95a75faf9147845&l=20260801080622F7840132C3C96C033240&ply_type=3&policy=eyJ2bSI6MywidWlkIjoiMzEyOTY1MDYwMzg4ODE4NSJ9,已使用,审核通过,--,6,--,0,3,0,0,0,0,0,0,0,0,0,0,0,0,0
"	7662213000066678793",0713-引导-小敏-4.mp4,https://video-cn.oceanengine.com/6a037c7faa854c2c62ba2340b02d6fdd/6a6fdb97/tos-cn-ve-51/okAGApFKGehB9BtQI1s4lmKRE0z8QMrKAhVgJm?a=1402&ch=0&cr=0&dr=3&cd=0%7C0%7C0%7C0&cv=1&br=617&bt=617&cs=0&ds=3&ft=J9ThAGkHH_Myq8Z.ttR_e2NvjTQ&mime_type=video_mp4&qs=0&rc=NXZpTGRTaFBnKWxncmd5aHFsc3IxZGY6PGg5Z2QzPDwzN2Q7OGloQGlqOGZsOGtvanQ8MzM0NjMzQFNsa3ZpcUQ6amtqXmJmK2BeaWpgYTojMDAzM2MtM19hMWItMzFiMWEjNWZpcnFnL2BeYS0tZDAvc3M%3D&btag=80000e00010000&dy_q=1785542783&feature_id=d6a18d7c5414b1f1e95a75faf9147845&l=20260801080622F7840132C3C96C033240&ply_type=3&policy=eyJ2bSI6MywidWlkIjoiMzEyOTY1MDYwMzg4ODE4NSJ9,未使用,审核通过,--,11,--,0,0,0,0,0,0,0,0,0,0,0,0,0,0,0
"	7661187009408008233",微信视频_20260711163659.mp4,https://video-cn.oceanengine.com/111c21986ac680a56544566c6f86ea5e/6a6fdba4/tos-cn-ve-51/okAggtq4hIkYm21BRAYNxKTQSATAHsCIeQEGEQ?a=1402&ch=0&cr=0&dr=3&cd=0%7C0%7C0%7C0&cv=1&br=909&bt=909&cs=0&ds=3&ft=J9ThAGkHH_Myq8Z.ttR_e2NvjTQ&mime_type=video_mp4&qs=0&rc=NXZpTGRTaFBnKWxncmd5aHFsc3IxZGY4Ozs4Omg0ZTo0aTZkNTVkQGlqbXFyN2tvNjM8MzM0NjMzQFNsa3ZpcUQ6amtqXmJmK2BeaWpgYTojL2JjLS40XzU0MTAuMl42XmEjM2AyNXFnXi82YS0tZDAwc3M%3D&btag=80000e00018000&dy_q=1785542783&feature_id=d6a18d7c5414b1f1e95a75faf9147845&l=20260801080622F7840132C3C96C033240&ply_type=3&policy=eyJ2bSI6MywidWlkIjoiMzEyOTY1MDYwMzg4ODE4NSJ9,已使用,审核通过,优质,30,--,0,0,0,0,0,0,0,0,0,0,0,0,0,0,0
"	7668236228881743882",推送视频_0729-瑞晨浩正引流素材-1改-3.mp4,https://video-cn.oceanengine.com/31023fb7b44427f18a0a402cb5770168/6a6fdba2/tos-cn-ve-51/o0IBrt1eYAF5gCaDEIME3hQQ7rDR1NMl6pYAmI?a=1402&ch=0&cr=0&dr=3&cd=0%7C0%7C0%7C0&br=1363&bt=1363&cs=0&ds=3&ft=J9ThAGkHH_Myq8Z.ttR_e2NvjTQ&mime_type=video_mp4&qs=0&rc=NXZpTGRTaFBnKWxncmd5aHFsc3IxZGZkN2U0OTY1NDg5ZDhpZGlpQGlqc2U3OW86bGo8MzM0NjMzQFNsa3ZpcUQ6amtqXmJmK2BeaWpgYTojNS9iXi42NTVeMS0tNC4vLmEjbmk1Y2FhZmxpYS0tZDAwc3M%3D&btag=80000200018000&dy_q=1785542783&feature_id=d6a18d7c5414b1f1e95a75faf9147845&l=20260801080622F7840132C3C96C033240&ply_type=3&policy=eyJ2bSI6MywidWlkIjoiMzEyOTY1MDYwMzg4ODE4NSJ9,未使用,审核不通过,--,0,--,0,0,0,0,0,0,0,0,0,0,0,0,0,0,0
"	7668235106076000282",推送视频_0729-瑞晨浩正引流素材-1改-9.mp4,https://video-cn.oceanengine.com/a8468fbac73c76f445252675ef5b9c27/6a6fdba0/tos-cn-ve-51/oMAgWtyfsa8eaFoKNoqBwxDZgN7lADAIdqNJQi?a=1402&ch=0&cr=0&dr=3&cd=0%7C0%7C0%7C0&br=1236&bt=1236&cs=0&ds=3&ft=J9ThAGkHH_Myq8Z.ttR_e2NvjTQ&mime_type=video_mp4&qs=0&rc=NXZpTGRTaFBnKWxncmd5aHFsc3IxZGY0ZDQ5ODxmPDM5NTo2M2Y4QGlqaG04Zm86aWo8MzM0NjMzQFNsa3ZpcUQ6amtqXmJmK2BeaWpgYTojL2EyMmNhMzUtMV8zXzMtMGEjbGY1c2FhbmppYS0tZDBhc3M%3D&btag=80000200018000&dy_q=1785542783&feature_id=d6a18d7c5414b1f1e95a75faf9147845&l=20260801080622F7840132C3C96C033240&ply_type=3&policy=eyJ2bSI6MywidWlkIjoiMzEyOTY1MDYwMzg4ODE4NSJ9,未使用,审核不通过,--,0,--,0,0,0,0,0,0,0,0,0,0,0,0,0,0,0
"	7668235101707026459",推送视频_0729-瑞晨浩正引流素材-1改-6.mp4,https://video-cn.oceanengine.com/6c6d6c15563fdf5693be2ecd3b92da76/6a6fdb9f/tos-cn-ve-51/osfwejgtc79FbK7qAggkIFQWosD74BADKaPNat?a=1402&ch=0&cr=0&dr=3&cd=0%7C0%7C0%7C0&br=1364&bt=1364&cs=0&ds=3&ft=J9ThAGkHH_Myq8Z.ttR_e2NvjTQ&mime_type=video_mp4&qs=0&rc=NXZpTGRTaFBnKWxncmd5aHFsc3IxZGY1ZDM2N2U1aGhoZGdnMzk0QGkzOHN5Om86aWo8MzM0NjMzQFNsa3ZpcUQ6amtqXmJmK2BeaWpgYTojNDEyNDQvMDZgMS4tMjNeX2EjNTBhamFhbmppYS0tZDAwc3M%3D&btag=80000200018000&dy_q=1785542783&feature_id=d6a18d7c5414b1f1e95a75faf9147845&l=20260801080622F7840132C3C96C033240&ply_type=3&policy=eyJ2bSI6MywidWlkIjoiMzEyOTY1MDYwMzg4ODE4NSJ9,未使用,审核不通过,--,0,--,0,0,0,0,0,0,0,0,0,0,0,0,0,0,0
"	7668235064334975002",推送视频_0729-瑞晨浩正引流素材-1改-1.mp4,https://video-cn.oceanengine.com/eda7a9f487ab266049c4af73f682fca8/6a6fdba2/tos-cn-ve-51/osI6dbaCtNAyL3rnm9QjzQWEAvP0L7TIFstRw?a=1402&ch=0&cr=0&dr=3&cd=0%7C0%7C0%7C0&br=1261&bt=1261&cs=0&ds=3&ft=J9ThAGkHH_Myq8Z.ttR_e2NvjTQ&mime_type=video_mp4&qs=0&rc=NXZpTGRTaFBnKWxncmd5aHFsc3IxZGZlNTNoNjczNjQ0ODw6OjdmQGkzaWZtOm86aWo8MzM0NjMzQFNsa3ZpcUQ6amtqXmJmK2BeaWpgYTojMDMzYy0zYjYxMV4zMWIxLmEjcWtgcWFhbmppYS0tZDAwc3M%3D&btag=80000200018000&dy_q=1785542783&feature_id=d6a18d7c5414b1f1e95a75faf9147845&l=20260801080622F7840132C3C96C033240&ply_type=3&policy=eyJ2bSI6MywidWlkIjoiMzEyOTY1MDYwMzg4ODE4NSJ9,未使用,审核不通过,--,0,--,0,0,0,0,0,0,0,0,0,0,0,0,0,0,0
"	7668234974908481546",推送视频_0729-瑞晨浩正引流素材-1改-10.mp4,https://video-cn.oceanengine.com/baba6623a283b41a320eb2bdc4224d97/6a6fdb9e/tos-cn-ve-51/o0pF2gGq1Lg81HiWAVt7QWaUBNAmqeZIQ1IChY?a=1402&ch=0&cr=0&dr=3&cd=0%7C0%7C0%7C0&br=839&bt=839&cs=0&ds=3&ft=J9ThAGkHH_Myq8Z.ttR_e2NvjTQ&mime_type=video_mp4&qs=0&rc=NXZpTGRTaFBnKWxncmd5aHFsc3IxZGY2aTNkO2VnOTU7Zzc1ZTM5QGlqNjdnZG86ZGo8MzM0NjMzQFNsa3ZpcUQ6amtqXmJmK2BeaWpgYTojLmEyYTY2YV81MTUtNDZhMWEjbi8zcWFhL2ppYS0tZDAwc3M%3D&btag=80000200018000&dy_q=1785542783&feature_id=d6a18d7c5414b1f1e95a75faf9147845&l=20260801080622F7840132C3C96C033240&ply_type=3&policy=eyJ2bSI6MywidWlkIjoiMzEyOTY1MDYwMzg4ODE4NSJ9,未使用,审核不通过,--,0,--,0,0,0,0,0,0,0,0,0,0,0,0,0,0,0
"	7668234940762652723",推送视频_0729-瑞晨浩正引流素材-1改-4.mp4,https://video-cn.oceanengine.com/182a8f7bc37c4770ea45c30a6211c460/6a6fdba2/tos-cn-ve-51/owIZQaQxf1A8C1M1ehasBbUgpGfAWCq1IjRSr2?a=1402&ch=0&cr=0&dr=3&cd=0%7C0%7C0%7C0&br=1503&bt=1503&cs=0&ds=3&ft=J9ThAGkHH_Myq8Z.ttR_e2NvjTQ&mime_type=video_mp4&qs=0&rc=NXZpTGRTaFBnKWxncmd5aHFsc3IxZGZpZWU5NTQzNGZnMzxkaGhlQGkzZTY6ZW86aWo8MzM0NjMzQFNsa3ZpcUQ6amtqXmJmK2BeaWpgYTojXmE0Ll5fMl8tMWBgNF41MWEjMXNfM2FhbmppYS0tZDBhc3M%3D&btag=80000200018000&dy_q=1785542783&feature_id=d6a18d7c5414b1f1e95a75faf9147845&l=20260801080622F7840132C3C96C033240&ply_type=3&policy=eyJ2bSI6MywidWlkIjoiMzEyOTY1MDYwMzg4ODE4NSJ9,未使用,审核不通过,--,0,--,0,0,0,0,0,0,0,0,0,0,0,0,0,0,0
"	7668234901004582958",推送视频_0728浩正瑞晨学姐-1改-1.mp4,https://video-cn.oceanengine.com/03619cace206994f25ab62dafef82b66/6a6fdb9a/tos-cn-ve-51/okElsC9d0EL7IrQtSTQzIDtAACHkIAJFMCWma?a=1402&ch=0&cr=0&dr=3&cd=0%7C0%7C0%7C0&br=625&bt=625&cs=0&ds=3&ft=J9ThAGkHH_Myq8Z.ttR_e2NvjTQ&mime_type=video_mp4&qs=0&rc=NXZpTGRTaFBnKWxncmd5aHFsc3IxZGZnZjk4aDU2NjtlOzM7OjdmQGkzNmo1OG86OGo8MzM0NjMzQFNsa3ZpcUQ6amtqXmJmK2BeaWpgYTojMl81NmMuY18yMV9hMDRjMGEjLi01ZmFhbmppYS0tZDBhc3M%3D&btag=80000200010000&dy_q=1785542783&feature_id=d6a18d7c5414b1f1e95a75faf9147845&l=20260801080622F7840132C3C96C033240&ply_type=3&policy=eyJ2bSI6MywidWlkIjoiMzEyOTY1MDYwMzg4ODE4NSJ9,未使用,审核不通过,--,0,--,0,0,0,0,0,0,0,0,0,0,0,0,0,0,0
"	7668234846337531954",推送视频_0728-浩正瑞晨大字报单科-1改-2.mp4,https://video-cn.oceanengine.com/6305b5efe3064087689eac413be67247/6a6fdb93/tos-cn-ve-51/oUNBaelATwf1qBiDgEzN4IRsDBAaWF2qgQSIzR?a=1402&ch=0&cr=0&dr=3&cd=0%7C0%7C0%7C0&br=972&bt=972&cs=0&ds=3&ft=J9ThAGkHH_Myq8Z.ttR_e2NvjTQ&mime_type=video_mp4&qs=0&rc=NXZpTGRTaFBnKWxncmd5aHFsc3IxZGZkaGc8NWg1Nzw4NDxkPGc3QGlqM3k5O286NWo8MzM0NjMzQFNsa3ZpcUQ6amtqXmJmK2BeaWpgYTojNmIxMjZfMl5jMTBjMGM2NGEjaGdfZGFhL2ppYS0tZDBhc3M%3D&btag=80000200010000&dy_q=1785542783&feature_id=d6a18d7c5414b1f1e95a75faf9147845&l=20260801080622F7840132C3C96C033240&ply_type=3&policy=eyJ2bSI6MywidWlkIjoiMzEyOTY1MDYwMzg4ODE4NSJ9,未使用,审核不通过,--,0,--,0,0,0,0,0,0,0,0,0,0,0,0,0,0,0
"	7668234838328541211",推送视频_0728浩正瑞晨学姐-1改-2.mp4,https://video-cn.oceanengine.com/e5cb9756e9ca1d21e2ae15123752494e/6a6fdb93/tos-cn-ve-51/oMmfFwfi1I75wWMsAGagDrNXlBRiqDAQ25gCDa?a=1402&ch=0&cr=0&dr=3&cd=0%7C0%7C0%7C0&br=724&bt=724&cs=0&ds=3&ft=J9ThAGkHH_Myq8Z.ttR_e2NvjTQ&mime_type=video_mp4&qs=0&rc=NXZpTGRTaFBnKWxncmd5aHFsc3IxZGYzOjw8OTs7NzU0N2lpNGRkQGkzbHg7Nm86OGo8MzM0NjMzQFNsa3ZpcUQ6amtqXmJmK2BeaWpgYTojMTUwYF8yNDVeMTYyMTQtNGEjcDMyMWFhbmppYS0tZDAwc3M%3D&btag=80000200010000&dy_q=1785542783&feature_id=d6a18d7c5414b1f1e95a75faf9147845&l=20260801080622F7840132C3C96C033240&ply_type=3&policy=eyJ2bSI6MywidWlkIjoiMzEyOTY1MDYwMzg4ODE4NSJ9,未使用,审核不通过,--,0,--,0,0,0,0,0,0,0,0,0,0,0,0,0,0,0
"	7668234469824757810",推送视频_0730-李博数字人-杜引流2-1改.mp4,https://video-cn.oceanengine.com/7bd5b5d43e1bd6e6bcba3d1e9d7aa2aa/6a6fdb8f/tos-cn-ve-51/0318f55c0ce9491794141e81720ef775?a=1402&ch=0&cr=0&dr=3&cd=0%7C0%7C0%7C0&br=1724&bt=1724&cs=0&ds=3&ft=J9ThAGkHH_Myq8Z.ttR_e2NvjTQ&mime_type=video_mp4&qs=0&rc=NXZpTGRTaFBnKWxncmd5aHFsc3IxZGZpOmY8Zmk2MztlPGVnO2kzQGlqcXJtNm86ZWo8MzM0NjMzQFNsa3ZpcUQ6amtqXmJmK2BeaWpgYTojLjViLTVgYl82MTNjNTIxM2Eja2RwMGFhL2lpYS0tZDAwc3M%3D&btag=80000200010000&dy_q=1785542783&feature_id=d6a18d7c5414b1f1e95a75faf9147845&l=20260801080622F7840132C3C96C033240&ply_type=3&policy=eyJ2bSI6MywidWlkIjoiMzEyOTY1MDYwMzg4ODE4NSJ9,未使用,审核不通过,--,1,--,0,0,0,0,0,0,0,0,0,0,0,0,0,0,0
"	7667083399120568330",推送视频_7月26日-代理产出.mp4,https://video-cn.oceanengine.com/bea40e5febc59cabe78756aa998248ff/6a6fdb9f/tos-cn-ve-51/og1rQNNBAa7YaQNLq65AItDEngmcqIDRm3MTeg?a=1402&ch=0&cr=0&dr=3&cd=0%7C0%7C0%7C0&br=1410&bt=1410&cs=0&ds=3&ft=J9ThAGkHH_Myq8Z.ttR_e2NvjTQ&mime_type=video_mp4&qs=0&rc=NXZpTGRTaFBnKWxncmd5aHFsc3IxZGZlZTY6NDU3PDhoOTg8O2k2QGlqOTk7NW86b2k8MzM0NjMzQFNsa3ZpcUQ6amtqXmJmK2BeaWpgYTojLl9gYjBgYV8tMTEtYC4yNGEjbm5hMWFhLzRnYS0tZDBhc3M%3D&btag=80000e00018000&dy_q=1785542783&feature_id=d6a18d7c5414b1f1e95a75faf9147845&l=20260801080622F7840132C3C96C033240&ply_type=3&policy=eyJ2bSI6MywidWlkIjoiMzEyOTY1MDYwMzg4ODE4NSJ9,未使用,审核通过,--,2,--,0,0,0,0,0,0,0,0,0,0,0,0,0,0,0
"	7666006404415160339",推送视频_0723-国星引流修改-9.mp4,https://video-cn.oceanengine.com/8713938646fc34b7fd6c2407c8c0ae96/6a6fdb8d/tos-cn-ve-51/oAVDX9aYuQ1oyfWAASegRr2iqjIBN2RANyCyXB?a=1402&ch=0&cr=0&dr=3&cd=0%7C0%7C0%7C0&br=395&bt=395&cs=0&ds=6&ft=J9ThAGkHH_Myq8Z.ttR_e2NvjTQ&mime_type=video_mp4&qs=0&rc=NXZpTGRTaFBnKWxncmd5aHFsc3IxZGY8OTs7O2g5Z2g7OmY8NTg0QGlqcTVvaW86Zmw8MzM0NjMzQFNsa3ZpcUQ6amtqXmJmK2BeaWpgYTojLTJgM2M2Yl40MTJfYWEuLmEjMWthbGFhZi1lYS0tZDBhc3M%3D&btag=80000e00010000&dy_q=1785542783&feature_id=d6a18d7c5414b1f1e95a75faf9147845&l=20260801080622F7840132C3C96C033240&ply_type=3&policy=eyJ2bSI6MywidWlkIjoiMzEyOTY1MDYwMzg4ODE4NSJ9,已使用,审核通过,--,5,--,0,0,0,0,0,0,0,0,0,0,0,0,0,0,0
"	7666006402390982698",推送视频_0723-瑞晨引流修改-5.mp4,https://video-cn.oceanengine.com/f22e50c7b68e1a982e82cd1c122d6f83/6a6fdb94/tos-cn-ve-51/ookYhIEayAIYmxFtWozgIjM7QLMRGmwWQEBAd?a=1402&ch=0&cr=0&dr=3&cd=0%7C0%7C0%7C0&br=507&bt=507&cs=0&ds=3&ft=J9ThAGkHH_Myq8Z.ttR_e2NvjTQ&mime_type=video_mp4&qs=0&rc=NXZpTGRTaFBnKWxncmd5aHFsc3IxZGY1N2Y4Nzs7ZWU5NDlpZDY3QGlqZWx2OW86Zmw8MzM0NjMzQFNsa3ZpcUQ6amtqXmJmK2BeaWpgYTojXmFfYWI0YzU0MS8wLl81NGEjcS9kbGFhZi1lYS0tZDAwc3M%3D&btag=80000e00010000&dy_q=1785542783&feature_id=d6a18d7c5414b1f1e95a75faf9147845&l=20260801080622F7840132C3C96C033240&ply_type=3&policy=eyJ2bSI6MywidWlkIjoiMzEyOTY1MDYwMzg4ODE4NSJ9,已使用,审核通过,首发,6,--,0,0,0,0,0,0,0,0,0,0,0,0,0,0,0
"	7666006400510640147",推送视频_0723-瑞晨引流修改-3.mp4,https://video-cn.oceanengine.com/bd392dfc5022034e018935c28d943650/6a6fdb8e/tos-cn-ve-51/o8IajmbBdU5WMOtEAiVHwzA1gIvgQMdqyRZrQ?a=1402&ch=0&cr=0&dr=3&cd=0%7C0%7C0%7C0&br=910&bt=910&cs=0&ds=6&ft=J9ThAGkHH_Myq8Z.ttR_e2NvjTQ&mime_type=video_mp4&qs=0&rc=NXZpTGRTaFBnKWxncmd5aHFsc3IxZGY0aDdmZjg7Nzs8ZGk1MzlmQGlqaW9kNW86Zmw8MzM0NjMzQFNsa3ZpcUQ6amtqXmJmK2BeaWpgYTojMzJjLzRiXjYxMTYvY2ExLWEjMGdmZGFhXi1lYS0tZDAwc3M%3D&btag=80000e00010000&dy_q=1785542783&feature_id=d6a18d7c5414b1f1e95a75faf9147845&l=20260801080622F7840132C3C96C033240&ply_type=3&policy=eyJ2bSI6MywidWlkIjoiMzEyOTY1MDYwMzg4ODE4NSJ9,已使用,审核通过,--,6,--,0,0,0,0,0,0,0,0,0,0,0,0,0,0,0
"	7666006390135586852",推送视频_0723-瑞晨引流修改-6.mp4,https://video-cn.oceanengine.com/08ecc7c2faec431532b98c2e07a15206/6a6fdb94/tos-cn-ve-51/o4E8MhFiv6ggGjQpiTQzIrBFAImjIAbMrBima?a=1402&ch=0&cr=0&dr=3&cd=0%7C0%7C0%7C0&br=603&bt=603&cs=0&ds=3&ft=J9ThAGkHH_Myq8Z.ttR_e2NvjTQ&mime_type=video_mp4&qs=0&rc=NXZpTGRTaFBnKWxncmd5aHFsc3IxZGY1Nzc4ZDg3aGlmZGU3NDM5QGlqZTtwdjlyZmw8MzM0NjMzQFNsa3ZpcUQ6amtqXmJmK2BeaWpgYTojLjAyMTRjMV82MTQ0LV4wMmEjZF9zZTJkay1lYS0tZDBhc3M%3D&btag=80000e00010000&dy_q=1785542783&feature_id=d6a18d7c5414b1f1e95a75faf9147845&l=20260801080622F7840132C3C96C033240&ply_type=3&policy=eyJ2bSI6MywidWlkIjoiMzEyOTY1MDYwMzg4ODE4NSJ9,已使用,审核通过,首发,6,--,0,0,0,0,0,0,0,0,0,0,0,0,0,0,0
"	7666006388808581139",推送视频_0723-瑞晨引流修改-8.mp4,https://video-cn.oceanengine.com/d6953aee33768d1215706afc9ad6d2be/6a6fdb87/tos-cn-ve-51/ooUIg2jYNAeQqAIRje2YdyFkKsz1DBaxCcEAq7?a=1402&ch=0&cr=0&dr=3&cd=0%7C0%7C0%7C0&br=773&bt=773&cs=0&ds=3&ft=J9ThAGkHH_Myq8Z.ttR_e2NvjTQ&mime_type=video_mp4&qs=0&rc=NXZpTGRTaFBnKWxncmd5aHFsc3IxZGY5Ojw8Zmg3OTdnZGYzPDc1QGlqcHdqO286Zmw8MzM0NjMzQFNsa3ZpcUQ6amtqXmJmK2BeaWpgYTojLi1jMi4uM18vMV5hYjBfLWEjYW9pb2FhXi1lYS0tZDAvc3M%3D&btag=80000e00008000&dy_q=1785542783&feature_id=d6a18d7c5414b1f1e95a75faf9147845&l=20260801080622F7840132C3C96C033240&ply_type=3&policy=eyJ2bSI6MywidWlkIjoiMzEyOTY1MDYwMzg4ODE4NSJ9,已使用,审核通过,--,5,--,0,0,0,0,0,0,0,0,0,0,0,0,0,0,0
"	7666006386430378026",推送视频_0723-国星引流修改-6c.mp4,https://video-cn.oceanengine.com/14e07b8f1b364bf51555ef24f6a79d57/6a6fdb8c/tos-cn-ve-51/oYCfze96GBmULrTGlNIdkugQxCaQrUmAlGbeBA?a=1402&ch=0&cr=0&dr=3&cd=0%7C0%7C0%7C0&br=478&bt=478&cs=0&ds=6&ft=J9ThAGkHH_Myq8Z.ttR_e2NvjTQ&mime_type=video_mp4&qs=0&rc=NXZpTGRTaFBnKWxncmd5aHFsc3IxZGZmPDk7OTc7OGdpN2g4NzZmQGlqaW1pczlyZmw8MzM0NjMzQFNsa3ZpcUQ6amtqXmJmK2BeaWpgYTojYi5iLl4wY15eMTY1YmFiLWEjXmdoYTJkay1lYS0tZDBhc3M%3D&btag=80000e00008000&dy_q=1785542783&feature_id=d6a18d7c5414b1f1e95a75faf9147845&l=20260801080622F7840132C3C96C033240&ply_type=3&policy=eyJ2bSI6MywidWlkIjoiMzEyOTY1MDYwMzg4ODE4NSJ9,未使用,审核通过,--,3,--,0,0,0,0,0,0,0,0,0,0,0,0,0,0,0
"	7666006380580782143",推送视频_0723-国星引流修改-5.mp4,https://video-cn.oceanengine.com/5747f671c940fab2653b2fbf4bc923cd/6a6fdb8b/tos-cn-ve-51/oAaMIQL9qI3zlmEbmIFWQgvMtUNvZBdjAoFAg?a=1402&ch=0&cr=0&dr=3&cd=0%7C0%7C0%7C0&cv=1&br=952&bt=952&cs=0&ds=3&ft=J9ThAGkHH_Myq8Z.ttR_e2NvjTQ&mime_type=video_mp4&qs=0&rc=NXZpTGRTaFBnKWxncmd5aHFsc3IxZGZoZjo2ZDc4PGZpPDppOzhoQGlqOHh5OW86Zmw8MzM0NjMzQFNsa3ZpcUQ6amtqXmJmK2BeaWpgYTojLmItMV8uLzY2MV8vNmIuLmEjM3Nhb2FhXi1lYS0tZDAvc3M%3D&btag=80000e00008000&dy_q=1785542783&feature_id=d6a18d7c5414b1f1e95a75faf9147845&l=20260801080622F7840132C3C96C033240&ply_type=3&policy=eyJ2bSI6MywidWlkIjoiMzEyOTY1MDYwMzg4ODE4NSJ9,未使用,审核通过,首发,5,--,0,0,0,0,0,0,0,0,0,0,0,0,0,0,0
"	7666006379787599935",推送视频_0723-国星引流修改-7.mp4,https://video-cn.oceanengine.com/a0b06cb3f5ab5d4b769d40463481beb7/6a6fdb8c/tos-cn-ve-51/oA7jleBItSbBQEhIKCLUAIlGA3aUBBsFekxGfM?a=1402&ch=0&cr=0&dr=3&cd=0%7C0%7C0%7C0&br=1073&bt=1073&cs=0&ds=3&ft=J9ThAGkHH_Myq8Z.ttR_e2NvjTQ&mime_type=video_mp4&qs=0&rc=NXZpTGRTaFBnKWxncmd5aHFsc3IxZGZlaWc5Njs4aTszNGU5Omc8QGlqdTZsbTlyZmw8MzM0NjMzQFNsa3ZpcUQ6amtqXmJmK2BeaWpgYTojM18wNS4zL19fMTYvNTMuMmEjb3M1NDJkay1lYS0tZDBhc3M%3D&btag=80000e00008000&dy_q=1785542783&feature_id=d6a18d7c5414b1f1e95a75faf9147845&l=20260801080622F7840132C3C96C033240&ply_type=3&policy=eyJ2bSI6MywidWlkIjoiMzEyOTY1MDYwMzg4ODE4NSJ9,未使用,审核通过,--,4,--,0,0,0,0,0,0,0,0,0,0,0,0,0,0,0
"	7666006376167833619",推送视频_0723-国星引流修改-8.mp4,https://video-cn.oceanengine.com/4cbe0cbc4b0b57d836579405cedb081f/6a6fdb8a/tos-cn-ve-51/oMDefxQgDQAa22y2rJN9nYROyA1hABvIJQiqFG?a=1402&ch=0&cr=0&dr=3&cd=0%7C0%7C0%7C0&br=379&bt=379&cs=0&ds=6&ft=J9ThAGkHH_Myq8Z.ttR_e2NvjTQ&mime_type=video_mp4&qs=0&rc=NXZpTGRTaFBnKWxncmd5aHFsc3IxZGZpZTczNGVlaTtkODs4ZTU8QGlqeHZuPG86Zmw8MzM0NjMzQFNsa3ZpcUQ6amtqXmJmK2BeaWpgYTojMDBjMV8xYzVfMV8xYV8uYmEjcTZxbGFhXi1lYS0tZDAwc3M%3D&btag=80000e00008000&dy_q=1785542783&feature_id=d6a18d7c5414b1f1e95a75faf9147845&l=20260801080622F7840132C3C96C033240&ply_type=3&policy=eyJ2bSI6MywidWlkIjoiMzEyOTY1MDYwMzg4ODE4NSJ9,未使用,审核通过,--,2,--,0,0,0,0,0,0,0,0,0,0,0,0,0,0,0
"	7666006371528556586",推送视频_0723-国星引流修改-4.mp4,https://video-cn.oceanengine.com/bccc214a10b7b37e701a4db0b97f4db5/6a6fdb8a/tos-cn-ve-51/oERNgDAH0bxeGEIMueBuRmSggAaUAqAyYE1Dn2?a=1402&ch=0&cr=0&dr=3&cd=0%7C0%7C0%7C0&br=830&bt=830&cs=0&ds=3&ft=J9ThAGkHH_Myq8Z.ttR_e2NvjTQ&mime_type=video_mp4&qs=0&rc=NXZpTGRTaFBnKWxncmd5aHFsc3IxZGY2OmkzaWVlaWZkM2g2ZTNkQGlqZWx2OW86Zmw8MzM0NjMzQFNsa3ZpcUQ6amtqXmJmK2BeaWpgYTojNDAtYC8uNjUxMWBiLjI1MWEjai9kbGFhXi1lYS0tZDAwc3M%3D&btag=80000e00008000&dy_q=1785542783&feature_id=d6a18d7c5414b1f1e95a75faf9147845&l=20260801080622F7840132C3C96C033240&ply_type=3&policy=eyJ2bSI6MywidWlkIjoiMzEyOTY1MDYwMzg4ODE4NSJ9,已使用,审核通过,--,3,--,0,0,0,0,0,0,0,0,0,0,0,0,0,0,0
"	7666006364797386806",推送视频_0723-瑞晨引流修改-7.mp4,https://video-cn.oceanengine.com/93f6ddcad587a4b4e7bd82a51b0fa114/6a6fdb85/tos-cn-ve-51/o0CAVAqfguNB2xBDayADcQI1GgJCYshBIfRRts?a=1402&ch=0&cr=0&dr=3&cd=0%7C0%7C0%7C0&br=1640&bt=1640&cs=0&ds=4&ft=J9ThAGkHH_Myq8Z.ttR_e2NvjTQ&mime_type=video_mp4&qs=0&rc=NXZpTGRTaFBnKWxncmd5aHFsc3IxZGY8NGczOjs3MzQzNTxpZTtnQGkzM2U6ZW86Zmw8MzM0NjMzQFNsa3ZpcUQ6amtqXmJmK2BeaWpgYTojY2BjM2M0MDYuMTYvNF5gYmEjZi5xLWFhXi1lYS0tZDAvc3M%3D&btag=80000e00008000&dy_q=1785542783&feature_id=d6a18d7c5414b1f1e95a75faf9147845&l=20260801080622F7840132C3C96C033240&ply_type=3&policy=eyJ2bSI6MywidWlkIjoiMzEyOTY1MDYwMzg4ODE4NSJ9,未使用,审核通过,--,2,--,0,0,0,0,0,0,0,0,0,0,0,0,0,0,0
"	7666006335712444458",推送视频_0723-瑞晨引流修改-10.mp4,https://video-cn.oceanengine.com/d1b7741d92365836d278a6db23f64a1a/6a6fdb88/tos-cn-ve-51/oshanO9g756EETtQ16GAIXZo6AWmAYBMjIAlfg?a=1402&ch=0&cr=0&dr=3&cd=0%7C0%7C0%7C0&br=216&bt=216&cs=0&ds=6&ft=J9ThAGkHH_Myq8Z.ttR_e2NvjTQ&mime_type=video_mp4&qs=0&rc=NXZpTGRTaFBnKWxncmd5aHFsc3IxZGZnNjRkZjc0ZztmODdkPDRlQGlqOTVxZW86Zmw8MzM0NjMzQFNsa3ZpcUQ6amtqXmJmK2BeaWpgYTojM2AwNjNfLzYtMTYxYl9hNWEjZy1tYmFhXi1lYS0tZDAvc3M%3D&btag=80000e00008000&dy_q=1785542783&feature_id=d6a18d7c5414b1f1e95a75faf9147845&l=20260801080622F7840132C3C96C033240&ply_type=3&policy=eyJ2bSI6MywidWlkIjoiMzEyOTY1MDYwMzg4ODE4NSJ9,未使用,审核通过,首发,3,--,0,0,0,0,0,0,0,0,0,0,0,0,0,0,0
"	7666103246486765594",0723-雅迪引流-3c-改.mp4,https://video-cn.oceanengine.com/a73bb2c4da7d3adb9c920e46b708ea0a/6a6fdb84/tos-cn-ve-51/oYTyQC7aBrIATEiOeqfHDtoItmtbMNAYOzBTng?a=1402&ch=0&cr=0&dr=3&cd=0%7C0%7C0%7C0&br=744&bt=744&cs=0&ds=3&ft=J9ThAGkHH_Myq8Z.ttR_e2NvjTQ&mime_type=video_mp4&qs=0&rc=NXZpTGRTaFBnKWxncmd5aHFsc3IxZGY5NTplOTU4aDs7OjRkOjk1QGkzcHZzNW86c3k8MzM0NjMzQFNsa3ZpcUQ6amtqXmJmK2BeaWpgYTojYzRfXi8zLV9gMV82NmNeMWEjbmdkXmFhZmZlYS0tZDAvc3M%3D&btag=80000e00008000&dy_q=1785542783&feature_id=d6a18d7c5414b1f1e95a75faf9147845&l=20260801080622F7840132C3C96C033240&ply_type=3&policy=eyJ2bSI6MywidWlkIjoiMzEyOTY1MDYwMzg4ODE4NSJ9,已使用,审核通过,--,6,--,0,0,0,0,0,0,0,0,0,0,0,0,0,0,0
"	7666044620682477611",0723-魏怡-6-改.mp4,https://video-cn.oceanengine.com/5faa405c9d352edf91121cf68110e29f/6a6fdbeb/tos-cn-ve-51/oMZQ17mAAaeYUN5HXotTgzI7NAcDgvUIDvBqof?a=1402&ch=0&cr=0&dr=3&cd=0%7C0%7C0%7C0&br=1791&bt=1791&cs=0&ds=3&ft=J9ThAGkHH_Myq8Z.ttR_e2NvjTQ&mime_type=video_mp4&qs=0&rc=NXZpTGRTaFBnKWxncmd5aHFsc3IxZGZmOWloPGU1OmY2M2Y7PGloQGkzbTw7aG86ZHk8MzM0NjMzQFNsa3ZpcUQ6amtqXmJmK2BeaWpgYTojL140LzFjYDUuMTA2Mi42YmEjXm0uM2FhL2dlYS0tZDBhc3M%3D&btag=80000e00028000&dy_q=1785542783&feature_id=d6a18d7c5414b1f1e95a75faf9147845&l=20260801080622F7840132C3C96C033240&ply_type=3&policy=eyJ2bSI6MywidWlkIjoiMzEyOTY1MDYwMzg4ODE4NSJ9,已使用,审核通过,--,6,--,0,0,0,0,0,0,0,0,0,0,0,0,0,0,0
"	7666044603117780998",0723-魏怡-4-改.mp4,https://video-cn.oceanengine.com/c2934c0778a695ab57643b3a61f0d8ca/6a6fdbeb/tos-cn-ve-51/oo2beHIHPb0g0119CARKaZAagmQiws3oBfxUeG?a=1402&ch=0&cr=0&dr=3&cd=0%7C0%7C0%7C0&br=1686&bt=1686&cs=0&ds=3&ft=J9ThAGkHH_Myq8Z.ttR_e2NvjTQ&mime_type=video_mp4&qs=0&rc=NXZpTGRTaFBnKWxncmd5aHFsc3IxZGZlNDk0ZDhnZzlnZTk6ZjdpQGlqa3c5Nm86ZHk8MzM0NjMzQFNsa3ZpcUQ6amtqXmJmK2BeaWpgYTojYTUxYjQwNjUxMV4yMDNiY2EjL3Eub2FhL2dlYS0tZDBhc3M%3D&btag=80000e00028000&dy_q=1785542783&feature_id=d6a18d7c5414b1f1e95a75faf9147845&l=20260801080622F7840132C3C96C033240&ply_type=3&policy=eyJ2bSI6MywidWlkIjoiMzEyOTY1MDYwMzg4ODE4NSJ9,已使用,审核通过,--,6,--,0,0,0,0,0,0,0,0,0,0,0,0,0,0,0
"	7666044375975460906",0723-魏怡-5-改.mp4,https://video-cn.oceanengine.com/417cc091f276a5125bf35de56f80765a/6a6fdbea/tos-cn-ve-51/osIbmaUAfgBjmoGH1BQzBxazkigCrARA2eGGfz?a=1402&ch=0&cr=0&dr=3&cd=0%7C0%7C0%7C0&br=1300&bt=1300&cs=0&ds=6&ft=J9ThAGkHH_Myq8Z.ttR_e2NvjTQ&mime_type=video_mp4&qs=0&rc=NXZpTGRTaFBnKWxncmd5aHFsc3IxZGZkZGk8NzM4NDVkNzc8Zjc3QGlqM3FpM286ZHk8MzM0NjMzQFNsa3ZpcUQ6amtqXmJmK2BeaWpgYTojLjNfMzIyMl80MV9eX2EyLWEjZWdyMWFhL2dlYS0tZDBhc3M%3D&btag=80000e00028000&dy_q=1785542783&feature_id=d6a18d7c5414b1f1e95a75faf9147845&l=20260801080622F7840132C3C96C033240&ply_type=3&policy=eyJ2bSI6MywidWlkIjoiMzEyOTY1MDYwMzg4ODE4NSJ9,未使用,审核通过,--,4,--,0,0,0,0,0,0,0,0,0,0,0,0,0,0,0
"	7666044315906916393",0723-魏怡-2-改.mp4,https://video-cn.oceanengine.com/32c625340c41a7daf93a27c8ccbbae8d/6a6fdb92/tos-cn-ve-51/o8QDObtYLQalURgAzScgIF7uqHION63ACEtfeB?a=1402&ch=0&cr=0&dr=3&cd=0%7C0%7C0%7C0&br=915&bt=915&cs=0&ds=3&ft=J9ThAGkHH_Myq8Z.ttR_e2NvjTQ&mime_type=video_mp4&qs=0&rc=NXZpTGRTaFBnKWxncmd5aHFsc3IxZGY0NWRpZWg3Ozo8Mzs0aGZnQGlqOGhqO286ZHk8MzM0NjMzQFNsa3ZpcUQ6amtqXmJmK2BeaWpgYTojY182XjZjNl8xMS5jYF5jNGEjaGJrb2FhL2dlYS0tZDAvc3M%3D&btag=80000e00010000&dy_q=1785542783&feature_id=d6a18d7c5414b1f1e95a75faf9147845&l=20260801080622F7840132C3C96C033240&ply_type=3&policy=eyJ2bSI6MywidWlkIjoiMzEyOTY1MDYwMzg4ODE4NSJ9,未使用,审核通过,--,4,--,0,0,0,0,0,0,0,0,0,0,0,0,0,0,0
"	7666044290755264575",0723-魏怡-1-改.mp4,https://video-cn.oceanengine.com/3fa0a65cccf0d3d5ca98765d9277e763/6a6fdb92/tos-cn-ve-51/o8TzQCSuUaAvesDdRftYANqgrDygkBuYITIgH7?a=1402&ch=0&cr=0&dr=3&cd=0%7C0%7C0%7C0&br=675&bt=675&cs=0&ds=6&ft=J9ThAGkHH_Myq8Z.ttR_e2NvjTQ&mime_type=video_mp4&qs=0&rc=NXZpTGRTaFBnKWxncmd5aHFsc3IxZGZmO2QzNTw6ZmhpOTc8ZmhmQGlqbDpvZm86ZHk8MzM0NjMzQFNsa3ZpcUQ6amtqXmJmK2BeaWpgYTojLS82Xi4tLl81MTM1YjAuLWEjMWZlX2FhL2dlYS0tZDAvc3M%3D&btag=80000e00010000&dy_q=1785542783&feature_id=d6a18d7c5414b1f1e95a75faf9147845&l=20260801080622F7840132C3C96C033240&ply_type=3&policy=eyJ2bSI6MywidWlkIjoiMzEyOTY1MDYwMzg4ODE4NSJ9,未使用,审核通过,--,4,--,0,0,0,0,0,0,0,0,0,0,0,0,0,0,0
"	7665911365609570346",0723-引流-魏怡-7 C.mp4,https://video-cn.oceanengine.com/3be558f0b0c4fcff567cb2fadbc5aa3a/6a6fdbea/tos-cn-ve-51/ogHglo6GbIjAxaURRTQgec1UTOKa2BzfCAwqex?a=1402&ch=0&cr=0&dr=3&cd=0%7C0%7C0%7C0&br=1537&bt=1537&cs=0&ds=3&ft=J9ThAGkHH_Myq8Z.ttR_e2NvjTQ&mime_type=video_mp4&qs=0&rc=NXZpTGRTaFBnKWxncmd5aHFsc3IxZGZoOzpkN2Y3OjMzZDw4PGU8QGlqbHNpN286Znk8MzM0NjMzQFNsa3ZpcUQ6amtqXmJmK2BeaWpgYTojLjFjMjQzMV8uMTIzNTE0YmEjZi1tYGFhbmllYS0tZDBhc3M%3D&btag=80000e00028000&dy_q=1785542783&feature_id=d6a18d7c5414b1f1e95a75faf9147845&l=20260801080622F7840132C3C96C033240&ply_type=3&policy=eyJ2bSI6MywidWlkIjoiMzEyOTY1MDYwMzg4ODE4NSJ9,已使用,审核通过,--,5,--,0,0,0,0,0,0,0,0,0,0,0,0,0,0,0
"	7665676211757416511",0723-瑞晨引流-4c.mp4,https://video-cn.oceanengine.com/dca105304291c68311c4399be7b4d6d6/6a6fdb8e/tos-cn-ve-51/oUfAeRHJHuTAQzqefMbIIrHZtEsVfArYSgHjs8?a=1402&ch=0&cr=0&dr=3&cd=0%7C0%7C0%7C0&br=1078&bt=1078&cs=0&ds=3&ft=J9ThAGkHH_Myq8Z.ttR_e2NvjTQ&mime_type=video_mp4&qs=0&rc=NXZpTGRTaFBnKWxncmd5aHFsc3IxZGY1NzQ0aTk4aTw2NzM7Ojg3QGkzaWx5aG86Znk8MzM0NjMzQFNsa3ZpcUQ6amtqXmJmK2BeaWpgYTojMV5fMWBiM19iMTM1L2JfMGEjL2pycWFhZmllYS0tZDAwc3M%3D&btag=80000e00010000&dy_q=1785542783&feature_id=d6a18d7c5414b1f1e95a75faf9147845&l=20260801080622F7840132C3C96C033240&ply_type=3&policy=eyJ2bSI6MywidWlkIjoiMzEyOTY1MDYwMzg4ODE4NSJ9,未使用,审核通过,首发,4,--,0,0,0,0,0,0,0,0,0,0,0,0,0,0,0
"	7665667885312524307",0723-国星引流-2c.mp4,https://video-cn.oceanengine.com/19ae5696ada7887a64fcc5dedf83ea3e/6a6fdba2/tos-cn-ve-51/oUfCDmzRrHJUaBAfQqaKb9G1A2bGa7gsBQxeIF?a=1402&ch=0&cr=0&dr=3&cd=0%7C0%7C0%7C0&br=357&bt=357&cs=0&ds=3&ft=J9ThAGkHH_Myq8Z.ttR_e2NvjTQ&mime_type=video_mp4&qs=0&rc=NXZpTGRTaFBnKWxncmd5aHFsc3IxZGZmNjw5Z2c8PDRpZDxkZGQ3QGlqNjRnaW86Znk8MzM0NjMzQFNsa3ZpcUQ6amtqXmJmK2BeaWpgYTojY2FjMGMyMTZjMWM1Yy8zY2EjLzNlZGFhbmllYS0tZDBhc3M%3D&btag=80000e00018000&dy_q=1785542783&feature_id=d6a18d7c5414b1f1e95a75faf9147845&l=20260801080622F7840132C3C96C033240&ply_type=3&policy=eyJ2bSI6MywidWlkIjoiMzEyOTY1MDYwMzg4ODE4NSJ9,未使用,审核通过,--,3,--,0,0,0,0,0,0,0,0,0,0,0,0,0,0,0
"	7666049027445276718",引流1——子衿改.mp4,https://video-cn.oceanengine.com/edffcb1ce9208bb3348c1450de9f1c9e/6a6fdb89/tos-cn-ve-51/o4kOdIAUHsJnLiNtZIgEUWQqxNjKAaBzNHmAd?a=1402&ch=0&cr=0&dr=3&cd=0%7C0%7C0%7C0&br=477&bt=477&cs=0&ds=4&ft=J9ThAGkHH_Myq8Z.ttR_e2NvjTQ&mime_type=video_mp4&qs=0&rc=NXZpTGRTaFBnKWxncmd5aHFsc3IxZGY8NDo5O2lkNmZlODwzZGlnQGlqZDczZm86Om48MzM0NjMzQFNsa3ZpcUQ6amtqXmJmK2BeaWpgYTojNC1fMDRgYzZeMWBfLy42MGEjMy1iaWFhZmJlYS0tZDAvc3M%3D&btag=80000200008000&dy_q=1785542783&feature_id=d6a18d7c5414b1f1e95a75faf9147845&l=20260801080622F7840132C3C96C033240&ply_type=3&policy=eyJ2bSI6MywidWlkIjoiMzEyOTY1MDYwMzg4ODE4NSJ9,未使用,审核不通过,--,0,--,0,0,0,0,0,0,0,0,0,0,0,0,0,0,0
"	7665169630885937161",0720-引流-魏怡-1.mp4,https://video-cn.oceanengine.com/38423b5d07354c2d2236c05469cf9e1e/6a6fdb94/tos-cn-ve-51/oclBisQMoAQ3fuDEgam1lsAiL7AhtBz3mEJIsb?a=1402&ch=0&cr=0&dr=3&cd=0%7C0%7C0%7C0&br=1823&bt=1823&cs=0&ds=3&ft=J9ThAGkHH_Myq8Z.ttR_e2NvjTQ&mime_type=video_mp4&qs=0&rc=NXZpTGRTaFBnKWxncmd5aHFsc3IxZGY8MzRpODU8Zzg7OmRnaTlkQGlqcGVuZ286azw8MzM0NjMzQFNsa3ZpcUQ6amtqXmJmK2BeaWpgYTojLi9eY2AvYDU2MS82NC8xLmEjNWtqbWFhXmJkYS0tZDAvc3M%3D&btag=80000e00010000&dy_q=1785542783&feature_id=d6a18d7c5414b1f1e95a75faf9147845&l=20260801080622F7840132C3C96C033240&ply_type=3&policy=eyJ2bSI6MywidWlkIjoiMzEyOTY1MDYwMzg4ODE4NSJ9,未使用,审核通过,--,3,--,0,0,0,0,0,0,0,0,0,0,0,0,0,0,0
"	7665169608501805082",0721-引流-魏怡- 7.mp4,https://video-cn.oceanengine.com/05419b77b2f3c4f0c000f5334a057925/6a6fdb99/tos-cn-ve-51/oIaRlQSC4IKzLpE9mI3WQw5CtUXTVEdgAMMAX?a=1402&ch=0&cr=0&dr=3&cd=0%7C0%7C0%7C0&br=1515&bt=1515&cs=0&ds=3&ft=J9ThAGkHH_Myq8Z.ttR_e2NvjTQ&mime_type=video_mp4&qs=0&rc=NXZpTGRTaFBnKWxncmd5aHFsc3IxZGYzOzVmMzNnaWg0NDk3NTg8QGlqZTgzPG86azw8MzM0NjMzQFNsa3ZpcUQ6amtqXmJmK2BeaWpgYTojYTQwLjU2M15jMTJhMDNjLWEjXzNrMmFhXmJkYS0tZDAwc3M%3D&btag=80000e00010000&dy_q=1785542783&feature_id=d6a18d7c5414b1f1e95a75faf9147845&l=20260801080622F7840132C3C96C033240&ply_type=3&policy=eyJ2bSI6MywidWlkIjoiMzEyOTY1MDYwMzg4ODE4NSJ9,未使用,审核通过,--,2,--,0,0,0,0,0,0,0,0,0,0,0,0,0,0,0
"	7665169570731180042",0721-引流-魏怡-6.mp4,https://video-cn.oceanengine.com/aa7580a8fabf2fbe1814e863d53de55f/6a6fdb9a/tos-cn-ve-51/oML8SFEDEI7Qg0YdJBfdMFFANiIbqDNDAgftBH?a=1402&ch=0&cr=0&dr=3&cd=0%7C0%7C0%7C0&br=822&bt=822&cs=0&ds=3&ft=J9ThAGkHH_Myq8Z.ttR_e2NvjTQ&mime_type=video_mp4&qs=0&rc=NXZpTGRTaFBnKWxncmd5aHFsc3IxZGZpZmZkOWg7aGc1ZWY4ZjM3QGkzPDk0eDlyazw8MzM0NjMzQFNsa3ZpcUQ6amtqXmJmK2BeaWpgYTojNTUzYDYwYDVjMTYvLi0uNGEjMHEtLjJkY2JkYS0tZDBhc3M%3D&btag=80000e00010000&dy_q=1785542783&feature_id=d6a18d7c5414b1f1e95a75faf9147845&l=20260801080622F7840132C3C96C033240&ply_type=3&policy=eyJ2bSI6MywidWlkIjoiMzEyOTY1MDYwMzg4ODE4NSJ9,未使用,审核通过,--,2,--,0,0,0,0,0,0,0,0,0,0,0,0,0,0,0
"	7665169551356592155",0721-引流-魏怡-8.mp4,https://video-cn.oceanengine.com/5bf080bee95d97111065bf28523070d8/6a6fdb9d/tos-cn-ve-51/oMlQRCMmEIzmWU7cIIadAgtQ3CWbgEmiRUlAX?a=1402&ch=0&cr=0&dr=3&cd=0%7C0%7C0%7C0&br=1156&bt=1156&cs=0&ds=3&ft=J9ThAGkHH_Myq8Z.ttR_e2NvjTQ&mime_type=video_mp4&qs=0&rc=NXZpTGRTaFBnKWxncmd5aHFsc3IxZGZmZTU5ZmRoaDM3NGY6NGU7QGkzcGc5OW86azw8MzM0NjMzQFNsa3ZpcUQ6amtqXmJmK2BeaWpgYTojNmJjNS9gLjU2MWA1YDUzYmEjYi9zMWFhXmJkYS0tZDAvc3M%3D&btag=80000e00018000&dy_q=1785542783&feature_id=d6a18d7c5414b1f1e95a75faf9147845&l=20260801080622F7840132C3C96C033240&ply_type=3&policy=eyJ2bSI6MywidWlkIjoiMzEyOTY1MDYwMzg4ODE4NSJ9,未使用,审核通过,--,2,--,0,0,0,0,0,0,0,0,0,0,0,0,0,0,0
"	7665169543526301722",0720-引流-魏怡-2.mp4,https://video-cn.oceanengine.com/4d1827ce57835175999493f765d56338/6a6fdb8a/tos-cn-ve-51/osAUnBu7EiQaMEs1AOgImLbtroLf2MBmgaAAQM?a=1402&ch=0&cr=0&dr=3&cd=0%7C0%7C0%7C0&cv=1&br=1601&bt=1601&cs=0&ds=3&ft=J9ThAGkHH_Myq8Z.ttR_e2NvjTQ&mime_type=video_mp4&qs=0&rc=NXZpTGRTaFBnKWxncmd5aHFsc3IxZGZlODw8NTk3ZmczPDgzNWgzQGkzZzttM286azw8MzM0NjMzQFNsa3ZpcUQ6amtqXmJmK2BeaWpgYTojXi8xMTJgLl5hMTJfL2NiX2EjLWBhMGFhXmJkYS0tZDBhc3M%3D&btag=80000e00008000&dy_q=1785542783&feature_id=d6a18d7c5414b1f1e95a75faf9147845&l=20260801080622F7840132C3C96C033240&ply_type=3&policy=eyJ2bSI6MywidWlkIjoiMzEyOTY1MDYwMzg4ODE4NSJ9,已使用,审核通过,首发,5,--,0,0,0,0,0,0,0,0,0,0,0,0,0,0,0
"	7665169526927704090",0721-引流-魏怡-5测.mp4,https://video-cn.oceanengine.com/57cbe599f89a0ef56dc438935875d2b9/6a6fdbd4/tos-cn-ve-51/oQpAmtAQmEdVMEnizEwMRrZqagIUaIX6ClWQO?a=1402&ch=0&cr=0&dr=3&cd=0%7C0%7C0%7C0&br=2071&bt=2071&cs=0&ds=3&ft=J9ThAGkHH_Myq8Z.ttR_e2NvjTQ&mime_type=video_mp4&qs=0&rc=NXZpTGRTaFBnKWxncmd5aHFsc3IxZGZkNTNnZjY5N2VoZDY8OGg7QGkzZGs7Om86azw8MzM0NjMzQFNsa3ZpcUQ6amtqXmJmK2BeaWpgYTojLi0xNS81YzYvMTVgMzY1MmEjZ2lkNGFhXmJkYS0tZDAwc3M%3D&btag=80000e00028000&dy_q=1785542783&feature_id=d6a18d7c5414b1f1e95a75faf9147845&l=20260801080622F7840132C3C96C033240&ply_type=3&policy=eyJ2bSI6MywidWlkIjoiMzEyOTY1MDYwMzg4ODE4NSJ9,未使用,审核通过,--,1,--,0,0,0,0,0,0,0,0,0,0,0,0,0,0,0
"	7665169525948530698",0721-引流-魏怡-9.mp4,https://video-cn.oceanengine.com/6e7cfd5768a1fb6e0bfd767dc23ae647/6a6fdb9d/tos-cn-ve-51/oQt9I8h2gngchDQCkAWlzZAQdwaUnRINXWmEz?a=1402&ch=0&cr=0&dr=3&cd=0%7C0%7C0%7C0&cv=1&br=1057&bt=1057&cs=0&ds=3&ft=J9ThAGkHH_Myq8Z.ttR_e2NvjTQ&mime_type=video_mp4&qs=0&rc=NXZpTGRTaFBnKWxncmd5aHFsc3IxZGY0ZGhmOTxoOGdkNDNmZGdoQGlqbXA6Om86azw8MzM0NjMzQFNsa3ZpcUQ6amtqXmJmK2BeaWpgYTojLTFhNGAxY19eMTBhNC41L2EjcjAuX2FhXmJkYS0tZDAvc3M%3D&btag=80000e00018000&dy_q=1785542783&feature_id=d6a18d7c5414b1f1e95a75faf9147845&l=20260801080622F7840132C3C96C033240&ply_type=3&policy=eyJ2bSI6MywidWlkIjoiMzEyOTY1MDYwMzg4ODE4NSJ9,未使用,审核通过,--,2,--,0,0,0,0,0,0,0,0,0,0,0,0,0,0,0
"	7665169497810206729",0721-引流-魏怡-10.mp4,https://video-cn.oceanengine.com/97869c1a4aa0ff6c73ddeaf2cef017cf/6a6fdb9b/tos-cn-ve-51/ow0GLCieSGT8eZ6gIQD2IeXLalwcUEAW1B4bAq?a=1402&ch=0&cr=0&dr=3&cd=0%7C0%7C0%7C0&br=1132&bt=1132&cs=0&ds=3&ft=J9ThAGkHH_Myq8Z.ttR_e2NvjTQ&mime_type=video_mp4&qs=0&rc=NXZpTGRTaFBnKWxncmd5aHFsc3IxZGY6PGk6OTY7OTtnOTRnOmg3QGlqeDhsbjlyazw8MzM0NjMzQFNsa3ZpcUQ6amtqXmJmK2BeaWpgYTojYC1iMi0tXjU0MV9fNV40YmEjX2xuczJkY2JkYS0tZDBhc3M%3D&btag=80000e00010000&dy_q=1785542783&feature_id=d6a18d7c5414b1f1e95a75faf9147845&l=20260801080622F7840132C3C96C033240&ply_type=3&policy=eyJ2bSI6MywidWlkIjoiMzEyOTY1MDYwMzg4ODE4NSJ9,未使用,审核通过,--,2,--,0,0,0,0,0,0,0,0,0,0,0,0,0,0,0
"	7665169474564046886",0721-引流-魏怡-4.mp4,https://video-cn.oceanengine.com/c7fc13c26e9488f28412f24cdda20be6/6a6fdb99/tos-cn-ve-51/oEWtQBAaQemhjuIilodIBIEI1tLLpaWhMg7QAA?a=1402&ch=0&cr=0&dr=3&cd=0%7C0%7C0%7C0&br=1258&bt=1258&cs=0&ds=3&ft=J9ThAGkHH_Myq8Z.ttR_e2NvjTQ&mime_type=video_mp4&qs=0&rc=NXZpTGRTaFBnKWxncmd5aHFsc3IxZGY6NzloNDM4OGk5PGc6NDM2QGkzZWo4aG86azw8MzM0NjMzQFNsa3ZpcUQ6amtqXmJmK2BeaWpgYTojNTZeYWNhYV8wMTE2MC0vNGEjMW4xZmFhXmJkYS0tZDAvc3M%3D&btag=80000e00010000&dy_q=1785542783&feature_id=d6a18d7c5414b1f1e95a75faf9147845&l=20260801080622F7840132C3C96C033240&ply_type=3&policy=eyJ2bSI6MywidWlkIjoiMzEyOTY1MDYwMzg4ODE4NSJ9,未使用,审核通过,--,1,--,0,0,0,0,0,0,0,0,0,0,0,0,0,0,0
"	7662213071909732378",713-引导-小敏-1.mp4,https://video-cn.oceanengine.com/071c089ef5275c3944977926a7b02099/6a6fdb8e/tos-cn-ve-51/8e4e32ecade2477ab9a62f0b9fedf25c?a=1402&ch=0&cr=0&dr=3&cd=0%7C0%7C0%7C0&cv=1&br=871&bt=871&cs=0&ds=3&ft=J9ThAGkHH_Myq8Z.ttR_e2NvjTQ&mime_type=video_mp4&qs=0&rc=NXZpTGRTaFBnKWxncmd5aHFsc3IxZGY2NWQ1M2g5ZTk0OTk0Z2hpQGlqNHFtZ2tvanQ8MzM0NjMzQFNsa3ZpcUQ6amtqXmJmK2BeaWpgYTojMmMwLy8yNDYvMS4zL15jNmEjX3M1ZnFnL2BeYS0tZDAvc3M%3D&btag=80000e00010000&dy_q=1785542783&feature_id=d6a18d7c5414b1f1e95a75faf9147845&l=20260801080622F7840132C3C96C033240&ply_type=3&policy=eyJ2bSI6MywidWlkIjoiMzEyOTY1MDYwMzg4ODE4NSJ9,已使用,审核通过,--,20,--,0,0,0,0,0,0,0,0,0,0,0,0,0,0,0
"	7664453217666121738",0718-引流-魏怡-5.mp4,https://video-cn.oceanengine.com/50804a7228d481ada9e33a6363cac2d8/6a6fdb86/tos-cn-ve-51/o8hZLgQYAfGJgups4aStEAA0g8eeifReQ7bFpo?a=1402&ch=0&cr=0&dr=3&cd=0%7C0%7C0%7C0&br=1733&bt=1733&cs=0&ds=3&ft=J9ThAGkHH_Myq8Z.ttR_e2NvjTQ&mime_type=video_mp4&qs=0&rc=NXZpTGRTaFBnKWxncmd5aHFsc3IxZGY7NTY6ZTM6OWc1ZTw7OGQ5QGkzaWp2bTlydW48MzM0NjMzQFNsa3ZpcUQ6amtqXmJmK2BeaWpgYTojX19gMDM2YzYwMTYwMzJiMWEjbl5yNjJkazJjYS0tZDBhc3M%3D&btag=80000e00008000&dy_q=1785542783&feature_id=d6a18d7c5414b1f1e95a75faf9147845&l=20260801080622F7840132C3C96C033240&ply_type=3&policy=eyJ2bSI6MywidWlkIjoiMzEyOTY1MDYwMzg4ODE4NSJ9,未使用,审核通过,--,1,--,0,0,0,0,0,0,0,0,0,0,0,0,0,0,0
"	7664453215853281289",0718瑞晨引流-9.mp4,https://video-cn.oceanengine.com/3b0415366a3562195c88df7cafe98e68/6a6fdb8e/tos-cn-ve-51/oYfwQLagII1Dty6FahoAmM4jxLi3Q6BFA7gETQ?a=1402&ch=0&cr=0&dr=3&cd=0%7C0%7C0%7C0&cv=1&br=807&bt=807&cs=0&ds=3&ft=J9ThAGkHH_Myq8Z.ttR_e2NvjTQ&mime_type=video_mp4&qs=0&rc=NXZpTGRTaFBnKWxncmd5aHFsc3IxZGY7NTs4aTo1O2g4aWk2aWU6QGkza2U5OG86dm48MzM0NjMzQFNsa3ZpcUQ6amtqXmJmK2BeaWpgYTojNC0uL19eY14zMTEzYTZeNWEjLm4tZ2FhXjJjYS0tZDAwc3M%3D&btag=80000e00010000&dy_q=1785542783&feature_id=d6a18d7c5414b1f1e95a75faf9147845&l=20260801080622F7840132C3C96C033240&ply_type=3&policy=eyJ2bSI6MywidWlkIjoiMzEyOTY1MDYwMzg4ODE4NSJ9,未使用,审核通过,首发,5,--,0,0,0,0,0,0,0,0,0,0,0,0,0,0,0
"	7664453214905253939",0718瑞晨引流-10.mp4,https://video-cn.oceanengine.com/1e11cf0964e9dda672b40228a991cbe6/6a6fdb8e/tos-cn-ve-51/oAvD7AAtJQMEimgQBcBLhFI636Q4aogAhxN1if?a=1402&ch=0&cr=0&dr=3&cd=0%7C0%7C0%7C0&br=823&bt=823&cs=0&ds=3&ft=J9ThAGkHH_Myq8Z.ttR_e2NvjTQ&mime_type=video_mp4&qs=0&rc=NXZpTGRTaFBnKWxncmd5aHFsc3IxZGY2Z2k4aWU1OzY0Zjk8ODhkQGlqanhmNW86dm48MzM0NjMzQFNsa3ZpcUQ6amtqXmJmK2BeaWpgYTojMzIvLy4tYl4vMTQzNmE2LmEjcjZeLWFhXjJjYS0tZDAvc3M%3D&btag=80000e00010000&dy_q=1785542783&feature_id=d6a18d7c5414b1f1e95a75faf9147845&l=20260801080622F7840132C3C96C033240&ply_type=3&policy=eyJ2bSI6MywidWlkIjoiMzEyOTY1MDYwMzg4ODE4NSJ9,未使用,审核通过,--,1,--,0,0,0,0,0,0,0,0,0,0,0,0,0,0,0
"	7664453202381930523",0718瑞晨引流-22.mp4,https://video-cn.oceanengine.com/d07578d0811bd47d6f602380998f9813/6a6fdb94/tos-cn-ve-51/oUxfm1DqLiJ7BQtmgAIgqBFI4itQitQagBmAm6?a=1402&ch=0&cr=0&dr=3&cd=0%7C0%7C0%7C0&br=657&bt=657&cs=0&ds=3&ft=J9ThAGkHH_Myq8Z.ttR_e2NvjTQ&mime_type=video_mp4&qs=0&rc=NXZpTGRTaFBnKWxncmd5aHFsc3IxZGZoOjM2ODs5ZGY0NjkzNmhoQGlqbzdrM286dm48MzM0NjMzQFNsa3ZpcUQ6amtqXmJmK2BeaWpgYTojMTJhYjAxY182MTIuMzYwY2EjNi4zbmFhLzJjYS0tZDBhc3M%3D&btag=80000e00010000&dy_q=1785542783&feature_id=d6a18d7c5414b1f1e95a75faf9147845&l=20260801080622F7840132C3C96C033240&ply_type=3&policy=eyJ2bSI6MywidWlkIjoiMzEyOTY1MDYwMzg4ODE4NSJ9,未使用,审核通过,首发,5,--,0,0,0,0,0,0,0,0,0,0,0,0,0,0,0
"	7664453199747170313",0718-引流-魏怡-1.mp4,https://video-cn.oceanengine.com/ce043c5a8d69a02f8f6d742fac1ad994/6a6fdba2/tos-cn-ve-51/okfqknNSDrDXnfaEYQFLuQbyAIKTIgB40NgCnA?a=1402&ch=0&cr=0&dr=3&cd=0%7C0%7C0%7C0&br=1210&bt=1210&cs=0&ds=3&ft=J9ThAGkHH_Myq8Z.ttR_e2NvjTQ&mime_type=video_mp4&qs=0&rc=NXZpTGRTaFBnKWxncmd5aHFsc3IxZGZoPGRoOWg2PGU8NzpmOzw2QGkzOWl0djlydW48MzM0NjMzQFNsa3ZpcUQ6amtqXmJmK2BeaWpgYTojXzEtYDYtLjU0MTAzLzQ2LmEjZjRiNjJkazJjYS0tZDAvc3M%3D&btag=80000e00018000&dy_q=1785542783&feature_id=d6a18d7c5414b1f1e95a75faf9147845&l=20260801080622F7840132C3C96C033240&ply_type=3&policy=eyJ2bSI6MywidWlkIjoiMzEyOTY1MDYwMzg4ODE4NSJ9,未使用,审核通过,--,1,--,0,0,0,0,0,0,0,0,0,0,0,0,0,0,0
"	7664453198800781338",0718瑞晨引流-2.mp4,https://video-cn.oceanengine.com/6638c59935ab8089a3fd2b1f06fc3f4f/6a6fdb8e/tos-cn-ve-51/ocFSph1xgaALRLBX8A2DxhDGAn0eRNPeqMi1gG?a=1402&ch=0&cr=0&dr=3&cd=0%7C0%7C0%7C0&br=872&bt=872&cs=0&ds=3&ft=J9ThAGkHH_Myq8Z.ttR_e2NvjTQ&mime_type=video_mp4&qs=0&rc=NXZpTGRTaFBnKWxncmd5aHFsc3IxZGY7PDY3NGVmZjVpOWc0Ojw7QGlqNGluPG86dm48MzM0NjMzQFNsa3ZpcUQ6amtqXmJmK2BeaWpgYTojMDVeLjYyMDY1MTEzLi8yM2EjazZsbGFhXjJjYS0tZDAwc3M%3D&btag=80000e00010000&dy_q=1785542783&feature_id=d6a18d7c5414b1f1e95a75faf9147845&l=20260801080622F7840132C3C96C033240&ply_type=3&policy=eyJ2bSI6MywidWlkIjoiMzEyOTY1MDYwMzg4ODE4NSJ9,未使用,审核通过,--,1,--,0,0,0,0,0,0,0,0,0,0,0,0,0,0,0
"	7664453189787893811",0718瑞晨引流-23.mp4,https://video-cn.oceanengine.com/92c2d358185d6327cf646ce347b4ac3b/6a6fdb8c/tos-cn-ve-51/oUaLxFTqXAwhAZwg2Ge0KNQBD1fRIxm8DmUgQ1?a=1402&ch=0&cr=0&dr=3&cd=0%7C0%7C0%7C0&br=1797&bt=1797&cs=0&ds=3&ft=J9ThAGkHH_Myq8Z.ttR_e2NvjTQ&mime_type=video_mp4&qs=0&rc=NXZpTGRTaFBnKWxncmd5aHFsc3IxZGY4OzdpZjdlMzhoNzZkOmhpQGkzZmd1NG86dm48MzM0NjMzQFNsa3ZpcUQ6amtqXmJmK2BeaWpgYTojLi1jXl5eNTYyMTI1NjFfLmEjaS5uaGFhLzJjYS0tZDAwc3M%3D&btag=80000e00008000&dy_q=1785542783&feature_id=d6a18d7c5414b1f1e95a75faf9147845&l=20260801080622F7840132C3C96C033240&ply_type=3&policy=eyJ2bSI6MywidWlkIjoiMzEyOTY1MDYwMzg4ODE4NSJ9,未使用,审核通过,--,2,--,0,0,0,0,0,0,0,0,0,0,0,0,0,0,0
"	7664453188856315955",0718瑞晨引流-7.mp4,https://video-cn.oceanengine.com/14074b917afdc363c36a954f4cc8d114/6a6fdb8e/tos-cn-ve-51/o4DgkF1bgQmg74QBt6AioQIafQNmLNGA4Qo8xU?a=1402&ch=0&cr=0&dr=3&cd=0%7C0%7C0%7C0&br=827&bt=827&cs=0&ds=3&ft=J9ThAGkHH_Myq8Z.ttR_e2NvjTQ&mime_type=video_mp4&qs=0&rc=NXZpTGRTaFBnKWxncmd5aHFsc3IxZGZnOTQ4ZDlnOGY3aDc5NDQ7QGkzajs2ZG86dm48MzM0NjMzQFNsa3ZpcUQ6amtqXmJmK2BeaWpgYTojNGE1NDUtNDZeMV40X2ItX2EjYjNiMWFhXjJjYS0tZDBhc3M%3D&btag=80000e00010000&dy_q=1785542783&feature_id=d6a18d7c5414b1f1e95a75faf9147845&l=20260801080622F7840132C3C96C033240&ply_type=3&policy=eyJ2bSI6MywidWlkIjoiMzEyOTY1MDYwMzg4ODE4NSJ9,未使用,审核通过,--,1,--,0,0,0,0,0,0,0,0,0,0,0,0,0,0,0
"	7664453184022609929",0718瑞晨引流-6.mp4,https://video-cn.oceanengine.com/922eb164d8f944a904a8b44450273340/6a6fdb8e/tos-cn-ve-51/oYCFuXEIQAgqujXfvQFCf96V4xL7kDADDB0Ng5?a=1402&ch=0&cr=0&dr=3&cd=0%7C0%7C0%7C0&br=539&bt=539&cs=0&ds=3&ft=J9ThAGkHH_Myq8Z.ttR_e2NvjTQ&mime_type=video_mp4&qs=0&rc=NXZpTGRTaFBnKWxncmd5aHFsc3IxZGY0aDY4Nzc6ZTY5O2QzM2Q1QGkzcXB3djlydW48MzM0NjMzQFNsa3ZpcUQ6amtqXmJmK2BeaWpgYTojLi41YmMtMDUyMS4wM2EyL2EjYmlzZDJkazJjYS0tZDAvc3M%3D&btag=80000e00010000&dy_q=1785542783&feature_id=d6a18d7c5414b1f1e95a75faf9147845&l=20260801080622F7840132C3C96C033240&ply_type=3&policy=eyJ2bSI6MywidWlkIjoiMzEyOTY1MDYwMzg4ODE4NSJ9,未使用,审核通过,--,1,--,0,0,0,0,0,0,0,0,0,0,0,0,0,0,0
"	7664453177211928622",0718瑞晨引流-1.mp4,https://video-cn.oceanengine.com/012bd328b57841705f9731face86af46/6a6fdb8e/tos-cn-ve-51/oQ4xfAA00NgZ9EIqyXFfABgBpQ0oL4QQNCDmDu?a=1402&ch=0&cr=0&dr=3&cd=0%7C0%7C0%7C0&br=679&bt=679&cs=0&ds=3&ft=J9ThAGkHH_Myq8Z.ttR_e2NvjTQ&mime_type=video_mp4&qs=0&rc=NXZpTGRTaFBnKWxncmd5aHFsc3IxZGZpNjRmZDpoPGk0ZmQ2aDRlQGkzbnQ6bTlydW48MzM0NjMzQFNsa3ZpcUQ6amtqXmJmK2BeaWpgYTojNjU0Y2JfLV80MWIyLjReLmEjci0wMTJkazJjYS0tZDBhc3M%3D&btag=80000e00010000&dy_q=1785542783&feature_id=d6a18d7c5414b1f1e95a75faf9147845&l=20260801080622F7840132C3C96C033240&ply_type=3&policy=eyJ2bSI6MywidWlkIjoiMzEyOTY1MDYwMzg4ODE4NSJ9,未使用,审核通过,--,1,--,0,0,0,0,0,0,0,0,0,0,0,0,0,0,0
"	7664453168408379442",0718瑞晨引流-14.mp4,https://video-cn.oceanengine.com/613e66ac0947ad8192ada04273b2f29d/6a6fdb8c/tos-cn-ve-51/oUEEgovDaAa1twgB4f7Q6rQxLAhIUoDQZvm5FA?a=1402&ch=0&cr=0&dr=3&cd=0%7C0%7C0%7C0&br=1439&bt=1439&cs=0&ds=3&ft=J9ThAGkHH_Myq8Z.ttR_e2NvjTQ&mime_type=video_mp4&qs=0&rc=NXZpTGRTaFBnKWxncmd5aHFsc3IxZGYzNTk6OTk6aDZmODc3O2g5QGkzcTMzZm86dm48MzM0NjMzQFNsa3ZpcUQ6amtqXmJmK2BeaWpgYTojNDAzNC0wNTUxMWE1XjBiNWEjbjBiaWFhXjJjYS0tZDAvc3M%3D&btag=80000e00008000&dy_q=1785542783&feature_id=d6a18d7c5414b1f1e95a75faf9147845&l=20260801080622F7840132C3C96C033240&ply_type=3&policy=eyJ2bSI6MywidWlkIjoiMzEyOTY1MDYwMzg4ODE4NSJ9,未使用,审核通过,--,1,--,0,0,0,0,0,0,0,0,0,0,0,0,0,0,0
"	7664453166962409510",0718瑞晨引流-5.mp4,https://video-cn.oceanengine.com/d256fd09a5220541877cdeebca1ef3ac/6a6fdb8e/tos-cn-ve-51/oUfCtBA0xQk4KbgAfYGvgXIoWOQgqjsCGxtUcf?a=1402&ch=0&cr=0&dr=3&cd=0%7C0%7C0%7C0&br=660&bt=660&cs=0&ds=3&ft=J9ThAGkHH_Myq8Z.ttR_e2NvjTQ&mime_type=video_mp4&qs=0&rc=NXZpTGRTaFBnKWxncmd5aHFsc3IxZGY5Z2Q5ZzRmOGQ5O2dkZzU1QGlqanl3Om86dm48MzM0NjMzQFNsa3ZpcUQ6amtqXmJmK2BeaWpgYTojNTNgMjA0LjZeMTE2YmEvLmEjMGVtMGFhLzJjYS0tZDAwc3M%3D&btag=80000e00010000&dy_q=1785542783&feature_id=d6a18d7c5414b1f1e95a75faf9147845&l=20260801080622F7840132C3C96C033240&ply_type=3&policy=eyJ2bSI6MywidWlkIjoiMzEyOTY1MDYwMzg4ODE4NSJ9,未使用,审核通过,--,1,--,0,0,0,0,0,0,0,0,0,0,0,0,0,0,0
"	7664453162750050314",0718瑞晨引流-3.mp4,https://video-cn.oceanengine.com/e04fde61e71600fbc6d7d0b8cd3044ce/6a6fdb8e/tos-cn-ve-51/o00qBf9DEwxFgiQAmgxQXoOoNL3nDAguDfaIDN?a=1402&ch=0&cr=0&dr=3&cd=0%7C0%7C0%7C0&br=935&bt=935&cs=0&ds=3&ft=J9ThAGkHH_Myq8Z.ttR_e2NvjTQ&mime_type=video_mp4&qs=0&rc=NXZpTGRTaFBnKWxncmd5aHFsc3IxZGY2PDU5Nzs7Zjs0aTo3NjtkQGkzNGlwcTlydm48MzM0NjMzQFNsa3ZpcUQ6amtqXmJmK2BeaWpgYTojLmNfNjIxXzUtMS4uLy1gLmEjbi1yMDJkNDJjYS0tZDBhc3M%3D&btag=80000e00010000&dy_q=1785542783&feature_id=d6a18d7c5414b1f1e95a75faf9147845&l=20260801080622F7840132C3C96C033240&ply_type=3&policy=eyJ2bSI6MywidWlkIjoiMzEyOTY1MDYwMzg4ODE4NSJ9,未使用,审核通过,--,1,--,0,0,0,0,0,0,0,0,0,0,0,0,0,0,0
"	7664453156412391433",0718瑞晨引流-17.mp4,https://video-cn.oceanengine.com/a044e1c0e678d4445338f52daada8b6f/6a6fdb8c/tos-cn-ve-51/oUAWBGjUEtgALbyRXoejC1hvVqeVeogshkFBVA?a=1402&ch=0&cr=0&dr=3&cd=0%7C0%7C0%7C0&br=1717&bt=1717&cs=0&ds=3&ft=J9ThAGkHH_Myq8Z.ttR_e2NvjTQ&mime_type=video_mp4&qs=0&rc=NXZpTGRTaFBnKWxncmd5aHFsc3IxZGY0Z2c2PDdpNDk7OGg5ZWllQGkzcjRzZ286dm48MzM0NjMzQFNsa3ZpcUQ6amtqXmJmK2BeaWpgYTojMDFhLS5hYjU2MWNhMjYyLWEjYS9eZ2FhLzJjYS0tZDAvc3M%3D&btag=80000e00008000&dy_q=1785542783&feature_id=d6a18d7c5414b1f1e95a75faf9147845&l=20260801080622F7840132C3C96C033240&ply_type=3&policy=eyJ2bSI6MywidWlkIjoiMzEyOTY1MDYwMzg4ODE4NSJ9,未使用,审核通过,--,1,--,0,0,0,0,0,0,0,0,0,0,0,0,0,0,0
"	7664453148363964467",0718瑞晨引流-4.mp4,https://video-cn.oceanengine.com/207ac11ce2a18630085c262b11521b8e/6a6fdb8e/tos-cn-ve-51/ogBCAQtXTFaD7D0gQqED8xfmIDjsgL9wACfxqN?a=1402&ch=0&cr=0&dr=3&cd=0%7C0%7C0%7C0&br=786&bt=786&cs=0&ds=3&ft=J9ThAGkHH_Myq8Z.ttR_e2NvjTQ&mime_type=video_mp4&qs=0&rc=NXZpTGRTaFBnKWxncmd5aHFsc3IxZGZmNjgzZzs1NmlnPDo0aWc7QGlqcHV4eDlydm48MzM0NjMzQFNsa3ZpcUQ6amtqXmJmK2BeaWpgYTojM2MyNTYtLl8yMS0vNTYtY2EjbV4wYjJkYzJjYS0tZDAvc3M%3D&btag=80000e00010000&dy_q=1785542783&feature_id=d6a18d7c5414b1f1e95a75faf9147845&l=20260801080622F7840132C3C96C033240&ply_type=3&policy=eyJ2bSI6MywidWlkIjoiMzEyOTY1MDYwMzg4ODE4NSJ9,未使用,审核通过,--,1,--,0,0,0,0,0,0,0,0,0,0,0,0,0,0,0
"	7664453147700690954",0718瑞晨引流-18.mp4,https://video-cn.oceanengine.com/288776f6a6f6e9c6a8172961d038eeb1/6a6fdb89/tos-cn-ve-51/oEeD2AAa3Q7v6NggqUDX7LI0D4Qv1RbBDxWqyf?a=1402&ch=0&cr=0&dr=3&cd=0%7C0%7C0%7C0&cv=1&br=1546&bt=1546&cs=0&ds=3&ft=J9ThAGkHH_Myq8Z.ttR_e2NvjTQ&mime_type=video_mp4&qs=0&rc=NXZpTGRTaFBnKWxncmd5aHFsc3IxZGY1OjxkaGZkNmc1Ojc4N2Q4QGkzd3dlZW86dW48MzM0NjMzQFNsa3ZpcUQ6amtqXmJmK2BeaWpgYTojXzMyMzA0MDViMTAuYDUxL2EjcmsycWFhbjJjYS0tZDAwc3M%3D&btag=80000e00008000&dy_q=1785542783&feature_id=d6a18d7c5414b1f1e95a75faf9147845&l=20260801080622F7840132C3C96C033240&ply_type=3&policy=eyJ2bSI6MywidWlkIjoiMzEyOTY1MDYwMzg4ODE4NSJ9,未使用,审核通过,--,1,--,0,0,0,0,0,0,0,0,0,0,0,0,0,0,0
"	7664453132443090982",0718瑞晨引流-12.mp4,https://video-cn.oceanengine.com/03dc52f70b6dba83b1b3ad63c23557ec/6a6fdb88/tos-cn-ve-51/ocFqUJLcCATkgNFJgQFqXQNDufa2Vx0EADBqfI?a=1402&ch=0&cr=0&dr=3&cd=0%7C0%7C0%7C0&br=995&bt=995&cs=0&ds=3&ft=J9ThAGkHH_Myq8Z.ttR_e2NvjTQ&mime_type=video_mp4&qs=0&rc=NXZpTGRTaFBnKWxncmd5aHFsc3IxZGYzODU8ZThoZjVpNTs7aTw0QGlqdXJlbDlydW48MzM0NjMzQFNsa3ZpcUQ6amtqXmJmK2BeaWpgYTojYzFfYDMzXzUwMTM0NDU1YmEjXmk2LjJkazJjYS0tZDBhc3M%3D&btag=80000e00008000&dy_q=1785542783&feature_id=d6a18d7c5414b1f1e95a75faf9147845&l=20260801080622F7840132C3C96C033240&ply_type=3&policy=eyJ2bSI6MywidWlkIjoiMzEyOTY1MDYwMzg4ODE4NSJ9,未使用,审核通过,--,1,--,0,0,0,0,0,0,0,0,0,0,0,0,0,0,0
"	7664453130478288942",0718-引流-魏怡-3.mp4,https://video-cn.oceanengine.com/ab29ddff7140b893de8839cd1e783ea2/6a6fdb85/tos-cn-ve-51/oIDzQuQgCZAaE20Q6SN9SXR14L1TABpIfUxqKf?a=1402&ch=0&cr=0&dr=3&cd=0%7C0%7C0%7C0&cv=1&br=846&bt=846&cs=0&ds=3&ft=J9ThAGkHH_Myq8Z.ttR_e2NvjTQ&mime_type=video_mp4&qs=0&rc=NXZpTGRTaFBnKWxncmd5aHFsc3IxZGZlMzw8NTQ1NDRnNDc6PDRlQGkzeG1lN286dW48MzM0NjMzQFNsa3ZpcUQ6amtqXmJmK2BeaWpgYTojYS1eXzIxMV9eMTNgMjAuLmEjZXNfZWFhZjJjYS0tZDAvc3M%3D&btag=80000e00008000&dy_q=1785542783&feature_id=d6a18d7c5414b1f1e95a75faf9147845&l=20260801080622F7840132C3C96C033240&ply_type=3&policy=eyJ2bSI6MywidWlkIjoiMzEyOTY1MDYwMzg4ODE4NSJ9,未使用,审核通过,--,1,--,0,0,0,0,0,0,0,0,0,0,0,0,0,0,0
"	7664453113454542899",0718瑞晨引流-16.mp4,https://video-cn.oceanengine.com/6e79104b092de606901831224b44e75a/6a6fdb88/tos-cn-ve-51/oARqQhNCDu1Xxfs2TQaLuQsxAqCPIgBs0egNVA?a=1402&ch=0&cr=0&dr=3&cd=0%7C0%7C0%7C0&br=1159&bt=1159&cs=0&ds=3&ft=J9ThAGkHH_Myq8Z.ttR_e2NvjTQ&mime_type=video_mp4&qs=0&rc=NXZpTGRTaFBnKWxncmd5aHFsc3IxZGY0aGRkOGZnODk6Ojs3NmQzQGlqeWtuZW86dW48MzM0NjMzQFNsa3ZpcUQ6amtqXmJmK2BeaWpgYTojLWNeLS4yL18yMTJhNTI2Y2EjXmRzL2FhZjJjYS0tZDBhc3M%3D&btag=80000e00008000&dy_q=1785542783&feature_id=d6a18d7c5414b1f1e95a75faf9147845&l=20260801080622F7840132C3C96C033240&ply_type=3&policy=eyJ2bSI6MywidWlkIjoiMzEyOTY1MDYwMzg4ODE4NSJ9,未使用,审核通过,首发,2,--,0,0,0,0,0,0,0,0,0,0,0,0,0,0,0
"	7664453110226223150",0718瑞晨引流-19.mp4,https://video-cn.oceanengine.com/c4a24788c76d97396b260aa0f0685a13/6a6fdb94/tos-cn-ve-51/osDDgje5qBKU0tcGcftQowQyvCaIySfASibVXA?a=1402&ch=0&cr=0&dr=3&cd=0%7C0%7C0%7C0&cv=1&br=693&bt=693&cs=0&ds=3&ft=J9ThAGkHH_Myq8Z.ttR_e2NvjTQ&mime_type=video_mp4&qs=0&rc=NXZpTGRTaFBnKWxncmd5aHFsc3IxZGZmZTk2O2Q2NjgzNzk4ZDU0QGlqeWg4NW86dW48MzM0NjMzQFNsa3ZpcUQ6amtqXmJmK2BeaWpgYTojNDM2LmAyYV80MTIwMjFfYGEjMWNtX2FhZjJjYS0tZDBhc3M%3D&btag=80000e00010000&dy_q=1785542783&feature_id=d6a18d7c5414b1f1e95a75faf9147845&l=20260801080622F7840132C3C96C033240&ply_type=3&policy=eyJ2bSI6MywidWlkIjoiMzEyOTY1MDYwMzg4ODE4NSJ9,未使用,审核通过,首发,3,--,0,0,0,0,0,0,0,0,0,0,0,0,0,0,0
"	7664453108551434249",0718瑞晨引流-13.mp4,https://video-cn.oceanengine.com/bfaee88058983d3b40c382dde84fc6bd/6a6fdb88/tos-cn-ve-51/oAquDcfKuBmQ0AaNIAvI2xVgDXDjg7RKMLQ12e?a=1402&ch=0&cr=0&dr=3&cd=0%7C0%7C0%7C0&br=1605&bt=1605&cs=0&ds=3&ft=J9ThAGkHH_Myq8Z.ttR_e2NvjTQ&mime_type=video_mp4&qs=0&rc=NXZpTGRTaFBnKWxncmd5aHFsc3IxZGY1OzVoOjdpaGZpNGY4OGlkQGlqczZlNW86dW48MzM0NjMzQFNsa3ZpcUQ6amtqXmJmK2BeaWpgYTojMzBjX2BeYDYyMV8xNTBiNGEja2thLmFhZjJjYS0tZDAwc3M%3D&btag=80000e00008000&dy_q=1785542783&feature_id=d6a18d7c5414b1f1e95a75faf9147845&l=20260801080622F7840132C3C96C033240&ply_type=3&policy=eyJ2bSI6MywidWlkIjoiMzEyOTY1MDYwMzg4ODE4NSJ9,未使用,审核通过,首发,3,--,0,0,0,0,0,0,0,0,0,0,0,0,0,0,0
"	7664453104100622363",0718-引流-魏怡-2.mp4,https://video-cn.oceanengine.com/3ea5682ce05d6c6a288c5d62a4ec3078/6a6fdba2/tos-cn-ve-51/oMDL9uQgCHAa820QKLNe9XRYAL1cABKI9gyqWf?a=1402&ch=0&cr=0&dr=3&cd=0%7C0%7C0%7C0&br=1160&bt=1160&cs=0&ds=3&ft=J9ThAGkHH_Myq8Z.ttR_e2NvjTQ&mime_type=video_mp4&qs=0&rc=NXZpTGRTaFBnKWxncmd5aHFsc3IxZGY4ODgzNDM1PDY4NWY4ZDU4QGkzeWVzaW86dW48MzM0NjMzQFNsa3ZpcUQ6amtqXmJmK2BeaWpgYTojMzUvNmEzLjUzMS5jMF4wLWEjY3JkXmFhZjJjYS0tZDAvc3M%3D&btag=80000e00018000&dy_q=1785542783&feature_id=d6a18d7c5414b1f1e95a75faf9147845&l=20260801080622F7840132C3C96C033240&ply_type=3&policy=eyJ2bSI6MywidWlkIjoiMzEyOTY1MDYwMzg4ODE4NSJ9,未使用,审核通过,--,1,--,0,0,0,0,0,0,0,0,0,0,0,0,0,0,0
"	7664453100346900507",0718瑞晨引流-8.mp4,https://video-cn.oceanengine.com/1ffb1400ca4d015f2d0a59891867b76f/6a6fdb8e/tos-cn-ve-51/osiDAXxCiRA0KGv1AehLeRA34g2SKB1Fqg0N8a?a=1402&ch=0&cr=0&dr=3&cd=0%7C0%7C0%7C0&cv=1&br=893&bt=893&cs=0&ds=3&ft=J9ThAGkHH_Myq8Z.ttR_e2NvjTQ&mime_type=video_mp4&qs=0&rc=NXZpTGRTaFBnKWxncmd5aHFsc3IxZGY7M2c4PGg0ODs2aGZoOmg5QGkzNW5lN286dm48MzM0NjMzQFNsa3ZpcUQ6amtqXmJmK2BeaWpgYTojXl9jYjYwMF81MV4tMC9eYmEjay1fZWFhXjJjYS0tZDAvc3M%3D&btag=80000e00010000&dy_q=1785542783&feature_id=d6a18d7c5414b1f1e95a75faf9147845&l=20260801080622F7840132C3C96C033240&ply_type=3&policy=eyJ2bSI6MywidWlkIjoiMzEyOTY1MDYwMzg4ODE4NSJ9,未使用,审核通过,--,1,--,0,0,0,0,0,0,0,0,0,0,0,0,0,0,0
"	7664453092843044890",0718瑞晨引流-11.mp4,https://video-cn.oceanengine.com/8f947acccbec429ece545bb80c183a84/6a6fdb88/tos-cn-ve-51/o0oFQhm43aAxQZCTw6tDgm1gaByQmAGLI4Ixf7?a=1402&ch=0&cr=0&dr=3&cd=0%7C0%7C0%7C0&cv=1&br=1189&bt=1189&cs=0&ds=3&ft=J9ThAGkHH_Myq8Z.ttR_e2NvjTQ&mime_type=video_mp4&qs=0&rc=NXZpTGRTaFBnKWxncmd5aHFsc3IxZGY3Nzs2PDozOGY1Zzk0NGRlQGlqbWs2NG86dW48MzM0NjMzQFNsa3ZpcUQ6amtqXmJmK2BeaWpgYTojX2JiYi8zYF5iMTEzMTBfNGEjNmY0cmFhZjJjYS0tZDAwc3M%3D&btag=80000e00008000&dy_q=1785542783&feature_id=d6a18d7c5414b1f1e95a75faf9147845&l=20260801080622F7840132C3C96C033240&ply_type=3&policy=eyJ2bSI6MywidWlkIjoiMzEyOTY1MDYwMzg4ODE4NSJ9,未使用,审核通过,--,1,--,0,0,0,0,0,0,0,0,0,0,0,0,0,0,0
"	7663059465547153434",0716-引导-雅迪-1.mp4,https://video-cn.oceanengine.com/4f370e09fdfbe99182ffef2213cee3e5/6a6fdb91/tos-cn-ve-51/oAAI5hDaiOlvqIIyAoEzaYdQtiaKK1pQWFUgd?a=1402&ch=0&cr=0&dr=3&cd=0%7C0%7C0%7C0&cv=1&br=1541&bt=1541&cs=0&ds=3&ft=J9ThAGkHH_Myq8Z.ttR_e2NvjTQ&mime_type=video_mp4&qs=0&rc=NXZpTGRTaFBnKWxncmd5aHFsc3IxZGZoM2g6NzpoO2hnOTRlNjk4QGlqPHRsaW86OGQ8MzM0NjMzQFNsa3ZpcUQ6amtqXmJmK2BeaWpgYTojNDRjLTZfYTUvMTJeNDQvMGEjbjJlYmFhXmRgYS0tZDAvc3M%3D&btag=80000e00010000&dy_q=1785542783&feature_id=d6a18d7c5414b1f1e95a75faf9147845&l=20260801080622F7840132C3C96C033240&ply_type=3&policy=eyJ2bSI6MywidWlkIjoiMzEyOTY1MDYwMzg4ODE4NSJ9,已使用,审核通过,--,9,--,0,0,0,0,0,0,0,0,0,0,0,0,0,0,0
"	7663059461246320667",0716-引导-嘉丽-1.mp4,https://video-cn.oceanengine.com/bf59a98c5c630269d5e55dabeb85d3cc/6a6fdb8b/tos-cn-ve-51/oshALgTAVFQassFIQBcmEHIQBggtYq71QIsEf3?a=1402&ch=0&cr=0&dr=3&cd=0%7C0%7C0%7C0&br=984&bt=984&cs=0&ds=3&ft=J9ThAGkHH_Myq8Z.ttR_e2NvjTQ&mime_type=video_mp4&qs=0&rc=NXZpTGRTaFBnKWxncmd5aHFsc3IxZGY4OjYzOTxmaTM4aGlnODVkQGkzMzQ1NW86NmQ8MzM0NjMzQFNsa3ZpcUQ6amtqXmJmK2BeaWpgYTojYGM2NDViMzZeMTUxL18wMGEjanNhb2FhZmRgYS0tZDAwc3M%3D&btag=80000e00008000&dy_q=1785542783&feature_id=d6a18d7c5414b1f1e95a75faf9147845&l=20260801080622F7840132C3C96C033240&ply_type=3&policy=eyJ2bSI6MywidWlkIjoiMzEyOTY1MDYwMzg4ODE4NSJ9,已使用,审核通过,--,4,--,0,0,0,0,0,0,0,0,0,0,0,0,0,0,0
"	7663055903798247474",0716-引流瑞晨-1.mp4,https://video-cn.oceanengine.com/b01cf52729863339643a60b6ad4cfee4/6a6fdb8e/tos-cn-ve-51/oIKNBlgAQrjIYAkdC9GaWRgzzkqjIJliptEGQ?a=1402&ch=0&cr=0&dr=3&cd=0%7C0%7C0%7C0&br=565&bt=565&cs=0&ds=3&ft=J9ThAGkHH_Myq8Z.ttR_e2NvjTQ&mime_type=video_mp4&qs=0&rc=NXZpTGRTaFBnKWxncmd5aHFsc3IxZGY7ZzgzNjdoNjk5OzNmMzxpQGkzOGQ0Nm86bWQ8MzM0NjMzQFNsa3ZpcUQ6amtqXmJmK2BeaWpgYTojMmNgYmAuXzU0MWAyLzZhXmEjMmlkZGFhZjZgYS0tZDAvc3M%3D&btag=80000e00010000&dy_q=1785542783&feature_id=d6a18d7c5414b1f1e95a75faf9147845&l=20260801080622F7840132C3C96C033240&ply_type=3&policy=eyJ2bSI6MywidWlkIjoiMzEyOTY1MDYwMzg4ODE4NSJ9,未使用,审核通过,--,6,--,0,0,0,0,0,0,0,0,0,0,0,0,0,0,0
"	7663055863406313499",0716-引流瑞晨-2.mp4,https://video-cn.oceanengine.com/dd7933e1ece5557621e62d421a3a4958/6a6fdb8e/tos-cn-ve-51/o07OYAQxKNQZZEEq9WFfABgJmpSnT3IfNBDoDO?a=1402&ch=0&cr=0&dr=3&cd=0%7C0%7C0%7C0&br=836&bt=836&cs=0&ds=3&ft=J9ThAGkHH_Myq8Z.ttR_e2NvjTQ&mime_type=video_mp4&qs=0&rc=NXZpTGRTaFBnKWxncmd5aHFsc3IxZGZlZTM0PGc0NDRmMzszMzZmQGlqOTh4bjlybWQ8MzM0NjMzQFNsa3ZpcUQ6amtqXmJmK2BeaWpgYTojXl81NmNiNjYyMTIzNC8uNGEjby5vYzJkazZgYS0tZDBhc3M%3D&btag=80000e00010000&dy_q=1785542783&feature_id=d6a18d7c5414b1f1e95a75faf9147845&l=20260801080622F7840132C3C96C033240&ply_type=3&policy=eyJ2bSI6MywidWlkIjoiMzEyOTY1MDYwMzg4ODE4NSJ9,未使用,审核通过,--,1,--,0,0,0,0,0,0,0,0,0,0,0,0,0,0,0
"	7663055838699651123",0716-引流瑞晨-9.mp4,https://video-cn.oceanengine.com/a33437a67da25f0614c238c445874caa/6a6fdb8c/tos-cn-ve-51/oYzkQdpOiAOlYskjdEIQXvaptzICKgdSmWvAi?a=1402&ch=0&cr=0&dr=3&cd=0%7C0%7C0%7C0&cv=1&br=1659&bt=1659&cs=0&ds=3&ft=J9ThAGkHH_Myq8Z.ttR_e2NvjTQ&mime_type=video_mp4&qs=0&rc=NXZpTGRTaFBnKWxncmd5aHFsc3IxZGY5Ozg3OjxoODtnZ2k6ZzQ3QGlqZnNsaW86bWQ8MzM0NjMzQFNsa3ZpcUQ6amtqXmJmK2BeaWpgYTojMC8wMC5fYjU2MWNfMGI1M2EjaDJlYmFhZjZgYS0tZDAvc3M%3D&btag=80000e00008000&dy_q=1785542783&feature_id=d6a18d7c5414b1f1e95a75faf9147845&l=20260801080622F7840132C3C96C033240&ply_type=3&policy=eyJ2bSI6MywidWlkIjoiMzEyOTY1MDYwMzg4ODE4NSJ9,未使用,审核通过,--,6,--,0,0,0,0,0,0,0,0,0,0,0,0,0,0,0
"	7663055827772031002",0716-引流瑞晨-5.mp4,https://video-cn.oceanengine.com/7cf34957cfc0e24c7ef91b4c5768d12b/6a6fdb8e/tos-cn-ve-51/oIJLaIKnB7DhEOpI7Q1QtAeYIamFAHD8BgBBZW?a=1402&ch=0&cr=0&dr=3&cd=0%7C0%7C0%7C0&br=571&bt=571&cs=0&ds=3&ft=J9ThAGkHH_Myq8Z.ttR_e2NvjTQ&mime_type=video_mp4&qs=0&rc=NXZpTGRTaFBnKWxncmd5aHFsc3IxZGY0aGU8PGZkOTY8OTMzNTxoQGkzOzd5OG86bWQ8MzM0NjMzQFNsa3ZpcUQ6amtqXmJmK2BeaWpgYTojNjUuNDAzXjVfMV5jMzA0YmEjcjNnYmFhZjZgYS0tZDAwc3M%3D&btag=80000e00010000&dy_q=1785542783&feature_id=d6a18d7c5414b1f1e95a75faf9147845&l=20260801080622F7840132C3C96C033240&ply_type=3&policy=eyJ2bSI6MywidWlkIjoiMzEyOTY1MDYwMzg4ODE4NSJ9,未使用,审核通过,--,1,--,0,0,0,0,0,0,0,0,0,0,0,0,0,0,0
"	7663055823942189107",0716-引流瑞晨-7.mp4,https://video-cn.oceanengine.com/0051cbaf05436fa987bbee6b8b0647bd/6a6fdb89/tos-cn-ve-51/og5P6ivgEIztbk6SEIadAYtQOEWzwxllzapAk?a=1402&ch=0&cr=0&dr=3&cd=0%7C0%7C0%7C0&cv=1&br=774&bt=774&cs=0&ds=3&ft=J9ThAGkHH_Myq8Z.ttR_e2NvjTQ&mime_type=video_mp4&qs=0&rc=NXZpTGRTaFBnKWxncmd5aHFsc3IxZGY8NzhmOmU8MzZkOzVpNmdpQGkzdWVmM286bWQ8MzM0NjMzQFNsa3ZpcUQ6amtqXmJmK2BeaWpgYTojMC4zLi0zNjUtMTJeNjYyNGEjNmhzL2FhZjZgYS0tZDAwc3M%3D&btag=80000e00008000&dy_q=1785542783&feature_id=d6a18d7c5414b1f1e95a75faf9147845&l=20260801080622F7840132C3C96C033240&ply_type=3&policy=eyJ2bSI6MywidWlkIjoiMzEyOTY1MDYwMzg4ODE4NSJ9,未使用,审核通过,--,8,--,0,0,0,0,0,0,0,0,0,0,0,0,0,0,0
"	7663055819790499891",0716-引流瑞晨-3.mp4,https://video-cn.oceanengine.com/46ebc65505572db9b5223231ea5ebc4b/6a6fdb8e/tos-cn-ve-51/oMQre7Fv1AxOp9nRAaAdJH3LtNJIhEImOBNGYq?a=1402&ch=0&cr=0&dr=3&cd=0%7C0%7C0%7C0&cv=1&br=440&bt=440&cs=0&ds=3&ft=J9ThAGkHH_Myq8Z.ttR_e2NvjTQ&mime_type=video_mp4&qs=0&rc=NXZpTGRTaFBnKWxncmd5aHFsc3IxZGY8ZDpkOTM1Omg1MzNmNjQ2QGkzd3lrO286bWQ8MzM0NjMzQFNsa3ZpcUQ6amtqXmJmK2BeaWpgYTojLjBfM2MwMjYtMTMwLy4yMWEjaXFqZWFhZjZgYS0tZDAvc3M%3D&btag=80000e00010000&dy_q=1785542783&feature_id=d6a18d7c5414b1f1e95a75faf9147845&l=20260801080622F7840132C3C96C033240&ply_type=3&policy=eyJ2bSI6MywidWlkIjoiMzEyOTY1MDYwMzg4ODE4NSJ9,未使用,审核通过,--,4,--,0,0,0,0,0,0,0,0,0,0,0,0,0,0,0
"	7663054467406757898",0715-魏怡引流-7.mp4,https://video-cn.oceanengine.com/cc7bf80cfb9d4ce7711069db42a3aff7/6a6fdc88/tos-cn-ve-51/ogatYDIGQfTF1trBYcRAAshQ7LEApI3QmO9nnz?a=1402&ch=0&cr=0&dr=3&cd=0%7C0%7C0%7C0&br=1346&bt=1346&cs=0&ds=3&ft=J9ThAGkHH_Myq8Z.ttR_e2NvjTQ&mime_type=video_mp4&qs=0&rc=NXZpTGRTaFBnKWxncmd5aHFsc3IxZGY0NzNnOTk6Ojc0NTQ1ZDQ6QGkzbXZoO286cGQ8MzM0NjMzQFNsa3ZpcUQ6amtqXmJmK2BeaWpgYTojXl5iLy0uYzUuMTQ1YTRgMWEjNXBzb2FhLzNgYS0tZDAvc3M%3D&btag=80000e00030000&dy_q=1785542783&feature_id=d6a18d7c5414b1f1e95a75faf9147845&l=20260801080622F7840132C3C96C033240&ply_type=3&policy=eyJ2bSI6MywidWlkIjoiMzEyOTY1MDYwMzg4ODE4NSJ9,未使用,审核通过,--,1,--,0,0,0,0,0,0,0,0,0,0,0,0,0,0,0
"	7663054417171742758",0715-魏怡引流-6.mp4,https://video-cn.oceanengine.com/143c710e8a4d9dedbaa5c56841c0a2f6/6a6fdc88/tos-cn-ve-51/oIQ9jLlYlPAMtEvPEuEAapsAzdIVJWQIcTiWr?a=1402&ch=0&cr=0&dr=3&cd=0%7C0%7C0%7C0&br=1364&bt=1364&cs=0&ds=3&ft=J9ThAGkHH_Myq8Z.ttR_e2NvjTQ&mime_type=video_mp4&qs=0&rc=NXZpTGRTaFBnKWxncmd5aHFsc3IxZGZoOmloOjVmaDQzOjM0ZDdkQGlqOG5sZW86cGQ8MzM0NjMzQFNsa3ZpcUQ6amtqXmJmK2BeaWpgYTojNTEzXzNhLTVhMTEtNmNiYmEjMnNjNGFhLzNgYS0tZDBhc3M%3D&btag=80000e00030000&dy_q=1785542783&feature_id=d6a18d7c5414b1f1e95a75faf9147845&l=20260801080622F7840132C3C96C033240&ply_type=3&policy=eyJ2bSI6MywidWlkIjoiMzEyOTY1MDYwMzg4ODE4NSJ9,未使用,审核通过,--,5,--,0,0,0,0,0,0,0,0,0,0,0,0,0,0,0
"	7663054368157302793",0714-魏怡引流-5.mp4,https://video-cn.oceanengine.com/abd81ff0ae653f70755094b0c61213c2/6a6fdb9e/tos-cn-ve-51/oAYUCIW58Q6igjtAdTtlroaUrAhQ2EhU5Izsl?a=1402&ch=0&cr=0&dr=3&cd=0%7C0%7C0%7C0&cv=1&br=698&bt=698&cs=0&ds=3&ft=J9ThAGkHH_Myq8Z.ttR_e2NvjTQ&mime_type=video_mp4&qs=0&rc=NXZpTGRTaFBnKWxncmd5aHFsc3IxZGYzZmc3ZTxpZjNlOTplODpkQGkzcDl0M286bmQ8MzM0NjMzQFNsa3ZpcUQ6amtqXmJmK2BeaWpgYTojXmFjYWEzMl41MV8uXjBjMWEjXm1wZmFhXjNgYS0tZDBhc3M%3D&btag=80000e00018000&dy_q=1785542783&feature_id=d6a18d7c5414b1f1e95a75faf9147845&l=20260801080622F7840132C3C96C033240&ply_type=3&policy=eyJ2bSI6MywidWlkIjoiMzEyOTY1MDYwMzg4ODE4NSJ9,未使用,审核通过,--,5,--,0,0,0,0,0,0,0,0,0,0,0,0,0,0,0
"	7663054322687557642",0714-魏怡引流-3.mp4,https://video-cn.oceanengine.com/29f4f3570b2d1d21dc084cd5645bec3d/6a6fdba7/tos-cn-ve-51/o0ReYqRAAQB22kgOfq16CqE5WICNYoNxKaADJ1?a=1402&ch=0&cr=0&dr=3&cd=0%7C0%7C0%7C0&br=577&bt=577&cs=0&ds=3&ft=J9ThAGkHH_Myq8Z.ttR_e2NvjTQ&mime_type=video_mp4&qs=0&rc=NXZpTGRTaFBnKWxncmd5aHFsc3IxZGZmNDM1OmY5NGY7Z2g2aTlnQGkzdHRwaW86bmQ8MzM0NjMzQFNsa3ZpcUQ6amtqXmJmK2BeaWpgYTojMTVgLTE1L18tMTFjXy4tLmEjLTZrZ2FhXjNgYS0tZDAvc3M%3D&btag=80000e00018000&dy_q=1785542783&feature_id=d6a18d7c5414b1f1e95a75faf9147845&l=20260801080622F7840132C3C96C033240&ply_type=3&policy=eyJ2bSI6MywidWlkIjoiMzEyOTY1MDYwMzg4ODE4NSJ9,未使用,审核通过,--,1,--,0,0,0,0,0,0,0,0,0,0,0,0,0,0,0
"	7663054273158070310",0714-魏怡引流-6.mp4,https://video-cn.oceanengine.com/7bdcd919e913f462471e85f88be7b17e/6a6fdb96/tos-cn-ve-51/okaQAZlxiVt2d5aICjYwxwl9z5oEAUWInQCUG?a=1402&ch=0&cr=0&dr=3&cd=0%7C0%7C0%7C0&br=721&bt=721&cs=0&ds=3&ft=J9ThAGkHH_Myq8Z.ttR_e2NvjTQ&mime_type=video_mp4&qs=0&rc=NXZpTGRTaFBnKWxncmd5aHFsc3IxZGZoPDY2OmRmODxkZDY4ZGk0QGlqNTo4OG86bmQ8MzM0NjMzQFNsa3ZpcUQ6amtqXmJmK2BeaWpgYTojYmEtX2FjL18tMWFeLWIvM2EjcmZibGFhXjNgYS0tZDAwc3M%3D&btag=80000e00010000&dy_q=1785542783&feature_id=d6a18d7c5414b1f1e95a75faf9147845&l=20260801080622F7840132C3C96C033240&ply_type=3&policy=eyJ2bSI6MywidWlkIjoiMzEyOTY1MDYwMzg4ODE4NSJ9,未使用,审核通过,--,1,--,0,0,0,0,0,0,0,0,0,0,0,0,0,0,0
"	7663054269622517806",0715-魏怡引流5.mp4,https://video-cn.oceanengine.com/159db38c3b045df190dd5aa98e010553/6a6fdb8f/tos-cn-ve-51/ooIQE1nEg6OdtjirzoKWlJa0WDR5YxADtIZQA?a=1402&ch=0&cr=0&dr=3&cd=0%7C0%7C0%7C0&cv=1&br=1529&bt=1529&cs=0&ds=3&ft=J9ThAGkHH_Myq8Z.ttR_e2NvjTQ&mime_type=video_mp4&qs=0&rc=NXZpTGRTaFBnKWxncmd5aHFsc3IxZGY7PDc5MzM0Zzk2NDRoOTk2QGkzbzp2ZW86cGQ8MzM0NjMzQFNsa3ZpcUQ6amtqXmJmK2BeaWpgYTojNS9iMjIuMzY0MWIwYS1jY2EjbmdfZ2FhLzNgYS0tZDAvc3M%3D&btag=80000e00010000&dy_q=1785542783&feature_id=d6a18d7c5414b1f1e95a75faf9147845&l=20260801080622F7840132C3C96C033240&ply_type=3&policy=eyJ2bSI6MywidWlkIjoiMzEyOTY1MDYwMzg4ODE4NSJ9,未使用,审核通过,--,4,--,0,0,0,0,0,0,0,0,0,0,0,0,0,0,0
"	7663050651178811419",0715瑞晨2次修改-3.mp4,https://video-cn.oceanengine.com/f198482369da5de9fb1f5df92b7b500c/6a6fdba2/tos-cn-ve-51/oQdrUo2liQZzt5IGgSA0aNGbQ6YEkIAgYEWtZ?a=1402&ch=0&cr=0&dr=3&cd=0%7C0%7C0%7C0&br=1494&bt=1494&cs=0&ds=3&ft=J9ThAGkHH_Myq8Z.ttR_e2NvjTQ&mime_type=video_mp4&qs=0&rc=NXZpTGRTaFBnKWxncmd5aHFsc3IxZGZnNjU7Ojc2Z2Y6ODc6aGhkQGkzcnI5Z286N2Q8MzM0NjMzQFNsa3ZpcUQ6amtqXmJmK2BeaWpgYTojNjJeYTUuMzVjMWEwLzIuNmEjMG5iNmFhXi1gYS0tZDAvc3M%3D&btag=80000e00018000&dy_q=1785542783&feature_id=d6a18d7c5414b1f1e95a75faf9147845&l=20260801080622F7840132C3C96C033240&ply_type=3&policy=eyJ2bSI6MywidWlkIjoiMzEyOTY1MDYwMzg4ODE4NSJ9,未使用,审核通过,--,1,--,0,0,0,0,0,0,0,0,0,0,0,0,0,0,0
"	7662279491625058342",0714-瑞浩引导修改-4.mp4,https://video-cn.oceanengine.com/81926b8e93ba9f290f2157ef668df916/6a6fdb9e/tos-cn-ve-51/oMxeUBIeKgxuA0AlQqSGCFcr8G6ZbqnZeFX8VK?a=1402&ch=0&cr=0&dr=3&cd=0%7C0%7C0%7C0&cv=1&br=664&bt=664&cs=0&ds=3&ft=J9ThAGkHH_Myq8Z.ttR_e2NvjTQ&mime_type=video_mp4&qs=0&rc=NXZpTGRTaFBnKWxncmd5aHFsc3IxZGY7Njw6OjY4OjVmNTdnPDxmQGkzbTw2aWtvPHg8MzM0NjMzQFNsa3ZpcUQ6amtqXmJmK2BeaWpgYTojXjM2MjEvMzYxMV8zXjMxYmEjc2JnY3FnXjJeYS0tZDAwc3M%3D&btag=80000e00018000&dy_q=1785542783&feature_id=d6a18d7c5414b1f1e95a75faf9147845&l=20260801080622F7840132C3C96C033240&ply_type=3&policy=eyJ2bSI6MywidWlkIjoiMzEyOTY1MDYwMzg4ODE4NSJ9,未使用,审核通过,--,1,--,0,0,0,0,0,0,0,0,0,0,0,0,0,0,0
"	7662279484768419878",0714-瑞浩引导修改-1.mp4,https://video-cn.oceanengine.com/86d175e266aeb574bb3125064462ed7f/6a6fdb96/tos-cn-ve-51/oUSTsV4KQFDmAQPZ1DIywh9fBPgrmvqxASgw41?a=1402&ch=0&cr=0&dr=3&cd=0%7C0%7C0%7C0&br=657&bt=657&cs=0&ds=3&ft=J9ThAGkHH_Myq8Z.ttR_e2NvjTQ&mime_type=video_mp4&qs=0&rc=NXZpTGRTaFBnKWxncmd5aHFsc3IxZGZnODlpaWY2aTgzM2c5aGc5QGkzPHhoNGtvPHg8MzM0NjMzQFNsa3ZpcUQ6amtqXmJmK2BeaWpgYTojMy02MDJeYzUzMTYvMDJjY2EjYGMtaXFnXjJeYS0tZDBhc3M%3D&btag=80000e00010000&dy_q=1785542783&feature_id=d6a18d7c5414b1f1e95a75faf9147845&l=20260801080622F7840132C3C96C033240&ply_type=3&policy=eyJ2bSI6MywidWlkIjoiMzEyOTY1MDYwMzg4ODE4NSJ9,未使用,审核通过,--,1,--,0,0,0,0,0,0,0,0,0,0,0,0,0,0,0
"	7662271415936843802",0713-引导-嘉丽-7.mp4,https://video-cn.oceanengine.com/31b6b97cb140c3b2ca28a4c8ad581d8f/6a6fdba1/tos-cn-ve-51/oIEm2h1AuC2YakBV4AIApKeZyDQAnQqls2Bpk6?a=1402&ch=0&cr=0&dr=3&cd=0%7C0%7C0%7C0&br=862&bt=862&cs=0&ds=3&ft=J9ThAGkHH_Myq8Z.ttR_e2NvjTQ&mime_type=video_mp4&qs=0&rc=NXZpTGRTaFBnKWxncmd5aHFsc3IxZGY5PDdlNzQ6ZjU8NTk2Z2dkQGlqPHY8OGtvbHc8MzM0NjMzQFNsa3ZpcUQ6amtqXmJmK2BeaWpgYTojNmIzYzJeYzUzMTFfNGM0YWEjLS4xYHFnXmpeYS0tZDAvc3M%3D&btag=80000e00018000&dy_q=1785542783&feature_id=d6a18d7c5414b1f1e95a75faf9147845&l=20260801080622F7840132C3C96C033240&ply_type=3&policy=eyJ2bSI6MywidWlkIjoiMzEyOTY1MDYwMzg4ODE4NSJ9,未使用,审核通过,--,6,--,0,0,0,0,0,0,0,0,0,0,0,0,0,0,0
"	7662271386505429043",0713-引导-嘉丽-8.mp4,https://video-cn.oceanengine.com/b05c1f5067ffdd11750e16a3c45c4e60/6a6fdb96/tos-cn-ve-51/oEKmIB2AYulZFDnVuuAuEsJ2QQe4g1AuKd4hKs?a=1402&ch=0&cr=0&dr=3&cd=0%7C0%7C0%7C0&br=1078&bt=1078&cs=0&ds=3&ft=J9ThAGkHH_Myq8Z.ttR_e2NvjTQ&mime_type=video_mp4&qs=0&rc=NXZpTGRTaFBnKWxncmd5aHFsc3IxZGYzNjY4ODVmODRpaDg7O2hmQGkzaDg8aGtvbHc8MzM0NjMzQFNsa3ZpcUQ6amtqXmJmK2BeaWpgYTojLi0vNi4tLzZiMWA2YDY2LmEjYG9tLXFnZmpeYS0tZDAwc3M%3D&btag=80000e00010000&dy_q=1785542783&feature_id=d6a18d7c5414b1f1e95a75faf9147845&l=20260801080622F7840132C3C96C033240&ply_type=3&policy=eyJ2bSI6MywidWlkIjoiMzEyOTY1MDYwMzg4ODE4NSJ9,未使用,审核通过,首发,7,--,0,0,0,0,0,0,0,0,0,0,0,0,0,0,0
"	7662271385642729518",0713-引导-嘉丽-4.mp4,https://video-cn.oceanengine.com/bf7bcc8687c832114a4789b31275596f/6a6fdb92/tos-cn-ve-51/o0Nsd2k4IKtBm5KABV84qgWm2kAeQRuQDdz1E5?a=1402&ch=0&cr=0&dr=3&cd=0%7C0%7C0%7C0&br=1379&bt=1379&cs=0&ds=3&ft=J9ThAGkHH_Myq8Z.ttR_e2NvjTQ&mime_type=video_mp4&qs=0&rc=NXZpTGRTaFBnKWxncmd5aHFsc3IxZGZoOzk0NDg5NzNnZTY3Ozs2QGkzNHBoZ2tvbHc8MzM0NjMzQFNsa3ZpcUQ6amtqXmJmK2BeaWpgYTojNmMwNTZeX14yMWE2MDMxY2EjXzVfMnFnXmpeYS0tZDBhc3M%3D&btag=80000e00010000&dy_q=1785542783&feature_id=d6a18d7c5414b1f1e95a75faf9147845&l=20260801080622F7840132C3C96C033240&ply_type=3&policy=eyJ2bSI6MywidWlkIjoiMzEyOTY1MDYwMzg4ODE4NSJ9,已使用,审核通过,首发,7,--,0,0,0,0,0,0,0,0,0,0,0,0,0,0,0
"	7662271374480752666",0713-引导-嘉丽-2.mp4,https://video-cn.oceanengine.com/f87426207115fdfaee6b90aee9c75972/6a6fdb90/tos-cn-ve-51/oYUbkAIcqlAffZxXBQ6ZgtxJDVANExLRgvV1Dd?a=1402&ch=0&cr=0&dr=3&cd=0%7C0%7C0%7C0&br=964&bt=964&cs=0&ds=3&ft=J9ThAGkHH_Myq8Z.ttR_e2NvjTQ&mime_type=video_mp4&qs=0&rc=NXZpTGRTaFBnKWxncmd5aHFsc3IxZGZpZjkzPGU3Z2dlZTk3O2hlQGlqcGt3N2tvbHc8MzM0NjMzQFNsa3ZpcUQ6amtqXmJmK2BeaWpgYTojLl9iMS40NDU1MTZeYmNjNGEjX242MnFnXmpeYS0tZDAwc3M%3D&btag=80000e00010000&dy_q=1785542783&feature_id=d6a18d7c5414b1f1e95a75faf9147845&l=20260801080622F7840132C3C96C033240&ply_type=3&policy=eyJ2bSI6MywidWlkIjoiMzEyOTY1MDYwMzg4ODE4NSJ9,未使用,审核通过,--,1,--,0,0,0,0,0,0,0,0,0,0,0,0,0,0,0
"	7662230381774553097",0713-引导-嘉丽-5.mp4,https://video-cn.oceanengine.com/3c57cb4a1dd30397785a8554d3cb1e07/6a6fdb88/tos-cn-ve-51/owh2IX9DHCm64n0VgQ4AErKPmF1QtAJBBtsfKM?a=1402&ch=0&cr=0&dr=3&cd=0%7C0%7C0%7C0&br=998&bt=998&cs=0&ds=3&ft=J9ThAGkHH_Myq8Z.ttR_e2NvjTQ&mime_type=video_mp4&qs=0&rc=NXZpTGRTaFBnKWxncmd5aHFsc3IxZGZpPDZlNjxlNDc4OjY3NTY2QGlqOnk7Omtvd3U8MzM0NjMzQFNsa3ZpcUQ6amtqXmJmK2BeaWpgYTojYS9fMy0xLTU2MTNhXjEzYGEjX2FfZXFnL19eYS0tZDBhc3M%3D&btag=80000e00008000&dy_q=1785542783&feature_id=d6a18d7c5414b1f1e95a75faf9147845&l=20260801080622F7840132C3C96C033240&ply_type=3&policy=eyJ2bSI6MywidWlkIjoiMzEyOTY1MDYwMzg4ODE4NSJ9,未使用,审核通过,首发,1,--,0,0,0,0,0,0,0,0,0,0,0,0,0,0,0
"	7662230360634556454",0713-引导-嘉丽-3.mp4,https://video-cn.oceanengine.com/7162a49c8c935db05fff188ab3a8cfee/6a6fdba1/tos-cn-ve-51/oYK6Qxi9t16GIQsPtUbeZBh4AqDIKEmVrohAQg?a=1402&ch=0&cr=0&dr=3&cd=0%7C0%7C0%7C0&br=773&bt=773&cs=0&ds=3&ft=J9ThAGkHH_Myq8Z.ttR_e2NvjTQ&mime_type=video_mp4&qs=0&rc=NXZpTGRTaFBnKWxncmd5aHFsc3IxZGY5aDpmOGVoaGhlNTozaTxoQGkza2t4O2tvd3U8MzM0NjMzQFNsa3ZpcUQ6amtqXmJmK2BeaWpgYTojYTAvNTYyY19eMTJfLV9iYmEjMWtmYHFnL19eYS0tZDAwc3M%3D&btag=80000e00018000&dy_q=1785542783&feature_id=d6a18d7c5414b1f1e95a75faf9147845&l=20260801080622F7840132C3C96C033240&ply_type=3&policy=eyJ2bSI6MywidWlkIjoiMzEyOTY1MDYwMzg4ODE4NSJ9,已使用,审核通过,首发,5,--,0,0,0,0,0,0,0,0,0,0,0,0,0,0,0
"	7662230326718300187",0713-引导-嘉丽-1.mp4,https://video-cn.oceanengine.com/9e3a60e9ee2bed5a5c45bd5281bdd15e/6a6fdb96/tos-cn-ve-51/o04P3spQrEtK5esBphmq19uh0UBoAmQUV1ItAg?a=1402&ch=0&cr=0&dr=3&cd=0%7C0%7C0%7C0&br=639&bt=639&cs=0&ds=3&ft=J9ThAGkHH_Myq8Z.ttR_e2NvjTQ&mime_type=video_mp4&qs=0&rc=NXZpTGRTaFBnKWxncmd5aHFsc3IxZGY7NTU0NTNnZzxoNjc0ODg3QGkzPG82PGtvdnU8MzM0NjMzQFNsa3ZpcUQ6amtqXmJmK2BeaWpgYTojMWMuMDZfNjZeMTYuXjYvXmEjaDZzXnFnbl9eYS0tZDAwc3M%3D&btag=80000e00010000&dy_q=1785542783&feature_id=d6a18d7c5414b1f1e95a75faf9147845&l=20260801080622F7840132C3C96C033240&ply_type=3&policy=eyJ2bSI6MywidWlkIjoiMzEyOTY1MDYwMzg4ODE4NSJ9,已使用,审核通过,--,3,--,0,0,0,0,0,0,0,0,0,0,0,0,0,0,0
"	7662230322323537929",0713-引导-嘉丽-9.mp4,https://video-cn.oceanengine.com/024aa9a42a6927e9181cd7c8b0d5eabc/6a6fdb8d/tos-cn-ve-51/oQ1VIVHBA4sg4QPsytxAqeilrghu5E1mmtKhGP?a=1402&ch=0&cr=0&dr=3&cd=0%7C0%7C0%7C0&cv=1&br=544&bt=544&cs=0&ds=3&ft=J9ThAGkHH_Myq8Z.ttR_e2NvjTQ&mime_type=video_mp4&qs=0&rc=NXZpTGRTaFBnKWxncmd5aHFsc3IxZGYzZ2UzZzY2PDU1ZzwzPGRoQGkzOjpnOGtvdnU8MzM0NjMzQFNsa3ZpcUQ6amtqXmJmK2BeaWpgYTojMjY0NTQtYF9hMWIzNTRiNGEjbWRgZ3Fnbl9eYS0tZDAwc3M%3D&btag=80000e00010000&dy_q=1785542783&feature_id=d6a18d7c5414b1f1e95a75faf9147845&l=20260801080622F7840132C3C96C033240&ply_type=3&policy=eyJ2bSI6MywidWlkIjoiMzEyOTY1MDYwMzg4ODE4NSJ9,已使用,审核通过,--,3,--,0,0,0,0,0,0,0,0,0,0,0,0,0,0,0
"	7662230321010311219",0713-引导-雅迪-2-改.mp4,https://video-cn.oceanengine.com/d7952e9ce0458f27cedde8256615184f/6a6fdbaa/tos-cn-ve-51/oQsmfOEVdhDCAQ4EAQKv9RAhQrIzhE93AtK1tB?a=1402&ch=0&cr=0&dr=3&cd=0%7C0%7C0%7C0&cv=1&br=759&bt=759&cs=0&ds=3&ft=J9ThAGkHH_Myq8Z.ttR_e2NvjTQ&mime_type=video_mp4&qs=0&rc=NXZpTGRTaFBnKWxncmd5aHFsc3IxZGY0ZzRkZ2VlN2hkNjc3aTk6QGlqbXY7aGtvdXU8MzM0NjMzQFNsa3ZpcUQ6amtqXmJmK2BeaWpgYTojMzVhNi8vX18wMTIuNDYyMWEjazZfaHFnZl9eYS0tZDAvc3M%3D&btag=80000e00018000&dy_q=1785542783&feature_id=d6a18d7c5414b1f1e95a75faf9147845&l=20260801080622F7840132C3C96C033240&ply_type=3&policy=eyJ2bSI6MywidWlkIjoiMzEyOTY1MDYwMzg4ODE4NSJ9,未使用,审核通过,"首发,优质",10,--,0,0,0,0,0,0,0,0,0,0,0,0,0,0,0
"	7662230272466780198",0713-引导-雅迪-1-改.mp4,https://video-cn.oceanengine.com/373fb80f1219ab7eff354170303ba7d4/6a6fdb89/tos-cn-ve-51/o4ZN5LNDQAAVCIirdqWgXAbeDB6X4bVxbDHtfK?a=1402&ch=0&cr=0&dr=3&cd=0%7C0%7C0%7C0&br=697&bt=697&cs=0&ds=3&ft=J9ThAGkHH_Myq8Z.ttR_e2NvjTQ&mime_type=video_mp4&qs=0&rc=NXZpTGRTaFBnKWxncmd5aHFsc3IxZGY1N2Q0NjU6Zjk3ZDw1ZDM7QGkzdnNnNWtvdXU8MzM0NjMzQFNsa3ZpcUQ6amtqXmJmK2BeaWpgYTojLS01Nl5iXl4tMWBjLjFgX2EjLXJjZ3FnXl9eYS0tZDAwc3M%3D&btag=80000e00008000&dy_q=1785542783&feature_id=d6a18d7c5414b1f1e95a75faf9147845&l=20260801080622F7840132C3C96C033240&ply_type=3&policy=eyJ2bSI6MywidWlkIjoiMzEyOTY1MDYwMzg4ODE4NSJ9,已使用,审核通过,首发,2,--,0,0,0,0,0,0,0,0,0,0,0,0,0,0,0
"	7662230271501189158",0713-引导-嘉丽-10.mp4,https://video-cn.oceanengine.com/de54634596601f62f5706b2e6f8f77dd/6a6fdb8e/tos-cn-ve-51/oI9V5pQKqAII8r19H4m1PhAbtsgheBUUUtaEap?a=1402&ch=0&cr=0&dr=3&cd=0%7C0%7C0%7C0&cv=1&br=252&bt=252&cs=0&ds=3&ft=J9ThAGkHH_Myq8Z.ttR_e2NvjTQ&mime_type=video_mp4&qs=0&rc=NXZpTGRTaFBnKWxncmd5aHFsc3IxZGY8NmdpZmk1NmU2NDw0OzU5QGlqPG82PGtvdnU8MzM0NjMzQFNsa3ZpcUQ6amtqXmJmK2BeaWpgYTojL18vYWI0NV8xMWNgY18tMWEjYTZzXnFnbl9eYS0tZDAwc3M%3D&btag=80000e00010000&dy_q=1785542783&feature_id=d6a18d7c5414b1f1e95a75faf9147845&l=20260801080622F7840132C3C96C033240&ply_type=3&policy=eyJ2bSI6MywidWlkIjoiMzEyOTY1MDYwMzg4ODE4NSJ9,已使用,审核通过,首发,12,--,0,0,0,0,0,0,0,0,0,0,0,0,0,0,0
"	7662229485093961778",0713-浩正瑞晨引导-8.mp4.mp4,https://video-cn.oceanengine.com/dd50205ee56eea0d3ea64b3bacb3719a/6a6fdba5/tos-cn-ve-51/oAIVEQgkmtKKA641ketkq6yHTqrBGsCQmhtXAv?a=1402&ch=0&cr=0&dr=3&cd=0%7C0%7C0%7C0&cv=1&br=546&bt=546&cs=0&ds=3&ft=J9ThAGkHH_Myq8Z.ttR_e2NvjTQ&mime_type=video_mp4&qs=0&rc=NXZpTGRTaFBnKWxncmd5aHFsc3IxZGY8OGk5OjpmZGU7NmRpaDloQGlqdGQ0ZWtvNnU8MzM0NjMzQFNsa3ZpcUQ6amtqXmJmK2BeaWpgYTojYy00Nl9fNV8yMS9jNV9fNWEjNjBtZnFnXl5eYS0tZDBhc3M%3D&btag=80000e00018000&dy_q=1785542783&feature_id=d6a18d7c5414b1f1e95a75faf9147845&l=20260801080622F7840132C3C96C033240&ply_type=3&policy=eyJ2bSI6MywidWlkIjoiMzEyOTY1MDYwMzg4ODE4NSJ9,未使用,审核通过,首发,3,--,0,0,0,0,0,0,0,0,0,0,0,0,0,0,0
"	7662229482153197577",0713-浩正瑞晨引导-3.mp4.mp4,https://video-cn.oceanengine.com/5bd5c53a787664e0ef8e15099e601ca6/6a6fdba7/tos-cn-ve-51/o013hDVyGAkItA9mBgfEdXzQDKBXQIqFLqt4sJ?a=1402&ch=0&cr=0&dr=3&cd=0%7C0%7C0%7C0&br=781&bt=781&cs=0&ds=3&ft=J9ThAGkHH_Myq8Z.ttR_e2NvjTQ&mime_type=video_mp4&qs=0&rc=NXZpTGRTaFBnKWxncmd5aHFsc3IxZGZpaWc6NGQ4Z2g5ZTQ5OWhnQGlqN2ltM2tvNnU8MzM0NjMzQFNsa3ZpcUQ6amtqXmJmK2BeaWpgYTojYjAxXjRhNDUwMTZhMWM0L2EjMXNpcHFnXl5eYS0tZDAwc3M%3D&btag=80000e00018000&dy_q=1785542783&feature_id=d6a18d7c5414b1f1e95a75faf9147845&l=20260801080622F7840132C3C96C033240&ply_type=3&policy=eyJ2bSI6MywidWlkIjoiMzEyOTY1MDYwMzg4ODE4NSJ9,未使用,审核通过,首发,2,--,0,0,0,0,0,0,0,0,0,0,0,0,0,0,0
"	7662229433765298186",0713-浩正瑞晨引导-1.mp4.mp4,https://video-cn.oceanengine.com/d588c05f6d0098e072eb9a29a7404673/6a6fdb96/tos-cn-ve-51/oIRQfOtGASqBtTm1m3ZAg3OaXsEYIQ9VDZCKq4?a=1402&ch=0&cr=0&dr=3&cd=0%7C0%7C0%7C0&cv=1&br=703&bt=703&cs=0&ds=3&ft=J9ThAGkHH_Myq8Z.ttR_e2NvjTQ&mime_type=video_mp4&qs=0&rc=NXZpTGRTaFBnKWxncmd5aHFsc3IxZGY7Zjo2aTVmaTgzMzg3ZTk6QGlqaHVxPGtvNnU8MzM0NjMzQFNsa3ZpcUQ6amtqXmJmK2BeaWpgYTojYTQuYGMwNjVfMTI2YjIvYmEjYGJtaHFnXl5eYS0tZDBhc3M%3D&btag=80000e00010000&dy_q=1785542783&feature_id=d6a18d7c5414b1f1e95a75faf9147845&l=20260801080622F7840132C3C96C033240&ply_type=3&policy=eyJ2bSI6MywidWlkIjoiMzEyOTY1MDYwMzg4ODE4NSJ9,已使用,审核通过,--,11,--,0,0,0,0,0,0,0,0,0,0,0,0,0,0,0
"	7662229404613869595",0713-浩正瑞晨引导-7.mp4.mp4,https://video-cn.oceanengine.com/75f5e191af442f2e6986dc946dbcc069/6a6fdbbb/tos-cn-ve-51/oojVGiqsXcmGQEDIWAe1Atp4QHhOIgzZqtKBan?a=1402&ch=0&cr=0&dr=3&cd=0%7C0%7C0%7C0&cv=1&br=1130&bt=1130&cs=0&ds=3&ft=J9ThAGkHH_Myq8Z.ttR_e2NvjTQ&mime_type=video_mp4&qs=0&rc=NXZpTGRTaFBnKWxncmd5aHFsc3IxZGZoZmU1NDg1NzM3ODxnNmY4QGlqNnM6OmtvNnU8MzM0NjMzQFNsa3ZpcUQ6amtqXmJmK2BeaWpgYTojMWM1XzItXjYtMTEvMy0wNGEjMGktZXFnXl5eYS0tZDAwc3M%3D&btag=80000e00028000&dy_q=1785542783&feature_id=d6a18d7c5414b1f1e95a75faf9147845&l=20260801080622F7840132C3C96C033240&ply_type=3&policy=eyJ2bSI6MywidWlkIjoiMzEyOTY1MDYwMzg4ODE4NSJ9,未使用,审核通过,--,3,--,0,0,0,0,0,0,0,0,0,0,0,0,0,0,0
"	7662213046232858650",713-引导-小敏-3.mp4,https://video-cn.oceanengine.com/0c131ac82f5813b73619f2983e578244/6a6fdb95/tos-cn-ve-51/ocqt1gELMQ4yQeAgIAdBAHNVzh9PmK1sbDlQql?a=1402&ch=0&cr=0&dr=3&cd=0%7C0%7C0%7C0&br=1305&bt=1305&cs=0&ds=4&ft=J9ThAGkHH_Myq8Z.ttR_e2NvjTQ&mime_type=video_mp4&qs=0&rc=NXZpTGRTaFBnKWxncmd5aHFsc3IxZGZkNjQ4Mzs6OmY6OWc6NDQ6QGlqb3U0OGtvanQ8MzM0NjMzQFNsa3ZpcUQ6amtqXmJmK2BeaWpgYTojMWBgMzYyY14zMWFiLzRfNmEjbTJraHFnXmBeYS0tZDAwc3M%3D&btag=80000200010000&dy_q=1785542783&feature_id=d6a18d7c5414b1f1e95a75faf9147845&l=20260801080622F7840132C3C96C033240&ply_type=3&policy=eyJ2bSI6MywidWlkIjoiMzEyOTY1MDYwMzg4ODE4NSJ9,未使用,--,--,0,--,0,0,0,0,0,0,0,0,0,0,0,0,0,0,0
"	7661972497570840622",0713-浩正瑞晨引导-5.mp4,https://video-cn.oceanengine.com/4970f880309f1734fce982224a13d44c/6a6fdb9b/tos-cn-ve-51c800/o0Ey2CjlUiyq2JAwpKyfMjezgYS0QMpeCIAAeu?a=1402&ch=0&cr=0&dr=3&cd=0%7C0%7C0%7C0&br=1276&bt=1276&cs=0&ds=4&ft=J9ThAGkHH_Myq8Z.ttR_e2NvjTQ&mime_type=video_mp4&qs=0&rc=NXZpTGRTaFBnKWxncmd5aHFsc3IxZGYzODo4NDk3ZWVnNzZmNTw6QGkzcWpvNWtvdWY8MzM0NjMzQFNsa3ZpcUQ6amtqXmJmK2BeaWpgYTojLy9hYmE1MjUxMTY1MjEvLmEjM3JzNXFnbmpeYS0tZDAwc3M%3D&btag=80000200010000&dy_q=1785542783&feature_id=d6a18d7c5414b1f1e95a75faf9147845&l=20260801080622F7840132C3C96C033240&ply_type=3&policy=eyJ2bSI6MywidWlkIjoiMzEyOTY1MDYwMzg4ODE4NSJ9,未使用,--,--,0,--,0,0,0,0,0,0,0,0,0,0,0,0,0,0,0
"	7661972490623549486",0713-浩正瑞晨引导-2.mp4,https://video-cn.oceanengine.com/00f06d69329c254075d6ee9fc8e7cac1/6a6fdb9b/tos-cn-ve-51/osDQybC3AxWBmOh1mf6AAjF3RsI3Qg9qtKMKq4?a=1402&ch=0&cr=0&dr=3&cd=0%7C0%7C0%7C0&br=1803&bt=1803&cs=0&ds=4&ft=J9ThAGkHH_Myq8Z.ttR_e2NvjTQ&mime_type=video_mp4&qs=0&rc=NXZpTGRTaFBnKWxncmd5aHFsc3IxZGZnMzg6ZjM2MzZoOmc1OmY7QGlqZ2VoOmtvdWY8MzM0NjMzQFNsa3ZpcUQ6amtqXmJmK2BeaWpgYTojM2FfYDRjMF4zMTFgMjEtYWEjcjA1YHFnbmpeYS0tZDAvc3M%3D&btag=80000200010000&dy_q=1785542783&feature_id=d6a18d7c5414b1f1e95a75faf9147845&l=20260801080622F7840132C3C96C033240&ply_type=3&policy=eyJ2bSI6MywidWlkIjoiMzEyOTY1MDYwMzg4ODE4NSJ9,未使用,--,--,0,--,0,0,0,0,0,0,0,0,0,0,0,0,0,0,0
"	7661972468315914266",0713-浩正瑞晨引导-6.mp4,https://video-cn.oceanengine.com/bf7c7321dbc60ae2a7dae9207bad0837/6a6fdbad/tos-cn-ve-51/o0K1inmpB84KCVrshB9W3IcFgeGEEQAPmNQmdA?a=1402&ch=0&cr=0&dr=3&cd=0%7C0%7C0%7C0&br=1134&bt=1134&cs=0&ds=4&ft=J9ThAGkHH_Myq8Z.ttR_e2NvjTQ&mime_type=video_mp4&qs=0&rc=NXZpTGRTaFBnKWxncmd5aHFsc3IxZGY5OTc4M2lkZWVkNDVpZDtkQGkzOTg7OmtvdWY8MzM0NjMzQFNsa3ZpcUQ6amtqXmJmK2BeaWpgYTojYjFeYjZeY19iMWFfMmFgLmEjczRka3FnZmpeYS0tZDBhc3M%3D&btag=80000200020000&dy_q=1785542783&feature_id=d6a18d7c5414b1f1e95a75faf9147845&l=20260801080622F7840132C3C96C033240&ply_type=3&policy=eyJ2bSI6MywidWlkIjoiMzEyOTY1MDYwMzg4ODE4NSJ9,未使用,--,--,0,--,0,0,0,0,0,0,0,0,0,0,0,0,0,0,0
"	7661972464831201307",0713-浩正瑞晨引导-1.mp4,https://video-cn.oceanengine.com/a84ad9eb1fbdaf1e0f0ef79d94f03558/6a6fdb96/tos-cn-ve-51/oEsBEEmBIgAKAENUQ1CQ4QyAmAeWozK4mLX3Yq?a=1402&ch=0&cr=0&dr=3&cd=0%7C0%7C0%7C0&br=1381&bt=1381&cs=0&ds=4&ft=J9ThAGkHH_Myq8Z.ttR_e2NvjTQ&mime_type=video_mp4&qs=0&rc=NXZpTGRTaFBnKWxncmd5aHFsc3IxZGY6aWZmZDdoNDY3ZWVoZjo3QGkzO2poZGtvdWY8MzM0NjMzQFNsa3ZpcUQ6amtqXmJmK2BeaWpgYTojLS4vNGAwYTYuMS0uMjQyNGEjNS4tbXFnZmpeYS0tZDBhc3M%3D&btag=80000200010000&dy_q=1785542783&feature_id=d6a18d7c5414b1f1e95a75faf9147845&l=20260801080622F7840132C3C96C033240&ply_type=3&policy=eyJ2bSI6MywidWlkIjoiMzEyOTY1MDYwMzg4ODE4NSJ9,未使用,--,--,0,--,0,0,0,0,0,0,0,0,0,0,0,0,0,0,0
"	7661187006646501412",微信视频2026-07-11_163704_323.mp4,https://video-cn.oceanengine.com/d4d7b031dff290db09fdb63ef0ed6f0f/6a6fdb9b/tos-cn-ve-51/b915b5c8144b4c9c9167b095ed5cd073?a=1402&ch=0&cr=0&dr=3&cd=0%7C0%7C0%7C0&br=1021&bt=1021&cs=0&ds=3&ft=J9ThAGkHH_Myq8Z.ttR_e2NvjTQ&mime_type=video_mp4&qs=0&rc=NXZpTGRTaFBnKWxncmd5aHFsc3IxZGY0aTQ6OzpnZWhnNzU2OzU3QGlqZ2t0ZWtvNjM8MzM0NjMzQFNsa3ZpcUQ6amtqXmJmK2BeaWpgYTojMS8vYmE2Nl4zMWAzYmMwM2EjYWwycXFnXi82YS0tZDAvc3M%3D&btag=80000e00010000&dy_q=1785542783&feature_id=d6a18d7c5414b1f1e95a75faf9147845&l=20260801080622F7840132C3C96C033240&ply_type=3&policy=eyJ2bSI6MywidWlkIjoiMzEyOTY1MDYwMzg4ODE4NSJ9,已使用,审核通过,--,8,--,0,0,0,0,0,0,0,0,0,0,0,0,0,0,0
"	7661186975484379190",微信视频_20260711163647.mp4,https://video-cn.oceanengine.com/7766b91c74915becb6a89fbddfe0f147/6a6fdb92/tos-cn-ve-51/owISEQgOmA6KAT41l9pTqTteuCFBGsCQhFQUAM?a=1402&ch=0&cr=0&dr=3&cd=0%7C0%7C0%7C0&br=928&bt=928&cs=0&ds=3&ft=J9ThAGkHH_Myq8Z.ttR_e2NvjTQ&mime_type=video_mp4&qs=0&rc=NXZpTGRTaFBnKWxncmd5aHFsc3IxZGZoOjo6ZThkOjZmaWlkNjk7QGkzbTtpNWtvNjM8MzM0NjMzQFNsa3ZpcUQ6amtqXmJmK2BeaWpgYTojYGI2YF80YV8uMWM0MTUuM2Eja15rbXFnXi82YS0tZDAwc3M%3D&btag=80000e00010000&dy_q=1785542783&feature_id=d6a18d7c5414b1f1e95a75faf9147845&l=20260801080622F7840132C3C96C033240&ply_type=3&policy=eyJ2bSI6MywidWlkIjoiMzEyOTY1MDYwMzg4ODE4NSJ9,已使用,审核通过,--,5,--,0,0,0,0,0,0,0,0,0,0,0,0,0,0,0
"	7660843651085778998",0710引导-小敏-4.mp4,https://video-cn.oceanengine.com/3325ff091dd42e0d254e6916c4858c34/6a6fdb97/tos-cn-ve-51/oUsBEhoKGSGIsABmVyK18Q9RSmM4pZQAAeZlQA?a=1402&ch=0&cr=0&dr=3&cd=0%7C0%7C0%7C0&br=531&bt=531&cs=0&ds=3&ft=J9ThAGkHH_Myq8Z.ttR_e2NvjTQ&mime_type=video_mp4&qs=0&rc=NXZpTGRTaFBnKWxncmd5aHFsc3IxZGY5ZDU6ZDQ3NjU7ZTpoOGZoQGkzOXM4ZmtvZGY8MzM0NjMzQFNsa3ZpcUQ6amtqXmJmK2BeaWpgYTojLjIwY2M0XjYxMWI2Yi1jYWEjNnAzc3FnZmU1YS0tZDAvc3M%3D&btag=80000e00010000&dy_q=1785542783&feature_id=d6a18d7c5414b1f1e95a75faf9147845&l=20260801080622F7840132C3C96C033240&ply_type=3&policy=eyJ2bSI6MywidWlkIjoiMzEyOTY1MDYwMzg4ODE4NSJ9,未使用,审核通过,首发,1,--,0,0,0,0,0,0,0,0,0,0,0,0,0,0,0
"	7660843614075912233",0710-引导-嘉丽-2.mp4,https://video-cn.oceanengine.com/d425a7f5957bf6bc685582ca85b2c1a3/6a6fdb98/tos-cn-ve-51/d1f06a0013f141c4954486e6fb878d58?a=1402&ch=0&cr=0&dr=3&cd=0%7C0%7C0%7C0&br=1729&bt=1729&cs=0&ds=3&ft=J9ThAGkHH_Myq8Z.ttR_e2NvjTQ&mime_type=video_mp4&qs=0&rc=NXZpTGRTaFBnKWxncmd5aHFsc3IxZGY1PDk4ZGg3NjM1ZmhlZWU4QGlqajdsNWtvZGY8MzM0NjMzQFNsa3ZpcUQ6amtqXmJmK2BeaWpgYTojMmM2YjItYF5fMTUwM2BfYWEjYGNtNnFnZmU1YS0tZDAvc3M%3D&btag=80000e00010000&dy_q=1785542783&feature_id=d6a18d7c5414b1f1e95a75faf9147845&l=20260801080622F7840132C3C96C033240&ply_type=3&policy=eyJ2bSI6MywidWlkIjoiMzEyOTY1MDYwMzg4ODE4NSJ9,未使用,审核通过,首发,3,--,0,0,0,0,0,0,0,0,0,0,0,0,0,0,0
"	7660843611230371903",0710-引导-嘉丽-4.mp4,https://video-cn.oceanengine.com/506bd3d6eaeb4daa81555a3c136d277e/6a6fdb90/tos-cn-ve-51/oUehUZAoqAQrvFifgjbUNmC4kzBG1GvPCZDIae?a=1402&ch=0&cr=0&dr=3&cd=0%7C0%7C0%7C0&br=883&bt=883&cs=0&ds=3&ft=J9ThAGkHH_Myq8Z.ttR_e2NvjTQ&mime_type=video_mp4&qs=0&rc=NXZpTGRTaFBnKWxncmd5aHFsc3IxZGYzZjQ3aTM2O2RkaTg6aTNoQGkzZnY7aWtvZGY8MzM0NjMzQFNsa3ZpcUQ6amtqXmJmK2BeaWpgYTojY2IvM15jM19jMV9fNl5gMWEjcmNvZHFnZmU1YS0tZDAwc3M%3D&btag=80000e00010000&dy_q=1785542783&feature_id=d6a18d7c5414b1f1e95a75faf9147845&l=20260801080622F7840132C3C96C033240&ply_type=3&policy=eyJ2bSI6MywidWlkIjoiMzEyOTY1MDYwMzg4ODE4NSJ9,未使用,审核通过,--,1,--,0,0,0,0,0,0,0,0,0,0,0,0,0,0,0
"	7660843608887656454",0710-引导-嘉丽-5.mp4,https://video-cn.oceanengine.com/306e4dbd88e5fa55e9ae8ef7f18f190f/6a6fdb90/tos-cn-ve-51/osSQNqC8U5dZDygsAAEIHeiVqevgX6IxQ0DBoM?a=1402&ch=0&cr=0&dr=3&cd=0%7C0%7C0%7C0&br=1010&bt=1010&cs=0&ds=3&ft=J9ThAGkHH_Myq8Z.ttR_e2NvjTQ&mime_type=video_mp4&qs=0&rc=NXZpTGRTaFBnKWxncmd5aHFsc3IxZGZpNzZnOjQ8NWc0PDY5aWU2QGkzOnU2aWtvZGY8MzM0NjMzQFNsa3ZpcUQ6amtqXmJmK2BeaWpgYTojLWMzYF80MV5hMTMzXjUyNWEjaDVrY3FnZmU1YS0tZDAwc3M%3D&btag=80000e00010000&dy_q=1785542783&feature_id=d6a18d7c5414b1f1e95a75faf9147845&l=20260801080622F7840132C3C96C033240&ply_type=3&policy=eyJ2bSI6MywidWlkIjoiMzEyOTY1MDYwMzg4ODE4NSJ9,未使用,审核通过,--,1,--,0,0,0,0,0,0,0,0,0,0,0,0,0,0,0
"	7660843598484979755",0710-引导-嘉丽-1.mp4,https://video-cn.oceanengine.com/7cbae0eb7f94947e5d9c8c60c55a99b3/6a6fdb96/tos-cn-ve-51/oEiUxVeqDZeDIokdpgqg6BWhQ3NMAMo8KADG7b?a=1402&ch=0&cr=0&dr=3&cd=0%7C0%7C0%7C0&br=1057&bt=1057&cs=0&ds=3&ft=J9ThAGkHH_Myq8Z.ttR_e2NvjTQ&mime_type=video_mp4&qs=0&rc=NXZpTGRTaFBnKWxncmd5aHFsc3IxZGY2ZTo7ZjQ4Zzc8OzU3NDY6QGkzaHFkaWtvZGY8MzM0NjMzQFNsa3ZpcUQ6amtqXmJmK2BeaWpgYTojYC02LzReYDZhMWEtMmJeNmEjczVvXnFnZmU1YS0tZDAwc3M%3D&btag=80000e00010000&dy_q=1785542783&feature_id=d6a18d7c5414b1f1e95a75faf9147845&l=20260801080622F7840132C3C96C033240&ply_type=3&policy=eyJ2bSI6MywidWlkIjoiMzEyOTY1MDYwMzg4ODE4NSJ9,未使用,审核通过,--,1,--,0,0,0,0,0,0,0,0,0,0,0,0,0,0,0
"	7660843598326792235",0710引导-小敏-2.mp4,https://video-cn.oceanengine.com/49a3d8ee33206bda526c25a59d4b727a/6a6fdb8a/tos-cn-ve-51/oI9RkwG1KAeKgNVWsHYGamkAmnhKImrrBJyQQ4?a=1402&ch=0&cr=0&dr=3&cd=0%7C0%7C0%7C0&br=523&bt=523&cs=0&ds=3&ft=J9ThAGkHH_Myq8Z.ttR_e2NvjTQ&mime_type=video_mp4&qs=0&rc=NXZpTGRTaFBnKWxncmd5aHFsc3IxZGY4ODQzPGVlaDYzNGZoZmZoQGlqOXBlNmtvZGY8MzM0NjMzQFNsa3ZpcUQ6amtqXmJmK2BeaWpgYTojNDZfX2EvLl9jMTY0YDUwNmEjcF4vZnFnZmU1YS0tZDBhc3M%3D&btag=80000e00008000&dy_q=1785542783&feature_id=d6a18d7c5414b1f1e95a75faf9147845&l=20260801080622F7840132C3C96C033240&ply_type=3&policy=eyJ2bSI6MywidWlkIjoiMzEyOTY1MDYwMzg4ODE4NSJ9,未使用,审核通过,--,1,--,0,0,0,0,0,0,0,0,0,0,0,0,0,0,0
"	7660843575199334441",0710-引导-嘉丽-8.mp4,https://video-cn.oceanengine.com/34d1e1dfb1f07029c37571121e50b533/6a6fdb88/tos-cn-ve-51/oANDgwK4mII9mX1BeyphRKoGQASAlsRB9QBVEQ?a=1402&ch=0&cr=0&dr=3&cd=0%7C0%7C0%7C0&br=915&bt=915&cs=0&ds=3&ft=J9ThAGkHH_Myq8Z.ttR_e2NvjTQ&mime_type=video_mp4&qs=0&rc=NXZpTGRTaFBnKWxncmd5aHFsc3IxZGYzNzw6OTZmOTY6Mzg3ODdpQGlqOzQzN2tvZGY8MzM0NjMzQFNsa3ZpcUQ6amtqXmJmK2BeaWpgYTojX19gXjZjMl42MTUtNjAuMWEjZGNyY3FnZmU1YS0tZDBhc3M%3D&btag=80000e00008000&dy_q=1785542783&feature_id=d6a18d7c5414b1f1e95a75faf9147845&l=20260801080622F7840132C3C96C033240&ply_type=3&policy=eyJ2bSI6MywidWlkIjoiMzEyOTY1MDYwMzg4ODE4NSJ9,未使用,审核通过,--,2,--,0,0,0,0,0,0,0,0,0,0,0,0,0,0,0
"	7660843558887325738",0710引导-小敏-5.mp4,https://video-cn.oceanengine.com/9b7039d203208139cb6db06d842f92e7/6a6fdb96/tos-cn-ve-51/oYyCv9LBsENIQXKPGQKRbCVAmuSp14heAQZSAu?a=1402&ch=0&cr=0&dr=3&cd=0%7C0%7C0%7C0&br=960&bt=960&cs=0&ds=3&ft=J9ThAGkHH_Myq8Z.ttR_e2NvjTQ&mime_type=video_mp4&qs=0&rc=NXZpTGRTaFBnKWxncmd5aHFsc3IxZGYzOjs7NmU1NTkzZ2dpNzZlQGlqaXJ0NGtvZGY8MzM0NjMzQFNsa3ZpcUQ6amtqXmJmK2BeaWpgYTojY2ExYF4yLTUyMWMwMTIxYmEjYXNfL3FnZmU1YS0tZDAvc3M%3D&btag=80000e00010000&dy_q=1785542783&feature_id=d6a18d7c5414b1f1e95a75faf9147845&l=20260801080622F7840132C3C96C033240&ply_type=3&policy=eyJ2bSI6MywidWlkIjoiMzEyOTY1MDYwMzg4ODE4NSJ9,未使用,审核通过,--,1,--,0,0,0,0,0,0,0,0,0,0,0,0,0,0,0
"	7660843528491237382",0710引导-小敏-3.mp4,https://video-cn.oceanengine.com/9391b6f2f65b57c7150e919393693484/6a6fdb88/tos-cn-ve-51/ow1KpoNyElGSAX1BIVqQ0AAmJmeSIhKbWQ84Rs?a=1402&ch=0&cr=0&dr=3&cd=0%7C0%7C0%7C0&br=536&bt=536&cs=0&ds=3&ft=J9ThAGkHH_Myq8Z.ttR_e2NvjTQ&mime_type=video_mp4&qs=0&rc=NXZpTGRTaFBnKWxncmd5aHFsc3IxZGY8NGg7OzY6OGY8PDVoaTs3QGkzZ2twO2tvZGY8MzM0NjMzQFNsa3ZpcUQ6amtqXmJmK2BeaWpgYTojXzBfYWA0MV4tMTQyYzMzX2EjNmJzbnFnZmU1YS0tZDAvc3M%3D&btag=80000e00008000&dy_q=1785542783&feature_id=d6a18d7c5414b1f1e95a75faf9147845&l=20260801080622F7840132C3C96C033240&ply_type=3&policy=eyJ2bSI6MywidWlkIjoiMzEyOTY1MDYwMzg4ODE4NSJ9,未使用,审核通过,--,1,--,0,0,0,0,0,0,0,0,0,0,0,0,0,0,0
"	7660452419795189823",0709引导+v-瑞晨-6.mp4,https://video-cn.oceanengine.com/41102d9e48f0e71cb748f27a2864e622/6a6fdb91/tos-cn-ve-51/o4A9m84ZJ17KJB1xPNxqhQ1sQtF9IB1fgEQAQk?a=1402&ch=0&cr=0&dr=3&cd=0%7C0%7C0%7C0&cv=1&br=877&bt=877&cs=0&ds=3&ft=J9ThAGkHH_Myq8Z.ttR_e2NvjTQ&mime_type=video_mp4&qs=0&rc=NXZpTGRTaFBnKWxncmd5aHFsc3IxZGZmNmg0Z2g1Z2c0ODdnODs6QGlqNzZnNWtvdHA8MzM0NjMzQFNsa3ZpcUQ6amtqXmJmK2BeaWpgYTojMl8tMC0yYDU1MWEuNDItX2EjanNfZ3FnZjY0YS0tZDAwc3M%3D&btag=80000e00010000&dy_q=1785542783&feature_id=d6a18d7c5414b1f1e95a75faf9147845&l=20260801080622F7840132C3C96C033240&ply_type=3&policy=eyJ2bSI6MywidWlkIjoiMzEyOTY1MDYwMzg4ODE4NSJ9,未使用,审核通过,--,1,--,0,0,0,0,0,0,0,0,0,0,0,0,0,0,0
"	7660452401267654692",0709引导+v-瑞晨-9.mp4,https://video-cn.oceanengine.com/19c204e782e25c0afc8f5431fa6a10f2/6a6fdb92/tos-cn-ve-51/oor1XJJLCAtrQmNqQIezJZh41KaqWQ7sgBA5PE?a=1402&ch=0&cr=0&dr=3&cd=0%7C0%7C0%7C0&cv=1&br=1119&bt=1119&cs=0&ds=3&ft=J9ThAGkHH_Myq8Z.ttR_e2NvjTQ&mime_type=video_mp4&qs=0&rc=NXZpTGRTaFBnKWxncmd5aHFsc3IxZGY8PDQ6NDtkOGk4Zjc4Ojo5QGlqZGdwZWtvdHA8MzM0NjMzQFNsa3ZpcUQ6amtqXmJmK2BeaWpgYTojLTYwLjEwL19eMV5gYmAzMGEjbWFlaXFnZjY0YS0tZDAwc3M%3D&btag=80000e00010000&dy_q=1785542783&feature_id=d6a18d7c5414b1f1e95a75faf9147845&l=20260801080622F7840132C3C96C033240&ply_type=3&policy=eyJ2bSI6MywidWlkIjoiMzEyOTY1MDYwMzg4ODE4NSJ9,未使用,审核通过,--,2,--,0,0,0,0,0,0,0,0,0,0,0,0,0,0,0
"	7660452400924835846",0709引导+v-瑞晨-3.mp4,https://video-cn.oceanengine.com/cc4e8174fde07039510ed4640f5391d7/6a6fdb92/tos-cn-ve-51/ocTZzPJs71IKJBQ1A1QEmZB92KFcEwBmg4hAQe?a=1402&ch=0&cr=0&dr=3&cd=0%7C0%7C0%7C0&cv=1&br=764&bt=764&cs=0&ds=3&ft=J9ThAGkHH_Myq8Z.ttR_e2NvjTQ&mime_type=video_mp4&qs=0&rc=NXZpTGRTaFBnKWxncmd5aHFsc3IxZGY3Z2g2ZjNpM2k3ZWlpMzpnQGlqZG07PGtvdHA8MzM0NjMzQFNsa3ZpcUQ6amtqXmJmK2BeaWpgYTojMWNgMTAwNV9jMV9gLV8tXmEjZHAycXFnZjY0YS0tZDBhc3M%3D&btag=80000e00010000&dy_q=1785542783&feature_id=d6a18d7c5414b1f1e95a75faf9147845&l=20260801080622F7840132C3C96C033240&ply_type=3&policy=eyJ2bSI6MywidWlkIjoiMzEyOTY1MDYwMzg4ODE4NSJ9,未使用,审核通过,--,1,--,0,0,0,0,0,0,0,0,0,0,0,0,0,0,0
"	7660452400634134570",0709引导+v-瑞晨-1.mp4,https://video-cn.oceanengine.com/02bf2d3eb74f892a265e539bb387d12e/6a6fdb94/tos-cn-ve-51/ogUsgfAflzz77M4UA8AIRygeqnGUFCBaljJbn0?a=1402&ch=0&cr=0&dr=3&cd=0%7C0%7C0%7C0&cv=1&br=1238&bt=1238&cs=0&ds=3&ft=J9ThAGkHH_Myq8Z.ttR_e2NvjTQ&mime_type=video_mp4&qs=0&rc=NXZpTGRTaFBnKWxncmd5aHFsc3IxZGY4ZTlmPDxmNGc8Mzk6ODVlQGlqc2xxNGtvdHA8MzM0NjMzQFNsa3ZpcUQ6amtqXmJmK2BeaWpgYTojMmAvYi9gL181MS40XjItNWEjY3NsNHFnZjY0YS0tZDBhc3M%3D&btag=80000e00010000&dy_q=1785542783&feature_id=d6a18d7c5414b1f1e95a75faf9147845&l=20260801080622F7840132C3C96C033240&ply_type=3&policy=eyJ2bSI6MywidWlkIjoiMzEyOTY1MDYwMzg4ODE4NSJ9,未使用,审核通过,--,6,--,0,0,0,0,0,0,0,0,0,0,0,0,0,0,0
"	7660371937247903787",0709引导-小敏-4-1.mp4,https://video-cn.oceanengine.com/984e922ce982f3cc3921623fc118ebd3/6a6fdb92/tos-cn-ve-51/ooEW2vjGPdGq6Bl5PF7f0BezQe20IMpYCEAA9f?a=1402&ch=0&cr=0&dr=3&cd=0%7C0%7C0%7C0&cv=1&br=740&bt=740&cs=0&ds=3&ft=J9ThAGkHH_Myq8Z.ttR_e2NvjTQ&mime_type=video_mp4&qs=0&rc=NXZpTGRTaFBnKWxncmd5aHFsc3IxZGZkMzs5OGc0Njw6OTg8Nzs1QGkzaXNlOWtvZWs8MzM0NjMzQFNsa3ZpcUQ6amtqXmJmK2BeaWpgYTojYGIxYF4xNV5iMTZgM2I0L2Ejc2BzbHFnbms0YS0tZDBhc3M%3D&btag=80000e00010000&dy_q=1785542783&feature_id=d6a18d7c5414b1f1e95a75faf9147845&l=20260801080622F7840132C3C96C033240&ply_type=3&policy=eyJ2bSI6MywidWlkIjoiMzEyOTY1MDYwMzg4ODE4NSJ9,已使用,审核通过,--,10,--,0,0,0,0,0,0,0,0,0,0,0,0,0,0,0
"	7660371917899792420",0709引导-小敏-1-1.mp4,https://video-cn.oceanengine.com/72d0b86725989a342bedcfa44805967d/6a6fdb94/tos-cn-ve-51/oYwMZq7TgunNAgseqIRkCM6EDEAeNxVNBMAcx0?a=1402&ch=0&cr=0&dr=3&cd=0%7C0%7C0%7C0&cv=1&br=841&bt=841&cs=0&ds=3&ft=J9ThAGkHH_Myq8Z.ttR_e2NvjTQ&mime_type=video_mp4&qs=0&rc=NXZpTGRTaFBnKWxncmd5aHFsc3IxZGZnOGZlZTo4aDM7Ojs1PDY6QGlqNmY7PGtvZms8MzM0NjMzQFNsa3ZpcUQ6amtqXmJmK2BeaWpgYTojXzNgMTItYTUwMTEwMGFhYWEjMC8ycXFnL2s0YS0tZDBhc3M%3D&btag=80000e00010000&dy_q=1785542783&feature_id=d6a18d7c5414b1f1e95a75faf9147845&l=20260801080622F7840132C3C96C033240&ply_type=3&policy=eyJ2bSI6MywidWlkIjoiMzEyOTY1MDYwMzg4ODE4NSJ9,未使用,审核通过,--,13,--,0,0,0,0,0,0,0,0,0,0,0,0,0,0,0
"	7660371908223402047",0709引导-小敏-5-1.mp4,https://video-cn.oceanengine.com/a8360e695646f995116b087d2b5c5efc/6a6fdb87/tos-cn-ve-51/ogKmuJs50BCwkPh8BJ3YGkQI4KAFegQWmAJ14E?a=1402&ch=0&cr=0&dr=3&cd=0%7C0%7C0%7C0&cv=1&br=1086&bt=1086&cs=0&ds=3&ft=J9ThAGkHH_Myq8Z.ttR_e2NvjTQ&mime_type=video_mp4&qs=0&rc=NXZpTGRTaFBnKWxncmd5aHFsc3IxZGZkM2RmMzs8PGY0PGU8O2c8QGkzcGw1aGtvZms8MzM0NjMzQFNsa3ZpcUQ6amtqXmJmK2BeaWpgYTojXl80XjFjMl5iMTFfLi5eLmEjMmBiLnFnL2s0YS0tZDAwc3M%3D&btag=80000e00008000&dy_q=1785542783&feature_id=d6a18d7c5414b1f1e95a75faf9147845&l=20260801080622F7840132C3C96C033240&ply_type=3&policy=eyJ2bSI6MywidWlkIjoiMzEyOTY1MDYwMzg4ODE4NSJ9,未使用,审核通过,--,6,--,0,0,0,0,0,0,0,0,0,0,0,0,0,0,0
"	7660371896212013110",0708-引导-嘉丽-3.mp4,https://video-cn.oceanengine.com/b1a2c6794e164d849dfe09360d4c43b3/6a6fdb91/tos-cn-ve-51/o8q1rSmtB34JePzsjG93XIG9gVBMEQAR4lQmBA?a=1402&ch=0&cr=0&dr=3&cd=0%7C0%7C0%7C0&cv=1&br=497&bt=497&cs=0&ds=3&ft=J9ThAGkHH_Myq8Z.ttR_e2NvjTQ&mime_type=video_mp4&qs=0&rc=NXZpTGRTaFBnKWxncmd5aHFsc3IxZGY1OGQ8M2U0NDdnZDhkNzU7QGlqOHM8O2tvZWs8MzM0NjMzQFNsa3ZpcUQ6amtqXmJmK2BeaWpgYTojYV9jNC00YzYvMV9iLjY0Y2EjXjJnZHFnbms0YS0tZDBhc3M%3D&btag=80000e00010000&dy_q=1785542783&feature_id=d6a18d7c5414b1f1e95a75faf9147845&l=20260801080622F7840132C3C96C033240&ply_type=3&policy=eyJ2bSI6MywidWlkIjoiMzEyOTY1MDYwMzg4ODE4NSJ9,已使用,审核通过,首发,14,--,0,0,0,0,0,0,0,0,0,0,0,0,0,0,0
"	7660371884819709994",0709引导-小敏-3-1.mp4,https://video-cn.oceanengine.com/8319cb576b87450bb2598a0de804c694/6a6fdb96/tos-cn-ve-51/oQCICOsEIAQ1XVJqyGehPABcL93CBBAg4A4mQm?a=1402&ch=0&cr=0&dr=3&cd=0%7C0%7C0%7C0&cv=1&br=729&bt=729&cs=0&ds=3&ft=J9ThAGkHH_Myq8Z.ttR_e2NvjTQ&mime_type=video_mp4&qs=0&rc=NXZpTGRTaFBnKWxncmd5aHFsc3IxZGY8PDVoZTNmOzdpOzc4OTRpQGlqNTxmOWtvZWs8MzM0NjMzQFNsa3ZpcUQ6amtqXmJmK2BeaWpgYTojYWIvMGNiMl40MTY2NDItM2EjMmxkZHFnbms0YS0tZDAvc3M%3D&btag=80000e00010000&dy_q=1785542783&feature_id=d6a18d7c5414b1f1e95a75faf9147845&l=20260801080622F7840132C3C96C033240&ply_type=3&policy=eyJ2bSI6MywidWlkIjoiMzEyOTY1MDYwMzg4ODE4NSJ9,未使用,审核通过,首发,6,--,0,0,0,0,0,0,0,0,0,0,0,0,0,0,0
"	7660186913555644470",0708引导-小敏-1.mp4,https://video-cn.oceanengine.com/20c80f5de55d2a01cb3f5bf2ad8c0956/6a6fdb91/tos-cn-ve-51/2bae3a7756eb456186673002a0168b64?a=1402&ch=0&cr=0&dr=3&cd=0%7C0%7C0%7C0&cv=1&br=675&bt=675&cs=0&ds=3&ft=J9ThAGkHH_Myq8Z.ttR_e2NvjTQ&mime_type=video_mp4&qs=0&rc=NXZpTGRTaFBnKWxncmd5aHFsc3IxZGY3ODNnMzVkOWY0aTw4O2c0QGkzO2pwZ2tvdTo8MzM0NjMzQFNsa3ZpcUQ6amtqXmJmK2BeaWpgYTojNWE1MDBjYl8tMWFjMi41NGEjajVpMnFnXjM0YS0tZDBhc3M%3D&btag=80000e00010000&dy_q=1785542783&feature_id=d6a18d7c5414b1f1e95a75faf9147845&l=20260801080622F7840132C3C96C033240&ply_type=3&policy=eyJ2bSI6MywidWlkIjoiMzEyOTY1MDYwMzg4ODE4NSJ9,未使用,审核通过,--,10,--,0,0,0,0,0,0,0,0,0,0,0,0,0,0,0
"	7660015933729521718",一键修复_0706引导+v瑞晨-6.mp4,https://video-cn.oceanengine.com/06e51ca399e26053b045d7482325b605/6a6fdb95/tos-cn-v-29cc83/oceBv9ADQQ5KtMJLW1rEOcCN4cISECe44u4psg?a=1402&ch=0&cr=0&dr=3&cd=0%7C0%7C0%7C0&br=873&bt=873&cs=0&ds=3&ft=J9ThAGkHH_Myq8Z.ttR_e2NvjTQ&mime_type=video_mp4&qs=0&rc=NXZpTGRTaFBnKWxncmd5aHFsc3IxZGY5OGQ0ZzwzOGg4PGZlZmY5QGkzPGt0OWtvdnc8NjM0aTwzQFNsa3ZpcUQ6amtqXmJmK2BeaWpgYTojNC4yL18zMl9gMTEyYV8zMGEjYnEwL3FnZmMzYS0tZC8vc3M%3D&btag=80000e00010000&dy_q=1785542783&feature_id=d6a18d7c5414b1f1e95a75faf9147845&l=20260801080622F7840132C3C96C033240&ply_type=3&policy=eyJ2bSI6MywidWlkIjoiMzEyOTY1MDYwMzg4ODE4NSJ9,未使用,审核通过,--,1,--,0,0,0,0,0,0,0,0,0,0,0,0,0,0,0
"	7659983321992708132",0706引导+v瑞晨-7.mp4,https://video-cn.oceanengine.com/5dfc4bfc558c3315797c3d542c62e400/6a6fdb95/tos-cn-ve-51/o0MbQg9RTzhi4SfbAg4AI0JOmx1QdACBKtslqT?a=1402&ch=0&cr=0&dr=3&cd=0%7C0%7C0%7C0&br=1838&bt=1838&cs=0&ds=4&ft=J9ThAGkHH_Myq8Z.ttR_e2NvjTQ&mime_type=video_mp4&qs=0&rc=NXZpTGRTaFBnKWxncmd5aHFsc3IxZGY1NGg3OTY7Zjo4MzozaWZmQGkzPGRoOmtva3U8MzM0NjMzQFNsa3ZpcUQ6amtqXmJmK2BeaWpgYTojYjM2NTFfMjY0MTAtLjAyYWEjNW9iYHFnXmgzYS0tZDAvc3M%3D&btag=80000e00010000&dy_q=1785542783&feature_id=d6a18d7c5414b1f1e95a75faf9147845&l=20260801080622F7840132C3C96C033240&ply_type=3&policy=eyJ2bSI6MywidWlkIjoiMzEyOTY1MDYwMzg4ODE4NSJ9,未使用,审核通过,--,1,--,0,0,0,0,0,0,0,0,0,0,0,0,0,0,0
"	7659983312489005110",0706引导+v瑞晨-9.mp4,https://video-cn.oceanengine.com/f48f0a9f2913ac7bd78b4a713aa16216/6a6fdb9d/tos-cn-ve-51/ocFgM012QumDsiiBetARQIE4NQ1hJaEAgCqbmn?a=1402&ch=0&cr=0&dr=3&cd=0%7C0%7C0%7C0&br=1447&bt=1447&cs=0&ds=4&ft=J9ThAGkHH_Myq8Z.ttR_e2NvjTQ&mime_type=video_mp4&qs=0&rc=NXZpTGRTaFBnKWxncmd5aHFsc3IxZGZpNzs6NGU8MzVmaTUzOjY0QGkzNmpnOmtva3U8MzM0NjMzQFNsa3ZpcUQ6amtqXmJmK2BeaWpgYTojMTNhXy4yL14wMTU1Mi81L2EjZDVlZXFnXmgzYS0tZDAwc3M%3D&btag=80000e00018000&dy_q=1785542783&feature_id=d6a18d7c5414b1f1e95a75faf9147845&l=20260801080622F7840132C3C96C033240&ply_type=3&policy=eyJ2bSI6MywidWlkIjoiMzEyOTY1MDYwMzg4ODE4NSJ9,未使用,审核通过,--,1,--,0,0,0,0,0,0,0,0,0,0,0,0,0,0,0
"	7659983301841698859",0706引导+v瑞晨-8.mp4,https://video-cn.oceanengine.com/6d6ad1072014ca18f20d1052e07385b6/6a6fdb94/tos-cn-ve-51/owLbNqJ7T6XZDd10AAIk5qpVEctge6QxgfDBsb?a=1402&ch=0&cr=0&dr=3&cd=0%7C0%7C0%7C0&br=1822&bt=1822&cs=0&ds=4&ft=J9ThAGkHH_Myq8Z.ttR_e2NvjTQ&mime_type=video_mp4&qs=0&rc=NXZpTGRTaFBnKWxncmd5aHFsc3IxZGZmZGY1Z2RkOjpoZ2U2ZDs8QGkzdnZnZGtva3U8MzM0NjMzQFNsa3ZpcUQ6amtqXmJmK2BeaWpgYTojY2MzMjVhNjVhMTY1LjEwYmEjb3Nia3FnL2gzYS0tZDAwc3M%3D&btag=80000e00010000&dy_q=1785542783&feature_id=d6a18d7c5414b1f1e95a75faf9147845&l=20260801080622F7840132C3C96C033240&ply_type=3&policy=eyJ2bSI6MywidWlkIjoiMzEyOTY1MDYwMzg4ODE4NSJ9,未使用,审核通过,--,0,--,0,0,0,0,0,0,0,0,0,0,0,0,0,0,0
"	7659983297766178859",0706引导+v瑞晨-10.mp4,https://video-cn.oceanengine.com/a5d9116690ec6d4567b1571315abc689/6a6fdb99/tos-cn-ve-51/o0INEQg2muHJAu41S9RvqVqeE0JBisEQm2tlA2?a=1402&ch=0&cr=0&dr=3&cd=0%7C0%7C0%7C0&br=1517&bt=1517&cs=0&ds=4&ft=J9ThAGkHH_Myq8Z.ttR_e2NvjTQ&mime_type=video_mp4&qs=0&rc=NXZpTGRTaFBnKWxncmd5aHFsc3IxZGZkN2k0OzQ3NjpoOmc3NGVoQGkzb3lxN2tva3U8MzM0NjMzQFNsa3ZpcUQ6amtqXmJmK2BeaWpgYTojYmFeNTYxYjZiMTIuLTUuMWEjL2BkaHFnXmgzYS0tZDBhc3M%3D&btag=80000e00010000&dy_q=1785542783&feature_id=d6a18d7c5414b1f1e95a75faf9147845&l=20260801080622F7840132C3C96C033240&ply_type=3&policy=eyJ2bSI6MywidWlkIjoiMzEyOTY1MDYwMzg4ODE4NSJ9,已使用,审核通过,--,1,--,0,0,0,0,0,0,0,0,0,0,0,0,0,0,0
"	7659679262665293865",0706引导+v瑞晨-1.mp4,https://video-cn.oceanengine.com/aea04c898551f5520d178330fa9124c0/6a6fdb9b/tos-cn-ve-51c800/oclB2Z9JBI4ygHQALlIQKOsf1MEXm11gmGblrA?a=1402&ch=0&cr=0&dr=3&cd=0%7C0%7C0%7C0&br=1782&bt=1782&cs=0&ds=4&ft=J9ThAGkHH_Myq8Z.ttR_e2NvjTQ&mime_type=video_mp4&qs=0&rc=NXZpTGRTaFBnKWxncmd5aHFsc3IxZGY7OGZlNGU3Ojc4PGZmNDtmQGlqNHFtNmtvamQ8MzM0NjMzQFNsa3ZpcUQ6amtqXmJmK2BeaWpgYTojNjJfLS42YV4wMWAwYWExYWEjZmBqc3FnL18zYS0tZDBhc3M%3D&btag=80000e00010000&dy_q=1785542783&feature_id=d6a18d7c5414b1f1e95a75faf9147845&l=20260801080622F7840132C3C96C033240&ply_type=3&policy=eyJ2bSI6MywidWlkIjoiMzEyOTY1MDYwMzg4ODE4NSJ9,未使用,审核通过,--,1,--,0,0,0,0,0,0,0,0,0,0,0,0,0,0,0
"	7659679252962541631",0706引导+v瑞晨-5.mp4,https://video-cn.oceanengine.com/99cd2f5a4a7745ef0aff5b2170a24efc/6a6fdb8c/tos-cn-ve-51/oEKbM1gAgQAsIjQxd44fm1EoJIELQqmKl9VBlU?a=1402&ch=0&cr=0&dr=3&cd=0%7C0%7C0%7C0&br=2554&bt=2554&cs=0&ds=4&ft=J9ThAGkHH_Myq8Z.ttR_e2NvjTQ&mime_type=video_mp4&qs=0&rc=NXZpTGRTaFBnKWxncmd5aHFsc3IxZGZkaTw2NjQ3OGU7PGU8MzU6QGlqeXFkaGtvamQ8MzM0NjMzQFNsa3ZpcUQ6amtqXmJmK2BeaWpgYTojMGJiMzUuMV8uMWNeNC5iX2EjXjBlcHFnL18zYS0tZDBhc3M%3D&btag=80000e00008000&dy_q=1785542783&feature_id=d6a18d7c5414b1f1e95a75faf9147845&l=20260801080622F7840132C3C96C033240&ply_type=3&policy=eyJ2bSI6MywidWlkIjoiMzEyOTY1MDYwMzg4ODE4NSJ9,未使用,审核通过,--,1,--,0,0,0,0,0,0,0,0,0,0,0,0,0,0,0
"	7659679243442913322",0706引导+v瑞晨-4.mp4,https://video-cn.oceanengine.com/a2e8ce3bf1e694b3fc15e30975c4d456/6a6fdb87/tos-cn-ve-51/oU69MDBqQoNCJWEf8KaBMIKYqafrA4zRTgsgAA?a=1402&ch=0&cr=0&dr=3&cd=0%7C0%7C0%7C0&br=2291&bt=2291&cs=0&ds=4&ft=J9ThAGkHH_Myq8Z.ttR_e2NvjTQ&mime_type=video_mp4&qs=0&rc=NXZpTGRTaFBnKWxncmd5aHFsc3IxZGY1Mzs4M2c4aWhpOWc5Njc7QGkzd2s7Z2tvaWQ8MzM0NjMzQFNsa3ZpcUQ6amtqXmJmK2BeaWpgYTojNmAxYWJiLTUzMS9fYjNgXmEjMF4uLXFnZl8zYS0tZDAvc3M%3D&btag=80000e00008000&dy_q=1785542783&feature_id=d6a18d7c5414b1f1e95a75faf9147845&l=20260801080622F7840132C3C96C033240&ply_type=3&policy=eyJ2bSI6MywidWlkIjoiMzEyOTY1MDYwMzg4ODE4NSJ9,已使用,审核通过,--,1,--,0,0,0,0,0,0,0,0,0,0,0,0,0,0,0
"	7659679226528383039",0706引导+v瑞晨-3.mp4,https://video-cn.oceanengine.com/dcb49297c861593b3e18895667c11b54/6a6fdb9b/tos-cn-ve-51/ok0WIC4Yf4AirQFGsKetANqQlDTgHBgTEYKlMs?a=1402&ch=0&cr=0&dr=3&cd=0%7C0%7C0%7C0&br=1654&bt=1654&cs=0&ds=4&ft=J9ThAGkHH_Myq8Z.ttR_e2NvjTQ&mime_type=video_mp4&qs=0&rc=NXZpTGRTaFBnKWxncmd5aHFsc3IxZGY3PGZpNzdlMzNmZDlnODszQGkzOjQ3Z2tvaWQ8MzM0NjMzQFNsa3ZpcUQ6amtqXmJmK2BeaWpgYTojNjYwNjU2NV4uMS5eLTMzMGEjcDMwYHFnZl8zYS0tZDAvc3M%3D&btag=80000e00010000&dy_q=1785542783&feature_id=d6a18d7c5414b1f1e95a75faf9147845&l=20260801080622F7840132C3C96C033240&ply_type=3&policy=eyJ2bSI6MywidWlkIjoiMzEyOTY1MDYwMzg4ODE4NSJ9,未使用,审核通过,--,1,--,0,0,0,0,0,0,0,0,0,0,0,0,0,0,0
"	7666333088523403306",主页图文1,"https://ad.oceanengine.com/material_center/outer/video_player?token=CmMwMI2K7GyK9A01%2Bkpcpx5ZRZHOPT6zLZEhCwmZdu7LF4V28vd09XEsyhXxAaPl8VxOZmzgAKdQ0QYIZh%2F6Kzkq0yIoWqeA547blRL6iAoqaPVhnRLr4%2B8huOfEAha%2FOHHYaYYaSwo8AAAAAAAAAAAAAFC5RNSXfJ67PnyzkuDusCiDFNRgXBPee4r6JFh3nXRkzN7sPpQ7%2B4j4%2FMK6O3ChH2MfELGrmA4Yvfeq7g4gASIBAwoY6aQ%3D
https://p3-mapi-sign.creativityeco.com/tos-cn-i-dy/5588d75d0b0c45f694565c9bf58d4658~tplv-iq460dd072-origin.image?key=%23rf0Lo0Zl7lN%2BcohtBWBeLLT9%2BT0RSKegPgdP5T6O%2BdHR20VFrtm2D1F55FlUQ7tJHraSs%2Blk5uSDGakBKETfaVEX%2Bn58P%2Bk8DBSMpsJi%2Fu58qw6g%2BonqcCfnp23OQUujvepMs21ydg0s9kx8RAZy5WikNgvV7sBhsg%3D%3D&lk3s=62ea907e&sign_for=m_api&x-expires=1785585962&x-signature=KazvQb3YbLgdsf3jV8pPQ5D%2B5c8%3D
https://p6-mapi-sign.creativityeco.com/tos-cn-i-dy/625dd8b856c44dc098a775dd4eae619d~tplv-iq460dd072-origin.image?key=%23rf0Lo0Zl7lN%2BcohtBWBeLLT9%2BT0RSKegPgdP5T6O%2BdHR20VFrtm2D1F55FlUQ7tJHraSs%2Blk5uSDGakBKETfaVEX%2Bn58P%2Bk8DBSMpsJi%2Fu58qw6g%2BonqcCfnp23OQUujvepMs21ydg0s9kx8RAZy5WikNgvV7sBhsg%3D%3D&lk3s=62ea907e&sign_for=m_api&x-expires=1785585962&x-signature=gLHnMKGOown9iBqAE5MFo5XmtPU%3D",,,,,,3.48,38,0,0,0,91.58,0,0,0,0,0,0,,,
"	7666333089019183123",主页图文2,"https://ad.oceanengine.com/material_center/outer/video_player?token=CmM3gaEDC0SmKNPLHuBiy7567xpuYJQ%2BP6YOcxc5fi9edSR%2Be5kgL5z7g0JsmPLH8Akzzd1W9rdjV0UWzjRZD1M1jVpIl9Glq3AQKtdzYX4WqZeV9ptSIGrgKeUhSkBFFdUj%2BVQaSwo8AAAAAAAAAAAAAFC5RNSXfJ67PnyzkuDusCiDFNRgXBPee4r6JFh3nXRkzN7sPpQ7%2B4j4%2FMK6O3ChH2MfEPCrmA4Yvfeq7g4gASIBA9ZIrE4%3D
https://p3-mapi-sign.creativityeco.com/tos-cn-i-dy/efef6fd33cde4f539e21e2fa606cfe58~tplv-iq460dd072-origin.image?key=%23rf0Lo0Zl7lN%2BcohtBWBeLLT9%2BT0RSKegPgdP5T6O%2BdHR20VFrtm2D1F55FlUQ7tJHraSs%2Blk5uSDGakBKETfaVEX%2Bn58P%2Bk8DBSMpsJi%2Fu58qw6g%2BonqcCfnp23OQUujvepMs21ydg0s9kx8RAZy5WikNgvV7sBhsg%3D%3D&lk3s=62ea907e&sign_for=m_api&x-expires=1785585961&x-signature=Yk6T89qaW%2FkeTI75OalQ93wn5I0%3D
https://p3-mapi-sign.creativityeco.com/tos-cn-i-dy/3ef916a272204e4ea9b350ee78d0889a~tplv-iq460dd072-origin.image?key=%23rf0Lo0Zl7lN%2BcohtBWBeLLT9%2BT0RSKegPgdP5T6O%2BdHR20VFrtm2D1F55FlUQ7tJHraSs%2Blk5uSDGakBKETfaVEX%2Bn58P%2Bk8DBSMpsJi%2Fu58qw6g%2BonqcCfnp23OQUujvepMs21ydg0s9kx8RAZy5WikNgvV7sBhsg%3D%3D&lk3s=62ea907e&sign_for=m_api&x-expires=1785585961&x-signature=6XvkHLKcGRLT1rReAiSC8P%2FxHdk%3D
https://p9-mapi-sign.creativityeco.com/tos-cn-i-dy/ccdb4ea379e14acf8214d782bd322d45~tplv-iq460dd072-origin.image?key=%23rf0Lo0Zl7lN%2BcohtBWBeLLT9%2BT0RSKegPgdP5T6O%2BdHR20VFrtm2D1F55FlUQ7tJHraSs%2Blk5uSDGakBKETfaVEX%2Bn58P%2Bk8DBSMpsJi%2Fu58qw6g%2BonqcCfnp23OQUujvepMs21ydg0s9kx8RAZy5WikNgvV7sBhsg%3D%3D&lk3s=62ea907e&sign_for=m_api&x-expires=1785585961&x-signature=TRiLDhhvIu0LhAZdgrNVDORRgyw%3D",,,,,,1.1,21,1,4.76,1.1,52.38,0,0,0,0,0,0,,,
"	7666333089157562387",主页图文3,"https://ad.oceanengine.com/material_center/outer/video_player?token=CmOLL%2BHuuL1S9%2B1r2s0OUbUlmnmZZ93HL3CQwtu68CaQJnMZEe%2FEq6l8T2vfbamUDGitIi74GcyzCAXv00pT8mepWcN%2BJ3qXeMLIpiGH0M%2B8CHCZ7qTME7lJyCxuDK52YnejR8caSwo8AAAAAAAAAAAAAFC5RNSXfJ67PnyzkuDusCiDFNRgXBPee4r6JFh3nXRkzN7sPpQ7%2B4j4%2FMK6O3ChH2MfELWrmA4Yvfeq7g4gASIBA6DjrdA%3D
https://p9-mapi-sign.creativityeco.com/tos-cn-i-dy/4031d3a136aa4568b12c04aee4442e18~tplv-iq460dd072-origin.image?key=%23rf0Lo0Zl7lN%2BcohtBWBeLLT9%2BT0RSKegPgdP5T6O%2BdHR20VFrtm2D1F55FlUQ7tJHraSs%2Blk5uSDGakBKETfaVEX%2Bn58P%2Bk8DBSMpsJi%2Fu58qw6g%2BonqcCfnp23OQUujvepMs21ydg0s9kx8RAZy5WikNgvV7sBhsg%3D%3D&lk3s=62ea907e&sign_for=m_api&x-expires=1785585962&x-signature=rY7SOtZkF%2B8V1ntO29RHyML%2BxsE%3D
https://p6-mapi-sign.creativityeco.com/tos-cn-i-dy/103cf62c7f5446908815ecbbf06a40d0~tplv-iq460dd072-origin.image?key=%23rf0Lo0Zl7lN%2BcohtBWBeLLT9%2BT0RSKegPgdP5T6O%2BdHR20VFrtm2D1F55FlUQ7tJHraSs%2Blk5uSDGakBKETfaVEX%2Bn58P%2Bk8DBSMpsJi%2Fu58qw6g%2BonqcCfnp23OQUujvepMs21ydg0s9kx8RAZy5WikNgvV7sBhsg%3D%3D&lk3s=62ea907e&sign_for=m_api&x-expires=1785585962&x-signature=e7AL%2FdCYrsURH6UnIop2vU3rdf0%3D
https://p3-mapi-sign.creativityeco.com/tos-cn-i-dy/870f0fdc600e4d098dd8bd6bc354acd8~tplv-iq460dd072-origin.image?key=%23rf0Lo0Zl7lN%2BcohtBWBeLLT9%2BT0RSKegPgdP5T6O%2BdHR20VFrtm2D1F55FlUQ7tJHraSs%2Blk5uSDGakBKETfaVEX%2Bn58P%2Bk8DBSMpsJi%2Fu58qw6g%2BonqcCfnp23OQUujvepMs21ydg0s9kx8RAZy5WikNgvV7sBhsg%3D%3D&lk3s=62ea907e&sign_for=m_api&x-expires=1785585962&x-signature=ndgXf0QZh9o9AHIhUrS%2Fy2ORaPw%3D",,,,,,0.96,36,1,2.78,0.96,26.67,0,0,0,0,0,0,,,
"	7666333092897914934",主页图文4,"https://ad.oceanengine.com/material_center/outer/video_player?token=CmO%2F3unUo2ycFSM%2BgrvGepekv3tBeyvURgzfOkKYidc%2BpgP4Y9H3ZUJ1oc5w2WVwKi0usgBQCE0cf4R2RwNhBVqq6i%2FXN2VLUFIwmPW0DplnuGtxtvgSuK17J2aYXq0G6kJxvs0aSwo8AAAAAAAAAAAAAFC5RNSXfJ67PnyzkuDusCiDFNRgXBPee4r6JFh3nXRkzN7sPpQ7%2B4j4%2FMK6O3ChH2MfEMCrmA4Yvfeq7g4gASIBA1u4loo%3D
https://p9-mapi-sign.creativityeco.com/tos-cn-i-dy/9fee1fbe27ec4fda84c58b7ebc8bef3c~tplv-iq460dd072-origin.image?key=%23rf0Lo0Zl7lN%2BcohtBWBeLLT9%2BT0RSKegPgdP5T6O%2BdHR20VFrtm2D1F55FlUQ7tJHraSs%2Blk5uSDGakBKETfaVEX%2Bn58P%2Bk8DBSMpsJi%2Fu58qw6g%2BonqcCfnp23OQUujvepMs21ydg0s9kx8RAZy5WikNgvV7sBhsg%3D%3D&lk3s=62ea907e&sign_for=m_api&x-expires=1785585961&x-signature=bt9X70tMkMHop0Xp6FJQvP2zrnc%3D
https://p3-mapi-sign.creativityeco.com/tos-cn-i-dy/c9787535ad624657ab055f2252731188~tplv-iq460dd072-origin.image?key=%23rf0Lo0Zl7lN%2BcohtBWBeLLT9%2BT0RSKegPgdP5T6O%2BdHR20VFrtm2D1F55FlUQ7tJHraSs%2Blk5uSDGakBKETfaVEX%2Bn58P%2Bk8DBSMpsJi%2Fu58qw6g%2BonqcCfnp23OQUujvepMs21ydg0s9kx8RAZy5WikNgvV7sBhsg%3D%3D&lk3s=62ea907e&sign_for=m_api&x-expires=1785585961&x-signature=PXojT%2FqPbcd0cVHThCjYGmjVI5c%3D
https://p3-mapi-sign.creativityeco.com/tos-cn-i-dy/6a9fcb1c6014415a9dfa63b6508de5db~tplv-iq460dd072-origin.image?key=%23rf0Lo0Zl7lN%2BcohtBWBeLLT9%2BT0RSKegPgdP5T6O%2BdHR20VFrtm2D1F55FlUQ7tJHraSs%2Blk5uSDGakBKETfaVEX%2Bn58P%2Bk8DBSMpsJi%2Fu58qw6g%2BonqcCfnp23OQUujvepMs21ydg0s9kx8RAZy5WikNgvV7sBhsg%3D%3D&lk3s=62ea907e&sign_for=m_api&x-expires=1785585961&x-signature=i2d8rm%2FDQBe2RfVmNNcIdWd3YC8%3D
https://p3-mapi-sign.creativityeco.com/tos-cn-i-dy/b43594dd4f044d588eec4b87324359ea~tplv-iq460dd072-origin.image?key=%23rf0Lo0Zl7lN%2BcohtBWBeLLT9%2BT0RSKegPgdP5T6O%2BdHR20VFrtm2D1F55FlUQ7tJHraSs%2Blk5uSDGakBKETfaVEX%2Bn58P%2Bk8DBSMpsJi%2Fu58qw6g%2BonqcCfnp23OQUujvepMs21ydg0s9kx8RAZy5WikNgvV7sBhsg%3D%3D&lk3s=62ea907e&sign_for=m_api&x-expires=1785585961&x-signature=IcQrQQPVPqcvSMDf59b3z31gPPI%3D",,,,,,17.13,601,14,2.33,1.22,28.5,3,5.71,21.43,0,0,0,,,
"	7667043792944840723",主页图文5,"https://ad.oceanengine.com/material_center/outer/video_player?token=CmNzbZgz1MVl6i5EQPve8%2B3My1GIIjh9vxMOjrJpqz9x2xVx02Siiqo2X2z5Lyw2V9O1XV%2FmerJ9p0aU7MoX4HOYmCbgsYV2ly5pQo4VllX%2F2%2BF9YLykZa5GVFJcEDldLfREidoaSwo8AAAAAAAAAAAAAFC5RNSXfJ67PnyzkuDusCiDFNRgXBPee4r6JFh3nXRkzN7sPpQ7%2B4j4%2FMK6O3ChH2MfEMWqmA4Yvfeq7g4gASIBA9GCLhQ%3D
https://p9-mapi-sign.creativityeco.com/tos-cn-i-dy/5efcfc3eb8d74f4698fa58d54094de6d~tplv-iq460dd072-origin.image?key=%23rf0Lo0Zl7lN%2BcohtBWBeLLT9%2BT0RSKegPgdP5T6O%2BdHR20VFrtm2D1F55FlUQ7tJHraSs%2Blk5uSDGakBKETfaVEX%2Bn58P%2Bk8DBSMpsJi%2Fu58qw6g%2BonqcCfnp23OQUujvepMs21ydg0s9kx8RAZy5WikNgvV7sBhsg%3D%3D&lk3s=62ea907e&sign_for=m_api&x-expires=1785585961&x-signature=rNmGBeGG7SgOTge9MEiH%2F6Ph80E%3D
https://p3-mapi-sign.creativityeco.com/tos-cn-i-dy/c0e463c4ee384096949d8e3c3c603f84~tplv-iq460dd072-origin.image?key=%23rf0Lo0Zl7lN%2BcohtBWBeLLT9%2BT0RSKegPgdP5T6O%2BdHR20VFrtm2D1F55FlUQ7tJHraSs%2Blk5uSDGakBKETfaVEX%2Bn58P%2Bk8DBSMpsJi%2Fu58qw6g%2BonqcCfnp23OQUujvepMs21ydg0s9kx8RAZy5WikNgvV7sBhsg%3D%3D&lk3s=62ea907e&sign_for=m_api&x-expires=1785585961&x-signature=zSz83jLsR7h1TXiqgTjiMlIKx9s%3D
https://p3-mapi-sign.creativityeco.com/tos-cn-i-dy/001cd9105a204e12a2df30cc5fcfdc76~tplv-iq460dd072-origin.image?key=%23rf0Lo0Zl7lN%2BcohtBWBeLLT9%2BT0RSKegPgdP5T6O%2BdHR20VFrtm2D1F55FlUQ7tJHraSs%2Blk5uSDGakBKETfaVEX%2Bn58P%2Bk8DBSMpsJi%2Fu58qw6g%2BonqcCfnp23OQUujvepMs21ydg0s9kx8RAZy5WikNgvV7sBhsg%3D%3D&lk3s=62ea907e&sign_for=m_api&x-expires=1785585961&x-signature=Pti9GakSPrhKYHJ527TxMR0O5Pg%3D",,,,,,3.21,54,1,1.85,3.21,59.44,1,3.21,100,0,0,0,,,
"	7667043801064734762",主页图文6,"https://ad.oceanengine.com/material_center/outer/video_player?token=CmOcHwFMVgHfLhBdJno4RUt9bKhZ0B%2FlRdX0nTzczT5Cau7btKk0giKUZAdp3wjh9t9DugnI1iAdy0nHh3Ky8xhHeOaH6d4nn%2BFlnA9k57qJjNyHYISHP5vWMkM2jt7ZvXJw7j0aSwo8AAAAAAAAAAAAAFC5RNSXfJ67PnyzkuDusCiDFNRgXBPee4r6JFh3nXRkzN7sPpQ7%2B4j4%2FMK6O3ChH2MfEP2rmA4Yvfeq7g4gASIBA3R3Ans%3D
https://p3-mapi-sign.creativityeco.com/tos-cn-i-dy/4b2c5022d44f4edfba4ebdec58024371~tplv-iq460dd072-origin.image?key=%23rf0Lo0Zl7lN%2BcohtBWBeLLT9%2BT0RSKegPgdP5T6O%2BdHR20VFrtm2D1F55FlUQ7tJHraSs%2Blk5uSDGakBKETfaVEX%2Bn58P%2Bk8DBSMpsJi%2Fu58qw6g%2BonqcCfnp23OQUujvepMs21ydg0s9kx8RAZy5WikNgvV7sBhsg%3D%3D&lk3s=62ea907e&sign_for=m_api&x-expires=1785585961&x-signature=sQtVhQOjR59EowOX6sYV8mcPljk%3D
https://p6-mapi-sign.creativityeco.com/tos-cn-i-dy/83921916901343e6b0e34d04c00d0728~tplv-iq460dd072-origin.image?key=%23rf0Lo0Zl7lN%2BcohtBWBeLLT9%2BT0RSKegPgdP5T6O%2BdHR20VFrtm2D1F55FlUQ7tJHraSs%2Blk5uSDGakBKETfaVEX%2Bn58P%2Bk8DBSMpsJi%2Fu58qw6g%2BonqcCfnp23OQUujvepMs21ydg0s9kx8RAZy5WikNgvV7sBhsg%3D%3D&lk3s=62ea907e&sign_for=m_api&x-expires=1785585961&x-signature=VuDsahi6U7hfZeY%2FPoGEGD14Xdc%3D
https://p6-mapi-sign.creativityeco.com/tos-cn-i-dy/e6b333041ab041198883950880d2e65a~tplv-iq460dd072-origin.image?key=%23rf0Lo0Zl7lN%2BcohtBWBeLLT9%2BT0RSKegPgdP5T6O%2BdHR20VFrtm2D1F55FlUQ7tJHraSs%2Blk5uSDGakBKETfaVEX%2Bn58P%2Bk8DBSMpsJi%2Fu58qw6g%2BonqcCfnp23OQUujvepMs21ydg0s9kx8RAZy5WikNgvV7sBhsg%3D%3D&lk3s=62ea907e&sign_for=m_api&x-expires=1785585961&x-signature=GRqXvFv6KYrjqr3ZiKjGddZbyuA%3D
https://p6-mapi-sign.creativityeco.com/tos-cn-i-dy/bdb1afe4cce541b4a2b2fad3e1c1fc64~tplv-iq460dd072-origin.image?key=%23rf0Lo0Zl7lN%2BcohtBWBeLLT9%2BT0RSKegPgdP5T6O%2BdHR20VFrtm2D1F55FlUQ7tJHraSs%2Blk5uSDGakBKETfaVEX%2Bn58P%2Bk8DBSMpsJi%2Fu58qw6g%2BonqcCfnp23OQUujvepMs21ydg0s9kx8RAZy5WikNgvV7sBhsg%3D%3D&lk3s=62ea907e&sign_for=m_api&x-expires=1785585961&x-signature=Ij5wZ4HUa%2F1qdWBZemJ6pj6XtxY%3D
https://p9-mapi-sign.creativityeco.com/tos-cn-i-dy/d3e160736bec45a69f6992a77e6185d4~tplv-iq460dd072-origin.image?key=%23rf0Lo0Zl7lN%2BcohtBWBeLLT9%2BT0RSKegPgdP5T6O%2BdHR20VFrtm2D1F55FlUQ7tJHraSs%2Blk5uSDGakBKETfaVEX%2Bn58P%2Bk8DBSMpsJi%2Fu58qw6g%2BonqcCfnp23OQUujvepMs21ydg0s9kx8RAZy5WikNgvV7sBhsg%3D%3D&lk3s=62ea907e&sign_for=m_api&x-expires=1785585961&x-signature=Fa%2BegyIS3EC8ai1GSajkS%2FbhRlU%3D
https://p9-mapi-sign.creativityeco.com/tos-cn-i-dy/0a90cb058f0e4a1092a50865a7a7d269~tplv-iq460dd072-origin.image?key=%23rf0Lo0Zl7lN%2BcohtBWBeLLT9%2BT0RSKegPgdP5T6O%2BdHR20VFrtm2D1F55FlUQ7tJHraSs%2Blk5uSDGakBKETfaVEX%2Bn58P%2Bk8DBSMpsJi%2Fu58qw6g%2BonqcCfnp23OQUujvepMs21ydg0s9kx8RAZy5WikNgvV7sBhsg%3D%3D&lk3s=62ea907e&sign_for=m_api&x-expires=1785585961&x-signature=pwy%2FqQW3qLB8du8MGv%2BHK%2F9iw1Q%3D",,,,,,2.21,44,1,2.27,2.21,50.23,0,0,0,0,0,0,,,
"	7667043802641760275",主页图文7,"https://ad.oceanengine.com/material_center/outer/video_player?token=CmMy4zGCMeftzz1tq%2BXfST6brWiZcrdgRQU6vBxafny6hSvfJXorZODmcuxZYX8TbUqTDLEhtVFMHAWOCICnwfXBPbjV5zrQXfiodntDkepw1NImkSLBNhxVbha%2BIc7VRCuhRtgaSwo8AAAAAAAAAAAAAFC5RNSXfJ67PnyzkuDusCiDFNRgXBPee4r6JFh3nXRkzN7sPpQ7%2B4j4%2FMK6O3ChH2MfENermA4Yvfeq7g4gASIBAzrB7cg%3D
https://p6-mapi-sign.creativityeco.com/tos-cn-i-dy/f524540c4cf04359a611e43c5ac9460f~tplv-iq460dd072-origin.image?key=%23rf0Lo0Zl7lN%2BcohtBWBeLLT9%2BT0RSKegPgdP5T6O%2BdHR20VFrtm2D1F55FlUQ7tJHraSs%2Blk5uSDGakBKETfaVEX%2Bn58P%2Bk8DBSMpsJi%2Fu58qw6g%2BonqcCfnp23OQUujvepMs21ydg0s9kx8RAZy5WikNgvV7sBhsg%3D%3D&lk3s=62ea907e&sign_for=m_api&x-expires=1785585962&x-signature=PGSc6x6teq0gcxXE%2BUru3eXF5O8%3D
https://p6-mapi-sign.creativityeco.com/tos-cn-i-dy/70344948e23b41c0866aeb0aaf56fd01~tplv-iq460dd072-origin.image?key=%23rf0Lo0Zl7lN%2BcohtBWBeLLT9%2BT0RSKegPgdP5T6O%2BdHR20VFrtm2D1F55FlUQ7tJHraSs%2Blk5uSDGakBKETfaVEX%2Bn58P%2Bk8DBSMpsJi%2Fu58qw6g%2BonqcCfnp23OQUujvepMs21ydg0s9kx8RAZy5WikNgvV7sBhsg%3D%3D&lk3s=62ea907e&sign_for=m_api&x-expires=1785585962&x-signature=m5nF7F87YgkGxUvrFRtI5WHqMF0%3D
https://p3-mapi-sign.creativityeco.com/tos-cn-i-dy/8d09da1d90f844cbb951d567adb579db~tplv-iq460dd072-origin.image?key=%23rf0Lo0Zl7lN%2BcohtBWBeLLT9%2BT0RSKegPgdP5T6O%2BdHR20VFrtm2D1F55FlUQ7tJHraSs%2Blk5uSDGakBKETfaVEX%2Bn58P%2Bk8DBSMpsJi%2Fu58qw6g%2BonqcCfnp23OQUujvepMs21ydg0s9kx8RAZy5WikNgvV7sBhsg%3D%3D&lk3s=62ea907e&sign_for=m_api&x-expires=1785585962&x-signature=bUBXv3rTsQBvw78wD3bXSIERrd8%3D
https://p9-mapi-sign.creativityeco.com/tos-cn-i-dy/9a1f0f3d4cde432bb4ab8aaef087d28d~tplv-iq460dd072-origin.image?key=%23rf0Lo0Zl7lN%2BcohtBWBeLLT9%2BT0RSKegPgdP5T6O%2BdHR20VFrtm2D1F55FlUQ7tJHraSs%2Blk5uSDGakBKETfaVEX%2Bn58P%2Bk8DBSMpsJi%2Fu58qw6g%2BonqcCfnp23OQUujvepMs21ydg0s9kx8RAZy5WikNgvV7sBhsg%3D%3D&lk3s=62ea907e&sign_for=m_api&x-expires=1785585962&x-signature=hhTal0myopLU1TEn5a8VEdhYa0I%3D
https://p6-mapi-sign.creativityeco.com/tos-cn-i-dy/9c5823f2874c426d8b24f5f2991a7691~tplv-iq460dd072-origin.image?key=%23rf0Lo0Zl7lN%2BcohtBWBeLLT9%2BT0RSKegPgdP5T6O%2BdHR20VFrtm2D1F55FlUQ7tJHraSs%2Blk5uSDGakBKETfaVEX%2Bn58P%2Bk8DBSMpsJi%2Fu58qw6g%2BonqcCfnp23OQUujvepMs21ydg0s9kx8RAZy5WikNgvV7sBhsg%3D%3D&lk3s=62ea907e&sign_for=m_api&x-expires=1785585962&x-signature=5x%2BqswMVV9hQpzqYe34gT1WUFEk%3D
https://p6-mapi-sign.creativityeco.com/tos-cn-i-dy/ccb0a19c54f34b3d8a18d1abd9a460fb~tplv-iq460dd072-origin.image?key=%23rf0Lo0Zl7lN%2BcohtBWBeLLT9%2BT0RSKegPgdP5T6O%2BdHR20VFrtm2D1F55FlUQ7tJHraSs%2Blk5uSDGakBKETfaVEX%2Bn58P%2Bk8DBSMpsJi%2Fu58qw6g%2BonqcCfnp23OQUujvepMs21ydg0s9kx8RAZy5WikNgvV7sBhsg%3D%3D&lk3s=62ea907e&sign_for=m_api&x-expires=1785585962&x-signature=7uKjaO4v14%2BN0bCWU%2BYmMBgaTCg%3D",,,,,,11.14,235,1,0.43,11.14,47.4,1,11.14,100,0,0,0,,,
"	7667043831206871083",主页图文8,"https://ad.oceanengine.com/material_center/outer/video_player?token=CmNekKrj%2FnHfiIqUqePcmqBfg%2BQ1CN%2FW2DTBzyEio7DK28MYhivQ0PhvJsS1blz7bcMyzyz288efEtdX6nkkjshoosgHxh1U6d09KYbRBYWdibULCYpyST%2B86ZBo7cnZEIRLUAcaSwo8AAAAAAAAAAAAAFC5RNSXfJ67PnyzkuDusCiDFNRgXBPee4r6JFh3nXRkzN7sPpQ7%2B4j4%2FMK6O3ChH2MfEI%2BrmA4Yvfeq7g4gASIBA1NCvWg%3D
https://p3-mapi-sign.creativityeco.com/tos-cn-i-dy/683d0e53f815432da197c511c9565725~tplv-iq460dd072-origin.image?key=%23rf0Lo0Zl7lN%2BcohtBWBeLLT9%2BT0RSKegPgdP5T6O%2BdHR20VFrtm2D1F55FlUQ7tJHraSs%2Blk5uSDGakBKETfaVEX%2Bn58P%2Bk8DBSMpsJi%2Fu58qw6g%2BonqcCfnp23OQUujvepMs21ydg0s9kx8RAZy5WikNgvV7sBhsg%3D%3D&lk3s=62ea907e&sign_for=m_api&x-expires=1785585961&x-signature=%2FEnCY2IuQtPI6OZyMcf8EUimpxA%3D
https://p6-mapi-sign.creativityeco.com/tos-cn-i-dy/456bba4645e347ee890f827e128f0aa3~tplv-iq460dd072-origin.image?key=%23rf0Lo0Zl7lN%2BcohtBWBeLLT9%2BT0RSKegPgdP5T6O%2BdHR20VFrtm2D1F55FlUQ7tJHraSs%2Blk5uSDGakBKETfaVEX%2Bn58P%2Bk8DBSMpsJi%2Fu58qw6g%2BonqcCfnp23OQUujvepMs21ydg0s9kx8RAZy5WikNgvV7sBhsg%3D%3D&lk3s=62ea907e&sign_for=m_api&x-expires=1785585961&x-signature=4PUsB0MGddPqqB93opd8tIZ8Ubc%3D
https://p3-mapi-sign.creativityeco.com/tos-cn-i-dy/feb760222a7c4f7a857c6f1bdb085478~tplv-iq460dd072-origin.image?key=%23rf0Lo0Zl7lN%2BcohtBWBeLLT9%2BT0RSKegPgdP5T6O%2BdHR20VFrtm2D1F55FlUQ7tJHraSs%2Blk5uSDGakBKETfaVEX%2Bn58P%2Bk8DBSMpsJi%2Fu58qw6g%2BonqcCfnp23OQUujvepMs21ydg0s9kx8RAZy5WikNgvV7sBhsg%3D%3D&lk3s=62ea907e&sign_for=m_api&x-expires=1785585961&x-signature=GI1spAjPxv%2FNsQmp1QTD%2Bbxhw7k%3D
https://p6-mapi-sign.creativityeco.com/tos-cn-i-dy/8ef94fee609247f58ba6a7c89be3858a~tplv-iq460dd072-origin.image?key=%23rf0Lo0Zl7lN%2BcohtBWBeLLT9%2BT0RSKegPgdP5T6O%2BdHR20VFrtm2D1F55FlUQ7tJHraSs%2Blk5uSDGakBKETfaVEX%2Bn58P%2Bk8DBSMpsJi%2Fu58qw6g%2BonqcCfnp23OQUujvepMs21ydg0s9kx8RAZy5WikNgvV7sBhsg%3D%3D&lk3s=62ea907e&sign_for=m_api&x-expires=1785585961&x-signature=QMWZZNtgI4k7UpJHUycp%2B8YZBX4%3D",,,,,,0.89,8,0,0,0,111.25,0,0,0,0,0,0,,,
"	7667043844014915638",主页图文9,"https://ad.oceanengine.com/material_center/outer/video_player?token=CmNHvWrLbt0v0AUH2%2BPtrL%2Fq0tOWQ76vJ1kqCgaCH%2B%2BJ4JQLswWkg4uArI6kLFIRUxavS%2BxSg%2B0PthmyZwBh3nAko22fklqKWOvTKKntkenlWAqE0k9R0tlyipaFqZfNBNKgPFAaSwo8AAAAAAAAAAAAAFC5RNSXfJ67PnyzkuDusCiDFNRgXBPee4r6JFh3nXRkzN7sPpQ7%2B4j4%2FMK6O3ChH2MfEOGpmA4Yvfeq7g4gASIBA5wV%2F%2BM%3D
https://p3-mapi-sign.creativityeco.com/tos-cn-i-dy/1d51fe9a82c342da9e76606924d6caf6~tplv-iq460dd072-origin.image?key=%23rf0Lo0Zl7lN%2BcohtBWBeLLT9%2BT0RSKegPgdP5T6O%2BdHR20VFrtm2D1F55FlUQ7tJHraSs%2Blk5uSDGakBKETfaVEX%2Bn58P%2Bk8DBSMpsJi%2Fu58qw6g%2BonqcCfnp23OQUujvepMs21ydg0s9kx8RAZy5WikNgvV7sBhsg%3D%3D&lk3s=62ea907e&sign_for=m_api&x-expires=1785585962&x-signature=4ogiLU9neEgXcbugM2eO772IzZs%3D",,,,,,0.44,13,0,0,0,33.85,0,0,0,0,0,0,,,
"	7668569790946066475",0730-图文-引流-瑞晨浩正-2,"https://ad.oceanengine.com/material_center/outer/video_player?token=CmOnBbyo%2BS8z%2Fyel7PscX%2Bfsn6KTnSkBPWe4D99ueOAtsk72CxFKm7Dr73cjc0jsEqGZmoO1o7L1OSIp6glfqsrQF8LQxO58XL32HRMNVv9%2BYZgqZydkHTIu7qyq59bGt3YL1JEaSwo8AAAAAAAAAAAAAFC5RNSXfJ67PnyzkuDusCiDFNRgXBPee4r6JFh3nXRkzN7sPpQ7%2B4j4%2FMK6O3ChH2MfEJKrmA4Yvfeq7g4gASIBA9o2%2BGY%3D
https://p9-mapi-sign.creativityeco.com/tos-cn-i-sd07hgqsbj/4c132fc705ab44bfa042ea1d0ab9fe47~tplv-iq460dd072-origin.image?key=%23rf0Lo0Zl7lN%2BcohtBWBeLLT9%2BT0RSKegPgdP5T6O%2BdHR20VFrtm2D1F55FlUQ7tJHraSs%2Blk5uSDGakBKETfaVEX%2Bn58P%2Bk8DBSMpsJi%2Fu58qw6g%2BonqcCfnp23OQUujvepMs21ydg0s9kx8RAZy5WikNgvV7sBhsg%3D%3D&lk3s=62ea907e&sign_for=m_api&x-expires=1785585962&x-signature=wyjz3mJwDM7Txq7XUgakVy6JGow%3D
https://p9-mapi-sign.creativityeco.com/tos-cn-i-sd07hgqsbj/4c08b0e349944507b82a5e123e6f8546~tplv-iq460dd072-origin.image?key=%23rf0Lo0Zl7lN%2BcohtBWBeLLT9%2BT0RSKegPgdP5T6O%2BdHR20VFrtm2D1F55FlUQ7tJHraSs%2Blk5uSDGakBKETfaVEX%2Bn58P%2Bk8DBSMpsJi%2Fu58qw6g%2BonqcCfnp23OQUujvepMs21ydg0s9kx8RAZy5WikNgvV7sBhsg%3D%3D&lk3s=62ea907e&sign_for=m_api&x-expires=1785585962&x-signature=LA5D1r9TZqES6SIH3lZtHsEe5Sk%3D
https://p6-mapi-sign.creativityeco.com/tos-cn-i-sd07hgqsbj/7858a915745648b286aa0276a6f2a5b9~tplv-iq460dd072-origin.image?key=%23rf0Lo0Zl7lN%2BcohtBWBeLLT9%2BT0RSKegPgdP5T6O%2BdHR20VFrtm2D1F55FlUQ7tJHraSs%2Blk5uSDGakBKETfaVEX%2Bn58P%2Bk8DBSMpsJi%2Fu58qw6g%2BonqcCfnp23OQUujvepMs21ydg0s9kx8RAZy5WikNgvV7sBhsg%3D%3D&lk3s=62ea907e&sign_for=m_api&x-expires=1785585962&x-signature=FmUW0ueiZBafg5HLgHUYUl%2Fkh7A%3D",,,,,,1.97,131,2,1.53,0.99,15.04,0,0,0,0,0,0,,,
"	7668601746575343635",0731-图文-引流-魏怡-1,"https://ad.oceanengine.com/material_center/outer/video_player?token=CmPHbp%2BrjneTvNHyX1K255Dh5jCW4DD0GoXDKKIIuMmXxhlfmuxdzIU1oLLetfAlF7LeJWD%2BxQ2fGqTtmVEOmklLHUp4B%2FDio8b6bDh8SPTSwkvlhMhnROGbXAt%2FA7%2FDUcxgfXcaSwo8AAAAAAAAAAAAAFC5RNSXfJ67PnyzkuDusCiDFNRgXBPee4r6JFh3nXRkzN7sPpQ7%2B4j4%2FMK6O3ChH2MfENermA4Yvfeq7g4gASIBAw1UlV0%3D
https://p9-mapi-sign.creativityeco.com/tos-cn-i-sd07hgqsbj/5faba6afea7b424aab8badb40e845799~tplv-iq460dd072-origin.image?key=%23rf0Lo0Zl7lN%2BcohtBWBeLLT9%2BT0RSKegPgdP5T6O%2BdHR20VFrtm2D1F55FlUQ7tJHraSs%2Blk5uSDGakBKETfaVEX%2Bn58P%2Bk8DBSMpsJi%2Fu58qw6g%2BonqcCfnp23OQUujvepMs21ydg0s9kx8RAZy5WikNgvV7sBhsg%3D%3D&lk3s=62ea907e&sign_for=m_api&x-expires=1785585962&x-signature=U6kLxlR8Wj906k8pau9bPHY7ArE%3D
https://p6-mapi-sign.creativityeco.com/tos-cn-i-sd07hgqsbj/3ba7f8d98de54a99a6f33436415d1318~tplv-iq460dd072-origin.image?key=%23rf0Lo0Zl7lN%2BcohtBWBeLLT9%2BT0RSKegPgdP5T6O%2BdHR20VFrtm2D1F55FlUQ7tJHraSs%2Blk5uSDGakBKETfaVEX%2Bn58P%2Bk8DBSMpsJi%2Fu58qw6g%2BonqcCfnp23OQUujvepMs21ydg0s9kx8RAZy5WikNgvV7sBhsg%3D%3D&lk3s=62ea907e&sign_for=m_api&x-expires=1785585962&x-signature=WSlb7QYj8sA3LJZ1qPdfVHn2Qf4%3D
https://p9-mapi-sign.creativityeco.com/tos-cn-i-sd07hgqsbj/61e174d956044877bb85469a97ec22c5~tplv-iq460dd072-origin.image?key=%23rf0Lo0Zl7lN%2BcohtBWBeLLT9%2BT0RSKegPgdP5T6O%2BdHR20VFrtm2D1F55FlUQ7tJHraSs%2Blk5uSDGakBKETfaVEX%2Bn58P%2Bk8DBSMpsJi%2Fu58qw6g%2BonqcCfnp23OQUujvepMs21ydg0s9kx8RAZy5WikNgvV7sBhsg%3D%3D&lk3s=62ea907e&sign_for=m_api&x-expires=1785585962&x-signature=YAqpbMUKVhhEJ3cMYUZhgRCg7%2BY%3D
https://p3-mapi-sign.creativityeco.com/tos-cn-i-sd07hgqsbj/e9bb24263c4c46a381c65415359cb6c1~tplv-iq460dd072-origin.image?key=%23rf0Lo0Zl7lN%2BcohtBWBeLLT9%2BT0RSKegPgdP5T6O%2BdHR20VFrtm2D1F55FlUQ7tJHraSs%2Blk5uSDGakBKETfaVEX%2Bn58P%2Bk8DBSMpsJi%2Fu58qw6g%2BonqcCfnp23OQUujvepMs21ydg0s9kx8RAZy5WikNgvV7sBhsg%3D%3D&lk3s=62ea907e&sign_for=m_api&x-expires=1785585962&x-signature=31kwVcreOfuvtWo2Zz2eZMVDe%2Fk%3D
https://p3-mapi-sign.creativityeco.com/tos-cn-i-sd07hgqsbj/93999ca80adb46008828627937e2a3b5~tplv-iq460dd072-origin.image?key=%23rf0Lo0Zl7lN%2BcohtBWBeLLT9%2BT0RSKegPgdP5T6O%2BdHR20VFrtm2D1F55FlUQ7tJHraSs%2Blk5uSDGakBKETfaVEX%2Bn58P%2Bk8DBSMpsJi%2Fu58qw6g%2BonqcCfnp23OQUujvepMs21ydg0s9kx8RAZy5WikNgvV7sBhsg%3D%3D&lk3s=62ea907e&sign_for=m_api&x-expires=1785585962&x-signature=gysPnWPpkvyApQ0S%2BHcQWfaR53M%3D",,,,,,4.59,276,17,6.16,0.27,16.63,0,0,0,0,0,0,,,
"	7668602963708280858",0731-图文-魏怡-2,"https://ad.oceanengine.com/material_center/outer/video_player?token=CmPnnMwe9Rpwa4T8RDtKJSviClv4i%2FkKJEzIXspcf0NDzFMOXIgw%2FhtTvNgf%2FrMI3S2am5AsjZQebnrlaXYv20ojmHglFjDuEcl5nynqbGdRtfStJl1do73kTwmRiA6LQC6b3lIaSwo8AAAAAAAAAAAAAFC5RNSXfJ67PnyzkuDusCiDFNRgXBPee4r6JFh3nXRkzN7sPpQ7%2B4j4%2FMK6O3ChH2MfEP2rmA4Yvfeq7g4gASIBA9znvO8%3D
https://p9-mapi-sign.creativityeco.com/tos-cn-i-sd07hgqsbj/50b54ba1daa84cfa8e857ff22914799d~tplv-iq460dd072-origin.image?key=%23rf0Lo0Zl7lN%2BcohtBWBeLLT9%2BT0RSKegPgdP5T6O%2BdHR20VFrtm2D1F55FlUQ7tJHraSs%2Blk5uSDGakBKETfaVEX%2Bn58P%2Bk8DBSMpsJi%2Fu58qw6g%2BonqcCfnp23OQUujvepMs21ydg0s9kx8RAZy5WikNgvV7sBhsg%3D%3D&lk3s=62ea907e&sign_for=m_api&x-expires=1785585961&x-signature=GPh4tabjFweD39mNI1M4%2FDreYB4%3D
https://p3-mapi-sign.creativityeco.com/tos-cn-i-sd07hgqsbj/924db3a8566f4d9097fceed01454be60~tplv-iq460dd072-origin.image?key=%23rf0Lo0Zl7lN%2BcohtBWBeLLT9%2BT0RSKegPgdP5T6O%2BdHR20VFrtm2D1F55FlUQ7tJHraSs%2Blk5uSDGakBKETfaVEX%2Bn58P%2Bk8DBSMpsJi%2Fu58qw6g%2BonqcCfnp23OQUujvepMs21ydg0s9kx8RAZy5WikNgvV7sBhsg%3D%3D&lk3s=62ea907e&sign_for=m_api&x-expires=1785585961&x-signature=mp10rQji%2BrJ56yMBP%2Bxw0B1vEqo%3D
https://p6-mapi-sign.creativityeco.com/tos-cn-i-sd07hgqsbj/73316a50a2e84451842f8594477b6335~tplv-iq460dd072-origin.image?key=%23rf0Lo0Zl7lN%2BcohtBWBeLLT9%2BT0RSKegPgdP5T6O%2BdHR20VFrtm2D1F55FlUQ7tJHraSs%2Blk5uSDGakBKETfaVEX%2Bn58P%2Bk8DBSMpsJi%2Fu58qw6g%2BonqcCfnp23OQUujvepMs21ydg0s9kx8RAZy5WikNgvV7sBhsg%3D%3D&lk3s=62ea907e&sign_for=m_api&x-expires=1785585961&x-signature=wMfew4MoHySNgjD9EOSfvUevghI%3D",,,,,,15.41,1039,58,5.58,0.27,14.83,0,0,0,0,0,0,,,
"	7668603748495802431",0731-图文-魏怡-3,"https://ad.oceanengine.com/material_center/outer/video_player?token=CmN9c1XLyJpKAVUZN1%2Fnfhw4T7%2B1axTC3fkhDRdxhzscAuVsU3b8zGa5ekrxi%2FneFEFs5%2FrkwESr8xLowejId22RlEaVCqP%2BZmOVakHvqnVN332IR1GgZSqUVzhhrA6M%2Fv0lZl8aSwo8AAAAAAAAAAAAAFC5RNSXfJ67PnyzkuDusCiDFNRgXBPee4r6JFh3nXRkzN7sPpQ7%2B4j4%2FMK6O3ChH2MfEIKqmA4Yvfeq7g4gASIBA1sViNw%3D
https://p3-mapi-sign.creativityeco.com/tos-cn-i-sd07hgqsbj/48e6d6c1e14e4c2f91b35e235864efac~tplv-iq460dd072-origin.image?key=%23rf0Lo0Zl7lN%2BcohtBWBeLLT9%2BT0RSKegPgdP5T6O%2BdHR20VFrtm2D1F55FlUQ7tJHraSs%2Blk5uSDGakBKETfaVEX%2Bn58P%2Bk8DBSMpsJi%2Fu58qw6g%2BonqcCfnp23OQUujvepMs21ydg0s9kx8RAZy5WikNgvV7sBhsg%3D%3D&lk3s=62ea907e&sign_for=m_api&x-expires=1785585962&x-signature=h%2FM4klbFclG6FpDap94CEXIm8Sk%3D
https://p3-mapi-sign.creativityeco.com/tos-cn-i-sd07hgqsbj/5165445fe1274710b0bf332e139d9013~tplv-iq460dd072-origin.image?key=%23rf0Lo0Zl7lN%2BcohtBWBeLLT9%2BT0RSKegPgdP5T6O%2BdHR20VFrtm2D1F55FlUQ7tJHraSs%2Blk5uSDGakBKETfaVEX%2Bn58P%2Bk8DBSMpsJi%2Fu58qw6g%2BonqcCfnp23OQUujvepMs21ydg0s9kx8RAZy5WikNgvV7sBhsg%3D%3D&lk3s=62ea907e&sign_for=m_api&x-expires=1785585962&x-signature=1TexSzLj%2F916IbWZc9kcko9d7kA%3D
https://p9-mapi-sign.creativityeco.com/tos-cn-i-sd07hgqsbj/3d1de5ee6b3b412fb045224cf4736097~tplv-iq460dd072-origin.image?key=%23rf0Lo0Zl7lN%2BcohtBWBeLLT9%2BT0RSKegPgdP5T6O%2BdHR20VFrtm2D1F55FlUQ7tJHraSs%2Blk5uSDGakBKETfaVEX%2Bn58P%2Bk8DBSMpsJi%2Fu58qw6g%2BonqcCfnp23OQUujvepMs21ydg0s9kx8RAZy5WikNgvV7sBhsg%3D%3D&lk3s=62ea907e&sign_for=m_api&x-expires=1785585962&x-signature=MiiqqNt03p%2BNZTXMe%2B84KsTCKyI%3D
https://p3-mapi-sign.creativityeco.com/tos-cn-i-sd07hgqsbj/89121d4da7f847d3991025ce5834b828~tplv-iq460dd072-origin.image?key=%23rf0Lo0Zl7lN%2BcohtBWBeLLT9%2BT0RSKegPgdP5T6O%2BdHR20VFrtm2D1F55FlUQ7tJHraSs%2Blk5uSDGakBKETfaVEX%2Bn58P%2Bk8DBSMpsJi%2Fu58qw6g%2BonqcCfnp23OQUujvepMs21ydg0s9kx8RAZy5WikNgvV7sBhsg%3D%3D&lk3s=62ea907e&sign_for=m_api&x-expires=1785585962&x-signature=F25XckkkkVLshvAfKhcdyP6gheI%3D
https://p6-mapi-sign.creativityeco.com/tos-cn-i-sd07hgqsbj/8303a2bf14ce47e3a17067aaf98da3a1~tplv-iq460dd072-origin.image?key=%23rf0Lo0Zl7lN%2BcohtBWBeLLT9%2BT0RSKegPgdP5T6O%2BdHR20VFrtm2D1F55FlUQ7tJHraSs%2Blk5uSDGakBKETfaVEX%2Bn58P%2Bk8DBSMpsJi%2Fu58qw6g%2BonqcCfnp23OQUujvepMs21ydg0s9kx8RAZy5WikNgvV7sBhsg%3D%3D&lk3s=62ea907e&sign_for=m_api&x-expires=1785585962&x-signature=x9sOHJbhzEP2RHdYTy84fpVUYqg%3D
https://p9-mapi-sign.creativityeco.com/tos-cn-i-sd07hgqsbj/910d27be612c4d05a133044dfc1578d0~tplv-iq460dd072-origin.image?key=%23rf0Lo0Zl7lN%2BcohtBWBeLLT9%2BT0RSKegPgdP5T6O%2BdHR20VFrtm2D1F55FlUQ7tJHraSs%2Blk5uSDGakBKETfaVEX%2Bn58P%2Bk8DBSMpsJi%2Fu58qw6g%2BonqcCfnp23OQUujvepMs21ydg0s9kx8RAZy5WikNgvV7sBhsg%3D%3D&lk3s=62ea907e&sign_for=m_api&x-expires=1785585962&x-signature=z5AQjHLyIVDUXeDuyE%2Fx1IeIy80%3D
https://p6-mapi-sign.creativityeco.com/tos-cn-i-sd07hgqsbj/bf1cf8694cf04d819cd9eaa4f7fd32ce~tplv-iq460dd072-origin.image?key=%23rf0Lo0Zl7lN%2BcohtBWBeLLT9%2BT0RSKegPgdP5T6O%2BdHR20VFrtm2D1F55FlUQ7tJHraSs%2Blk5uSDGakBKETfaVEX%2Bn58P%2Bk8DBSMpsJi%2Fu58qw6g%2BonqcCfnp23OQUujvepMs21ydg0s9kx8RAZy5WikNgvV7sBhsg%3D%3D&lk3s=62ea907e&sign_for=m_api&x-expires=1785585962&x-signature=HNqLwc0raMfL7Oo4655WIMXr3EI%3D",,,,,,2.16,101,8,7.92,0.27,21.39,0,0,0,0,0,0,,,
"	7668604338583765042",0731-图文-魏怡-4,"https://ad.oceanengine.com/material_center/outer/video_player?token=CmPfMetPDTg59Wr0IOPC%2Bm8EZ2TL6505h8wFywpCSM6KSMd4G2hi2eEc68ijbaM9pPh%2B6XcSQEZpW0uhiKxVLePvfEduxxgTxRLTT5%2Fam%2FP%2BfyRFmYXfCSTlafGIYNahzUpguloaSwo8AAAAAAAAAAAAAFC5RNSXfJ67PnyzkuDusCiDFNRgXBPee4r6JFh3nXRkzN7sPpQ7%2B4j4%2FMK6O3ChH2MfEKismA4Yvfeq7g4gASIBA9rEf6I%3D
https://p9-mapi-sign.creativityeco.com/tos-cn-i-sd07hgqsbj/20ced628c19740f5bacab5cda25051e4~tplv-iq460dd072-origin.image?key=%23rf0Lo0Zl7lN%2BcohtBWBeLLT9%2BT0RSKegPgdP5T6O%2BdHR20VFrtm2D1F55FlUQ7tJHraSs%2Blk5uSDGakBKETfaVEX%2Bn58P%2Bk8DBSMpsJi%2Fu58qw6g%2BonqcCfnp23OQUujvepMs21ydg0s9kx8RAZy5WikNgvV7sBhsg%3D%3D&lk3s=62ea907e&sign_for=m_api&x-expires=1785585962&x-signature=o2PlPsEylNKp%2BuKU0BkbhQYixCA%3D
https://p9-mapi-sign.creativityeco.com/tos-cn-i-sd07hgqsbj/15dbc9d8f15944489234abee14a76611~tplv-iq460dd072-origin.image?key=%23rf0Lo0Zl7lN%2BcohtBWBeLLT9%2BT0RSKegPgdP5T6O%2BdHR20VFrtm2D1F55FlUQ7tJHraSs%2Blk5uSDGakBKETfaVEX%2Bn58P%2Bk8DBSMpsJi%2Fu58qw6g%2BonqcCfnp23OQUujvepMs21ydg0s9kx8RAZy5WikNgvV7sBhsg%3D%3D&lk3s=62ea907e&sign_for=m_api&x-expires=1785585962&x-signature=F2A3YXcwg%2B%2F%2BVl%2Bwikj7eNR%2Bw8g%3D
https://p9-mapi-sign.creativityeco.com/tos-cn-i-sd07hgqsbj/13c1ca92c192454081be42b6dce349d5~tplv-iq460dd072-origin.image?key=%23rf0Lo0Zl7lN%2BcohtBWBeLLT9%2BT0RSKegPgdP5T6O%2BdHR20VFrtm2D1F55FlUQ7tJHraSs%2Blk5uSDGakBKETfaVEX%2Bn58P%2Bk8DBSMpsJi%2Fu58qw6g%2BonqcCfnp23OQUujvepMs21ydg0s9kx8RAZy5WikNgvV7sBhsg%3D%3D&lk3s=62ea907e&sign_for=m_api&x-expires=1785585962&x-signature=9U%2BtAuSLb2Hsfj8TL%2F8RvXUmuYw%3D
https://p6-mapi-sign.creativityeco.com/tos-cn-i-sd07hgqsbj/2d0fa69d382b46e2bbfee524bca39307~tplv-iq460dd072-origin.image?key=%23rf0Lo0Zl7lN%2BcohtBWBeLLT9%2BT0RSKegPgdP5T6O%2BdHR20VFrtm2D1F55FlUQ7tJHraSs%2Blk5uSDGakBKETfaVEX%2Bn58P%2Bk8DBSMpsJi%2Fu58qw6g%2BonqcCfnp23OQUujvepMs21ydg0s9kx8RAZy5WikNgvV7sBhsg%3D%3D&lk3s=62ea907e&sign_for=m_api&x-expires=1785585962&x-signature=6PYRzXbuasKpvFrt5xX8wgYG9Lo%3D
https://p3-mapi-sign.creativityeco.com/tos-cn-i-sd07hgqsbj/fc75608b2ec1483ca8c6239159a3fe7f~tplv-iq460dd072-origin.image?key=%23rf0Lo0Zl7lN%2BcohtBWBeLLT9%2BT0RSKegPgdP5T6O%2BdHR20VFrtm2D1F55FlUQ7tJHraSs%2Blk5uSDGakBKETfaVEX%2Bn58P%2Bk8DBSMpsJi%2Fu58qw6g%2BonqcCfnp23OQUujvepMs21ydg0s9kx8RAZy5WikNgvV7sBhsg%3D%3D&lk3s=62ea907e&sign_for=m_api&x-expires=1785585962&x-signature=NHG%2BJvvEGbBE7IxLYVPKPFJfEcs%3D
https://p9-mapi-sign.creativityeco.com/tos-cn-i-sd07hgqsbj/24fd0aa706e34f708d96131933c9917d~tplv-iq460dd072-origin.image?key=%23rf0Lo0Zl7lN%2BcohtBWBeLLT9%2BT0RSKegPgdP5T6O%2BdHR20VFrtm2D1F55FlUQ7tJHraSs%2Blk5uSDGakBKETfaVEX%2Bn58P%2Bk8DBSMpsJi%2Fu58qw6g%2BonqcCfnp23OQUujvepMs21ydg0s9kx8RAZy5WikNgvV7sBhsg%3D%3D&lk3s=62ea907e&sign_for=m_api&x-expires=1785585962&x-signature=f1YmkgK3jpL0DVMmdE6XI6%2FeucQ%3D",,,,,,7.42,363,19,5.23,0.39,20.44,0,0,0,0,0,0,,,
"	7668604720812392489",0731-图文-魏怡-5,"https://ad.oceanengine.com/material_center/outer/video_player?token=CmOzXivqJgEmBOqb2SZtZJDS0hw%2BMDZbtF17HvqJNJqLpIOPTJBUIdKi%2BeXSBaXztfL%2FgRY9rhuZ%2BKK%2BzL%2BH7gOXKuRu5YclPTxV%2BZGppmH88oKwFiHJHqfvtk9C1xTOlBxlV3AaSwo8AAAAAAAAAAAAAFC5RNSXfJ67PnyzkuDusCiDFNRgXBPee4r6JFh3nXRkzN7sPpQ7%2B4j4%2FMK6O3ChH2MfEMOqmA4Yvfeq7g4gASIBA7uli0w%3D
https://p9-mapi-sign.creativityeco.com/tos-cn-i-sd07hgqsbj/66e160e71c8d4e0aa507274c4e09acf5~tplv-iq460dd072-origin.image?key=%23rf0Lo0Zl7lN%2BcohtBWBeLLT9%2BT0RSKegPgdP5T6O%2BdHR20VFrtm2D1F55FlUQ7tJHraSs%2Blk5uSDGakBKETfaVEX%2Bn58P%2Bk8DBSMpsJi%2Fu58qw6g%2BonqcCfnp23OQUujvepMs21ydg0s9kx8RAZy5WikNgvV7sBhsg%3D%3D&lk3s=62ea907e&sign_for=m_api&x-expires=1785585961&x-signature=wCshat72pYEzWuI65VYogITng9A%3D
https://p6-mapi-sign.creativityeco.com/tos-cn-i-sd07hgqsbj/07b2a3ea47c04f4597e0ff0f94d6acbb~tplv-iq460dd072-origin.image?key=%23rf0Lo0Zl7lN%2BcohtBWBeLLT9%2BT0RSKegPgdP5T6O%2BdHR20VFrtm2D1F55FlUQ7tJHraSs%2Blk5uSDGakBKETfaVEX%2Bn58P%2Bk8DBSMpsJi%2Fu58qw6g%2BonqcCfnp23OQUujvepMs21ydg0s9kx8RAZy5WikNgvV7sBhsg%3D%3D&lk3s=62ea907e&sign_for=m_api&x-expires=1785585961&x-signature=CoOHpUdjvBe6lR0UESWzbrj%2BZv0%3D
https://p6-mapi-sign.creativityeco.com/tos-cn-i-sd07hgqsbj/45aec48f406b4fa4941d96c1a309a1dc~tplv-iq460dd072-origin.image?key=%23rf0Lo0Zl7lN%2BcohtBWBeLLT9%2BT0RSKegPgdP5T6O%2BdHR20VFrtm2D1F55FlUQ7tJHraSs%2Blk5uSDGakBKETfaVEX%2Bn58P%2Bk8DBSMpsJi%2Fu58qw6g%2BonqcCfnp23OQUujvepMs21ydg0s9kx8RAZy5WikNgvV7sBhsg%3D%3D&lk3s=62ea907e&sign_for=m_api&x-expires=1785585961&x-signature=DvIYQnpcGcEEks9YpjbeaW1%2Bkc8%3D
https://p6-mapi-sign.creativityeco.com/tos-cn-i-sd07hgqsbj/a33fa5d6db3f4c018da332e06e5c68d7~tplv-iq460dd072-origin.image?key=%23rf0Lo0Zl7lN%2BcohtBWBeLLT9%2BT0RSKegPgdP5T6O%2BdHR20VFrtm2D1F55FlUQ7tJHraSs%2Blk5uSDGakBKETfaVEX%2Bn58P%2Bk8DBSMpsJi%2Fu58qw6g%2BonqcCfnp23OQUujvepMs21ydg0s9kx8RAZy5WikNgvV7sBhsg%3D%3D&lk3s=62ea907e&sign_for=m_api&x-expires=1785585961&x-signature=CE1%2FIZK1tdIN7DQOtsDPy%2BAkLAU%3D
https://p6-mapi-sign.creativityeco.com/tos-cn-i-sd07hgqsbj/d5c1b8c8cfd74327b31d0a8f38409383~tplv-iq460dd072-origin.image?key=%23rf0Lo0Zl7lN%2BcohtBWBeLLT9%2BT0RSKegPgdP5T6O%2BdHR20VFrtm2D1F55FlUQ7tJHraSs%2Blk5uSDGakBKETfaVEX%2Bn58P%2Bk8DBSMpsJi%2Fu58qw6g%2BonqcCfnp23OQUujvepMs21ydg0s9kx8RAZy5WikNgvV7sBhsg%3D%3D&lk3s=62ea907e&sign_for=m_api&x-expires=1785585961&x-signature=1gd9JGhyHbIUqgA54ymlK%2BEhOIw%3D
https://p3-mapi-sign.creativityeco.com/tos-cn-i-sd07hgqsbj/01711a803ae34661a2904c48020b7069~tplv-iq460dd072-origin.image?key=%23rf0Lo0Zl7lN%2BcohtBWBeLLT9%2BT0RSKegPgdP5T6O%2BdHR20VFrtm2D1F55FlUQ7tJHraSs%2Blk5uSDGakBKETfaVEX%2Bn58P%2Bk8DBSMpsJi%2Fu58qw6g%2BonqcCfnp23OQUujvepMs21ydg0s9kx8RAZy5WikNgvV7sBhsg%3D%3D&lk3s=62ea907e&sign_for=m_api&x-expires=1785585961&x-signature=gzHfm2xT5XyNeR%2Freg985tfzb3E%3D",,,,,,0.73,41,4,9.76,0.18,17.8,1,0.73,25,0,0,0,,,
"	7668605730636398642",0731-瑞晨浩正图文-2,"https://ad.oceanengine.com/material_center/outer/video_player?token=CmOes6d%2FBmrKRrksui01%2ByNLyzIzAl1TXKlws0fc0QMmkZSBO48I9XQS%2BJNSGhugc4r5c5w49ktru0gN75rgEQWvaXvdZfLjoWvRx4dsqo59ADqiw8tIdefzdtwCcHA1NH3SJpYaSwo8AAAAAAAAAAAAAFC5RNSXfJ67PnyzkuDusCiDFNRgXBPee4r6JFh3nXRkzN7sPpQ7%2B4j4%2FMK6O3ChH2MfEKmrmA4Yvfeq7g4gASIBA5Q7Pg0%3D
https://p3-mapi-sign.creativityeco.com/tos-cn-i-sd07hgqsbj/efaf56671c714af6ae21528156cd17a8~tplv-iq460dd072-origin.image?key=%23rf0Lo0Zl7lN%2BcohtBWBeLLT9%2BT0RSKegPgdP5T6O%2BdHR20VFrtm2D1F55FlUQ7tJHraSs%2Blk5uSDGakBKETfaVEX%2Bn58P%2Bk8DBSMpsJi%2Fu58qw6g%2BonqcCfnp23OQUujvepMs21ydg0s9kx8RAZy5WikNgvV7sBhsg%3D%3D&lk3s=62ea907e&sign_for=m_api&x-expires=1785585961&x-signature=SDqeGkvZWR9upXZPDJfB1MS3K2o%3D
https://p9-mapi-sign.creativityeco.com/tos-cn-i-sd07hgqsbj/03c2f89bb1fb412ca03c063ff388c4a7~tplv-iq460dd072-origin.image?key=%23rf0Lo0Zl7lN%2BcohtBWBeLLT9%2BT0RSKegPgdP5T6O%2BdHR20VFrtm2D1F55FlUQ7tJHraSs%2Blk5uSDGakBKETfaVEX%2Bn58P%2Bk8DBSMpsJi%2Fu58qw6g%2BonqcCfnp23OQUujvepMs21ydg0s9kx8RAZy5WikNgvV7sBhsg%3D%3D&lk3s=62ea907e&sign_for=m_api&x-expires=1785585961&x-signature=Sxz%2BbIf3X0VrJM9Yoy7duiqNQ%2F8%3D
https://p9-mapi-sign.creativityeco.com/tos-cn-i-sd07hgqsbj/afd614dbc65c43c6b9cb6137a8264c3b~tplv-iq460dd072-origin.image?key=%23rf0Lo0Zl7lN%2BcohtBWBeLLT9%2BT0RSKegPgdP5T6O%2BdHR20VFrtm2D1F55FlUQ7tJHraSs%2Blk5uSDGakBKETfaVEX%2Bn58P%2Bk8DBSMpsJi%2Fu58qw6g%2BonqcCfnp23OQUujvepMs21ydg0s9kx8RAZy5WikNgvV7sBhsg%3D%3D&lk3s=62ea907e&sign_for=m_api&x-expires=1785585961&x-signature=j5nGh2AbnG%2FWRfoWCM%2BBv76S44M%3D",,,,,,2.13,126,2,1.59,1.07,16.9,0,0,0,0,0,0,,,
"	7668627469441253426",0730-图文-引流-瑞晨浩正-3,"https://ad.oceanengine.com/material_center/outer/video_player?token=CmMQmvrXPHMuwC8rHTGUhJe%2BYGebrClR4awSDkVqfZKoWp%2BzOqAnA43ekjgEij1n%2FZzeIf46i3%2BiKRkbRNu%2BLDp7a%2FhRcHkR3kbdAY5XxZcOkCkx2FR4C6rMB4ug2CEs2L8xBGQaSwo8AAAAAAAAAAAAAFC5RNSXfJ67PnyzkuDusCiDFNRgXBPee4r6JFh3nXRkzN7sPpQ7%2B4j4%2FMK6O3ChH2MfENyqmA4Yvfeq7g4gASIBA1gv4PM%3D
https://p9-mapi-sign.creativityeco.com/tos-cn-i-sd07hgqsbj/6fd56f21393b417a90f91fad43e9cc6a~tplv-iq460dd072-origin.image?key=%23rf0Lo0Zl7lN%2BcohtBWBeLLT9%2BT0RSKegPgdP5T6O%2BdHR20VFrtm2D1F55FlUQ7tJHraSs%2Blk5uSDGakBKETfaVEX%2Bn58P%2Bk8DBSMpsJi%2Fu58qw6g%2BonqcCfnp23OQUujvepMs21ydg0s9kx8RAZy5WikNgvV7sBhsg%3D%3D&lk3s=62ea907e&sign_for=m_api&x-expires=1785585961&x-signature=EGuH1x48bGVS1BsvGb%2B27JS3Z0s%3D
https://p3-mapi-sign.creativityeco.com/tos-cn-i-sd07hgqsbj/6f8464de68dd47bb910db892b68726ae~tplv-iq460dd072-origin.image?key=%23rf0Lo0Zl7lN%2BcohtBWBeLLT9%2BT0RSKegPgdP5T6O%2BdHR20VFrtm2D1F55FlUQ7tJHraSs%2Blk5uSDGakBKETfaVEX%2Bn58P%2Bk8DBSMpsJi%2Fu58qw6g%2BonqcCfnp23OQUujvepMs21ydg0s9kx8RAZy5WikNgvV7sBhsg%3D%3D&lk3s=62ea907e&sign_for=m_api&x-expires=1785585961&x-signature=RNomQTjMEcM3lNj2TyCreSUkvYc%3D
https://p6-mapi-sign.creativityeco.com/tos-cn-i-sd07hgqsbj/67d4c90f70764c46b01fcfc0a97f7af3~tplv-iq460dd072-origin.image?key=%23rf0Lo0Zl7lN%2BcohtBWBeLLT9%2BT0RSKegPgdP5T6O%2BdHR20VFrtm2D1F55FlUQ7tJHraSs%2Blk5uSDGakBKETfaVEX%2Bn58P%2Bk8DBSMpsJi%2Fu58qw6g%2BonqcCfnp23OQUujvepMs21ydg0s9kx8RAZy5WikNgvV7sBhsg%3D%3D&lk3s=62ea907e&sign_for=m_api&x-expires=1785585961&x-signature=ordQRfXktks9Mg5mHa4seTz6Des%3D
https://p9-mapi-sign.creativityeco.com/tos-cn-i-sd07hgqsbj/b60fbbdf486547368ef8a62266db85f3~tplv-iq460dd072-origin.image?key=%23rf0Lo0Zl7lN%2BcohtBWBeLLT9%2BT0RSKegPgdP5T6O%2BdHR20VFrtm2D1F55FlUQ7tJHraSs%2Blk5uSDGakBKETfaVEX%2Bn58P%2Bk8DBSMpsJi%2Fu58qw6g%2BonqcCfnp23OQUujvepMs21ydg0s9kx8RAZy5WikNgvV7sBhsg%3D%3D&lk3s=62ea907e&sign_for=m_api&x-expires=1785585961&x-signature=P14s5ljySUYsB9GBZStNHSzTTIw%3D",,,,,,5.92,438,16,3.65,0.37,13.52,0,0,0,0,0,0,,,
"	7668627938671411236",0730-图文-引流-瑞晨浩正-4,"https://ad.oceanengine.com/material_center/outer/video_player?token=CmO4zJ855W6P%2B2G4mAloNSAGFADCq6jBP0Id7zRg7VtD0vWCJZdC3Vciv2c3kiVdXqHCrSW8uTVL5fi9QTOL8Gw6wH8jWHZZRpdqJ2rXv5TYuYlZs%2Fks2GZuzDA05GbsR7HpV4saSwo8AAAAAAAAAAAAAFC5RNSXfJ67PnyzkuDusCiDFNRgXBPee4r6JFh3nXRkzN7sPpQ7%2B4j4%2FMK6O3ChH2MfEKarmA4Yvfeq7g4gASIBA%2FdAYfo%3D
https://p3-mapi-sign.creativityeco.com/tos-cn-i-sd07hgqsbj/1abfe42e7dfc4661b16f62e0fcac4f34~tplv-iq460dd072-origin.image?key=%23rf0Lo0Zl7lN%2BcohtBWBeLLT9%2BT0RSKegPgdP5T6O%2BdHR20VFrtm2D1F55FlUQ7tJHraSs%2Blk5uSDGakBKETfaVEX%2Bn58P%2Bk8DBSMpsJi%2Fu58qw6g%2BonqcCfnp23OQUujvepMs21ydg0s9kx8RAZy5WikNgvV7sBhsg%3D%3D&lk3s=62ea907e&sign_for=m_api&x-expires=1785585962&x-signature=kRunn3v5Tq6xnH%2FGAZrImyhx0Qg%3D
https://p6-mapi-sign.creativityeco.com/tos-cn-i-sd07hgqsbj/79035d04c1134b8d82cb5df43b903770~tplv-iq460dd072-origin.image?key=%23rf0Lo0Zl7lN%2BcohtBWBeLLT9%2BT0RSKegPgdP5T6O%2BdHR20VFrtm2D1F55FlUQ7tJHraSs%2Blk5uSDGakBKETfaVEX%2Bn58P%2Bk8DBSMpsJi%2Fu58qw6g%2BonqcCfnp23OQUujvepMs21ydg0s9kx8RAZy5WikNgvV7sBhsg%3D%3D&lk3s=62ea907e&sign_for=m_api&x-expires=1785585962&x-signature=PKIZbO%2Bk%2BhPk1FvP6OuofmSEC2w%3D
https://p3-mapi-sign.creativityeco.com/tos-cn-i-sd07hgqsbj/1a7912956fa64e4090827a1cf125a53e~tplv-iq460dd072-origin.image?key=%23rf0Lo0Zl7lN%2BcohtBWBeLLT9%2BT0RSKegPgdP5T6O%2BdHR20VFrtm2D1F55FlUQ7tJHraSs%2Blk5uSDGakBKETfaVEX%2Bn58P%2Bk8DBSMpsJi%2Fu58qw6g%2BonqcCfnp23OQUujvepMs21ydg0s9kx8RAZy5WikNgvV7sBhsg%3D%3D&lk3s=62ea907e&sign_for=m_api&x-expires=1785585962&x-signature=2V9f8EMi9Lg1KpRDCjdfCRqojM0%3D
https://p6-mapi-sign.creativityeco.com/tos-cn-i-sd07hgqsbj/570e37c836be40de9321d1ee78dc4107~tplv-iq460dd072-origin.image?key=%23rf0Lo0Zl7lN%2BcohtBWBeLLT9%2BT0RSKegPgdP5T6O%2BdHR20VFrtm2D1F55FlUQ7tJHraSs%2Blk5uSDGakBKETfaVEX%2Bn58P%2Bk8DBSMpsJi%2Fu58qw6g%2BonqcCfnp23OQUujvepMs21ydg0s9kx8RAZy5WikNgvV7sBhsg%3D%3D&lk3s=62ea907e&sign_for=m_api&x-expires=1785585962&x-signature=reQeDMMAsc%2BRexjxGcEzsFKwSd8%3D
https://p9-mapi-sign.creativityeco.com/tos-cn-i-sd07hgqsbj/9bbbb6d2d44b492daaa682e6f992b0d5~tplv-iq460dd072-origin.image?key=%23rf0Lo0Zl7lN%2BcohtBWBeLLT9%2BT0RSKegPgdP5T6O%2BdHR20VFrtm2D1F55FlUQ7tJHraSs%2Blk5uSDGakBKETfaVEX%2Bn58P%2Bk8DBSMpsJi%2Fu58qw6g%2BonqcCfnp23OQUujvepMs21ydg0s9kx8RAZy5WikNgvV7sBhsg%3D%3D&lk3s=62ea907e&sign_for=m_api&x-expires=1785585962&x-signature=iTpuzktiS0%2FW7Sr1mStJyWzA4IQ%3D
https://p3-mapi-sign.creativityeco.com/tos-cn-i-sd07hgqsbj/771e48a8c4334a5e9ec983268c63f911~tplv-iq460dd072-origin.image?key=%23rf0Lo0Zl7lN%2BcohtBWBeLLT9%2BT0RSKegPgdP5T6O%2BdHR20VFrtm2D1F55FlUQ7tJHraSs%2Blk5uSDGakBKETfaVEX%2Bn58P%2Bk8DBSMpsJi%2Fu58qw6g%2BonqcCfnp23OQUujvepMs21ydg0s9kx8RAZy5WikNgvV7sBhsg%3D%3D&lk3s=62ea907e&sign_for=m_api&x-expires=1785585962&x-signature=SnMBXlMOea2DuYWeinqOYThAFSs%3D
https://p3-mapi-sign.creativityeco.com/tos-cn-i-sd07hgqsbj/8b302a928aa7466f86bfa541016732a5~tplv-iq460dd072-origin.image?key=%23rf0Lo0Zl7lN%2BcohtBWBeLLT9%2BT0RSKegPgdP5T6O%2BdHR20VFrtm2D1F55FlUQ7tJHraSs%2Blk5uSDGakBKETfaVEX%2Bn58P%2Bk8DBSMpsJi%2Fu58qw6g%2BonqcCfnp23OQUujvepMs21ydg0s9kx8RAZy5WikNgvV7sBhsg%3D%3D&lk3s=62ea907e&sign_for=m_api&x-expires=1785585962&x-signature=6ozTitsM2jKtRdkElay3kMNNRWY%3D",,,,,,27.56,1634,71,4.35,0.39,16.87,2,13.78,2.82,0,0,0,,,
"	7668628354807349267",0730-图文-引流-瑞晨浩正-5,"https://ad.oceanengine.com/material_center/outer/video_player?token=CmMStq1iOaZIvjjg3hHqkexJTItut72ZNrJHbr6i6DRPG9vOTI3FWau%2F1n12xANcXAUercmm%2BuJXnJiurJ0yQceS6eDq7vVD4U4ZCxjkeQzISSsAc7zB4d3pWAruxXgoVbMSVIQaSwo8AAAAAAAAAAAAAFC5RNSXfJ67PnyzkuDusCiDFNRgXBPee4r6JFh3nXRkzN7sPpQ7%2B4j4%2FMK6O3ChH2MfELermA4Yvfeq7g4gASIBAw7y6UI%3D
https://p6-mapi-sign.creativityeco.com/tos-cn-i-sd07hgqsbj/fc25599edfa74182ada7533807e82d64~tplv-iq460dd072-origin.image?key=%23rf0Lo0Zl7lN%2BcohtBWBeLLT9%2BT0RSKegPgdP5T6O%2BdHR20VFrtm2D1F55FlUQ7tJHraSs%2Blk5uSDGakBKETfaVEX%2Bn58P%2Bk8DBSMpsJi%2Fu58qw6g%2BonqcCfnp23OQUujvepMs21ydg0s9kx8RAZy5WikNgvV7sBhsg%3D%3D&lk3s=62ea907e&sign_for=m_api&x-expires=1785585962&x-signature=aG541smMGMvxzbTMUjk7MD3Dhuc%3D
https://p6-mapi-sign.creativityeco.com/tos-cn-i-sd07hgqsbj/e2945f8c3cb844acb418263c34104efd~tplv-iq460dd072-origin.image?key=%23rf0Lo0Zl7lN%2BcohtBWBeLLT9%2BT0RSKegPgdP5T6O%2BdHR20VFrtm2D1F55FlUQ7tJHraSs%2Blk5uSDGakBKETfaVEX%2Bn58P%2Bk8DBSMpsJi%2Fu58qw6g%2BonqcCfnp23OQUujvepMs21ydg0s9kx8RAZy5WikNgvV7sBhsg%3D%3D&lk3s=62ea907e&sign_for=m_api&x-expires=1785585962&x-signature=X3%2Buo%2FD7EUUNR31pfX7hpzl0zS4%3D
https://p6-mapi-sign.creativityeco.com/tos-cn-i-sd07hgqsbj/d69da6ffca64451183de1d4d1e59d9c2~tplv-iq460dd072-origin.image?key=%23rf0Lo0Zl7lN%2BcohtBWBeLLT9%2BT0RSKegPgdP5T6O%2BdHR20VFrtm2D1F55FlUQ7tJHraSs%2Blk5uSDGakBKETfaVEX%2Bn58P%2Bk8DBSMpsJi%2Fu58qw6g%2BonqcCfnp23OQUujvepMs21ydg0s9kx8RAZy5WikNgvV7sBhsg%3D%3D&lk3s=62ea907e&sign_for=m_api&x-expires=1785585962&x-signature=lAYQZXDzA3pZnZrU2yCVI68M%2BFs%3D
https://p3-mapi-sign.creativityeco.com/tos-cn-i-sd07hgqsbj/48dff1359c1242b9873e17df946ba2fa~tplv-iq460dd072-origin.image?key=%23rf0Lo0Zl7lN%2BcohtBWBeLLT9%2BT0RSKegPgdP5T6O%2BdHR20VFrtm2D1F55FlUQ7tJHraSs%2Blk5uSDGakBKETfaVEX%2Bn58P%2Bk8DBSMpsJi%2Fu58qw6g%2BonqcCfnp23OQUujvepMs21ydg0s9kx8RAZy5WikNgvV7sBhsg%3D%3D&lk3s=62ea907e&sign_for=m_api&x-expires=1785585962&x-signature=0TItipxAbMSL9f3W3R6x5B4bfsY%3D",,,,,,3.68,212,5,2.36,0.74,17.36,0,0,0,0,0,0,,,
"	7668630485296791579",0731-国星引流-图文-1,"https://ad.oceanengine.com/material_center/outer/video_player?token=CmMq9EHpXpU1gPxWTMt0bb8zGGX7IlTpBVRZxtcAK0TcyIItgQ%2FtTae24z%2FogjT0o8Zga6c837Negxtk51AJsYHkoVO9YXWZuBR%2BLh%2BD%2Fbznc8JfqQaGvCgb84xGRU%2FVbvdjy3QaSwo8AAAAAAAAAAAAAFC5RNSXfJ67PnyzkuDusCiDFNRgXBPee4r6JFh3nXRkzN7sPpQ7%2B4j4%2FMK6O3ChH2MfELermA4Yvfeq7g4gASIBA3iyeqE%3D
https://p9-mapi-sign.creativityeco.com/tos-cn-i-sd07hgqsbj/65a0f6c8447047e3a0fb76f4ab9cd860~tplv-iq460dd072-origin.image?key=%23rf0Lo0Zl7lN%2BcohtBWBeLLT9%2BT0RSKegPgdP5T6O%2BdHR20VFrtm2D1F55FlUQ7tJHraSs%2Blk5uSDGakBKETfaVEX%2Bn58P%2Bk8DBSMpsJi%2Fu58qw6g%2BonqcCfnp23OQUujvepMs21ydg0s9kx8RAZy5WikNgvV7sBhsg%3D%3D&lk3s=62ea907e&sign_for=m_api&x-expires=1785585962&x-signature=nw9qYv6IV1VExb%2Br%2BL7dUage2Pc%3D
https://p6-mapi-sign.creativityeco.com/tos-cn-i-sd07hgqsbj/7465a131ab424e5cbcddd7b5a5894d57~tplv-iq460dd072-origin.image?key=%23rf0Lo0Zl7lN%2BcohtBWBeLLT9%2BT0RSKegPgdP5T6O%2BdHR20VFrtm2D1F55FlUQ7tJHraSs%2Blk5uSDGakBKETfaVEX%2Bn58P%2Bk8DBSMpsJi%2Fu58qw6g%2BonqcCfnp23OQUujvepMs21ydg0s9kx8RAZy5WikNgvV7sBhsg%3D%3D&lk3s=62ea907e&sign_for=m_api&x-expires=1785585962&x-signature=WKsbDTpjmm2Wj6x7XxkEKZ9zwtU%3D
https://p3-mapi-sign.creativityeco.com/tos-cn-i-sd07hgqsbj/8ef0518930404fcfb098710e846f5b9d~tplv-iq460dd072-origin.image?key=%23rf0Lo0Zl7lN%2BcohtBWBeLLT9%2BT0RSKegPgdP5T6O%2BdHR20VFrtm2D1F55FlUQ7tJHraSs%2Blk5uSDGakBKETfaVEX%2Bn58P%2Bk8DBSMpsJi%2Fu58qw6g%2BonqcCfnp23OQUujvepMs21ydg0s9kx8RAZy5WikNgvV7sBhsg%3D%3D&lk3s=62ea907e&sign_for=m_api&x-expires=1785585962&x-signature=G6L%2BWrSpo8SISTfY27yu9evyqQA%3D
https://p3-mapi-sign.creativityeco.com/tos-cn-i-sd07hgqsbj/bc6444ddb6c34b238b67b74a608d7aab~tplv-iq460dd072-origin.image?key=%23rf0Lo0Zl7lN%2BcohtBWBeLLT9%2BT0RSKegPgdP5T6O%2BdHR20VFrtm2D1F55FlUQ7tJHraSs%2Blk5uSDGakBKETfaVEX%2Bn58P%2Bk8DBSMpsJi%2Fu58qw6g%2BonqcCfnp23OQUujvepMs21ydg0s9kx8RAZy5WikNgvV7sBhsg%3D%3D&lk3s=62ea907e&sign_for=m_api&x-expires=1785585962&x-signature=Z2C1PK8suSMSCyMYGMG5O1%2FE4HU%3D
https://p6-mapi-sign.creativityeco.com/tos-cn-i-sd07hgqsbj/37906cce8e6348aaa06c3114657b9719~tplv-iq460dd072-origin.image?key=%23rf0Lo0Zl7lN%2BcohtBWBeLLT9%2BT0RSKegPgdP5T6O%2BdHR20VFrtm2D1F55FlUQ7tJHraSs%2Blk5uSDGakBKETfaVEX%2Bn58P%2Bk8DBSMpsJi%2Fu58qw6g%2BonqcCfnp23OQUujvepMs21ydg0s9kx8RAZy5WikNgvV7sBhsg%3D%3D&lk3s=62ea907e&sign_for=m_api&x-expires=1785585962&x-signature=GUiBUTX6M2OyN%2BC6zSgvZ1MCdHM%3D
https://p9-mapi-sign.creativityeco.com/tos-cn-i-sd07hgqsbj/486680e2a92b4719a78a081cc1e3eec3~tplv-iq460dd072-origin.image?key=%23rf0Lo0Zl7lN%2BcohtBWBeLLT9%2BT0RSKegPgdP5T6O%2BdHR20VFrtm2D1F55FlUQ7tJHraSs%2Blk5uSDGakBKETfaVEX%2Bn58P%2Bk8DBSMpsJi%2Fu58qw6g%2BonqcCfnp23OQUujvepMs21ydg0s9kx8RAZy5WikNgvV7sBhsg%3D%3D&lk3s=62ea907e&sign_for=m_api&x-expires=1785585962&x-signature=g7XBHUyCxt%2BvTelYru8MThUNLRY%3D
https://p6-mapi-sign.creativityeco.com/tos-cn-i-sd07hgqsbj/f8c5277da4414f8aad962f78bf10c9bc~tplv-iq460dd072-origin.image?key=%23rf0Lo0Zl7lN%2BcohtBWBeLLT9%2BT0RSKegPgdP5T6O%2BdHR20VFrtm2D1F55FlUQ7tJHraSs%2Blk5uSDGakBKETfaVEX%2Bn58P%2Bk8DBSMpsJi%2Fu58qw6g%2BonqcCfnp23OQUujvepMs21ydg0s9kx8RAZy5WikNgvV7sBhsg%3D%3D&lk3s=62ea907e&sign_for=m_api&x-expires=1785585962&x-signature=%2BXA5eq4vFY8W9QZSYBrCKpqor%2FY%3D",,,,,,0.98,60,2,3.33,0.49,16.33,0,0,0,0,0,0,,,
"	7668630892366086170",0731-国星引流-图文-2,"https://ad.oceanengine.com/material_center/outer/video_player?token=CmPG1nRqVF3cqOaFR4SGOF8uY8P%2F9w5RVmLLcBHJs8%2FgEd8m1RAuHlqRSTzq4yGXLRjzBuGmXx6G8Aj5VguFHdpGOGZ2KseNNiMVSFGqlITgoiWpaYvNzyiqiL0WoQTIY5%2BeogAaSwo8AAAAAAAAAAAAAFC5RNSXfJ67PnyzkuDusCiDFNRgXBPee4r6JFh3nXRkzN7sPpQ7%2B4j4%2FMK6O3ChH2MfEI6smA4Yvfeq7g4gASIBA61%2F9rU%3D
https://p6-mapi-sign.creativityeco.com/tos-cn-i-sd07hgqsbj/91cfb079011345aca9efba8961f8aa56~tplv-iq460dd072-origin.image?key=%23rf0Lo0Zl7lN%2BcohtBWBeLLT9%2BT0RSKegPgdP5T6O%2BdHR20VFrtm2D1F55FlUQ7tJHraSs%2Blk5uSDGakBKETfaVEX%2Bn58P%2Bk8DBSMpsJi%2Fu58qw6g%2BonqcCfnp23OQUujvepMs21ydg0s9kx8RAZy5WikNgvV7sBhsg%3D%3D&lk3s=62ea907e&sign_for=m_api&x-expires=1785585962&x-signature=6MvthB3jlqwIFPimVMpmYRtggOA%3D
https://p6-mapi-sign.creativityeco.com/tos-cn-i-sd07hgqsbj/6d42970803bf42848aac152e79631e29~tplv-iq460dd072-origin.image?key=%23rf0Lo0Zl7lN%2BcohtBWBeLLT9%2BT0RSKegPgdP5T6O%2BdHR20VFrtm2D1F55FlUQ7tJHraSs%2Blk5uSDGakBKETfaVEX%2Bn58P%2Bk8DBSMpsJi%2Fu58qw6g%2BonqcCfnp23OQUujvepMs21ydg0s9kx8RAZy5WikNgvV7sBhsg%3D%3D&lk3s=62ea907e&sign_for=m_api&x-expires=1785585962&x-signature=uSitB%2FBmK%2B6zh4ktDK8aQ0FWZDQ%3D
https://p6-mapi-sign.creativityeco.com/tos-cn-i-sd07hgqsbj/724ba1af04844de8b33d594b671159ff~tplv-iq460dd072-origin.image?key=%23rf0Lo0Zl7lN%2BcohtBWBeLLT9%2BT0RSKegPgdP5T6O%2BdHR20VFrtm2D1F55FlUQ7tJHraSs%2Blk5uSDGakBKETfaVEX%2Bn58P%2Bk8DBSMpsJi%2Fu58qw6g%2BonqcCfnp23OQUujvepMs21ydg0s9kx8RAZy5WikNgvV7sBhsg%3D%3D&lk3s=62ea907e&sign_for=m_api&x-expires=1785585962&x-signature=a71D14wRQnkYQcyspLdiK73JRww%3D
https://p3-mapi-sign.creativityeco.com/tos-cn-i-sd07hgqsbj/cf3d096810cf43008c9b7d238537e5c1~tplv-iq460dd072-origin.image?key=%23rf0Lo0Zl7lN%2BcohtBWBeLLT9%2BT0RSKegPgdP5T6O%2BdHR20VFrtm2D1F55FlUQ7tJHraSs%2Blk5uSDGakBKETfaVEX%2Bn58P%2Bk8DBSMpsJi%2Fu58qw6g%2BonqcCfnp23OQUujvepMs21ydg0s9kx8RAZy5WikNgvV7sBhsg%3D%3D&lk3s=62ea907e&sign_for=m_api&x-expires=1785585962&x-signature=4rGRRIPR3AlgMvX%2BjYKObN%2Flc%2Bw%3D
https://p3-mapi-sign.creativityeco.com/tos-cn-i-sd07hgqsbj/bd2240b3e85c4d2c9dde73ea9d5ca1f3~tplv-iq460dd072-origin.image?key=%23rf0Lo0Zl7lN%2BcohtBWBeLLT9%2BT0RSKegPgdP5T6O%2BdHR20VFrtm2D1F55FlUQ7tJHraSs%2Blk5uSDGakBKETfaVEX%2Bn58P%2Bk8DBSMpsJi%2Fu58qw6g%2BonqcCfnp23OQUujvepMs21ydg0s9kx8RAZy5WikNgvV7sBhsg%3D%3D&lk3s=62ea907e&sign_for=m_api&x-expires=1785585962&x-signature=C6Hzg%2FHJ9lc8HeU0zLzdQBl5R9Y%3D
https://p6-mapi-sign.creativityeco.com/tos-cn-i-sd07hgqsbj/3a6afcf38f384f7c8c8c4e66ba0b81ae~tplv-iq460dd072-origin.image?key=%23rf0Lo0Zl7lN%2BcohtBWBeLLT9%2BT0RSKegPgdP5T6O%2BdHR20VFrtm2D1F55FlUQ7tJHraSs%2Blk5uSDGakBKETfaVEX%2Bn58P%2Bk8DBSMpsJi%2Fu58qw6g%2BonqcCfnp23OQUujvepMs21ydg0s9kx8RAZy5WikNgvV7sBhsg%3D%3D&lk3s=62ea907e&sign_for=m_api&x-expires=1785585962&x-signature=%2Biw6j5LQPsHrvJRw9OJwgZX1rBY%3D",,,,,,8.27,466,17,3.65,0.49,17.75,0,0,0,0,0,0,,,
"	7668631296634568713",0731-国星引流-图文-3,"https://ad.oceanengine.com/material_center/outer/video_player?token=CmPXWNToBlZQbMOINe9kK1SVi1OjYRS7Ygdbbapnkk2t8Kqs7xkUO%2FdvBxQ5Zx2cS9w8gLXeeg9tcCV8V9vlGlu4ZEZ9DQkW%2BKqS2RMPFDJmhI4eDIBajhzMYfRgJQmX2i6Py1oaSwo8AAAAAAAAAAAAAFC5RNSXfJ67PnyzkuDusCiDFNRgXBPee4r6JFh3nXRkzN7sPpQ7%2B4j4%2FMK6O3ChH2MfELWrmA4Yvfeq7g4gASIBA6RUkdo%3D
https://p6-mapi-sign.creativityeco.com/tos-cn-i-sd07hgqsbj/e62915015be743878970f177d290a737~tplv-iq460dd072-origin.image?key=%23rf0Lo0Zl7lN%2BcohtBWBeLLT9%2BT0RSKegPgdP5T6O%2BdHR20VFrtm2D1F55FlUQ7tJHraSs%2Blk5uSDGakBKETfaVEX%2Bn58P%2Bk8DBSMpsJi%2Fu58qw6g%2BonqcCfnp23OQUujvepMs21ydg0s9kx8RAZy5WikNgvV7sBhsg%3D%3D&lk3s=62ea907e&sign_for=m_api&x-expires=1785585962&x-signature=kHR8ALzk%2FSN9CwIE6nNE5Eo2OV4%3D
https://p6-mapi-sign.creativityeco.com/tos-cn-i-sd07hgqsbj/9b6040bca2c94a00b8451070f8cb3e85~tplv-iq460dd072-origin.image?key=%23rf0Lo0Zl7lN%2BcohtBWBeLLT9%2BT0RSKegPgdP5T6O%2BdHR20VFrtm2D1F55FlUQ7tJHraSs%2Blk5uSDGakBKETfaVEX%2Bn58P%2Bk8DBSMpsJi%2Fu58qw6g%2BonqcCfnp23OQUujvepMs21ydg0s9kx8RAZy5WikNgvV7sBhsg%3D%3D&lk3s=62ea907e&sign_for=m_api&x-expires=1785585962&x-signature=lUG6MPgalWaOPBXXIn4GhyGDLf0%3D
https://p6-mapi-sign.creativityeco.com/tos-cn-i-sd07hgqsbj/49c548168c6047afad8d8944d1d715c1~tplv-iq460dd072-origin.image?key=%23rf0Lo0Zl7lN%2BcohtBWBeLLT9%2BT0RSKegPgdP5T6O%2BdHR20VFrtm2D1F55FlUQ7tJHraSs%2Blk5uSDGakBKETfaVEX%2Bn58P%2Bk8DBSMpsJi%2Fu58qw6g%2BonqcCfnp23OQUujvepMs21ydg0s9kx8RAZy5WikNgvV7sBhsg%3D%3D&lk3s=62ea907e&sign_for=m_api&x-expires=1785585962&x-signature=FFVfpOK3EHxdHUm4ztedU4a3Mww%3D
https://p9-mapi-sign.creativityeco.com/tos-cn-i-sd07hgqsbj/68505cb61f7f4dffb614db5dd2124c66~tplv-iq460dd072-origin.image?key=%23rf0Lo0Zl7lN%2BcohtBWBeLLT9%2BT0RSKegPgdP5T6O%2BdHR20VFrtm2D1F55FlUQ7tJHraSs%2Blk5uSDGakBKETfaVEX%2Bn58P%2Bk8DBSMpsJi%2Fu58qw6g%2BonqcCfnp23OQUujvepMs21ydg0s9kx8RAZy5WikNgvV7sBhsg%3D%3D&lk3s=62ea907e&sign_for=m_api&x-expires=1785585962&x-signature=8LiPHuBLG%2FCBMUG81hQ%2Bx7VGTGY%3D
https://p6-mapi-sign.creativityeco.com/tos-cn-i-sd07hgqsbj/4c3d7d68397946b7bb6b93aa8d24de59~tplv-iq460dd072-origin.image?key=%23rf0Lo0Zl7lN%2BcohtBWBeLLT9%2BT0RSKegPgdP5T6O%2BdHR20VFrtm2D1F55FlUQ7tJHraSs%2Blk5uSDGakBKETfaVEX%2Bn58P%2Bk8DBSMpsJi%2Fu58qw6g%2BonqcCfnp23OQUujvepMs21ydg0s9kx8RAZy5WikNgvV7sBhsg%3D%3D&lk3s=62ea907e&sign_for=m_api&x-expires=1785585962&x-signature=tYMhtUcY8SJci8A7gZYEWNvMBa8%3D
https://p3-mapi-sign.creativityeco.com/tos-cn-i-sd07hgqsbj/8db7b82dee0f4fdb9d68599642ca6172~tplv-iq460dd072-origin.image?key=%23rf0Lo0Zl7lN%2BcohtBWBeLLT9%2BT0RSKegPgdP5T6O%2BdHR20VFrtm2D1F55FlUQ7tJHraSs%2Blk5uSDGakBKETfaVEX%2Bn58P%2Bk8DBSMpsJi%2Fu58qw6g%2BonqcCfnp23OQUujvepMs21ydg0s9kx8RAZy5WikNgvV7sBhsg%3D%3D&lk3s=62ea907e&sign_for=m_api&x-expires=1785585962&x-signature=NLuQZzWM5g5uTOIKw3S%2BuAAym1M%3D",,,,,,13.47,680,51,7.5,0.26,19.81,0,0,0,0,0,0,,,
"	7668631986223759414",0731-国星引流-图文-4,"https://ad.oceanengine.com/material_center/outer/video_player?token=CmMtlto5CP35%2Be2nzSE7mJ17tvwkiQfR2Vu%2FCUsSIvUMG7sDHhHu66NZ77B2x4d1zGOSB4dj5FTA%2By0Nl95d97PP46yDyiaxyOF7J5TwDPwfD5CieiPFbbVaAJUuJ%2FQIGjauKYEaSwo8AAAAAAAAAAAAAFC5RNSXfJ67PnyzkuDusCiDFNRgXBPee4r6JFh3nXRkzN7sPpQ7%2B4j4%2FMK6O3ChH2MfEKarmA4Yvfeq7g4gASIBA8mhD4E%3D
https://p9-mapi-sign.creativityeco.com/tos-cn-i-sd07hgqsbj/c9ca6c15ca8f443ca0fd27dafe362639~tplv-iq460dd072-origin.image?key=%23rf0Lo0Zl7lN%2BcohtBWBeLLT9%2BT0RSKegPgdP5T6O%2BdHR20VFrtm2D1F55FlUQ7tJHraSs%2Blk5uSDGakBKETfaVEX%2Bn58P%2Bk8DBSMpsJi%2Fu58qw6g%2BonqcCfnp23OQUujvepMs21ydg0s9kx8RAZy5WikNgvV7sBhsg%3D%3D&lk3s=62ea907e&sign_for=m_api&x-expires=1785585962&x-signature=xQKZGxCG%2Fj%2FrfC40JHOkiGPjyz4%3D
https://p3-mapi-sign.creativityeco.com/tos-cn-i-sd07hgqsbj/0707d583b801481f8ab27684258e82a5~tplv-iq460dd072-origin.image?key=%23rf0Lo0Zl7lN%2BcohtBWBeLLT9%2BT0RSKegPgdP5T6O%2BdHR20VFrtm2D1F55FlUQ7tJHraSs%2Blk5uSDGakBKETfaVEX%2Bn58P%2Bk8DBSMpsJi%2Fu58qw6g%2BonqcCfnp23OQUujvepMs21ydg0s9kx8RAZy5WikNgvV7sBhsg%3D%3D&lk3s=62ea907e&sign_for=m_api&x-expires=1785585962&x-signature=bSxU0NoL94Ud1ci7onW%2BeqYyiro%3D
https://p9-mapi-sign.creativityeco.com/tos-cn-i-sd07hgqsbj/2a40d482726048a392d7a5e0ae3a49b0~tplv-iq460dd072-origin.image?key=%23rf0Lo0Zl7lN%2BcohtBWBeLLT9%2BT0RSKegPgdP5T6O%2BdHR20VFrtm2D1F55FlUQ7tJHraSs%2Blk5uSDGakBKETfaVEX%2Bn58P%2Bk8DBSMpsJi%2Fu58qw6g%2BonqcCfnp23OQUujvepMs21ydg0s9kx8RAZy5WikNgvV7sBhsg%3D%3D&lk3s=62ea907e&sign_for=m_api&x-expires=1785585962&x-signature=HoHZ7NWEVbzFMRmpuakhlf7gyp0%3D
https://p3-mapi-sign.creativityeco.com/tos-cn-i-sd07hgqsbj/731d603f5a1a4424a01a384fee7415eb~tplv-iq460dd072-origin.image?key=%23rf0Lo0Zl7lN%2BcohtBWBeLLT9%2BT0RSKegPgdP5T6O%2BdHR20VFrtm2D1F55FlUQ7tJHraSs%2Blk5uSDGakBKETfaVEX%2Bn58P%2Bk8DBSMpsJi%2Fu58qw6g%2BonqcCfnp23OQUujvepMs21ydg0s9kx8RAZy5WikNgvV7sBhsg%3D%3D&lk3s=62ea907e&sign_for=m_api&x-expires=1785585962&x-signature=fgzjt%2FjQGwmK2mbrZIQe9Pp04Uw%3D
https://p9-mapi-sign.creativityeco.com/tos-cn-i-sd07hgqsbj/e5f404e9780d43c5acc80acaa23f6d5c~tplv-iq460dd072-origin.image?key=%23rf0Lo0Zl7lN%2BcohtBWBeLLT9%2BT0RSKegPgdP5T6O%2BdHR20VFrtm2D1F55FlUQ7tJHraSs%2Blk5uSDGakBKETfaVEX%2Bn58P%2Bk8DBSMpsJi%2Fu58qw6g%2BonqcCfnp23OQUujvepMs21ydg0s9kx8RAZy5WikNgvV7sBhsg%3D%3D&lk3s=62ea907e&sign_for=m_api&x-expires=1785585962&x-signature=2e4P9v6Nh1G0WCUWpf4tfW1F3nE%3D
https://p9-mapi-sign.creativityeco.com/tos-cn-i-sd07hgqsbj/2fe73e520819413f8eb04108599102eb~tplv-iq460dd072-origin.image?key=%23rf0Lo0Zl7lN%2BcohtBWBeLLT9%2BT0RSKegPgdP5T6O%2BdHR20VFrtm2D1F55FlUQ7tJHraSs%2Blk5uSDGakBKETfaVEX%2Bn58P%2Bk8DBSMpsJi%2Fu58qw6g%2BonqcCfnp23OQUujvepMs21ydg0s9kx8RAZy5WikNgvV7sBhsg%3D%3D&lk3s=62ea907e&sign_for=m_api&x-expires=1785585962&x-signature=tRotA10dya3ObpMKqeApaNosFtg%3D
https://p3-mapi-sign.creativityeco.com/tos-cn-i-sd07hgqsbj/1e8aabca7ced4d37b1b639ac03145b08~tplv-iq460dd072-origin.image?key=%23rf0Lo0Zl7lN%2BcohtBWBeLLT9%2BT0RSKegPgdP5T6O%2BdHR20VFrtm2D1F55FlUQ7tJHraSs%2Blk5uSDGakBKETfaVEX%2Bn58P%2Bk8DBSMpsJi%2Fu58qw6g%2BonqcCfnp23OQUujvepMs21ydg0s9kx8RAZy5WikNgvV7sBhsg%3D%3D&lk3s=62ea907e&sign_for=m_api&x-expires=1785585962&x-signature=eDYyM90EFrXBRVTqK9tjn%2BhoRbo%3D
https://p6-mapi-sign.creativityeco.com/tos-cn-i-sd07hgqsbj/4fa67ca97a184d5489c883b89bf72b0a~tplv-iq460dd072-origin.image?key=%23rf0Lo0Zl7lN%2BcohtBWBeLLT9%2BT0RSKegPgdP5T6O%2BdHR20VFrtm2D1F55FlUQ7tJHraSs%2Blk5uSDGakBKETfaVEX%2Bn58P%2Bk8DBSMpsJi%2Fu58qw6g%2BonqcCfnp23OQUujvepMs21ydg0s9kx8RAZy5WikNgvV7sBhsg%3D%3D&lk3s=62ea907e&sign_for=m_api&x-expires=1785585962&x-signature=uBzwfp94RF2D2xEzIYu7CamePf4%3D",,,,,,1.97,126,0,0,0,15.63,0,0,0,0,0,0,,,
"	7668632349551132718",0731-国星引流-图文-5,"https://ad.oceanengine.com/material_center/outer/video_player?token=CmNiUybvxrvCZN%2BrKoxlRntrREQtcUAjlrzB5xZ9394hC1FxZ5f%2FQba2Mh99rAUMM8Pysg8COu03vowLLWfZq4EWmxwcIWWKSucmGDUnjozhJkQLtzrOid5MYNxJ74n4UyIiuQwaSwo8AAAAAAAAAAAAAFC5RNSXfJ67PnyzkuDusCiDFNRgXBPee4r6JFh3nXRkzN7sPpQ7%2B4j4%2FMK6O3ChH2MfEIKqmA4Yvfeq7g4gASIBA%2FvuZrI%3D
https://p9-mapi-sign.creativityeco.com/tos-cn-i-sd07hgqsbj/aa3868f5dfb24652ab4774fe07ce5a75~tplv-iq460dd072-origin.image?key=%23rf0Lo0Zl7lN%2BcohtBWBeLLT9%2BT0RSKegPgdP5T6O%2BdHR20VFrtm2D1F55FlUQ7tJHraSs%2Blk5uSDGakBKETfaVEX%2Bn58P%2Bk8DBSMpsJi%2Fu58qw6g%2BonqcCfnp23OQUujvepMs21ydg0s9kx8RAZy5WikNgvV7sBhsg%3D%3D&lk3s=62ea907e&sign_for=m_api&x-expires=1785585961&x-signature=hqJpTuLk%2BSm1kvR4gyfb9KDBfqg%3D
https://p3-mapi-sign.creativityeco.com/tos-cn-i-sd07hgqsbj/19cc736670024f189341e1b534aec2dd~tplv-iq460dd072-origin.image?key=%23rf0Lo0Zl7lN%2BcohtBWBeLLT9%2BT0RSKegPgdP5T6O%2BdHR20VFrtm2D1F55FlUQ7tJHraSs%2Blk5uSDGakBKETfaVEX%2Bn58P%2Bk8DBSMpsJi%2Fu58qw6g%2BonqcCfnp23OQUujvepMs21ydg0s9kx8RAZy5WikNgvV7sBhsg%3D%3D&lk3s=62ea907e&sign_for=m_api&x-expires=1785585961&x-signature=kC%2FC9n5d6D%2Fyt4MDYi%2FLLN51h24%3D
https://p3-mapi-sign.creativityeco.com/tos-cn-i-sd07hgqsbj/447a2a5f8d5940a3bd249e57f5f4ca6b~tplv-iq460dd072-origin.image?key=%23rf0Lo0Zl7lN%2BcohtBWBeLLT9%2BT0RSKegPgdP5T6O%2BdHR20VFrtm2D1F55FlUQ7tJHraSs%2Blk5uSDGakBKETfaVEX%2Bn58P%2Bk8DBSMpsJi%2Fu58qw6g%2BonqcCfnp23OQUujvepMs21ydg0s9kx8RAZy5WikNgvV7sBhsg%3D%3D&lk3s=62ea907e&sign_for=m_api&x-expires=1785585961&x-signature=FooupLrgMw1vBTsd59DMLhwwjm0%3D
https://p3-mapi-sign.creativityeco.com/tos-cn-i-sd07hgqsbj/a1bc969ae60d4d28962f611c1ef8eaee~tplv-iq460dd072-origin.image?key=%23rf0Lo0Zl7lN%2BcohtBWBeLLT9%2BT0RSKegPgdP5T6O%2BdHR20VFrtm2D1F55FlUQ7tJHraSs%2Blk5uSDGakBKETfaVEX%2Bn58P%2Bk8DBSMpsJi%2Fu58qw6g%2BonqcCfnp23OQUujvepMs21ydg0s9kx8RAZy5WikNgvV7sBhsg%3D%3D&lk3s=62ea907e&sign_for=m_api&x-expires=1785585961&x-signature=vvRsGY%2FNobnRQer7P%2BeIEU5YoFk%3D
https://p9-mapi-sign.creativityeco.com/tos-cn-i-sd07hgqsbj/26165f1bc595403b9895b046fcfc408b~tplv-iq460dd072-origin.image?key=%23rf0Lo0Zl7lN%2BcohtBWBeLLT9%2BT0RSKegPgdP5T6O%2BdHR20VFrtm2D1F55FlUQ7tJHraSs%2Blk5uSDGakBKETfaVEX%2Bn58P%2Bk8DBSMpsJi%2Fu58qw6g%2BonqcCfnp23OQUujvepMs21ydg0s9kx8RAZy5WikNgvV7sBhsg%3D%3D&lk3s=62ea907e&sign_for=m_api&x-expires=1785585961&x-signature=FnZW70L0L0pIJXAhw8hza%2BOoSxQ%3D
https://p9-mapi-sign.creativityeco.com/tos-cn-i-sd07hgqsbj/263bcf3638d245a2a3737a85e7cac0a3~tplv-iq460dd072-origin.image?key=%23rf0Lo0Zl7lN%2BcohtBWBeLLT9%2BT0RSKegPgdP5T6O%2BdHR20VFrtm2D1F55FlUQ7tJHraSs%2Blk5uSDGakBKETfaVEX%2Bn58P%2Bk8DBSMpsJi%2Fu58qw6g%2BonqcCfnp23OQUujvepMs21ydg0s9kx8RAZy5WikNgvV7sBhsg%3D%3D&lk3s=62ea907e&sign_for=m_api&x-expires=1785585961&x-signature=7xCL4Bqc6hLaLiqkShh%2FcWaUKCU%3D
https://p3-mapi-sign.creativityeco.com/tos-cn-i-sd07hgqsbj/c0ca23da93e0409492513ab392aa0ebb~tplv-iq460dd072-origin.image?key=%23rf0Lo0Zl7lN%2BcohtBWBeLLT9%2BT0RSKegPgdP5T6O%2BdHR20VFrtm2D1F55FlUQ7tJHraSs%2Blk5uSDGakBKETfaVEX%2Bn58P%2Bk8DBSMpsJi%2Fu58qw6g%2BonqcCfnp23OQUujvepMs21ydg0s9kx8RAZy5WikNgvV7sBhsg%3D%3D&lk3s=62ea907e&sign_for=m_api&x-expires=1785585961&x-signature=3SPMJcqxvV14kU%2Fnz8uVBYkNS0I%3D
https://p9-mapi-sign.creativityeco.com/tos-cn-i-sd07hgqsbj/c776e9b4f31b4ebda50d8accb2b036e7~tplv-iq460dd072-origin.image?key=%23rf0Lo0Zl7lN%2BcohtBWBeLLT9%2BT0RSKegPgdP5T6O%2BdHR20VFrtm2D1F55FlUQ7tJHraSs%2Blk5uSDGakBKETfaVEX%2Bn58P%2Bk8DBSMpsJi%2Fu58qw6g%2BonqcCfnp23OQUujvepMs21ydg0s9kx8RAZy5WikNgvV7sBhsg%3D%3D&lk3s=62ea907e&sign_for=m_api&x-expires=1785585961&x-signature=JsH8zxYQY2Ug3me9H229l7QsErg%3D",,,,,,0.18,27,2,7.41,0.09,6.67,0,0,0,0,0,0,,,
"	7668626976165281828",0730-图文-引流-瑞晨浩正-1,"https://ad.oceanengine.com/material_center/outer/video_player?token=CmPYW40c1dCSGFervEQt0MDHytB7C2vboPrJ7GR%2BMiu5VtiERSY%2BsWM5MRnM%2FVwkTazTEHzqZ%2BAD0ykZzg7bfPUu0MPZAPxIDXZuy5fTWYgssdIcmcebIpBoJNHYfdKIJIcScdsaSwo8AAAAAAAAAAAAAFC5RNSXfJ67PnyzkuDusCiDFNRgXBPee4r6JFh3nXRkzN7sPpQ7%2B4j4%2FMK6O3ChH2MfEMCrmA4Yvfeq7g4gASIBAx91By8%3D
https://p3-mapi-sign.creativityeco.com/tos-cn-i-sd07hgqsbj/4eedc5e074274fae83c9a655d4df39e9~tplv-iq460dd072-origin.image?key=%23rf0Lo0Zl7lN%2BcohtBWBeLLT9%2BT0RSKegPgdP5T6O%2BdHR20VFrtm2D1F55FlUQ7tJHraSs%2Blk5uSDGakBKETfaVEX%2Bn58P%2Bk8DBSMpsJi%2Fu58qw6g%2BonqcCfnp23OQUujvepMs21ydg0s9kx8RAZy5WikNgvV7sBhsg%3D%3D&lk3s=62ea907e&sign_for=m_api&x-expires=1785585962&x-signature=t3%2FACZpOCFlNlir1eWQrUoY3S9c%3D
https://p6-mapi-sign.creativityeco.com/tos-cn-i-sd07hgqsbj/3fa87a393ccd452fa5ac6b2e853cb40d~tplv-iq460dd072-origin.image?key=%23rf0Lo0Zl7lN%2BcohtBWBeLLT9%2BT0RSKegPgdP5T6O%2BdHR20VFrtm2D1F55FlUQ7tJHraSs%2Blk5uSDGakBKETfaVEX%2Bn58P%2Bk8DBSMpsJi%2Fu58qw6g%2BonqcCfnp23OQUujvepMs21ydg0s9kx8RAZy5WikNgvV7sBhsg%3D%3D&lk3s=62ea907e&sign_for=m_api&x-expires=1785585962&x-signature=7je2250uCgcSneTzlTtk2%2BHmAFs%3D
https://p9-mapi-sign.creativityeco.com/tos-cn-i-sd07hgqsbj/4108d35a46ec4f5d8572c6edeb8c84ae~tplv-iq460dd072-origin.image?key=%23rf0Lo0Zl7lN%2BcohtBWBeLLT9%2BT0RSKegPgdP5T6O%2BdHR20VFrtm2D1F55FlUQ7tJHraSs%2Blk5uSDGakBKETfaVEX%2Bn58P%2Bk8DBSMpsJi%2Fu58qw6g%2BonqcCfnp23OQUujvepMs21ydg0s9kx8RAZy5WikNgvV7sBhsg%3D%3D&lk3s=62ea907e&sign_for=m_api&x-expires=1785585962&x-signature=hVQp0hsKDOxEfNbFu98Ykj3chs0%3D
https://p9-mapi-sign.creativityeco.com/tos-cn-i-sd07hgqsbj/23d2967831c24987b8541916ad356aa9~tplv-iq460dd072-origin.image?key=%23rf0Lo0Zl7lN%2BcohtBWBeLLT9%2BT0RSKegPgdP5T6O%2BdHR20VFrtm2D1F55FlUQ7tJHraSs%2Blk5uSDGakBKETfaVEX%2Bn58P%2Bk8DBSMpsJi%2Fu58qw6g%2BonqcCfnp23OQUujvepMs21ydg0s9kx8RAZy5WikNgvV7sBhsg%3D%3D&lk3s=62ea907e&sign_for=m_api&x-expires=1785585962&x-signature=lgi6pTxvmgsbkHCbWyCRyNMgKVY%3D
https://p6-mapi-sign.creativityeco.com/tos-cn-i-sd07hgqsbj/3aa5a41b732f4171b138b04ba47df7e4~tplv-iq460dd072-origin.image?key=%23rf0Lo0Zl7lN%2BcohtBWBeLLT9%2BT0RSKegPgdP5T6O%2BdHR20VFrtm2D1F55FlUQ7tJHraSs%2Blk5uSDGakBKETfaVEX%2Bn58P%2Bk8DBSMpsJi%2Fu58qw6g%2BonqcCfnp23OQUujvepMs21ydg0s9kx8RAZy5WikNgvV7sBhsg%3D%3D&lk3s=62ea907e&sign_for=m_api&x-expires=1785585962&x-signature=w4Fufxw6Lck4alVeCtbvuPEqeQY%3D
https://p6-mapi-sign.creativityeco.com/tos-cn-i-sd07hgqsbj/902d80e007514f27ab7906e7fa0115a4~tplv-iq460dd072-origin.image?key=%23rf0Lo0Zl7lN%2BcohtBWBeLLT9%2BT0RSKegPgdP5T6O%2BdHR20VFrtm2D1F55FlUQ7tJHraSs%2Blk5uSDGakBKETfaVEX%2Bn58P%2Bk8DBSMpsJi%2Fu58qw6g%2BonqcCfnp23OQUujvepMs21ydg0s9kx8RAZy5WikNgvV7sBhsg%3D%3D&lk3s=62ea907e&sign_for=m_api&x-expires=1785585962&x-signature=uqXPKGJ%2FVMqyhWk31NO%2F7DaLHxk%3D
https://p3-mapi-sign.creativityeco.com/tos-cn-i-sd07hgqsbj/06438f854ab04d5daba723c054b4c211~tplv-iq460dd072-origin.image?key=%23rf0Lo0Zl7lN%2BcohtBWBeLLT9%2BT0RSKegPgdP5T6O%2BdHR20VFrtm2D1F55FlUQ7tJHraSs%2Blk5uSDGakBKETfaVEX%2Bn58P%2Bk8DBSMpsJi%2Fu58qw6g%2BonqcCfnp23OQUujvepMs21ydg0s9kx8RAZy5WikNgvV7sBhsg%3D%3D&lk3s=62ea907e&sign_for=m_api&x-expires=1785585962&x-signature=fq3hw7Ae1YJMsJFsxLNZF4Y0HRg%3D",,,,,,0,0,0,0,0,0,0,0,0,0,0,0,,,
"	7666333093406539795",7.66633E+18,"https://ad.oceanengine.com/material_center/outer/video_player?token=CmPKUxzG8mT2lEdM8v%2F5z%2BIDGPJVfZnk2oz6opRjSSaNJVQDzsXJCZMLQFUrxH6HzG84vD2g0ZGs8zc8yPy6FLJjG5wknL%2FI86aQQQQ4G1tcYXtUrWStuUZxW1ZL3OHlNeV%2FR%2FMaSwo8AAAAAAAAAAAAAFC5RNSXfJ67PnyzkuDusCiDFNRgXBPee4r6JFh3nXRkzN7sPpQ7%2B4j4%2FMK6O3ChH2MfEIKqmA4Yvfeq7g4gASIBA7XpSuM%3D
https://p3-mapi-sign.creativityeco.com/tos-cn-i-dy/9fa376dda9bf4145852284347d64b2f9~tplv-iq460dd072-origin.image?key=%23rf0Lo0Zl7lN%2BcohtBWBeLLT9%2BT0RSKegPgdP5T6O%2BdHR20VFrtm2D1F55FlUQ7tJHraSs%2Blk5uSDGakBKETfaVEX%2Bn58P%2Bk8DBSMpsJi%2Fu58qw6g%2BonqcCfnp23OQUujvepMs21ydg0s9kx8RAZy5WikNgvV7sBhsg%3D%3D&lk3s=62ea907e&sign_for=m_api&x-expires=1785585961&x-signature=frLH7Mx%2Ffek6f9tX6vY9SXanc9E%3D
https://p3-mapi-sign.creativityeco.com/tos-cn-i-dy/6db3f034e28c48c594005e127203fc3e~tplv-iq460dd072-origin.image?key=%23rf0Lo0Zl7lN%2BcohtBWBeLLT9%2BT0RSKegPgdP5T6O%2BdHR20VFrtm2D1F55FlUQ7tJHraSs%2Blk5uSDGakBKETfaVEX%2Bn58P%2Bk8DBSMpsJi%2Fu58qw6g%2BonqcCfnp23OQUujvepMs21ydg0s9kx8RAZy5WikNgvV7sBhsg%3D%3D&lk3s=62ea907e&sign_for=m_api&x-expires=1785585961&x-signature=d5hVxRxjSnnJ2kGjUgBhkyab5Hs%3D
https://p6-mapi-sign.creativityeco.com/tos-cn-i-dy/e37087110a4a4e72b4cd9fc6b33bab27~tplv-iq460dd072-origin.image?key=%23rf0Lo0Zl7lN%2BcohtBWBeLLT9%2BT0RSKegPgdP5T6O%2BdHR20VFrtm2D1F55FlUQ7tJHraSs%2Blk5uSDGakBKETfaVEX%2Bn58P%2Bk8DBSMpsJi%2Fu58qw6g%2BonqcCfnp23OQUujvepMs21ydg0s9kx8RAZy5WikNgvV7sBhsg%3D%3D&lk3s=62ea907e&sign_for=m_api&x-expires=1785585961&x-signature=oxzkRIwPFUpFsaPvuAzhsC4MIFc%3D
https://p9-mapi-sign.creativityeco.com/tos-cn-i-dy/05fdd7062c8944338137cb77e98316c3~tplv-iq460dd072-origin.image?key=%23rf0Lo0Zl7lN%2BcohtBWBeLLT9%2BT0RSKegPgdP5T6O%2BdHR20VFrtm2D1F55FlUQ7tJHraSs%2Blk5uSDGakBKETfaVEX%2Bn58P%2Bk8DBSMpsJi%2Fu58qw6g%2BonqcCfnp23OQUujvepMs21ydg0s9kx8RAZy5WikNgvV7sBhsg%3D%3D&lk3s=62ea907e&sign_for=m_api&x-expires=1785585961&x-signature=1ssyTBH1UOt5Pynues0QVTuCIPs%3D
https://p6-mapi-sign.creativityeco.com/tos-cn-i-dy/d586610acdcb4bd2a5dd1b9cfc1522b2~tplv-iq460dd072-origin.image?key=%23rf0Lo0Zl7lN%2BcohtBWBeLLT9%2BT0RSKegPgdP5T6O%2BdHR20VFrtm2D1F55FlUQ7tJHraSs%2Blk5uSDGakBKETfaVEX%2Bn58P%2Bk8DBSMpsJi%2Fu58qw6g%2BonqcCfnp23OQUujvepMs21ydg0s9kx8RAZy5WikNgvV7sBhsg%3D%3D&lk3s=62ea907e&sign_for=m_api&x-expires=1785585961&x-signature=671OoA6ZZm5FY22EUJcB48Yp2rU%3D",,,,,,0,0,0,0,0,0,0,0,0,0,0,0,,,
"	",,,,,,,,,,,,,,,,,,,,,,
"	7668327219403767818",0730-国星引流-高赞3,"https://ad.oceanengine.com/material_center/outer/video_player?token=CmNjw8Xsu5jVWV4u5Lxy9gVAJ4RX7fFndHpoQPSzMRam1ATIVMfY2p78sU%2Bh%2FFlqqzIGwomdJhQ1zTKgkOPU6DdO3Tn8fUMQRbUUJwft5x%2F5fjBA8I821j27OobHuqcbgzEZd2oaSwo8AAAAAAAAAAAAAFC5RNSXfJ67PnyzkuDusCiDFNRgXBPee4r6JFh3nXRkzN7sPpQ7%2B4j4%2FMK6O3ChH2MfEMOqmA4Yvfeq7g4gASIBA1Ci6jc%3D
https://p3-mapi-sign.creativityeco.com/tos-cn-i-sd07hgqsbj/93d70c67bbad4b75a95a5adf7b0b3c8d~tplv-iq460dd072-origin.image?key=%23TGeS6joMqq17DUHcPTQ1etAW8DbaIunFb6uCZ8OnKfX8vqrzlaUatGDziwXh7LF9J%2FYQshplZoW1d5n7xWxO89rz8xDzrF4wvbcaQl0OyPo8z9CMhX60qtgsOuPmezmIYuYvlUSlmVSwGiiqioKME7ui55pnNM16&lk3s=62ea907e&sign_for=m_api&x-expires=1785585995&x-signature=fbKph6uMyOPsSy%2BgAQRzXnMFMD4%3D
https://p3-mapi-sign.creativityeco.com/tos-cn-i-sd07hgqsbj/180cca8840974ea88b21fb4cf52f9047~tplv-iq460dd072-origin.image?key=%23TGeS6joMqq17DUHcPTQ1etAW8DbaIunFb6uCZ8OnKfX8vqrzlaUatGDziwXh7LF9J%2FYQshplZoW1d5n7xWxO89rz8xDzrF4wvbcaQl0OyPo8z9CMhX60qtgsOuPmezmIYuYvlUSlmVSwGiiqioKME7ui55pnNM16&lk3s=62ea907e&sign_for=m_api&x-expires=1785585995&x-signature=DTwWdKKU4dqOhi5QTUGUI3A%2Ftf0%3D
https://p9-mapi-sign.creativityeco.com/tos-cn-i-sd07hgqsbj/160e0360251b4f3e88a3a6248b1e4771~tplv-iq460dd072-origin.image?key=%23TGeS6joMqq17DUHcPTQ1etAW8DbaIunFb6uCZ8OnKfX8vqrzlaUatGDziwXh7LF9J%2FYQshplZoW1d5n7xWxO89rz8xDzrF4wvbcaQl0OyPo8z9CMhX60qtgsOuPmezmIYuYvlUSlmVSwGiiqioKME7ui55pnNM16&lk3s=62ea907e&sign_for=m_api&x-expires=1785585995&x-signature=EJkVYM4I6oPZJDssqJqAVPWH2NI%3D
https://p6-mapi-sign.creativityeco.com/tos-cn-i-sd07hgqsbj/40c07d50c53f4287b0a37276a1334806~tplv-iq460dd072-origin.image?key=%23TGeS6joMqq17DUHcPTQ1etAW8DbaIunFb6uCZ8OnKfX8vqrzlaUatGDziwXh7LF9J%2FYQshplZoW1d5n7xWxO89rz8xDzrF4wvbcaQl0OyPo8z9CMhX60qtgsOuPmezmIYuYvlUSlmVSwGiiqioKME7ui55pnNM16&lk3s=62ea907e&sign_for=m_api&x-expires=1785585995&x-signature=Ev6l%2BLcRsH9jlMBn22YB3GvIP9o%3D
https://p6-mapi-sign.creativityeco.com/tos-cn-i-sd07hgqsbj/e3aa063d634f465980c4ba113def8f63~tplv-iq460dd072-origin.image?key=%23TGeS6joMqq17DUHcPTQ1etAW8DbaIunFb6uCZ8OnKfX8vqrzlaUatGDziwXh7LF9J%2FYQshplZoW1d5n7xWxO89rz8xDzrF4wvbcaQl0OyPo8z9CMhX60qtgsOuPmezmIYuYvlUSlmVSwGiiqioKME7ui55pnNM16&lk3s=62ea907e&sign_for=m_api&x-expires=1785585995&x-signature=WQju59OjhcgJPY4tILQp%2BaDQdSg%3D
https://p3-mapi-sign.creativityeco.com/tos-cn-i-sd07hgqsbj/57d164e9a92b4f1191f0adc31d58038c~tplv-iq460dd072-origin.image?key=%23TGeS6joMqq17DUHcPTQ1etAW8DbaIunFb6uCZ8OnKfX8vqrzlaUatGDziwXh7LF9J%2FYQshplZoW1d5n7xWxO89rz8xDzrF4wvbcaQl0OyPo8z9CMhX60qtgsOuPmezmIYuYvlUSlmVSwGiiqioKME7ui55pnNM16&lk3s=62ea907e&sign_for=m_api&x-expires=1785585995&x-signature=ELPNvhg0P%2F6j0r9KDhinh5Xo8kw%3D
https://p6-mapi-sign.creativityeco.com/tos-cn-i-sd07hgqsbj/738fef8179c94d7f97bdbfbaabc3fd39~tplv-iq460dd072-origin.image?key=%23TGeS6joMqq17DUHcPTQ1etAW8DbaIunFb6uCZ8OnKfX8vqrzlaUatGDziwXh7LF9J%2FYQshplZoW1d5n7xWxO89rz8xDzrF4wvbcaQl0OyPo8z9CMhX60qtgsOuPmezmIYuYvlUSlmVSwGiiqioKME7ui55pnNM16&lk3s=62ea907e&sign_for=m_api&x-expires=1785585995&x-signature=pgbmVz2Vq%2Bo9OtlZjbpPPLVA%2FPI%3D
https://p3-mapi-sign.creativityeco.com/tos-cn-i-sd07hgqsbj/f9f2dc041a8b4088b5581f64cc44091e~tplv-iq460dd072-origin.image?key=%23TGeS6joMqq17DUHcPTQ1etAW8DbaIunFb6uCZ8OnKfX8vqrzlaUatGDziwXh7LF9J%2FYQshplZoW1d5n7xWxO89rz8xDzrF4wvbcaQl0OyPo8z9CMhX60qtgsOuPmezmIYuYvlUSlmVSwGiiqioKME7ui55pnNM16&lk3s=62ea907e&sign_for=m_api&x-expires=1785585995&x-signature=d%2FNvDEVHGHVPhvakJ%2F6qK28sSUQ%3D",,,,,,40.87,1698,60,3.53,0.68,24.07,2,20.44,3.33,0,0,0,0,1,0
"	7668318368286670898",0730图文-4,"https://ad.oceanengine.com/material_center/outer/video_player?token=CmOwmkjcT%2BDk9tVVuvFzopoBgEUSCTBN0o4rsJprW3NqQSrZbXHtuE81r9vmW6Tqd7PFjb7xBRLL3LX7FaugV14hJ7AFbgbBz2lz9mRmyCf6HAp8kYn1FWAWKClRu%2F0vagYTH0caSwo8AAAAAAAAAAAAAFC5RNSXfJ67PnyzkuDusCiDFNRgXBPee4r6JFh3nXRkzN7sPpQ7%2B4j4%2FMK6O3ChH2MfENermA4Yvfeq7g4gASIBA8uJaTc%3D
https://p3-mapi-sign.creativityeco.com/tos-cn-i-sd07hgqsbj/bf515298f0254180a3b897655f7ec6be~tplv-iq460dd072-origin.image?key=%23TGeS6joMqq17DUHcPTQ1etAW8DbaIunFb6uCZ8OnKfX8vqrzlaUatGDziwXh7LF9J%2FYQshplZoW1d5n7xWxO89rz8xDzrF4wvbcaQl0OyPo8z9CMhX60qtgsOuPmezmIYuYvlUSlmVSwGiiqioKME7ui55pnNM16&lk3s=62ea907e&sign_for=m_api&x-expires=1785585995&x-signature=sSdlCiVIXQcP0sW7KnvhwH7wlqs%3D
https://p3-mapi-sign.creativityeco.com/tos-cn-i-sd07hgqsbj/5fec3da605fb4e8a8d7665884b7b0097~tplv-iq460dd072-origin.image?key=%23TGeS6joMqq17DUHcPTQ1etAW8DbaIunFb6uCZ8OnKfX8vqrzlaUatGDziwXh7LF9J%2FYQshplZoW1d5n7xWxO89rz8xDzrF4wvbcaQl0OyPo8z9CMhX60qtgsOuPmezmIYuYvlUSlmVSwGiiqioKME7ui55pnNM16&lk3s=62ea907e&sign_for=m_api&x-expires=1785585995&x-signature=u6I%2Fjq%2FhnU25h%2BWFskkQ8HdbseQ%3D
https://p3-mapi-sign.creativityeco.com/tos-cn-i-sd07hgqsbj/19b1ada560b84c20ab22622a7c1c5aef~tplv-iq460dd072-origin.image?key=%23TGeS6joMqq17DUHcPTQ1etAW8DbaIunFb6uCZ8OnKfX8vqrzlaUatGDziwXh7LF9J%2FYQshplZoW1d5n7xWxO89rz8xDzrF4wvbcaQl0OyPo8z9CMhX60qtgsOuPmezmIYuYvlUSlmVSwGiiqioKME7ui55pnNM16&lk3s=62ea907e&sign_for=m_api&x-expires=1785585995&x-signature=X%2FalLKFQsOEhFLJJ%2F8Tmm1pMAVo%3D",,,,,,1.87,194,2,1.03,0.94,9.64,0,0,0,0,0,0,0,0,0
"	7668316433860050982",0730-图文-引流-魏怡-3,"https://ad.oceanengine.com/material_center/outer/video_player?token=CmP0qr1lVckZ1GlNqK5JNjlc%2FlbGpwqmPo5XoZ8EjYnf0aaSIgOMFRLNmoEx3Jhy06YidFCSNyBMcJxq%2Br%2BVhtApww9n3j6jR7p%2BKBGKAMRcK4%2BwnABLPbtywEHBY8F%2FWfR5NT4aSwo8AAAAAAAAAAAAAFC5RNSXfJ67PnyzkuDusCiDFNRgXBPee4r6JFh3nXRkzN7sPpQ7%2B4j4%2FMK6O3ChH2MfEOGpmA4Yvfeq7g4gASIBA0JSfAE%3D
https://p9-mapi-sign.creativityeco.com/tos-cn-i-sd07hgqsbj/6829e5bf67034688b8dc8229759d3b6e~tplv-iq460dd072-origin.image?key=%23TGeS6joMqq17DUHcPTQ1etAW8DbaIunFb6uCZ8OnKfX8vqrzlaUatGDziwXh7LF9J%2FYQshplZoW1d5n7xWxO89rz8xDzrF4wvbcaQl0OyPo8z9CMhX60qtgsOuPmezmIYuYvlUSlmVSwGiiqioKME7ui55pnNM16&lk3s=62ea907e&sign_for=m_api&x-expires=1785585995&x-signature=LDpj9jVVQJ8zNjegE2Yu3Uk3a9U%3D
https://p6-mapi-sign.creativityeco.com/tos-cn-i-sd07hgqsbj/04c6c8633b00475fa24cec8e5716c715~tplv-iq460dd072-origin.image?key=%23TGeS6joMqq17DUHcPTQ1etAW8DbaIunFb6uCZ8OnKfX8vqrzlaUatGDziwXh7LF9J%2FYQshplZoW1d5n7xWxO89rz8xDzrF4wvbcaQl0OyPo8z9CMhX60qtgsOuPmezmIYuYvlUSlmVSwGiiqioKME7ui55pnNM16&lk3s=62ea907e&sign_for=m_api&x-expires=1785585995&x-signature=kI8%2FxN2mqvvsIHkEHKog2Y%2BRLMk%3D
https://p3-mapi-sign.creativityeco.com/tos-cn-i-sd07hgqsbj/dcab3933e0004f989af5f970ca569a7e~tplv-iq460dd072-origin.image?key=%23TGeS6joMqq17DUHcPTQ1etAW8DbaIunFb6uCZ8OnKfX8vqrzlaUatGDziwXh7LF9J%2FYQshplZoW1d5n7xWxO89rz8xDzrF4wvbcaQl0OyPo8z9CMhX60qtgsOuPmezmIYuYvlUSlmVSwGiiqioKME7ui55pnNM16&lk3s=62ea907e&sign_for=m_api&x-expires=1785585995&x-signature=K5PdKfYCQZDwzYWjMpX0jW3rTQw%3D
https://p3-mapi-sign.creativityeco.com/tos-cn-i-sd07hgqsbj/e01ae361581b4a089d95890da29c28e5~tplv-iq460dd072-origin.image?key=%23TGeS6joMqq17DUHcPTQ1etAW8DbaIunFb6uCZ8OnKfX8vqrzlaUatGDziwXh7LF9J%2FYQshplZoW1d5n7xWxO89rz8xDzrF4wvbcaQl0OyPo8z9CMhX60qtgsOuPmezmIYuYvlUSlmVSwGiiqioKME7ui55pnNM16&lk3s=62ea907e&sign_for=m_api&x-expires=1785585995&x-signature=45LTSSxvGOPHDIHeuoyGZaTePLg%3D
https://p6-mapi-sign.creativityeco.com/tos-cn-i-sd07hgqsbj/e913aa5ead934ec0a99f1cf0025c8bcf~tplv-iq460dd072-origin.image?key=%23TGeS6joMqq17DUHcPTQ1etAW8DbaIunFb6uCZ8OnKfX8vqrzlaUatGDziwXh7LF9J%2FYQshplZoW1d5n7xWxO89rz8xDzrF4wvbcaQl0OyPo8z9CMhX60qtgsOuPmezmIYuYvlUSlmVSwGiiqioKME7ui55pnNM16&lk3s=62ea907e&sign_for=m_api&x-expires=1785585995&x-signature=e%2FgfmISqVbrOY5wss3dNEI3A8fA%3D",,,,,,4.88,185,10,5.41,0.49,26.38,0,0,0,0,0,0,0,0,0
"	7668315757315342382",0730-图文-引流-魏怡-1,"https://ad.oceanengine.com/material_center/outer/video_player?token=CmPerH3vquL4LGplRzqc%2FyhiHxFyvQVs%2FR%2FK2E%2BrVZdNUnJQCon%2FFks9Ixv1UJk1IS72F6UrZBfhL6W1hiMZ72bH39TOWNgK3ragLFi%2BaisBxrWBNfRsHTdo3G4xeIU3DTl%2FDNQaSwo8AAAAAAAAAAAAAFC5RNSXfJ67PnyzkuDusCiDFNRgXBPee4r6JFh3nXRkzN7sPpQ7%2B4j4%2FMK6O3ChH2MfEKismA4Yvfeq7g4gASIBAyKM%2BVI%3D
https://p6-mapi-sign.creativityeco.com/tos-cn-i-sd07hgqsbj/d659c95541ca4d6b8ffddf480f899e28~tplv-iq460dd072-origin.image?key=%23TGeS6joMqq17DUHcPTQ1etAW8DbaIunFb6uCZ8OnKfX8vqrzlaUatGDziwXh7LF9J%2FYQshplZoW1d5n7xWxO89rz8xDzrF4wvbcaQl0OyPo8z9CMhX60qtgsOuPmezmIYuYvlUSlmVSwGiiqioKME7ui55pnNM16&lk3s=62ea907e&sign_for=m_api&x-expires=1785585996&x-signature=MqwDBsCtu4iNZX807rlJOhgGsP4%3D
https://p6-mapi-sign.creativityeco.com/tos-cn-i-sd07hgqsbj/a3030508d3aa46979d852efdb5403308~tplv-iq460dd072-origin.image?key=%23TGeS6joMqq17DUHcPTQ1etAW8DbaIunFb6uCZ8OnKfX8vqrzlaUatGDziwXh7LF9J%2FYQshplZoW1d5n7xWxO89rz8xDzrF4wvbcaQl0OyPo8z9CMhX60qtgsOuPmezmIYuYvlUSlmVSwGiiqioKME7ui55pnNM16&lk3s=62ea907e&sign_for=m_api&x-expires=1785585996&x-signature=5SfzPVQ5pGMyh6uenP2RTZcYOOw%3D
https://p9-mapi-sign.creativityeco.com/tos-cn-i-sd07hgqsbj/df9b8357153443ec886f5c51fce63b6c~tplv-iq460dd072-origin.image?key=%23TGeS6joMqq17DUHcPTQ1etAW8DbaIunFb6uCZ8OnKfX8vqrzlaUatGDziwXh7LF9J%2FYQshplZoW1d5n7xWxO89rz8xDzrF4wvbcaQl0OyPo8z9CMhX60qtgsOuPmezmIYuYvlUSlmVSwGiiqioKME7ui55pnNM16&lk3s=62ea907e&sign_for=m_api&x-expires=1785585996&x-signature=WBwMVSWOEPiQ%2BKD2JMKP0CrZocI%3D
https://p9-mapi-sign.creativityeco.com/tos-cn-i-sd07hgqsbj/682db84b5a814bba81f612a184078408~tplv-iq460dd072-origin.image?key=%23TGeS6joMqq17DUHcPTQ1etAW8DbaIunFb6uCZ8OnKfX8vqrzlaUatGDziwXh7LF9J%2FYQshplZoW1d5n7xWxO89rz8xDzrF4wvbcaQl0OyPo8z9CMhX60qtgsOuPmezmIYuYvlUSlmVSwGiiqioKME7ui55pnNM16&lk3s=62ea907e&sign_for=m_api&x-expires=1785585996&x-signature=9N%2FzR06iVf6iY5RrBHuAJ7ee6do%3D
https://p9-mapi-sign.creativityeco.com/tos-cn-i-sd07hgqsbj/2f0aa00de23443e1a777f775dddff22f~tplv-iq460dd072-origin.image?key=%23TGeS6joMqq17DUHcPTQ1etAW8DbaIunFb6uCZ8OnKfX8vqrzlaUatGDziwXh7LF9J%2FYQshplZoW1d5n7xWxO89rz8xDzrF4wvbcaQl0OyPo8z9CMhX60qtgsOuPmezmIYuYvlUSlmVSwGiiqioKME7ui55pnNM16&lk3s=62ea907e&sign_for=m_api&x-expires=1785585996&x-signature=WeNhQcB8W%2FDQHXB9lPC%2FC91j9a4%3D",,,,,,6.05,302,14,4.64,0.43,20.03,0,0,0,0,0,0,0,0,0
"	7668316133682823210",0730-图文-引流-魏怡-2,"https://ad.oceanengine.com/material_center/outer/video_player?token=CmM%2BMg1FE6mS7jdIVVZxB%2BHRDj0pr%2F6z67iTLLb%2BBMkDlF5P5oJVwijwxuu4yoTJCRiDd4uOO4WS5%2B5NgczRN8SWUveBgreQYeQMcA11RV5AN7hmqM%2Fh6MQS0kx9dSWZe2w%2B23waSwo8AAAAAAAAAAAAAFC5RNSXfJ67PnyzkuDusCiDFNRgXBPee4r6JFh3nXRkzN7sPpQ7%2B4j4%2FMK6O3ChH2MfEPaqmA4Yvfeq7g4gASIBA1GmjKY%3D
https://p3-mapi-sign.creativityeco.com/tos-cn-i-sd07hgqsbj/397fa8417efc470f8297c287947a6d58~tplv-iq460dd072-origin.image?key=%23TGeS6joMqq17DUHcPTQ1etAW8DbaIunFb6uCZ8OnKfX8vqrzlaUatGDziwXh7LF9J%2FYQshplZoW1d5n7xWxO89rz8xDzrF4wvbcaQl0OyPo8z9CMhX60qtgsOuPmezmIYuYvlUSlmVSwGiiqioKME7ui55pnNM16&lk3s=62ea907e&sign_for=m_api&x-expires=1785585996&x-signature=l97IdwKnNunVpN8P9kHwQGe%2FOkk%3D
https://p9-mapi-sign.creativityeco.com/tos-cn-i-sd07hgqsbj/da01840cc9cf46a2838682aebd2c2f34~tplv-iq460dd072-origin.image?key=%23TGeS6joMqq17DUHcPTQ1etAW8DbaIunFb6uCZ8OnKfX8vqrzlaUatGDziwXh7LF9J%2FYQshplZoW1d5n7xWxO89rz8xDzrF4wvbcaQl0OyPo8z9CMhX60qtgsOuPmezmIYuYvlUSlmVSwGiiqioKME7ui55pnNM16&lk3s=62ea907e&sign_for=m_api&x-expires=1785585996&x-signature=YX99ep5oocie0zoLLch2622%2Fv54%3D
https://p3-mapi-sign.creativityeco.com/tos-cn-i-sd07hgqsbj/656f127356ff49d8aa9899232e017852~tplv-iq460dd072-origin.image?key=%23TGeS6joMqq17DUHcPTQ1etAW8DbaIunFb6uCZ8OnKfX8vqrzlaUatGDziwXh7LF9J%2FYQshplZoW1d5n7xWxO89rz8xDzrF4wvbcaQl0OyPo8z9CMhX60qtgsOuPmezmIYuYvlUSlmVSwGiiqioKME7ui55pnNM16&lk3s=62ea907e&sign_for=m_api&x-expires=1785585996&x-signature=6tTeBuSxwFsrxOXvBsRmma4HLtw%3D
https://p9-mapi-sign.creativityeco.com/tos-cn-i-sd07hgqsbj/5ac75c6229d64e4f9fb926e6e27838ad~tplv-iq460dd072-origin.image?key=%23TGeS6joMqq17DUHcPTQ1etAW8DbaIunFb6uCZ8OnKfX8vqrzlaUatGDziwXh7LF9J%2FYQshplZoW1d5n7xWxO89rz8xDzrF4wvbcaQl0OyPo8z9CMhX60qtgsOuPmezmIYuYvlUSlmVSwGiiqioKME7ui55pnNM16&lk3s=62ea907e&sign_for=m_api&x-expires=1785585996&x-signature=UMlUjaJy%2FJ567SWOoyKXawGCvnI%3D
https://p9-mapi-sign.creativityeco.com/tos-cn-i-sd07hgqsbj/3b6c59eba1794efe9b5bb860c7c8d75b~tplv-iq460dd072-origin.image?key=%23TGeS6joMqq17DUHcPTQ1etAW8DbaIunFb6uCZ8OnKfX8vqrzlaUatGDziwXh7LF9J%2FYQshplZoW1d5n7xWxO89rz8xDzrF4wvbcaQl0OyPo8z9CMhX60qtgsOuPmezmIYuYvlUSlmVSwGiiqioKME7ui55pnNM16&lk3s=62ea907e&sign_for=m_api&x-expires=1785585996&x-signature=KxtpGyOS6XoDVxsIh%2F8dXhvHnu8%3D",,,,,,3.65,203,10,4.93,0.37,17.98,1,3.65,10,0,0,0,0,0,0
"	7668319653657493531",0730-国星引流-高赞2,"https://ad.oceanengine.com/material_center/outer/video_player?token=CmNIc2lrp9qF3ocdwV0FY1u04oZbMfiRv005mcIKlHy8d33QNsumKCLdE%2Fu8I%2FMm%2FnGLN8nctXMSl9V0ErDuUoJzO%2BtMEt6YIzft%2FlBHUaFYsHzpFsQhKLFfmM6fYI%2Fl4rpVOvwaSwo8AAAAAAAAAAAAAFC5RNSXfJ67PnyzkuDusCiDFNRgXBPee4r6JFh3nXRkzN7sPpQ7%2B4j4%2FMK6O3ChH2MfENyqmA4Yvfeq7g4gASIBA1W79XE%3D
https://p6-mapi-sign.creativityeco.com/tos-cn-i-sd07hgqsbj/c414417123344b2d83b6fc1e5778cafe~tplv-iq460dd072-origin.image?key=%23TGeS6joMqq17DUHcPTQ1etAW8DbaIunFb6uCZ8OnKfX8vqrzlaUatGDziwXh7LF9J%2FYQshplZoW1d5n7xWxO89rz8xDzrF4wvbcaQl0OyPo8z9CMhX60qtgsOuPmezmIYuYvlUSlmVSwGiiqioKME7ui55pnNM16&lk3s=62ea907e&sign_for=m_api&x-expires=1785585996&x-signature=raUxWjwvNjxm6lGI%2FoaIcYbFw%2BE%3D
https://p9-mapi-sign.creativityeco.com/tos-cn-i-sd07hgqsbj/61757f35d5a24ce4a65f4e7188b8d3fc~tplv-iq460dd072-origin.image?key=%23TGeS6joMqq17DUHcPTQ1etAW8DbaIunFb6uCZ8OnKfX8vqrzlaUatGDziwXh7LF9J%2FYQshplZoW1d5n7xWxO89rz8xDzrF4wvbcaQl0OyPo8z9CMhX60qtgsOuPmezmIYuYvlUSlmVSwGiiqioKME7ui55pnNM16&lk3s=62ea907e&sign_for=m_api&x-expires=1785585996&x-signature=8b%2ByFcU5qxw9moDwWVZALGp9HCI%3D
https://p3-mapi-sign.creativityeco.com/tos-cn-i-sd07hgqsbj/b4233175ba1d4de18562d11bfc32c029~tplv-iq460dd072-origin.image?key=%23TGeS6joMqq17DUHcPTQ1etAW8DbaIunFb6uCZ8OnKfX8vqrzlaUatGDziwXh7LF9J%2FYQshplZoW1d5n7xWxO89rz8xDzrF4wvbcaQl0OyPo8z9CMhX60qtgsOuPmezmIYuYvlUSlmVSwGiiqioKME7ui55pnNM16&lk3s=62ea907e&sign_for=m_api&x-expires=1785585996&x-signature=AICRcpColaHmrbAQd4HRxjJQM3k%3D
https://p9-mapi-sign.creativityeco.com/tos-cn-i-sd07hgqsbj/242bfa7f07a8425a99feab9d6ac1118c~tplv-iq460dd072-origin.image?key=%23TGeS6joMqq17DUHcPTQ1etAW8DbaIunFb6uCZ8OnKfX8vqrzlaUatGDziwXh7LF9J%2FYQshplZoW1d5n7xWxO89rz8xDzrF4wvbcaQl0OyPo8z9CMhX60qtgsOuPmezmIYuYvlUSlmVSwGiiqioKME7ui55pnNM16&lk3s=62ea907e&sign_for=m_api&x-expires=1785585996&x-signature=a%2FZ11qfweWhdQAvPi6h1l3cAXso%3D
https://p3-mapi-sign.creativityeco.com/tos-cn-i-sd07hgqsbj/f8d7831599104aaeb7c7b853caa1e3ec~tplv-iq460dd072-origin.image?key=%23TGeS6joMqq17DUHcPTQ1etAW8DbaIunFb6uCZ8OnKfX8vqrzlaUatGDziwXh7LF9J%2FYQshplZoW1d5n7xWxO89rz8xDzrF4wvbcaQl0OyPo8z9CMhX60qtgsOuPmezmIYuYvlUSlmVSwGiiqioKME7ui55pnNM16&lk3s=62ea907e&sign_for=m_api&x-expires=1785585996&x-signature=wsIUx%2B6ohIo5VTK6IPgFroraK4I%3D
https://p3-mapi-sign.creativityeco.com/tos-cn-i-sd07hgqsbj/f872abc809f84878af5d12e10c4fe17f~tplv-iq460dd072-origin.image?key=%23TGeS6joMqq17DUHcPTQ1etAW8DbaIunFb6uCZ8OnKfX8vqrzlaUatGDziwXh7LF9J%2FYQshplZoW1d5n7xWxO89rz8xDzrF4wvbcaQl0OyPo8z9CMhX60qtgsOuPmezmIYuYvlUSlmVSwGiiqioKME7ui55pnNM16&lk3s=62ea907e&sign_for=m_api&x-expires=1785585996&x-signature=FO7wRiDGMtDy%2Bm%2B%2BZyOhXFe1rEA%3D
https://p9-mapi-sign.creativityeco.com/tos-cn-i-sd07hgqsbj/738d83c1d6f84a61aaa1d2da94566c72~tplv-iq460dd072-origin.image?key=%23TGeS6joMqq17DUHcPTQ1etAW8DbaIunFb6uCZ8OnKfX8vqrzlaUatGDziwXh7LF9J%2FYQshplZoW1d5n7xWxO89rz8xDzrF4wvbcaQl0OyPo8z9CMhX60qtgsOuPmezmIYuYvlUSlmVSwGiiqioKME7ui55pnNM16&lk3s=62ea907e&sign_for=m_api&x-expires=1785585996&x-signature=fsM3aNgFJpAMtKqGwtRkD1Lv2d8%3D",,,,,,1.69,130,7,5.38,0.24,13,0,0,0,0,0,0,0,0,0
"	7668316830063050794",0730-图文-引流-魏怡-4,"https://ad.oceanengine.com/material_center/outer/video_player?token=CmP25hLogfW9i5KAJYAsysx9sZ4BwRhiEG%2BNL%2FB1%2BKAEnjzOdwA%2BGkt8t2LBNO%2BcnVsq3ylTxp0X52Wcvs%2B3D4slfqXnbcstGMzAwqy%2BHpuBCOXQ8YxbEeWAGwXONujv%2FljMB8gaSwo8AAAAAAAAAAAAAFC5RNSXfJ67PnyzkuDusCiDFNRgXBPee4r6JFh3nXRkzN7sPpQ7%2B4j4%2FMK6O3ChH2MfEKmrmA4Yvfeq7g4gASIBA60AqHw%3D
https://p6-mapi-sign.creativityeco.com/tos-cn-i-sd07hgqsbj/8158885454c94635a4b4f8e6251ba75f~tplv-iq460dd072-origin.image?key=%23TGeS6joMqq17DUHcPTQ1etAW8DbaIunFb6uCZ8OnKfX8vqrzlaUatGDziwXh7LF9J%2FYQshplZoW1d5n7xWxO89rz8xDzrF4wvbcaQl0OyPo8z9CMhX60qtgsOuPmezmIYuYvlUSlmVSwGiiqioKME7ui55pnNM16&lk3s=62ea907e&sign_for=m_api&x-expires=1785585996&x-signature=zqihpGLZVz0J0OB2X8FrfvRpVuQ%3D
https://p9-mapi-sign.creativityeco.com/tos-cn-i-sd07hgqsbj/cd4ef32bb3944c8baaaba0dc65307bc9~tplv-iq460dd072-origin.image?key=%23TGeS6joMqq17DUHcPTQ1etAW8DbaIunFb6uCZ8OnKfX8vqrzlaUatGDziwXh7LF9J%2FYQshplZoW1d5n7xWxO89rz8xDzrF4wvbcaQl0OyPo8z9CMhX60qtgsOuPmezmIYuYvlUSlmVSwGiiqioKME7ui55pnNM16&lk3s=62ea907e&sign_for=m_api&x-expires=1785585996&x-signature=GX51s0h%2FkPqJXY5p8y62BzZhZh0%3D
https://p6-mapi-sign.creativityeco.com/tos-cn-i-sd07hgqsbj/aff09296ce7b4937911cbb2401179f1a~tplv-iq460dd072-origin.image?key=%23TGeS6joMqq17DUHcPTQ1etAW8DbaIunFb6uCZ8OnKfX8vqrzlaUatGDziwXh7LF9J%2FYQshplZoW1d5n7xWxO89rz8xDzrF4wvbcaQl0OyPo8z9CMhX60qtgsOuPmezmIYuYvlUSlmVSwGiiqioKME7ui55pnNM16&lk3s=62ea907e&sign_for=m_api&x-expires=1785585996&x-signature=4UWLb2Zbigc1ONwkSFWIYaVY%2Byo%3D
https://p9-mapi-sign.creativityeco.com/tos-cn-i-sd07hgqsbj/a393e01a1b3e45e98fc856db3cfd3160~tplv-iq460dd072-origin.image?key=%23TGeS6joMqq17DUHcPTQ1etAW8DbaIunFb6uCZ8OnKfX8vqrzlaUatGDziwXh7LF9J%2FYQshplZoW1d5n7xWxO89rz8xDzrF4wvbcaQl0OyPo8z9CMhX60qtgsOuPmezmIYuYvlUSlmVSwGiiqioKME7ui55pnNM16&lk3s=62ea907e&sign_for=m_api&x-expires=1785585996&x-signature=Zc4XGkkme%2FAtNHOW8gqz8aIhSaY%3D",,,,,,2.9,122,5,4.1,0.58,23.77,0,0,0,0,0,0,0,0,0
"	7668317765250514954",0730图文-2,"https://ad.oceanengine.com/material_center/outer/video_player?token=CmNTyvizpmSSgxsB9HSfP8G4BSUXNYM31myu8g3zkBsxeqPFdTtW56K8MKHTolX1vLc0TU1KwAyTsHclzagny%2Be2oMewxoKFJZV22dCMANgQ7sxG9UNtCbEEqpOYGfFJJd74CJIaSwo8AAAAAAAAAAAAAFC5RNSXfJ67PnyzkuDusCiDFNRgXBPee4r6JFh3nXRkzN7sPpQ7%2B4j4%2FMK6O3ChH2MfEJKrmA4Yvfeq7g4gASIBAyG6%2B64%3D
https://p3-mapi-sign.creativityeco.com/tos-cn-i-sd07hgqsbj/b513f4cd7b8d45069cd567090b5e9fdb~tplv-iq460dd072-origin.image?key=%23TGeS6joMqq17DUHcPTQ1etAW8DbaIunFb6uCZ8OnKfX8vqrzlaUatGDziwXh7LF9J%2FYQshplZoW1d5n7xWxO89rz8xDzrF4wvbcaQl0OyPo8z9CMhX60qtgsOuPmezmIYuYvlUSlmVSwGiiqioKME7ui55pnNM16&lk3s=62ea907e&sign_for=m_api&x-expires=1785585996&x-signature=5AclVXXS8F3YXE%2F%2B%2BXungRJeTQ8%3D
https://p9-mapi-sign.creativityeco.com/tos-cn-i-sd07hgqsbj/7fb3581cbeb847e9bad5d40b7452a7a9~tplv-iq460dd072-origin.image?key=%23TGeS6joMqq17DUHcPTQ1etAW8DbaIunFb6uCZ8OnKfX8vqrzlaUatGDziwXh7LF9J%2FYQshplZoW1d5n7xWxO89rz8xDzrF4wvbcaQl0OyPo8z9CMhX60qtgsOuPmezmIYuYvlUSlmVSwGiiqioKME7ui55pnNM16&lk3s=62ea907e&sign_for=m_api&x-expires=1785585996&x-signature=JoGLuIcrK%2F1UPQqYUJjEi1IyzZE%3D
https://p3-mapi-sign.creativityeco.com/tos-cn-i-sd07hgqsbj/9f27ec4d4a964d8eaed3a2ff9e7d0a6a~tplv-iq460dd072-origin.image?key=%23TGeS6joMqq17DUHcPTQ1etAW8DbaIunFb6uCZ8OnKfX8vqrzlaUatGDziwXh7LF9J%2FYQshplZoW1d5n7xWxO89rz8xDzrF4wvbcaQl0OyPo8z9CMhX60qtgsOuPmezmIYuYvlUSlmVSwGiiqioKME7ui55pnNM16&lk3s=62ea907e&sign_for=m_api&x-expires=1785585996&x-signature=7UlHGps6kb%2FXdC4jE%2BR5DM2pjRo%3D
https://p6-mapi-sign.creativityeco.com/tos-cn-i-sd07hgqsbj/5f2fb608b71a40bb9fd7db90efb971ac~tplv-iq460dd072-origin.image?key=%23TGeS6joMqq17DUHcPTQ1etAW8DbaIunFb6uCZ8OnKfX8vqrzlaUatGDziwXh7LF9J%2FYQshplZoW1d5n7xWxO89rz8xDzrF4wvbcaQl0OyPo8z9CMhX60qtgsOuPmezmIYuYvlUSlmVSwGiiqioKME7ui55pnNM16&lk3s=62ea907e&sign_for=m_api&x-expires=1785585996&x-signature=i5VGYVV1dcoPYUZxjmqXPxanQCo%3D",,,,,,5.26,619,11,1.78,0.48,8.5,0,0,0,0,0,0,0,0,0
"	7668328041708322867",0730-国星引流-外部2,"https://ad.oceanengine.com/material_center/outer/video_player?token=CmNQNCYF0jpR4jiexFLrz1jKw2pbAI%2BVnANj5H4wQCOM6pQ3ik09bFUntNZE%2B2wkgPdnoW61hKqAps40c%2BQ9jXHs%2FO8A7mEbi%2B7dUptuaqbbSoZ6pDIrZ6LyI%2FCNzobmzJ42p7MaSwo8AAAAAAAAAAAAAFC5RNSXfJ67PnyzkuDusCiDFNRgXBPee4r6JFh3nXRkzN7sPpQ7%2B4j4%2FMK6O3ChH2MfEMWqmA4Yvfeq7g4gASIBA94BGKM%3D
https://p6-mapi-sign.creativityeco.com/tos-cn-i-sd07hgqsbj/42e1725fcf5848608faad7a1638b3c26~tplv-iq460dd072-origin.image?key=%23TGeS6joMqq17DUHcPTQ1etAW8DbaIunFb6uCZ8OnKfX8vqrzlaUatGDziwXh7LF9J%2FYQshplZoW1d5n7xWxO89rz8xDzrF4wvbcaQl0OyPo8z9CMhX60qtgsOuPmezmIYuYvlUSlmVSwGiiqioKME7ui55pnNM16&lk3s=62ea907e&sign_for=m_api&x-expires=1785585996&x-signature=FMxFvRKjhm%2BNIEfqP2%2FwD7ghe5U%3D
https://p9-mapi-sign.creativityeco.com/tos-cn-i-sd07hgqsbj/8399b82663e94b0783b4a40d4e63518b~tplv-iq460dd072-origin.image?key=%23TGeS6joMqq17DUHcPTQ1etAW8DbaIunFb6uCZ8OnKfX8vqrzlaUatGDziwXh7LF9J%2FYQshplZoW1d5n7xWxO89rz8xDzrF4wvbcaQl0OyPo8z9CMhX60qtgsOuPmezmIYuYvlUSlmVSwGiiqioKME7ui55pnNM16&lk3s=62ea907e&sign_for=m_api&x-expires=1785585996&x-signature=Pb19gzmsflX0CkJtzNi4PpkBOgQ%3D
https://p3-mapi-sign.creativityeco.com/tos-cn-i-sd07hgqsbj/e2b858e5c8c1432897a7627a271ab08a~tplv-iq460dd072-origin.image?key=%23TGeS6joMqq17DUHcPTQ1etAW8DbaIunFb6uCZ8OnKfX8vqrzlaUatGDziwXh7LF9J%2FYQshplZoW1d5n7xWxO89rz8xDzrF4wvbcaQl0OyPo8z9CMhX60qtgsOuPmezmIYuYvlUSlmVSwGiiqioKME7ui55pnNM16&lk3s=62ea907e&sign_for=m_api&x-expires=1785585996&x-signature=cDtxVikAQyLU3Cok5WPYLhomFTM%3D
https://p6-mapi-sign.creativityeco.com/tos-cn-i-sd07hgqsbj/cd7b2266650c40139b7935b43c7d556e~tplv-iq460dd072-origin.image?key=%23TGeS6joMqq17DUHcPTQ1etAW8DbaIunFb6uCZ8OnKfX8vqrzlaUatGDziwXh7LF9J%2FYQshplZoW1d5n7xWxO89rz8xDzrF4wvbcaQl0OyPo8z9CMhX60qtgsOuPmezmIYuYvlUSlmVSwGiiqioKME7ui55pnNM16&lk3s=62ea907e&sign_for=m_api&x-expires=1785585996&x-signature=XnRGuLXxPwwwpkIJiDnGRV5QGps%3D
https://p3-mapi-sign.creativityeco.com/tos-cn-i-sd07hgqsbj/d5836d393fe043e0925fa474905f1c5a~tplv-iq460dd072-origin.image?key=%23TGeS6joMqq17DUHcPTQ1etAW8DbaIunFb6uCZ8OnKfX8vqrzlaUatGDziwXh7LF9J%2FYQshplZoW1d5n7xWxO89rz8xDzrF4wvbcaQl0OyPo8z9CMhX60qtgsOuPmezmIYuYvlUSlmVSwGiiqioKME7ui55pnNM16&lk3s=62ea907e&sign_for=m_api&x-expires=1785585996&x-signature=64J%2FnKI21r6VAw7w4EiR9TZRRhM%3D
https://p6-mapi-sign.creativityeco.com/tos-cn-i-sd07hgqsbj/bda355faf6d54192ad8c6133f4e2c9f0~tplv-iq460dd072-origin.image?key=%23TGeS6joMqq17DUHcPTQ1etAW8DbaIunFb6uCZ8OnKfX8vqrzlaUatGDziwXh7LF9J%2FYQshplZoW1d5n7xWxO89rz8xDzrF4wvbcaQl0OyPo8z9CMhX60qtgsOuPmezmIYuYvlUSlmVSwGiiqioKME7ui55pnNM16&lk3s=62ea907e&sign_for=m_api&x-expires=1785585996&x-signature=6RqC0cTulXNxUfv5%2FuSHcCMmvIE%3D
https://p9-mapi-sign.creativityeco.com/tos-cn-i-sd07hgqsbj/cae06d397db041a4aa165a00d8240597~tplv-iq460dd072-origin.image?key=%23TGeS6joMqq17DUHcPTQ1etAW8DbaIunFb6uCZ8OnKfX8vqrzlaUatGDziwXh7LF9J%2FYQshplZoW1d5n7xWxO89rz8xDzrF4wvbcaQl0OyPo8z9CMhX60qtgsOuPmezmIYuYvlUSlmVSwGiiqioKME7ui55pnNM16&lk3s=62ea907e&sign_for=m_api&x-expires=1785585996&x-signature=XN83vlxZIvW%2FxlS1J5uKL0Qxgo0%3D",,,,,,9.3,421,20,4.75,0.47,22.09,1,9.3,5,0,0,0,0,0,0
"	7668327593800335398",0730-国星引流-高赞2,"https://ad.oceanengine.com/material_center/outer/video_player?token=CmOaYYzeOzuKWUUuc4l3aE2D3YFlYMNP7Ninn6nTEbHhaFx1ysKIe8CGJKlBGVUnxovRYei8Fj3wsRGHd45pP1WZThDz7B1g2489oZ9YKmjTA65qhrSKjnLOtBPijcy6AAgVPKgaSwo8AAAAAAAAAAAAAFC5RNSXfJ67PnyzkuDusCiDFNRgXBPee4r6JFh3nXRkzN7sPpQ7%2B4j4%2FMK6O3ChH2MfENyqmA4Yvfeq7g4gASIBA1xQLDk%3D
https://p9-mapi-sign.creativityeco.com/tos-cn-i-sd07hgqsbj/3b6ee3a46c8c44e9a7fd025c2ad6c179~tplv-iq460dd072-origin.image?key=%23TGeS6joMqq17DUHcPTQ1etAW8DbaIunFb6uCZ8OnKfX8vqrzlaUatGDziwXh7LF9J%2FYQshplZoW1d5n7xWxO89rz8xDzrF4wvbcaQl0OyPo8z9CMhX60qtgsOuPmezmIYuYvlUSlmVSwGiiqioKME7ui55pnNM16&lk3s=62ea907e&sign_for=m_api&x-expires=1785585996&x-signature=zc7sQVvn1GJpGlS43siUKZknS6c%3D
https://p3-mapi-sign.creativityeco.com/tos-cn-i-sd07hgqsbj/fa9a0697512149da9b62c041eedadaa7~tplv-iq460dd072-origin.image?key=%23TGeS6joMqq17DUHcPTQ1etAW8DbaIunFb6uCZ8OnKfX8vqrzlaUatGDziwXh7LF9J%2FYQshplZoW1d5n7xWxO89rz8xDzrF4wvbcaQl0OyPo8z9CMhX60qtgsOuPmezmIYuYvlUSlmVSwGiiqioKME7ui55pnNM16&lk3s=62ea907e&sign_for=m_api&x-expires=1785585996&x-signature=sKXYOUP2PxTe38YS7dnFkDEDK%2Fc%3D
https://p6-mapi-sign.creativityeco.com/tos-cn-i-sd07hgqsbj/3e8972a18b174828b66a81acf85c1dce~tplv-iq460dd072-origin.image?key=%23TGeS6joMqq17DUHcPTQ1etAW8DbaIunFb6uCZ8OnKfX8vqrzlaUatGDziwXh7LF9J%2FYQshplZoW1d5n7xWxO89rz8xDzrF4wvbcaQl0OyPo8z9CMhX60qtgsOuPmezmIYuYvlUSlmVSwGiiqioKME7ui55pnNM16&lk3s=62ea907e&sign_for=m_api&x-expires=1785585996&x-signature=JQOmtoSeAqAQ3UmSEsMP0KQC4AQ%3D
https://p6-mapi-sign.creativityeco.com/tos-cn-i-sd07hgqsbj/2f635e09b9c5498fb9cd71723035095b~tplv-iq460dd072-origin.image?key=%23TGeS6joMqq17DUHcPTQ1etAW8DbaIunFb6uCZ8OnKfX8vqrzlaUatGDziwXh7LF9J%2FYQshplZoW1d5n7xWxO89rz8xDzrF4wvbcaQl0OyPo8z9CMhX60qtgsOuPmezmIYuYvlUSlmVSwGiiqioKME7ui55pnNM16&lk3s=62ea907e&sign_for=m_api&x-expires=1785585996&x-signature=ik7goL2gx94f%2By9l82mOY66j6w8%3D
https://p9-mapi-sign.creativityeco.com/tos-cn-i-sd07hgqsbj/d67ef72e29834828b0d4796265767793~tplv-iq460dd072-origin.image?key=%23TGeS6joMqq17DUHcPTQ1etAW8DbaIunFb6uCZ8OnKfX8vqrzlaUatGDziwXh7LF9J%2FYQshplZoW1d5n7xWxO89rz8xDzrF4wvbcaQl0OyPo8z9CMhX60qtgsOuPmezmIYuYvlUSlmVSwGiiqioKME7ui55pnNM16&lk3s=62ea907e&sign_for=m_api&x-expires=1785585996&x-signature=t7wE0u55j%2BJEfqKgx02dyK07zkw%3D
https://p6-mapi-sign.creativityeco.com/tos-cn-i-sd07hgqsbj/294af41cb9ae41078e2cc15db1c819e6~tplv-iq460dd072-origin.image?key=%23TGeS6joMqq17DUHcPTQ1etAW8DbaIunFb6uCZ8OnKfX8vqrzlaUatGDziwXh7LF9J%2FYQshplZoW1d5n7xWxO89rz8xDzrF4wvbcaQl0OyPo8z9CMhX60qtgsOuPmezmIYuYvlUSlmVSwGiiqioKME7ui55pnNM16&lk3s=62ea907e&sign_for=m_api&x-expires=1785585996&x-signature=EAJkEkYE9SvaHNiuJ9SH%2BIHtfEg%3D",,,,,,5.42,274,9,3.28,0.6,19.78,1,5.42,11.11,0,0,0,0,0,0
"	7668317318985449535",0730-图文-引流-魏怡-5,"https://ad.oceanengine.com/material_center/outer/video_player?token=CmPub7YkZSZct4mRk%2B4qGngNMiE5YywO70MgKwyXw4lfQtte9tTgVyZKBojZtWTJHGUIXQDwfHTSO0WDxjPGT0yTuIIwzeVAIb%2B62x6FObjwdRwhGNbPF3KisItHBA%2BtbqbMbhkaSwo8AAAAAAAAAAAAAFC5RNSXfJ67PnyzkuDusCiDFNRgXBPee4r6JFh3nXRkzN7sPpQ7%2B4j4%2FMK6O3ChH2MfEKismA4Yvfeq7g4gASIBA49XuNI%3D
https://p3-mapi-sign.creativityeco.com/tos-cn-i-sd07hgqsbj/035be03419f7488a996babefee0e18a4~tplv-iq460dd072-origin.image?key=%23TGeS6joMqq17DUHcPTQ1etAW8DbaIunFb6uCZ8OnKfX8vqrzlaUatGDziwXh7LF9J%2FYQshplZoW1d5n7xWxO89rz8xDzrF4wvbcaQl0OyPo8z9CMhX60qtgsOuPmezmIYuYvlUSlmVSwGiiqioKME7ui55pnNM16&lk3s=62ea907e&sign_for=m_api&x-expires=1785585996&x-signature=0r3emEgD2zdqlPHKoC4gFNmnsCk%3D
https://p6-mapi-sign.creativityeco.com/tos-cn-i-sd07hgqsbj/a2e23f4eb60d4b7fb080d23682d84165~tplv-iq460dd072-origin.image?key=%23TGeS6joMqq17DUHcPTQ1etAW8DbaIunFb6uCZ8OnKfX8vqrzlaUatGDziwXh7LF9J%2FYQshplZoW1d5n7xWxO89rz8xDzrF4wvbcaQl0OyPo8z9CMhX60qtgsOuPmezmIYuYvlUSlmVSwGiiqioKME7ui55pnNM16&lk3s=62ea907e&sign_for=m_api&x-expires=1785585996&x-signature=CRjJFXvboyBAx7cVR3uEOL2XdOE%3D
https://p6-mapi-sign.creativityeco.com/tos-cn-i-sd07hgqsbj/c20f6df5979240cea007737f805e6b65~tplv-iq460dd072-origin.image?key=%23TGeS6joMqq17DUHcPTQ1etAW8DbaIunFb6uCZ8OnKfX8vqrzlaUatGDziwXh7LF9J%2FYQshplZoW1d5n7xWxO89rz8xDzrF4wvbcaQl0OyPo8z9CMhX60qtgsOuPmezmIYuYvlUSlmVSwGiiqioKME7ui55pnNM16&lk3s=62ea907e&sign_for=m_api&x-expires=1785585996&x-signature=EyKCdL25qmo04M2rUs36REyKtmw%3D
https://p9-mapi-sign.creativityeco.com/tos-cn-i-sd07hgqsbj/9d967eaef8b24f86a25c278bb832b4c2~tplv-iq460dd072-origin.image?key=%23TGeS6joMqq17DUHcPTQ1etAW8DbaIunFb6uCZ8OnKfX8vqrzlaUatGDziwXh7LF9J%2FYQshplZoW1d5n7xWxO89rz8xDzrF4wvbcaQl0OyPo8z9CMhX60qtgsOuPmezmIYuYvlUSlmVSwGiiqioKME7ui55pnNM16&lk3s=62ea907e&sign_for=m_api&x-expires=1785585996&x-signature=fEvsL%2B4a4ZHt5hlcLPWupFVREeU%3D",,,,,,5.68,310,16,5.16,0.36,18.32,0,0,0,0,0,0,0,0,0
"	7668317563760001074",0730图文-01,"https://ad.oceanengine.com/material_center/outer/video_player?token=CmNVG1hbHiImNA6FIUz7%2BaHRrgsLC7802dPt1ZCpYTKnY7ulI406hF0D0IaL53rENW6Jseal1i683LKOAElBLBYF7H73b7IfwlTaby180JRPOO7sH0E0Ic909soikPQ0fvrMGC0aSwo8AAAAAAAAAAAAAFC5RNSXfJ67PnyzkuDusCiDFNRgXBPee4r6JFh3nXRkzN7sPpQ7%2B4j4%2FMK6O3ChH2MfEKWrmA4Yvfeq7g4gASIBA6GXfp4%3D
https://p6-mapi-sign.creativityeco.com/tos-cn-i-sd07hgqsbj/27cf6506f2a84f99b5407b0195d8175d~tplv-iq460dd072-origin.image?key=%23TGeS6joMqq17DUHcPTQ1etAW8DbaIunFb6uCZ8OnKfX8vqrzlaUatGDziwXh7LF9J%2FYQshplZoW1d5n7xWxO89rz8xDzrF4wvbcaQl0OyPo8z9CMhX60qtgsOuPmezmIYuYvlUSlmVSwGiiqioKME7ui55pnNM16&lk3s=62ea907e&sign_for=m_api&x-expires=1785585996&x-signature=vHfBgoV%2FQBKqxw3d21NEBuQ%2BM00%3D
https://p9-mapi-sign.creativityeco.com/tos-cn-i-sd07hgqsbj/c5446fc08ac04b34ab87e2f24cb4be16~tplv-iq460dd072-origin.image?key=%23TGeS6joMqq17DUHcPTQ1etAW8DbaIunFb6uCZ8OnKfX8vqrzlaUatGDziwXh7LF9J%2FYQshplZoW1d5n7xWxO89rz8xDzrF4wvbcaQl0OyPo8z9CMhX60qtgsOuPmezmIYuYvlUSlmVSwGiiqioKME7ui55pnNM16&lk3s=62ea907e&sign_for=m_api&x-expires=1785585996&x-signature=9AVM%2FA2dk35CkX6YidMq4nKnNLA%3D
https://p6-mapi-sign.creativityeco.com/tos-cn-i-sd07hgqsbj/482b6e6a9564484f99ada048d36a57aa~tplv-iq460dd072-origin.image?key=%23TGeS6joMqq17DUHcPTQ1etAW8DbaIunFb6uCZ8OnKfX8vqrzlaUatGDziwXh7LF9J%2FYQshplZoW1d5n7xWxO89rz8xDzrF4wvbcaQl0OyPo8z9CMhX60qtgsOuPmezmIYuYvlUSlmVSwGiiqioKME7ui55pnNM16&lk3s=62ea907e&sign_for=m_api&x-expires=1785585996&x-signature=jzyvCtafP3%2FBdHj9Ica8QBTpfWc%3D",,,,,,5.48,682,14,2.05,0.39,8.04,0,0,0,0,0,0,0,0,0
"	7668319135812714502",0730-国星引流-高赞1,"https://ad.oceanengine.com/material_center/outer/video_player?token=CmOT4JfXMxtetkfser40%2F7d6brkIvk5DdpQYHCYXmeBSZJStMdO4sK%2FUHIdwQOg0fOApSU2QriGXlDBRrZWfwqH6DlhpqVBYsQg%2FR3NVlu769UjhOXo0gCv%2FxVTDpu5r6MDB1T0aSwo8AAAAAAAAAAAAAFC5RNSXfJ67PnyzkuDusCiDFNRgXBPee4r6JFh3nXRkzN7sPpQ7%2B4j4%2FMK6O3ChH2MfEMWqmA4Yvfeq7g4gASIBAzrSEHc%3D
https://p3-mapi-sign.creativityeco.com/tos-cn-i-sd07hgqsbj/4554f4feac1441dc8aefc869830d1d6c~tplv-iq460dd072-origin.image?key=%23TGeS6joMqq17DUHcPTQ1etAW8DbaIunFb6uCZ8OnKfX8vqrzlaUatGDziwXh7LF9J%2FYQshplZoW1d5n7xWxO89rz8xDzrF4wvbcaQl0OyPo8z9CMhX60qtgsOuPmezmIYuYvlUSlmVSwGiiqioKME7ui55pnNM16&lk3s=62ea907e&sign_for=m_api&x-expires=1785585996&x-signature=mBNHuVeKwcUGsXUVG2mcpUHZD1I%3D
https://p3-mapi-sign.creativityeco.com/tos-cn-i-sd07hgqsbj/2dda48c1b4994609ba0c24122520325f~tplv-iq460dd072-origin.image?key=%23TGeS6joMqq17DUHcPTQ1etAW8DbaIunFb6uCZ8OnKfX8vqrzlaUatGDziwXh7LF9J%2FYQshplZoW1d5n7xWxO89rz8xDzrF4wvbcaQl0OyPo8z9CMhX60qtgsOuPmezmIYuYvlUSlmVSwGiiqioKME7ui55pnNM16&lk3s=62ea907e&sign_for=m_api&x-expires=1785585996&x-signature=eV%2BW0f1ztrDY1BmtJi1sUdRT6fA%3D
https://p9-mapi-sign.creativityeco.com/tos-cn-i-sd07hgqsbj/f403ce4590c443869e591739384fcd17~tplv-iq460dd072-origin.image?key=%23TGeS6joMqq17DUHcPTQ1etAW8DbaIunFb6uCZ8OnKfX8vqrzlaUatGDziwXh7LF9J%2FYQshplZoW1d5n7xWxO89rz8xDzrF4wvbcaQl0OyPo8z9CMhX60qtgsOuPmezmIYuYvlUSlmVSwGiiqioKME7ui55pnNM16&lk3s=62ea907e&sign_for=m_api&x-expires=1785585996&x-signature=HnZZSvxq44XCNgbpizAgmrphIks%3D
https://p3-mapi-sign.creativityeco.com/tos-cn-i-sd07hgqsbj/1dbceefa9675465c84a7c0dd0b798cac~tplv-iq460dd072-origin.image?key=%23TGeS6joMqq17DUHcPTQ1etAW8DbaIunFb6uCZ8OnKfX8vqrzlaUatGDziwXh7LF9J%2FYQshplZoW1d5n7xWxO89rz8xDzrF4wvbcaQl0OyPo8z9CMhX60qtgsOuPmezmIYuYvlUSlmVSwGiiqioKME7ui55pnNM16&lk3s=62ea907e&sign_for=m_api&x-expires=1785585996&x-signature=2nsJP1MfqmhNHpcyXesoPGA2piU%3D
https://p3-mapi-sign.creativityeco.com/tos-cn-i-sd07hgqsbj/7dda91a54b4043df9276995ec6b11b74~tplv-iq460dd072-origin.image?key=%23TGeS6joMqq17DUHcPTQ1etAW8DbaIunFb6uCZ8OnKfX8vqrzlaUatGDziwXh7LF9J%2FYQshplZoW1d5n7xWxO89rz8xDzrF4wvbcaQl0OyPo8z9CMhX60qtgsOuPmezmIYuYvlUSlmVSwGiiqioKME7ui55pnNM16&lk3s=62ea907e&sign_for=m_api&x-expires=1785585996&x-signature=u5VXNf9SSpW7a30Ato%2B1zDOg4gk%3D
https://p9-mapi-sign.creativityeco.com/tos-cn-i-sd07hgqsbj/2b7a89ce3fc649a5afb43bf192108715~tplv-iq460dd072-origin.image?key=%23TGeS6joMqq17DUHcPTQ1etAW8DbaIunFb6uCZ8OnKfX8vqrzlaUatGDziwXh7LF9J%2FYQshplZoW1d5n7xWxO89rz8xDzrF4wvbcaQl0OyPo8z9CMhX60qtgsOuPmezmIYuYvlUSlmVSwGiiqioKME7ui55pnNM16&lk3s=62ea907e&sign_for=m_api&x-expires=1785585996&x-signature=N3DYR%2BBy51uuPQCaXQVq8BarqhQ%3D
https://p6-mapi-sign.creativityeco.com/tos-cn-i-sd07hgqsbj/e782b3795597492a8d3c71181012583a~tplv-iq460dd072-origin.image?key=%23TGeS6joMqq17DUHcPTQ1etAW8DbaIunFb6uCZ8OnKfX8vqrzlaUatGDziwXh7LF9J%2FYQshplZoW1d5n7xWxO89rz8xDzrF4wvbcaQl0OyPo8z9CMhX60qtgsOuPmezmIYuYvlUSlmVSwGiiqioKME7ui55pnNM16&lk3s=62ea907e&sign_for=m_api&x-expires=1785585996&x-signature=BRHhkEnYHZZPs6W3jGgkOpnCOCs%3D",,,,,,14.68,749,54,7.21,0.27,19.6,0,0,0,0,0,0,0,0,0
"	7668318149338775561",0730图文-3,"https://ad.oceanengine.com/material_center/outer/video_player?token=CmOFqlQi4vfkUIF2oudG9EOYFTuubg7aD4Dd3zroU88S7YjbZIro47u70Ek1hxZ23Og7B%2FAlOjcWVfoFi0fp4jq5oN5Ax5CSqOty7EGt%2FWAWWRec2f1j0NA9zLQqBjub1y5VhhgaSwo8AAAAAAAAAAAAAFC5RNSXfJ67PnyzkuDusCiDFNRgXBPee4r6JFh3nXRkzN7sPpQ7%2B4j4%2FMK6O3ChH2MfEMOqmA4Yvfeq7g4gASIBA0pz14Y%3D
https://p3-mapi-sign.creativityeco.com/tos-cn-i-sd07hgqsbj/ba43fb4e5ceb409e97f9707226ce632c~tplv-iq460dd072-origin.image?key=%23TGeS6joMqq17DUHcPTQ1etAW8DbaIunFb6uCZ8OnKfX8vqrzlaUatGDziwXh7LF9J%2FYQshplZoW1d5n7xWxO89rz8xDzrF4wvbcaQl0OyPo8z9CMhX60qtgsOuPmezmIYuYvlUSlmVSwGiiqioKME7ui55pnNM16&lk3s=62ea907e&sign_for=m_api&x-expires=1785585995&x-signature=lGQptAUAmaB8%2F2SZjyJH5ORLukk%3D
https://p6-mapi-sign.creativityeco.com/tos-cn-i-sd07hgqsbj/797782e45c734d268fe5a7158a95e4a7~tplv-iq460dd072-origin.image?key=%23TGeS6joMqq17DUHcPTQ1etAW8DbaIunFb6uCZ8OnKfX8vqrzlaUatGDziwXh7LF9J%2FYQshplZoW1d5n7xWxO89rz8xDzrF4wvbcaQl0OyPo8z9CMhX60qtgsOuPmezmIYuYvlUSlmVSwGiiqioKME7ui55pnNM16&lk3s=62ea907e&sign_for=m_api&x-expires=1785585995&x-signature=U79gauVCJ2Nxcy8y2x%2BhD15UEiw%3D
https://p9-mapi-sign.creativityeco.com/tos-cn-i-sd07hgqsbj/8bd2d4c3b1c9451e94329c6867ea3c33~tplv-iq460dd072-origin.image?key=%23TGeS6joMqq17DUHcPTQ1etAW8DbaIunFb6uCZ8OnKfX8vqrzlaUatGDziwXh7LF9J%2FYQshplZoW1d5n7xWxO89rz8xDzrF4wvbcaQl0OyPo8z9CMhX60qtgsOuPmezmIYuYvlUSlmVSwGiiqioKME7ui55pnNM16&lk3s=62ea907e&sign_for=m_api&x-expires=1785585995&x-signature=iFVY8iaAkADAUjkWizWtLfmmhW4%3D
https://p3-mapi-sign.creativityeco.com/tos-cn-i-sd07hgqsbj/108e4a67b61a49838ffc4c3f01773ac4~tplv-iq460dd072-origin.image?key=%23TGeS6joMqq17DUHcPTQ1etAW8DbaIunFb6uCZ8OnKfX8vqrzlaUatGDziwXh7LF9J%2FYQshplZoW1d5n7xWxO89rz8xDzrF4wvbcaQl0OyPo8z9CMhX60qtgsOuPmezmIYuYvlUSlmVSwGiiqioKME7ui55pnNM16&lk3s=62ea907e&sign_for=m_api&x-expires=1785585995&x-signature=ykGUp0v7fuGp%2BX8aB6Pu0XoE6e8%3D
https://p3-mapi-sign.creativityeco.com/tos-cn-i-sd07hgqsbj/1cf1901dae8c42158dfe6d0c1daf3023~tplv-iq460dd072-origin.image?key=%23TGeS6joMqq17DUHcPTQ1etAW8DbaIunFb6uCZ8OnKfX8vqrzlaUatGDziwXh7LF9J%2FYQshplZoW1d5n7xWxO89rz8xDzrF4wvbcaQl0OyPo8z9CMhX60qtgsOuPmezmIYuYvlUSlmVSwGiiqioKME7ui55pnNM16&lk3s=62ea907e&sign_for=m_api&x-expires=1785585995&x-signature=iaHLRGnhzku%2FKseo4imfeul6%2BE8%3D
https://p6-mapi-sign.creativityeco.com/tos-cn-i-sd07hgqsbj/c079fee93cf44f2eaa783692c5830351~tplv-iq460dd072-origin.image?key=%23TGeS6joMqq17DUHcPTQ1etAW8DbaIunFb6uCZ8OnKfX8vqrzlaUatGDziwXh7LF9J%2FYQshplZoW1d5n7xWxO89rz8xDzrF4wvbcaQl0OyPo8z9CMhX60qtgsOuPmezmIYuYvlUSlmVSwGiiqioKME7ui55pnNM16&lk3s=62ea907e&sign_for=m_api&x-expires=1785585995&x-signature=f8e3IZ6VnYfehu8wOGZwEY3UzZ8%3D
https://p3-mapi-sign.creativityeco.com/tos-cn-i-sd07hgqsbj/2799d8ccd5eb486a998bd37e7db6b71f~tplv-iq460dd072-origin.image?key=%23TGeS6joMqq17DUHcPTQ1etAW8DbaIunFb6uCZ8OnKfX8vqrzlaUatGDziwXh7LF9J%2FYQshplZoW1d5n7xWxO89rz8xDzrF4wvbcaQl0OyPo8z9CMhX60qtgsOuPmezmIYuYvlUSlmVSwGiiqioKME7ui55pnNM16&lk3s=62ea907e&sign_for=m_api&x-expires=1785585995&x-signature=DSEBT9%2BLL%2Fpl3Ys57%2B0aY52JZtQ%3D",,,,,,5.89,518,10,1.93,0.59,11.37,1,5.89,10,0,0,0,0,0,0
"	7668637745304961074",0731-图文-引流-魏怡-5,"https://ad.oceanengine.com/material_center/outer/video_player?token=CmOT7Gk0aW9%2BITwOSEprZ9Itgx4%2BtW9lK4Nfj0zknBKJluxXCYvOORFGX1m5jzpWc7vZZWIewzRuysoQFtTkedbX5AfsIYafTj2xlz5kVYBhpgN98vBAoNPHceVy7KUXXK78ME8aSwo8AAAAAAAAAAAAAFC5RNSXfJ67PnyzkuDusCiDFNRgXBPee4r6JFh3nXRkzN7sPpQ7%2B4j4%2FMK6O3ChH2MfEKmrmA4Yvfeq7g4gASIBAyY3mfY%3D
https://p6-mapi-sign.creativityeco.com/tos-cn-i-sd07hgqsbj/3fd6c9ccb7814b558f1dc2416a42c466~tplv-iq460dd072-origin.image?key=%23TGeS6joMqq17DUHcPTQ1etAW8DbaIunFb6uCZ8OnKfX8vqrzlaUatGDziwXh7LF9J%2FYQshplZoW1d5n7xWxO89rz8xDzrF4wvbcaQl0OyPo8z9CMhX60qtgsOuPmezmIYuYvlUSlmVSwGiiqioKME7ui55pnNM16&lk3s=62ea907e&sign_for=m_api&x-expires=1785585996&x-signature=g9MLWvrhdtdNXAfDdLRHnQv99pA%3D
https://p3-mapi-sign.creativityeco.com/tos-cn-i-sd07hgqsbj/687f654102974d83b2f78de6b6f46699~tplv-iq460dd072-origin.image?key=%23TGeS6joMqq17DUHcPTQ1etAW8DbaIunFb6uCZ8OnKfX8vqrzlaUatGDziwXh7LF9J%2FYQshplZoW1d5n7xWxO89rz8xDzrF4wvbcaQl0OyPo8z9CMhX60qtgsOuPmezmIYuYvlUSlmVSwGiiqioKME7ui55pnNM16&lk3s=62ea907e&sign_for=m_api&x-expires=1785585996&x-signature=jtrMhUPdwDg7IsnRwSzWTsY8OXI%3D
https://p3-mapi-sign.creativityeco.com/tos-cn-i-sd07hgqsbj/d654947d5a2d49cfb37d4aa0040257ee~tplv-iq460dd072-origin.image?key=%23TGeS6joMqq17DUHcPTQ1etAW8DbaIunFb6uCZ8OnKfX8vqrzlaUatGDziwXh7LF9J%2FYQshplZoW1d5n7xWxO89rz8xDzrF4wvbcaQl0OyPo8z9CMhX60qtgsOuPmezmIYuYvlUSlmVSwGiiqioKME7ui55pnNM16&lk3s=62ea907e&sign_for=m_api&x-expires=1785585996&x-signature=o2n32tGmSAJp19XN4M6RLwDPsOg%3D
https://p9-mapi-sign.creativityeco.com/tos-cn-i-sd07hgqsbj/70d8b1e5a7b045479edb0f73fa41dcda~tplv-iq460dd072-origin.image?key=%23TGeS6joMqq17DUHcPTQ1etAW8DbaIunFb6uCZ8OnKfX8vqrzlaUatGDziwXh7LF9J%2FYQshplZoW1d5n7xWxO89rz8xDzrF4wvbcaQl0OyPo8z9CMhX60qtgsOuPmezmIYuYvlUSlmVSwGiiqioKME7ui55pnNM16&lk3s=62ea907e&sign_for=m_api&x-expires=1785585996&x-signature=2iUjSApYHpLcvgbcYq2LEEiCM60%3D",,,,,,0,0,0,0,0,0,0,0,0,0,0,0,0,0,0
"	7668637342688952383",0731-图文-引流-魏怡-4,"https://ad.oceanengine.com/material_center/outer/video_player?token=CmPpBEecn3VYX1JZhxGNBzgUCilrUZ1yNkfw0tBTmiG7RGRk9hYIoR9fFo4hoj6VkK4wIhFTiZwPD1cgNMrUXlRCKpV9GWnTJ2xdch6v8aqR4o3ewZRD7H41IpF2ZDLsJOmBKQAaSwo8AAAAAAAAAAAAAFC5RNSXfJ67PnyzkuDusCiDFNRgXBPee4r6JFh3nXRkzN7sPpQ7%2B4j4%2FMK6O3ChH2MfEIKqmA4Yvfeq7g4gASIBA%2BrvU8s%3D
https://p6-mapi-sign.creativityeco.com/tos-cn-i-sd07hgqsbj/db5e9867517540a6b00eb5920a032049~tplv-iq460dd072-origin.image?key=%23TGeS6joMqq17DUHcPTQ1etAW8DbaIunFb6uCZ8OnKfX8vqrzlaUatGDziwXh7LF9J%2FYQshplZoW1d5n7xWxO89rz8xDzrF4wvbcaQl0OyPo8z9CMhX60qtgsOuPmezmIYuYvlUSlmVSwGiiqioKME7ui55pnNM16&lk3s=62ea907e&sign_for=m_api&x-expires=1785585996&x-signature=%2Bm5H7SsANBoX2MOmJZ9tnCCxvQA%3D
https://p9-mapi-sign.creativityeco.com/tos-cn-i-sd07hgqsbj/b5816f4b07b949f3b975d103c58bb60f~tplv-iq460dd072-origin.image?key=%23TGeS6joMqq17DUHcPTQ1etAW8DbaIunFb6uCZ8OnKfX8vqrzlaUatGDziwXh7LF9J%2FYQshplZoW1d5n7xWxO89rz8xDzrF4wvbcaQl0OyPo8z9CMhX60qtgsOuPmezmIYuYvlUSlmVSwGiiqioKME7ui55pnNM16&lk3s=62ea907e&sign_for=m_api&x-expires=1785585996&x-signature=olXlMdWgdhWr8SdouHEAYLrfmhQ%3D
https://p6-mapi-sign.creativityeco.com/tos-cn-i-sd07hgqsbj/37d2fea75ae54a6d8d5da633a54eb61b~tplv-iq460dd072-origin.image?key=%23TGeS6joMqq17DUHcPTQ1etAW8DbaIunFb6uCZ8OnKfX8vqrzlaUatGDziwXh7LF9J%2FYQshplZoW1d5n7xWxO89rz8xDzrF4wvbcaQl0OyPo8z9CMhX60qtgsOuPmezmIYuYvlUSlmVSwGiiqioKME7ui55pnNM16&lk3s=62ea907e&sign_for=m_api&x-expires=1785585996&x-signature=IxiXy4TyXj%2FRGiaXQl0m3jAVbSE%3D",,,,,,0,0,0,0,0,0,0,0,0,0,0,0,0,0,0
"	7668636995202334766",0731-图文-引流-魏怡-3,"https://ad.oceanengine.com/material_center/outer/video_player?token=CmONN5wgjWP3FdWQ9OEE0ZjUhXq9vcpin7QBEb5ATtxPodEsR9A%2BVEhv3FhHp6h1L2hZrPb%2FLGM2d6wPDTX3iy9K%2F79WLLUvyKOPddHBt4uhDj%2FHlj0BqHKfSRibOMyuVBzY5UsaSwo8AAAAAAAAAAAAAFC5RNSXfJ67PnyzkuDusCiDFNRgXBPee4r6JFh3nXRkzN7sPpQ7%2B4j4%2FMK6O3ChH2MfEN2qmA4Yvfeq7g4gASIBA%2BNSbao%3D
https://p9-mapi-sign.creativityeco.com/tos-cn-i-sd07hgqsbj/281ddf3aa0a34bcab0c78878c92f972e~tplv-iq460dd072-origin.image?key=%23TGeS6joMqq17DUHcPTQ1etAW8DbaIunFb6uCZ8OnKfX8vqrzlaUatGDziwXh7LF9J%2FYQshplZoW1d5n7xWxO89rz8xDzrF4wvbcaQl0OyPo8z9CMhX60qtgsOuPmezmIYuYvlUSlmVSwGiiqioKME7ui55pnNM16&lk3s=62ea907e&sign_for=m_api&x-expires=1785585995&x-signature=bFR7DqclgOfjlWcya%2BK7i5BvxcQ%3D
https://p6-mapi-sign.creativityeco.com/tos-cn-i-sd07hgqsbj/0ab1c6b334ae4f8b89ff83dede47974e~tplv-iq460dd072-origin.image?key=%23TGeS6joMqq17DUHcPTQ1etAW8DbaIunFb6uCZ8OnKfX8vqrzlaUatGDziwXh7LF9J%2FYQshplZoW1d5n7xWxO89rz8xDzrF4wvbcaQl0OyPo8z9CMhX60qtgsOuPmezmIYuYvlUSlmVSwGiiqioKME7ui55pnNM16&lk3s=62ea907e&sign_for=m_api&x-expires=1785585995&x-signature=f9IjNcQd7JYV79EaVAydy0%2BwBzI%3D
https://p6-mapi-sign.creativityeco.com/tos-cn-i-sd07hgqsbj/fd338edbdbe84ea48dbe9b67d0f642b7~tplv-iq460dd072-origin.image?key=%23TGeS6joMqq17DUHcPTQ1etAW8DbaIunFb6uCZ8OnKfX8vqrzlaUatGDziwXh7LF9J%2FYQshplZoW1d5n7xWxO89rz8xDzrF4wvbcaQl0OyPo8z9CMhX60qtgsOuPmezmIYuYvlUSlmVSwGiiqioKME7ui55pnNM16&lk3s=62ea907e&sign_for=m_api&x-expires=1785585995&x-signature=wieU4lJhEBepCWFnCJ3KfhDHTyc%3D
https://p3-mapi-sign.creativityeco.com/tos-cn-i-sd07hgqsbj/754c415b9b2b4278a5ee585cd5c21f12~tplv-iq460dd072-origin.image?key=%23TGeS6joMqq17DUHcPTQ1etAW8DbaIunFb6uCZ8OnKfX8vqrzlaUatGDziwXh7LF9J%2FYQshplZoW1d5n7xWxO89rz8xDzrF4wvbcaQl0OyPo8z9CMhX60qtgsOuPmezmIYuYvlUSlmVSwGiiqioKME7ui55pnNM16&lk3s=62ea907e&sign_for=m_api&x-expires=1785585995&x-signature=HIAeOucjK6ykbkxE0Tvb%2FR9P3Jg%3D",,,,,,0,0,0,0,0,0,0,0,0,0,0,0,0,0,0
"	7668636844133892150",0731-图文-引流-魏怡-2,"https://ad.oceanengine.com/material_center/outer/video_player?token=CmMmC7kMwIgJBSf8oJbY5i8JrCbO7GSi9vFteDjZdf1Vwq4VqD3tl1QGI5tvlag91zuDH2BPeFxnW4zfvt2ZkjSQEZfYNcAskYZzEl4Dpvx3gUXzhJZksOcZ8Qp4uZn3W0U25MIaSwo8AAAAAAAAAAAAAFC5RNSXfJ67PnyzkuDusCiDFNRgXBPee4r6JFh3nXRkzN7sPpQ7%2B4j4%2FMK6O3ChH2MfEJKrmA4Yvfeq7g4gASIBA%2FkqTQ0%3D
https://p3-mapi-sign.creativityeco.com/tos-cn-i-sd07hgqsbj/75c0ccb450324681a27638cfe27be5b4~tplv-iq460dd072-origin.image?key=%23TGeS6joMqq17DUHcPTQ1etAW8DbaIunFb6uCZ8OnKfX8vqrzlaUatGDziwXh7LF9J%2FYQshplZoW1d5n7xWxO89rz8xDzrF4wvbcaQl0OyPo8z9CMhX60qtgsOuPmezmIYuYvlUSlmVSwGiiqioKME7ui55pnNM16&lk3s=62ea907e&sign_for=m_api&x-expires=1785585995&x-signature=ltMNpEhWY7eGJqZUKHsn91St7z4%3D
https://p3-mapi-sign.creativityeco.com/tos-cn-i-sd07hgqsbj/02563a756ab2437682f952f8bee5b3d3~tplv-iq460dd072-origin.image?key=%23TGeS6joMqq17DUHcPTQ1etAW8DbaIunFb6uCZ8OnKfX8vqrzlaUatGDziwXh7LF9J%2FYQshplZoW1d5n7xWxO89rz8xDzrF4wvbcaQl0OyPo8z9CMhX60qtgsOuPmezmIYuYvlUSlmVSwGiiqioKME7ui55pnNM16&lk3s=62ea907e&sign_for=m_api&x-expires=1785585995&x-signature=Rr31jGQgLpciEDUJcljbbv5k9QE%3D
https://p6-mapi-sign.creativityeco.com/tos-cn-i-sd07hgqsbj/9656741dc2e647e0a6546e8e7ecbac20~tplv-iq460dd072-origin.image?key=%23TGeS6joMqq17DUHcPTQ1etAW8DbaIunFb6uCZ8OnKfX8vqrzlaUatGDziwXh7LF9J%2FYQshplZoW1d5n7xWxO89rz8xDzrF4wvbcaQl0OyPo8z9CMhX60qtgsOuPmezmIYuYvlUSlmVSwGiiqioKME7ui55pnNM16&lk3s=62ea907e&sign_for=m_api&x-expires=1785585995&x-signature=sRnoDH5Df3ExmPBtpPlZKRKv9j8%3D
https://p3-mapi-sign.creativityeco.com/tos-cn-i-sd07hgqsbj/4c6156d1de174f43aa4b58fe0e88a506~tplv-iq460dd072-origin.image?key=%23TGeS6joMqq17DUHcPTQ1etAW8DbaIunFb6uCZ8OnKfX8vqrzlaUatGDziwXh7LF9J%2FYQshplZoW1d5n7xWxO89rz8xDzrF4wvbcaQl0OyPo8z9CMhX60qtgsOuPmezmIYuYvlUSlmVSwGiiqioKME7ui55pnNM16&lk3s=62ea907e&sign_for=m_api&x-expires=1785585995&x-signature=w0iUpq%2Bz%2Bc33nima67Y%2B87%2BDjvE%3D",,,,,,0,0,0,0,0,0,0,0,0,0,0,0,0,0,0
"	7668636397731479590",0731-图文-引流-魏怡-1,"https://ad.oceanengine.com/material_center/outer/video_player?token=CmOdSb6DAB3sjUUuv%2Fl7JVgtmYv1GJ3JcKVfYV53PxfzSjlzeVPhdnP28OCAmcHUB8BM%2BXneA9RD3UyPnY6FPoPXmKMr4gtZGYu4RnM4ttCgkWj4iBXmKARPffljaNK%2BQfYi9woaSwo8AAAAAAAAAAAAAFC5RNSXfJ67PnyzkuDusCiDFNRgXBPee4r6JFh3nXRkzN7sPpQ7%2B4j4%2FMK6O3ChH2MfEKWrmA4Yvfeq7g4gASIBA6uhhgc%3D
https://p9-mapi-sign.creativityeco.com/tos-cn-i-sd07hgqsbj/8fb43465e81d422fb2c5e1dafd6317dd~tplv-iq460dd072-origin.image?key=%23TGeS6joMqq17DUHcPTQ1etAW8DbaIunFb6uCZ8OnKfX8vqrzlaUatGDziwXh7LF9J%2FYQshplZoW1d5n7xWxO89rz8xDzrF4wvbcaQl0OyPo8z9CMhX60qtgsOuPmezmIYuYvlUSlmVSwGiiqioKME7ui55pnNM16&lk3s=62ea907e&sign_for=m_api&x-expires=1785585995&x-signature=z0gTqfBjhc6SK0t%2FZScdlB8i0us%3D
https://p6-mapi-sign.creativityeco.com/tos-cn-i-sd07hgqsbj/286187269c714e68b51029e6090a2c13~tplv-iq460dd072-origin.image?key=%23TGeS6joMqq17DUHcPTQ1etAW8DbaIunFb6uCZ8OnKfX8vqrzlaUatGDziwXh7LF9J%2FYQshplZoW1d5n7xWxO89rz8xDzrF4wvbcaQl0OyPo8z9CMhX60qtgsOuPmezmIYuYvlUSlmVSwGiiqioKME7ui55pnNM16&lk3s=62ea907e&sign_for=m_api&x-expires=1785585995&x-signature=I6Srycceu9BXpXl%2BLZpaM8shWTg%3D
https://p9-mapi-sign.creativityeco.com/tos-cn-i-sd07hgqsbj/e61ec3ba11bd420a93f81eeefb664f14~tplv-iq460dd072-origin.image?key=%23TGeS6joMqq17DUHcPTQ1etAW8DbaIunFb6uCZ8OnKfX8vqrzlaUatGDziwXh7LF9J%2FYQshplZoW1d5n7xWxO89rz8xDzrF4wvbcaQl0OyPo8z9CMhX60qtgsOuPmezmIYuYvlUSlmVSwGiiqioKME7ui55pnNM16&lk3s=62ea907e&sign_for=m_api&x-expires=1785585995&x-signature=C0vp88Ylj0vAEP5a%2Bk7gqv8PsxU%3D
https://p6-mapi-sign.creativityeco.com/tos-cn-i-sd07hgqsbj/6f54e2dec7744684b998985fe954e644~tplv-iq460dd072-origin.image?key=%23TGeS6joMqq17DUHcPTQ1etAW8DbaIunFb6uCZ8OnKfX8vqrzlaUatGDziwXh7LF9J%2FYQshplZoW1d5n7xWxO89rz8xDzrF4wvbcaQl0OyPo8z9CMhX60qtgsOuPmezmIYuYvlUSlmVSwGiiqioKME7ui55pnNM16&lk3s=62ea907e&sign_for=m_api&x-expires=1785585995&x-signature=IsmTjAQT%2FERwQVc69eYje6Hiczo%3D",,,,,,0,0,0,0,0,0,0,0,0,0,0,0,0,0,0
"	7668633940912930879",0731-图文-引流-嘉丽-2,"https://ad.oceanengine.com/material_center/outer/video_player?token=CmOblp5BrhWtayYEH3gexhgALGVq0nDhI1AIC293qrZkHKkDJynwcR%2BcU9RPvT7yYTatuNO3LzH1Ba1FpoiziesIPRYi1ZdHx3PXuLoR%2BhvAX2hMyaOZN1C%2Fd8Byb%2FxIuQ%2Fs51AaSwo8AAAAAAAAAAAAAFC5RNSXfJ67PnyzkuDusCiDFNRgXBPee4r6JFh3nXRkzN7sPpQ7%2B4j4%2FMK6O3ChH2MfEMWqmA4Yvfeq7g4gASIBA%2BFQsNs%3D
https://p6-mapi-sign.creativityeco.com/tos-cn-i-sd07hgqsbj/8ebe1d687df7472a888e5e2b2ea58339~tplv-iq460dd072-origin.image?key=%23TGeS6joMqq17DUHcPTQ1etAW8DbaIunFb6uCZ8OnKfX8vqrzlaUatGDziwXh7LF9J%2FYQshplZoW1d5n7xWxO89rz8xDzrF4wvbcaQl0OyPo8z9CMhX60qtgsOuPmezmIYuYvlUSlmVSwGiiqioKME7ui55pnNM16&lk3s=62ea907e&sign_for=m_api&x-expires=1785585996&x-signature=H4i5X5u4yvdo5XVWqRjBFwWxpbo%3D
https://p6-mapi-sign.creativityeco.com/tos-cn-i-sd07hgqsbj/ecdac8e44c1a4fbca95d0b67fda1eb5d~tplv-iq460dd072-origin.image?key=%23TGeS6joMqq17DUHcPTQ1etAW8DbaIunFb6uCZ8OnKfX8vqrzlaUatGDziwXh7LF9J%2FYQshplZoW1d5n7xWxO89rz8xDzrF4wvbcaQl0OyPo8z9CMhX60qtgsOuPmezmIYuYvlUSlmVSwGiiqioKME7ui55pnNM16&lk3s=62ea907e&sign_for=m_api&x-expires=1785585996&x-signature=lnht2F%2BMoQyKgPmLf7PO8irOXgY%3D
https://p6-mapi-sign.creativityeco.com/tos-cn-i-sd07hgqsbj/dc1882cf51434add8143f7a59c743eab~tplv-iq460dd072-origin.image?key=%23TGeS6joMqq17DUHcPTQ1etAW8DbaIunFb6uCZ8OnKfX8vqrzlaUatGDziwXh7LF9J%2FYQshplZoW1d5n7xWxO89rz8xDzrF4wvbcaQl0OyPo8z9CMhX60qtgsOuPmezmIYuYvlUSlmVSwGiiqioKME7ui55pnNM16&lk3s=62ea907e&sign_for=m_api&x-expires=1785585996&x-signature=gS6yrh3yrg1RHjNOnbhaYuHF%2BSo%3D",,,,,,0,0,0,0,0,0,0,0,0,0,0,0,0,0,0
"	7668633716784840750",0731-图文-引流-嘉丽-1,"https://ad.oceanengine.com/material_center/outer/video_player?token=CmPf7tdA9vxx5n1AyQBdpX6ZnHwmD5MS6TGI3%2Fi3j7q39MNIQiF88ZS2XeeeZYrf4gBkwqF%2BZ%2Bqeyr4EubQ2%2Fino%2BPJhFSiUMzYUh5Zg5fecYaQTM12UAK5VtQkOWVVtQI7vSsUaSwo8AAAAAAAAAAAAAFC5RNSXfJ67PnyzkuDusCiDFNRgXBPee4r6JFh3nXRkzN7sPpQ7%2B4j4%2FMK6O3ChH2MfEMCrmA4Yvfeq7g4gASIBA%2BF7c%2B0%3D
https://p3-mapi-sign.creativityeco.com/tos-cn-i-sd07hgqsbj/55c1e4b097e64f9ab117d174fcc2a61f~tplv-iq460dd072-origin.image?key=%23TGeS6joMqq17DUHcPTQ1etAW8DbaIunFb6uCZ8OnKfX8vqrzlaUatGDziwXh7LF9J%2FYQshplZoW1d5n7xWxO89rz8xDzrF4wvbcaQl0OyPo8z9CMhX60qtgsOuPmezmIYuYvlUSlmVSwGiiqioKME7ui55pnNM16&lk3s=62ea907e&sign_for=m_api&x-expires=1785585995&x-signature=dzX8HHqPAn%2BXeaguHDLBN%2BlS8Ao%3D
https://p3-mapi-sign.creativityeco.com/tos-cn-i-sd07hgqsbj/fa85ae2aa39f40ca9deef74db72f59e8~tplv-iq460dd072-origin.image?key=%23TGeS6joMqq17DUHcPTQ1etAW8DbaIunFb6uCZ8OnKfX8vqrzlaUatGDziwXh7LF9J%2FYQshplZoW1d5n7xWxO89rz8xDzrF4wvbcaQl0OyPo8z9CMhX60qtgsOuPmezmIYuYvlUSlmVSwGiiqioKME7ui55pnNM16&lk3s=62ea907e&sign_for=m_api&x-expires=1785585995&x-signature=h8cE8SzguDJKomgnFKw%2FA8IlMms%3D
https://p6-mapi-sign.creativityeco.com/tos-cn-i-sd07hgqsbj/2982ef5e997d4f69bb1f55622a29ca44~tplv-iq460dd072-origin.image?key=%23TGeS6joMqq17DUHcPTQ1etAW8DbaIunFb6uCZ8OnKfX8vqrzlaUatGDziwXh7LF9J%2FYQshplZoW1d5n7xWxO89rz8xDzrF4wvbcaQl0OyPo8z9CMhX60qtgsOuPmezmIYuYvlUSlmVSwGiiqioKME7ui55pnNM16&lk3s=62ea907e&sign_for=m_api&x-expires=1785585995&x-signature=6oQ7nvibbUYnBjGkkPD%2FVwotE4k%3D
https://p6-mapi-sign.creativityeco.com/tos-cn-i-sd07hgqsbj/0885845b6d834b43ac53816a9e40180c~tplv-iq460dd072-origin.image?key=%23TGeS6joMqq17DUHcPTQ1etAW8DbaIunFb6uCZ8OnKfX8vqrzlaUatGDziwXh7LF9J%2FYQshplZoW1d5n7xWxO89rz8xDzrF4wvbcaQl0OyPo8z9CMhX60qtgsOuPmezmIYuYvlUSlmVSwGiiqioKME7ui55pnNM16&lk3s=62ea907e&sign_for=m_api&x-expires=1785585995&x-signature=kWsbOmoKwR5Veur%2BvmYKza6UfVg%3D",,,,,,0,0,0,0,0,0,0,0,0,0,0,0,0,0,0
"	7666333088523403306",7.66633E+18,"https://ad.oceanengine.com/material_center/outer/video_player?token=CmPeNSK0uwfziFUsrGEdl49Ar3yf3WXncvvj05QhGM8ELqEvnxk6FTVfVv8WbgqfziN0WsXUfxuJxNS3AajOiXHAWX7mDHcNNpaOT83fAk%2BByXG9Aqep%2Fi3JCkxJYvYJrRUoHZAaSwo8AAAAAAAAAAAAAFC5RNSXfJ67PnyzkuDusCiDFNRgXBPee4r6JFh3nXRkzN7sPpQ7%2B4j4%2FMK6O3ChH2MfEKarmA4Yvfeq7g4gASIBA8RF4%2BM%3D
https://p9-mapi-sign.creativityeco.com/tos-cn-i-dy/5588d75d0b0c45f694565c9bf58d4658~tplv-iq460dd072-origin.image?key=%23TGeS6joMqq17DUHcPTQ1etAW8DbaIunFb6uCZ8OnKfX8vqrzlaUatGDziwXh7LF9J%2FYQshplZoW1d5n7xWxO89rz8xDzrF4wvbcaQl0OyPo8z9CMhX60qtgsOuPmezmIYuYvlUSlmVSwGiiqioKME7ui55pnNM16&lk3s=62ea907e&sign_for=m_api&x-expires=1785585996&x-signature=DNjFjFivY5%2Fd68ty5roIMyp0iQo%3D
https://p3-mapi-sign.creativityeco.com/tos-cn-i-dy/625dd8b856c44dc098a775dd4eae619d~tplv-iq460dd072-origin.image?key=%23TGeS6joMqq17DUHcPTQ1etAW8DbaIunFb6uCZ8OnKfX8vqrzlaUatGDziwXh7LF9J%2FYQshplZoW1d5n7xWxO89rz8xDzrF4wvbcaQl0OyPo8z9CMhX60qtgsOuPmezmIYuYvlUSlmVSwGiiqioKME7ui55pnNM16&lk3s=62ea907e&sign_for=m_api&x-expires=1785585996&x-signature=08XkVGCzF32HZ%2BGAuNBCtn06bx0%3D",,,,,,0,0,0,0,0,0,0,0,0,0,0,0,0,0,0
"	7666333089019183123",7.66633E+18,"https://ad.oceanengine.com/material_center/outer/video_player?token=CmMpNSvuWUgsIqAGlhQ5bvJO73tEMuO9iPqAlUjFbgly9VZcrPn4NA58iQN%2F0kRx5Bc4J7kIs8TMEfjYHpz%2BhH43RgUOsFWEs6RM9jWSY0cuBMjuaOZbWd1hfgv5u%2BQ32SlKFzsaSwo8AAAAAAAAAAAAAFC5RNSXfJ67PnyzkuDusCiDFNRgXBPee4r6JFh3nXRkzN7sPpQ7%2B4j4%2FMK6O3ChH2MfENermA4Yvfeq7g4gASIBA7gfedg%3D
https://p6-mapi-sign.creativityeco.com/tos-cn-i-dy/efef6fd33cde4f539e21e2fa606cfe58~tplv-iq460dd072-origin.image?key=%23TGeS6joMqq17DUHcPTQ1etAW8DbaIunFb6uCZ8OnKfX8vqrzlaUatGDziwXh7LF9J%2FYQshplZoW1d5n7xWxO89rz8xDzrF4wvbcaQl0OyPo8z9CMhX60qtgsOuPmezmIYuYvlUSlmVSwGiiqioKME7ui55pnNM16&lk3s=62ea907e&sign_for=m_api&x-expires=1785585995&x-signature=2KfkhoeY4qLtdpAewz9fckIgYlo%3D
https://p9-mapi-sign.creativityeco.com/tos-cn-i-dy/3ef916a272204e4ea9b350ee78d0889a~tplv-iq460dd072-origin.image?key=%23TGeS6joMqq17DUHcPTQ1etAW8DbaIunFb6uCZ8OnKfX8vqrzlaUatGDziwXh7LF9J%2FYQshplZoW1d5n7xWxO89rz8xDzrF4wvbcaQl0OyPo8z9CMhX60qtgsOuPmezmIYuYvlUSlmVSwGiiqioKME7ui55pnNM16&lk3s=62ea907e&sign_for=m_api&x-expires=1785585995&x-signature=4lI1E6BQgSQEUR35XAtr9NIgSJ0%3D
https://p9-mapi-sign.creativityeco.com/tos-cn-i-dy/ccdb4ea379e14acf8214d782bd322d45~tplv-iq460dd072-origin.image?key=%23TGeS6joMqq17DUHcPTQ1etAW8DbaIunFb6uCZ8OnKfX8vqrzlaUatGDziwXh7LF9J%2FYQshplZoW1d5n7xWxO89rz8xDzrF4wvbcaQl0OyPo8z9CMhX60qtgsOuPmezmIYuYvlUSlmVSwGiiqioKME7ui55pnNM16&lk3s=62ea907e&sign_for=m_api&x-expires=1785585995&x-signature=oTRlNal4EburX3jh%2FKcRyhP69H8%3D",,,,,,0,0,0,0,0,0,0,0,0,0,0,0,0,0,0
"	7666333093406539795",7.66633E+18,"https://ad.oceanengine.com/material_center/outer/video_player?token=CmNj0XQfd9T7%2BA2%2FFB%2BiRfL2dL6wY%2B8Yyd3pTaE%2B9wTAmed6gyyKUUEcMMMzoLj8DCMV%2BYjxf0FfvGL%2BEYK4WlpVcs4eEfaoLh3sFLiIpz6mPs6QjPCyTkZy0zIl1ks3xF9D5NsaSwo8AAAAAAAAAAAAAFC5RNSXfJ67PnyzkuDusCiDFNRgXBPee4r6JFh3nXRkzN7sPpQ7%2B4j4%2FMK6O3ChH2MfEOGpmA4Yvfeq7g4gASIBA1DTTI4%3D
https://p6-mapi-sign.creativityeco.com/tos-cn-i-dy/9fa376dda9bf4145852284347d64b2f9~tplv-iq460dd072-origin.image?key=%23TGeS6joMqq17DUHcPTQ1etAW8DbaIunFb6uCZ8OnKfX8vqrzlaUatGDziwXh7LF9J%2FYQshplZoW1d5n7xWxO89rz8xDzrF4wvbcaQl0OyPo8z9CMhX60qtgsOuPmezmIYuYvlUSlmVSwGiiqioKME7ui55pnNM16&lk3s=62ea907e&sign_for=m_api&x-expires=1785585996&x-signature=NxC2J%2Bzf0I1jkTTzYmQIvuncvxk%3D
https://p3-mapi-sign.creativityeco.com/tos-cn-i-dy/6db3f034e28c48c594005e127203fc3e~tplv-iq460dd072-origin.image?key=%23TGeS6joMqq17DUHcPTQ1etAW8DbaIunFb6uCZ8OnKfX8vqrzlaUatGDziwXh7LF9J%2FYQshplZoW1d5n7xWxO89rz8xDzrF4wvbcaQl0OyPo8z9CMhX60qtgsOuPmezmIYuYvlUSlmVSwGiiqioKME7ui55pnNM16&lk3s=62ea907e&sign_for=m_api&x-expires=1785585996&x-signature=fystsbyTJnQ%2F6bRy1023%2BlKEwb4%3D
https://p3-mapi-sign.creativityeco.com/tos-cn-i-dy/e37087110a4a4e72b4cd9fc6b33bab27~tplv-iq460dd072-origin.image?key=%23TGeS6joMqq17DUHcPTQ1etAW8DbaIunFb6uCZ8OnKfX8vqrzlaUatGDziwXh7LF9J%2FYQshplZoW1d5n7xWxO89rz8xDzrF4wvbcaQl0OyPo8z9CMhX60qtgsOuPmezmIYuYvlUSlmVSwGiiqioKME7ui55pnNM16&lk3s=62ea907e&sign_for=m_api&x-expires=1785585996&x-signature=oFkDIE09jzYGWmfg%2Fwk%2FpzAZqZo%3D
https://p3-mapi-sign.creativityeco.com/tos-cn-i-dy/05fdd7062c8944338137cb77e98316c3~tplv-iq460dd072-origin.image?key=%23TGeS6joMqq17DUHcPTQ1etAW8DbaIunFb6uCZ8OnKfX8vqrzlaUatGDziwXh7LF9J%2FYQshplZoW1d5n7xWxO89rz8xDzrF4wvbcaQl0OyPo8z9CMhX60qtgsOuPmezmIYuYvlUSlmVSwGiiqioKME7ui55pnNM16&lk3s=62ea907e&sign_for=m_api&x-expires=1785585996&x-signature=I%2Bs7lupXs7TZmOhGvNDC4fEdX%2Fg%3D
https://p3-mapi-sign.creativityeco.com/tos-cn-i-dy/d586610acdcb4bd2a5dd1b9cfc1522b2~tplv-iq460dd072-origin.image?key=%23TGeS6joMqq17DUHcPTQ1etAW8DbaIunFb6uCZ8OnKfX8vqrzlaUatGDziwXh7LF9J%2FYQshplZoW1d5n7xWxO89rz8xDzrF4wvbcaQl0OyPo8z9CMhX60qtgsOuPmezmIYuYvlUSlmVSwGiiqioKME7ui55pnNM16&lk3s=62ea907e&sign_for=m_api&x-expires=1785585996&x-signature=9b4k9qHHTrHJ72Mh%2FAEf3ubKCPA%3D",,,,,,0,0,0,0,0,0,0,0,0,0,0,0,0,0,0
"	7666333092897914934",7.66633E+18,"https://ad.oceanengine.com/material_center/outer/video_player?token=CmO8QJZKGNYTXVkO6lYNlWRFqMONoB28iRhmA1lYw6gurVQJOElhPGBU5gRtFOrJdiOov%2Fj9PT5qDco3HP7F1SmuAtbgy9YEM1bH1d6tYwQxa7KCrsy4QjUdb3dm6wq8rBmEnN0aSwo8AAAAAAAAAAAAAFC5RNSXfJ67PnyzkuDusCiDFNRgXBPee4r6JFh3nXRkzN7sPpQ7%2B4j4%2FMK6O3ChH2MfELGrmA4Yvfeq7g4gASIBA9hPSd4%3D
https://p6-mapi-sign.creativityeco.com/tos-cn-i-dy/9fee1fbe27ec4fda84c58b7ebc8bef3c~tplv-iq460dd072-origin.image?key=%23TGeS6joMqq17DUHcPTQ1etAW8DbaIunFb6uCZ8OnKfX8vqrzlaUatGDziwXh7LF9J%2FYQshplZoW1d5n7xWxO89rz8xDzrF4wvbcaQl0OyPo8z9CMhX60qtgsOuPmezmIYuYvlUSlmVSwGiiqioKME7ui55pnNM16&lk3s=62ea907e&sign_for=m_api&x-expires=1785585995&x-signature=rWWfWIUjhm%2BTHshQePNbwCC5Dcs%3D
https://p6-mapi-sign.creativityeco.com/tos-cn-i-dy/c9787535ad624657ab055f2252731188~tplv-iq460dd072-origin.image?key=%23TGeS6joMqq17DUHcPTQ1etAW8DbaIunFb6uCZ8OnKfX8vqrzlaUatGDziwXh7LF9J%2FYQshplZoW1d5n7xWxO89rz8xDzrF4wvbcaQl0OyPo8z9CMhX60qtgsOuPmezmIYuYvlUSlmVSwGiiqioKME7ui55pnNM16&lk3s=62ea907e&sign_for=m_api&x-expires=1785585995&x-signature=VYKt0o1HLigClynHFS%2F8BQ05pPw%3D
https://p9-mapi-sign.creativityeco.com/tos-cn-i-dy/6a9fcb1c6014415a9dfa63b6508de5db~tplv-iq460dd072-origin.image?key=%23TGeS6joMqq17DUHcPTQ1etAW8DbaIunFb6uCZ8OnKfX8vqrzlaUatGDziwXh7LF9J%2FYQshplZoW1d5n7xWxO89rz8xDzrF4wvbcaQl0OyPo8z9CMhX60qtgsOuPmezmIYuYvlUSlmVSwGiiqioKME7ui55pnNM16&lk3s=62ea907e&sign_for=m_api&x-expires=1785585995&x-signature=3K6iqug%2B6xhVciG7JWFHzaskPGM%3D
https://p3-mapi-sign.creativityeco.com/tos-cn-i-dy/b43594dd4f044d588eec4b87324359ea~tplv-iq460dd072-origin.image?key=%23TGeS6joMqq17DUHcPTQ1etAW8DbaIunFb6uCZ8OnKfX8vqrzlaUatGDziwXh7LF9J%2FYQshplZoW1d5n7xWxO89rz8xDzrF4wvbcaQl0OyPo8z9CMhX60qtgsOuPmezmIYuYvlUSlmVSwGiiqioKME7ui55pnNM16&lk3s=62ea907e&sign_for=m_api&x-expires=1785585995&x-signature=ezwrfA2Fl79%2B%2Bze7CVn510JZIzo%3D",,,,,,0,0,0,0,0,0,0,0,0,0,0,0,0,0,0
"	7666333089157562387",7.66633E+18,"https://ad.oceanengine.com/material_center/outer/video_player?token=CmPuT4jXMUGBq9ovyditlz5B6sEjTDvCYLb3kU9NzPWgZRAIOhEs3fuTIYOZtIX0PTkicDi51X11tMFljou3QFvQLVjPKcwwM4qb9ljXtUgIG80n8sb5%2FGRJR8RAZjbYbx7qT%2FIaSwo8AAAAAAAAAAAAAFC5RNSXfJ67PnyzkuDusCiDFNRgXBPee4r6JFh3nXRkzN7sPpQ7%2B4j4%2FMK6O3ChH2MfEN2qmA4Yvfeq7g4gASIBA8rRreI%3D
https://p9-mapi-sign.creativityeco.com/tos-cn-i-dy/4031d3a136aa4568b12c04aee4442e18~tplv-iq460dd072-origin.image?key=%23TGeS6joMqq17DUHcPTQ1etAW8DbaIunFb6uCZ8OnKfX8vqrzlaUatGDziwXh7LF9J%2FYQshplZoW1d5n7xWxO89rz8xDzrF4wvbcaQl0OyPo8z9CMhX60qtgsOuPmezmIYuYvlUSlmVSwGiiqioKME7ui55pnNM16&lk3s=62ea907e&sign_for=m_api&x-expires=1785585995&x-signature=KiVz1Y40Z1ZoegmAqdbGlmrZlwg%3D
https://p3-mapi-sign.creativityeco.com/tos-cn-i-dy/103cf62c7f5446908815ecbbf06a40d0~tplv-iq460dd072-origin.image?key=%23TGeS6joMqq17DUHcPTQ1etAW8DbaIunFb6uCZ8OnKfX8vqrzlaUatGDziwXh7LF9J%2FYQshplZoW1d5n7xWxO89rz8xDzrF4wvbcaQl0OyPo8z9CMhX60qtgsOuPmezmIYuYvlUSlmVSwGiiqioKME7ui55pnNM16&lk3s=62ea907e&sign_for=m_api&x-expires=1785585995&x-signature=E%2B1c%2BuUGdXlD0OW%2FWdx5uFeHhrM%3D
https://p6-mapi-sign.creativityeco.com/tos-cn-i-dy/870f0fdc600e4d098dd8bd6bc354acd8~tplv-iq460dd072-origin.image?key=%23TGeS6joMqq17DUHcPTQ1etAW8DbaIunFb6uCZ8OnKfX8vqrzlaUatGDziwXh7LF9J%2FYQshplZoW1d5n7xWxO89rz8xDzrF4wvbcaQl0OyPo8z9CMhX60qtgsOuPmezmIYuYvlUSlmVSwGiiqioKME7ui55pnNM16&lk3s=62ea907e&sign_for=m_api&x-expires=1785585995&x-signature=GuvDIIojfBcj0AE%2FVV7qvAldEYY%3D",,,,,,0,0,0,0,0,0,0,0,0,0,0,0,0,0,0
"	7665935383276404777",7.66594E+18,"https://ad.oceanengine.com/material_center/outer/video_player?token=CmNTi021jxUM07G9AQtph4JcqGw8d5Ap8m6tJqpHodHVFmf9rOMGYM2C5JQb8rJqUcFGqGPIVDSnYxsJbI6bELUkGq%2B0fEp1T6zwPC46hcVGVzJEBlmYbZlW44U%2FnQksuF%2B7nqoaSwo8AAAAAAAAAAAAAFC5RNSXfJ67PnyzkuDusCiDFNRgXBPee4r6JFh3nXRkzN7sPpQ7%2B4j4%2FMK6O3ChH2MfEMWqmA4Yvfeq7g4gASIBAz8y0LU%3D
https://p6-mapi-sign.creativityeco.com/tos-cn-i-dy/a3405e3ff25b486cbb7a24bc80d92ca7~tplv-iq460dd072-origin.image?key=%23TGeS6joMqq17DUHcPTQ1etAW8DbaIunFb6uCZ8OnKfX8vqrzlaUatGDziwXh7LF9J%2FYQshplZoW1d5n7xWxO89rz8xDzrF4wvbcaQl0OyPo8z9CMhX60qtgsOuPmezmIYuYvlUSlmVSwGiiqioKME7ui55pnNM16&lk3s=62ea907e&sign_for=m_api&x-expires=1785585995&x-signature=pItWnfzvzR4MP5ow1g5%2F46OfGd0%3D
https://p3-mapi-sign.creativityeco.com/tos-cn-i-dy/938b9b1994e646af82ed8e7d4b8558fd~tplv-iq460dd072-origin.image?key=%23TGeS6joMqq17DUHcPTQ1etAW8DbaIunFb6uCZ8OnKfX8vqrzlaUatGDziwXh7LF9J%2FYQshplZoW1d5n7xWxO89rz8xDzrF4wvbcaQl0OyPo8z9CMhX60qtgsOuPmezmIYuYvlUSlmVSwGiiqioKME7ui55pnNM16&lk3s=62ea907e&sign_for=m_api&x-expires=1785585995&x-signature=mayKMhtPXP7AJF6d2GGX5lZULo8%3D
https://p6-mapi-sign.creativityeco.com/tos-cn-i-dy/68a5f53070344448b513ee947f9426f6~tplv-iq460dd072-origin.image?key=%23TGeS6joMqq17DUHcPTQ1etAW8DbaIunFb6uCZ8OnKfX8vqrzlaUatGDziwXh7LF9J%2FYQshplZoW1d5n7xWxO89rz8xDzrF4wvbcaQl0OyPo8z9CMhX60qtgsOuPmezmIYuYvlUSlmVSwGiiqioKME7ui55pnNM16&lk3s=62ea907e&sign_for=m_api&x-expires=1785585995&x-signature=BcGLjjehfwjjyDOEoKLY19IbM5o%3D
https://p6-mapi-sign.creativityeco.com/tos-cn-i-dy/59d64754bb574d41bf8905d5d999b2f1~tplv-iq460dd072-origin.image?key=%23TGeS6joMqq17DUHcPTQ1etAW8DbaIunFb6uCZ8OnKfX8vqrzlaUatGDziwXh7LF9J%2FYQshplZoW1d5n7xWxO89rz8xDzrF4wvbcaQl0OyPo8z9CMhX60qtgsOuPmezmIYuYvlUSlmVSwGiiqioKME7ui55pnNM16&lk3s=62ea907e&sign_for=m_api&x-expires=1785585995&x-signature=BAyI6CwK0mtGovf8GX3wH%2Fx7Wnk%3D",,,,,,0,0,0,0,0,0,0,0,0,0,0,0,0,0,0
"	7665935357737304106",7.66594E+18,"https://ad.oceanengine.com/material_center/outer/video_player?token=CmPXj1tHVds0RxIxMf34Xov3olIDnm6sf9rLUPeBag%2BhzkVpNCRu0ZLFImcOBhesE%2F8ttt18TVvbqaTwgl1iU5KgsN3k5s5FC8XN6RAbphv5kSd0JiMb249gQ6v8Pwom7JM3mN0aSwo8AAAAAAAAAAAAAFC5RNSXfJ67PnyzkuDusCiDFNRgXBPee4r6JFh3nXRkzN7sPpQ7%2B4j4%2FMK6O3ChH2MfEOeqmA4Yvfeq7g4gASIBA50vJ7E%3D
https://p9-mapi-sign.creativityeco.com/tos-cn-i-dy/c2a547c2af2a4b1bbd0071015a68a125~tplv-iq460dd072-origin.image?key=%23TGeS6joMqq17DUHcPTQ1etAW8DbaIunFb6uCZ8OnKfX8vqrzlaUatGDziwXh7LF9J%2FYQshplZoW1d5n7xWxO89rz8xDzrF4wvbcaQl0OyPo8z9CMhX60qtgsOuPmezmIYuYvlUSlmVSwGiiqioKME7ui55pnNM16&lk3s=62ea907e&sign_for=m_api&x-expires=1785585996&x-signature=ZkBd7OdDbC1Vj0fF5JVGGX78xSI%3D
https://p3-mapi-sign.creativityeco.com/tos-cn-i-dy/b20a8a94f41444b5b6cd3eb8495ad2d9~tplv-iq460dd072-origin.image?key=%23TGeS6joMqq17DUHcPTQ1etAW8DbaIunFb6uCZ8OnKfX8vqrzlaUatGDziwXh7LF9J%2FYQshplZoW1d5n7xWxO89rz8xDzrF4wvbcaQl0OyPo8z9CMhX60qtgsOuPmezmIYuYvlUSlmVSwGiiqioKME7ui55pnNM16&lk3s=62ea907e&sign_for=m_api&x-expires=1785585996&x-signature=BeqWKxzKRhwOlGkvLHwSajrdNJs%3D
https://p6-mapi-sign.creativityeco.com/tos-cn-i-dy/3797144eb1cd451786fb0671edb6cf52~tplv-iq460dd072-origin.image?key=%23TGeS6joMqq17DUHcPTQ1etAW8DbaIunFb6uCZ8OnKfX8vqrzlaUatGDziwXh7LF9J%2FYQshplZoW1d5n7xWxO89rz8xDzrF4wvbcaQl0OyPo8z9CMhX60qtgsOuPmezmIYuYvlUSlmVSwGiiqioKME7ui55pnNM16&lk3s=62ea907e&sign_for=m_api&x-expires=1785585996&x-signature=2Xa9lrJTb5HeJDD5iJMKcRya2b8%3D
https://p6-mapi-sign.creativityeco.com/tos-cn-i-dy/46ff548dccb24395bbe46ec54f500c96~tplv-iq460dd072-origin.image?key=%23TGeS6joMqq17DUHcPTQ1etAW8DbaIunFb6uCZ8OnKfX8vqrzlaUatGDziwXh7LF9J%2FYQshplZoW1d5n7xWxO89rz8xDzrF4wvbcaQl0OyPo8z9CMhX60qtgsOuPmezmIYuYvlUSlmVSwGiiqioKME7ui55pnNM16&lk3s=62ea907e&sign_for=m_api&x-expires=1785585996&x-signature=X9d3x2QaQiO54zOK8qUjxYeEeFM%3D
https://p6-mapi-sign.creativityeco.com/tos-cn-i-dy/6d6838429f5b4693bf9391c43885e20a~tplv-iq460dd072-origin.image?key=%23TGeS6joMqq17DUHcPTQ1etAW8DbaIunFb6uCZ8OnKfX8vqrzlaUatGDziwXh7LF9J%2FYQshplZoW1d5n7xWxO89rz8xDzrF4wvbcaQl0OyPo8z9CMhX60qtgsOuPmezmIYuYvlUSlmVSwGiiqioKME7ui55pnNM16&lk3s=62ea907e&sign_for=m_api&x-expires=1785585996&x-signature=5vlyg8CjMA%2FCQBkEWgvORkHh5f0%3D
https://p9-mapi-sign.creativityeco.com/tos-cn-i-dy/15a8b3b970ee48259567c784f6c2450e~tplv-iq460dd072-origin.image?key=%23TGeS6joMqq17DUHcPTQ1etAW8DbaIunFb6uCZ8OnKfX8vqrzlaUatGDziwXh7LF9J%2FYQshplZoW1d5n7xWxO89rz8xDzrF4wvbcaQl0OyPo8z9CMhX60qtgsOuPmezmIYuYvlUSlmVSwGiiqioKME7ui55pnNM16&lk3s=62ea907e&sign_for=m_api&x-expires=1785585996&x-signature=fgFWMtTAweunQOXbucqttwuRlWM%3D
https://p3-mapi-sign.creativityeco.com/tos-cn-i-dy/47800a1deb4449dbae5ec53ba43e9e42~tplv-iq460dd072-origin.image?key=%23TGeS6joMqq17DUHcPTQ1etAW8DbaIunFb6uCZ8OnKfX8vqrzlaUatGDziwXh7LF9J%2FYQshplZoW1d5n7xWxO89rz8xDzrF4wvbcaQl0OyPo8z9CMhX60qtgsOuPmezmIYuYvlUSlmVSwGiiqioKME7ui55pnNM16&lk3s=62ea907e&sign_for=m_api&x-expires=1785585996&x-signature=8MtJisnHU5%2Bn1%2BB6ibQxO7pYEHU%3D",,,,,,0,0,0,0,0,0,0,0,0,0,0,0,0,0,0
"	7665935337701982249",7.66594E+18,"https://ad.oceanengine.com/material_center/outer/video_player?token=CmNdBDucWVnJS0NoHpWDmGpYF%2F8thqqS%2FIsEzR6h9CVg%2FIYtMrOM0ma9cWVXlR6C5YWIri19QfkKuQADeVGQGFKIvjia82r6wgFAqBh4cMFcSaFZJwZpNR%2FW6UIHsGYZH5o%2FVhgaSwo8AAAAAAAAAAAAAFC5RNSXfJ67PnyzkuDusCiDFNRgXBPee4r6JFh3nXRkzN7sPpQ7%2B4j4%2FMK6O3ChH2MfEMWqmA4Yvfeq7g4gASIBAxtAJjw%3D
https://p9-mapi-sign.creativityeco.com/tos-cn-i-dy/ec1dfd578bba4901862e121b97b0bb10~tplv-iq460dd072-origin.image?key=%23TGeS6joMqq17DUHcPTQ1etAW8DbaIunFb6uCZ8OnKfX8vqrzlaUatGDziwXh7LF9J%2FYQshplZoW1d5n7xWxO89rz8xDzrF4wvbcaQl0OyPo8z9CMhX60qtgsOuPmezmIYuYvlUSlmVSwGiiqioKME7ui55pnNM16&lk3s=62ea907e&sign_for=m_api&x-expires=1785585995&x-signature=OFq%2F5OCSwlDumSHMv57K4K7yXMU%3D
https://p3-mapi-sign.creativityeco.com/tos-cn-i-dy/520223b435004ec18e9a4f431151cdc3~tplv-iq460dd072-origin.image?key=%23TGeS6joMqq17DUHcPTQ1etAW8DbaIunFb6uCZ8OnKfX8vqrzlaUatGDziwXh7LF9J%2FYQshplZoW1d5n7xWxO89rz8xDzrF4wvbcaQl0OyPo8z9CMhX60qtgsOuPmezmIYuYvlUSlmVSwGiiqioKME7ui55pnNM16&lk3s=62ea907e&sign_for=m_api&x-expires=1785585995&x-signature=WSAJKUNjrtItyq%2BZh5Fny8OxxEc%3D
https://p6-mapi-sign.creativityeco.com/tos-cn-i-dy/d43789520cbf443d82268706a468fba7~tplv-iq460dd072-origin.image?key=%23TGeS6joMqq17DUHcPTQ1etAW8DbaIunFb6uCZ8OnKfX8vqrzlaUatGDziwXh7LF9J%2FYQshplZoW1d5n7xWxO89rz8xDzrF4wvbcaQl0OyPo8z9CMhX60qtgsOuPmezmIYuYvlUSlmVSwGiiqioKME7ui55pnNM16&lk3s=62ea907e&sign_for=m_api&x-expires=1785585995&x-signature=QJEma8MsUSpf1Ga1yYnvNtbMpPw%3D
https://p3-mapi-sign.creativityeco.com/tos-cn-i-dy/7f362bea02aa46bfb5ee6addcfd4d4bb~tplv-iq460dd072-origin.image?key=%23TGeS6joMqq17DUHcPTQ1etAW8DbaIunFb6uCZ8OnKfX8vqrzlaUatGDziwXh7LF9J%2FYQshplZoW1d5n7xWxO89rz8xDzrF4wvbcaQl0OyPo8z9CMhX60qtgsOuPmezmIYuYvlUSlmVSwGiiqioKME7ui55pnNM16&lk3s=62ea907e&sign_for=m_api&x-expires=1785585995&x-signature=XrFakxUCap1otlRY25EGlLeqIvk%3D
https://p9-mapi-sign.creativityeco.com/tos-cn-i-dy/b6c7c9bb35244b039b0ec0f2dd4e3d4b~tplv-iq460dd072-origin.image?key=%23TGeS6joMqq17DUHcPTQ1etAW8DbaIunFb6uCZ8OnKfX8vqrzlaUatGDziwXh7LF9J%2FYQshplZoW1d5n7xWxO89rz8xDzrF4wvbcaQl0OyPo8z9CMhX60qtgsOuPmezmIYuYvlUSlmVSwGiiqioKME7ui55pnNM16&lk3s=62ea907e&sign_for=m_api&x-expires=1785585995&x-signature=J1uAp%2BbxBTIkLd4NsBNxTA8ahMc%3D
https://p3-mapi-sign.creativityeco.com/tos-cn-i-dy/c6d475b8771040d89e3e4141474f036e~tplv-iq460dd072-origin.image?key=%23TGeS6joMqq17DUHcPTQ1etAW8DbaIunFb6uCZ8OnKfX8vqrzlaUatGDziwXh7LF9J%2FYQshplZoW1d5n7xWxO89rz8xDzrF4wvbcaQl0OyPo8z9CMhX60qtgsOuPmezmIYuYvlUSlmVSwGiiqioKME7ui55pnNM16&lk3s=62ea907e&sign_for=m_api&x-expires=1785585995&x-signature=5WGe5KlHMw5L0AM7nhduB6sIm20%3D
https://p6-mapi-sign.creativityeco.com/tos-cn-i-dy/33c447b3be314686b0fec0c01db1bb5b~tplv-iq460dd072-origin.image?key=%23TGeS6joMqq17DUHcPTQ1etAW8DbaIunFb6uCZ8OnKfX8vqrzlaUatGDziwXh7LF9J%2FYQshplZoW1d5n7xWxO89rz8xDzrF4wvbcaQl0OyPo8z9CMhX60qtgsOuPmezmIYuYvlUSlmVSwGiiqioKME7ui55pnNM16&lk3s=62ea907e&sign_for=m_api&x-expires=1785585995&x-signature=5bfNdv5lnsQffOjGZNrSDTdRJis%3D
https://p6-mapi-sign.creativityeco.com/tos-cn-i-dy/abcd6a95d2eb474c848e7f9b175fb7a6~tplv-iq460dd072-origin.image?key=%23TGeS6joMqq17DUHcPTQ1etAW8DbaIunFb6uCZ8OnKfX8vqrzlaUatGDziwXh7LF9J%2FYQshplZoW1d5n7xWxO89rz8xDzrF4wvbcaQl0OyPo8z9CMhX60qtgsOuPmezmIYuYvlUSlmVSwGiiqioKME7ui55pnNM16&lk3s=62ea907e&sign_for=m_api&x-expires=1785585995&x-signature=RJ9%2BtdWa08W5rf%2BmvNtGA4o6L4w%3D",,,,,,0,0,0,0,0,0,0,0,0,0,0,0,0,0,0
