素材id,视频名称,视频链接,投放情况,审核建议,素材评估,关联在投单元数,标签,消耗,展示数,点击数,点击率(%),平均点击单价(元),平均千次展现费用(元),转化数,转化成本,转化率(%),深度转化次数,深度转化成本,深度转化率(%),回访-加为好友(计费时间),回访-高潜成交(计费时间),回访-信息确认(计费时间)
"	7660186951438139446",0708-引导-嘉丽-4.mp4,https://video-cn.oceanengine.com/bebd7c699b95025b63686f39402d1fd3/6a6c0976/tos-cn-ve-51/o4XQsqT2AKmBzJh1mtfAgAm86sEWIQ9iZpCJq4?a=1402&ch=0&cr=0&dr=3&cd=0%7C0%7C0%7C0&cv=1&br=1135&bt=1135&cs=0&ds=3&ft=J9ThAGkHH_Myq8Z1FbY_e2NvjTQ&mime_type=video_mp4&qs=0&rc=NXZpTGRTaFBnKWxncmd5aHFsc3IxZGY1N2c1ODc2NTNmaGRpNTxnQGlqb2ZvN2tvdTo8MzM0NjMzQFNsa3ZpcUQ6amtqXmJmK2BeaWpgYTojYGE0NjIvYF5jMTYwNC0wNWEjYy1mZnFnXjM0YS0tZDAwc3M%3D&btag=80000e00010000&dy_q=1785292389&feature_id=59cb2766d89ae6284516c6a254e9fb61&l=2026072910330806831BC2951B40324D78&ply_type=3&policy=eyJ2bSI6MywidWlkIjoiMzEyOTY1MDYwMzg4ODE4NSJ9,已使用,审核通过,--,24,--,23.01,479,11,2.3,2.09,48.04,1,23.01,9.09,0,0,0,0,0,0
"	7660371917899792420",0709引导-小敏-1-1.mp4,https://video-cn.oceanengine.com/6cc28db4ac60244a99401694fc0ee0d0/6a6c097a/tos-cn-ve-51/oYwMZq7TgunNAgseqIRkCM6EDEAeNxVNBMAcx0?a=1402&ch=0&cr=0&dr=3&cd=0%7C0%7C0%7C0&cv=1&br=841&bt=841&cs=0&ds=3&ft=J9ThAGkHH_Myq8Z1FbY_e2NvjTQ&mime_type=video_mp4&qs=0&rc=NXZpTGRTaFBnKWxncmd5aHFsc3IxZGZnOGZlZTo4aDM7Ojs1PDY6QGlqNmY7PGtvZms8MzM0NjMzQFNsa3ZpcUQ6amtqXmJmK2BeaWpgYTojXzNgMTItYTUwMTEwMGFhYWEjMC8ycXFnL2s0YS0tZDBhc3M%3D&btag=80000e00010000&dy_q=1785292389&feature_id=d6a18d7c5414b1f1e95a75faf9147845&l=2026072910330806831BC2951B40324D78&ply_type=3&policy=eyJ2bSI6MywidWlkIjoiMzEyOTY1MDYwMzg4ODE4NSJ9,已使用,审核通过,--,13,--,18.75,987,18,1.82,1.04,19,1,18.75,5.56,0,0,0,0,0,0
"	7661187006646501412",微信视频2026-07-11_163704_323.mp4,https://video-cn.oceanengine.com/ec9942ac18100e5cda6c0f66ff1e0c81/6a6c0981/tos-cn-ve-51/b915b5c8144b4c9c9167b095ed5cd073?a=1402&ch=0&cr=0&dr=3&cd=0%7C0%7C0%7C0&br=1021&bt=1021&cs=0&ds=3&ft=J9ThAGkHH_Myq8Z1FbY_e2NvjTQ&mime_type=video_mp4&qs=0&rc=NXZpTGRTaFBnKWxncmd5aHFsc3IxZGY0aTQ6OzpnZWhnNzU2OzU3QGlqZ2t0ZWtvNjM8MzM0NjMzQFNsa3ZpcUQ6amtqXmJmK2BeaWpgYTojMS8vYmE2Nl4zMWAzYmMwM2EjYWwycXFnXi82YS0tZDAvc3M%3D&btag=80000e00010000&dy_q=1785292389&feature_id=d6a18d7c5414b1f1e95a75faf9147845&l=2026072910330806831BC2951B40324D78&ply_type=3&policy=eyJ2bSI6MywidWlkIjoiMzEyOTY1MDYwMzg4ODE4NSJ9,已使用,审核通过,--,8,--,0.07,1,0,0,0,70,0,0,0,0,0,0,0,0,0
"	7665911365609570346",0723-引流-魏怡-7 C.mp4,https://video-cn.oceanengine.com/2c602cd7e8bf3cb6d0f31bc5ccc5e47d/6a6c09d0/tos-cn-ve-51/ogHglo6GbIjAxaURRTQgec1UTOKa2BzfCAwqex?a=1402&ch=0&cr=0&dr=3&cd=0%7C0%7C0%7C0&br=1537&bt=1537&cs=0&ds=3&ft=J9ThAGkHH_Myq8Z1FbY_e2NvjTQ&mime_type=video_mp4&qs=0&rc=NXZpTGRTaFBnKWxncmd5aHFsc3IxZGZoOzpkN2Y3OjMzZDw4PGU8QGlqbHNpN286Znk8MzM0NjMzQFNsa3ZpcUQ6amtqXmJmK2BeaWpgYTojLjFjMjQzMV8uMTIzNTE0YmEjZi1tYGFhbmllYS0tZDBhc3M%3D&btag=80000e00028000&dy_q=1785292389&feature_id=d6a18d7c5414b1f1e95a75faf9147845&l=2026072910330806831BC2951B40324D78&ply_type=3&policy=eyJ2bSI6MywidWlkIjoiMzEyOTY1MDYwMzg4ODE4NSJ9,已使用,审核通过,--,5,--,0.45,28,0,0,0,16.07,0,0,0,0,0,0,0,0,0
"	7662271415936843802",0713-引导-嘉丽-7.mp4,https://video-cn.oceanengine.com/2038ee5d0daf4d7e2afd6aa82855dcf1/6a6c0987/tos-cn-ve-51/oIEm2h1AuC2YakBV4AIApKeZyDQAnQqls2Bpk6?a=1402&ch=0&cr=0&dr=3&cd=0%7C0%7C0%7C0&br=862&bt=862&cs=0&ds=3&ft=J9ThAGkHH_Myq8Z1FbY_e2NvjTQ&mime_type=video_mp4&qs=0&rc=NXZpTGRTaFBnKWxncmd5aHFsc3IxZGY5PDdlNzQ6ZjU8NTk2Z2dkQGlqPHY8OGtvbHc8MzM0NjMzQFNsa3ZpcUQ6amtqXmJmK2BeaWpgYTojNmIzYzJeYzUzMTFfNGM0YWEjLS4xYHFnXmpeYS0tZDAvc3M%3D&btag=80000e00018000&dy_q=1785292389&feature_id=d6a18d7c5414b1f1e95a75faf9147845&l=2026072910330806831BC2951B40324D78&ply_type=3&policy=eyJ2bSI6MywidWlkIjoiMzEyOTY1MDYwMzg4ODE4NSJ9,已使用,审核通过,--,6,--,5.71,229,4,1.75,1.43,24.93,0,0,0,0,0,0,0,0,0
"	7660371894164914182",0708-引导-嘉丽-5.mp4,https://video-cn.oceanengine.com/ab596b0a2aeaa29ee4e8a1bb14fa176c/6a6c096a/tos-cn-ve-51/owfebUfFnk0zGTZMBAhH3Ndqg4WA70AjtdEC5j?a=1402&ch=0&cr=0&dr=3&cd=0%7C0%7C0%7C0&cv=1&br=1212&bt=1212&cs=0&ds=6&ft=J9ThAGkHH_Myq8Z1FbY_e2NvjTQ&mime_type=video_mp4&qs=0&rc=NXZpTGRTaFBnKWxncmd5aHFsc3IxZGYzNzM0Ojo6Zzc6ZTc7OWc5QGlqaHZlNGtvZms8MzM0NjMzQFNsa3ZpcUQ6amtqXmJmK2BeaWpgYTojLV4zMDUxYzY0MTM0LjEvL2EjczRoaHFnL2s0YS0tZDAvc3M%3D&btag=80000e00008000&dy_q=1785292389&feature_id=d6a18d7c5414b1f1e95a75faf9147845&l=2026072910330806831BC2951B40324D78&ply_type=3&policy=eyJ2bSI6MywidWlkIjoiMzEyOTY1MDYwMzg4ODE4NSJ9,已使用,审核通过,--,15,--,229.89,19557,223,1.14,1.03,11.75,17,13.52,7.62,0,0,0,0,0,0
"	7660186913555644470",0708引导-小敏-1.mp4,https://video-cn.oceanengine.com/d16ebf449553249b68612386ffbc3926/6a6c0977/tos-cn-ve-51/2bae3a7756eb456186673002a0168b64?a=1402&ch=0&cr=0&dr=3&cd=0%7C0%7C0%7C0&cv=1&br=675&bt=675&cs=0&ds=3&ft=J9ThAGkHH_Myq8Z1FbY_e2NvjTQ&mime_type=video_mp4&qs=0&rc=NXZpTGRTaFBnKWxncmd5aHFsc3IxZGY3ODNnMzVkOWY0aTw4O2c0QGkzO2pwZ2tvdTo8MzM0NjMzQFNsa3ZpcUQ6amtqXmJmK2BeaWpgYTojNWE1MDBjYl8tMWFjMi41NGEjajVpMnFnXjM0YS0tZDBhc3M%3D&btag=80000e00010000&dy_q=1785292389&feature_id=d6a18d7c5414b1f1e95a75faf9147845&l=2026072910330806831BC2951B40324D78&ply_type=3&policy=eyJ2bSI6MywidWlkIjoiMzEyOTY1MDYwMzg4ODE4NSJ9,已使用,审核通过,--,10,--,0.03,1,0,0,0,30,0,0,0,0,0,0,0,0,0
"	7666006400510640147",推送视频_0723-瑞晨引流修改-3.mp4,https://video-cn.oceanengine.com/b08ead9c0578647cee8221c5875342ef/6a6c0974/tos-cn-ve-51/o8IajmbBdU5WMOtEAiVHwzA1gIvgQMdqyRZrQ?a=1402&ch=0&cr=0&dr=3&cd=0%7C0%7C0%7C0&br=910&bt=910&cs=0&ds=6&ft=J9ThAGkHH_Myq8Z1FbY_e2NvjTQ&mime_type=video_mp4&qs=0&rc=NXZpTGRTaFBnKWxncmd5aHFsc3IxZGY0aDdmZjg7Nzs8ZGk1MzlmQGlqaW9kNW86Zmw8MzM0NjMzQFNsa3ZpcUQ6amtqXmJmK2BeaWpgYTojMzJjLzRiXjYxMTYvY2ExLWEjMGdmZGFhXi1lYS0tZDAwc3M%3D&btag=80000e00010000&dy_q=1785292389&feature_id=d6a18d7c5414b1f1e95a75faf9147845&l=2026072910330806831BC2951B40324D78&ply_type=3&policy=eyJ2bSI6MywidWlkIjoiMzEyOTY1MDYwMzg4ODE4NSJ9,已使用,审核通过,--,4,--,0.59,41,1,2.44,0.59,14.39,0,0,0,0,0,0,0,0,0
"	7666006380580782143",推送视频_0723-国星引流修改-5.mp4,https://video-cn.oceanengine.com/26061523eec33f6fcce9cfbbc9da076c/6a6c0971/tos-cn-ve-51/oAaMIQL9qI3zlmEbmIFWQgvMtUNvZBdjAoFAg?a=1402&ch=0&cr=0&dr=3&cd=0%7C0%7C0%7C0&br=952&bt=952&cs=0&ds=3&ft=J9ThAGkHH_Myq8Z1FbY_e2NvjTQ&mime_type=video_mp4&qs=0&rc=NXZpTGRTaFBnKWxncmd5aHFsc3IxZGZoZjo2ZDc4PGZpPDppOzhoQGlqOHh5OW86Zmw8MzM0NjMzQFNsa3ZpcUQ6amtqXmJmK2BeaWpgYTojLmItMV8uLzY2MV8vNmIuLmEjM3Nhb2FhXi1lYS0tZDAvc3M%3D&btag=80000e00008000&dy_q=1785292389&feature_id=d6a18d7c5414b1f1e95a75faf9147845&l=2026072910330806831BC2951B40324D78&ply_type=3&policy=eyJ2bSI6MywidWlkIjoiMzEyOTY1MDYwMzg4ODE4NSJ9,未使用,审核通过,首发,3,--,0.2,1,0,0,0,200,0,0,0,0,0,0,0,0,0
"	7663055903798247474",0716-引流瑞晨-1.mp4,https://video-cn.oceanengine.com/e708f84df263a60a98b32b6561ef4cb9/6a6c0974/tos-cn-ve-51/oIKNBlgAQrjIYAkdC9GaWRgzzkqjIJliptEGQ?a=1402&ch=0&cr=0&dr=3&cd=0%7C0%7C0%7C0&br=565&bt=565&cs=0&ds=3&ft=J9ThAGkHH_Myq8Z1FbY_e2NvjTQ&mime_type=video_mp4&qs=0&rc=NXZpTGRTaFBnKWxncmd5aHFsc3IxZGY7ZzgzNjdoNjk5OzNmMzxpQGkzOGQ0Nm86bWQ8MzM0NjMzQFNsa3ZpcUQ6amtqXmJmK2BeaWpgYTojMmNgYmAuXzU0MWAyLzZhXmEjMmlkZGFhZjZgYS0tZDAvc3M%3D&btag=80000e00010000&dy_q=1785292389&feature_id=d6a18d7c5414b1f1e95a75faf9147845&l=2026072910330806831BC2951B40324D78&ply_type=3&policy=eyJ2bSI6MywidWlkIjoiMzEyOTY1MDYwMzg4ODE4NSJ9,已使用,审核通过,--,6,--,0,1,0,0,0,0,0,0,0,0,0,0,0,0,0
"	7662230321010311219",0713-引导-雅迪-2-改.mp4,https://video-cn.oceanengine.com/0fe56e6e671fd76cdb1b543398560b91/6a6c0990/tos-cn-ve-51/oQsmfOEVdhDCAQ4EAQKv9RAhQrIzhE93AtK1tB?a=1402&ch=0&cr=0&dr=3&cd=0%7C0%7C0%7C0&cv=1&br=759&bt=759&cs=0&ds=3&ft=J9ThAGkHH_Myq8Z1FbY_e2NvjTQ&mime_type=video_mp4&qs=0&rc=NXZpTGRTaFBnKWxncmd5aHFsc3IxZGY0ZzRkZ2VlN2hkNjc3aTk6QGlqbXY7aGtvdXU8MzM0NjMzQFNsa3ZpcUQ6amtqXmJmK2BeaWpgYTojMzVhNi8vX18wMTIuNDYyMWEjazZfaHFnZl9eYS0tZDAvc3M%3D&btag=80000e00018000&dy_q=1785292389&feature_id=d6a18d7c5414b1f1e95a75faf9147845&l=2026072910330806831BC2951B40324D78&ply_type=3&policy=eyJ2bSI6MywidWlkIjoiMzEyOTY1MDYwMzg4ODE4NSJ9,已使用,审核通过,"首发,优质",9,--,5.79,314,7,2.23,0.83,18.44,0,0,0,0,0,0,0,0,0
"	7666006388808581139",推送视频_0723-瑞晨引流修改-8.mp4,https://video-cn.oceanengine.com/cbdca297ef23525008d61dc0fba8d190/6a6c096d/tos-cn-ve-51/ooUIg2jYNAeQqAIRje2YdyFkKsz1DBaxCcEAq7?a=1402&ch=0&cr=0&dr=3&cd=0%7C0%7C0%7C0&br=773&bt=773&cs=0&ds=3&ft=J9ThAGkHH_Myq8Z1FbY_e2NvjTQ&mime_type=video_mp4&qs=0&rc=NXZpTGRTaFBnKWxncmd5aHFsc3IxZGY5Ojw8Zmg3OTdnZGYzPDc1QGlqcHdqO286Zmw8MzM0NjMzQFNsa3ZpcUQ6amtqXmJmK2BeaWpgYTojLi1jMi4uM18vMV5hYjBfLWEjYW9pb2FhXi1lYS0tZDAvc3M%3D&btag=80000e00008000&dy_q=1785292389&feature_id=d6a18d7c5414b1f1e95a75faf9147845&l=2026072910330806831BC2951B40324D78&ply_type=3&policy=eyJ2bSI6MywidWlkIjoiMzEyOTY1MDYwMzg4ODE4NSJ9,已使用,审核通过,--,4,--,0.96,69,1,1.45,0.96,13.91,0,0,0,0,0,0,0,0,0
"	7663059461246320667",0716-引导-嘉丽-1.mp4,https://video-cn.oceanengine.com/17d6703900b280345348289cb175da94/6a6c0971/tos-cn-ve-51/oshALgTAVFQassFIQBcmEHIQBggtYq71QIsEf3?a=1402&ch=0&cr=0&dr=3&cd=0%7C0%7C0%7C0&br=984&bt=984&cs=0&ds=3&ft=J9ThAGkHH_Myq8Z1FbY_e2NvjTQ&mime_type=video_mp4&qs=0&rc=NXZpTGRTaFBnKWxncmd5aHFsc3IxZGY4OjYzOTxmaTM4aGlnODVkQGkzMzQ1NW86NmQ8MzM0NjMzQFNsa3ZpcUQ6amtqXmJmK2BeaWpgYTojYGM2NDViMzZeMTUxL18wMGEjanNhb2FhZmRgYS0tZDAwc3M%3D&btag=80000e00008000&dy_q=1785292389&feature_id=d6a18d7c5414b1f1e95a75faf9147845&l=2026072910330806831BC2951B40324D78&ply_type=3&policy=eyJ2bSI6MywidWlkIjoiMzEyOTY1MDYwMzg4ODE4NSJ9,已使用,审核通过,--,4,--,0.14,4,0,0,0,35,0,0,0,0,0,0,0,0,0
"	7665169630885937161",0720-引流-魏怡-1.mp4,https://video-cn.oceanengine.com/a9e196ccd282299c2d1c23e97033974d/6a6c097a/tos-cn-ve-51/oclBisQMoAQ3fuDEgam1lsAiL7AhtBz3mEJIsb?a=1402&ch=0&cr=0&dr=3&cd=0%7C0%7C0%7C0&br=1823&bt=1823&cs=0&ds=3&ft=J9ThAGkHH_Myq8Z1FbY_e2NvjTQ&mime_type=video_mp4&qs=0&rc=NXZpTGRTaFBnKWxncmd5aHFsc3IxZGY8MzRpODU8Zzg7OmRnaTlkQGlqcGVuZ286azw8MzM0NjMzQFNsa3ZpcUQ6amtqXmJmK2BeaWpgYTojLi9eY2AvYDU2MS82NC8xLmEjNWtqbWFhXmJkYS0tZDAvc3M%3D&btag=80000e00010000&dy_q=1785292389&feature_id=d6a18d7c5414b1f1e95a75faf9147845&l=2026072910330806831BC2951B40324D78&ply_type=3&policy=eyJ2bSI6MywidWlkIjoiMzEyOTY1MDYwMzg4ODE4NSJ9,已使用,审核通过,--,3,--,0.02,1,0,0,0,20,0,0,0,0,0,0,0,0,0
"	7662229404613869595",0713-浩正瑞晨引导-7.mp4.mp4,https://video-cn.oceanengine.com/252dcf056549974b15c5d77e1a07a49d/6a6c09a1/tos-cn-ve-51/oojVGiqsXcmGQEDIWAe1Atp4QHhOIgzZqtKBan?a=1402&ch=0&cr=0&dr=3&cd=0%7C0%7C0%7C0&cv=1&br=1130&bt=1130&cs=0&ds=3&ft=J9ThAGkHH_Myq8Z1FbY_e2NvjTQ&mime_type=video_mp4&qs=0&rc=NXZpTGRTaFBnKWxncmd5aHFsc3IxZGZoZmU1NDg1NzM3ODxnNmY4QGlqNnM6OmtvNnU8MzM0NjMzQFNsa3ZpcUQ6amtqXmJmK2BeaWpgYTojMWM1XzItXjYtMTEvMy0wNGEjMGktZXFnXl5eYS0tZDAwc3M%3D&btag=80000e00028000&dy_q=1785292389&feature_id=d6a18d7c5414b1f1e95a75faf9147845&l=2026072910330806831BC2951B40324D78&ply_type=3&policy=eyJ2bSI6MywidWlkIjoiMzEyOTY1MDYwMzg4ODE4NSJ9,已使用,审核通过,--,3,--,3.94,226,2,0.88,1.97,17.43,0,0,0,0,0,0,0,0,0
"	7663054269622517806",0715-魏怡引流5.mp4,https://video-cn.oceanengine.com/5a948fa2243454579259faf6d1bad10d/6a6c0975/tos-cn-ve-51/ooIQE1nEg6OdtjirzoKWlJa0WDR5YxADtIZQA?a=1402&ch=0&cr=0&dr=3&cd=0%7C0%7C0%7C0&cv=1&br=1529&bt=1529&cs=0&ds=3&ft=J9ThAGkHH_Myq8Z1FbY_e2NvjTQ&mime_type=video_mp4&qs=0&rc=NXZpTGRTaFBnKWxncmd5aHFsc3IxZGY7PDc5MzM0Zzk2NDRoOTk2QGkzbzp2ZW86cGQ8MzM0NjMzQFNsa3ZpcUQ6amtqXmJmK2BeaWpgYTojNS9iMjIuMzY0MWIwYS1jY2EjbmdfZ2FhLzNgYS0tZDAvc3M%3D&btag=80000e00010000&dy_q=1785292389&feature_id=d6a18d7c5414b1f1e95a75faf9147845&l=2026072910330806831BC2951B40324D78&ply_type=3&policy=eyJ2bSI6MywidWlkIjoiMzEyOTY1MDYwMzg4ODE4NSJ9,未使用,审核通过,--,4,--,1.88,77,1,1.3,1.88,24.42,0,0,0,0,0,0,0,0,0
"	7663054368157302793",0714-魏怡引流-5.mp4,https://video-cn.oceanengine.com/a85bea98a3048f17bf544a1a379e61a3/6a6c0984/tos-cn-ve-51/oAYUCIW58Q6igjtAdTtlroaUrAhQ2EhU5Izsl?a=1402&ch=0&cr=0&dr=3&cd=0%7C0%7C0%7C0&cv=1&br=698&bt=698&cs=0&ds=3&ft=J9ThAGkHH_Myq8Z1FbY_e2NvjTQ&mime_type=video_mp4&qs=0&rc=NXZpTGRTaFBnKWxncmd5aHFsc3IxZGYzZmc3ZTxpZjNlOTplODpkQGkzcDl0M286bmQ8MzM0NjMzQFNsa3ZpcUQ6amtqXmJmK2BeaWpgYTojXmFjYWEzMl41MV8uXjBjMWEjXm1wZmFhXjNgYS0tZDBhc3M%3D&btag=80000e00018000&dy_q=1785292389&feature_id=d6a18d7c5414b1f1e95a75faf9147845&l=2026072910330806831BC2951B40324D78&ply_type=3&policy=eyJ2bSI6MywidWlkIjoiMzEyOTY1MDYwMzg4ODE4NSJ9,已使用,审核通过,--,3,--,192.82,12438,236,1.9,0.82,15.5,12,16.07,5.08,0,0,0,0,1,0
"	7660371924531937316",0708-引导-嘉丽-2.mp4,https://video-cn.oceanengine.com/4232a54ffcf452de5121444c68621f66/6a6c097c/tos-cn-ve-51/ogpaDTeZNDjVbuE4NgAxKRyTgAAqbLxW5veA6B?a=1402&ch=0&cr=0&dr=3&cd=0%7C0%7C0%7C0&cv=1&br=1689&bt=1689&cs=0&ds=3&ft=J9ThAGkHH_Myq8Z1FbY_e2NvjTQ&mime_type=video_mp4&qs=0&rc=NXZpTGRTaFBnKWxncmd5aHFsc3IxZGZnZzo5OzszOjlnNDw2aDs7QGkzcHU1NWtvZWs8MzM0NjMzQFNsa3ZpcUQ6amtqXmJmK2BeaWpgYTojNWEzL2M1L15eMWMtLjVjYmEja2EzbHFnbms0YS0tZDAwc3M%3D&btag=80000e00010000&dy_q=1785292389&feature_id=d6a18d7c5414b1f1e95a75faf9147845&l=2026072910330806831BC2951B40324D78&ply_type=3&policy=eyJ2bSI6MywidWlkIjoiMzEyOTY1MDYwMzg4ODE4NSJ9,已使用,审核通过,首发,23,--,78.4,4141,58,1.4,1.35,18.93,2,39.2,3.45,0,0,0,0,0,0
"	7663055816350859274",0716-引流瑞晨-6.mp4,https://video-cn.oceanengine.com/d8a7e9c5be967b817e4ec54560810146/6a6c096f/tos-cn-ve-51/ocFWNgOR1yMTKBkpg2R3AxAMSalpIqADfo4Nei?a=1402&ch=0&cr=0&dr=3&cd=0%7C0%7C0%7C0&cv=1&br=1608&bt=1608&cs=0&ds=3&ft=J9ThAGkHH_Myq8Z1FbY_e2NvjTQ&mime_type=video_mp4&qs=0&rc=NXZpTGRTaFBnKWxncmd5aHFsc3IxZGZmODg4M2Q2aGg3ZTU4MzM6QGkzZGxwZG86bWQ8MzM0NjMzQFNsa3ZpcUQ6amtqXmJmK2BeaWpgYTojLzBiLzAzYjVeMWJiLS9iNWEjYzZnMWFhZjZgYS0tZDBhc3M%3D&btag=80000e00008000&dy_q=1785292389&feature_id=d6a18d7c5414b1f1e95a75faf9147845&l=2026072910330806831BC2951B40324D78&ply_type=3&policy=eyJ2bSI6MywidWlkIjoiMzEyOTY1MDYwMzg4ODE4NSJ9,已使用,审核通过,首发,7,--,41.31,2270,116,5.11,0.36,18.2,4,10.33,3.45,0,0,0,0,0,0
"	7663055819790499891",0716-引流瑞晨-3.mp4,https://video-cn.oceanengine.com/fd3bfc1b6232bcab99b418252f73f1f3/6a6c0974/tos-cn-ve-51/oMQre7Fv1AxOp9nRAaAdJH3LtNJIhEImOBNGYq?a=1402&ch=0&cr=0&dr=3&cd=0%7C0%7C0%7C0&cv=1&br=440&bt=440&cs=0&ds=3&ft=J9ThAGkHH_Myq8Z1FbY_e2NvjTQ&mime_type=video_mp4&qs=0&rc=NXZpTGRTaFBnKWxncmd5aHFsc3IxZGY8ZDpkOTM1Omg1MzNmNjQ2QGkzd3lrO286bWQ8MzM0NjMzQFNsa3ZpcUQ6amtqXmJmK2BeaWpgYTojLjBfM2MwMjYtMTMwLy4yMWEjaXFqZWFhZjZgYS0tZDAvc3M%3D&btag=80000e00010000&dy_q=1785292389&feature_id=d6a18d7c5414b1f1e95a75faf9147845&l=2026072910330806831BC2951B40324D78&ply_type=3&policy=eyJ2bSI6MywidWlkIjoiMzEyOTY1MDYwMzg4ODE4NSJ9,已使用,审核通过,--,4,--,23.59,1093,21,1.92,1.12,21.58,1,23.59,4.76,0,0,0,0,0,0
"	7662271386505429043",0713-引导-嘉丽-8.mp4,https://video-cn.oceanengine.com/2848f169dc1e2c5869f1c7042ae24d7f/6a6c097c/tos-cn-ve-51/oEKmIB2AYulZFDnVuuAuEsJ2QQe4g1AuKd4hKs?a=1402&ch=0&cr=0&dr=3&cd=0%7C0%7C0%7C0&br=1078&bt=1078&cs=0&ds=3&ft=J9ThAGkHH_Myq8Z1FbY_e2NvjTQ&mime_type=video_mp4&qs=0&rc=NXZpTGRTaFBnKWxncmd5aHFsc3IxZGYzNjY4ODVmODRpaDg7O2hmQGkzaDg8aGtvbHc8MzM0NjMzQFNsa3ZpcUQ6amtqXmJmK2BeaWpgYTojLi0vNi4tLzZiMWA2YDY2LmEjYG9tLXFnZmpeYS0tZDAwc3M%3D&btag=80000e00010000&dy_q=1785292389&feature_id=d6a18d7c5414b1f1e95a75faf9147845&l=2026072910330806831BC2951B40324D78&ply_type=3&policy=eyJ2bSI6MywidWlkIjoiMzEyOTY1MDYwMzg4ODE4NSJ9,已使用,审核通过,首发,5,--,4.07,171,3,1.75,1.36,23.8,0,0,0,0,0,0,0,0,0
"	7660371896212013110",0708-引导-嘉丽-3.mp4,https://video-cn.oceanengine.com/3e60d79d1e42c6bb59ad244155c85dc1/6a6c0977/tos-cn-ve-51/o8q1rSmtB34JePzsjG93XIG9gVBMEQAR4lQmBA?a=1402&ch=0&cr=0&dr=3&cd=0%7C0%7C0%7C0&cv=1&br=497&bt=497&cs=0&ds=3&ft=J9ThAGkHH_Myq8Z1FbY_e2NvjTQ&mime_type=video_mp4&qs=0&rc=NXZpTGRTaFBnKWxncmd5aHFsc3IxZGY1OGQ8M2U0NDdnZDhkNzU7QGlqOHM8O2tvZWs8MzM0NjMzQFNsa3ZpcUQ6amtqXmJmK2BeaWpgYTojYV9jNC00YzYvMV9iLjY0Y2EjXjJnZHFnbms0YS0tZDBhc3M%3D&btag=80000e00010000&dy_q=1785292389&feature_id=d6a18d7c5414b1f1e95a75faf9147845&l=2026072910330806831BC2951B40324D78&ply_type=3&policy=eyJ2bSI6MywidWlkIjoiMzEyOTY1MDYwMzg4ODE4NSJ9,已使用,审核通过,首发,12,--,0,2,0,0,0,0,0,0,0,0,0,0,0,0,0
"	7662229433765298186",0713-浩正瑞晨引导-1.mp4.mp4,https://video-cn.oceanengine.com/0685fd030d911142ed9505ddf26fbaa0/6a6c097c/tos-cn-ve-51/oIRQfOtGASqBtTm1m3ZAg3OaXsEYIQ9VDZCKq4?a=1402&ch=0&cr=0&dr=3&cd=0%7C0%7C0%7C0&cv=1&br=703&bt=703&cs=0&ds=3&ft=J9ThAGkHH_Myq8Z1FbY_e2NvjTQ&mime_type=video_mp4&qs=0&rc=NXZpTGRTaFBnKWxncmd5aHFsc3IxZGY7Zjo2aTVmaTgzMzg3ZTk6QGlqaHVxPGtvNnU8MzM0NjMzQFNsa3ZpcUQ6amtqXmJmK2BeaWpgYTojYTQuYGMwNjVfMTI2YjIvYmEjYGJtaHFnXl5eYS0tZDBhc3M%3D&btag=80000e00010000&dy_q=1785292389&feature_id=d6a18d7c5414b1f1e95a75faf9147845&l=2026072910330806831BC2951B40324D78&ply_type=3&policy=eyJ2bSI6MywidWlkIjoiMzEyOTY1MDYwMzg4ODE4NSJ9,已使用,审核通过,--,11,--,0,2,0,0,0,0,0,0,0,0,0,0,0,0,0
"	7666006402390982698",推送视频_0723-瑞晨引流修改-5.mp4,https://video-cn.oceanengine.com/d6c0428c89d429be641af45911f6f85f/6a6c097a/tos-cn-ve-51/ookYhIEayAIYmxFtWozgIjM7QLMRGmwWQEBAd?a=1402&ch=0&cr=0&dr=3&cd=0%7C0%7C0%7C0&br=507&bt=507&cs=0&ds=3&ft=J9ThAGkHH_Myq8Z1FbY_e2NvjTQ&mime_type=video_mp4&qs=0&rc=NXZpTGRTaFBnKWxncmd5aHFsc3IxZGY1N2Y4Nzs7ZWU5NDlpZDY3QGlqZWx2OW86Zmw8MzM0NjMzQFNsa3ZpcUQ6amtqXmJmK2BeaWpgYTojXmFfYWI0YzU0MS8wLl81NGEjcS9kbGFhZi1lYS0tZDAwc3M%3D&btag=80000e00010000&dy_q=1785292389&feature_id=d6a18d7c5414b1f1e95a75faf9147845&l=2026072910330806831BC2951B40324D78&ply_type=3&policy=eyJ2bSI6MywidWlkIjoiMzEyOTY1MDYwMzg4ODE4NSJ9,已使用,审核通过,首发,4,--,0.01,2,0,0,0,5,0,0,0,0,0,0,0,0,0
"	7661187009408008233",微信视频_20260711163659.mp4,https://video-cn.oceanengine.com/c2adcdcb59767e867b67378bdf874db1/6a6c098a/tos-cn-ve-51/okAggtq4hIkYm21BRAYNxKTQSATAHsCIeQEGEQ?a=1402&ch=0&cr=0&dr=3&cd=0%7C0%7C0%7C0&cv=1&br=909&bt=909&cs=0&ds=3&ft=J9ThAGkHH_Myq8Z1FbY_e2NvjTQ&mime_type=video_mp4&qs=0&rc=NXZpTGRTaFBnKWxncmd5aHFsc3IxZGY4Ozs4Omg0ZTo0aTZkNTVkQGlqbXFyN2tvNjM8MzM0NjMzQFNsa3ZpcUQ6amtqXmJmK2BeaWpgYTojL2JjLS40XzU0MTAuMl42XmEjM2AyNXFnXi82YS0tZDAwc3M%3D&btag=80000e00018000&dy_q=1785292389&feature_id=d6a18d7c5414b1f1e95a75faf9147845&l=2026072910330806831BC2951B40324D78&ply_type=3&policy=eyJ2bSI6MywidWlkIjoiMzEyOTY1MDYwMzg4ODE4NSJ9,已使用,审核通过,优质,28,--,536.38,21749,254,1.17,2.11,24.66,27,19.87,10.63,0,0,0,0,2,0
"	7663055823942189107",0716-引流瑞晨-7.mp4,https://video-cn.oceanengine.com/71b122fa4d71f0a07aa870b0f4860f05/6a6c096f/tos-cn-ve-51/og5P6ivgEIztbk6SEIadAYtQOEWzwxllzapAk?a=1402&ch=0&cr=0&dr=3&cd=0%7C0%7C0%7C0&cv=1&br=774&bt=774&cs=0&ds=3&ft=J9ThAGkHH_Myq8Z1FbY_e2NvjTQ&mime_type=video_mp4&qs=0&rc=NXZpTGRTaFBnKWxncmd5aHFsc3IxZGY8NzhmOmU8MzZkOzVpNmdpQGkzdWVmM286bWQ8MzM0NjMzQFNsa3ZpcUQ6amtqXmJmK2BeaWpgYTojMC4zLi0zNjUtMTJeNjYyNGEjNmhzL2FhZjZgYS0tZDAwc3M%3D&btag=80000e00008000&dy_q=1785292389&feature_id=d6a18d7c5414b1f1e95a75faf9147845&l=2026072910330806831BC2951B40324D78&ply_type=3&policy=eyJ2bSI6MywidWlkIjoiMzEyOTY1MDYwMzg4ODE4NSJ9,已使用,审核通过,--,8,--,0.31,24,0,0,0,12.92,0,0,0,0,0,0,0,0,0
"	7660371937247903787",0709引导-小敏-4-1.mp4,https://video-cn.oceanengine.com/91e2a6ee6c6dfc233a4372cb1f17c5c2/6a6c0978/tos-cn-ve-51/ooEW2vjGPdGq6Bl5PF7f0BezQe20IMpYCEAA9f?a=1402&ch=0&cr=0&dr=3&cd=0%7C0%7C0%7C0&cv=1&br=740&bt=740&cs=0&ds=3&ft=J9ThAGkHH_Myq8Z1FbY_e2NvjTQ&mime_type=video_mp4&qs=0&rc=NXZpTGRTaFBnKWxncmd5aHFsc3IxZGZkMzs5OGc0Njw6OTg8Nzs1QGkzaXNlOWtvZWs8MzM0NjMzQFNsa3ZpcUQ6amtqXmJmK2BeaWpgYTojYGIxYF4xNV5iMTZgM2I0L2Ejc2BzbHFnbms0YS0tZDBhc3M%3D&btag=80000e00010000&dy_q=1785292389&feature_id=d6a18d7c5414b1f1e95a75faf9147845&l=2026072910330806831BC2951B40324D78&ply_type=3&policy=eyJ2bSI6MywidWlkIjoiMzEyOTY1MDYwMzg4ODE4NSJ9,已使用,审核通过,--,10,--,76.07,6579,106,1.61,0.72,11.56,4,19.02,3.77,0,0,0,0,0,0
"	7666006390135586852",推送视频_0723-瑞晨引流修改-6.mp4,https://video-cn.oceanengine.com/5dcffb003c615dd10c75b217fe36435c/6a6c097a/tos-cn-ve-51/o4E8MhFiv6ggGjQpiTQzIrBFAImjIAbMrBima?a=1402&ch=0&cr=0&dr=3&cd=0%7C0%7C0%7C0&br=603&bt=603&cs=0&ds=3&ft=J9ThAGkHH_Myq8Z1FbY_e2NvjTQ&mime_type=video_mp4&qs=0&rc=NXZpTGRTaFBnKWxncmd5aHFsc3IxZGY1Nzc4ZDg3aGlmZGU3NDM5QGlqZTtwdjlyZmw8MzM0NjMzQFNsa3ZpcUQ6amtqXmJmK2BeaWpgYTojLjAyMTRjMV82MTQ0LV4wMmEjZF9zZTJkay1lYS0tZDBhc3M%3D&btag=80000e00010000&dy_q=1785292389&feature_id=d6a18d7c5414b1f1e95a75faf9147845&l=2026072910330806831BC2951B40324D78&ply_type=3&policy=eyJ2bSI6MywidWlkIjoiMzEyOTY1MDYwMzg4ODE4NSJ9,已使用,审核通过,首发,4,--,0.93,33,1,3.03,0.93,28.18,1,0.93,100,0,0,0,0,0,0
"	7662230322323537929",0713-引导-嘉丽-9.mp4,https://video-cn.oceanengine.com/ecc4f36edb4837f8354ea76bc3197481/6a6c0973/tos-cn-ve-51/oQ1VIVHBA4sg4QPsytxAqeilrghu5E1mmtKhGP?a=1402&ch=0&cr=0&dr=3&cd=0%7C0%7C0%7C0&cv=1&br=544&bt=544&cs=0&ds=3&ft=J9ThAGkHH_Myq8Z1FbY_e2NvjTQ&mime_type=video_mp4&qs=0&rc=NXZpTGRTaFBnKWxncmd5aHFsc3IxZGYzZ2UzZzY2PDU1ZzwzPGRoQGkzOjpnOGtvdnU8MzM0NjMzQFNsa3ZpcUQ6amtqXmJmK2BeaWpgYTojMjY0NTQtYF9hMWIzNTRiNGEjbWRgZ3Fnbl9eYS0tZDAwc3M%3D&btag=80000e00010000&dy_q=1785292389&feature_id=d6a18d7c5414b1f1e95a75faf9147845&l=2026072910330806831BC2951B40324D78&ply_type=3&policy=eyJ2bSI6MywidWlkIjoiMzEyOTY1MDYwMzg4ODE4NSJ9,已使用,审核通过,--,3,--,20.05,1144,27,2.36,0.74,17.53,0,0,0,0,0,0,0,0,0
"	7666103246486765594",0723-雅迪引流-3c-改.mp4,https://video-cn.oceanengine.com/c91b4b92bff6dcaf27ced825c15084c5/6a6c096a/tos-cn-ve-51/oYTyQC7aBrIATEiOeqfHDtoItmtbMNAYOzBTng?a=1402&ch=0&cr=0&dr=3&cd=0%7C0%7C0%7C0&br=744&bt=744&cs=0&ds=3&ft=J9ThAGkHH_Myq8Z1FbY_e2NvjTQ&mime_type=video_mp4&qs=0&rc=NXZpTGRTaFBnKWxncmd5aHFsc3IxZGY5NTplOTU4aDs7OjRkOjk1QGkzcHZzNW86c3k8MzM0NjMzQFNsa3ZpcUQ6amtqXmJmK2BeaWpgYTojYzRfXi8zLV9gMV82NmNeMWEjbmdkXmFhZmZlYS0tZDAvc3M%3D&btag=80000e00008000&dy_q=1785292389&feature_id=d6a18d7c5414b1f1e95a75faf9147845&l=2026072910330806831BC2951B40324D78&ply_type=3&policy=eyJ2bSI6MywidWlkIjoiMzEyOTY1MDYwMzg4ODE4NSJ9,已使用,审核通过,--,6,--,0.24,6,0,0,0,40,0,0,0,0,0,0,0,0,0
"	7663059465547153434",0716-引导-雅迪-1.mp4,https://video-cn.oceanengine.com/f5b963deeb259ffb40faa8ab4a71a397/6a6c0977/tos-cn-ve-51/oAAI5hDaiOlvqIIyAoEzaYdQtiaKK1pQWFUgd?a=1402&ch=0&cr=0&dr=3&cd=0%7C0%7C0%7C0&cv=1&br=1541&bt=1541&cs=0&ds=3&ft=J9ThAGkHH_Myq8Z1FbY_e2NvjTQ&mime_type=video_mp4&qs=0&rc=NXZpTGRTaFBnKWxncmd5aHFsc3IxZGZoM2g6NzpoO2hnOTRlNjk4QGlqPHRsaW86OGQ8MzM0NjMzQFNsa3ZpcUQ6amtqXmJmK2BeaWpgYTojNDRjLTZfYTUvMTJeNDQvMGEjbjJlYmFhXmRgYS0tZDAvc3M%3D&btag=80000e00010000&dy_q=1785292389&feature_id=d6a18d7c5414b1f1e95a75faf9147845&l=2026072910330806831BC2951B40324D78&ply_type=3&policy=eyJ2bSI6MywidWlkIjoiMzEyOTY1MDYwMzg4ODE4NSJ9,已使用,审核通过,--,9,--,12.94,540,2,0.37,6.47,23.96,0,0,0,0,0,0,0,0,0
"	7662271385642729518",0713-引导-嘉丽-4.mp4,https://video-cn.oceanengine.com/fdb9bc546004a81407e1af1b6acd0525/6a6c0978/tos-cn-ve-51/o0Nsd2k4IKtBm5KABV84qgWm2kAeQRuQDdz1E5?a=1402&ch=0&cr=0&dr=3&cd=0%7C0%7C0%7C0&br=1379&bt=1379&cs=0&ds=3&ft=J9ThAGkHH_Myq8Z1FbY_e2NvjTQ&mime_type=video_mp4&qs=0&rc=NXZpTGRTaFBnKWxncmd5aHFsc3IxZGZoOzk0NDg5NzNnZTY3Ozs2QGkzNHBoZ2tvbHc8MzM0NjMzQFNsa3ZpcUQ6amtqXmJmK2BeaWpgYTojNmMwNTZeX14yMWE2MDMxY2EjXzVfMnFnXmpeYS0tZDBhc3M%3D&btag=80000e00010000&dy_q=1785292389&feature_id=d6a18d7c5414b1f1e95a75faf9147845&l=2026072910330806831BC2951B40324D78&ply_type=3&policy=eyJ2bSI6MywidWlkIjoiMzEyOTY1MDYwMzg4ODE4NSJ9,已使用,审核通过,首发,5,--,2.55,33,2,6.06,1.28,77.27,0,0,0,0,0,0,0,0,0
"	7662230326718300187",0713-引导-嘉丽-1.mp4,https://video-cn.oceanengine.com/888a9c3e863a1b4c9361a07313f10816/6a6c097c/tos-cn-ve-51/o04P3spQrEtK5esBphmq19uh0UBoAmQUV1ItAg?a=1402&ch=0&cr=0&dr=3&cd=0%7C0%7C0%7C0&br=639&bt=639&cs=0&ds=3&ft=J9ThAGkHH_Myq8Z1FbY_e2NvjTQ&mime_type=video_mp4&qs=0&rc=NXZpTGRTaFBnKWxncmd5aHFsc3IxZGY7NTU0NTNnZzxoNjc0ODg3QGkzPG82PGtvdnU8MzM0NjMzQFNsa3ZpcUQ6amtqXmJmK2BeaWpgYTojMWMuMDZfNjZeMTYuXjYvXmEjaDZzXnFnbl9eYS0tZDAwc3M%3D&btag=80000e00010000&dy_q=1785292389&feature_id=d6a18d7c5414b1f1e95a75faf9147845&l=2026072910330806831BC2951B40324D78&ply_type=3&policy=eyJ2bSI6MywidWlkIjoiMzEyOTY1MDYwMzg4ODE4NSJ9,已使用,审核通过,--,3,--,0.24,5,0,0,0,48,0,0,0,0,0,0,0,0,0
"	7667083399120568330",推送视频_7月26日-代理产出.mp4,https://video-cn.oceanengine.com/178cfff4eb5ec1e4c27eb99415aa776b/6a6c0985/tos-cn-ve-51/og1rQNNBAa7YaQNLq65AItDEngmcqIDRm3MTeg?a=1402&ch=0&cr=0&dr=3&cd=0%7C0%7C0%7C0&br=1410&bt=1410&cs=0&ds=3&ft=J9ThAGkHH_Myq8Z1FbY_e2NvjTQ&mime_type=video_mp4&qs=0&rc=NXZpTGRTaFBnKWxncmd5aHFsc3IxZGZlZTY6NDU3PDhoOTg8O2k2QGlqOTk7NW86b2k8MzM0NjMzQFNsa3ZpcUQ6amtqXmJmK2BeaWpgYTojLl9gYjBgYV8tMTEtYC4yNGEjbm5hMWFhLzRnYS0tZDBhc3M%3D&btag=80000e00018000&dy_q=1785292389&feature_id=d6a18d7c5414b1f1e95a75faf9147845&l=2026072910330806831BC2951B40324D78&ply_type=3&policy=eyJ2bSI6MywidWlkIjoiMzEyOTY1MDYwMzg4ODE4NSJ9,未使用,审核通过,--,1,--,10.19,327,6,1.83,1.7,31.16,1,10.19,16.67,0,0,0,0,0,0
"	7662213000066678793",0713-引导-小敏-4.mp4,https://video-cn.oceanengine.com/d1b739f53290d49054163469da7fbada/6a6c097d/tos-cn-ve-51/okAGApFKGehB9BtQI1s4lmKRE0z8QMrKAhVgJm?a=1402&ch=0&cr=0&dr=3&cd=0%7C0%7C0%7C0&cv=1&br=617&bt=617&cs=0&ds=3&ft=J9ThAGkHH_Myq8Z1FbY_e2NvjTQ&mime_type=video_mp4&qs=0&rc=NXZpTGRTaFBnKWxncmd5aHFsc3IxZGY6PGg5Z2QzPDwzN2Q7OGloQGlqOGZsOGtvanQ8MzM0NjMzQFNsa3ZpcUQ6amtqXmJmK2BeaWpgYTojMDAzM2MtM19hMWItMzFiMWEjNWZpcnFnL2BeYS0tZDAvc3M%3D&btag=80000e00010000&dy_q=1785292389&feature_id=d6a18d7c5414b1f1e95a75faf9147845&l=2026072910330806831BC2951B40324D78&ply_type=3&policy=eyJ2bSI6MywidWlkIjoiMzEyOTY1MDYwMzg4ODE4NSJ9,已使用,审核通过,--,11,--,5.71,343,4,1.17,1.43,16.65,0,0,0,0,0,0,0,0,0
"	7666044620682477611",0723-魏怡-6-改.mp4,https://video-cn.oceanengine.com/6570f928c10fb946500c19023fb6a557/6a6c09d1/tos-cn-ve-51/oMZQ17mAAaeYUN5HXotTgzI7NAcDgvUIDvBqof?a=1402&ch=0&cr=0&dr=3&cd=0%7C0%7C0%7C0&br=1791&bt=1791&cs=0&ds=3&ft=J9ThAGkHH_Myq8Z1FbY_e2NvjTQ&mime_type=video_mp4&qs=0&rc=NXZpTGRTaFBnKWxncmd5aHFsc3IxZGZmOWloPGU1OmY2M2Y7PGloQGkzbTw7aG86ZHk8MzM0NjMzQFNsa3ZpcUQ6amtqXmJmK2BeaWpgYTojL140LzFjYDUuMTA2Mi42YmEjXm0uM2FhL2dlYS0tZDBhc3M%3D&btag=80000e00028000&dy_q=1785292389&feature_id=d6a18d7c5414b1f1e95a75faf9147845&l=2026072910330806831BC2951B40324D78&ply_type=3&policy=eyJ2bSI6MywidWlkIjoiMzEyOTY1MDYwMzg4ODE4NSJ9,已使用,审核通过,--,6,--,0.13,11,0,0,0,11.82,0,0,0,0,0,0,0,0,0
"	7665169543526301722",0720-引流-魏怡-2.mp4,https://video-cn.oceanengine.com/4c8dcb92f6d75c25d0d5f854b7d88004/6a6c0970/tos-cn-ve-51/osAUnBu7EiQaMEs1AOgImLbtroLf2MBmgaAAQM?a=1402&ch=0&cr=0&dr=3&cd=0%7C0%7C0%7C0&br=1601&bt=1601&cs=0&ds=3&ft=J9ThAGkHH_Myq8Z1FbY_e2NvjTQ&mime_type=video_mp4&qs=0&rc=NXZpTGRTaFBnKWxncmd5aHFsc3IxZGZlODw8NTk3ZmczPDgzNWgzQGkzZzttM286azw8MzM0NjMzQFNsa3ZpcUQ6amtqXmJmK2BeaWpgYTojXi8xMTJgLl5hMTJfL2NiX2EjLWBhMGFhXmJkYS0tZDBhc3M%3D&btag=80000e00008000&dy_q=1785292389&feature_id=d6a18d7c5414b1f1e95a75faf9147845&l=2026072910330806831BC2951B40324D78&ply_type=3&policy=eyJ2bSI6MywidWlkIjoiMzEyOTY1MDYwMzg4ODE4NSJ9,已使用,审核通过,首发,3,--,2.05,75,1,1.33,2.05,27.33,0,0,0,0,0,0,0,0,0
"	7663055838699651123",0716-引流瑞晨-9.mp4,https://video-cn.oceanengine.com/a6761b95cdb86ffbd9b0b3fbc2ea99fe/6a6c0972/tos-cn-ve-51/oYzkQdpOiAOlYskjdEIQXvaptzICKgdSmWvAi?a=1402&ch=0&cr=0&dr=3&cd=0%7C0%7C0%7C0&cv=1&br=1659&bt=1659&cs=0&ds=3&ft=J9ThAGkHH_Myq8Z1FbY_e2NvjTQ&mime_type=video_mp4&qs=0&rc=NXZpTGRTaFBnKWxncmd5aHFsc3IxZGY5Ozg3OjxoODtnZ2k6ZzQ3QGlqZnNsaW86bWQ8MzM0NjMzQFNsa3ZpcUQ6amtqXmJmK2BeaWpgYTojMC8wMC5fYjU2MWNfMGI1M2EjaDJlYmFhZjZgYS0tZDAvc3M%3D&btag=80000e00008000&dy_q=1785292389&feature_id=d6a18d7c5414b1f1e95a75faf9147845&l=2026072910330806831BC2951B40324D78&ply_type=3&policy=eyJ2bSI6MywidWlkIjoiMzEyOTY1MDYwMzg4ODE4NSJ9,已使用,审核通过,--,6,--,5.68,130,6,4.62,0.95,43.69,0,0,0,0,0,0,0,0,0
"	7666044603117780998",0723-魏怡-4-改.mp4,https://video-cn.oceanengine.com/c8bb4c95460f58ae5a4a6aa999abda0c/6a6c09d1/tos-cn-ve-51/oo2beHIHPb0g0119CARKaZAagmQiws3oBfxUeG?a=1402&ch=0&cr=0&dr=3&cd=0%7C0%7C0%7C0&br=1686&bt=1686&cs=0&ds=3&ft=J9ThAGkHH_Myq8Z1FbY_e2NvjTQ&mime_type=video_mp4&qs=0&rc=NXZpTGRTaFBnKWxncmd5aHFsc3IxZGZlNDk0ZDhnZzlnZTk6ZjdpQGlqa3c5Nm86ZHk8MzM0NjMzQFNsa3ZpcUQ6amtqXmJmK2BeaWpgYTojYTUxYjQwNjUxMV4yMDNiY2EjL3Eub2FhL2dlYS0tZDBhc3M%3D&btag=80000e00028000&dy_q=1785292389&feature_id=d6a18d7c5414b1f1e95a75faf9147845&l=2026072910330806831BC2951B40324D78&ply_type=3&policy=eyJ2bSI6MywidWlkIjoiMzEyOTY1MDYwMzg4ODE4NSJ9,已使用,审核通过,--,6,--,0.9,44,2,4.55,0.45,20.45,1,0.9,50,0,0,0,0,0,0
"	7662213071909732378",713-引导-小敏-1.mp4,https://video-cn.oceanengine.com/5f0958d027efc4924e5216b688ae27a1/6a6c0974/tos-cn-ve-51/8e4e32ecade2477ab9a62f0b9fedf25c?a=1402&ch=0&cr=0&dr=3&cd=0%7C0%7C0%7C0&cv=1&br=871&bt=871&cs=0&ds=3&ft=J9ThAGkHH_Myq8Z1FbY_e2NvjTQ&mime_type=video_mp4&qs=0&rc=NXZpTGRTaFBnKWxncmd5aHFsc3IxZGY2NWQ1M2g5ZTk0OTk0Z2hpQGlqNHFtZ2tvanQ8MzM0NjMzQFNsa3ZpcUQ6amtqXmJmK2BeaWpgYTojMmMwLy8yNDYvMS4zL15jNmEjX3M1ZnFnL2BeYS0tZDAvc3M%3D&btag=80000e00010000&dy_q=1785292389&feature_id=d6a18d7c5414b1f1e95a75faf9147845&l=2026072910330806831BC2951B40324D78&ply_type=3&policy=eyJ2bSI6MywidWlkIjoiMzEyOTY1MDYwMzg4ODE4NSJ9,已使用,审核通过,--,18,--,27.23,1329,27,2.03,1.01,20.49,1,27.23,3.7,0,0,0,0,0,0
"	7661186975484379190",微信视频_20260711163647.mp4,https://video-cn.oceanengine.com/6018f0b784be33b6022687a15694173c/6a6c0978/tos-cn-ve-51/owISEQgOmA6KAT41l9pTqTteuCFBGsCQhFQUAM?a=1402&ch=0&cr=0&dr=3&cd=0%7C0%7C0%7C0&br=928&bt=928&cs=0&ds=3&ft=J9ThAGkHH_Myq8Z1FbY_e2NvjTQ&mime_type=video_mp4&qs=0&rc=NXZpTGRTaFBnKWxncmd5aHFsc3IxZGZoOjo6ZThkOjZmaWlkNjk7QGkzbTtpNWtvNjM8MzM0NjMzQFNsa3ZpcUQ6amtqXmJmK2BeaWpgYTojYGI2YF80YV8uMWM0MTUuM2Eja15rbXFnXi82YS0tZDAwc3M%3D&btag=80000e00010000&dy_q=1785292389&feature_id=d6a18d7c5414b1f1e95a75faf9147845&l=2026072910330806831BC2951B40324D78&ply_type=3&policy=eyJ2bSI6MywidWlkIjoiMzEyOTY1MDYwMzg4ODE4NSJ9,已使用,审核通过,--,5,--,0.48,22,0,0,0,21.82,0,0,0,0,0,0,0,0,0
"	7662230271501189158",0713-引导-嘉丽-10.mp4,https://video-cn.oceanengine.com/ecbf9a1586ca373fb526cde702bbdb2d/6a6c0974/tos-cn-ve-51/oI9V5pQKqAII8r19H4m1PhAbtsgheBUUUtaEap?a=1402&ch=0&cr=0&dr=3&cd=0%7C0%7C0%7C0&cv=1&br=252&bt=252&cs=0&ds=3&ft=J9ThAGkHH_Myq8Z1FbY_e2NvjTQ&mime_type=video_mp4&qs=0&rc=NXZpTGRTaFBnKWxncmd5aHFsc3IxZGY8NmdpZmk1NmU2NDw0OzU5QGlqPG82PGtvdnU8MzM0NjMzQFNsa3ZpcUQ6amtqXmJmK2BeaWpgYTojL18vYWI0NV8xMWNgY18tMWEjYTZzXnFnbl9eYS0tZDAwc3M%3D&btag=80000e00010000&dy_q=1785292389&feature_id=d6a18d7c5414b1f1e95a75faf9147845&l=2026072910330806831BC2951B40324D78&ply_type=3&policy=eyJ2bSI6MywidWlkIjoiMzEyOTY1MDYwMzg4ODE4NSJ9,已使用,审核通过,首发,10,--,73.15,2279,43,1.89,1.7,32.1,7,10.45,16.28,0,0,0,0,1,0
"	7666044325575032875",0723-魏怡-3-改.mp4,https://video-cn.oceanengine.com/638a3a6c323d176a8f8d6a39588c939f/6a6c0978/tos-cn-ve-51/osgHzqhg7fKfAtxb9gCQugA9FUFYBQaUDIaIN6?a=1402&ch=0&cr=0&dr=3&cd=0%7C0%7C0%7C0&br=1178&bt=1178&cs=0&ds=3&ft=J9ThAGkHH_Myq8Z1FbY_e2NvjTQ&mime_type=video_mp4&qs=0&rc=NXZpTGRTaFBnKWxncmd5aHFsc3IxZGZpO2Y3aWg2NDY1NmU8NzhnQGkzdzQ3ZG86ZHk8MzM0NjMzQFNsa3ZpcUQ6amtqXmJmK2BeaWpgYTojXl4zMy80MjYzMTIxLjUwM2EjMXEzNWFhL2dlYS0tZDAvc3M%3D&btag=80000e00010000&dy_q=1785292389&feature_id=d6a18d7c5414b1f1e95a75faf9147845&l=2026072910330806831BC2951B40324D78&ply_type=3&policy=eyJ2bSI6MywidWlkIjoiMzEyOTY1MDYwMzg4ODE4NSJ9,已使用,审核通过,--,5,--,1.47,52,0,0,0,28.27,0,0,0,0,0,0,0,0,0
"	7666006404415160339",推送视频_0723-国星引流修改-9.mp4,https://video-cn.oceanengine.com/ebc3c0255e3f46344664134c27af8e21/6a6c0973/tos-cn-ve-51/oAVDX9aYuQ1oyfWAASegRr2iqjIBN2RANyCyXB?a=1402&ch=0&cr=0&dr=3&cd=0%7C0%7C0%7C0&br=395&bt=395&cs=0&ds=6&ft=J9ThAGkHH_Myq8Z1FbY_e2NvjTQ&mime_type=video_mp4&qs=0&rc=NXZpTGRTaFBnKWxncmd5aHFsc3IxZGY8OTs7O2g5Z2g7OmY8NTg0QGlqcTVvaW86Zmw8MzM0NjMzQFNsa3ZpcUQ6amtqXmJmK2BeaWpgYTojLTJgM2M2Yl40MTJfYWEuLmEjMWthbGFhZi1lYS0tZDBhc3M%3D&btag=80000e00010000&dy_q=1785292389&feature_id=d6a18d7c5414b1f1e95a75faf9147845&l=2026072910330806831BC2951B40324D78&ply_type=3&policy=eyJ2bSI6MywidWlkIjoiMzEyOTY1MDYwMzg4ODE4NSJ9,已使用,审核通过,--,3,--,0,0,0,0,0,0,0,0,0,0,0,0,0,0,0
"	7666006390916464682",推送视频_0723-国星引流修改-10c.mp4,https://video-cn.oceanengine.com/585c382b87897d2d78ccee9d50b904f6/6a6c0975/tos-cn-ve-51/oc9Q3MFuEIziPUcQ2IadAjtQRdWKwBmRMHbAg?a=1402&ch=0&cr=0&dr=3&cd=0%7C0%7C0%7C0&br=560&bt=560&cs=0&ds=6&ft=J9ThAGkHH_Myq8Z1FbY_e2NvjTQ&mime_type=video_mp4&qs=0&rc=NXZpTGRTaFBnKWxncmd5aHFsc3IxZGY3ZWQ3aDk5aDhnNWY7PDVpQGkzaW01aG86Zmw8MzM0NjMzQFNsa3ZpcUQ6amtqXmJmK2BeaWpgYTojNTIvL14uNl4vMTZfMTQxX2EjNWJnb2FhXi1lYS0tZDAwc3M%3D&btag=80000e00010000&dy_q=1785292389&feature_id=d6a18d7c5414b1f1e95a75faf9147845&l=2026072910330806831BC2951B40324D78&ply_type=3&policy=eyJ2bSI6MywidWlkIjoiMzEyOTY1MDYwMzg4ODE4NSJ9,已使用,审核通过,--,3,--,0,0,0,0,0,0,0,0,0,0,0,0,0,0,0
"	7666006386430378026",推送视频_0723-国星引流修改-6c.mp4,https://video-cn.oceanengine.com/15f5f36bcbc5d6c9784ce82f1c20e1d4/6a6c0972/tos-cn-ve-51/oYCfze96GBmULrTGlNIdkugQxCaQrUmAlGbeBA?a=1402&ch=0&cr=0&dr=3&cd=0%7C0%7C0%7C0&br=478&bt=478&cs=0&ds=6&ft=J9ThAGkHH_Myq8Z1FbY_e2NvjTQ&mime_type=video_mp4&qs=0&rc=NXZpTGRTaFBnKWxncmd5aHFsc3IxZGZmPDk7OTc7OGdpN2g4NzZmQGlqaW1pczlyZmw8MzM0NjMzQFNsa3ZpcUQ6amtqXmJmK2BeaWpgYTojYi5iLl4wY15eMTY1YmFiLWEjXmdoYTJkay1lYS0tZDBhc3M%3D&btag=80000e00008000&dy_q=1785292389&feature_id=d6a18d7c5414b1f1e95a75faf9147845&l=2026072910330806831BC2951B40324D78&ply_type=3&policy=eyJ2bSI6MywidWlkIjoiMzEyOTY1MDYwMzg4ODE4NSJ9,未使用,审核通过,--,2,--,0,0,0,0,0,0,0,0,0,0,0,0,0,0,0
"	7666006379787599935",推送视频_0723-国星引流修改-7.mp4,https://video-cn.oceanengine.com/d88b3acb9bd6457f2a20f0b1e354d0de/6a6c0972/tos-cn-ve-51/oA7jleBItSbBQEhIKCLUAIlGA3aUBBsFekxGfM?a=1402&ch=0&cr=0&dr=3&cd=0%7C0%7C0%7C0&br=1073&bt=1073&cs=0&ds=3&ft=J9ThAGkHH_Myq8Z1FbY_e2NvjTQ&mime_type=video_mp4&qs=0&rc=NXZpTGRTaFBnKWxncmd5aHFsc3IxZGZlaWc5Njs4aTszNGU5Omc8QGlqdTZsbTlyZmw8MzM0NjMzQFNsa3ZpcUQ6amtqXmJmK2BeaWpgYTojM18wNS4zL19fMTYvNTMuMmEjb3M1NDJkay1lYS0tZDBhc3M%3D&btag=80000e00008000&dy_q=1785292389&feature_id=d6a18d7c5414b1f1e95a75faf9147845&l=2026072910330806831BC2951B40324D78&ply_type=3&policy=eyJ2bSI6MywidWlkIjoiMzEyOTY1MDYwMzg4ODE4NSJ9,未使用,审核通过,--,3,--,0,0,0,0,0,0,0,0,0,0,0,0,0,0,0
"	7666006376167833619",推送视频_0723-国星引流修改-8.mp4,https://video-cn.oceanengine.com/5ed5653680e6efdc0e295ce71643cdd7/6a6c0970/tos-cn-ve-51/oMDefxQgDQAa22y2rJN9nYROyA1hABvIJQiqFG?a=1402&ch=0&cr=0&dr=3&cd=0%7C0%7C0%7C0&br=379&bt=379&cs=0&ds=6&ft=J9ThAGkHH_Myq8Z1FbY_e2NvjTQ&mime_type=video_mp4&qs=0&rc=NXZpTGRTaFBnKWxncmd5aHFsc3IxZGZpZTczNGVlaTtkODs4ZTU8QGlqeHZuPG86Zmw8MzM0NjMzQFNsa3ZpcUQ6amtqXmJmK2BeaWpgYTojMDBjMV8xYzVfMV8xYV8uYmEjcTZxbGFhXi1lYS0tZDAwc3M%3D&btag=80000e00008000&dy_q=1785292389&feature_id=d6a18d7c5414b1f1e95a75faf9147845&l=2026072910330806831BC2951B40324D78&ply_type=3&policy=eyJ2bSI6MywidWlkIjoiMzEyOTY1MDYwMzg4ODE4NSJ9,未使用,审核通过,--,2,--,0,0,0,0,0,0,0,0,0,0,0,0,0,0,0
"	7666006371528556586",推送视频_0723-国星引流修改-4.mp4,https://video-cn.oceanengine.com/85d05be65405e1ea7e4ded528bf72409/6a6c0970/tos-cn-ve-51/oERNgDAH0bxeGEIMueBuRmSggAaUAqAyYE1Dn2?a=1402&ch=0&cr=0&dr=3&cd=0%7C0%7C0%7C0&br=830&bt=830&cs=0&ds=3&ft=J9ThAGkHH_Myq8Z1FbY_e2NvjTQ&mime_type=video_mp4&qs=0&rc=NXZpTGRTaFBnKWxncmd5aHFsc3IxZGY2OmkzaWVlaWZkM2g2ZTNkQGlqZWx2OW86Zmw8MzM0NjMzQFNsa3ZpcUQ6amtqXmJmK2BeaWpgYTojNDAtYC8uNjUxMWBiLjI1MWEjai9kbGFhXi1lYS0tZDAwc3M%3D&btag=80000e00008000&dy_q=1785292389&feature_id=d6a18d7c5414b1f1e95a75faf9147845&l=2026072910330806831BC2951B40324D78&ply_type=3&policy=eyJ2bSI6MywidWlkIjoiMzEyOTY1MDYwMzg4ODE4NSJ9,已使用,审核通过,--,3,--,0,0,0,0,0,0,0,0,0,0,0,0,0,0,0
"	7666006364797386806",推送视频_0723-瑞晨引流修改-7.mp4,https://video-cn.oceanengine.com/99a2b4ffd356eecff2b6d0ef72b0138c/6a6c096b/tos-cn-ve-51/o0CAVAqfguNB2xBDayADcQI1GgJCYshBIfRRts?a=1402&ch=0&cr=0&dr=3&cd=0%7C0%7C0%7C0&br=1640&bt=1640&cs=0&ds=4&ft=J9ThAGkHH_Myq8Z1FbY_e2NvjTQ&mime_type=video_mp4&qs=0&rc=NXZpTGRTaFBnKWxncmd5aHFsc3IxZGY8NGczOjs3MzQzNTxpZTtnQGkzM2U6ZW86Zmw8MzM0NjMzQFNsa3ZpcUQ6amtqXmJmK2BeaWpgYTojY2BjM2M0MDYuMTYvNF5gYmEjZi5xLWFhXi1lYS0tZDAvc3M%3D&btag=80000e00008000&dy_q=1785292389&feature_id=d6a18d7c5414b1f1e95a75faf9147845&l=2026072910330806831BC2951B40324D78&ply_type=3&policy=eyJ2bSI6MywidWlkIjoiMzEyOTY1MDYwMzg4ODE4NSJ9,未使用,审核通过,--,2,--,0,0,0,0,0,0,0,0,0,0,0,0,0,0,0
"	7666006335712444458",推送视频_0723-瑞晨引流修改-10.mp4,https://video-cn.oceanengine.com/4a01dbb1b51e1f7a677eb34bfd9c5ac5/6a6c096e/tos-cn-ve-51/oshanO9g756EETtQ16GAIXZo6AWmAYBMjIAlfg?a=1402&ch=0&cr=0&dr=3&cd=0%7C0%7C0%7C0&br=216&bt=216&cs=0&ds=6&ft=J9ThAGkHH_Myq8Z1FbY_e2NvjTQ&mime_type=video_mp4&qs=0&rc=NXZpTGRTaFBnKWxncmd5aHFsc3IxZGZnNjRkZjc0ZztmODdkPDRlQGlqOTVxZW86Zmw8MzM0NjMzQFNsa3ZpcUQ6amtqXmJmK2BeaWpgYTojM2AwNjNfLzYtMTYxYl9hNWEjZy1tYmFhXi1lYS0tZDAvc3M%3D&btag=80000e00008000&dy_q=1785292389&feature_id=d6a18d7c5414b1f1e95a75faf9147845&l=2026072910330806831BC2951B40324D78&ply_type=3&policy=eyJ2bSI6MywidWlkIjoiMzEyOTY1MDYwMzg4ODE4NSJ9,未使用,审核通过,首发,2,--,0,0,0,0,0,0,0,0,0,0,0,0,0,0,0
"	7666044375975460906",0723-魏怡-5-改.mp4,https://video-cn.oceanengine.com/3a52bf0b72368600efece927ce0e61ce/6a6c09d0/tos-cn-ve-51/osIbmaUAfgBjmoGH1BQzBxazkigCrARA2eGGfz?a=1402&ch=0&cr=0&dr=3&cd=0%7C0%7C0%7C0&br=1300&bt=1300&cs=0&ds=6&ft=J9ThAGkHH_Myq8Z1FbY_e2NvjTQ&mime_type=video_mp4&qs=0&rc=NXZpTGRTaFBnKWxncmd5aHFsc3IxZGZkZGk8NzM4NDVkNzc8Zjc3QGlqM3FpM286ZHk8MzM0NjMzQFNsa3ZpcUQ6amtqXmJmK2BeaWpgYTojLjNfMzIyMl80MV9eX2EyLWEjZWdyMWFhL2dlYS0tZDBhc3M%3D&btag=80000e00028000&dy_q=1785292389&feature_id=d6a18d7c5414b1f1e95a75faf9147845&l=2026072910330806831BC2951B40324D78&ply_type=3&policy=eyJ2bSI6MywidWlkIjoiMzEyOTY1MDYwMzg4ODE4NSJ9,未使用,审核通过,--,4,--,0,0,0,0,0,0,0,0,0,0,0,0,0,0,0
"	7666044315906916393",0723-魏怡-2-改.mp4,https://video-cn.oceanengine.com/fd0994c44d297c734d4bf7f8d3ab978f/6a6c0978/tos-cn-ve-51/o8QDObtYLQalURgAzScgIF7uqHION63ACEtfeB?a=1402&ch=0&cr=0&dr=3&cd=0%7C0%7C0%7C0&br=915&bt=915&cs=0&ds=3&ft=J9ThAGkHH_Myq8Z1FbY_e2NvjTQ&mime_type=video_mp4&qs=0&rc=NXZpTGRTaFBnKWxncmd5aHFsc3IxZGY0NWRpZWg3Ozo8Mzs0aGZnQGlqOGhqO286ZHk8MzM0NjMzQFNsa3ZpcUQ6amtqXmJmK2BeaWpgYTojY182XjZjNl8xMS5jYF5jNGEjaGJrb2FhL2dlYS0tZDAvc3M%3D&btag=80000e00010000&dy_q=1785292389&feature_id=d6a18d7c5414b1f1e95a75faf9147845&l=2026072910330806831BC2951B40324D78&ply_type=3&policy=eyJ2bSI6MywidWlkIjoiMzEyOTY1MDYwMzg4ODE4NSJ9,未使用,审核通过,--,4,--,0,0,0,0,0,0,0,0,0,0,0,0,0,0,0
"	7666044290755264575",0723-魏怡-1-改.mp4,https://video-cn.oceanengine.com/7613a5ec4bc22f1e73ad15046f32e89b/6a6c0978/tos-cn-ve-51/o8TzQCSuUaAvesDdRftYANqgrDygkBuYITIgH7?a=1402&ch=0&cr=0&dr=3&cd=0%7C0%7C0%7C0&br=675&bt=675&cs=0&ds=6&ft=J9ThAGkHH_Myq8Z1FbY_e2NvjTQ&mime_type=video_mp4&qs=0&rc=NXZpTGRTaFBnKWxncmd5aHFsc3IxZGZmO2QzNTw6ZmhpOTc8ZmhmQGlqbDpvZm86ZHk8MzM0NjMzQFNsa3ZpcUQ6amtqXmJmK2BeaWpgYTojLS82Xi4tLl81MTM1YjAuLWEjMWZlX2FhL2dlYS0tZDAvc3M%3D&btag=80000e00010000&dy_q=1785292389&feature_id=d6a18d7c5414b1f1e95a75faf9147845&l=2026072910330806831BC2951B40324D78&ply_type=3&policy=eyJ2bSI6MywidWlkIjoiMzEyOTY1MDYwMzg4ODE4NSJ9,未使用,审核通过,--,4,--,0,0,0,0,0,0,0,0,0,0,0,0,0,0,0
"	7665676211757416511",0723-瑞晨引流-4c.mp4,https://video-cn.oceanengine.com/db4b8054e4900b74dc218e9a4a3b7312/6a6c0974/tos-cn-ve-51/oUfAeRHJHuTAQzqefMbIIrHZtEsVfArYSgHjs8?a=1402&ch=0&cr=0&dr=3&cd=0%7C0%7C0%7C0&br=1078&bt=1078&cs=0&ds=3&ft=J9ThAGkHH_Myq8Z1FbY_e2NvjTQ&mime_type=video_mp4&qs=0&rc=NXZpTGRTaFBnKWxncmd5aHFsc3IxZGY1NzQ0aTk4aTw2NzM7Ojg3QGkzaWx5aG86Znk8MzM0NjMzQFNsa3ZpcUQ6amtqXmJmK2BeaWpgYTojMV5fMWBiM19iMTM1L2JfMGEjL2pycWFhZmllYS0tZDAwc3M%3D&btag=80000e00010000&dy_q=1785292389&feature_id=d6a18d7c5414b1f1e95a75faf9147845&l=2026072910330806831BC2951B40324D78&ply_type=3&policy=eyJ2bSI6MywidWlkIjoiMzEyOTY1MDYwMzg4ODE4NSJ9,未使用,审核通过,首发,3,--,0,0,0,0,0,0,0,0,0,0,0,0,0,0,0
"	7665667885312524307",0723-国星引流-2c.mp4,https://video-cn.oceanengine.com/ae798c009822659bba45202b3aa6cef9/6a6c0988/tos-cn-ve-51/oUfCDmzRrHJUaBAfQqaKb9G1A2bGa7gsBQxeIF?a=1402&ch=0&cr=0&dr=3&cd=0%7C0%7C0%7C0&br=357&bt=357&cs=0&ds=3&ft=J9ThAGkHH_Myq8Z1FbY_e2NvjTQ&mime_type=video_mp4&qs=0&rc=NXZpTGRTaFBnKWxncmd5aHFsc3IxZGZmNjw5Z2c8PDRpZDxkZGQ3QGlqNjRnaW86Znk8MzM0NjMzQFNsa3ZpcUQ6amtqXmJmK2BeaWpgYTojY2FjMGMyMTZjMWM1Yy8zY2EjLzNlZGFhbmllYS0tZDBhc3M%3D&btag=80000e00018000&dy_q=1785292389&feature_id=d6a18d7c5414b1f1e95a75faf9147845&l=2026072910330806831BC2951B40324D78&ply_type=3&policy=eyJ2bSI6MywidWlkIjoiMzEyOTY1MDYwMzg4ODE4NSJ9,未使用,审核通过,--,3,--,0,0,0,0,0,0,0,0,0,0,0,0,0,0,0
"	7666049027445276718",引流1——子衿改.mp4,https://video-cn.oceanengine.com/0e6c04325a16090b4ccbe1ee43541849/6a6c096f/tos-cn-ve-51/o4kOdIAUHsJnLiNtZIgEUWQqxNjKAaBzNHmAd?a=1402&ch=0&cr=0&dr=3&cd=0%7C0%7C0%7C0&br=477&bt=477&cs=0&ds=4&ft=J9ThAGkHH_Myq8Z1FbY_e2NvjTQ&mime_type=video_mp4&qs=0&rc=NXZpTGRTaFBnKWxncmd5aHFsc3IxZGY8NDo5O2lkNmZlODwzZGlnQGlqZDczZm86Om48MzM0NjMzQFNsa3ZpcUQ6amtqXmJmK2BeaWpgYTojNC1fMDRgYzZeMWBfLy42MGEjMy1iaWFhZmJlYS0tZDAvc3M%3D&btag=80000200008000&dy_q=1785292389&feature_id=d6a18d7c5414b1f1e95a75faf9147845&l=2026072910330806831BC2951B40324D78&ply_type=3&policy=eyJ2bSI6MywidWlkIjoiMzEyOTY1MDYwMzg4ODE4NSJ9,未使用,审核不通过,--,0,--,0,0,0,0,0,0,0,0,0,0,0,0,0,0,0
"	7665169608501805082",0721-引流-魏怡- 7.mp4,https://video-cn.oceanengine.com/a6f77acf8215151f136554f6c8a1d908/6a6c097f/tos-cn-ve-51/oIaRlQSC4IKzLpE9mI3WQw5CtUXTVEdgAMMAX?a=1402&ch=0&cr=0&dr=3&cd=0%7C0%7C0%7C0&br=1515&bt=1515&cs=0&ds=3&ft=J9ThAGkHH_Myq8Z1FbY_e2NvjTQ&mime_type=video_mp4&qs=0&rc=NXZpTGRTaFBnKWxncmd5aHFsc3IxZGYzOzVmMzNnaWg0NDk3NTg8QGlqZTgzPG86azw8MzM0NjMzQFNsa3ZpcUQ6amtqXmJmK2BeaWpgYTojYTQwLjU2M15jMTJhMDNjLWEjXzNrMmFhXmJkYS0tZDAwc3M%3D&btag=80000e00010000&dy_q=1785292389&feature_id=d6a18d7c5414b1f1e95a75faf9147845&l=2026072910330806831BC2951B40324D78&ply_type=3&policy=eyJ2bSI6MywidWlkIjoiMzEyOTY1MDYwMzg4ODE4NSJ9,未使用,审核通过,--,2,--,0,0,0,0,0,0,0,0,0,0,0,0,0,0,0
"	7665169570731180042",0721-引流-魏怡-6.mp4,https://video-cn.oceanengine.com/7ef2b6899fb7a17db678bb3f96f2e990/6a6c0980/tos-cn-ve-51/oML8SFEDEI7Qg0YdJBfdMFFANiIbqDNDAgftBH?a=1402&ch=0&cr=0&dr=3&cd=0%7C0%7C0%7C0&br=822&bt=822&cs=0&ds=3&ft=J9ThAGkHH_Myq8Z1FbY_e2NvjTQ&mime_type=video_mp4&qs=0&rc=NXZpTGRTaFBnKWxncmd5aHFsc3IxZGZpZmZkOWg7aGc1ZWY4ZjM3QGkzPDk0eDlyazw8MzM0NjMzQFNsa3ZpcUQ6amtqXmJmK2BeaWpgYTojNTUzYDYwYDVjMTYvLi0uNGEjMHEtLjJkY2JkYS0tZDBhc3M%3D&btag=80000e00010000&dy_q=1785292389&feature_id=d6a18d7c5414b1f1e95a75faf9147845&l=2026072910330806831BC2951B40324D78&ply_type=3&policy=eyJ2bSI6MywidWlkIjoiMzEyOTY1MDYwMzg4ODE4NSJ9,未使用,审核通过,--,2,--,0,0,0,0,0,0,0,0,0,0,0,0,0,0,0
"	7665169551356592155",0721-引流-魏怡-8.mp4,https://video-cn.oceanengine.com/a1b7c720311bb5185650f35ae45ca90d/6a6c0983/tos-cn-ve-51/oMlQRCMmEIzmWU7cIIadAgtQ3CWbgEmiRUlAX?a=1402&ch=0&cr=0&dr=3&cd=0%7C0%7C0%7C0&br=1156&bt=1156&cs=0&ds=3&ft=J9ThAGkHH_Myq8Z1FbY_e2NvjTQ&mime_type=video_mp4&qs=0&rc=NXZpTGRTaFBnKWxncmd5aHFsc3IxZGZmZTU5ZmRoaDM3NGY6NGU7QGkzcGc5OW86azw8MzM0NjMzQFNsa3ZpcUQ6amtqXmJmK2BeaWpgYTojNmJjNS9gLjU2MWA1YDUzYmEjYi9zMWFhXmJkYS0tZDAvc3M%3D&btag=80000e00018000&dy_q=1785292389&feature_id=d6a18d7c5414b1f1e95a75faf9147845&l=2026072910330806831BC2951B40324D78&ply_type=3&policy=eyJ2bSI6MywidWlkIjoiMzEyOTY1MDYwMzg4ODE4NSJ9,未使用,审核通过,--,2,--,0,0,0,0,0,0,0,0,0,0,0,0,0,0,0
"	7665169526927704090",0721-引流-魏怡-5测.mp4,https://video-cn.oceanengine.com/a1b59db3235541da07ec04193e0176e3/6a6c09ba/tos-cn-ve-51/oQpAmtAQmEdVMEnizEwMRrZqagIUaIX6ClWQO?a=1402&ch=0&cr=0&dr=3&cd=0%7C0%7C0%7C0&br=2071&bt=2071&cs=0&ds=3&ft=J9ThAGkHH_Myq8Z1FbY_e2NvjTQ&mime_type=video_mp4&qs=0&rc=NXZpTGRTaFBnKWxncmd5aHFsc3IxZGZkNTNnZjY5N2VoZDY8OGg7QGkzZGs7Om86azw8MzM0NjMzQFNsa3ZpcUQ6amtqXmJmK2BeaWpgYTojLi0xNS81YzYvMTVgMzY1MmEjZ2lkNGFhXmJkYS0tZDAwc3M%3D&btag=80000e00028000&dy_q=1785292389&feature_id=d6a18d7c5414b1f1e95a75faf9147845&l=2026072910330806831BC2951B40324D78&ply_type=3&policy=eyJ2bSI6MywidWlkIjoiMzEyOTY1MDYwMzg4ODE4NSJ9,未使用,审核通过,--,1,--,0,0,0,0,0,0,0,0,0,0,0,0,0,0,0
"	7665169525948530698",0721-引流-魏怡-9.mp4,https://video-cn.oceanengine.com/2f0c5579dc74f2ce4f81bc643b104b61/6a6c0983/tos-cn-ve-51/oQt9I8h2gngchDQCkAWlzZAQdwaUnRINXWmEz?a=1402&ch=0&cr=0&dr=3&cd=0%7C0%7C0%7C0&cv=1&br=1057&bt=1057&cs=0&ds=3&ft=J9ThAGkHH_Myq8Z1FbY_e2NvjTQ&mime_type=video_mp4&qs=0&rc=NXZpTGRTaFBnKWxncmd5aHFsc3IxZGY0ZGhmOTxoOGdkNDNmZGdoQGlqbXA6Om86azw8MzM0NjMzQFNsa3ZpcUQ6amtqXmJmK2BeaWpgYTojLTFhNGAxY19eMTBhNC41L2EjcjAuX2FhXmJkYS0tZDAvc3M%3D&btag=80000e00018000&dy_q=1785292389&feature_id=d6a18d7c5414b1f1e95a75faf9147845&l=2026072910330806831BC2951B40324D78&ply_type=3&policy=eyJ2bSI6MywidWlkIjoiMzEyOTY1MDYwMzg4ODE4NSJ9,未使用,审核通过,--,2,--,0,0,0,0,0,0,0,0,0,0,0,0,0,0,0
"	7665169497810206729",0721-引流-魏怡-10.mp4,https://video-cn.oceanengine.com/32971969944976a445f9beb42d1f7aac/6a6c0981/tos-cn-ve-51/ow0GLCieSGT8eZ6gIQD2IeXLalwcUEAW1B4bAq?a=1402&ch=0&cr=0&dr=3&cd=0%7C0%7C0%7C0&br=1132&bt=1132&cs=0&ds=3&ft=J9ThAGkHH_Myq8Z1FbY_e2NvjTQ&mime_type=video_mp4&qs=0&rc=NXZpTGRTaFBnKWxncmd5aHFsc3IxZGY6PGk6OTY7OTtnOTRnOmg3QGlqeDhsbjlyazw8MzM0NjMzQFNsa3ZpcUQ6amtqXmJmK2BeaWpgYTojYC1iMi0tXjU0MV9fNV40YmEjX2xuczJkY2JkYS0tZDBhc3M%3D&btag=80000e00010000&dy_q=1785292389&feature_id=d6a18d7c5414b1f1e95a75faf9147845&l=2026072910330806831BC2951B40324D78&ply_type=3&policy=eyJ2bSI6MywidWlkIjoiMzEyOTY1MDYwMzg4ODE4NSJ9,未使用,审核通过,--,2,--,0,0,0,0,0,0,0,0,0,0,0,0,0,0,0
"	7665169474564046886",0721-引流-魏怡-4.mp4,https://video-cn.oceanengine.com/6cca8edf17a9b2ec6a3aeed6d0bddc71/6a6c097f/tos-cn-ve-51/oEWtQBAaQemhjuIilodIBIEI1tLLpaWhMg7QAA?a=1402&ch=0&cr=0&dr=3&cd=0%7C0%7C0%7C0&br=1258&bt=1258&cs=0&ds=3&ft=J9ThAGkHH_Myq8Z1FbY_e2NvjTQ&mime_type=video_mp4&qs=0&rc=NXZpTGRTaFBnKWxncmd5aHFsc3IxZGY6NzloNDM4OGk5PGc6NDM2QGkzZWo4aG86azw8MzM0NjMzQFNsa3ZpcUQ6amtqXmJmK2BeaWpgYTojNTZeYWNhYV8wMTE2MC0vNGEjMW4xZmFhXmJkYS0tZDAvc3M%3D&btag=80000e00010000&dy_q=1785292389&feature_id=d6a18d7c5414b1f1e95a75faf9147845&l=2026072910330806831BC2951B40324D78&ply_type=3&policy=eyJ2bSI6MywidWlkIjoiMzEyOTY1MDYwMzg4ODE4NSJ9,未使用,审核通过,--,1,--,0,0,0,0,0,0,0,0,0,0,0,0,0,0,0
"	7664453217666121738",0718-引流-魏怡-5.mp4,https://video-cn.oceanengine.com/a5c2369cdcb09b4fb86cfef834cc3575/6a6c096c/tos-cn-ve-51/o8hZLgQYAfGJgups4aStEAA0g8eeifReQ7bFpo?a=1402&ch=0&cr=0&dr=3&cd=0%7C0%7C0%7C0&br=1733&bt=1733&cs=0&ds=3&ft=J9ThAGkHH_Myq8Z1FbY_e2NvjTQ&mime_type=video_mp4&qs=0&rc=NXZpTGRTaFBnKWxncmd5aHFsc3IxZGY7NTY6ZTM6OWc1ZTw7OGQ5QGkzaWp2bTlydW48MzM0NjMzQFNsa3ZpcUQ6amtqXmJmK2BeaWpgYTojX19gMDM2YzYwMTYwMzJiMWEjbl5yNjJkazJjYS0tZDBhc3M%3D&btag=80000e00008000&dy_q=1785292389&feature_id=d6a18d7c5414b1f1e95a75faf9147845&l=2026072910330806831BC2951B40324D78&ply_type=3&policy=eyJ2bSI6MywidWlkIjoiMzEyOTY1MDYwMzg4ODE4NSJ9,未使用,审核通过,--,1,--,0,0,0,0,0,0,0,0,0,0,0,0,0,0,0
"	7664453215853281289",0718瑞晨引流-9.mp4,https://video-cn.oceanengine.com/c17d212a67b0462981d2c115678d789e/6a6c0974/tos-cn-ve-51/oYfwQLagII1Dty6FahoAmM4jxLi3Q6BFA7gETQ?a=1402&ch=0&cr=0&dr=3&cd=0%7C0%7C0%7C0&cv=1&br=807&bt=807&cs=0&ds=3&ft=J9ThAGkHH_Myq8Z1FbY_e2NvjTQ&mime_type=video_mp4&qs=0&rc=NXZpTGRTaFBnKWxncmd5aHFsc3IxZGY7NTs4aTo1O2g4aWk2aWU6QGkza2U5OG86dm48MzM0NjMzQFNsa3ZpcUQ6amtqXmJmK2BeaWpgYTojNC0uL19eY14zMTEzYTZeNWEjLm4tZ2FhXjJjYS0tZDAwc3M%3D&btag=80000e00010000&dy_q=1785292389&feature_id=d6a18d7c5414b1f1e95a75faf9147845&l=2026072910330806831BC2951B40324D78&ply_type=3&policy=eyJ2bSI6MywidWlkIjoiMzEyOTY1MDYwMzg4ODE4NSJ9,未使用,审核通过,首发,3,--,0,0,0,0,0,0,0,0,0,0,0,0,0,0,0
"	7664453214905253939",0718瑞晨引流-10.mp4,https://video-cn.oceanengine.com/b5cd2d0d27b4e27ff5a51547e81de767/6a6c0974/tos-cn-ve-51/oAvD7AAtJQMEimgQBcBLhFI636Q4aogAhxN1if?a=1402&ch=0&cr=0&dr=3&cd=0%7C0%7C0%7C0&br=823&bt=823&cs=0&ds=3&ft=J9ThAGkHH_Myq8Z1FbY_e2NvjTQ&mime_type=video_mp4&qs=0&rc=NXZpTGRTaFBnKWxncmd5aHFsc3IxZGY2Z2k4aWU1OzY0Zjk8ODhkQGlqanhmNW86dm48MzM0NjMzQFNsa3ZpcUQ6amtqXmJmK2BeaWpgYTojMzIvLy4tYl4vMTQzNmE2LmEjcjZeLWFhXjJjYS0tZDAvc3M%3D&btag=80000e00010000&dy_q=1785292389&feature_id=d6a18d7c5414b1f1e95a75faf9147845&l=2026072910330806831BC2951B40324D78&ply_type=3&policy=eyJ2bSI6MywidWlkIjoiMzEyOTY1MDYwMzg4ODE4NSJ9,未使用,审核通过,--,1,--,0,0,0,0,0,0,0,0,0,0,0,0,0,0,0
"	7664453202381930523",0718瑞晨引流-22.mp4,https://video-cn.oceanengine.com/286bfdc9d200eee6d7a12a15b28dbd2c/6a6c097a/tos-cn-ve-51/oUxfm1DqLiJ7BQtmgAIgqBFI4itQitQagBmAm6?a=1402&ch=0&cr=0&dr=3&cd=0%7C0%7C0%7C0&br=657&bt=657&cs=0&ds=3&ft=J9ThAGkHH_Myq8Z1FbY_e2NvjTQ&mime_type=video_mp4&qs=0&rc=NXZpTGRTaFBnKWxncmd5aHFsc3IxZGZoOjM2ODs5ZGY0NjkzNmhoQGlqbzdrM286dm48MzM0NjMzQFNsa3ZpcUQ6amtqXmJmK2BeaWpgYTojMTJhYjAxY182MTIuMzYwY2EjNi4zbmFhLzJjYS0tZDBhc3M%3D&btag=80000e00010000&dy_q=1785292389&feature_id=d6a18d7c5414b1f1e95a75faf9147845&l=2026072910330806831BC2951B40324D78&ply_type=3&policy=eyJ2bSI6MywidWlkIjoiMzEyOTY1MDYwMzg4ODE4NSJ9,未使用,审核通过,首发,3,--,0,0,0,0,0,0,0,0,0,0,0,0,0,0,0
"	7664453199747170313",0718-引流-魏怡-1.mp4,https://video-cn.oceanengine.com/297ce835ef7c6465becf8026fc2a060a/6a6c0988/tos-cn-ve-51/okfqknNSDrDXnfaEYQFLuQbyAIKTIgB40NgCnA?a=1402&ch=0&cr=0&dr=3&cd=0%7C0%7C0%7C0&br=1210&bt=1210&cs=0&ds=3&ft=J9ThAGkHH_Myq8Z1FbY_e2NvjTQ&mime_type=video_mp4&qs=0&rc=NXZpTGRTaFBnKWxncmd5aHFsc3IxZGZoPGRoOWg2PGU8NzpmOzw2QGkzOWl0djlydW48MzM0NjMzQFNsa3ZpcUQ6amtqXmJmK2BeaWpgYTojXzEtYDYtLjU0MTAzLzQ2LmEjZjRiNjJkazJjYS0tZDAvc3M%3D&btag=80000e00018000&dy_q=1785292389&feature_id=d6a18d7c5414b1f1e95a75faf9147845&l=2026072910330806831BC2951B40324D78&ply_type=3&policy=eyJ2bSI6MywidWlkIjoiMzEyOTY1MDYwMzg4ODE4NSJ9,未使用,审核通过,--,1,--,0,0,0,0,0,0,0,0,0,0,0,0,0,0,0
"	7664453198800781338",0718瑞晨引流-2.mp4,https://video-cn.oceanengine.com/95968cbb82571a38291e2babf4632f0f/6a6c0974/tos-cn-ve-51/ocFSph1xgaALRLBX8A2DxhDGAn0eRNPeqMi1gG?a=1402&ch=0&cr=0&dr=3&cd=0%7C0%7C0%7C0&br=872&bt=872&cs=0&ds=3&ft=J9ThAGkHH_Myq8Z1FbY_e2NvjTQ&mime_type=video_mp4&qs=0&rc=NXZpTGRTaFBnKWxncmd5aHFsc3IxZGY7PDY3NGVmZjVpOWc0Ojw7QGlqNGluPG86dm48MzM0NjMzQFNsa3ZpcUQ6amtqXmJmK2BeaWpgYTojMDVeLjYyMDY1MTEzLi8yM2EjazZsbGFhXjJjYS0tZDAwc3M%3D&btag=80000e00010000&dy_q=1785292389&feature_id=d6a18d7c5414b1f1e95a75faf9147845&l=2026072910330806831BC2951B40324D78&ply_type=3&policy=eyJ2bSI6MywidWlkIjoiMzEyOTY1MDYwMzg4ODE4NSJ9,未使用,审核通过,--,1,--,0,0,0,0,0,0,0,0,0,0,0,0,0,0,0
"	7664453189787893811",0718瑞晨引流-23.mp4,https://video-cn.oceanengine.com/23bc1e72f0185a520f8d240700ad4f58/6a6c0972/tos-cn-ve-51/oUaLxFTqXAwhAZwg2Ge0KNQBD1fRIxm8DmUgQ1?a=1402&ch=0&cr=0&dr=3&cd=0%7C0%7C0%7C0&br=1797&bt=1797&cs=0&ds=3&ft=J9ThAGkHH_Myq8Z1FbY_e2NvjTQ&mime_type=video_mp4&qs=0&rc=NXZpTGRTaFBnKWxncmd5aHFsc3IxZGY4OzdpZjdlMzhoNzZkOmhpQGkzZmd1NG86dm48MzM0NjMzQFNsa3ZpcUQ6amtqXmJmK2BeaWpgYTojLi1jXl5eNTYyMTI1NjFfLmEjaS5uaGFhLzJjYS0tZDAwc3M%3D&btag=80000e00008000&dy_q=1785292389&feature_id=d6a18d7c5414b1f1e95a75faf9147845&l=2026072910330806831BC2951B40324D78&ply_type=3&policy=eyJ2bSI6MywidWlkIjoiMzEyOTY1MDYwMzg4ODE4NSJ9,未使用,审核通过,--,2,--,0,0,0,0,0,0,0,0,0,0,0,0,0,0,0
"	7664453188856315955",0718瑞晨引流-7.mp4,https://video-cn.oceanengine.com/5d0cfefa2ed70bd50b8f0bd5e9d0fcd0/6a6c0974/tos-cn-ve-51/o4DgkF1bgQmg74QBt6AioQIafQNmLNGA4Qo8xU?a=1402&ch=0&cr=0&dr=3&cd=0%7C0%7C0%7C0&br=827&bt=827&cs=0&ds=3&ft=J9ThAGkHH_Myq8Z1FbY_e2NvjTQ&mime_type=video_mp4&qs=0&rc=NXZpTGRTaFBnKWxncmd5aHFsc3IxZGZnOTQ4ZDlnOGY3aDc5NDQ7QGkzajs2ZG86dm48MzM0NjMzQFNsa3ZpcUQ6amtqXmJmK2BeaWpgYTojNGE1NDUtNDZeMV40X2ItX2EjYjNiMWFhXjJjYS0tZDBhc3M%3D&btag=80000e00010000&dy_q=1785292389&feature_id=d6a18d7c5414b1f1e95a75faf9147845&l=2026072910330806831BC2951B40324D78&ply_type=3&policy=eyJ2bSI6MywidWlkIjoiMzEyOTY1MDYwMzg4ODE4NSJ9,未使用,审核通过,--,1,--,0,0,0,0,0,0,0,0,0,0,0,0,0,0,0
"	7664453184022609929",0718瑞晨引流-6.mp4,https://video-cn.oceanengine.com/7c28498c867fc4097a32e7f9e64aa39b/6a6c0974/tos-cn-ve-51/oYCFuXEIQAgqujXfvQFCf96V4xL7kDADDB0Ng5?a=1402&ch=0&cr=0&dr=3&cd=0%7C0%7C0%7C0&br=539&bt=539&cs=0&ds=3&ft=J9ThAGkHH_Myq8Z1FbY_e2NvjTQ&mime_type=video_mp4&qs=0&rc=NXZpTGRTaFBnKWxncmd5aHFsc3IxZGY0aDY4Nzc6ZTY5O2QzM2Q1QGkzcXB3djlydW48MzM0NjMzQFNsa3ZpcUQ6amtqXmJmK2BeaWpgYTojLi41YmMtMDUyMS4wM2EyL2EjYmlzZDJkazJjYS0tZDAvc3M%3D&btag=80000e00010000&dy_q=1785292389&feature_id=d6a18d7c5414b1f1e95a75faf9147845&l=2026072910330806831BC2951B40324D78&ply_type=3&policy=eyJ2bSI6MywidWlkIjoiMzEyOTY1MDYwMzg4ODE4NSJ9,未使用,审核通过,--,1,--,0,0,0,0,0,0,0,0,0,0,0,0,0,0,0
"	7664453177211928622",0718瑞晨引流-1.mp4,https://video-cn.oceanengine.com/d54735562439836a915c2d10f8e3c89f/6a6c0974/tos-cn-ve-51/oQ4xfAA00NgZ9EIqyXFfABgBpQ0oL4QQNCDmDu?a=1402&ch=0&cr=0&dr=3&cd=0%7C0%7C0%7C0&br=679&bt=679&cs=0&ds=3&ft=J9ThAGkHH_Myq8Z1FbY_e2NvjTQ&mime_type=video_mp4&qs=0&rc=NXZpTGRTaFBnKWxncmd5aHFsc3IxZGZpNjRmZDpoPGk0ZmQ2aDRlQGkzbnQ6bTlydW48MzM0NjMzQFNsa3ZpcUQ6amtqXmJmK2BeaWpgYTojNjU0Y2JfLV80MWIyLjReLmEjci0wMTJkazJjYS0tZDBhc3M%3D&btag=80000e00010000&dy_q=1785292389&feature_id=d6a18d7c5414b1f1e95a75faf9147845&l=2026072910330806831BC2951B40324D78&ply_type=3&policy=eyJ2bSI6MywidWlkIjoiMzEyOTY1MDYwMzg4ODE4NSJ9,未使用,审核通过,--,1,--,0,0,0,0,0,0,0,0,0,0,0,0,0,0,0
"	7664453168408379442",0718瑞晨引流-14.mp4,https://video-cn.oceanengine.com/a3417116c5b3bce82271753c87006129/6a6c0972/tos-cn-ve-51/oUEEgovDaAa1twgB4f7Q6rQxLAhIUoDQZvm5FA?a=1402&ch=0&cr=0&dr=3&cd=0%7C0%7C0%7C0&br=1439&bt=1439&cs=0&ds=3&ft=J9ThAGkHH_Myq8Z1FbY_e2NvjTQ&mime_type=video_mp4&qs=0&rc=NXZpTGRTaFBnKWxncmd5aHFsc3IxZGYzNTk6OTk6aDZmODc3O2g5QGkzcTMzZm86dm48MzM0NjMzQFNsa3ZpcUQ6amtqXmJmK2BeaWpgYTojNDAzNC0wNTUxMWE1XjBiNWEjbjBiaWFhXjJjYS0tZDAvc3M%3D&btag=80000e00008000&dy_q=1785292389&feature_id=d6a18d7c5414b1f1e95a75faf9147845&l=2026072910330806831BC2951B40324D78&ply_type=3&policy=eyJ2bSI6MywidWlkIjoiMzEyOTY1MDYwMzg4ODE4NSJ9,未使用,审核通过,--,1,--,0,0,0,0,0,0,0,0,0,0,0,0,0,0,0
"	7664453166962409510",0718瑞晨引流-5.mp4,https://video-cn.oceanengine.com/7ee8253034784a4e72f57f6c414643eb/6a6c0974/tos-cn-ve-51/oUfCtBA0xQk4KbgAfYGvgXIoWOQgqjsCGxtUcf?a=1402&ch=0&cr=0&dr=3&cd=0%7C0%7C0%7C0&br=660&bt=660&cs=0&ds=3&ft=J9ThAGkHH_Myq8Z1FbY_e2NvjTQ&mime_type=video_mp4&qs=0&rc=NXZpTGRTaFBnKWxncmd5aHFsc3IxZGY5Z2Q5ZzRmOGQ5O2dkZzU1QGlqanl3Om86dm48MzM0NjMzQFNsa3ZpcUQ6amtqXmJmK2BeaWpgYTojNTNgMjA0LjZeMTE2YmEvLmEjMGVtMGFhLzJjYS0tZDAwc3M%3D&btag=80000e00010000&dy_q=1785292389&feature_id=d6a18d7c5414b1f1e95a75faf9147845&l=2026072910330806831BC2951B40324D78&ply_type=3&policy=eyJ2bSI6MywidWlkIjoiMzEyOTY1MDYwMzg4ODE4NSJ9,未使用,审核通过,--,1,--,0,0,0,0,0,0,0,0,0,0,0,0,0,0,0
"	7664453162750050314",0718瑞晨引流-3.mp4,https://video-cn.oceanengine.com/a7f297377d78425ee6037485a9fd370c/6a6c0974/tos-cn-ve-51/o00qBf9DEwxFgiQAmgxQXoOoNL3nDAguDfaIDN?a=1402&ch=0&cr=0&dr=3&cd=0%7C0%7C0%7C0&br=935&bt=935&cs=0&ds=3&ft=J9ThAGkHH_Myq8Z1FbY_e2NvjTQ&mime_type=video_mp4&qs=0&rc=NXZpTGRTaFBnKWxncmd5aHFsc3IxZGY2PDU5Nzs7Zjs0aTo3NjtkQGkzNGlwcTlydm48MzM0NjMzQFNsa3ZpcUQ6amtqXmJmK2BeaWpgYTojLmNfNjIxXzUtMS4uLy1gLmEjbi1yMDJkNDJjYS0tZDBhc3M%3D&btag=80000e00010000&dy_q=1785292389&feature_id=d6a18d7c5414b1f1e95a75faf9147845&l=2026072910330806831BC2951B40324D78&ply_type=3&policy=eyJ2bSI6MywidWlkIjoiMzEyOTY1MDYwMzg4ODE4NSJ9,未使用,审核通过,--,1,--,0,0,0,0,0,0,0,0,0,0,0,0,0,0,0
"	7664453156412391433",0718瑞晨引流-17.mp4,https://video-cn.oceanengine.com/887b03da688f387f4065667f044f38d7/6a6c0972/tos-cn-ve-51/oUAWBGjUEtgALbyRXoejC1hvVqeVeogshkFBVA?a=1402&ch=0&cr=0&dr=3&cd=0%7C0%7C0%7C0&br=1717&bt=1717&cs=0&ds=3&ft=J9ThAGkHH_Myq8Z1FbY_e2NvjTQ&mime_type=video_mp4&qs=0&rc=NXZpTGRTaFBnKWxncmd5aHFsc3IxZGY0Z2c2PDdpNDk7OGg5ZWllQGkzcjRzZ286dm48MzM0NjMzQFNsa3ZpcUQ6amtqXmJmK2BeaWpgYTojMDFhLS5hYjU2MWNhMjYyLWEjYS9eZ2FhLzJjYS0tZDAvc3M%3D&btag=80000e00008000&dy_q=1785292389&feature_id=d6a18d7c5414b1f1e95a75faf9147845&l=2026072910330806831BC2951B40324D78&ply_type=3&policy=eyJ2bSI6MywidWlkIjoiMzEyOTY1MDYwMzg4ODE4NSJ9,未使用,审核通过,--,1,--,0,0,0,0,0,0,0,0,0,0,0,0,0,0,0
"	7664453148363964467",0718瑞晨引流-4.mp4,https://video-cn.oceanengine.com/cab048ff2532504af33bbb12b694ebd0/6a6c0974/tos-cn-ve-51/ogBCAQtXTFaD7D0gQqED8xfmIDjsgL9wACfxqN?a=1402&ch=0&cr=0&dr=3&cd=0%7C0%7C0%7C0&br=786&bt=786&cs=0&ds=3&ft=J9ThAGkHH_Myq8Z1FbY_e2NvjTQ&mime_type=video_mp4&qs=0&rc=NXZpTGRTaFBnKWxncmd5aHFsc3IxZGZmNjgzZzs1NmlnPDo0aWc7QGlqcHV4eDlydm48MzM0NjMzQFNsa3ZpcUQ6amtqXmJmK2BeaWpgYTojM2MyNTYtLl8yMS0vNTYtY2EjbV4wYjJkYzJjYS0tZDAvc3M%3D&btag=80000e00010000&dy_q=1785292389&feature_id=d6a18d7c5414b1f1e95a75faf9147845&l=2026072910330806831BC2951B40324D78&ply_type=3&policy=eyJ2bSI6MywidWlkIjoiMzEyOTY1MDYwMzg4ODE4NSJ9,未使用,审核通过,--,1,--,0,0,0,0,0,0,0,0,0,0,0,0,0,0,0
"	7664453147700690954",0718瑞晨引流-18.mp4,https://video-cn.oceanengine.com/cfd07fe1dc22742fb806d4f989d3461c/6a6c096f/tos-cn-ve-51/oEeD2AAa3Q7v6NggqUDX7LI0D4Qv1RbBDxWqyf?a=1402&ch=0&cr=0&dr=3&cd=0%7C0%7C0%7C0&cv=1&br=1546&bt=1546&cs=0&ds=3&ft=J9ThAGkHH_Myq8Z1FbY_e2NvjTQ&mime_type=video_mp4&qs=0&rc=NXZpTGRTaFBnKWxncmd5aHFsc3IxZGY1OjxkaGZkNmc1Ojc4N2Q4QGkzd3dlZW86dW48MzM0NjMzQFNsa3ZpcUQ6amtqXmJmK2BeaWpgYTojXzMyMzA0MDViMTAuYDUxL2EjcmsycWFhbjJjYS0tZDAwc3M%3D&btag=80000e00008000&dy_q=1785292389&feature_id=d6a18d7c5414b1f1e95a75faf9147845&l=2026072910330806831BC2951B40324D78&ply_type=3&policy=eyJ2bSI6MywidWlkIjoiMzEyOTY1MDYwMzg4ODE4NSJ9,未使用,审核通过,--,1,--,0,0,0,0,0,0,0,0,0,0,0,0,0,0,0
"	7664453132443090982",0718瑞晨引流-12.mp4,https://video-cn.oceanengine.com/1e1c50376ecea05e8064af16b2259cb9/6a6c096e/tos-cn-ve-51/ocFqUJLcCATkgNFJgQFqXQNDufa2Vx0EADBqfI?a=1402&ch=0&cr=0&dr=3&cd=0%7C0%7C0%7C0&br=995&bt=995&cs=0&ds=3&ft=J9ThAGkHH_Myq8Z1FbY_e2NvjTQ&mime_type=video_mp4&qs=0&rc=NXZpTGRTaFBnKWxncmd5aHFsc3IxZGYzODU8ZThoZjVpNTs7aTw0QGlqdXJlbDlydW48MzM0NjMzQFNsa3ZpcUQ6amtqXmJmK2BeaWpgYTojYzFfYDMzXzUwMTM0NDU1YmEjXmk2LjJkazJjYS0tZDBhc3M%3D&btag=80000e00008000&dy_q=1785292389&feature_id=d6a18d7c5414b1f1e95a75faf9147845&l=2026072910330806831BC2951B40324D78&ply_type=3&policy=eyJ2bSI6MywidWlkIjoiMzEyOTY1MDYwMzg4ODE4NSJ9,未使用,审核通过,--,1,--,0,0,0,0,0,0,0,0,0,0,0,0,0,0,0
"	7664453130478288942",0718-引流-魏怡-3.mp4,https://video-cn.oceanengine.com/2fb11f9784861fcb0b3fed50cfbbf554/6a6c096b/tos-cn-ve-51/oIDzQuQgCZAaE20Q6SN9SXR14L1TABpIfUxqKf?a=1402&ch=0&cr=0&dr=3&cd=0%7C0%7C0%7C0&cv=1&br=846&bt=846&cs=0&ds=3&ft=J9ThAGkHH_Myq8Z1FbY_e2NvjTQ&mime_type=video_mp4&qs=0&rc=NXZpTGRTaFBnKWxncmd5aHFsc3IxZGZlMzw8NTQ1NDRnNDc6PDRlQGkzeG1lN286dW48MzM0NjMzQFNsa3ZpcUQ6amtqXmJmK2BeaWpgYTojYS1eXzIxMV9eMTNgMjAuLmEjZXNfZWFhZjJjYS0tZDAvc3M%3D&btag=80000e00008000&dy_q=1785292389&feature_id=d6a18d7c5414b1f1e95a75faf9147845&l=2026072910330806831BC2951B40324D78&ply_type=3&policy=eyJ2bSI6MywidWlkIjoiMzEyOTY1MDYwMzg4ODE4NSJ9,未使用,审核通过,--,1,--,0,0,0,0,0,0,0,0,0,0,0,0,0,0,0
"	7664453113454542899",0718瑞晨引流-16.mp4,https://video-cn.oceanengine.com/a4e13c6c2534ba8d8e3f30617a08a45b/6a6c096e/tos-cn-ve-51/oARqQhNCDu1Xxfs2TQaLuQsxAqCPIgBs0egNVA?a=1402&ch=0&cr=0&dr=3&cd=0%7C0%7C0%7C0&br=1159&bt=1159&cs=0&ds=3&ft=J9ThAGkHH_Myq8Z1FbY_e2NvjTQ&mime_type=video_mp4&qs=0&rc=NXZpTGRTaFBnKWxncmd5aHFsc3IxZGY0aGRkOGZnODk6Ojs3NmQzQGlqeWtuZW86dW48MzM0NjMzQFNsa3ZpcUQ6amtqXmJmK2BeaWpgYTojLWNeLS4yL18yMTJhNTI2Y2EjXmRzL2FhZjJjYS0tZDBhc3M%3D&btag=80000e00008000&dy_q=1785292389&feature_id=d6a18d7c5414b1f1e95a75faf9147845&l=2026072910330806831BC2951B40324D78&ply_type=3&policy=eyJ2bSI6MywidWlkIjoiMzEyOTY1MDYwMzg4ODE4NSJ9,未使用,审核通过,首发,1,--,0,0,0,0,0,0,0,0,0,0,0,0,0,0,0
"	7664453110226223150",0718瑞晨引流-19.mp4,https://video-cn.oceanengine.com/29c6901d0224b0a9c0e70fa584631f5a/6a6c097a/tos-cn-ve-51/osDDgje5qBKU0tcGcftQowQyvCaIySfASibVXA?a=1402&ch=0&cr=0&dr=3&cd=0%7C0%7C0%7C0&cv=1&br=693&bt=693&cs=0&ds=3&ft=J9ThAGkHH_Myq8Z1FbY_e2NvjTQ&mime_type=video_mp4&qs=0&rc=NXZpTGRTaFBnKWxncmd5aHFsc3IxZGZmZTk2O2Q2NjgzNzk4ZDU0QGlqeWg4NW86dW48MzM0NjMzQFNsa3ZpcUQ6amtqXmJmK2BeaWpgYTojNDM2LmAyYV80MTIwMjFfYGEjMWNtX2FhZjJjYS0tZDBhc3M%3D&btag=80000e00010000&dy_q=1785292389&feature_id=d6a18d7c5414b1f1e95a75faf9147845&l=2026072910330806831BC2951B40324D78&ply_type=3&policy=eyJ2bSI6MywidWlkIjoiMzEyOTY1MDYwMzg4ODE4NSJ9,未使用,审核通过,首发,1,--,0,0,0,0,0,0,0,0,0,0,0,0,0,0,0
"	7664453108551434249",0718瑞晨引流-13.mp4,https://video-cn.oceanengine.com/3894cd1ef43d60f04490d8d4a4681630/6a6c096e/tos-cn-ve-51/oAquDcfKuBmQ0AaNIAvI2xVgDXDjg7RKMLQ12e?a=1402&ch=0&cr=0&dr=3&cd=0%7C0%7C0%7C0&br=1605&bt=1605&cs=0&ds=3&ft=J9ThAGkHH_Myq8Z1FbY_e2NvjTQ&mime_type=video_mp4&qs=0&rc=NXZpTGRTaFBnKWxncmd5aHFsc3IxZGY1OzVoOjdpaGZpNGY4OGlkQGlqczZlNW86dW48MzM0NjMzQFNsa3ZpcUQ6amtqXmJmK2BeaWpgYTojMzBjX2BeYDYyMV8xNTBiNGEja2thLmFhZjJjYS0tZDAwc3M%3D&btag=80000e00008000&dy_q=1785292389&feature_id=d6a18d7c5414b1f1e95a75faf9147845&l=2026072910330806831BC2951B40324D78&ply_type=3&policy=eyJ2bSI6MywidWlkIjoiMzEyOTY1MDYwMzg4ODE4NSJ9,未使用,审核通过,首发,2,--,0,0,0,0,0,0,0,0,0,0,0,0,0,0,0
"	7664453104100622363",0718-引流-魏怡-2.mp4,https://video-cn.oceanengine.com/b977d7658ff8ebb7726f1805cfe46d28/6a6c0988/tos-cn-ve-51/oMDL9uQgCHAa820QKLNe9XRYAL1cABKI9gyqWf?a=1402&ch=0&cr=0&dr=3&cd=0%7C0%7C0%7C0&br=1160&bt=1160&cs=0&ds=3&ft=J9ThAGkHH_Myq8Z1FbY_e2NvjTQ&mime_type=video_mp4&qs=0&rc=NXZpTGRTaFBnKWxncmd5aHFsc3IxZGY4ODgzNDM1PDY4NWY4ZDU4QGkzeWVzaW86dW48MzM0NjMzQFNsa3ZpcUQ6amtqXmJmK2BeaWpgYTojMzUvNmEzLjUzMS5jMF4wLWEjY3JkXmFhZjJjYS0tZDAvc3M%3D&btag=80000e00018000&dy_q=1785292389&feature_id=d6a18d7c5414b1f1e95a75faf9147845&l=2026072910330806831BC2951B40324D78&ply_type=3&policy=eyJ2bSI6MywidWlkIjoiMzEyOTY1MDYwMzg4ODE4NSJ9,未使用,审核通过,--,1,--,0,0,0,0,0,0,0,0,0,0,0,0,0,0,0
"	7664453100346900507",0718瑞晨引流-8.mp4,https://video-cn.oceanengine.com/bc6c34f813008844cb235779474c7dd8/6a6c0974/tos-cn-ve-51/osiDAXxCiRA0KGv1AehLeRA34g2SKB1Fqg0N8a?a=1402&ch=0&cr=0&dr=3&cd=0%7C0%7C0%7C0&cv=1&br=893&bt=893&cs=0&ds=3&ft=J9ThAGkHH_Myq8Z1FbY_e2NvjTQ&mime_type=video_mp4&qs=0&rc=NXZpTGRTaFBnKWxncmd5aHFsc3IxZGY7M2c4PGg0ODs2aGZoOmg5QGkzNW5lN286dm48MzM0NjMzQFNsa3ZpcUQ6amtqXmJmK2BeaWpgYTojXl9jYjYwMF81MV4tMC9eYmEjay1fZWFhXjJjYS0tZDAvc3M%3D&btag=80000e00010000&dy_q=1785292389&feature_id=d6a18d7c5414b1f1e95a75faf9147845&l=2026072910330806831BC2951B40324D78&ply_type=3&policy=eyJ2bSI6MywidWlkIjoiMzEyOTY1MDYwMzg4ODE4NSJ9,未使用,审核通过,--,1,--,0,0,0,0,0,0,0,0,0,0,0,0,0,0,0
"	7664453092843044890",0718瑞晨引流-11.mp4,https://video-cn.oceanengine.com/07c2547b754fcf1e819f406df6952ef2/6a6c096e/tos-cn-ve-51/o0oFQhm43aAxQZCTw6tDgm1gaByQmAGLI4Ixf7?a=1402&ch=0&cr=0&dr=3&cd=0%7C0%7C0%7C0&cv=1&br=1189&bt=1189&cs=0&ds=3&ft=J9ThAGkHH_Myq8Z1FbY_e2NvjTQ&mime_type=video_mp4&qs=0&rc=NXZpTGRTaFBnKWxncmd5aHFsc3IxZGY3Nzs2PDozOGY1Zzk0NGRlQGlqbWs2NG86dW48MzM0NjMzQFNsa3ZpcUQ6amtqXmJmK2BeaWpgYTojX2JiYi8zYF5iMTEzMTBfNGEjNmY0cmFhZjJjYS0tZDAwc3M%3D&btag=80000e00008000&dy_q=1785292389&feature_id=d6a18d7c5414b1f1e95a75faf9147845&l=2026072910330806831BC2951B40324D78&ply_type=3&policy=eyJ2bSI6MywidWlkIjoiMzEyOTY1MDYwMzg4ODE4NSJ9,未使用,审核通过,--,1,--,0,0,0,0,0,0,0,0,0,0,0,0,0,0,0
"	7663055863406313499",0716-引流瑞晨-2.mp4,https://video-cn.oceanengine.com/3a213da052d902e980aedd6d5a0dd64a/6a6c0974/tos-cn-ve-51/o07OYAQxKNQZZEEq9WFfABgJmpSnT3IfNBDoDO?a=1402&ch=0&cr=0&dr=3&cd=0%7C0%7C0%7C0&br=836&bt=836&cs=0&ds=3&ft=J9ThAGkHH_Myq8Z1FbY_e2NvjTQ&mime_type=video_mp4&qs=0&rc=NXZpTGRTaFBnKWxncmd5aHFsc3IxZGZlZTM0PGc0NDRmMzszMzZmQGlqOTh4bjlybWQ8MzM0NjMzQFNsa3ZpcUQ6amtqXmJmK2BeaWpgYTojXl81NmNiNjYyMTIzNC8uNGEjby5vYzJkazZgYS0tZDBhc3M%3D&btag=80000e00010000&dy_q=1785292389&feature_id=d6a18d7c5414b1f1e95a75faf9147845&l=2026072910330806831BC2951B40324D78&ply_type=3&policy=eyJ2bSI6MywidWlkIjoiMzEyOTY1MDYwMzg4ODE4NSJ9,未使用,审核通过,--,1,--,0,0,0,0,0,0,0,0,0,0,0,0,0,0,0
"	7663055827772031002",0716-引流瑞晨-5.mp4,https://video-cn.oceanengine.com/5fbc9108dabc5fbfd96f8a8204edbd35/6a6c0974/tos-cn-ve-51/oIJLaIKnB7DhEOpI7Q1QtAeYIamFAHD8BgBBZW?a=1402&ch=0&cr=0&dr=3&cd=0%7C0%7C0%7C0&br=571&bt=571&cs=0&ds=3&ft=J9ThAGkHH_Myq8Z1FbY_e2NvjTQ&mime_type=video_mp4&qs=0&rc=NXZpTGRTaFBnKWxncmd5aHFsc3IxZGY0aGU8PGZkOTY8OTMzNTxoQGkzOzd5OG86bWQ8MzM0NjMzQFNsa3ZpcUQ6amtqXmJmK2BeaWpgYTojNjUuNDAzXjVfMV5jMzA0YmEjcjNnYmFhZjZgYS0tZDAwc3M%3D&btag=80000e00010000&dy_q=1785292389&feature_id=d6a18d7c5414b1f1e95a75faf9147845&l=2026072910330806831BC2951B40324D78&ply_type=3&policy=eyJ2bSI6MywidWlkIjoiMzEyOTY1MDYwMzg4ODE4NSJ9,未使用,审核通过,--,1,--,0,0,0,0,0,0,0,0,0,0,0,0,0,0,0
"	7663054467406757898",0715-魏怡引流-7.mp4,https://video-cn.oceanengine.com/d7f22bf0955a7e5a8dd8481e9af22061/6a6c0a6e/tos-cn-ve-51/ogatYDIGQfTF1trBYcRAAshQ7LEApI3QmO9nnz?a=1402&ch=0&cr=0&dr=3&cd=0%7C0%7C0%7C0&br=1346&bt=1346&cs=0&ds=3&ft=J9ThAGkHH_Myq8Z1FbY_e2NvjTQ&mime_type=video_mp4&qs=0&rc=NXZpTGRTaFBnKWxncmd5aHFsc3IxZGY0NzNnOTk6Ojc0NTQ1ZDQ6QGkzbXZoO286cGQ8MzM0NjMzQFNsa3ZpcUQ6amtqXmJmK2BeaWpgYTojXl5iLy0uYzUuMTQ1YTRgMWEjNXBzb2FhLzNgYS0tZDAvc3M%3D&btag=80000e00030000&dy_q=1785292389&feature_id=d6a18d7c5414b1f1e95a75faf9147845&l=2026072910330806831BC2951B40324D78&ply_type=3&policy=eyJ2bSI6MywidWlkIjoiMzEyOTY1MDYwMzg4ODE4NSJ9,未使用,审核通过,--,1,--,0,0,0,0,0,0,0,0,0,0,0,0,0,0,0
"	7663054417171742758",0715-魏怡引流-6.mp4,https://video-cn.oceanengine.com/238fa49f63af482206d7ee08aac6d906/6a6c0a6e/tos-cn-ve-51/oIQ9jLlYlPAMtEvPEuEAapsAzdIVJWQIcTiWr?a=1402&ch=0&cr=0&dr=3&cd=0%7C0%7C0%7C0&br=1364&bt=1364&cs=0&ds=3&ft=J9ThAGkHH_Myq8Z1FbY_e2NvjTQ&mime_type=video_mp4&qs=0&rc=NXZpTGRTaFBnKWxncmd5aHFsc3IxZGZoOmloOjVmaDQzOjM0ZDdkQGlqOG5sZW86cGQ8MzM0NjMzQFNsa3ZpcUQ6amtqXmJmK2BeaWpgYTojNTEzXzNhLTVhMTEtNmNiYmEjMnNjNGFhLzNgYS0tZDBhc3M%3D&btag=80000e00030000&dy_q=1785292389&feature_id=d6a18d7c5414b1f1e95a75faf9147845&l=2026072910330806831BC2951B40324D78&ply_type=3&policy=eyJ2bSI6MywidWlkIjoiMzEyOTY1MDYwMzg4ODE4NSJ9,已使用,审核通过,--,5,--,0,0,0,0,0,0,0,0,0,0,0,0,0,0,0
"	7663054322687557642",0714-魏怡引流-3.mp4,https://video-cn.oceanengine.com/ff2c11d5454347ff6aec09d80b5c0a44/6a6c098d/tos-cn-ve-51/o0ReYqRAAQB22kgOfq16CqE5WICNYoNxKaADJ1?a=1402&ch=0&cr=0&dr=3&cd=0%7C0%7C0%7C0&br=577&bt=577&cs=0&ds=3&ft=J9ThAGkHH_Myq8Z1FbY_e2NvjTQ&mime_type=video_mp4&qs=0&rc=NXZpTGRTaFBnKWxncmd5aHFsc3IxZGZmNDM1OmY5NGY7Z2g2aTlnQGkzdHRwaW86bmQ8MzM0NjMzQFNsa3ZpcUQ6amtqXmJmK2BeaWpgYTojMTVgLTE1L18tMTFjXy4tLmEjLTZrZ2FhXjNgYS0tZDAvc3M%3D&btag=80000e00018000&dy_q=1785292389&feature_id=d6a18d7c5414b1f1e95a75faf9147845&l=2026072910330806831BC2951B40324D78&ply_type=3&policy=eyJ2bSI6MywidWlkIjoiMzEyOTY1MDYwMzg4ODE4NSJ9,未使用,审核通过,--,1,--,0,0,0,0,0,0,0,0,0,0,0,0,0,0,0
"	7663054273158070310",0714-魏怡引流-6.mp4,https://video-cn.oceanengine.com/2bebaabc9b4481e6b85e07b281771505/6a6c097c/tos-cn-ve-51/okaQAZlxiVt2d5aICjYwxwl9z5oEAUWInQCUG?a=1402&ch=0&cr=0&dr=3&cd=0%7C0%7C0%7C0&br=721&bt=721&cs=0&ds=3&ft=J9ThAGkHH_Myq8Z1FbY_e2NvjTQ&mime_type=video_mp4&qs=0&rc=NXZpTGRTaFBnKWxncmd5aHFsc3IxZGZoPDY2OmRmODxkZDY4ZGk0QGlqNTo4OG86bmQ8MzM0NjMzQFNsa3ZpcUQ6amtqXmJmK2BeaWpgYTojYmEtX2FjL18tMWFeLWIvM2EjcmZibGFhXjNgYS0tZDAwc3M%3D&btag=80000e00010000&dy_q=1785292389&feature_id=d6a18d7c5414b1f1e95a75faf9147845&l=2026072910330806831BC2951B40324D78&ply_type=3&policy=eyJ2bSI6MywidWlkIjoiMzEyOTY1MDYwMzg4ODE4NSJ9,未使用,审核通过,--,1,--,0,0,0,0,0,0,0,0,0,0,0,0,0,0,0
"	7663050651178811419",0715瑞晨2次修改-3.mp4,https://video-cn.oceanengine.com/bf664c00a451c67ac140edc2eb5b1a35/6a6c0988/tos-cn-ve-51/oQdrUo2liQZzt5IGgSA0aNGbQ6YEkIAgYEWtZ?a=1402&ch=0&cr=0&dr=3&cd=0%7C0%7C0%7C0&br=1494&bt=1494&cs=0&ds=3&ft=J9ThAGkHH_Myq8Z1FbY_e2NvjTQ&mime_type=video_mp4&qs=0&rc=NXZpTGRTaFBnKWxncmd5aHFsc3IxZGZnNjU7Ojc2Z2Y6ODc6aGhkQGkzcnI5Z286N2Q8MzM0NjMzQFNsa3ZpcUQ6amtqXmJmK2BeaWpgYTojNjJeYTUuMzVjMWEwLzIuNmEjMG5iNmFhXi1gYS0tZDAvc3M%3D&btag=80000e00018000&dy_q=1785292389&feature_id=d6a18d7c5414b1f1e95a75faf9147845&l=2026072910330806831BC2951B40324D78&ply_type=3&policy=eyJ2bSI6MywidWlkIjoiMzEyOTY1MDYwMzg4ODE4NSJ9,未使用,审核通过,--,1,--,0,0,0,0,0,0,0,0,0,0,0,0,0,0,0
"	7662279491625058342",0714-瑞浩引导修改-4.mp4,https://video-cn.oceanengine.com/de1bd6e3a41d528f11af7e0b8f39cbbf/6a6c0984/tos-cn-ve-51/oMxeUBIeKgxuA0AlQqSGCFcr8G6ZbqnZeFX8VK?a=1402&ch=0&cr=0&dr=3&cd=0%7C0%7C0%7C0&cv=1&br=664&bt=664&cs=0&ds=3&ft=J9ThAGkHH_Myq8Z1FbY_e2NvjTQ&mime_type=video_mp4&qs=0&rc=NXZpTGRTaFBnKWxncmd5aHFsc3IxZGY7Njw6OjY4OjVmNTdnPDxmQGkzbTw2aWtvPHg8MzM0NjMzQFNsa3ZpcUQ6amtqXmJmK2BeaWpgYTojXjM2MjEvMzYxMV8zXjMxYmEjc2JnY3FnXjJeYS0tZDAwc3M%3D&btag=80000e00018000&dy_q=1785292389&feature_id=d6a18d7c5414b1f1e95a75faf9147845&l=2026072910330806831BC2951B40324D78&ply_type=3&policy=eyJ2bSI6MywidWlkIjoiMzEyOTY1MDYwMzg4ODE4NSJ9,未使用,审核通过,--,1,--,0,0,0,0,0,0,0,0,0,0,0,0,0,0,0
"	7662279484768419878",0714-瑞浩引导修改-1.mp4,https://video-cn.oceanengine.com/454487438c21064bbc119fb695286e87/6a6c097c/tos-cn-ve-51/oUSTsV4KQFDmAQPZ1DIywh9fBPgrmvqxASgw41?a=1402&ch=0&cr=0&dr=3&cd=0%7C0%7C0%7C0&br=657&bt=657&cs=0&ds=3&ft=J9ThAGkHH_Myq8Z1FbY_e2NvjTQ&mime_type=video_mp4&qs=0&rc=NXZpTGRTaFBnKWxncmd5aHFsc3IxZGZnODlpaWY2aTgzM2c5aGc5QGkzPHhoNGtvPHg8MzM0NjMzQFNsa3ZpcUQ6amtqXmJmK2BeaWpgYTojMy02MDJeYzUzMTYvMDJjY2EjYGMtaXFnXjJeYS0tZDBhc3M%3D&btag=80000e00010000&dy_q=1785292389&feature_id=d6a18d7c5414b1f1e95a75faf9147845&l=2026072910330806831BC2951B40324D78&ply_type=3&policy=eyJ2bSI6MywidWlkIjoiMzEyOTY1MDYwMzg4ODE4NSJ9,未使用,审核通过,--,1,--,0,0,0,0,0,0,0,0,0,0,0,0,0,0,0
"	7662271374480752666",0713-引导-嘉丽-2.mp4,https://video-cn.oceanengine.com/adbd7515650ea95faedc78582f3d78ed/6a6c0976/tos-cn-ve-51/oYUbkAIcqlAffZxXBQ6ZgtxJDVANExLRgvV1Dd?a=1402&ch=0&cr=0&dr=3&cd=0%7C0%7C0%7C0&br=964&bt=964&cs=0&ds=3&ft=J9ThAGkHH_Myq8Z1FbY_e2NvjTQ&mime_type=video_mp4&qs=0&rc=NXZpTGRTaFBnKWxncmd5aHFsc3IxZGZpZjkzPGU3Z2dlZTk3O2hlQGlqcGt3N2tvbHc8MzM0NjMzQFNsa3ZpcUQ6amtqXmJmK2BeaWpgYTojLl9iMS40NDU1MTZeYmNjNGEjX242MnFnXmpeYS0tZDAwc3M%3D&btag=80000e00010000&dy_q=1785292389&feature_id=d6a18d7c5414b1f1e95a75faf9147845&l=2026072910330806831BC2951B40324D78&ply_type=3&policy=eyJ2bSI6MywidWlkIjoiMzEyOTY1MDYwMzg4ODE4NSJ9,未使用,审核通过,--,1,--,0,0,0,0,0,0,0,0,0,0,0,0,0,0,0
"	7662230381774553097",0713-引导-嘉丽-5.mp4,https://video-cn.oceanengine.com/46b9ad1f835964bcd6c12b9e61a9e131/6a6c096e/tos-cn-ve-51/owh2IX9DHCm64n0VgQ4AErKPmF1QtAJBBtsfKM?a=1402&ch=0&cr=0&dr=3&cd=0%7C0%7C0%7C0&br=998&bt=998&cs=0&ds=3&ft=J9ThAGkHH_Myq8Z1FbY_e2NvjTQ&mime_type=video_mp4&qs=0&rc=NXZpTGRTaFBnKWxncmd5aHFsc3IxZGZpPDZlNjxlNDc4OjY3NTY2QGlqOnk7Omtvd3U8MzM0NjMzQFNsa3ZpcUQ6amtqXmJmK2BeaWpgYTojYS9fMy0xLTU2MTNhXjEzYGEjX2FfZXFnL19eYS0tZDBhc3M%3D&btag=80000e00008000&dy_q=1785292389&feature_id=d6a18d7c5414b1f1e95a75faf9147845&l=2026072910330806831BC2951B40324D78&ply_type=3&policy=eyJ2bSI6MywidWlkIjoiMzEyOTY1MDYwMzg4ODE4NSJ9,未使用,审核通过,首发,1,--,0,0,0,0,0,0,0,0,0,0,0,0,0,0,0
"	7662230360634556454",0713-引导-嘉丽-3.mp4,https://video-cn.oceanengine.com/45d8f1f9c4e6b9cb3c75e1f439f480de/6a6c0987/tos-cn-ve-51/oYK6Qxi9t16GIQsPtUbeZBh4AqDIKEmVrohAQg?a=1402&ch=0&cr=0&dr=3&cd=0%7C0%7C0%7C0&br=773&bt=773&cs=0&ds=3&ft=J9ThAGkHH_Myq8Z1FbY_e2NvjTQ&mime_type=video_mp4&qs=0&rc=NXZpTGRTaFBnKWxncmd5aHFsc3IxZGY5aDpmOGVoaGhlNTozaTxoQGkza2t4O2tvd3U8MzM0NjMzQFNsa3ZpcUQ6amtqXmJmK2BeaWpgYTojYTAvNTYyY19eMTJfLV9iYmEjMWtmYHFnL19eYS0tZDAwc3M%3D&btag=80000e00018000&dy_q=1785292389&feature_id=d6a18d7c5414b1f1e95a75faf9147845&l=2026072910330806831BC2951B40324D78&ply_type=3&policy=eyJ2bSI6MywidWlkIjoiMzEyOTY1MDYwMzg4ODE4NSJ9,未使用,审核通过,首发,3,--,0,0,0,0,0,0,0,0,0,0,0,0,0,0,0
"	7662230272466780198",0713-引导-雅迪-1-改.mp4,https://video-cn.oceanengine.com/023e63ceac5426b507a44e5c392bb08e/6a6c096f/tos-cn-ve-51/o4ZN5LNDQAAVCIirdqWgXAbeDB6X4bVxbDHtfK?a=1402&ch=0&cr=0&dr=3&cd=0%7C0%7C0%7C0&br=697&bt=697&cs=0&ds=3&ft=J9ThAGkHH_Myq8Z1FbY_e2NvjTQ&mime_type=video_mp4&qs=0&rc=NXZpTGRTaFBnKWxncmd5aHFsc3IxZGY1N2Q0NjU6Zjk3ZDw1ZDM7QGkzdnNnNWtvdXU8MzM0NjMzQFNsa3ZpcUQ6amtqXmJmK2BeaWpgYTojLS01Nl5iXl4tMWBjLjFgX2EjLXJjZ3FnXl9eYS0tZDAwc3M%3D&btag=80000e00008000&dy_q=1785292389&feature_id=d6a18d7c5414b1f1e95a75faf9147845&l=2026072910330806831BC2951B40324D78&ply_type=3&policy=eyJ2bSI6MywidWlkIjoiMzEyOTY1MDYwMzg4ODE4NSJ9,未使用,审核通过,首发,1,--,0,0,0,0,0,0,0,0,0,0,0,0,0,0,0
"	7662229485093961778",0713-浩正瑞晨引导-8.mp4.mp4,https://video-cn.oceanengine.com/5577f52c2938282baa4668e29e1af748/6a6c098b/tos-cn-ve-51/oAIVEQgkmtKKA641ketkq6yHTqrBGsCQmhtXAv?a=1402&ch=0&cr=0&dr=3&cd=0%7C0%7C0%7C0&cv=1&br=546&bt=546&cs=0&ds=3&ft=J9ThAGkHH_Myq8Z1FbY_e2NvjTQ&mime_type=video_mp4&qs=0&rc=NXZpTGRTaFBnKWxncmd5aHFsc3IxZGY8OGk5OjpmZGU7NmRpaDloQGlqdGQ0ZWtvNnU8MzM0NjMzQFNsa3ZpcUQ6amtqXmJmK2BeaWpgYTojYy00Nl9fNV8yMS9jNV9fNWEjNjBtZnFnXl5eYS0tZDBhc3M%3D&btag=80000e00018000&dy_q=1785292389&feature_id=d6a18d7c5414b1f1e95a75faf9147845&l=2026072910330806831BC2951B40324D78&ply_type=3&policy=eyJ2bSI6MywidWlkIjoiMzEyOTY1MDYwMzg4ODE4NSJ9,未使用,审核通过,首发,1,--,0,0,0,0,0,0,0,0,0,0,0,0,0,0,0
"	7662229482153197577",0713-浩正瑞晨引导-3.mp4.mp4,https://video-cn.oceanengine.com/a9b16541744685f1ce51eb5c2c32b8a1/6a6c098d/tos-cn-ve-51/o013hDVyGAkItA9mBgfEdXzQDKBXQIqFLqt4sJ?a=1402&ch=0&cr=0&dr=3&cd=0%7C0%7C0%7C0&br=781&bt=781&cs=0&ds=3&ft=J9ThAGkHH_Myq8Z1FbY_e2NvjTQ&mime_type=video_mp4&qs=0&rc=NXZpTGRTaFBnKWxncmd5aHFsc3IxZGZpaWc6NGQ4Z2g5ZTQ5OWhnQGlqN2ltM2tvNnU8MzM0NjMzQFNsa3ZpcUQ6amtqXmJmK2BeaWpgYTojYjAxXjRhNDUwMTZhMWM0L2EjMXNpcHFnXl5eYS0tZDAwc3M%3D&btag=80000e00018000&dy_q=1785292389&feature_id=d6a18d7c5414b1f1e95a75faf9147845&l=2026072910330806831BC2951B40324D78&ply_type=3&policy=eyJ2bSI6MywidWlkIjoiMzEyOTY1MDYwMzg4ODE4NSJ9,未使用,审核通过,首发,1,--,0,0,0,0,0,0,0,0,0,0,0,0,0,0,0
"	7662213046232858650",713-引导-小敏-3.mp4,https://video-cn.oceanengine.com/2ee9f451438af82476f01af283617f0f/6a6c097b/tos-cn-ve-51/ocqt1gELMQ4yQeAgIAdBAHNVzh9PmK1sbDlQql?a=1402&ch=0&cr=0&dr=3&cd=0%7C0%7C0%7C0&br=1305&bt=1305&cs=0&ds=4&ft=J9ThAGkHH_Myq8Z1FbY_e2NvjTQ&mime_type=video_mp4&qs=0&rc=NXZpTGRTaFBnKWxncmd5aHFsc3IxZGZkNjQ4Mzs6OmY6OWc6NDQ6QGlqb3U0OGtvanQ8MzM0NjMzQFNsa3ZpcUQ6amtqXmJmK2BeaWpgYTojMWBgMzYyY14zMWFiLzRfNmEjbTJraHFnXmBeYS0tZDAwc3M%3D&btag=80000200010000&dy_q=1785292389&feature_id=d6a18d7c5414b1f1e95a75faf9147845&l=2026072910330806831BC2951B40324D78&ply_type=3&policy=eyJ2bSI6MywidWlkIjoiMzEyOTY1MDYwMzg4ODE4NSJ9,未使用,--,--,0,--,0,0,0,0,0,0,0,0,0,0,0,0,0,0,0
"	7661972497570840622",0713-浩正瑞晨引导-5.mp4,https://video-cn.oceanengine.com/d41d527588aca041186378d3add3250d/6a6c0981/tos-cn-ve-51/o0Ey2CjlUiyq2JAwpKyfMjezgYS0QMpeCIAAeu?a=1402&ch=0&cr=0&dr=3&cd=0%7C0%7C0%7C0&br=1276&bt=1276&cs=0&ds=4&ft=J9ThAGkHH_Myq8Z1FbY_e2NvjTQ&mime_type=video_mp4&qs=0&rc=NXZpTGRTaFBnKWxncmd5aHFsc3IxZGYzODo4NDk3ZWVnNzZmNTw6QGkzcWpvNWtvdWY8MzM0NjMzQFNsa3ZpcUQ6amtqXmJmK2BeaWpgYTojLy9hYmE1MjUxMTY1MjEvLmEjM3JzNXFnbmpeYS0tZDAwc3M%3D&btag=80000200010000&dy_q=1785292389&feature_id=d6a18d7c5414b1f1e95a75faf9147845&l=2026072910330806831BC2951B40324D78&ply_type=3&policy=eyJ2bSI6MywidWlkIjoiMzEyOTY1MDYwMzg4ODE4NSJ9,未使用,--,--,0,--,0,0,0,0,0,0,0,0,0,0,0,0,0,0,0
"	7661972490623549486",0713-浩正瑞晨引导-2.mp4,https://video-cn.oceanengine.com/a5fec0259c05e80f63f00e8b5f4640b3/6a6c0981/tos-cn-ve-51/osDQybC3AxWBmOh1mf6AAjF3RsI3Qg9qtKMKq4?a=1402&ch=0&cr=0&dr=3&cd=0%7C0%7C0%7C0&br=1803&bt=1803&cs=0&ds=4&ft=J9ThAGkHH_Myq8Z1FbY_e2NvjTQ&mime_type=video_mp4&qs=0&rc=NXZpTGRTaFBnKWxncmd5aHFsc3IxZGZnMzg6ZjM2MzZoOmc1OmY7QGlqZ2VoOmtvdWY8MzM0NjMzQFNsa3ZpcUQ6amtqXmJmK2BeaWpgYTojM2FfYDRjMF4zMTFgMjEtYWEjcjA1YHFnbmpeYS0tZDAvc3M%3D&btag=80000200010000&dy_q=1785292389&feature_id=d6a18d7c5414b1f1e95a75faf9147845&l=2026072910330806831BC2951B40324D78&ply_type=3&policy=eyJ2bSI6MywidWlkIjoiMzEyOTY1MDYwMzg4ODE4NSJ9,未使用,--,--,0,--,0,0,0,0,0,0,0,0,0,0,0,0,0,0,0
"	7661972468315914266",0713-浩正瑞晨引导-6.mp4,https://video-cn.oceanengine.com/9b25cb79f739c857272f01af9953daa4/6a6c0993/tos-cn-ve-51/o0K1inmpB84KCVrshB9W3IcFgeGEEQAPmNQmdA?a=1402&ch=0&cr=0&dr=3&cd=0%7C0%7C0%7C0&br=1134&bt=1134&cs=0&ds=4&ft=J9ThAGkHH_Myq8Z1FbY_e2NvjTQ&mime_type=video_mp4&qs=0&rc=NXZpTGRTaFBnKWxncmd5aHFsc3IxZGY5OTc4M2lkZWVkNDVpZDtkQGkzOTg7OmtvdWY8MzM0NjMzQFNsa3ZpcUQ6amtqXmJmK2BeaWpgYTojYjFeYjZeY19iMWFfMmFgLmEjczRka3FnZmpeYS0tZDBhc3M%3D&btag=80000200020000&dy_q=1785292389&feature_id=d6a18d7c5414b1f1e95a75faf9147845&l=2026072910330806831BC2951B40324D78&ply_type=3&policy=eyJ2bSI6MywidWlkIjoiMzEyOTY1MDYwMzg4ODE4NSJ9,未使用,--,--,0,--,0,0,0,0,0,0,0,0,0,0,0,0,0,0,0
"	7661972464831201307",0713-浩正瑞晨引导-1.mp4,https://video-cn.oceanengine.com/1613dbc49c07b0ae4ece7f7128644ae2/6a6c097c/tos-cn-ve-51/oEsBEEmBIgAKAENUQ1CQ4QyAmAeWozK4mLX3Yq?a=1402&ch=0&cr=0&dr=3&cd=0%7C0%7C0%7C0&br=1381&bt=1381&cs=0&ds=4&ft=J9ThAGkHH_Myq8Z1FbY_e2NvjTQ&mime_type=video_mp4&qs=0&rc=NXZpTGRTaFBnKWxncmd5aHFsc3IxZGY6aWZmZDdoNDY3ZWVoZjo3QGkzO2poZGtvdWY8MzM0NjMzQFNsa3ZpcUQ6amtqXmJmK2BeaWpgYTojLS4vNGAwYTYuMS0uMjQyNGEjNS4tbXFnZmpeYS0tZDBhc3M%3D&btag=80000200010000&dy_q=1785292389&feature_id=d6a18d7c5414b1f1e95a75faf9147845&l=2026072910330806831BC2951B40324D78&ply_type=3&policy=eyJ2bSI6MywidWlkIjoiMzEyOTY1MDYwMzg4ODE4NSJ9,未使用,--,--,0,--,0,0,0,0,0,0,0,0,0,0,0,0,0,0,0
"	7660843651085778998",0710引导-小敏-4.mp4,https://video-cn.oceanengine.com/48f6a8e1b1a404c25496b40753ef7ba6/6a6c097d/tos-cn-ve-51/oUsBEhoKGSGIsABmVyK18Q9RSmM4pZQAAeZlQA?a=1402&ch=0&cr=0&dr=3&cd=0%7C0%7C0%7C0&br=531&bt=531&cs=0&ds=3&ft=J9ThAGkHH_Myq8Z1FbY_e2NvjTQ&mime_type=video_mp4&qs=0&rc=NXZpTGRTaFBnKWxncmd5aHFsc3IxZGY5ZDU6ZDQ3NjU7ZTpoOGZoQGkzOXM4ZmtvZGY8MzM0NjMzQFNsa3ZpcUQ6amtqXmJmK2BeaWpgYTojLjIwY2M0XjYxMWI2Yi1jYWEjNnAzc3FnZmU1YS0tZDAvc3M%3D&btag=80000e00010000&dy_q=1785292389&feature_id=d6a18d7c5414b1f1e95a75faf9147845&l=2026072910330806831BC2951B40324D78&ply_type=3&policy=eyJ2bSI6MywidWlkIjoiMzEyOTY1MDYwMzg4ODE4NSJ9,未使用,审核通过,首发,1,--,0,0,0,0,0,0,0,0,0,0,0,0,0,0,0
"	7660843614075912233",0710-引导-嘉丽-2.mp4,https://video-cn.oceanengine.com/4577c3a463684da6c4736f99e0dd8628/6a6c097e/tos-cn-ve-51/d1f06a0013f141c4954486e6fb878d58?a=1402&ch=0&cr=0&dr=3&cd=0%7C0%7C0%7C0&br=1729&bt=1729&cs=0&ds=3&ft=J9ThAGkHH_Myq8Z1FbY_e2NvjTQ&mime_type=video_mp4&qs=0&rc=NXZpTGRTaFBnKWxncmd5aHFsc3IxZGY1PDk4ZGg3NjM1ZmhlZWU4QGlqajdsNWtvZGY8MzM0NjMzQFNsa3ZpcUQ6amtqXmJmK2BeaWpgYTojMmM2YjItYF5fMTUwM2BfYWEjYGNtNnFnZmU1YS0tZDAvc3M%3D&btag=80000e00010000&dy_q=1785292389&feature_id=d6a18d7c5414b1f1e95a75faf9147845&l=2026072910330806831BC2951B40324D78&ply_type=3&policy=eyJ2bSI6MywidWlkIjoiMzEyOTY1MDYwMzg4ODE4NSJ9,未使用,审核通过,首发,2,--,0,0,0,0,0,0,0,0,0,0,0,0,0,0,0
"	7660843611230371903",0710-引导-嘉丽-4.mp4,https://video-cn.oceanengine.com/f986b1a826cefa5fd18f406c150e4910/6a6c0976/tos-cn-ve-51/oUehUZAoqAQrvFifgjbUNmC4kzBG1GvPCZDIae?a=1402&ch=0&cr=0&dr=3&cd=0%7C0%7C0%7C0&br=883&bt=883&cs=0&ds=3&ft=J9ThAGkHH_Myq8Z1FbY_e2NvjTQ&mime_type=video_mp4&qs=0&rc=NXZpTGRTaFBnKWxncmd5aHFsc3IxZGYzZjQ3aTM2O2RkaTg6aTNoQGkzZnY7aWtvZGY8MzM0NjMzQFNsa3ZpcUQ6amtqXmJmK2BeaWpgYTojY2IvM15jM19jMV9fNl5gMWEjcmNvZHFnZmU1YS0tZDAwc3M%3D&btag=80000e00010000&dy_q=1785292389&feature_id=d6a18d7c5414b1f1e95a75faf9147845&l=2026072910330806831BC2951B40324D78&ply_type=3&policy=eyJ2bSI6MywidWlkIjoiMzEyOTY1MDYwMzg4ODE4NSJ9,未使用,审核通过,--,1,--,0,0,0,0,0,0,0,0,0,0,0,0,0,0,0
"	7660843608887656454",0710-引导-嘉丽-5.mp4,https://video-cn.oceanengine.com/e7b96df839701c45c8f254d072553958/6a6c0976/tos-cn-ve-51/osSQNqC8U5dZDygsAAEIHeiVqevgX6IxQ0DBoM?a=1402&ch=0&cr=0&dr=3&cd=0%7C0%7C0%7C0&br=1010&bt=1010&cs=0&ds=3&ft=J9ThAGkHH_Myq8Z1FbY_e2NvjTQ&mime_type=video_mp4&qs=0&rc=NXZpTGRTaFBnKWxncmd5aHFsc3IxZGZpNzZnOjQ8NWc0PDY5aWU2QGkzOnU2aWtvZGY8MzM0NjMzQFNsa3ZpcUQ6amtqXmJmK2BeaWpgYTojLWMzYF80MV5hMTMzXjUyNWEjaDVrY3FnZmU1YS0tZDAwc3M%3D&btag=80000e00010000&dy_q=1785292389&feature_id=d6a18d7c5414b1f1e95a75faf9147845&l=2026072910330806831BC2951B40324D78&ply_type=3&policy=eyJ2bSI6MywidWlkIjoiMzEyOTY1MDYwMzg4ODE4NSJ9,未使用,审核通过,--,1,--,0,0,0,0,0,0,0,0,0,0,0,0,0,0,0
"	7660843598484979755",0710-引导-嘉丽-1.mp4,https://video-cn.oceanengine.com/3ed3f84b5f6762a7263e549e3d7f169a/6a6c097c/tos-cn-ve-51/oEiUxVeqDZeDIokdpgqg6BWhQ3NMAMo8KADG7b?a=1402&ch=0&cr=0&dr=3&cd=0%7C0%7C0%7C0&br=1057&bt=1057&cs=0&ds=3&ft=J9ThAGkHH_Myq8Z1FbY_e2NvjTQ&mime_type=video_mp4&qs=0&rc=NXZpTGRTaFBnKWxncmd5aHFsc3IxZGY2ZTo7ZjQ4Zzc8OzU3NDY6QGkzaHFkaWtvZGY8MzM0NjMzQFNsa3ZpcUQ6amtqXmJmK2BeaWpgYTojYC02LzReYDZhMWEtMmJeNmEjczVvXnFnZmU1YS0tZDAwc3M%3D&btag=80000e00010000&dy_q=1785292389&feature_id=d6a18d7c5414b1f1e95a75faf9147845&l=2026072910330806831BC2951B40324D78&ply_type=3&policy=eyJ2bSI6MywidWlkIjoiMzEyOTY1MDYwMzg4ODE4NSJ9,未使用,审核通过,--,1,--,0,0,0,0,0,0,0,0,0,0,0,0,0,0,0
"	7660843598326792235",0710引导-小敏-2.mp4,https://video-cn.oceanengine.com/0f6c33ca5e54911144e97933ffed9557/6a6c0970/tos-cn-ve-51/oI9RkwG1KAeKgNVWsHYGamkAmnhKImrrBJyQQ4?a=1402&ch=0&cr=0&dr=3&cd=0%7C0%7C0%7C0&br=523&bt=523&cs=0&ds=3&ft=J9ThAGkHH_Myq8Z1FbY_e2NvjTQ&mime_type=video_mp4&qs=0&rc=NXZpTGRTaFBnKWxncmd5aHFsc3IxZGY4ODQzPGVlaDYzNGZoZmZoQGlqOXBlNmtvZGY8MzM0NjMzQFNsa3ZpcUQ6amtqXmJmK2BeaWpgYTojNDZfX2EvLl9jMTY0YDUwNmEjcF4vZnFnZmU1YS0tZDBhc3M%3D&btag=80000e00008000&dy_q=1785292389&feature_id=d6a18d7c5414b1f1e95a75faf9147845&l=2026072910330806831BC2951B40324D78&ply_type=3&policy=eyJ2bSI6MywidWlkIjoiMzEyOTY1MDYwMzg4ODE4NSJ9,未使用,审核通过,--,1,--,0,0,0,0,0,0,0,0,0,0,0,0,0,0,0
"	7660843575199334441",0710-引导-嘉丽-8.mp4,https://video-cn.oceanengine.com/300f9807ea6f812dc23519f2304de0d1/6a6c096e/tos-cn-ve-51/oANDgwK4mII9mX1BeyphRKoGQASAlsRB9QBVEQ?a=1402&ch=0&cr=0&dr=3&cd=0%7C0%7C0%7C0&br=915&bt=915&cs=0&ds=3&ft=J9ThAGkHH_Myq8Z1FbY_e2NvjTQ&mime_type=video_mp4&qs=0&rc=NXZpTGRTaFBnKWxncmd5aHFsc3IxZGYzNzw6OTZmOTY6Mzg3ODdpQGlqOzQzN2tvZGY8MzM0NjMzQFNsa3ZpcUQ6amtqXmJmK2BeaWpgYTojX19gXjZjMl42MTUtNjAuMWEjZGNyY3FnZmU1YS0tZDBhc3M%3D&btag=80000e00008000&dy_q=1785292389&feature_id=d6a18d7c5414b1f1e95a75faf9147845&l=2026072910330806831BC2951B40324D78&ply_type=3&policy=eyJ2bSI6MywidWlkIjoiMzEyOTY1MDYwMzg4ODE4NSJ9,未使用,审核通过,--,2,--,0,0,0,0,0,0,0,0,0,0,0,0,0,0,0
"	7660843558887325738",0710引导-小敏-5.mp4,https://video-cn.oceanengine.com/9046f36c24deadbf38c11ef43ea5244f/6a6c097c/tos-cn-ve-51/oYyCv9LBsENIQXKPGQKRbCVAmuSp14heAQZSAu?a=1402&ch=0&cr=0&dr=3&cd=0%7C0%7C0%7C0&br=960&bt=960&cs=0&ds=3&ft=J9ThAGkHH_Myq8Z1FbY_e2NvjTQ&mime_type=video_mp4&qs=0&rc=NXZpTGRTaFBnKWxncmd5aHFsc3IxZGYzOjs7NmU1NTkzZ2dpNzZlQGlqaXJ0NGtvZGY8MzM0NjMzQFNsa3ZpcUQ6amtqXmJmK2BeaWpgYTojY2ExYF4yLTUyMWMwMTIxYmEjYXNfL3FnZmU1YS0tZDAvc3M%3D&btag=80000e00010000&dy_q=1785292389&feature_id=d6a18d7c5414b1f1e95a75faf9147845&l=2026072910330806831BC2951B40324D78&ply_type=3&policy=eyJ2bSI6MywidWlkIjoiMzEyOTY1MDYwMzg4ODE4NSJ9,未使用,审核通过,--,1,--,0,0,0,0,0,0,0,0,0,0,0,0,0,0,0
"	7660843528491237382",0710引导-小敏-3.mp4,https://video-cn.oceanengine.com/9f25f9cf954a64e8837e3ad524f0e2ba/6a6c096e/tos-cn-ve-51/ow1KpoNyElGSAX1BIVqQ0AAmJmeSIhKbWQ84Rs?a=1402&ch=0&cr=0&dr=3&cd=0%7C0%7C0%7C0&br=536&bt=536&cs=0&ds=3&ft=J9ThAGkHH_Myq8Z1FbY_e2NvjTQ&mime_type=video_mp4&qs=0&rc=NXZpTGRTaFBnKWxncmd5aHFsc3IxZGY8NGg7OzY6OGY8PDVoaTs3QGkzZ2twO2tvZGY8MzM0NjMzQFNsa3ZpcUQ6amtqXmJmK2BeaWpgYTojXzBfYWA0MV4tMTQyYzMzX2EjNmJzbnFnZmU1YS0tZDAvc3M%3D&btag=80000e00008000&dy_q=1785292389&feature_id=d6a18d7c5414b1f1e95a75faf9147845&l=2026072910330806831BC2951B40324D78&ply_type=3&policy=eyJ2bSI6MywidWlkIjoiMzEyOTY1MDYwMzg4ODE4NSJ9,未使用,审核通过,--,1,--,0,0,0,0,0,0,0,0,0,0,0,0,0,0,0
"	7660452419795189823",0709引导+v-瑞晨-6.mp4,https://video-cn.oceanengine.com/4cfd489c6d071041f07ba5d72179ad5d/6a6c0977/tos-cn-ve-51/o4A9m84ZJ17KJB1xPNxqhQ1sQtF9IB1fgEQAQk?a=1402&ch=0&cr=0&dr=3&cd=0%7C0%7C0%7C0&cv=1&br=877&bt=877&cs=0&ds=3&ft=J9ThAGkHH_Myq8Z1FbY_e2NvjTQ&mime_type=video_mp4&qs=0&rc=NXZpTGRTaFBnKWxncmd5aHFsc3IxZGZmNmg0Z2g1Z2c0ODdnODs6QGlqNzZnNWtvdHA8MzM0NjMzQFNsa3ZpcUQ6amtqXmJmK2BeaWpgYTojMl8tMC0yYDU1MWEuNDItX2EjanNfZ3FnZjY0YS0tZDAwc3M%3D&btag=80000e00010000&dy_q=1785292389&feature_id=d6a18d7c5414b1f1e95a75faf9147845&l=2026072910330806831BC2951B40324D78&ply_type=3&policy=eyJ2bSI6MywidWlkIjoiMzEyOTY1MDYwMzg4ODE4NSJ9,未使用,审核通过,--,1,--,0,0,0,0,0,0,0,0,0,0,0,0,0,0,0
"	7660452401267654692",0709引导+v-瑞晨-9.mp4,https://video-cn.oceanengine.com/df5a38f205f347979b1ea0b1a2d62d1b/6a6c0978/tos-cn-ve-51/oor1XJJLCAtrQmNqQIezJZh41KaqWQ7sgBA5PE?a=1402&ch=0&cr=0&dr=3&cd=0%7C0%7C0%7C0&cv=1&br=1119&bt=1119&cs=0&ds=3&ft=J9ThAGkHH_Myq8Z1FbY_e2NvjTQ&mime_type=video_mp4&qs=0&rc=NXZpTGRTaFBnKWxncmd5aHFsc3IxZGY8PDQ6NDtkOGk4Zjc4Ojo5QGlqZGdwZWtvdHA8MzM0NjMzQFNsa3ZpcUQ6amtqXmJmK2BeaWpgYTojLTYwLjEwL19eMV5gYmAzMGEjbWFlaXFnZjY0YS0tZDAwc3M%3D&btag=80000e00010000&dy_q=1785292389&feature_id=d6a18d7c5414b1f1e95a75faf9147845&l=2026072910330806831BC2951B40324D78&ply_type=3&policy=eyJ2bSI6MywidWlkIjoiMzEyOTY1MDYwMzg4ODE4NSJ9,未使用,审核通过,--,2,--,0,0,0,0,0,0,0,0,0,0,0,0,0,0,0
"	7660452400924835846",0709引导+v-瑞晨-3.mp4,https://video-cn.oceanengine.com/d647e7487bf47b05dfdd13daa271980b/6a6c0978/tos-cn-ve-51/ocTZzPJs71IKJBQ1A1QEmZB92KFcEwBmg4hAQe?a=1402&ch=0&cr=0&dr=3&cd=0%7C0%7C0%7C0&cv=1&br=764&bt=764&cs=0&ds=3&ft=J9ThAGkHH_Myq8Z1FbY_e2NvjTQ&mime_type=video_mp4&qs=0&rc=NXZpTGRTaFBnKWxncmd5aHFsc3IxZGY3Z2g2ZjNpM2k3ZWlpMzpnQGlqZG07PGtvdHA8MzM0NjMzQFNsa3ZpcUQ6amtqXmJmK2BeaWpgYTojMWNgMTAwNV9jMV9gLV8tXmEjZHAycXFnZjY0YS0tZDBhc3M%3D&btag=80000e00010000&dy_q=1785292389&feature_id=d6a18d7c5414b1f1e95a75faf9147845&l=2026072910330806831BC2951B40324D78&ply_type=3&policy=eyJ2bSI6MywidWlkIjoiMzEyOTY1MDYwMzg4ODE4NSJ9,未使用,审核通过,--,1,--,0,0,0,0,0,0,0,0,0,0,0,0,0,0,0
"	7660452400634134570",0709引导+v-瑞晨-1.mp4,https://video-cn.oceanengine.com/3b653484648e55a252ecfd86a0896ce1/6a6c097a/tos-cn-ve-51/ogUsgfAflzz77M4UA8AIRygeqnGUFCBaljJbn0?a=1402&ch=0&cr=0&dr=3&cd=0%7C0%7C0%7C0&cv=1&br=1238&bt=1238&cs=0&ds=3&ft=J9ThAGkHH_Myq8Z1FbY_e2NvjTQ&mime_type=video_mp4&qs=0&rc=NXZpTGRTaFBnKWxncmd5aHFsc3IxZGY4ZTlmPDxmNGc8Mzk6ODVlQGlqc2xxNGtvdHA8MzM0NjMzQFNsa3ZpcUQ6amtqXmJmK2BeaWpgYTojMmAvYi9gL181MS40XjItNWEjY3NsNHFnZjY0YS0tZDBhc3M%3D&btag=80000e00010000&dy_q=1785292389&feature_id=d6a18d7c5414b1f1e95a75faf9147845&l=2026072910330806831BC2951B40324D78&ply_type=3&policy=eyJ2bSI6MywidWlkIjoiMzEyOTY1MDYwMzg4ODE4NSJ9,未使用,审核通过,--,6,--,0,0,0,0,0,0,0,0,0,0,0,0,0,0,0
"	7660371908223402047",0709引导-小敏-5-1.mp4,https://video-cn.oceanengine.com/9250ffd9c8cefb5a4b5b6ca093ed329a/6a6c096d/tos-cn-ve-51/ogKmuJs50BCwkPh8BJ3YGkQI4KAFegQWmAJ14E?a=1402&ch=0&cr=0&dr=3&cd=0%7C0%7C0%7C0&cv=1&br=1086&bt=1086&cs=0&ds=3&ft=J9ThAGkHH_Myq8Z1FbY_e2NvjTQ&mime_type=video_mp4&qs=0&rc=NXZpTGRTaFBnKWxncmd5aHFsc3IxZGZkM2RmMzs8PGY0PGU8O2c8QGkzcGw1aGtvZms8MzM0NjMzQFNsa3ZpcUQ6amtqXmJmK2BeaWpgYTojXl80XjFjMl5iMTFfLi5eLmEjMmBiLnFnL2s0YS0tZDAwc3M%3D&btag=80000e00008000&dy_q=1785292389&feature_id=d6a18d7c5414b1f1e95a75faf9147845&l=2026072910330806831BC2951B40324D78&ply_type=3&policy=eyJ2bSI6MywidWlkIjoiMzEyOTY1MDYwMzg4ODE4NSJ9,未使用,审核通过,--,6,--,0,0,0,0,0,0,0,0,0,0,0,0,0,0,0
"	7660371884819709994",0709引导-小敏-3-1.mp4,https://video-cn.oceanengine.com/d076576afb4396523e8476666290bda2/6a6c097c/tos-cn-ve-51/oQCICOsEIAQ1XVJqyGehPABcL93CBBAg4A4mQm?a=1402&ch=0&cr=0&dr=3&cd=0%7C0%7C0%7C0&cv=1&br=729&bt=729&cs=0&ds=3&ft=J9ThAGkHH_Myq8Z1FbY_e2NvjTQ&mime_type=video_mp4&qs=0&rc=NXZpTGRTaFBnKWxncmd5aHFsc3IxZGY8PDVoZTNmOzdpOzc4OTRpQGlqNTxmOWtvZWs8MzM0NjMzQFNsa3ZpcUQ6amtqXmJmK2BeaWpgYTojYWIvMGNiMl40MTY2NDItM2EjMmxkZHFnbms0YS0tZDAvc3M%3D&btag=80000e00010000&dy_q=1785292389&feature_id=d6a18d7c5414b1f1e95a75faf9147845&l=2026072910330806831BC2951B40324D78&ply_type=3&policy=eyJ2bSI6MywidWlkIjoiMzEyOTY1MDYwMzg4ODE4NSJ9,未使用,审核通过,首发,5,--,0,0,0,0,0,0,0,0,0,0,0,0,0,0,0
"	7660015933729521718",一键修复_0706引导+v瑞晨-6.mp4,https://video-cn.oceanengine.com/c5fcf04174b3596b850761f564516064/6a6c097b/tos-cn-v-29cc83/oceBv9ADQQ5KtMJLW1rEOcCN4cISECe44u4psg?a=1402&ch=0&cr=0&dr=3&cd=0%7C0%7C0%7C0&br=873&bt=873&cs=0&ds=3&ft=J9ThAGkHH_Myq8Z1FbY_e2NvjTQ&mime_type=video_mp4&qs=0&rc=NXZpTGRTaFBnKWxncmd5aHFsc3IxZGY5OGQ0ZzwzOGg4PGZlZmY5QGkzPGt0OWtvdnc8NjM0aTwzQFNsa3ZpcUQ6amtqXmJmK2BeaWpgYTojNC4yL18zMl9gMTEyYV8zMGEjYnEwL3FnZmMzYS0tZC8vc3M%3D&btag=80000e00010000&dy_q=1785292389&feature_id=d6a18d7c5414b1f1e95a75faf9147845&l=2026072910330806831BC2951B40324D78&ply_type=3&policy=eyJ2bSI6MywidWlkIjoiMzEyOTY1MDYwMzg4ODE4NSJ9,未使用,审核通过,--,1,--,0,0,0,0,0,0,0,0,0,0,0,0,0,0,0
"	7659983321992708132",0706引导+v瑞晨-7.mp4,https://video-cn.oceanengine.com/069a01928611bac7992f00975099dd1a/6a6c097b/tos-cn-ve-51/o0MbQg9RTzhi4SfbAg4AI0JOmx1QdACBKtslqT?a=1402&ch=0&cr=0&dr=3&cd=0%7C0%7C0%7C0&br=1838&bt=1838&cs=0&ds=4&ft=J9ThAGkHH_Myq8Z1FbY_e2NvjTQ&mime_type=video_mp4&qs=0&rc=NXZpTGRTaFBnKWxncmd5aHFsc3IxZGY1NGg3OTY7Zjo4MzozaWZmQGkzPGRoOmtva3U8MzM0NjMzQFNsa3ZpcUQ6amtqXmJmK2BeaWpgYTojYjM2NTFfMjY0MTAtLjAyYWEjNW9iYHFnXmgzYS0tZDAvc3M%3D&btag=80000e00010000&dy_q=1785292389&feature_id=d6a18d7c5414b1f1e95a75faf9147845&l=2026072910330806831BC2951B40324D78&ply_type=3&policy=eyJ2bSI6MywidWlkIjoiMzEyOTY1MDYwMzg4ODE4NSJ9,未使用,审核通过,--,1,--,0,0,0,0,0,0,0,0,0,0,0,0,0,0,0
"	7659983312489005110",0706引导+v瑞晨-9.mp4,https://video-cn.oceanengine.com/17cb2272b7fe437367bf82d9c3c756a7/6a6c0983/tos-cn-ve-51/ocFgM012QumDsiiBetARQIE4NQ1hJaEAgCqbmn?a=1402&ch=0&cr=0&dr=3&cd=0%7C0%7C0%7C0&br=1447&bt=1447&cs=0&ds=4&ft=J9ThAGkHH_Myq8Z1FbY_e2NvjTQ&mime_type=video_mp4&qs=0&rc=NXZpTGRTaFBnKWxncmd5aHFsc3IxZGZpNzs6NGU8MzVmaTUzOjY0QGkzNmpnOmtva3U8MzM0NjMzQFNsa3ZpcUQ6amtqXmJmK2BeaWpgYTojMTNhXy4yL14wMTU1Mi81L2EjZDVlZXFnXmgzYS0tZDAwc3M%3D&btag=80000e00018000&dy_q=1785292389&feature_id=d6a18d7c5414b1f1e95a75faf9147845&l=2026072910330806831BC2951B40324D78&ply_type=3&policy=eyJ2bSI6MywidWlkIjoiMzEyOTY1MDYwMzg4ODE4NSJ9,未使用,审核通过,--,1,--,0,0,0,0,0,0,0,0,0,0,0,0,0,0,0
"	7659983301841698859",0706引导+v瑞晨-8.mp4,https://video-cn.oceanengine.com/2c83ded90a74e8ab17216be34b1fc892/6a6c097a/tos-cn-ve-51/owLbNqJ7T6XZDd10AAIk5qpVEctge6QxgfDBsb?a=1402&ch=0&cr=0&dr=3&cd=0%7C0%7C0%7C0&br=1822&bt=1822&cs=0&ds=4&ft=J9ThAGkHH_Myq8Z1FbY_e2NvjTQ&mime_type=video_mp4&qs=0&rc=NXZpTGRTaFBnKWxncmd5aHFsc3IxZGZmZGY1Z2RkOjpoZ2U2ZDs8QGkzdnZnZGtva3U8MzM0NjMzQFNsa3ZpcUQ6amtqXmJmK2BeaWpgYTojY2MzMjVhNjVhMTY1LjEwYmEjb3Nia3FnL2gzYS0tZDAwc3M%3D&btag=80000e00010000&dy_q=1785292389&feature_id=d6a18d7c5414b1f1e95a75faf9147845&l=2026072910330806831BC2951B40324D78&ply_type=3&policy=eyJ2bSI6MywidWlkIjoiMzEyOTY1MDYwMzg4ODE4NSJ9,未使用,审核通过,--,0,--,0,0,0,0,0,0,0,0,0,0,0,0,0,0,0
"	7659983297766178859",0706引导+v瑞晨-10.mp4,https://video-cn.oceanengine.com/3cce8387878036f857961ef6c0bef7d3/6a6c097f/tos-cn-ve-51/o0INEQg2muHJAu41S9RvqVqeE0JBisEQm2tlA2?a=1402&ch=0&cr=0&dr=3&cd=0%7C0%7C0%7C0&br=1517&bt=1517&cs=0&ds=4&ft=J9ThAGkHH_Myq8Z1FbY_e2NvjTQ&mime_type=video_mp4&qs=0&rc=NXZpTGRTaFBnKWxncmd5aHFsc3IxZGZkN2k0OzQ3NjpoOmc3NGVoQGkzb3lxN2tva3U8MzM0NjMzQFNsa3ZpcUQ6amtqXmJmK2BeaWpgYTojYmFeNTYxYjZiMTIuLTUuMWEjL2BkaHFnXmgzYS0tZDBhc3M%3D&btag=80000e00010000&dy_q=1785292389&feature_id=d6a18d7c5414b1f1e95a75faf9147845&l=2026072910330806831BC2951B40324D78&ply_type=3&policy=eyJ2bSI6MywidWlkIjoiMzEyOTY1MDYwMzg4ODE4NSJ9,已使用,审核通过,--,1,--,0,0,0,0,0,0,0,0,0,0,0,0,0,0,0
"	7659679262665293865",0706引导+v瑞晨-1.mp4,https://video-cn.oceanengine.com/e37b0eb1deec61400fb0bd8e07a37d95/6a6c0981/tos-cn-ve-51/oclB2Z9JBI4ygHQALlIQKOsf1MEXm11gmGblrA?a=1402&ch=0&cr=0&dr=3&cd=0%7C0%7C0%7C0&br=1782&bt=1782&cs=0&ds=4&ft=J9ThAGkHH_Myq8Z1FbY_e2NvjTQ&mime_type=video_mp4&qs=0&rc=NXZpTGRTaFBnKWxncmd5aHFsc3IxZGY7OGZlNGU3Ojc4PGZmNDtmQGlqNHFtNmtvamQ8MzM0NjMzQFNsa3ZpcUQ6amtqXmJmK2BeaWpgYTojNjJfLS42YV4wMWAwYWExYWEjZmBqc3FnL18zYS0tZDBhc3M%3D&btag=80000e00010000&dy_q=1785292389&feature_id=d6a18d7c5414b1f1e95a75faf9147845&l=2026072910330806831BC2951B40324D78&ply_type=3&policy=eyJ2bSI6MywidWlkIjoiMzEyOTY1MDYwMzg4ODE4NSJ9,未使用,审核通过,--,1,--,0,0,0,0,0,0,0,0,0,0,0,0,0,0,0
"	7659679252962541631",0706引导+v瑞晨-5.mp4,https://video-cn.oceanengine.com/4ccab85213337e3de1b0b6d087dba043/6a6c0972/tos-cn-ve-51/oEKbM1gAgQAsIjQxd44fm1EoJIELQqmKl9VBlU?a=1402&ch=0&cr=0&dr=3&cd=0%7C0%7C0%7C0&br=2554&bt=2554&cs=0&ds=4&ft=J9ThAGkHH_Myq8Z1FbY_e2NvjTQ&mime_type=video_mp4&qs=0&rc=NXZpTGRTaFBnKWxncmd5aHFsc3IxZGZkaTw2NjQ3OGU7PGU8MzU6QGlqeXFkaGtvamQ8MzM0NjMzQFNsa3ZpcUQ6amtqXmJmK2BeaWpgYTojMGJiMzUuMV8uMWNeNC5iX2EjXjBlcHFnL18zYS0tZDBhc3M%3D&btag=80000e00008000&dy_q=1785292389&feature_id=d6a18d7c5414b1f1e95a75faf9147845&l=2026072910330806831BC2951B40324D78&ply_type=3&policy=eyJ2bSI6MywidWlkIjoiMzEyOTY1MDYwMzg4ODE4NSJ9,未使用,审核通过,--,1,--,0,0,0,0,0,0,0,0,0,0,0,0,0,0,0
"	7659679243442913322",0706引导+v瑞晨-4.mp4,https://video-cn.oceanengine.com/3c7e2428ca7a422f6a08c3336ea6f955/6a6c096d/tos-cn-ve-51/oU69MDBqQoNCJWEf8KaBMIKYqafrA4zRTgsgAA?a=1402&ch=0&cr=0&dr=3&cd=0%7C0%7C0%7C0&br=2291&bt=2291&cs=0&ds=4&ft=J9ThAGkHH_Myq8Z1FbY_e2NvjTQ&mime_type=video_mp4&qs=0&rc=NXZpTGRTaFBnKWxncmd5aHFsc3IxZGY1Mzs4M2c4aWhpOWc5Njc7QGkzd2s7Z2tvaWQ8MzM0NjMzQFNsa3ZpcUQ6amtqXmJmK2BeaWpgYTojNmAxYWJiLTUzMS9fYjNgXmEjMF4uLXFnZl8zYS0tZDAvc3M%3D&btag=80000e00008000&dy_q=1785292389&feature_id=d6a18d7c5414b1f1e95a75faf9147845&l=2026072910330806831BC2951B40324D78&ply_type=3&policy=eyJ2bSI6MywidWlkIjoiMzEyOTY1MDYwMzg4ODE4NSJ9,已使用,审核通过,--,1,--,0,0,0,0,0,0,0,0,0,0,0,0,0,0,0
"	7659679226528383039",0706引导+v瑞晨-3.mp4,https://video-cn.oceanengine.com/58541ca18e373dea4a61aa5ad340e183/6a6c0981/tos-cn-ve-51/ok0WIC4Yf4AirQFGsKetANqQlDTgHBgTEYKlMs?a=1402&ch=0&cr=0&dr=3&cd=0%7C0%7C0%7C0&br=1654&bt=1654&cs=0&ds=4&ft=J9ThAGkHH_Myq8Z1FbY_e2NvjTQ&mime_type=video_mp4&qs=0&rc=NXZpTGRTaFBnKWxncmd5aHFsc3IxZGY3PGZpNzdlMzNmZDlnODszQGkzOjQ3Z2tvaWQ8MzM0NjMzQFNsa3ZpcUQ6amtqXmJmK2BeaWpgYTojNjYwNjU2NV4uMS5eLTMzMGEjcDMwYHFnZl8zYS0tZDAvc3M%3D&btag=80000e00010000&dy_q=1785292389&feature_id=d6a18d7c5414b1f1e95a75faf9147845&l=2026072910330806831BC2951B40324D78&ply_type=3&policy=eyJ2bSI6MywidWlkIjoiMzEyOTY1MDYwMzg4ODE4NSJ9,未使用,审核通过,--,1,--,0,0,0,0,0,0,0,0,0,0,0,0,0,0,0
"	7662605347073572914",0715瑞晨引流-2.mp4,https://video-cn.oceanengine.com/8926be8f639346dfc58e1aaf6ff92c9e/6a6c0957/tos-cn-ve-51/d0ad68b878f1468cbca89a6b110e5487?a=1402&ch=0&cr=0&dr=3&cd=0%7C0%7C0%7C0&cv=1&br=1694&bt=1694&cs=0&ds=3&ft=J9ThAGkHH_Myq8Z-FbY_e2NvjTQ&mime_type=video_mp4&qs=0&rc=NXZpTGRTaFBnKWxncmd5aHFsc3IxZGY4ZDo8Nzg2NTs5aGRoaTpkQGkzczNoO286NWo8MzM0NjMzQFNsa3ZpcUQ6amtqXmJmK2BeaWpgYTojM2IuNTBjLl8zMTExMTEvMGEjZ2RwYWFhZmpfYS0tZDAwc3M%3D&btag=80000e00008000&dy_q=1785292365&feature_id=d6a18d7c5414b1f1e95a75faf9147845&l=202607291032444B588B66203F773C978F&ply_type=3&policy=eyJ2bSI6MywidWlkIjoiMzEyOTY1MDYwMzg4ODE4NSJ9,已使用,审核通过,首发,20,--,27.12,1611,63,3.91,0.43,16.83,1,27.12,1.59,0,0,0,0,1,0
"	7663464995961847844",0717-瑞晨引流-4.mp4,https://video-cn.oceanengine.com/59b2a87302b503f77e87bba225421c07/6a6c095c/tos-cn-ve-51/o8MhqAEfjQ1fgaAIIqRDB1ranDaRNWJ2QEIMRD?a=1402&ch=0&cr=0&dr=3&cd=0%7C0%7C0%7C0&cv=1&br=2086&bt=2086&cs=0&ds=4&ft=J9ThAGkHH_Myq8Z-FbY_e2NvjTQ&mime_type=video_mp4&qs=0&rc=NXZpTGRTaFBnKWxncmd5aHFsc3IxZGZmOmY3NjVmNTU4PGZnOjg1QGlqPG84aW86bDQ8MzM0NjMzQFNsa3ZpcUQ6amtqXmJmK2BeaWpgYTojNTEzY14xMF8xMWMvL2MtLmEjZ3JhZ2FhL2VhYS0tZDAwc3M%3D&btag=80000e00010000&dy_q=1785292365&feature_id=d6a18d7c5414b1f1e95a75faf9147845&l=202607291032444B588B66203F773C978F&ply_type=3&policy=eyJ2bSI6MywidWlkIjoiMzEyOTY1MDYwMzg4ODE4NSJ9,已使用,审核通过,--,4,--,2.36,137,8,5.84,0.3,17.23,0,0,0,0,0,0,0,0,0
"	7660186951438139446",0708-引导-嘉丽-4.mp4,https://video-cn.oceanengine.com/43d14b62fb8946bb8be43cec040af804/6a6c095e/tos-cn-ve-51/oAI2IMemSOfERB7VrgE1Exf9AQt8CpAeVqaI17?a=1402&ch=0&cr=0&dr=3&cd=0%7C0%7C0%7C0&cv=1&br=866&bt=866&cs=0&ds=3&ft=J9ThAGkHH_Myq8Z-FbY_e2NvjTQ&mime_type=video_mp4&qs=0&rc=NXZpTGRTaFBnKWxncmd5aHFsc3IxZGY4ZTVmPGhmMzVnOjc2OGdlQGkzZXhxOm86aXk8MzM0NjMzQFNsa3ZpcUQ6amtqXmJmK2BeaWpgYTojX2MvLTMwXjUyMS01YmExNmEjNmljNmFhZmNeYS0tZDAvc3M%3D&btag=80000e00010000&dy_q=1785292365&feature_id=d6a18d7c5414b1f1e95a75faf9147845&l=202607291032444B588B66203F773C978F&ply_type=3&policy=eyJ2bSI6MywidWlkIjoiMzEyOTY1MDYwMzg4ODE4NSJ9,已使用,审核通过,--,16,--,38.89,2158,76,3.52,0.51,18.02,1,38.89,1.32,0,0,0,0,0,0
"	7662604373985902602",0714-瑞晨引导-3.mp4,https://video-cn.oceanengine.com/f27f3de9875fe59f3a3dda412c49200e/6a6c095c/tos-cn-ve-51/o0KzrdXkWcsIsZlETKQFsTjDALatA6kbNIKLQ?a=1402&ch=0&cr=0&dr=3&cd=0%7C0%7C0%7C0&br=1628&bt=1628&cs=0&ds=4&ft=J9ThAGkHH_Myq8Z-FbY_e2NvjTQ&mime_type=video_mp4&qs=0&rc=NXZpTGRTaFBnKWxncmd5aHFsc3IxZGZkNzVpZGdkO2Y8N2U1M2Y7QGkzbW47N286ZWo8MzM0NjMzQFNsa3ZpcUQ6amtqXmJmK2BeaWpgYTojNV4tNjEuLjU1MTA1NDYuLmEjcW5samFhZmhfYS0tZDBhc3M%3D&btag=80000e00010000&dy_q=1785292365&feature_id=d6a18d7c5414b1f1e95a75faf9147845&l=202607291032444B588B66203F773C978F&ply_type=3&policy=eyJ2bSI6MywidWlkIjoiMzEyOTY1MDYwMzg4ODE4NSJ9,未使用,审核通过,--,2,--,0.33,28,0,0,0,11.79,0,0,0,0,0,0,0,0,0
"	7664925987020308489",0720-引流-魏怡-7.mp4,https://video-cn.oceanengine.com/6f9e751469e683847cf6cf28c1d71abe/6a6c096f/tos-cn-ve-51/okAAAB2e6NqRRBgXKl119glfCXpN2HagTwmD8l?a=1402&ch=0&cr=0&dr=3&cd=0%7C0%7C0%7C0&br=1379&bt=1379&cs=0&ds=3&ft=J9ThAGkHH_Myq8Z-FbY_e2NvjTQ&mime_type=video_mp4&qs=0&rc=NXZpTGRTaFBnKWxncmd5aHFsc3IxZGZoNTxpOmU2PGk2MzRmNzg1QGlqdzlwNW86c288MzM0NjMzQFNsa3ZpcUQ6amtqXmJmK2BeaWpgYTojLy0uLTUtMTVeMWBhYS4xX2Eja3JfZWFhXjBjYS0tZDAvc3M%3D&btag=80000e00018000&dy_q=1785292365&feature_id=d6a18d7c5414b1f1e95a75faf9147845&l=202607291032444B588B66203F773C978F&ply_type=3&policy=eyJ2bSI6MywidWlkIjoiMzEyOTY1MDYwMzg4ODE4NSJ9,已使用,审核通过,--,2,--,2.53,152,3,1.97,0.84,16.64,0,0,0,0,0,0,0,0,0
"	7662605347073458226",0715瑞晨引流-1.mp4,https://video-cn.oceanengine.com/880286d1ec4f2c31616ae39755748dc2/6a6c095a/tos-cn-ve-51/oUUIHuIQzdamtKWILnA8CEycCQC7TNkN5AX4l?a=1402&ch=0&cr=0&dr=3&cd=0%7C0%7C0%7C0&cv=1&br=1776&bt=1776&cs=0&ds=3&ft=J9ThAGkHH_Myq8Z-FbY_e2NvjTQ&mime_type=video_mp4&qs=0&rc=NXZpTGRTaFBnKWxncmd5aHFsc3IxZGY8PGQ7NGZmaGQ6ZzM8PDc4QGlqZHJ5OW86NWo8MzM0NjMzQFNsa3ZpcUQ6amtqXmJmK2BeaWpgYTojNC1gM2MzXjYtMTViYy5jX2EjZ2QyM2FhZmpfYS0tZDBhc3M%3D&btag=80000e00008000&dy_q=1785292365&feature_id=d6a18d7c5414b1f1e95a75faf9147845&l=202607291032444B588B66203F773C978F&ply_type=3&policy=eyJ2bSI6MywidWlkIjoiMzEyOTY1MDYwMzg4ODE4NSJ9,已使用,审核通过,首发,18,--,5.02,309,7,2.27,0.72,16.25,0,0,0,0,0,0,0,0,0
"	7662989766527631387",0714瑞晨引流修改-7.mp4,https://video-cn.oceanengine.com/712905d85addfa360b35d829b86439cd/6a6c0956/tos-cn-ve-51/owEgA6r0oAQWnQnzauhWltWYaQdIuNCI2Zacx?a=1402&ch=0&cr=0&dr=3&cd=0%7C0%7C0%7C0&cv=1&br=2256&bt=2256&cs=0&ds=3&ft=J9ThAGkHH_Myq8Z-FbY_e2NvjTQ&mime_type=video_mp4&qs=0&rc=NXZpTGRTaFBnKWxncmd5aHFsc3IxZGZmZGRpNDQ0Zmg2Ozo0Ozk8QGkzcDU6Om86aDk8MzM0NjMzQFNsa3ZpcUQ6amtqXmJmK2BeaWpgYTojNmEtLTU0YV82MS8xMy9jMmEjcXEvX2FhbmVgYS0tZDAvc3M%3D&btag=80000e00008000&dy_q=1785292365&feature_id=d6a18d7c5414b1f1e95a75faf9147845&l=202607291032444B588B66203F773C978F&ply_type=3&policy=eyJ2bSI6MywidWlkIjoiMzEyOTY1MDYwMzg4ODE4NSJ9,已使用,审核通过,--,17,--,67.03,4475,290,6.48,0.23,14.98,4,16.76,1.38,0,0,0,0,0,0
"	7664925347281780787",0720-引导-嘉丽-5.mp4,https://video-cn.oceanengine.com/609c4ea7aa34cf6b50217c1f2da26960/6a6c095f/tos-cn-ve-51/oMS7lUNZQoHBhsLAAfNaIAGmi1Atgk6QGWa1Ix?a=1402&ch=0&cr=0&dr=3&cd=0%7C0%7C0%7C0&cv=1&br=1461&bt=1461&cs=0&ds=3&ft=J9ThAGkHH_Myq8Z-FbY_e2NvjTQ&mime_type=video_mp4&qs=0&rc=NXZpTGRTaFBnKWxncmd5aHFsc3IxZGZoaDtoO2RoaGVpO2ZoO2g4QGlqM2Q5Nm86dG88MzM0NjMzQFNsa3ZpcUQ6amtqXmJmK2BeaWpgYTojY14yLTIxMjUtMS4tYGAvLWEjLmEzbmFhZi9jYS0tZDAvc3M%3D&btag=80000e00010000&dy_q=1785292365&feature_id=d6a18d7c5414b1f1e95a75faf9147845&l=202607291032444B588B66203F773C978F&ply_type=3&policy=eyJ2bSI6MywidWlkIjoiMzEyOTY1MDYwMzg4ODE4NSJ9,已使用,审核通过,--,2,--,40.51,2629,84,3.2,0.48,15.41,6,6.75,7.14,0,0,0,0,0,0
"	7662604342744006666",0714-瑞晨引导-13.mp4,https://video-cn.oceanengine.com/26a000992a96da3f032d79a0dfe19f90/6a6c0957/tos-cn-ve-51/ooCVNQuI13fowBFyg2RMArgpearaEqADzccNUu?a=1402&ch=0&cr=0&dr=3&cd=0%7C0%7C0%7C0&br=1823&bt=1823&cs=0&ds=3&ft=J9ThAGkHH_Myq8Z-FbY_e2NvjTQ&mime_type=video_mp4&qs=0&rc=NXZpTGRTaFBnKWxncmd5aHFsc3IxZGY6OTc6Z2VnNTdoNDVnNjllQGkzc3FnOm86ZWo8MzM0NjMzQFNsa3ZpcUQ6amtqXmJmK2BeaWpgYTojYGFeLjA0YV8uMWFjNS0wL2EjNHJpMmFhZmhfYS0tZDBhc3M%3D&btag=80000e00008000&dy_q=1785292365&feature_id=d6a18d7c5414b1f1e95a75faf9147845&l=202607291032444B588B66203F773C978F&ply_type=3&policy=eyJ2bSI6MywidWlkIjoiMzEyOTY1MDYwMzg4ODE4NSJ9,未使用,审核通过,--,2,--,0.51,41,1,2.44,0.51,12.44,0,0,0,0,0,0,0,0,0
"	7664925140669317166",0718瑞晨20-修改.mp4,https://video-cn.oceanengine.com/0bc67cd9646b2689ce11046e4dff443a/6a6c095a/tos-cn-ve-51/oMha6GkA7ilgIMtQ1HDAlU6IahHmASBLfQAg7w?a=1402&ch=0&cr=0&dr=3&cd=0%7C0%7C0%7C0&br=1818&bt=1818&cs=0&ds=3&ft=J9ThAGkHH_Myq8Z-FbY_e2NvjTQ&mime_type=video_mp4&qs=0&rc=NXZpTGRTaFBnKWxncmd5aHFsc3IxZGY0ODNkaTszN2hoOzpnO2lnQGlqNGVxNm86PG88MzM0NjMzQFNsa3ZpcUQ6amtqXmJmK2BeaWpgYTojLzMwMTIvLzYzMV41MGEwMGEjcmRiamFhLy5jYS0tZDAvc3M%3D&btag=80000e00008000&dy_q=1785292365&feature_id=d6a18d7c5414b1f1e95a75faf9147845&l=202607291032444B588B66203F773C978F&ply_type=3&policy=eyJ2bSI6MywidWlkIjoiMzEyOTY1MDYwMzg4ODE4NSJ9,已使用,审核通过,--,2,--,1.12,52,1,1.92,1.12,21.54,0,0,0,0,0,0,0,0,0
"	7663102736046964772",0716-引导-小敏-修改.mp4,https://video-cn.oceanengine.com/d1ae572600ab498ee8fd175cf520dd50/6a6c0955/tos-cn-ve-51/oktCIEejZiJQXdGbiwsUDg17UIvqfKABAeotxC?a=1402&ch=0&cr=0&dr=3&cd=0%7C0%7C0%7C0&cv=1&br=1088&bt=1088&cs=0&ds=4&ft=J9ThAGkHH_Myq8Z-FbY_e2NvjTQ&mime_type=video_mp4&qs=0&rc=NXZpTGRTaFBnKWxncmd5aHFsc3IxZGZkZTw5NjlmNzY3aDU8ZTM2QGkzN3E6Z286dmY8MzM0NjMzQFNsa3ZpcUQ6amtqXmJmK2BeaWpgYTojXzAtMzU1Xl5gMTNiMzMyNGEjaXJyLWFhXnJgYS0tZDAvc3M%3D&btag=80000e00008000&dy_q=1785292365&feature_id=d6a18d7c5414b1f1e95a75faf9147845&l=202607291032444B588B66203F773C978F&ply_type=3&policy=eyJ2bSI6MywidWlkIjoiMzEyOTY1MDYwMzg4ODE4NSJ9,已使用,审核通过,首发,9,--,83.32,5049,322,6.38,0.26,16.5,4,20.83,1.24,0,0,0,0,0,0
"	7664925183753125914",0720-瑞晨引流-1.mp4,https://video-cn.oceanengine.com/d900a9fe8062d088028881582d51e9ec/6a6c095c/tos-cn-ve-51/oQCCU1gs1IyLuf3CAmagNINk7BRyqCAQ29geDX?a=1402&ch=0&cr=0&dr=3&cd=0%7C0%7C0%7C0&br=526&bt=526&cs=0&ds=3&ft=J9ThAGkHH_Myq8Z-FbY_e2NvjTQ&mime_type=video_mp4&qs=0&rc=NXZpTGRTaFBnKWxncmd5aHFsc3IxZGYzZ2Y2NmVkPDo6PGY0OTo1QGlqdzhtZ286PG88MzM0NjMzQFNsa3ZpcUQ6amtqXmJmK2BeaWpgYTojYDBhMi9gLTZiMTBjMi5fM2EjbzNscWFhLy5jYS0tZDBhc3M%3D&btag=80000e00010000&dy_q=1785292365&feature_id=d6a18d7c5414b1f1e95a75faf9147845&l=202607291032444B588B66203F773C978F&ply_type=3&policy=eyJ2bSI6MywidWlkIjoiMzEyOTY1MDYwMzg4ODE4NSJ9,已使用,审核通过,--,4,--,33.68,2011,123,6.12,0.27,16.75,3,11.23,2.44,0,0,0,0,0,0
"	7664925165076463667",0720-瑞晨引流-5.mp4,https://video-cn.oceanengine.com/a2d6be4ebefb57daf705db74ac5d60ef/6a6c095c/tos-cn-ve-51/oYeSgX1A9RqFa11CWDRBNykfXU0mo1D9A2AMRg?a=1402&ch=0&cr=0&dr=3&cd=0%7C0%7C0%7C0&br=768&bt=768&cs=0&ds=3&ft=J9ThAGkHH_Myq8Z-FbY_e2NvjTQ&mime_type=video_mp4&qs=0&rc=NXZpTGRTaFBnKWxncmd5aHFsc3IxZGZlOzw8NTw1OGRnM2ZlPDU2QGlqd3c8OG86PG88MzM0NjMzQFNsa3ZpcUQ6amtqXmJmK2BeaWpgYTojMS40LjYzXl4wMWIwYmMyYGEjLm4yM2FhLy5jYS0tZDAwc3M%3D&btag=80000e00010000&dy_q=1785292365&feature_id=d6a18d7c5414b1f1e95a75faf9147845&l=202607291032444B588B66203F773C978F&ply_type=3&policy=eyJ2bSI6MywidWlkIjoiMzEyOTY1MDYwMzg4ODE4NSJ9,已使用,审核通过,--,4,--,0.3,4,0,0,0,75,0,0,0,0,0,0,0,0,0
"	7662705450031562779",0715-引导-小敏-7.mp4,https://video-cn.oceanengine.com/60f148cd53461f4086183d9a2d7e9f9c/6a6c0958/tos-cn-ve-51/oMd1UZPldMZzthIGmIAgalJ0QiREOIAgXDWuU?a=1402&ch=0&cr=0&dr=3&cd=0%7C0%7C0%7C0&br=523&bt=523&cs=0&ds=3&ft=J9ThAGkHH_Myq8Z-FbY_e2NvjTQ&mime_type=video_mp4&qs=0&rc=NXZpTGRTaFBnKWxncmd5aHFsc3IxZGZoOzM0Omk4Z2U5NzY1NzQ6QGlqa3g4aG86NnA8MzM0NjMzQFNsa3ZpcUQ6amtqXmJmK2BeaWpgYTojYmEzL2JfYDZgMTJhYDQ1X2EjMV4uMWFhXmBfYS0tZDAvc3M%3D&btag=80000e00008000&dy_q=1785292365&feature_id=d6a18d7c5414b1f1e95a75faf9147845&l=202607291032444B588B66203F773C978F&ply_type=3&policy=eyJ2bSI6MywidWlkIjoiMzEyOTY1MDYwMzg4ODE4NSJ9,已使用,审核通过,首发,5,--,8.84,543,11,2.03,0.8,16.28,0,0,0,0,0,0,0,0,0
"	7662638633062187046",0714-引流-魏怡-5.mp4,https://video-cn.oceanengine.com/3be3048180574ca2f327cdc8ecc52e03/6a6c0971/tos-cn-ve-51/o4Ous3QI7qaAKm4t5eAKi1USIGlgmBgsQhuYIq?a=1402&ch=0&cr=0&dr=3&cd=0%7C0%7C0%7C0&cv=1&br=753&bt=753&cs=0&ds=3&ft=J9ThAGkHH_Myq8Z-FbY_e2NvjTQ&mime_type=video_mp4&qs=0&rc=NXZpTGRTaFBnKWxncmd5aHFsc3IxZGY2ZDozOGZpZGY1aWVnPDc1QGkzZmk8N286b2w8MzM0NjMzQFNsa3ZpcUQ6amtqXmJmK2BeaWpgYTojYS5fYjFhYV8yMS81MWEtNGEjX15fNmFhL2ZfYS0tZDBhc3M%3D&btag=80000e00018000&dy_q=1785292365&feature_id=d6a18d7c5414b1f1e95a75faf9147845&l=202607291032444B588B66203F773C978F&ply_type=3&policy=eyJ2bSI6MywidWlkIjoiMzEyOTY1MDYwMzg4ODE4NSJ9,已使用,审核通过,--,13,--,13.57,403,4,0.99,3.39,33.67,1,13.57,25,0,0,0,0,0,0
"	7664926038411853874",0720-引流-魏怡-10.mp4,https://video-cn.oceanengine.com/39c2dda9120b771be39a82edc843de1e/6a6c0965/tos-cn-ve-51/oAqfeGKKRCwvegtUgjbUGiaBoPukqA5OAjAQ1U?a=1402&ch=0&cr=0&dr=3&cd=0%7C0%7C0%7C0&br=1388&bt=1388&cs=0&ds=3&ft=J9ThAGkHH_Myq8Z-FbY_e2NvjTQ&mime_type=video_mp4&qs=0&rc=NXZpTGRTaFBnKWxncmd5aHFsc3IxZGZkZmdlN2VkODVlMzw2NTRpQGlqaHg5ZW86c288MzM0NjMzQFNsa3ZpcUQ6amtqXmJmK2BeaWpgYTojXjU0MzNfMjVgMV4xLWEtNWEjYGxiXmFhXjBjYS0tZDAwc3M%3D&btag=80000e00010000&dy_q=1785292365&feature_id=d6a18d7c5414b1f1e95a75faf9147845&l=202607291032444B588B66203F773C978F&ply_type=3&policy=eyJ2bSI6MywidWlkIjoiMzEyOTY1MDYwMzg4ODE4NSJ9,未使用,审核通过,--,3,--,2.33,128,1,0.78,2.33,18.2,0,0,0,0,0,0,0,0,0
"	7664925213059399690",0718瑞晨21-修改.mp4,https://video-cn.oceanengine.com/6e862f3e4c18798d4813a267deeb7146/6a6c0957/tos-cn-ve-51/owaDi1aXug1fkwAACkzgR52CqeRPNSZACHX1oB?a=1402&ch=0&cr=0&dr=3&cd=0%7C0%7C0%7C0&cv=1&br=1534&bt=1534&cs=0&ds=3&ft=J9ThAGkHH_Myq8Z-FbY_e2NvjTQ&mime_type=video_mp4&qs=0&rc=NXZpTGRTaFBnKWxncmd5aHFsc3IxZGZpOmc4NTlmNTs0NGc4NjZlQGlqZXNlZm86PG88MzM0NjMzQFNsa3ZpcUQ6amtqXmJmK2BeaWpgYTojMjE2YF81YjZgMTJiMi41XmEjaGVmLWFhLy5jYS0tZDAvc3M%3D&btag=80000e00008000&dy_q=1785292365&feature_id=d6a18d7c5414b1f1e95a75faf9147845&l=202607291032444B588B66203F773C978F&ply_type=3&policy=eyJ2bSI6MywidWlkIjoiMzEyOTY1MDYwMzg4ODE4NSJ9,已使用,审核通过,首发,5,--,44.46,2381,130,5.46,0.34,18.67,1,44.46,0.77,0,0,0,0,0,0
"	7663055144947695643",0714-引导-雅迪-1-改.mp4,https://video-cn.oceanengine.com/1c0a14dfd1a952e334ceb31bd77ead3d/6a6c096e/tos-cn-ve-51/ooxBPG8BmImANhfIQaQg3ma15QOt7gZFAQVISL?a=1402&ch=0&cr=0&dr=3&cd=0%7C0%7C0%7C0&cv=1&br=841&bt=841&cs=0&ds=3&ft=J9ThAGkHH_Myq8Z-FbY_e2NvjTQ&mime_type=video_mp4&qs=0&rc=NXZpTGRTaFBnKWxncmd5aHFsc3IxZGY4PDhkNjZoO2UzOzU8ZGY5QGlqOmZwO286ZmQ8MzM0NjMzQFNsa3ZpcUQ6amtqXmJmK2BeaWpgYTojNDAxNTUzNV41MS8zYTAyL2EjZy5yNmFhZjVgYS0tZDAwc3M%3D&btag=80000e00018000&dy_q=1785292365&feature_id=d6a18d7c5414b1f1e95a75faf9147845&l=202607291032444B588B66203F773C978F&ply_type=3&policy=eyJ2bSI6MywidWlkIjoiMzEyOTY1MDYwMzg4ODE4NSJ9,已使用,审核通过,首发,7,--,73.15,6147,167,2.72,0.44,11.9,5,14.63,2.99,0,0,0,0,0,0
"	7664925385851191305",0720-浩正引导-6.mp4,https://video-cn.oceanengine.com/1af3d139e4b795a29b2fc357bd6ee651/6a6c0961/tos-cn-ve-51/oQa7aU3YQudBhTLA1fxaIgymi4Atgh6QE0P1IT?a=1402&ch=0&cr=0&dr=3&cd=0%7C0%7C0%7C0&cv=1&br=907&bt=907&cs=0&ds=3&ft=J9ThAGkHH_Myq8Z-FbY_e2NvjTQ&mime_type=video_mp4&qs=0&rc=NXZpTGRTaFBnKWxncmd5aHFsc3IxZGZnNzc0O2dpNjtlNWk0aTRlQGlqdG9saG86dm88MzM0NjMzQFNsa3ZpcUQ6amtqXmJmK2BeaWpgYTojXzMvYWNjYl8wMS02M2IwX2EjcGthb2FhLy9jYS0tZDAwc3M%3D&btag=80000e00010000&dy_q=1785292365&feature_id=d6a18d7c5414b1f1e95a75faf9147845&l=202607291032444B588B66203F773C978F&ply_type=3&policy=eyJ2bSI6MywidWlkIjoiMzEyOTY1MDYwMzg4ODE4NSJ9,已使用,审核通过,--,2,--,244.17,14993,376,2.51,0.65,16.29,15,16.28,3.99,0,0,0,0,0,0
"	7663055258714243123",0716-引流-魏怡-6.mp4,https://video-cn.oceanengine.com/cf08d335d75a8dbb2dc01d2c4f301017/6a6c095b/tos-cn-ve-51/oIAuId71glIZAptgkQnaYwzQhNliZO8wCEWUF?a=1402&ch=0&cr=0&dr=3&cd=0%7C0%7C0%7C0&br=1418&bt=1418&cs=0&ds=3&ft=J9ThAGkHH_Myq8Z-FbY_e2NvjTQ&mime_type=video_mp4&qs=0&rc=NXZpTGRTaFBnKWxncmd5aHFsc3IxZGZkM2dpNTc0NzxpM2ZlNzNkQGkzajloaG86aGQ8MzM0NjMzQFNsa3ZpcUQ6amtqXmJmK2BeaWpgYTojNTQxMDNhYF9fMS0uX2FfNmEjci5vbGFhXjVgYS0tZDAvc3M%3D&btag=80000e00010000&dy_q=1785292365&feature_id=d6a18d7c5414b1f1e95a75faf9147845&l=202607291032444B588B66203F773C978F&ply_type=3&policy=eyJ2bSI6MywidWlkIjoiMzEyOTY1MDYwMzg4ODE4NSJ9,已使用,审核通过,首发,5,--,14.4,869,37,4.26,0.39,16.57,0,0,0,0,0,0,0,0,0
"	7664925362551570441",0720-引导-嘉丽-3.mp4,https://video-cn.oceanengine.com/fe5e135d28af8ccb6cee7bebd14abd07/6a6c0954/tos-cn-ve-51/oktiYCB1LAHtgv1g7G56qmUAhtfIIcI3BsKQQa?a=1402&ch=0&cr=0&dr=3&cd=0%7C0%7C0%7C0&cv=1&br=1467&bt=1467&cs=0&ds=3&ft=J9ThAGkHH_Myq8Z-FbY_e2NvjTQ&mime_type=video_mp4&qs=0&rc=NXZpTGRTaFBnKWxncmd5aHFsc3IxZGY8aGg4Zzs2aDM1Zjk7O2U6QGlqcWs6Nm86dG88MzM0NjMzQFNsa3ZpcUQ6amtqXmJmK2BeaWpgYTojMmFhMTRiNTYuMTZeMi8uNWEjZmExX2FhZi9jYS0tZDAwc3M%3D&btag=80000e00008000&dy_q=1785292365&feature_id=d6a18d7c5414b1f1e95a75faf9147845&l=202607291032444B588B66203F773C978F&ply_type=3&policy=eyJ2bSI6MywidWlkIjoiMzEyOTY1MDYwMzg4ODE4NSJ9,已使用,审核通过,首发,4,--,17.97,1090,67,6.15,0.27,16.49,1,17.97,1.49,0,0,0,0,0,0
"	7661187009408008233",微信视频_20260711163659.mp4,https://video-cn.oceanengine.com/b0b6e9d29d7b0b44ee0b4273d1df7d1d/6a6c0972/tos-cn-ve-51/o8AIVJEAIali9I9dA3EzaVdQtXIgvEwQWmUgJ?a=1402&ch=0&cr=0&dr=3&cd=0%7C0%7C0%7C0&cv=1&br=908&bt=908&cs=0&ds=3&ft=J9ThAGkHH_Myq8Z-FbY_e2NvjTQ&mime_type=video_mp4&qs=0&rc=NXZpTGRTaFBnKWxncmd5aHFsc3IxZGY2ODM6aGg0NTw3Nmg4OTYzQGkzajt1NW86OXk8MzM0NjMzQFNsa3ZpcUQ6amtqXmJmK2BeaWpgYTojNV4uYjA0Ml4xMTA2YTUwMWEjL2VvMWFhXmNeYS0tZDAvc3M%3D&btag=80000e00018000&dy_q=1785292365&feature_id=d6a18d7c5414b1f1e95a75faf9147845&l=202607291032444B588B66203F773C978F&ply_type=3&policy=eyJ2bSI6MywidWlkIjoiMzEyOTY1MDYwMzg4ODE4NSJ9,已使用,审核通过,优质,22,--,88.06,4329,68,1.57,1.3,20.34,6,14.68,8.82,0,0,0,0,1,0
"	7664925184852197385",0720-瑞晨引流-2.mp4,https://video-cn.oceanengine.com/3038669c06c548235c6f066321a0fb58/6a6c095c/tos-cn-ve-51/o8aYfLIhgJT61tCBDEBAAShE7LIAUQZQmLCzuz?a=1402&ch=0&cr=0&dr=3&cd=0%7C0%7C0%7C0&br=720&bt=720&cs=0&ds=3&ft=J9ThAGkHH_Myq8Z-FbY_e2NvjTQ&mime_type=video_mp4&qs=0&rc=NXZpTGRTaFBnKWxncmd5aHFsc3IxZGZlO2Y7ZTo1Njw0ZmU8aDhmQGkzPGw2M286PG88MzM0NjMzQFNsa3ZpcUQ6amtqXmJmK2BeaWpgYTojNS40YzNiNjYyMWM2M2IuNmEjZV8xamFhLy5jYS0tZDAvc3M%3D&btag=80000e00010000&dy_q=1785292365&feature_id=d6a18d7c5414b1f1e95a75faf9147845&l=202607291032444B588B66203F773C978F&ply_type=3&policy=eyJ2bSI6MywidWlkIjoiMzEyOTY1MDYwMzg4ODE4NSJ9,已使用,审核通过,--,4,--,127.36,6904,491,7.11,0.26,18.45,6,21.23,1.22,0,0,0,0,0,0
"	7663055225868468274",0714-引导-雅迪-2-改.mp4,https://video-cn.oceanengine.com/0b46c2719ce03060e61777c65646d988/6a6c0960/tos-cn-ve-51/oMS0Q4tVQYIAgBqnBEkAFjMkllopIAqWzdai1?a=1402&ch=0&cr=0&dr=3&cd=0%7C0%7C0%7C0&br=680&bt=680&cs=0&ds=3&ft=J9ThAGkHH_Myq8Z-FbY_e2NvjTQ&mime_type=video_mp4&qs=0&rc=NXZpTGRTaFBnKWxncmd5aHFsc3IxZGY5aTtoZTNoZTxkPGQ2PDo8QGlqb2Q8ZG86ZmQ8MzM0NjMzQFNsa3ZpcUQ6amtqXmJmK2BeaWpgYTojM2A2NWNhL14yMV9eMzJgYWEjZWhebmFhZjVgYS0tZDAvc3M%3D&btag=80000e00010000&dy_q=1785292365&feature_id=d6a18d7c5414b1f1e95a75faf9147845&l=202607291032444B588B66203F773C978F&ply_type=3&policy=eyJ2bSI6MywidWlkIjoiMzEyOTY1MDYwMzg4ODE4NSJ9,已使用,审核通过,首发,5,--,16.65,933,36,3.86,0.46,17.85,0,0,0,0,0,0,0,0,0
"	7664925203185598515",0720-瑞晨引流-7.mp4,https://video-cn.oceanengine.com/7ff57ba8aeb74daed9142e57a35920eb/6a6c095c/tos-cn-ve-51/oEOL1fC21kQIXDLqA1gINU3ajRS8SqDCA1eBgg?a=1402&ch=0&cr=0&dr=3&cd=0%7C0%7C0%7C0&br=987&bt=987&cs=0&ds=3&ft=J9ThAGkHH_Myq8Z-FbY_e2NvjTQ&mime_type=video_mp4&qs=0&rc=NXZpTGRTaFBnKWxncmd5aHFsc3IxZGY6MzllZzw6NjZlM2lnZTc1QGlqNWVxNm86PG88MzM0NjMzQFNsa3ZpcUQ6amtqXmJmK2BeaWpgYTojYS41LTRhLV8vMTRiLi1hMGEjNGRiamFhLy5jYS0tZDAvc3M%3D&btag=80000e00010000&dy_q=1785292365&feature_id=d6a18d7c5414b1f1e95a75faf9147845&l=202607291032444B588B66203F773C978F&ply_type=3&policy=eyJ2bSI6MywidWlkIjoiMzEyOTY1MDYwMzg4ODE4NSJ9,已使用,审核通过,--,4,--,2.37,77,3,3.9,0.79,30.78,0,0,0,0,0,0,0,0,0
"	7662604446477156362",0714-瑞晨引导-11.mp4,https://video-cn.oceanengine.com/93e56f3b60c80b6efcd631d65d446a25/6a6c0957/tos-cn-ve-51/oE1ouMRogd5wqaDDGxfBAuNI2VIAFQIgNTq8Qf?a=1402&ch=0&cr=0&dr=3&cd=0%7C0%7C0%7C0&cv=1&br=1551&bt=1551&cs=0&ds=3&ft=J9ThAGkHH_Myq8Z-FbY_e2NvjTQ&mime_type=video_mp4&qs=0&rc=NXZpTGRTaFBnKWxncmd5aHFsc3IxZGY8ZjY3NTM6OmgzNmVoPDRmQGkzdnQ0aW86ZWo8MzM0NjMzQFNsa3ZpcUQ6amtqXmJmK2BeaWpgYTojXi8uXzEzYDU0MTJhNGMtYWEjZmcubmFhZmhfYS0tZDBhc3M%3D&btag=80000e00008000&dy_q=1785292365&feature_id=d6a18d7c5414b1f1e95a75faf9147845&l=202607291032444B588B66203F773C978F&ply_type=3&policy=eyJ2bSI6MywidWlkIjoiMzEyOTY1MDYwMzg4ODE4NSJ9,已使用,审核通过,首发,12,--,21.27,1355,77,5.68,0.28,15.7,1,21.27,1.3,0,0,0,0,0,0
"	7662602421135540270",0714-引导-嘉丽-2.mp4,https://video-cn.oceanengine.com/b41825e47261e161be6104fa77c70ffb/6a6c0958/tos-cn-ve-51/ocIUI6tTL7hxtxmXgQaAEQKPmf1QCA5BB476IZ?a=1402&ch=0&cr=0&dr=3&cd=0%7C0%7C0%7C0&br=852&bt=852&cs=0&ds=3&ft=J9ThAGkHH_Myq8Z-FbY_e2NvjTQ&mime_type=video_mp4&qs=0&rc=NXZpTGRTaFBnKWxncmd5aHFsc3IxZGY2M2k8NTs1ZGc7ODdmZTk0QGkzazx4Om86cmo8MzM0NjMzQFNsa3ZpcUQ6amtqXmJmK2BeaWpgYTojNTI0NGAzMzU2MTUwYWI1NWEjcTZzc2FhZmRfYS0tZDAwc3M%3D&btag=80000e00008000&dy_q=1785292365&feature_id=d6a18d7c5414b1f1e95a75faf9147845&l=202607291032444B588B66203F773C978F&ply_type=3&policy=eyJ2bSI6MywidWlkIjoiMzEyOTY1MDYwMzg4ODE4NSJ9,已使用,审核通过,首发,11,--,36.91,2218,144,6.49,0.26,16.64,0,0,0,0,0,0,0,0,0
"	7663055198366597171",0716-引流-魏怡-5.mp4,https://video-cn.oceanengine.com/edce8449a1f76d43a2d728b2f1575d33/6a6c095b/tos-cn-ve-51/o8ILaIHdB7yhEFpfxQ1QtAmYIKmFAoBPpAqCQR?a=1402&ch=0&cr=0&dr=3&cd=0%7C0%7C0%7C0&cv=1&br=1482&bt=1482&cs=0&ds=3&ft=J9ThAGkHH_Myq8Z-FbY_e2NvjTQ&mime_type=video_mp4&qs=0&rc=NXZpTGRTaFBnKWxncmd5aHFsc3IxZGYzNWg5ZjU8Omg7NTc0NDRmQGlqeTNmNm86aGQ8MzM0NjMzQFNsa3ZpcUQ6amtqXmJmK2BeaWpgYTojYDM0Y18tM19eMTJiYmEzMmEjNC5tcGFhZjVgYS0tZDAvc3M%3D&btag=80000e00010000&dy_q=1785292365&feature_id=d6a18d7c5414b1f1e95a75faf9147845&l=202607291032444B588B66203F773C978F&ply_type=3&policy=eyJ2bSI6MywidWlkIjoiMzEyOTY1MDYwMzg4ODE4NSJ9,已使用,审核通过,--,8,--,7.38,399,19,4.76,0.39,18.5,1,7.38,5.26,0,0,0,0,0,0
"	7663055203151855666",0716-引导-小敏-2.mp4,https://video-cn.oceanengine.com/ef479ed0ccb4b1607b605646d4c7cca5/6a6c0956/tos-cn-ve-51/o0rvEILd5dIGpCYQAiaNEsGkxlzOAWBIoKwtA?a=1402&ch=0&cr=0&dr=3&cd=0%7C0%7C0%7C0&cv=1&br=822&bt=822&cs=0&ds=3&ft=J9ThAGkHH_Myq8Z-FbY_e2NvjTQ&mime_type=video_mp4&qs=0&rc=NXZpTGRTaFBnKWxncmd5aHFsc3IxZGZlaGhkaTppNGZnaDk7ZzVmQGlqOWRsZm86ZWQ8MzM0NjMzQFNsa3ZpcUQ6amtqXmJmK2BeaWpgYTojNGMuYDE1L19fMTAtMDVfNWEjaWQuLWFhLzVgYS0tZDAwc3M%3D&btag=80000e00008000&dy_q=1785292365&feature_id=d6a18d7c5414b1f1e95a75faf9147845&l=202607291032444B588B66203F773C978F&ply_type=3&policy=eyJ2bSI6MywidWlkIjoiMzEyOTY1MDYwMzg4ODE4NSJ9,已使用,审核通过,--,6,--,19.31,1193,46,3.86,0.42,16.19,0,0,0,0,0,0,0,0,0
"	7662604388957339657",0714-瑞晨引导-14.mp4,https://video-cn.oceanengine.com/edf38435fd4c9bc5e515e0dab7d38af5/6a6c0962/tos-cn-ve-51/okQQbbCUeruFR0edOgCqNAgGGoBjAcQIfIGrth?a=1402&ch=0&cr=0&dr=3&cd=0%7C0%7C0%7C0&br=1147&bt=1147&cs=0&ds=3&ft=J9ThAGkHH_Myq8Z-FbY_e2NvjTQ&mime_type=video_mp4&qs=0&rc=NXZpTGRTaFBnKWxncmd5aHFsc3IxZGY5ODNpZzhpOmQ0NGdnOzw2QGkzbnk0NG86ZWo8MzM0NjMzQFNsa3ZpcUQ6amtqXmJmK2BeaWpgYTojNC4zYTY0LTYvMTAvLy5eYGEjNXJfbWFhZmhfYS0tZDAwc3M%3D&btag=80000e00010000&dy_q=1785292365&feature_id=d6a18d7c5414b1f1e95a75faf9147845&l=202607291032444B588B66203F773C978F&ply_type=3&policy=eyJ2bSI6MywidWlkIjoiMzEyOTY1MDYwMzg4ODE4NSJ9,已使用,审核通过,--,2,--,0.52,18,0,0,0,28.89,0,0,0,0,0,0,0,0,0
"	7664925157362647090",0720-瑞晨引流-10.mp4,https://video-cn.oceanengine.com/d5ce66b4456b267d9f77f39c9ea621af/6a6c095c/tos-cn-ve-51/o0LB0I6fEQyma1EIggM7ASAhUALtQO2z1IhpRK?a=1402&ch=0&cr=0&dr=3&cd=0%7C0%7C0%7C0&br=1099&bt=1099&cs=0&ds=3&ft=J9ThAGkHH_Myq8Z-FbY_e2NvjTQ&mime_type=video_mp4&qs=0&rc=NXZpTGRTaFBnKWxncmd5aHFsc3IxZGZkNTpnOzNkZDY2aTRpZDw0QGkzNzNoOW86PG88MzM0NjMzQFNsa3ZpcUQ6amtqXmJmK2BeaWpgYTojNjMuMTUzX14xMTVgL2BhMWEjYTFiXmFhLy5jYS0tZDAvc3M%3D&btag=80000e00010000&dy_q=1785292365&feature_id=d6a18d7c5414b1f1e95a75faf9147845&l=202607291032444B588B66203F773C978F&ply_type=3&policy=eyJ2bSI6MywidWlkIjoiMzEyOTY1MDYwMzg4ODE4NSJ9,已使用,审核通过,--,3,--,0.94,50,4,8,0.24,18.8,0,0,0,0,0,0,0,0,0
"	7663102826089185323",0714-魏怡引流-2-修改.mp4,https://video-cn.oceanengine.com/6c7edb28b97fd11d0ad257d1bd2e0c90/6a6c0964/tos-cn-ve-51/ooPzldYUWjNIRJlENQg2NQNEA5atAch3XI4dQ?a=1402&ch=0&cr=0&dr=3&cd=0%7C0%7C0%7C0&br=1478&bt=1478&cs=0&ds=4&ft=J9ThAGkHH_Myq8Z-FbY_e2NvjTQ&mime_type=video_mp4&qs=0&rc=NXZpTGRTaFBnKWxncmd5aHFsc3IxZGY0PGk1Ojc4aTY6aDRlaTQ5QGkzZ3NtNG86d2Y8MzM0NjMzQFNsa3ZpcUQ6amtqXmJmK2BeaWpgYTojLy9eM2EvYV4wMTI2XzUtLWEjYmJiM2FhXnJgYS0tZDAvc3M%3D&btag=80000e00010000&dy_q=1785292365&feature_id=d6a18d7c5414b1f1e95a75faf9147845&l=202607291032444B588B66203F773C978F&ply_type=3&policy=eyJ2bSI6MywidWlkIjoiMzEyOTY1MDYwMzg4ODE4NSJ9,已使用,审核通过,--,3,--,0.08,3,0,0,0,26.67,0,0,0,0,0,0,0,0,0
"	7662989817081184266",0715瑞晨引流修改-3.mp4,https://video-cn.oceanengine.com/58969c0fb13bbfc00bd99be00d05daa9/6a6c0970/tos-cn-ve-51/osR9we7AAgB260g6eo13NqIcWQOij0N0Ga8DCE?a=1402&ch=0&cr=0&dr=3&cd=0%7C0%7C0%7C0&cv=1&br=1739&bt=1739&cs=0&ds=3&ft=J9ThAGkHH_Myq8Z-FbY_e2NvjTQ&mime_type=video_mp4&qs=0&rc=NXZpTGRTaFBnKWxncmd5aHFsc3IxZGY7aDc5aDplN2ZkOjM0ODVnQGkzdXVqaW86aDk8MzM0NjMzQFNsa3ZpcUQ6amtqXmJmK2BeaWpgYTojLy02NjEzMV8zMTAvMS0uYGEjc2hnYmFhbmVgYS0tZDBhc3M%3D&btag=80000e00018000&dy_q=1785292365&feature_id=d6a18d7c5414b1f1e95a75faf9147845&l=202607291032444B588B66203F773C978F&ply_type=3&policy=eyJ2bSI6MywidWlkIjoiMzEyOTY1MDYwMzg4ODE4NSJ9,未使用,审核通过,--,4,--,33.8,2446,25,1.02,1.35,13.82,1,33.8,4,0,0,0,0,0,0
"	7664925275834957834",0720-引导-嘉丽-1.mp4,https://video-cn.oceanengine.com/4c40a54e6e1d252b09395e1cce04390c/6a6c0962/tos-cn-ve-51/owygiZaOtGR1LUfR9moyAAsBsdkQIhgIQ16Vh7?a=1402&ch=0&cr=0&dr=3&cd=0%7C0%7C0%7C0&br=1300&bt=1300&cs=0&ds=3&ft=J9ThAGkHH_Myq8Z-FbY_e2NvjTQ&mime_type=video_mp4&qs=0&rc=NXZpTGRTaFBnKWxncmd5aHFsc3IxZGY6N2Y3Z2dpOmZlZjg0OmRlQGlqOzw1aG86dG88MzM0NjMzQFNsa3ZpcUQ6amtqXmJmK2BeaWpgYTojXy81NmEwNTYuMTFfYDA2YGEjcGBqb2FhZi9jYS0tZDAwc3M%3D&btag=80000e00010000&dy_q=1785292365&feature_id=d6a18d7c5414b1f1e95a75faf9147845&l=202607291032444B588B66203F773C978F&ply_type=3&policy=eyJ2bSI6MywidWlkIjoiMzEyOTY1MDYwMzg4ODE4NSJ9,已使用,审核通过,--,2,--,0,1,0,0,0,0,0,0,0,0,0,0,0,0,0
"	7662213071909732378",0713-引导-小敏-1.mp4,https://video-cn.oceanengine.com/ed3b967e858a53ec5eafde2a02cdcfdd/6a6c095c/tos-cn-ve-51/oQnQDEBTg51AhWEagwioAiMBmgVB4QSmKIfdia?a=1402&ch=0&cr=0&dr=3&cd=0%7C0%7C0%7C0&cv=1&br=874&bt=874&cs=0&ds=3&ft=J9ThAGkHH_Myq8Z-FbY_e2NvjTQ&mime_type=video_mp4&qs=0&rc=NXZpTGRTaFBnKWxncmd5aHFsc3IxZGY7Zjs2OzQ3ZjQ1NTVlO2c5QGlqdGQ7czlyPDk8MzM0NjMzQFNsa3ZpcUQ6amtqXmJmK2BeaWpgYTojYjQ2X2JhY180MS4wNTA1NmEjZDEucDJkc2ZkYS0tZDBhc3M%3D&btag=80000e00010000&dy_q=1785292365&feature_id=d6a18d7c5414b1f1e95a75faf9147845&l=202607291032444B588B66203F773C978F&ply_type=3&policy=eyJ2bSI6MywidWlkIjoiMzEyOTY1MDYwMzg4ODE4NSJ9,已使用,审核通过,--,2,--,2.38,123,1,0.81,2.38,19.35,0,0,0,0,0,0,0,0,0
"	7661186975484379190",微信视频_20260711163647.mp4,https://video-cn.oceanengine.com/27cb7e9f143088ca9831540465462083/6a6c0960/tos-cn-ve-51/13538b55e4c44081a302871672a0345d?a=1402&ch=0&cr=0&dr=3&cd=0%7C0%7C0%7C0&br=928&bt=928&cs=0&ds=3&ft=J9ThAGkHH_Myq8Z-FbY_e2NvjTQ&mime_type=video_mp4&qs=0&rc=NXZpTGRTaFBnKWxncmd5aHFsc3IxZGY8ZGVoZ2hnZTU5aWU2PGhkQGkzMzo2ZG86OXk8MzM0NjMzQFNsa3ZpcUQ6amtqXmJmK2BeaWpgYTojMC9jNF8uMTZeMV9gYl8xMGEjXmNiM2FhXmNeYS0tZDBhc3M%3D&btag=80000e00010000&dy_q=1785292365&feature_id=d6a18d7c5414b1f1e95a75faf9147845&l=202607291032444B588B66203F773C978F&ply_type=3&policy=eyJ2bSI6MywidWlkIjoiMzEyOTY1MDYwMzg4ODE4NSJ9,已使用,审核通过,--,5,--,0.14,2,0,0,0,70,0,0,0,0,0,0,0,0,0
"	7662602318490189862",0714-引导-小敏-2.mp4,https://video-cn.oceanengine.com/8df05d4189ad2842731c212e4e5f2028/6a6c095c/tos-cn-ve-51/oETTYtClrkEzlCEaIccPzAQJdWzOtIQAIIVXG?a=1402&ch=0&cr=0&dr=3&cd=0%7C0%7C0%7C0&cv=1&br=1254&bt=1254&cs=0&ds=3&ft=J9ThAGkHH_Myq8Z-FbY_e2NvjTQ&mime_type=video_mp4&qs=0&rc=NXZpTGRTaFBnKWxncmd5aHFsc3IxZGY0NGZlZjk7aWc7Omg6Njg5QGlqOWZsZW86cmo8MzM0NjMzQFNsa3ZpcUQ6amtqXmJmK2BeaWpgYTojLjUzNjRjNl9fMTQvMTUvYWEjbXBiNGFhZmRfYS0tZDBhc3M%3D&btag=80000e00010000&dy_q=1785292365&feature_id=d6a18d7c5414b1f1e95a75faf9147845&l=202607291032444B588B66203F773C978F&ply_type=3&policy=eyJ2bSI6MywidWlkIjoiMzEyOTY1MDYwMzg4ODE4NSJ9,已使用,审核通过,首发,9,--,22.62,1297,31,2.39,0.73,17.44,1,22.62,3.23,0,0,0,0,0,0
"	7664925388346507310",0720-浩正引导-5.mp4,https://video-cn.oceanengine.com/e559fa7e864e655cdbff3d225f590fee/6a6c0958/tos-cn-ve-51/ogI1admqBbaLDfO7qUti4QPYgEv1IQAF6ARhsA?a=1402&ch=0&cr=0&dr=3&cd=0%7C0%7C0%7C0&br=379&bt=379&cs=0&ds=3&ft=J9ThAGkHH_Myq8Z-FbY_e2NvjTQ&mime_type=video_mp4&qs=0&rc=NXZpTGRTaFBnKWxncmd5aHFsc3IxZGY0aDNlNjlnaDg6Njw8NjM3QGkzMzk5NW86dm88MzM0NjMzQFNsa3ZpcUQ6amtqXmJmK2BeaWpgYTojLjEyXl4vMV5gMTY0LzJjYGEjLnFob2FhLy9jYS0tZDAwc3M%3D&btag=80000e00008000&dy_q=1785292365&feature_id=d6a18d7c5414b1f1e95a75faf9147845&l=202607291032444B588B66203F773C978F&ply_type=3&policy=eyJ2bSI6MywidWlkIjoiMzEyOTY1MDYwMzg4ODE4NSJ9,已使用,审核通过,--,2,--,11.34,617,43,6.97,0.26,18.38,0,0,0,0,0,0,0,0,0
"	7664925189496602651",0720-瑞晨引流-6.mp4,https://video-cn.oceanengine.com/ba83d5ddc60558a19b6380d8f5c43d49/6a6c095c/tos-cn-ve-51/oYC8gRNy1ASqaafDkf2U1kQLXBDIl6ag0uNKCA?a=1402&ch=0&cr=0&dr=3&cd=0%7C0%7C0%7C0&br=620&bt=620&cs=0&ds=3&ft=J9ThAGkHH_Myq8Z-FbY_e2NvjTQ&mime_type=video_mp4&qs=0&rc=NXZpTGRTaFBnKWxncmd5aHFsc3IxZGZnNTY5ZTwzZWgzNmczZGQ5QGlqOXhxZ286PG88MzM0NjMzQFNsa3ZpcUQ6amtqXmJmK2BeaWpgYTojXjIwL18uM181MS1hXzIyM2Ejcm4yMWFhLy5jYS0tZDAwc3M%3D&btag=80000e00010000&dy_q=1785292365&feature_id=d6a18d7c5414b1f1e95a75faf9147845&l=202607291032444B588B66203F773C978F&ply_type=3&policy=eyJ2bSI6MywidWlkIjoiMzEyOTY1MDYwMzg4ODE4NSJ9,已使用,审核通过,--,5,--,2.14,120,3,2.5,0.71,17.83,0,0,0,0,0,0,0,0,0
"	7662602433123483686",0714-引导-嘉丽-1.mp4,https://video-cn.oceanengine.com/8097dcc756346bc234a3b30a18dc5852/6a6c0957/tos-cn-ve-51/o8daEzldDItYIkttvaHOQUMCCIAXWETc2XIkA?a=1402&ch=0&cr=0&dr=3&cd=0%7C0%7C0%7C0&cv=1&br=356&bt=356&cs=0&ds=3&ft=J9ThAGkHH_Myq8Z-FbY_e2NvjTQ&mime_type=video_mp4&qs=0&rc=NXZpTGRTaFBnKWxncmd5aHFsc3IxZGZlaTM3ZWZoOjc8OjVlNzg7QGlqNztzZ286cmo8MzM0NjMzQFNsa3ZpcUQ6amtqXmJmK2BeaWpgYTojLy00NWJfMl4tMWNgLTViXmEjX2wta2FhZmRfYS0tZDBhc3M%3D&btag=80000e00008000&dy_q=1785292365&feature_id=d6a18d7c5414b1f1e95a75faf9147845&l=202607291032444B588B66203F773C978F&ply_type=3&policy=eyJ2bSI6MywidWlkIjoiMzEyOTY1MDYwMzg4ODE4NSJ9,已使用,审核通过,--,10,--,4.21,123,2,1.63,2.11,34.23,0,0,0,0,0,0,0,0,0
"	7662989744205479974",0714瑞晨引流修改-15.mp4,https://video-cn.oceanengine.com/da5dd1eb301cd7510f473e1500c13b2d/6a6c095a/tos-cn-ve-51/oMNfI7t46ChdmdLYAQaAERLbmK1QaApBCD7Doi?a=1402&ch=0&cr=0&dr=3&cd=0%7C0%7C0%7C0&cv=1&br=1764&bt=1764&cs=0&ds=3&ft=J9ThAGkHH_Myq8Z-FbY_e2NvjTQ&mime_type=video_mp4&qs=0&rc=NXZpTGRTaFBnKWxncmd5aHFsc3IxZGY6OmU5Njg3ODVkMzc0NGYzQGlqdzpqZ286aDk8MzM0NjMzQFNsa3ZpcUQ6amtqXmJmK2BeaWpgYTojYDNiY2I1LjU1MTViXzFiYmEjcXI1ZmFhbmVgYS0tZDAvc3M%3D&btag=80000e00008000&dy_q=1785292365&feature_id=d6a18d7c5414b1f1e95a75faf9147845&l=202607291032444B588B66203F773C978F&ply_type=3&policy=eyJ2bSI6MywidWlkIjoiMzEyOTY1MDYwMzg4ODE4NSJ9,已使用,审核通过,首发,14,--,53.77,2892,96,3.32,0.56,18.59,3,17.92,3.13,0,0,0,0,1,0
"	7665242096884973618",0713-引导-小敏-5.mp4,https://video-cn.oceanengine.com/2e1d222d39501798e96ad56f8d8cdc81/6a6c095b/tos-cn-ve-51/o8UkSgD1qBeOShsa2DsGEAQ9DAfARYNgFNI4Ln?a=1402&ch=0&cr=0&dr=3&cd=0%7C0%7C0%7C0&br=1019&bt=1019&cs=0&ds=4&ft=J9ThAGkHH_Myq8Z-FbY_e2NvjTQ&mime_type=video_mp4&qs=0&rc=NXZpTGRTaFBnKWxncmd5aHFsc3IxZGZpOTs3aTNmN2Q7MzhmZzU4QGkzPHluNm86PDk8MzM0NjMzQFNsa3ZpcUQ6amtqXmJmK2BeaWpgYTojYy00YzYxYF4yMV9hMGIuXmEjMmBfa2FhbmZkYS0tZDAwc3M%3D&btag=80000200010000&dy_q=1785292365&feature_id=d6a18d7c5414b1f1e95a75faf9147845&l=202607291032444B588B66203F773C978F&ply_type=3&policy=eyJ2bSI6MywidWlkIjoiMzEyOTY1MDYwMzg4ODE4NSJ9,未使用,审核不通过,--,0,--,0,0,0,0,0,0,0,0,0,0,0,0,0,0,0
"	7664925453538852910",0720-瑞晨引流-4.mp4,https://video-cn.oceanengine.com/e9bfce0c3362dd861ba42164d816e124/6a6c095c/tos-cn-ve-51/okImhh1A602uxS4faAQodLtyXCgABQIY7UBMsL?a=1402&ch=0&cr=0&dr=3&cd=0%7C0%7C0%7C0&br=566&bt=566&cs=0&ds=3&ft=J9ThAGkHH_Myq8Z-FbY_e2NvjTQ&mime_type=video_mp4&qs=0&rc=NXZpTGRTaFBnKWxncmd5aHFsc3IxZGY0Nzk1aDQ3Z2Q2Omg6ODs5QGkzaDZvZm86PG88MzM0NjMzQFNsa3ZpcUQ6amtqXmJmK2BeaWpgYTojYDYyMDY2MzZfMV9fMTM0Y2EjcjVkX2FhLy5jYS0tZDAvc3M%3D&btag=80000e00010000&dy_q=1785292365&feature_id=d6a18d7c5414b1f1e95a75faf9147845&l=202607291032444B588B66203F773C978F&ply_type=3&policy=eyJ2bSI6MywidWlkIjoiMzEyOTY1MDYwMzg4ODE4NSJ9,已使用,审核通过,--,4,--,0,0,0,0,0,0,0,0,0,0,0,0,0,0,0
"	7664925207200579630",0720-瑞晨引流-9.mp4,https://video-cn.oceanengine.com/0fdfab75d396e3646272b3a8e86f90a1/6a6c095c/tos-cn-ve-51/ooFKAoJeTYAXoMJifUslEtSA1ZMAUJefiO4deg?a=1402&ch=0&cr=0&dr=3&cd=0%7C0%7C0%7C0&br=643&bt=643&cs=0&ds=3&ft=J9ThAGkHH_Myq8Z-FbY_e2NvjTQ&mime_type=video_mp4&qs=0&rc=NXZpTGRTaFBnKWxncmd5aHFsc3IxZGZoaDk5Ozg3MztoOTVpaTVoQGlqNTp2bDlyPG88MzM0NjMzQFNsa3ZpcUQ6amtqXmJmK2BeaWpgYTojNi0vNTVeMzVjMTBeNTYvLmEjZDBgXzJkNC5jYS0tZDBhc3M%3D&btag=80000e00010000&dy_q=1785292365&feature_id=d6a18d7c5414b1f1e95a75faf9147845&l=202607291032444B588B66203F773C978F&ply_type=3&policy=eyJ2bSI6MywidWlkIjoiMzEyOTY1MDYwMzg4ODE4NSJ9,已使用,审核通过,--,3,--,0,0,0,0,0,0,0,0,0,0,0,0,0,0,0
"	7664925201298063370",0720-瑞晨引流-3.mp4,https://video-cn.oceanengine.com/dd8b09198b338dee75d9fb005a5f09b8/6a6c095c/tos-cn-ve-51/oEAVgBL1h7SgDmzIhcfIAtULiaIv16QXn7ZgZQ?a=1402&ch=0&cr=0&dr=3&cd=0%7C0%7C0%7C0&br=859&bt=859&cs=0&ds=3&ft=J9ThAGkHH_Myq8Z-FbY_e2NvjTQ&mime_type=video_mp4&qs=0&rc=NXZpTGRTaFBnKWxncmd5aHFsc3IxZGZpZTRlZWczMzw1Zmk1Zzk8QGkzbTNlZW86PG88MzM0NjMzQFNsa3ZpcUQ6amtqXmJmK2BeaWpgYTojLWItLjIwMF5hMTEwMDU2LmEja20zcWFhLy5jYS0tZDAwc3M%3D&btag=80000e00010000&dy_q=1785292365&feature_id=d6a18d7c5414b1f1e95a75faf9147845&l=202607291032444B588B66203F773C978F&ply_type=3&policy=eyJ2bSI6MywidWlkIjoiMzEyOTY1MDYwMzg4ODE4NSJ9,已使用,审核通过,--,3,--,0,0,0,0,0,0,0,0,0,0,0,0,0,0,0
"	7664925158484607003",0720-瑞晨引流-8.mp4,https://video-cn.oceanengine.com/b2559d63996664e19d96036a41eab343/6a6c095c/tos-cn-ve-51/oQX9gg12zeGIeDJeBAqARFv1bsUAoClGFqtSjA?a=1402&ch=0&cr=0&dr=3&cd=0%7C0%7C0%7C0&br=747&bt=747&cs=0&ds=3&ft=J9ThAGkHH_Myq8Z-FbY_e2NvjTQ&mime_type=video_mp4&qs=0&rc=NXZpTGRTaFBnKWxncmd5aHFsc3IxZGZoNmhpaWY8OGg2N2hmOTRoQGkzamxzaG86PG88MzM0NjMzQFNsa3ZpcUQ6amtqXmJmK2BeaWpgYTojXmIwYGFjYjU2MTAwNTBeMmEjcHJwamFhLy5jYS0tZDAwc3M%3D&btag=80000e00010000&dy_q=1785292365&feature_id=d6a18d7c5414b1f1e95a75faf9147845&l=202607291032444B588B66203F773C978F&ply_type=3&policy=eyJ2bSI6MywidWlkIjoiMzEyOTY1MDYwMzg4ODE4NSJ9,已使用,审核通过,--,2,--,0,0,0,0,0,0,0,0,0,0,0,0,0,0,0
"	7664925370136707098",0720-浩正引导-2.mp4,https://video-cn.oceanengine.com/2f726fe9ae787e67b592b8d667646df4/6a6c0976/tos-cn-ve-51/o4uiQhWQ4aAaU3NDU6tMAm1gyBdQAAlLIPIwf7?a=1402&ch=0&cr=0&dr=3&cd=0%7C0%7C0%7C0&br=1330&bt=1330&cs=0&ds=3&ft=J9ThAGkHH_Myq8Z-FbY_e2NvjTQ&mime_type=video_mp4&qs=0&rc=NXZpTGRTaFBnKWxncmd5aHFsc3IxZGY0PDZkZjNpaDg4aTpnNThlQGlqM3g5OW86dm88MzM0NjMzQFNsa3ZpcUQ6amtqXmJmK2BeaWpgYTojXy80MmI1NjY1MWI0NS82MWEjMnFwMWFhLy9jYS0tZDAvc3M%3D&btag=80000e00018000&dy_q=1785292365&feature_id=d6a18d7c5414b1f1e95a75faf9147845&l=202607291032444B588B66203F773C978F&ply_type=3&policy=eyJ2bSI6MywidWlkIjoiMzEyOTY1MDYwMzg4ODE4NSJ9,已使用,审核通过,--,1,--,0,0,0,0,0,0,0,0,0,0,0,0,0,0,0
"	7664925350633455626",0720-浩正引导-4.mp4,https://video-cn.oceanengine.com/e694dbb6a0bfc13ed157e78011cc0277/6a6c095d/tos-cn-ve-51/oQFXDfwwDEANIYUZTgqgFBBfQKN1AFNwaA5D5S?a=1402&ch=0&cr=0&dr=3&cd=0%7C0%7C0%7C0&br=771&bt=771&cs=0&ds=3&ft=J9ThAGkHH_Myq8Z-FbY_e2NvjTQ&mime_type=video_mp4&qs=0&rc=NXZpTGRTaFBnKWxncmd5aHFsc3IxZGY4NzVmZDkzZTs2PDpoaWU8QGkzZmxycjlydm88MzM0NjMzQFNsa3ZpcUQ6amtqXmJmK2BeaWpgYTojMzQuMGNiXjZgMS8yMC0zXmEjcGE0MTJkNC9jYS0tZDBhc3M%3D&btag=80000e00010000&dy_q=1785292365&feature_id=d6a18d7c5414b1f1e95a75faf9147845&l=202607291032444B588B66203F773C978F&ply_type=3&policy=eyJ2bSI6MywidWlkIjoiMzEyOTY1MDYwMzg4ODE4NSJ9,已使用,审核通过,--,1,--,0,0,0,0,0,0,0,0,0,0,0,0,0,0,0
"	7664925347524378633",0720-引导-嘉丽-2.mp4,https://video-cn.oceanengine.com/a153fa8ba4512a3e72a66ee09e98e355/6a6c0956/tos-cn-ve-51/ogfYZtAmha1KLABiUQNDAvYYQIC1viA7K4I36R?a=1402&ch=0&cr=0&dr=3&cd=0%7C0%7C0%7C0&br=485&bt=485&cs=0&ds=3&ft=J9ThAGkHH_Myq8Z-FbY_e2NvjTQ&mime_type=video_mp4&qs=0&rc=NXZpTGRTaFBnKWxncmd5aHFsc3IxZGZpZzw4ZDRkZDZpaTc5MzdlQGkzNDNyZm86dG88MzM0NjMzQFNsa3ZpcUQ6amtqXmJmK2BeaWpgYTojLV9fNDRjXjUzMTVhYzQtNWEjM2xgb2FhZi9jYS0tZDAvc3M%3D&btag=80000e00008000&dy_q=1785292365&feature_id=d6a18d7c5414b1f1e95a75faf9147845&l=202607291032444B588B66203F773C978F&ply_type=3&policy=eyJ2bSI6MywidWlkIjoiMzEyOTY1MDYwMzg4ODE4NSJ9,已使用,审核通过,--,1,--,0,0,0,0,0,0,0,0,0,0,0,0,0,0,0
"	7664925326633189386",0720-浩正引导-1.mp4,https://video-cn.oceanengine.com/df2b280dfbcfdd2f8541a579aac735c9/6a6c095a/tos-cn-ve-51/ocAgfLihLv2ZGU1HbeWCqOGNAaIZBamIfUBzQS?a=1402&ch=0&cr=0&dr=3&cd=0%7C0%7C0%7C0&br=2288&bt=2288&cs=0&ds=3&ft=J9ThAGkHH_Myq8Z-FbY_e2NvjTQ&mime_type=video_mp4&qs=0&rc=NXZpTGRTaFBnKWxncmd5aHFsc3IxZGZnaGc8NmQ5ZjU5PDQ4Zmc8QGlqaW1zbTlydm88MzM0NjMzQFNsa3ZpcUQ6amtqXmJmK2BeaWpgYTojMmMvYjYzLl40MWFiX2A1MGEjaGVhYjJkNC9jYS0tZDBhc3M%3D&btag=80000e00008000&dy_q=1785292365&feature_id=d6a18d7c5414b1f1e95a75faf9147845&l=202607291032444B588B66203F773C978F&ply_type=3&policy=eyJ2bSI6MywidWlkIjoiMzEyOTY1MDYwMzg4ODE4NSJ9,已使用,审核通过,--,2,--,0,0,0,0,0,0,0,0,0,0,0,0,0,0,0
"	7664925314946793518",0718-魏怡引流-6.mp4,https://video-cn.oceanengine.com/5edfa3a5dead2345d801d9f3753a3f70/6a6c0954/tos-cn-ve-51/oYQfIgAtNV9XA2Dq4FCzf4B7EFtDmEFgND1HBJ?a=1402&ch=0&cr=0&dr=3&cd=0%7C0%7C0%7C0&br=3003&bt=3003&cs=0&ds=4&ft=J9ThAGkHH_Myq8Z-FbY_e2NvjTQ&mime_type=video_mp4&qs=0&rc=NXZpTGRTaFBnKWxncmd5aHFsc3IxZGY7aTxlMzRoM2k2ODY7OWVmQGkzdnQ6cDlyc288MzM0NjMzQFNsa3ZpcUQ6amtqXmJmK2BeaWpgYTojNWEyNWMyYzVgMWMtYmE0LmEjLjBjcjJkay9jYS0tZDBhc3M%3D&btag=80000200008000&dy_q=1785292365&feature_id=d6a18d7c5414b1f1e95a75faf9147845&l=202607291032444B588B66203F773C978F&ply_type=3&policy=eyJ2bSI6MywidWlkIjoiMzEyOTY1MDYwMzg4ODE4NSJ9,未使用,审核不通过,--,0,--,0,0,0,0,0,0,0,0,0,0,0,0,0,0,0
"	7664925308233072686",0718-魏怡引流修改-4.mp4,https://video-cn.oceanengine.com/2a00a28e81fa60e8d4c9138d3acc60ac/6a6c0954/tos-cn-ve-51/oQMg3GLQWDLqBbNeGAOffaUYUCbsvAUmII1Cgn?a=1402&ch=0&cr=0&dr=3&cd=0%7C0%7C0%7C0&br=2032&bt=2032&cs=0&ds=3&ft=J9ThAGkHH_Myq8Z-FbY_e2NvjTQ&mime_type=video_mp4&qs=0&rc=NXZpTGRTaFBnKWxncmd5aHFsc3IxZGZmOTNkZWc2NGZkZGgzaDk8QGlqOWU2bTlyc288MzM0NjMzQFNsa3ZpcUQ6amtqXmJmK2BeaWpgYTojXjYuNGFhMF5hMWJjYzJgL2EjMmBzaDJkay9jYS0tZDBhc3M%3D&btag=80000e00008000&dy_q=1785292365&feature_id=d6a18d7c5414b1f1e95a75faf9147845&l=202607291032444B588B66203F773C978F&ply_type=3&policy=eyJ2bSI6MywidWlkIjoiMzEyOTY1MDYwMzg4ODE4NSJ9,已使用,审核通过,--,1,--,0,0,0,0,0,0,0,0,0,0,0,0,0,0,0
"	7664925294730936366",0720-浩正引导-3.mp4,https://video-cn.oceanengine.com/ab3ff91793d726074a2abb741167be29/6a6c0959/tos-cn-ve-51/os1BCa1XNDAnZIpwof2QfFBAUg1gYsCbXqRkWS?a=1402&ch=0&cr=0&dr=3&cd=0%7C0%7C0%7C0&br=851&bt=851&cs=0&ds=3&ft=J9ThAGkHH_Myq8Z-FbY_e2NvjTQ&mime_type=video_mp4&qs=0&rc=NXZpTGRTaFBnKWxncmd5aHFsc3IxZGY7OmU1NjM4OWc4Mzk3ZDZoQGkzZXE6ZW86dm88MzM0NjMzQFNsa3ZpcUQ6amtqXmJmK2BeaWpgYTojMjNfNTNeNjZjMTMuXmA2X2EjNmlxLWFhLy9jYS0tZDAvc3M%3D&btag=80000e00008000&dy_q=1785292365&feature_id=d6a18d7c5414b1f1e95a75faf9147845&l=202607291032444B588B66203F773C978F&ply_type=3&policy=eyJ2bSI6MywidWlkIjoiMzEyOTY1MDYwMzg4ODE4NSJ9,已使用,审核通过,--,1,--,0,0,0,0,0,0,0,0,0,0,0,0,0,0,0
"	7664925154368028698",0718瑞晨24-修改.mp4,https://video-cn.oceanengine.com/065a2f3368a62494b50d1e28c51c5b44/6a6c0957/tos-cn-ve-51/742adf3f427541c391ab088a98169571?a=1402&ch=0&cr=0&dr=3&cd=0%7C0%7C0%7C0&br=1828&bt=1828&cs=0&ds=3&ft=J9ThAGkHH_Myq8Z-FbY_e2NvjTQ&mime_type=video_mp4&qs=0&rc=NXZpTGRTaFBnKWxncmd5aHFsc3IxZGZmZGU6PDg4M2c0NGRpZWk8QGkzOWp3OG86PG88MzM0NjMzQFNsa3ZpcUQ6amtqXmJmK2BeaWpgYTojNjIuYy80YTVfMWFgYWM1YWEjbmAyc2FhLy5jYS0tZDAwc3M%3D&btag=80000e00008000&dy_q=1785292365&feature_id=d6a18d7c5414b1f1e95a75faf9147845&l=202607291032444B588B66203F773C978F&ply_type=3&policy=eyJ2bSI6MywidWlkIjoiMzEyOTY1MDYwMzg4ODE4NSJ9,已使用,审核通过,--,1,--,0,0,0,0,0,0,0,0,0,0,0,0,0,0,0
"	7664925096461697033",0718瑞晨15-修改.mp4,https://video-cn.oceanengine.com/313fbfdd3050fe91a0d79fb3bacf0a68/6a6c095a/tos-cn-ve-51/osDAtCqTgUNQ2keDa1AKBQI1fg7DXvKBGpRxL2?a=1402&ch=0&cr=0&dr=3&cd=0%7C0%7C0%7C0&br=1131&bt=1131&cs=0&ds=3&ft=J9ThAGkHH_Myq8Z-FbY_e2NvjTQ&mime_type=video_mp4&qs=0&rc=NXZpTGRTaFBnKWxncmd5aHFsc3IxZGZlNmk2PDk1M2RnNWc1NTo0QGlqO3RsZ286PG88MzM0NjMzQFNsa3ZpcUQ6amtqXmJmK2BeaWpgYTojYmEwXmMvMzZfMTMvYjFhM2EjLl5ia2FhLy5jYS0tZDAwc3M%3D&btag=80000e00008000&dy_q=1785292365&feature_id=d6a18d7c5414b1f1e95a75faf9147845&l=202607291032444B588B66203F773C978F&ply_type=3&policy=eyJ2bSI6MywidWlkIjoiMzEyOTY1MDYwMzg4ODE4NSJ9,已使用,审核通过,--,2,--,0,0,0,0,0,0,0,0,0,0,0,0,0,0,0
"	7663465010937724969",0717-引导-小敏-4.mp4,https://video-cn.oceanengine.com/0f5851ee98cddeadeb87cb5ac64efe97/6a6c095f/tos-cn-ve-51/o8CLQoeYaAV1txwBka7dQdIWLAhEYK5QBYmTxA?a=1402&ch=0&cr=0&dr=3&cd=0%7C0%7C0%7C0&br=1219&bt=1219&cs=0&ds=4&ft=J9ThAGkHH_Myq8Z-FbY_e2NvjTQ&mime_type=video_mp4&qs=0&rc=NXZpTGRTaFBnKWxncmd5aHFsc3IxZGZoNGU0aTg0NGY4Ojc3NGY3QGkzeDQ2M286bDQ8MzM0NjMzQFNsa3ZpcUQ6amtqXmJmK2BeaWpgYTojYmMxXl40YV8uMTVeYDAtMGEjMm0wamFhXmVhYS0tZDAvc3M%3D&btag=80000200010000&dy_q=1785292365&feature_id=d6a18d7c5414b1f1e95a75faf9147845&l=202607291032444B588B66203F773C978F&ply_type=3&policy=eyJ2bSI6MywidWlkIjoiMzEyOTY1MDYwMzg4ODE4NSJ9,未使用,审核不通过,--,1,--,0,0,0,0,0,0,0,0,0,0,0,0,0,0,0
"	7663465010145067049",0717-引导-嘉丽-3.mp4,https://video-cn.oceanengine.com/5c66a091c3749dd69f3ef509fd87d640/6a6c0960/tos-cn-ve-51/oYpdQTtyTaIVQDvCBEUAWcyYClGdIA0WzdaoY?a=1402&ch=0&cr=0&dr=3&cd=0%7C0%7C0%7C0&br=1279&bt=1279&cs=0&ds=4&ft=J9ThAGkHH_Myq8Z-FbY_e2NvjTQ&mime_type=video_mp4&qs=0&rc=NXZpTGRTaFBnKWxncmd5aHFsc3IxZGY6Zzk1aDc3ZWQ0ZzY2Ojw0QGkzbDpqaW86bDQ8MzM0NjMzQFNsa3ZpcUQ6amtqXmJmK2BeaWpgYTojNGAzL2BhLzZgMWI2MTNiMmEjYjZpYmFhXmVhYS0tZDBhc3M%3D&btag=80000200010000&dy_q=1785292365&feature_id=d6a18d7c5414b1f1e95a75faf9147845&l=202607291032444B588B66203F773C978F&ply_type=3&policy=eyJ2bSI6MywidWlkIjoiMzEyOTY1MDYwMzg4ODE4NSJ9,未使用,审核不通过,--,1,--,0,0,0,0,0,0,0,0,0,0,0,0,0,0,0
"	7663464931710550079",0717-引导-小敏-1.mp4,https://video-cn.oceanengine.com/b9ae66e9369758c8b80da880d8bf240c/6a6c095f/tos-cn-ve-51/oYEmxm1AQ5MDZkbaagIZeLt5DEQAyQId7dBFrW?a=1402&ch=0&cr=0&dr=3&cd=0%7C0%7C0%7C0&br=1853&bt=1853&cs=0&ds=4&ft=J9ThAGkHH_Myq8Z-FbY_e2NvjTQ&mime_type=video_mp4&qs=0&rc=NXZpTGRTaFBnKWxncmd5aHFsc3IxZGY6ODs4NTo3ZDU0NWRpMzlpQGlqeDd3aG86bDQ8MzM0NjMzQFNsa3ZpcUQ6amtqXmJmK2BeaWpgYTojXjZgXmBgL15iMTFgMGFgLWEjYW1jZGFhL2VhYS0tZDBhc3M%3D&btag=80000200010000&dy_q=1785292365&feature_id=d6a18d7c5414b1f1e95a75faf9147845&l=202607291032444B588B66203F773C978F&ply_type=3&policy=eyJ2bSI6MywidWlkIjoiMzEyOTY1MDYwMzg4ODE4NSJ9,未使用,审核不通过,--,0,--,0,0,0,0,0,0,0,0,0,0,0,0,0,0,0
"	7663465049147473962",0717-引导-嘉丽-2.mp4,https://video-cn.oceanengine.com/0128b3b0b8464be353a7fd57242a7d34/6a6c0961/tos-cn-ve-51/o8MNFW2iEIRdf0DgDljIYAgQ1RA3aAgeABbqhI?a=1402&ch=0&cr=0&dr=3&cd=0%7C0%7C0%7C0&br=1676&bt=1676&cs=0&ds=4&ft=J9ThAGkHH_Myq8Z-FbY_e2NvjTQ&mime_type=video_mp4&qs=0&rc=NXZpTGRTaFBnKWxncmd5aHFsc3IxZGZpNWQ2NWc2ZGRpZmg7aGc1QGkzaTc5NG86bDQ8MzM0NjMzQFNsa3ZpcUQ6amtqXmJmK2BeaWpgYTojYmMuX2JhM141MTAwYTYzLmEjMC1eXmFhL2VhYS0tZDAwc3M%3D&btag=80000200010000&dy_q=1785292365&feature_id=d6a18d7c5414b1f1e95a75faf9147845&l=202607291032444B588B66203F773C978F&ply_type=3&policy=eyJ2bSI6MywidWlkIjoiMzEyOTY1MDYwMzg4ODE4NSJ9,未使用,审核不通过,--,0,--,0,0,0,0,0,0,0,0,0,0,0,0,0,0,0
"	7663465019666415622",0717-瑞晨引流-7.mp4,https://video-cn.oceanengine.com/8968a46216e1abc2fb05760e2f9231d2/6a6c095a/tos-cn-ve-51/o0pDXzldNYtxI6jxGaQpwhWNhSAaWEQo0KI0A?a=1402&ch=0&cr=0&dr=3&cd=0%7C0%7C0%7C0&br=2210&bt=2210&cs=0&ds=4&ft=J9ThAGkHH_Myq8Z-FbY_e2NvjTQ&mime_type=video_mp4&qs=0&rc=NXZpTGRTaFBnKWxncmd5aHFsc3IxZGZpZWY1aTM0N2RmNTU2NzY1QGkzcW9oNm86azQ8MzM0NjMzQFNsa3ZpcUQ6amtqXmJmK2BeaWpgYTojNjFhXjAzNDY0MTM2LTQ1MWEjMmBlMGFhbmVhYS0tZDAwc3M%3D&btag=80000200008000&dy_q=1785292365&feature_id=d6a18d7c5414b1f1e95a75faf9147845&l=202607291032444B588B66203F773C978F&ply_type=3&policy=eyJ2bSI6MywidWlkIjoiMzEyOTY1MDYwMzg4ODE4NSJ9,未使用,审核不通过,--,0,--,0,0,0,0,0,0,0,0,0,0,0,0,0,0,0
"	7663465017547587620",0717-引导-嘉丽-5.mp4,https://video-cn.oceanengine.com/441e9980c2241c5c5a6b935f1f76cd3f/6a6c095f/tos-cn-ve-51/oApQToGrEIzw90GUPIadAatTYLWJQGlkxndAY?a=1402&ch=0&cr=0&dr=3&cd=0%7C0%7C0%7C0&br=2945&bt=2945&cs=0&ds=4&ft=J9ThAGkHH_Myq8Z-FbY_e2NvjTQ&mime_type=video_mp4&qs=0&rc=NXZpTGRTaFBnKWxncmd5aHFsc3IxZGZoZWc1ZDc3aTw8MzU7OTZkQGkzd3NsZW86azQ8MzM0NjMzQFNsa3ZpcUQ6amtqXmJmK2BeaWpgYTojXzNgLzNiXzU0MTZhXzEtL2EjXjQ1NGFhbmVhYS0tZDBhc3M%3D&btag=80000e00010000&dy_q=1785292365&feature_id=d6a18d7c5414b1f1e95a75faf9147845&l=202607291032444B588B66203F773C978F&ply_type=3&policy=eyJ2bSI6MywidWlkIjoiMzEyOTY1MDYwMzg4ODE4NSJ9,未使用,审核通过,--,1,--,0,0,0,0,0,0,0,0,0,0,0,0,0,0,0
"	7663464993653735443",0717-引导-嘉丽-1.mp4,https://video-cn.oceanengine.com/ff90d89d472ebbe27ce2f778b04e1a08/6a6c095d/tos-cn-ve-51/ooaQBlMQ7tA5VLgQIm0ahjoPQKYIxL10fAHoAg?a=1402&ch=0&cr=0&dr=3&cd=0%7C0%7C0%7C0&br=2112&bt=2112&cs=0&ds=4&ft=J9ThAGkHH_Myq8Z-FbY_e2NvjTQ&mime_type=video_mp4&qs=0&rc=NXZpTGRTaFBnKWxncmd5aHFsc3IxZGY6OWdoNjpmZGY2PDc7NTxkQGkzOGo7OG86azQ8MzM0NjMzQFNsa3ZpcUQ6amtqXmJmK2BeaWpgYTojX2MzLzIzMF41MWFhYTY2M2EjMWNycmFhbmVhYS0tZDAvc3M%3D&btag=80000200010000&dy_q=1785292365&feature_id=d6a18d7c5414b1f1e95a75faf9147845&l=202607291032444B588B66203F773C978F&ply_type=3&policy=eyJ2bSI6MywidWlkIjoiMzEyOTY1MDYwMzg4ODE4NSJ9,未使用,审核不通过,--,0,--,0,0,0,0,0,0,0,0,0,0,0,0,0,0,0
"	7663464993518927908",0717-引导-小敏-2.mp4,https://video-cn.oceanengine.com/d2d1e2c37f654d2299be9d626c7b9e18/6a6c095a/tos-cn-ve-51/o8kzW0LIToadBQtoy7tIA2sDIIdAaE8WQAElY?a=1402&ch=0&cr=0&dr=3&cd=0%7C0%7C0%7C0&br=992&bt=992&cs=0&ds=4&ft=J9ThAGkHH_Myq8Z-FbY_e2NvjTQ&mime_type=video_mp4&qs=0&rc=NXZpTGRTaFBnKWxncmd5aHFsc3IxZGZmNTZoZDUzNDlmZWg4ODRpQGlqZWZnZm86bDQ8MzM0NjMzQFNsa3ZpcUQ6amtqXmJmK2BeaWpgYTojYGBiMTZhNTY1MWEyNjJgMGEjcS1kbmFhL2VhYS0tZDBhc3M%3D&btag=80000200008000&dy_q=1785292365&feature_id=d6a18d7c5414b1f1e95a75faf9147845&l=202607291032444B588B66203F773C978F&ply_type=3&policy=eyJ2bSI6MywidWlkIjoiMzEyOTY1MDYwMzg4ODE4NSJ9,未使用,审核不通过,--,0,--,0,0,0,0,0,0,0,0,0,0,0,0,0,0,0
"	7663464953572360198",0717-引导-小敏-3.mp4,https://video-cn.oceanengine.com/c938de58719b0c73d0b3fce969b00354/6a6c095a/tos-cn-ve-51/ogTtICaaAq0jWCtsQCWAWl2YIMQRdoNEzEday?a=1402&ch=0&cr=0&dr=3&cd=0%7C0%7C0%7C0&br=1253&bt=1253&cs=0&ds=4&ft=J9ThAGkHH_Myq8Z-FbY_e2NvjTQ&mime_type=video_mp4&qs=0&rc=NXZpTGRTaFBnKWxncmd5aHFsc3IxZGY6NTY0Zzk0Njo8NDRpaTRlQGkzcG5nZ286bDQ8MzM0NjMzQFNsa3ZpcUQ6amtqXmJmK2BeaWpgYTojX2JjYDI2NF5eMTJfMjBhMGEjaW0uamFhL2VhYS0tZDBhc3M%3D&btag=80000200008000&dy_q=1785292365&feature_id=d6a18d7c5414b1f1e95a75faf9147845&l=202607291032444B588B66203F773C978F&ply_type=3&policy=eyJ2bSI6MywidWlkIjoiMzEyOTY1MDYwMzg4ODE4NSJ9,未使用,审核不通过,--,0,--,0,0,0,0,0,0,0,0,0,0,0,0,0,0,0
"	7663464951878451243",0717-引导-小敏-5.mp4,https://video-cn.oceanengine.com/7a5ecd2b2c8df4c1efa8a931538eec59/6a6c095b/tos-cn-ve-51/oUQoxtClr0YzShEaYkoS1AwadWnyJIQAUINak?a=1402&ch=0&cr=0&dr=3&cd=0%7C0%7C0%7C0&br=1479&bt=1479&cs=0&ds=4&ft=J9ThAGkHH_Myq8Z-FbY_e2NvjTQ&mime_type=video_mp4&qs=0&rc=NXZpTGRTaFBnKWxncmd5aHFsc3IxZGY8ZzM1NDk3aDc2aTM6NGUzQGlqN3k5ZW86azQ8MzM0NjMzQFNsa3ZpcUQ6amtqXmJmK2BeaWpgYTojYzExMjU0NF9jMTU0LzVgXmEjbjJoNmFhbmVhYS0tZDAwc3M%3D&btag=80000200008000&dy_q=1785292365&feature_id=d6a18d7c5414b1f1e95a75faf9147845&l=202607291032444B588B66203F773C978F&ply_type=3&policy=eyJ2bSI6MywidWlkIjoiMzEyOTY1MDYwMzg4ODE4NSJ9,未使用,审核不通过,--,0,--,0,0,0,0,0,0,0,0,0,0,0,0,0,0,0
"	7663464950016114724",0717-瑞晨引流-1.mp4,https://video-cn.oceanengine.com/ea7a4305b4d4583a4e2407d04e560f7d/6a6c095c/tos-cn-ve-51/oMaxMQxi1IozgoExlISWTQyot0MqNBdaACvAY?a=1402&ch=0&cr=0&dr=3&cd=0%7C0%7C0%7C0&br=911&bt=911&cs=0&ds=4&ft=J9ThAGkHH_Myq8Z-FbY_e2NvjTQ&mime_type=video_mp4&qs=0&rc=NXZpTGRTaFBnKWxncmd5aHFsc3IxZGZoZGY8N2U8NGc2Njc5aTk7QGkzM2Q7O286azQ8MzM0NjMzQFNsa3ZpcUQ6amtqXmJmK2BeaWpgYTojM2EzY15gYDU1MTFhYy8wYGEjM2lqaGFhbmVhYS0tZDBhc3M%3D&btag=80000200010000&dy_q=1785292365&feature_id=d6a18d7c5414b1f1e95a75faf9147845&l=202607291032444B588B66203F773C978F&ply_type=3&policy=eyJ2bSI6MywidWlkIjoiMzEyOTY1MDYwMzg4ODE4NSJ9,未使用,审核不通过,--,0,--,0,0,0,0,0,0,0,0,0,0,0,0,0,0,0
"	7663464949721645099",0717-瑞晨引流-10.mp4,https://video-cn.oceanengine.com/ed371f417618f7f47257fbda2fe2a85a/6a6c0962/tos-cn-ve-51/ogsQ2aLfIAhjPLgBUA67naxI0QamQEtF10Am2o?a=1402&ch=0&cr=0&dr=3&cd=0%7C0%7C0%7C0&br=1511&bt=1511&cs=0&ds=4&ft=J9ThAGkHH_Myq8Z-FbY_e2NvjTQ&mime_type=video_mp4&qs=0&rc=NXZpTGRTaFBnKWxncmd5aHFsc3IxZGY0NDs2MzU3aTQ7Z2hlOTg6QGlqOGR2ZG86azQ8MzM0NjMzQFNsa3ZpcUQ6amtqXmJmK2BeaWpgYTojXy82NGJfYjZgMTQzXmJiX2EjcW5sMGFhbmVhYS0tZDAvc3M%3D&btag=80000200010000&dy_q=1785292365&feature_id=d6a18d7c5414b1f1e95a75faf9147845&l=202607291032444B588B66203F773C978F&ply_type=3&policy=eyJ2bSI6MywidWlkIjoiMzEyOTY1MDYwMzg4ODE4NSJ9,未使用,审核不通过,--,0,--,0,0,0,0,0,0,0,0,0,0,0,0,0,0,0
"	7663464941391282217",0717-瑞晨引流-8.mp4,https://video-cn.oceanengine.com/087af2af93097e661ccd5b59609f8ded/6a6c095a/tos-cn-ve-51/oodkhXzIdIPlARFD0XxYWQsLQaWoAExIgatDl?a=1402&ch=0&cr=0&dr=3&cd=0%7C0%7C0%7C0&br=1851&bt=1851&cs=0&ds=4&ft=J9ThAGkHH_Myq8Z-FbY_e2NvjTQ&mime_type=video_mp4&qs=0&rc=NXZpTGRTaFBnKWxncmd5aHFsc3IxZGY3ZGZnaTQ4MzY8aTY6aDg0QGlqOGs4OG86azQ8MzM0NjMzQFNsa3ZpcUQ6amtqXmJmK2BeaWpgYTojNWJeLl5jMDVfMS4wXjEvM2EjNWJwamFhbmVhYS0tZDAvc3M%3D&btag=80000200008000&dy_q=1785292365&feature_id=d6a18d7c5414b1f1e95a75faf9147845&l=202607291032444B588B66203F773C978F&ply_type=3&policy=eyJ2bSI6MywidWlkIjoiMzEyOTY1MDYwMzg4ODE4NSJ9,未使用,审核不通过,--,0,--,0,0,0,0,0,0,0,0,0,0,0,0,0,0,0
"	7663464941266190379",0717-引导-嘉丽-4.mp4,https://video-cn.oceanengine.com/bddaf0471b6735bdbce1746646fdbaeb/6a6c095b/tos-cn-ve-51/oMPWDlgAQBuIaAEdUOkaW5uzyYN8Is3odtEoQ?a=1402&ch=0&cr=0&dr=3&cd=0%7C0%7C0%7C0&br=2092&bt=2092&cs=0&ds=4&ft=J9ThAGkHH_Myq8Z-FbY_e2NvjTQ&mime_type=video_mp4&qs=0&rc=NXZpTGRTaFBnKWxncmd5aHFsc3IxZGYzaTdoNmk1ZzQ1NzM8Mzw0QGlqcWpkaG86bDQ8MzM0NjMzQFNsa3ZpcUQ6amtqXmJmK2BeaWpgYTojYjQ2LjUuYl4yMS5eYV9eLmEjNG8va2FhL2VhYS0tZDAvc3M%3D&btag=80000200008000&dy_q=1785292365&feature_id=d6a18d7c5414b1f1e95a75faf9147845&l=202607291032444B588B66203F773C978F&ply_type=3&policy=eyJ2bSI6MywidWlkIjoiMzEyOTY1MDYwMzg4ODE4NSJ9,未使用,审核不通过,--,0,--,0,0,0,0,0,0,0,0,0,0,0,0,0,0,0
"	7663464940309512235",0717-瑞晨引流-3.mp4,https://video-cn.oceanengine.com/852cfa9309243d922d8a3395203d8e46/6a6c095c/tos-cn-ve-51/ocDPnHggCaAao2hw1eNp3WRJIj1IABKRUAfqNo?a=1402&ch=0&cr=0&dr=3&cd=0%7C0%7C0%7C0&br=1305&bt=1305&cs=0&ds=4&ft=J9ThAGkHH_Myq8Z-FbY_e2NvjTQ&mime_type=video_mp4&qs=0&rc=NXZpTGRTaFBnKWxncmd5aHFsc3IxZGZkZ2Y1O2ZnZzg4ZTtpMzc3QGkzZGluZ286azQ8MzM0NjMzQFNsa3ZpcUQ6amtqXmJmK2BeaWpgYTojLWItLTFiXjUyMTQxYjIyNWEjYV5mbWFhbmVhYS0tZDAvc3M%3D&btag=80000e00010000&dy_q=1785292365&feature_id=d6a18d7c5414b1f1e95a75faf9147845&l=202607291032444B588B66203F773C978F&ply_type=3&policy=eyJ2bSI6MywidWlkIjoiMzEyOTY1MDYwMzg4ODE4NSJ9,未使用,审核通过,--,2,--,0,0,0,0,0,0,0,0,0,0,0,0,0,0,0
"	7663464935540654116",0717-瑞晨引流-2.mp4,https://video-cn.oceanengine.com/a9d1ccf933b3811c1cb78e2d721569f8/6a6c095c/tos-cn-ve-51/o85aYd0NzlVQowBtEWaWzNIxIQuB0oAtdA0AC?a=1402&ch=0&cr=0&dr=3&cd=0%7C0%7C0%7C0&br=931&bt=931&cs=0&ds=4&ft=J9ThAGkHH_Myq8Z-FbY_e2NvjTQ&mime_type=video_mp4&qs=0&rc=NXZpTGRTaFBnKWxncmd5aHFsc3IxZGY3Ojk2ZjtoM2RoOTxnNDY1QGkzNDc4aG86azQ8MzM0NjMzQFNsa3ZpcUQ6amtqXmJmK2BeaWpgYTojMWM0M2M0LzZeMTM1MS5eLWEjLTFjaGFhbmVhYS0tZDAwc3M%3D&btag=80000200010000&dy_q=1785292365&feature_id=d6a18d7c5414b1f1e95a75faf9147845&l=202607291032444B588B66203F773C978F&ply_type=3&policy=eyJ2bSI6MywidWlkIjoiMzEyOTY1MDYwMzg4ODE4NSJ9,未使用,审核不通过,--,0,--,0,0,0,0,0,0,0,0,0,0,0,0,0,0,0
"	7663464914388238378",0717-瑞晨引流-5.mp4,https://video-cn.oceanengine.com/2bbfa7553ef426f9b331b89bcfdf9295/6a6c095c/tos-cn-ve-51/ootQGosvEIzmJ0MSoIadAatTSYW2QBlUxmhAY?a=1402&ch=0&cr=0&dr=3&cd=0%7C0%7C0%7C0&br=826&bt=826&cs=0&ds=4&ft=J9ThAGkHH_Myq8Z-FbY_e2NvjTQ&mime_type=video_mp4&qs=0&rc=NXZpTGRTaFBnKWxncmd5aHFsc3IxZGZnPGZmNjg4ZjY6ZWc8ZTM5QGkzPGpnaW86azQ8MzM0NjMzQFNsa3ZpcUQ6amtqXmJmK2BeaWpgYTojMi1iLTYyY14wMWE1YDAyM2EjNmBlaGFhbmVhYS0tZDBhc3M%3D&btag=80000200010000&dy_q=1785292365&feature_id=d6a18d7c5414b1f1e95a75faf9147845&l=202607291032444B588B66203F773C978F&ply_type=3&policy=eyJ2bSI6MywidWlkIjoiMzEyOTY1MDYwMzg4ODE4NSJ9,未使用,审核不通过,--,0,--,0,0,0,0,0,0,0,0,0,0,0,0,0,0,0
"	7663464879739568147",0717-瑞晨引流-9.mp4,https://video-cn.oceanengine.com/11d70f10d08e012cf533684f2fbf6acf/6a6c0956/tos-cn-ve-51/ow1lP0CzIcWcwoaA8XYhT8dQtxQInoHA1EaQs?a=1402&ch=0&cr=0&dr=3&cd=0%7C0%7C0%7C0&br=2046&bt=2046&cs=0&ds=4&ft=J9ThAGkHH_Myq8Z-FbY_e2NvjTQ&mime_type=video_mp4&qs=0&rc=NXZpTGRTaFBnKWxncmd5aHFsc3IxZGZnPDMzaWRmZGVoNjs3NWY2QGkzOmo6O286azQ8MzM0NjMzQFNsa3ZpcUQ6amtqXmJmK2BeaWpgYTojNDNeMmFgY15eMTZeMWAyXmEjanM0YmFhbmVhYS0tZDAwc3M%3D&btag=80000200008000&dy_q=1785292365&feature_id=d6a18d7c5414b1f1e95a75faf9147845&l=202607291032444B588B66203F773C978F&ply_type=3&policy=eyJ2bSI6MywidWlkIjoiMzEyOTY1MDYwMzg4ODE4NSJ9,未使用,审核不通过,--,0,--,0,0,0,0,0,0,0,0,0,0,0,0,0,0,0
"	7663464864167395370",0717-瑞晨引流-6.mp4,https://video-cn.oceanengine.com/a47debb4eeedc0b36c19bdf313989d4e/6a6c0956/tos-cn-ve-51/ogAggsK0Iq1IoAFEaKaQ4Qj6mL6m7xtQ6f6BY2?a=1402&ch=0&cr=0&dr=3&cd=0%7C0%7C0%7C0&br=2117&bt=2117&cs=0&ds=4&ft=J9ThAGkHH_Myq8Z-FbY_e2NvjTQ&mime_type=video_mp4&qs=0&rc=NXZpTGRTaFBnKWxncmd5aHFsc3IxZGY5ZDY3NDU7Njs7ZGdmPDs1QGkzOG9wZ286azQ8MzM0NjMzQFNsa3ZpcUQ6amtqXmJmK2BeaWpgYTojYDItMDUxNDYxMTEyMi5gYWEjM2xvXmFhbmVhYS0tZDBhc3M%3D&btag=80000200008000&dy_q=1785292365&feature_id=d6a18d7c5414b1f1e95a75faf9147845&l=202607291032444B588B66203F773C978F&ply_type=3&policy=eyJ2bSI6MywidWlkIjoiMzEyOTY1MDYwMzg4ODE4NSJ9,未使用,审核不通过,--,0,--,0,0,0,0,0,0,0,0,0,0,0,0,0,0,0
"	7663102938734788651",0716-引导-嘉丽-3.mp4,https://video-cn.oceanengine.com/5ee615acd770f58daf4f7c3a0998ed94/6a6c097f/tos-cn-ve-51/owahGQjMoIszZgErlINWQgFjtkCPRQdZAHKAP?a=1402&ch=0&cr=0&dr=3&cd=0%7C0%7C0%7C0&br=2692&bt=2692&cs=0&ds=4&ft=J9ThAGkHH_Myq8Z-FbY_e2NvjTQ&mime_type=video_mp4&qs=0&rc=NXZpTGRTaFBnKWxncmd5aHFsc3IxZGY7Zjc3aGZkZTc0NjRoODloQGkzc242M286NGY8MzM0NjMzQFNsa3ZpcUQ6amtqXmJmK2BeaWpgYTojNmIvLmAvYTYwMS4xLjZjMmEjLnItamFhZnNgYS0tZDAvc3M%3D&btag=80000200020000&dy_q=1785292365&feature_id=d6a18d7c5414b1f1e95a75faf9147845&l=202607291032444B588B66203F773C978F&ply_type=3&policy=eyJ2bSI6MywidWlkIjoiMzEyOTY1MDYwMzg4ODE4NSJ9,未使用,审核不通过,--,2,--,0,0,0,0,0,0,0,0,0,0,0,0,0,0,0
"	7663102891561435172",0715-引导-雅迪-1-改.mp4,https://video-cn.oceanengine.com/c24fb5821b2fba81a43bd00f6b5fa1f8/6a6c0962/tos-cn-ve-51/ooee0QCaqBMXE8ht7EmMpAIPDA6ZoWlgiNEXF9?a=1402&ch=0&cr=0&dr=3&cd=0%7C0%7C0%7C0&br=1712&bt=1712&cs=0&ds=4&ft=J9ThAGkHH_Myq8Z-FbY_e2NvjTQ&mime_type=video_mp4&qs=0&rc=NXZpTGRTaFBnKWxncmd5aHFsc3IxZGY2ZWY7NGRnOzM1aTM1aDxkQGkzNW92ZW86eGY8MzM0NjMzQFNsa3ZpcUQ6amtqXmJmK2BeaWpgYTojXzM0M2MzL15gMTAvMzReMWEjYy5fZ2FhbnJgYS0tZDAvc3M%3D&btag=80000200010000&dy_q=1785292365&feature_id=d6a18d7c5414b1f1e95a75faf9147845&l=202607291032444B588B66203F773C978F&ply_type=3&policy=eyJ2bSI6MywidWlkIjoiMzEyOTY1MDYwMzg4ODE4NSJ9,未使用,审核不通过,--,2,--,0,0,0,0,0,0,0,0,0,0,0,0,0,0,0
"	7663102878458806278",0716-引导-嘉丽-2.mp4,https://video-cn.oceanengine.com/7993900922c90a379ec6fe85c6aded86/6a6c0973/tos-cn-ve-51/oAes1RuGG2fGRDh8FAUAaCVjgBbZAp9UVBEOXf?a=1402&ch=0&cr=0&dr=3&cd=0%7C0%7C0%7C0&br=780&bt=780&cs=0&ds=4&ft=J9ThAGkHH_Myq8Z-FbY_e2NvjTQ&mime_type=video_mp4&qs=0&rc=NXZpTGRTaFBnKWxncmd5aHFsc3IxZGZnOjY2Zzg7OGVnNzM7ZzwzQGlqeXFvZW86NGY8MzM0NjMzQFNsa3ZpcUQ6amtqXmJmK2BeaWpgYTojYzEtYl8xNF5hMTI1YWMyMGEjL3JeZGFhZnNgYS0tZDAwc3M%3D&btag=80000200018000&dy_q=1785292365&feature_id=d6a18d7c5414b1f1e95a75faf9147845&l=202607291032444B588B66203F773C978F&ply_type=3&policy=eyJ2bSI6MywidWlkIjoiMzEyOTY1MDYwMzg4ODE4NSJ9,未使用,审核不通过,--,2,--,0,0,0,0,0,0,0,0,0,0,0,0,0,0,0
"	7663102846160699455",0714-魏怡引流-4-修改.mp4,https://video-cn.oceanengine.com/df2ac0391c161eaf44d9910f5d0817f1/6a6c0989/tos-cn-ve-51/oIQdDQJAWZQoamtId9URUPtA9IzEjlWMaT4XG?a=1402&ch=0&cr=0&dr=3&cd=0%7C0%7C0%7C0&br=1264&bt=1264&cs=0&ds=4&ft=J9ThAGkHH_Myq8Z-FbY_e2NvjTQ&mime_type=video_mp4&qs=0&rc=NXZpTGRTaFBnKWxncmd5aHFsc3IxZGY4N2U2Zzo8O2dmNTdkNmk1QGkzbnM3O286d2Y8MzM0NjMzQFNsa3ZpcUQ6amtqXmJmK2BeaWpgYTojMDUzNi01MTYuMTMxYGJjM2EjZ2AtYWFhXnJgYS0tZDBhc3M%3D&btag=80000200028000&dy_q=1785292365&feature_id=d6a18d7c5414b1f1e95a75faf9147845&l=202607291032444B588B66203F773C978F&ply_type=3&policy=eyJ2bSI6MywidWlkIjoiMzEyOTY1MDYwMzg4ODE4NSJ9,未使用,审核不通过,--,2,--,0,0,0,0,0,0,0,0,0,0,0,0,0,0,0
"	7663102817235451945",0715-魏怡-2-修改.mp4,https://video-cn.oceanengine.com/454650f53739fd74667383d616b758e0/6a6c0973/tos-cn-ve-51/os5Qij7nEIzaOUzqSIadAZtQLnWFwEl3dyGAP?a=1402&ch=0&cr=0&dr=3&cd=0%7C0%7C0%7C0&br=1032&bt=1032&cs=0&ds=4&ft=J9ThAGkHH_Myq8Z-FbY_e2NvjTQ&mime_type=video_mp4&qs=0&rc=NXZpTGRTaFBnKWxncmd5aHFsc3IxZGY2OWc5OjhkOGU0Mzk2NDtoQGkzaGg0Om86d2Y8MzM0NjMzQFNsa3ZpcUQ6amtqXmJmK2BeaWpgYTojM2A1LWBjMF8zMTJgNmItLmEjaTFiNmFhXnJgYS0tZDAwc3M%3D&btag=80000200018000&dy_q=1785292365&feature_id=d6a18d7c5414b1f1e95a75faf9147845&l=202607291032444B588B66203F773C978F&ply_type=3&policy=eyJ2bSI6MywidWlkIjoiMzEyOTY1MDYwMzg4ODE4NSJ9,未使用,审核不通过,--,2,--,0,0,0,0,0,0,0,0,0,0,0,0,0,0,0
"	7663102806485434410",0725-3-魏怡引流-修改.mp4,https://video-cn.oceanengine.com/6b3127f1bcee9404c5482c09043b669a/6a6c096a/tos-cn-ve-51/oIfuAioaCQLDNQqDYwgEaWkMxBSAh7ectgL6Ig?a=1402&ch=0&cr=0&dr=3&cd=0%7C0%7C0%7C0&br=1609&bt=1609&cs=0&ds=4&ft=J9ThAGkHH_Myq8Z-FbY_e2NvjTQ&mime_type=video_mp4&qs=0&rc=NXZpTGRTaFBnKWxncmd5aHFsc3IxZGY5OzU2N2doNTg0OTw8ZzY7QGkzbDc4OG86d2Y8MzM0NjMzQFNsa3ZpcUQ6amtqXmJmK2BeaWpgYTojXzA0YzIuNF5eMS80NV82NGEjLmRuamFhXnJgYS0tZDAvc3M%3D&btag=80000200010000&dy_q=1785292365&feature_id=d6a18d7c5414b1f1e95a75faf9147845&l=202607291032444B588B66203F773C978F&ply_type=3&policy=eyJ2bSI6MywidWlkIjoiMzEyOTY1MDYwMzg4ODE4NSJ9,未使用,审核不通过,--,2,--,0,0,0,0,0,0,0,0,0,0,0,0,0,0,0
"	7663055315891503114",0716-引流-魏怡-2.mp4,https://video-cn.oceanengine.com/a4b08cae1cb2591dab1e1816e16d3680/6a6c0960/tos-cn-ve-51/oYgviUNG0CUKeAbYeMRAV1tBhkqJ3sAfjj40Wa?a=1402&ch=0&cr=0&dr=3&cd=0%7C0%7C0%7C0&br=1149&bt=1149&cs=0&ds=3&ft=J9ThAGkHH_Myq8Z-FbY_e2NvjTQ&mime_type=video_mp4&qs=0&rc=NXZpTGRTaFBnKWxncmd5aHFsc3IxZGY7NTQ4ZDw6Z2Y3NzU6ODdlQGkzd2ZnaW86aGQ8MzM0NjMzQFNsa3ZpcUQ6amtqXmJmK2BeaWpgYTojLl40XzI0YzYxMTYwNjZfY2EjczNkaGFhZjVgYS0tZDBhc3M%3D&btag=80000e00010000&dy_q=1785292365&feature_id=d6a18d7c5414b1f1e95a75faf9147845&l=202607291032444B588B66203F773C978F&ply_type=3&policy=eyJ2bSI6MywidWlkIjoiMzEyOTY1MDYwMzg4ODE4NSJ9,未使用,审核通过,--,2,--,0,0,0,0,0,0,0,0,0,0,0,0,0,0,0
"	7663055279933472777",0716-引流-魏怡-9.mp4,https://video-cn.oceanengine.com/d4605564a863cdf8c016912707cb6b00/6a6c095f/tos-cn-ve-51/oodM7fdLQINmAIWG1DEp1LtCBwgYhFIpALQKaG?a=1402&ch=0&cr=0&dr=3&cd=0%7C0%7C0%7C0&br=1357&bt=1357&cs=0&ds=3&ft=J9ThAGkHH_Myq8Z-FbY_e2NvjTQ&mime_type=video_mp4&qs=0&rc=NXZpTGRTaFBnKWxncmd5aHFsc3IxZGZkMzU3PDNoOjM8OTY0NzY2QGkzZXV3OW86aGQ8MzM0NjMzQFNsa3ZpcUQ6amtqXmJmK2BeaWpgYTojLi0uMjU1MF5fMTMtNGFeYmEjMi1ec2FhZjVgYS0tZDAwc3M%3D&btag=80000e00010000&dy_q=1785292365&feature_id=d6a18d7c5414b1f1e95a75faf9147845&l=202607291032444B588B66203F773C978F&ply_type=3&policy=eyJ2bSI6MywidWlkIjoiMzEyOTY1MDYwMzg4ODE4NSJ9,未使用,审核通过,--,1,--,0,0,0,0,0,0,0,0,0,0,0,0,0,0,0
"	7663055260098527241",0715-引流-魏怡-7.mp4,https://video-cn.oceanengine.com/1beb685d744437a328bad6817afd7ec9/6a6c095e/tos-cn-ve-51/osuUAWODi1tgFY5lkaslEQKIAdHplcAzGzIQq?a=1402&ch=0&cr=0&dr=3&cd=0%7C0%7C0%7C0&br=1375&bt=1375&cs=0&ds=3&ft=J9ThAGkHH_Myq8Z-FbY_e2NvjTQ&mime_type=video_mp4&qs=0&rc=NXZpTGRTaFBnKWxncmd5aHFsc3IxZGZkZjhmOmZkZjhkOzU3NmZmQGlqdmp2ZG86aGQ8MzM0NjMzQFNsa3ZpcUQ6amtqXmJmK2BeaWpgYTojYTA0Nl5iMjZhMTVgNDNjY2EjcGhxMGFhXjVgYS0tZDAvc3M%3D&btag=80000e00010000&dy_q=1785292365&feature_id=d6a18d7c5414b1f1e95a75faf9147845&l=202607291032444B588B66203F773C978F&ply_type=3&policy=eyJ2bSI6MywidWlkIjoiMzEyOTY1MDYwMzg4ODE4NSJ9,未使用,审核通过,--,1,--,0,0,0,0,0,0,0,0,0,0,0,0,0,0,0
"	7663055254678781990",0716-引流-魏怡-8.mp4,https://video-cn.oceanengine.com/7a84eca6988d3f0c15846770c831e522/6a6c095a/tos-cn-ve-51/ocaOpQbUbIWzqqELlIFWQgBitUGXBDdYAvKAk?a=1402&ch=0&cr=0&dr=3&cd=0%7C0%7C0%7C0&br=1995&bt=1995&cs=0&ds=3&ft=J9ThAGkHH_Myq8Z-FbY_e2NvjTQ&mime_type=video_mp4&qs=0&rc=NXZpTGRTaFBnKWxncmd5aHFsc3IxZGZkODw2PDYzaDpmOTo8NWc2QGkzZDg4ZG86aGQ8MzM0NjMzQFNsa3ZpcUQ6amtqXmJmK2BeaWpgYTojYS0tXmEtMl4xMWIwYTMwMWEjMGMtX2FhXjVgYS0tZDAvc3M%3D&btag=80000e00008000&dy_q=1785292365&feature_id=d6a18d7c5414b1f1e95a75faf9147845&l=202607291032444B588B66203F773C978F&ply_type=3&policy=eyJ2bSI6MywidWlkIjoiMzEyOTY1MDYwMzg4ODE4NSJ9,未使用,审核通过,--,1,--,0,0,0,0,0,0,0,0,0,0,0,0,0,0,0
"	7663055246740127782",0716-引流-魏怡-3.mp4,https://video-cn.oceanengine.com/0459b8fd74c80c637f715231ba6b0e7b/6a6c095e/tos-cn-ve-51/owmALVdAhFWayAI0QDSmGdIIBfgtYp71QICEUF?a=1402&ch=0&cr=0&dr=3&cd=0%7C0%7C0%7C0&br=1559&bt=1559&cs=0&ds=3&ft=J9ThAGkHH_Myq8Z-FbY_e2NvjTQ&mime_type=video_mp4&qs=0&rc=NXZpTGRTaFBnKWxncmd5aHFsc3IxZGY4ZTM0OWk8OTdoNWY0aGloQGkzeWY2N286aGQ8MzM0NjMzQFNsa3ZpcUQ6amtqXmJmK2BeaWpgYTojYGIuXy01YjZeMS4vNjMzXmEjLmhpLWFhZjVgYS0tZDBhc3M%3D&btag=80000e00010000&dy_q=1785292365&feature_id=d6a18d7c5414b1f1e95a75faf9147845&l=202607291032444B588B66203F773C978F&ply_type=3&policy=eyJ2bSI6MywidWlkIjoiMzEyOTY1MDYwMzg4ODE4NSJ9,未使用,审核通过,--,1,--,0,0,0,0,0,0,0,0,0,0,0,0,0,0,0
"	7663055229525753882",0716-引导-魏怡-4.mp4,https://video-cn.oceanengine.com/e26af23cbd3ff484c68e0e37d051df94/6a6c0961/tos-cn-ve-51/ogexyeAsjAQWXhiagqbUOMCmStBG1GMH5UIIft?a=1402&ch=0&cr=0&dr=3&cd=0%7C0%7C0%7C0&br=1661&bt=1661&cs=0&ds=3&ft=J9ThAGkHH_Myq8Z-FbY_e2NvjTQ&mime_type=video_mp4&qs=0&rc=NXZpTGRTaFBnKWxncmd5aHFsc3IxZGY6OzY6OzRpZDNmaDg8NDQ5QGlqeXhsZ286aGQ8MzM0NjMzQFNsa3ZpcUQ6amtqXmJmK2BeaWpgYTojNmA2MzJeYjU1MTEvYjMtMmEjNjBia2FhXjVgYS0tZDAwc3M%3D&btag=80000e00010000&dy_q=1785292365&feature_id=d6a18d7c5414b1f1e95a75faf9147845&l=202607291032444B588B66203F773C978F&ply_type=3&policy=eyJ2bSI6MywidWlkIjoiMzEyOTY1MDYwMzg4ODE4NSJ9,未使用,审核通过,--,2,--,0,0,0,0,0,0,0,0,0,0,0,0,0,0,0
"	7663055228426240027",0716-引流-魏怡-1.mp4,https://video-cn.oceanengine.com/81ed76c00a6e7b2acfcb38999939b0ff/6a6c0963/tos-cn-ve-51/oAgk3kAHKYtEzIQcFE1OzWMq7QGlpdIaAisA2?a=1402&ch=0&cr=0&dr=3&cd=0%7C0%7C0%7C0&br=1441&bt=1441&cs=0&ds=3&ft=J9ThAGkHH_Myq8Z-FbY_e2NvjTQ&mime_type=video_mp4&qs=0&rc=NXZpTGRTaFBnKWxncmd5aHFsc3IxZGY1ZzpoNTszNzY3ODQ8PDRkQGlqdmp2ZG86aGQ8MzM0NjMzQFNsa3ZpcUQ6amtqXmJmK2BeaWpgYTojMV42LV8wYDY2MTAwXzI2NmEjcWhxMGFhZjVgYS0tZDAvc3M%3D&btag=80000e00010000&dy_q=1785292365&feature_id=d6a18d7c5414b1f1e95a75faf9147845&l=202607291032444B588B66203F773C978F&ply_type=3&policy=eyJ2bSI6MywidWlkIjoiMzEyOTY1MDYwMzg4ODE4NSJ9,未使用,审核通过,--,1,--,0,0,0,0,0,0,0,0,0,0,0,0,0,0,0
"	7663055226732789769",0716-引流-魏怡-10.mp4,https://video-cn.oceanengine.com/62417f0ec670f6e711a5faeb4346dbf5/6a6c0966/tos-cn-ve-51/o8ihQatqKsjBeregSUUxGmeILL1RNbAsx0CuKA?a=1402&ch=0&cr=0&dr=3&cd=0%7C0%7C0%7C0&br=1795&bt=1795&cs=0&ds=3&ft=J9ThAGkHH_Myq8Z-FbY_e2NvjTQ&mime_type=video_mp4&qs=0&rc=NXZpTGRTaFBnKWxncmd5aHFsc3IxZGZkODRpZDU1aGg3aDk0aTs1QGlqPHJyZ286aGQ8MzM0NjMzQFNsa3ZpcUQ6amtqXmJmK2BeaWpgYTojYzZfMzZjMTU1MS5hMC5iX2Eja3NhYmFhZjVgYS0tZDBhc3M%3D&btag=80000e00010000&dy_q=1785292365&feature_id=d6a18d7c5414b1f1e95a75faf9147845&l=202607291032444B588B66203F773C978F&ply_type=3&policy=eyJ2bSI6MywidWlkIjoiMzEyOTY1MDYwMzg4ODE4NSJ9,未使用,审核通过,--,1,--,0,0,0,0,0,0,0,0,0,0,0,0,0,0,0
"	7663055189575106606",0716-浩正引导-2.mp4,https://video-cn.oceanengine.com/84bfda11147aa522b354f9af9adea448/6a6c0969/tos-cn-ve-51/o4aKFQlkEIMzUlErlIJWQwwitEGNpEdZA4yAk?a=1402&ch=0&cr=0&dr=3&cd=0%7C0%7C0%7C0&br=1342&bt=1342&cs=0&ds=4&ft=J9ThAGkHH_Myq8Z-FbY_e2NvjTQ&mime_type=video_mp4&qs=0&rc=NXZpTGRTaFBnKWxncmd5aHFsc3IxZGZpPGY0NWVmZDM5PGY3NDs6QGkzbjM8OG86ZGQ8MzM0NjMzQFNsa3ZpcUQ6amtqXmJmK2BeaWpgYTojXzVjNGMuYF5iMTY2MjEyYmEjMG4zM2FhLzVgYS0tZDAwc3M%3D&btag=80000200010000&dy_q=1785292365&feature_id=d6a18d7c5414b1f1e95a75faf9147845&l=202607291032444B588B66203F773C978F&ply_type=3&policy=eyJ2bSI6MywidWlkIjoiMzEyOTY1MDYwMzg4ODE4NSJ9,未使用,审核不通过,--,0,--,0,0,0,0,0,0,0,0,0,0,0,0,0,0,0
"	7663055161565888522",0716-引导-小敏-1.mp4,https://video-cn.oceanengine.com/0e1ba75e0d9cf92c18d120de3658d3d3/6a6c095d/tos-cn-ve-51/oEhElEkILxNAWZ9BzIgQaAIzQNOEILltdFsyi?a=1402&ch=0&cr=0&dr=3&cd=0%7C0%7C0%7C0&br=598&bt=598&cs=0&ds=4&ft=J9ThAGkHH_Myq8Z-FbY_e2NvjTQ&mime_type=video_mp4&qs=0&rc=NXZpTGRTaFBnKWxncmd5aHFsc3IxZGZnM2dnZWRlPDppZzdlNDU2QGlqZmZtNG86ZWQ8MzM0NjMzQFNsa3ZpcUQ6amtqXmJmK2BeaWpgYTojMF5fLzYuMF9eMTAvNV9hMmEjMjZiM2FhLzVgYS0tZDAvc3M%3D&btag=80000200010000&dy_q=1785292365&feature_id=d6a18d7c5414b1f1e95a75faf9147845&l=202607291032444B588B66203F773C978F&ply_type=3&policy=eyJ2bSI6MywidWlkIjoiMzEyOTY1MDYwMzg4ODE4NSJ9,未使用,审核不通过,--,0,--,0,0,0,0,0,0,0,0,0,0,0,0,0,0,0
"	7663055112802025499",0716-浩正引导-1.mp4,https://video-cn.oceanengine.com/2718db2b8464e8d7e81023a82f8443ed/6a6c096c/tos-cn-ve-51/o0QQp1cdIAA2Q5aUBFRYI4EQctmvFLkBfh7Ig4?a=1402&ch=0&cr=0&dr=3&cd=0%7C0%7C0%7C0&br=371&bt=371&cs=0&ds=3&ft=J9ThAGkHH_Myq8Z-FbY_e2NvjTQ&mime_type=video_mp4&qs=0&rc=NXZpTGRTaFBnKWxncmd5aHFsc3IxZGZnZWVoaDdkOGU2aWQ1aDQ2QGkzanM6O286ZGQ8MzM0NjMzQFNsa3ZpcUQ6amtqXmJmK2BeaWpgYTojMS5fM2M2YzZjMTUzLjJiLWEjcHIyYmFhLzVgYS0tZDAwc3M%3D&btag=80000e00018000&dy_q=1785292365&feature_id=d6a18d7c5414b1f1e95a75faf9147845&l=202607291032444B588B66203F773C978F&ply_type=3&policy=eyJ2bSI6MywidWlkIjoiMzEyOTY1MDYwMzg4ODE4NSJ9,未使用,审核通过,--,1,--,0,0,0,0,0,0,0,0,0,0,0,0,0,0,0
"	7662989870433239066",0715-引导-小敏-3-修改.mp4,https://video-cn.oceanengine.com/7012cdd22e09ac4a4b44584478f7a694/6a6c0964/tos-cn-ve-51/oMAvDQh6EwztIAHEkEQaoIVJGlY9cdWh9wAZ5?a=1402&ch=0&cr=0&dr=3&cd=0%7C0%7C0%7C0&br=1368&bt=1368&cs=0&ds=4&ft=J9ThAGkHH_Myq8Z-FbY_e2NvjTQ&mime_type=video_mp4&qs=0&rc=NXZpTGRTaFBnKWxncmd5aHFsc3IxZGZmOjM0O2c3ZjhmN2c0aDwzQGkzM3lsNG86ajk8MzM0NjMzQFNsa3ZpcUQ6amtqXmJmK2BeaWpgYTojMmEyMDMzYV5eMWFiNTAvLmEjMGhhcGFhL2VgYS0tZDAwc3M%3D&btag=80000200010000&dy_q=1785292365&feature_id=d6a18d7c5414b1f1e95a75faf9147845&l=202607291032444B588B66203F773C978F&ply_type=3&policy=eyJ2bSI6MywidWlkIjoiMzEyOTY1MDYwMzg4ODE4NSJ9,未使用,审核不通过,--,0,--,0,0,0,0,0,0,0,0,0,0,0,0,0,0,0
"	7662989870433206298",0715-引导-小敏-2-修改.mp4,https://video-cn.oceanengine.com/c07309438cbe18f89f8c0807c3ce1a5d/6a6c0964/tos-cn-ve-51/oEQtICaYALmEk4vVgjWAPlBoI1QtphcEzEdiw?a=1402&ch=0&cr=0&dr=3&cd=0%7C0%7C0%7C0&br=884&bt=884&cs=0&ds=4&ft=J9ThAGkHH_Myq8Z-FbY_e2NvjTQ&mime_type=video_mp4&qs=0&rc=NXZpTGRTaFBnKWxncmd5aHFsc3IxZGZkNTY1ZmU5ZWk3Njs8ZWdoQGlqNG1zaW86ajk8MzM0NjMzQFNsa3ZpcUQ6amtqXmJmK2BeaWpgYTojYjA2YDY1LV5hMTIwNDExM2EjMl5nXmFhL2VgYS0tZDAvc3M%3D&btag=80000200010000&dy_q=1785292365&feature_id=d6a18d7c5414b1f1e95a75faf9147845&l=202607291032444B588B66203F773C978F&ply_type=3&policy=eyJ2bSI6MywidWlkIjoiMzEyOTY1MDYwMzg4ODE4NSJ9,未使用,审核不通过,--,0,--,0,0,0,0,0,0,0,0,0,0,0,0,0,0,0
"	7662989862635503662",0715-引导-小敏-1-修改.mp4,https://video-cn.oceanengine.com/9481d08a00b5be315a4599c046861c62/6a6c096c/tos-cn-ve-51/oswcowlY3qAhtENxd1EAapCJzdIFFWQIOQhwo?a=1402&ch=0&cr=0&dr=3&cd=0%7C0%7C0%7C0&br=644&bt=644&cs=0&ds=4&ft=J9ThAGkHH_Myq8Z-FbY_e2NvjTQ&mime_type=video_mp4&qs=0&rc=NXZpTGRTaFBnKWxncmd5aHFsc3IxZGZnPDM7NWVoMzxmZmY6OWdnQGkzcW00O286ajk8MzM0NjMzQFNsa3ZpcUQ6amtqXmJmK2BeaWpgYTojL142NGMuMDUyMS02YTA1MGEjbDBfaWFhL2VgYS0tZDAwc3M%3D&btag=80000200018000&dy_q=1785292365&feature_id=d6a18d7c5414b1f1e95a75faf9147845&l=202607291032444B588B66203F773C978F&ply_type=3&policy=eyJ2bSI6MywidWlkIjoiMzEyOTY1MDYwMzg4ODE4NSJ9,未使用,审核不通过,--,0,--,0,0,0,0,0,0,0,0,0,0,0,0,0,0,0
"	7662989853030219827",0714瑞晨引流修改-10.mp4,https://video-cn.oceanengine.com/caaf323a36ee425a225b53641eee0e00/6a6c095e/tos-cn-ve-51/ok1AltAQMSdHoEtbzDQkutN2aYI0hIonhpWTV?a=1402&ch=0&cr=0&dr=3&cd=0%7C0%7C0%7C0&br=3644&bt=3644&cs=0&ds=4&ft=J9ThAGkHH_Myq8Z-FbY_e2NvjTQ&mime_type=video_mp4&qs=0&rc=NXZpTGRTaFBnKWxncmd5aHFsc3IxZGY3aGU6NGQ6ZDxnMzs0NTs3QGkzcGRwZ286aDk8MzM0NjMzQFNsa3ZpcUQ6amtqXmJmK2BeaWpgYTojMC8yLzI0MDZjMS0tLS0zNWEjMzBuXmFhbmVgYS0tZDBhc3M%3D&btag=80000200010000&dy_q=1785292365&feature_id=d6a18d7c5414b1f1e95a75faf9147845&l=202607291032444B588B66203F773C978F&ply_type=3&policy=eyJ2bSI6MywidWlkIjoiMzEyOTY1MDYwMzg4ODE4NSJ9,未使用,审核不通过,--,0,--,0,0,0,0,0,0,0,0,0,0,0,0,0,0,0
"	7662989840313352201",0715-引导-小敏-5-修改.mp4,https://video-cn.oceanengine.com/90c10cb1ba1699fe2fb0721a8913c10a/6a6c095b/tos-cn-ve-51/ogAKgBk1h7gQCmoERdYIAtpL9aRxfDINlI3T1Q?a=1402&ch=0&cr=0&dr=3&cd=0%7C0%7C0%7C0&br=1266&bt=1266&cs=0&ds=4&ft=J9ThAGkHH_Myq8Z-FbY_e2NvjTQ&mime_type=video_mp4&qs=0&rc=NXZpTGRTaFBnKWxncmd5aHFsc3IxZGZmODtkaWk6N2c4aDM2Zjo7QGlqOGl3OW86ajk8MzM0NjMzQFNsa3ZpcUQ6amtqXmJmK2BeaWpgYTojMDZfMjZjYjZhMWI0Yy5gMmEjYmNec2FhL2VgYS0tZDAwc3M%3D&btag=80000200008000&dy_q=1785292365&feature_id=d6a18d7c5414b1f1e95a75faf9147845&l=202607291032444B588B66203F773C978F&ply_type=3&policy=eyJ2bSI6MywidWlkIjoiMzEyOTY1MDYwMzg4ODE4NSJ9,未使用,审核不通过,--,0,--,0,0,0,0,0,0,0,0,0,0,0,0,0,0,0
"	7662989796920000539",0715-引导-小敏-4-修改.mp4,https://video-cn.oceanengine.com/bee5bf47b4e485cc5db2fe08608cc879/6a6c0964/tos-cn-ve-51/oEl0zxvWotiQlAEvSWAYEoIQdAlWaEpwTIh5E?a=1402&ch=0&cr=0&dr=3&cd=0%7C0%7C0%7C0&br=1423&bt=1423&cs=0&ds=4&ft=J9ThAGkHH_Myq8Z-FbY_e2NvjTQ&mime_type=video_mp4&qs=0&rc=NXZpTGRTaFBnKWxncmd5aHFsc3IxZGY8ZDtlZWlmOjc6MzU6ZGY7QGkzcHU0aW86ajk8MzM0NjMzQFNsa3ZpcUQ6amtqXmJmK2BeaWpgYTojYGIxMy8vNV8vMS0uXmIvMGEjZS8vbmFhL2VgYS0tZDBhc3M%3D&btag=80000200010000&dy_q=1785292365&feature_id=d6a18d7c5414b1f1e95a75faf9147845&l=202607291032444B588B66203F773C978F&ply_type=3&policy=eyJ2bSI6MywidWlkIjoiMzEyOTY1MDYwMzg4ODE4NSJ9,未使用,审核不通过,--,0,--,0,0,0,0,0,0,0,0,0,0,0,0,0,0,0
"	7662989779832127498",0715-引导-小敏-6-修改.mp4,https://video-cn.oceanengine.com/8dfee46e6f8795c910f9efb375f0e3dc/6a6c0958/tos-cn-ve-51/08944e2d7f8b4db68b290ddaa9ee6685?a=1402&ch=0&cr=0&dr=3&cd=0%7C0%7C0%7C0&br=843&bt=843&cs=0&ds=4&ft=J9ThAGkHH_Myq8Z-FbY_e2NvjTQ&mime_type=video_mp4&qs=0&rc=NXZpTGRTaFBnKWxncmd5aHFsc3IxZGY6NGQ5Njw1ZzU8PDRpaDNnQGlqbzZ3NW86ajk8MzM0NjMzQFNsa3ZpcUQ6amtqXmJmK2BeaWpgYTojX2I1MDZjLTY1MS9hMF42NWEjbS5vbmFhL2VgYS0tZDAwc3M%3D&btag=80000200008000&dy_q=1785292365&feature_id=d6a18d7c5414b1f1e95a75faf9147845&l=202607291032444B588B66203F773C978F&ply_type=3&policy=eyJ2bSI6MywidWlkIjoiMzEyOTY1MDYwMzg4ODE4NSJ9,未使用,审核不通过,--,0,--,0,0,0,0,0,0,0,0,0,0,0,0,0,0,0
"	7662989773514424358",0715-引导-小敏-7-修改.mp4,https://video-cn.oceanengine.com/8d4a14e520e3db12cb654d13bbccb7a5/6a6c0961/tos-cn-ve-51/ow1L6HteIAD0AJJBQgJwVgAbgmtTOmIppQ5aR7?a=1402&ch=0&cr=0&dr=3&cd=0%7C0%7C0%7C0&br=1788&bt=1788&cs=0&ds=4&ft=J9ThAGkHH_Myq8Z-FbY_e2NvjTQ&mime_type=video_mp4&qs=0&rc=NXZpTGRTaFBnKWxncmd5aHFsc3IxZGZpOzQ3ZGY3NzdkNmRoOWRlQGkzcGxnNm86ajk8MzM0NjMzQFNsa3ZpcUQ6amtqXmJmK2BeaWpgYTojYC42Yy8xNDYvMS1gNDUzMmEjcTY0ZmFhL2VgYS0tZDBhc3M%3D&btag=80000200010000&dy_q=1785292365&feature_id=d6a18d7c5414b1f1e95a75faf9147845&l=202607291032444B588B66203F773C978F&ply_type=3&policy=eyJ2bSI6MywidWlkIjoiMzEyOTY1MDYwMzg4ODE4NSJ9,未使用,审核不通过,--,0,--,0,0,0,0,0,0,0,0,0,0,0,0,0,0,0
"	7662989769204056110",0714瑞晨引流修改-8.mp4,https://video-cn.oceanengine.com/35def3faf6fbc509b2b587fa3d77e06c/6a6c0956/tos-cn-ve-51/oIZQphaqEIzwW0nyHIadAYtQbGWzgEl2uFpAo?a=1402&ch=0&cr=0&dr=3&cd=0%7C0%7C0%7C0&br=3523&bt=3523&cs=0&ds=4&ft=J9ThAGkHH_Myq8Z-FbY_e2NvjTQ&mime_type=video_mp4&qs=0&rc=NXZpTGRTaFBnKWxncmd5aHFsc3IxZGZkaDtnNjg4NGU1NTllaGVoQGkzcHh2ZG86aDk8MzM0NjMzQFNsa3ZpcUQ6amtqXmJmK2BeaWpgYTojL2BgNGFfMDZgMTMwMy01YWEjbWZwMGFhbmVgYS0tZDAvc3M%3D&btag=80000200008000&dy_q=1785292365&feature_id=d6a18d7c5414b1f1e95a75faf9147845&l=202607291032444B588B66203F773C978F&ply_type=3&policy=eyJ2bSI6MywidWlkIjoiMzEyOTY1MDYwMzg4ODE4NSJ9,未使用,审核不通过,--,0,--,0,0,0,0,0,0,0,0,0,0,0,0,0,0,0
"	7662989743489138715",0715瑞晨引流修改-5.mp4,https://video-cn.oceanengine.com/16e21d450e654067f15fb5d898a58c33/6a6c095c/tos-cn-ve-51/oQjRQmuBdaATe4F3xDtcgm1gCBHQDAALIMolw7?a=1402&ch=0&cr=0&dr=3&cd=0%7C0%7C0%7C0&br=1485&bt=1485&cs=0&ds=4&ft=J9ThAGkHH_Myq8Z-FbY_e2NvjTQ&mime_type=video_mp4&qs=0&rc=NXZpTGRTaFBnKWxncmd5aHFsc3IxZGY4ZTM3aGY6Nzw8PGkzOjQ0QGlqNHJpaG86aDk8MzM0NjMzQFNsa3ZpcUQ6amtqXmJmK2BeaWpgYTojXjBgNmAzYjZeMTMvYzA0XmEjbzQtLWFhbmVgYS0tZDBhc3M%3D&btag=80000200010000&dy_q=1785292365&feature_id=d6a18d7c5414b1f1e95a75faf9147845&l=202607291032444B588B66203F773C978F&ply_type=3&policy=eyJ2bSI6MywidWlkIjoiMzEyOTY1MDYwMzg4ODE4NSJ9,未使用,审核不通过,--,0,--,0,0,0,0,0,0,0,0,0,0,0,0,0,0,0
"	7662989656637423654",0715瑞晨引流修改-4.mp4,https://video-cn.oceanengine.com/eea53eb90995c73dd2afb59e86322441/6a6c0956/tos-cn-ve-51/owalYIVHaS1ChhTPCUBAQd2TzuyoW0AItQodE?a=1402&ch=0&cr=0&dr=3&cd=0%7C0%7C0%7C0&cv=1&br=2001&bt=2001&cs=0&ds=3&ft=J9ThAGkHH_Myq8Z-FbY_e2NvjTQ&mime_type=video_mp4&qs=0&rc=NXZpTGRTaFBnKWxncmd5aHFsc3IxZGY1Njo6NTk0OTg4NjxmOjQ5QGkzbzkzO286aDk8MzM0NjMzQFNsa3ZpcUQ6amtqXmJmK2BeaWpgYTojM2MuNTIvMTUyMTRiLjQvMmEjNjBkbWFhbmVgYS0tZDBhc3M%3D&btag=80000e00008000&dy_q=1785292365&feature_id=d6a18d7c5414b1f1e95a75faf9147845&l=202607291032444B588B66203F773C978F&ply_type=3&policy=eyJ2bSI6MywidWlkIjoiMzEyOTY1MDYwMzg4ODE4NSJ9,未使用,审核通过,--,6,--,0,0,0,0,0,0,0,0,0,0,0,0,0,0,0
"	7662705484970426419",0715-引导-小敏-2.mp4,https://video-cn.oceanengine.com/40a5fe7ced4546da826189088e33bead/6a6c0964/tos-cn-ve-51/oEpsUBEfwQq3AeAaIohGCg3XCG0sbrPt0Cnfjj?a=1402&ch=0&cr=0&dr=3&cd=0%7C0%7C0%7C0&br=883&bt=883&cs=0&ds=4&ft=J9ThAGkHH_Myq8Z-FbY_e2NvjTQ&mime_type=video_mp4&qs=0&rc=NXZpTGRTaFBnKWxncmd5aHFsc3IxZGZpZzU5ZzZnZTg7ZjQ5aDpnQGkzaXV4Om86NnA8MzM0NjMzQFNsa3ZpcUQ6amtqXmJmK2BeaWpgYTojMDJjNmAzYTUwMTYxXjY0MmEjLmJzc2FhXmBfYS0tZDAwc3M%3D&btag=80000200010000&dy_q=1785292365&feature_id=d6a18d7c5414b1f1e95a75faf9147845&l=202607291032444B588B66203F773C978F&ply_type=3&policy=eyJ2bSI6MywidWlkIjoiMzEyOTY1MDYwMzg4ODE4NSJ9,未使用,审核不通过,--,0,--,0,0,0,0,0,0,0,0,0,0,0,0,0,0,0
"	7662705482650484745",0715-引流-魏怡-7.mp4,https://video-cn.oceanengine.com/2616edfeaa81142a16f847ad76edf113/6a6c095e/tos-cn-ve-51/oQXRArqgeIUL1JewtajCbQIRGfnJ0sGFAtBOFQ?a=1402&ch=0&cr=0&dr=3&cd=0%7C0%7C0%7C0&br=2721&bt=2721&cs=0&ds=4&ft=J9ThAGkHH_Myq8Z-FbY_e2NvjTQ&mime_type=video_mp4&qs=0&rc=NXZpTGRTaFBnKWxncmd5aHFsc3IxZGZoM2VpZTM6OmlkZ2gzOjVlQGlqbTg0aW86NHA8MzM0NjMzQFNsa3ZpcUQ6amtqXmJmK2BeaWpgYTojYy8yM18wMDU0MS0wLjYtLWEjZ3IvbmFhL2BfYS0tZDBhc3M%3D&btag=80000e00010000&dy_q=1785292365&feature_id=d6a18d7c5414b1f1e95a75faf9147845&l=202607291032444B588B66203F773C978F&ply_type=3&policy=eyJ2bSI6MywidWlkIjoiMzEyOTY1MDYwMzg4ODE4NSJ9,未使用,审核通过,--,2,--,0,0,0,0,0,0,0,0,0,0,0,0,0,0,0
"	7662705450980376585",0715-引流-魏怡-6.mp4,https://video-cn.oceanengine.com/7284ef647324b1d4d2314e4dddafed45/6a6c095e/tos-cn-ve-51/og4XmdRDxlVQdwdtEsaWzXIBIQqFQ20JpAEAM?a=1402&ch=0&cr=0&dr=3&cd=0%7C0%7C0%7C0&br=2642&bt=2642&cs=0&ds=4&ft=J9ThAGkHH_Myq8Z-FbY_e2NvjTQ&mime_type=video_mp4&qs=0&rc=NXZpTGRTaFBnKWxncmd5aHFsc3IxZGZnMzw0MzZpZjk8ZGVlOzU7QGkzdzM4ZG86NHA8MzM0NjMzQFNsa3ZpcUQ6amtqXmJmK2BeaWpgYTojLS00MTVgNTVfMV5iNF80XmEjbmxjb2FhL2BfYS0tZDAwc3M%3D&btag=80000e00010000&dy_q=1785292365&feature_id=d6a18d7c5414b1f1e95a75faf9147845&l=202607291032444B588B66203F773C978F&ply_type=3&policy=eyJ2bSI6MywidWlkIjoiMzEyOTY1MDYwMzg4ODE4NSJ9,未使用,审核通过,--,1,--,0,0,0,0,0,0,0,0,0,0,0,0,0,0,0
"	7662705442624749578", 0715-引导-小敏-6.mp4,https://video-cn.oceanengine.com/dde1bf1a6902d076b2479c93606f5cb6/6a6c0961/tos-cn-ve-51/o4WQ7ElnUBDEAQWcd0KIKX2dIzAatTmA5wu9h?a=1402&ch=0&cr=0&dr=3&cd=0%7C0%7C0%7C0&br=1792&bt=1792&cs=0&ds=4&ft=J9ThAGkHH_Myq8Z-FbY_e2NvjTQ&mime_type=video_mp4&qs=0&rc=NXZpTGRTaFBnKWxncmd5aHFsc3IxZGY4M2g8aDllN2loOmVmNDNlQGlqdTZnOm86NnA8MzM0NjMzQFNsa3ZpcUQ6amtqXmJmK2BeaWpgYTojNGM2NDU1XjYvMV81LzUtNmEjcjZqMmFhXmBfYS0tZDBhc3M%3D&btag=80000200010000&dy_q=1785292365&feature_id=d6a18d7c5414b1f1e95a75faf9147845&l=202607291032444B588B66203F773C978F&ply_type=3&policy=eyJ2bSI6MywidWlkIjoiMzEyOTY1MDYwMzg4ODE4NSJ9,未使用,审核不通过,--,0,--,0,0,0,0,0,0,0,0,0,0,0,0,0,0,0
"	7662705440946290738",0715-引导-小敏-3.mp4,https://video-cn.oceanengine.com/de606f8a3aaf4afac0a34011233934b5/6a6c0964/tos-cn-ve-51/ooEKRT7EIgQ1G3KoWptmXipJfjM1dBALaA7mQB?a=1402&ch=0&cr=0&dr=3&cd=0%7C0%7C0%7C0&br=1440&bt=1440&cs=0&ds=4&ft=J9ThAGkHH_Myq8Z-FbY_e2NvjTQ&mime_type=video_mp4&qs=0&rc=NXZpTGRTaFBnKWxncmd5aHFsc3IxZGY1NTs0NjMzOGkzNTRkaGU0QGlqO2R0M286NnA8MzM0NjMzQFNsa3ZpcUQ6amtqXmJmK2BeaWpgYTojYGJhLi1iLl4wMTRiXmBiLWEjczZvZmFhXmBfYS0tZDBhc3M%3D&btag=80000200010000&dy_q=1785292365&feature_id=d6a18d7c5414b1f1e95a75faf9147845&l=202607291032444B588B66203F773C978F&ply_type=3&policy=eyJ2bSI6MywidWlkIjoiMzEyOTY1MDYwMzg4ODE4NSJ9,未使用,审核不通过,--,0,--,0,0,0,0,0,0,0,0,0,0,0,0,0,0,0
"	7662705419853398042",0715-引导-小敏-5.mp4,https://video-cn.oceanengine.com/17e5c9c4de01cb6f337e086bafd0a592/6a6c0964/tos-cn-ve-51/oMonlUmNCLjAWXpElIgQaAIzQGCEIDItd0Pyd?a=1402&ch=0&cr=0&dr=3&cd=0%7C0%7C0%7C0&br=1433&bt=1433&cs=0&ds=4&ft=J9ThAGkHH_Myq8Z-FbY_e2NvjTQ&mime_type=video_mp4&qs=0&rc=NXZpTGRTaFBnKWxncmd5aHFsc3IxZGY4OGloZDM4ZTQ3NjU3PDRoQGkzaXBrO286NnA8MzM0NjMzQFNsa3ZpcUQ6amtqXmJmK2BeaWpgYTojNS4zYC8vLjU0MTFeLzBfYGEjLmJoZWFhXmBfYS0tZDAvc3M%3D&btag=80000e00010000&dy_q=1785292365&feature_id=d6a18d7c5414b1f1e95a75faf9147845&l=202607291032444B588B66203F773C978F&ply_type=3&policy=eyJ2bSI6MywidWlkIjoiMzEyOTY1MDYwMzg4ODE4NSJ9,未使用,审核通过,--,1,--,0,0,0,0,0,0,0,0,0,0,0,0,0,0,0
"	7662705385929408538",0715-引流-魏怡-2.mp4,https://video-cn.oceanengine.com/6efe5dfa7fea19b37b7e299d745e5e94/6a6c0976/tos-cn-ve-51/o81vxNiEIBiVHQ2eYRNTDziAuYIE2gyegHAKaq?a=1402&ch=0&cr=0&dr=3&cd=0%7C0%7C0%7C0&br=1070&bt=1070&cs=0&ds=4&ft=J9ThAGkHH_Myq8Z-FbY_e2NvjTQ&mime_type=video_mp4&qs=0&rc=NXZpTGRTaFBnKWxncmd5aHFsc3IxZGY4N2kzNmhkNGU3OzhmaTs2QGkzc2l5O286NHA8MzM0NjMzQFNsa3ZpcUQ6amtqXmJmK2BeaWpgYTojXjEuMjFiMTUwMV4vLjRiMGEjLi9sZGFhL2BfYS0tZDBhc3M%3D&btag=80000200018000&dy_q=1785292365&feature_id=d6a18d7c5414b1f1e95a75faf9147845&l=202607291032444B588B66203F773C978F&ply_type=3&policy=eyJ2bSI6MywidWlkIjoiMzEyOTY1MDYwMzg4ODE4NSJ9,未使用,审核不通过,--,0,--,0,0,0,0,0,0,0,0,0,0,0,0,0,0,0
"	7662705380100997146",0715-引流-魏怡-5.mp4,https://video-cn.oceanengine.com/b2fceef1eb669eaae1a449dea09fca15/6a6c095b/tos-cn-ve-51/oA1jDlQAQkuIXAEdrQUaW1QzBmA7IRbdZtEqT?a=1402&ch=0&cr=0&dr=3&cd=0%7C0%7C0%7C0&br=1886&bt=1886&cs=0&ds=3&ft=J9ThAGkHH_Myq8Z-FbY_e2NvjTQ&mime_type=video_mp4&qs=0&rc=NXZpTGRTaFBnKWxncmd5aHFsc3IxZGY1NzVmZjUzZDo3aWU1NGZlQGlqdWZkaG86NHA8MzM0NjMzQFNsa3ZpcUQ6amtqXmJmK2BeaWpgYTojYmNiNmE1MDUxMTUtYF9fMGEjbi1pNWFhL2BfYS0tZDBhc3M%3D&btag=80000e00008000&dy_q=1785292365&feature_id=d6a18d7c5414b1f1e95a75faf9147845&l=202607291032444B588B66203F773C978F&ply_type=3&policy=eyJ2bSI6MywidWlkIjoiMzEyOTY1MDYwMzg4ODE4NSJ9,未使用,审核通过,--,1,--,0,0,0,0,0,0,0,0,0,0,0,0,0,0,0
"	7662705376481017882",0715-引导-小敏-1.mp4,https://video-cn.oceanengine.com/7f8c4216b2235500e314464ed3c64caf/6a6c096c/tos-cn-ve-51/3f0a152d3ab940698ca4d0c2c17194da?a=1402&ch=0&cr=0&dr=3&cd=0%7C0%7C0%7C0&br=673&bt=673&cs=0&ds=4&ft=J9ThAGkHH_Myq8Z-FbY_e2NvjTQ&mime_type=video_mp4&qs=0&rc=NXZpTGRTaFBnKWxncmd5aHFsc3IxZGY2ZWY0aWQ8O2RoOGRmaDgzQGlqc3Y1aG86NnA8MzM0NjMzQFNsa3ZpcUQ6amtqXmJmK2BeaWpgYTojMy8tMzEtMzZgMWNfXmBhLWEjNDVob2FhXmBfYS0tZDAwc3M%3D&btag=80000200018000&dy_q=1785292365&feature_id=d6a18d7c5414b1f1e95a75faf9147845&l=202607291032444B588B66203F773C978F&ply_type=3&policy=eyJ2bSI6MywidWlkIjoiMzEyOTY1MDYwMzg4ODE4NSJ9,未使用,审核不通过,--,0,--,0,0,0,0,0,0,0,0,0,0,0,0,0,0,0
"	7662705373485203483",0715-引流-魏怡-3.mp4,https://video-cn.oceanengine.com/2f5e9be998b8e6ff6878f190cef5d3e3/6a6c096d/tos-cn-ve-51/owBAdzEPjmQPnEIlSAIGdXST0QskaBRpwtGrW?a=1402&ch=0&cr=0&dr=3&cd=0%7C0%7C0%7C0&br=1604&bt=1604&cs=0&ds=4&ft=J9ThAGkHH_Myq8Z-FbY_e2NvjTQ&mime_type=video_mp4&qs=0&rc=NXZpTGRTaFBnKWxncmd5aHFsc3IxZGY4ZDk4Z2czOTdpNDc3NTM4QGkzOms2ZW86NHA8MzM0NjMzQFNsa3ZpcUQ6amtqXmJmK2BeaWpgYTojM15jYDUzLl80MV41NDBeLmEjNjRyZmFhL2BfYS0tZDAwc3M%3D&btag=80000200018000&dy_q=1785292365&feature_id=d6a18d7c5414b1f1e95a75faf9147845&l=202607291032444B588B66203F773C978F&ply_type=3&policy=eyJ2bSI6MywidWlkIjoiMzEyOTY1MDYwMzg4ODE4NSJ9,未使用,审核不通过,--,0,--,0,0,0,0,0,0,0,0,0,0,0,0,0,0,0
"	7662705357816004634",0715-引导-小敏-4.mp4,https://video-cn.oceanengine.com/59588bda39739e9af40b57b7b4b7d903/6a6c095b/tos-cn-ve-51/oEKQqXE5DdFwmGIQtgC0Jd9lIpWAIFCMQaAUz?a=1402&ch=0&cr=0&dr=3&cd=0%7C0%7C0%7C0&br=1276&bt=1276&cs=0&ds=4&ft=J9ThAGkHH_Myq8Z-FbY_e2NvjTQ&mime_type=video_mp4&qs=0&rc=NXZpTGRTaFBnKWxncmd5aHFsc3IxZGY2OWQ5NGk0aTU1aTs0OTVpQGkzczMzPG86NnA8MzM0NjMzQFNsa3ZpcUQ6amtqXmJmK2BeaWpgYTojXjA1Ml5iXl5eMWAwMF80Y2EjNV9oMmFhXmBfYS0tZDAwc3M%3D&btag=80000200008000&dy_q=1785292365&feature_id=d6a18d7c5414b1f1e95a75faf9147845&l=202607291032444B588B66203F773C978F&ply_type=3&policy=eyJ2bSI6MywidWlkIjoiMzEyOTY1MDYwMzg4ODE4NSJ9,未使用,审核不通过,--,0,--,0,0,0,0,0,0,0,0,0,0,0,0,0,0,0
"	7662705346276360202",0715-引流-魏怡-10.mp4,https://video-cn.oceanengine.com/e743b567589afc8f80c5e60a1da22c20/6a6c0964/tos-cn-ve-51/oMwGsQzlIuwEmZAdANXQIEOsDnEZFBWjUrtda?a=1402&ch=0&cr=0&dr=3&cd=0%7C0%7C0%7C0&br=1319&bt=1319&cs=0&ds=3&ft=J9ThAGkHH_Myq8Z-FbY_e2NvjTQ&mime_type=video_mp4&qs=0&rc=NXZpTGRTaFBnKWxncmd5aHFsc3IxZGY0NmVnODVoNDZpNzVkNmlnQGkzOGw5ZW86NHA8MzM0NjMzQFNsa3ZpcUQ6amtqXmJmK2BeaWpgYTojLWMzLjA0YzY0MTA0Ll8tY2EjanBhXmFhL2BfYS0tZDAwc3M%3D&btag=80000e00010000&dy_q=1785292365&feature_id=d6a18d7c5414b1f1e95a75faf9147845&l=202607291032444B588B66203F773C978F&ply_type=3&policy=eyJ2bSI6MywidWlkIjoiMzEyOTY1MDYwMzg4ODE4NSJ9,未使用,审核通过,--,1,--,0,0,0,0,0,0,0,0,0,0,0,0,0,0,0
"	7662705344263782427",0715-引流-魏怡-4.mp4,https://video-cn.oceanengine.com/9b0262b75ba7356aca953950cba8c383/6a6c095d/tos-cn-ve-51/okuWWGjDNIGAGCORfaQgCQ1qjfIa2AE2BgNYzV?a=1402&ch=0&cr=0&dr=3&cd=0%7C0%7C0%7C0&br=1590&bt=1590&cs=0&ds=3&ft=J9ThAGkHH_Myq8Z-FbY_e2NvjTQ&mime_type=video_mp4&qs=0&rc=NXZpTGRTaFBnKWxncmd5aHFsc3IxZGY3Ojs7PGdnZTQ3ZWg2aDNnQGkzZTNqaW86NHA8MzM0NjMzQFNsa3ZpcUQ6amtqXmJmK2BeaWpgYTojYTEuM2EvMV5gMWM2MF5iNWEjL2o2ZWFhL2BfYS0tZDAvc3M%3D&btag=80000e00010000&dy_q=1785292365&feature_id=d6a18d7c5414b1f1e95a75faf9147845&l=202607291032444B588B66203F773C978F&ply_type=3&policy=eyJ2bSI6MywidWlkIjoiMzEyOTY1MDYwMzg4ODE4NSJ9,未使用,审核通过,--,4,--,0,0,0,0,0,0,0,0,0,0,0,0,0,0,0
"	7662705335255351334",0715-引流-魏怡-1.mp4,https://video-cn.oceanengine.com/5a92bc5390a0732a61850764b56eb7d7/6a6c096a/tos-cn-ve-51/o415hkvoCAvQ7AtmFATIJY7gKKB1QaISeMTa7Q?a=1402&ch=0&cr=0&dr=3&cd=0%7C0%7C0%7C0&br=1535&bt=1535&cs=0&ds=4&ft=J9ThAGkHH_Myq8Z-FbY_e2NvjTQ&mime_type=video_mp4&qs=0&rc=NXZpTGRTaFBnKWxncmd5aHFsc3IxZGY8Omc7aDlnZTs8ODxlZzRpQGkzcWQ0NW86NHA8MzM0NjMzQFNsa3ZpcUQ6amtqXmJmK2BeaWpgYTojLzJiY180Y15iMWEvNDVeL2EjaGc0bmFhL2BfYS0tZDAvc3M%3D&btag=80000e00010000&dy_q=1785292365&feature_id=d6a18d7c5414b1f1e95a75faf9147845&l=202607291032444B588B66203F773C978F&ply_type=3&policy=eyJ2bSI6MywidWlkIjoiMzEyOTY1MDYwMzg4ODE4NSJ9,未使用,审核通过,--,1,--,0,0,0,0,0,0,0,0,0,0,0,0,0,0,0
"	7662705320095973427",0715-引流-魏怡-8.mp4,https://video-cn.oceanengine.com/21bce00b3f9fda60e8ffcfeb06395845/6a6c0964/tos-cn-ve-51/o81fP2qgYI5VEaMDBNdRqI3yfSPABNgtuqQ2AA?a=1402&ch=0&cr=0&dr=3&cd=0%7C0%7C0%7C0&br=2665&bt=2665&cs=0&ds=4&ft=J9ThAGkHH_Myq8Z-FbY_e2NvjTQ&mime_type=video_mp4&qs=0&rc=NXZpTGRTaFBnKWxncmd5aHFsc3IxZGY2OjtnNTs1Z2U5PGU8NmZpQGkzM2pxZG86NHA8MzM0NjMzQFNsa3ZpcUQ6amtqXmJmK2BeaWpgYTojYzBjLzYyNjZjMTA2YTEtMWEjZGZwaWFhL2BfYS0tZDBhc3M%3D&btag=80000e00010000&dy_q=1785292365&feature_id=d6a18d7c5414b1f1e95a75faf9147845&l=202607291032444B588B66203F773C978F&ply_type=3&policy=eyJ2bSI6MywidWlkIjoiMzEyOTY1MDYwMzg4ODE4NSJ9,未使用,审核通过,--,1,--,0,0,0,0,0,0,0,0,0,0,0,0,0,0,0
"	7662705291852939314",0715-引流-魏怡-9.mp4,https://video-cn.oceanengine.com/b666a4ba6c7cda7783cd23b23bb68517/6a6c0965/tos-cn-ve-51/oEILElztnXjlGAjI4aBEdzg4J1EBQm4WA7ZdQ?a=1402&ch=0&cr=0&dr=3&cd=0%7C0%7C0%7C0&br=1521&bt=1521&cs=0&ds=3&ft=J9ThAGkHH_Myq8Z-FbY_e2NvjTQ&mime_type=video_mp4&qs=0&rc=NXZpTGRTaFBnKWxncmd5aHFsc3IxZGY0ZmVlPGY2ZWg1ZWk1ODg4QGlqOXFmNm86NHA8MzM0NjMzQFNsa3ZpcUQ6amtqXmJmK2BeaWpgYTojYS9hMGEzNTUvMS4vYTFgNmEjMmpycGFhL2BfYS0tZDAvc3M%3D&btag=80000e00010000&dy_q=1785292365&feature_id=d6a18d7c5414b1f1e95a75faf9147845&l=202607291032444B588B66203F773C978F&ply_type=3&policy=eyJ2bSI6MywidWlkIjoiMzEyOTY1MDYwMzg4ODE4NSJ9,未使用,审核通过,--,1,--,0,0,0,0,0,0,0,0,0,0,0,0,0,0,0
"	7662638692850843694",0714-引流-魏怡-3.mp4,https://video-cn.oceanengine.com/d500cfadb05112a502b70614170f980e/6a6c097a/tos-cn-ve-51/oU5ShtaJmBgVVE7qhX7I5SAARQ4Q7WFJK1I2fB?a=1402&ch=0&cr=0&dr=3&cd=0%7C0%7C0%7C0&br=1073&bt=1073&cs=0&ds=4&ft=J9ThAGkHH_Myq8Z-FbY_e2NvjTQ&mime_type=video_mp4&qs=0&rc=NXZpTGRTaFBnKWxncmd5aHFsc3IxZGY3Njc1Njc7NjNpNGk1ZGQ5QGkzeW1xZW86b2w8MzM0NjMzQFNsa3ZpcUQ6amtqXmJmK2BeaWpgYTojNDAwM2NjMl4wMTJfXjIyM2Ejb2wxMWFhL2ZfYS0tZDAwc3M%3D&btag=80000200020000&dy_q=1785292365&feature_id=d6a18d7c5414b1f1e95a75faf9147845&l=202607291032444B588B66203F773C978F&ply_type=3&policy=eyJ2bSI6MywidWlkIjoiMzEyOTY1MDYwMzg4ODE4NSJ9,未使用,审核不通过,--,0,--,0,0,0,0,0,0,0,0,0,0,0,0,0,0,0
"	7662638665802072114",0714-引流-魏怡-2.mp4,https://video-cn.oceanengine.com/a65df26fca487831ad6ab322577e5f7c/6a6c096a/tos-cn-ve-51/owA9EQcLEVztIAACIEQapIJLSlXYLdWh2wsjj?a=1402&ch=0&cr=0&dr=3&cd=0%7C0%7C0%7C0&br=1341&bt=1341&cs=0&ds=4&ft=J9ThAGkHH_Myq8Z-FbY_e2NvjTQ&mime_type=video_mp4&qs=0&rc=NXZpTGRTaFBnKWxncmd5aHFsc3IxZGZoaDY8N2hoZDQzNTw8aGdkQGkzZm5sNG86b2w8MzM0NjMzQFNsa3ZpcUQ6amtqXmJmK2BeaWpgYTojXzBiX2IyLl9gMV8zM2M1MGEjNmtzZWFhL2ZfYS0tZDAwc3M%3D&btag=80000200018000&dy_q=1785292365&feature_id=d6a18d7c5414b1f1e95a75faf9147845&l=202607291032444B588B66203F773C978F&ply_type=3&policy=eyJ2bSI6MywidWlkIjoiMzEyOTY1MDYwMzg4ODE4NSJ9,未使用,审核不通过,--,0,--,0,0,0,0,0,0,0,0,0,0,0,0,0,0,0
"	7662638658180579337",0714-引流-魏怡-6.mp4,https://video-cn.oceanengine.com/913a9a3fdf2cf54845d23ca49bd45ee4/6a6c0964/tos-cn-ve-51/oAIAAZEaA0zglIdX2nkvpEgt2QWwVtrEcqQrY?a=1402&ch=0&cr=0&dr=3&cd=0%7C0%7C0%7C0&br=1373&bt=1373&cs=0&ds=4&ft=J9ThAGkHH_Myq8Z-FbY_e2NvjTQ&mime_type=video_mp4&qs=0&rc=NXZpTGRTaFBnKWxncmd5aHFsc3IxZGZnZGY6aDY0aTc0aDhmODZpQGlqcGxkZW86b2w8MzM0NjMzQFNsa3ZpcUQ6amtqXmJmK2BeaWpgYTojLzUuXzIwYDYzMTFgYzRiX2Eja2lwbmFhL2ZfYS0tZDAvc3M%3D&btag=80000200010000&dy_q=1785292365&feature_id=d6a18d7c5414b1f1e95a75faf9147845&l=202607291032444B588B66203F773C978F&ply_type=3&policy=eyJ2bSI6MywidWlkIjoiMzEyOTY1MDYwMzg4ODE4NSJ9,未使用,审核不通过,--,0,--,0,0,0,0,0,0,0,0,0,0,0,0,0,0,0
"	7662638649452281866",0714-引流-魏怡-4.mp4,https://video-cn.oceanengine.com/88c00cb64884266886d95f0dff8f7750/6a6c0989/tos-cn-ve-51/oYEQATQEpAQWibMzaVcDltWXZTdI2ZJIpNiXg?a=1402&ch=0&cr=0&dr=3&cd=0%7C0%7C0%7C0&br=1252&bt=1252&cs=0&ds=4&ft=J9ThAGkHH_Myq8Z-FbY_e2NvjTQ&mime_type=video_mp4&qs=0&rc=NXZpTGRTaFBnKWxncmd5aHFsc3IxZGZnNTplNzs6OzY2Mzg5O2Y7QGlqPGk4NW86b2w8MzM0NjMzQFNsa3ZpcUQ6amtqXmJmK2BeaWpgYTojYy42L180MTU0MS0wYmNiNGEjNmFvX2FhL2ZfYS0tZDBhc3M%3D&btag=80000200028000&dy_q=1785292365&feature_id=d6a18d7c5414b1f1e95a75faf9147845&l=202607291032444B588B66203F773C978F&ply_type=3&policy=eyJ2bSI6MywidWlkIjoiMzEyOTY1MDYwMzg4ODE4NSJ9,未使用,审核不通过,--,0,--,0,0,0,0,0,0,0,0,0,0,0,0,0,0,0
"	7662638623679479818",0714-引流-魏怡-1.mp4,https://video-cn.oceanengine.com/cdd1825126f639eb78b0310788179112/6a6c097c/tos-cn-ve-51/oAXfVJZDNE6A5C2RelIQVu1qtHHa2AUyBgPlRV?a=1402&ch=0&cr=0&dr=3&cd=0%7C0%7C0%7C0&br=1673&bt=1673&cs=0&ds=4&ft=J9ThAGkHH_Myq8Z-FbY_e2NvjTQ&mime_type=video_mp4&qs=0&rc=NXZpTGRTaFBnKWxncmd5aHFsc3IxZGZkO2c2NjgzOjk2OzkzNGg2QGlqb3dsaW86b2w8MzM0NjMzQFNsa3ZpcUQ6amtqXmJmK2BeaWpgYTojNS0zYS02XzYxMTMxNWI0X2EjMHJqYmFhL2ZfYS0tZDAvc3M%3D&btag=80000200020000&dy_q=1785292365&feature_id=d6a18d7c5414b1f1e95a75faf9147845&l=202607291032444B588B66203F773C978F&ply_type=3&policy=eyJ2bSI6MywidWlkIjoiMzEyOTY1MDYwMzg4ODE4NSJ9,未使用,审核不通过,--,0,--,0,0,0,0,0,0,0,0,0,0,0,0,0,0,0
"	7662605341418520627",0715瑞晨引流-3.mp4,https://video-cn.oceanengine.com/18ae0579a9da5692425cabe9f3260e0a/6a6c0970/tos-cn-ve-51/oEaBA0DczACUIlOI8WkgXHQhiWLAwdQtxmQE5?a=1402&ch=0&cr=0&dr=3&cd=0%7C0%7C0%7C0&br=3349&bt=3349&cs=0&ds=4&ft=J9ThAGkHH_Myq8Z-FbY_e2NvjTQ&mime_type=video_mp4&qs=0&rc=NXZpTGRTaFBnKWxncmd5aHFsc3IxZGZkZGZkNDdkZTVmZGczZ2g3QGkzNmpoOW86NWo8MzM0NjMzQFNsa3ZpcUQ6amtqXmJmK2BeaWpgYTojMmIxYmEzMV9eMWIuYy80X2EjZS1iXmFhZmpfYS0tZDAvc3M%3D&btag=80000200018000&dy_q=1785292365&feature_id=d6a18d7c5414b1f1e95a75faf9147845&l=202607291032444B588B66203F773C978F&ply_type=3&policy=eyJ2bSI6MywidWlkIjoiMzEyOTY1MDYwMzg4ODE4NSJ9,未使用,审核不通过,--,0,--,0,0,0,0,0,0,0,0,0,0,0,0,0,0,0
"	7662605290009985051",0715瑞晨引流-5.mp4,https://video-cn.oceanengine.com/aab80f6ecaa73184c2f55e4f68cae40e/6a6c095c/tos-cn-ve-51/oECXV5k7MTkzClKdcl9CShIKtQEaQWaLRAmAI?a=1402&ch=0&cr=0&dr=3&cd=0%7C0%7C0%7C0&br=1491&bt=1491&cs=0&ds=4&ft=J9ThAGkHH_Myq8Z-FbY_e2NvjTQ&mime_type=video_mp4&qs=0&rc=NXZpTGRTaFBnKWxncmd5aHFsc3IxZGY8ZjQ8Mzg6M2g0OztkaTQ5QGkzNGU8N286NWo8MzM0NjMzQFNsa3ZpcUQ6amtqXmJmK2BeaWpgYTojY2JeNjAtYTYyMTRiYjYyNWEjLmtfNmFhZmpfYS0tZDBhc3M%3D&btag=80000200010000&dy_q=1785292365&feature_id=d6a18d7c5414b1f1e95a75faf9147845&l=202607291032444B588B66203F773C978F&ply_type=3&policy=eyJ2bSI6MywidWlkIjoiMzEyOTY1MDYwMzg4ODE4NSJ9,未使用,审核不通过,--,0,--,0,0,0,0,0,0,0,0,0,0,0,0,0,0,0
"	7662605228669845514",0715瑞晨引流-4.mp4,https://video-cn.oceanengine.com/3ad1ebd124ee0359395c08c021a1b64f/6a6c0956/tos-cn-ve-51/o0m6BgFNABQIpgu1O4mt7WgKQAdIhIfunQaOBR?a=1402&ch=0&cr=0&dr=3&cd=0%7C0%7C0%7C0&br=3564&bt=3564&cs=0&ds=4&ft=J9ThAGkHH_Myq8Z-FbY_e2NvjTQ&mime_type=video_mp4&qs=0&rc=NXZpTGRTaFBnKWxncmd5aHFsc3IxZGZpN2U8aDZnO2k4Mzo0M2lpQGlqbnVlM286NWo8MzM0NjMzQFNsa3ZpcUQ6amtqXmJmK2BeaWpgYTojMy1iYzJfMDViMWMtX2A1MGEjZy1oaGFhZmpfYS0tZDBhc3M%3D&btag=80000200008000&dy_q=1785292365&feature_id=d6a18d7c5414b1f1e95a75faf9147845&l=202607291032444B588B66203F773C978F&ply_type=3&policy=eyJ2bSI6MywidWlkIjoiMzEyOTY1MDYwMzg4ODE4NSJ9,未使用,审核不通过,--,0,--,0,0,0,0,0,0,0,0,0,0,0,0,0,0,0
"	7662604418197995571",0714-瑞晨引导-2.mp4,https://video-cn.oceanengine.com/40401c0f8822c5f642df7f58388b00e4/6a6c095c/tos-cn-ve-51/oEcBAQ4CIdwXPpLW0NKWmALEzQaCIQytkhWli?a=1402&ch=0&cr=0&dr=3&cd=0%7C0%7C0%7C0&br=648&bt=648&cs=0&ds=3&ft=J9ThAGkHH_Myq8Z-FbY_e2NvjTQ&mime_type=video_mp4&qs=0&rc=NXZpTGRTaFBnKWxncmd5aHFsc3IxZGY6ZTU1M2k5ZmU5NWRpOGk3QGkzbDc1NW86ZWo8MzM0NjMzQFNsa3ZpcUQ6amtqXmJmK2BeaWpgYTojNDEzMy41NDZgMWNeMzE0NWEjX3NwX2FhZmhfYS0tZDAwc3M%3D&btag=80000e00010000&dy_q=1785292365&feature_id=d6a18d7c5414b1f1e95a75faf9147845&l=202607291032444B588B66203F773C978F&ply_type=3&policy=eyJ2bSI6MywidWlkIjoiMzEyOTY1MDYwMzg4ODE4NSJ9,已使用,审核通过,--,4,--,0,0,0,0,0,0,0,0,0,0,0,0,0,0,0
"	7662604410175275035",0714-瑞晨引导-15.mp4,https://video-cn.oceanengine.com/d0a9edc1462066a8a1827230f67e893f/6a6c095a/tos-cn-ve-51/5a1c0936dc6e4905bea6172e2adccce2?a=1402&ch=0&cr=0&dr=3&cd=0%7C0%7C0%7C0&br=2979&bt=2979&cs=0&ds=4&ft=J9ThAGkHH_Myq8Z-FbY_e2NvjTQ&mime_type=video_mp4&qs=0&rc=NXZpTGRTaFBnKWxncmd5aHFsc3IxZGZoaTdpZDM0NTQ6Njc6ZmQ1QGkzam5saW86ZWo8MzM0NjMzQFNsa3ZpcUQ6amtqXmJmK2BeaWpgYTojYjFgNGEzXjZiMWNhYC0wYmEjbm5qYmFhZmhfYS0tZDAvc3M%3D&btag=80000200008000&dy_q=1785292365&feature_id=d6a18d7c5414b1f1e95a75faf9147845&l=202607291032444B588B66203F773C978F&ply_type=3&policy=eyJ2bSI6MywidWlkIjoiMzEyOTY1MDYwMzg4ODE4NSJ9,未使用,审核不通过,--,0,--,0,0,0,0,0,0,0,0,0,0,0,0,0,0,0
"	7662604396665045043",0714-瑞晨引导-7.mp4,https://video-cn.oceanengine.com/61f55d5e2467c0b40785504849c259c3/6a6c0956/tos-cn-ve-51/ogZzLMCITWadEQtcLr1n6Nq3aIHAXkaWQAElK?a=1402&ch=0&cr=0&dr=3&cd=0%7C0%7C0%7C0&br=3758&bt=3758&cs=0&ds=4&ft=J9ThAGkHH_Myq8Z-FbY_e2NvjTQ&mime_type=video_mp4&qs=0&rc=NXZpTGRTaFBnKWxncmd5aHFsc3IxZGYzN2c0ZDs0OzlpNWQ5ZDY8QGlqNXk2ZG86ZWo8MzM0NjMzQFNsa3ZpcUQ6amtqXmJmK2BeaWpgYTojMDU2MTIyXl4xMWFhXzUyNGEjaWhiM2FhZmhfYS0tZDBhc3M%3D&btag=80000200008000&dy_q=1785292365&feature_id=d6a18d7c5414b1f1e95a75faf9147845&l=202607291032444B588B66203F773C978F&ply_type=3&policy=eyJ2bSI6MywidWlkIjoiMzEyOTY1MDYwMzg4ODE4NSJ9,未使用,审核不通过,--,0,--,0,0,0,0,0,0,0,0,0,0,0,0,0,0,0
"	7662604387910729778",0714-瑞晨引导-6.mp4,https://video-cn.oceanengine.com/6ca52d850214bb2d8e7a7f57b7e8625d/6a6c0956/tos-cn-ve-51/oMKlHCmQazWjCI2GALAWWXBErQtdkl2XsKwcI?a=1402&ch=0&cr=0&dr=3&cd=0%7C0%7C0%7C0&br=2305&bt=2305&cs=0&ds=3&ft=J9ThAGkHH_Myq8Z-FbY_e2NvjTQ&mime_type=video_mp4&qs=0&rc=NXZpTGRTaFBnKWxncmd5aHFsc3IxZGYzaDtlPGY1NWk5OzQ7NTY8QGkzcDw7OG86ZWo8MzM0NjMzQFNsa3ZpcUQ6amtqXmJmK2BeaWpgYTojMTMwM2MvYDUtMWI0M18tLmEjb2Btb2FhZmhfYS0tZDAwc3M%3D&btag=80000e00008000&dy_q=1785292365&feature_id=d6a18d7c5414b1f1e95a75faf9147845&l=202607291032444B588B66203F773C978F&ply_type=3&policy=eyJ2bSI6MywidWlkIjoiMzEyOTY1MDYwMzg4ODE4NSJ9,未使用,审核通过,--,2,--,0,0,0,0,0,0,0,0,0,0,0,0,0,0,0
"	7662604383391285274",0714-瑞晨引导-5.mp4,https://video-cn.oceanengine.com/9cf8263d2f2297b882e3b349d5e3c870/6a6c095c/tos-cn-ve-51/okgYo2EpIXXHi1e8c4BqKAeM0kCjAezemQbltC?a=1402&ch=0&cr=0&dr=3&cd=0%7C0%7C0%7C0&br=489&bt=489&cs=0&ds=6&ft=J9ThAGkHH_Myq8Z-FbY_e2NvjTQ&mime_type=video_mp4&qs=0&rc=NXZpTGRTaFBnKWxncmd5aHFsc3IxZGY1NTRlZGU1MzVpOzQ8ZWhlQGkzPG06ZW86ZWo8MzM0NjMzQFNsa3ZpcUQ6amtqXmJmK2BeaWpgYTojMmIzYDYyYl9eMTYtMGFhLWEjNGMyZ2FhbmhfYS0tZDBhc3M%3D&btag=80000e00010000&dy_q=1785292365&feature_id=d6a18d7c5414b1f1e95a75faf9147845&l=202607291032444B588B66203F773C978F&ply_type=3&policy=eyJ2bSI6MywidWlkIjoiMzEyOTY1MDYwMzg4ODE4NSJ9,已使用,审核通过,--,2,--,0,0,0,0,0,0,0,0,0,0,0,0,0,0,0
"	7662604348090630154",0714-瑞晨引导-9.mp4,https://video-cn.oceanengine.com/41fccfbe845c1fc708079ed7286998f3/6a6c0956/tos-cn-ve-51/oUQPIAaKUFaAMtm61kOXUghBQQ3uAyfIF5a47S?a=1402&ch=0&cr=0&dr=3&cd=0%7C0%7C0%7C0&br=2544&bt=2544&cs=0&ds=3&ft=J9ThAGkHH_Myq8Z-FbY_e2NvjTQ&mime_type=video_mp4&qs=0&rc=NXZpTGRTaFBnKWxncmd5aHFsc3IxZGY3NGY2ZjVoOzo1OmQ2NjtnQGkzOm45Z286ZWo8MzM0NjMzQFNsa3ZpcUQ6amtqXmJmK2BeaWpgYTojMF8xXmMtXzUuMWIvY2E1X2EjMmZfNmFhZmhfYS0tZDAvc3M%3D&btag=80000e00008000&dy_q=1785292365&feature_id=d6a18d7c5414b1f1e95a75faf9147845&l=202607291032444B588B66203F773C978F&ply_type=3&policy=eyJ2bSI6MywidWlkIjoiMzEyOTY1MDYwMzg4ODE4NSJ9,已使用,审核通过,--,2,--,0,0,0,0,0,0,0,0,0,0,0,0,0,0,0
"	7662604335050735643",0714-瑞晨引导-4.mp4,https://video-cn.oceanengine.com/61ca9964112a8896ccd645e07b728aec/6a6c095c/tos-cn-ve-51/oktmBlQAQ6rIXAkdzYYaWtPzLKRmILjcCtEJT?a=1402&ch=0&cr=0&dr=3&cd=0%7C0%7C0%7C0&br=714&bt=714&cs=0&ds=3&ft=J9ThAGkHH_Myq8Z-FbY_e2NvjTQ&mime_type=video_mp4&qs=0&rc=NXZpTGRTaFBnKWxncmd5aHFsc3IxZGY7aTRmaDkzOmQzZjg7ZzplQGlqNmdsZW86ZWo8MzM0NjMzQFNsa3ZpcUQ6amtqXmJmK2BeaWpgYTojNTFeMV80MzVgMWEwYmI2MmEjajBiNGFhZmhfYS0tZDBhc3M%3D&btag=80000e00010000&dy_q=1785292365&feature_id=d6a18d7c5414b1f1e95a75faf9147845&l=202607291032444B588B66203F773C978F&ply_type=3&policy=eyJ2bSI6MywidWlkIjoiMzEyOTY1MDYwMzg4ODE4NSJ9,已使用,审核通过,--,3,--,0,0,0,0,0,0,0,0,0,0,0,0,0,0,0
"	7662604313426214958",0714-瑞晨引导-12.mp4,https://video-cn.oceanengine.com/91d1c45e9c4a4d7f31a64eae9ee592c9/6a6c0957/tos-cn-ve-51/ooQJLtClokSzlCEaKLc6uAgadW7ClIQAmIBXX?a=1402&ch=0&cr=0&dr=3&cd=0%7C0%7C0%7C0&br=1707&bt=1707&cs=0&ds=3&ft=J9ThAGkHH_Myq8Z-FbY_e2NvjTQ&mime_type=video_mp4&qs=0&rc=NXZpTGRTaFBnKWxncmd5aHFsc3IxZGZpMzc1Z2hnaDc5aWY2aTZoQGkzcWY5O286ZWo8MzM0NjMzQFNsa3ZpcUQ6amtqXmJmK2BeaWpgYTojNDUyLjYxXjYyMTAyYzU1NGEjazFrcWFhZmhfYS0tZDAvc3M%3D&btag=80000e00008000&dy_q=1785292365&feature_id=d6a18d7c5414b1f1e95a75faf9147845&l=202607291032444B588B66203F773C978F&ply_type=3&policy=eyJ2bSI6MywidWlkIjoiMzEyOTY1MDYwMzg4ODE4NSJ9,未使用,审核通过,--,2,--,0,0,0,0,0,0,0,0,0,0,0,0,0,0,0
"	7662604298522837042",0714-瑞晨引导-1.mp4,https://video-cn.oceanengine.com/ae8ab962910922ec5c005aae95032020/6a6c095c/tos-cn-ve-51/oMAtADoqC2ugGN2IoMuRBaOVC1UsUwQj3f8Jeg?a=1402&ch=0&cr=0&dr=3&cd=0%7C0%7C0%7C0&br=1728&bt=1728&cs=0&ds=4&ft=J9ThAGkHH_Myq8Z-FbY_e2NvjTQ&mime_type=video_mp4&qs=0&rc=NXZpTGRTaFBnKWxncmd5aHFsc3IxZGY6PGQ8aThoOzQ0ZDM3ZWc8QGkzdW1tO286ZWo8MzM0NjMzQFNsa3ZpcUQ6amtqXmJmK2BeaWpgYTojXjYwMGFfX15gMV5gNjAvXmEjZ3BsbmFhZmhfYS0tZDAvc3M%3D&btag=80000e00010000&dy_q=1785292365&feature_id=d6a18d7c5414b1f1e95a75faf9147845&l=202607291032444B588B66203F773C978F&ply_type=3&policy=eyJ2bSI6MywidWlkIjoiMzEyOTY1MDYwMzg4ODE4NSJ9,未使用,审核通过,--,2,--,0,0,0,0,0,0,0,0,0,0,0,0,0,0,0
"	7662604291624632370",0714-瑞晨引导-10.mp4,https://video-cn.oceanengine.com/c41a2f527fdb4f96cb79acc4a1a772a1/6a6c095e/tos-cn-ve-51/owtUpH01KAVtg8XQ7Ke4xmKAhJXoEaItB7IQIa?a=1402&ch=0&cr=0&dr=3&cd=0%7C0%7C0%7C0&br=3644&bt=3644&cs=0&ds=4&ft=J9ThAGkHH_Myq8Z-FbY_e2NvjTQ&mime_type=video_mp4&qs=0&rc=NXZpTGRTaFBnKWxncmd5aHFsc3IxZGZmNGU3NzNmNTlmZGg4N2ZnQGkzdjV5OG86ZWo8MzM0NjMzQFNsa3ZpcUQ6amtqXmJmK2BeaWpgYTojMzAwXzBjLl40MWI0YmA2MWEjMW9lYmFhbmhfYS0tZDAwc3M%3D&btag=80000200010000&dy_q=1785292365&feature_id=d6a18d7c5414b1f1e95a75faf9147845&l=202607291032444B588B66203F773C978F&ply_type=3&policy=eyJ2bSI6MywidWlkIjoiMzEyOTY1MDYwMzg4ODE4NSJ9,未使用,审核不通过,--,0,--,0,0,0,0,0,0,0,0,0,0,0,0,0,0,0
"	7662604173449560073",0714-瑞晨引导-8.mp4,https://video-cn.oceanengine.com/b5566adcd60f9a3cf32380ca994f5665/6a6c0956/tos-cn-ve-51/198342b2ad184ef8a117a435a9714b0a?a=1402&ch=0&cr=0&dr=3&cd=0%7C0%7C0%7C0&br=3439&bt=3439&cs=0&ds=4&ft=J9ThAGkHH_Myq8Z-FbY_e2NvjTQ&mime_type=video_mp4&qs=0&rc=NXZpTGRTaFBnKWxncmd5aHFsc3IxZGY5OmU2M2ZoZTczaDY3MzY0QGlqaHM6ZW86ZWo8MzM0NjMzQFNsa3ZpcUQ6amtqXmJmK2BeaWpgYTojXjVfYTEtY180MWMuYWJfYWEjamFzZWFhZmhfYS0tZDAwc3M%3D&btag=80000200008000&dy_q=1785292365&feature_id=d6a18d7c5414b1f1e95a75faf9147845&l=202607291032444B588B66203F773C978F&ply_type=3&policy=eyJ2bSI6MywidWlkIjoiMzEyOTY1MDYwMzg4ODE4NSJ9,未使用,审核不通过,--,0,--,0,0,0,0,0,0,0,0,0,0,0,0,0,0,0
"	7662602461531652123",0714-引导-雅迪-1.mp4,https://video-cn.oceanengine.com/d6271758bae00ed72d1bc567414f87b8/6a6c096d/tos-cn-ve-51/oowlravE0cLldAYW0AtgIQIZrQTHXVJbzXbsI?a=1402&ch=0&cr=0&dr=3&cd=0%7C0%7C0%7C0&br=1850&bt=1850&cs=0&ds=4&ft=J9ThAGkHH_Myq8Z-FbY_e2NvjTQ&mime_type=video_mp4&qs=0&rc=NXZpTGRTaFBnKWxncmd5aHFsc3IxZGY4Omg1PGZlaTc3MzkzPGkzQGlqZnh0M286c2o8MzM0NjMzQFNsa3ZpcUQ6amtqXmJmK2BeaWpgYTojMV4wMGAwYTUyMWAxLzEwMmEjMmtuZmFhbmRfYS0tZDBhc3M%3D&btag=80000200018000&dy_q=1785292365&feature_id=d6a18d7c5414b1f1e95a75faf9147845&l=202607291032444B588B66203F773C978F&ply_type=3&policy=eyJ2bSI6MywidWlkIjoiMzEyOTY1MDYwMzg4ODE4NSJ9,未使用,审核不通过,--,0,--,0,0,0,0,0,0,0,0,0,0,0,0,0,0,0
"	7662602460625453102",0714-引导-小敏-3.mp4,https://video-cn.oceanengine.com/81b420793002ab2e7dd623c541b84969/6a6c0964/tos-cn-ve-51/oQYRg2LANhOgqAmRcLcVlwefTgI1DBahCQUAJV?a=1402&ch=0&cr=0&dr=3&cd=0%7C0%7C0%7C0&br=2095&bt=2095&cs=0&ds=4&ft=J9ThAGkHH_Myq8Z-FbY_e2NvjTQ&mime_type=video_mp4&qs=0&rc=NXZpTGRTaFBnKWxncmd5aHFsc3IxZGY1aWVoaWkzZmQ4NzhpOGc2QGlqcmg0NW86cmo8MzM0NjMzQFNsa3ZpcUQ6amtqXmJmK2BeaWpgYTojLy9hMTY0MF4vMS9gL2JiMGEjMF4zbmFhXmRfYS0tZDAvc3M%3D&btag=80000200010000&dy_q=1785292365&feature_id=d6a18d7c5414b1f1e95a75faf9147845&l=202607291032444B588B66203F773C978F&ply_type=3&policy=eyJ2bSI6MywidWlkIjoiMzEyOTY1MDYwMzg4ODE4NSJ9,未使用,审核不通过,--,0,--,0,0,0,0,0,0,0,0,0,0,0,0,0,0,0
"	7662602421063925806",0714-引导-小敏-1.mp4,https://video-cn.oceanengine.com/4d6af97ee1036335dd0074172f532952/6a6c0959/tos-cn-ve-51/oAIdXkQzIcsE9iYVQgmd3WZkjFtanlABAWIDJ?a=1402&ch=0&cr=0&dr=3&cd=0%7C0%7C0%7C0&br=2194&bt=2194&cs=0&ds=4&ft=J9ThAGkHH_Myq8Z-FbY_e2NvjTQ&mime_type=video_mp4&qs=0&rc=NXZpTGRTaFBnKWxncmd5aHFsc3IxZGYzPGk6ZzM8ZTM7Z2c5ZmRlQGlqNjpzNW86cmo8MzM0NjMzQFNsa3ZpcUQ6amtqXmJmK2BeaWpgYTojYGIzLzNhNjZiMV4vMjEzLmEjYmNkXmFhZmRfYS0tZDAvc3M%3D&btag=80000200008000&dy_q=1785292365&feature_id=d6a18d7c5414b1f1e95a75faf9147845&l=202607291032444B588B66203F773C978F&ply_type=3&policy=eyJ2bSI6MywidWlkIjoiMzEyOTY1MDYwMzg4ODE4NSJ9,未使用,审核不通过,--,0,--,0,0,0,0,0,0,0,0,0,0,0,0,0,0,0
"	7662602366266474522",0714-引导-雅迪-2.mp4,https://video-cn.oceanengine.com/f68ef0451cbf8fa738b09af0d7fbd67a/6a6c0960/tos-cn-ve-51/okAIdHDNZXluEI4aAIEzaXdQtcgBCFuQWZ0wW?a=1402&ch=0&cr=0&dr=3&cd=0%7C0%7C0%7C0&br=1482&bt=1482&cs=0&ds=4&ft=J9ThAGkHH_Myq8Z-FbY_e2NvjTQ&mime_type=video_mp4&qs=0&rc=NXZpTGRTaFBnKWxncmd5aHFsc3IxZGY2aDg6OmZlZjQzOjZmZmhoQGlqaHczaG86c2o8MzM0NjMzQFNsa3ZpcUQ6amtqXmJmK2BeaWpgYTojYC9fMi9iXjVhMWEwYF4uNmEjL2dmX2FhbmRfYS0tZDAwc3M%3D&btag=80000200010000&dy_q=1785292365&feature_id=d6a18d7c5414b1f1e95a75faf9147845&l=202607291032444B588B66203F773C978F&ply_type=3&policy=eyJ2bSI6MywidWlkIjoiMzEyOTY1MDYwMzg4ODE4NSJ9,未使用,审核不通过,--,0,--,0,0,0,0,0,0,0,0,0,0,0,0,0,0,0
"	7662602623486935078",0714-浩正瑞晨-10-三改.mp4,https://video-cn.oceanengine.com/60b9f0ea1a54d74aaf97617322ff1536/6a6c0979/tos-cn-ve-51/ooHcGaWzXipuIpAACgIIA9QsHQlcEtcQdta7E?a=1402&ch=0&cr=0&dr=3&cd=0%7C0%7C0%7C0&br=1422&bt=1422&cs=0&ds=4&ft=J9ThAGkHH_Myq8Z-FbY_e2NvjTQ&mime_type=video_mp4&qs=0&rc=NXZpTGRTaFBnKWxncmd5aHFsc3IxZGZmNDQ3ZWRkNDdnaTdoOWRpQGlqOmczaG86NWo8MzM0NjMzQFNsa3ZpcUQ6amtqXmJmK2BeaWpgYTojYTMxNDFiYl9gMWMuMWMzMWEjcmw0YmFhL2VfYS0tZDAvc3M%3D&btag=80000200018000&dy_q=1785292365&feature_id=d6a18d7c5414b1f1e95a75faf9147845&l=202607291032444B588B66203F773C978F&ply_type=3&policy=eyJ2bSI6MywidWlkIjoiMzEyOTY1MDYwMzg4ODE4NSJ9,未使用,审核不通过,--,0,--,0,0,0,0,0,0,0,0,0,0,0,0,0,0,0
"	7662602581948547098",0714-浩正瑞晨-9-三改.mp4,https://video-cn.oceanengine.com/ca7aacaaed49d312eecd32f54e61a578/6a6c096a/tos-cn-ve-51/ostPIQQBHQzWkGXcgPEGiIAAlEa5vHdnWgNFI?a=1402&ch=0&cr=0&dr=3&cd=0%7C0%7C0%7C0&br=1957&bt=1957&cs=0&ds=4&ft=J9ThAGkHH_Myq8Z-FbY_e2NvjTQ&mime_type=video_mp4&qs=0&rc=NXZpTGRTaFBnKWxncmd5aHFsc3IxZGY2aWg6ZjZoOTs2ZTU8ZzY1QGlqOnhvOm86NWo8MzM0NjMzQFNsa3ZpcUQ6amtqXmJmK2BeaWpgYTojYjIuYzJeNF9gMWAzLmMvLWEjLzVlLWFhL2VfYS0tZDAvc3M%3D&btag=80000200018000&dy_q=1785292365&feature_id=d6a18d7c5414b1f1e95a75faf9147845&l=202607291032444B588B66203F773C978F&ply_type=3&policy=eyJ2bSI6MywidWlkIjoiMzEyOTY1MDYwMzg4ODE4NSJ9,未使用,审核不通过,--,0,--,0,0,0,0,0,0,0,0,0,0,0,0,0,0,0
"	7662602560545849371",0714-浩正瑞晨-6-三改.mp4,https://video-cn.oceanengine.com/c13e7320752c0654d051ee7ab7a0d74c/6a6c097b/tos-cn-ve-51/o8GXxWvlUQEzil2dc4sSVQIGtQEawWAIBA3AI?a=1402&ch=0&cr=0&dr=3&cd=0%7C0%7C0%7C0&br=1117&bt=1117&cs=0&ds=4&ft=J9ThAGkHH_Myq8Z-FbY_e2NvjTQ&mime_type=video_mp4&qs=0&rc=NXZpTGRTaFBnKWxncmd5aHFsc3IxZGY3PGQ1ZWk1ODw6N2c2NmlnQGkzajV4aW86NWo8MzM0NjMzQFNsa3ZpcUQ6amtqXmJmK2BeaWpgYTojMy0yNS5eXjYuMTNhMC9iNWEjNl4tXmFhL2VfYS0tZDAwc3M%3D&btag=80000200020000&dy_q=1785292365&feature_id=d6a18d7c5414b1f1e95a75faf9147845&l=202607291032444B588B66203F773C978F&ply_type=3&policy=eyJ2bSI6MywidWlkIjoiMzEyOTY1MDYwMzg4ODE4NSJ9,未使用,审核不通过,--,0,--,0,0,0,0,0,0,0,0,0,0,0,0,0,0,0
"	7662602558097080370",0714-浩正瑞晨-5-三改.mp4,https://video-cn.oceanengine.com/ae56d4bb0c1484df3443b505d115ea77/6a6c0969/tos-cn-ve-51/oM41AXkE7E7t0NEAmQzIKfJSmRpoagQHBI1Edm?a=1402&ch=0&cr=0&dr=3&cd=0%7C0%7C0%7C0&br=1210&bt=1210&cs=0&ds=4&ft=J9ThAGkHH_Myq8Z-FbY_e2NvjTQ&mime_type=video_mp4&qs=0&rc=NXZpTGRTaFBnKWxncmd5aHFsc3IxZGZmOGZoOjU4ZzllZ2RkaDU1QGlqaGtnNm86NWo8MzM0NjMzQFNsa3ZpcUQ6amtqXmJmK2BeaWpgYTojXzIxNDJhYjYzMWMtLjNjNWEjc2gzZmFhL2VfYS0tZDBhc3M%3D&btag=80000200010000&dy_q=1785292365&feature_id=d6a18d7c5414b1f1e95a75faf9147845&l=202607291032444B588B66203F773C978F&ply_type=3&policy=eyJ2bSI6MywidWlkIjoiMzEyOTY1MDYwMzg4ODE4NSJ9,未使用,审核不通过,--,0,--,0,0,0,0,0,0,0,0,0,0,0,0,0,0,0
"	7662602552812486706",0714-浩正瑞晨-11-三改.mp4,https://video-cn.oceanengine.com/bb4b0fba89d0a41c21118bee2b2bb375/6a6c096a/tos-cn-ve-51/oEQXIggemGLKACa1CtFcIh9D8RPBE7IQmZ4zAx?a=1402&ch=0&cr=0&dr=3&cd=0%7C0%7C0%7C0&br=1233&bt=1233&cs=0&ds=4&ft=J9ThAGkHH_Myq8Z-FbY_e2NvjTQ&mime_type=video_mp4&qs=0&rc=NXZpTGRTaFBnKWxncmd5aHFsc3IxZGYzNThkN2Y1O2c8M2llZWdoQGkzanBqOm86NWo8MzM0NjMzQFNsa3ZpcUQ6amtqXmJmK2BeaWpgYTojXzFhMmAzMV5fMV5eLi9fNWEjc21gZGFhL2VfYS0tZDBhc3M%3D&btag=80000200018000&dy_q=1785292365&feature_id=d6a18d7c5414b1f1e95a75faf9147845&l=202607291032444B588B66203F773C978F&ply_type=3&policy=eyJ2bSI6MywidWlkIjoiMzEyOTY1MDYwMzg4ODE4NSJ9,未使用,审核不通过,--,0,--,0,0,0,0,0,0,0,0,0,0,0,0,0,0,0
"	7661187006646501412",微信视频2026-07-11_163704_323.mp4,https://video-cn.oceanengine.com/bd0485879d9500f32d2046132fbe1412/6a6c0969/tos-cn-ve-51/oQygv5aftHAMK7rABm2kAAvBYUjQImgoQ1vbi7?a=1402&ch=0&cr=0&dr=3&cd=0%7C0%7C0%7C0&br=1021&bt=1021&cs=0&ds=3&ft=J9ThAGkHH_Myq8Z-FbY_e2NvjTQ&mime_type=video_mp4&qs=0&rc=NXZpTGRTaFBnKWxncmd5aHFsc3IxZGY4ZDU6aGhpZTU3OWVkNjQ8QGkzMzo2ZG86OXk8MzM0NjMzQFNsa3ZpcUQ6amtqXmJmK2BeaWpgYTojYmIxLWBgLl5iMTZfYDAyYWEjNmNiM2FhXmNeYS0tZDBhc3M%3D&btag=80000e00010000&dy_q=1785292365&feature_id=d6a18d7c5414b1f1e95a75faf9147845&l=202607291032444B588B66203F773C978F&ply_type=3&policy=eyJ2bSI6MywidWlkIjoiMzEyOTY1MDYwMzg4ODE4NSJ9,已使用,审核通过,--,5,--,0,0,0,0,0,0,0,0,0,0,0,0,0,0,0
