素材id,视频名称,视频链接,投放情况,审核建议,素材评估,关联在投单元数,标签,消耗,展示数,点击数,点击率(%),平均点击单价(元),平均千次展现费用(元),转化数,转化成本,转化率(%),深度转化次数,深度转化成本,深度转化率(%),回访-加为好友(计费时间),回访-高潜成交(计费时间),回访-信息确认(计费时间)
	7660186951438139446,0708-引导-嘉丽-4.mp4,https://video-cn.oceanengine.com/6a69adf0642855ec68fe34aae14824c5/6a66b8ee/tos-cn-ve-51/o4XQsqT2AKmBzJh1mtfAgAm86sEWIQ9iZpCJq4?a=1402&ch=0&cr=0&dr=3&cd=0%7C0%7C0%7C0&cv=1&br=1135&bt=1135&cs=0&ds=3&ft=J9ThAGkHH_Myq8ZqQK4_e2NvjTQ&mime_type=video_mp4&qs=0&rc=NXZpTGRTaFBnKWxncmd5aHFsc3IxZGY1N2c1ODc2NTNmaGRpNTxnQGlqb2ZvN2tvdTo8MzM0NjMzQFNsa3ZpcUQ6amtqXmJmK2BeaWpgYTojYGE0NjIvYF5jMTYwNC0wNWEjYy1mZnFnXjM0YS0tZDAwc3M%3D&btag=80000e00010000&dy_q=1784944093&feature_id=59cb2766d89ae6284516c6a254e9fb61&l=202607250948128DBC74F06CE163B63FEA&ply_type=3&policy=eyJ2bSI6MywidWlkIjoiMzEyOTY1MDYwMzg4ODE4NSJ9,未使用,审核通过,--,14,--,44.24,1255,25,1.99,1.77,35.25,3,14.75,12,0,0,0,0,0,0
	7660371917899792420,0709引导-小敏-1-1.mp4,https://video-cn.oceanengine.com/4a3a85fd47c076c7c1cff0ade9a946f2/6a66b8f2/tos-cn-ve-51/oYwMZq7TgunNAgseqIRkCM6EDEAeNxVNBMAcx0?a=1402&ch=0&cr=0&dr=3&cd=0%7C0%7C0%7C0&cv=1&br=841&bt=841&cs=0&ds=3&ft=J9ThAGkHH_Myq8ZqQK4_e2NvjTQ&mime_type=video_mp4&qs=0&rc=NXZpTGRTaFBnKWxncmd5aHFsc3IxZGZnOGZlZTo4aDM7Ojs1PDY6QGlqNmY7PGtvZms8MzM0NjMzQFNsa3ZpcUQ6amtqXmJmK2BeaWpgYTojXzNgMTItYTUwMTEwMGFhYWEjMC8ycXFnL2s0YS0tZDBhc3M%3D&btag=80000e00010000&dy_q=1784944093&feature_id=d6a18d7c5414b1f1e95a75faf9147845&l=202607250948128DBC74F06CE163B63FEA&ply_type=3&policy=eyJ2bSI6MywidWlkIjoiMzEyOTY1MDYwMzg4ODE4NSJ9,未使用,审核通过,--,8,--,3.66,227,8,3.52,0.46,16.12,0,0,0,0,0,0,0,0,0
	7664453202381930523,0718瑞晨引流-22.mp4,https://video-cn.oceanengine.com/2e694523bda578d5e7c1a52a7e3b9967/6a66b8f2/tos-cn-ve-51/oUxfm1DqLiJ7BQtmgAIgqBFI4itQitQagBmAm6?a=1402&ch=0&cr=0&dr=3&cd=0%7C0%7C0%7C0&br=657&bt=657&cs=0&ds=3&ft=J9ThAGkHH_Myq8ZqQK4_e2NvjTQ&mime_type=video_mp4&qs=0&rc=NXZpTGRTaFBnKWxncmd5aHFsc3IxZGZoOjM2ODs5ZGY0NjkzNmhoQGlqbzdrM286dm48MzM0NjMzQFNsa3ZpcUQ6amtqXmJmK2BeaWpgYTojMTJhYjAxY182MTIuMzYwY2EjNi4zbmFhLzJjYS0tZDBhc3M%3D&btag=80000e00010000&dy_q=1784944093&feature_id=d6a18d7c5414b1f1e95a75faf9147845&l=202607250948128DBC74F06CE163B63FEA&ply_type=3&policy=eyJ2bSI6MywidWlkIjoiMzEyOTY1MDYwMzg4ODE4NSJ9,未使用,审核通过,首发,1,--,0.24,22,0,0,0,10.91,0,0,0,0,0,0,0,0,0
	7661187006646501412,微信视频2026-07-11_163704_323.mp4,https://video-cn.oceanengine.com/aa05ba49c947565f9deff2664e8ba016/6a66b8f9/tos-cn-ve-51/b915b5c8144b4c9c9167b095ed5cd073?a=1402&ch=0&cr=0&dr=3&cd=0%7C0%7C0%7C0&br=1021&bt=1021&cs=0&ds=3&ft=J9ThAGkHH_Myq8ZqQK4_e2NvjTQ&mime_type=video_mp4&qs=0&rc=NXZpTGRTaFBnKWxncmd5aHFsc3IxZGY0aTQ6OzpnZWhnNzU2OzU3QGlqZ2t0ZWtvNjM8MzM0NjMzQFNsa3ZpcUQ6amtqXmJmK2BeaWpgYTojMS8vYmE2Nl4zMWAzYmMwM2EjYWwycXFnXi82YS0tZDAvc3M%3D&btag=80000e00010000&dy_q=1784944093&feature_id=d6a18d7c5414b1f1e95a75faf9147845&l=202607250948128DBC74F06CE163B63FEA&ply_type=3&policy=eyJ2bSI6MywidWlkIjoiMzEyOTY1MDYwMzg4ODE4NSJ9,未使用,审核通过,--,4,--,3.69,25,1,4,3.69,147.6,0,0,0,0,0,0,0,0,0
	7662271415936843802,0713-引导-嘉丽-7.mp4,https://video-cn.oceanengine.com/017d263d23edd92c22741fba7e1188b9/6a66b8ff/tos-cn-ve-51/oIEm2h1AuC2YakBV4AIApKeZyDQAnQqls2Bpk6?a=1402&ch=0&cr=0&dr=3&cd=0%7C0%7C0%7C0&br=862&bt=862&cs=0&ds=3&ft=J9ThAGkHH_Myq8ZqQK4_e2NvjTQ&mime_type=video_mp4&qs=0&rc=NXZpTGRTaFBnKWxncmd5aHFsc3IxZGY5PDdlNzQ6ZjU8NTk2Z2dkQGlqPHY8OGtvbHc8MzM0NjMzQFNsa3ZpcUQ6amtqXmJmK2BeaWpgYTojNmIzYzJeYzUzMTFfNGM0YWEjLS4xYHFnXmpeYS0tZDAvc3M%3D&btag=80000e00018000&dy_q=1784944093&feature_id=d6a18d7c5414b1f1e95a75faf9147845&l=202607250948128DBC74F06CE163B63FEA&ply_type=3&policy=eyJ2bSI6MywidWlkIjoiMzEyOTY1MDYwMzg4ODE4NSJ9,未使用,审核通过,--,3,--,23.15,625,23,3.68,1.01,37.04,0,0,0,0,0,0,0,0,0
	7660371894164914182,0708-引导-嘉丽-5.mp4,https://video-cn.oceanengine.com/cfffd8e84d01fecd322f5ca9fecd96dd/6a66b8e2/tos-cn-ve-51/owfebUfFnk0zGTZMBAhH3Ndqg4WA70AjtdEC5j?a=1402&ch=0&cr=0&dr=3&cd=0%7C0%7C0%7C0&cv=1&br=1212&bt=1212&cs=0&ds=6&ft=J9ThAGkHH_Myq8ZqQK4_e2NvjTQ&mime_type=video_mp4&qs=0&rc=NXZpTGRTaFBnKWxncmd5aHFsc3IxZGYzNzM0Ojo6Zzc6ZTc7OWc5QGlqaHZlNGtvZms8MzM0NjMzQFNsa3ZpcUQ6amtqXmJmK2BeaWpgYTojLV4zMDUxYzY0MTM0LjEvL2EjczRoaHFnL2s0YS0tZDAvc3M%3D&btag=80000e00008000&dy_q=1784944093&feature_id=d6a18d7c5414b1f1e95a75faf9147845&l=202607250948128DBC74F06CE163B63FEA&ply_type=3&policy=eyJ2bSI6MywidWlkIjoiMzEyOTY1MDYwMzg4ODE4NSJ9,已使用,审核通过,--,6,--,397.32,36846,430,1.17,0.92,10.78,23,17.27,5.35,0,0,0,0,3,0
	7660186913555644470,0708引导-小敏-1.mp4,https://video-cn.oceanengine.com/5f7552285961d390410fb64e18e71843/6a66b8ef/tos-cn-ve-51/2bae3a7756eb456186673002a0168b64?a=1402&ch=0&cr=0&dr=3&cd=0%7C0%7C0%7C0&cv=1&br=675&bt=675&cs=0&ds=3&ft=J9ThAGkHH_Myq8ZqQK4_e2NvjTQ&mime_type=video_mp4&qs=0&rc=NXZpTGRTaFBnKWxncmd5aHFsc3IxZGY3ODNnMzVkOWY0aTw4O2c0QGkzO2pwZ2tvdTo8MzM0NjMzQFNsa3ZpcUQ6amtqXmJmK2BeaWpgYTojNWE1MDBjYl8tMWFjMi41NGEjajVpMnFnXjM0YS0tZDBhc3M%3D&btag=80000e00010000&dy_q=1784944093&feature_id=d6a18d7c5414b1f1e95a75faf9147845&l=202607250948128DBC74F06CE163B63FEA&ply_type=3&policy=eyJ2bSI6MywidWlkIjoiMzEyOTY1MDYwMzg4ODE4NSJ9,未使用,审核通过,--,7,--,14.16,387,5,1.29,2.83,36.59,1,14.16,20,0,0,0,0,0,0
	7664453215853281289,0718瑞晨引流-9.mp4,https://video-cn.oceanengine.com/e90f38ef3248dc3ed3563fd072744fc5/6a66b8ec/tos-cn-ve-51/oYfwQLagII1Dty6FahoAmM4jxLi3Q6BFA7gETQ?a=1402&ch=0&cr=0&dr=3&cd=0%7C0%7C0%7C0&cv=1&br=807&bt=807&cs=0&ds=3&ft=J9ThAGkHH_Myq8ZqQK4_e2NvjTQ&mime_type=video_mp4&qs=0&rc=NXZpTGRTaFBnKWxncmd5aHFsc3IxZGY7NTs4aTo1O2g4aWk2aWU6QGkza2U5OG86dm48MzM0NjMzQFNsa3ZpcUQ6amtqXmJmK2BeaWpgYTojNC0uL19eY14zMTEzYTZeNWEjLm4tZ2FhXjJjYS0tZDAwc3M%3D&btag=80000e00010000&dy_q=1784944093&feature_id=d6a18d7c5414b1f1e95a75faf9147845&l=202607250948128DBC74F06CE163B63FEA&ply_type=3&policy=eyJ2bSI6MywidWlkIjoiMzEyOTY1MDYwMzg4ODE4NSJ9,未使用,审核通过,首发,2,--,14.31,745,20,2.68,0.72,19.21,1,14.31,5,0,0,0,0,0,0
	7662230360634556454,0713-引导-嘉丽-3.mp4,https://video-cn.oceanengine.com/9b877c206b10ba74eec2aa96e6900af9/6a66b8ff/tos-cn-ve-51/oYK6Qxi9t16GIQsPtUbeZBh4AqDIKEmVrohAQg?a=1402&ch=0&cr=0&dr=3&cd=0%7C0%7C0%7C0&br=773&bt=773&cs=0&ds=3&ft=J9ThAGkHH_Myq8ZqQK4_e2NvjTQ&mime_type=video_mp4&qs=0&rc=NXZpTGRTaFBnKWxncmd5aHFsc3IxZGY5aDpmOGVoaGhlNTozaTxoQGkza2t4O2tvd3U8MzM0NjMzQFNsa3ZpcUQ6amtqXmJmK2BeaWpgYTojYTAvNTYyY19eMTJfLV9iYmEjMWtmYHFnL19eYS0tZDAwc3M%3D&btag=80000e00018000&dy_q=1784944093&feature_id=d6a18d7c5414b1f1e95a75faf9147845&l=202607250948128DBC74F06CE163B63FEA&ply_type=3&policy=eyJ2bSI6MywidWlkIjoiMzEyOTY1MDYwMzg4ODE4NSJ9,未使用,审核通过,首发,2,--,11.53,565,11,1.95,1.05,20.41,0,0,0,0,0,0,0,0,0
	7662230321010311219,0713-引导-雅迪-2-改.mp4,https://video-cn.oceanengine.com/4a483a65d629e1024140a852ce1cd96c/6a66b908/tos-cn-ve-51/oQsmfOEVdhDCAQ4EAQKv9RAhQrIzhE93AtK1tB?a=1402&ch=0&cr=0&dr=3&cd=0%7C0%7C0%7C0&br=759&bt=759&cs=0&ds=3&ft=J9ThAGkHH_Myq8ZqQK4_e2NvjTQ&mime_type=video_mp4&qs=0&rc=NXZpTGRTaFBnKWxncmd5aHFsc3IxZGY0ZzRkZ2VlN2hkNjc3aTk6QGlqbXY7aGtvdXU8MzM0NjMzQFNsa3ZpcUQ6amtqXmJmK2BeaWpgYTojMzVhNi8vX18wMTIuNDYyMWEjazZfaHFnZl9eYS0tZDAvc3M%3D&btag=80000e00018000&dy_q=1784944093&feature_id=d6a18d7c5414b1f1e95a75faf9147845&l=202607250948128DBC74F06CE163B63FEA&ply_type=3&policy=eyJ2bSI6MywidWlkIjoiMzEyOTY1MDYwMzg4ODE4NSJ9,未使用,审核通过,"首发,优质",5,--,1.73,80,0,0,0,21.63,0,0,0,0,0,0,0,0,0
	7664453092843044890,0718瑞晨引流-11.mp4,https://video-cn.oceanengine.com/456e2d475978eb9147f36a0481e03cc1/6a66b8e6/tos-cn-ve-51/o0oFQhm43aAxQZCTw6tDgm1gaByQmAGLI4Ixf7?a=1402&ch=0&cr=0&dr=3&cd=0%7C0%7C0%7C0&cv=1&br=1189&bt=1189&cs=0&ds=3&ft=J9ThAGkHH_Myq8ZqQK4_e2NvjTQ&mime_type=video_mp4&qs=0&rc=NXZpTGRTaFBnKWxncmd5aHFsc3IxZGY3Nzs2PDozOGY1Zzk0NGRlQGlqbWs2NG86dW48MzM0NjMzQFNsa3ZpcUQ6amtqXmJmK2BeaWpgYTojX2JiYi8zYF5iMTEzMTBfNGEjNmY0cmFhZjJjYS0tZDAwc3M%3D&btag=80000e00008000&dy_q=1784944093&feature_id=d6a18d7c5414b1f1e95a75faf9147845&l=202607250948128DBC74F06CE163B63FEA&ply_type=3&policy=eyJ2bSI6MywidWlkIjoiMzEyOTY1MDYwMzg4ODE4NSJ9,未使用,审核通过,--,1,--,0,1,0,0,0,0,0,0,0,0,0,0,0,0,0
	7663059461246320667,0716-引导-嘉丽-1.mp4,https://video-cn.oceanengine.com/9a3eb9cd428ea5cbd4d78a4ef9e29b31/6a66b8e9/tos-cn-ve-51/oshALgTAVFQassFIQBcmEHIQBggtYq71QIsEf3?a=1402&ch=0&cr=0&dr=3&cd=0%7C0%7C0%7C0&br=984&bt=984&cs=0&ds=3&ft=J9ThAGkHH_Myq8ZqQK4_e2NvjTQ&mime_type=video_mp4&qs=0&rc=NXZpTGRTaFBnKWxncmd5aHFsc3IxZGY4OjYzOTxmaTM4aGlnODVkQGkzMzQ1NW86NmQ8MzM0NjMzQFNsa3ZpcUQ6amtqXmJmK2BeaWpgYTojYGM2NDViMzZeMTUxL18wMGEjanNhb2FhZmRgYS0tZDAwc3M%3D&btag=80000e00008000&dy_q=1784944093&feature_id=d6a18d7c5414b1f1e95a75faf9147845&l=202607250948128DBC74F06CE163B63FEA&ply_type=3&policy=eyJ2bSI6MywidWlkIjoiMzEyOTY1MDYwMzg4ODE4NSJ9,未使用,审核通过,--,3,--,5.96,320,16,5,0.37,18.63,0,0,0,0,0,0,0,0,0
	7662229404613869595,0713-浩正瑞晨引导-7.mp4.mp4,https://video-cn.oceanengine.com/7b53dde0625540c6861adbc5773096c1/6a66b919/tos-cn-ve-51/oojVGiqsXcmGQEDIWAe1Atp4QHhOIgzZqtKBan?a=1402&ch=0&cr=0&dr=3&cd=0%7C0%7C0%7C0&cv=1&br=1130&bt=1130&cs=0&ds=3&ft=J9ThAGkHH_Myq8ZqQK4_e2NvjTQ&mime_type=video_mp4&qs=0&rc=NXZpTGRTaFBnKWxncmd5aHFsc3IxZGZoZmU1NDg1NzM3ODxnNmY4QGlqNnM6OmtvNnU8MzM0NjMzQFNsa3ZpcUQ6amtqXmJmK2BeaWpgYTojMWM1XzItXjYtMTEvMy0wNGEjMGktZXFnXl5eYS0tZDAwc3M%3D&btag=80000e00028000&dy_q=1784944093&feature_id=d6a18d7c5414b1f1e95a75faf9147845&l=202607250948128DBC74F06CE163B63FEA&ply_type=3&policy=eyJ2bSI6MywidWlkIjoiMzEyOTY1MDYwMzg4ODE4NSJ9,未使用,审核通过,--,2,--,0.72,46,0,0,0,15.65,0,0,0,0,0,0,0,0,0
	7663054269622517806,0715-魏怡引流5.mp4,https://video-cn.oceanengine.com/5972349dc455ed9b2ca137ae7107ea2b/6a66b8ed/tos-cn-ve-51/ooIQE1nEg6OdtjirzoKWlJa0WDR5YxADtIZQA?a=1402&ch=0&cr=0&dr=3&cd=0%7C0%7C0%7C0&cv=1&br=1529&bt=1529&cs=0&ds=3&ft=J9ThAGkHH_Myq8ZqQK4_e2NvjTQ&mime_type=video_mp4&qs=0&rc=NXZpTGRTaFBnKWxncmd5aHFsc3IxZGY7PDc5MzM0Zzk2NDRoOTk2QGkzbzp2ZW86cGQ8MzM0NjMzQFNsa3ZpcUQ6amtqXmJmK2BeaWpgYTojNS9iMjIuMzY0MWIwYS1jY2EjbmdfZ2FhLzNgYS0tZDAvc3M%3D&btag=80000e00010000&dy_q=1784944093&feature_id=d6a18d7c5414b1f1e95a75faf9147845&l=202607250948128DBC74F06CE163B63FEA&ply_type=3&policy=eyJ2bSI6MywidWlkIjoiMzEyOTY1MDYwMzg4ODE4NSJ9,未使用,审核通过,--,2,--,7.13,223,3,1.35,2.38,31.97,0,0,0,0,0,0,0,0,0
	7663054368157302793,0714-魏怡引流-5.mp4,https://video-cn.oceanengine.com/1517abcb59548493bacb353130285e4d/6a66b8fc/tos-cn-ve-51/oAYUCIW58Q6igjtAdTtlroaUrAhQ2EhU5Izsl?a=1402&ch=0&cr=0&dr=3&cd=0%7C0%7C0%7C0&cv=1&br=698&bt=698&cs=0&ds=3&ft=J9ThAGkHH_Myq8ZqQK4_e2NvjTQ&mime_type=video_mp4&qs=0&rc=NXZpTGRTaFBnKWxncmd5aHFsc3IxZGYzZmc3ZTxpZjNlOTplODpkQGkzcDl0M286bmQ8MzM0NjMzQFNsa3ZpcUQ6amtqXmJmK2BeaWpgYTojXmFjYWEzMl41MV8uXjBjMWEjXm1wZmFhXjNgYS0tZDBhc3M%3D&btag=80000e00018000&dy_q=1784944093&feature_id=d6a18d7c5414b1f1e95a75faf9147845&l=202607250948128DBC74F06CE163B63FEA&ply_type=3&policy=eyJ2bSI6MywidWlkIjoiMzEyOTY1MDYwMzg4ODE4NSJ9,未使用,审核通过,--,2,--,3.65,104,1,0.96,3.65,35.1,0,0,0,0,0,0,0,0,0
	7660371924531937316,0708-引导-嘉丽-2.mp4,https://video-cn.oceanengine.com/aeca296fb9e4752ebe3cbecb9d1011c1/6a66b8f4/tos-cn-ve-51/ogpaDTeZNDjVbuE4NgAxKRyTgAAqbLxW5veA6B?a=1402&ch=0&cr=0&dr=3&cd=0%7C0%7C0%7C0&cv=1&br=1689&bt=1689&cs=0&ds=3&ft=J9ThAGkHH_Myq8ZqQK4_e2NvjTQ&mime_type=video_mp4&qs=0&rc=NXZpTGRTaFBnKWxncmd5aHFsc3IxZGZnZzo5OzszOjlnNDw2aDs7QGkzcHU1NWtvZWs8MzM0NjMzQFNsa3ZpcUQ6amtqXmJmK2BeaWpgYTojNWEzL2M1L15eMWMtLjVjYmEja2EzbHFnbms0YS0tZDAwc3M%3D&btag=80000e00010000&dy_q=1784944093&feature_id=d6a18d7c5414b1f1e95a75faf9147845&l=202607250948128DBC74F06CE163B63FEA&ply_type=3&policy=eyJ2bSI6MywidWlkIjoiMzEyOTY1MDYwMzg4ODE4NSJ9,未使用,审核通过,首发,12,--,24.85,651,13,2,1.91,38.17,3,8.28,23.08,0,0,0,0,0,0
	7663055816350859274,0716-引流瑞晨-6.mp4,https://video-cn.oceanengine.com/434aedd9bcdb320eedebedcd3789c45c/6a66b8e7/tos-cn-ve-51/ocFWNgOR1yMTKBkpg2R3AxAMSalpIqADfo4Nei?a=1402&ch=0&cr=0&dr=3&cd=0%7C0%7C0%7C0&cv=1&br=1608&bt=1608&cs=0&ds=3&ft=J9ThAGkHH_Myq8ZqQK4_e2NvjTQ&mime_type=video_mp4&qs=0&rc=NXZpTGRTaFBnKWxncmd5aHFsc3IxZGZmODg4M2Q2aGg3ZTU4MzM6QGkzZGxwZG86bWQ8MzM0NjMzQFNsa3ZpcUQ6amtqXmJmK2BeaWpgYTojLzBiLzAzYjVeMWJiLS9iNWEjYzZnMWFhZjZgYS0tZDBhc3M%3D&btag=80000e00008000&dy_q=1784944093&feature_id=d6a18d7c5414b1f1e95a75faf9147845&l=202607250948128DBC74F06CE163B63FEA&ply_type=3&policy=eyJ2bSI6MywidWlkIjoiMzEyOTY1MDYwMzg4ODE4NSJ9,未使用,审核通过,首发,4,--,17.62,430,23,5.35,0.77,40.98,2,8.81,8.7,0,0,0,0,0,0
	7663055819790499891,0716-引流瑞晨-3.mp4,https://video-cn.oceanengine.com/db60ba7f4989dd2680d43844b235a2f4/6a66b8ec/tos-cn-ve-51/oMQre7Fv1AxOp9nRAaAdJH3LtNJIhEImOBNGYq?a=1402&ch=0&cr=0&dr=3&cd=0%7C0%7C0%7C0&br=440&bt=440&cs=0&ds=3&ft=J9ThAGkHH_Myq8ZqQK4_e2NvjTQ&mime_type=video_mp4&qs=0&rc=NXZpTGRTaFBnKWxncmd5aHFsc3IxZGY8ZDpkOTM1Omg1MzNmNjQ2QGkzd3lrO286bWQ8MzM0NjMzQFNsa3ZpcUQ6amtqXmJmK2BeaWpgYTojLjBfM2MwMjYtMTMwLy4yMWEjaXFqZWFhZjZgYS0tZDAvc3M%3D&btag=80000e00010000&dy_q=1784944093&feature_id=d6a18d7c5414b1f1e95a75faf9147845&l=202607250948128DBC74F06CE163B63FEA&ply_type=3&policy=eyJ2bSI6MywidWlkIjoiMzEyOTY1MDYwMzg4ODE4NSJ9,未使用,审核通过,--,2,--,15.76,883,15,1.7,1.05,17.85,0,0,0,0,0,0,0,0,0
	7664453189787893811,0718瑞晨引流-23.mp4,https://video-cn.oceanengine.com/f5cee7ce9452c942833f9ab91d3fe7f5/6a66b8ea/tos-cn-ve-51/oUaLxFTqXAwhAZwg2Ge0KNQBD1fRIxm8DmUgQ1?a=1402&ch=0&cr=0&dr=3&cd=0%7C0%7C0%7C0&br=1797&bt=1797&cs=0&ds=3&ft=J9ThAGkHH_Myq8ZqQK4_e2NvjTQ&mime_type=video_mp4&qs=0&rc=NXZpTGRTaFBnKWxncmd5aHFsc3IxZGY4OzdpZjdlMzhoNzZkOmhpQGkzZmd1NG86dm48MzM0NjMzQFNsa3ZpcUQ6amtqXmJmK2BeaWpgYTojLi1jXl5eNTYyMTI1NjFfLmEjaS5uaGFhLzJjYS0tZDAwc3M%3D&btag=80000e00008000&dy_q=1784944093&feature_id=d6a18d7c5414b1f1e95a75faf9147845&l=202607250948128DBC74F06CE163B63FEA&ply_type=3&policy=eyJ2bSI6MywidWlkIjoiMzEyOTY1MDYwMzg4ODE4NSJ9,未使用,审核通过,--,1,--,0.25,25,1,4,0.25,10,0,0,0,0,0,0,0,0,0
	7662271386505429043,0713-引导-嘉丽-8.mp4,https://video-cn.oceanengine.com/e218675e12a6d04c71e9c3c8d026dc67/6a66b8f4/tos-cn-ve-51/oEKmIB2AYulZFDnVuuAuEsJ2QQe4g1AuKd4hKs?a=1402&ch=0&cr=0&dr=3&cd=0%7C0%7C0%7C0&br=1078&bt=1078&cs=0&ds=3&ft=J9ThAGkHH_Myq8ZqQK4_e2NvjTQ&mime_type=video_mp4&qs=0&rc=NXZpTGRTaFBnKWxncmd5aHFsc3IxZGYzNjY4ODVmODRpaDg7O2hmQGkzaDg8aGtvbHc8MzM0NjMzQFNsa3ZpcUQ6amtqXmJmK2BeaWpgYTojLi0vNi4tLzZiMWA2YDY2LmEjYG9tLXFnZmpeYS0tZDAwc3M%3D&btag=80000e00010000&dy_q=1784944093&feature_id=d6a18d7c5414b1f1e95a75faf9147845&l=202607250948128DBC74F06CE163B63FEA&ply_type=3&policy=eyJ2bSI6MywidWlkIjoiMzEyOTY1MDYwMzg4ODE4NSJ9,未使用,审核通过,首发,3,--,2.15,188,3,1.6,0.72,11.44,0,0,0,0,0,0,0,0,0
	7663054417171742758,0715-魏怡引流-6.mp4,https://video-cn.oceanengine.com/2aa9c8b7fd34b2c17597be827ca7191b/6a66b9e6/tos-cn-ve-51/oIQ9jLlYlPAMtEvPEuEAapsAzdIVJWQIcTiWr?a=1402&ch=0&cr=0&dr=3&cd=0%7C0%7C0%7C0&br=1364&bt=1364&cs=0&ds=3&ft=J9ThAGkHH_Myq8ZqQK4_e2NvjTQ&mime_type=video_mp4&qs=0&rc=NXZpTGRTaFBnKWxncmd5aHFsc3IxZGZoOmloOjVmaDQzOjM0ZDdkQGlqOG5sZW86cGQ8MzM0NjMzQFNsa3ZpcUQ6amtqXmJmK2BeaWpgYTojNTEzXzNhLTVhMTEtNmNiYmEjMnNjNGFhLzNgYS0tZDBhc3M%3D&btag=80000e00030000&dy_q=1784944093&feature_id=d6a18d7c5414b1f1e95a75faf9147845&l=202607250948128DBC74F06CE163B63FEA&ply_type=3&policy=eyJ2bSI6MywidWlkIjoiMzEyOTY1MDYwMzg4ODE4NSJ9,未使用,审核通过,--,3,--,0.83,10,0,0,0,83,0,0,0,0,0,0,0,0,0
	7660371896212013110,0708-引导-嘉丽-3.mp4,https://video-cn.oceanengine.com/d6db968ec13c391d12cbfa0cee8bc858/6a66b8ef/tos-cn-ve-51/o8q1rSmtB34JePzsjG93XIG9gVBMEQAR4lQmBA?a=1402&ch=0&cr=0&dr=3&cd=0%7C0%7C0%7C0&cv=1&br=497&bt=497&cs=0&ds=3&ft=J9ThAGkHH_Myq8ZqQK4_e2NvjTQ&mime_type=video_mp4&qs=0&rc=NXZpTGRTaFBnKWxncmd5aHFsc3IxZGY1OGQ8M2U0NDdnZDhkNzU7QGlqOHM8O2tvZWs8MzM0NjMzQFNsa3ZpcUQ6amtqXmJmK2BeaWpgYTojYV9jNC00YzYvMV9iLjY0Y2EjXjJnZHFnbms0YS0tZDBhc3M%3D&btag=80000e00010000&dy_q=1784944093&feature_id=d6a18d7c5414b1f1e95a75faf9147845&l=202607250948128DBC74F06CE163B63FEA&ply_type=3&policy=eyJ2bSI6MywidWlkIjoiMzEyOTY1MDYwMzg4ODE4NSJ9,未使用,审核通过,首发,9,--,3.42,202,5,2.48,0.68,16.93,0,0,0,0,0,0,0,0,0
	7664453132443090982,0718瑞晨引流-12.mp4,https://video-cn.oceanengine.com/fb3497cfd98c7f04ac2e87182028d7b6/6a66b8e6/tos-cn-ve-51/ocFqUJLcCATkgNFJgQFqXQNDufa2Vx0EADBqfI?a=1402&ch=0&cr=0&dr=3&cd=0%7C0%7C0%7C0&br=995&bt=995&cs=0&ds=3&ft=J9ThAGkHH_Myq8ZqQK4_e2NvjTQ&mime_type=video_mp4&qs=0&rc=NXZpTGRTaFBnKWxncmd5aHFsc3IxZGYzODU8ZThoZjVpNTs7aTw0QGlqdXJlbDlydW48MzM0NjMzQFNsa3ZpcUQ6amtqXmJmK2BeaWpgYTojYzFfYDMzXzUwMTM0NDU1YmEjXmk2LjJkazJjYS0tZDBhc3M%3D&btag=80000e00008000&dy_q=1784944093&feature_id=d6a18d7c5414b1f1e95a75faf9147845&l=202607250948128DBC74F06CE163B63FEA&ply_type=3&policy=eyJ2bSI6MywidWlkIjoiMzEyOTY1MDYwMzg4ODE4NSJ9,未使用,审核通过,--,1,--,0.02,4,0,0,0,5,0,0,0,0,0,0,0,0,0
	7664453166962409510,0718瑞晨引流-5.mp4,https://video-cn.oceanengine.com/f2c1bdfcae6b1852c28b54a21fdcf304/6a66b8ec/tos-cn-ve-51/oUfCtBA0xQk4KbgAfYGvgXIoWOQgqjsCGxtUcf?a=1402&ch=0&cr=0&dr=3&cd=0%7C0%7C0%7C0&br=660&bt=660&cs=0&ds=3&ft=J9ThAGkHH_Myq8ZqQK4_e2NvjTQ&mime_type=video_mp4&qs=0&rc=NXZpTGRTaFBnKWxncmd5aHFsc3IxZGY5Z2Q5ZzRmOGQ5O2dkZzU1QGlqanl3Om86dm48MzM0NjMzQFNsa3ZpcUQ6amtqXmJmK2BeaWpgYTojNTNgMjA0LjZeMTE2YmEvLmEjMGVtMGFhLzJjYS0tZDAwc3M%3D&btag=80000e00010000&dy_q=1784944093&feature_id=d6a18d7c5414b1f1e95a75faf9147845&l=202607250948128DBC74F06CE163B63FEA&ply_type=3&policy=eyJ2bSI6MywidWlkIjoiMzEyOTY1MDYwMzg4ODE4NSJ9,未使用,审核通过,--,1,--,0.46,24,2,8.33,0.23,19.17,0,0,0,0,0,0,0,0,0
	7662229433765298186,0713-浩正瑞晨引导-1.mp4.mp4,https://video-cn.oceanengine.com/5d75a738cdd2b8f5dbd20a2549e32545/6a66b8f4/tos-cn-ve-51/oIRQfOtGASqBtTm1m3ZAg3OaXsEYIQ9VDZCKq4?a=1402&ch=0&cr=0&dr=3&cd=0%7C0%7C0%7C0&cv=1&br=703&bt=703&cs=0&ds=3&ft=J9ThAGkHH_Myq8ZqQK4_e2NvjTQ&mime_type=video_mp4&qs=0&rc=NXZpTGRTaFBnKWxncmd5aHFsc3IxZGY7Zjo2aTVmaTgzMzg3ZTk6QGlqaHVxPGtvNnU8MzM0NjMzQFNsa3ZpcUQ6amtqXmJmK2BeaWpgYTojYTQuYGMwNjVfMTI2YjIvYmEjYGJtaHFnXl5eYS0tZDBhc3M%3D&btag=80000e00010000&dy_q=1784944093&feature_id=d6a18d7c5414b1f1e95a75faf9147845&l=202607250948128DBC74F06CE163B63FEA&ply_type=3&policy=eyJ2bSI6MywidWlkIjoiMzEyOTY1MDYwMzg4ODE4NSJ9,未使用,审核通过,--,7,--,12.76,1097,18,1.64,0.71,11.63,1,12.76,5.56,0,0,0,0,0,0
	7661187009408008233,微信视频_20260711163659.mp4,https://video-cn.oceanengine.com/3cbe94445f9ddab7a5469c409fdb8b5d/6a66b902/tos-cn-ve-51/okAggtq4hIkYm21BRAYNxKTQSATAHsCIeQEGEQ?a=1402&ch=0&cr=0&dr=3&cd=0%7C0%7C0%7C0&cv=1&br=909&bt=909&cs=0&ds=3&ft=J9ThAGkHH_Myq8ZqQK4_e2NvjTQ&mime_type=video_mp4&qs=0&rc=NXZpTGRTaFBnKWxncmd5aHFsc3IxZGY4Ozs4Omg0ZTo0aTZkNTVkQGlqbXFyN2tvNjM8MzM0NjMzQFNsa3ZpcUQ6amtqXmJmK2BeaWpgYTojL2JjLS40XzU0MTAuMl42XmEjM2AyNXFnXi82YS0tZDAwc3M%3D&btag=80000e00018000&dy_q=1784944093&feature_id=d6a18d7c5414b1f1e95a75faf9147845&l=202607250948128DBC74F06CE163B63FEA&ply_type=3&policy=eyJ2bSI6MywidWlkIjoiMzEyOTY1MDYwMzg4ODE4NSJ9,已使用,审核通过,优质,15,--,567.2,23586,334,1.42,1.7,24.05,33,17.19,9.88,0,0,0,0,5,0
	7663055823942189107,0716-引流瑞晨-7.mp4,https://video-cn.oceanengine.com/6f3c055ecfc40dbeb1d381670a31d7fd/6a66b8e7/tos-cn-ve-51/og5P6ivgEIztbk6SEIadAYtQOEWzwxllzapAk?a=1402&ch=0&cr=0&dr=3&cd=0%7C0%7C0%7C0&cv=1&br=774&bt=774&cs=0&ds=3&ft=J9ThAGkHH_Myq8ZqQK4_e2NvjTQ&mime_type=video_mp4&qs=0&rc=NXZpTGRTaFBnKWxncmd5aHFsc3IxZGY8NzhmOmU8MzZkOzVpNmdpQGkzdWVmM286bWQ8MzM0NjMzQFNsa3ZpcUQ6amtqXmJmK2BeaWpgYTojMC4zLi0zNjUtMTJeNjYyNGEjNmhzL2FhZjZgYS0tZDAwc3M%3D&btag=80000e00008000&dy_q=1784944093&feature_id=d6a18d7c5414b1f1e95a75faf9147845&l=202607250948128DBC74F06CE163B63FEA&ply_type=3&policy=eyJ2bSI6MywidWlkIjoiMzEyOTY1MDYwMzg4ODE4NSJ9,未使用,审核通过,--,4,--,3.19,150,2,1.33,1.6,21.27,0,0,0,0,0,0,0,0,0
	7660371937247903787,0709引导-小敏-4-1.mp4,https://video-cn.oceanengine.com/ca41c818650f637672b58ee55f763e7a/6a66b8f0/tos-cn-ve-51/ooEW2vjGPdGq6Bl5PF7f0BezQe20IMpYCEAA9f?a=1402&ch=0&cr=0&dr=3&cd=0%7C0%7C0%7C0&cv=1&br=740&bt=740&cs=0&ds=3&ft=J9ThAGkHH_Myq8ZqQK4_e2NvjTQ&mime_type=video_mp4&qs=0&rc=NXZpTGRTaFBnKWxncmd5aHFsc3IxZGZkMzs5OGc0Njw6OTg8Nzs1QGkzaXNlOWtvZWs8MzM0NjMzQFNsa3ZpcUQ6amtqXmJmK2BeaWpgYTojYGIxYF4xNV5iMTZgM2I0L2Ejc2BzbHFnbms0YS0tZDBhc3M%3D&btag=80000e00010000&dy_q=1784944093&feature_id=d6a18d7c5414b1f1e95a75faf9147845&l=202607250948128DBC74F06CE163B63FEA&ply_type=3&policy=eyJ2bSI6MywidWlkIjoiMzEyOTY1MDYwMzg4ODE4NSJ9,未使用,审核通过,--,9,--,44.45,1530,22,1.44,2.02,29.05,2,22.23,9.09,0,0,0,0,0,0
	7662230322323537929,0713-引导-嘉丽-9.mp4,https://video-cn.oceanengine.com/707440e77cb7669863dd83f2ac84c5f6/6a66b8eb/tos-cn-ve-51/oQ1VIVHBA4sg4QPsytxAqeilrghu5E1mmtKhGP?a=1402&ch=0&cr=0&dr=3&cd=0%7C0%7C0%7C0&cv=1&br=544&bt=544&cs=0&ds=3&ft=J9ThAGkHH_Myq8ZqQK4_e2NvjTQ&mime_type=video_mp4&qs=0&rc=NXZpTGRTaFBnKWxncmd5aHFsc3IxZGYzZ2UzZzY2PDU1ZzwzPGRoQGkzOjpnOGtvdnU8MzM0NjMzQFNsa3ZpcUQ6amtqXmJmK2BeaWpgYTojMjY0NTQtYF9hMWIzNTRiNGEjbWRgZ3Fnbl9eYS0tZDAwc3M%3D&btag=80000e00010000&dy_q=1784944093&feature_id=d6a18d7c5414b1f1e95a75faf9147845&l=202607250948128DBC74F06CE163B63FEA&ply_type=3&policy=eyJ2bSI6MywidWlkIjoiMzEyOTY1MDYwMzg4ODE4NSJ9,未使用,审核通过,--,2,--,2.93,454,4,0.88,0.73,6.45,0,0,0,0,0,0,0,0,0
	7663059465547153434,0716-引导-雅迪-1.mp4,https://video-cn.oceanengine.com/ae2feeb8a02951d2e0e19dff492f3ac5/6a66b8ef/tos-cn-ve-51/oAAI5hDaiOlvqIIyAoEzaYdQtiaKK1pQWFUgd?a=1402&ch=0&cr=0&dr=3&cd=0%7C0%7C0%7C0&cv=1&br=1541&bt=1541&cs=0&ds=3&ft=J9ThAGkHH_Myq8ZqQK4_e2NvjTQ&mime_type=video_mp4&qs=0&rc=NXZpTGRTaFBnKWxncmd5aHFsc3IxZGZoM2g6NzpoO2hnOTRlNjk4QGlqPHRsaW86OGQ8MzM0NjMzQFNsa3ZpcUQ6amtqXmJmK2BeaWpgYTojNDRjLTZfYTUvMTJeNDQvMGEjbjJlYmFhXmRgYS0tZDAvc3M%3D&btag=80000e00010000&dy_q=1784944093&feature_id=d6a18d7c5414b1f1e95a75faf9147845&l=202607250948128DBC74F06CE163B63FEA&ply_type=3&policy=eyJ2bSI6MywidWlkIjoiMzEyOTY1MDYwMzg4ODE4NSJ9,未使用,审核通过,--,4,--,26.06,1277,18,1.41,1.45,20.41,0,0,0,0,0,0,0,0,0
	7662271385642729518,0713-引导-嘉丽-4.mp4,https://video-cn.oceanengine.com/f83e4b4519d22bb666dca86ed3d3f8f4/6a66b8f0/tos-cn-ve-51/o0Nsd2k4IKtBm5KABV84qgWm2kAeQRuQDdz1E5?a=1402&ch=0&cr=0&dr=3&cd=0%7C0%7C0%7C0&br=1379&bt=1379&cs=0&ds=3&ft=J9ThAGkHH_Myq8ZqQK4_e2NvjTQ&mime_type=video_mp4&qs=0&rc=NXZpTGRTaFBnKWxncmd5aHFsc3IxZGZoOzk0NDg5NzNnZTY3Ozs2QGkzNHBoZ2tvbHc8MzM0NjMzQFNsa3ZpcUQ6amtqXmJmK2BeaWpgYTojNmMwNTZeX14yMWE2MDMxY2EjXzVfMnFnXmpeYS0tZDBhc3M%3D&btag=80000e00010000&dy_q=1784944093&feature_id=d6a18d7c5414b1f1e95a75faf9147845&l=202607250948128DBC74F06CE163B63FEA&ply_type=3&policy=eyJ2bSI6MywidWlkIjoiMzEyOTY1MDYwMzg4ODE4NSJ9,未使用,审核通过,首发,3,--,0.52,12,0,0,0,43.33,0,0,0,0,0,0,0,0,0
	7662230326718300187,0713-引导-嘉丽-1.mp4,https://video-cn.oceanengine.com/8b4c3734f7d16907db00eed2489754b5/6a66b8f4/tos-cn-ve-51/o04P3spQrEtK5esBphmq19uh0UBoAmQUV1ItAg?a=1402&ch=0&cr=0&dr=3&cd=0%7C0%7C0%7C0&br=639&bt=639&cs=0&ds=3&ft=J9ThAGkHH_Myq8ZqQK4_e2NvjTQ&mime_type=video_mp4&qs=0&rc=NXZpTGRTaFBnKWxncmd5aHFsc3IxZGY7NTU0NTNnZzxoNjc0ODg3QGkzPG82PGtvdnU8MzM0NjMzQFNsa3ZpcUQ6amtqXmJmK2BeaWpgYTojMWMuMDZfNjZeMTYuXjYvXmEjaDZzXnFnbl9eYS0tZDAwc3M%3D&btag=80000e00010000&dy_q=1784944093&feature_id=d6a18d7c5414b1f1e95a75faf9147845&l=202607250948128DBC74F06CE163B63FEA&ply_type=3&policy=eyJ2bSI6MywidWlkIjoiMzEyOTY1MDYwMzg4ODE4NSJ9,已使用,审核通过,--,2,--,1.64,5,0,0,0,328,0,0,0,0,0,0,0,0,0
	7662213000066678793,0713-引导-小敏-4.mp4,https://video-cn.oceanengine.com/8bceeff8888e1930cd5ac6c1e3086bed/6a66b8f5/tos-cn-ve-51/okAGApFKGehB9BtQI1s4lmKRE0z8QMrKAhVgJm?a=1402&ch=0&cr=0&dr=3&cd=0%7C0%7C0%7C0&cv=1&br=617&bt=617&cs=0&ds=3&ft=J9ThAGkHH_Myq8ZqQK4_e2NvjTQ&mime_type=video_mp4&qs=0&rc=NXZpTGRTaFBnKWxncmd5aHFsc3IxZGY6PGg5Z2QzPDwzN2Q7OGloQGlqOGZsOGtvanQ8MzM0NjMzQFNsa3ZpcUQ6amtqXmJmK2BeaWpgYTojMDAzM2MtM19hMWItMzFiMWEjNWZpcnFnL2BeYS0tZDAvc3M%3D&btag=80000e00010000&dy_q=1784944093&feature_id=d6a18d7c5414b1f1e95a75faf9147845&l=202607250948128DBC74F06CE163B63FEA&ply_type=3&policy=eyJ2bSI6MywidWlkIjoiMzEyOTY1MDYwMzg4ODE4NSJ9,未使用,审核通过,--,4,--,14.71,1376,18,1.31,0.82,10.69,0,0,0,0,0,0,0,0,0
	7664453100346900507,0718瑞晨引流-8.mp4,https://video-cn.oceanengine.com/9256e76a9dc284c43a1fd5b6dec5c691/6a66b8ec/tos-cn-ve-51/osiDAXxCiRA0KGv1AehLeRA34g2SKB1Fqg0N8a?a=1402&ch=0&cr=0&dr=3&cd=0%7C0%7C0%7C0&cv=1&br=893&bt=893&cs=0&ds=3&ft=J9ThAGkHH_Myq8ZqQK4_e2NvjTQ&mime_type=video_mp4&qs=0&rc=NXZpTGRTaFBnKWxncmd5aHFsc3IxZGY7M2c4PGg0ODs2aGZoOmg5QGkzNW5lN286dm48MzM0NjMzQFNsa3ZpcUQ6amtqXmJmK2BeaWpgYTojXl9jYjYwMF81MV4tMC9eYmEjay1fZWFhXjJjYS0tZDAvc3M%3D&btag=80000e00010000&dy_q=1784944093&feature_id=d6a18d7c5414b1f1e95a75faf9147845&l=202607250948128DBC74F06CE163B63FEA&ply_type=3&policy=eyJ2bSI6MywidWlkIjoiMzEyOTY1MDYwMzg4ODE4NSJ9,未使用,审核通过,--,1,--,0.42,51,1,1.96,0.42,8.24,0,0,0,0,0,0,0,0,0
	7663055838699651123,0716-引流瑞晨-9.mp4,https://video-cn.oceanengine.com/2374f143342e26d5e6682f4d1df3102e/6a66b8ea/tos-cn-ve-51/oYzkQdpOiAOlYskjdEIQXvaptzICKgdSmWvAi?a=1402&ch=0&cr=0&dr=3&cd=0%7C0%7C0%7C0&cv=1&br=1659&bt=1659&cs=0&ds=3&ft=J9ThAGkHH_Myq8ZqQK4_e2NvjTQ&mime_type=video_mp4&qs=0&rc=NXZpTGRTaFBnKWxncmd5aHFsc3IxZGY5Ozg3OjxoODtnZ2k6ZzQ3QGlqZnNsaW86bWQ8MzM0NjMzQFNsa3ZpcUQ6amtqXmJmK2BeaWpgYTojMC8wMC5fYjU2MWNfMGI1M2EjaDJlYmFhZjZgYS0tZDAvc3M%3D&btag=80000e00008000&dy_q=1784944093&feature_id=d6a18d7c5414b1f1e95a75faf9147845&l=202607250948128DBC74F06CE163B63FEA&ply_type=3&policy=eyJ2bSI6MywidWlkIjoiMzEyOTY1MDYwMzg4ODE4NSJ9,未使用,审核通过,--,3,--,10.58,467,28,6,0.38,22.66,0,0,0,0,0,0,0,0,0
	7664453108551434249,0718瑞晨引流-13.mp4,https://video-cn.oceanengine.com/58459b98b530b76a82a970f957ab0bff/6a66b8e6/tos-cn-ve-51/oAquDcfKuBmQ0AaNIAvI2xVgDXDjg7RKMLQ12e?a=1402&ch=0&cr=0&dr=3&cd=0%7C0%7C0%7C0&br=1605&bt=1605&cs=0&ds=3&ft=J9ThAGkHH_Myq8ZqQK4_e2NvjTQ&mime_type=video_mp4&qs=0&rc=NXZpTGRTaFBnKWxncmd5aHFsc3IxZGY1OzVoOjdpaGZpNGY4OGlkQGlqczZlNW86dW48MzM0NjMzQFNsa3ZpcUQ6amtqXmJmK2BeaWpgYTojMzBjX2BeYDYyMV8xNTBiNGEja2thLmFhZjJjYS0tZDAwc3M%3D&btag=80000e00008000&dy_q=1784944093&feature_id=d6a18d7c5414b1f1e95a75faf9147845&l=202607250948128DBC74F06CE163B63FEA&ply_type=3&policy=eyJ2bSI6MywidWlkIjoiMzEyOTY1MDYwMzg4ODE4NSJ9,未使用,审核通过,首发,1,--,0.11,16,0,0,0,6.88,0,0,0,0,0,0,0,0,0
	7662229485093961778,0713-浩正瑞晨引导-8.mp4.mp4,https://video-cn.oceanengine.com/5e53b7a19a6c2e28a7b7548a61125682/6a66b903/tos-cn-ve-51/oAIVEQgkmtKKA641ketkq6yHTqrBGsCQmhtXAv?a=1402&ch=0&cr=0&dr=3&cd=0%7C0%7C0%7C0&cv=1&br=546&bt=546&cs=0&ds=3&ft=J9ThAGkHH_Myq8ZqQK4_e2NvjTQ&mime_type=video_mp4&qs=0&rc=NXZpTGRTaFBnKWxncmd5aHFsc3IxZGY8OGk5OjpmZGU7NmRpaDloQGlqdGQ0ZWtvNnU8MzM0NjMzQFNsa3ZpcUQ6amtqXmJmK2BeaWpgYTojYy00Nl9fNV8yMS9jNV9fNWEjNjBtZnFnXl5eYS0tZDBhc3M%3D&btag=80000e00018000&dy_q=1784944093&feature_id=d6a18d7c5414b1f1e95a75faf9147845&l=202607250948128DBC74F06CE163B63FEA&ply_type=3&policy=eyJ2bSI6MywidWlkIjoiMzEyOTY1MDYwMzg4ODE4NSJ9,未使用,审核通过,首发,3,--,86.96,6345,90,1.42,0.97,13.71,6,14.49,6.67,0,0,0,0,1,0
	7664453162750050314,0718瑞晨引流-3.mp4,https://video-cn.oceanengine.com/2b60dfb8ec44cb7e85fbe4a79f7e97b9/6a66b8ec/tos-cn-ve-51/o00qBf9DEwxFgiQAmgxQXoOoNL3nDAguDfaIDN?a=1402&ch=0&cr=0&dr=3&cd=0%7C0%7C0%7C0&br=935&bt=935&cs=0&ds=3&ft=J9ThAGkHH_Myq8ZqQK4_e2NvjTQ&mime_type=video_mp4&qs=0&rc=NXZpTGRTaFBnKWxncmd5aHFsc3IxZGY2PDU5Nzs7Zjs0aTo3NjtkQGkzNGlwcTlydm48MzM0NjMzQFNsa3ZpcUQ6amtqXmJmK2BeaWpgYTojLmNfNjIxXzUtMS4uLy1gLmEjbi1yMDJkNDJjYS0tZDBhc3M%3D&btag=80000e00010000&dy_q=1784944093&feature_id=d6a18d7c5414b1f1e95a75faf9147845&l=202607250948128DBC74F06CE163B63FEA&ply_type=3&policy=eyJ2bSI6MywidWlkIjoiMzEyOTY1MDYwMzg4ODE4NSJ9,未使用,审核通过,--,1,--,0.72,112,3,2.68,0.24,6.43,0,0,0,0,0,0,0,0,0
	7664453148363964467,0718瑞晨引流-4.mp4,https://video-cn.oceanengine.com/5153c84c0792e34c8a9e904f7c04e438/6a66b8ec/tos-cn-ve-51/ogBCAQtXTFaD7D0gQqED8xfmIDjsgL9wACfxqN?a=1402&ch=0&cr=0&dr=3&cd=0%7C0%7C0%7C0&br=786&bt=786&cs=0&ds=3&ft=J9ThAGkHH_Myq8ZqQK4_e2NvjTQ&mime_type=video_mp4&qs=0&rc=NXZpTGRTaFBnKWxncmd5aHFsc3IxZGZmNjgzZzs1NmlnPDo0aWc7QGlqcHV4eDlydm48MzM0NjMzQFNsa3ZpcUQ6amtqXmJmK2BeaWpgYTojM2MyNTYtLl8yMS0vNTYtY2EjbV4wYjJkYzJjYS0tZDAvc3M%3D&btag=80000e00010000&dy_q=1784944093&feature_id=d6a18d7c5414b1f1e95a75faf9147845&l=202607250948128DBC74F06CE163B63FEA&ply_type=3&policy=eyJ2bSI6MywidWlkIjoiMzEyOTY1MDYwMzg4ODE4NSJ9,未使用,审核通过,--,1,--,0.38,24,0,0,0,15.83,0,0,0,0,0,0,0,0,0
	7662213071909732378,713-引导-小敏-1.mp4,https://video-cn.oceanengine.com/b8cd20dd6866243c9cadba3ff00a0635/6a66b8ec/tos-cn-ve-51/8e4e32ecade2477ab9a62f0b9fedf25c?a=1402&ch=0&cr=0&dr=3&cd=0%7C0%7C0%7C0&cv=1&br=871&bt=871&cs=0&ds=3&ft=J9ThAGkHH_Myq8ZqQK4_e2NvjTQ&mime_type=video_mp4&qs=0&rc=NXZpTGRTaFBnKWxncmd5aHFsc3IxZGY2NWQ1M2g5ZTk0OTk0Z2hpQGlqNHFtZ2tvanQ8MzM0NjMzQFNsa3ZpcUQ6amtqXmJmK2BeaWpgYTojMmMwLy8yNDYvMS4zL15jNmEjX3M1ZnFnL2BeYS0tZDAvc3M%3D&btag=80000e00010000&dy_q=1784944093&feature_id=d6a18d7c5414b1f1e95a75faf9147845&l=202607250948128DBC74F06CE163B63FEA&ply_type=3&policy=eyJ2bSI6MywidWlkIjoiMzEyOTY1MDYwMzg4ODE4NSJ9,已使用,审核通过,--,7,--,57.49,3303,73,2.21,0.79,17.41,1,57.49,1.37,0,0,0,0,0,0
	7661186975484379190,微信视频_20260711163647.mp4,https://video-cn.oceanengine.com/0c665be6676c55eb33e2e48bd8e76591/6a66b8f0/tos-cn-ve-51/owISEQgOmA6KAT41l9pTqTteuCFBGsCQhFQUAM?a=1402&ch=0&cr=0&dr=3&cd=0%7C0%7C0%7C0&br=928&bt=928&cs=0&ds=3&ft=J9ThAGkHH_Myq8ZqQK4_e2NvjTQ&mime_type=video_mp4&qs=0&rc=NXZpTGRTaFBnKWxncmd5aHFsc3IxZGZoOjo6ZThkOjZmaWlkNjk7QGkzbTtpNWtvNjM8MzM0NjMzQFNsa3ZpcUQ6amtqXmJmK2BeaWpgYTojYGI2YF80YV8uMWM0MTUuM2Eja15rbXFnXi82YS0tZDAwc3M%3D&btag=80000e00010000&dy_q=1784944093&feature_id=d6a18d7c5414b1f1e95a75faf9147845&l=202607250948128DBC74F06CE163B63FEA&ply_type=3&policy=eyJ2bSI6MywidWlkIjoiMzEyOTY1MDYwMzg4ODE4NSJ9,未使用,审核通过,--,4,--,0.03,2,0,0,0,15,0,0,0,0,0,0,0,0,0
	7664453156412391433,0718瑞晨引流-17.mp4,https://video-cn.oceanengine.com/fd235bd5e59a77c848be0a6cab1f0aa1/6a66b8ea/tos-cn-ve-51/oUAWBGjUEtgALbyRXoejC1hvVqeVeogshkFBVA?a=1402&ch=0&cr=0&dr=3&cd=0%7C0%7C0%7C0&br=1717&bt=1717&cs=0&ds=3&ft=J9ThAGkHH_Myq8ZqQK4_e2NvjTQ&mime_type=video_mp4&qs=0&rc=NXZpTGRTaFBnKWxncmd5aHFsc3IxZGY0Z2c2PDdpNDk7OGg5ZWllQGkzcjRzZ286dm48MzM0NjMzQFNsa3ZpcUQ6amtqXmJmK2BeaWpgYTojMDFhLS5hYjU2MWNhMjYyLWEjYS9eZ2FhLzJjYS0tZDAvc3M%3D&btag=80000e00008000&dy_q=1784944093&feature_id=d6a18d7c5414b1f1e95a75faf9147845&l=202607250948128DBC74F06CE163B63FEA&ply_type=3&policy=eyJ2bSI6MywidWlkIjoiMzEyOTY1MDYwMzg4ODE4NSJ9,未使用,审核通过,--,1,--,0.07,4,0,0,0,17.5,0,0,0,0,0,0,0,0,0
	7662230271501189158,0713-引导-嘉丽-10.mp4,https://video-cn.oceanengine.com/cc7700f28cedfdf441275a24f98a1664/6a66b8ec/tos-cn-ve-51/oI9V5pQKqAII8r19H4m1PhAbtsgheBUUUtaEap?a=1402&ch=0&cr=0&dr=3&cd=0%7C0%7C0%7C0&cv=1&br=252&bt=252&cs=0&ds=3&ft=J9ThAGkHH_Myq8ZqQK4_e2NvjTQ&mime_type=video_mp4&qs=0&rc=NXZpTGRTaFBnKWxncmd5aHFsc3IxZGY8NmdpZmk1NmU2NDw0OzU5QGlqPG82PGtvdnU8MzM0NjMzQFNsa3ZpcUQ6amtqXmJmK2BeaWpgYTojL18vYWI0NV8xMWNgY18tMWEjYTZzXnFnbl9eYS0tZDAwc3M%3D&btag=80000e00010000&dy_q=1784944093&feature_id=d6a18d7c5414b1f1e95a75faf9147845&l=202607250948128DBC74F06CE163B63FEA&ply_type=3&policy=eyJ2bSI6MywidWlkIjoiMzEyOTY1MDYwMzg4ODE4NSJ9,未使用,审核通过,首发,4,--,114,4306,67,1.56,1.7,26.47,4,28.5,5.97,0,0,0,0,0,0
	7662279491625058342,0714-瑞浩引导修改-4.mp4,https://video-cn.oceanengine.com/ba79eab13c1a13cdad2f28dbd1b1579e/6a66b8fc/tos-cn-ve-51/oMxeUBIeKgxuA0AlQqSGCFcr8G6ZbqnZeFX8VK?a=1402&ch=0&cr=0&dr=3&cd=0%7C0%7C0%7C0&cv=1&br=664&bt=664&cs=0&ds=3&ft=J9ThAGkHH_Myq8ZqQK4_e2NvjTQ&mime_type=video_mp4&qs=0&rc=NXZpTGRTaFBnKWxncmd5aHFsc3IxZGY7Njw6OjY4OjVmNTdnPDxmQGkzbTw2aWtvPHg8MzM0NjMzQFNsa3ZpcUQ6amtqXmJmK2BeaWpgYTojXjM2MjEvMzYxMV8zXjMxYmEjc2JnY3FnXjJeYS0tZDAwc3M%3D&btag=80000e00018000&dy_q=1784944093&feature_id=d6a18d7c5414b1f1e95a75faf9147845&l=202607250948128DBC74F06CE163B63FEA&ply_type=3&policy=eyJ2bSI6MywidWlkIjoiMzEyOTY1MDYwMzg4ODE4NSJ9,未使用,审核通过,--,3,--,45.34,2959,42,1.42,1.08,15.32,5,9.07,11.9,0,0,0,0,1,0
	7664453110226223150,0718瑞晨引流-19.mp4,https://video-cn.oceanengine.com/00c8be19a7fe971df1a69d577828f08d/6a66b8f2/tos-cn-ve-51/osDDgje5qBKU0tcGcftQowQyvCaIySfASibVXA?a=1402&ch=0&cr=0&dr=3&cd=0%7C0%7C0%7C0&cv=1&br=693&bt=693&cs=0&ds=3&ft=J9ThAGkHH_Myq8ZqQK4_e2NvjTQ&mime_type=video_mp4&qs=0&rc=NXZpTGRTaFBnKWxncmd5aHFsc3IxZGZmZTk2O2Q2NjgzNzk4ZDU0QGlqeWg4NW86dW48MzM0NjMzQFNsa3ZpcUQ6amtqXmJmK2BeaWpgYTojNDM2LmAyYV80MTIwMjFfYGEjMWNtX2FhZjJjYS0tZDBhc3M%3D&btag=80000e00010000&dy_q=1784944093&feature_id=d6a18d7c5414b1f1e95a75faf9147845&l=202607250948128DBC74F06CE163B63FEA&ply_type=3&policy=eyJ2bSI6MywidWlkIjoiMzEyOTY1MDYwMzg4ODE4NSJ9,未使用,审核通过,首发,1,--,0.81,81,0,0,0,10,0,0,0,0,0,0,0,0,0
	7666103246486765594,0723-雅迪引流-3c-改.mp4,https://video-cn.oceanengine.com/c710876c1569ffad2198ce2a2ec91c2d/6a66b8e2/tos-cn-ve-51/oYTyQC7aBrIATEiOeqfHDtoItmtbMNAYOzBTng?a=1402&ch=0&cr=0&dr=3&cd=0%7C0%7C0%7C0&br=744&bt=744&cs=0&ds=3&ft=J9ThAGkHH_Myq8ZqQK4_e2NvjTQ&mime_type=video_mp4&qs=0&rc=NXZpTGRTaFBnKWxncmd5aHFsc3IxZGY5NTplOTU4aDs7OjRkOjk1QGkzcHZzNW86c3k8MzM0NjMzQFNsa3ZpcUQ6amtqXmJmK2BeaWpgYTojYzRfXi8zLV9gMV82NmNeMWEjbmdkXmFhZmZlYS0tZDAvc3M%3D&btag=80000200008000&dy_q=1784944093&feature_id=d6a18d7c5414b1f1e95a75faf9147845&l=202607250948128DBC74F06CE163B63FEA&ply_type=3&policy=eyJ2bSI6MywidWlkIjoiMzEyOTY1MDYwMzg4ODE4NSJ9,未使用,审核通过,--,1,--,0,0,0,0,0,0,0,0,0,0,0,0,0,0,0
	7666044620682477611,0723-魏怡-6-改.mp4,https://video-cn.oceanengine.com/c80e22b44acafe89ce6cceb6e6af4b1e/6a66b949/tos-cn-ve-51/oMZQ17mAAaeYUN5HXotTgzI7NAcDgvUIDvBqof?a=1402&ch=0&cr=0&dr=3&cd=0%7C0%7C0%7C0&br=1791&bt=1791&cs=0&ds=3&ft=J9ThAGkHH_Myq8ZqQK4_e2NvjTQ&mime_type=video_mp4&qs=0&rc=NXZpTGRTaFBnKWxncmd5aHFsc3IxZGZmOWloPGU1OmY2M2Y7PGloQGkzbTw7aG86ZHk8MzM0NjMzQFNsa3ZpcUQ6amtqXmJmK2BeaWpgYTojL140LzFjYDUuMTA2Mi42YmEjXm0uM2FhL2dlYS0tZDBhc3M%3D&btag=80000200028000&dy_q=1784944093&feature_id=d6a18d7c5414b1f1e95a75faf9147845&l=202607250948128DBC74F06CE163B63FEA&ply_type=3&policy=eyJ2bSI6MywidWlkIjoiMzEyOTY1MDYwMzg4ODE4NSJ9,未使用,审核通过,--,1,--,0,0,0,0,0,0,0,0,0,0,0,0,0,0,0
	7666044603117780998,0723-魏怡-4-改.mp4,https://video-cn.oceanengine.com/eb506f5fc6dbaaa8f368f8cc2b0aabd4/6a66b949/tos-cn-ve-51/oo2beHIHPb0g0119CARKaZAagmQiws3oBfxUeG?a=1402&ch=0&cr=0&dr=3&cd=0%7C0%7C0%7C0&br=1686&bt=1686&cs=0&ds=3&ft=J9ThAGkHH_Myq8ZqQK4_e2NvjTQ&mime_type=video_mp4&qs=0&rc=NXZpTGRTaFBnKWxncmd5aHFsc3IxZGZlNDk0ZDhnZzlnZTk6ZjdpQGlqa3c5Nm86ZHk8MzM0NjMzQFNsa3ZpcUQ6amtqXmJmK2BeaWpgYTojYTUxYjQwNjUxMV4yMDNiY2EjL3Eub2FhL2dlYS0tZDBhc3M%3D&btag=80000200028000&dy_q=1784944093&feature_id=d6a18d7c5414b1f1e95a75faf9147845&l=202607250948128DBC74F06CE163B63FEA&ply_type=3&policy=eyJ2bSI6MywidWlkIjoiMzEyOTY1MDYwMzg4ODE4NSJ9,未使用,审核通过,--,1,--,0,0,0,0,0,0,0,0,0,0,0,0,0,0,0
	7666044375975460906,0723-魏怡-5-改.mp4,https://video-cn.oceanengine.com/587a0d3c2dbfb7fa8fc14a70015f1ab8/6a66b948/tos-cn-ve-51/ogp7gHCMAqtfmAfiM9nEj0nBNC0DQRfH2fjXqB?a=1402&ch=0&cr=0&dr=3&cd=0%7C0%7C0%7C0&br=1886&bt=1886&cs=0&ds=3&ft=J9ThAGkHH_Myq8ZqQK4_e2NvjTQ&mime_type=video_mp4&qs=0&rc=NXZpTGRTaFBnKWxncmd5aHFsc3IxZGZkO2c1NDZnZmVpNjU2ZGY4QGlqM3FpM286ZHk8MzM0NjMzQFNsa3ZpcUQ6amtqXmJmK2BeaWpgYTojYS9hLTQ2YjViMWFhLzEyYmEjZWdyMWFhL2dlYS0tZDBhc3M%3D&btag=80000200028000&dy_q=1784944093&feature_id=d6a18d7c5414b1f1e95a75faf9147845&l=202607250948128DBC74F06CE163B63FEA&ply_type=3&policy=eyJ2bSI6MywidWlkIjoiMzEyOTY1MDYwMzg4ODE4NSJ9,未使用,审核通过,--,1,--,0,0,0,0,0,0,0,0,0,0,0,0,0,0,0
	7666044325575032875,0723-魏怡-3-改.mp4,https://video-cn.oceanengine.com/be3884d9c5828cf9b9f4cbbf8f44bcf9/6a66b8f0/tos-cn-ve-51/osgHzqhg7fKfAtxb9gCQugA9FUFYBQaUDIaIN6?a=1402&ch=0&cr=0&dr=3&cd=0%7C0%7C0%7C0&br=1178&bt=1178&cs=0&ds=3&ft=J9ThAGkHH_Myq8ZqQK4_e2NvjTQ&mime_type=video_mp4&qs=0&rc=NXZpTGRTaFBnKWxncmd5aHFsc3IxZGZpO2Y3aWg2NDY1NmU8NzhnQGkzdzQ3ZG86ZHk8MzM0NjMzQFNsa3ZpcUQ6amtqXmJmK2BeaWpgYTojXl4zMy80MjYzMTIxLjUwM2EjMXEzNWFhL2dlYS0tZDAvc3M%3D&btag=80000200010000&dy_q=1784944093&feature_id=d6a18d7c5414b1f1e95a75faf9147845&l=202607250948128DBC74F06CE163B63FEA&ply_type=3&policy=eyJ2bSI6MywidWlkIjoiMzEyOTY1MDYwMzg4ODE4NSJ9,未使用,审核通过,--,1,--,0,0,0,0,0,0,0,0,0,0,0,0,0,0,0
	7666044315906916393,0723-魏怡-2-改.mp4,https://video-cn.oceanengine.com/0ee3e34fce4405e76ea10c3a9a5bbf53/6a66b8f0/tos-cn-ve-51/o8QDObtYLQalURgAzScgIF7uqHION63ACEtfeB?a=1402&ch=0&cr=0&dr=3&cd=0%7C0%7C0%7C0&br=915&bt=915&cs=0&ds=3&ft=J9ThAGkHH_Myq8ZqQK4_e2NvjTQ&mime_type=video_mp4&qs=0&rc=NXZpTGRTaFBnKWxncmd5aHFsc3IxZGY0NWRpZWg3Ozo8Mzs0aGZnQGlqOGhqO286ZHk8MzM0NjMzQFNsa3ZpcUQ6amtqXmJmK2BeaWpgYTojY182XjZjNl8xMS5jYF5jNGEjaGJrb2FhL2dlYS0tZDAvc3M%3D&btag=80000200010000&dy_q=1784944093&feature_id=d6a18d7c5414b1f1e95a75faf9147845&l=202607250948128DBC74F06CE163B63FEA&ply_type=3&policy=eyJ2bSI6MywidWlkIjoiMzEyOTY1MDYwMzg4ODE4NSJ9,未使用,审核通过,--,1,--,0,0,0,0,0,0,0,0,0,0,0,0,0,0,0
	7666044290755264575,0723-魏怡-1-改.mp4,https://video-cn.oceanengine.com/788869fa8d2ec444216b29dc7c1c89fa/6a66b8f0/tos-cn-ve-51/ooQUzYgSQ7kT0fEAf9qDHaZBYIzsCyqIgAut7N?a=1402&ch=0&cr=0&dr=3&cd=0%7C0%7C0%7C0&br=962&bt=962&cs=0&ds=3&ft=J9ThAGkHH_Myq8ZqQK4_e2NvjTQ&mime_type=video_mp4&qs=0&rc=NXZpTGRTaFBnKWxncmd5aHFsc3IxZGY8ZWk4Nmc8Nmk2NDRoNjUzQGlqbDpvZm86ZHk8MzM0NjMzQFNsa3ZpcUQ6amtqXmJmK2BeaWpgYTojYTQxMDNjNTU2MWEuXzVfYWEjMWZlX2FhL2dlYS0tZDAvc3M%3D&btag=80000200010000&dy_q=1784944093&feature_id=d6a18d7c5414b1f1e95a75faf9147845&l=202607250948128DBC74F06CE163B63FEA&ply_type=3&policy=eyJ2bSI6MywidWlkIjoiMzEyOTY1MDYwMzg4ODE4NSJ9,未使用,审核通过,--,1,--,0,0,0,0,0,0,0,0,0,0,0,0,0,0,0
	7665911365609570346,0723-引流-魏怡-7 C.mp4,https://video-cn.oceanengine.com/11c82a9e1fecfea08b8c81aa50feb2d7/6a66b948/tos-cn-ve-51/ogHglo6GbIjAxaURRTQgec1UTOKa2BzfCAwqex?a=1402&ch=0&cr=0&dr=3&cd=0%7C0%7C0%7C0&br=1537&bt=1537&cs=0&ds=3&ft=J9ThAGkHH_Myq8ZqQK4_e2NvjTQ&mime_type=video_mp4&qs=0&rc=NXZpTGRTaFBnKWxncmd5aHFsc3IxZGZoOzpkN2Y3OjMzZDw4PGU8QGlqbHNpN286Znk8MzM0NjMzQFNsa3ZpcUQ6amtqXmJmK2BeaWpgYTojLjFjMjQzMV8uMTIzNTE0YmEjZi1tYGFhbmllYS0tZDBhc3M%3D&btag=80000200028000&dy_q=1784944093&feature_id=d6a18d7c5414b1f1e95a75faf9147845&l=202607250948128DBC74F06CE163B63FEA&ply_type=3&policy=eyJ2bSI6MywidWlkIjoiMzEyOTY1MDYwMzg4ODE4NSJ9,未使用,审核通过,--,1,--,0,0,0,0,0,0,0,0,0,0,0,0,0,0,0
	7665676211757416511,0723-瑞晨引流-4c.mp4,https://video-cn.oceanengine.com/8dba2133d135d9ca9ee0e8823235ef38/6a66b8ec/tos-cn-ve-51/oUfAeRHJHuTAQzqefMbIIrHZtEsVfArYSgHjs8?a=1402&ch=0&cr=0&dr=3&cd=0%7C0%7C0%7C0&br=1078&bt=1078&cs=0&ds=3&ft=J9ThAGkHH_Myq8ZqQK4_e2NvjTQ&mime_type=video_mp4&qs=0&rc=NXZpTGRTaFBnKWxncmd5aHFsc3IxZGY1NzQ0aTk4aTw2NzM7Ojg3QGkzaWx5aG86Znk8MzM0NjMzQFNsa3ZpcUQ6amtqXmJmK2BeaWpgYTojMV5fMWBiM19iMTM1L2JfMGEjL2pycWFhZmllYS0tZDAwc3M%3D&btag=80000200010000&dy_q=1784944093&feature_id=d6a18d7c5414b1f1e95a75faf9147845&l=202607250948128DBC74F06CE163B63FEA&ply_type=3&policy=eyJ2bSI6MywidWlkIjoiMzEyOTY1MDYwMzg4ODE4NSJ9,未使用,审核通过,--,1,--,0,0,0,0,0,0,0,0,0,0,0,0,0,0,0
	7665667885312524307,0723-国星引流-2c.mp4,https://video-cn.oceanengine.com/54742a43e8e23b2bd9cb254f744548f7/6a66b900/tos-cn-ve-51/oUfCDmzRrHJUaBAfQqaKb9G1A2bGa7gsBQxeIF?a=1402&ch=0&cr=0&dr=3&cd=0%7C0%7C0%7C0&br=357&bt=357&cs=0&ds=3&ft=J9ThAGkHH_Myq8ZqQK4_e2NvjTQ&mime_type=video_mp4&qs=0&rc=NXZpTGRTaFBnKWxncmd5aHFsc3IxZGZmNjw5Z2c8PDRpZDxkZGQ3QGlqNjRnaW86Znk8MzM0NjMzQFNsa3ZpcUQ6amtqXmJmK2BeaWpgYTojY2FjMGMyMTZjMWM1Yy8zY2EjLzNlZGFhbmllYS0tZDBhc3M%3D&btag=80000200018000&dy_q=1784944093&feature_id=d6a18d7c5414b1f1e95a75faf9147845&l=202607250948128DBC74F06CE163B63FEA&ply_type=3&policy=eyJ2bSI6MywidWlkIjoiMzEyOTY1MDYwMzg4ODE4NSJ9,未使用,审核通过,--,1,--,0,0,0,0,0,0,0,0,0,0,0,0,0,0,0
	7666049091643146266,引流2——子衿改.mp4,https://video-cn.oceanengine.com/7e3a9d0549ecb243e844002a3d773f5a/6a66b8e6/tos-cn-ve-51/o4LAOmaDtwmPMjGuhmhMAADBxHTQIhWIQ1anf7?a=1402&ch=0&cr=0&dr=3&cd=0%7C0%7C0%7C0&br=609&bt=609&cs=0&ds=3&ft=J9ThAGkHH_Myq8ZqQK4_e2NvjTQ&mime_type=video_mp4&qs=0&rc=NXZpTGRTaFBnKWxncmd5aHFsc3IxZGY3ZTpnOTU4ZjxlNDQ3ZGU6QGkzbTlmNm86Om48MzM0NjMzQFNsa3ZpcUQ6amtqXmJmK2BeaWpgYTojMzRfNS1fYl9jMTA1LzU0MmEjMDBxcGFhZmJlYS0tZDAvc3M%3D&btag=80000200008000&dy_q=1784944093&feature_id=d6a18d7c5414b1f1e95a75faf9147845&l=202607250948128DBC74F06CE163B63FEA&ply_type=3&policy=eyJ2bSI6MywidWlkIjoiMzEyOTY1MDYwMzg4ODE4NSJ9,未使用,审核不通过,--,0,--,0,0,0,0,0,0,0,0,0,0,0,0,0,0,0
	7666049041688789019,引流2——子衿改2.mp4,https://video-cn.oceanengine.com/4f37b734dc0d7859ee408b2bec2eb352/6a66b8e7/tos-cn-ve-51/oA9mSvBzI2iPQwjAkCHRysiTBHQI4NNAZEa3z?a=1402&ch=0&cr=0&dr=3&cd=0%7C0%7C0%7C0&br=789&bt=789&cs=0&ds=3&ft=J9ThAGkHH_Myq8ZqQK4_e2NvjTQ&mime_type=video_mp4&qs=0&rc=NXZpTGRTaFBnKWxncmd5aHFsc3IxZGY3OmU4Zjg8PDw1aTNkaWg2QGlqcmt3ajlyOm48MzM0NjMzQFNsa3ZpcUQ6amtqXmJmK2BeaWpgYTojMDUzLzFfMjZjMS41Ml5iNWEjbTJoNDJka2JlYS0tZDBhc3M%3D&btag=80000200008000&dy_q=1784944093&feature_id=d6a18d7c5414b1f1e95a75faf9147845&l=202607250948128DBC74F06CE163B63FEA&ply_type=3&policy=eyJ2bSI6MywidWlkIjoiMzEyOTY1MDYwMzg4ODE4NSJ9,未使用,审核不通过,--,0,--,0,0,0,0,0,0,0,0,0,0,0,0,0,0,0
	7666049033013788698,引流3——子衿改.mp4,https://video-cn.oceanengine.com/ad6a490e2ca314277fa03a0275a1f347/6a66b8f3/tos-cn-ve-51/oEIajmRBdkXWNutEAuHLQzAVHIlMQHFgmzl3T?a=1402&ch=0&cr=0&dr=3&cd=0%7C0%7C0%7C0&br=692&bt=692&cs=0&ds=3&ft=J9ThAGkHH_Myq8ZqQK4_e2NvjTQ&mime_type=video_mp4&qs=0&rc=NXZpTGRTaFBnKWxncmd5aHFsc3IxZGZmNDVkZTdoNGdlZWdlZzU8QGlqOHg7aG86Om48MzM0NjMzQFNsa3ZpcUQ6amtqXmJmK2BeaWpgYTojYDFiNDEzLTY1MTAvM2BfY2EjMl8tM2FhZmJlYS0tZDBhc3M%3D&btag=80000200010000&dy_q=1784944093&feature_id=d6a18d7c5414b1f1e95a75faf9147845&l=202607250948128DBC74F06CE163B63FEA&ply_type=3&policy=eyJ2bSI6MywidWlkIjoiMzEyOTY1MDYwMzg4ODE4NSJ9,未使用,审核不通过,--,0,--,0,0,0,0,0,0,0,0,0,0,0,0,0,0,0
	7666049027445276718,引流1——子衿改.mp4,https://video-cn.oceanengine.com/e8668ae4558a845d2d232af793d7b8da/6a66b8e7/tos-cn-ve-51/oojzEIAmHcxgqHKdBRAaNQAJFyNRtNWsk5IuY?a=1402&ch=0&cr=0&dr=3&cd=0%7C0%7C0%7C0&br=292&bt=292&cs=0&ds=3&ft=J9ThAGkHH_Myq8ZqQK4_e2NvjTQ&mime_type=video_mp4&qs=0&rc=NXZpTGRTaFBnKWxncmd5aHFsc3IxZGYzNTtkOzxoNWk1OThkZzlmQGlqZDczZm86Om48MzM0NjMzQFNsa3ZpcUQ6amtqXmJmK2BeaWpgYTojMjEtMDVfXjYwMTUyMy5jYGEjMy1iaWFhZmJlYS0tZDAvc3M%3D&btag=80000200008000&dy_q=1784944093&feature_id=d6a18d7c5414b1f1e95a75faf9147845&l=202607250948128DBC74F06CE163B63FEA&ply_type=3&policy=eyJ2bSI6MywidWlkIjoiMzEyOTY1MDYwMzg4ODE4NSJ9,未使用,审核不通过,--,0,--,0,0,0,0,0,0,0,0,0,0,0,0,0,0,0
	7665169630885937161,0720-引流-魏怡-1.mp4,https://video-cn.oceanengine.com/26ee3a9f846e1fb37a85af807b817a66/6a66b8f2/tos-cn-ve-51/oclBisQMoAQ3fuDEgam1lsAiL7AhtBz3mEJIsb?a=1402&ch=0&cr=0&dr=3&cd=0%7C0%7C0%7C0&br=1823&bt=1823&cs=0&ds=3&ft=J9ThAGkHH_Myq8ZqQK4_e2NvjTQ&mime_type=video_mp4&qs=0&rc=NXZpTGRTaFBnKWxncmd5aHFsc3IxZGY8MzRpODU8Zzg7OmRnaTlkQGlqcGVuZ286azw8MzM0NjMzQFNsa3ZpcUQ6amtqXmJmK2BeaWpgYTojLi9eY2AvYDU2MS82NC8xLmEjNWtqbWFhXmJkYS0tZDAvc3M%3D&btag=80000e00010000&dy_q=1784944093&feature_id=d6a18d7c5414b1f1e95a75faf9147845&l=202607250948128DBC74F06CE163B63FEA&ply_type=3&policy=eyJ2bSI6MywidWlkIjoiMzEyOTY1MDYwMzg4ODE4NSJ9,未使用,审核通过,--,1,--,0,0,0,0,0,0,0,0,0,0,0,0,0,0,0
	7665169608501805082,0721-引流-魏怡- 7.mp4,https://video-cn.oceanengine.com/a7d76101a8939a05bcc491c201d1e3f5/6a66b8f7/tos-cn-ve-51/oIaRlQSC4IKzLpE9mI3WQw5CtUXTVEdgAMMAX?a=1402&ch=0&cr=0&dr=3&cd=0%7C0%7C0%7C0&br=1515&bt=1515&cs=0&ds=3&ft=J9ThAGkHH_Myq8ZqQK4_e2NvjTQ&mime_type=video_mp4&qs=0&rc=NXZpTGRTaFBnKWxncmd5aHFsc3IxZGYzOzVmMzNnaWg0NDk3NTg8QGlqZTgzPG86azw8MzM0NjMzQFNsa3ZpcUQ6amtqXmJmK2BeaWpgYTojYTQwLjU2M15jMTJhMDNjLWEjXzNrMmFhXmJkYS0tZDAwc3M%3D&btag=80000e00010000&dy_q=1784944093&feature_id=d6a18d7c5414b1f1e95a75faf9147845&l=202607250948128DBC74F06CE163B63FEA&ply_type=3&policy=eyJ2bSI6MywidWlkIjoiMzEyOTY1MDYwMzg4ODE4NSJ9,未使用,审核通过,--,1,--,0,0,0,0,0,0,0,0,0,0,0,0,0,0,0
	7665169570731180042,0721-引流-魏怡-6.mp4,https://video-cn.oceanengine.com/5ca357fbb358b8b59e874dc838c00658/6a66b8f8/tos-cn-ve-51/oML8SFEDEI7Qg0YdJBfdMFFANiIbqDNDAgftBH?a=1402&ch=0&cr=0&dr=3&cd=0%7C0%7C0%7C0&br=822&bt=822&cs=0&ds=3&ft=J9ThAGkHH_Myq8ZqQK4_e2NvjTQ&mime_type=video_mp4&qs=0&rc=NXZpTGRTaFBnKWxncmd5aHFsc3IxZGZpZmZkOWg7aGc1ZWY4ZjM3QGkzPDk0eDlyazw8MzM0NjMzQFNsa3ZpcUQ6amtqXmJmK2BeaWpgYTojNTUzYDYwYDVjMTYvLi0uNGEjMHEtLjJkY2JkYS0tZDBhc3M%3D&btag=80000e00010000&dy_q=1784944093&feature_id=d6a18d7c5414b1f1e95a75faf9147845&l=202607250948128DBC74F06CE163B63FEA&ply_type=3&policy=eyJ2bSI6MywidWlkIjoiMzEyOTY1MDYwMzg4ODE4NSJ9,未使用,审核通过,--,1,--,0,0,0,0,0,0,0,0,0,0,0,0,0,0,0
	7665169551356592155,0721-引流-魏怡-8.mp4,https://video-cn.oceanengine.com/56093607c9e8d12aabe43cc61655490a/6a66b8fb/tos-cn-ve-51/oMlQRCMmEIzmWU7cIIadAgtQ3CWbgEmiRUlAX?a=1402&ch=0&cr=0&dr=3&cd=0%7C0%7C0%7C0&br=1156&bt=1156&cs=0&ds=3&ft=J9ThAGkHH_Myq8ZqQK4_e2NvjTQ&mime_type=video_mp4&qs=0&rc=NXZpTGRTaFBnKWxncmd5aHFsc3IxZGZmZTU5ZmRoaDM3NGY6NGU7QGkzcGc5OW86azw8MzM0NjMzQFNsa3ZpcUQ6amtqXmJmK2BeaWpgYTojNmJjNS9gLjU2MWA1YDUzYmEjYi9zMWFhXmJkYS0tZDAvc3M%3D&btag=80000e00018000&dy_q=1784944093&feature_id=d6a18d7c5414b1f1e95a75faf9147845&l=202607250948128DBC74F06CE163B63FEA&ply_type=3&policy=eyJ2bSI6MywidWlkIjoiMzEyOTY1MDYwMzg4ODE4NSJ9,未使用,审核通过,--,1,--,0,0,0,0,0,0,0,0,0,0,0,0,0,0,0
	7665169543526301722,0720-引流-魏怡-2.mp4,https://video-cn.oceanengine.com/9b742cfb8c3ef269412a9e39e1030c99/6a66b8e8/tos-cn-ve-51/osAUnBu7EiQaMEs1AOgImLbtroLf2MBmgaAAQM?a=1402&ch=0&cr=0&dr=3&cd=0%7C0%7C0%7C0&br=1601&bt=1601&cs=0&ds=3&ft=J9ThAGkHH_Myq8ZqQK4_e2NvjTQ&mime_type=video_mp4&qs=0&rc=NXZpTGRTaFBnKWxncmd5aHFsc3IxZGZlODw8NTk3ZmczPDgzNWgzQGkzZzttM286azw8MzM0NjMzQFNsa3ZpcUQ6amtqXmJmK2BeaWpgYTojXi8xMTJgLl5hMTJfL2NiX2EjLWBhMGFhXmJkYS0tZDBhc3M%3D&btag=80000e00008000&dy_q=1784944093&feature_id=d6a18d7c5414b1f1e95a75faf9147845&l=202607250948128DBC74F06CE163B63FEA&ply_type=3&policy=eyJ2bSI6MywidWlkIjoiMzEyOTY1MDYwMzg4ODE4NSJ9,未使用,审核通过,首发,1,--,0,0,0,0,0,0,0,0,0,0,0,0,0,0,0
	7665169526927704090,0721-引流-魏怡-5测.mp4,https://video-cn.oceanengine.com/c9a2ca1578872b7a6e0162fa4513caa8/6a66b932/tos-cn-ve-51/oQpAmtAQmEdVMEnizEwMRrZqagIUaIX6ClWQO?a=1402&ch=0&cr=0&dr=3&cd=0%7C0%7C0%7C0&br=2071&bt=2071&cs=0&ds=3&ft=J9ThAGkHH_Myq8ZqQK4_e2NvjTQ&mime_type=video_mp4&qs=0&rc=NXZpTGRTaFBnKWxncmd5aHFsc3IxZGZkNTNnZjY5N2VoZDY8OGg7QGkzZGs7Om86azw8MzM0NjMzQFNsa3ZpcUQ6amtqXmJmK2BeaWpgYTojLi0xNS81YzYvMTVgMzY1MmEjZ2lkNGFhXmJkYS0tZDAwc3M%3D&btag=80000e00028000&dy_q=1784944093&feature_id=d6a18d7c5414b1f1e95a75faf9147845&l=202607250948128DBC74F06CE163B63FEA&ply_type=3&policy=eyJ2bSI6MywidWlkIjoiMzEyOTY1MDYwMzg4ODE4NSJ9,未使用,审核通过,--,1,--,0,0,0,0,0,0,0,0,0,0,0,0,0,0,0
	7665169525948530698,0721-引流-魏怡-9.mp4,https://video-cn.oceanengine.com/794d9f1138e95ae7025a6d22e1164c4c/6a66b8fb/tos-cn-ve-51/oQt9I8h2gngchDQCkAWlzZAQdwaUnRINXWmEz?a=1402&ch=0&cr=0&dr=3&cd=0%7C0%7C0%7C0&cv=1&br=1057&bt=1057&cs=0&ds=3&ft=J9ThAGkHH_Myq8ZqQK4_e2NvjTQ&mime_type=video_mp4&qs=0&rc=NXZpTGRTaFBnKWxncmd5aHFsc3IxZGY0ZGhmOTxoOGdkNDNmZGdoQGlqbXA6Om86azw8MzM0NjMzQFNsa3ZpcUQ6amtqXmJmK2BeaWpgYTojLTFhNGAxY19eMTBhNC41L2EjcjAuX2FhXmJkYS0tZDAvc3M%3D&btag=80000e00018000&dy_q=1784944093&feature_id=d6a18d7c5414b1f1e95a75faf9147845&l=202607250948128DBC74F06CE163B63FEA&ply_type=3&policy=eyJ2bSI6MywidWlkIjoiMzEyOTY1MDYwMzg4ODE4NSJ9,未使用,审核通过,--,1,--,0,0,0,0,0,0,0,0,0,0,0,0,0,0,0
	7665169497810206729,0721-引流-魏怡-10.mp4,https://video-cn.oceanengine.com/ed0bd0110de80a9a19449f2732e31e31/6a66b8f9/tos-cn-ve-51/ow0GLCieSGT8eZ6gIQD2IeXLalwcUEAW1B4bAq?a=1402&ch=0&cr=0&dr=3&cd=0%7C0%7C0%7C0&br=1132&bt=1132&cs=0&ds=3&ft=J9ThAGkHH_Myq8ZqQK4_e2NvjTQ&mime_type=video_mp4&qs=0&rc=NXZpTGRTaFBnKWxncmd5aHFsc3IxZGY6PGk6OTY7OTtnOTRnOmg3QGlqeDhsbjlyazw8MzM0NjMzQFNsa3ZpcUQ6amtqXmJmK2BeaWpgYTojYC1iMi0tXjU0MV9fNV40YmEjX2xuczJkY2JkYS0tZDBhc3M%3D&btag=80000e00010000&dy_q=1784944093&feature_id=d6a18d7c5414b1f1e95a75faf9147845&l=202607250948128DBC74F06CE163B63FEA&ply_type=3&policy=eyJ2bSI6MywidWlkIjoiMzEyOTY1MDYwMzg4ODE4NSJ9,未使用,审核通过,--,1,--,0,0,0,0,0,0,0,0,0,0,0,0,0,0,0
	7665169474564046886,0721-引流-魏怡-4.mp4,https://video-cn.oceanengine.com/f4dea83a4660dbcdeb45f5e10aee5c9a/6a66b8f7/tos-cn-ve-51/oEWtQBAaQemhjuIilodIBIEI1tLLpaWhMg7QAA?a=1402&ch=0&cr=0&dr=3&cd=0%7C0%7C0%7C0&br=1258&bt=1258&cs=0&ds=3&ft=J9ThAGkHH_Myq8ZqQK4_e2NvjTQ&mime_type=video_mp4&qs=0&rc=NXZpTGRTaFBnKWxncmd5aHFsc3IxZGY6NzloNDM4OGk5PGc6NDM2QGkzZWo4aG86azw8MzM0NjMzQFNsa3ZpcUQ6amtqXmJmK2BeaWpgYTojNTZeYWNhYV8wMTE2MC0vNGEjMW4xZmFhXmJkYS0tZDAvc3M%3D&btag=80000e00010000&dy_q=1784944093&feature_id=d6a18d7c5414b1f1e95a75faf9147845&l=202607250948128DBC74F06CE163B63FEA&ply_type=3&policy=eyJ2bSI6MywidWlkIjoiMzEyOTY1MDYwMzg4ODE4NSJ9,未使用,审核通过,--,1,--,0,0,0,0,0,0,0,0,0,0,0,0,0,0,0
	7664453217666121738,0718-引流-魏怡-5.mp4,https://video-cn.oceanengine.com/610946921b3b188d48accf5c55175bf2/6a66b8e4/tos-cn-ve-51/o8hZLgQYAfGJgups4aStEAA0g8eeifReQ7bFpo?a=1402&ch=0&cr=0&dr=3&cd=0%7C0%7C0%7C0&br=1733&bt=1733&cs=0&ds=3&ft=J9ThAGkHH_Myq8ZqQK4_e2NvjTQ&mime_type=video_mp4&qs=0&rc=NXZpTGRTaFBnKWxncmd5aHFsc3IxZGY7NTY6ZTM6OWc1ZTw7OGQ5QGkzaWp2bTlydW48MzM0NjMzQFNsa3ZpcUQ6amtqXmJmK2BeaWpgYTojX19gMDM2YzYwMTYwMzJiMWEjbl5yNjJkazJjYS0tZDBhc3M%3D&btag=80000e00008000&dy_q=1784944093&feature_id=d6a18d7c5414b1f1e95a75faf9147845&l=202607250948128DBC74F06CE163B63FEA&ply_type=3&policy=eyJ2bSI6MywidWlkIjoiMzEyOTY1MDYwMzg4ODE4NSJ9,未使用,审核通过,--,1,--,0,0,0,0,0,0,0,0,0,0,0,0,0,0,0
	7664453214905253939,0718瑞晨引流-10.mp4,https://video-cn.oceanengine.com/859a239bbe76585320b2c0c2d1eb5c71/6a66b8ec/tos-cn-ve-51/oAvD7AAtJQMEimgQBcBLhFI636Q4aogAhxN1if?a=1402&ch=0&cr=0&dr=3&cd=0%7C0%7C0%7C0&br=823&bt=823&cs=0&ds=3&ft=J9ThAGkHH_Myq8ZqQK4_e2NvjTQ&mime_type=video_mp4&qs=0&rc=NXZpTGRTaFBnKWxncmd5aHFsc3IxZGY2Z2k4aWU1OzY0Zjk8ODhkQGlqanhmNW86dm48MzM0NjMzQFNsa3ZpcUQ6amtqXmJmK2BeaWpgYTojMzIvLy4tYl4vMTQzNmE2LmEjcjZeLWFhXjJjYS0tZDAvc3M%3D&btag=80000e00010000&dy_q=1784944093&feature_id=d6a18d7c5414b1f1e95a75faf9147845&l=202607250948128DBC74F06CE163B63FEA&ply_type=3&policy=eyJ2bSI6MywidWlkIjoiMzEyOTY1MDYwMzg4ODE4NSJ9,未使用,审核通过,--,1,--,0,0,0,0,0,0,0,0,0,0,0,0,0,0,0
	7664453199747170313,0718-引流-魏怡-1.mp4,https://video-cn.oceanengine.com/2e76d68e9be9c5d5f5d3862af112b8ee/6a66b900/tos-cn-ve-51/okfqknNSDrDXnfaEYQFLuQbyAIKTIgB40NgCnA?a=1402&ch=0&cr=0&dr=3&cd=0%7C0%7C0%7C0&br=1210&bt=1210&cs=0&ds=3&ft=J9ThAGkHH_Myq8ZqQK4_e2NvjTQ&mime_type=video_mp4&qs=0&rc=NXZpTGRTaFBnKWxncmd5aHFsc3IxZGZoPGRoOWg2PGU8NzpmOzw2QGkzOWl0djlydW48MzM0NjMzQFNsa3ZpcUQ6amtqXmJmK2BeaWpgYTojXzEtYDYtLjU0MTAzLzQ2LmEjZjRiNjJkazJjYS0tZDAvc3M%3D&btag=80000e00018000&dy_q=1784944093&feature_id=d6a18d7c5414b1f1e95a75faf9147845&l=202607250948128DBC74F06CE163B63FEA&ply_type=3&policy=eyJ2bSI6MywidWlkIjoiMzEyOTY1MDYwMzg4ODE4NSJ9,未使用,审核通过,--,1,--,0,0,0,0,0,0,0,0,0,0,0,0,0,0,0
	7664453198800781338,0718瑞晨引流-2.mp4,https://video-cn.oceanengine.com/1a0219e42c819d941c1eeacc7e5d1e82/6a66b8ec/tos-cn-ve-51/ocFSph1xgaALRLBX8A2DxhDGAn0eRNPeqMi1gG?a=1402&ch=0&cr=0&dr=3&cd=0%7C0%7C0%7C0&br=872&bt=872&cs=0&ds=3&ft=J9ThAGkHH_Myq8ZqQK4_e2NvjTQ&mime_type=video_mp4&qs=0&rc=NXZpTGRTaFBnKWxncmd5aHFsc3IxZGY7PDY3NGVmZjVpOWc0Ojw7QGlqNGluPG86dm48MzM0NjMzQFNsa3ZpcUQ6amtqXmJmK2BeaWpgYTojMDVeLjYyMDY1MTEzLi8yM2EjazZsbGFhXjJjYS0tZDAwc3M%3D&btag=80000e00010000&dy_q=1784944093&feature_id=d6a18d7c5414b1f1e95a75faf9147845&l=202607250948128DBC74F06CE163B63FEA&ply_type=3&policy=eyJ2bSI6MywidWlkIjoiMzEyOTY1MDYwMzg4ODE4NSJ9,未使用,审核通过,--,1,--,0,0,0,0,0,0,0,0,0,0,0,0,0,0,0
	7664453188856315955,0718瑞晨引流-7.mp4,https://video-cn.oceanengine.com/708d3691264205bec7c9634e67f43698/6a66b8ec/tos-cn-ve-51/o4DgkF1bgQmg74QBt6AioQIafQNmLNGA4Qo8xU?a=1402&ch=0&cr=0&dr=3&cd=0%7C0%7C0%7C0&br=827&bt=827&cs=0&ds=3&ft=J9ThAGkHH_Myq8ZqQK4_e2NvjTQ&mime_type=video_mp4&qs=0&rc=NXZpTGRTaFBnKWxncmd5aHFsc3IxZGZnOTQ4ZDlnOGY3aDc5NDQ7QGkzajs2ZG86dm48MzM0NjMzQFNsa3ZpcUQ6amtqXmJmK2BeaWpgYTojNGE1NDUtNDZeMV40X2ItX2EjYjNiMWFhXjJjYS0tZDBhc3M%3D&btag=80000e00010000&dy_q=1784944093&feature_id=d6a18d7c5414b1f1e95a75faf9147845&l=202607250948128DBC74F06CE163B63FEA&ply_type=3&policy=eyJ2bSI6MywidWlkIjoiMzEyOTY1MDYwMzg4ODE4NSJ9,已使用,审核通过,--,1,--,0,0,0,0,0,0,0,0,0,0,0,0,0,0,0
	7664453184022609929,0718瑞晨引流-6.mp4,https://video-cn.oceanengine.com/0907242d6293837e0e49056b88a913f6/6a66b8ec/tos-cn-ve-51/oYCFuXEIQAgqujXfvQFCf96V4xL7kDADDB0Ng5?a=1402&ch=0&cr=0&dr=3&cd=0%7C0%7C0%7C0&br=539&bt=539&cs=0&ds=3&ft=J9ThAGkHH_Myq8ZqQK4_e2NvjTQ&mime_type=video_mp4&qs=0&rc=NXZpTGRTaFBnKWxncmd5aHFsc3IxZGY0aDY4Nzc6ZTY5O2QzM2Q1QGkzcXB3djlydW48MzM0NjMzQFNsa3ZpcUQ6amtqXmJmK2BeaWpgYTojLi41YmMtMDUyMS4wM2EyL2EjYmlzZDJkazJjYS0tZDAvc3M%3D&btag=80000e00010000&dy_q=1784944093&feature_id=d6a18d7c5414b1f1e95a75faf9147845&l=202607250948128DBC74F06CE163B63FEA&ply_type=3&policy=eyJ2bSI6MywidWlkIjoiMzEyOTY1MDYwMzg4ODE4NSJ9,未使用,审核通过,--,1,--,0,0,0,0,0,0,0,0,0,0,0,0,0,0,0
	7664453177211928622,0718瑞晨引流-1.mp4,https://video-cn.oceanengine.com/03fac011ce52331201eabd01d516ab31/6a66b8ec/tos-cn-ve-51/oQ4xfAA00NgZ9EIqyXFfABgBpQ0oL4QQNCDmDu?a=1402&ch=0&cr=0&dr=3&cd=0%7C0%7C0%7C0&br=679&bt=679&cs=0&ds=3&ft=J9ThAGkHH_Myq8ZqQK4_e2NvjTQ&mime_type=video_mp4&qs=0&rc=NXZpTGRTaFBnKWxncmd5aHFsc3IxZGZpNjRmZDpoPGk0ZmQ2aDRlQGkzbnQ6bTlydW48MzM0NjMzQFNsa3ZpcUQ6amtqXmJmK2BeaWpgYTojNjU0Y2JfLV80MWIyLjReLmEjci0wMTJkazJjYS0tZDBhc3M%3D&btag=80000e00010000&dy_q=1784944093&feature_id=d6a18d7c5414b1f1e95a75faf9147845&l=202607250948128DBC74F06CE163B63FEA&ply_type=3&policy=eyJ2bSI6MywidWlkIjoiMzEyOTY1MDYwMzg4ODE4NSJ9,未使用,审核通过,--,1,--,0,0,0,0,0,0,0,0,0,0,0,0,0,0,0
	7664453168408379442,0718瑞晨引流-14.mp4,https://video-cn.oceanengine.com/4651c125b3b430041361862997040cb9/6a66b8ea/tos-cn-ve-51/oUEEgovDaAa1twgB4f7Q6rQxLAhIUoDQZvm5FA?a=1402&ch=0&cr=0&dr=3&cd=0%7C0%7C0%7C0&br=1439&bt=1439&cs=0&ds=3&ft=J9ThAGkHH_Myq8ZqQK4_e2NvjTQ&mime_type=video_mp4&qs=0&rc=NXZpTGRTaFBnKWxncmd5aHFsc3IxZGYzNTk6OTk6aDZmODc3O2g5QGkzcTMzZm86dm48MzM0NjMzQFNsa3ZpcUQ6amtqXmJmK2BeaWpgYTojNDAzNC0wNTUxMWE1XjBiNWEjbjBiaWFhXjJjYS0tZDAvc3M%3D&btag=80000e00008000&dy_q=1784944093&feature_id=d6a18d7c5414b1f1e95a75faf9147845&l=202607250948128DBC74F06CE163B63FEA&ply_type=3&policy=eyJ2bSI6MywidWlkIjoiMzEyOTY1MDYwMzg4ODE4NSJ9,未使用,审核通过,--,1,--,0,0,0,0,0,0,0,0,0,0,0,0,0,0,0
	7664453147700690954,0718瑞晨引流-18.mp4,https://video-cn.oceanengine.com/96f709dbc4ae960566540b4731ad041b/6a66b8e7/tos-cn-ve-51/oEeD2AAa3Q7v6NggqUDX7LI0D4Qv1RbBDxWqyf?a=1402&ch=0&cr=0&dr=3&cd=0%7C0%7C0%7C0&cv=1&br=1546&bt=1546&cs=0&ds=3&ft=J9ThAGkHH_Myq8ZqQK4_e2NvjTQ&mime_type=video_mp4&qs=0&rc=NXZpTGRTaFBnKWxncmd5aHFsc3IxZGY1OjxkaGZkNmc1Ojc4N2Q4QGkzd3dlZW86dW48MzM0NjMzQFNsa3ZpcUQ6amtqXmJmK2BeaWpgYTojXzMyMzA0MDViMTAuYDUxL2EjcmsycWFhbjJjYS0tZDAwc3M%3D&btag=80000e00008000&dy_q=1784944093&feature_id=d6a18d7c5414b1f1e95a75faf9147845&l=202607250948128DBC74F06CE163B63FEA&ply_type=3&policy=eyJ2bSI6MywidWlkIjoiMzEyOTY1MDYwMzg4ODE4NSJ9,未使用,审核通过,--,1,--,0,0,0,0,0,0,0,0,0,0,0,0,0,0,0
	7664453130478288942,0718-引流-魏怡-3.mp4,https://video-cn.oceanengine.com/095b66ab120e010fc80cd6b88b4cd17f/6a66b8e3/tos-cn-ve-51/oIDzQuQgCZAaE20Q6SN9SXR14L1TABpIfUxqKf?a=1402&ch=0&cr=0&dr=3&cd=0%7C0%7C0%7C0&cv=1&br=846&bt=846&cs=0&ds=3&ft=J9ThAGkHH_Myq8ZqQK4_e2NvjTQ&mime_type=video_mp4&qs=0&rc=NXZpTGRTaFBnKWxncmd5aHFsc3IxZGZlMzw8NTQ1NDRnNDc6PDRlQGkzeG1lN286dW48MzM0NjMzQFNsa3ZpcUQ6amtqXmJmK2BeaWpgYTojYS1eXzIxMV9eMTNgMjAuLmEjZXNfZWFhZjJjYS0tZDAvc3M%3D&btag=80000e00008000&dy_q=1784944093&feature_id=d6a18d7c5414b1f1e95a75faf9147845&l=202607250948128DBC74F06CE163B63FEA&ply_type=3&policy=eyJ2bSI6MywidWlkIjoiMzEyOTY1MDYwMzg4ODE4NSJ9,未使用,审核通过,--,1,--,0,0,0,0,0,0,0,0,0,0,0,0,0,0,0
	7664453113454542899,0718瑞晨引流-16.mp4,https://video-cn.oceanengine.com/4bcb8804c353ab545ae8d4d8a2021a6c/6a66b8e6/tos-cn-ve-51/oARqQhNCDu1Xxfs2TQaLuQsxAqCPIgBs0egNVA?a=1402&ch=0&cr=0&dr=3&cd=0%7C0%7C0%7C0&br=1159&bt=1159&cs=0&ds=3&ft=J9ThAGkHH_Myq8ZqQK4_e2NvjTQ&mime_type=video_mp4&qs=0&rc=NXZpTGRTaFBnKWxncmd5aHFsc3IxZGY0aGRkOGZnODk6Ojs3NmQzQGlqeWtuZW86dW48MzM0NjMzQFNsa3ZpcUQ6amtqXmJmK2BeaWpgYTojLWNeLS4yL18yMTJhNTI2Y2EjXmRzL2FhZjJjYS0tZDBhc3M%3D&btag=80000e00008000&dy_q=1784944093&feature_id=d6a18d7c5414b1f1e95a75faf9147845&l=202607250948128DBC74F06CE163B63FEA&ply_type=3&policy=eyJ2bSI6MywidWlkIjoiMzEyOTY1MDYwMzg4ODE4NSJ9,未使用,审核通过,首发,1,--,0,0,0,0,0,0,0,0,0,0,0,0,0,0,0
	7664453104100622363,0718-引流-魏怡-2.mp4,https://video-cn.oceanengine.com/681a8035052cca2620cd1bda9783f8f2/6a66b900/tos-cn-ve-51/oMDL9uQgCHAa820QKLNe9XRYAL1cABKI9gyqWf?a=1402&ch=0&cr=0&dr=3&cd=0%7C0%7C0%7C0&br=1160&bt=1160&cs=0&ds=3&ft=J9ThAGkHH_Myq8ZqQK4_e2NvjTQ&mime_type=video_mp4&qs=0&rc=NXZpTGRTaFBnKWxncmd5aHFsc3IxZGY4ODgzNDM1PDY4NWY4ZDU4QGkzeWVzaW86dW48MzM0NjMzQFNsa3ZpcUQ6amtqXmJmK2BeaWpgYTojMzUvNmEzLjUzMS5jMF4wLWEjY3JkXmFhZjJjYS0tZDAvc3M%3D&btag=80000e00018000&dy_q=1784944093&feature_id=d6a18d7c5414b1f1e95a75faf9147845&l=202607250948128DBC74F06CE163B63FEA&ply_type=3&policy=eyJ2bSI6MywidWlkIjoiMzEyOTY1MDYwMzg4ODE4NSJ9,未使用,审核通过,--,1,--,0,0,0,0,0,0,0,0,0,0,0,0,0,0,0
	7663055903798247474,0716-引流瑞晨-1.mp4,https://video-cn.oceanengine.com/87c6e5f3dfbfa964ae208f7e9013c328/6a66b8ec/tos-cn-ve-51/oIKNBlgAQrjIYAkdC9GaWRgzzkqjIJliptEGQ?a=1402&ch=0&cr=0&dr=3&cd=0%7C0%7C0%7C0&br=565&bt=565&cs=0&ds=3&ft=J9ThAGkHH_Myq8ZqQK4_e2NvjTQ&mime_type=video_mp4&qs=0&rc=NXZpTGRTaFBnKWxncmd5aHFsc3IxZGY7ZzgzNjdoNjk5OzNmMzxpQGkzOGQ0Nm86bWQ8MzM0NjMzQFNsa3ZpcUQ6amtqXmJmK2BeaWpgYTojMmNgYmAuXzU0MWAyLzZhXmEjMmlkZGFhZjZgYS0tZDAvc3M%3D&btag=80000e00010000&dy_q=1784944093&feature_id=d6a18d7c5414b1f1e95a75faf9147845&l=202607250948128DBC74F06CE163B63FEA&ply_type=3&policy=eyJ2bSI6MywidWlkIjoiMzEyOTY1MDYwMzg4ODE4NSJ9,未使用,审核通过,--,2,--,0,0,0,0,0,0,0,0,0,0,0,0,0,0,0
	7663055863406313499,0716-引流瑞晨-2.mp4,https://video-cn.oceanengine.com/bb8a3fa7d784b04c4915901ee4e62ee6/6a66b8ec/tos-cn-ve-51/o07OYAQxKNQZZEEq9WFfABgJmpSnT3IfNBDoDO?a=1402&ch=0&cr=0&dr=3&cd=0%7C0%7C0%7C0&br=836&bt=836&cs=0&ds=3&ft=J9ThAGkHH_Myq8ZqQK4_e2NvjTQ&mime_type=video_mp4&qs=0&rc=NXZpTGRTaFBnKWxncmd5aHFsc3IxZGZlZTM0PGc0NDRmMzszMzZmQGlqOTh4bjlybWQ8MzM0NjMzQFNsa3ZpcUQ6amtqXmJmK2BeaWpgYTojXl81NmNiNjYyMTIzNC8uNGEjby5vYzJkazZgYS0tZDBhc3M%3D&btag=80000e00010000&dy_q=1784944093&feature_id=d6a18d7c5414b1f1e95a75faf9147845&l=202607250948128DBC74F06CE163B63FEA&ply_type=3&policy=eyJ2bSI6MywidWlkIjoiMzEyOTY1MDYwMzg4ODE4NSJ9,未使用,审核通过,--,1,--,0,0,0,0,0,0,0,0,0,0,0,0,0,0,0
	7663055827772031002,0716-引流瑞晨-5.mp4,https://video-cn.oceanengine.com/2b6d5809246ff2d439dbf0e065c9ea67/6a66b8ec/tos-cn-ve-51/oIJLaIKnB7DhEOpI7Q1QtAeYIamFAHD8BgBBZW?a=1402&ch=0&cr=0&dr=3&cd=0%7C0%7C0%7C0&br=571&bt=571&cs=0&ds=3&ft=J9ThAGkHH_Myq8ZqQK4_e2NvjTQ&mime_type=video_mp4&qs=0&rc=NXZpTGRTaFBnKWxncmd5aHFsc3IxZGY0aGU8PGZkOTY8OTMzNTxoQGkzOzd5OG86bWQ8MzM0NjMzQFNsa3ZpcUQ6amtqXmJmK2BeaWpgYTojNjUuNDAzXjVfMV5jMzA0YmEjcjNnYmFhZjZgYS0tZDAwc3M%3D&btag=80000e00010000&dy_q=1784944093&feature_id=d6a18d7c5414b1f1e95a75faf9147845&l=202607250948128DBC74F06CE163B63FEA&ply_type=3&policy=eyJ2bSI6MywidWlkIjoiMzEyOTY1MDYwMzg4ODE4NSJ9,未使用,审核通过,--,1,--,0,0,0,0,0,0,0,0,0,0,0,0,0,0,0
	7663054467406757898,0715-魏怡引流-7.mp4,https://video-cn.oceanengine.com/f4f1d5cefd7e22ae117f18ad533b4c3d/6a66b9e6/tos-cn-ve-51/ogatYDIGQfTF1trBYcRAAshQ7LEApI3QmO9nnz?a=1402&ch=0&cr=0&dr=3&cd=0%7C0%7C0%7C0&br=1346&bt=1346&cs=0&ds=3&ft=J9ThAGkHH_Myq8ZqQK4_e2NvjTQ&mime_type=video_mp4&qs=0&rc=NXZpTGRTaFBnKWxncmd5aHFsc3IxZGY0NzNnOTk6Ojc0NTQ1ZDQ6QGkzbXZoO286cGQ8MzM0NjMzQFNsa3ZpcUQ6amtqXmJmK2BeaWpgYTojXl5iLy0uYzUuMTQ1YTRgMWEjNXBzb2FhLzNgYS0tZDAvc3M%3D&btag=80000e00030000&dy_q=1784944093&feature_id=d6a18d7c5414b1f1e95a75faf9147845&l=202607250948128DBC74F06CE163B63FEA&ply_type=3&policy=eyJ2bSI6MywidWlkIjoiMzEyOTY1MDYwMzg4ODE4NSJ9,未使用,审核通过,--,1,--,0,0,0,0,0,0,0,0,0,0,0,0,0,0,0
	7663054322687557642,0714-魏怡引流-3.mp4,https://video-cn.oceanengine.com/334d8095a496087951a75105a3b8fbf0/6a66b905/tos-cn-ve-51/o0ReYqRAAQB22kgOfq16CqE5WICNYoNxKaADJ1?a=1402&ch=0&cr=0&dr=3&cd=0%7C0%7C0%7C0&br=577&bt=577&cs=0&ds=3&ft=J9ThAGkHH_Myq8ZqQK4_e2NvjTQ&mime_type=video_mp4&qs=0&rc=NXZpTGRTaFBnKWxncmd5aHFsc3IxZGZmNDM1OmY5NGY7Z2g2aTlnQGkzdHRwaW86bmQ8MzM0NjMzQFNsa3ZpcUQ6amtqXmJmK2BeaWpgYTojMTVgLTE1L18tMTFjXy4tLmEjLTZrZ2FhXjNgYS0tZDAvc3M%3D&btag=80000e00018000&dy_q=1784944093&feature_id=d6a18d7c5414b1f1e95a75faf9147845&l=202607250948128DBC74F06CE163B63FEA&ply_type=3&policy=eyJ2bSI6MywidWlkIjoiMzEyOTY1MDYwMzg4ODE4NSJ9,未使用,审核通过,--,1,--,0,0,0,0,0,0,0,0,0,0,0,0,0,0,0
	7663054273158070310,0714-魏怡引流-6.mp4,https://video-cn.oceanengine.com/9d3f82099fef4d7e5d05984e5e64a74a/6a66b8f4/tos-cn-ve-51/okaQAZlxiVt2d5aICjYwxwl9z5oEAUWInQCUG?a=1402&ch=0&cr=0&dr=3&cd=0%7C0%7C0%7C0&br=721&bt=721&cs=0&ds=3&ft=J9ThAGkHH_Myq8ZqQK4_e2NvjTQ&mime_type=video_mp4&qs=0&rc=NXZpTGRTaFBnKWxncmd5aHFsc3IxZGZoPDY2OmRmODxkZDY4ZGk0QGlqNTo4OG86bmQ8MzM0NjMzQFNsa3ZpcUQ6amtqXmJmK2BeaWpgYTojYmEtX2FjL18tMWFeLWIvM2EjcmZibGFhXjNgYS0tZDAwc3M%3D&btag=80000e00010000&dy_q=1784944093&feature_id=d6a18d7c5414b1f1e95a75faf9147845&l=202607250948128DBC74F06CE163B63FEA&ply_type=3&policy=eyJ2bSI6MywidWlkIjoiMzEyOTY1MDYwMzg4ODE4NSJ9,未使用,审核通过,--,1,--,0,0,0,0,0,0,0,0,0,0,0,0,0,0,0
	7663050651178811419,0715瑞晨2次修改-3.mp4,https://video-cn.oceanengine.com/3daabbcd8aa32489e1988882b3d50a51/6a66b900/tos-cn-ve-51/oQdrUo2liQZzt5IGgSA0aNGbQ6YEkIAgYEWtZ?a=1402&ch=0&cr=0&dr=3&cd=0%7C0%7C0%7C0&br=1494&bt=1494&cs=0&ds=3&ft=J9ThAGkHH_Myq8ZqQK4_e2NvjTQ&mime_type=video_mp4&qs=0&rc=NXZpTGRTaFBnKWxncmd5aHFsc3IxZGZnNjU7Ojc2Z2Y6ODc6aGhkQGkzcnI5Z286N2Q8MzM0NjMzQFNsa3ZpcUQ6amtqXmJmK2BeaWpgYTojNjJeYTUuMzVjMWEwLzIuNmEjMG5iNmFhXi1gYS0tZDAvc3M%3D&btag=80000e00018000&dy_q=1784944093&feature_id=d6a18d7c5414b1f1e95a75faf9147845&l=202607250948128DBC74F06CE163B63FEA&ply_type=3&policy=eyJ2bSI6MywidWlkIjoiMzEyOTY1MDYwMzg4ODE4NSJ9,未使用,审核通过,--,1,--,0,0,0,0,0,0,0,0,0,0,0,0,0,0,0
	7662279484768419878,0714-瑞浩引导修改-1.mp4,https://video-cn.oceanengine.com/bfad33fa04f551c86b782043501e0122/6a66b8f4/tos-cn-ve-51/oUSTsV4KQFDmAQPZ1DIywh9fBPgrmvqxASgw41?a=1402&ch=0&cr=0&dr=3&cd=0%7C0%7C0%7C0&br=657&bt=657&cs=0&ds=3&ft=J9ThAGkHH_Myq8ZqQK4_e2NvjTQ&mime_type=video_mp4&qs=0&rc=NXZpTGRTaFBnKWxncmd5aHFsc3IxZGZnODlpaWY2aTgzM2c5aGc5QGkzPHhoNGtvPHg8MzM0NjMzQFNsa3ZpcUQ6amtqXmJmK2BeaWpgYTojMy02MDJeYzUzMTYvMDJjY2EjYGMtaXFnXjJeYS0tZDBhc3M%3D&btag=80000e00010000&dy_q=1784944093&feature_id=d6a18d7c5414b1f1e95a75faf9147845&l=202607250948128DBC74F06CE163B63FEA&ply_type=3&policy=eyJ2bSI6MywidWlkIjoiMzEyOTY1MDYwMzg4ODE4NSJ9,未使用,审核通过,--,1,--,0,0,0,0,0,0,0,0,0,0,0,0,0,0,0
	7662271374480752666,0713-引导-嘉丽-2.mp4,https://video-cn.oceanengine.com/d913e0bee25ab3cfd3969a2a3d5bca2e/6a66b8ee/tos-cn-ve-51/oYUbkAIcqlAffZxXBQ6ZgtxJDVANExLRgvV1Dd?a=1402&ch=0&cr=0&dr=3&cd=0%7C0%7C0%7C0&br=964&bt=964&cs=0&ds=3&ft=J9ThAGkHH_Myq8ZqQK4_e2NvjTQ&mime_type=video_mp4&qs=0&rc=NXZpTGRTaFBnKWxncmd5aHFsc3IxZGZpZjkzPGU3Z2dlZTk3O2hlQGlqcGt3N2tvbHc8MzM0NjMzQFNsa3ZpcUQ6amtqXmJmK2BeaWpgYTojLl9iMS40NDU1MTZeYmNjNGEjX242MnFnXmpeYS0tZDAwc3M%3D&btag=80000e00010000&dy_q=1784944093&feature_id=d6a18d7c5414b1f1e95a75faf9147845&l=202607250948128DBC74F06CE163B63FEA&ply_type=3&policy=eyJ2bSI6MywidWlkIjoiMzEyOTY1MDYwMzg4ODE4NSJ9,未使用,审核通过,--,1,--,0,0,0,0,0,0,0,0,0,0,0,0,0,0,0
	7662230381774553097,0713-引导-嘉丽-5.mp4,https://video-cn.oceanengine.com/515e4d5748063a37444059abb6d97379/6a66b8e6/tos-cn-ve-51/owh2IX9DHCm64n0VgQ4AErKPmF1QtAJBBtsfKM?a=1402&ch=0&cr=0&dr=3&cd=0%7C0%7C0%7C0&br=998&bt=998&cs=0&ds=3&ft=J9ThAGkHH_Myq8ZqQK4_e2NvjTQ&mime_type=video_mp4&qs=0&rc=NXZpTGRTaFBnKWxncmd5aHFsc3IxZGZpPDZlNjxlNDc4OjY3NTY2QGlqOnk7Omtvd3U8MzM0NjMzQFNsa3ZpcUQ6amtqXmJmK2BeaWpgYTojYS9fMy0xLTU2MTNhXjEzYGEjX2FfZXFnL19eYS0tZDBhc3M%3D&btag=80000e00008000&dy_q=1784944093&feature_id=d6a18d7c5414b1f1e95a75faf9147845&l=202607250948128DBC74F06CE163B63FEA&ply_type=3&policy=eyJ2bSI6MywidWlkIjoiMzEyOTY1MDYwMzg4ODE4NSJ9,未使用,审核通过,首发,1,--,0,0,0,0,0,0,0,0,0,0,0,0,0,0,0
	7662230272466780198,0713-引导-雅迪-1-改.mp4,https://video-cn.oceanengine.com/4bf66f1aaef869fd5b860a135e189fd9/6a66b8e7/tos-cn-ve-51/o4ZN5LNDQAAVCIirdqWgXAbeDB6X4bVxbDHtfK?a=1402&ch=0&cr=0&dr=3&cd=0%7C0%7C0%7C0&br=697&bt=697&cs=0&ds=3&ft=J9ThAGkHH_Myq8ZqQK4_e2NvjTQ&mime_type=video_mp4&qs=0&rc=NXZpTGRTaFBnKWxncmd5aHFsc3IxZGY1N2Q0NjU6Zjk3ZDw1ZDM7QGkzdnNnNWtvdXU8MzM0NjMzQFNsa3ZpcUQ6amtqXmJmK2BeaWpgYTojLS01Nl5iXl4tMWBjLjFgX2EjLXJjZ3FnXl9eYS0tZDAwc3M%3D&btag=80000e00008000&dy_q=1784944093&feature_id=d6a18d7c5414b1f1e95a75faf9147845&l=202607250948128DBC74F06CE163B63FEA&ply_type=3&policy=eyJ2bSI6MywidWlkIjoiMzEyOTY1MDYwMzg4ODE4NSJ9,未使用,审核通过,首发,1,--,0,0,0,0,0,0,0,0,0,0,0,0,0,0,0
	7662229482153197577,0713-浩正瑞晨引导-3.mp4.mp4,https://video-cn.oceanengine.com/ea5b79c96f7bbf57bf08b530cef15fcf/6a66b905/tos-cn-ve-51/o013hDVyGAkItA9mBgfEdXzQDKBXQIqFLqt4sJ?a=1402&ch=0&cr=0&dr=3&cd=0%7C0%7C0%7C0&br=781&bt=781&cs=0&ds=3&ft=J9ThAGkHH_Myq8ZqQK4_e2NvjTQ&mime_type=video_mp4&qs=0&rc=NXZpTGRTaFBnKWxncmd5aHFsc3IxZGZpaWc6NGQ4Z2g5ZTQ5OWhnQGlqN2ltM2tvNnU8MzM0NjMzQFNsa3ZpcUQ6amtqXmJmK2BeaWpgYTojYjAxXjRhNDUwMTZhMWM0L2EjMXNpcHFnXl5eYS0tZDAwc3M%3D&btag=80000e00018000&dy_q=1784944093&feature_id=d6a18d7c5414b1f1e95a75faf9147845&l=202607250948128DBC74F06CE163B63FEA&ply_type=3&policy=eyJ2bSI6MywidWlkIjoiMzEyOTY1MDYwMzg4ODE4NSJ9,未使用,审核通过,首发,1,--,0,0,0,0,0,0,0,0,0,0,0,0,0,0,0
	7662213046232858650,713-引导-小敏-3.mp4,https://video-cn.oceanengine.com/f80cda23245665e1fc27d128ba9c29b6/6a66b8f3/tos-cn-ve-51/ocqt1gELMQ4yQeAgIAdBAHNVzh9PmK1sbDlQql?a=1402&ch=0&cr=0&dr=3&cd=0%7C0%7C0%7C0&br=1305&bt=1305&cs=0&ds=4&ft=J9ThAGkHH_Myq8ZqQK4_e2NvjTQ&mime_type=video_mp4&qs=0&rc=NXZpTGRTaFBnKWxncmd5aHFsc3IxZGZkNjQ4Mzs6OmY6OWc6NDQ6QGlqb3U0OGtvanQ8MzM0NjMzQFNsa3ZpcUQ6amtqXmJmK2BeaWpgYTojMWBgMzYyY14zMWFiLzRfNmEjbTJraHFnXmBeYS0tZDAwc3M%3D&btag=80000200010000&dy_q=1784944093&feature_id=d6a18d7c5414b1f1e95a75faf9147845&l=202607250948128DBC74F06CE163B63FEA&ply_type=3&policy=eyJ2bSI6MywidWlkIjoiMzEyOTY1MDYwMzg4ODE4NSJ9,未使用,--,--,0,--,0,0,0,0,0,0,0,0,0,0,0,0,0,0,0
	7661972497570840622,0713-浩正瑞晨引导-5.mp4,https://video-cn.oceanengine.com/d79cd687de2e59d1bf816cf91ac1815a/6a66b8f9/tos-cn-ve-51/o0Ey2CjlUiyq2JAwpKyfMjezgYS0QMpeCIAAeu?a=1402&ch=0&cr=0&dr=3&cd=0%7C0%7C0%7C0&br=1276&bt=1276&cs=0&ds=4&ft=J9ThAGkHH_Myq8ZqQK4_e2NvjTQ&mime_type=video_mp4&qs=0&rc=NXZpTGRTaFBnKWxncmd5aHFsc3IxZGYzODo4NDk3ZWVnNzZmNTw6QGkzcWpvNWtvdWY8MzM0NjMzQFNsa3ZpcUQ6amtqXmJmK2BeaWpgYTojLy9hYmE1MjUxMTY1MjEvLmEjM3JzNXFnbmpeYS0tZDAwc3M%3D&btag=80000200010000&dy_q=1784944093&feature_id=d6a18d7c5414b1f1e95a75faf9147845&l=202607250948128DBC74F06CE163B63FEA&ply_type=3&policy=eyJ2bSI6MywidWlkIjoiMzEyOTY1MDYwMzg4ODE4NSJ9,未使用,--,--,0,--,0,0,0,0,0,0,0,0,0,0,0,0,0,0,0
	7661972490623549486,0713-浩正瑞晨引导-2.mp4,https://video-cn.oceanengine.com/a6f1cd589ab7a2a627e2dd28884e697a/6a66b8f9/tos-cn-ve-51/osDQybC3AxWBmOh1mf6AAjF3RsI3Qg9qtKMKq4?a=1402&ch=0&cr=0&dr=3&cd=0%7C0%7C0%7C0&br=1803&bt=1803&cs=0&ds=4&ft=J9ThAGkHH_Myq8ZqQK4_e2NvjTQ&mime_type=video_mp4&qs=0&rc=NXZpTGRTaFBnKWxncmd5aHFsc3IxZGZnMzg6ZjM2MzZoOmc1OmY7QGlqZ2VoOmtvdWY8MzM0NjMzQFNsa3ZpcUQ6amtqXmJmK2BeaWpgYTojM2FfYDRjMF4zMTFgMjEtYWEjcjA1YHFnbmpeYS0tZDAvc3M%3D&btag=80000200010000&dy_q=1784944093&feature_id=d6a18d7c5414b1f1e95a75faf9147845&l=202607250948128DBC74F06CE163B63FEA&ply_type=3&policy=eyJ2bSI6MywidWlkIjoiMzEyOTY1MDYwMzg4ODE4NSJ9,未使用,--,--,0,--,0,0,0,0,0,0,0,0,0,0,0,0,0,0,0
	7661972468315914266,0713-浩正瑞晨引导-6.mp4,https://video-cn.oceanengine.com/2362810e687316fc74797d64d013e5c3/6a66b90b/tos-cn-ve-51/o0K1inmpB84KCVrshB9W3IcFgeGEEQAPmNQmdA?a=1402&ch=0&cr=0&dr=3&cd=0%7C0%7C0%7C0&br=1134&bt=1134&cs=0&ds=4&ft=J9ThAGkHH_Myq8ZqQK4_e2NvjTQ&mime_type=video_mp4&qs=0&rc=NXZpTGRTaFBnKWxncmd5aHFsc3IxZGY5OTc4M2lkZWVkNDVpZDtkQGkzOTg7OmtvdWY8MzM0NjMzQFNsa3ZpcUQ6amtqXmJmK2BeaWpgYTojYjFeYjZeY19iMWFfMmFgLmEjczRka3FnZmpeYS0tZDBhc3M%3D&btag=80000200020000&dy_q=1784944093&feature_id=d6a18d7c5414b1f1e95a75faf9147845&l=202607250948128DBC74F06CE163B63FEA&ply_type=3&policy=eyJ2bSI6MywidWlkIjoiMzEyOTY1MDYwMzg4ODE4NSJ9,未使用,--,--,0,--,0,0,0,0,0,0,0,0,0,0,0,0,0,0,0
	7661972464831201307,0713-浩正瑞晨引导-1.mp4,https://video-cn.oceanengine.com/bbdbdc34af43a07cb8c268202b8da58c/6a66b8f4/tos-cn-ve-51/oEsBEEmBIgAKAENUQ1CQ4QyAmAeWozK4mLX3Yq?a=1402&ch=0&cr=0&dr=3&cd=0%7C0%7C0%7C0&br=1381&bt=1381&cs=0&ds=4&ft=J9ThAGkHH_Myq8ZqQK4_e2NvjTQ&mime_type=video_mp4&qs=0&rc=NXZpTGRTaFBnKWxncmd5aHFsc3IxZGY6aWZmZDdoNDY3ZWVoZjo3QGkzO2poZGtvdWY8MzM0NjMzQFNsa3ZpcUQ6amtqXmJmK2BeaWpgYTojLS4vNGAwYTYuMS0uMjQyNGEjNS4tbXFnZmpeYS0tZDBhc3M%3D&btag=80000200010000&dy_q=1784944093&feature_id=d6a18d7c5414b1f1e95a75faf9147845&l=202607250948128DBC74F06CE163B63FEA&ply_type=3&policy=eyJ2bSI6MywidWlkIjoiMzEyOTY1MDYwMzg4ODE4NSJ9,未使用,--,--,0,--,0,0,0,0,0,0,0,0,0,0,0,0,0,0,0
	7660843651085778998,0710引导-小敏-4.mp4,https://video-cn.oceanengine.com/205b8e31c1a47f79838835fa7bf132cd/6a66b8f5/tos-cn-ve-51/oUsBEhoKGSGIsABmVyK18Q9RSmM4pZQAAeZlQA?a=1402&ch=0&cr=0&dr=3&cd=0%7C0%7C0%7C0&br=531&bt=531&cs=0&ds=3&ft=J9ThAGkHH_Myq8ZqQK4_e2NvjTQ&mime_type=video_mp4&qs=0&rc=NXZpTGRTaFBnKWxncmd5aHFsc3IxZGY5ZDU6ZDQ3NjU7ZTpoOGZoQGkzOXM4ZmtvZGY8MzM0NjMzQFNsa3ZpcUQ6amtqXmJmK2BeaWpgYTojLjIwY2M0XjYxMWI2Yi1jYWEjNnAzc3FnZmU1YS0tZDAvc3M%3D&btag=80000e00010000&dy_q=1784944093&feature_id=d6a18d7c5414b1f1e95a75faf9147845&l=202607250948128DBC74F06CE163B63FEA&ply_type=3&policy=eyJ2bSI6MywidWlkIjoiMzEyOTY1MDYwMzg4ODE4NSJ9,未使用,审核通过,首发,1,--,0,0,0,0,0,0,0,0,0,0,0,0,0,0,0
	7660843614075912233,0710-引导-嘉丽-2.mp4,https://video-cn.oceanengine.com/fabefeac261bdaa909dd385cd523073e/6a66b8f6/tos-cn-ve-51/d1f06a0013f141c4954486e6fb878d58?a=1402&ch=0&cr=0&dr=3&cd=0%7C0%7C0%7C0&br=1729&bt=1729&cs=0&ds=3&ft=J9ThAGkHH_Myq8ZqQK4_e2NvjTQ&mime_type=video_mp4&qs=0&rc=NXZpTGRTaFBnKWxncmd5aHFsc3IxZGY1PDk4ZGg3NjM1ZmhlZWU4QGlqajdsNWtvZGY8MzM0NjMzQFNsa3ZpcUQ6amtqXmJmK2BeaWpgYTojMmM2YjItYF5fMTUwM2BfYWEjYGNtNnFnZmU1YS0tZDAvc3M%3D&btag=80000e00010000&dy_q=1784944093&feature_id=d6a18d7c5414b1f1e95a75faf9147845&l=202607250948128DBC74F06CE163B63FEA&ply_type=3&policy=eyJ2bSI6MywidWlkIjoiMzEyOTY1MDYwMzg4ODE4NSJ9,未使用,审核通过,首发,1,--,0,0,0,0,0,0,0,0,0,0,0,0,0,0,0
	7660843611230371903,0710-引导-嘉丽-4.mp4,https://video-cn.oceanengine.com/5bd1bab5254b003b4992c13e7b8b2217/6a66b8ee/tos-cn-ve-51/oUehUZAoqAQrvFifgjbUNmC4kzBG1GvPCZDIae?a=1402&ch=0&cr=0&dr=3&cd=0%7C0%7C0%7C0&br=883&bt=883&cs=0&ds=3&ft=J9ThAGkHH_Myq8ZqQK4_e2NvjTQ&mime_type=video_mp4&qs=0&rc=NXZpTGRTaFBnKWxncmd5aHFsc3IxZGYzZjQ3aTM2O2RkaTg6aTNoQGkzZnY7aWtvZGY8MzM0NjMzQFNsa3ZpcUQ6amtqXmJmK2BeaWpgYTojY2IvM15jM19jMV9fNl5gMWEjcmNvZHFnZmU1YS0tZDAwc3M%3D&btag=80000e00010000&dy_q=1784944093&feature_id=d6a18d7c5414b1f1e95a75faf9147845&l=202607250948128DBC74F06CE163B63FEA&ply_type=3&policy=eyJ2bSI6MywidWlkIjoiMzEyOTY1MDYwMzg4ODE4NSJ9,未使用,审核通过,--,1,--,0,0,0,0,0,0,0,0,0,0,0,0,0,0,0
	7660843608887656454,0710-引导-嘉丽-5.mp4,https://video-cn.oceanengine.com/025d877a129988b587354a13c83619d8/6a66b8ee/tos-cn-ve-51/osSQNqC8U5dZDygsAAEIHeiVqevgX6IxQ0DBoM?a=1402&ch=0&cr=0&dr=3&cd=0%7C0%7C0%7C0&br=1010&bt=1010&cs=0&ds=3&ft=J9ThAGkHH_Myq8ZqQK4_e2NvjTQ&mime_type=video_mp4&qs=0&rc=NXZpTGRTaFBnKWxncmd5aHFsc3IxZGZpNzZnOjQ8NWc0PDY5aWU2QGkzOnU2aWtvZGY8MzM0NjMzQFNsa3ZpcUQ6amtqXmJmK2BeaWpgYTojLWMzYF80MV5hMTMzXjUyNWEjaDVrY3FnZmU1YS0tZDAwc3M%3D&btag=80000e00010000&dy_q=1784944093&feature_id=d6a18d7c5414b1f1e95a75faf9147845&l=202607250948128DBC74F06CE163B63FEA&ply_type=3&policy=eyJ2bSI6MywidWlkIjoiMzEyOTY1MDYwMzg4ODE4NSJ9,未使用,审核通过,--,1,--,0,0,0,0,0,0,0,0,0,0,0,0,0,0,0
	7660843598484979755,0710-引导-嘉丽-1.mp4,https://video-cn.oceanengine.com/17164ea44bba80d1a2d5ed9f6b979f02/6a66b8f4/tos-cn-ve-51/oEiUxVeqDZeDIokdpgqg6BWhQ3NMAMo8KADG7b?a=1402&ch=0&cr=0&dr=3&cd=0%7C0%7C0%7C0&br=1057&bt=1057&cs=0&ds=3&ft=J9ThAGkHH_Myq8ZqQK4_e2NvjTQ&mime_type=video_mp4&qs=0&rc=NXZpTGRTaFBnKWxncmd5aHFsc3IxZGY2ZTo7ZjQ4Zzc8OzU3NDY6QGkzaHFkaWtvZGY8MzM0NjMzQFNsa3ZpcUQ6amtqXmJmK2BeaWpgYTojYC02LzReYDZhMWEtMmJeNmEjczVvXnFnZmU1YS0tZDAwc3M%3D&btag=80000e00010000&dy_q=1784944093&feature_id=d6a18d7c5414b1f1e95a75faf9147845&l=202607250948128DBC74F06CE163B63FEA&ply_type=3&policy=eyJ2bSI6MywidWlkIjoiMzEyOTY1MDYwMzg4ODE4NSJ9,未使用,审核通过,--,1,--,0,0,0,0,0,0,0,0,0,0,0,0,0,0,0
	7660843598326792235,0710引导-小敏-2.mp4,https://video-cn.oceanengine.com/db5c9158996fd1626ee2b41413a80b8f/6a66b8e8/tos-cn-ve-51/oI9RkwG1KAeKgNVWsHYGamkAmnhKImrrBJyQQ4?a=1402&ch=0&cr=0&dr=3&cd=0%7C0%7C0%7C0&br=523&bt=523&cs=0&ds=3&ft=J9ThAGkHH_Myq8ZqQK4_e2NvjTQ&mime_type=video_mp4&qs=0&rc=NXZpTGRTaFBnKWxncmd5aHFsc3IxZGY4ODQzPGVlaDYzNGZoZmZoQGlqOXBlNmtvZGY8MzM0NjMzQFNsa3ZpcUQ6amtqXmJmK2BeaWpgYTojNDZfX2EvLl9jMTY0YDUwNmEjcF4vZnFnZmU1YS0tZDBhc3M%3D&btag=80000e00008000&dy_q=1784944093&feature_id=d6a18d7c5414b1f1e95a75faf9147845&l=202607250948128DBC74F06CE163B63FEA&ply_type=3&policy=eyJ2bSI6MywidWlkIjoiMzEyOTY1MDYwMzg4ODE4NSJ9,未使用,审核通过,--,1,--,0,0,0,0,0,0,0,0,0,0,0,0,0,0,0
	7660843575199334441,0710-引导-嘉丽-8.mp4,https://video-cn.oceanengine.com/178a144a1ad9e89b4786df595de03422/6a66b8e6/tos-cn-ve-51/oANDgwK4mII9mX1BeyphRKoGQASAlsRB9QBVEQ?a=1402&ch=0&cr=0&dr=3&cd=0%7C0%7C0%7C0&br=915&bt=915&cs=0&ds=3&ft=J9ThAGkHH_Myq8ZqQK4_e2NvjTQ&mime_type=video_mp4&qs=0&rc=NXZpTGRTaFBnKWxncmd5aHFsc3IxZGYzNzw6OTZmOTY6Mzg3ODdpQGlqOzQzN2tvZGY8MzM0NjMzQFNsa3ZpcUQ6amtqXmJmK2BeaWpgYTojX19gXjZjMl42MTUtNjAuMWEjZGNyY3FnZmU1YS0tZDBhc3M%3D&btag=80000e00008000&dy_q=1784944093&feature_id=d6a18d7c5414b1f1e95a75faf9147845&l=202607250948128DBC74F06CE163B63FEA&ply_type=3&policy=eyJ2bSI6MywidWlkIjoiMzEyOTY1MDYwMzg4ODE4NSJ9,未使用,审核通过,--,2,--,0,0,0,0,0,0,0,0,0,0,0,0,0,0,0
	7660843558887325738,0710引导-小敏-5.mp4,https://video-cn.oceanengine.com/b28a6975300e6a65b2bb006c4fe291e3/6a66b8f4/tos-cn-ve-51/oYyCv9LBsENIQXKPGQKRbCVAmuSp14heAQZSAu?a=1402&ch=0&cr=0&dr=3&cd=0%7C0%7C0%7C0&br=960&bt=960&cs=0&ds=3&ft=J9ThAGkHH_Myq8ZqQK4_e2NvjTQ&mime_type=video_mp4&qs=0&rc=NXZpTGRTaFBnKWxncmd5aHFsc3IxZGYzOjs7NmU1NTkzZ2dpNzZlQGlqaXJ0NGtvZGY8MzM0NjMzQFNsa3ZpcUQ6amtqXmJmK2BeaWpgYTojY2ExYF4yLTUyMWMwMTIxYmEjYXNfL3FnZmU1YS0tZDAvc3M%3D&btag=80000e00010000&dy_q=1784944093&feature_id=d6a18d7c5414b1f1e95a75faf9147845&l=202607250948128DBC74F06CE163B63FEA&ply_type=3&policy=eyJ2bSI6MywidWlkIjoiMzEyOTY1MDYwMzg4ODE4NSJ9,未使用,审核通过,--,1,--,0,0,0,0,0,0,0,0,0,0,0,0,0,0,0
	7660843528491237382,0710引导-小敏-3.mp4,https://video-cn.oceanengine.com/4fbca5f5c2ad38f1be406cd795cc3e75/6a66b8e6/tos-cn-ve-51/ow1KpoNyElGSAX1BIVqQ0AAmJmeSIhKbWQ84Rs?a=1402&ch=0&cr=0&dr=3&cd=0%7C0%7C0%7C0&br=536&bt=536&cs=0&ds=3&ft=J9ThAGkHH_Myq8ZqQK4_e2NvjTQ&mime_type=video_mp4&qs=0&rc=NXZpTGRTaFBnKWxncmd5aHFsc3IxZGY8NGg7OzY6OGY8PDVoaTs3QGkzZ2twO2tvZGY8MzM0NjMzQFNsa3ZpcUQ6amtqXmJmK2BeaWpgYTojXzBfYWA0MV4tMTQyYzMzX2EjNmJzbnFnZmU1YS0tZDAvc3M%3D&btag=80000e00008000&dy_q=1784944093&feature_id=d6a18d7c5414b1f1e95a75faf9147845&l=202607250948128DBC74F06CE163B63FEA&ply_type=3&policy=eyJ2bSI6MywidWlkIjoiMzEyOTY1MDYwMzg4ODE4NSJ9,未使用,审核通过,--,1,--,0,0,0,0,0,0,0,0,0,0,0,0,0,0,0
	7660452419795189823,0709引导+v-瑞晨-6.mp4,https://video-cn.oceanengine.com/840e9ce42c10e36c44f4964a999fdff8/6a66b8ef/tos-cn-ve-51/o4A9m84ZJ17KJB1xPNxqhQ1sQtF9IB1fgEQAQk?a=1402&ch=0&cr=0&dr=3&cd=0%7C0%7C0%7C0&cv=1&br=877&bt=877&cs=0&ds=3&ft=J9ThAGkHH_Myq8ZqQK4_e2NvjTQ&mime_type=video_mp4&qs=0&rc=NXZpTGRTaFBnKWxncmd5aHFsc3IxZGZmNmg0Z2g1Z2c0ODdnODs6QGlqNzZnNWtvdHA8MzM0NjMzQFNsa3ZpcUQ6amtqXmJmK2BeaWpgYTojMl8tMC0yYDU1MWEuNDItX2EjanNfZ3FnZjY0YS0tZDAwc3M%3D&btag=80000e00010000&dy_q=1784944093&feature_id=d6a18d7c5414b1f1e95a75faf9147845&l=202607250948128DBC74F06CE163B63FEA&ply_type=3&policy=eyJ2bSI6MywidWlkIjoiMzEyOTY1MDYwMzg4ODE4NSJ9,未使用,审核通过,--,1,--,0,0,0,0,0,0,0,0,0,0,0,0,0,0,0
	7660452401267654692,0709引导+v-瑞晨-9.mp4,https://video-cn.oceanengine.com/84c4e3a66395818072f73cf853c0d8d9/6a66b8f0/tos-cn-ve-51/oor1XJJLCAtrQmNqQIezJZh41KaqWQ7sgBA5PE?a=1402&ch=0&cr=0&dr=3&cd=0%7C0%7C0%7C0&cv=1&br=1119&bt=1119&cs=0&ds=3&ft=J9ThAGkHH_Myq8ZqQK4_e2NvjTQ&mime_type=video_mp4&qs=0&rc=NXZpTGRTaFBnKWxncmd5aHFsc3IxZGY8PDQ6NDtkOGk4Zjc4Ojo5QGlqZGdwZWtvdHA8MzM0NjMzQFNsa3ZpcUQ6amtqXmJmK2BeaWpgYTojLTYwLjEwL19eMV5gYmAzMGEjbWFlaXFnZjY0YS0tZDAwc3M%3D&btag=80000e00010000&dy_q=1784944093&feature_id=d6a18d7c5414b1f1e95a75faf9147845&l=202607250948128DBC74F06CE163B63FEA&ply_type=3&policy=eyJ2bSI6MywidWlkIjoiMzEyOTY1MDYwMzg4ODE4NSJ9,未使用,审核通过,--,2,--,0,0,0,0,0,0,0,0,0,0,0,0,0,0,0
	7660452400924835846,0709引导+v-瑞晨-3.mp4,https://video-cn.oceanengine.com/9ccb1dec3125be53e437678fee7fed76/6a66b8f0/tos-cn-ve-51/ocTZzPJs71IKJBQ1A1QEmZB92KFcEwBmg4hAQe?a=1402&ch=0&cr=0&dr=3&cd=0%7C0%7C0%7C0&cv=1&br=764&bt=764&cs=0&ds=3&ft=J9ThAGkHH_Myq8ZqQK4_e2NvjTQ&mime_type=video_mp4&qs=0&rc=NXZpTGRTaFBnKWxncmd5aHFsc3IxZGY3Z2g2ZjNpM2k3ZWlpMzpnQGlqZG07PGtvdHA8MzM0NjMzQFNsa3ZpcUQ6amtqXmJmK2BeaWpgYTojMWNgMTAwNV9jMV9gLV8tXmEjZHAycXFnZjY0YS0tZDBhc3M%3D&btag=80000e00010000&dy_q=1784944093&feature_id=d6a18d7c5414b1f1e95a75faf9147845&l=202607250948128DBC74F06CE163B63FEA&ply_type=3&policy=eyJ2bSI6MywidWlkIjoiMzEyOTY1MDYwMzg4ODE4NSJ9,未使用,审核通过,--,1,--,0,0,0,0,0,0,0,0,0,0,0,0,0,0,0
	7660452400634134570,0709引导+v-瑞晨-1.mp4,https://video-cn.oceanengine.com/ac1849bec1eecda9c9c8853a40b35b0a/6a66b8f2/tos-cn-ve-51/ogUsgfAflzz77M4UA8AIRygeqnGUFCBaljJbn0?a=1402&ch=0&cr=0&dr=3&cd=0%7C0%7C0%7C0&cv=1&br=1238&bt=1238&cs=0&ds=3&ft=J9ThAGkHH_Myq8ZqQK4_e2NvjTQ&mime_type=video_mp4&qs=0&rc=NXZpTGRTaFBnKWxncmd5aHFsc3IxZGY4ZTlmPDxmNGc8Mzk6ODVlQGlqc2xxNGtvdHA8MzM0NjMzQFNsa3ZpcUQ6amtqXmJmK2BeaWpgYTojMmAvYi9gL181MS40XjItNWEjY3NsNHFnZjY0YS0tZDBhc3M%3D&btag=80000e00010000&dy_q=1784944093&feature_id=d6a18d7c5414b1f1e95a75faf9147845&l=202607250948128DBC74F06CE163B63FEA&ply_type=3&policy=eyJ2bSI6MywidWlkIjoiMzEyOTY1MDYwMzg4ODE4NSJ9,未使用,审核通过,--,6,--,0,0,0,0,0,0,0,0,0,0,0,0,0,0,0
	7660371908223402047,0709引导-小敏-5-1.mp4,https://video-cn.oceanengine.com/c25820a9db7c39911a6d564da8d73456/6a66b8e5/tos-cn-ve-51/ogKmuJs50BCwkPh8BJ3YGkQI4KAFegQWmAJ14E?a=1402&ch=0&cr=0&dr=3&cd=0%7C0%7C0%7C0&cv=1&br=1086&bt=1086&cs=0&ds=3&ft=J9ThAGkHH_Myq8ZqQK4_e2NvjTQ&mime_type=video_mp4&qs=0&rc=NXZpTGRTaFBnKWxncmd5aHFsc3IxZGZkM2RmMzs8PGY0PGU8O2c8QGkzcGw1aGtvZms8MzM0NjMzQFNsa3ZpcUQ6amtqXmJmK2BeaWpgYTojXl80XjFjMl5iMTFfLi5eLmEjMmBiLnFnL2s0YS0tZDAwc3M%3D&btag=80000e00008000&dy_q=1784944093&feature_id=d6a18d7c5414b1f1e95a75faf9147845&l=202607250948128DBC74F06CE163B63FEA&ply_type=3&policy=eyJ2bSI6MywidWlkIjoiMzEyOTY1MDYwMzg4ODE4NSJ9,未使用,审核通过,--,6,--,0,0,0,0,0,0,0,0,0,0,0,0,0,0,0
	7660371884819709994,0709引导-小敏-3-1.mp4,https://video-cn.oceanengine.com/08b85e46202282660cdb2dc097c9e47e/6a66b8f4/tos-cn-ve-51/oQCICOsEIAQ1XVJqyGehPABcL93CBBAg4A4mQm?a=1402&ch=0&cr=0&dr=3&cd=0%7C0%7C0%7C0&cv=1&br=729&bt=729&cs=0&ds=3&ft=J9ThAGkHH_Myq8ZqQK4_e2NvjTQ&mime_type=video_mp4&qs=0&rc=NXZpTGRTaFBnKWxncmd5aHFsc3IxZGY8PDVoZTNmOzdpOzc4OTRpQGlqNTxmOWtvZWs8MzM0NjMzQFNsa3ZpcUQ6amtqXmJmK2BeaWpgYTojYWIvMGNiMl40MTY2NDItM2EjMmxkZHFnbms0YS0tZDAvc3M%3D&btag=80000e00010000&dy_q=1784944093&feature_id=d6a18d7c5414b1f1e95a75faf9147845&l=202607250948128DBC74F06CE163B63FEA&ply_type=3&policy=eyJ2bSI6MywidWlkIjoiMzEyOTY1MDYwMzg4ODE4NSJ9,未使用,审核通过,首发,4,--,0,0,0,0,0,0,0,0,0,0,0,0,0,0,0
	7660015933729521718,一键修复_0706引导+v瑞晨-6.mp4,https://video-cn.oceanengine.com/c9bc4e6e869aed63968d8ca08ff23bc5/6a66b8f3/tos-cn-v-29cc83/oceBv9ADQQ5KtMJLW1rEOcCN4cISECe44u4psg?a=1402&ch=0&cr=0&dr=3&cd=0%7C0%7C0%7C0&br=873&bt=873&cs=0&ds=3&ft=J9ThAGkHH_Myq8ZqQK4_e2NvjTQ&mime_type=video_mp4&qs=0&rc=NXZpTGRTaFBnKWxncmd5aHFsc3IxZGY5OGQ0ZzwzOGg4PGZlZmY5QGkzPGt0OWtvdnc8NjM0aTwzQFNsa3ZpcUQ6amtqXmJmK2BeaWpgYTojNC4yL18zMl9gMTEyYV8zMGEjYnEwL3FnZmMzYS0tZC8vc3M%3D&btag=80000e00010000&dy_q=1784944093&feature_id=d6a18d7c5414b1f1e95a75faf9147845&l=202607250948128DBC74F06CE163B63FEA&ply_type=3&policy=eyJ2bSI6MywidWlkIjoiMzEyOTY1MDYwMzg4ODE4NSJ9,未使用,审核通过,--,1,--,0,0,0,0,0,0,0,0,0,0,0,0,0,0,0
	7659983321992708132,0706引导+v瑞晨-7.mp4,https://video-cn.oceanengine.com/fc8940ebfb6287d79c78b96def778cb5/6a66b8f3/tos-cn-ve-51/o0MbQg9RTzhi4SfbAg4AI0JOmx1QdACBKtslqT?a=1402&ch=0&cr=0&dr=3&cd=0%7C0%7C0%7C0&br=1838&bt=1838&cs=0&ds=4&ft=J9ThAGkHH_Myq8ZqQK4_e2NvjTQ&mime_type=video_mp4&qs=0&rc=NXZpTGRTaFBnKWxncmd5aHFsc3IxZGY1NGg3OTY7Zjo4MzozaWZmQGkzPGRoOmtva3U8MzM0NjMzQFNsa3ZpcUQ6amtqXmJmK2BeaWpgYTojYjM2NTFfMjY0MTAtLjAyYWEjNW9iYHFnXmgzYS0tZDAvc3M%3D&btag=80000e00010000&dy_q=1784944093&feature_id=d6a18d7c5414b1f1e95a75faf9147845&l=202607250948128DBC74F06CE163B63FEA&ply_type=3&policy=eyJ2bSI6MywidWlkIjoiMzEyOTY1MDYwMzg4ODE4NSJ9,未使用,审核通过,--,1,--,0,0,0,0,0,0,0,0,0,0,0,0,0,0,0
	7659983312489005110,0706引导+v瑞晨-9.mp4,https://video-cn.oceanengine.com/f0f357bff33065659c9349c0a7f54c60/6a66b8fb/tos-cn-ve-51/ocFgM012QumDsiiBetARQIE4NQ1hJaEAgCqbmn?a=1402&ch=0&cr=0&dr=3&cd=0%7C0%7C0%7C0&br=1447&bt=1447&cs=0&ds=4&ft=J9ThAGkHH_Myq8ZqQK4_e2NvjTQ&mime_type=video_mp4&qs=0&rc=NXZpTGRTaFBnKWxncmd5aHFsc3IxZGZpNzs6NGU8MzVmaTUzOjY0QGkzNmpnOmtva3U8MzM0NjMzQFNsa3ZpcUQ6amtqXmJmK2BeaWpgYTojMTNhXy4yL14wMTU1Mi81L2EjZDVlZXFnXmgzYS0tZDAwc3M%3D&btag=80000e00018000&dy_q=1784944093&feature_id=d6a18d7c5414b1f1e95a75faf9147845&l=202607250948128DBC74F06CE163B63FEA&ply_type=3&policy=eyJ2bSI6MywidWlkIjoiMzEyOTY1MDYwMzg4ODE4NSJ9,未使用,审核通过,--,1,--,0,0,0,0,0,0,0,0,0,0,0,0,0,0,0
	7659983301841698859,0706引导+v瑞晨-8.mp4,https://video-cn.oceanengine.com/6dee61aa8664417ffa5c3609d6a224bc/6a66b8f2/tos-cn-ve-51/owLbNqJ7T6XZDd10AAIk5qpVEctge6QxgfDBsb?a=1402&ch=0&cr=0&dr=3&cd=0%7C0%7C0%7C0&br=1822&bt=1822&cs=0&ds=4&ft=J9ThAGkHH_Myq8ZqQK4_e2NvjTQ&mime_type=video_mp4&qs=0&rc=NXZpTGRTaFBnKWxncmd5aHFsc3IxZGZmZGY1Z2RkOjpoZ2U2ZDs8QGkzdnZnZGtva3U8MzM0NjMzQFNsa3ZpcUQ6amtqXmJmK2BeaWpgYTojY2MzMjVhNjVhMTY1LjEwYmEjb3Nia3FnL2gzYS0tZDAwc3M%3D&btag=80000e00010000&dy_q=1784944093&feature_id=d6a18d7c5414b1f1e95a75faf9147845&l=202607250948128DBC74F06CE163B63FEA&ply_type=3&policy=eyJ2bSI6MywidWlkIjoiMzEyOTY1MDYwMzg4ODE4NSJ9,未使用,审核通过,--,0,--,0,0,0,0,0,0,0,0,0,0,0,0,0,0,0
	7659983297766178859,0706引导+v瑞晨-10.mp4,https://video-cn.oceanengine.com/ba4ab2dfa6f6b66d40d8334b68a08627/6a66b8f7/tos-cn-ve-51/o0INEQg2muHJAu41S9RvqVqeE0JBisEQm2tlA2?a=1402&ch=0&cr=0&dr=3&cd=0%7C0%7C0%7C0&br=1517&bt=1517&cs=0&ds=4&ft=J9ThAGkHH_Myq8ZqQK4_e2NvjTQ&mime_type=video_mp4&qs=0&rc=NXZpTGRTaFBnKWxncmd5aHFsc3IxZGZkN2k0OzQ3NjpoOmc3NGVoQGkzb3lxN2tva3U8MzM0NjMzQFNsa3ZpcUQ6amtqXmJmK2BeaWpgYTojYmFeNTYxYjZiMTIuLTUuMWEjL2BkaHFnXmgzYS0tZDBhc3M%3D&btag=80000e00010000&dy_q=1784944093&feature_id=d6a18d7c5414b1f1e95a75faf9147845&l=202607250948128DBC74F06CE163B63FEA&ply_type=3&policy=eyJ2bSI6MywidWlkIjoiMzEyOTY1MDYwMzg4ODE4NSJ9,已使用,审核通过,--,1,--,0,0,0,0,0,0,0,0,0,0,0,0,0,0,0
	7659679262665293865,0706引导+v瑞晨-1.mp4,https://video-cn.oceanengine.com/c13806ba5662b25c48115dd61770ac72/6a66b8f9/tos-cn-ve-51/oclB2Z9JBI4ygHQALlIQKOsf1MEXm11gmGblrA?a=1402&ch=0&cr=0&dr=3&cd=0%7C0%7C0%7C0&br=1782&bt=1782&cs=0&ds=4&ft=J9ThAGkHH_Myq8ZqQK4_e2NvjTQ&mime_type=video_mp4&qs=0&rc=NXZpTGRTaFBnKWxncmd5aHFsc3IxZGY7OGZlNGU3Ojc4PGZmNDtmQGlqNHFtNmtvamQ8MzM0NjMzQFNsa3ZpcUQ6amtqXmJmK2BeaWpgYTojNjJfLS42YV4wMWAwYWExYWEjZmBqc3FnL18zYS0tZDBhc3M%3D&btag=80000e00010000&dy_q=1784944093&feature_id=d6a18d7c5414b1f1e95a75faf9147845&l=202607250948128DBC74F06CE163B63FEA&ply_type=3&policy=eyJ2bSI6MywidWlkIjoiMzEyOTY1MDYwMzg4ODE4NSJ9,未使用,审核通过,--,1,--,0,0,0,0,0,0,0,0,0,0,0,0,0,0,0
	7659679252962541631,0706引导+v瑞晨-5.mp4,https://video-cn.oceanengine.com/d12df4affa33160b1db3ed0041d434ef/6a66b8ea/tos-cn-ve-51/oEKbM1gAgQAsIjQxd44fm1EoJIELQqmKl9VBlU?a=1402&ch=0&cr=0&dr=3&cd=0%7C0%7C0%7C0&br=2554&bt=2554&cs=0&ds=4&ft=J9ThAGkHH_Myq8ZqQK4_e2NvjTQ&mime_type=video_mp4&qs=0&rc=NXZpTGRTaFBnKWxncmd5aHFsc3IxZGZkaTw2NjQ3OGU7PGU8MzU6QGlqeXFkaGtvamQ8MzM0NjMzQFNsa3ZpcUQ6amtqXmJmK2BeaWpgYTojMGJiMzUuMV8uMWNeNC5iX2EjXjBlcHFnL18zYS0tZDBhc3M%3D&btag=80000e00008000&dy_q=1784944093&feature_id=d6a18d7c5414b1f1e95a75faf9147845&l=202607250948128DBC74F06CE163B63FEA&ply_type=3&policy=eyJ2bSI6MywidWlkIjoiMzEyOTY1MDYwMzg4ODE4NSJ9,未使用,审核通过,--,1,--,0,0,0,0,0,0,0,0,0,0,0,0,0,0,0
	7659679243442913322,0706引导+v瑞晨-4.mp4,https://video-cn.oceanengine.com/325209cc8cb9c5c9b71e7d8c639ecd89/6a66b8e5/tos-cn-ve-51/oU69MDBqQoNCJWEf8KaBMIKYqafrA4zRTgsgAA?a=1402&ch=0&cr=0&dr=3&cd=0%7C0%7C0%7C0&br=2291&bt=2291&cs=0&ds=4&ft=J9ThAGkHH_Myq8ZqQK4_e2NvjTQ&mime_type=video_mp4&qs=0&rc=NXZpTGRTaFBnKWxncmd5aHFsc3IxZGY1Mzs4M2c4aWhpOWc5Njc7QGkzd2s7Z2tvaWQ8MzM0NjMzQFNsa3ZpcUQ6amtqXmJmK2BeaWpgYTojNmAxYWJiLTUzMS9fYjNgXmEjMF4uLXFnZl8zYS0tZDAvc3M%3D&btag=80000e00008000&dy_q=1784944093&feature_id=d6a18d7c5414b1f1e95a75faf9147845&l=202607250948128DBC74F06CE163B63FEA&ply_type=3&policy=eyJ2bSI6MywidWlkIjoiMzEyOTY1MDYwMzg4ODE4NSJ9,已使用,审核通过,--,1,--,0,0,0,0,0,0,0,0,0,0,0,0,0,0,0
	7659679226528383039,0706引导+v瑞晨-3.mp4,https://video-cn.oceanengine.com/e002e500eba859a7e7b1ffe1d0163836/6a66b8f9/tos-cn-ve-51/ok0WIC4Yf4AirQFGsKetANqQlDTgHBgTEYKlMs?a=1402&ch=0&cr=0&dr=3&cd=0%7C0%7C0%7C0&br=1654&bt=1654&cs=0&ds=4&ft=J9ThAGkHH_Myq8ZqQK4_e2NvjTQ&mime_type=video_mp4&qs=0&rc=NXZpTGRTaFBnKWxncmd5aHFsc3IxZGY3PGZpNzdlMzNmZDlnODszQGkzOjQ3Z2tvaWQ8MzM0NjMzQFNsa3ZpcUQ6amtqXmJmK2BeaWpgYTojNjYwNjU2NV4uMS5eLTMzMGEjcDMwYHFnZl8zYS0tZDAvc3M%3D&btag=80000e00010000&dy_q=1784944093&feature_id=d6a18d7c5414b1f1e95a75faf9147845&l=202607250948128DBC74F06CE163B63FEA&ply_type=3&policy=eyJ2bSI6MywidWlkIjoiMzEyOTY1MDYwMzg4ODE4NSJ9,未使用,审核通过,--,1,--,0,0,0,0,0,0,0,0,0,0,0,0,0,0,0
	7662605347073572914,0715瑞晨引流-2.mp4,https://video-cn.oceanengine.com/9e0445838165010a00925276e19c26ce/6a66b8ff/tos-cn-ve-51/d0ad68b878f1468cbca89a6b110e5487?a=1402&ch=0&cr=0&dr=3&cd=0%7C0%7C0%7C0&cv=1&br=1694&bt=1694&cs=0&ds=3&ft=J9ThAGkHH_Myq8ZgQK4_e2NvjTQ&mime_type=video_mp4&qs=0&rc=NXZpTGRTaFBnKWxncmd5aHFsc3IxZGY4ZDo8Nzg2NTs5aGRoaTpkQGkzczNoO286NWo8MzM0NjMzQFNsa3ZpcUQ6amtqXmJmK2BeaWpgYTojM2IuNTBjLl8zMTExMTEvMGEjZ2RwYWFhZmpfYS0tZDAwc3M%3D&btag=80000e00008000&dy_q=1784944117&feature_id=d6a18d7c5414b1f1e95a75faf9147845&l=20260725094836ECF5C6494D18AAC37DB8&ply_type=3&policy=eyJ2bSI6MywidWlkIjoiMzEyOTY1MDYwMzg4ODE4NSJ9,已使用,审核通过,首发,13,--,15.84,895,25,2.79,0.63,17.7,3,5.28,12,0,0,0,0,0,0
	7660186951438139446,0708-引导-嘉丽-4.mp4,https://video-cn.oceanengine.com/b21c513fc6fa7088763d767a2c122fd6/6a66b906/tos-cn-ve-51/oAI2IMemSOfERB7VrgE1Exf9AQt8CpAeVqaI17?a=1402&ch=0&cr=0&dr=3&cd=0%7C0%7C0%7C0&cv=1&br=866&bt=866&cs=0&ds=3&ft=J9ThAGkHH_Myq8ZgQK4_e2NvjTQ&mime_type=video_mp4&qs=0&rc=NXZpTGRTaFBnKWxncmd5aHFsc3IxZGY4ZTVmPGhmMzVnOjc2OGdlQGkzZXhxOm86aXk8MzM0NjMzQFNsa3ZpcUQ6amtqXmJmK2BeaWpgYTojX2MvLTMwXjUyMS01YmExNmEjNmljNmFhZmNeYS0tZDAvc3M%3D&btag=80000e00010000&dy_q=1784944117&feature_id=d6a18d7c5414b1f1e95a75faf9147845&l=20260725094836ECF5C6494D18AAC37DB8&ply_type=3&policy=eyJ2bSI6MywidWlkIjoiMzEyOTY1MDYwMzg4ODE4NSJ9,未使用,审核通过,--,12,--,44.07,1823,26,1.43,1.7,24.17,3,14.69,11.54,0,0,0,0,0,0
	7664925201298063370,0720-瑞晨引流-3.mp4,https://video-cn.oceanengine.com/8be3c4aaf943a3eac615ee0c6c10245b/6a66b904/tos-cn-ve-51/oEAVgBL1h7SgDmzIhcfIAtULiaIv16QXn7ZgZQ?a=1402&ch=0&cr=0&dr=3&cd=0%7C0%7C0%7C0&br=859&bt=859&cs=0&ds=3&ft=J9ThAGkHH_Myq8ZgQK4_e2NvjTQ&mime_type=video_mp4&qs=0&rc=NXZpTGRTaFBnKWxncmd5aHFsc3IxZGZpZTRlZWczMzw1Zmk1Zzk8QGkzbTNlZW86PG88MzM0NjMzQFNsa3ZpcUQ6amtqXmJmK2BeaWpgYTojLWItLjIwMF5hMTEwMDU2LmEja20zcWFhLy5jYS0tZDAwc3M%3D&btag=80000e00010000&dy_q=1784944117&feature_id=d6a18d7c5414b1f1e95a75faf9147845&l=20260725094836ECF5C6494D18AAC37DB8&ply_type=3&policy=eyJ2bSI6MywidWlkIjoiMzEyOTY1MDYwMzg4ODE4NSJ9,已使用,审核通过,--,2,--,0.01,2,0,0,0,5,0,0,0,0,0,0,0,0,0
	7664925096461697033,0718瑞晨15-修改.mp4,https://video-cn.oceanengine.com/d8ac8b06a1004e0fa58cc2b76c6b7343/6a66b902/tos-cn-ve-51/osDAtCqTgUNQ2keDa1AKBQI1fg7DXvKBGpRxL2?a=1402&ch=0&cr=0&dr=3&cd=0%7C0%7C0%7C0&br=1131&bt=1131&cs=0&ds=3&ft=J9ThAGkHH_Myq8ZgQK4_e2NvjTQ&mime_type=video_mp4&qs=0&rc=NXZpTGRTaFBnKWxncmd5aHFsc3IxZGZlNmk2PDk1M2RnNWc1NTo0QGlqO3RsZ286PG88MzM0NjMzQFNsa3ZpcUQ6amtqXmJmK2BeaWpgYTojYmEwXmMvMzZfMTMvYjFhM2EjLl5ia2FhLy5jYS0tZDAwc3M%3D&btag=80000e00008000&dy_q=1784944117&feature_id=d6a18d7c5414b1f1e95a75faf9147845&l=20260725094836ECF5C6494D18AAC37DB8&ply_type=3&policy=eyJ2bSI6MywidWlkIjoiMzEyOTY1MDYwMzg4ODE4NSJ9,已使用,审核通过,--,2,--,0.01,3,0,0,0,3.33,0,0,0,0,0,0,0,0,0
	7664925987020308489,0720-引流-魏怡-7.mp4,https://video-cn.oceanengine.com/32192a95b525f32658db7e5ddf5c2e3e/6a66b917/tos-cn-ve-51/okAAAB2e6NqRRBgXKl119glfCXpN2HagTwmD8l?a=1402&ch=0&cr=0&dr=3&cd=0%7C0%7C0%7C0&br=1379&bt=1379&cs=0&ds=3&ft=J9ThAGkHH_Myq8ZgQK4_e2NvjTQ&mime_type=video_mp4&qs=0&rc=NXZpTGRTaFBnKWxncmd5aHFsc3IxZGZoNTxpOmU2PGk2MzRmNzg1QGlqdzlwNW86c288MzM0NjMzQFNsa3ZpcUQ6amtqXmJmK2BeaWpgYTojLy0uLTUtMTVeMWBhYS4xX2Eja3JfZWFhXjBjYS0tZDAvc3M%3D&btag=80000e00018000&dy_q=1784944117&feature_id=d6a18d7c5414b1f1e95a75faf9147845&l=20260725094836ECF5C6494D18AAC37DB8&ply_type=3&policy=eyJ2bSI6MywidWlkIjoiMzEyOTY1MDYwMzg4ODE4NSJ9,已使用,审核通过,--,1,--,0.41,11,0,0,0,37.27,0,0,0,0,0,0,0,0,0
	7662605347073458226,0715瑞晨引流-1.mp4,https://video-cn.oceanengine.com/0eb2b164d8642f90f6c2d23cdeb8f0c0/6a66b902/tos-cn-ve-51/oUUIHuIQzdamtKWILnA8CEycCQC7TNkN5AX4l?a=1402&ch=0&cr=0&dr=3&cd=0%7C0%7C0%7C0&cv=1&br=1776&bt=1776&cs=0&ds=3&ft=J9ThAGkHH_Myq8ZgQK4_e2NvjTQ&mime_type=video_mp4&qs=0&rc=NXZpTGRTaFBnKWxncmd5aHFsc3IxZGY8PGQ7NGZmaGQ6ZzM8PDc4QGlqZHJ5OW86NWo8MzM0NjMzQFNsa3ZpcUQ6amtqXmJmK2BeaWpgYTojNC1gM2MzXjYtMTViYy5jX2EjZ2QyM2FhZmpfYS0tZDBhc3M%3D&btag=80000e00008000&dy_q=1784944117&feature_id=d6a18d7c5414b1f1e95a75faf9147845&l=20260725094836ECF5C6494D18AAC37DB8&ply_type=3&policy=eyJ2bSI6MywidWlkIjoiMzEyOTY1MDYwMzg4ODE4NSJ9,已使用,审核通过,首发,12,--,40.79,1681,37,2.2,1.1,24.27,2,20.4,5.41,0,0,0,0,0,0
	7662989766527631387,0714瑞晨引流修改-7.mp4,https://video-cn.oceanengine.com/0fe080f4eb4cda67ff399ec8331778bd/6a66b8fe/tos-cn-ve-51/owEgA6r0oAQWnQnzauhWltWYaQdIuNCI2Zacx?a=1402&ch=0&cr=0&dr=3&cd=0%7C0%7C0%7C0&cv=1&br=2256&bt=2256&cs=0&ds=3&ft=J9ThAGkHH_Myq8ZgQK4_e2NvjTQ&mime_type=video_mp4&qs=0&rc=NXZpTGRTaFBnKWxncmd5aHFsc3IxZGZmZGRpNDQ0Zmg2Ozo0Ozk8QGkzcDU6Om86aDk8MzM0NjMzQFNsa3ZpcUQ6amtqXmJmK2BeaWpgYTojNmEtLTU0YV82MS8xMy9jMmEjcXEvX2FhbmVgYS0tZDAvc3M%3D&btag=80000e00008000&dy_q=1784944117&feature_id=d6a18d7c5414b1f1e95a75faf9147845&l=20260725094836ECF5C6494D18AAC37DB8&ply_type=3&policy=eyJ2bSI6MywidWlkIjoiMzEyOTY1MDYwMzg4ODE4NSJ9,未使用,审核通过,--,11,--,31.74,2408,54,2.24,0.59,13.18,2,15.87,3.7,0,0,0,0,0,0
	7663102736046964772,0716-引导-小敏-修改.mp4,https://video-cn.oceanengine.com/444eed01e34baf56cc161b4bf3fffec7/6a66b8fd/tos-cn-ve-51/oktCIEejZiJQXdGbiwsUDg17UIvqfKABAeotxC?a=1402&ch=0&cr=0&dr=3&cd=0%7C0%7C0%7C0&cv=1&br=1088&bt=1088&cs=0&ds=4&ft=J9ThAGkHH_Myq8ZgQK4_e2NvjTQ&mime_type=video_mp4&qs=0&rc=NXZpTGRTaFBnKWxncmd5aHFsc3IxZGZkZTw5NjlmNzY3aDU8ZTM2QGkzN3E6Z286dmY8MzM0NjMzQFNsa3ZpcUQ6amtqXmJmK2BeaWpgYTojXzAtMzU1Xl5gMTNiMzMyNGEjaXJyLWFhXnJgYS0tZDAvc3M%3D&btag=80000e00008000&dy_q=1784944117&feature_id=d6a18d7c5414b1f1e95a75faf9147845&l=20260725094836ECF5C6494D18AAC37DB8&ply_type=3&policy=eyJ2bSI6MywidWlkIjoiMzEyOTY1MDYwMzg4ODE4NSJ9,未使用,审核通过,首发,3,--,1.9,58,2,3.45,0.95,32.76,0,0,0,0,0,0,0,0,0
	7664925183753125914,0720-瑞晨引流-1.mp4,https://video-cn.oceanengine.com/ffa23a00327edb7774af8ddc4aa5fa0a/6a66b904/tos-cn-ve-51/oQCCU1gs1IyLuf3CAmagNINk7BRyqCAQ29geDX?a=1402&ch=0&cr=0&dr=3&cd=0%7C0%7C0%7C0&br=526&bt=526&cs=0&ds=3&ft=J9ThAGkHH_Myq8ZgQK4_e2NvjTQ&mime_type=video_mp4&qs=0&rc=NXZpTGRTaFBnKWxncmd5aHFsc3IxZGYzZ2Y2NmVkPDo6PGY0OTo1QGlqdzhtZ286PG88MzM0NjMzQFNsa3ZpcUQ6amtqXmJmK2BeaWpgYTojYDBhMi9gLTZiMTBjMi5fM2EjbzNscWFhLy5jYS0tZDBhc3M%3D&btag=80000e00010000&dy_q=1784944117&feature_id=d6a18d7c5414b1f1e95a75faf9147845&l=20260725094836ECF5C6494D18AAC37DB8&ply_type=3&policy=eyJ2bSI6MywidWlkIjoiMzEyOTY1MDYwMzg4ODE4NSJ9,已使用,审核通过,--,2,--,0.21,3,0,0,0,70,0,0,0,0,0,0,0,0,0
	7662989656637423654,0715瑞晨引流修改-4.mp4,https://video-cn.oceanengine.com/5667c5350434f7cb520bba726daa56f5/6a66b8fe/tos-cn-ve-51/owalYIVHaS1ChhTPCUBAQd2TzuyoW0AItQodE?a=1402&ch=0&cr=0&dr=3&cd=0%7C0%7C0%7C0&cv=1&br=2001&bt=2001&cs=0&ds=3&ft=J9ThAGkHH_Myq8ZgQK4_e2NvjTQ&mime_type=video_mp4&qs=0&rc=NXZpTGRTaFBnKWxncmd5aHFsc3IxZGY1Njo6NTk0OTg4NjxmOjQ5QGkzbzkzO286aDk8MzM0NjMzQFNsa3ZpcUQ6amtqXmJmK2BeaWpgYTojM2MuNTIvMTUyMTRiLjQvMmEjNjBkbWFhbmVgYS0tZDBhc3M%3D&btag=80000e00008000&dy_q=1784944117&feature_id=d6a18d7c5414b1f1e95a75faf9147845&l=20260725094836ECF5C6494D18AAC37DB8&ply_type=3&policy=eyJ2bSI6MywidWlkIjoiMzEyOTY1MDYwMzg4ODE4NSJ9,未使用,审核通过,--,6,--,4,148,6,4.05,0.67,27.03,0,0,0,0,0,0,0,0,0
	7664925165076463667,0720-瑞晨引流-5.mp4,https://video-cn.oceanengine.com/0d2564b502aa7ed6a8b9e9ff75ea3763/6a66b904/tos-cn-ve-51/oYeSgX1A9RqFa11CWDRBNykfXU0mo1D9A2AMRg?a=1402&ch=0&cr=0&dr=3&cd=0%7C0%7C0%7C0&br=768&bt=768&cs=0&ds=3&ft=J9ThAGkHH_Myq8ZgQK4_e2NvjTQ&mime_type=video_mp4&qs=0&rc=NXZpTGRTaFBnKWxncmd5aHFsc3IxZGZlOzw8NTw1OGRnM2ZlPDU2QGlqd3c8OG86PG88MzM0NjMzQFNsa3ZpcUQ6amtqXmJmK2BeaWpgYTojMS40LjYzXl4wMWIwYmMyYGEjLm4yM2FhLy5jYS0tZDAwc3M%3D&btag=80000e00010000&dy_q=1784944117&feature_id=d6a18d7c5414b1f1e95a75faf9147845&l=20260725094836ECF5C6494D18AAC37DB8&ply_type=3&policy=eyJ2bSI6MywidWlkIjoiMzEyOTY1MDYwMzg4ODE4NSJ9,已使用,审核通过,--,2,--,0.13,5,0,0,0,26,0,0,0,0,0,0,0,0,0
	7662638633062187046,0714-引流-魏怡-5.mp4,https://video-cn.oceanengine.com/ae6a067169403c87460e2133780802bd/6a66b919/tos-cn-ve-51/o4Ous3QI7qaAKm4t5eAKi1USIGlgmBgsQhuYIq?a=1402&ch=0&cr=0&dr=3&cd=0%7C0%7C0%7C0&cv=1&br=753&bt=753&cs=0&ds=3&ft=J9ThAGkHH_Myq8ZgQK4_e2NvjTQ&mime_type=video_mp4&qs=0&rc=NXZpTGRTaFBnKWxncmd5aHFsc3IxZGY2ZDozOGZpZGY1aWVnPDc1QGkzZmk8N286b2w8MzM0NjMzQFNsa3ZpcUQ6amtqXmJmK2BeaWpgYTojYS5fYjFhYV8yMS81MWEtNGEjX15fNmFhL2ZfYS0tZDBhc3M%3D&btag=80000e00018000&dy_q=1784944117&feature_id=d6a18d7c5414b1f1e95a75faf9147845&l=20260725094836ECF5C6494D18AAC37DB8&ply_type=3&policy=eyJ2bSI6MywidWlkIjoiMzEyOTY1MDYwMzg4ODE4NSJ9,已使用,审核通过,--,8,--,17.55,502,14,2.79,1.25,34.96,0,0,0,0,0,0,0,0,0
	7664926038411853874,0720-引流-魏怡-10.mp4,https://video-cn.oceanengine.com/2b025f5259949f6b46bfcea60317a35a/6a66b90d/tos-cn-ve-51/oAqfeGKKRCwvegtUgjbUGiaBoPukqA5OAjAQ1U?a=1402&ch=0&cr=0&dr=3&cd=0%7C0%7C0%7C0&br=1388&bt=1388&cs=0&ds=3&ft=J9ThAGkHH_Myq8ZgQK4_e2NvjTQ&mime_type=video_mp4&qs=0&rc=NXZpTGRTaFBnKWxncmd5aHFsc3IxZGZkZmdlN2VkODVlMzw2NTRpQGlqaHg5ZW86c288MzM0NjMzQFNsa3ZpcUQ6amtqXmJmK2BeaWpgYTojXjU0MzNfMjVgMV4xLWEtNWEjYGxiXmFhXjBjYS0tZDAwc3M%3D&btag=80000e00010000&dy_q=1784944117&feature_id=d6a18d7c5414b1f1e95a75faf9147845&l=20260725094836ECF5C6494D18AAC37DB8&ply_type=3&policy=eyJ2bSI6MywidWlkIjoiMzEyOTY1MDYwMzg4ODE4NSJ9,未使用,审核通过,--,2,--,0.54,10,0,0,0,54,0,0,0,0,0,0,0,0,0
	7663055144947695643,0714-引导-雅迪-1-改.mp4,https://video-cn.oceanengine.com/9fd96d772ecd21284de9820a7845a3a9/6a66b916/tos-cn-ve-51/ooxBPG8BmImANhfIQaQg3ma15QOt7gZFAQVISL?a=1402&ch=0&cr=0&dr=3&cd=0%7C0%7C0%7C0&br=841&bt=841&cs=0&ds=3&ft=J9ThAGkHH_Myq8ZgQK4_e2NvjTQ&mime_type=video_mp4&qs=0&rc=NXZpTGRTaFBnKWxncmd5aHFsc3IxZGY4PDhkNjZoO2UzOzU8ZGY5QGlqOmZwO286ZmQ8MzM0NjMzQFNsa3ZpcUQ6amtqXmJmK2BeaWpgYTojNDAxNTUzNV41MS8zYTAyL2EjZy5yNmFhZjVgYS0tZDAwc3M%3D&btag=80000e00018000&dy_q=1784944117&feature_id=d6a18d7c5414b1f1e95a75faf9147845&l=20260725094836ECF5C6494D18AAC37DB8&ply_type=3&policy=eyJ2bSI6MywidWlkIjoiMzEyOTY1MDYwMzg4ODE4NSJ9,未使用,审核通过,首发,4,--,0.49,38,0,0,0,12.89,0,0,0,0,0,0,0,0,0
	7661187009408008233,微信视频_20260711163659.mp4,https://video-cn.oceanengine.com/39e5aaba2c97829bd36d8dcd93c936b6/6a66b91a/tos-cn-ve-51/o8AIVJEAIali9I9dA3EzaVdQtXIgvEwQWmUgJ?a=1402&ch=0&cr=0&dr=3&cd=0%7C0%7C0%7C0&cv=1&br=908&bt=908&cs=0&ds=3&ft=J9ThAGkHH_Myq8ZgQK4_e2NvjTQ&mime_type=video_mp4&qs=0&rc=NXZpTGRTaFBnKWxncmd5aHFsc3IxZGY2ODM6aGg0NTw3Nmg4OTYzQGkzajt1NW86OXk8MzM0NjMzQFNsa3ZpcUQ6amtqXmJmK2BeaWpgYTojNV4uYjA0Ml4xMTA2YTUwMWEjL2VvMWFhXmNeYS0tZDAvc3M%3D&btag=80000e00018000&dy_q=1784944117&feature_id=d6a18d7c5414b1f1e95a75faf9147845&l=20260725094836ECF5C6494D18AAC37DB8&ply_type=3&policy=eyJ2bSI6MywidWlkIjoiMzEyOTY1MDYwMzg4ODE4NSJ9,已使用,审核通过,优质,17,--,542.41,32438,474,1.46,1.14,16.72,31,17.5,6.54,0,0,0,0,3,0
	7664925184852197385,0720-瑞晨引流-2.mp4,https://video-cn.oceanengine.com/c4b9ce2b86fb86d13c702124351c2493/6a66b904/tos-cn-ve-51/o8aYfLIhgJT61tCBDEBAAShE7LIAUQZQmLCzuz?a=1402&ch=0&cr=0&dr=3&cd=0%7C0%7C0%7C0&br=720&bt=720&cs=0&ds=3&ft=J9ThAGkHH_Myq8ZgQK4_e2NvjTQ&mime_type=video_mp4&qs=0&rc=NXZpTGRTaFBnKWxncmd5aHFsc3IxZGZlO2Y7ZTo1Njw0ZmU8aDhmQGkzPGw2M286PG88MzM0NjMzQFNsa3ZpcUQ6amtqXmJmK2BeaWpgYTojNS40YzNiNjYyMWM2M2IuNmEjZV8xamFhLy5jYS0tZDAvc3M%3D&btag=80000e00010000&dy_q=1784944117&feature_id=d6a18d7c5414b1f1e95a75faf9147845&l=20260725094836ECF5C6494D18AAC37DB8&ply_type=3&policy=eyJ2bSI6MywidWlkIjoiMzEyOTY1MDYwMzg4ODE4NSJ9,已使用,审核通过,--,2,--,0.25,7,1,14.29,0.25,35.71,0,0,0,0,0,0,0,0,0
	7664925453538852910,0720-瑞晨引流-4.mp4,https://video-cn.oceanengine.com/33d286ed23e30d1ee11bdff0272d4056/6a66b904/tos-cn-ve-51/okImhh1A602uxS4faAQodLtyXCgABQIY7UBMsL?a=1402&ch=0&cr=0&dr=3&cd=0%7C0%7C0%7C0&br=566&bt=566&cs=0&ds=3&ft=J9ThAGkHH_Myq8ZgQK4_e2NvjTQ&mime_type=video_mp4&qs=0&rc=NXZpTGRTaFBnKWxncmd5aHFsc3IxZGY0Nzk1aDQ3Z2Q2Omg6ODs5QGkzaDZvZm86PG88MzM0NjMzQFNsa3ZpcUQ6amtqXmJmK2BeaWpgYTojYDYyMDY2MzZfMV9fMTM0Y2EjcjVkX2FhLy5jYS0tZDAvc3M%3D&btag=80000e00010000&dy_q=1784944117&feature_id=d6a18d7c5414b1f1e95a75faf9147845&l=20260725094836ECF5C6494D18AAC37DB8&ply_type=3&policy=eyJ2bSI6MywidWlkIjoiMzEyOTY1MDYwMzg4ODE4NSJ9,未使用,审核通过,--,3,--,0.13,2,0,0,0,65,0,0,0,0,0,0,0,0,0
	7664925203185598515,0720-瑞晨引流-7.mp4,https://video-cn.oceanengine.com/37b8dd018c08b842f6d0887cf47e4ed2/6a66b904/tos-cn-ve-51/oEOL1fC21kQIXDLqA1gINU3ajRS8SqDCA1eBgg?a=1402&ch=0&cr=0&dr=3&cd=0%7C0%7C0%7C0&br=987&bt=987&cs=0&ds=3&ft=J9ThAGkHH_Myq8ZgQK4_e2NvjTQ&mime_type=video_mp4&qs=0&rc=NXZpTGRTaFBnKWxncmd5aHFsc3IxZGY6MzllZzw6NjZlM2lnZTc1QGlqNWVxNm86PG88MzM0NjMzQFNsa3ZpcUQ6amtqXmJmK2BeaWpgYTojYS41LTRhLV8vMTRiLi1hMGEjNGRiamFhLy5jYS0tZDAvc3M%3D&btag=80000e00010000&dy_q=1784944117&feature_id=d6a18d7c5414b1f1e95a75faf9147845&l=20260725094836ECF5C6494D18AAC37DB8&ply_type=3&policy=eyJ2bSI6MywidWlkIjoiMzEyOTY1MDYwMzg4ODE4NSJ9,已使用,审核通过,--,2,--,0.63,6,0,0,0,105,0,0,0,0,0,0,0,0,0
	7662604446477156362,0714-瑞晨引导-11.mp4,https://video-cn.oceanengine.com/7bd2ca3777ac869f2582a31545b01d6c/6a66b8ff/tos-cn-ve-51/oE1ouMRogd5wqaDDGxfBAuNI2VIAFQIgNTq8Qf?a=1402&ch=0&cr=0&dr=3&cd=0%7C0%7C0%7C0&br=1551&bt=1551&cs=0&ds=3&ft=J9ThAGkHH_Myq8ZgQK4_e2NvjTQ&mime_type=video_mp4&qs=0&rc=NXZpTGRTaFBnKWxncmd5aHFsc3IxZGY8ZjY3NTM6OmgzNmVoPDRmQGkzdnQ0aW86ZWo8MzM0NjMzQFNsa3ZpcUQ6amtqXmJmK2BeaWpgYTojXi8uXzEzYDU0MTJhNGMtYWEjZmcubmFhZmhfYS0tZDBhc3M%3D&btag=80000e00008000&dy_q=1784944117&feature_id=d6a18d7c5414b1f1e95a75faf9147845&l=20260725094836ECF5C6494D18AAC37DB8&ply_type=3&policy=eyJ2bSI6MywidWlkIjoiMzEyOTY1MDYwMzg4ODE4NSJ9,未使用,审核通过,首发,7,--,2.67,44,2,4.55,1.34,60.68,0,0,0,0,0,0,0,0,0
	7662602421135540270,0714-引导-嘉丽-2.mp4,https://video-cn.oceanengine.com/b11a465e7b976a2987355502e3586cb9/6a66b900/tos-cn-ve-51/ocIUI6tTL7hxtxmXgQaAEQKPmf1QCA5BB476IZ?a=1402&ch=0&cr=0&dr=3&cd=0%7C0%7C0%7C0&br=852&bt=852&cs=0&ds=3&ft=J9ThAGkHH_Myq8ZgQK4_e2NvjTQ&mime_type=video_mp4&qs=0&rc=NXZpTGRTaFBnKWxncmd5aHFsc3IxZGY2M2k8NTs1ZGc7ODdmZTk0QGkzazx4Om86cmo8MzM0NjMzQFNsa3ZpcUQ6amtqXmJmK2BeaWpgYTojNTI0NGAzMzU2MTUwYWI1NWEjcTZzc2FhZmRfYS0tZDAwc3M%3D&btag=80000e00008000&dy_q=1784944117&feature_id=d6a18d7c5414b1f1e95a75faf9147845&l=20260725094836ECF5C6494D18AAC37DB8&ply_type=3&policy=eyJ2bSI6MywidWlkIjoiMzEyOTY1MDYwMzg4ODE4NSJ9,未使用,审核通过,首发,6,--,0.82,44,0,0,0,18.64,0,0,0,0,0,0,0,0,0
	7663055198366597171,0716-引流-魏怡-5.mp4,https://video-cn.oceanengine.com/0b0670f30ec1002f46bd8e78e0ba3b6c/6a66b903/tos-cn-ve-51/o8ILaIHdB7yhEFpfxQ1QtAmYIKmFAoBPpAqCQR?a=1402&ch=0&cr=0&dr=3&cd=0%7C0%7C0%7C0&cv=1&br=1482&bt=1482&cs=0&ds=3&ft=J9ThAGkHH_Myq8ZgQK4_e2NvjTQ&mime_type=video_mp4&qs=0&rc=NXZpTGRTaFBnKWxncmd5aHFsc3IxZGYzNWg5ZjU8Omg7NTc0NDRmQGlqeTNmNm86aGQ8MzM0NjMzQFNsa3ZpcUQ6amtqXmJmK2BeaWpgYTojYDM0Y18tM19eMTJiYmEzMmEjNC5tcGFhZjVgYS0tZDAvc3M%3D&btag=80000e00010000&dy_q=1784944117&feature_id=d6a18d7c5414b1f1e95a75faf9147845&l=20260725094836ECF5C6494D18AAC37DB8&ply_type=3&policy=eyJ2bSI6MywidWlkIjoiMzEyOTY1MDYwMzg4ODE4NSJ9,未使用,审核通过,--,2,--,11.59,435,26,5.98,0.45,26.64,1,11.59,3.85,0,0,0,0,0,0
	7663055203151855666,0716-引导-小敏-2.mp4,https://video-cn.oceanengine.com/ab2675aa26183c76339ab89272a21e0d/6a66b8fe/tos-cn-ve-51/o0rvEILd5dIGpCYQAiaNEsGkxlzOAWBIoKwtA?a=1402&ch=0&cr=0&dr=3&cd=0%7C0%7C0%7C0&br=822&bt=822&cs=0&ds=3&ft=J9ThAGkHH_Myq8ZgQK4_e2NvjTQ&mime_type=video_mp4&qs=0&rc=NXZpTGRTaFBnKWxncmd5aHFsc3IxZGZlaGhkaTppNGZnaDk7ZzVmQGlqOWRsZm86ZWQ8MzM0NjMzQFNsa3ZpcUQ6amtqXmJmK2BeaWpgYTojNGMuYDE1L19fMTAtMDVfNWEjaWQuLWFhLzVgYS0tZDAwc3M%3D&btag=80000e00008000&dy_q=1784944117&feature_id=d6a18d7c5414b1f1e95a75faf9147845&l=20260725094836ECF5C6494D18AAC37DB8&ply_type=3&policy=eyJ2bSI6MywidWlkIjoiMzEyOTY1MDYwMzg4ODE4NSJ9,未使用,审核通过,--,2,--,1.26,52,4,7.69,0.32,24.23,0,0,0,0,0,0,0,0,0
	7662604298522837042,0714-瑞晨引导-1.mp4,https://video-cn.oceanengine.com/97dee0d6fbc6228adf2df3e97c95909f/6a66b904/tos-cn-ve-51/oMAtADoqC2ugGN2IoMuRBaOVC1UsUwQj3f8Jeg?a=1402&ch=0&cr=0&dr=3&cd=0%7C0%7C0%7C0&br=1728&bt=1728&cs=0&ds=4&ft=J9ThAGkHH_Myq8ZgQK4_e2NvjTQ&mime_type=video_mp4&qs=0&rc=NXZpTGRTaFBnKWxncmd5aHFsc3IxZGY6PGQ8aThoOzQ0ZDM3ZWc8QGkzdW1tO286ZWo8MzM0NjMzQFNsa3ZpcUQ6amtqXmJmK2BeaWpgYTojXjYwMGFfX15gMV5gNjAvXmEjZ3BsbmFhZmhfYS0tZDAvc3M%3D&btag=80000e00010000&dy_q=1784944117&feature_id=d6a18d7c5414b1f1e95a75faf9147845&l=20260725094836ECF5C6494D18AAC37DB8&ply_type=3&policy=eyJ2bSI6MywidWlkIjoiMzEyOTY1MDYwMzg4ODE4NSJ9,未使用,审核通过,--,2,--,0.44,38,1,2.63,0.44,11.58,0,0,0,0,0,0,0,0,0
	7664925157362647090,0720-瑞晨引流-10.mp4,https://video-cn.oceanengine.com/7cb8dc74a8c7b37fcc3a920646c2b827/6a66b904/tos-cn-ve-51/o0LB0I6fEQyma1EIggM7ASAhUALtQO2z1IhpRK?a=1402&ch=0&cr=0&dr=3&cd=0%7C0%7C0%7C0&br=1099&bt=1099&cs=0&ds=3&ft=J9ThAGkHH_Myq8ZgQK4_e2NvjTQ&mime_type=video_mp4&qs=0&rc=NXZpTGRTaFBnKWxncmd5aHFsc3IxZGZkNTpnOzNkZDY2aTRpZDw0QGkzNzNoOW86PG88MzM0NjMzQFNsa3ZpcUQ6amtqXmJmK2BeaWpgYTojNjMuMTUzX14xMTVgL2BhMWEjYTFiXmFhLy5jYS0tZDAvc3M%3D&btag=80000e00010000&dy_q=1784944117&feature_id=d6a18d7c5414b1f1e95a75faf9147845&l=20260725094836ECF5C6494D18AAC37DB8&ply_type=3&policy=eyJ2bSI6MywidWlkIjoiMzEyOTY1MDYwMzg4ODE4NSJ9,已使用,审核通过,--,2,--,0.02,4,0,0,0,5,0,0,0,0,0,0,0,0,0
	7662989817081184266,0715瑞晨引流修改-3.mp4,https://video-cn.oceanengine.com/79a469c7dafb1b463f1eeab89ed1101b/6a66b918/tos-cn-ve-51/osR9we7AAgB260g6eo13NqIcWQOij0N0Ga8DCE?a=1402&ch=0&cr=0&dr=3&cd=0%7C0%7C0%7C0&br=1739&bt=1739&cs=0&ds=3&ft=J9ThAGkHH_Myq8ZgQK4_e2NvjTQ&mime_type=video_mp4&qs=0&rc=NXZpTGRTaFBnKWxncmd5aHFsc3IxZGY7aDc5aDplN2ZkOjM0ODVnQGkzdXVqaW86aDk8MzM0NjMzQFNsa3ZpcUQ6amtqXmJmK2BeaWpgYTojLy02NjEzMV8zMTAvMS0uYGEjc2hnYmFhbmVgYS0tZDBhc3M%3D&btag=80000e00018000&dy_q=1784944117&feature_id=d6a18d7c5414b1f1e95a75faf9147845&l=20260725094836ECF5C6494D18AAC37DB8&ply_type=3&policy=eyJ2bSI6MywidWlkIjoiMzEyOTY1MDYwMzg4ODE4NSJ9,未使用,审核通过,--,2,--,2.53,61,0,0,0,41.48,0,0,0,0,0,0,0,0,0
	7662705344263782427,0715-引流-魏怡-4.mp4,https://video-cn.oceanengine.com/7edd227bad11f1fa430ec05aa7449728/6a66b905/tos-cn-ve-51/okuWWGjDNIGAGCORfaQgCQ1qjfIa2AE2BgNYzV?a=1402&ch=0&cr=0&dr=3&cd=0%7C0%7C0%7C0&br=1590&bt=1590&cs=0&ds=3&ft=J9ThAGkHH_Myq8ZgQK4_e2NvjTQ&mime_type=video_mp4&qs=0&rc=NXZpTGRTaFBnKWxncmd5aHFsc3IxZGY3Ojs7PGdnZTQ3ZWg2aDNnQGkzZTNqaW86NHA8MzM0NjMzQFNsa3ZpcUQ6amtqXmJmK2BeaWpgYTojYTEuM2EvMV5gMWM2MF5iNWEjL2o2ZWFhL2BfYS0tZDAvc3M%3D&btag=80000e00010000&dy_q=1784944117&feature_id=d6a18d7c5414b1f1e95a75faf9147845&l=20260725094836ECF5C6494D18AAC37DB8&ply_type=3&policy=eyJ2bSI6MywidWlkIjoiMzEyOTY1MDYwMzg4ODE4NSJ9,未使用,审核通过,--,4,--,2.02,97,2,2.06,1.01,20.82,0,0,0,0,0,0,0,0,0
	7663055229525753882,0716-引导-魏怡-4.mp4,https://video-cn.oceanengine.com/1d6c07eadd0efb2084ff813fb419faf4/6a66b909/tos-cn-ve-51/ogexyeAsjAQWXhiagqbUOMCmStBG1GMH5UIIft?a=1402&ch=0&cr=0&dr=3&cd=0%7C0%7C0%7C0&br=1661&bt=1661&cs=0&ds=3&ft=J9ThAGkHH_Myq8ZgQK4_e2NvjTQ&mime_type=video_mp4&qs=0&rc=NXZpTGRTaFBnKWxncmd5aHFsc3IxZGY6OzY6OzRpZDNmaDg8NDQ5QGlqeXhsZ286aGQ8MzM0NjMzQFNsa3ZpcUQ6amtqXmJmK2BeaWpgYTojNmA2MzJeYjU1MTEvYjMtMmEjNjBia2FhXjVgYS0tZDAwc3M%3D&btag=80000e00010000&dy_q=1784944117&feature_id=d6a18d7c5414b1f1e95a75faf9147845&l=20260725094836ECF5C6494D18AAC37DB8&ply_type=3&policy=eyJ2bSI6MywidWlkIjoiMzEyOTY1MDYwMzg4ODE4NSJ9,未使用,审核通过,--,2,--,0.28,20,0,0,0,14,0,0,0,0,0,0,0,0,0
	7664925158484607003,0720-瑞晨引流-8.mp4,https://video-cn.oceanengine.com/cb7539689a54235a2075b4138190ede9/6a66b904/tos-cn-ve-51/oQX9gg12zeGIeDJeBAqARFv1bsUAoClGFqtSjA?a=1402&ch=0&cr=0&dr=3&cd=0%7C0%7C0%7C0&br=747&bt=747&cs=0&ds=3&ft=J9ThAGkHH_Myq8ZgQK4_e2NvjTQ&mime_type=video_mp4&qs=0&rc=NXZpTGRTaFBnKWxncmd5aHFsc3IxZGZoNmhpaWY8OGg2N2hmOTRoQGkzamxzaG86PG88MzM0NjMzQFNsa3ZpcUQ6amtqXmJmK2BeaWpgYTojXmIwYGFjYjU2MTAwNTBeMmEjcHJwamFhLy5jYS0tZDAwc3M%3D&btag=80000e00010000&dy_q=1784944117&feature_id=d6a18d7c5414b1f1e95a75faf9147845&l=20260725094836ECF5C6494D18AAC37DB8&ply_type=3&policy=eyJ2bSI6MywidWlkIjoiMzEyOTY1MDYwMzg4ODE4NSJ9,已使用,审核通过,--,2,--,0.14,9,0,0,0,15.56,0,0,0,0,0,0,0,0,0
	7662602318490189862,0714-引导-小敏-2.mp4,https://video-cn.oceanengine.com/e4954a819fd0b35248b299f56f33e4d1/6a66b904/tos-cn-ve-51/oETTYtClrkEzlCEaIccPzAQJdWzOtIQAIIVXG?a=1402&ch=0&cr=0&dr=3&cd=0%7C0%7C0%7C0&br=1254&bt=1254&cs=0&ds=3&ft=J9ThAGkHH_Myq8ZgQK4_e2NvjTQ&mime_type=video_mp4&qs=0&rc=NXZpTGRTaFBnKWxncmd5aHFsc3IxZGY0NGZlZjk7aWc7Omg6Njg5QGlqOWZsZW86cmo8MzM0NjMzQFNsa3ZpcUQ6amtqXmJmK2BeaWpgYTojLjUzNjRjNl9fMTQvMTUvYWEjbXBiNGFhZmRfYS0tZDBhc3M%3D&btag=80000e00010000&dy_q=1784944117&feature_id=d6a18d7c5414b1f1e95a75faf9147845&l=20260725094836ECF5C6494D18AAC37DB8&ply_type=3&policy=eyJ2bSI6MywidWlkIjoiMzEyOTY1MDYwMzg4ODE4NSJ9,未使用,审核通过,首发,4,--,1.25,37,0,0,0,33.78,0,0,0,0,0,0,0,0,0
	7662604418197995571,0714-瑞晨引导-2.mp4,https://video-cn.oceanengine.com/9fa4c93c7a2edaf4f24e8fdfb38cfc66/6a66b904/tos-cn-ve-51/oEcBAQ4CIdwXPpLW0NKWmALEzQaCIQytkhWli?a=1402&ch=0&cr=0&dr=3&cd=0%7C0%7C0%7C0&br=648&bt=648&cs=0&ds=3&ft=J9ThAGkHH_Myq8ZgQK4_e2NvjTQ&mime_type=video_mp4&qs=0&rc=NXZpTGRTaFBnKWxncmd5aHFsc3IxZGY6ZTU1M2k5ZmU5NWRpOGk3QGkzbDc1NW86ZWo8MzM0NjMzQFNsa3ZpcUQ6amtqXmJmK2BeaWpgYTojNDEzMy41NDZgMWNeMzE0NWEjX3NwX2FhZmhfYS0tZDAwc3M%3D&btag=80000e00010000&dy_q=1784944117&feature_id=d6a18d7c5414b1f1e95a75faf9147845&l=20260725094836ECF5C6494D18AAC37DB8&ply_type=3&policy=eyJ2bSI6MywidWlkIjoiMzEyOTY1MDYwMzg4ODE4NSJ9,未使用,审核通过,--,2,--,3.01,21,0,0,0,143.33,0,0,0,0,0,0,0,0,0
	7664925189496602651,0720-瑞晨引流-6.mp4,https://video-cn.oceanengine.com/c4a972bbbcd3409e4f109c2a13f70f8a/6a66b904/tos-cn-ve-51/oYC8gRNy1ASqaafDkf2U1kQLXBDIl6ag0uNKCA?a=1402&ch=0&cr=0&dr=3&cd=0%7C0%7C0%7C0&br=620&bt=620&cs=0&ds=3&ft=J9ThAGkHH_Myq8ZgQK4_e2NvjTQ&mime_type=video_mp4&qs=0&rc=NXZpTGRTaFBnKWxncmd5aHFsc3IxZGZnNTY5ZTwzZWgzNmczZGQ5QGlqOXhxZ286PG88MzM0NjMzQFNsa3ZpcUQ6amtqXmJmK2BeaWpgYTojXjIwL18uM181MS1hXzIyM2Ejcm4yMWFhLy5jYS0tZDAwc3M%3D&btag=80000e00010000&dy_q=1784944117&feature_id=d6a18d7c5414b1f1e95a75faf9147845&l=20260725094836ECF5C6494D18AAC37DB8&ply_type=3&policy=eyJ2bSI6MywidWlkIjoiMzEyOTY1MDYwMzg4ODE4NSJ9,已使用,审核通过,--,2,--,0.15,18,1,5.56,0.15,8.33,0,0,0,0,0,0,0,0,0
	7662602433123483686,0714-引导-嘉丽-1.mp4,https://video-cn.oceanengine.com/fc21cd6446b4a4aa8775d269d4b41864/6a66b8ff/tos-cn-ve-51/o8daEzldDItYIkttvaHOQUMCCIAXWETc2XIkA?a=1402&ch=0&cr=0&dr=3&cd=0%7C0%7C0%7C0&br=356&bt=356&cs=0&ds=3&ft=J9ThAGkHH_Myq8ZgQK4_e2NvjTQ&mime_type=video_mp4&qs=0&rc=NXZpTGRTaFBnKWxncmd5aHFsc3IxZGZlaTM3ZWZoOjc8OjVlNzg7QGlqNztzZ286cmo8MzM0NjMzQFNsa3ZpcUQ6amtqXmJmK2BeaWpgYTojLy00NWJfMl4tMWNgLTViXmEjX2wta2FhZmRfYS0tZDBhc3M%3D&btag=80000e00008000&dy_q=1784944117&feature_id=d6a18d7c5414b1f1e95a75faf9147845&l=20260725094836ECF5C6494D18AAC37DB8&ply_type=3&policy=eyJ2bSI6MywidWlkIjoiMzEyOTY1MDYwMzg4ODE4NSJ9,未使用,审核通过,--,5,--,2.36,83,2,2.41,1.18,28.43,0,0,0,0,0,0,0,0,0
	7662989744205479974,0714瑞晨引流修改-15.mp4,https://video-cn.oceanengine.com/595b32ff71480056ac62e89d965b635d/6a66b902/tos-cn-ve-51/oMNfI7t46ChdmdLYAQaAERLbmK1QaApBCD7Doi?a=1402&ch=0&cr=0&dr=3&cd=0%7C0%7C0%7C0&cv=1&br=1764&bt=1764&cs=0&ds=3&ft=J9ThAGkHH_Myq8ZgQK4_e2NvjTQ&mime_type=video_mp4&qs=0&rc=NXZpTGRTaFBnKWxncmd5aHFsc3IxZGY6OmU5Njg3ODVkMzc0NGYzQGlqdzpqZ286aDk8MzM0NjMzQFNsa3ZpcUQ6amtqXmJmK2BeaWpgYTojYDNiY2I1LjU1MTViXzFiYmEjcXI1ZmFhbmVgYS0tZDAvc3M%3D&btag=80000e00008000&dy_q=1784944117&feature_id=d6a18d7c5414b1f1e95a75faf9147845&l=20260725094836ECF5C6494D18AAC37DB8&ply_type=3&policy=eyJ2bSI6MywidWlkIjoiMzEyOTY1MDYwMzg4ODE4NSJ9,未使用,审核通过,首发,8,--,6.43,311,9,2.89,0.71,20.68,0,0,0,0,0,0,0,0,0
	7665242096884973618,0713-引导-小敏-5.mp4,https://video-cn.oceanengine.com/c6892425f2241ac8f1b3bf85a16fc304/6a66b903/tos-cn-ve-51/owBDQRJi1AZqaDfDng2aGJIUYBDEeK2gOmNqkA?a=1402&ch=0&cr=0&dr=3&cd=0%7C0%7C0%7C0&br=581&bt=581&cs=0&ds=3&ft=J9ThAGkHH_Myq8ZgQK4_e2NvjTQ&mime_type=video_mp4&qs=0&rc=NXZpTGRTaFBnKWxncmd5aHFsc3IxZGZnaGU1aDg4Ojc8Ozw7ZjQ3QGkzPHluNm86PDk8MzM0NjMzQFNsa3ZpcUQ6amtqXmJmK2BeaWpgYTojXl42Ml4uNTY2MTQzYV4wMmEjMmBfa2FhbmZkYS0tZDAwc3M%3D&btag=80000200010000&dy_q=1784944117&feature_id=d6a18d7c5414b1f1e95a75faf9147845&l=20260725094836ECF5C6494D18AAC37DB8&ply_type=3&policy=eyJ2bSI6MywidWlkIjoiMzEyOTY1MDYwMzg4ODE4NSJ9,未使用,审核不通过,--,0,--,0,0,0,0,0,0,0,0,0,0,0,0,0,0,0
	7662213071909732378,0713-引导-小敏-1.mp4,https://video-cn.oceanengine.com/dc795681cde8cd95d0d19db2233d187d/6a66b904/tos-cn-ve-51/oQnQDEBTg51AhWEagwioAiMBmgVB4QSmKIfdia?a=1402&ch=0&cr=0&dr=3&cd=0%7C0%7C0%7C0&cv=1&br=874&bt=874&cs=0&ds=3&ft=J9ThAGkHH_Myq8ZgQK4_e2NvjTQ&mime_type=video_mp4&qs=0&rc=NXZpTGRTaFBnKWxncmd5aHFsc3IxZGY7Zjs2OzQ3ZjQ1NTVlO2c5QGlqdGQ7czlyPDk8MzM0NjMzQFNsa3ZpcUQ6amtqXmJmK2BeaWpgYTojYjQ2X2JhY180MS4wNTA1NmEjZDEucDJkc2ZkYS0tZDBhc3M%3D&btag=80000e00010000&dy_q=1784944117&feature_id=d6a18d7c5414b1f1e95a75faf9147845&l=20260725094836ECF5C6494D18AAC37DB8&ply_type=3&policy=eyJ2bSI6MywidWlkIjoiMzEyOTY1MDYwMzg4ODE4NSJ9,已使用,审核通过,--,1,--,0,0,0,0,0,0,0,0,0,0,0,0,0,0,0
	7664925207200579630,0720-瑞晨引流-9.mp4,https://video-cn.oceanengine.com/2b745a33bf2f019956f924c17d00b4d8/6a66b904/tos-cn-ve-51/ooFKAoJeTYAXoMJifUslEtSA1ZMAUJefiO4deg?a=1402&ch=0&cr=0&dr=3&cd=0%7C0%7C0%7C0&br=643&bt=643&cs=0&ds=3&ft=J9ThAGkHH_Myq8ZgQK4_e2NvjTQ&mime_type=video_mp4&qs=0&rc=NXZpTGRTaFBnKWxncmd5aHFsc3IxZGZoaDk5Ozg3MztoOTVpaTVoQGlqNTp2bDlyPG88MzM0NjMzQFNsa3ZpcUQ6amtqXmJmK2BeaWpgYTojNi0vNTVeMzVjMTBeNTYvLmEjZDBgXzJkNC5jYS0tZDBhc3M%3D&btag=80000e00010000&dy_q=1784944117&feature_id=d6a18d7c5414b1f1e95a75faf9147845&l=20260725094836ECF5C6494D18AAC37DB8&ply_type=3&policy=eyJ2bSI6MywidWlkIjoiMzEyOTY1MDYwMzg4ODE4NSJ9,已使用,审核通过,--,2,--,0,0,0,0,0,0,0,0,0,0,0,0,0,0,0
	7664925388346507310,0720-浩正引导-5.mp4,https://video-cn.oceanengine.com/06a8fe02f34df6db070366623cb3ae46/6a66b900/tos-cn-ve-51/ogI1admqBbaLDfO7qUti4QPYgEv1IQAF6ARhsA?a=1402&ch=0&cr=0&dr=3&cd=0%7C0%7C0%7C0&br=379&bt=379&cs=0&ds=3&ft=J9ThAGkHH_Myq8ZgQK4_e2NvjTQ&mime_type=video_mp4&qs=0&rc=NXZpTGRTaFBnKWxncmd5aHFsc3IxZGY0aDNlNjlnaDg6Njw8NjM3QGkzMzk5NW86dm88MzM0NjMzQFNsa3ZpcUQ6amtqXmJmK2BeaWpgYTojLjEyXl4vMV5gMTY0LzJjYGEjLnFob2FhLy9jYS0tZDAwc3M%3D&btag=80000e00008000&dy_q=1784944117&feature_id=d6a18d7c5414b1f1e95a75faf9147845&l=20260725094836ECF5C6494D18AAC37DB8&ply_type=3&policy=eyJ2bSI6MywidWlkIjoiMzEyOTY1MDYwMzg4ODE4NSJ9,已使用,审核通过,--,1,--,0,0,0,0,0,0,0,0,0,0,0,0,0,0,0
	7664925385851191305,0720-浩正引导-6.mp4,https://video-cn.oceanengine.com/848bd56df781a7772004a2104b64f89a/6a66b909/tos-cn-ve-51/oQa7aU3YQudBhTLA1fxaIgymi4Atgh6QE0P1IT?a=1402&ch=0&cr=0&dr=3&cd=0%7C0%7C0%7C0&br=907&bt=907&cs=0&ds=3&ft=J9ThAGkHH_Myq8ZgQK4_e2NvjTQ&mime_type=video_mp4&qs=0&rc=NXZpTGRTaFBnKWxncmd5aHFsc3IxZGZnNzc0O2dpNjtlNWk0aTRlQGlqdG9saG86dm88MzM0NjMzQFNsa3ZpcUQ6amtqXmJmK2BeaWpgYTojXzMvYWNjYl8wMS02M2IwX2EjcGthb2FhLy9jYS0tZDAwc3M%3D&btag=80000e00010000&dy_q=1784944117&feature_id=d6a18d7c5414b1f1e95a75faf9147845&l=20260725094836ECF5C6494D18AAC37DB8&ply_type=3&policy=eyJ2bSI6MywidWlkIjoiMzEyOTY1MDYwMzg4ODE4NSJ9,已使用,审核通过,--,1,--,0,0,0,0,0,0,0,0,0,0,0,0,0,0,0
	7664925370136707098,0720-浩正引导-2.mp4,https://video-cn.oceanengine.com/78978d6650c262a8484f20c89f76166a/6a66b91e/tos-cn-ve-51/o4uiQhWQ4aAaU3NDU6tMAm1gyBdQAAlLIPIwf7?a=1402&ch=0&cr=0&dr=3&cd=0%7C0%7C0%7C0&br=1330&bt=1330&cs=0&ds=3&ft=J9ThAGkHH_Myq8ZgQK4_e2NvjTQ&mime_type=video_mp4&qs=0&rc=NXZpTGRTaFBnKWxncmd5aHFsc3IxZGY0PDZkZjNpaDg4aTpnNThlQGlqM3g5OW86dm88MzM0NjMzQFNsa3ZpcUQ6amtqXmJmK2BeaWpgYTojXy80MmI1NjY1MWI0NS82MWEjMnFwMWFhLy9jYS0tZDAvc3M%3D&btag=80000e00018000&dy_q=1784944117&feature_id=d6a18d7c5414b1f1e95a75faf9147845&l=20260725094836ECF5C6494D18AAC37DB8&ply_type=3&policy=eyJ2bSI6MywidWlkIjoiMzEyOTY1MDYwMzg4ODE4NSJ9,已使用,审核通过,--,1,--,0,0,0,0,0,0,0,0,0,0,0,0,0,0,0
	7664925362551570441,0720-引导-嘉丽-3.mp4,https://video-cn.oceanengine.com/270d458534ab3d230fdec086056655a1/6a66b8fc/tos-cn-ve-51/oktiYCB1LAHtgv1g7G56qmUAhtfIIcI3BsKQQa?a=1402&ch=0&cr=0&dr=3&cd=0%7C0%7C0%7C0&br=1467&bt=1467&cs=0&ds=3&ft=J9ThAGkHH_Myq8ZgQK4_e2NvjTQ&mime_type=video_mp4&qs=0&rc=NXZpTGRTaFBnKWxncmd5aHFsc3IxZGY8aGg4Zzs2aDM1Zjk7O2U6QGlqcWs6Nm86dG88MzM0NjMzQFNsa3ZpcUQ6amtqXmJmK2BeaWpgYTojMmFhMTRiNTYuMTZeMi8uNWEjZmExX2FhZi9jYS0tZDAwc3M%3D&btag=80000e00008000&dy_q=1784944117&feature_id=d6a18d7c5414b1f1e95a75faf9147845&l=20260725094836ECF5C6494D18AAC37DB8&ply_type=3&policy=eyJ2bSI6MywidWlkIjoiMzEyOTY1MDYwMzg4ODE4NSJ9,已使用,审核通过,首发,1,--,0,0,0,0,0,0,0,0,0,0,0,0,0,0,0
	7664925350633455626,0720-浩正引导-4.mp4,https://video-cn.oceanengine.com/dd17865a2a1db51c1bb214d360eaaee3/6a66b905/tos-cn-ve-51/oQFXDfwwDEANIYUZTgqgFBBfQKN1AFNwaA5D5S?a=1402&ch=0&cr=0&dr=3&cd=0%7C0%7C0%7C0&br=771&bt=771&cs=0&ds=3&ft=J9ThAGkHH_Myq8ZgQK4_e2NvjTQ&mime_type=video_mp4&qs=0&rc=NXZpTGRTaFBnKWxncmd5aHFsc3IxZGY4NzVmZDkzZTs2PDpoaWU8QGkzZmxycjlydm88MzM0NjMzQFNsa3ZpcUQ6amtqXmJmK2BeaWpgYTojMzQuMGNiXjZgMS8yMC0zXmEjcGE0MTJkNC9jYS0tZDBhc3M%3D&btag=80000e00010000&dy_q=1784944117&feature_id=d6a18d7c5414b1f1e95a75faf9147845&l=20260725094836ECF5C6494D18AAC37DB8&ply_type=3&policy=eyJ2bSI6MywidWlkIjoiMzEyOTY1MDYwMzg4ODE4NSJ9,已使用,审核通过,--,1,--,0,0,0,0,0,0,0,0,0,0,0,0,0,0,0
	7664925347524378633,0720-引导-嘉丽-2.mp4,https://video-cn.oceanengine.com/1046bc10044ab3c92f5f9bded6ee40e1/6a66b8fe/tos-cn-ve-51/ogfYZtAmha1KLABiUQNDAvYYQIC1viA7K4I36R?a=1402&ch=0&cr=0&dr=3&cd=0%7C0%7C0%7C0&br=485&bt=485&cs=0&ds=3&ft=J9ThAGkHH_Myq8ZgQK4_e2NvjTQ&mime_type=video_mp4&qs=0&rc=NXZpTGRTaFBnKWxncmd5aHFsc3IxZGZpZzw4ZDRkZDZpaTc5MzdlQGkzNDNyZm86dG88MzM0NjMzQFNsa3ZpcUQ6amtqXmJmK2BeaWpgYTojLV9fNDRjXjUzMTVhYzQtNWEjM2xgb2FhZi9jYS0tZDAvc3M%3D&btag=80000e00008000&dy_q=1784944117&feature_id=d6a18d7c5414b1f1e95a75faf9147845&l=20260725094836ECF5C6494D18AAC37DB8&ply_type=3&policy=eyJ2bSI6MywidWlkIjoiMzEyOTY1MDYwMzg4ODE4NSJ9,已使用,审核通过,--,1,--,0,0,0,0,0,0,0,0,0,0,0,0,0,0,0
	7664925347281780787,0720-引导-嘉丽-5.mp4,https://video-cn.oceanengine.com/4844a0b14ab60da6c4ec022b5a48bbaa/6a66b907/tos-cn-ve-51/oMS7lUNZQoHBhsLAAfNaIAGmi1Atgk6QGWa1Ix?a=1402&ch=0&cr=0&dr=3&cd=0%7C0%7C0%7C0&br=1461&bt=1461&cs=0&ds=3&ft=J9ThAGkHH_Myq8ZgQK4_e2NvjTQ&mime_type=video_mp4&qs=0&rc=NXZpTGRTaFBnKWxncmd5aHFsc3IxZGZoaDtoO2RoaGVpO2ZoO2g4QGlqM2Q5Nm86dG88MzM0NjMzQFNsa3ZpcUQ6amtqXmJmK2BeaWpgYTojY14yLTIxMjUtMS4tYGAvLWEjLmEzbmFhZi9jYS0tZDAvc3M%3D&btag=80000e00010000&dy_q=1784944117&feature_id=d6a18d7c5414b1f1e95a75faf9147845&l=20260725094836ECF5C6494D18AAC37DB8&ply_type=3&policy=eyJ2bSI6MywidWlkIjoiMzEyOTY1MDYwMzg4ODE4NSJ9,已使用,审核通过,--,1,--,0,0,0,0,0,0,0,0,0,0,0,0,0,0,0
	7664925326633189386,0720-浩正引导-1.mp4,https://video-cn.oceanengine.com/85c590d57eb58d10c3d323051f9b799b/6a66b902/tos-cn-ve-51/ocAgfLihLv2ZGU1HbeWCqOGNAaIZBamIfUBzQS?a=1402&ch=0&cr=0&dr=3&cd=0%7C0%7C0%7C0&br=2288&bt=2288&cs=0&ds=3&ft=J9ThAGkHH_Myq8ZgQK4_e2NvjTQ&mime_type=video_mp4&qs=0&rc=NXZpTGRTaFBnKWxncmd5aHFsc3IxZGZnaGc8NmQ5ZjU5PDQ4Zmc8QGlqaW1zbTlydm88MzM0NjMzQFNsa3ZpcUQ6amtqXmJmK2BeaWpgYTojMmMvYjYzLl40MWFiX2A1MGEjaGVhYjJkNC9jYS0tZDBhc3M%3D&btag=80000e00008000&dy_q=1784944117&feature_id=d6a18d7c5414b1f1e95a75faf9147845&l=20260725094836ECF5C6494D18AAC37DB8&ply_type=3&policy=eyJ2bSI6MywidWlkIjoiMzEyOTY1MDYwMzg4ODE4NSJ9,已使用,审核通过,--,2,--,0,0,0,0,0,0,0,0,0,0,0,0,0,0,0
	7664925314946793518,0718-魏怡引流-6.mp4,https://video-cn.oceanengine.com/669eb4b9d761540486fc578e423a7481/6a66b8fc/tos-cn-ve-51/oMF4DDfENN7fDFCEUgg1iICXQA4q9tDykmYAFB?a=1402&ch=0&cr=0&dr=3&cd=0%7C0%7C0%7C0&br=1596&bt=1596&cs=0&ds=3&ft=J9ThAGkHH_Myq8ZgQK4_e2NvjTQ&mime_type=video_mp4&qs=0&rc=NXZpTGRTaFBnKWxncmd5aHFsc3IxZGY8aTszNDxkNmk5OTk6ZGQzQGkzdnQ6cDlyc288MzM0NjMzQFNsa3ZpcUQ6amtqXmJmK2BeaWpgYTojNl5gXzFfM18vMWJiYTAvLWEjLjBjcjJkay9jYS0tZDBhc3M%3D&btag=80000200008000&dy_q=1784944117&feature_id=d6a18d7c5414b1f1e95a75faf9147845&l=20260725094836ECF5C6494D18AAC37DB8&ply_type=3&policy=eyJ2bSI6MywidWlkIjoiMzEyOTY1MDYwMzg4ODE4NSJ9,未使用,审核不通过,--,0,--,0,0,0,0,0,0,0,0,0,0,0,0,0,0,0
	7664925308233072686,0718-魏怡引流修改-4.mp4,https://video-cn.oceanengine.com/9b71644ec073bfe52bcc915a0dc04336/6a66b8fc/tos-cn-ve-51/oQMg3GLQWDLqBbNeGAOffaUYUCbsvAUmII1Cgn?a=1402&ch=0&cr=0&dr=3&cd=0%7C0%7C0%7C0&br=2032&bt=2032&cs=0&ds=3&ft=J9ThAGkHH_Myq8ZgQK4_e2NvjTQ&mime_type=video_mp4&qs=0&rc=NXZpTGRTaFBnKWxncmd5aHFsc3IxZGZmOTNkZWc2NGZkZGgzaDk8QGlqOWU2bTlyc288MzM0NjMzQFNsa3ZpcUQ6amtqXmJmK2BeaWpgYTojXjYuNGFhMF5hMWJjYzJgL2EjMmBzaDJkay9jYS0tZDBhc3M%3D&btag=80000e00008000&dy_q=1784944117&feature_id=d6a18d7c5414b1f1e95a75faf9147845&l=20260725094836ECF5C6494D18AAC37DB8&ply_type=3&policy=eyJ2bSI6MywidWlkIjoiMzEyOTY1MDYwMzg4ODE4NSJ9,已使用,审核通过,--,1,--,0,0,0,0,0,0,0,0,0,0,0,0,0,0,0
	7664925294730936366,0720-浩正引导-3.mp4,https://video-cn.oceanengine.com/2bdff3091abafbcd1cc3864eb124cc6c/6a66b901/tos-cn-ve-51/os1BCa1XNDAnZIpwof2QfFBAUg1gYsCbXqRkWS?a=1402&ch=0&cr=0&dr=3&cd=0%7C0%7C0%7C0&br=851&bt=851&cs=0&ds=3&ft=J9ThAGkHH_Myq8ZgQK4_e2NvjTQ&mime_type=video_mp4&qs=0&rc=NXZpTGRTaFBnKWxncmd5aHFsc3IxZGY7OmU1NjM4OWc4Mzk3ZDZoQGkzZXE6ZW86dm88MzM0NjMzQFNsa3ZpcUQ6amtqXmJmK2BeaWpgYTojMjNfNTNeNjZjMTMuXmA2X2EjNmlxLWFhLy9jYS0tZDAvc3M%3D&btag=80000e00008000&dy_q=1784944117&feature_id=d6a18d7c5414b1f1e95a75faf9147845&l=20260725094836ECF5C6494D18AAC37DB8&ply_type=3&policy=eyJ2bSI6MywidWlkIjoiMzEyOTY1MDYwMzg4ODE4NSJ9,已使用,审核通过,--,1,--,0,0,0,0,0,0,0,0,0,0,0,0,0,0,0
	7664925275834957834,0720-引导-嘉丽-1.mp4,https://video-cn.oceanengine.com/cf4cf581024305f3cbdfa46b40f64af1/6a66b90a/tos-cn-ve-51/owygiZaOtGR1LUfR9moyAAsBsdkQIhgIQ16Vh7?a=1402&ch=0&cr=0&dr=3&cd=0%7C0%7C0%7C0&br=1300&bt=1300&cs=0&ds=3&ft=J9ThAGkHH_Myq8ZgQK4_e2NvjTQ&mime_type=video_mp4&qs=0&rc=NXZpTGRTaFBnKWxncmd5aHFsc3IxZGY6N2Y3Z2dpOmZlZjg0OmRlQGlqOzw1aG86dG88MzM0NjMzQFNsa3ZpcUQ6amtqXmJmK2BeaWpgYTojXy81NmEwNTYuMTFfYDA2YGEjcGBqb2FhZi9jYS0tZDAwc3M%3D&btag=80000e00010000&dy_q=1784944117&feature_id=d6a18d7c5414b1f1e95a75faf9147845&l=20260725094836ECF5C6494D18AAC37DB8&ply_type=3&policy=eyJ2bSI6MywidWlkIjoiMzEyOTY1MDYwMzg4ODE4NSJ9,已使用,审核通过,--,1,--,0,0,0,0,0,0,0,0,0,0,0,0,0,0,0
	7664925213059399690,0718瑞晨21-修改.mp4,https://video-cn.oceanengine.com/be2028c233007b318483a398c0806cf8/6a66b8ff/tos-cn-ve-51/owaDi1aXug1fkwAACkzgR52CqeRPNSZACHX1oB?a=1402&ch=0&cr=0&dr=3&cd=0%7C0%7C0%7C0&br=1534&bt=1534&cs=0&ds=3&ft=J9ThAGkHH_Myq8ZgQK4_e2NvjTQ&mime_type=video_mp4&qs=0&rc=NXZpTGRTaFBnKWxncmd5aHFsc3IxZGZpOmc4NTlmNTs0NGc4NjZlQGlqZXNlZm86PG88MzM0NjMzQFNsa3ZpcUQ6amtqXmJmK2BeaWpgYTojMjE2YF81YjZgMTJiMi41XmEjaGVmLWFhLy5jYS0tZDAvc3M%3D&btag=80000e00008000&dy_q=1784944117&feature_id=d6a18d7c5414b1f1e95a75faf9147845&l=20260725094836ECF5C6494D18AAC37DB8&ply_type=3&policy=eyJ2bSI6MywidWlkIjoiMzEyOTY1MDYwMzg4ODE4NSJ9,已使用,审核通过,首发,1,--,0,0,0,0,0,0,0,0,0,0,0,0,0,0,0
	7664925154368028698,0718瑞晨24-修改.mp4,https://video-cn.oceanengine.com/d41090db2ab388c824d0b005d02c9dbe/6a66b8ff/tos-cn-ve-51/742adf3f427541c391ab088a98169571?a=1402&ch=0&cr=0&dr=3&cd=0%7C0%7C0%7C0&br=1828&bt=1828&cs=0&ds=3&ft=J9ThAGkHH_Myq8ZgQK4_e2NvjTQ&mime_type=video_mp4&qs=0&rc=NXZpTGRTaFBnKWxncmd5aHFsc3IxZGZmZGU6PDg4M2c0NGRpZWk8QGkzOWp3OG86PG88MzM0NjMzQFNsa3ZpcUQ6amtqXmJmK2BeaWpgYTojNjIuYy80YTVfMWFgYWM1YWEjbmAyc2FhLy5jYS0tZDAwc3M%3D&btag=80000e00008000&dy_q=1784944117&feature_id=d6a18d7c5414b1f1e95a75faf9147845&l=20260725094836ECF5C6494D18AAC37DB8&ply_type=3&policy=eyJ2bSI6MywidWlkIjoiMzEyOTY1MDYwMzg4ODE4NSJ9,已使用,审核通过,--,1,--,0,0,0,0,0,0,0,0,0,0,0,0,0,0,0
	7664925140669317166,0718瑞晨20-修改.mp4,https://video-cn.oceanengine.com/acbe38393a6c59bb487ab03800fe66ff/6a66b902/tos-cn-ve-51/oMha6GkA7ilgIMtQ1HDAlU6IahHmASBLfQAg7w?a=1402&ch=0&cr=0&dr=3&cd=0%7C0%7C0%7C0&br=1818&bt=1818&cs=0&ds=3&ft=J9ThAGkHH_Myq8ZgQK4_e2NvjTQ&mime_type=video_mp4&qs=0&rc=NXZpTGRTaFBnKWxncmd5aHFsc3IxZGY0ODNkaTszN2hoOzpnO2lnQGlqNGVxNm86PG88MzM0NjMzQFNsa3ZpcUQ6amtqXmJmK2BeaWpgYTojLzMwMTIvLzYzMV41MGEwMGEjcmRiamFhLy5jYS0tZDAvc3M%3D&btag=80000e00008000&dy_q=1784944117&feature_id=d6a18d7c5414b1f1e95a75faf9147845&l=20260725094836ECF5C6494D18AAC37DB8&ply_type=3&policy=eyJ2bSI6MywidWlkIjoiMzEyOTY1MDYwMzg4ODE4NSJ9,已使用,审核通过,--,1,--,0,0,0,0,0,0,0,0,0,0,0,0,0,0,0
	7663465010937724969,0717-引导-小敏-4.mp4,https://video-cn.oceanengine.com/c056a2c9e42f91d2ade0d89b44579e84/6a66b907/tos-cn-ve-51/o8CLQoeYaAV1txwBka7dQdIWLAhEYK5QBYmTxA?a=1402&ch=0&cr=0&dr=3&cd=0%7C0%7C0%7C0&br=1219&bt=1219&cs=0&ds=4&ft=J9ThAGkHH_Myq8ZgQK4_e2NvjTQ&mime_type=video_mp4&qs=0&rc=NXZpTGRTaFBnKWxncmd5aHFsc3IxZGZoNGU0aTg0NGY4Ojc3NGY3QGkzeDQ2M286bDQ8MzM0NjMzQFNsa3ZpcUQ6amtqXmJmK2BeaWpgYTojYmMxXl40YV8uMTVeYDAtMGEjMm0wamFhXmVhYS0tZDAvc3M%3D&btag=80000200010000&dy_q=1784944117&feature_id=d6a18d7c5414b1f1e95a75faf9147845&l=20260725094836ECF5C6494D18AAC37DB8&ply_type=3&policy=eyJ2bSI6MywidWlkIjoiMzEyOTY1MDYwMzg4ODE4NSJ9,未使用,审核不通过,--,1,--,0,0,0,0,0,0,0,0,0,0,0,0,0,0,0
	7663465010145067049,0717-引导-嘉丽-3.mp4,https://video-cn.oceanengine.com/6e0ce3916e05aa50c0ff196940354923/6a66b908/tos-cn-ve-51/oYpdQTtyTaIVQDvCBEUAWcyYClGdIA0WzdaoY?a=1402&ch=0&cr=0&dr=3&cd=0%7C0%7C0%7C0&br=1279&bt=1279&cs=0&ds=4&ft=J9ThAGkHH_Myq8ZgQK4_e2NvjTQ&mime_type=video_mp4&qs=0&rc=NXZpTGRTaFBnKWxncmd5aHFsc3IxZGY6Zzk1aDc3ZWQ0ZzY2Ojw0QGkzbDpqaW86bDQ8MzM0NjMzQFNsa3ZpcUQ6amtqXmJmK2BeaWpgYTojNGAzL2BhLzZgMWI2MTNiMmEjYjZpYmFhXmVhYS0tZDBhc3M%3D&btag=80000200010000&dy_q=1784944117&feature_id=d6a18d7c5414b1f1e95a75faf9147845&l=20260725094836ECF5C6494D18AAC37DB8&ply_type=3&policy=eyJ2bSI6MywidWlkIjoiMzEyOTY1MDYwMzg4ODE4NSJ9,未使用,审核不通过,--,1,--,0,0,0,0,0,0,0,0,0,0,0,0,0,0,0
	7663464931710550079,0717-引导-小敏-1.mp4,https://video-cn.oceanengine.com/675e31a16341e4b2447e2ef874694ba4/6a66b907/tos-cn-ve-51/oYEmxm1AQ5MDZkbaagIZeLt5DEQAyQId7dBFrW?a=1402&ch=0&cr=0&dr=3&cd=0%7C0%7C0%7C0&br=1853&bt=1853&cs=0&ds=4&ft=J9ThAGkHH_Myq8ZgQK4_e2NvjTQ&mime_type=video_mp4&qs=0&rc=NXZpTGRTaFBnKWxncmd5aHFsc3IxZGY6ODs4NTo3ZDU0NWRpMzlpQGlqeDd3aG86bDQ8MzM0NjMzQFNsa3ZpcUQ6amtqXmJmK2BeaWpgYTojXjZgXmBgL15iMTFgMGFgLWEjYW1jZGFhL2VhYS0tZDBhc3M%3D&btag=80000200010000&dy_q=1784944117&feature_id=d6a18d7c5414b1f1e95a75faf9147845&l=20260725094836ECF5C6494D18AAC37DB8&ply_type=3&policy=eyJ2bSI6MywidWlkIjoiMzEyOTY1MDYwMzg4ODE4NSJ9,未使用,审核不通过,--,0,--,0,0,0,0,0,0,0,0,0,0,0,0,0,0,0
	7663465049147473962,0717-引导-嘉丽-2.mp4,https://video-cn.oceanengine.com/24a7c1d690e3fbf969d10dba8a744559/6a66b909/tos-cn-ve-51/o8MNFW2iEIRdf0DgDljIYAgQ1RA3aAgeABbqhI?a=1402&ch=0&cr=0&dr=3&cd=0%7C0%7C0%7C0&br=1676&bt=1676&cs=0&ds=4&ft=J9ThAGkHH_Myq8ZgQK4_e2NvjTQ&mime_type=video_mp4&qs=0&rc=NXZpTGRTaFBnKWxncmd5aHFsc3IxZGZpNWQ2NWc2ZGRpZmg7aGc1QGkzaTc5NG86bDQ8MzM0NjMzQFNsa3ZpcUQ6amtqXmJmK2BeaWpgYTojYmMuX2JhM141MTAwYTYzLmEjMC1eXmFhL2VhYS0tZDAwc3M%3D&btag=80000200010000&dy_q=1784944117&feature_id=d6a18d7c5414b1f1e95a75faf9147845&l=20260725094836ECF5C6494D18AAC37DB8&ply_type=3&policy=eyJ2bSI6MywidWlkIjoiMzEyOTY1MDYwMzg4ODE4NSJ9,未使用,审核不通过,--,0,--,0,0,0,0,0,0,0,0,0,0,0,0,0,0,0
	7663465019666415622,0717-瑞晨引流-7.mp4,https://video-cn.oceanengine.com/6af91c1016a5e8ee6234a5a28647de89/6a66b902/tos-cn-ve-51/o0pDXzldNYtxI6jxGaQpwhWNhSAaWEQo0KI0A?a=1402&ch=0&cr=0&dr=3&cd=0%7C0%7C0%7C0&br=2210&bt=2210&cs=0&ds=4&ft=J9ThAGkHH_Myq8ZgQK4_e2NvjTQ&mime_type=video_mp4&qs=0&rc=NXZpTGRTaFBnKWxncmd5aHFsc3IxZGZpZWY1aTM0N2RmNTU2NzY1QGkzcW9oNm86azQ8MzM0NjMzQFNsa3ZpcUQ6amtqXmJmK2BeaWpgYTojNjFhXjAzNDY0MTM2LTQ1MWEjMmBlMGFhbmVhYS0tZDAwc3M%3D&btag=80000200008000&dy_q=1784944117&feature_id=d6a18d7c5414b1f1e95a75faf9147845&l=20260725094836ECF5C6494D18AAC37DB8&ply_type=3&policy=eyJ2bSI6MywidWlkIjoiMzEyOTY1MDYwMzg4ODE4NSJ9,未使用,审核不通过,--,0,--,0,0,0,0,0,0,0,0,0,0,0,0,0,0,0
	7663465017547587620,0717-引导-嘉丽-5.mp4,https://video-cn.oceanengine.com/3353f1596b49507f19096599d1e941d0/6a66b907/tos-cn-ve-51/oApQToGrEIzw90GUPIadAatTYLWJQGlkxndAY?a=1402&ch=0&cr=0&dr=3&cd=0%7C0%7C0%7C0&br=2945&bt=2945&cs=0&ds=4&ft=J9ThAGkHH_Myq8ZgQK4_e2NvjTQ&mime_type=video_mp4&qs=0&rc=NXZpTGRTaFBnKWxncmd5aHFsc3IxZGZoZWc1ZDc3aTw8MzU7OTZkQGkzd3NsZW86azQ8MzM0NjMzQFNsa3ZpcUQ6amtqXmJmK2BeaWpgYTojXzNgLzNiXzU0MTZhXzEtL2EjXjQ1NGFhbmVhYS0tZDBhc3M%3D&btag=80000e00010000&dy_q=1784944117&feature_id=d6a18d7c5414b1f1e95a75faf9147845&l=20260725094836ECF5C6494D18AAC37DB8&ply_type=3&policy=eyJ2bSI6MywidWlkIjoiMzEyOTY1MDYwMzg4ODE4NSJ9,未使用,审核通过,--,1,--,0,0,0,0,0,0,0,0,0,0,0,0,0,0,0
	7663464995961847844,0717-瑞晨引流-4.mp4,https://video-cn.oceanengine.com/bfb415eda2211462c6fd8bb3a5e1f88f/6a66b904/tos-cn-ve-51/o8MhqAEfjQ1fgaAIIqRDB1ranDaRNWJ2QEIMRD?a=1402&ch=0&cr=0&dr=3&cd=0%7C0%7C0%7C0&br=2086&bt=2086&cs=0&ds=4&ft=J9ThAGkHH_Myq8ZgQK4_e2NvjTQ&mime_type=video_mp4&qs=0&rc=NXZpTGRTaFBnKWxncmd5aHFsc3IxZGZmOmY3NjVmNTU4PGZnOjg1QGlqPG84aW86bDQ8MzM0NjMzQFNsa3ZpcUQ6amtqXmJmK2BeaWpgYTojNTEzY14xMF8xMWMvL2MtLmEjZ3JhZ2FhL2VhYS0tZDAwc3M%3D&btag=80000e00010000&dy_q=1784944117&feature_id=d6a18d7c5414b1f1e95a75faf9147845&l=20260725094836ECF5C6494D18AAC37DB8&ply_type=3&policy=eyJ2bSI6MywidWlkIjoiMzEyOTY1MDYwMzg4ODE4NSJ9,未使用,审核通过,--,1,--,0,0,0,0,0,0,0,0,0,0,0,0,0,0,0
	7663464993653735443,0717-引导-嘉丽-1.mp4,https://video-cn.oceanengine.com/32cdd1c4419a76ef56bb3504da3fcc1a/6a66b905/tos-cn-ve-51/ooaQBlMQ7tA5VLgQIm0ahjoPQKYIxL10fAHoAg?a=1402&ch=0&cr=0&dr=3&cd=0%7C0%7C0%7C0&br=2112&bt=2112&cs=0&ds=4&ft=J9ThAGkHH_Myq8ZgQK4_e2NvjTQ&mime_type=video_mp4&qs=0&rc=NXZpTGRTaFBnKWxncmd5aHFsc3IxZGY6OWdoNjpmZGY2PDc7NTxkQGkzOGo7OG86azQ8MzM0NjMzQFNsa3ZpcUQ6amtqXmJmK2BeaWpgYTojX2MzLzIzMF41MWFhYTY2M2EjMWNycmFhbmVhYS0tZDAvc3M%3D&btag=80000200010000&dy_q=1784944117&feature_id=d6a18d7c5414b1f1e95a75faf9147845&l=20260725094836ECF5C6494D18AAC37DB8&ply_type=3&policy=eyJ2bSI6MywidWlkIjoiMzEyOTY1MDYwMzg4ODE4NSJ9,未使用,审核不通过,--,0,--,0,0,0,0,0,0,0,0,0,0,0,0,0,0,0
	7663464993518927908,0717-引导-小敏-2.mp4,https://video-cn.oceanengine.com/4487b2a78e4e1556926db05a5aa03a6d/6a66b902/tos-cn-ve-51/o8kzW0LIToadBQtoy7tIA2sDIIdAaE8WQAElY?a=1402&ch=0&cr=0&dr=3&cd=0%7C0%7C0%7C0&br=992&bt=992&cs=0&ds=4&ft=J9ThAGkHH_Myq8ZgQK4_e2NvjTQ&mime_type=video_mp4&qs=0&rc=NXZpTGRTaFBnKWxncmd5aHFsc3IxZGZmNTZoZDUzNDlmZWg4ODRpQGlqZWZnZm86bDQ8MzM0NjMzQFNsa3ZpcUQ6amtqXmJmK2BeaWpgYTojYGBiMTZhNTY1MWEyNjJgMGEjcS1kbmFhL2VhYS0tZDBhc3M%3D&btag=80000200008000&dy_q=1784944117&feature_id=d6a18d7c5414b1f1e95a75faf9147845&l=20260725094836ECF5C6494D18AAC37DB8&ply_type=3&policy=eyJ2bSI6MywidWlkIjoiMzEyOTY1MDYwMzg4ODE4NSJ9,未使用,审核不通过,--,0,--,0,0,0,0,0,0,0,0,0,0,0,0,0,0,0
	7663464953572360198,0717-引导-小敏-3.mp4,https://video-cn.oceanengine.com/47760b358f22084a9c0d22f2c8a52a69/6a66b902/tos-cn-ve-51/ogTtICaaAq0jWCtsQCWAWl2YIMQRdoNEzEday?a=1402&ch=0&cr=0&dr=3&cd=0%7C0%7C0%7C0&br=1253&bt=1253&cs=0&ds=4&ft=J9ThAGkHH_Myq8ZgQK4_e2NvjTQ&mime_type=video_mp4&qs=0&rc=NXZpTGRTaFBnKWxncmd5aHFsc3IxZGY6NTY0Zzk0Njo8NDRpaTRlQGkzcG5nZ286bDQ8MzM0NjMzQFNsa3ZpcUQ6amtqXmJmK2BeaWpgYTojX2JjYDI2NF5eMTJfMjBhMGEjaW0uamFhL2VhYS0tZDBhc3M%3D&btag=80000200008000&dy_q=1784944117&feature_id=d6a18d7c5414b1f1e95a75faf9147845&l=20260725094836ECF5C6494D18AAC37DB8&ply_type=3&policy=eyJ2bSI6MywidWlkIjoiMzEyOTY1MDYwMzg4ODE4NSJ9,未使用,审核不通过,--,0,--,0,0,0,0,0,0,0,0,0,0,0,0,0,0,0
	7663464951878451243,0717-引导-小敏-5.mp4,https://video-cn.oceanengine.com/cd35bc641c70bb49ab7612433e64cd9e/6a66b903/tos-cn-ve-51/oUQoxtClr0YzShEaYkoS1AwadWnyJIQAUINak?a=1402&ch=0&cr=0&dr=3&cd=0%7C0%7C0%7C0&br=1479&bt=1479&cs=0&ds=4&ft=J9ThAGkHH_Myq8ZgQK4_e2NvjTQ&mime_type=video_mp4&qs=0&rc=NXZpTGRTaFBnKWxncmd5aHFsc3IxZGY8ZzM1NDk3aDc2aTM6NGUzQGlqN3k5ZW86azQ8MzM0NjMzQFNsa3ZpcUQ6amtqXmJmK2BeaWpgYTojYzExMjU0NF9jMTU0LzVgXmEjbjJoNmFhbmVhYS0tZDAwc3M%3D&btag=80000200008000&dy_q=1784944117&feature_id=d6a18d7c5414b1f1e95a75faf9147845&l=20260725094836ECF5C6494D18AAC37DB8&ply_type=3&policy=eyJ2bSI6MywidWlkIjoiMzEyOTY1MDYwMzg4ODE4NSJ9,未使用,审核不通过,--,0,--,0,0,0,0,0,0,0,0,0,0,0,0,0,0,0
	7663464950016114724,0717-瑞晨引流-1.mp4,https://video-cn.oceanengine.com/165907546ff730e9161f21cd0e605c35/6a66b904/tos-cn-ve-51/oMaxMQxi1IozgoExlISWTQyot0MqNBdaACvAY?a=1402&ch=0&cr=0&dr=3&cd=0%7C0%7C0%7C0&br=911&bt=911&cs=0&ds=4&ft=J9ThAGkHH_Myq8ZgQK4_e2NvjTQ&mime_type=video_mp4&qs=0&rc=NXZpTGRTaFBnKWxncmd5aHFsc3IxZGZoZGY8N2U8NGc2Njc5aTk7QGkzM2Q7O286azQ8MzM0NjMzQFNsa3ZpcUQ6amtqXmJmK2BeaWpgYTojM2EzY15gYDU1MTFhYy8wYGEjM2lqaGFhbmVhYS0tZDBhc3M%3D&btag=80000200010000&dy_q=1784944117&feature_id=d6a18d7c5414b1f1e95a75faf9147845&l=20260725094836ECF5C6494D18AAC37DB8&ply_type=3&policy=eyJ2bSI6MywidWlkIjoiMzEyOTY1MDYwMzg4ODE4NSJ9,未使用,审核不通过,--,0,--,0,0,0,0,0,0,0,0,0,0,0,0,0,0,0
	7663464949721645099,0717-瑞晨引流-10.mp4,https://video-cn.oceanengine.com/9f7bb0abc211c1e65de94640a3f3a854/6a66b90a/tos-cn-ve-51/ogsQ2aLfIAhjPLgBUA67naxI0QamQEtF10Am2o?a=1402&ch=0&cr=0&dr=3&cd=0%7C0%7C0%7C0&br=1511&bt=1511&cs=0&ds=4&ft=J9ThAGkHH_Myq8ZgQK4_e2NvjTQ&mime_type=video_mp4&qs=0&rc=NXZpTGRTaFBnKWxncmd5aHFsc3IxZGY0NDs2MzU3aTQ7Z2hlOTg6QGlqOGR2ZG86azQ8MzM0NjMzQFNsa3ZpcUQ6amtqXmJmK2BeaWpgYTojXy82NGJfYjZgMTQzXmJiX2EjcW5sMGFhbmVhYS0tZDAvc3M%3D&btag=80000200010000&dy_q=1784944117&feature_id=d6a18d7c5414b1f1e95a75faf9147845&l=20260725094836ECF5C6494D18AAC37DB8&ply_type=3&policy=eyJ2bSI6MywidWlkIjoiMzEyOTY1MDYwMzg4ODE4NSJ9,未使用,审核不通过,--,0,--,0,0,0,0,0,0,0,0,0,0,0,0,0,0,0
	7663464941391282217,0717-瑞晨引流-8.mp4,https://video-cn.oceanengine.com/086757b8ca87c98e0f2548909a994c2f/6a66b902/tos-cn-ve-51/oodkhXzIdIPlARFD0XxYWQsLQaWoAExIgatDl?a=1402&ch=0&cr=0&dr=3&cd=0%7C0%7C0%7C0&br=1851&bt=1851&cs=0&ds=4&ft=J9ThAGkHH_Myq8ZgQK4_e2NvjTQ&mime_type=video_mp4&qs=0&rc=NXZpTGRTaFBnKWxncmd5aHFsc3IxZGY3ZGZnaTQ4MzY8aTY6aDg0QGlqOGs4OG86azQ8MzM0NjMzQFNsa3ZpcUQ6amtqXmJmK2BeaWpgYTojNWJeLl5jMDVfMS4wXjEvM2EjNWJwamFhbmVhYS0tZDAvc3M%3D&btag=80000200008000&dy_q=1784944117&feature_id=d6a18d7c5414b1f1e95a75faf9147845&l=20260725094836ECF5C6494D18AAC37DB8&ply_type=3&policy=eyJ2bSI6MywidWlkIjoiMzEyOTY1MDYwMzg4ODE4NSJ9,未使用,审核不通过,--,0,--,0,0,0,0,0,0,0,0,0,0,0,0,0,0,0
	7663464941266190379,0717-引导-嘉丽-4.mp4,https://video-cn.oceanengine.com/1e1a469c7721d9460c38061fd9680fe8/6a66b903/tos-cn-ve-51/oMPWDlgAQBuIaAEdUOkaW5uzyYN8Is3odtEoQ?a=1402&ch=0&cr=0&dr=3&cd=0%7C0%7C0%7C0&br=2092&bt=2092&cs=0&ds=4&ft=J9ThAGkHH_Myq8ZgQK4_e2NvjTQ&mime_type=video_mp4&qs=0&rc=NXZpTGRTaFBnKWxncmd5aHFsc3IxZGYzaTdoNmk1ZzQ1NzM8Mzw0QGlqcWpkaG86bDQ8MzM0NjMzQFNsa3ZpcUQ6amtqXmJmK2BeaWpgYTojYjQ2LjUuYl4yMS5eYV9eLmEjNG8va2FhL2VhYS0tZDAvc3M%3D&btag=80000200008000&dy_q=1784944117&feature_id=d6a18d7c5414b1f1e95a75faf9147845&l=20260725094836ECF5C6494D18AAC37DB8&ply_type=3&policy=eyJ2bSI6MywidWlkIjoiMzEyOTY1MDYwMzg4ODE4NSJ9,未使用,审核不通过,--,0,--,0,0,0,0,0,0,0,0,0,0,0,0,0,0,0
	7663464940309512235,0717-瑞晨引流-3.mp4,https://video-cn.oceanengine.com/d9caecb1be9a7c5f51e7949a76fa7fd0/6a66b904/tos-cn-ve-51/ocDPnHggCaAao2hw1eNp3WRJIj1IABKRUAfqNo?a=1402&ch=0&cr=0&dr=3&cd=0%7C0%7C0%7C0&br=1305&bt=1305&cs=0&ds=4&ft=J9ThAGkHH_Myq8ZgQK4_e2NvjTQ&mime_type=video_mp4&qs=0&rc=NXZpTGRTaFBnKWxncmd5aHFsc3IxZGZkZ2Y1O2ZnZzg4ZTtpMzc3QGkzZGluZ286azQ8MzM0NjMzQFNsa3ZpcUQ6amtqXmJmK2BeaWpgYTojLWItLTFiXjUyMTQxYjIyNWEjYV5mbWFhbmVhYS0tZDAvc3M%3D&btag=80000e00010000&dy_q=1784944117&feature_id=d6a18d7c5414b1f1e95a75faf9147845&l=20260725094836ECF5C6494D18AAC37DB8&ply_type=3&policy=eyJ2bSI6MywidWlkIjoiMzEyOTY1MDYwMzg4ODE4NSJ9,未使用,审核通过,--,1,--,0,0,0,0,0,0,0,0,0,0,0,0,0,0,0
	7663464935540654116,0717-瑞晨引流-2.mp4,https://video-cn.oceanengine.com/b5e7538b7f5bb2ceff697ad89d376a04/6a66b904/tos-cn-ve-51/o85aYd0NzlVQowBtEWaWzNIxIQuB0oAtdA0AC?a=1402&ch=0&cr=0&dr=3&cd=0%7C0%7C0%7C0&br=931&bt=931&cs=0&ds=4&ft=J9ThAGkHH_Myq8ZgQK4_e2NvjTQ&mime_type=video_mp4&qs=0&rc=NXZpTGRTaFBnKWxncmd5aHFsc3IxZGY3Ojk2ZjtoM2RoOTxnNDY1QGkzNDc4aG86azQ8MzM0NjMzQFNsa3ZpcUQ6amtqXmJmK2BeaWpgYTojMWM0M2M0LzZeMTM1MS5eLWEjLTFjaGFhbmVhYS0tZDAwc3M%3D&btag=80000200010000&dy_q=1784944117&feature_id=d6a18d7c5414b1f1e95a75faf9147845&l=20260725094836ECF5C6494D18AAC37DB8&ply_type=3&policy=eyJ2bSI6MywidWlkIjoiMzEyOTY1MDYwMzg4ODE4NSJ9,未使用,审核不通过,--,0,--,0,0,0,0,0,0,0,0,0,0,0,0,0,0,0
	7663464914388238378,0717-瑞晨引流-5.mp4,https://video-cn.oceanengine.com/34b71128244cd4cfa3ef3a068b404bea/6a66b904/tos-cn-ve-51/ootQGosvEIzmJ0MSoIadAatTSYW2QBlUxmhAY?a=1402&ch=0&cr=0&dr=3&cd=0%7C0%7C0%7C0&br=826&bt=826&cs=0&ds=4&ft=J9ThAGkHH_Myq8ZgQK4_e2NvjTQ&mime_type=video_mp4&qs=0&rc=NXZpTGRTaFBnKWxncmd5aHFsc3IxZGZnPGZmNjg4ZjY6ZWc8ZTM5QGkzPGpnaW86azQ8MzM0NjMzQFNsa3ZpcUQ6amtqXmJmK2BeaWpgYTojMi1iLTYyY14wMWE1YDAyM2EjNmBlaGFhbmVhYS0tZDBhc3M%3D&btag=80000200010000&dy_q=1784944117&feature_id=d6a18d7c5414b1f1e95a75faf9147845&l=20260725094836ECF5C6494D18AAC37DB8&ply_type=3&policy=eyJ2bSI6MywidWlkIjoiMzEyOTY1MDYwMzg4ODE4NSJ9,未使用,审核不通过,--,0,--,0,0,0,0,0,0,0,0,0,0,0,0,0,0,0
	7663464879739568147,0717-瑞晨引流-9.mp4,https://video-cn.oceanengine.com/c31395151fd34e5f0c1256c68e7390cc/6a66b8fe/tos-cn-ve-51/ow1lP0CzIcWcwoaA8XYhT8dQtxQInoHA1EaQs?a=1402&ch=0&cr=0&dr=3&cd=0%7C0%7C0%7C0&br=2046&bt=2046&cs=0&ds=4&ft=J9ThAGkHH_Myq8ZgQK4_e2NvjTQ&mime_type=video_mp4&qs=0&rc=NXZpTGRTaFBnKWxncmd5aHFsc3IxZGZnPDMzaWRmZGVoNjs3NWY2QGkzOmo6O286azQ8MzM0NjMzQFNsa3ZpcUQ6amtqXmJmK2BeaWpgYTojNDNeMmFgY15eMTZeMWAyXmEjanM0YmFhbmVhYS0tZDAwc3M%3D&btag=80000200008000&dy_q=1784944117&feature_id=d6a18d7c5414b1f1e95a75faf9147845&l=20260725094836ECF5C6494D18AAC37DB8&ply_type=3&policy=eyJ2bSI6MywidWlkIjoiMzEyOTY1MDYwMzg4ODE4NSJ9,未使用,审核不通过,--,0,--,0,0,0,0,0,0,0,0,0,0,0,0,0,0,0
	7663464864167395370,0717-瑞晨引流-6.mp4,https://video-cn.oceanengine.com/beb76d97b7c7a8617c03dab82d457b6c/6a66b8fe/tos-cn-ve-51/ogAggsK0Iq1IoAFEaKaQ4Qj6mL6m7xtQ6f6BY2?a=1402&ch=0&cr=0&dr=3&cd=0%7C0%7C0%7C0&br=2117&bt=2117&cs=0&ds=4&ft=J9ThAGkHH_Myq8ZgQK4_e2NvjTQ&mime_type=video_mp4&qs=0&rc=NXZpTGRTaFBnKWxncmd5aHFsc3IxZGY5ZDY3NDU7Njs7ZGdmPDs1QGkzOG9wZ286azQ8MzM0NjMzQFNsa3ZpcUQ6amtqXmJmK2BeaWpgYTojYDItMDUxNDYxMTEyMi5gYWEjM2xvXmFhbmVhYS0tZDBhc3M%3D&btag=80000200008000&dy_q=1784944117&feature_id=d6a18d7c5414b1f1e95a75faf9147845&l=20260725094836ECF5C6494D18AAC37DB8&ply_type=3&policy=eyJ2bSI6MywidWlkIjoiMzEyOTY1MDYwMzg4ODE4NSJ9,未使用,审核不通过,--,0,--,0,0,0,0,0,0,0,0,0,0,0,0,0,0,0
	7663102938734788651,0716-引导-嘉丽-3.mp4,https://video-cn.oceanengine.com/1fc5642cccf5cfafdfd3c1c2831a8a2e/6a66b927/tos-cn-ve-51/owahGQjMoIszZgErlINWQgFjtkCPRQdZAHKAP?a=1402&ch=0&cr=0&dr=3&cd=0%7C0%7C0%7C0&br=2692&bt=2692&cs=0&ds=4&ft=J9ThAGkHH_Myq8ZgQK4_e2NvjTQ&mime_type=video_mp4&qs=0&rc=NXZpTGRTaFBnKWxncmd5aHFsc3IxZGY7Zjc3aGZkZTc0NjRoODloQGkzc242M286NGY8MzM0NjMzQFNsa3ZpcUQ6amtqXmJmK2BeaWpgYTojNmIvLmAvYTYwMS4xLjZjMmEjLnItamFhZnNgYS0tZDAvc3M%3D&btag=80000200020000&dy_q=1784944117&feature_id=d6a18d7c5414b1f1e95a75faf9147845&l=20260725094836ECF5C6494D18AAC37DB8&ply_type=3&policy=eyJ2bSI6MywidWlkIjoiMzEyOTY1MDYwMzg4ODE4NSJ9,未使用,审核不通过,--,2,--,0,0,0,0,0,0,0,0,0,0,0,0,0,0,0
	7663102891561435172,0715-引导-雅迪-1-改.mp4,https://video-cn.oceanengine.com/5f32cab2e12ede491475ed28d797a2df/6a66b90a/tos-cn-ve-51/ooee0QCaqBMXE8ht7EmMpAIPDA6ZoWlgiNEXF9?a=1402&ch=0&cr=0&dr=3&cd=0%7C0%7C0%7C0&br=1712&bt=1712&cs=0&ds=4&ft=J9ThAGkHH_Myq8ZgQK4_e2NvjTQ&mime_type=video_mp4&qs=0&rc=NXZpTGRTaFBnKWxncmd5aHFsc3IxZGY2ZWY7NGRnOzM1aTM1aDxkQGkzNW92ZW86eGY8MzM0NjMzQFNsa3ZpcUQ6amtqXmJmK2BeaWpgYTojXzM0M2MzL15gMTAvMzReMWEjYy5fZ2FhbnJgYS0tZDAvc3M%3D&btag=80000200010000&dy_q=1784944117&feature_id=d6a18d7c5414b1f1e95a75faf9147845&l=20260725094836ECF5C6494D18AAC37DB8&ply_type=3&policy=eyJ2bSI6MywidWlkIjoiMzEyOTY1MDYwMzg4ODE4NSJ9,未使用,审核不通过,--,2,--,0,0,0,0,0,0,0,0,0,0,0,0,0,0,0
	7663102878458806278,0716-引导-嘉丽-2.mp4,https://video-cn.oceanengine.com/96dee3a4510798ce81da9264721477c4/6a66b91b/tos-cn-ve-51/oAes1RuGG2fGRDh8FAUAaCVjgBbZAp9UVBEOXf?a=1402&ch=0&cr=0&dr=3&cd=0%7C0%7C0%7C0&br=780&bt=780&cs=0&ds=4&ft=J9ThAGkHH_Myq8ZgQK4_e2NvjTQ&mime_type=video_mp4&qs=0&rc=NXZpTGRTaFBnKWxncmd5aHFsc3IxZGZnOjY2Zzg7OGVnNzM7ZzwzQGlqeXFvZW86NGY8MzM0NjMzQFNsa3ZpcUQ6amtqXmJmK2BeaWpgYTojYzEtYl8xNF5hMTI1YWMyMGEjL3JeZGFhZnNgYS0tZDAwc3M%3D&btag=80000200018000&dy_q=1784944117&feature_id=d6a18d7c5414b1f1e95a75faf9147845&l=20260725094836ECF5C6494D18AAC37DB8&ply_type=3&policy=eyJ2bSI6MywidWlkIjoiMzEyOTY1MDYwMzg4ODE4NSJ9,未使用,审核不通过,--,2,--,0,0,0,0,0,0,0,0,0,0,0,0,0,0,0
	7663102846160699455,0714-魏怡引流-4-修改.mp4,https://video-cn.oceanengine.com/64579c3e97aec0c5360f64d3c35ab1d0/6a66b931/tos-cn-ve-51/oIQdDQJAWZQoamtId9URUPtA9IzEjlWMaT4XG?a=1402&ch=0&cr=0&dr=3&cd=0%7C0%7C0%7C0&br=1264&bt=1264&cs=0&ds=4&ft=J9ThAGkHH_Myq8ZgQK4_e2NvjTQ&mime_type=video_mp4&qs=0&rc=NXZpTGRTaFBnKWxncmd5aHFsc3IxZGY4N2U2Zzo8O2dmNTdkNmk1QGkzbnM3O286d2Y8MzM0NjMzQFNsa3ZpcUQ6amtqXmJmK2BeaWpgYTojMDUzNi01MTYuMTMxYGJjM2EjZ2AtYWFhXnJgYS0tZDBhc3M%3D&btag=80000200028000&dy_q=1784944117&feature_id=d6a18d7c5414b1f1e95a75faf9147845&l=20260725094836ECF5C6494D18AAC37DB8&ply_type=3&policy=eyJ2bSI6MywidWlkIjoiMzEyOTY1MDYwMzg4ODE4NSJ9,未使用,审核不通过,--,2,--,0,0,0,0,0,0,0,0,0,0,0,0,0,0,0
	7663102826089185323,0714-魏怡引流-2-修改.mp4,https://video-cn.oceanengine.com/4d5ae3275e1500fc4b8ce98335dda3ed/6a66b90c/tos-cn-ve-51/ooPzldYUWjNIRJlENQg2NQNEA5atAch3XI4dQ?a=1402&ch=0&cr=0&dr=3&cd=0%7C0%7C0%7C0&br=1478&bt=1478&cs=0&ds=4&ft=J9ThAGkHH_Myq8ZgQK4_e2NvjTQ&mime_type=video_mp4&qs=0&rc=NXZpTGRTaFBnKWxncmd5aHFsc3IxZGY0PGk1Ojc4aTY6aDRlaTQ5QGkzZ3NtNG86d2Y8MzM0NjMzQFNsa3ZpcUQ6amtqXmJmK2BeaWpgYTojLy9eM2EvYV4wMTI2XzUtLWEjYmJiM2FhXnJgYS0tZDAvc3M%3D&btag=80000e00010000&dy_q=1784944117&feature_id=d6a18d7c5414b1f1e95a75faf9147845&l=20260725094836ECF5C6494D18AAC37DB8&ply_type=3&policy=eyJ2bSI6MywidWlkIjoiMzEyOTY1MDYwMzg4ODE4NSJ9,未使用,审核通过,--,2,--,0,0,0,0,0,0,0,0,0,0,0,0,0,0,0
	7663102817235451945,0715-魏怡-2-修改.mp4,https://video-cn.oceanengine.com/8a80cbe365dca97364ad4215da6755b6/6a66b91b/tos-cn-ve-51/os5Qij7nEIzaOUzqSIadAZtQLnWFwEl3dyGAP?a=1402&ch=0&cr=0&dr=3&cd=0%7C0%7C0%7C0&br=1032&bt=1032&cs=0&ds=4&ft=J9ThAGkHH_Myq8ZgQK4_e2NvjTQ&mime_type=video_mp4&qs=0&rc=NXZpTGRTaFBnKWxncmd5aHFsc3IxZGY2OWc5OjhkOGU0Mzk2NDtoQGkzaGg0Om86d2Y8MzM0NjMzQFNsa3ZpcUQ6amtqXmJmK2BeaWpgYTojM2A1LWBjMF8zMTJgNmItLmEjaTFiNmFhXnJgYS0tZDAwc3M%3D&btag=80000200018000&dy_q=1784944117&feature_id=d6a18d7c5414b1f1e95a75faf9147845&l=20260725094836ECF5C6494D18AAC37DB8&ply_type=3&policy=eyJ2bSI6MywidWlkIjoiMzEyOTY1MDYwMzg4ODE4NSJ9,未使用,审核不通过,--,2,--,0,0,0,0,0,0,0,0,0,0,0,0,0,0,0
	7663102806485434410,0725-3-魏怡引流-修改.mp4,https://video-cn.oceanengine.com/c245d7e261c819f699bd5a0802a4b3e3/6a66b912/tos-cn-ve-51/oIfuAioaCQLDNQqDYwgEaWkMxBSAh7ectgL6Ig?a=1402&ch=0&cr=0&dr=3&cd=0%7C0%7C0%7C0&br=1609&bt=1609&cs=0&ds=4&ft=J9ThAGkHH_Myq8ZgQK4_e2NvjTQ&mime_type=video_mp4&qs=0&rc=NXZpTGRTaFBnKWxncmd5aHFsc3IxZGY5OzU2N2doNTg0OTw8ZzY7QGkzbDc4OG86d2Y8MzM0NjMzQFNsa3ZpcUQ6amtqXmJmK2BeaWpgYTojXzA0YzIuNF5eMS80NV82NGEjLmRuamFhXnJgYS0tZDAvc3M%3D&btag=80000200010000&dy_q=1784944117&feature_id=d6a18d7c5414b1f1e95a75faf9147845&l=20260725094836ECF5C6494D18AAC37DB8&ply_type=3&policy=eyJ2bSI6MywidWlkIjoiMzEyOTY1MDYwMzg4ODE4NSJ9,未使用,审核不通过,--,2,--,0,0,0,0,0,0,0,0,0,0,0,0,0,0,0
	7663055315891503114,0716-引流-魏怡-2.mp4,https://video-cn.oceanengine.com/a3f69c414ce453c68662ce19a9e1b344/6a66b908/tos-cn-ve-51/oYgviUNG0CUKeAbYeMRAV1tBhkqJ3sAfjj40Wa?a=1402&ch=0&cr=0&dr=3&cd=0%7C0%7C0%7C0&br=1149&bt=1149&cs=0&ds=3&ft=J9ThAGkHH_Myq8ZgQK4_e2NvjTQ&mime_type=video_mp4&qs=0&rc=NXZpTGRTaFBnKWxncmd5aHFsc3IxZGY7NTQ4ZDw6Z2Y3NzU6ODdlQGkzd2ZnaW86aGQ8MzM0NjMzQFNsa3ZpcUQ6amtqXmJmK2BeaWpgYTojLl40XzI0YzYxMTYwNjZfY2EjczNkaGFhZjVgYS0tZDBhc3M%3D&btag=80000e00010000&dy_q=1784944117&feature_id=d6a18d7c5414b1f1e95a75faf9147845&l=20260725094836ECF5C6494D18AAC37DB8&ply_type=3&policy=eyJ2bSI6MywidWlkIjoiMzEyOTY1MDYwMzg4ODE4NSJ9,未使用,审核通过,--,2,--,0,0,0,0,0,0,0,0,0,0,0,0,0,0,0
	7663055279933472777,0716-引流-魏怡-9.mp4,https://video-cn.oceanengine.com/8d074cc68e069254d0a637a6137a92e6/6a66b907/tos-cn-ve-51/oodM7fdLQINmAIWG1DEp1LtCBwgYhFIpALQKaG?a=1402&ch=0&cr=0&dr=3&cd=0%7C0%7C0%7C0&br=1357&bt=1357&cs=0&ds=3&ft=J9ThAGkHH_Myq8ZgQK4_e2NvjTQ&mime_type=video_mp4&qs=0&rc=NXZpTGRTaFBnKWxncmd5aHFsc3IxZGZkMzU3PDNoOjM8OTY0NzY2QGkzZXV3OW86aGQ8MzM0NjMzQFNsa3ZpcUQ6amtqXmJmK2BeaWpgYTojLi0uMjU1MF5fMTMtNGFeYmEjMi1ec2FhZjVgYS0tZDAwc3M%3D&btag=80000e00010000&dy_q=1784944117&feature_id=d6a18d7c5414b1f1e95a75faf9147845&l=20260725094836ECF5C6494D18AAC37DB8&ply_type=3&policy=eyJ2bSI6MywidWlkIjoiMzEyOTY1MDYwMzg4ODE4NSJ9,未使用,审核通过,--,1,--,0,0,0,0,0,0,0,0,0,0,0,0,0,0,0
	7663055260098527241,0715-引流-魏怡-7.mp4,https://video-cn.oceanengine.com/545dc0032da41428fa2dda857d221118/6a66b906/tos-cn-ve-51/osuUAWODi1tgFY5lkaslEQKIAdHplcAzGzIQq?a=1402&ch=0&cr=0&dr=3&cd=0%7C0%7C0%7C0&br=1375&bt=1375&cs=0&ds=3&ft=J9ThAGkHH_Myq8ZgQK4_e2NvjTQ&mime_type=video_mp4&qs=0&rc=NXZpTGRTaFBnKWxncmd5aHFsc3IxZGZkZjhmOmZkZjhkOzU3NmZmQGlqdmp2ZG86aGQ8MzM0NjMzQFNsa3ZpcUQ6amtqXmJmK2BeaWpgYTojYTA0Nl5iMjZhMTVgNDNjY2EjcGhxMGFhXjVgYS0tZDAvc3M%3D&btag=80000e00010000&dy_q=1784944117&feature_id=d6a18d7c5414b1f1e95a75faf9147845&l=20260725094836ECF5C6494D18AAC37DB8&ply_type=3&policy=eyJ2bSI6MywidWlkIjoiMzEyOTY1MDYwMzg4ODE4NSJ9,未使用,审核通过,--,1,--,0,0,0,0,0,0,0,0,0,0,0,0,0,0,0
	7663055258714243123,0716-引流-魏怡-6.mp4,https://video-cn.oceanengine.com/39e7802a329ef823010ff3e4dbdeb911/6a66b903/tos-cn-ve-51/oIAuId71glIZAptgkQnaYwzQhNliZO8wCEWUF?a=1402&ch=0&cr=0&dr=3&cd=0%7C0%7C0%7C0&br=1418&bt=1418&cs=0&ds=3&ft=J9ThAGkHH_Myq8ZgQK4_e2NvjTQ&mime_type=video_mp4&qs=0&rc=NXZpTGRTaFBnKWxncmd5aHFsc3IxZGZkM2dpNTc0NzxpM2ZlNzNkQGkzajloaG86aGQ8MzM0NjMzQFNsa3ZpcUQ6amtqXmJmK2BeaWpgYTojNTQxMDNhYF9fMS0uX2FfNmEjci5vbGFhXjVgYS0tZDAvc3M%3D&btag=80000e00010000&dy_q=1784944117&feature_id=d6a18d7c5414b1f1e95a75faf9147845&l=20260725094836ECF5C6494D18AAC37DB8&ply_type=3&policy=eyJ2bSI6MywidWlkIjoiMzEyOTY1MDYwMzg4ODE4NSJ9,未使用,审核通过,首发,1,--,0,0,0,0,0,0,0,0,0,0,0,0,0,0,0
	7663055254678781990,0716-引流-魏怡-8.mp4,https://video-cn.oceanengine.com/581c0ded7ee998388ffe45f408b33212/6a66b902/tos-cn-ve-51/ocaOpQbUbIWzqqELlIFWQgBitUGXBDdYAvKAk?a=1402&ch=0&cr=0&dr=3&cd=0%7C0%7C0%7C0&br=1995&bt=1995&cs=0&ds=3&ft=J9ThAGkHH_Myq8ZgQK4_e2NvjTQ&mime_type=video_mp4&qs=0&rc=NXZpTGRTaFBnKWxncmd5aHFsc3IxZGZkODw2PDYzaDpmOTo8NWc2QGkzZDg4ZG86aGQ8MzM0NjMzQFNsa3ZpcUQ6amtqXmJmK2BeaWpgYTojYS0tXmEtMl4xMWIwYTMwMWEjMGMtX2FhXjVgYS0tZDAvc3M%3D&btag=80000e00008000&dy_q=1784944117&feature_id=d6a18d7c5414b1f1e95a75faf9147845&l=20260725094836ECF5C6494D18AAC37DB8&ply_type=3&policy=eyJ2bSI6MywidWlkIjoiMzEyOTY1MDYwMzg4ODE4NSJ9,未使用,审核通过,--,1,--,0,0,0,0,0,0,0,0,0,0,0,0,0,0,0
	7663055246740127782,0716-引流-魏怡-3.mp4,https://video-cn.oceanengine.com/76e63adda5c0cd10e26d2930c03db2c5/6a66b906/tos-cn-ve-51/owmALVdAhFWayAI0QDSmGdIIBfgtYp71QICEUF?a=1402&ch=0&cr=0&dr=3&cd=0%7C0%7C0%7C0&br=1559&bt=1559&cs=0&ds=3&ft=J9ThAGkHH_Myq8ZgQK4_e2NvjTQ&mime_type=video_mp4&qs=0&rc=NXZpTGRTaFBnKWxncmd5aHFsc3IxZGY4ZTM0OWk8OTdoNWY0aGloQGkzeWY2N286aGQ8MzM0NjMzQFNsa3ZpcUQ6amtqXmJmK2BeaWpgYTojYGIuXy01YjZeMS4vNjMzXmEjLmhpLWFhZjVgYS0tZDBhc3M%3D&btag=80000e00010000&dy_q=1784944117&feature_id=d6a18d7c5414b1f1e95a75faf9147845&l=20260725094836ECF5C6494D18AAC37DB8&ply_type=3&policy=eyJ2bSI6MywidWlkIjoiMzEyOTY1MDYwMzg4ODE4NSJ9,未使用,审核通过,--,1,--,0,0,0,0,0,0,0,0,0,0,0,0,0,0,0
	7663055228426240027,0716-引流-魏怡-1.mp4,https://video-cn.oceanengine.com/e1d2aeeb6a7d58ea7ed129744c066ce1/6a66b90b/tos-cn-ve-51/oAgk3kAHKYtEzIQcFE1OzWMq7QGlpdIaAisA2?a=1402&ch=0&cr=0&dr=3&cd=0%7C0%7C0%7C0&br=1441&bt=1441&cs=0&ds=3&ft=J9ThAGkHH_Myq8ZgQK4_e2NvjTQ&mime_type=video_mp4&qs=0&rc=NXZpTGRTaFBnKWxncmd5aHFsc3IxZGY1ZzpoNTszNzY3ODQ8PDRkQGlqdmp2ZG86aGQ8MzM0NjMzQFNsa3ZpcUQ6amtqXmJmK2BeaWpgYTojMV42LV8wYDY2MTAwXzI2NmEjcWhxMGFhZjVgYS0tZDAvc3M%3D&btag=80000e00010000&dy_q=1784944117&feature_id=d6a18d7c5414b1f1e95a75faf9147845&l=20260725094836ECF5C6494D18AAC37DB8&ply_type=3&policy=eyJ2bSI6MywidWlkIjoiMzEyOTY1MDYwMzg4ODE4NSJ9,未使用,审核通过,--,1,--,0,0,0,0,0,0,0,0,0,0,0,0,0,0,0
	7663055226732789769,0716-引流-魏怡-10.mp4,https://video-cn.oceanengine.com/5fd462465499123494c82bc941daff58/6a66b90e/tos-cn-ve-51/o8ihQatqKsjBeregSUUxGmeILL1RNbAsx0CuKA?a=1402&ch=0&cr=0&dr=3&cd=0%7C0%7C0%7C0&br=1795&bt=1795&cs=0&ds=3&ft=J9ThAGkHH_Myq8ZgQK4_e2NvjTQ&mime_type=video_mp4&qs=0&rc=NXZpTGRTaFBnKWxncmd5aHFsc3IxZGZkODRpZDU1aGg3aDk0aTs1QGlqPHJyZ286aGQ8MzM0NjMzQFNsa3ZpcUQ6amtqXmJmK2BeaWpgYTojYzZfMzZjMTU1MS5hMC5iX2Eja3NhYmFhZjVgYS0tZDBhc3M%3D&btag=80000e00010000&dy_q=1784944117&feature_id=d6a18d7c5414b1f1e95a75faf9147845&l=20260725094836ECF5C6494D18AAC37DB8&ply_type=3&policy=eyJ2bSI6MywidWlkIjoiMzEyOTY1MDYwMzg4ODE4NSJ9,未使用,审核通过,--,1,--,0,0,0,0,0,0,0,0,0,0,0,0,0,0,0
	7663055225868468274,0714-引导-雅迪-2-改.mp4,https://video-cn.oceanengine.com/6e7da1b35a5e2ee21ff66c89577d39f9/6a66b908/tos-cn-ve-51/oMS0Q4tVQYIAgBqnBEkAFjMkllopIAqWzdai1?a=1402&ch=0&cr=0&dr=3&cd=0%7C0%7C0%7C0&br=680&bt=680&cs=0&ds=3&ft=J9ThAGkHH_Myq8ZgQK4_e2NvjTQ&mime_type=video_mp4&qs=0&rc=NXZpTGRTaFBnKWxncmd5aHFsc3IxZGY5aTtoZTNoZTxkPGQ2PDo8QGlqb2Q8ZG86ZmQ8MzM0NjMzQFNsa3ZpcUQ6amtqXmJmK2BeaWpgYTojM2A2NWNhL14yMV9eMzJgYWEjZWhebmFhZjVgYS0tZDAvc3M%3D&btag=80000e00010000&dy_q=1784944117&feature_id=d6a18d7c5414b1f1e95a75faf9147845&l=20260725094836ECF5C6494D18AAC37DB8&ply_type=3&policy=eyJ2bSI6MywidWlkIjoiMzEyOTY1MDYwMzg4ODE4NSJ9,未使用,审核通过,首发,1,--,0,0,0,0,0,0,0,0,0,0,0,0,0,0,0
	7663055189575106606,0716-浩正引导-2.mp4,https://video-cn.oceanengine.com/13cd881aa1a85d9873165a9b5b0b1844/6a66b911/tos-cn-ve-51/o4aKFQlkEIMzUlErlIJWQwwitEGNpEdZA4yAk?a=1402&ch=0&cr=0&dr=3&cd=0%7C0%7C0%7C0&br=1342&bt=1342&cs=0&ds=4&ft=J9ThAGkHH_Myq8ZgQK4_e2NvjTQ&mime_type=video_mp4&qs=0&rc=NXZpTGRTaFBnKWxncmd5aHFsc3IxZGZpPGY0NWVmZDM5PGY3NDs6QGkzbjM8OG86ZGQ8MzM0NjMzQFNsa3ZpcUQ6amtqXmJmK2BeaWpgYTojXzVjNGMuYF5iMTY2MjEyYmEjMG4zM2FhLzVgYS0tZDAwc3M%3D&btag=80000200010000&dy_q=1784944117&feature_id=d6a18d7c5414b1f1e95a75faf9147845&l=20260725094836ECF5C6494D18AAC37DB8&ply_type=3&policy=eyJ2bSI6MywidWlkIjoiMzEyOTY1MDYwMzg4ODE4NSJ9,未使用,审核不通过,--,0,--,0,0,0,0,0,0,0,0,0,0,0,0,0,0,0
	7663055161565888522,0716-引导-小敏-1.mp4,https://video-cn.oceanengine.com/d0a3c812f428ecc6f3a4b2b89f81ecdf/6a66b905/tos-cn-ve-51/oEhElEkILxNAWZ9BzIgQaAIzQNOEILltdFsyi?a=1402&ch=0&cr=0&dr=3&cd=0%7C0%7C0%7C0&br=598&bt=598&cs=0&ds=4&ft=J9ThAGkHH_Myq8ZgQK4_e2NvjTQ&mime_type=video_mp4&qs=0&rc=NXZpTGRTaFBnKWxncmd5aHFsc3IxZGZnM2dnZWRlPDppZzdlNDU2QGlqZmZtNG86ZWQ8MzM0NjMzQFNsa3ZpcUQ6amtqXmJmK2BeaWpgYTojMF5fLzYuMF9eMTAvNV9hMmEjMjZiM2FhLzVgYS0tZDAvc3M%3D&btag=80000200010000&dy_q=1784944117&feature_id=d6a18d7c5414b1f1e95a75faf9147845&l=20260725094836ECF5C6494D18AAC37DB8&ply_type=3&policy=eyJ2bSI6MywidWlkIjoiMzEyOTY1MDYwMzg4ODE4NSJ9,未使用,审核不通过,--,0,--,0,0,0,0,0,0,0,0,0,0,0,0,0,0,0
	7663055112802025499,0716-浩正引导-1.mp4,https://video-cn.oceanengine.com/dfeb07947767829d6a927b22f2e744cc/6a66b914/tos-cn-ve-51/o0QQp1cdIAA2Q5aUBFRYI4EQctmvFLkBfh7Ig4?a=1402&ch=0&cr=0&dr=3&cd=0%7C0%7C0%7C0&br=371&bt=371&cs=0&ds=3&ft=J9ThAGkHH_Myq8ZgQK4_e2NvjTQ&mime_type=video_mp4&qs=0&rc=NXZpTGRTaFBnKWxncmd5aHFsc3IxZGZnZWVoaDdkOGU2aWQ1aDQ2QGkzanM6O286ZGQ8MzM0NjMzQFNsa3ZpcUQ6amtqXmJmK2BeaWpgYTojMS5fM2M2YzZjMTUzLjJiLWEjcHIyYmFhLzVgYS0tZDAwc3M%3D&btag=80000e00018000&dy_q=1784944117&feature_id=d6a18d7c5414b1f1e95a75faf9147845&l=20260725094836ECF5C6494D18AAC37DB8&ply_type=3&policy=eyJ2bSI6MywidWlkIjoiMzEyOTY1MDYwMzg4ODE4NSJ9,未使用,审核通过,--,1,--,0,0,0,0,0,0,0,0,0,0,0,0,0,0,0
	7662989870433239066,0715-引导-小敏-3-修改.mp4,https://video-cn.oceanengine.com/e931d0ce39d9ca9f2e6dc730490b46bb/6a66b90c/tos-cn-ve-51/oMAvDQh6EwztIAHEkEQaoIVJGlY9cdWh9wAZ5?a=1402&ch=0&cr=0&dr=3&cd=0%7C0%7C0%7C0&br=1368&bt=1368&cs=0&ds=4&ft=J9ThAGkHH_Myq8ZgQK4_e2NvjTQ&mime_type=video_mp4&qs=0&rc=NXZpTGRTaFBnKWxncmd5aHFsc3IxZGZmOjM0O2c3ZjhmN2c0aDwzQGkzM3lsNG86ajk8MzM0NjMzQFNsa3ZpcUQ6amtqXmJmK2BeaWpgYTojMmEyMDMzYV5eMWFiNTAvLmEjMGhhcGFhL2VgYS0tZDAwc3M%3D&btag=80000200010000&dy_q=1784944117&feature_id=d6a18d7c5414b1f1e95a75faf9147845&l=20260725094836ECF5C6494D18AAC37DB8&ply_type=3&policy=eyJ2bSI6MywidWlkIjoiMzEyOTY1MDYwMzg4ODE4NSJ9,未使用,审核不通过,--,0,--,0,0,0,0,0,0,0,0,0,0,0,0,0,0,0
	7662989870433206298,0715-引导-小敏-2-修改.mp4,https://video-cn.oceanengine.com/59addf127fc5be768b611bd0dcd823b6/6a66b90c/tos-cn-ve-51/oEQtICaYALmEk4vVgjWAPlBoI1QtphcEzEdiw?a=1402&ch=0&cr=0&dr=3&cd=0%7C0%7C0%7C0&br=884&bt=884&cs=0&ds=4&ft=J9ThAGkHH_Myq8ZgQK4_e2NvjTQ&mime_type=video_mp4&qs=0&rc=NXZpTGRTaFBnKWxncmd5aHFsc3IxZGZkNTY1ZmU5ZWk3Njs8ZWdoQGlqNG1zaW86ajk8MzM0NjMzQFNsa3ZpcUQ6amtqXmJmK2BeaWpgYTojYjA2YDY1LV5hMTIwNDExM2EjMl5nXmFhL2VgYS0tZDAvc3M%3D&btag=80000200010000&dy_q=1784944117&feature_id=d6a18d7c5414b1f1e95a75faf9147845&l=20260725094836ECF5C6494D18AAC37DB8&ply_type=3&policy=eyJ2bSI6MywidWlkIjoiMzEyOTY1MDYwMzg4ODE4NSJ9,未使用,审核不通过,--,0,--,0,0,0,0,0,0,0,0,0,0,0,0,0,0,0
	7662989862635503662,0715-引导-小敏-1-修改.mp4,https://video-cn.oceanengine.com/24cde733a32288499a2b349c7e0d868b/6a66b914/tos-cn-ve-51/oswcowlY3qAhtENxd1EAapCJzdIFFWQIOQhwo?a=1402&ch=0&cr=0&dr=3&cd=0%7C0%7C0%7C0&br=644&bt=644&cs=0&ds=4&ft=J9ThAGkHH_Myq8ZgQK4_e2NvjTQ&mime_type=video_mp4&qs=0&rc=NXZpTGRTaFBnKWxncmd5aHFsc3IxZGZnPDM7NWVoMzxmZmY6OWdnQGkzcW00O286ajk8MzM0NjMzQFNsa3ZpcUQ6amtqXmJmK2BeaWpgYTojL142NGMuMDUyMS02YTA1MGEjbDBfaWFhL2VgYS0tZDAwc3M%3D&btag=80000200018000&dy_q=1784944117&feature_id=d6a18d7c5414b1f1e95a75faf9147845&l=20260725094836ECF5C6494D18AAC37DB8&ply_type=3&policy=eyJ2bSI6MywidWlkIjoiMzEyOTY1MDYwMzg4ODE4NSJ9,未使用,审核不通过,--,0,--,0,0,0,0,0,0,0,0,0,0,0,0,0,0,0
	7662989853030219827,0714瑞晨引流修改-10.mp4,https://video-cn.oceanengine.com/dad5312eedfbb772ab1f68704c1d1664/6a66b906/tos-cn-ve-51/ok1AltAQMSdHoEtbzDQkutN2aYI0hIonhpWTV?a=1402&ch=0&cr=0&dr=3&cd=0%7C0%7C0%7C0&br=3644&bt=3644&cs=0&ds=4&ft=J9ThAGkHH_Myq8ZgQK4_e2NvjTQ&mime_type=video_mp4&qs=0&rc=NXZpTGRTaFBnKWxncmd5aHFsc3IxZGY3aGU6NGQ6ZDxnMzs0NTs3QGkzcGRwZ286aDk8MzM0NjMzQFNsa3ZpcUQ6amtqXmJmK2BeaWpgYTojMC8yLzI0MDZjMS0tLS0zNWEjMzBuXmFhbmVgYS0tZDBhc3M%3D&btag=80000200010000&dy_q=1784944117&feature_id=d6a18d7c5414b1f1e95a75faf9147845&l=20260725094836ECF5C6494D18AAC37DB8&ply_type=3&policy=eyJ2bSI6MywidWlkIjoiMzEyOTY1MDYwMzg4ODE4NSJ9,未使用,审核不通过,--,0,--,0,0,0,0,0,0,0,0,0,0,0,0,0,0,0
	7662989840313352201,0715-引导-小敏-5-修改.mp4,https://video-cn.oceanengine.com/e4ce020d4b5c145cae05249798b0a7f8/6a66b903/tos-cn-ve-51/ogAKgBk1h7gQCmoERdYIAtpL9aRxfDINlI3T1Q?a=1402&ch=0&cr=0&dr=3&cd=0%7C0%7C0%7C0&br=1266&bt=1266&cs=0&ds=4&ft=J9ThAGkHH_Myq8ZgQK4_e2NvjTQ&mime_type=video_mp4&qs=0&rc=NXZpTGRTaFBnKWxncmd5aHFsc3IxZGZmODtkaWk6N2c4aDM2Zjo7QGlqOGl3OW86ajk8MzM0NjMzQFNsa3ZpcUQ6amtqXmJmK2BeaWpgYTojMDZfMjZjYjZhMWI0Yy5gMmEjYmNec2FhL2VgYS0tZDAwc3M%3D&btag=80000200008000&dy_q=1784944117&feature_id=d6a18d7c5414b1f1e95a75faf9147845&l=20260725094836ECF5C6494D18AAC37DB8&ply_type=3&policy=eyJ2bSI6MywidWlkIjoiMzEyOTY1MDYwMzg4ODE4NSJ9,未使用,审核不通过,--,0,--,0,0,0,0,0,0,0,0,0,0,0,0,0,0,0
	7662989796920000539,0715-引导-小敏-4-修改.mp4,https://video-cn.oceanengine.com/c8799876540501dc9a9b0352c2829f6f/6a66b90c/tos-cn-ve-51/oEl0zxvWotiQlAEvSWAYEoIQdAlWaEpwTIh5E?a=1402&ch=0&cr=0&dr=3&cd=0%7C0%7C0%7C0&br=1423&bt=1423&cs=0&ds=4&ft=J9ThAGkHH_Myq8ZgQK4_e2NvjTQ&mime_type=video_mp4&qs=0&rc=NXZpTGRTaFBnKWxncmd5aHFsc3IxZGY8ZDtlZWlmOjc6MzU6ZGY7QGkzcHU0aW86ajk8MzM0NjMzQFNsa3ZpcUQ6amtqXmJmK2BeaWpgYTojYGIxMy8vNV8vMS0uXmIvMGEjZS8vbmFhL2VgYS0tZDBhc3M%3D&btag=80000200010000&dy_q=1784944117&feature_id=d6a18d7c5414b1f1e95a75faf9147845&l=20260725094836ECF5C6494D18AAC37DB8&ply_type=3&policy=eyJ2bSI6MywidWlkIjoiMzEyOTY1MDYwMzg4ODE4NSJ9,未使用,审核不通过,--,0,--,0,0,0,0,0,0,0,0,0,0,0,0,0,0,0
	7662989779832127498,0715-引导-小敏-6-修改.mp4,https://video-cn.oceanengine.com/24c99d1d44829ef2aa8e4428da2d9e4b/6a66b900/tos-cn-ve-51/08944e2d7f8b4db68b290ddaa9ee6685?a=1402&ch=0&cr=0&dr=3&cd=0%7C0%7C0%7C0&br=843&bt=843&cs=0&ds=4&ft=J9ThAGkHH_Myq8ZgQK4_e2NvjTQ&mime_type=video_mp4&qs=0&rc=NXZpTGRTaFBnKWxncmd5aHFsc3IxZGY6NGQ5Njw1ZzU8PDRpaDNnQGlqbzZ3NW86ajk8MzM0NjMzQFNsa3ZpcUQ6amtqXmJmK2BeaWpgYTojX2I1MDZjLTY1MS9hMF42NWEjbS5vbmFhL2VgYS0tZDAwc3M%3D&btag=80000200008000&dy_q=1784944117&feature_id=d6a18d7c5414b1f1e95a75faf9147845&l=20260725094836ECF5C6494D18AAC37DB8&ply_type=3&policy=eyJ2bSI6MywidWlkIjoiMzEyOTY1MDYwMzg4ODE4NSJ9,未使用,审核不通过,--,0,--,0,0,0,0,0,0,0,0,0,0,0,0,0,0,0
	7662989773514424358,0715-引导-小敏-7-修改.mp4,https://video-cn.oceanengine.com/1850b22710e8fe1d8eba9429facd895a/6a66b909/tos-cn-ve-51/ow1L6HteIAD0AJJBQgJwVgAbgmtTOmIppQ5aR7?a=1402&ch=0&cr=0&dr=3&cd=0%7C0%7C0%7C0&br=1788&bt=1788&cs=0&ds=4&ft=J9ThAGkHH_Myq8ZgQK4_e2NvjTQ&mime_type=video_mp4&qs=0&rc=NXZpTGRTaFBnKWxncmd5aHFsc3IxZGZpOzQ3ZGY3NzdkNmRoOWRlQGkzcGxnNm86ajk8MzM0NjMzQFNsa3ZpcUQ6amtqXmJmK2BeaWpgYTojYC42Yy8xNDYvMS1gNDUzMmEjcTY0ZmFhL2VgYS0tZDBhc3M%3D&btag=80000200010000&dy_q=1784944117&feature_id=d6a18d7c5414b1f1e95a75faf9147845&l=20260725094836ECF5C6494D18AAC37DB8&ply_type=3&policy=eyJ2bSI6MywidWlkIjoiMzEyOTY1MDYwMzg4ODE4NSJ9,未使用,审核不通过,--,0,--,0,0,0,0,0,0,0,0,0,0,0,0,0,0,0
	7662989769204056110,0714瑞晨引流修改-8.mp4,https://video-cn.oceanengine.com/1ce2c470c07ddde14b0544c6575726e2/6a66b8fe/tos-cn-ve-51/oIZQphaqEIzwW0nyHIadAYtQbGWzgEl2uFpAo?a=1402&ch=0&cr=0&dr=3&cd=0%7C0%7C0%7C0&br=3523&bt=3523&cs=0&ds=4&ft=J9ThAGkHH_Myq8ZgQK4_e2NvjTQ&mime_type=video_mp4&qs=0&rc=NXZpTGRTaFBnKWxncmd5aHFsc3IxZGZkaDtnNjg4NGU1NTllaGVoQGkzcHh2ZG86aDk8MzM0NjMzQFNsa3ZpcUQ6amtqXmJmK2BeaWpgYTojL2BgNGFfMDZgMTMwMy01YWEjbWZwMGFhbmVgYS0tZDAvc3M%3D&btag=80000200008000&dy_q=1784944117&feature_id=d6a18d7c5414b1f1e95a75faf9147845&l=20260725094836ECF5C6494D18AAC37DB8&ply_type=3&policy=eyJ2bSI6MywidWlkIjoiMzEyOTY1MDYwMzg4ODE4NSJ9,未使用,审核不通过,--,0,--,0,0,0,0,0,0,0,0,0,0,0,0,0,0,0
	7662989743489138715,0715瑞晨引流修改-5.mp4,https://video-cn.oceanengine.com/dde933e5c676aa9773c8fdbcb547093b/6a66b904/tos-cn-ve-51/oQjRQmuBdaATe4F3xDtcgm1gCBHQDAALIMolw7?a=1402&ch=0&cr=0&dr=3&cd=0%7C0%7C0%7C0&br=1485&bt=1485&cs=0&ds=4&ft=J9ThAGkHH_Myq8ZgQK4_e2NvjTQ&mime_type=video_mp4&qs=0&rc=NXZpTGRTaFBnKWxncmd5aHFsc3IxZGY4ZTM3aGY6Nzw8PGkzOjQ0QGlqNHJpaG86aDk8MzM0NjMzQFNsa3ZpcUQ6amtqXmJmK2BeaWpgYTojXjBgNmAzYjZeMTMvYzA0XmEjbzQtLWFhbmVgYS0tZDBhc3M%3D&btag=80000200010000&dy_q=1784944117&feature_id=d6a18d7c5414b1f1e95a75faf9147845&l=20260725094836ECF5C6494D18AAC37DB8&ply_type=3&policy=eyJ2bSI6MywidWlkIjoiMzEyOTY1MDYwMzg4ODE4NSJ9,未使用,审核不通过,--,0,--,0,0,0,0,0,0,0,0,0,0,0,0,0,0,0
	7662705484970426419,0715-引导-小敏-2.mp4,https://video-cn.oceanengine.com/7b0361151b954c62224683cf319b55b5/6a66b90c/tos-cn-ve-51/oEpsUBEfwQq3AeAaIohGCg3XCG0sbrPt0Cnfjj?a=1402&ch=0&cr=0&dr=3&cd=0%7C0%7C0%7C0&br=883&bt=883&cs=0&ds=4&ft=J9ThAGkHH_Myq8ZgQK4_e2NvjTQ&mime_type=video_mp4&qs=0&rc=NXZpTGRTaFBnKWxncmd5aHFsc3IxZGZpZzU5ZzZnZTg7ZjQ5aDpnQGkzaXV4Om86NnA8MzM0NjMzQFNsa3ZpcUQ6amtqXmJmK2BeaWpgYTojMDJjNmAzYTUwMTYxXjY0MmEjLmJzc2FhXmBfYS0tZDAwc3M%3D&btag=80000200010000&dy_q=1784944117&feature_id=d6a18d7c5414b1f1e95a75faf9147845&l=20260725094836ECF5C6494D18AAC37DB8&ply_type=3&policy=eyJ2bSI6MywidWlkIjoiMzEyOTY1MDYwMzg4ODE4NSJ9,未使用,审核不通过,--,0,--,0,0,0,0,0,0,0,0,0,0,0,0,0,0,0
	7662705482650484745,0715-引流-魏怡-7.mp4,https://video-cn.oceanengine.com/6d8ee613981e9b5149b2f42a78cbdf20/6a66b906/tos-cn-ve-51/oQXRArqgeIUL1JewtajCbQIRGfnJ0sGFAtBOFQ?a=1402&ch=0&cr=0&dr=3&cd=0%7C0%7C0%7C0&br=2721&bt=2721&cs=0&ds=4&ft=J9ThAGkHH_Myq8ZgQK4_e2NvjTQ&mime_type=video_mp4&qs=0&rc=NXZpTGRTaFBnKWxncmd5aHFsc3IxZGZoM2VpZTM6OmlkZ2gzOjVlQGlqbTg0aW86NHA8MzM0NjMzQFNsa3ZpcUQ6amtqXmJmK2BeaWpgYTojYy8yM18wMDU0MS0wLjYtLWEjZ3IvbmFhL2BfYS0tZDBhc3M%3D&btag=80000e00010000&dy_q=1784944117&feature_id=d6a18d7c5414b1f1e95a75faf9147845&l=20260725094836ECF5C6494D18AAC37DB8&ply_type=3&policy=eyJ2bSI6MywidWlkIjoiMzEyOTY1MDYwMzg4ODE4NSJ9,未使用,审核通过,--,2,--,0,0,0,0,0,0,0,0,0,0,0,0,0,0,0
	7662705450980376585,0715-引流-魏怡-6.mp4,https://video-cn.oceanengine.com/9d914b3fb58ddc3ca2082bf66317fd4d/6a66b906/tos-cn-ve-51/og4XmdRDxlVQdwdtEsaWzXIBIQqFQ20JpAEAM?a=1402&ch=0&cr=0&dr=3&cd=0%7C0%7C0%7C0&br=2642&bt=2642&cs=0&ds=4&ft=J9ThAGkHH_Myq8ZgQK4_e2NvjTQ&mime_type=video_mp4&qs=0&rc=NXZpTGRTaFBnKWxncmd5aHFsc3IxZGZnMzw0MzZpZjk8ZGVlOzU7QGkzdzM4ZG86NHA8MzM0NjMzQFNsa3ZpcUQ6amtqXmJmK2BeaWpgYTojLS00MTVgNTVfMV5iNF80XmEjbmxjb2FhL2BfYS0tZDAwc3M%3D&btag=80000e00010000&dy_q=1784944117&feature_id=d6a18d7c5414b1f1e95a75faf9147845&l=20260725094836ECF5C6494D18AAC37DB8&ply_type=3&policy=eyJ2bSI6MywidWlkIjoiMzEyOTY1MDYwMzg4ODE4NSJ9,未使用,审核通过,--,1,--,0,0,0,0,0,0,0,0,0,0,0,0,0,0,0
	7662705450031562779,0715-引导-小敏-7.mp4,https://video-cn.oceanengine.com/1bdb386d594fee047ac062b5a036f36f/6a66b900/tos-cn-ve-51/oMd1UZPldMZzthIGmIAgalJ0QiREOIAgXDWuU?a=1402&ch=0&cr=0&dr=3&cd=0%7C0%7C0%7C0&br=523&bt=523&cs=0&ds=3&ft=J9ThAGkHH_Myq8ZgQK4_e2NvjTQ&mime_type=video_mp4&qs=0&rc=NXZpTGRTaFBnKWxncmd5aHFsc3IxZGZoOzM0Omk4Z2U5NzY1NzQ6QGlqa3g4aG86NnA8MzM0NjMzQFNsa3ZpcUQ6amtqXmJmK2BeaWpgYTojYmEzL2JfYDZgMTJhYDQ1X2EjMV4uMWFhXmBfYS0tZDAvc3M%3D&btag=80000e00008000&dy_q=1784944117&feature_id=d6a18d7c5414b1f1e95a75faf9147845&l=20260725094836ECF5C6494D18AAC37DB8&ply_type=3&policy=eyJ2bSI6MywidWlkIjoiMzEyOTY1MDYwMzg4ODE4NSJ9,未使用,审核通过,首发,1,--,0,0,0,0,0,0,0,0,0,0,0,0,0,0,0
	7662705442624749578, 0715-引导-小敏-6.mp4,https://video-cn.oceanengine.com/3f62a86ad424f046687c453c276f204c/6a66b909/tos-cn-ve-51/o4WQ7ElnUBDEAQWcd0KIKX2dIzAatTmA5wu9h?a=1402&ch=0&cr=0&dr=3&cd=0%7C0%7C0%7C0&br=1792&bt=1792&cs=0&ds=4&ft=J9ThAGkHH_Myq8ZgQK4_e2NvjTQ&mime_type=video_mp4&qs=0&rc=NXZpTGRTaFBnKWxncmd5aHFsc3IxZGY4M2g8aDllN2loOmVmNDNlQGlqdTZnOm86NnA8MzM0NjMzQFNsa3ZpcUQ6amtqXmJmK2BeaWpgYTojNGM2NDU1XjYvMV81LzUtNmEjcjZqMmFhXmBfYS0tZDBhc3M%3D&btag=80000200010000&dy_q=1784944117&feature_id=d6a18d7c5414b1f1e95a75faf9147845&l=20260725094836ECF5C6494D18AAC37DB8&ply_type=3&policy=eyJ2bSI6MywidWlkIjoiMzEyOTY1MDYwMzg4ODE4NSJ9,未使用,审核不通过,--,0,--,0,0,0,0,0,0,0,0,0,0,0,0,0,0,0
	7662705440946290738,0715-引导-小敏-3.mp4,https://video-cn.oceanengine.com/aaed80470bd0daf1bd675c0c50f281d1/6a66b90c/tos-cn-ve-51/ooEKRT7EIgQ1G3KoWptmXipJfjM1dBALaA7mQB?a=1402&ch=0&cr=0&dr=3&cd=0%7C0%7C0%7C0&br=1440&bt=1440&cs=0&ds=4&ft=J9ThAGkHH_Myq8ZgQK4_e2NvjTQ&mime_type=video_mp4&qs=0&rc=NXZpTGRTaFBnKWxncmd5aHFsc3IxZGY1NTs0NjMzOGkzNTRkaGU0QGlqO2R0M286NnA8MzM0NjMzQFNsa3ZpcUQ6amtqXmJmK2BeaWpgYTojYGJhLi1iLl4wMTRiXmBiLWEjczZvZmFhXmBfYS0tZDBhc3M%3D&btag=80000200010000&dy_q=1784944117&feature_id=d6a18d7c5414b1f1e95a75faf9147845&l=20260725094836ECF5C6494D18AAC37DB8&ply_type=3&policy=eyJ2bSI6MywidWlkIjoiMzEyOTY1MDYwMzg4ODE4NSJ9,未使用,审核不通过,--,0,--,0,0,0,0,0,0,0,0,0,0,0,0,0,0,0
	7662705419853398042,0715-引导-小敏-5.mp4,https://video-cn.oceanengine.com/e64733f37f771bdd6954516358a72956/6a66b90c/tos-cn-ve-51/oMonlUmNCLjAWXpElIgQaAIzQGCEIDItd0Pyd?a=1402&ch=0&cr=0&dr=3&cd=0%7C0%7C0%7C0&br=1433&bt=1433&cs=0&ds=4&ft=J9ThAGkHH_Myq8ZgQK4_e2NvjTQ&mime_type=video_mp4&qs=0&rc=NXZpTGRTaFBnKWxncmd5aHFsc3IxZGY4OGloZDM4ZTQ3NjU3PDRoQGkzaXBrO286NnA8MzM0NjMzQFNsa3ZpcUQ6amtqXmJmK2BeaWpgYTojNS4zYC8vLjU0MTFeLzBfYGEjLmJoZWFhXmBfYS0tZDAvc3M%3D&btag=80000e00010000&dy_q=1784944117&feature_id=d6a18d7c5414b1f1e95a75faf9147845&l=20260725094836ECF5C6494D18AAC37DB8&ply_type=3&policy=eyJ2bSI6MywidWlkIjoiMzEyOTY1MDYwMzg4ODE4NSJ9,未使用,审核通过,--,1,--,0,0,0,0,0,0,0,0,0,0,0,0,0,0,0
	7662705385929408538,0715-引流-魏怡-2.mp4,https://video-cn.oceanengine.com/5eae3daacec00460c139e7255e2c2fa1/6a66b91e/tos-cn-ve-51/o81vxNiEIBiVHQ2eYRNTDziAuYIE2gyegHAKaq?a=1402&ch=0&cr=0&dr=3&cd=0%7C0%7C0%7C0&br=1070&bt=1070&cs=0&ds=4&ft=J9ThAGkHH_Myq8ZgQK4_e2NvjTQ&mime_type=video_mp4&qs=0&rc=NXZpTGRTaFBnKWxncmd5aHFsc3IxZGY4N2kzNmhkNGU3OzhmaTs2QGkzc2l5O286NHA8MzM0NjMzQFNsa3ZpcUQ6amtqXmJmK2BeaWpgYTojXjEuMjFiMTUwMV4vLjRiMGEjLi9sZGFhL2BfYS0tZDBhc3M%3D&btag=80000200018000&dy_q=1784944117&feature_id=d6a18d7c5414b1f1e95a75faf9147845&l=20260725094836ECF5C6494D18AAC37DB8&ply_type=3&policy=eyJ2bSI6MywidWlkIjoiMzEyOTY1MDYwMzg4ODE4NSJ9,未使用,审核不通过,--,0,--,0,0,0,0,0,0,0,0,0,0,0,0,0,0,0
	7662705380100997146,0715-引流-魏怡-5.mp4,https://video-cn.oceanengine.com/23ebf6fff12079eb3af6e4077c8dbe93/6a66b903/tos-cn-ve-51/oA1jDlQAQkuIXAEdrQUaW1QzBmA7IRbdZtEqT?a=1402&ch=0&cr=0&dr=3&cd=0%7C0%7C0%7C0&br=1886&bt=1886&cs=0&ds=3&ft=J9ThAGkHH_Myq8ZgQK4_e2NvjTQ&mime_type=video_mp4&qs=0&rc=NXZpTGRTaFBnKWxncmd5aHFsc3IxZGY1NzVmZjUzZDo3aWU1NGZlQGlqdWZkaG86NHA8MzM0NjMzQFNsa3ZpcUQ6amtqXmJmK2BeaWpgYTojYmNiNmE1MDUxMTUtYF9fMGEjbi1pNWFhL2BfYS0tZDBhc3M%3D&btag=80000e00008000&dy_q=1784944117&feature_id=d6a18d7c5414b1f1e95a75faf9147845&l=20260725094836ECF5C6494D18AAC37DB8&ply_type=3&policy=eyJ2bSI6MywidWlkIjoiMzEyOTY1MDYwMzg4ODE4NSJ9,未使用,审核通过,--,1,--,0,0,0,0,0,0,0,0,0,0,0,0,0,0,0
	7662705376481017882,0715-引导-小敏-1.mp4,https://video-cn.oceanengine.com/96621f9a092cf9bdfa571d401db8fb25/6a66b914/tos-cn-ve-51/3f0a152d3ab940698ca4d0c2c17194da?a=1402&ch=0&cr=0&dr=3&cd=0%7C0%7C0%7C0&br=673&bt=673&cs=0&ds=4&ft=J9ThAGkHH_Myq8ZgQK4_e2NvjTQ&mime_type=video_mp4&qs=0&rc=NXZpTGRTaFBnKWxncmd5aHFsc3IxZGY2ZWY0aWQ8O2RoOGRmaDgzQGlqc3Y1aG86NnA8MzM0NjMzQFNsa3ZpcUQ6amtqXmJmK2BeaWpgYTojMy8tMzEtMzZgMWNfXmBhLWEjNDVob2FhXmBfYS0tZDAwc3M%3D&btag=80000200018000&dy_q=1784944117&feature_id=d6a18d7c5414b1f1e95a75faf9147845&l=20260725094836ECF5C6494D18AAC37DB8&ply_type=3&policy=eyJ2bSI6MywidWlkIjoiMzEyOTY1MDYwMzg4ODE4NSJ9,未使用,审核不通过,--,0,--,0,0,0,0,0,0,0,0,0,0,0,0,0,0,0
	7662705373485203483,0715-引流-魏怡-3.mp4,https://video-cn.oceanengine.com/75288a9ad30f24c7172e9e014c8b4102/6a66b915/tos-cn-ve-51/owBAdzEPjmQPnEIlSAIGdXST0QskaBRpwtGrW?a=1402&ch=0&cr=0&dr=3&cd=0%7C0%7C0%7C0&br=1604&bt=1604&cs=0&ds=4&ft=J9ThAGkHH_Myq8ZgQK4_e2NvjTQ&mime_type=video_mp4&qs=0&rc=NXZpTGRTaFBnKWxncmd5aHFsc3IxZGY4ZDk4Z2czOTdpNDc3NTM4QGkzOms2ZW86NHA8MzM0NjMzQFNsa3ZpcUQ6amtqXmJmK2BeaWpgYTojM15jYDUzLl80MV41NDBeLmEjNjRyZmFhL2BfYS0tZDAwc3M%3D&btag=80000200018000&dy_q=1784944117&feature_id=d6a18d7c5414b1f1e95a75faf9147845&l=20260725094836ECF5C6494D18AAC37DB8&ply_type=3&policy=eyJ2bSI6MywidWlkIjoiMzEyOTY1MDYwMzg4ODE4NSJ9,未使用,审核不通过,--,0,--,0,0,0,0,0,0,0,0,0,0,0,0,0,0,0
	7662705357816004634,0715-引导-小敏-4.mp4,https://video-cn.oceanengine.com/e918332c33ec91dcf12180770e70ed41/6a66b903/tos-cn-ve-51/oEKQqXE5DdFwmGIQtgC0Jd9lIpWAIFCMQaAUz?a=1402&ch=0&cr=0&dr=3&cd=0%7C0%7C0%7C0&br=1276&bt=1276&cs=0&ds=4&ft=J9ThAGkHH_Myq8ZgQK4_e2NvjTQ&mime_type=video_mp4&qs=0&rc=NXZpTGRTaFBnKWxncmd5aHFsc3IxZGY2OWQ5NGk0aTU1aTs0OTVpQGkzczMzPG86NnA8MzM0NjMzQFNsa3ZpcUQ6amtqXmJmK2BeaWpgYTojXjA1Ml5iXl5eMWAwMF80Y2EjNV9oMmFhXmBfYS0tZDAwc3M%3D&btag=80000200008000&dy_q=1784944117&feature_id=d6a18d7c5414b1f1e95a75faf9147845&l=20260725094836ECF5C6494D18AAC37DB8&ply_type=3&policy=eyJ2bSI6MywidWlkIjoiMzEyOTY1MDYwMzg4ODE4NSJ9,未使用,审核不通过,--,0,--,0,0,0,0,0,0,0,0,0,0,0,0,0,0,0
	7662705346276360202,0715-引流-魏怡-10.mp4,https://video-cn.oceanengine.com/80be696610442b818867222af3901af5/6a66b90c/tos-cn-ve-51/oMwGsQzlIuwEmZAdANXQIEOsDnEZFBWjUrtda?a=1402&ch=0&cr=0&dr=3&cd=0%7C0%7C0%7C0&br=1319&bt=1319&cs=0&ds=3&ft=J9ThAGkHH_Myq8ZgQK4_e2NvjTQ&mime_type=video_mp4&qs=0&rc=NXZpTGRTaFBnKWxncmd5aHFsc3IxZGY0NmVnODVoNDZpNzVkNmlnQGkzOGw5ZW86NHA8MzM0NjMzQFNsa3ZpcUQ6amtqXmJmK2BeaWpgYTojLWMzLjA0YzY0MTA0Ll8tY2EjanBhXmFhL2BfYS0tZDAwc3M%3D&btag=80000e00010000&dy_q=1784944117&feature_id=d6a18d7c5414b1f1e95a75faf9147845&l=20260725094836ECF5C6494D18AAC37DB8&ply_type=3&policy=eyJ2bSI6MywidWlkIjoiMzEyOTY1MDYwMzg4ODE4NSJ9,未使用,审核通过,--,1,--,0,0,0,0,0,0,0,0,0,0,0,0,0,0,0
	7662705335255351334,0715-引流-魏怡-1.mp4,https://video-cn.oceanengine.com/567c29005f928f8df124ca609e4780fd/6a66b912/tos-cn-ve-51/o415hkvoCAvQ7AtmFATIJY7gKKB1QaISeMTa7Q?a=1402&ch=0&cr=0&dr=3&cd=0%7C0%7C0%7C0&br=1535&bt=1535&cs=0&ds=4&ft=J9ThAGkHH_Myq8ZgQK4_e2NvjTQ&mime_type=video_mp4&qs=0&rc=NXZpTGRTaFBnKWxncmd5aHFsc3IxZGY8Omc7aDlnZTs8ODxlZzRpQGkzcWQ0NW86NHA8MzM0NjMzQFNsa3ZpcUQ6amtqXmJmK2BeaWpgYTojLzJiY180Y15iMWEvNDVeL2EjaGc0bmFhL2BfYS0tZDAvc3M%3D&btag=80000e00010000&dy_q=1784944117&feature_id=d6a18d7c5414b1f1e95a75faf9147845&l=20260725094836ECF5C6494D18AAC37DB8&ply_type=3&policy=eyJ2bSI6MywidWlkIjoiMzEyOTY1MDYwMzg4ODE4NSJ9,未使用,审核通过,--,1,--,0,0,0,0,0,0,0,0,0,0,0,0,0,0,0
	7662705320095973427,0715-引流-魏怡-8.mp4,https://video-cn.oceanengine.com/0d430d6cc7d44fdc1743dac4d899233b/6a66b90c/tos-cn-ve-51/o81fP2qgYI5VEaMDBNdRqI3yfSPABNgtuqQ2AA?a=1402&ch=0&cr=0&dr=3&cd=0%7C0%7C0%7C0&br=2665&bt=2665&cs=0&ds=4&ft=J9ThAGkHH_Myq8ZgQK4_e2NvjTQ&mime_type=video_mp4&qs=0&rc=NXZpTGRTaFBnKWxncmd5aHFsc3IxZGY2OjtnNTs1Z2U5PGU8NmZpQGkzM2pxZG86NHA8MzM0NjMzQFNsa3ZpcUQ6amtqXmJmK2BeaWpgYTojYzBjLzYyNjZjMTA2YTEtMWEjZGZwaWFhL2BfYS0tZDBhc3M%3D&btag=80000e00010000&dy_q=1784944117&feature_id=d6a18d7c5414b1f1e95a75faf9147845&l=20260725094836ECF5C6494D18AAC37DB8&ply_type=3&policy=eyJ2bSI6MywidWlkIjoiMzEyOTY1MDYwMzg4ODE4NSJ9,未使用,审核通过,--,1,--,0,0,0,0,0,0,0,0,0,0,0,0,0,0,0
	7662705291852939314,0715-引流-魏怡-9.mp4,https://video-cn.oceanengine.com/9e39e5a0f8f69b00a21880a434a6a04d/6a66b90d/tos-cn-ve-51/oEILElztnXjlGAjI4aBEdzg4J1EBQm4WA7ZdQ?a=1402&ch=0&cr=0&dr=3&cd=0%7C0%7C0%7C0&br=1521&bt=1521&cs=0&ds=3&ft=J9ThAGkHH_Myq8ZgQK4_e2NvjTQ&mime_type=video_mp4&qs=0&rc=NXZpTGRTaFBnKWxncmd5aHFsc3IxZGY0ZmVlPGY2ZWg1ZWk1ODg4QGlqOXFmNm86NHA8MzM0NjMzQFNsa3ZpcUQ6amtqXmJmK2BeaWpgYTojYS9hMGEzNTUvMS4vYTFgNmEjMmpycGFhL2BfYS0tZDAvc3M%3D&btag=80000e00010000&dy_q=1784944117&feature_id=d6a18d7c5414b1f1e95a75faf9147845&l=20260725094836ECF5C6494D18AAC37DB8&ply_type=3&policy=eyJ2bSI6MywidWlkIjoiMzEyOTY1MDYwMzg4ODE4NSJ9,未使用,审核通过,--,1,--,0,0,0,0,0,0,0,0,0,0,0,0,0,0,0
	7662638692850843694,0714-引流-魏怡-3.mp4,https://video-cn.oceanengine.com/b18b4d8c53634b60ef10cba8c69e1839/6a66b922/tos-cn-ve-51/oU5ShtaJmBgVVE7qhX7I5SAARQ4Q7WFJK1I2fB?a=1402&ch=0&cr=0&dr=3&cd=0%7C0%7C0%7C0&br=1073&bt=1073&cs=0&ds=4&ft=J9ThAGkHH_Myq8ZgQK4_e2NvjTQ&mime_type=video_mp4&qs=0&rc=NXZpTGRTaFBnKWxncmd5aHFsc3IxZGY3Njc1Njc7NjNpNGk1ZGQ5QGkzeW1xZW86b2w8MzM0NjMzQFNsa3ZpcUQ6amtqXmJmK2BeaWpgYTojNDAwM2NjMl4wMTJfXjIyM2Ejb2wxMWFhL2ZfYS0tZDAwc3M%3D&btag=80000200020000&dy_q=1784944117&feature_id=d6a18d7c5414b1f1e95a75faf9147845&l=20260725094836ECF5C6494D18AAC37DB8&ply_type=3&policy=eyJ2bSI6MywidWlkIjoiMzEyOTY1MDYwMzg4ODE4NSJ9,未使用,审核不通过,--,0,--,0,0,0,0,0,0,0,0,0,0,0,0,0,0,0
	7662638665802072114,0714-引流-魏怡-2.mp4,https://video-cn.oceanengine.com/a98da3d102ba8ac3e021cd390ca7212e/6a66b912/tos-cn-ve-51/owA9EQcLEVztIAACIEQapIJLSlXYLdWh2wsjj?a=1402&ch=0&cr=0&dr=3&cd=0%7C0%7C0%7C0&br=1341&bt=1341&cs=0&ds=4&ft=J9ThAGkHH_Myq8ZgQK4_e2NvjTQ&mime_type=video_mp4&qs=0&rc=NXZpTGRTaFBnKWxncmd5aHFsc3IxZGZoaDY8N2hoZDQzNTw8aGdkQGkzZm5sNG86b2w8MzM0NjMzQFNsa3ZpcUQ6amtqXmJmK2BeaWpgYTojXzBiX2IyLl9gMV8zM2M1MGEjNmtzZWFhL2ZfYS0tZDAwc3M%3D&btag=80000200018000&dy_q=1784944117&feature_id=d6a18d7c5414b1f1e95a75faf9147845&l=20260725094836ECF5C6494D18AAC37DB8&ply_type=3&policy=eyJ2bSI6MywidWlkIjoiMzEyOTY1MDYwMzg4ODE4NSJ9,未使用,审核不通过,--,0,--,0,0,0,0,0,0,0,0,0,0,0,0,0,0,0
	7662638658180579337,0714-引流-魏怡-6.mp4,https://video-cn.oceanengine.com/3046799f8269bfe489daa504fac4e038/6a66b90c/tos-cn-ve-51/oAIAAZEaA0zglIdX2nkvpEgt2QWwVtrEcqQrY?a=1402&ch=0&cr=0&dr=3&cd=0%7C0%7C0%7C0&br=1373&bt=1373&cs=0&ds=4&ft=J9ThAGkHH_Myq8ZgQK4_e2NvjTQ&mime_type=video_mp4&qs=0&rc=NXZpTGRTaFBnKWxncmd5aHFsc3IxZGZnZGY6aDY0aTc0aDhmODZpQGlqcGxkZW86b2w8MzM0NjMzQFNsa3ZpcUQ6amtqXmJmK2BeaWpgYTojLzUuXzIwYDYzMTFgYzRiX2Eja2lwbmFhL2ZfYS0tZDAvc3M%3D&btag=80000200010000&dy_q=1784944117&feature_id=d6a18d7c5414b1f1e95a75faf9147845&l=20260725094836ECF5C6494D18AAC37DB8&ply_type=3&policy=eyJ2bSI6MywidWlkIjoiMzEyOTY1MDYwMzg4ODE4NSJ9,未使用,审核不通过,--,0,--,0,0,0,0,0,0,0,0,0,0,0,0,0,0,0
	7662638649452281866,0714-引流-魏怡-4.mp4,https://video-cn.oceanengine.com/246cbf8ee149d00dc77cd6866f3a198c/6a66b931/tos-cn-ve-51/oYEQATQEpAQWibMzaVcDltWXZTdI2ZJIpNiXg?a=1402&ch=0&cr=0&dr=3&cd=0%7C0%7C0%7C0&br=1252&bt=1252&cs=0&ds=4&ft=J9ThAGkHH_Myq8ZgQK4_e2NvjTQ&mime_type=video_mp4&qs=0&rc=NXZpTGRTaFBnKWxncmd5aHFsc3IxZGZnNTplNzs6OzY2Mzg5O2Y7QGlqPGk4NW86b2w8MzM0NjMzQFNsa3ZpcUQ6amtqXmJmK2BeaWpgYTojYy42L180MTU0MS0wYmNiNGEjNmFvX2FhL2ZfYS0tZDBhc3M%3D&btag=80000200028000&dy_q=1784944117&feature_id=d6a18d7c5414b1f1e95a75faf9147845&l=20260725094836ECF5C6494D18AAC37DB8&ply_type=3&policy=eyJ2bSI6MywidWlkIjoiMzEyOTY1MDYwMzg4ODE4NSJ9,未使用,审核不通过,--,0,--,0,0,0,0,0,0,0,0,0,0,0,0,0,0,0
	7662638623679479818,0714-引流-魏怡-1.mp4,https://video-cn.oceanengine.com/9dc093fdff40cbab03b28f0bb4f7fa66/6a66b924/tos-cn-ve-51/oAXfVJZDNE6A5C2RelIQVu1qtHHa2AUyBgPlRV?a=1402&ch=0&cr=0&dr=3&cd=0%7C0%7C0%7C0&br=1673&bt=1673&cs=0&ds=4&ft=J9ThAGkHH_Myq8ZgQK4_e2NvjTQ&mime_type=video_mp4&qs=0&rc=NXZpTGRTaFBnKWxncmd5aHFsc3IxZGZkO2c2NjgzOjk2OzkzNGg2QGlqb3dsaW86b2w8MzM0NjMzQFNsa3ZpcUQ6amtqXmJmK2BeaWpgYTojNS0zYS02XzYxMTMxNWI0X2EjMHJqYmFhL2ZfYS0tZDAvc3M%3D&btag=80000200020000&dy_q=1784944117&feature_id=d6a18d7c5414b1f1e95a75faf9147845&l=20260725094836ECF5C6494D18AAC37DB8&ply_type=3&policy=eyJ2bSI6MywidWlkIjoiMzEyOTY1MDYwMzg4ODE4NSJ9,未使用,审核不通过,--,0,--,0,0,0,0,0,0,0,0,0,0,0,0,0,0,0
	7662605341418520627,0715瑞晨引流-3.mp4,https://video-cn.oceanengine.com/1c88d5cfccf0652032f34416fd838c42/6a66b918/tos-cn-ve-51/oEaBA0DczACUIlOI8WkgXHQhiWLAwdQtxmQE5?a=1402&ch=0&cr=0&dr=3&cd=0%7C0%7C0%7C0&br=3349&bt=3349&cs=0&ds=4&ft=J9ThAGkHH_Myq8ZgQK4_e2NvjTQ&mime_type=video_mp4&qs=0&rc=NXZpTGRTaFBnKWxncmd5aHFsc3IxZGZkZGZkNDdkZTVmZGczZ2g3QGkzNmpoOW86NWo8MzM0NjMzQFNsa3ZpcUQ6amtqXmJmK2BeaWpgYTojMmIxYmEzMV9eMWIuYy80X2EjZS1iXmFhZmpfYS0tZDAvc3M%3D&btag=80000200018000&dy_q=1784944117&feature_id=d6a18d7c5414b1f1e95a75faf9147845&l=20260725094836ECF5C6494D18AAC37DB8&ply_type=3&policy=eyJ2bSI6MywidWlkIjoiMzEyOTY1MDYwMzg4ODE4NSJ9,未使用,审核不通过,--,0,--,0,0,0,0,0,0,0,0,0,0,0,0,0,0,0
	7662605290009985051,0715瑞晨引流-5.mp4,https://video-cn.oceanengine.com/1b0541081b19dd84c4b70470ea986a98/6a66b904/tos-cn-ve-51/oECXV5k7MTkzClKdcl9CShIKtQEaQWaLRAmAI?a=1402&ch=0&cr=0&dr=3&cd=0%7C0%7C0%7C0&br=1491&bt=1491&cs=0&ds=4&ft=J9ThAGkHH_Myq8ZgQK4_e2NvjTQ&mime_type=video_mp4&qs=0&rc=NXZpTGRTaFBnKWxncmd5aHFsc3IxZGY8ZjQ8Mzg6M2g0OztkaTQ5QGkzNGU8N286NWo8MzM0NjMzQFNsa3ZpcUQ6amtqXmJmK2BeaWpgYTojY2JeNjAtYTYyMTRiYjYyNWEjLmtfNmFhZmpfYS0tZDBhc3M%3D&btag=80000200010000&dy_q=1784944117&feature_id=d6a18d7c5414b1f1e95a75faf9147845&l=20260725094836ECF5C6494D18AAC37DB8&ply_type=3&policy=eyJ2bSI6MywidWlkIjoiMzEyOTY1MDYwMzg4ODE4NSJ9,未使用,审核不通过,--,0,--,0,0,0,0,0,0,0,0,0,0,0,0,0,0,0
	7662605228669845514,0715瑞晨引流-4.mp4,https://video-cn.oceanengine.com/80baaac317c7efdae815422ab88a2aca/6a66b8fe/tos-cn-ve-51/o0m6BgFNABQIpgu1O4mt7WgKQAdIhIfunQaOBR?a=1402&ch=0&cr=0&dr=3&cd=0%7C0%7C0%7C0&br=3564&bt=3564&cs=0&ds=4&ft=J9ThAGkHH_Myq8ZgQK4_e2NvjTQ&mime_type=video_mp4&qs=0&rc=NXZpTGRTaFBnKWxncmd5aHFsc3IxZGZpN2U8aDZnO2k4Mzo0M2lpQGlqbnVlM286NWo8MzM0NjMzQFNsa3ZpcUQ6amtqXmJmK2BeaWpgYTojMy1iYzJfMDViMWMtX2A1MGEjZy1oaGFhZmpfYS0tZDBhc3M%3D&btag=80000200008000&dy_q=1784944117&feature_id=d6a18d7c5414b1f1e95a75faf9147845&l=20260725094836ECF5C6494D18AAC37DB8&ply_type=3&policy=eyJ2bSI6MywidWlkIjoiMzEyOTY1MDYwMzg4ODE4NSJ9,未使用,审核不通过,--,0,--,0,0,0,0,0,0,0,0,0,0,0,0,0,0,0
	7662604410175275035,0714-瑞晨引导-15.mp4,https://video-cn.oceanengine.com/6cbc784401b32e2e4698e954951b85bb/6a66b902/tos-cn-ve-51/5a1c0936dc6e4905bea6172e2adccce2?a=1402&ch=0&cr=0&dr=3&cd=0%7C0%7C0%7C0&br=2979&bt=2979&cs=0&ds=4&ft=J9ThAGkHH_Myq8ZgQK4_e2NvjTQ&mime_type=video_mp4&qs=0&rc=NXZpTGRTaFBnKWxncmd5aHFsc3IxZGZoaTdpZDM0NTQ6Njc6ZmQ1QGkzam5saW86ZWo8MzM0NjMzQFNsa3ZpcUQ6amtqXmJmK2BeaWpgYTojYjFgNGEzXjZiMWNhYC0wYmEjbm5qYmFhZmhfYS0tZDAvc3M%3D&btag=80000200008000&dy_q=1784944117&feature_id=d6a18d7c5414b1f1e95a75faf9147845&l=20260725094836ECF5C6494D18AAC37DB8&ply_type=3&policy=eyJ2bSI6MywidWlkIjoiMzEyOTY1MDYwMzg4ODE4NSJ9,未使用,审核不通过,--,0,--,0,0,0,0,0,0,0,0,0,0,0,0,0,0,0
	7662604396665045043,0714-瑞晨引导-7.mp4,https://video-cn.oceanengine.com/429d7b654dd414579fef1fdfcadd8bca/6a66b8fe/tos-cn-ve-51/ogZzLMCITWadEQtcLr1n6Nq3aIHAXkaWQAElK?a=1402&ch=0&cr=0&dr=3&cd=0%7C0%7C0%7C0&br=3758&bt=3758&cs=0&ds=4&ft=J9ThAGkHH_Myq8ZgQK4_e2NvjTQ&mime_type=video_mp4&qs=0&rc=NXZpTGRTaFBnKWxncmd5aHFsc3IxZGYzN2c0ZDs0OzlpNWQ5ZDY8QGlqNXk2ZG86ZWo8MzM0NjMzQFNsa3ZpcUQ6amtqXmJmK2BeaWpgYTojMDU2MTIyXl4xMWFhXzUyNGEjaWhiM2FhZmhfYS0tZDBhc3M%3D&btag=80000200008000&dy_q=1784944117&feature_id=d6a18d7c5414b1f1e95a75faf9147845&l=20260725094836ECF5C6494D18AAC37DB8&ply_type=3&policy=eyJ2bSI6MywidWlkIjoiMzEyOTY1MDYwMzg4ODE4NSJ9,未使用,审核不通过,--,0,--,0,0,0,0,0,0,0,0,0,0,0,0,0,0,0
	7662604388957339657,0714-瑞晨引导-14.mp4,https://video-cn.oceanengine.com/31e92c6211eddc0682ce8e6e54e93907/6a66b90a/tos-cn-ve-51/okQQbbCUeruFR0edOgCqNAgGGoBjAcQIfIGrth?a=1402&ch=0&cr=0&dr=3&cd=0%7C0%7C0%7C0&br=1147&bt=1147&cs=0&ds=3&ft=J9ThAGkHH_Myq8ZgQK4_e2NvjTQ&mime_type=video_mp4&qs=0&rc=NXZpTGRTaFBnKWxncmd5aHFsc3IxZGY5ODNpZzhpOmQ0NGdnOzw2QGkzbnk0NG86ZWo8MzM0NjMzQFNsa3ZpcUQ6amtqXmJmK2BeaWpgYTojNC4zYTY0LTYvMTAvLy5eYGEjNXJfbWFhZmhfYS0tZDAwc3M%3D&btag=80000e00010000&dy_q=1784944117&feature_id=d6a18d7c5414b1f1e95a75faf9147845&l=20260725094836ECF5C6494D18AAC37DB8&ply_type=3&policy=eyJ2bSI6MywidWlkIjoiMzEyOTY1MDYwMzg4ODE4NSJ9,未使用,审核通过,--,1,--,0,0,0,0,0,0,0,0,0,0,0,0,0,0,0
	7662604387910729778,0714-瑞晨引导-6.mp4,https://video-cn.oceanengine.com/c7c2296b503dbff25f9b0a19dcd63c5a/6a66b8fe/tos-cn-ve-51/oMKlHCmQazWjCI2GALAWWXBErQtdkl2XsKwcI?a=1402&ch=0&cr=0&dr=3&cd=0%7C0%7C0%7C0&br=2305&bt=2305&cs=0&ds=3&ft=J9ThAGkHH_Myq8ZgQK4_e2NvjTQ&mime_type=video_mp4&qs=0&rc=NXZpTGRTaFBnKWxncmd5aHFsc3IxZGYzaDtlPGY1NWk5OzQ7NTY8QGkzcDw7OG86ZWo8MzM0NjMzQFNsa3ZpcUQ6amtqXmJmK2BeaWpgYTojMTMwM2MvYDUtMWI0M18tLmEjb2Btb2FhZmhfYS0tZDAwc3M%3D&btag=80000e00008000&dy_q=1784944117&feature_id=d6a18d7c5414b1f1e95a75faf9147845&l=20260725094836ECF5C6494D18AAC37DB8&ply_type=3&policy=eyJ2bSI6MywidWlkIjoiMzEyOTY1MDYwMzg4ODE4NSJ9,未使用,审核通过,--,1,--,0,0,0,0,0,0,0,0,0,0,0,0,0,0,0
	7662604383391285274,0714-瑞晨引导-5.mp4,https://video-cn.oceanengine.com/2eed6d31e68b59641d70b6033c87877b/6a66b904/tos-cn-ve-51/okgYo2EpIXXHi1e8c4BqKAeM0kCjAezemQbltC?a=1402&ch=0&cr=0&dr=3&cd=0%7C0%7C0%7C0&br=489&bt=489&cs=0&ds=6&ft=J9ThAGkHH_Myq8ZgQK4_e2NvjTQ&mime_type=video_mp4&qs=0&rc=NXZpTGRTaFBnKWxncmd5aHFsc3IxZGY1NTRlZGU1MzVpOzQ8ZWhlQGkzPG06ZW86ZWo8MzM0NjMzQFNsa3ZpcUQ6amtqXmJmK2BeaWpgYTojMmIzYDYyYl9eMTYtMGFhLWEjNGMyZ2FhbmhfYS0tZDBhc3M%3D&btag=80000e00010000&dy_q=1784944117&feature_id=d6a18d7c5414b1f1e95a75faf9147845&l=20260725094836ECF5C6494D18AAC37DB8&ply_type=3&policy=eyJ2bSI6MywidWlkIjoiMzEyOTY1MDYwMzg4ODE4NSJ9,未使用,审核通过,--,1,--,0,0,0,0,0,0,0,0,0,0,0,0,0,0,0
	7662604373985902602,0714-瑞晨引导-3.mp4,https://video-cn.oceanengine.com/95e5241d83bc9791b00855d8f4bd302e/6a66b904/tos-cn-ve-51/o0KzrdXkWcsIsZlETKQFsTjDALatA6kbNIKLQ?a=1402&ch=0&cr=0&dr=3&cd=0%7C0%7C0%7C0&br=1628&bt=1628&cs=0&ds=4&ft=J9ThAGkHH_Myq8ZgQK4_e2NvjTQ&mime_type=video_mp4&qs=0&rc=NXZpTGRTaFBnKWxncmd5aHFsc3IxZGZkNzVpZGdkO2Y8N2U1M2Y7QGkzbW47N286ZWo8MzM0NjMzQFNsa3ZpcUQ6amtqXmJmK2BeaWpgYTojNV4tNjEuLjU1MTA1NDYuLmEjcW5samFhZmhfYS0tZDBhc3M%3D&btag=80000e00010000&dy_q=1784944117&feature_id=d6a18d7c5414b1f1e95a75faf9147845&l=20260725094836ECF5C6494D18AAC37DB8&ply_type=3&policy=eyJ2bSI6MywidWlkIjoiMzEyOTY1MDYwMzg4ODE4NSJ9,未使用,审核通过,--,1,--,0,0,0,0,0,0,0,0,0,0,0,0,0,0,0
	7662604348090630154,0714-瑞晨引导-9.mp4,https://video-cn.oceanengine.com/93b98377c42183b934d62e643bf9750a/6a66b8fe/tos-cn-ve-51/oUQPIAaKUFaAMtm61kOXUghBQQ3uAyfIF5a47S?a=1402&ch=0&cr=0&dr=3&cd=0%7C0%7C0%7C0&br=2544&bt=2544&cs=0&ds=3&ft=J9ThAGkHH_Myq8ZgQK4_e2NvjTQ&mime_type=video_mp4&qs=0&rc=NXZpTGRTaFBnKWxncmd5aHFsc3IxZGY3NGY2ZjVoOzo1OmQ2NjtnQGkzOm45Z286ZWo8MzM0NjMzQFNsa3ZpcUQ6amtqXmJmK2BeaWpgYTojMF8xXmMtXzUuMWIvY2E1X2EjMmZfNmFhZmhfYS0tZDAvc3M%3D&btag=80000e00008000&dy_q=1784944117&feature_id=d6a18d7c5414b1f1e95a75faf9147845&l=20260725094836ECF5C6494D18AAC37DB8&ply_type=3&policy=eyJ2bSI6MywidWlkIjoiMzEyOTY1MDYwMzg4ODE4NSJ9,未使用,审核通过,--,1,--,0,0,0,0,0,0,0,0,0,0,0,0,0,0,0
	7662604342744006666,0714-瑞晨引导-13.mp4,https://video-cn.oceanengine.com/0bbcd7b82d1da02e946c5870b8763fbc/6a66b8ff/tos-cn-ve-51/ooCVNQuI13fowBFyg2RMArgpearaEqADzccNUu?a=1402&ch=0&cr=0&dr=3&cd=0%7C0%7C0%7C0&br=1823&bt=1823&cs=0&ds=3&ft=J9ThAGkHH_Myq8ZgQK4_e2NvjTQ&mime_type=video_mp4&qs=0&rc=NXZpTGRTaFBnKWxncmd5aHFsc3IxZGY6OTc6Z2VnNTdoNDVnNjllQGkzc3FnOm86ZWo8MzM0NjMzQFNsa3ZpcUQ6amtqXmJmK2BeaWpgYTojYGFeLjA0YV8uMWFjNS0wL2EjNHJpMmFhZmhfYS0tZDBhc3M%3D&btag=80000e00008000&dy_q=1784944117&feature_id=d6a18d7c5414b1f1e95a75faf9147845&l=20260725094836ECF5C6494D18AAC37DB8&ply_type=3&policy=eyJ2bSI6MywidWlkIjoiMzEyOTY1MDYwMzg4ODE4NSJ9,未使用,审核通过,--,1,--,0,0,0,0,0,0,0,0,0,0,0,0,0,0,0
	7662604335050735643,0714-瑞晨引导-4.mp4,https://video-cn.oceanengine.com/99bf1ae198c74319043521f553a1a5a7/6a66b904/tos-cn-ve-51/oktmBlQAQ6rIXAkdzYYaWtPzLKRmILjcCtEJT?a=1402&ch=0&cr=0&dr=3&cd=0%7C0%7C0%7C0&br=714&bt=714&cs=0&ds=3&ft=J9ThAGkHH_Myq8ZgQK4_e2NvjTQ&mime_type=video_mp4&qs=0&rc=NXZpTGRTaFBnKWxncmd5aHFsc3IxZGY7aTRmaDkzOmQzZjg7ZzplQGlqNmdsZW86ZWo8MzM0NjMzQFNsa3ZpcUQ6amtqXmJmK2BeaWpgYTojNTFeMV80MzVgMWEwYmI2MmEjajBiNGFhZmhfYS0tZDBhc3M%3D&btag=80000e00010000&dy_q=1784944117&feature_id=d6a18d7c5414b1f1e95a75faf9147845&l=20260725094836ECF5C6494D18AAC37DB8&ply_type=3&policy=eyJ2bSI6MywidWlkIjoiMzEyOTY1MDYwMzg4ODE4NSJ9,未使用,审核通过,--,2,--,0,0,0,0,0,0,0,0,0,0,0,0,0,0,0
	7662604313426214958,0714-瑞晨引导-12.mp4,https://video-cn.oceanengine.com/c4964d1ab531a8a97f82ece817dd29b8/6a66b8ff/tos-cn-ve-51/ooQJLtClokSzlCEaKLc6uAgadW7ClIQAmIBXX?a=1402&ch=0&cr=0&dr=3&cd=0%7C0%7C0%7C0&br=1707&bt=1707&cs=0&ds=3&ft=J9ThAGkHH_Myq8ZgQK4_e2NvjTQ&mime_type=video_mp4&qs=0&rc=NXZpTGRTaFBnKWxncmd5aHFsc3IxZGZpMzc1Z2hnaDc5aWY2aTZoQGkzcWY5O286ZWo8MzM0NjMzQFNsa3ZpcUQ6amtqXmJmK2BeaWpgYTojNDUyLjYxXjYyMTAyYzU1NGEjazFrcWFhZmhfYS0tZDAvc3M%3D&btag=80000e00008000&dy_q=1784944117&feature_id=d6a18d7c5414b1f1e95a75faf9147845&l=20260725094836ECF5C6494D18AAC37DB8&ply_type=3&policy=eyJ2bSI6MywidWlkIjoiMzEyOTY1MDYwMzg4ODE4NSJ9,未使用,审核通过,--,2,--,0,0,0,0,0,0,0,0,0,0,0,0,0,0,0
	7662604291624632370,0714-瑞晨引导-10.mp4,https://video-cn.oceanengine.com/7c8d9cf55187efd0ede31314d2b7ec42/6a66b906/tos-cn-ve-51/owtUpH01KAVtg8XQ7Ke4xmKAhJXoEaItB7IQIa?a=1402&ch=0&cr=0&dr=3&cd=0%7C0%7C0%7C0&br=3644&bt=3644&cs=0&ds=4&ft=J9ThAGkHH_Myq8ZgQK4_e2NvjTQ&mime_type=video_mp4&qs=0&rc=NXZpTGRTaFBnKWxncmd5aHFsc3IxZGZmNGU3NzNmNTlmZGg4N2ZnQGkzdjV5OG86ZWo8MzM0NjMzQFNsa3ZpcUQ6amtqXmJmK2BeaWpgYTojMzAwXzBjLl40MWI0YmA2MWEjMW9lYmFhbmhfYS0tZDAwc3M%3D&btag=80000200010000&dy_q=1784944117&feature_id=d6a18d7c5414b1f1e95a75faf9147845&l=20260725094836ECF5C6494D18AAC37DB8&ply_type=3&policy=eyJ2bSI6MywidWlkIjoiMzEyOTY1MDYwMzg4ODE4NSJ9,未使用,审核不通过,--,0,--,0,0,0,0,0,0,0,0,0,0,0,0,0,0,0
	7662604173449560073,0714-瑞晨引导-8.mp4,https://video-cn.oceanengine.com/4c4fc01dc107399b9dccc2b0d9c74e86/6a66b8fe/tos-cn-ve-51/198342b2ad184ef8a117a435a9714b0a?a=1402&ch=0&cr=0&dr=3&cd=0%7C0%7C0%7C0&br=3439&bt=3439&cs=0&ds=4&ft=J9ThAGkHH_Myq8ZgQK4_e2NvjTQ&mime_type=video_mp4&qs=0&rc=NXZpTGRTaFBnKWxncmd5aHFsc3IxZGY5OmU2M2ZoZTczaDY3MzY0QGlqaHM6ZW86ZWo8MzM0NjMzQFNsa3ZpcUQ6amtqXmJmK2BeaWpgYTojXjVfYTEtY180MWMuYWJfYWEjamFzZWFhZmhfYS0tZDAwc3M%3D&btag=80000200008000&dy_q=1784944117&feature_id=d6a18d7c5414b1f1e95a75faf9147845&l=20260725094836ECF5C6494D18AAC37DB8&ply_type=3&policy=eyJ2bSI6MywidWlkIjoiMzEyOTY1MDYwMzg4ODE4NSJ9,未使用,审核不通过,--,0,--,0,0,0,0,0,0,0,0,0,0,0,0,0,0,0
	7662602461531652123,0714-引导-雅迪-1.mp4,https://video-cn.oceanengine.com/331fd0866db790d80e2260d23db1e74a/6a66b915/tos-cn-ve-51/oowlravE0cLldAYW0AtgIQIZrQTHXVJbzXbsI?a=1402&ch=0&cr=0&dr=3&cd=0%7C0%7C0%7C0&br=1850&bt=1850&cs=0&ds=4&ft=J9ThAGkHH_Myq8ZgQK4_e2NvjTQ&mime_type=video_mp4&qs=0&rc=NXZpTGRTaFBnKWxncmd5aHFsc3IxZGY4Omg1PGZlaTc3MzkzPGkzQGlqZnh0M286c2o8MzM0NjMzQFNsa3ZpcUQ6amtqXmJmK2BeaWpgYTojMV4wMGAwYTUyMWAxLzEwMmEjMmtuZmFhbmRfYS0tZDBhc3M%3D&btag=80000200018000&dy_q=1784944117&feature_id=d6a18d7c5414b1f1e95a75faf9147845&l=20260725094836ECF5C6494D18AAC37DB8&ply_type=3&policy=eyJ2bSI6MywidWlkIjoiMzEyOTY1MDYwMzg4ODE4NSJ9,未使用,审核不通过,--,0,--,0,0,0,0,0,0,0,0,0,0,0,0,0,0,0
	7662602460625453102,0714-引导-小敏-3.mp4,https://video-cn.oceanengine.com/b6eed1e81fc9a33c218f69caa1beb887/6a66b90c/tos-cn-ve-51/oQYRg2LANhOgqAmRcLcVlwefTgI1DBahCQUAJV?a=1402&ch=0&cr=0&dr=3&cd=0%7C0%7C0%7C0&br=2095&bt=2095&cs=0&ds=4&ft=J9ThAGkHH_Myq8ZgQK4_e2NvjTQ&mime_type=video_mp4&qs=0&rc=NXZpTGRTaFBnKWxncmd5aHFsc3IxZGY1aWVoaWkzZmQ4NzhpOGc2QGlqcmg0NW86cmo8MzM0NjMzQFNsa3ZpcUQ6amtqXmJmK2BeaWpgYTojLy9hMTY0MF4vMS9gL2JiMGEjMF4zbmFhXmRfYS0tZDAvc3M%3D&btag=80000200010000&dy_q=1784944117&feature_id=d6a18d7c5414b1f1e95a75faf9147845&l=20260725094836ECF5C6494D18AAC37DB8&ply_type=3&policy=eyJ2bSI6MywidWlkIjoiMzEyOTY1MDYwMzg4ODE4NSJ9,未使用,审核不通过,--,0,--,0,0,0,0,0,0,0,0,0,0,0,0,0,0,0
	7662602421063925806,0714-引导-小敏-1.mp4,https://video-cn.oceanengine.com/3cfec2b46abb74912b62dc1fa26e4a2f/6a66b901/tos-cn-ve-51/oAIdXkQzIcsE9iYVQgmd3WZkjFtanlABAWIDJ?a=1402&ch=0&cr=0&dr=3&cd=0%7C0%7C0%7C0&br=2194&bt=2194&cs=0&ds=4&ft=J9ThAGkHH_Myq8ZgQK4_e2NvjTQ&mime_type=video_mp4&qs=0&rc=NXZpTGRTaFBnKWxncmd5aHFsc3IxZGYzPGk6ZzM8ZTM7Z2c5ZmRlQGlqNjpzNW86cmo8MzM0NjMzQFNsa3ZpcUQ6amtqXmJmK2BeaWpgYTojYGIzLzNhNjZiMV4vMjEzLmEjYmNkXmFhZmRfYS0tZDAvc3M%3D&btag=80000200008000&dy_q=1784944117&feature_id=d6a18d7c5414b1f1e95a75faf9147845&l=20260725094836ECF5C6494D18AAC37DB8&ply_type=3&policy=eyJ2bSI6MywidWlkIjoiMzEyOTY1MDYwMzg4ODE4NSJ9,未使用,审核不通过,--,0,--,0,0,0,0,0,0,0,0,0,0,0,0,0,0,0
	7662602366266474522,0714-引导-雅迪-2.mp4,https://video-cn.oceanengine.com/f40c4e48de38fb015fc8d805bcaac13c/6a66b908/tos-cn-ve-51/okAIdHDNZXluEI4aAIEzaXdQtcgBCFuQWZ0wW?a=1402&ch=0&cr=0&dr=3&cd=0%7C0%7C0%7C0&br=1482&bt=1482&cs=0&ds=4&ft=J9ThAGkHH_Myq8ZgQK4_e2NvjTQ&mime_type=video_mp4&qs=0&rc=NXZpTGRTaFBnKWxncmd5aHFsc3IxZGY2aDg6OmZlZjQzOjZmZmhoQGlqaHczaG86c2o8MzM0NjMzQFNsa3ZpcUQ6amtqXmJmK2BeaWpgYTojYC9fMi9iXjVhMWEwYF4uNmEjL2dmX2FhbmRfYS0tZDAwc3M%3D&btag=80000200010000&dy_q=1784944117&feature_id=d6a18d7c5414b1f1e95a75faf9147845&l=20260725094836ECF5C6494D18AAC37DB8&ply_type=3&policy=eyJ2bSI6MywidWlkIjoiMzEyOTY1MDYwMzg4ODE4NSJ9,未使用,审核不通过,--,0,--,0,0,0,0,0,0,0,0,0,0,0,0,0,0,0
	7662602623486935078,0714-浩正瑞晨-10-三改.mp4,https://video-cn.oceanengine.com/c5c90cc1cfc906ffc10dae3854132de1/6a66b921/tos-cn-ve-51/ooHcGaWzXipuIpAACgIIA9QsHQlcEtcQdta7E?a=1402&ch=0&cr=0&dr=3&cd=0%7C0%7C0%7C0&br=1422&bt=1422&cs=0&ds=4&ft=J9ThAGkHH_Myq8ZgQK4_e2NvjTQ&mime_type=video_mp4&qs=0&rc=NXZpTGRTaFBnKWxncmd5aHFsc3IxZGZmNDQ3ZWRkNDdnaTdoOWRpQGlqOmczaG86NWo8MzM0NjMzQFNsa3ZpcUQ6amtqXmJmK2BeaWpgYTojYTMxNDFiYl9gMWMuMWMzMWEjcmw0YmFhL2VfYS0tZDAvc3M%3D&btag=80000200018000&dy_q=1784944117&feature_id=d6a18d7c5414b1f1e95a75faf9147845&l=20260725094836ECF5C6494D18AAC37DB8&ply_type=3&policy=eyJ2bSI6MywidWlkIjoiMzEyOTY1MDYwMzg4ODE4NSJ9,未使用,审核不通过,--,0,--,0,0,0,0,0,0,0,0,0,0,0,0,0,0,0
	7662602581948547098,0714-浩正瑞晨-9-三改.mp4,https://video-cn.oceanengine.com/67021601838e99afc88b4e48fcd09a43/6a66b912/tos-cn-ve-51/ostPIQQBHQzWkGXcgPEGiIAAlEa5vHdnWgNFI?a=1402&ch=0&cr=0&dr=3&cd=0%7C0%7C0%7C0&br=1957&bt=1957&cs=0&ds=4&ft=J9ThAGkHH_Myq8ZgQK4_e2NvjTQ&mime_type=video_mp4&qs=0&rc=NXZpTGRTaFBnKWxncmd5aHFsc3IxZGY2aWg6ZjZoOTs2ZTU8ZzY1QGlqOnhvOm86NWo8MzM0NjMzQFNsa3ZpcUQ6amtqXmJmK2BeaWpgYTojYjIuYzJeNF9gMWAzLmMvLWEjLzVlLWFhL2VfYS0tZDAvc3M%3D&btag=80000200018000&dy_q=1784944117&feature_id=d6a18d7c5414b1f1e95a75faf9147845&l=20260725094836ECF5C6494D18AAC37DB8&ply_type=3&policy=eyJ2bSI6MywidWlkIjoiMzEyOTY1MDYwMzg4ODE4NSJ9,未使用,审核不通过,--,0,--,0,0,0,0,0,0,0,0,0,0,0,0,0,0,0
	7662602560545849371,0714-浩正瑞晨-6-三改.mp4,https://video-cn.oceanengine.com/320a1f3289f327a6680d20c0502f374a/6a66b923/tos-cn-ve-51/o8GXxWvlUQEzil2dc4sSVQIGtQEawWAIBA3AI?a=1402&ch=0&cr=0&dr=3&cd=0%7C0%7C0%7C0&br=1117&bt=1117&cs=0&ds=4&ft=J9ThAGkHH_Myq8ZgQK4_e2NvjTQ&mime_type=video_mp4&qs=0&rc=NXZpTGRTaFBnKWxncmd5aHFsc3IxZGY3PGQ1ZWk1ODw6N2c2NmlnQGkzajV4aW86NWo8MzM0NjMzQFNsa3ZpcUQ6amtqXmJmK2BeaWpgYTojMy0yNS5eXjYuMTNhMC9iNWEjNl4tXmFhL2VfYS0tZDAwc3M%3D&btag=80000200020000&dy_q=1784944117&feature_id=d6a18d7c5414b1f1e95a75faf9147845&l=20260725094836ECF5C6494D18AAC37DB8&ply_type=3&policy=eyJ2bSI6MywidWlkIjoiMzEyOTY1MDYwMzg4ODE4NSJ9,未使用,审核不通过,--,0,--,0,0,0,0,0,0,0,0,0,0,0,0,0,0,0
	7662602558097080370,0714-浩正瑞晨-5-三改.mp4,https://video-cn.oceanengine.com/e0e6f5c2caa84dd4799d45cb408d1b0c/6a66b911/tos-cn-ve-51/oM41AXkE7E7t0NEAmQzIKfJSmRpoagQHBI1Edm?a=1402&ch=0&cr=0&dr=3&cd=0%7C0%7C0%7C0&br=1210&bt=1210&cs=0&ds=4&ft=J9ThAGkHH_Myq8ZgQK4_e2NvjTQ&mime_type=video_mp4&qs=0&rc=NXZpTGRTaFBnKWxncmd5aHFsc3IxZGZmOGZoOjU4ZzllZ2RkaDU1QGlqaGtnNm86NWo8MzM0NjMzQFNsa3ZpcUQ6amtqXmJmK2BeaWpgYTojXzIxNDJhYjYzMWMtLjNjNWEjc2gzZmFhL2VfYS0tZDBhc3M%3D&btag=80000200010000&dy_q=1784944117&feature_id=d6a18d7c5414b1f1e95a75faf9147845&l=20260725094836ECF5C6494D18AAC37DB8&ply_type=3&policy=eyJ2bSI6MywidWlkIjoiMzEyOTY1MDYwMzg4ODE4NSJ9,未使用,审核不通过,--,0,--,0,0,0,0,0,0,0,0,0,0,0,0,0,0,0
	7662602552812486706,0714-浩正瑞晨-11-三改.mp4,https://video-cn.oceanengine.com/c05cf033c47be137348454a226cc4351/6a66b912/tos-cn-ve-51/oEQXIggemGLKACa1CtFcIh9D8RPBE7IQmZ4zAx?a=1402&ch=0&cr=0&dr=3&cd=0%7C0%7C0%7C0&br=1233&bt=1233&cs=0&ds=4&ft=J9ThAGkHH_Myq8ZgQK4_e2NvjTQ&mime_type=video_mp4&qs=0&rc=NXZpTGRTaFBnKWxncmd5aHFsc3IxZGYzNThkN2Y1O2c8M2llZWdoQGkzanBqOm86NWo8MzM0NjMzQFNsa3ZpcUQ6amtqXmJmK2BeaWpgYTojXzFhMmAzMV5fMV5eLi9fNWEjc21gZGFhL2VfYS0tZDBhc3M%3D&btag=80000200018000&dy_q=1784944117&feature_id=d6a18d7c5414b1f1e95a75faf9147845&l=20260725094836ECF5C6494D18AAC37DB8&ply_type=3&policy=eyJ2bSI6MywidWlkIjoiMzEyOTY1MDYwMzg4ODE4NSJ9,未使用,审核不通过,--,0,--,0,0,0,0,0,0,0,0,0,0,0,0,0,0,0
	7661187006646501412,微信视频2026-07-11_163704_323.mp4,https://video-cn.oceanengine.com/d7c8623f7406bb5bbdba842305558fbb/6a66b911/tos-cn-ve-51/oQygv5aftHAMK7rABm2kAAvBYUjQImgoQ1vbi7?a=1402&ch=0&cr=0&dr=3&cd=0%7C0%7C0%7C0&br=1021&bt=1021&cs=0&ds=3&ft=J9ThAGkHH_Myq8ZgQK4_e2NvjTQ&mime_type=video_mp4&qs=0&rc=NXZpTGRTaFBnKWxncmd5aHFsc3IxZGY4ZDU6aGhpZTU3OWVkNjQ8QGkzMzo2ZG86OXk8MzM0NjMzQFNsa3ZpcUQ6amtqXmJmK2BeaWpgYTojYmIxLWBgLl5iMTZfYDAyYWEjNmNiM2FhXmNeYS0tZDBhc3M%3D&btag=80000e00010000&dy_q=1784944117&feature_id=d6a18d7c5414b1f1e95a75faf9147845&l=20260725094836ECF5C6494D18AAC37DB8&ply_type=3&policy=eyJ2bSI6MywidWlkIjoiMzEyOTY1MDYwMzg4ODE4NSJ9,未使用,审核通过,--,4,--,0,0,0,0,0,0,0,0,0,0,0,0,0,0,0
	7661186975484379190,微信视频_20260711163647.mp4,https://video-cn.oceanengine.com/6a99871f1a9707086bbf40d77bd846d2/6a66b908/tos-cn-ve-51/13538b55e4c44081a302871672a0345d?a=1402&ch=0&cr=0&dr=3&cd=0%7C0%7C0%7C0&br=928&bt=928&cs=0&ds=3&ft=J9ThAGkHH_Myq8ZgQK4_e2NvjTQ&mime_type=video_mp4&qs=0&rc=NXZpTGRTaFBnKWxncmd5aHFsc3IxZGY8ZGVoZ2hnZTU5aWU2PGhkQGkzMzo2ZG86OXk8MzM0NjMzQFNsa3ZpcUQ6amtqXmJmK2BeaWpgYTojMC9jNF8uMTZeMV9gYl8xMGEjXmNiM2FhXmNeYS0tZDBhc3M%3D&btag=80000e00010000&dy_q=1784944117&feature_id=d6a18d7c5414b1f1e95a75faf9147845&l=20260725094836ECF5C6494D18AAC37DB8&ply_type=3&policy=eyJ2bSI6MywidWlkIjoiMzEyOTY1MDYwMzg4ODE4NSJ9,未使用,审核通过,--,4,--,0,0,0,0,0,0,0,0,0,0,0,0,0,0,0
	7665935383276404777,图文1,"https://ad.oceanengine.com/material_center/outer/video_player?token=CmMFKz%2BSyGqnXdNbzJHgCiwDXUIv7INHS0fHOjolWWVZVUMDYRaDhmDfvWSF5dCEniH74UiMvfHzqgKSxYohzZ1VcuKQH8EyzYFAMosrR1%2FYVZ8eg0zxxln%2BEtM2mn9%2FKBvlWCEaSwo8AAAAAAAAAAAAAFCzG4Z8t%2BwqPEwrpMRbKEF3Wc5bObCe4XWHlXjj3cdb82ESrs1UF2IqD1ChhOB2a5BVEI%2Fflw4Yvfeq7g4gASIBA5UX1kI%3D
https://p6-mapi-sign.creativityeco.com/tos-cn-i-dy/a3405e3ff25b486cbb7a24bc80d92ca7~tplv-iq460dd072-origin.image?key=%23xELpBibnZpB0EXaSExgNRHmlbqpHzqTqDgYnO5%2FRm8KyCz9%2FOP%2FQCBOmL50MDPdvo9rbW71TT%2Fk%2F1b6napn6EKdYBeP54Fn25Wqai8CKGRKb04p6T3CNLhZyPNvlrThoQ0hn2pXAeJYN2JqiGbtYbeQTxnyMOIG2tw%3D%3D&lk3s=62ea907e&sign_for=m_api&x-expires=1784991339&x-signature=yXrC3RKoNITrqPR3IaiSGCBufLY%3D
https://p9-mapi-sign.creativityeco.com/tos-cn-i-dy/938b9b1994e646af82ed8e7d4b8558fd~tplv-iq460dd072-origin.image?key=%23xELpBibnZpB0EXaSExgNRHmlbqpHzqTqDgYnO5%2FRm8KyCz9%2FOP%2FQCBOmL50MDPdvo9rbW71TT%2Fk%2F1b6napn6EKdYBeP54Fn25Wqai8CKGRKb04p6T3CNLhZyPNvlrThoQ0hn2pXAeJYN2JqiGbtYbeQTxnyMOIG2tw%3D%3D&lk3s=62ea907e&sign_for=m_api&x-expires=1784991339&x-signature=kPZ0i49s78uwKhGZ2gTTgWb17GE%3D
https://p6-mapi-sign.creativityeco.com/tos-cn-i-dy/68a5f53070344448b513ee947f9426f6~tplv-iq460dd072-origin.image?key=%23xELpBibnZpB0EXaSExgNRHmlbqpHzqTqDgYnO5%2FRm8KyCz9%2FOP%2FQCBOmL50MDPdvo9rbW71TT%2Fk%2F1b6napn6EKdYBeP54Fn25Wqai8CKGRKb04p6T3CNLhZyPNvlrThoQ0hn2pXAeJYN2JqiGbtYbeQTxnyMOIG2tw%3D%3D&lk3s=62ea907e&sign_for=m_api&x-expires=1784991339&x-signature=fFRLs0x2C5cAjmQhw6LNFKmjEnI%3D
https://p3-mapi-sign.creativityeco.com/tos-cn-i-dy/59d64754bb574d41bf8905d5d999b2f1~tplv-iq460dd072-origin.image?key=%23xELpBibnZpB0EXaSExgNRHmlbqpHzqTqDgYnO5%2FRm8KyCz9%2FOP%2FQCBOmL50MDPdvo9rbW71TT%2Fk%2F1b6napn6EKdYBeP54Fn25Wqai8CKGRKb04p6T3CNLhZyPNvlrThoQ0hn2pXAeJYN2JqiGbtYbeQTxnyMOIG2tw%3D%3D&lk3s=62ea907e&sign_for=m_api&x-expires=1784991339&x-signature=LfE062fXjJBleel2lMpG05UqlAc%3D",,,,,,14.61,319,9,2.82,1.62,45.8,0,0,0,0,0,0,0,0,0
	7665935357737304106,图文1,"https://ad.oceanengine.com/material_center/outer/video_player?token=CmNZxV%2BGRHJa6mfnGMUYtjmPkS7Fdpi2mIosTfO9hxUmV%2FyJ8tlP4EoKUS%2Bh2MeoBPcZnDa8uRihIPVGGTdHxQI%2FWpZoRYgbmI8BQZeuNrtfPBR0K8uQdGo58FRM6Po%2B9mDEoGEaSwo8AAAAAAAAAAAAAFCzG4Z8t%2BwqPEwrpMRbKEF3Wc5bObCe4XWHlXjj3cdb82ESrs1UF2IqD1ChhOB2a5BVEO%2Felw4Yvfeq7g4gASIBA4ODWZA%3D
https://p3-mapi-sign.creativityeco.com/tos-cn-i-dy/c2a547c2af2a4b1bbd0071015a68a125~tplv-iq460dd072-origin.image?key=%23xELpBibnZpB0EXaSExgNRHmlbqpHzqTqDgYnO5%2FRm8KyCz9%2FOP%2FQCBOmL50MDPdvo9rbW71TT%2Fk%2F1b6napn6EKdYBeP54Fn25Wqai8CKGRKb04p6T3CNLhZyPNvlrThoQ0hn2pXAeJYN2JqiGbtYbeQTxnyMOIG2tw%3D%3D&lk3s=62ea907e&sign_for=m_api&x-expires=1784991339&x-signature=PVxrsp5ecOthgfJsV%2Fttq1Ys4MY%3D
https://p9-mapi-sign.creativityeco.com/tos-cn-i-dy/b20a8a94f41444b5b6cd3eb8495ad2d9~tplv-iq460dd072-origin.image?key=%23xELpBibnZpB0EXaSExgNRHmlbqpHzqTqDgYnO5%2FRm8KyCz9%2FOP%2FQCBOmL50MDPdvo9rbW71TT%2Fk%2F1b6napn6EKdYBeP54Fn25Wqai8CKGRKb04p6T3CNLhZyPNvlrThoQ0hn2pXAeJYN2JqiGbtYbeQTxnyMOIG2tw%3D%3D&lk3s=62ea907e&sign_for=m_api&x-expires=1784991339&x-signature=Ut%2BnC9LVh8K0YfEc5P8m2EQ4fZs%3D
https://p9-mapi-sign.creativityeco.com/tos-cn-i-dy/3797144eb1cd451786fb0671edb6cf52~tplv-iq460dd072-origin.image?key=%23xELpBibnZpB0EXaSExgNRHmlbqpHzqTqDgYnO5%2FRm8KyCz9%2FOP%2FQCBOmL50MDPdvo9rbW71TT%2Fk%2F1b6napn6EKdYBeP54Fn25Wqai8CKGRKb04p6T3CNLhZyPNvlrThoQ0hn2pXAeJYN2JqiGbtYbeQTxnyMOIG2tw%3D%3D&lk3s=62ea907e&sign_for=m_api&x-expires=1784991339&x-signature=aTE5ETjJOY1MzHXZo%2F3%2BMQhOXlo%3D
https://p3-mapi-sign.creativityeco.com/tos-cn-i-dy/46ff548dccb24395bbe46ec54f500c96~tplv-iq460dd072-origin.image?key=%23xELpBibnZpB0EXaSExgNRHmlbqpHzqTqDgYnO5%2FRm8KyCz9%2FOP%2FQCBOmL50MDPdvo9rbW71TT%2Fk%2F1b6napn6EKdYBeP54Fn25Wqai8CKGRKb04p6T3CNLhZyPNvlrThoQ0hn2pXAeJYN2JqiGbtYbeQTxnyMOIG2tw%3D%3D&lk3s=62ea907e&sign_for=m_api&x-expires=1784991339&x-signature=Ef7ZjT4d%2FZvlRYxTjNSzLfFw67k%3D
https://p3-mapi-sign.creativityeco.com/tos-cn-i-dy/6d6838429f5b4693bf9391c43885e20a~tplv-iq460dd072-origin.image?key=%23xELpBibnZpB0EXaSExgNRHmlbqpHzqTqDgYnO5%2FRm8KyCz9%2FOP%2FQCBOmL50MDPdvo9rbW71TT%2Fk%2F1b6napn6EKdYBeP54Fn25Wqai8CKGRKb04p6T3CNLhZyPNvlrThoQ0hn2pXAeJYN2JqiGbtYbeQTxnyMOIG2tw%3D%3D&lk3s=62ea907e&sign_for=m_api&x-expires=1784991339&x-signature=0YYu3ex7EtlE6SWlWVRNwdA%2FsvA%3D
https://p6-mapi-sign.creativityeco.com/tos-cn-i-dy/15a8b3b970ee48259567c784f6c2450e~tplv-iq460dd072-origin.image?key=%23xELpBibnZpB0EXaSExgNRHmlbqpHzqTqDgYnO5%2FRm8KyCz9%2FOP%2FQCBOmL50MDPdvo9rbW71TT%2Fk%2F1b6napn6EKdYBeP54Fn25Wqai8CKGRKb04p6T3CNLhZyPNvlrThoQ0hn2pXAeJYN2JqiGbtYbeQTxnyMOIG2tw%3D%3D&lk3s=62ea907e&sign_for=m_api&x-expires=1784991339&x-signature=ACDADVDeKfKDpT5ik3kpZiQPYn8%3D
https://p6-mapi-sign.creativityeco.com/tos-cn-i-dy/47800a1deb4449dbae5ec53ba43e9e42~tplv-iq460dd072-origin.image?key=%23xELpBibnZpB0EXaSExgNRHmlbqpHzqTqDgYnO5%2FRm8KyCz9%2FOP%2FQCBOmL50MDPdvo9rbW71TT%2Fk%2F1b6napn6EKdYBeP54Fn25Wqai8CKGRKb04p6T3CNLhZyPNvlrThoQ0hn2pXAeJYN2JqiGbtYbeQTxnyMOIG2tw%3D%3D&lk3s=62ea907e&sign_for=m_api&x-expires=1784991339&x-signature=iodxLDWOSZROEsup87K8hqUhClc%3D",,,,,,1.93,46,2,4.35,0.97,41.96,0,0,0,0,0,0,0,0,0
	7665935337701982249,图文1,"https://ad.oceanengine.com/material_center/outer/video_player?token=CmN8JHZtpateZgQw68n9cNw%2BiTzUweMLFCPivW0BB5UbnxUALX7875Qp2fXcoWIvzLEBWIO3N0Da8A1LrFs67%2BWZA%2FLWphUhkKVeQKHgBdG9wSloW8X89UMK4wabMLa4Ub092WEaSwo8AAAAAAAAAAAAAFCzG4Z8t%2BwqPEwrpMRbKEF3Wc5bObCe4XWHlXjj3cdb82ESrs1UF2IqD1ChhOB2a5BVENDelw4Yvfeq7g4gASIBA30KIQ8%3D
https://p3-mapi-sign.creativityeco.com/tos-cn-i-dy/ec1dfd578bba4901862e121b97b0bb10~tplv-iq460dd072-origin.image?key=%23xELpBibnZpB0EXaSExgNRHmlbqpHzqTqDgYnO5%2FRm8KyCz9%2FOP%2FQCBOmL50MDPdvo9rbW71TT%2Fk%2F1b6napn6EKdYBeP54Fn25Wqai8CKGRKb04p6T3CNLhZyPNvlrThoQ0hn2pXAeJYN2JqiGbtYbeQTxnyMOIG2tw%3D%3D&lk3s=62ea907e&sign_for=m_api&x-expires=1784991339&x-signature=C2IJxQX4i8JsBzZRCFPL4FjQ%2Bt8%3D
https://p3-mapi-sign.creativityeco.com/tos-cn-i-dy/520223b435004ec18e9a4f431151cdc3~tplv-iq460dd072-origin.image?key=%23xELpBibnZpB0EXaSExgNRHmlbqpHzqTqDgYnO5%2FRm8KyCz9%2FOP%2FQCBOmL50MDPdvo9rbW71TT%2Fk%2F1b6napn6EKdYBeP54Fn25Wqai8CKGRKb04p6T3CNLhZyPNvlrThoQ0hn2pXAeJYN2JqiGbtYbeQTxnyMOIG2tw%3D%3D&lk3s=62ea907e&sign_for=m_api&x-expires=1784991339&x-signature=w5fEfW7WhL5RXUpll4kNFJtV2qM%3D
https://p6-mapi-sign.creativityeco.com/tos-cn-i-dy/d43789520cbf443d82268706a468fba7~tplv-iq460dd072-origin.image?key=%23xELpBibnZpB0EXaSExgNRHmlbqpHzqTqDgYnO5%2FRm8KyCz9%2FOP%2FQCBOmL50MDPdvo9rbW71TT%2Fk%2F1b6napn6EKdYBeP54Fn25Wqai8CKGRKb04p6T3CNLhZyPNvlrThoQ0hn2pXAeJYN2JqiGbtYbeQTxnyMOIG2tw%3D%3D&lk3s=62ea907e&sign_for=m_api&x-expires=1784991339&x-signature=aWqxpJaLePaRuHQbDNVvVOS%2BjTg%3D
https://p9-mapi-sign.creativityeco.com/tos-cn-i-dy/7f362bea02aa46bfb5ee6addcfd4d4bb~tplv-iq460dd072-origin.image?key=%23xELpBibnZpB0EXaSExgNRHmlbqpHzqTqDgYnO5%2FRm8KyCz9%2FOP%2FQCBOmL50MDPdvo9rbW71TT%2Fk%2F1b6napn6EKdYBeP54Fn25Wqai8CKGRKb04p6T3CNLhZyPNvlrThoQ0hn2pXAeJYN2JqiGbtYbeQTxnyMOIG2tw%3D%3D&lk3s=62ea907e&sign_for=m_api&x-expires=1784991339&x-signature=cRbwMHmQin5y%2F%2FJJPDR8VTkWfYs%3D
https://p3-mapi-sign.creativityeco.com/tos-cn-i-dy/b6c7c9bb35244b039b0ec0f2dd4e3d4b~tplv-iq460dd072-origin.image?key=%23xELpBibnZpB0EXaSExgNRHmlbqpHzqTqDgYnO5%2FRm8KyCz9%2FOP%2FQCBOmL50MDPdvo9rbW71TT%2Fk%2F1b6napn6EKdYBeP54Fn25Wqai8CKGRKb04p6T3CNLhZyPNvlrThoQ0hn2pXAeJYN2JqiGbtYbeQTxnyMOIG2tw%3D%3D&lk3s=62ea907e&sign_for=m_api&x-expires=1784991339&x-signature=10VFxITO2%2FUt5xca3b%2BJS9xPGs4%3D
https://p6-mapi-sign.creativityeco.com/tos-cn-i-dy/c6d475b8771040d89e3e4141474f036e~tplv-iq460dd072-origin.image?key=%23xELpBibnZpB0EXaSExgNRHmlbqpHzqTqDgYnO5%2FRm8KyCz9%2FOP%2FQCBOmL50MDPdvo9rbW71TT%2Fk%2F1b6napn6EKdYBeP54Fn25Wqai8CKGRKb04p6T3CNLhZyPNvlrThoQ0hn2pXAeJYN2JqiGbtYbeQTxnyMOIG2tw%3D%3D&lk3s=62ea907e&sign_for=m_api&x-expires=1784991339&x-signature=Rip%2BFW%2FmMoQrrZoEKctQmYD%2Fie8%3D
https://p6-mapi-sign.creativityeco.com/tos-cn-i-dy/33c447b3be314686b0fec0c01db1bb5b~tplv-iq460dd072-origin.image?key=%23xELpBibnZpB0EXaSExgNRHmlbqpHzqTqDgYnO5%2FRm8KyCz9%2FOP%2FQCBOmL50MDPdvo9rbW71TT%2Fk%2F1b6napn6EKdYBeP54Fn25Wqai8CKGRKb04p6T3CNLhZyPNvlrThoQ0hn2pXAeJYN2JqiGbtYbeQTxnyMOIG2tw%3D%3D&lk3s=62ea907e&sign_for=m_api&x-expires=1784991339&x-signature=iZyOaNsiFb0uZrfyceuoAPPA4So%3D
https://p9-mapi-sign.creativityeco.com/tos-cn-i-dy/abcd6a95d2eb474c848e7f9b175fb7a6~tplv-iq460dd072-origin.image?key=%23xELpBibnZpB0EXaSExgNRHmlbqpHzqTqDgYnO5%2FRm8KyCz9%2FOP%2FQCBOmL50MDPdvo9rbW71TT%2Fk%2F1b6napn6EKdYBeP54Fn25Wqai8CKGRKb04p6T3CNLhZyPNvlrThoQ0hn2pXAeJYN2JqiGbtYbeQTxnyMOIG2tw%3D%3D&lk3s=62ea907e&sign_for=m_api&x-expires=1784991339&x-signature=47bgcF%2FIVvF4QpGqf0Oikqxnm5k%3D",,,,,,10.92,232,2,0.86,5.46,47.07,1,10.92,50,0,0,0,0,0,0
