素材id,视频名称,视频链接,投放情况,审核建议,素材评估,关联在投单元数,标签,消耗,展示数,点击数,点击率(%),平均点击单价(元),平均千次展现费用(元),转化数,转化成本,转化率(%),深度转化次数,深度转化成本,深度转化率(%),回访-加为好友(计费时间),回访-高潜成交(计费时间),回访-信息确认(计费时间)
"	7665676211757416511",0723-瑞晨引流-4c.mp4,https://video-cn.oceanengine.com/ba0411c85c4d80df66f7548e1b9a0777/6a754532/tos-cn-ve-51/oUfAeRHJHuTAQzqefMbIIrHZtEsVfArYSgHjs8?a=1402&ch=0&cr=0&dr=3&cd=0%7C0%7C0%7C0&br=1078&bt=1078&cs=0&ds=3&ft=J9ThAGkHH_Myq8Zncej_e2NvjTQ&mime_type=video_mp4&qs=0&rc=NXZpTGRTaFBnKWxncmd5aHFsc3IxZGY1NzQ0aTk4aTw2NzM7Ojg3QGkzaWx5aG86Znk8MzM0NjMzQFNsa3ZpcUQ6amtqXmJmK2BeaWpgYTojMV5fMWBiM19iMTM1L2JfMGEjL2pycWFhZmllYS0tZDAwc3M%3D&btag=40000e00010000&dy_q=1785897507&feature_id=d6a18d7c5414b1f1e95a75faf9147845&l=202608051038251DFAD3CECC48BE918EBD&ply_type=3&policy=eyJ2bSI6MywidWlkIjoiMzEyOTY1MDYwMzg4ODE4NSJ9,已使用,审核通过,首发,8,--,0,0,0,0,0,0,0,0,0,0,0,0,0,0,0
"	7660843614075912233",0710-引导-嘉丽-2.mp4,https://video-cn.oceanengine.com/5760a0b51165427fa0804650c0ec5c33/6a75453c/tos-cn-ve-51/d1f06a0013f141c4954486e6fb878d58?a=1402&ch=0&cr=0&dr=3&cd=0%7C0%7C0%7C0&br=1729&bt=1729&cs=0&ds=3&ft=J9ThAGkHH_Myq8Zncej_e2NvjTQ&mime_type=video_mp4&qs=0&rc=NXZpTGRTaFBnKWxncmd5aHFsc3IxZGY1PDk4ZGg3NjM1ZmhlZWU4QGlqajdsNWtvZGY8MzM0NjMzQFNsa3ZpcUQ6amtqXmJmK2BeaWpgYTojMmM2YjItYF5fMTUwM2BfYWEjYGNtNnFnZmU1YS0tZDAvc3M%3D&btag=40000e00010000&dy_q=1785897507&feature_id=d6a18d7c5414b1f1e95a75faf9147845&l=202608051038251DFAD3CECC48BE918EBD&ply_type=3&policy=eyJ2bSI6MywidWlkIjoiMzEyOTY1MDYwMzg4ODE4NSJ9,已使用,审核通过,首发,6,--,2.43,149,7,4.7,0.35,16.31,0,0,0,0,0,0,0,0,0
"	7665169608501805082",0721-引流-魏怡- 7.mp4,https://video-cn.oceanengine.com/0b40d99d5a87b5da2b4d61f6b833d211/6a75453d/tos-cn-ve-51/oIaRlQSC4IKzLpE9mI3WQw5CtUXTVEdgAMMAX?a=1402&ch=0&cr=0&dr=3&cd=0%7C0%7C0%7C0&br=1515&bt=1515&cs=0&ds=3&ft=J9ThAGkHH_Myq8Zncej_e2NvjTQ&mime_type=video_mp4&qs=0&rc=NXZpTGRTaFBnKWxncmd5aHFsc3IxZGYzOzVmMzNnaWg0NDk3NTg8QGlqZTgzPG86azw8MzM0NjMzQFNsa3ZpcUQ6amtqXmJmK2BeaWpgYTojYTQwLjU2M15jMTJhMDNjLWEjXzNrMmFhXmJkYS0tZDAwc3M%3D&btag=40000e00010000&dy_q=1785897507&feature_id=d6a18d7c5414b1f1e95a75faf9147845&l=202608051038251DFAD3CECC48BE918EBD&ply_type=3&policy=eyJ2bSI6MywidWlkIjoiMzEyOTY1MDYwMzg4ODE4NSJ9,已使用,审核通过,--,3,--,0.01,3,0,0,0,3.33,0,0,0,0,0,0,0,0,0
"	7665169497810206729",0721-引流-魏怡-10.mp4,https://video-cn.oceanengine.com/b6382be0bbe8bd7028db902c258178fe/6a75453f/tos-cn-ve-51/ow0GLCieSGT8eZ6gIQD2IeXLalwcUEAW1B4bAq?a=1402&ch=0&cr=0&dr=3&cd=0%7C0%7C0%7C0&br=1132&bt=1132&cs=0&ds=3&ft=J9ThAGkHH_Myq8Zncej_e2NvjTQ&mime_type=video_mp4&qs=0&rc=NXZpTGRTaFBnKWxncmd5aHFsc3IxZGY6PGk6OTY7OTtnOTRnOmg3QGlqeDhsbjlyazw8MzM0NjMzQFNsa3ZpcUQ6amtqXmJmK2BeaWpgYTojYC1iMi0tXjU0MV9fNV40YmEjX2xuczJkY2JkYS0tZDBhc3M%3D&btag=40000e00010000&dy_q=1785897507&feature_id=d6a18d7c5414b1f1e95a75faf9147845&l=202608051038251DFAD3CECC48BE918EBD&ply_type=3&policy=eyJ2bSI6MywidWlkIjoiMzEyOTY1MDYwMzg4ODE4NSJ9,已使用,审核通过,--,4,--,0.03,9,0,0,0,3.33,0,0,0,0,0,0,0,0,0
"	7664453202381930523",0718瑞晨引流-22.mp4,https://video-cn.oceanengine.com/86d7f2e6d363a84dc436ef32758c8920/6a754538/tos-cn-ve-51/oUxfm1DqLiJ7BQtmgAIgqBFI4itQitQagBmAm6?a=1402&ch=0&cr=0&dr=3&cd=0%7C0%7C0%7C0&br=657&bt=657&cs=0&ds=3&ft=J9ThAGkHH_Myq8Zncej_e2NvjTQ&mime_type=video_mp4&qs=0&rc=NXZpTGRTaFBnKWxncmd5aHFsc3IxZGZoOjM2ODs5ZGY0NjkzNmhoQGlqbzdrM286dm48MzM0NjMzQFNsa3ZpcUQ6amtqXmJmK2BeaWpgYTojMTJhYjAxY182MTIuMzYwY2EjNi4zbmFhLzJjYS0tZDBhc3M%3D&btag=40000e00010000&dy_q=1785897507&feature_id=d6a18d7c5414b1f1e95a75faf9147845&l=202608051038251DFAD3CECC48BE918EBD&ply_type=3&policy=eyJ2bSI6MywidWlkIjoiMzEyOTY1MDYwMzg4ODE4NSJ9,已使用,审核通过,首发,8,--,0.08,8,0,0,0,10,0,0,0,0,0,0,0,0,0
"	7666006376167833619",推送视频_0723-国星引流修改-8.mp4,https://video-cn.oceanengine.com/9b369b6a892f660fa3dc95e68636145f/6a75452e/tos-cn-ve-51/oMDefxQgDQAa22y2rJN9nYROyA1hABvIJQiqFG?a=1402&ch=0&cr=0&dr=3&cd=0%7C0%7C0%7C0&br=379&bt=379&cs=0&ds=6&ft=J9ThAGkHH_Myq8Zncej_e2NvjTQ&mime_type=video_mp4&qs=0&rc=NXZpTGRTaFBnKWxncmd5aHFsc3IxZGZpZTczNGVlaTtkODs4ZTU8QGlqeHZuPG86Zmw8MzM0NjMzQFNsa3ZpcUQ6amtqXmJmK2BeaWpgYTojMDBjMV8xYzVfMV8xYV8uYmEjcTZxbGFhXi1lYS0tZDAwc3M%3D&btag=40000e00008000&dy_q=1785897507&feature_id=d6a18d7c5414b1f1e95a75faf9147845&l=202608051038251DFAD3CECC48BE918EBD&ply_type=3&policy=eyJ2bSI6MywidWlkIjoiMzEyOTY1MDYwMzg4ODE4NSJ9,已使用,审核通过,首发,3,--,0,1,0,0,0,0,0,0,0,0,0,0,0,0,0
"	7664453147700690954",0718瑞晨引流-18.mp4,https://video-cn.oceanengine.com/217c5f11d28cac2a2f02a7f1847c749d/6a75452d/tos-cn-ve-51/oEeD2AAa3Q7v6NggqUDX7LI0D4Qv1RbBDxWqyf?a=1402&ch=0&cr=0&dr=3&cd=0%7C0%7C0%7C0&cv=1&br=1546&bt=1546&cs=0&ds=3&ft=J9ThAGkHH_Myq8Zncej_e2NvjTQ&mime_type=video_mp4&qs=0&rc=NXZpTGRTaFBnKWxncmd5aHFsc3IxZGY1OjxkaGZkNmc1Ojc4N2Q4QGkzd3dlZW86dW48MzM0NjMzQFNsa3ZpcUQ6amtqXmJmK2BeaWpgYTojXzMyMzA0MDViMTAuYDUxL2EjcmsycWFhbjJjYS0tZDAwc3M%3D&btag=40000e00008000&dy_q=1785897507&feature_id=d6a18d7c5414b1f1e95a75faf9147845&l=202608051038251DFAD3CECC48BE918EBD&ply_type=3&policy=eyJ2bSI6MywidWlkIjoiMzEyOTY1MDYwMzg4ODE4NSJ9,已使用,审核通过,--,2,--,0.25,33,4,12.12,0.06,7.58,0,0,0,0,0,0,0,0,0
"	7661187006646501412",微信视频2026-07-11_163704_323.mp4,https://video-cn.oceanengine.com/18284044c827437a6760ea7a06441145/6a75453f/tos-cn-ve-51/b915b5c8144b4c9c9167b095ed5cd073?a=1402&ch=0&cr=0&dr=3&cd=0%7C0%7C0%7C0&br=1021&bt=1021&cs=0&ds=3&ft=J9ThAGkHH_Myq8Zncej_e2NvjTQ&mime_type=video_mp4&qs=0&rc=NXZpTGRTaFBnKWxncmd5aHFsc3IxZGY0aTQ6OzpnZWhnNzU2OzU3QGlqZ2t0ZWtvNjM8MzM0NjMzQFNsa3ZpcUQ6amtqXmJmK2BeaWpgYTojMS8vYmE2Nl4zMWAzYmMwM2EjYWwycXFnXi82YS0tZDAvc3M%3D&btag=40000e00010000&dy_q=1785897507&feature_id=d6a18d7c5414b1f1e95a75faf9147845&l=202608051038251DFAD3CECC48BE918EBD&ply_type=3&policy=eyJ2bSI6MywidWlkIjoiMzEyOTY1MDYwMzg4ODE4NSJ9,已使用,审核通过,--,9,--,1.81,38,2,5.26,0.91,47.63,0,0,0,0,0,0,0,0,0
"	7666006380580782143",推送视频_0723-国星引流修改-5.mp4,https://video-cn.oceanengine.com/574198f73b19103a6ea8f0de4c56720d/6a75452f/tos-cn-ve-51/oAaMIQL9qI3zlmEbmIFWQgvMtUNvZBdjAoFAg?a=1402&ch=0&cr=0&dr=3&cd=0%7C0%7C0%7C0&cv=1&br=952&bt=952&cs=0&ds=3&ft=J9ThAGkHH_Myq8Zncej_e2NvjTQ&mime_type=video_mp4&qs=0&rc=NXZpTGRTaFBnKWxncmd5aHFsc3IxZGZoZjo2ZDc4PGZpPDppOzhoQGlqOHh5OW86Zmw8MzM0NjMzQFNsa3ZpcUQ6amtqXmJmK2BeaWpgYTojLmItMV8uLzY2MV8vNmIuLmEjM3Nhb2FhXi1lYS0tZDAvc3M%3D&btag=40000e00008000&dy_q=1785897507&feature_id=d6a18d7c5414b1f1e95a75faf9147845&l=202608051038251DFAD3CECC48BE918EBD&ply_type=3&policy=eyJ2bSI6MywidWlkIjoiMzEyOTY1MDYwMzg4ODE4NSJ9,已使用,审核通过,首发,9,--,0,1,0,0,0,0,0,0,0,0,0,0,0,0,0
"	7662230360634556454",0713-引导-嘉丽-3.mp4,https://video-cn.oceanengine.com/47ed9aaf1454bf84227fff09d5eb7ac8/6a754545/tos-cn-ve-51/oYK6Qxi9t16GIQsPtUbeZBh4AqDIKEmVrohAQg?a=1402&ch=0&cr=0&dr=3&cd=0%7C0%7C0%7C0&br=773&bt=773&cs=0&ds=3&ft=J9ThAGkHH_Myq8Zncej_e2NvjTQ&mime_type=video_mp4&qs=0&rc=NXZpTGRTaFBnKWxncmd5aHFsc3IxZGY5aDpmOGVoaGhlNTozaTxoQGkza2t4O2tvd3U8MzM0NjMzQFNsa3ZpcUQ6amtqXmJmK2BeaWpgYTojYTAvNTYyY19eMTJfLV9iYmEjMWtmYHFnL19eYS0tZDAwc3M%3D&btag=40000e00018000&dy_q=1785897507&feature_id=d6a18d7c5414b1f1e95a75faf9147845&l=202608051038251DFAD3CECC48BE918EBD&ply_type=3&policy=eyJ2bSI6MywidWlkIjoiMzEyOTY1MDYwMzg4ODE4NSJ9,未使用,审核通过,首发,8,--,7.3,399,9,2.26,0.81,18.3,0,0,0,0,0,0,0,0,0
"	7662230321010311219",0713-引导-雅迪-2-改.mp4,https://video-cn.oceanengine.com/95c97050c5fb0b0e3acb179cce9fe8e7/6a75454e/tos-cn-ve-51/oQsmfOEVdhDCAQ4EAQKv9RAhQrIzhE93AtK1tB?a=1402&ch=0&cr=0&dr=3&cd=0%7C0%7C0%7C0&cv=1&br=759&bt=759&cs=0&ds=3&ft=J9ThAGkHH_Myq8Zncej_e2NvjTQ&mime_type=video_mp4&qs=0&rc=NXZpTGRTaFBnKWxncmd5aHFsc3IxZGY0ZzRkZ2VlN2hkNjc3aTk6QGlqbXY7aGtvdXU8MzM0NjMzQFNsa3ZpcUQ6amtqXmJmK2BeaWpgYTojMzVhNi8vX18wMTIuNDYyMWEjazZfaHFnZl9eYS0tZDAvc3M%3D&btag=40000e00018000&dy_q=1785897507&feature_id=d6a18d7c5414b1f1e95a75faf9147845&l=202608051038251DFAD3CECC48BE918EBD&ply_type=3&policy=eyJ2bSI6MywidWlkIjoiMzEyOTY1MDYwMzg4ODE4NSJ9,未使用,审核通过,"首发,优质",13,--,1.07,37,1,2.7,1.07,28.92,0,0,0,0,0,0,0,0,0
"	7664453113454542899",0718瑞晨引流-16.mp4,https://video-cn.oceanengine.com/af75f064d898c184ca89c30f58d2d091/6a75452c/tos-cn-ve-51/oARqQhNCDu1Xxfs2TQaLuQsxAqCPIgBs0egNVA?a=1402&ch=0&cr=0&dr=3&cd=0%7C0%7C0%7C0&br=1159&bt=1159&cs=0&ds=3&ft=J9ThAGkHH_Myq8Zncej_e2NvjTQ&mime_type=video_mp4&qs=0&rc=NXZpTGRTaFBnKWxncmd5aHFsc3IxZGY0aGRkOGZnODk6Ojs3NmQzQGlqeWtuZW86dW48MzM0NjMzQFNsa3ZpcUQ6amtqXmJmK2BeaWpgYTojLWNeLS4yL18yMTJhNTI2Y2EjXmRzL2FhZjJjYS0tZDBhc3M%3D&btag=40000e00008000&dy_q=1785897507&feature_id=d6a18d7c5414b1f1e95a75faf9147845&l=202608051038251DFAD3CECC48BE918EBD&ply_type=3&policy=eyJ2bSI6MywidWlkIjoiMzEyOTY1MDYwMzg4ODE4NSJ9,已使用,审核通过,首发,5,--,0.02,8,1,12.5,0.02,2.5,0,0,0,0,0,0,0,0,0
"	7662229404613869595",0713-浩正瑞晨引导-7.mp4.mp4,https://video-cn.oceanengine.com/3dc70b4e9a5be397495f87dae61f3959/6a75455f/tos-cn-ve-51/oojVGiqsXcmGQEDIWAe1Atp4QHhOIgzZqtKBan?a=1402&ch=0&cr=0&dr=3&cd=0%7C0%7C0%7C0&cv=1&br=1130&bt=1130&cs=0&ds=3&ft=J9ThAGkHH_Myq8Zncej_e2NvjTQ&mime_type=video_mp4&qs=0&rc=NXZpTGRTaFBnKWxncmd5aHFsc3IxZGZoZmU1NDg1NzM3ODxnNmY4QGlqNnM6OmtvNnU8MzM0NjMzQFNsa3ZpcUQ6amtqXmJmK2BeaWpgYTojMWM1XzItXjYtMTEvMy0wNGEjMGktZXFnXl5eYS0tZDAwc3M%3D&btag=40000e00028000&dy_q=1785897507&feature_id=d6a18d7c5414b1f1e95a75faf9147845&l=202608051038251DFAD3CECC48BE918EBD&ply_type=3&policy=eyJ2bSI6MywidWlkIjoiMzEyOTY1MDYwMzg4ODE4NSJ9,已使用,审核通过,--,4,--,5.88,211,10,4.74,0.59,27.87,0,0,0,0,0,0,0,0,0
"	7666044290755264575",0723-魏怡-1-改.mp4,https://video-cn.oceanengine.com/fe1e53fac5155fd047928734b6681a8c/6a754536/tos-cn-ve-51/o8TzQCSuUaAvesDdRftYANqgrDygkBuYITIgH7?a=1402&ch=0&cr=0&dr=3&cd=0%7C0%7C0%7C0&br=675&bt=675&cs=0&ds=6&ft=J9ThAGkHH_Myq8Zncej_e2NvjTQ&mime_type=video_mp4&qs=0&rc=NXZpTGRTaFBnKWxncmd5aHFsc3IxZGZmO2QzNTw6ZmhpOTc8ZmhmQGlqbDpvZm86ZHk8MzM0NjMzQFNsa3ZpcUQ6amtqXmJmK2BeaWpgYTojLS82Xi4tLl81MTM1YjAuLWEjMWZlX2FhL2dlYS0tZDAvc3M%3D&btag=40000e00010000&dy_q=1785897507&feature_id=d6a18d7c5414b1f1e95a75faf9147845&l=202608051038251DFAD3CECC48BE918EBD&ply_type=3&policy=eyJ2bSI6MywidWlkIjoiMzEyOTY1MDYwMzg4ODE4NSJ9,未使用,审核通过,--,5,--,0,1,0,0,0,0,0,0,0,0,0,0,0,0,0
"	7660371924531937316",0708-引导-嘉丽-2.mp4,https://video-cn.oceanengine.com/1f84c2c424870f8b4a9188ca78143fc9/6a75453a/tos-cn-ve-51/ogpaDTeZNDjVbuE4NgAxKRyTgAAqbLxW5veA6B?a=1402&ch=0&cr=0&dr=3&cd=0%7C0%7C0%7C0&cv=1&br=1689&bt=1689&cs=0&ds=3&ft=J9ThAGkHH_Myq8Zncej_e2NvjTQ&mime_type=video_mp4&qs=0&rc=NXZpTGRTaFBnKWxncmd5aHFsc3IxZGZnZzo5OzszOjlnNDw2aDs7QGkzcHU1NWtvZWs8MzM0NjMzQFNsa3ZpcUQ6amtqXmJmK2BeaWpgYTojNWEzL2M1L15eMWMtLjVjYmEja2EzbHFnbms0YS0tZDAwc3M%3D&btag=40000e00010000&dy_q=1785897507&feature_id=d6a18d7c5414b1f1e95a75faf9147845&l=202608051038251DFAD3CECC48BE918EBD&ply_type=3&policy=eyJ2bSI6MywidWlkIjoiMzEyOTY1MDYwMzg4ODE4NSJ9,已使用,审核通过,首发,29,--,0.55,27,0,0,0,20.37,0,0,0,0,0,0,0,0,0
"	7660371884819709994",0709引导-小敏-3-1.mp4,https://video-cn.oceanengine.com/1313b9e832623180c00e54cb0711f7fb/6a75453a/tos-cn-ve-51/oQCICOsEIAQ1XVJqyGehPABcL93CBBAg4A4mQm?a=1402&ch=0&cr=0&dr=3&cd=0%7C0%7C0%7C0&cv=1&br=729&bt=729&cs=0&ds=3&ft=J9ThAGkHH_Myq8Zncej_e2NvjTQ&mime_type=video_mp4&qs=0&rc=NXZpTGRTaFBnKWxncmd5aHFsc3IxZGY8PDVoZTNmOzdpOzc4OTRpQGlqNTxmOWtvZWs8MzM0NjMzQFNsa3ZpcUQ6amtqXmJmK2BeaWpgYTojYWIvMGNiMl40MTY2NDItM2EjMmxkZHFnbms0YS0tZDAvc3M%3D&btag=40000e00010000&dy_q=1785897507&feature_id=d6a18d7c5414b1f1e95a75faf9147845&l=202608051038251DFAD3CECC48BE918EBD&ply_type=3&policy=eyJ2bSI6MywidWlkIjoiMzEyOTY1MDYwMzg4ODE4NSJ9,已使用,审核通过,首发,10,--,20.86,971,27,2.78,0.77,21.48,3,6.95,11.11,0,0,0,0,1,0
"	7663055816350859274",0716-引流瑞晨-6.mp4,https://video-cn.oceanengine.com/3ac8f4c81812572ba0cf83375ce6ef8c/6a75452d/tos-cn-ve-51/ocFWNgOR1yMTKBkpg2R3AxAMSalpIqADfo4Nei?a=1402&ch=0&cr=0&dr=3&cd=0%7C0%7C0%7C0&cv=1&br=1608&bt=1608&cs=0&ds=3&ft=J9ThAGkHH_Myq8Zncej_e2NvjTQ&mime_type=video_mp4&qs=0&rc=NXZpTGRTaFBnKWxncmd5aHFsc3IxZGZmODg4M2Q2aGg3ZTU4MzM6QGkzZGxwZG86bWQ8MzM0NjMzQFNsa3ZpcUQ6amtqXmJmK2BeaWpgYTojLzBiLzAzYjVeMWJiLS9iNWEjYzZnMWFhZjZgYS0tZDBhc3M%3D&btag=40000e00008000&dy_q=1785897507&feature_id=d6a18d7c5414b1f1e95a75faf9147845&l=202608051038251DFAD3CECC48BE918EBD&ply_type=3&policy=eyJ2bSI6MywidWlkIjoiMzEyOTY1MDYwMzg4ODE4NSJ9,已使用,审核通过,首发,13,--,3.48,273,12,4.4,0.29,12.75,0,0,0,0,0,0,0,0,0
"	7660843598484979755",0710-引导-嘉丽-1.mp4,https://video-cn.oceanengine.com/a2691726fb3c690aa857cffb2f84b08a/6a75453a/tos-cn-ve-51/oEiUxVeqDZeDIokdpgqg6BWhQ3NMAMo8KADG7b?a=1402&ch=0&cr=0&dr=3&cd=0%7C0%7C0%7C0&br=1057&bt=1057&cs=0&ds=3&ft=J9ThAGkHH_Myq8Zncej_e2NvjTQ&mime_type=video_mp4&qs=0&rc=NXZpTGRTaFBnKWxncmd5aHFsc3IxZGY2ZTo7ZjQ4Zzc8OzU3NDY6QGkzaHFkaWtvZGY8MzM0NjMzQFNsa3ZpcUQ6amtqXmJmK2BeaWpgYTojYC02LzReYDZhMWEtMmJeNmEjczVvXnFnZmU1YS0tZDAwc3M%3D&btag=40000e00010000&dy_q=1785897507&feature_id=d6a18d7c5414b1f1e95a75faf9147845&l=202608051038251DFAD3CECC48BE918EBD&ply_type=3&policy=eyJ2bSI6MywidWlkIjoiMzEyOTY1MDYwMzg4ODE4NSJ9,未使用,审核通过,--,2,--,2.1,119,2,1.68,1.05,17.65,0,0,0,0,0,0,0,0,0
"	7664453189787893811",0718瑞晨引流-23.mp4,https://video-cn.oceanengine.com/e0777d2f4d24779d1b73b021eaad3eae/6a754530/tos-cn-ve-51/oUaLxFTqXAwhAZwg2Ge0KNQBD1fRIxm8DmUgQ1?a=1402&ch=0&cr=0&dr=3&cd=0%7C0%7C0%7C0&br=1797&bt=1797&cs=0&ds=3&ft=J9ThAGkHH_Myq8Zncej_e2NvjTQ&mime_type=video_mp4&qs=0&rc=NXZpTGRTaFBnKWxncmd5aHFsc3IxZGY4OzdpZjdlMzhoNzZkOmhpQGkzZmd1NG86dm48MzM0NjMzQFNsa3ZpcUQ6amtqXmJmK2BeaWpgYTojLi1jXl5eNTYyMTI1NjFfLmEjaS5uaGFhLzJjYS0tZDAwc3M%3D&btag=40000e00008000&dy_q=1785897507&feature_id=d6a18d7c5414b1f1e95a75faf9147845&l=202608051038251DFAD3CECC48BE918EBD&ply_type=3&policy=eyJ2bSI6MywidWlkIjoiMzEyOTY1MDYwMzg4ODE4NSJ9,已使用,审核通过,--,4,--,0.05,1,0,0,0,50,0,0,0,0,0,0,0,0,0
"	7664453188856315955",0718瑞晨引流-7.mp4,https://video-cn.oceanengine.com/5ec2c6f1405c4be6f763f1b67128ae17/6a754532/tos-cn-ve-51/o4DgkF1bgQmg74QBt6AioQIafQNmLNGA4Qo8xU?a=1402&ch=0&cr=0&dr=3&cd=0%7C0%7C0%7C0&br=827&bt=827&cs=0&ds=3&ft=J9ThAGkHH_Myq8Zncej_e2NvjTQ&mime_type=video_mp4&qs=0&rc=NXZpTGRTaFBnKWxncmd5aHFsc3IxZGZnOTQ4ZDlnOGY3aDc5NDQ7QGkzajs2ZG86dm48MzM0NjMzQFNsa3ZpcUQ6amtqXmJmK2BeaWpgYTojNGE1NDUtNDZeMV40X2ItX2EjYjNiMWFhXjJjYS0tZDBhc3M%3D&btag=40000e00010000&dy_q=1785897507&feature_id=d6a18d7c5414b1f1e95a75faf9147845&l=202608051038251DFAD3CECC48BE918EBD&ply_type=3&policy=eyJ2bSI6MywidWlkIjoiMzEyOTY1MDYwMzg4ODE4NSJ9,已使用,审核通过,--,2,--,0.15,14,1,7.14,0.15,10.71,0,0,0,0,0,0,0,0,0
"	7662271386505429043",0713-引导-嘉丽-8.mp4,https://video-cn.oceanengine.com/fc6a159d020d0213eafd7225d050f71a/6a75453a/tos-cn-ve-51/oEKmIB2AYulZFDnVuuAuEsJ2QQe4g1AuKd4hKs?a=1402&ch=0&cr=0&dr=3&cd=0%7C0%7C0%7C0&br=1078&bt=1078&cs=0&ds=3&ft=J9ThAGkHH_Myq8Zncej_e2NvjTQ&mime_type=video_mp4&qs=0&rc=NXZpTGRTaFBnKWxncmd5aHFsc3IxZGYzNjY4ODVmODRpaDg7O2hmQGkzaDg8aGtvbHc8MzM0NjMzQFNsa3ZpcUQ6amtqXmJmK2BeaWpgYTojLi0vNi4tLzZiMWA2YDY2LmEjYG9tLXFnZmpeYS0tZDAwc3M%3D&btag=40000e00010000&dy_q=1785897507&feature_id=d6a18d7c5414b1f1e95a75faf9147845&l=202608051038251DFAD3CECC48BE918EBD&ply_type=3&policy=eyJ2bSI6MywidWlkIjoiMzEyOTY1MDYwMzg4ODE4NSJ9,已使用,审核通过,首发,10,--,3.26,187,4,2.14,0.82,17.43,1,3.26,25,0,0,0,0,0,0
"	7661972468315914266",0713-浩正瑞晨引导-6.mp4,https://video-cn.oceanengine.com/220a15dd6d0a17f1d7fec0bdb5e09c13/6a754551/tos-cn-ve-51/o0K1inmpB84KCVrshB9W3IcFgeGEEQAPmNQmdA?a=1402&ch=0&cr=0&dr=3&cd=0%7C0%7C0%7C0&br=1134&bt=1134&cs=0&ds=4&ft=J9ThAGkHH_Myq8Zncej_e2NvjTQ&mime_type=video_mp4&qs=0&rc=NXZpTGRTaFBnKWxncmd5aHFsc3IxZGY5OTc4M2lkZWVkNDVpZDtkQGkzOTg7OmtvdWY8MzM0NjMzQFNsa3ZpcUQ6amtqXmJmK2BeaWpgYTojYjFeYjZeY19iMWFfMmFgLmEjczRka3FnZmpeYS0tZDBhc3M%3D&btag=40000e00020000&dy_q=1785897507&feature_id=d6a18d7c5414b1f1e95a75faf9147845&l=202608051038251DFAD3CECC48BE918EBD&ply_type=3&policy=eyJ2bSI6MywidWlkIjoiMzEyOTY1MDYwMzg4ODE4NSJ9,已使用,审核通过,--,2,--,3.57,44,2,4.55,1.79,81.14,1,3.57,50,0,0,0,0,0,0
"	7660371896212013110",0708-引导-嘉丽-3.mp4,https://video-cn.oceanengine.com/2db7bd2501345593985d03fb38673e36/6a754535/tos-cn-ve-51/o8q1rSmtB34JePzsjG93XIG9gVBMEQAR4lQmBA?a=1402&ch=0&cr=0&dr=3&cd=0%7C0%7C0%7C0&cv=1&br=497&bt=497&cs=0&ds=3&ft=J9ThAGkHH_Myq8Zncej_e2NvjTQ&mime_type=video_mp4&qs=0&rc=NXZpTGRTaFBnKWxncmd5aHFsc3IxZGY1OGQ8M2U0NDdnZDhkNzU7QGlqOHM8O2tvZWs8MzM0NjMzQFNsa3ZpcUQ6amtqXmJmK2BeaWpgYTojYV9jNC00YzYvMV9iLjY0Y2EjXjJnZHFnbms0YS0tZDBhc3M%3D&btag=40000e00010000&dy_q=1785897507&feature_id=d6a18d7c5414b1f1e95a75faf9147845&l=202608051038251DFAD3CECC48BE918EBD&ply_type=3&policy=eyJ2bSI6MywidWlkIjoiMzEyOTY1MDYwMzg4ODE4NSJ9,已使用,审核通过,首发,17,--,4.55,276,10,3.62,0.46,16.49,0,0,0,0,0,0,0,0,0
"	7662229433765298186",0713-浩正瑞晨引导-1.mp4.mp4,https://video-cn.oceanengine.com/2ff9520706131d9a76180ad3f5d458b4/6a75453a/tos-cn-ve-51/oIRQfOtGASqBtTm1m3ZAg3OaXsEYIQ9VDZCKq4?a=1402&ch=0&cr=0&dr=3&cd=0%7C0%7C0%7C0&cv=1&br=703&bt=703&cs=0&ds=3&ft=J9ThAGkHH_Myq8Zncej_e2NvjTQ&mime_type=video_mp4&qs=0&rc=NXZpTGRTaFBnKWxncmd5aHFsc3IxZGY7Zjo2aTVmaTgzMzg3ZTk6QGlqaHVxPGtvNnU8MzM0NjMzQFNsa3ZpcUQ6amtqXmJmK2BeaWpgYTojYTQuYGMwNjVfMTI2YjIvYmEjYGJtaHFnXl5eYS0tZDBhc3M%3D&btag=40000e00010000&dy_q=1785897507&feature_id=d6a18d7c5414b1f1e95a75faf9147845&l=202608051038251DFAD3CECC48BE918EBD&ply_type=3&policy=eyJ2bSI6MywidWlkIjoiMzEyOTY1MDYwMzg4ODE4NSJ9,已使用,审核通过,--,12,--,2.96,150,4,2.67,0.74,19.73,0,0,0,0,0,0,0,0,0
"	7666006402390982698",推送视频_0723-瑞晨引流修改-5.mp4,https://video-cn.oceanengine.com/81d522ea56fc2a36346f66ccf29fdad8/6a754538/tos-cn-ve-51/ookYhIEayAIYmxFtWozgIjM7QLMRGmwWQEBAd?a=1402&ch=0&cr=0&dr=3&cd=0%7C0%7C0%7C0&br=507&bt=507&cs=0&ds=3&ft=J9ThAGkHH_Myq8Zncej_e2NvjTQ&mime_type=video_mp4&qs=0&rc=NXZpTGRTaFBnKWxncmd5aHFsc3IxZGY1N2Y4Nzs7ZWU5NDlpZDY3QGlqZWx2OW86Zmw8MzM0NjMzQFNsa3ZpcUQ6amtqXmJmK2BeaWpgYTojXmFfYWI0YzU0MS8wLl81NGEjcS9kbGFhZi1lYS0tZDAwc3M%3D&btag=40000e00010000&dy_q=1785897507&feature_id=d6a18d7c5414b1f1e95a75faf9147845&l=202608051038251DFAD3CECC48BE918EBD&ply_type=3&policy=eyJ2bSI6MywidWlkIjoiMzEyOTY1MDYwMzg4ODE4NSJ9,已使用,审核通过,首发,11,--,2.02,91,1,1.1,2.02,22.2,0,0,0,0,0,0,0,0,0
"	7661187009408008233",微信视频_20260711163659.mp4,https://video-cn.oceanengine.com/bd82dfc84434b4999b858154bc93c35c/6a754548/tos-cn-ve-51/okAggtq4hIkYm21BRAYNxKTQSATAHsCIeQEGEQ?a=1402&ch=0&cr=0&dr=3&cd=0%7C0%7C0%7C0&cv=1&br=909&bt=909&cs=0&ds=3&ft=J9ThAGkHH_Myq8Zncej_e2NvjTQ&mime_type=video_mp4&qs=0&rc=NXZpTGRTaFBnKWxncmd5aHFsc3IxZGY4Ozs4Omg0ZTo0aTZkNTVkQGlqbXFyN2tvNjM8MzM0NjMzQFNsa3ZpcUQ6amtqXmJmK2BeaWpgYTojL2JjLS40XzU0MTAuMl42XmEjM2AyNXFnXi82YS0tZDAwc3M%3D&btag=40000e00018000&dy_q=1785897507&feature_id=d6a18d7c5414b1f1e95a75faf9147845&l=202608051038251DFAD3CECC48BE918EBD&ply_type=3&policy=eyJ2bSI6MywidWlkIjoiMzEyOTY1MDYwMzg4ODE4NSJ9,已使用,审核通过,优质,35,--,234.06,8860,157,1.77,1.49,26.42,14,16.72,8.92,0,0,0,0,0,0
"	7665169551356592155",0721-引流-魏怡-8.mp4,https://video-cn.oceanengine.com/64afcd78ce08bafb3885d061fa7a51ca/6a754541/tos-cn-ve-51/oMlQRCMmEIzmWU7cIIadAgtQ3CWbgEmiRUlAX?a=1402&ch=0&cr=0&dr=3&cd=0%7C0%7C0%7C0&br=1156&bt=1156&cs=0&ds=3&ft=J9ThAGkHH_Myq8Zncej_e2NvjTQ&mime_type=video_mp4&qs=0&rc=NXZpTGRTaFBnKWxncmd5aHFsc3IxZGZmZTU5ZmRoaDM3NGY6NGU7QGkzcGc5OW86azw8MzM0NjMzQFNsa3ZpcUQ6amtqXmJmK2BeaWpgYTojNmJjNS9gLjU2MWA1YDUzYmEjYi9zMWFhXmJkYS0tZDAvc3M%3D&btag=40000e00018000&dy_q=1785897507&feature_id=d6a18d7c5414b1f1e95a75faf9147845&l=202608051038251DFAD3CECC48BE918EBD&ply_type=3&policy=eyJ2bSI6MywidWlkIjoiMzEyOTY1MDYwMzg4ODE4NSJ9,已使用,审核通过,--,3,--,0.01,1,0,0,0,10,0,0,0,0,0,0,0,0,0
"	7665169570731180042",0721-引流-魏怡-6.mp4,https://video-cn.oceanengine.com/68bf87c7b38bb5a8eea10fd64bf91a6c/6a75453e/tos-cn-ve-51/oML8SFEDEI7Qg0YdJBfdMFFANiIbqDNDAgftBH?a=1402&ch=0&cr=0&dr=3&cd=0%7C0%7C0%7C0&br=822&bt=822&cs=0&ds=3&ft=J9ThAGkHH_Myq8Zncej_e2NvjTQ&mime_type=video_mp4&qs=0&rc=NXZpTGRTaFBnKWxncmd5aHFsc3IxZGZpZmZkOWg7aGc1ZWY4ZjM3QGkzPDk0eDlyazw8MzM0NjMzQFNsa3ZpcUQ6amtqXmJmK2BeaWpgYTojNTUzYDYwYDVjMTYvLi0uNGEjMHEtLjJkY2JkYS0tZDBhc3M%3D&btag=40000e00010000&dy_q=1785897507&feature_id=d6a18d7c5414b1f1e95a75faf9147845&l=202608051038251DFAD3CECC48BE918EBD&ply_type=3&policy=eyJ2bSI6MywidWlkIjoiMzEyOTY1MDYwMzg4ODE4NSJ9,已使用,审核通过,--,3,--,0.05,6,0,0,0,8.33,0,0,0,0,0,0,0,0,0
"	7663059465547153434",0716-引导-雅迪-1.mp4,https://video-cn.oceanengine.com/f51bdb8e82ea54ecb66331f6ff85db41/6a754535/tos-cn-ve-51/oAAI5hDaiOlvqIIyAoEzaYdQtiaKK1pQWFUgd?a=1402&ch=0&cr=0&dr=3&cd=0%7C0%7C0%7C0&cv=1&br=1541&bt=1541&cs=0&ds=3&ft=J9ThAGkHH_Myq8Zncej_e2NvjTQ&mime_type=video_mp4&qs=0&rc=NXZpTGRTaFBnKWxncmd5aHFsc3IxZGZoM2g6NzpoO2hnOTRlNjk4QGlqPHRsaW86OGQ8MzM0NjMzQFNsa3ZpcUQ6amtqXmJmK2BeaWpgYTojNDRjLTZfYTUvMTJeNDQvMGEjbjJlYmFhXmRgYS0tZDAvc3M%3D&btag=40000e00010000&dy_q=1785897507&feature_id=d6a18d7c5414b1f1e95a75faf9147845&l=202608051038251DFAD3CECC48BE918EBD&ply_type=3&policy=eyJ2bSI6MywidWlkIjoiMzEyOTY1MDYwMzg4ODE4NSJ9,已使用,审核通过,--,10,--,2.49,126,1,0.79,2.49,19.76,0,0,0,0,0,0,0,0,0
"	7662271385642729518",0713-引导-嘉丽-4.mp4,https://video-cn.oceanengine.com/47cefb6a5011f1f8cec5b10195b77c71/6a754536/tos-cn-ve-51/o0Nsd2k4IKtBm5KABV84qgWm2kAeQRuQDdz1E5?a=1402&ch=0&cr=0&dr=3&cd=0%7C0%7C0%7C0&br=1379&bt=1379&cs=0&ds=3&ft=J9ThAGkHH_Myq8Zncej_e2NvjTQ&mime_type=video_mp4&qs=0&rc=NXZpTGRTaFBnKWxncmd5aHFsc3IxZGZoOzk0NDg5NzNnZTY3Ozs2QGkzNHBoZ2tvbHc8MzM0NjMzQFNsa3ZpcUQ6amtqXmJmK2BeaWpgYTojNmMwNTZeX14yMWE2MDMxY2EjXzVfMnFnXmpeYS0tZDBhc3M%3D&btag=40000e00010000&dy_q=1785897507&feature_id=d6a18d7c5414b1f1e95a75faf9147845&l=202608051038251DFAD3CECC48BE918EBD&ply_type=3&policy=eyJ2bSI6MywidWlkIjoiMzEyOTY1MDYwMzg4ODE4NSJ9,已使用,审核通过,首发,10,--,1.1,6,1,16.67,1.1,183.33,0,0,0,0,0,0,0,0,0
"	7667083399120568330",推送视频_7月26日-代理产出.mp4,https://video-cn.oceanengine.com/7c7771c2d2e0df658c1e49972540dba4/6a754543/tos-cn-ve-51/og1rQNNBAa7YaQNLq65AItDEngmcqIDRm3MTeg?a=1402&ch=0&cr=0&dr=3&cd=0%7C0%7C0%7C0&br=1410&bt=1410&cs=0&ds=3&ft=J9ThAGkHH_Myq8Zncej_e2NvjTQ&mime_type=video_mp4&qs=0&rc=NXZpTGRTaFBnKWxncmd5aHFsc3IxZGZlZTY6NDU3PDhoOTg8O2k2QGlqOTk7NW86b2k8MzM0NjMzQFNsa3ZpcUQ6amtqXmJmK2BeaWpgYTojLl9gYjBgYV8tMTEtYC4yNGEjbm5hMWFhLzRnYS0tZDBhc3M%3D&btag=40000e00018000&dy_q=1785897507&feature_id=d6a18d7c5414b1f1e95a75faf9147845&l=202608051038251DFAD3CECC48BE918EBD&ply_type=3&policy=eyJ2bSI6MywidWlkIjoiMzEyOTY1MDYwMzg4ODE4NSJ9,已使用,审核通过,--,4,--,3.4,71,4,5.63,0.85,47.89,0,0,0,0,0,0,0,0,0
"	7662213000066678793",0713-引导-小敏-4.mp4,https://video-cn.oceanengine.com/07e9d3501d980df45d0dde8a85ed2e06/6a75453b/tos-cn-ve-51/okAGApFKGehB9BtQI1s4lmKRE0z8QMrKAhVgJm?a=1402&ch=0&cr=0&dr=3&cd=0%7C0%7C0%7C0&cv=1&br=617&bt=617&cs=0&ds=3&ft=J9ThAGkHH_Myq8Zncej_e2NvjTQ&mime_type=video_mp4&qs=0&rc=NXZpTGRTaFBnKWxncmd5aHFsc3IxZGY6PGg5Z2QzPDwzN2Q7OGloQGlqOGZsOGtvanQ8MzM0NjMzQFNsa3ZpcUQ6amtqXmJmK2BeaWpgYTojMDAzM2MtM19hMWItMzFiMWEjNWZpcnFnL2BeYS0tZDAvc3M%3D&btag=40000e00010000&dy_q=1785897507&feature_id=d6a18d7c5414b1f1e95a75faf9147845&l=202608051038251DFAD3CECC48BE918EBD&ply_type=3&policy=eyJ2bSI6MywidWlkIjoiMzEyOTY1MDYwMzg4ODE4NSJ9,未使用,审核通过,--,12,--,1.27,108,5,4.63,0.25,11.76,0,0,0,0,0,0,0,0,0
"	7666044620682477611",0723-魏怡-6-改.mp4,https://video-cn.oceanengine.com/a4e121b73cc800081415fa9ef1856ac2/6a75458f/tos-cn-ve-51/oMZQ17mAAaeYUN5HXotTgzI7NAcDgvUIDvBqof?a=1402&ch=0&cr=0&dr=3&cd=0%7C0%7C0%7C0&br=1791&bt=1791&cs=0&ds=3&ft=J9ThAGkHH_Myq8Zncej_e2NvjTQ&mime_type=video_mp4&qs=0&rc=NXZpTGRTaFBnKWxncmd5aHFsc3IxZGZmOWloPGU1OmY2M2Y7PGloQGkzbTw7aG86ZHk8MzM0NjMzQFNsa3ZpcUQ6amtqXmJmK2BeaWpgYTojL140LzFjYDUuMTA2Mi42YmEjXm0uM2FhL2dlYS0tZDBhc3M%3D&btag=40000e00028000&dy_q=1785897507&feature_id=d6a18d7c5414b1f1e95a75faf9147845&l=202608051038251DFAD3CECC48BE918EBD&ply_type=3&policy=eyJ2bSI6MywidWlkIjoiMzEyOTY1MDYwMzg4ODE4NSJ9,已使用,审核通过,--,7,--,0,1,0,0,0,0,0,0,0,0,0,0,0,0,0
"	7665169474564046886",0721-引流-魏怡-4.mp4,https://video-cn.oceanengine.com/5ac532649d76ee4a327012cf1cec0c94/6a75453d/tos-cn-ve-51/oEWtQBAaQemhjuIilodIBIEI1tLLpaWhMg7QAA?a=1402&ch=0&cr=0&dr=3&cd=0%7C0%7C0%7C0&br=1258&bt=1258&cs=0&ds=3&ft=J9ThAGkHH_Myq8Zncej_e2NvjTQ&mime_type=video_mp4&qs=0&rc=NXZpTGRTaFBnKWxncmd5aHFsc3IxZGY6NzloNDM4OGk5PGc6NDM2QGkzZWo4aG86azw8MzM0NjMzQFNsa3ZpcUQ6amtqXmJmK2BeaWpgYTojNTZeYWNhYV8wMTE2MC0vNGEjMW4xZmFhXmJkYS0tZDAvc3M%3D&btag=40000e00010000&dy_q=1785897507&feature_id=d6a18d7c5414b1f1e95a75faf9147845&l=202608051038251DFAD3CECC48BE918EBD&ply_type=3&policy=eyJ2bSI6MywidWlkIjoiMzEyOTY1MDYwMzg4ODE4NSJ9,已使用,审核通过,--,3,--,0.19,10,0,0,0,19,0,0,0,0,0,0,0,0,0
"	7661972490623549486",0713-浩正瑞晨引导-2.mp4,https://video-cn.oceanengine.com/994319de696444ef5c09fa4a078552ff/6a75453f/tos-cn-ve-51/osDQybC3AxWBmOh1mf6AAjF3RsI3Qg9qtKMKq4?a=1402&ch=0&cr=0&dr=3&cd=0%7C0%7C0%7C0&br=1803&bt=1803&cs=0&ds=4&ft=J9ThAGkHH_Myq8Zncej_e2NvjTQ&mime_type=video_mp4&qs=0&rc=NXZpTGRTaFBnKWxncmd5aHFsc3IxZGZnMzg6ZjM2MzZoOmc1OmY7QGlqZ2VoOmtvdWY8MzM0NjMzQFNsa3ZpcUQ6amtqXmJmK2BeaWpgYTojM2FfYDRjMF4zMTFgMjEtYWEjcjA1YHFnbmpeYS0tZDAvc3M%3D&btag=40000e00010000&dy_q=1785897507&feature_id=d6a18d7c5414b1f1e95a75faf9147845&l=202608051038251DFAD3CECC48BE918EBD&ply_type=3&policy=eyJ2bSI6MywidWlkIjoiMzEyOTY1MDYwMzg4ODE4NSJ9,未使用,审核通过,--,1,--,2.19,37,1,2.7,2.19,59.19,0,0,0,0,0,0,0,0,0
"	7660452400924835846",0709引导+v-瑞晨-3.mp4,https://video-cn.oceanengine.com/ef14cde88579756493b8f13e4a3b3c5f/6a754536/tos-cn-ve-51/ocTZzPJs71IKJBQ1A1QEmZB92KFcEwBmg4hAQe?a=1402&ch=0&cr=0&dr=3&cd=0%7C0%7C0%7C0&cv=1&br=764&bt=764&cs=0&ds=3&ft=J9ThAGkHH_Myq8Zncej_e2NvjTQ&mime_type=video_mp4&qs=0&rc=NXZpTGRTaFBnKWxncmd5aHFsc3IxZGY3Z2g2ZjNpM2k3ZWlpMzpnQGlqZG07PGtvdHA8MzM0NjMzQFNsa3ZpcUQ6amtqXmJmK2BeaWpgYTojMWNgMTAwNV9jMV9gLV8tXmEjZHAycXFnZjY0YS0tZDBhc3M%3D&btag=40000e00010000&dy_q=1785897507&feature_id=d6a18d7c5414b1f1e95a75faf9147845&l=202608051038251DFAD3CECC48BE918EBD&ply_type=3&policy=eyJ2bSI6MywidWlkIjoiMzEyOTY1MDYwMzg4ODE4NSJ9,已使用,审核通过,--,2,--,1.53,131,0,0,0,11.68,0,0,0,0,0,0,0,0,0
"	7666044603117780998",0723-魏怡-4-改.mp4,https://video-cn.oceanengine.com/1503823bcfa997e0ac8b34dce34ed369/6a75458f/tos-cn-ve-51/oo2beHIHPb0g0119CARKaZAagmQiws3oBfxUeG?a=1402&ch=0&cr=0&dr=3&cd=0%7C0%7C0%7C0&cv=1&br=1686&bt=1686&cs=0&ds=3&ft=J9ThAGkHH_Myq8Zncej_e2NvjTQ&mime_type=video_mp4&qs=0&rc=NXZpTGRTaFBnKWxncmd5aHFsc3IxZGZlNDk0ZDhnZzlnZTk6ZjdpQGlqa3c5Nm86ZHk8MzM0NjMzQFNsa3ZpcUQ6amtqXmJmK2BeaWpgYTojYTUxYjQwNjUxMV4yMDNiY2EjL3Eub2FhL2dlYS0tZDBhc3M%3D&btag=40000e00028000&dy_q=1785897507&feature_id=d6a18d7c5414b1f1e95a75faf9147845&l=202608051038251DFAD3CECC48BE918EBD&ply_type=3&policy=eyJ2bSI6MywidWlkIjoiMzEyOTY1MDYwMzg4ODE4NSJ9,已使用,审核通过,--,8,--,0,1,0,0,0,0,0,0,0,0,0,0,0,0,0
"	7665667885312524307",0723-国星引流-2c.mp4,https://video-cn.oceanengine.com/62f775724f3db462b8b7c05d85d9b0b4/6a754546/tos-cn-ve-51/oUfCDmzRrHJUaBAfQqaKb9G1A2bGa7gsBQxeIF?a=1402&ch=0&cr=0&dr=3&cd=0%7C0%7C0%7C0&br=357&bt=357&cs=0&ds=3&ft=J9ThAGkHH_Myq8Zncej_e2NvjTQ&mime_type=video_mp4&qs=0&rc=NXZpTGRTaFBnKWxncmd5aHFsc3IxZGZmNjw5Z2c8PDRpZDxkZGQ3QGlqNjRnaW86Znk8MzM0NjMzQFNsa3ZpcUQ6amtqXmJmK2BeaWpgYTojY2FjMGMyMTZjMWM1Yy8zY2EjLzNlZGFhbmllYS0tZDBhc3M%3D&btag=40000e00018000&dy_q=1785897507&feature_id=d6a18d7c5414b1f1e95a75faf9147845&l=202608051038251DFAD3CECC48BE918EBD&ply_type=3&policy=eyJ2bSI6MywidWlkIjoiMzEyOTY1MDYwMzg4ODE4NSJ9,已使用,审核通过,--,4,--,0,1,0,0,0,0,0,0,0,0,0,0,0,0,0
"	7664453148363964467",0718瑞晨引流-4.mp4,https://video-cn.oceanengine.com/7ece75682340c20c5dab1c48cd20b59c/6a754532/tos-cn-ve-51/ogBCAQtXTFaD7D0gQqED8xfmIDjsgL9wACfxqN?a=1402&ch=0&cr=0&dr=3&cd=0%7C0%7C0%7C0&br=786&bt=786&cs=0&ds=3&ft=J9ThAGkHH_Myq8Zncej_e2NvjTQ&mime_type=video_mp4&qs=0&rc=NXZpTGRTaFBnKWxncmd5aHFsc3IxZGZmNjgzZzs1NmlnPDo0aWc7QGlqcHV4eDlydm48MzM0NjMzQFNsa3ZpcUQ6amtqXmJmK2BeaWpgYTojM2MyNTYtLl8yMS0vNTYtY2EjbV4wYjJkYzJjYS0tZDAvc3M%3D&btag=40000e00010000&dy_q=1785897507&feature_id=d6a18d7c5414b1f1e95a75faf9147845&l=202608051038251DFAD3CECC48BE918EBD&ply_type=3&policy=eyJ2bSI6MywidWlkIjoiMzEyOTY1MDYwMzg4ODE4NSJ9,未使用,审核通过,--,2,--,0.03,4,0,0,0,7.5,0,0,0,0,0,0,0,0,0
"	7661186975484379190",微信视频_20260711163647.mp4,https://video-cn.oceanengine.com/238d7d1a52427ef3768f5a55c95cd070/6a754536/tos-cn-ve-51/owISEQgOmA6KAT41l9pTqTteuCFBGsCQhFQUAM?a=1402&ch=0&cr=0&dr=3&cd=0%7C0%7C0%7C0&br=928&bt=928&cs=0&ds=3&ft=J9ThAGkHH_Myq8Zncej_e2NvjTQ&mime_type=video_mp4&qs=0&rc=NXZpTGRTaFBnKWxncmd5aHFsc3IxZGZoOjo6ZThkOjZmaWlkNjk7QGkzbTtpNWtvNjM8MzM0NjMzQFNsa3ZpcUQ6amtqXmJmK2BeaWpgYTojYGI2YF80YV8uMWM0MTUuM2Eja15rbXFnXi82YS0tZDAwc3M%3D&btag=40000e00010000&dy_q=1785897507&feature_id=d6a18d7c5414b1f1e95a75faf9147845&l=202608051038251DFAD3CECC48BE918EBD&ply_type=3&policy=eyJ2bSI6MywidWlkIjoiMzEyOTY1MDYwMzg4ODE4NSJ9,已使用,审核通过,--,6,--,0.06,1,0,0,0,60,0,0,0,0,0,0,0,0,0
"	7664453168408379442",0718瑞晨引流-14.mp4,https://video-cn.oceanengine.com/a755e0c6d4bbd947f9e160d35d010b68/6a754530/tos-cn-ve-51/oUEEgovDaAa1twgB4f7Q6rQxLAhIUoDQZvm5FA?a=1402&ch=0&cr=0&dr=3&cd=0%7C0%7C0%7C0&br=1439&bt=1439&cs=0&ds=3&ft=J9ThAGkHH_Myq8Zncej_e2NvjTQ&mime_type=video_mp4&qs=0&rc=NXZpTGRTaFBnKWxncmd5aHFsc3IxZGYzNTk6OTk6aDZmODc3O2g5QGkzcTMzZm86dm48MzM0NjMzQFNsa3ZpcUQ6amtqXmJmK2BeaWpgYTojNDAzNC0wNTUxMWE1XjBiNWEjbjBiaWFhXjJjYS0tZDAvc3M%3D&btag=40000e00008000&dy_q=1785897507&feature_id=d6a18d7c5414b1f1e95a75faf9147845&l=202608051038251DFAD3CECC48BE918EBD&ply_type=3&policy=eyJ2bSI6MywidWlkIjoiMzEyOTY1MDYwMzg4ODE4NSJ9,已使用,审核通过,--,2,--,0.15,12,0,0,0,12.5,0,0,0,0,0,0,0,0,0
"	7666044315906916393",0723-魏怡-2-改.mp4,https://video-cn.oceanengine.com/f8b525fa25032a3777465744825392d3/6a754536/tos-cn-ve-51/o8QDObtYLQalURgAzScgIF7uqHION63ACEtfeB?a=1402&ch=0&cr=0&dr=3&cd=0%7C0%7C0%7C0&br=915&bt=915&cs=0&ds=3&ft=J9ThAGkHH_Myq8Zncej_e2NvjTQ&mime_type=video_mp4&qs=0&rc=NXZpTGRTaFBnKWxncmd5aHFsc3IxZGY0NWRpZWg3Ozo8Mzs0aGZnQGlqOGhqO286ZHk8MzM0NjMzQFNsa3ZpcUQ6amtqXmJmK2BeaWpgYTojY182XjZjNl8xMS5jYF5jNGEjaGJrb2FhL2dlYS0tZDAvc3M%3D&btag=40000e00010000&dy_q=1785897507&feature_id=d6a18d7c5414b1f1e95a75faf9147845&l=202608051038251DFAD3CECC48BE918EBD&ply_type=3&policy=eyJ2bSI6MywidWlkIjoiMzEyOTY1MDYwMzg4ODE4NSJ9,已使用,审核通过,--,5,--,0,0,0,0,0,0,0,0,0,0,0,0,0,0,0
"	7664453110226223150",0718瑞晨引流-19.mp4,https://video-cn.oceanengine.com/b76657903f1ba938d4604c52cf77ded1/6a754538/tos-cn-ve-51/osDDgje5qBKU0tcGcftQowQyvCaIySfASibVXA?a=1402&ch=0&cr=0&dr=3&cd=0%7C0%7C0%7C0&cv=1&br=693&bt=693&cs=0&ds=3&ft=J9ThAGkHH_Myq8Zncej_e2NvjTQ&mime_type=video_mp4&qs=0&rc=NXZpTGRTaFBnKWxncmd5aHFsc3IxZGZmZTk2O2Q2NjgzNzk4ZDU0QGlqeWg4NW86dW48MzM0NjMzQFNsa3ZpcUQ6amtqXmJmK2BeaWpgYTojNDM2LmAyYV80MTIwMjFfYGEjMWNtX2FhZjJjYS0tZDBhc3M%3D&btag=40000e00010000&dy_q=1785897507&feature_id=d6a18d7c5414b1f1e95a75faf9147845&l=202608051038251DFAD3CECC48BE918EBD&ply_type=3&policy=eyJ2bSI6MywidWlkIjoiMzEyOTY1MDYwMzg4ODE4NSJ9,已使用,审核通过,首发,6,--,0.13,3,0,0,0,43.33,0,0,0,0,0,0,0,0,0
"	7668234901004582958",推送视频_0728浩正瑞晨学姐-1改-1.mp4,https://video-cn.oceanengine.com/422cbea26ad629ba88a80ac108ad94e4/6a75453e/tos-cn-ve-51/oYkEWTo9dEUWoQrQIzAtlJaAsAEW0yCDFIBLm?a=1402&ch=0&cr=0&dr=3&cd=0%7C0%7C0%7C0&br=1275&bt=1275&cs=0&ds=4&ft=J9ThAGkHH_Myq8Zncej_e2NvjTQ&mime_type=video_mp4&qs=0&rc=NXZpTGRTaFBnKWxncmd5aHFsc3IxZGZmM2k2ZDMzPDY5OTU8ZTo4QGkzNmo1OG86OGo8MzM0NjMzQFNsa3ZpcUQ6amtqXmJmK2BeaWpgYTojYDE2NjRhYV5gMV8uMS0wL2EjLi01ZmFhbmppYS0tZDBhc3M%3D&btag=40000200010000&dy_q=1785897507&feature_id=d6a18d7c5414b1f1e95a75faf9147845&l=202608051038251DFAD3CECC48BE918EBD&ply_type=3&policy=eyJ2bSI6MywidWlkIjoiMzEyOTY1MDYwMzg4ODE4NSJ9,未使用,审核不通过,--,0,--,0,0,0,0,0,0,0,0,0,0,0,0,0,0,0
"	7665169630885937161",0720-引流-魏怡-1.mp4,https://video-cn.oceanengine.com/c7f96a319053230e3f0eee04fd96bc20/6a754538/tos-cn-ve-51/oclBisQMoAQ3fuDEgam1lsAiL7AhtBz3mEJIsb?a=1402&ch=0&cr=0&dr=3&cd=0%7C0%7C0%7C0&br=1823&bt=1823&cs=0&ds=3&ft=J9ThAGkHH_Myq8Zncej_e2NvjTQ&mime_type=video_mp4&qs=0&rc=NXZpTGRTaFBnKWxncmd5aHFsc3IxZGY8MzRpODU8Zzg7OmRnaTlkQGlqcGVuZ286azw8MzM0NjMzQFNsa3ZpcUQ6amtqXmJmK2BeaWpgYTojLi9eY2AvYDU2MS82NC8xLmEjNWtqbWFhXmJkYS0tZDAvc3M%3D&btag=40000e00010000&dy_q=1785897507&feature_id=d6a18d7c5414b1f1e95a75faf9147845&l=202608051038251DFAD3CECC48BE918EBD&ply_type=3&policy=eyJ2bSI6MywidWlkIjoiMzEyOTY1MDYwMzg4ODE4NSJ9,未使用,审核通过,--,4,--,0,0,0,0,0,0,0,0,0,0,0,0,0,0,0
"	7664453162750050314",0718瑞晨引流-3.mp4,https://video-cn.oceanengine.com/620cd0a087d692d520aa1f9447140faf/6a754532/tos-cn-ve-51/o00qBf9DEwxFgiQAmgxQXoOoNL3nDAguDfaIDN?a=1402&ch=0&cr=0&dr=3&cd=0%7C0%7C0%7C0&br=935&bt=935&cs=0&ds=3&ft=J9ThAGkHH_Myq8Zncej_e2NvjTQ&mime_type=video_mp4&qs=0&rc=NXZpTGRTaFBnKWxncmd5aHFsc3IxZGY2PDU5Nzs7Zjs0aTo3NjtkQGkzNGlwcTlydm48MzM0NjMzQFNsa3ZpcUQ6amtqXmJmK2BeaWpgYTojLmNfNjIxXzUtMS4uLy1gLmEjbi1yMDJkNDJjYS0tZDBhc3M%3D&btag=40000e00010000&dy_q=1785897507&feature_id=d6a18d7c5414b1f1e95a75faf9147845&l=202608051038251DFAD3CECC48BE918EBD&ply_type=3&policy=eyJ2bSI6MywidWlkIjoiMzEyOTY1MDYwMzg4ODE4NSJ9,未使用,审核通过,--,2,--,0,0,0,0,0,0,0,0,0,0,0,0,0,0,0
"	7663054322687557642",0714-魏怡引流-3.mp4,https://video-cn.oceanengine.com/efaa1820feaf710426831fc577fedb11/6a75454b/tos-cn-ve-51/o0ReYqRAAQB22kgOfq16CqE5WICNYoNxKaADJ1?a=1402&ch=0&cr=0&dr=3&cd=0%7C0%7C0%7C0&br=577&bt=577&cs=0&ds=3&ft=J9ThAGkHH_Myq8Zncej_e2NvjTQ&mime_type=video_mp4&qs=0&rc=NXZpTGRTaFBnKWxncmd5aHFsc3IxZGZmNDM1OmY5NGY7Z2g2aTlnQGkzdHRwaW86bmQ8MzM0NjMzQFNsa3ZpcUQ6amtqXmJmK2BeaWpgYTojMTVgLTE1L18tMTFjXy4tLmEjLTZrZ2FhXjNgYS0tZDAvc3M%3D&btag=40000e00018000&dy_q=1785897507&feature_id=d6a18d7c5414b1f1e95a75faf9147845&l=202608051038251DFAD3CECC48BE918EBD&ply_type=3&policy=eyJ2bSI6MywidWlkIjoiMzEyOTY1MDYwMzg4ODE4NSJ9,未使用,审核通过,--,1,--,0,0,0,0,0,0,0,0,0,0,0,0,0,0,0
"	7660186951438139446",0708-引导-嘉丽-4.mp4,https://video-cn.oceanengine.com/f184d9fcee97dd9504e28afab50a66f9/6a754534/tos-cn-ve-51/o4XQsqT2AKmBzJh1mtfAgAm86sEWIQ9iZpCJq4?a=1402&ch=0&cr=0&dr=3&cd=0%7C0%7C0%7C0&cv=1&br=1135&bt=1135&cs=0&ds=3&ft=J9ThAGkHH_Myq8Zncej_e2NvjTQ&mime_type=video_mp4&qs=0&rc=NXZpTGRTaFBnKWxncmd5aHFsc3IxZGY1N2c1ODc2NTNmaGRpNTxnQGlqb2ZvN2tvdTo8MzM0NjMzQFNsa3ZpcUQ6amtqXmJmK2BeaWpgYTojYGE0NjIvYF5jMTYwNC0wNWEjYy1mZnFnXjM0YS0tZDAwc3M%3D&btag=40000e00010000&dy_q=1785897507&feature_id=59cb2766d89ae6284516c6a254e9fb61&l=202608051038251DFAD3CECC48BE918EBD&ply_type=3&policy=eyJ2bSI6MywidWlkIjoiMzEyOTY1MDYwMzg4ODE4NSJ9,已使用,审核通过,--,29,--,0,0,0,0,0,0,0,0,0,0,0,0,0,0,0
"	7666006386430378026",推送视频_0723-国星引流修改-6c.mp4,https://video-cn.oceanengine.com/43bfb25a2385b8393047ab91faaa304b/6a754530/tos-cn-ve-51/oYCfze96GBmULrTGlNIdkugQxCaQrUmAlGbeBA?a=1402&ch=0&cr=0&dr=3&cd=0%7C0%7C0%7C0&br=478&bt=478&cs=0&ds=6&ft=J9ThAGkHH_Myq8Zncej_e2NvjTQ&mime_type=video_mp4&qs=0&rc=NXZpTGRTaFBnKWxncmd5aHFsc3IxZGZmPDk7OTc7OGdpN2g4NzZmQGlqaW1pczlyZmw8MzM0NjMzQFNsa3ZpcUQ6amtqXmJmK2BeaWpgYTojYi5iLl4wY15eMTY1YmFiLWEjXmdoYTJkay1lYS0tZDBhc3M%3D&btag=40000e00008000&dy_q=1785897507&feature_id=d6a18d7c5414b1f1e95a75faf9147845&l=202608051038251DFAD3CECC48BE918EBD&ply_type=3&policy=eyJ2bSI6MywidWlkIjoiMzEyOTY1MDYwMzg4ODE4NSJ9,已使用,审核通过,首发,5,--,0,0,0,0,0,0,0,0,0,0,0,0,0,0,0
"	7664453198800781338",0718瑞晨引流-2.mp4,https://video-cn.oceanengine.com/0ab914b2201cdb2126a5eeec5ce1fef3/6a754532/tos-cn-ve-51/ocFSph1xgaALRLBX8A2DxhDGAn0eRNPeqMi1gG?a=1402&ch=0&cr=0&dr=3&cd=0%7C0%7C0%7C0&br=872&bt=872&cs=0&ds=3&ft=J9ThAGkHH_Myq8Zncej_e2NvjTQ&mime_type=video_mp4&qs=0&rc=NXZpTGRTaFBnKWxncmd5aHFsc3IxZGY7PDY3NGVmZjVpOWc0Ojw7QGlqNGluPG86dm48MzM0NjMzQFNsa3ZpcUQ6amtqXmJmK2BeaWpgYTojMDVeLjYyMDY1MTEzLi8yM2EjazZsbGFhXjJjYS0tZDAwc3M%3D&btag=40000e00010000&dy_q=1785897507&feature_id=d6a18d7c5414b1f1e95a75faf9147845&l=202608051038251DFAD3CECC48BE918EBD&ply_type=3&policy=eyJ2bSI6MywidWlkIjoiMzEyOTY1MDYwMzg4ODE4NSJ9,已使用,审核通过,--,2,--,0,0,0,0,0,0,0,0,0,0,0,0,0,0,0
"	7664453092843044890",0718瑞晨引流-11.mp4,https://video-cn.oceanengine.com/72d77be70e04ff1a84f57a447997d45a/6a75452c/tos-cn-ve-51/o0oFQhm43aAxQZCTw6tDgm1gaByQmAGLI4Ixf7?a=1402&ch=0&cr=0&dr=3&cd=0%7C0%7C0%7C0&cv=1&br=1189&bt=1189&cs=0&ds=3&ft=J9ThAGkHH_Myq8Zncej_e2NvjTQ&mime_type=video_mp4&qs=0&rc=NXZpTGRTaFBnKWxncmd5aHFsc3IxZGY3Nzs2PDozOGY1Zzk0NGRlQGlqbWs2NG86dW48MzM0NjMzQFNsa3ZpcUQ6amtqXmJmK2BeaWpgYTojX2JiYi8zYF5iMTEzMTBfNGEjNmY0cmFhZjJjYS0tZDAwc3M%3D&btag=40000e00008000&dy_q=1785897507&feature_id=d6a18d7c5414b1f1e95a75faf9147845&l=202608051038251DFAD3CECC48BE918EBD&ply_type=3&policy=eyJ2bSI6MywidWlkIjoiMzEyOTY1MDYwMzg4ODE4NSJ9,未使用,审核通过,--,1,--,0,0,0,0,0,0,0,0,0,0,0,0,0,0,0
"	7662230271501189158",0713-引导-嘉丽-10.mp4,https://video-cn.oceanengine.com/e6cf95e7b31454656c0974d64a4e9280/6a754532/tos-cn-ve-51/oI9V5pQKqAII8r19H4m1PhAbtsgheBUUUtaEap?a=1402&ch=0&cr=0&dr=3&cd=0%7C0%7C0%7C0&cv=1&br=252&bt=252&cs=0&ds=3&ft=J9ThAGkHH_Myq8Zncej_e2NvjTQ&mime_type=video_mp4&qs=0&rc=NXZpTGRTaFBnKWxncmd5aHFsc3IxZGY8NmdpZmk1NmU2NDw0OzU5QGlqPG82PGtvdnU8MzM0NjMzQFNsa3ZpcUQ6amtqXmJmK2BeaWpgYTojL18vYWI0NV8xMWNgY18tMWEjYTZzXnFnbl9eYS0tZDAwc3M%3D&btag=40000e00010000&dy_q=1785897507&feature_id=d6a18d7c5414b1f1e95a75faf9147845&l=202608051038251DFAD3CECC48BE918EBD&ply_type=3&policy=eyJ2bSI6MywidWlkIjoiMzEyOTY1MDYwMzg4ODE4NSJ9,已使用,审核通过,首发,15,--,0,0,0,0,0,0,0,0,0,0,0,0,0,0,0
"	7663054368157302793",0714-魏怡引流-5.mp4,https://video-cn.oceanengine.com/9f5ce36c979a1160c3c6bac1f15f1cc6/6a754542/tos-cn-ve-51/oAYUCIW58Q6igjtAdTtlroaUrAhQ2EhU5Izsl?a=1402&ch=0&cr=0&dr=3&cd=0%7C0%7C0%7C0&cv=1&br=698&bt=698&cs=0&ds=3&ft=J9ThAGkHH_Myq8Zncej_e2NvjTQ&mime_type=video_mp4&qs=0&rc=NXZpTGRTaFBnKWxncmd5aHFsc3IxZGYzZmc3ZTxpZjNlOTplODpkQGkzcDl0M286bmQ8MzM0NjMzQFNsa3ZpcUQ6amtqXmJmK2BeaWpgYTojXmFjYWEzMl41MV8uXjBjMWEjXm1wZmFhXjNgYS0tZDBhc3M%3D&btag=40000e00018000&dy_q=1785897507&feature_id=d6a18d7c5414b1f1e95a75faf9147845&l=202608051038251DFAD3CECC48BE918EBD&ply_type=3&policy=eyJ2bSI6MywidWlkIjoiMzEyOTY1MDYwMzg4ODE4NSJ9,未使用,审核通过,--,8,--,0,0,0,0,0,0,0,0,0,0,0,0,0,0,0
"	7660843558887325738",0710引导-小敏-5.mp4,https://video-cn.oceanengine.com/31b815aea3f63847cb44a5aeb61a3606/6a75453a/tos-cn-ve-51/oYyCv9LBsENIQXKPGQKRbCVAmuSp14heAQZSAu?a=1402&ch=0&cr=0&dr=3&cd=0%7C0%7C0%7C0&br=960&bt=960&cs=0&ds=3&ft=J9ThAGkHH_Myq8Zncej_e2NvjTQ&mime_type=video_mp4&qs=0&rc=NXZpTGRTaFBnKWxncmd5aHFsc3IxZGYzOjs7NmU1NTkzZ2dpNzZlQGlqaXJ0NGtvZGY8MzM0NjMzQFNsa3ZpcUQ6amtqXmJmK2BeaWpgYTojY2ExYF4yLTUyMWMwMTIxYmEjYXNfL3FnZmU1YS0tZDAvc3M%3D&btag=40000e00010000&dy_q=1785897507&feature_id=d6a18d7c5414b1f1e95a75faf9147845&l=202608051038251DFAD3CECC48BE918EBD&ply_type=3&policy=eyJ2bSI6MywidWlkIjoiMzEyOTY1MDYwMzg4ODE4NSJ9,未使用,审核通过,--,1,--,0,0,0,0,0,0,0,0,0,0,0,0,0,0,0
"	7659983297766178859",0706引导+v瑞晨-10.mp4,https://video-cn.oceanengine.com/e8786417f47d8eba114edce8a06da24b/6a75453d/tos-cn-ve-51/o0INEQg2muHJAu41S9RvqVqeE0JBisEQm2tlA2?a=1402&ch=0&cr=0&dr=3&cd=0%7C0%7C0%7C0&br=1517&bt=1517&cs=0&ds=4&ft=J9ThAGkHH_Myq8Zncej_e2NvjTQ&mime_type=video_mp4&qs=0&rc=NXZpTGRTaFBnKWxncmd5aHFsc3IxZGZkN2k0OzQ3NjpoOmc3NGVoQGkzb3lxN2tva3U8MzM0NjMzQFNsa3ZpcUQ6amtqXmJmK2BeaWpgYTojYmFeNTYxYjZiMTIuLTUuMWEjL2BkaHFnXmgzYS0tZDBhc3M%3D&btag=40000e00010000&dy_q=1785897507&feature_id=d6a18d7c5414b1f1e95a75faf9147845&l=202608051038251DFAD3CECC48BE918EBD&ply_type=3&policy=eyJ2bSI6MywidWlkIjoiMzEyOTY1MDYwMzg4ODE4NSJ9,已使用,审核通过,--,1,--,0,0,0,0,0,0,0,0,0,0,0,0,0,0,0
"	7662271415936843802",0713-引导-嘉丽-7.mp4,https://video-cn.oceanengine.com/7ab985b6f423c02a08dbb7c08df2997b/6a754545/tos-cn-ve-51/oIEm2h1AuC2YakBV4AIApKeZyDQAnQqls2Bpk6?a=1402&ch=0&cr=0&dr=3&cd=0%7C0%7C0%7C0&br=862&bt=862&cs=0&ds=3&ft=J9ThAGkHH_Myq8Zncej_e2NvjTQ&mime_type=video_mp4&qs=0&rc=NXZpTGRTaFBnKWxncmd5aHFsc3IxZGY5PDdlNzQ6ZjU8NTk2Z2dkQGlqPHY8OGtvbHc8MzM0NjMzQFNsa3ZpcUQ6amtqXmJmK2BeaWpgYTojNmIzYzJeYzUzMTFfNGM0YWEjLS4xYHFnXmpeYS0tZDAvc3M%3D&btag=40000e00018000&dy_q=1785897507&feature_id=d6a18d7c5414b1f1e95a75faf9147845&l=202608051038251DFAD3CECC48BE918EBD&ply_type=3&policy=eyJ2bSI6MywidWlkIjoiMzEyOTY1MDYwMzg4ODE4NSJ9,未使用,审核通过,--,7,--,0,0,0,0,0,0,0,0,0,0,0,0,0,0,0
"	7660843528491237382",0710引导-小敏-3.mp4,https://video-cn.oceanengine.com/bddee26da98e490d9b0b5b14d4eb8ac8/6a75452c/tos-cn-ve-51/ow1KpoNyElGSAX1BIVqQ0AAmJmeSIhKbWQ84Rs?a=1402&ch=0&cr=0&dr=3&cd=0%7C0%7C0%7C0&br=536&bt=536&cs=0&ds=3&ft=J9ThAGkHH_Myq8Zncej_e2NvjTQ&mime_type=video_mp4&qs=0&rc=NXZpTGRTaFBnKWxncmd5aHFsc3IxZGY8NGg7OzY6OGY8PDVoaTs3QGkzZ2twO2tvZGY8MzM0NjMzQFNsa3ZpcUQ6amtqXmJmK2BeaWpgYTojXzBfYWA0MV4tMTQyYzMzX2EjNmJzbnFnZmU1YS0tZDAvc3M%3D&btag=40000e00008000&dy_q=1785897507&feature_id=d6a18d7c5414b1f1e95a75faf9147845&l=202608051038251DFAD3CECC48BE918EBD&ply_type=3&policy=eyJ2bSI6MywidWlkIjoiMzEyOTY1MDYwMzg4ODE4NSJ9,已使用,审核通过,--,2,--,0,0,0,0,0,0,0,0,0,0,0,0,0,0,0
"	7668235106076000282",推送视频_0729-瑞晨浩正引流素材-1改-9.mp4,https://video-cn.oceanengine.com/4195ca49ea6d04553b761c0bd2476c3d/6a754544/tos-cn-ve-51/oIofiBHJpNCfe2ncEn1tAzqeMrA2xp5iAyjJ0C?a=1402&ch=0&cr=0&dr=3&cd=0%7C0%7C0%7C0&br=2221&bt=2221&cs=0&ds=4&ft=J9ThAGkHH_Myq8Zncej_e2NvjTQ&mime_type=video_mp4&qs=0&rc=NXZpTGRTaFBnKWxncmd5aHFsc3IxZGY3OjppN2ZlZ2k2NjppaDRoQGlqaG04Zm86aWo8MzM0NjMzQFNsa3ZpcUQ6amtqXmJmK2BeaWpgYTojMzNgY2MuLV82MTZfNjEtLmEjbGY1c2FhbmppYS0tZDBhc3M%3D&btag=40000200018000&dy_q=1785897507&feature_id=d6a18d7c5414b1f1e95a75faf9147845&l=202608051038251DFAD3CECC48BE918EBD&ply_type=3&policy=eyJ2bSI6MywidWlkIjoiMzEyOTY1MDYwMzg4ODE4NSJ9,未使用,审核不通过,--,0,--,0,0,0,0,0,0,0,0,0,0,0,0,0,0,0
"	7666049027445276718",引流1——子衿改.mp4,https://video-cn.oceanengine.com/aefd65c909d807541d9b196f4a5364de/6a75452d/tos-cn-ve-51/o4kOdIAUHsJnLiNtZIgEUWQqxNjKAaBzNHmAd?a=1402&ch=0&cr=0&dr=3&cd=0%7C0%7C0%7C0&br=477&bt=477&cs=0&ds=4&ft=J9ThAGkHH_Myq8Zncej_e2NvjTQ&mime_type=video_mp4&qs=0&rc=NXZpTGRTaFBnKWxncmd5aHFsc3IxZGY8NDo5O2lkNmZlODwzZGlnQGlqZDczZm86Om48MzM0NjMzQFNsa3ZpcUQ6amtqXmJmK2BeaWpgYTojNC1fMDRgYzZeMWBfLy42MGEjMy1iaWFhZmJlYS0tZDAvc3M%3D&btag=40000200008000&dy_q=1785897507&feature_id=d6a18d7c5414b1f1e95a75faf9147845&l=202608051038251DFAD3CECC48BE918EBD&ply_type=3&policy=eyJ2bSI6MywidWlkIjoiMzEyOTY1MDYwMzg4ODE4NSJ9,未使用,审核不通过,--,0,--,0,0,0,0,0,0,0,0,0,0,0,0,0,0,0
"	7666006390916464682",推送视频_0723-国星引流修改-10c.mp4,https://video-cn.oceanengine.com/b17dd94bd7db31a5e90c5cdfe5413be7/6a754533/tos-cn-ve-51/oc9Q3MFuEIziPUcQ2IadAjtQRdWKwBmRMHbAg?a=1402&ch=0&cr=0&dr=3&cd=0%7C0%7C0%7C0&br=560&bt=560&cs=0&ds=6&ft=J9ThAGkHH_Myq8Zncej_e2NvjTQ&mime_type=video_mp4&qs=0&rc=NXZpTGRTaFBnKWxncmd5aHFsc3IxZGY3ZWQ3aDk5aDhnNWY7PDVpQGkzaW01aG86Zmw8MzM0NjMzQFNsa3ZpcUQ6amtqXmJmK2BeaWpgYTojNTIvL14uNl4vMTZfMTQxX2EjNWJnb2FhXi1lYS0tZDAwc3M%3D&btag=40000e00010000&dy_q=1785897507&feature_id=d6a18d7c5414b1f1e95a75faf9147845&l=202608051038251DFAD3CECC48BE918EBD&ply_type=3&policy=eyJ2bSI6MywidWlkIjoiMzEyOTY1MDYwMzg4ODE4NSJ9,已使用,审核通过,--,6,--,0,0,0,0,0,0,0,0,0,0,0,0,0,0,0
"	7660371917899792420",0709引导-小敏-1-1.mp4,https://video-cn.oceanengine.com/5ef8e23ddf3da624b9c28802a65e4bb5/6a754538/tos-cn-ve-51/oYwMZq7TgunNAgseqIRkCM6EDEAeNxVNBMAcx0?a=1402&ch=0&cr=0&dr=3&cd=0%7C0%7C0%7C0&cv=1&br=841&bt=841&cs=0&ds=3&ft=J9ThAGkHH_Myq8Zncej_e2NvjTQ&mime_type=video_mp4&qs=0&rc=NXZpTGRTaFBnKWxncmd5aHFsc3IxZGZnOGZlZTo4aDM7Ojs1PDY6QGlqNmY7PGtvZms8MzM0NjMzQFNsa3ZpcUQ6amtqXmJmK2BeaWpgYTojXzNgMTItYTUwMTEwMGFhYWEjMC8ycXFnL2s0YS0tZDBhc3M%3D&btag=40000e00010000&dy_q=1785897507&feature_id=d6a18d7c5414b1f1e95a75faf9147845&l=202608051038251DFAD3CECC48BE918EBD&ply_type=3&policy=eyJ2bSI6MywidWlkIjoiMzEyOTY1MDYwMzg4ODE4NSJ9,未使用,审核通过,--,13,--,0,0,0,0,0,0,0,0,0,0,0,0,0,0,0
"	7668234838328541211",推送视频_0728浩正瑞晨学姐-1改-2.mp4,https://video-cn.oceanengine.com/b8b4e2d7fede373de0c4f214c6acda46/6a754537/tos-cn-ve-51/o4w0RLAIjrtEzIQShDRFgWYj4QLmDdIaAsvXy?a=1402&ch=0&cr=0&dr=3&cd=0%7C0%7C0%7C0&br=1350&bt=1350&cs=0&ds=4&ft=J9ThAGkHH_Myq8Zncej_e2NvjTQ&mime_type=video_mp4&qs=0&rc=NXZpTGRTaFBnKWxncmd5aHFsc3IxZGY7PDVoNzQ8Omc6ZGg6ZDc2QGkzbHg7Nm86OGo8MzM0NjMzQFNsa3ZpcUQ6amtqXmJmK2BeaWpgYTojMWAwXjMxYV9jMWNfLl4uNGEjcDMyMWFhbmppYS0tZDAwc3M%3D&btag=40000200010000&dy_q=1785897507&feature_id=d6a18d7c5414b1f1e95a75faf9147845&l=202608051038251DFAD3CECC48BE918EBD&ply_type=3&policy=eyJ2bSI6MywidWlkIjoiMzEyOTY1MDYwMzg4ODE4NSJ9,未使用,审核不通过,--,0,--,0,0,0,0,0,0,0,0,0,0,0,0,0,0,0
"	7664453166962409510",0718瑞晨引流-5.mp4,https://video-cn.oceanengine.com/09c6e18f37f9875d57ae9bf1d9bbcb40/6a754532/tos-cn-ve-51/oUfCtBA0xQk4KbgAfYGvgXIoWOQgqjsCGxtUcf?a=1402&ch=0&cr=0&dr=3&cd=0%7C0%7C0%7C0&br=660&bt=660&cs=0&ds=3&ft=J9ThAGkHH_Myq8Zncej_e2NvjTQ&mime_type=video_mp4&qs=0&rc=NXZpTGRTaFBnKWxncmd5aHFsc3IxZGY5Z2Q5ZzRmOGQ5O2dkZzU1QGlqanl3Om86dm48MzM0NjMzQFNsa3ZpcUQ6amtqXmJmK2BeaWpgYTojNTNgMjA0LjZeMTE2YmEvLmEjMGVtMGFhLzJjYS0tZDAwc3M%3D&btag=40000e00010000&dy_q=1785897507&feature_id=d6a18d7c5414b1f1e95a75faf9147845&l=202608051038251DFAD3CECC48BE918EBD&ply_type=3&policy=eyJ2bSI6MywidWlkIjoiMzEyOTY1MDYwMzg4ODE4NSJ9,未使用,审核通过,--,2,--,0,0,0,0,0,0,0,0,0,0,0,0,0,0,0
"	7663055838699651123",0716-引流瑞晨-9.mp4,https://video-cn.oceanengine.com/357886227fd933fd1b8b6b3f8baf5405/6a754530/tos-cn-ve-51/oYzkQdpOiAOlYskjdEIQXvaptzICKgdSmWvAi?a=1402&ch=0&cr=0&dr=3&cd=0%7C0%7C0%7C0&cv=1&br=1659&bt=1659&cs=0&ds=3&ft=J9ThAGkHH_Myq8Zncej_e2NvjTQ&mime_type=video_mp4&qs=0&rc=NXZpTGRTaFBnKWxncmd5aHFsc3IxZGY5Ozg3OjxoODtnZ2k6ZzQ3QGlqZnNsaW86bWQ8MzM0NjMzQFNsa3ZpcUQ6amtqXmJmK2BeaWpgYTojMC8wMC5fYjU2MWNfMGI1M2EjaDJlYmFhZjZgYS0tZDAvc3M%3D&btag=40000e00008000&dy_q=1785897507&feature_id=d6a18d7c5414b1f1e95a75faf9147845&l=202608051038251DFAD3CECC48BE918EBD&ply_type=3&policy=eyJ2bSI6MywidWlkIjoiMzEyOTY1MDYwMzg4ODE4NSJ9,未使用,审核通过,--,6,--,0,0,0,0,0,0,0,0,0,0,0,0,0,0,0
"	7660843608887656454",0710-引导-嘉丽-5.mp4,https://video-cn.oceanengine.com/efa690df3756f9beb7df37cbdd0b4ba8/6a754534/tos-cn-ve-51/osSQNqC8U5dZDygsAAEIHeiVqevgX6IxQ0DBoM?a=1402&ch=0&cr=0&dr=3&cd=0%7C0%7C0%7C0&br=1010&bt=1010&cs=0&ds=3&ft=J9ThAGkHH_Myq8Zncej_e2NvjTQ&mime_type=video_mp4&qs=0&rc=NXZpTGRTaFBnKWxncmd5aHFsc3IxZGZpNzZnOjQ8NWc0PDY5aWU2QGkzOnU2aWtvZGY8MzM0NjMzQFNsa3ZpcUQ6amtqXmJmK2BeaWpgYTojLWMzYF80MV5hMTMzXjUyNWEjaDVrY3FnZmU1YS0tZDAwc3M%3D&btag=40000e00010000&dy_q=1785897507&feature_id=d6a18d7c5414b1f1e95a75faf9147845&l=202608051038251DFAD3CECC48BE918EBD&ply_type=3&policy=eyJ2bSI6MywidWlkIjoiMzEyOTY1MDYwMzg4ODE4NSJ9,已使用,审核通过,--,2,--,0,0,0,0,0,0,0,0,0,0,0,0,0,0,0
"	7668236228881743882",推送视频_0729-瑞晨浩正引流素材-1改-3.mp4,https://video-cn.oceanengine.com/cc82e51e872dfd0f9a74490ccf88f4da/6a754546/tos-cn-ve-51/oMeRIHA1gQkES9m1K7jKIQ5ArlTaNtMYYh6ZCB?a=1402&ch=0&cr=0&dr=3&cd=0%7C0%7C0%7C0&br=2456&bt=2456&cs=0&ds=4&ft=J9ThAGkHH_Myq8Zncej_e2NvjTQ&mime_type=video_mp4&qs=0&rc=NXZpTGRTaFBnKWxncmd5aHFsc3IxZGY4aTNpOmQ0O2Q0NDs4aDdkQGlqc2U3OW86bGo8MzM0NjMzQFNsa3ZpcUQ6amtqXmJmK2BeaWpgYTojYl8vLmI2YjUzMTM2X18tMWEjbmk1Y2FhZmxpYS0tZDAwc3M%3D&btag=40000200018000&dy_q=1785897507&feature_id=d6a18d7c5414b1f1e95a75faf9147845&l=202608051038251DFAD3CECC48BE918EBD&ply_type=3&policy=eyJ2bSI6MywidWlkIjoiMzEyOTY1MDYwMzg4ODE4NSJ9,未使用,审核不通过,--,0,--,0,0,0,0,0,0,0,0,0,0,0,0,0,0,0
"	7666006388808581139",推送视频_0723-瑞晨引流修改-8.mp4,https://video-cn.oceanengine.com/1ed7a9ebf20b8440fd756b5c428ac80c/6a75452b/tos-cn-ve-51/ooUIg2jYNAeQqAIRje2YdyFkKsz1DBaxCcEAq7?a=1402&ch=0&cr=0&dr=3&cd=0%7C0%7C0%7C0&br=773&bt=773&cs=0&ds=3&ft=J9ThAGkHH_Myq8Zncej_e2NvjTQ&mime_type=video_mp4&qs=0&rc=NXZpTGRTaFBnKWxncmd5aHFsc3IxZGY5Ojw8Zmg3OTdnZGYzPDc1QGlqcHdqO286Zmw8MzM0NjMzQFNsa3ZpcUQ6amtqXmJmK2BeaWpgYTojLi1jMi4uM18vMV5hYjBfLWEjYW9pb2FhXi1lYS0tZDAvc3M%3D&btag=40000e00008000&dy_q=1785897507&feature_id=d6a18d7c5414b1f1e95a75faf9147845&l=202608051038251DFAD3CECC48BE918EBD&ply_type=3&policy=eyJ2bSI6MywidWlkIjoiMzEyOTY1MDYwMzg4ODE4NSJ9,已使用,审核通过,--,7,--,0,0,0,0,0,0,0,0,0,0,0,0,0,0,0
"	7663055819790499891",0716-引流瑞晨-3.mp4,https://video-cn.oceanengine.com/0d7827d019d3040d0670cbb86a93a719/6a754532/tos-cn-ve-51/oMQre7Fv1AxOp9nRAaAdJH3LtNJIhEImOBNGYq?a=1402&ch=0&cr=0&dr=3&cd=0%7C0%7C0%7C0&cv=1&br=440&bt=440&cs=0&ds=3&ft=J9ThAGkHH_Myq8Zncej_e2NvjTQ&mime_type=video_mp4&qs=0&rc=NXZpTGRTaFBnKWxncmd5aHFsc3IxZGY8ZDpkOTM1Omg1MzNmNjQ2QGkzd3lrO286bWQ8MzM0NjMzQFNsa3ZpcUQ6amtqXmJmK2BeaWpgYTojLjBfM2MwMjYtMTMwLy4yMWEjaXFqZWFhZjZgYS0tZDAvc3M%3D&btag=40000e00010000&dy_q=1785897507&feature_id=d6a18d7c5414b1f1e95a75faf9147845&l=202608051038251DFAD3CECC48BE918EBD&ply_type=3&policy=eyJ2bSI6MywidWlkIjoiMzEyOTY1MDYwMzg4ODE4NSJ9,未使用,审核通过,--,4,--,0,0,0,0,0,0,0,0,0,0,0,0,0,0,0
"	7663054417171742758",0715-魏怡引流-6.mp4,https://video-cn.oceanengine.com/7663600d13a2e8ac7a5b396d06fbb502/6a75462c/tos-cn-ve-51/oIQ9jLlYlPAMtEvPEuEAapsAzdIVJWQIcTiWr?a=1402&ch=0&cr=0&dr=3&cd=0%7C0%7C0%7C0&br=1364&bt=1364&cs=0&ds=3&ft=J9ThAGkHH_Myq8Zncej_e2NvjTQ&mime_type=video_mp4&qs=0&rc=NXZpTGRTaFBnKWxncmd5aHFsc3IxZGZoOmloOjVmaDQzOjM0ZDdkQGlqOG5sZW86cGQ8MzM0NjMzQFNsa3ZpcUQ6amtqXmJmK2BeaWpgYTojNTEzXzNhLTVhMTEtNmNiYmEjMnNjNGFhLzNgYS0tZDBhc3M%3D&btag=40000e00030000&dy_q=1785897507&feature_id=d6a18d7c5414b1f1e95a75faf9147845&l=202608051038251DFAD3CECC48BE918EBD&ply_type=3&policy=eyJ2bSI6MywidWlkIjoiMzEyOTY1MDYwMzg4ODE4NSJ9,未使用,审核通过,--,5,--,0,0,0,0,0,0,0,0,0,0,0,0,0,0,0
"	7662279491625058342",0714-瑞浩引导修改-4.mp4,https://video-cn.oceanengine.com/052419ad06ed43d4cc734c2f9d80def7/6a754542/tos-cn-ve-51/oMxeUBIeKgxuA0AlQqSGCFcr8G6ZbqnZeFX8VK?a=1402&ch=0&cr=0&dr=3&cd=0%7C0%7C0%7C0&cv=1&br=664&bt=664&cs=0&ds=3&ft=J9ThAGkHH_Myq8Zncej_e2NvjTQ&mime_type=video_mp4&qs=0&rc=NXZpTGRTaFBnKWxncmd5aHFsc3IxZGY7Njw6OjY4OjVmNTdnPDxmQGkzbTw2aWtvPHg8MzM0NjMzQFNsa3ZpcUQ6amtqXmJmK2BeaWpgYTojXjM2MjEvMzYxMV8zXjMxYmEjc2JnY3FnXjJeYS0tZDAwc3M%3D&btag=40000e00018000&dy_q=1785897507&feature_id=d6a18d7c5414b1f1e95a75faf9147845&l=202608051038251DFAD3CECC48BE918EBD&ply_type=3&policy=eyJ2bSI6MywidWlkIjoiMzEyOTY1MDYwMzg4ODE4NSJ9,未使用,审核通过,--,1,--,0,0,0,0,0,0,0,0,0,0,0,0,0,0,0
"	7662230326718300187",0713-引导-嘉丽-1.mp4,https://video-cn.oceanengine.com/1964e63c1e59f698def2d0b053a4715d/6a75453a/tos-cn-ve-51/o04P3spQrEtK5esBphmq19uh0UBoAmQUV1ItAg?a=1402&ch=0&cr=0&dr=3&cd=0%7C0%7C0%7C0&br=639&bt=639&cs=0&ds=3&ft=J9ThAGkHH_Myq8Zncej_e2NvjTQ&mime_type=video_mp4&qs=0&rc=NXZpTGRTaFBnKWxncmd5aHFsc3IxZGY7NTU0NTNnZzxoNjc0ODg3QGkzPG82PGtvdnU8MzM0NjMzQFNsa3ZpcUQ6amtqXmJmK2BeaWpgYTojMWMuMDZfNjZeMTYuXjYvXmEjaDZzXnFnbl9eYS0tZDAwc3M%3D&btag=40000e00010000&dy_q=1785897507&feature_id=d6a18d7c5414b1f1e95a75faf9147845&l=202608051038251DFAD3CECC48BE918EBD&ply_type=3&policy=eyJ2bSI6MywidWlkIjoiMzEyOTY1MDYwMzg4ODE4NSJ9,已使用,审核通过,--,3,--,0,0,0,0,0,0,0,0,0,0,0,0,0,0,0
"	7663054273158070310",0714-魏怡引流-6.mp4,https://video-cn.oceanengine.com/d566c8fa195d03c8b89bff532980981d/6a75453a/tos-cn-ve-51/okaQAZlxiVt2d5aICjYwxwl9z5oEAUWInQCUG?a=1402&ch=0&cr=0&dr=3&cd=0%7C0%7C0%7C0&br=721&bt=721&cs=0&ds=3&ft=J9ThAGkHH_Myq8Zncej_e2NvjTQ&mime_type=video_mp4&qs=0&rc=NXZpTGRTaFBnKWxncmd5aHFsc3IxZGZoPDY2OmRmODxkZDY4ZGk0QGlqNTo4OG86bmQ8MzM0NjMzQFNsa3ZpcUQ6amtqXmJmK2BeaWpgYTojYmEtX2FjL18tMWFeLWIvM2EjcmZibGFhXjNgYS0tZDAwc3M%3D&btag=40000e00010000&dy_q=1785897507&feature_id=d6a18d7c5414b1f1e95a75faf9147845&l=202608051038251DFAD3CECC48BE918EBD&ply_type=3&policy=eyJ2bSI6MywidWlkIjoiMzEyOTY1MDYwMzg4ODE4NSJ9,未使用,审核通过,--,1,--,0,0,0,0,0,0,0,0,0,0,0,0,0,0,0
"	7664453100346900507",0718瑞晨引流-8.mp4,https://video-cn.oceanengine.com/963959879d5b3f143da5aed551e52c71/6a754532/tos-cn-ve-51/osiDAXxCiRA0KGv1AehLeRA34g2SKB1Fqg0N8a?a=1402&ch=0&cr=0&dr=3&cd=0%7C0%7C0%7C0&cv=1&br=893&bt=893&cs=0&ds=3&ft=J9ThAGkHH_Myq8Zncej_e2NvjTQ&mime_type=video_mp4&qs=0&rc=NXZpTGRTaFBnKWxncmd5aHFsc3IxZGY7M2c4PGg0ODs2aGZoOmg5QGkzNW5lN286dm48MzM0NjMzQFNsa3ZpcUQ6amtqXmJmK2BeaWpgYTojXl9jYjYwMF81MV4tMC9eYmEjay1fZWFhXjJjYS0tZDAvc3M%3D&btag=40000e00010000&dy_q=1785897507&feature_id=d6a18d7c5414b1f1e95a75faf9147845&l=202608051038251DFAD3CECC48BE918EBD&ply_type=3&policy=eyJ2bSI6MywidWlkIjoiMzEyOTY1MDYwMzg4ODE4NSJ9,未使用,审核通过,--,1,--,0,0,0,0,0,0,0,0,0,0,0,0,0,0,0
"	7663050651178811419",0715瑞晨2次修改-3.mp4,https://video-cn.oceanengine.com/50033274facfa46a3101af00d5ff52e8/6a754546/tos-cn-ve-51/oQdrUo2liQZzt5IGgSA0aNGbQ6YEkIAgYEWtZ?a=1402&ch=0&cr=0&dr=3&cd=0%7C0%7C0%7C0&br=1494&bt=1494&cs=0&ds=3&ft=J9ThAGkHH_Myq8Zncej_e2NvjTQ&mime_type=video_mp4&qs=0&rc=NXZpTGRTaFBnKWxncmd5aHFsc3IxZGZnNjU7Ojc2Z2Y6ODc6aGhkQGkzcnI5Z286N2Q8MzM0NjMzQFNsa3ZpcUQ6amtqXmJmK2BeaWpgYTojNjJeYTUuMzVjMWEwLzIuNmEjMG5iNmFhXi1gYS0tZDAvc3M%3D&btag=40000e00018000&dy_q=1785897507&feature_id=d6a18d7c5414b1f1e95a75faf9147845&l=202608051038251DFAD3CECC48BE918EBD&ply_type=3&policy=eyJ2bSI6MywidWlkIjoiMzEyOTY1MDYwMzg4ODE4NSJ9,未使用,审核通过,--,1,--,0,0,0,0,0,0,0,0,0,0,0,0,0,0,0
"	7661972464831201307",0713-浩正瑞晨引导-1.mp4,https://video-cn.oceanengine.com/0eaca06881a638907e09a0562f00b18b/6a75453a/tos-cn-ve-51/oEsBEEmBIgAKAENUQ1CQ4QyAmAeWozK4mLX3Yq?a=1402&ch=0&cr=0&dr=3&cd=0%7C0%7C0%7C0&br=1381&bt=1381&cs=0&ds=4&ft=J9ThAGkHH_Myq8Zncej_e2NvjTQ&mime_type=video_mp4&qs=0&rc=NXZpTGRTaFBnKWxncmd5aHFsc3IxZGY6aWZmZDdoNDY3ZWVoZjo3QGkzO2poZGtvdWY8MzM0NjMzQFNsa3ZpcUQ6amtqXmJmK2BeaWpgYTojLS4vNGAwYTYuMS0uMjQyNGEjNS4tbXFnZmpeYS0tZDBhc3M%3D&btag=40000200010000&dy_q=1785897507&feature_id=d6a18d7c5414b1f1e95a75faf9147845&l=202608051038251DFAD3CECC48BE918EBD&ply_type=3&policy=eyJ2bSI6MywidWlkIjoiMzEyOTY1MDYwMzg4ODE4NSJ9,未使用,审核不通过,--,1,--,0,0,0,0,0,0,0,0,0,0,0,0,0,0,0
"	7660452419795189823",0709引导+v-瑞晨-6.mp4,https://video-cn.oceanengine.com/c7c4f29f165fc1675403ee15a9ceb17a/6a754535/tos-cn-ve-51/o4A9m84ZJ17KJB1xPNxqhQ1sQtF9IB1fgEQAQk?a=1402&ch=0&cr=0&dr=3&cd=0%7C0%7C0%7C0&cv=1&br=877&bt=877&cs=0&ds=3&ft=J9ThAGkHH_Myq8Zncej_e2NvjTQ&mime_type=video_mp4&qs=0&rc=NXZpTGRTaFBnKWxncmd5aHFsc3IxZGZmNmg0Z2g1Z2c0ODdnODs6QGlqNzZnNWtvdHA8MzM0NjMzQFNsa3ZpcUQ6amtqXmJmK2BeaWpgYTojMl8tMC0yYDU1MWEuNDItX2EjanNfZ3FnZjY0YS0tZDAwc3M%3D&btag=40000e00010000&dy_q=1785897507&feature_id=d6a18d7c5414b1f1e95a75faf9147845&l=202608051038251DFAD3CECC48BE918EBD&ply_type=3&policy=eyJ2bSI6MywidWlkIjoiMzEyOTY1MDYwMzg4ODE4NSJ9,未使用,审核通过,--,1,--,0,0,0,0,0,0,0,0,0,0,0,0,0,0,0
"	7659679226528383039",0706引导+v瑞晨-3.mp4,https://video-cn.oceanengine.com/2eb771b12b3f85ac4b2e6db81ec5fa9b/6a75453f/tos-cn-ve-51/ok0WIC4Yf4AirQFGsKetANqQlDTgHBgTEYKlMs?a=1402&ch=0&cr=0&dr=3&cd=0%7C0%7C0%7C0&br=1654&bt=1654&cs=0&ds=4&ft=J9ThAGkHH_Myq8Zncej_e2NvjTQ&mime_type=video_mp4&qs=0&rc=NXZpTGRTaFBnKWxncmd5aHFsc3IxZGY3PGZpNzdlMzNmZDlnODszQGkzOjQ3Z2tvaWQ8MzM0NjMzQFNsa3ZpcUQ6amtqXmJmK2BeaWpgYTojNjYwNjU2NV4uMS5eLTMzMGEjcDMwYHFnZl8zYS0tZDAvc3M%3D&btag=40000e00010000&dy_q=1785897507&feature_id=d6a18d7c5414b1f1e95a75faf9147845&l=202608051038251DFAD3CECC48BE918EBD&ply_type=3&policy=eyJ2bSI6MywidWlkIjoiMzEyOTY1MDYwMzg4ODE4NSJ9,未使用,审核通过,--,1,--,0,0,0,0,0,0,0,0,0,0,0,0,0,0,0
"	7668234974908481546",推送视频_0729-瑞晨浩正引流素材-1改-10.mp4,https://video-cn.oceanengine.com/675c60afa65feb2e14d56b25c53451fd/6a754542/tos-cn-ve-51/oURoZPdmwqTegg23kEEarDe1BtaUaRNtsrDAAA?a=1402&ch=0&cr=0&dr=3&cd=0%7C0%7C0%7C0&br=1732&bt=1732&cs=0&ds=4&ft=J9ThAGkHH_Myq8Zncej_e2NvjTQ&mime_type=video_mp4&qs=0&rc=NXZpTGRTaFBnKWxncmd5aHFsc3IxZGY0N2ZnaDkzaTk3aWlkOWQ1QGlqNjdnZG86ZGo8MzM0NjMzQFNsa3ZpcUQ6amtqXmJmK2BeaWpgYTojLTA2YmBjNTZiMV4yXjFgNGEjbi8zcWFhL2ppYS0tZDAwc3M%3D&btag=40000200018000&dy_q=1785897507&feature_id=d6a18d7c5414b1f1e95a75faf9147845&l=202608051038251DFAD3CECC48BE918EBD&ply_type=3&policy=eyJ2bSI6MywidWlkIjoiMzEyOTY1MDYwMzg4ODE4NSJ9,未使用,审核不通过,--,0,--,0,0,0,0,0,0,0,0,0,0,0,0,0,0,0
"	7668234940762652723",推送视频_0729-瑞晨浩正引流素材-1改-4.mp4,https://video-cn.oceanengine.com/aa4cae9f5523962ea8a9a49f02fcc672/6a754546/tos-cn-ve-51/o4aAJsqEr6ra5BxogfNCwo7dtDANVQaWFIfYLI?a=1402&ch=0&cr=0&dr=3&cd=0%7C0%7C0%7C0&br=2587&bt=2587&cs=0&ds=4&ft=J9ThAGkHH_Myq8Zncej_e2NvjTQ&mime_type=video_mp4&qs=0&rc=NXZpTGRTaFBnKWxncmd5aHFsc3IxZGY0NTg0NTppMzRlNTMzZjU8QGkzZTY6ZW86aWo8MzM0NjMzQFNsa3ZpcUQ6amtqXmJmK2BeaWpgYTojMWJgXl5iNV80MWBjLTU1NGEjMXNfM2FhbmppYS0tZDBhc3M%3D&btag=40000200018000&dy_q=1785897507&feature_id=d6a18d7c5414b1f1e95a75faf9147845&l=202608051038251DFAD3CECC48BE918EBD&ply_type=3&policy=eyJ2bSI6MywidWlkIjoiMzEyOTY1MDYwMzg4ODE4NSJ9,未使用,审核不通过,--,0,--,0,0,0,0,0,0,0,0,0,0,0,0,0,0,0
"	7664453214905253939",0718瑞晨引流-10.mp4,https://video-cn.oceanengine.com/8b2f0edebfec77dc80252f1dfa6e6112/6a754532/tos-cn-ve-51/oAvD7AAtJQMEimgQBcBLhFI636Q4aogAhxN1if?a=1402&ch=0&cr=0&dr=3&cd=0%7C0%7C0%7C0&br=823&bt=823&cs=0&ds=3&ft=J9ThAGkHH_Myq8Zncej_e2NvjTQ&mime_type=video_mp4&qs=0&rc=NXZpTGRTaFBnKWxncmd5aHFsc3IxZGY2Z2k4aWU1OzY0Zjk8ODhkQGlqanhmNW86dm48MzM0NjMzQFNsa3ZpcUQ6amtqXmJmK2BeaWpgYTojMzIvLy4tYl4vMTQzNmE2LmEjcjZeLWFhXjJjYS0tZDAvc3M%3D&btag=40000e00010000&dy_q=1785897507&feature_id=d6a18d7c5414b1f1e95a75faf9147845&l=202608051038251DFAD3CECC48BE918EBD&ply_type=3&policy=eyJ2bSI6MywidWlkIjoiMzEyOTY1MDYwMzg4ODE4NSJ9,已使用,审核通过,--,2,--,0,0,0,0,0,0,0,0,0,0,0,0,0,0,0
"	7662230272466780198",0713-引导-雅迪-1-改.mp4,https://video-cn.oceanengine.com/57c91a99ce60bee4d59ef0feab4623cc/6a75452d/tos-cn-ve-51/o4ZN5LNDQAAVCIirdqWgXAbeDB6X4bVxbDHtfK?a=1402&ch=0&cr=0&dr=3&cd=0%7C0%7C0%7C0&br=697&bt=697&cs=0&ds=3&ft=J9ThAGkHH_Myq8Zncej_e2NvjTQ&mime_type=video_mp4&qs=0&rc=NXZpTGRTaFBnKWxncmd5aHFsc3IxZGY1N2Q0NjU6Zjk3ZDw1ZDM7QGkzdnNnNWtvdXU8MzM0NjMzQFNsa3ZpcUQ6amtqXmJmK2BeaWpgYTojLS01Nl5iXl4tMWBjLjFgX2EjLXJjZ3FnXl9eYS0tZDAwc3M%3D&btag=40000e00008000&dy_q=1785897507&feature_id=d6a18d7c5414b1f1e95a75faf9147845&l=202608051038251DFAD3CECC48BE918EBD&ply_type=3&policy=eyJ2bSI6MywidWlkIjoiMzEyOTY1MDYwMzg4ODE4NSJ9,未使用,审核通过,首发,4,--,0,0,0,0,0,0,0,0,0,0,0,0,0,0,0
"	7660371894164914182",0708-引导-嘉丽-5.mp4,https://video-cn.oceanengine.com/11df8d3bc3cadd656feee4e7c780219f/6a754528/tos-cn-ve-51/owfebUfFnk0zGTZMBAhH3Ndqg4WA70AjtdEC5j?a=1402&ch=0&cr=0&dr=3&cd=0%7C0%7C0%7C0&cv=1&br=1212&bt=1212&cs=0&ds=6&ft=J9ThAGkHH_Myq8Zncej_e2NvjTQ&mime_type=video_mp4&qs=0&rc=NXZpTGRTaFBnKWxncmd5aHFsc3IxZGYzNzM0Ojo6Zzc6ZTc7OWc5QGlqaHZlNGtvZms8MzM0NjMzQFNsa3ZpcUQ6amtqXmJmK2BeaWpgYTojLV4zMDUxYzY0MTM0LjEvL2EjczRoaHFnL2s0YS0tZDAvc3M%3D&btag=40000e00008000&dy_q=1785897507&feature_id=d6a18d7c5414b1f1e95a75faf9147845&l=202608051038251DFAD3CECC48BE918EBD&ply_type=3&policy=eyJ2bSI6MywidWlkIjoiMzEyOTY1MDYwMzg4ODE4NSJ9,已使用,审核通过,--,20,--,0,0,0,0,0,0,0,0,0,0,0,0,0,0,0
"	7664453130478288942",0718-引流-魏怡-3.mp4,https://video-cn.oceanengine.com/448528ec6c99ac11fd71f44eb4b0afde/6a754529/tos-cn-ve-51/oIDzQuQgCZAaE20Q6SN9SXR14L1TABpIfUxqKf?a=1402&ch=0&cr=0&dr=3&cd=0%7C0%7C0%7C0&cv=1&br=846&bt=846&cs=0&ds=3&ft=J9ThAGkHH_Myq8Zncej_e2NvjTQ&mime_type=video_mp4&qs=0&rc=NXZpTGRTaFBnKWxncmd5aHFsc3IxZGZlMzw8NTQ1NDRnNDc6PDRlQGkzeG1lN286dW48MzM0NjMzQFNsa3ZpcUQ6amtqXmJmK2BeaWpgYTojYS1eXzIxMV9eMTNgMjAuLmEjZXNfZWFhZjJjYS0tZDAvc3M%3D&btag=40000e00008000&dy_q=1785897507&feature_id=d6a18d7c5414b1f1e95a75faf9147845&l=202608051038251DFAD3CECC48BE918EBD&ply_type=3&policy=eyJ2bSI6MywidWlkIjoiMzEyOTY1MDYwMzg4ODE4NSJ9,已使用,审核通过,--,2,--,0,0,0,0,0,0,0,0,0,0,0,0,0,0,0
"	7660843651085778998",0710引导-小敏-4.mp4,https://video-cn.oceanengine.com/be7203b48081a2c793543da09bf54710/6a75453b/tos-cn-ve-51/oUsBEhoKGSGIsABmVyK18Q9RSmM4pZQAAeZlQA?a=1402&ch=0&cr=0&dr=3&cd=0%7C0%7C0%7C0&br=531&bt=531&cs=0&ds=3&ft=J9ThAGkHH_Myq8Zncej_e2NvjTQ&mime_type=video_mp4&qs=0&rc=NXZpTGRTaFBnKWxncmd5aHFsc3IxZGY5ZDU6ZDQ3NjU7ZTpoOGZoQGkzOXM4ZmtvZGY8MzM0NjMzQFNsa3ZpcUQ6amtqXmJmK2BeaWpgYTojLjIwY2M0XjYxMWI2Yi1jYWEjNnAzc3FnZmU1YS0tZDAvc3M%3D&btag=40000e00010000&dy_q=1785897507&feature_id=d6a18d7c5414b1f1e95a75faf9147845&l=202608051038251DFAD3CECC48BE918EBD&ply_type=3&policy=eyJ2bSI6MywidWlkIjoiMzEyOTY1MDYwMzg4ODE4NSJ9,未使用,审核通过,首发,1,--,0,0,0,0,0,0,0,0,0,0,0,0,0,0,0
"	7668234469824757810",推送视频_0730-李博数字人-杜引流2-1改.mp4,https://video-cn.oceanengine.com/ee8b2bd7b66898ea93feea35b7d21ac8/6a754533/tos-cn-ve-51/oUIvEmzt8rGpXAjIHa8EsPwI1mGrQKHWAIDdQ?a=1402&ch=0&cr=0&dr=3&cd=0%7C0%7C0%7C0&br=3432&bt=3432&cs=0&ds=4&ft=J9ThAGkHH_Myq8Zncej_e2NvjTQ&mime_type=video_mp4&qs=0&rc=NXZpTGRTaFBnKWxncmd5aHFsc3IxZGY3Njk7NGc2O2g6OWY5NGU6QGlqcXJtNm86ZWo8MzM0NjMzQFNsa3ZpcUQ6amtqXmJmK2BeaWpgYTojY19gMGIyMzVeMWI1YC5hMGEja2RwMGFhL2lpYS0tZDAwc3M%3D&btag=40000200010000&dy_q=1785897507&feature_id=d6a18d7c5414b1f1e95a75faf9147845&l=202608051038251DFAD3CECC48BE918EBD&ply_type=3&policy=eyJ2bSI6MywidWlkIjoiMzEyOTY1MDYwMzg4ODE4NSJ9,未使用,审核不通过,--,1,--,0,0,0,0,0,0,0,0,0,0,0,0,0,0,0
"	7666044375975460906",0723-魏怡-5-改.mp4,https://video-cn.oceanengine.com/1097afee7825214818dae7fee8af001d/6a75458e/tos-cn-ve-51/osIbmaUAfgBjmoGH1BQzBxazkigCrARA2eGGfz?a=1402&ch=0&cr=0&dr=3&cd=0%7C0%7C0%7C0&br=1300&bt=1300&cs=0&ds=6&ft=J9ThAGkHH_Myq8Zncej_e2NvjTQ&mime_type=video_mp4&qs=0&rc=NXZpTGRTaFBnKWxncmd5aHFsc3IxZGZkZGk8NzM4NDVkNzc8Zjc3QGlqM3FpM286ZHk8MzM0NjMzQFNsa3ZpcUQ6amtqXmJmK2BeaWpgYTojLjNfMzIyMl80MV9eX2EyLWEjZWdyMWFhL2dlYS0tZDBhc3M%3D&btag=40000e00028000&dy_q=1785897507&feature_id=d6a18d7c5414b1f1e95a75faf9147845&l=202608051038251DFAD3CECC48BE918EBD&ply_type=3&policy=eyJ2bSI6MywidWlkIjoiMzEyOTY1MDYwMzg4ODE4NSJ9,已使用,审核通过,--,5,--,0,0,0,0,0,0,0,0,0,0,0,0,0,0,0
"	7662229485093961778",0713-浩正瑞晨引导-8.mp4.mp4,https://video-cn.oceanengine.com/fb8fa6f3cf6fe8ee526b20f526a481fa/6a754549/tos-cn-ve-51/oAIVEQgkmtKKA641ketkq6yHTqrBGsCQmhtXAv?a=1402&ch=0&cr=0&dr=3&cd=0%7C0%7C0%7C0&cv=1&br=546&bt=546&cs=0&ds=3&ft=J9ThAGkHH_Myq8Zncej_e2NvjTQ&mime_type=video_mp4&qs=0&rc=NXZpTGRTaFBnKWxncmd5aHFsc3IxZGY8OGk5OjpmZGU7NmRpaDloQGlqdGQ0ZWtvNnU8MzM0NjMzQFNsa3ZpcUQ6amtqXmJmK2BeaWpgYTojYy00Nl9fNV8yMS9jNV9fNWEjNjBtZnFnXl5eYS0tZDBhc3M%3D&btag=40000e00018000&dy_q=1785897507&feature_id=d6a18d7c5414b1f1e95a75faf9147845&l=202608051038251DFAD3CECC48BE918EBD&ply_type=3&policy=eyJ2bSI6MywidWlkIjoiMzEyOTY1MDYwMzg4ODE4NSJ9,未使用,审核通过,首发,4,--,0,0,0,0,0,0,0,0,0,0,0,0,0,0,0
"	7664453199747170313",0718-引流-魏怡-1.mp4,https://video-cn.oceanengine.com/12c69640201e69df033fab2152c1a5a1/6a754546/tos-cn-ve-51/okfqknNSDrDXnfaEYQFLuQbyAIKTIgB40NgCnA?a=1402&ch=0&cr=0&dr=3&cd=0%7C0%7C0%7C0&br=1210&bt=1210&cs=0&ds=3&ft=J9ThAGkHH_Myq8Zncej_e2NvjTQ&mime_type=video_mp4&qs=0&rc=NXZpTGRTaFBnKWxncmd5aHFsc3IxZGZoPGRoOWg2PGU8NzpmOzw2QGkzOWl0djlydW48MzM0NjMzQFNsa3ZpcUQ6amtqXmJmK2BeaWpgYTojXzEtYDYtLjU0MTAzLzQ2LmEjZjRiNjJkazJjYS0tZDAvc3M%3D&btag=40000e00018000&dy_q=1785897507&feature_id=d6a18d7c5414b1f1e95a75faf9147845&l=202608051038251DFAD3CECC48BE918EBD&ply_type=3&policy=eyJ2bSI6MywidWlkIjoiMzEyOTY1MDYwMzg4ODE4NSJ9,已使用,审核通过,--,2,--,0,0,0,0,0,0,0,0,0,0,0,0,0,0,0
"	7664453156412391433",0718瑞晨引流-17.mp4,https://video-cn.oceanengine.com/4d82dfc8b0e12c107a3d9c9b284c52e8/6a754530/tos-cn-ve-51/oUAWBGjUEtgALbyRXoejC1hvVqeVeogshkFBVA?a=1402&ch=0&cr=0&dr=3&cd=0%7C0%7C0%7C0&br=1717&bt=1717&cs=0&ds=3&ft=J9ThAGkHH_Myq8Zncej_e2NvjTQ&mime_type=video_mp4&qs=0&rc=NXZpTGRTaFBnKWxncmd5aHFsc3IxZGY0Z2c2PDdpNDk7OGg5ZWllQGkzcjRzZ286dm48MzM0NjMzQFNsa3ZpcUQ6amtqXmJmK2BeaWpgYTojMDFhLS5hYjU2MWNhMjYyLWEjYS9eZ2FhLzJjYS0tZDAvc3M%3D&btag=40000e00008000&dy_q=1785897507&feature_id=d6a18d7c5414b1f1e95a75faf9147845&l=202608051038251DFAD3CECC48BE918EBD&ply_type=3&policy=eyJ2bSI6MywidWlkIjoiMzEyOTY1MDYwMzg4ODE4NSJ9,已使用,审核通过,--,2,--,0,0,0,0,0,0,0,0,0,0,0,0,0,0,0
"	7664453108551434249",0718瑞晨引流-13.mp4,https://video-cn.oceanengine.com/f70c64f1daecf1081385e856604beb1f/6a75452c/tos-cn-ve-51/oAquDcfKuBmQ0AaNIAvI2xVgDXDjg7RKMLQ12e?a=1402&ch=0&cr=0&dr=3&cd=0%7C0%7C0%7C0&br=1605&bt=1605&cs=0&ds=3&ft=J9ThAGkHH_Myq8Zncej_e2NvjTQ&mime_type=video_mp4&qs=0&rc=NXZpTGRTaFBnKWxncmd5aHFsc3IxZGY1OzVoOjdpaGZpNGY4OGlkQGlqczZlNW86dW48MzM0NjMzQFNsa3ZpcUQ6amtqXmJmK2BeaWpgYTojMzBjX2BeYDYyMV8xNTBiNGEja2thLmFhZjJjYS0tZDAwc3M%3D&btag=40000e00008000&dy_q=1785897507&feature_id=d6a18d7c5414b1f1e95a75faf9147845&l=202608051038251DFAD3CECC48BE918EBD&ply_type=3&policy=eyJ2bSI6MywidWlkIjoiMzEyOTY1MDYwMzg4ODE4NSJ9,未使用,审核通过,首发,5,--,0,0,0,0,0,0,0,0,0,0,0,0,0,0,0
"	7664453215853281289",0718瑞晨引流-9.mp4,https://video-cn.oceanengine.com/c4c664439d8950fb31f7d95e1c6fe8c9/6a754532/tos-cn-ve-51/oYfwQLagII1Dty6FahoAmM4jxLi3Q6BFA7gETQ?a=1402&ch=0&cr=0&dr=3&cd=0%7C0%7C0%7C0&cv=1&br=807&bt=807&cs=0&ds=3&ft=J9ThAGkHH_Myq8Zncej_e2NvjTQ&mime_type=video_mp4&qs=0&rc=NXZpTGRTaFBnKWxncmd5aHFsc3IxZGY7NTs4aTo1O2g4aWk2aWU6QGkza2U5OG86dm48MzM0NjMzQFNsa3ZpcUQ6amtqXmJmK2BeaWpgYTojNC0uL19eY14zMTEzYTZeNWEjLm4tZ2FhXjJjYS0tZDAwc3M%3D&btag=40000e00010000&dy_q=1785897507&feature_id=d6a18d7c5414b1f1e95a75faf9147845&l=202608051038251DFAD3CECC48BE918EBD&ply_type=3&policy=eyJ2bSI6MywidWlkIjoiMzEyOTY1MDYwMzg4ODE4NSJ9,已使用,审核通过,首发,8,--,0,0,0,0,0,0,0,0,0,0,0,0,0,0,0
"	7664453184022609929",0718瑞晨引流-6.mp4,https://video-cn.oceanengine.com/21b224f1ba7e0f2043a1020e557ac07d/6a754532/tos-cn-ve-51/oYCFuXEIQAgqujXfvQFCf96V4xL7kDADDB0Ng5?a=1402&ch=0&cr=0&dr=3&cd=0%7C0%7C0%7C0&br=539&bt=539&cs=0&ds=3&ft=J9ThAGkHH_Myq8Zncej_e2NvjTQ&mime_type=video_mp4&qs=0&rc=NXZpTGRTaFBnKWxncmd5aHFsc3IxZGY0aDY4Nzc6ZTY5O2QzM2Q1QGkzcXB3djlydW48MzM0NjMzQFNsa3ZpcUQ6amtqXmJmK2BeaWpgYTojLi41YmMtMDUyMS4wM2EyL2EjYmlzZDJkazJjYS0tZDAvc3M%3D&btag=40000e00010000&dy_q=1785897507&feature_id=d6a18d7c5414b1f1e95a75faf9147845&l=202608051038251DFAD3CECC48BE918EBD&ply_type=3&policy=eyJ2bSI6MywidWlkIjoiMzEyOTY1MDYwMzg4ODE4NSJ9,已使用,审核通过,--,2,--,0,0,0,0,0,0,0,0,0,0,0,0,0,0,0
"	7659983321992708132",0706引导+v瑞晨-7.mp4,https://video-cn.oceanengine.com/417ac058470f6258ce7fd98ca32a1a48/6a754539/tos-cn-ve-51/o0MbQg9RTzhi4SfbAg4AI0JOmx1QdACBKtslqT?a=1402&ch=0&cr=0&dr=3&cd=0%7C0%7C0%7C0&br=1838&bt=1838&cs=0&ds=4&ft=J9ThAGkHH_Myq8Zncej_e2NvjTQ&mime_type=video_mp4&qs=0&rc=NXZpTGRTaFBnKWxncmd5aHFsc3IxZGY1NGg3OTY7Zjo4MzozaWZmQGkzPGRoOmtva3U8MzM0NjMzQFNsa3ZpcUQ6amtqXmJmK2BeaWpgYTojYjM2NTFfMjY0MTAtLjAyYWEjNW9iYHFnXmgzYS0tZDAvc3M%3D&btag=40000e00010000&dy_q=1785897507&feature_id=d6a18d7c5414b1f1e95a75faf9147845&l=202608051038251DFAD3CECC48BE918EBD&ply_type=3&policy=eyJ2bSI6MywidWlkIjoiMzEyOTY1MDYwMzg4ODE4NSJ9,未使用,审核通过,--,1,--,0,0,0,0,0,0,0,0,0,0,0,0,0,0,0
"	7666006371528556586",推送视频_0723-国星引流修改-4.mp4,https://video-cn.oceanengine.com/0ccaf113bd2707eb6675e9ed4a09093e/6a75452e/tos-cn-ve-51/oERNgDAH0bxeGEIMueBuRmSggAaUAqAyYE1Dn2?a=1402&ch=0&cr=0&dr=3&cd=0%7C0%7C0%7C0&br=830&bt=830&cs=0&ds=3&ft=J9ThAGkHH_Myq8Zncej_e2NvjTQ&mime_type=video_mp4&qs=0&rc=NXZpTGRTaFBnKWxncmd5aHFsc3IxZGY2OmkzaWVlaWZkM2g2ZTNkQGlqZWx2OW86Zmw8MzM0NjMzQFNsa3ZpcUQ6amtqXmJmK2BeaWpgYTojNDAtYC8uNjUxMWBiLjI1MWEjai9kbGFhXi1lYS0tZDAwc3M%3D&btag=40000e00008000&dy_q=1785897507&feature_id=d6a18d7c5414b1f1e95a75faf9147845&l=202608051038251DFAD3CECC48BE918EBD&ply_type=3&policy=eyJ2bSI6MywidWlkIjoiMzEyOTY1MDYwMzg4ODE4NSJ9,已使用,审核通过,--,4,--,0,0,0,0,0,0,0,0,0,0,0,0,0,0,0
"	7664453132443090982",0718瑞晨引流-12.mp4,https://video-cn.oceanengine.com/c570d16798e660c42cfac46ce711acc0/6a75452c/tos-cn-ve-51/ocFqUJLcCATkgNFJgQFqXQNDufa2Vx0EADBqfI?a=1402&ch=0&cr=0&dr=3&cd=0%7C0%7C0%7C0&br=995&bt=995&cs=0&ds=3&ft=J9ThAGkHH_Myq8Zncej_e2NvjTQ&mime_type=video_mp4&qs=0&rc=NXZpTGRTaFBnKWxncmd5aHFsc3IxZGYzODU8ZThoZjVpNTs7aTw0QGlqdXJlbDlydW48MzM0NjMzQFNsa3ZpcUQ6amtqXmJmK2BeaWpgYTojYzFfYDMzXzUwMTM0NDU1YmEjXmk2LjJkazJjYS0tZDBhc3M%3D&btag=40000e00008000&dy_q=1785897507&feature_id=d6a18d7c5414b1f1e95a75faf9147845&l=202608051038251DFAD3CECC48BE918EBD&ply_type=3&policy=eyJ2bSI6MywidWlkIjoiMzEyOTY1MDYwMzg4ODE4NSJ9,未使用,审核通过,--,2,--,0,0,0,0,0,0,0,0,0,0,0,0,0,0,0
"	7663054269622517806",0715-魏怡引流5.mp4,https://video-cn.oceanengine.com/c7bbd3ff66e77110269f89f93b1a4871/6a754533/tos-cn-ve-51/ooIQE1nEg6OdtjirzoKWlJa0WDR5YxADtIZQA?a=1402&ch=0&cr=0&dr=3&cd=0%7C0%7C0%7C0&cv=1&br=1529&bt=1529&cs=0&ds=3&ft=J9ThAGkHH_Myq8Zncej_e2NvjTQ&mime_type=video_mp4&qs=0&rc=NXZpTGRTaFBnKWxncmd5aHFsc3IxZGY7PDc5MzM0Zzk2NDRoOTk2QGkzbzp2ZW86cGQ8MzM0NjMzQFNsa3ZpcUQ6amtqXmJmK2BeaWpgYTojNS9iMjIuMzY0MWIwYS1jY2EjbmdfZ2FhLzNgYS0tZDAvc3M%3D&btag=40000e00010000&dy_q=1785897507&feature_id=d6a18d7c5414b1f1e95a75faf9147845&l=202608051038251DFAD3CECC48BE918EBD&ply_type=3&policy=eyJ2bSI6MywidWlkIjoiMzEyOTY1MDYwMzg4ODE4NSJ9,未使用,审核通过,--,4,--,0,0,0,0,0,0,0,0,0,0,0,0,0,0,0
"	7659679262665293865",0706引导+v瑞晨-1.mp4,https://video-cn.oceanengine.com/df87a8ded5dafee5bf4c16e6ec53cdbd/6a75453f/tos-cn-ve-51c800/oclB2Z9JBI4ygHQALlIQKOsf1MEXm11gmGblrA?a=1402&ch=0&cr=0&dr=3&cd=0%7C0%7C0%7C0&br=1782&bt=1782&cs=0&ds=4&ft=J9ThAGkHH_Myq8Zncej_e2NvjTQ&mime_type=video_mp4&qs=0&rc=NXZpTGRTaFBnKWxncmd5aHFsc3IxZGY7OGZlNGU3Ojc4PGZmNDtmQGlqNHFtNmtvamQ8MzM0NjMzQFNsa3ZpcUQ6amtqXmJmK2BeaWpgYTojNjJfLS42YV4wMWAwYWExYWEjZmBqc3FnL18zYS0tZDBhc3M%3D&btag=40000e00010000&dy_q=1785897507&feature_id=d6a18d7c5414b1f1e95a75faf9147845&l=202608051038251DFAD3CECC48BE918EBD&ply_type=3&policy=eyJ2bSI6MywidWlkIjoiMzEyOTY1MDYwMzg4ODE4NSJ9,未使用,审核通过,--,1,--,0,0,0,0,0,0,0,0,0,0,0,0,0,0,0
"	7659679252962541631",0706引导+v瑞晨-5.mp4,https://video-cn.oceanengine.com/5cecb3907f64daa9cdb5541459afab15/6a754530/tos-cn-ve-51/oEKbM1gAgQAsIjQxd44fm1EoJIELQqmKl9VBlU?a=1402&ch=0&cr=0&dr=3&cd=0%7C0%7C0%7C0&br=2554&bt=2554&cs=0&ds=4&ft=J9ThAGkHH_Myq8Zncej_e2NvjTQ&mime_type=video_mp4&qs=0&rc=NXZpTGRTaFBnKWxncmd5aHFsc3IxZGZkaTw2NjQ3OGU7PGU8MzU6QGlqeXFkaGtvamQ8MzM0NjMzQFNsa3ZpcUQ6amtqXmJmK2BeaWpgYTojMGJiMzUuMV8uMWNeNC5iX2EjXjBlcHFnL18zYS0tZDBhc3M%3D&btag=40000e00008000&dy_q=1785897507&feature_id=d6a18d7c5414b1f1e95a75faf9147845&l=202608051038251DFAD3CECC48BE918EBD&ply_type=3&policy=eyJ2bSI6MywidWlkIjoiMzEyOTY1MDYwMzg4ODE4NSJ9,未使用,审核通过,--,1,--,0,0,0,0,0,0,0,0,0,0,0,0,0,0,0
"	7666006335712444458",推送视频_0723-瑞晨引流修改-10.mp4,https://video-cn.oceanengine.com/46d326f5fcea088425ccaf44f5ee6244/6a75452c/tos-cn-ve-51/oshanO9g756EETtQ16GAIXZo6AWmAYBMjIAlfg?a=1402&ch=0&cr=0&dr=3&cd=0%7C0%7C0%7C0&br=216&bt=216&cs=0&ds=6&ft=J9ThAGkHH_Myq8Zncej_e2NvjTQ&mime_type=video_mp4&qs=0&rc=NXZpTGRTaFBnKWxncmd5aHFsc3IxZGZnNjRkZjc0ZztmODdkPDRlQGlqOTVxZW86Zmw8MzM0NjMzQFNsa3ZpcUQ6amtqXmJmK2BeaWpgYTojM2AwNjNfLzYtMTYxYl9hNWEjZy1tYmFhXi1lYS0tZDAvc3M%3D&btag=40000e00008000&dy_q=1785897507&feature_id=d6a18d7c5414b1f1e95a75faf9147845&l=202608051038251DFAD3CECC48BE918EBD&ply_type=3&policy=eyJ2bSI6MywidWlkIjoiMzEyOTY1MDYwMzg4ODE4NSJ9,已使用,审核通过,首发,7,--,0,0,0,0,0,0,0,0,0,0,0,0,0,0,0
"	7665169526927704090",0721-引流-魏怡-5测.mp4,https://video-cn.oceanengine.com/67f1f18287b88d326de6d5cb76a4e040/6a754578/tos-cn-ve-51/oQpAmtAQmEdVMEnizEwMRrZqagIUaIX6ClWQO?a=1402&ch=0&cr=0&dr=3&cd=0%7C0%7C0%7C0&br=2071&bt=2071&cs=0&ds=3&ft=J9ThAGkHH_Myq8Zncej_e2NvjTQ&mime_type=video_mp4&qs=0&rc=NXZpTGRTaFBnKWxncmd5aHFsc3IxZGZkNTNnZjY5N2VoZDY8OGg7QGkzZGs7Om86azw8MzM0NjMzQFNsa3ZpcUQ6amtqXmJmK2BeaWpgYTojLi0xNS81YzYvMTVgMzY1MmEjZ2lkNGFhXmJkYS0tZDAwc3M%3D&btag=40000e00028000&dy_q=1785897507&feature_id=d6a18d7c5414b1f1e95a75faf9147845&l=202608051038251DFAD3CECC48BE918EBD&ply_type=3&policy=eyJ2bSI6MywidWlkIjoiMzEyOTY1MDYwMzg4ODE4NSJ9,已使用,审核通过,--,2,--,0,0,0,0,0,0,0,0,0,0,0,0,0,0,0
"	7664453177211928622",0718瑞晨引流-1.mp4,https://video-cn.oceanengine.com/fe779191387ce2701ca7f8349df5e123/6a754532/tos-cn-ve-51/oQ4xfAA00NgZ9EIqyXFfABgBpQ0oL4QQNCDmDu?a=1402&ch=0&cr=0&dr=3&cd=0%7C0%7C0%7C0&br=679&bt=679&cs=0&ds=3&ft=J9ThAGkHH_Myq8Zncej_e2NvjTQ&mime_type=video_mp4&qs=0&rc=NXZpTGRTaFBnKWxncmd5aHFsc3IxZGZpNjRmZDpoPGk0ZmQ2aDRlQGkzbnQ6bTlydW48MzM0NjMzQFNsa3ZpcUQ6amtqXmJmK2BeaWpgYTojNjU0Y2JfLV80MWIyLjReLmEjci0wMTJkazJjYS0tZDBhc3M%3D&btag=40000e00010000&dy_q=1785897507&feature_id=d6a18d7c5414b1f1e95a75faf9147845&l=202608051038251DFAD3CECC48BE918EBD&ply_type=3&policy=eyJ2bSI6MywidWlkIjoiMzEyOTY1MDYwMzg4ODE4NSJ9,已使用,审核通过,--,2,--,0,0,0,0,0,0,0,0,0,0,0,0,0,0,0
"	7663059461246320667",0716-引导-嘉丽-1.mp4,https://video-cn.oceanengine.com/f7c51f12bb1680d4237a0fe4491cf8a3/6a75452f/tos-cn-ve-51/oshALgTAVFQassFIQBcmEHIQBggtYq71QIsEf3?a=1402&ch=0&cr=0&dr=3&cd=0%7C0%7C0%7C0&br=984&bt=984&cs=0&ds=3&ft=J9ThAGkHH_Myq8Zncej_e2NvjTQ&mime_type=video_mp4&qs=0&rc=NXZpTGRTaFBnKWxncmd5aHFsc3IxZGY4OjYzOTxmaTM4aGlnODVkQGkzMzQ1NW86NmQ8MzM0NjMzQFNsa3ZpcUQ6amtqXmJmK2BeaWpgYTojYGM2NDViMzZeMTUxL18wMGEjanNhb2FhZmRgYS0tZDAwc3M%3D&btag=40000e00008000&dy_q=1785897507&feature_id=d6a18d7c5414b1f1e95a75faf9147845&l=202608051038251DFAD3CECC48BE918EBD&ply_type=3&policy=eyJ2bSI6MywidWlkIjoiMzEyOTY1MDYwMzg4ODE4NSJ9,已使用,审核通过,--,4,--,0,0,0,0,0,0,0,0,0,0,0,0,0,0,0
"	7665911365609570346",0723-引流-魏怡-7 C.mp4,https://video-cn.oceanengine.com/d92978d57b8a1c9019d69ab8b8af9dd9/6a75458e/tos-cn-ve-51/ogHglo6GbIjAxaURRTQgec1UTOKa2BzfCAwqex?a=1402&ch=0&cr=0&dr=3&cd=0%7C0%7C0%7C0&br=1537&bt=1537&cs=0&ds=3&ft=J9ThAGkHH_Myq8Zncej_e2NvjTQ&mime_type=video_mp4&qs=0&rc=NXZpTGRTaFBnKWxncmd5aHFsc3IxZGZoOzpkN2Y3OjMzZDw4PGU8QGlqbHNpN286Znk8MzM0NjMzQFNsa3ZpcUQ6amtqXmJmK2BeaWpgYTojLjFjMjQzMV8uMTIzNTE0YmEjZi1tYGFhbmllYS0tZDBhc3M%3D&btag=40000e00028000&dy_q=1785897507&feature_id=d6a18d7c5414b1f1e95a75faf9147845&l=202608051038251DFAD3CECC48BE918EBD&ply_type=3&policy=eyJ2bSI6MywidWlkIjoiMzEyOTY1MDYwMzg4ODE4NSJ9,已使用,审核通过,--,7,--,0,0,0,0,0,0,0,0,0,0,0,0,0,0,0
"	7664453217666121738",0718-引流-魏怡-5.mp4,https://video-cn.oceanengine.com/3ea9d0b450ec0b694af9927e30470e8e/6a75452a/tos-cn-ve-51/o8hZLgQYAfGJgups4aStEAA0g8eeifReQ7bFpo?a=1402&ch=0&cr=0&dr=3&cd=0%7C0%7C0%7C0&br=1733&bt=1733&cs=0&ds=3&ft=J9ThAGkHH_Myq8Zncej_e2NvjTQ&mime_type=video_mp4&qs=0&rc=NXZpTGRTaFBnKWxncmd5aHFsc3IxZGY7NTY6ZTM6OWc1ZTw7OGQ5QGkzaWp2bTlydW48MzM0NjMzQFNsa3ZpcUQ6amtqXmJmK2BeaWpgYTojX19gMDM2YzYwMTYwMzJiMWEjbl5yNjJkazJjYS0tZDBhc3M%3D&btag=40000e00008000&dy_q=1785897507&feature_id=d6a18d7c5414b1f1e95a75faf9147845&l=202608051038251DFAD3CECC48BE918EBD&ply_type=3&policy=eyJ2bSI6MywidWlkIjoiMzEyOTY1MDYwMzg4ODE4NSJ9,已使用,审核通过,--,2,--,0,0,0,0,0,0,0,0,0,0,0,0,0,0,0
"	7663055903798247474",0716-引流瑞晨-1.mp4,https://video-cn.oceanengine.com/68d292bc8ded18a51df8904c7e6cf009/6a754532/tos-cn-ve-51/oIKNBlgAQrjIYAkdC9GaWRgzzkqjIJliptEGQ?a=1402&ch=0&cr=0&dr=3&cd=0%7C0%7C0%7C0&br=565&bt=565&cs=0&ds=3&ft=J9ThAGkHH_Myq8Zncej_e2NvjTQ&mime_type=video_mp4&qs=0&rc=NXZpTGRTaFBnKWxncmd5aHFsc3IxZGY7ZzgzNjdoNjk5OzNmMzxpQGkzOGQ0Nm86bWQ8MzM0NjMzQFNsa3ZpcUQ6amtqXmJmK2BeaWpgYTojMmNgYmAuXzU0MWAyLzZhXmEjMmlkZGFhZjZgYS0tZDAvc3M%3D&btag=40000e00010000&dy_q=1785897507&feature_id=d6a18d7c5414b1f1e95a75faf9147845&l=202608051038251DFAD3CECC48BE918EBD&ply_type=3&policy=eyJ2bSI6MywidWlkIjoiMzEyOTY1MDYwMzg4ODE4NSJ9,未使用,审核通过,--,6,--,0,0,0,0,0,0,0,0,0,0,0,0,0,0,0
"	7662230381774553097",0713-引导-嘉丽-5.mp4,https://video-cn.oceanengine.com/5c08372b163aed74ba506650cd863b86/6a75452c/tos-cn-ve-51/owh2IX9DHCm64n0VgQ4AErKPmF1QtAJBBtsfKM?a=1402&ch=0&cr=0&dr=3&cd=0%7C0%7C0%7C0&br=998&bt=998&cs=0&ds=3&ft=J9ThAGkHH_Myq8Zncej_e2NvjTQ&mime_type=video_mp4&qs=0&rc=NXZpTGRTaFBnKWxncmd5aHFsc3IxZGZpPDZlNjxlNDc4OjY3NTY2QGlqOnk7Omtvd3U8MzM0NjMzQFNsa3ZpcUQ6amtqXmJmK2BeaWpgYTojYS9fMy0xLTU2MTNhXjEzYGEjX2FfZXFnL19eYS0tZDBhc3M%3D&btag=40000e00008000&dy_q=1785897507&feature_id=d6a18d7c5414b1f1e95a75faf9147845&l=202608051038251DFAD3CECC48BE918EBD&ply_type=3&policy=eyJ2bSI6MywidWlkIjoiMzEyOTY1MDYwMzg4ODE4NSJ9,未使用,审核通过,首发,1,--,0,0,0,0,0,0,0,0,0,0,0,0,0,0,0
"	7662213046232858650",713-引导-小敏-3.mp4,https://video-cn.oceanengine.com/ba7740549892ad5a4d292f22138a6ea8/6a754539/tos-cn-ve-51/ocqt1gELMQ4yQeAgIAdBAHNVzh9PmK1sbDlQql?a=1402&ch=0&cr=0&dr=3&cd=0%7C0%7C0%7C0&br=1305&bt=1305&cs=0&ds=4&ft=J9ThAGkHH_Myq8Zncej_e2NvjTQ&mime_type=video_mp4&qs=0&rc=NXZpTGRTaFBnKWxncmd5aHFsc3IxZGZkNjQ4Mzs6OmY6OWc6NDQ6QGlqb3U0OGtvanQ8MzM0NjMzQFNsa3ZpcUQ6amtqXmJmK2BeaWpgYTojMWBgMzYyY14zMWFiLzRfNmEjbTJraHFnXmBeYS0tZDAwc3M%3D&btag=40000200010000&dy_q=1785897507&feature_id=d6a18d7c5414b1f1e95a75faf9147845&l=202608051038251DFAD3CECC48BE918EBD&ply_type=3&policy=eyJ2bSI6MywidWlkIjoiMzEyOTY1MDYwMzg4ODE4NSJ9,未使用,审核不通过,--,1,--,0,0,0,0,0,0,0,0,0,0,0,0,0,0,0
"	7659983312489005110",0706引导+v瑞晨-9.mp4,https://video-cn.oceanengine.com/1cf6f28863288c61bbcaca116496f828/6a754541/tos-cn-ve-51/ocFgM012QumDsiiBetARQIE4NQ1hJaEAgCqbmn?a=1402&ch=0&cr=0&dr=3&cd=0%7C0%7C0%7C0&br=1447&bt=1447&cs=0&ds=4&ft=J9ThAGkHH_Myq8Zncej_e2NvjTQ&mime_type=video_mp4&qs=0&rc=NXZpTGRTaFBnKWxncmd5aHFsc3IxZGZpNzs6NGU8MzVmaTUzOjY0QGkzNmpnOmtva3U8MzM0NjMzQFNsa3ZpcUQ6amtqXmJmK2BeaWpgYTojMTNhXy4yL14wMTU1Mi81L2EjZDVlZXFnXmgzYS0tZDAwc3M%3D&btag=40000e00018000&dy_q=1785897507&feature_id=d6a18d7c5414b1f1e95a75faf9147845&l=202608051038251DFAD3CECC48BE918EBD&ply_type=3&policy=eyJ2bSI6MywidWlkIjoiMzEyOTY1MDYwMzg4ODE4NSJ9,未使用,审核通过,--,1,--,0,0,0,0,0,0,0,0,0,0,0,0,0,0,0
"	7666006404415160339",推送视频_0723-国星引流修改-9.mp4,https://video-cn.oceanengine.com/efb57f6427f0c69c65bbf58174d6cf2b/6a754531/tos-cn-ve-51/oAVDX9aYuQ1oyfWAASegRr2iqjIBN2RANyCyXB?a=1402&ch=0&cr=0&dr=3&cd=0%7C0%7C0%7C0&br=395&bt=395&cs=0&ds=6&ft=J9ThAGkHH_Myq8Zncej_e2NvjTQ&mime_type=video_mp4&qs=0&rc=NXZpTGRTaFBnKWxncmd5aHFsc3IxZGY8OTs7O2g5Z2g7OmY8NTg0QGlqcTVvaW86Zmw8MzM0NjMzQFNsa3ZpcUQ6amtqXmJmK2BeaWpgYTojLTJgM2M2Yl40MTJfYWEuLmEjMWthbGFhZi1lYS0tZDBhc3M%3D&btag=40000e00010000&dy_q=1785897507&feature_id=d6a18d7c5414b1f1e95a75faf9147845&l=202608051038251DFAD3CECC48BE918EBD&ply_type=3&policy=eyJ2bSI6MywidWlkIjoiMzEyOTY1MDYwMzg4ODE4NSJ9,已使用,审核通过,--,6,--,0,0,0,0,0,0,0,0,0,0,0,0,0,0,0
"	7660843575199334441",0710-引导-嘉丽-8.mp4,https://video-cn.oceanengine.com/dc36967533a2e05d3ab60d81ffb91bf3/6a75452c/tos-cn-ve-51/oANDgwK4mII9mX1BeyphRKoGQASAlsRB9QBVEQ?a=1402&ch=0&cr=0&dr=3&cd=0%7C0%7C0%7C0&br=915&bt=915&cs=0&ds=3&ft=J9ThAGkHH_Myq8Zncej_e2NvjTQ&mime_type=video_mp4&qs=0&rc=NXZpTGRTaFBnKWxncmd5aHFsc3IxZGYzNzw6OTZmOTY6Mzg3ODdpQGlqOzQzN2tvZGY8MzM0NjMzQFNsa3ZpcUQ6amtqXmJmK2BeaWpgYTojX19gXjZjMl42MTUtNjAuMWEjZGNyY3FnZmU1YS0tZDBhc3M%3D&btag=40000e00008000&dy_q=1785897507&feature_id=d6a18d7c5414b1f1e95a75faf9147845&l=202608051038251DFAD3CECC48BE918EBD&ply_type=3&policy=eyJ2bSI6MywidWlkIjoiMzEyOTY1MDYwMzg4ODE4NSJ9,未使用,审核通过,--,2,--,0,0,0,0,0,0,0,0,0,0,0,0,0,0,0
"	7660371937247903787",0709引导-小敏-4-1.mp4,https://video-cn.oceanengine.com/ded77366d23136ec48ace6d4cf388500/6a754536/tos-cn-ve-51/ooEW2vjGPdGq6Bl5PF7f0BezQe20IMpYCEAA9f?a=1402&ch=0&cr=0&dr=3&cd=0%7C0%7C0%7C0&cv=1&br=740&bt=740&cs=0&ds=3&ft=J9ThAGkHH_Myq8Zncej_e2NvjTQ&mime_type=video_mp4&qs=0&rc=NXZpTGRTaFBnKWxncmd5aHFsc3IxZGZkMzs5OGc0Njw6OTg8Nzs1QGkzaXNlOWtvZWs8MzM0NjMzQFNsa3ZpcUQ6amtqXmJmK2BeaWpgYTojYGIxYF4xNV5iMTZgM2I0L2Ejc2BzbHFnbms0YS0tZDBhc3M%3D&btag=40000e00010000&dy_q=1785897507&feature_id=d6a18d7c5414b1f1e95a75faf9147845&l=202608051038251DFAD3CECC48BE918EBD&ply_type=3&policy=eyJ2bSI6MywidWlkIjoiMzEyOTY1MDYwMzg4ODE4NSJ9,已使用,审核通过,--,10,--,0,0,0,0,0,0,0,0,0,0,0,0,0,0,0
"	7660015933729521718",一键修复_0706引导+v瑞晨-6.mp4,https://video-cn.oceanengine.com/ca0412d51c1a05426837d6d4a423ee9b/6a754539/tos-cn-v-29cc83/oceBv9ADQQ5KtMJLW1rEOcCN4cISECe44u4psg?a=1402&ch=0&cr=0&dr=3&cd=0%7C0%7C0%7C0&br=873&bt=873&cs=0&ds=3&ft=J9ThAGkHH_Myq8Zncej_e2NvjTQ&mime_type=video_mp4&qs=0&rc=NXZpTGRTaFBnKWxncmd5aHFsc3IxZGY5OGQ0ZzwzOGg4PGZlZmY5QGkzPGt0OWtvdnc8NjM0aTwzQFNsa3ZpcUQ6amtqXmJmK2BeaWpgYTojNC4yL18zMl9gMTEyYV8zMGEjYnEwL3FnZmMzYS0tZC8vc3M%3D&btag=40000e00010000&dy_q=1785897507&feature_id=d6a18d7c5414b1f1e95a75faf9147845&l=202608051038251DFAD3CECC48BE918EBD&ply_type=3&policy=eyJ2bSI6MywidWlkIjoiMzEyOTY1MDYwMzg4ODE4NSJ9,未使用,审核通过,--,1,--,0,0,0,0,0,0,0,0,0,0,0,0,0,0,0
"	7666006364797386806",推送视频_0723-瑞晨引流修改-7.mp4,https://video-cn.oceanengine.com/0a46b189144bcc37469aab42e1af40ac/6a754529/tos-cn-ve-51/o0CAVAqfguNB2xBDayADcQI1GgJCYshBIfRRts?a=1402&ch=0&cr=0&dr=3&cd=0%7C0%7C0%7C0&br=1640&bt=1640&cs=0&ds=4&ft=J9ThAGkHH_Myq8Zncej_e2NvjTQ&mime_type=video_mp4&qs=0&rc=NXZpTGRTaFBnKWxncmd5aHFsc3IxZGY8NGczOjs3MzQzNTxpZTtnQGkzM2U6ZW86Zmw8MzM0NjMzQFNsa3ZpcUQ6amtqXmJmK2BeaWpgYTojY2BjM2M0MDYuMTYvNF5gYmEjZi5xLWFhXi1lYS0tZDAvc3M%3D&btag=40000e00008000&dy_q=1785897507&feature_id=d6a18d7c5414b1f1e95a75faf9147845&l=202608051038251DFAD3CECC48BE918EBD&ply_type=3&policy=eyJ2bSI6MywidWlkIjoiMzEyOTY1MDYwMzg4ODE4NSJ9,已使用,审核通过,--,3,--,0,0,0,0,0,0,0,0,0,0,0,0,0,0,0
"	7668235064334975002",推送视频_0729-瑞晨浩正引流素材-1改-1.mp4,https://video-cn.oceanengine.com/44369d4b3304735e807d5ed4ef32b727/6a754546/tos-cn-ve-51/o8IQ0v7EwtNdFLsnzDbPmsa6WJ2LrNADtIjQA?a=1402&ch=0&cr=0&dr=3&cd=0%7C0%7C0%7C0&br=2250&bt=2250&cs=0&ds=4&ft=J9ThAGkHH_Myq8Zncej_e2NvjTQ&mime_type=video_mp4&qs=0&rc=NXZpTGRTaFBnKWxncmd5aHFsc3IxZGY3aTk5Ozo3PGRnZDVkZGloQGkzaWZtOm86aWo8MzM0NjMzQFNsa3ZpcUQ6amtqXmJmK2BeaWpgYTojMjFfYzBiNjYvMV8tMy9fNWEjcWtgcWFhbmppYS0tZDAwc3M%3D&btag=40000200018000&dy_q=1785897507&feature_id=d6a18d7c5414b1f1e95a75faf9147845&l=202608051038251DFAD3CECC48BE918EBD&ply_type=3&policy=eyJ2bSI6MywidWlkIjoiMzEyOTY1MDYwMzg4ODE4NSJ9,未使用,审核不通过,--,0,--,0,0,0,0,0,0,0,0,0,0,0,0,0,0,0
"	7668234846337531954",推送视频_0728-浩正瑞晨大字报单科-1改-2.mp4,https://video-cn.oceanengine.com/92dfe9b5c807ca85d1e01639e69a52ce/6a754537/tos-cn-ve-51/o4tWBFl1NAr5ggEQ7RyY5moAmUrIEIfDBApQIa?a=1402&ch=0&cr=0&dr=3&cd=0%7C0%7C0%7C0&br=2050&bt=2050&cs=0&ds=4&ft=J9ThAGkHH_Myq8Zncej_e2NvjTQ&mime_type=video_mp4&qs=0&rc=NXZpTGRTaFBnKWxncmd5aHFsc3IxZGZpaDo0ZTxoaDdkPDo3OjlnQGlqM3k5O286NWo8MzM0NjMzQFNsa3ZpcUQ6amtqXmJmK2BeaWpgYTojNjFhYzYyXl4vMTU2LTA0LmEjaGdfZGFhL2ppYS0tZDBhc3M%3D&btag=40000200010000&dy_q=1785897507&feature_id=d6a18d7c5414b1f1e95a75faf9147845&l=202608051038251DFAD3CECC48BE918EBD&ply_type=3&policy=eyJ2bSI6MywidWlkIjoiMzEyOTY1MDYwMzg4ODE4NSJ9,未使用,审核不通过,--,0,--,0,0,0,0,0,0,0,0,0,0,0,0,0,0,0
"	7660371908223402047",0709引导-小敏-5-1.mp4,https://video-cn.oceanengine.com/3932d3c65659b094544419a76ac658de/6a75452b/tos-cn-ve-51/ogKmuJs50BCwkPh8BJ3YGkQI4KAFegQWmAJ14E?a=1402&ch=0&cr=0&dr=3&cd=0%7C0%7C0%7C0&cv=1&br=1086&bt=1086&cs=0&ds=3&ft=J9ThAGkHH_Myq8Zncej_e2NvjTQ&mime_type=video_mp4&qs=0&rc=NXZpTGRTaFBnKWxncmd5aHFsc3IxZGZkM2RmMzs8PGY0PGU8O2c8QGkzcGw1aGtvZms8MzM0NjMzQFNsa3ZpcUQ6amtqXmJmK2BeaWpgYTojXl80XjFjMl5iMTFfLi5eLmEjMmBiLnFnL2s0YS0tZDAwc3M%3D&btag=40000e00008000&dy_q=1785897507&feature_id=d6a18d7c5414b1f1e95a75faf9147845&l=202608051038251DFAD3CECC48BE918EBD&ply_type=3&policy=eyJ2bSI6MywidWlkIjoiMzEyOTY1MDYwMzg4ODE4NSJ9,未使用,审核通过,--,6,--,0,0,0,0,0,0,0,0,0,0,0,0,0,0,0
"	7666044325575032875",0723-魏怡-3-改.mp4,https://video-cn.oceanengine.com/9e12bf1a809ce7ae8ee410dc257f13b7/6a754536/tos-cn-ve-51/osgHzqhg7fKfAtxb9gCQugA9FUFYBQaUDIaIN6?a=1402&ch=0&cr=0&dr=3&cd=0%7C0%7C0%7C0&cv=1&br=1178&bt=1178&cs=0&ds=3&ft=J9ThAGkHH_Myq8Zncej_e2NvjTQ&mime_type=video_mp4&qs=0&rc=NXZpTGRTaFBnKWxncmd5aHFsc3IxZGZpO2Y3aWg2NDY1NmU8NzhnQGkzdzQ3ZG86ZHk8MzM0NjMzQFNsa3ZpcUQ6amtqXmJmK2BeaWpgYTojXl4zMy80MjYzMTIxLjUwM2EjMXEzNWFhL2dlYS0tZDAvc3M%3D&btag=40000e00010000&dy_q=1785897507&feature_id=d6a18d7c5414b1f1e95a75faf9147845&l=202608051038251DFAD3CECC48BE918EBD&ply_type=3&policy=eyJ2bSI6MywidWlkIjoiMzEyOTY1MDYwMzg4ODE4NSJ9,已使用,审核通过,--,10,--,0,0,0,0,0,0,0,0,0,0,0,0,0,0,0
"	7660452400634134570",0709引导+v-瑞晨-1.mp4,https://video-cn.oceanengine.com/8972315dc7eee24b80728952fee61857/6a754538/tos-cn-ve-51/ogUsgfAflzz77M4UA8AIRygeqnGUFCBaljJbn0?a=1402&ch=0&cr=0&dr=3&cd=0%7C0%7C0%7C0&cv=1&br=1238&bt=1238&cs=0&ds=3&ft=J9ThAGkHH_Myq8Zncej_e2NvjTQ&mime_type=video_mp4&qs=0&rc=NXZpTGRTaFBnKWxncmd5aHFsc3IxZGY4ZTlmPDxmNGc8Mzk6ODVlQGlqc2xxNGtvdHA8MzM0NjMzQFNsa3ZpcUQ6amtqXmJmK2BeaWpgYTojMmAvYi9gL181MS40XjItNWEjY3NsNHFnZjY0YS0tZDBhc3M%3D&btag=40000e00010000&dy_q=1785897507&feature_id=d6a18d7c5414b1f1e95a75faf9147845&l=202608051038251DFAD3CECC48BE918EBD&ply_type=3&policy=eyJ2bSI6MywidWlkIjoiMzEyOTY1MDYwMzg4ODE4NSJ9,未使用,审核通过,--,6,--,0,0,0,0,0,0,0,0,0,0,0,0,0,0,0
"	7660186913555644470",0708引导-小敏-1.mp4,https://video-cn.oceanengine.com/c36f6b957a738a00b847ee0b4579b768/6a754535/tos-cn-ve-51/2bae3a7756eb456186673002a0168b64?a=1402&ch=0&cr=0&dr=3&cd=0%7C0%7C0%7C0&cv=1&br=675&bt=675&cs=0&ds=3&ft=J9ThAGkHH_Myq8Zncej_e2NvjTQ&mime_type=video_mp4&qs=0&rc=NXZpTGRTaFBnKWxncmd5aHFsc3IxZGY3ODNnMzVkOWY0aTw4O2c0QGkzO2pwZ2tvdTo8MzM0NjMzQFNsa3ZpcUQ6amtqXmJmK2BeaWpgYTojNWE1MDBjYl8tMWFjMi41NGEjajVpMnFnXjM0YS0tZDBhc3M%3D&btag=40000e00010000&dy_q=1785897507&feature_id=d6a18d7c5414b1f1e95a75faf9147845&l=202608051038251DFAD3CECC48BE918EBD&ply_type=3&policy=eyJ2bSI6MywidWlkIjoiMzEyOTY1MDYwMzg4ODE4NSJ9,未使用,审核通过,--,10,--,0,0,0,0,0,0,0,0,0,0,0,0,0,0,0
"	7666006390135586852",推送视频_0723-瑞晨引流修改-6.mp4,https://video-cn.oceanengine.com/0646fa6caaac57144fa111d655486b2a/6a754538/tos-cn-ve-51/o4E8MhFiv6ggGjQpiTQzIrBFAImjIAbMrBima?a=1402&ch=0&cr=0&dr=3&cd=0%7C0%7C0%7C0&br=603&bt=603&cs=0&ds=3&ft=J9ThAGkHH_Myq8Zncej_e2NvjTQ&mime_type=video_mp4&qs=0&rc=NXZpTGRTaFBnKWxncmd5aHFsc3IxZGY1Nzc4ZDg3aGlmZGU3NDM5QGlqZTtwdjlyZmw8MzM0NjMzQFNsa3ZpcUQ6amtqXmJmK2BeaWpgYTojLjAyMTRjMV82MTQ0LV4wMmEjZF9zZTJkay1lYS0tZDBhc3M%3D&btag=40000e00010000&dy_q=1785897507&feature_id=d6a18d7c5414b1f1e95a75faf9147845&l=202608051038251DFAD3CECC48BE918EBD&ply_type=3&policy=eyJ2bSI6MywidWlkIjoiMzEyOTY1MDYwMzg4ODE4NSJ9,已使用,审核通过,首发,9,--,0,0,0,0,0,0,0,0,0,0,0,0,0,0,0
"	7663055827772031002",0716-引流瑞晨-5.mp4,https://video-cn.oceanengine.com/29b34539e470e09cb7344863a2720c6a/6a754532/tos-cn-ve-51/oIJLaIKnB7DhEOpI7Q1QtAeYIamFAHD8BgBBZW?a=1402&ch=0&cr=0&dr=3&cd=0%7C0%7C0%7C0&br=571&bt=571&cs=0&ds=3&ft=J9ThAGkHH_Myq8Zncej_e2NvjTQ&mime_type=video_mp4&qs=0&rc=NXZpTGRTaFBnKWxncmd5aHFsc3IxZGY0aGU8PGZkOTY8OTMzNTxoQGkzOzd5OG86bWQ8MzM0NjMzQFNsa3ZpcUQ6amtqXmJmK2BeaWpgYTojNjUuNDAzXjVfMV5jMzA0YmEjcjNnYmFhZjZgYS0tZDAwc3M%3D&btag=40000e00010000&dy_q=1785897507&feature_id=d6a18d7c5414b1f1e95a75faf9147845&l=202608051038251DFAD3CECC48BE918EBD&ply_type=3&policy=eyJ2bSI6MywidWlkIjoiMzEyOTY1MDYwMzg4ODE4NSJ9,未使用,审核通过,--,1,--,0,0,0,0,0,0,0,0,0,0,0,0,0,0,0
"	7666006379787599935",推送视频_0723-国星引流修改-7.mp4,https://video-cn.oceanengine.com/3d9a8dec0cca44f6178679feaf6eba85/6a754530/tos-cn-ve-51/oA7jleBItSbBQEhIKCLUAIlGA3aUBBsFekxGfM?a=1402&ch=0&cr=0&dr=3&cd=0%7C0%7C0%7C0&br=1073&bt=1073&cs=0&ds=3&ft=J9ThAGkHH_Myq8Zncej_e2NvjTQ&mime_type=video_mp4&qs=0&rc=NXZpTGRTaFBnKWxncmd5aHFsc3IxZGZlaWc5Njs4aTszNGU5Omc8QGlqdTZsbTlyZmw8MzM0NjMzQFNsa3ZpcUQ6amtqXmJmK2BeaWpgYTojM18wNS4zL19fMTYvNTMuMmEjb3M1NDJkay1lYS0tZDBhc3M%3D&btag=40000e00008000&dy_q=1785897507&feature_id=d6a18d7c5414b1f1e95a75faf9147845&l=202608051038251DFAD3CECC48BE918EBD&ply_type=3&policy=eyJ2bSI6MywidWlkIjoiMzEyOTY1MDYwMzg4ODE4NSJ9,已使用,审核通过,--,5,--,0,0,0,0,0,0,0,0,0,0,0,0,0,0,0
"	7665169525948530698",0721-引流-魏怡-9.mp4,https://video-cn.oceanengine.com/ecd5a496f70cdce24d542a027c5dd1e9/6a754541/tos-cn-ve-51/oQt9I8h2gngchDQCkAWlzZAQdwaUnRINXWmEz?a=1402&ch=0&cr=0&dr=3&cd=0%7C0%7C0%7C0&cv=1&br=1057&bt=1057&cs=0&ds=3&ft=J9ThAGkHH_Myq8Zncej_e2NvjTQ&mime_type=video_mp4&qs=0&rc=NXZpTGRTaFBnKWxncmd5aHFsc3IxZGY0ZGhmOTxoOGdkNDNmZGdoQGlqbXA6Om86azw8MzM0NjMzQFNsa3ZpcUQ6amtqXmJmK2BeaWpgYTojLTFhNGAxY19eMTBhNC41L2EjcjAuX2FhXmJkYS0tZDAvc3M%3D&btag=40000e00018000&dy_q=1785897507&feature_id=d6a18d7c5414b1f1e95a75faf9147845&l=202608051038251DFAD3CECC48BE918EBD&ply_type=3&policy=eyJ2bSI6MywidWlkIjoiMzEyOTY1MDYwMzg4ODE4NSJ9,已使用,审核通过,--,4,--,0,0,0,0,0,0,0,0,0,0,0,0,0,0,0
"	7663055823942189107",0716-引流瑞晨-7.mp4,https://video-cn.oceanengine.com/fd7293743383097242e0126a9dd5e4a6/6a75452d/tos-cn-ve-51/og5P6ivgEIztbk6SEIadAYtQOEWzwxllzapAk?a=1402&ch=0&cr=0&dr=3&cd=0%7C0%7C0%7C0&cv=1&br=774&bt=774&cs=0&ds=3&ft=J9ThAGkHH_Myq8Zncej_e2NvjTQ&mime_type=video_mp4&qs=0&rc=NXZpTGRTaFBnKWxncmd5aHFsc3IxZGY8NzhmOmU8MzZkOzVpNmdpQGkzdWVmM286bWQ8MzM0NjMzQFNsa3ZpcUQ6amtqXmJmK2BeaWpgYTojMC4zLi0zNjUtMTJeNjYyNGEjNmhzL2FhZjZgYS0tZDAwc3M%3D&btag=40000e00008000&dy_q=1785897507&feature_id=d6a18d7c5414b1f1e95a75faf9147845&l=202608051038251DFAD3CECC48BE918EBD&ply_type=3&policy=eyJ2bSI6MywidWlkIjoiMzEyOTY1MDYwMzg4ODE4NSJ9,未使用,审核通过,--,8,--,0,0,0,0,0,0,0,0,0,0,0,0,0,0,0
"	7660843611230371903",0710-引导-嘉丽-4.mp4,https://video-cn.oceanengine.com/bc656cf2a1ba5f3b54590c798d2f360c/6a754534/tos-cn-ve-51/oUehUZAoqAQrvFifgjbUNmC4kzBG1GvPCZDIae?a=1402&ch=0&cr=0&dr=3&cd=0%7C0%7C0%7C0&br=883&bt=883&cs=0&ds=3&ft=J9ThAGkHH_Myq8Zncej_e2NvjTQ&mime_type=video_mp4&qs=0&rc=NXZpTGRTaFBnKWxncmd5aHFsc3IxZGYzZjQ3aTM2O2RkaTg6aTNoQGkzZnY7aWtvZGY8MzM0NjMzQFNsa3ZpcUQ6amtqXmJmK2BeaWpgYTojY2IvM15jM19jMV9fNl5gMWEjcmNvZHFnZmU1YS0tZDAwc3M%3D&btag=40000e00010000&dy_q=1785897507&feature_id=d6a18d7c5414b1f1e95a75faf9147845&l=202608051038251DFAD3CECC48BE918EBD&ply_type=3&policy=eyJ2bSI6MywidWlkIjoiMzEyOTY1MDYwMzg4ODE4NSJ9,未使用,审核通过,--,2,--,0,0,0,0,0,0,0,0,0,0,0,0,0,0,0
"	7664453104100622363",0718-引流-魏怡-2.mp4,https://video-cn.oceanengine.com/a2b11083eb2e43d3200c4b9bcc1e1bd7/6a754546/tos-cn-ve-51/oMDL9uQgCHAa820QKLNe9XRYAL1cABKI9gyqWf?a=1402&ch=0&cr=0&dr=3&cd=0%7C0%7C0%7C0&br=1160&bt=1160&cs=0&ds=3&ft=J9ThAGkHH_Myq8Zncej_e2NvjTQ&mime_type=video_mp4&qs=0&rc=NXZpTGRTaFBnKWxncmd5aHFsc3IxZGY4ODgzNDM1PDY4NWY4ZDU4QGkzeWVzaW86dW48MzM0NjMzQFNsa3ZpcUQ6amtqXmJmK2BeaWpgYTojMzUvNmEzLjUzMS5jMF4wLWEjY3JkXmFhZjJjYS0tZDAvc3M%3D&btag=40000e00018000&dy_q=1785897507&feature_id=d6a18d7c5414b1f1e95a75faf9147845&l=202608051038251DFAD3CECC48BE918EBD&ply_type=3&policy=eyJ2bSI6MywidWlkIjoiMzEyOTY1MDYwMzg4ODE4NSJ9,未使用,审核通过,--,1,--,0,0,0,0,0,0,0,0,0,0,0,0,0,0,0
"	7662271374480752666",0713-引导-嘉丽-2.mp4,https://video-cn.oceanengine.com/ea3fb65033d037beadac8572c4a2a5a2/6a754534/tos-cn-ve-51/oYUbkAIcqlAffZxXBQ6ZgtxJDVANExLRgvV1Dd?a=1402&ch=0&cr=0&dr=3&cd=0%7C0%7C0%7C0&br=964&bt=964&cs=0&ds=3&ft=J9ThAGkHH_Myq8Zncej_e2NvjTQ&mime_type=video_mp4&qs=0&rc=NXZpTGRTaFBnKWxncmd5aHFsc3IxZGZpZjkzPGU3Z2dlZTk3O2hlQGlqcGt3N2tvbHc8MzM0NjMzQFNsa3ZpcUQ6amtqXmJmK2BeaWpgYTojLl9iMS40NDU1MTZeYmNjNGEjX242MnFnXmpeYS0tZDAwc3M%3D&btag=40000e00010000&dy_q=1785897507&feature_id=d6a18d7c5414b1f1e95a75faf9147845&l=202608051038251DFAD3CECC48BE918EBD&ply_type=3&policy=eyJ2bSI6MywidWlkIjoiMzEyOTY1MDYwMzg4ODE4NSJ9,未使用,审核通过,--,1,--,0,0,0,0,0,0,0,0,0,0,0,0,0,0,0
"	7660843598326792235",0710引导-小敏-2.mp4,https://video-cn.oceanengine.com/383de24bdb10337ee2fa8afbc13ede77/6a75452e/tos-cn-ve-51/oI9RkwG1KAeKgNVWsHYGamkAmnhKImrrBJyQQ4?a=1402&ch=0&cr=0&dr=3&cd=0%7C0%7C0%7C0&br=523&bt=523&cs=0&ds=3&ft=J9ThAGkHH_Myq8Zncej_e2NvjTQ&mime_type=video_mp4&qs=0&rc=NXZpTGRTaFBnKWxncmd5aHFsc3IxZGY4ODQzPGVlaDYzNGZoZmZoQGlqOXBlNmtvZGY8MzM0NjMzQFNsa3ZpcUQ6amtqXmJmK2BeaWpgYTojNDZfX2EvLl9jMTY0YDUwNmEjcF4vZnFnZmU1YS0tZDBhc3M%3D&btag=40000e00008000&dy_q=1785897507&feature_id=d6a18d7c5414b1f1e95a75faf9147845&l=202608051038251DFAD3CECC48BE918EBD&ply_type=3&policy=eyJ2bSI6MywidWlkIjoiMzEyOTY1MDYwMzg4ODE4NSJ9,未使用,审核通过,--,2,--,0,0,0,0,0,0,0,0,0,0,0,0,0,0,0
"	7666103246486765594",0723-雅迪引流-3c-改.mp4,https://video-cn.oceanengine.com/96855ec6a79a58e4c6b1747aec2d1630/6a754528/tos-cn-ve-51/oYTyQC7aBrIATEiOeqfHDtoItmtbMNAYOzBTng?a=1402&ch=0&cr=0&dr=3&cd=0%7C0%7C0%7C0&br=744&bt=744&cs=0&ds=3&ft=J9ThAGkHH_Myq8Zncej_e2NvjTQ&mime_type=video_mp4&qs=0&rc=NXZpTGRTaFBnKWxncmd5aHFsc3IxZGY5NTplOTU4aDs7OjRkOjk1QGkzcHZzNW86c3k8MzM0NjMzQFNsa3ZpcUQ6amtqXmJmK2BeaWpgYTojYzRfXi8zLV9gMV82NmNeMWEjbmdkXmFhZmZlYS0tZDAvc3M%3D&btag=40000e00008000&dy_q=1785897507&feature_id=d6a18d7c5414b1f1e95a75faf9147845&l=202608051038251DFAD3CECC48BE918EBD&ply_type=3&policy=eyJ2bSI6MywidWlkIjoiMzEyOTY1MDYwMzg4ODE4NSJ9,已使用,审核通过,--,7,--,0,0,0,0,0,0,0,0,0,0,0,0,0,0,0
"	7666006400510640147",推送视频_0723-瑞晨引流修改-3.mp4,https://video-cn.oceanengine.com/31991ab9ec285fb1ff15e71b192a8780/6a754532/tos-cn-ve-51/o8IajmbBdU5WMOtEAiVHwzA1gIvgQMdqyRZrQ?a=1402&ch=0&cr=0&dr=3&cd=0%7C0%7C0%7C0&br=910&bt=910&cs=0&ds=6&ft=J9ThAGkHH_Myq8Zncej_e2NvjTQ&mime_type=video_mp4&qs=0&rc=NXZpTGRTaFBnKWxncmd5aHFsc3IxZGY0aDdmZjg7Nzs8ZGk1MzlmQGlqaW9kNW86Zmw8MzM0NjMzQFNsa3ZpcUQ6amtqXmJmK2BeaWpgYTojMzJjLzRiXjYxMTYvY2ExLWEjMGdmZGFhXi1lYS0tZDAwc3M%3D&btag=40000e00010000&dy_q=1785897507&feature_id=d6a18d7c5414b1f1e95a75faf9147845&l=202608051038251DFAD3CECC48BE918EBD&ply_type=3&policy=eyJ2bSI6MywidWlkIjoiMzEyOTY1MDYwMzg4ODE4NSJ9,已使用,审核通过,--,8,--,0,0,0,0,0,0,0,0,0,0,0,0,0,0,0
"	7659679243442913322",0706引导+v瑞晨-4.mp4,https://video-cn.oceanengine.com/de886fa31a949bfc4bb5a365510586eb/6a75452b/tos-cn-ve-51/oU69MDBqQoNCJWEf8KaBMIKYqafrA4zRTgsgAA?a=1402&ch=0&cr=0&dr=3&cd=0%7C0%7C0%7C0&br=2291&bt=2291&cs=0&ds=4&ft=J9ThAGkHH_Myq8Zncej_e2NvjTQ&mime_type=video_mp4&qs=0&rc=NXZpTGRTaFBnKWxncmd5aHFsc3IxZGY1Mzs4M2c4aWhpOWc5Njc7QGkzd2s7Z2tvaWQ8MzM0NjMzQFNsa3ZpcUQ6amtqXmJmK2BeaWpgYTojNmAxYWJiLTUzMS9fYjNgXmEjMF4uLXFnZl8zYS0tZDAvc3M%3D&btag=40000e00008000&dy_q=1785897507&feature_id=d6a18d7c5414b1f1e95a75faf9147845&l=202608051038251DFAD3CECC48BE918EBD&ply_type=3&policy=eyJ2bSI6MywidWlkIjoiMzEyOTY1MDYwMzg4ODE4NSJ9,已使用,审核通过,--,2,--,0,0,0,0,0,0,0,0,0,0,0,0,0,0,0
"	7662279484768419878",0714-瑞浩引导修改-1.mp4,https://video-cn.oceanengine.com/b066d8efbe0ee61d8fad2dc2d2ef251e/6a75453a/tos-cn-ve-51/oUSTsV4KQFDmAQPZ1DIywh9fBPgrmvqxASgw41?a=1402&ch=0&cr=0&dr=3&cd=0%7C0%7C0%7C0&br=657&bt=657&cs=0&ds=3&ft=J9ThAGkHH_Myq8Zncej_e2NvjTQ&mime_type=video_mp4&qs=0&rc=NXZpTGRTaFBnKWxncmd5aHFsc3IxZGZnODlpaWY2aTgzM2c5aGc5QGkzPHhoNGtvPHg8MzM0NjMzQFNsa3ZpcUQ6amtqXmJmK2BeaWpgYTojMy02MDJeYzUzMTYvMDJjY2EjYGMtaXFnXjJeYS0tZDBhc3M%3D&btag=40000e00010000&dy_q=1785897507&feature_id=d6a18d7c5414b1f1e95a75faf9147845&l=202608051038251DFAD3CECC48BE918EBD&ply_type=3&policy=eyJ2bSI6MywidWlkIjoiMzEyOTY1MDYwMzg4ODE4NSJ9,未使用,审核通过,--,1,--,0,0,0,0,0,0,0,0,0,0,0,0,0,0,0
"	7662229482153197577",0713-浩正瑞晨引导-3.mp4.mp4,https://video-cn.oceanengine.com/af63b2d80997424c2589d9bd90fcb13c/6a75454b/tos-cn-ve-51/o013hDVyGAkItA9mBgfEdXzQDKBXQIqFLqt4sJ?a=1402&ch=0&cr=0&dr=3&cd=0%7C0%7C0%7C0&br=781&bt=781&cs=0&ds=3&ft=J9ThAGkHH_Myq8Zncej_e2NvjTQ&mime_type=video_mp4&qs=0&rc=NXZpTGRTaFBnKWxncmd5aHFsc3IxZGZpaWc6NGQ4Z2g5ZTQ5OWhnQGlqN2ltM2tvNnU8MzM0NjMzQFNsa3ZpcUQ6amtqXmJmK2BeaWpgYTojYjAxXjRhNDUwMTZhMWM0L2EjMXNpcHFnXl5eYS0tZDAwc3M%3D&btag=40000e00018000&dy_q=1785897507&feature_id=d6a18d7c5414b1f1e95a75faf9147845&l=202608051038251DFAD3CECC48BE918EBD&ply_type=3&policy=eyJ2bSI6MywidWlkIjoiMzEyOTY1MDYwMzg4ODE4NSJ9,未使用,审核通过,首发,3,--,0,0,0,0,0,0,0,0,0,0,0,0,0,0,0
"	7662213071909732378",713-引导-小敏-1.mp4,https://video-cn.oceanengine.com/5e073f964a0c612639239c25a9acbaa6/6a754532/tos-cn-ve-51/8e4e32ecade2477ab9a62f0b9fedf25c?a=1402&ch=0&cr=0&dr=3&cd=0%7C0%7C0%7C0&cv=1&br=871&bt=871&cs=0&ds=3&ft=J9ThAGkHH_Myq8Zncej_e2NvjTQ&mime_type=video_mp4&qs=0&rc=NXZpTGRTaFBnKWxncmd5aHFsc3IxZGY2NWQ1M2g5ZTk0OTk0Z2hpQGlqNHFtZ2tvanQ8MzM0NjMzQFNsa3ZpcUQ6amtqXmJmK2BeaWpgYTojMmMwLy8yNDYvMS4zL15jNmEjX3M1ZnFnL2BeYS0tZDAvc3M%3D&btag=40000e00010000&dy_q=1785897507&feature_id=d6a18d7c5414b1f1e95a75faf9147845&l=202608051038251DFAD3CECC48BE918EBD&ply_type=3&policy=eyJ2bSI6MywidWlkIjoiMzEyOTY1MDYwMzg4ODE4NSJ9,已使用,审核通过,--,24,--,0,0,0,0,0,0,0,0,0,0,0,0,0,0,0
"	7668235101707026459",推送视频_0729-瑞晨浩正引流素材-1改-6.mp4,https://video-cn.oceanengine.com/c323b7c7fe7f98478e63d887e08182c9/6a754543/tos-cn-ve-51/oEutQItlQrIIwJn1ZE0AHQPL9mRDIARWzdasO?a=1402&ch=0&cr=0&dr=3&cd=0%7C0%7C0%7C0&br=2446&bt=2446&cs=0&ds=4&ft=J9ThAGkHH_Myq8Zncej_e2NvjTQ&mime_type=video_mp4&qs=0&rc=NXZpTGRTaFBnKWxncmd5aHFsc3IxZGY5aTRmN2VmZzpoaTo6NDY7QGkzOHN5Om86aWo8MzM0NjMzQFNsa3ZpcUQ6amtqXmJmK2BeaWpgYTojMTBeYDFiM18xMTE2MF80YWEjNTBhamFhbmppYS0tZDAwc3M%3D&btag=40000200018000&dy_q=1785897507&feature_id=d6a18d7c5414b1f1e95a75faf9147845&l=202608051038251DFAD3CECC48BE918EBD&ply_type=3&policy=eyJ2bSI6MywidWlkIjoiMzEyOTY1MDYwMzg4ODE4NSJ9,未使用,审核不通过,--,0,--,0,0,0,0,0,0,0,0,0,0,0,0,0,0,0
"	7663055863406313499",0716-引流瑞晨-2.mp4,https://video-cn.oceanengine.com/fb5e74b2d862c81d85f9817d8b6cef3e/6a754532/tos-cn-ve-51/o07OYAQxKNQZZEEq9WFfABgJmpSnT3IfNBDoDO?a=1402&ch=0&cr=0&dr=3&cd=0%7C0%7C0%7C0&br=836&bt=836&cs=0&ds=3&ft=J9ThAGkHH_Myq8Zncej_e2NvjTQ&mime_type=video_mp4&qs=0&rc=NXZpTGRTaFBnKWxncmd5aHFsc3IxZGZlZTM0PGc0NDRmMzszMzZmQGlqOTh4bjlybWQ8MzM0NjMzQFNsa3ZpcUQ6amtqXmJmK2BeaWpgYTojXl81NmNiNjYyMTIzNC8uNGEjby5vYzJkazZgYS0tZDBhc3M%3D&btag=40000e00010000&dy_q=1785897507&feature_id=d6a18d7c5414b1f1e95a75faf9147845&l=202608051038251DFAD3CECC48BE918EBD&ply_type=3&policy=eyJ2bSI6MywidWlkIjoiMzEyOTY1MDYwMzg4ODE4NSJ9,未使用,审核通过,--,1,--,0,0,0,0,0,0,0,0,0,0,0,0,0,0,0
"	7660452401267654692",0709引导+v-瑞晨-9.mp4,https://video-cn.oceanengine.com/434e98a5865f0de066b36a5e51ac36db/6a754536/tos-cn-ve-51/oor1XJJLCAtrQmNqQIezJZh41KaqWQ7sgBA5PE?a=1402&ch=0&cr=0&dr=3&cd=0%7C0%7C0%7C0&cv=1&br=1119&bt=1119&cs=0&ds=3&ft=J9ThAGkHH_Myq8Zncej_e2NvjTQ&mime_type=video_mp4&qs=0&rc=NXZpTGRTaFBnKWxncmd5aHFsc3IxZGY8PDQ6NDtkOGk4Zjc4Ojo5QGlqZGdwZWtvdHA8MzM0NjMzQFNsa3ZpcUQ6amtqXmJmK2BeaWpgYTojLTYwLjEwL19eMV5gYmAzMGEjbWFlaXFnZjY0YS0tZDAwc3M%3D&btag=40000e00010000&dy_q=1785897507&feature_id=d6a18d7c5414b1f1e95a75faf9147845&l=202608051038251DFAD3CECC48BE918EBD&ply_type=3&policy=eyJ2bSI6MywidWlkIjoiMzEyOTY1MDYwMzg4ODE4NSJ9,未使用,审核通过,--,2,--,0,0,0,0,0,0,0,0,0,0,0,0,0,0,0
"	7659983301841698859",0706引导+v瑞晨-8.mp4,https://video-cn.oceanengine.com/0ccaf851e2229bfd7c22ab6c91e66648/6a754538/tos-cn-ve-51/owLbNqJ7T6XZDd10AAIk5qpVEctge6QxgfDBsb?a=1402&ch=0&cr=0&dr=3&cd=0%7C0%7C0%7C0&br=1822&bt=1822&cs=0&ds=4&ft=J9ThAGkHH_Myq8Zncej_e2NvjTQ&mime_type=video_mp4&qs=0&rc=NXZpTGRTaFBnKWxncmd5aHFsc3IxZGZmZGY1Z2RkOjpoZ2U2ZDs8QGkzdnZnZGtva3U8MzM0NjMzQFNsa3ZpcUQ6amtqXmJmK2BeaWpgYTojY2MzMjVhNjVhMTY1LjEwYmEjb3Nia3FnL2gzYS0tZDAwc3M%3D&btag=40000e00010000&dy_q=1785897507&feature_id=d6a18d7c5414b1f1e95a75faf9147845&l=202608051038251DFAD3CECC48BE918EBD&ply_type=3&policy=eyJ2bSI6MywidWlkIjoiMzEyOTY1MDYwMzg4ODE4NSJ9,未使用,审核通过,--,0,--,0,0,0,0,0,0,0,0,0,0,0,0,0,0,0
"	7665169543526301722",0720-引流-魏怡-2.mp4,https://video-cn.oceanengine.com/ae9ad93e476ce7d6e80943048206329c/6a75452e/tos-cn-ve-51/osAUnBu7EiQaMEs1AOgImLbtroLf2MBmgaAAQM?a=1402&ch=0&cr=0&dr=3&cd=0%7C0%7C0%7C0&cv=1&br=1601&bt=1601&cs=0&ds=3&ft=J9ThAGkHH_Myq8Zncej_e2NvjTQ&mime_type=video_mp4&qs=0&rc=NXZpTGRTaFBnKWxncmd5aHFsc3IxZGZlODw8NTk3ZmczPDgzNWgzQGkzZzttM286azw8MzM0NjMzQFNsa3ZpcUQ6amtqXmJmK2BeaWpgYTojXi8xMTJgLl5hMTJfL2NiX2EjLWBhMGFhXmJkYS0tZDBhc3M%3D&btag=40000e00008000&dy_q=1785897507&feature_id=d6a18d7c5414b1f1e95a75faf9147845&l=202608051038251DFAD3CECC48BE918EBD&ply_type=3&policy=eyJ2bSI6MywidWlkIjoiMzEyOTY1MDYwMzg4ODE4NSJ9,已使用,审核通过,首发,8,--,0,0,0,0,0,0,0,0,0,0,0,0,0,0,0
"	7663054467406757898",0715-魏怡引流-7.mp4,https://video-cn.oceanengine.com/b11865de672b3d9c4e28bbe1a2d3c4ad/6a75462c/tos-cn-ve-51/ogatYDIGQfTF1trBYcRAAshQ7LEApI3QmO9nnz?a=1402&ch=0&cr=0&dr=3&cd=0%7C0%7C0%7C0&br=1346&bt=1346&cs=0&ds=3&ft=J9ThAGkHH_Myq8Zncej_e2NvjTQ&mime_type=video_mp4&qs=0&rc=NXZpTGRTaFBnKWxncmd5aHFsc3IxZGY0NzNnOTk6Ojc0NTQ1ZDQ6QGkzbXZoO286cGQ8MzM0NjMzQFNsa3ZpcUQ6amtqXmJmK2BeaWpgYTojXl5iLy0uYzUuMTQ1YTRgMWEjNXBzb2FhLzNgYS0tZDAvc3M%3D&btag=40000e00030000&dy_q=1785897507&feature_id=d6a18d7c5414b1f1e95a75faf9147845&l=202608051038251DFAD3CECC48BE918EBD&ply_type=3&policy=eyJ2bSI6MywidWlkIjoiMzEyOTY1MDYwMzg4ODE4NSJ9,未使用,审核通过,--,1,--,0,0,0,0,0,0,0,0,0,0,0,0,0,0,0
"	7662230322323537929",0713-引导-嘉丽-9.mp4,https://video-cn.oceanengine.com/28792963bf8c65889848cb0a71311aaf/6a754531/tos-cn-ve-51/oQ1VIVHBA4sg4QPsytxAqeilrghu5E1mmtKhGP?a=1402&ch=0&cr=0&dr=3&cd=0%7C0%7C0%7C0&cv=1&br=544&bt=544&cs=0&ds=3&ft=J9ThAGkHH_Myq8Zncej_e2NvjTQ&mime_type=video_mp4&qs=0&rc=NXZpTGRTaFBnKWxncmd5aHFsc3IxZGYzZ2UzZzY2PDU1ZzwzPGRoQGkzOjpnOGtvdnU8MzM0NjMzQFNsa3ZpcUQ6amtqXmJmK2BeaWpgYTojMjY0NTQtYF9hMWIzNTRiNGEjbWRgZ3Fnbl9eYS0tZDAwc3M%3D&btag=40000e00010000&dy_q=1785897507&feature_id=d6a18d7c5414b1f1e95a75faf9147845&l=202608051038251DFAD3CECC48BE918EBD&ply_type=3&policy=eyJ2bSI6MywidWlkIjoiMzEyOTY1MDYwMzg4ODE4NSJ9,未使用,审核通过,--,3,--,0,0,0,0,0,0,0,0,0,0,0,0,0,0,0
"	7661972497570840622",0713-浩正瑞晨引导-5.mp4,https://video-cn.oceanengine.com/cade8dbc37632beb014635feb2765b74/6a75453f/tos-cn-ve-51c800/o0Ey2CjlUiyq2JAwpKyfMjezgYS0QMpeCIAAeu?a=1402&ch=0&cr=0&dr=3&cd=0%7C0%7C0%7C0&br=1276&bt=1276&cs=0&ds=4&ft=J9ThAGkHH_Myq8Zncej_e2NvjTQ&mime_type=video_mp4&qs=0&rc=NXZpTGRTaFBnKWxncmd5aHFsc3IxZGYzODo4NDk3ZWVnNzZmNTw6QGkzcWpvNWtvdWY8MzM0NjMzQFNsa3ZpcUQ6amtqXmJmK2BeaWpgYTojLy9hYmE1MjUxMTY1MjEvLmEjM3JzNXFnbmpeYS0tZDAwc3M%3D&btag=40000200010000&dy_q=1785897507&feature_id=d6a18d7c5414b1f1e95a75faf9147845&l=202608051038251DFAD3CECC48BE918EBD&ply_type=3&policy=eyJ2bSI6MywidWlkIjoiMzEyOTY1MDYwMzg4ODE4NSJ9,未使用,审核不通过,--,1,--,0,0,0,0,0,0,0,0,0,0,0,0,0,0,0
"	7662605347073572914",0715瑞晨引流-2.mp4,https://video-cn.oceanengine.com/4e3addbc0fc7970ffde31326e5af57c3/6a7545c6/tos-cn-ve-51/d0ad68b878f1468cbca89a6b110e5487?a=1402&ch=0&cr=0&dr=3&cd=0%7C0%7C0%7C0&cv=1&br=1694&bt=1694&cs=0&ds=3&ft=J9ThAGkHH_Myq8ZEfej_e2NvjTQ&mime_type=video_mp4&qs=0&rc=NXZpTGRTaFBnKWxncmd5aHFsc3IxZGY4ZDo8Nzg2NTs5aGRoaTpkQGkzczNoO286NWo8MzM0NjMzQFNsa3ZpcUQ6amtqXmJmK2BeaWpgYTojM2IuNTBjLl8zMTExMTEvMGEjZ2RwYWFhZmpfYS0tZDAwc3M%3D&btag=40000e00008000&dy_q=1785897660&feature_id=d6a18d7c5414b1f1e95a75faf9147845&l=20260805104058DE0027CE0FF59575C272&ply_type=3&policy=eyJ2bSI6MywidWlkIjoiMzEyOTY1MDYwMzg4ODE4NSJ9,已使用,审核通过,首发,24,--,7.53,413,26,6.3,0.29,18.23,1,7.53,3.85,0,0,0,0,0,0
"	7667051423217614858",推送视频_0724-引导-嘉丽D-2改.mp4,https://video-cn.oceanengine.com/8ee77f8e9b562721895e04709f5c507c/6a7545c2/tos-cn-ve-51/okDC2AAafQOujNggtvDZtTIyO2Sp1REBD0eqHO?a=1402&ch=0&cr=0&dr=3&cd=0%7C0%7C0%7C0&br=1460&bt=1460&cs=0&ds=3&ft=J9ThAGkHH_Myq8ZEfej_e2NvjTQ&mime_type=video_mp4&qs=0&rc=NXZpTGRTaFBnKWxncmd5aHFsc3IxZGZlaGloODxoPGRkOjw0ODU0QGlqcDZuZW86dGw8MzM0NjMzQFNsa3ZpcUQ6amtqXmJmK2BeaWpgYTojLy4yXzYzM14uMTBgXzIxXmEjcXNiaWFhXjZnYS0tZDAwc3M%3D&btag=40000e00008000&dy_q=1785897660&feature_id=d6a18d7c5414b1f1e95a75faf9147845&l=20260805104058DE0027CE0FF59575C272&ply_type=3&policy=eyJ2bSI6MywidWlkIjoiMzEyOTY1MDYwMzg4ODE4NSJ9,已使用,审核通过,首发,3,--,4.13,232,11,4.74,0.38,17.8,0,0,0,0,0,0,0,0,0
"	7663464995961847844",0717-瑞晨引流-4.mp4,https://video-cn.oceanengine.com/fe755675f89ab01fa9dec088a003875b/6a7545cb/tos-cn-ve-51/o8MhqAEfjQ1fgaAIIqRDB1ranDaRNWJ2QEIMRD?a=1402&ch=0&cr=0&dr=3&cd=0%7C0%7C0%7C0&cv=1&br=2086&bt=2086&cs=0&ds=4&ft=J9ThAGkHH_Myq8ZEfej_e2NvjTQ&mime_type=video_mp4&qs=0&rc=NXZpTGRTaFBnKWxncmd5aHFsc3IxZGZmOmY3NjVmNTU4PGZnOjg1QGlqPG84aW86bDQ8MzM0NjMzQFNsa3ZpcUQ6amtqXmJmK2BeaWpgYTojNTEzY14xMF8xMWMvL2MtLmEjZ3JhZ2FhL2VhYS0tZDAwc3M%3D&btag=40000e00010000&dy_q=1785897660&feature_id=d6a18d7c5414b1f1e95a75faf9147845&l=20260805104058DE0027CE0FF59575C272&ply_type=3&policy=eyJ2bSI6MywidWlkIjoiMzEyOTY1MDYwMzg4ODE4NSJ9,已使用,审核通过,--,5,--,0.32,18,0,0,0,17.78,0,0,0,0,0,0,0,0,0
"	7660186951438139446",0708-引导-嘉丽-4.mp4,https://video-cn.oceanengine.com/8a96818313860f551672fd443bc221e4/6a7545cd/tos-cn-ve-51/oAI2IMemSOfERB7VrgE1Exf9AQt8CpAeVqaI17?a=1402&ch=0&cr=0&dr=3&cd=0%7C0%7C0%7C0&cv=1&br=866&bt=866&cs=0&ds=3&ft=J9ThAGkHH_Myq8ZEfej_e2NvjTQ&mime_type=video_mp4&qs=0&rc=NXZpTGRTaFBnKWxncmd5aHFsc3IxZGY4ZTVmPGhmMzVnOjc2OGdlQGkzZXhxOm86aXk8MzM0NjMzQFNsa3ZpcUQ6amtqXmJmK2BeaWpgYTojX2MvLTMwXjUyMS01YmExNmEjNmljNmFhZmNeYS0tZDAvc3M%3D&btag=40000e00010000&dy_q=1785897660&feature_id=d6a18d7c5414b1f1e95a75faf9147845&l=20260805104058DE0027CE0FF59575C272&ply_type=3&policy=eyJ2bSI6MywidWlkIjoiMzEyOTY1MDYwMzg4ODE4NSJ9,已使用,审核通过,--,19,--,17.48,524,13,2.48,1.34,33.36,1,17.48,7.69,0,0,0,0,0,0
"	7661187006646501412",微信视频2026-07-11_163704_323.mp4,https://video-cn.oceanengine.com/709132509a83c9951982a25816a508a0/6a7545d8/tos-cn-ve-51/oQygv5aftHAMK7rABm2kAAvBYUjQImgoQ1vbi7?a=1402&ch=0&cr=0&dr=3&cd=0%7C0%7C0%7C0&br=1021&bt=1021&cs=0&ds=3&ft=J9ThAGkHH_Myq8ZEfej_e2NvjTQ&mime_type=video_mp4&qs=0&rc=NXZpTGRTaFBnKWxncmd5aHFsc3IxZGY4ZDU6aGhpZTU3OWVkNjQ8QGkzMzo2ZG86OXk8MzM0NjMzQFNsa3ZpcUQ6amtqXmJmK2BeaWpgYTojYmIxLWBgLl5iMTZfYDAyYWEjNmNiM2FhXmNeYS0tZDBhc3M%3D&btag=40000e00010000&dy_q=1785897660&feature_id=d6a18d7c5414b1f1e95a75faf9147845&l=20260805104058DE0027CE0FF59575C272&ply_type=3&policy=eyJ2bSI6MywidWlkIjoiMzEyOTY1MDYwMzg4ODE4NSJ9,已使用,审核通过,--,6,--,1.14,7,2,28.57,0.57,162.86,0,0,0,0,0,0,0,0,0
"	7664925987020308489",0720-引流-魏怡-7.mp4,https://video-cn.oceanengine.com/588ac1eda87bb65504da854edff4e77d/6a7545de/tos-cn-ve-51/okAAAB2e6NqRRBgXKl119glfCXpN2HagTwmD8l?a=1402&ch=0&cr=0&dr=3&cd=0%7C0%7C0%7C0&br=1379&bt=1379&cs=0&ds=3&ft=J9ThAGkHH_Myq8ZEfej_e2NvjTQ&mime_type=video_mp4&qs=0&rc=NXZpTGRTaFBnKWxncmd5aHFsc3IxZGZoNTxpOmU2PGk2MzRmNzg1QGlqdzlwNW86c288MzM0NjMzQFNsa3ZpcUQ6amtqXmJmK2BeaWpgYTojLy0uLTUtMTVeMWBhYS4xX2Eja3JfZWFhXjBjYS0tZDAvc3M%3D&btag=40000e00018000&dy_q=1785897660&feature_id=d6a18d7c5414b1f1e95a75faf9147845&l=20260805104058DE0027CE0FF59575C272&ply_type=3&policy=eyJ2bSI6MywidWlkIjoiMzEyOTY1MDYwMzg4ODE4NSJ9,已使用,审核通过,--,4,--,0.13,0,0,0,0,0,0,0,0,0,0,0,0,0,0
"	7662605347073458226",0715瑞晨引流-1.mp4,https://video-cn.oceanengine.com/296e520669ff288bb60c1f6169724df1/6a7545c9/tos-cn-ve-51/oUUIHuIQzdamtKWILnA8CEycCQC7TNkN5AX4l?a=1402&ch=0&cr=0&dr=3&cd=0%7C0%7C0%7C0&cv=1&br=1776&bt=1776&cs=0&ds=3&ft=J9ThAGkHH_Myq8ZEfej_e2NvjTQ&mime_type=video_mp4&qs=0&rc=NXZpTGRTaFBnKWxncmd5aHFsc3IxZGY8PGQ7NGZmaGQ6ZzM8PDc4QGlqZHJ5OW86NWo8MzM0NjMzQFNsa3ZpcUQ6amtqXmJmK2BeaWpgYTojNC1gM2MzXjYtMTViYy5jX2EjZ2QyM2FhZmpfYS0tZDBhc3M%3D&btag=40000e00008000&dy_q=1785897660&feature_id=d6a18d7c5414b1f1e95a75faf9147845&l=20260805104058DE0027CE0FF59575C272&ply_type=3&policy=eyJ2bSI6MywidWlkIjoiMzEyOTY1MDYwMzg4ODE4NSJ9,已使用,审核通过,首发,21,--,34.14,1605,97,6.04,0.35,21.27,1,34.14,1.03,0,0,0,0,0,0
"	7662989766527631387",0714瑞晨引流修改-7.mp4,https://video-cn.oceanengine.com/5db10431114b4ef7740e27aa6f8b2335/6a7545c5/tos-cn-ve-51/owEgA6r0oAQWnQnzauhWltWYaQdIuNCI2Zacx?a=1402&ch=0&cr=0&dr=3&cd=0%7C0%7C0%7C0&cv=1&br=2256&bt=2256&cs=0&ds=3&ft=J9ThAGkHH_Myq8ZEfej_e2NvjTQ&mime_type=video_mp4&qs=0&rc=NXZpTGRTaFBnKWxncmd5aHFsc3IxZGZmZGRpNDQ0Zmg2Ozo0Ozk8QGkzcDU6Om86aDk8MzM0NjMzQFNsa3ZpcUQ6amtqXmJmK2BeaWpgYTojNmEtLTU0YV82MS8xMy9jMmEjcXEvX2FhbmVgYS0tZDAvc3M%3D&btag=40000e00008000&dy_q=1785897660&feature_id=d6a18d7c5414b1f1e95a75faf9147845&l=20260805104058DE0027CE0FF59575C272&ply_type=3&policy=eyJ2bSI6MywidWlkIjoiMzEyOTY1MDYwMzg4ODE4NSJ9,已使用,审核通过,--,20,--,2.73,103,3,2.91,0.91,26.5,0,0,0,0,0,0,0,0,0
"	7667905164871614514",推送视频_0729-国星引流-学姐1.mp4,https://video-cn.oceanengine.com/ac8afaac0c613a5d28d8e53c6c16548f/6a7545c7/tos-cn-ve-51/oYdDNagzha3mABCznquoN1gD82QeRAf1ITvp31?a=1402&ch=0&cr=0&dr=3&cd=0%7C0%7C0%7C0&cv=1&br=1320&bt=1320&cs=0&ds=3&ft=J9ThAGkHH_Myq8ZEfej_e2NvjTQ&mime_type=video_mp4&qs=0&rc=NXZpTGRTaFBnKWxncmd5aHFsc3IxZGY5Ozc4ODtmM2Q3OjpkNjgzQGlqeTo3ZW86ZHc8MzM0NjMzQFNsa3ZpcUQ6amtqXmJmK2BeaWpgYTojNGFgMzMyY14tMV5hMWIzX2EjbW9vaGFhL3JoYS0tZDAvc3M%3D&btag=40000e00008000&dy_q=1785897660&feature_id=d6a18d7c5414b1f1e95a75faf9147845&l=20260805104058DE0027CE0FF59575C272&ply_type=3&policy=eyJ2bSI6MywidWlkIjoiMzEyOTY1MDYwMzg4ODE4NSJ9,已使用,审核通过,--,2,--,3.03,171,14,8.19,0.22,17.72,1,3.03,7.14,0,0,0,0,1,0
"	7662604342744006666",0714-瑞晨引导-13.mp4,https://video-cn.oceanengine.com/42216630018120ff769ae6f3ccf0439a/6a7545c6/tos-cn-ve-51/ooCVNQuI13fowBFyg2RMArgpearaEqADzccNUu?a=1402&ch=0&cr=0&dr=3&cd=0%7C0%7C0%7C0&br=1823&bt=1823&cs=0&ds=3&ft=J9ThAGkHH_Myq8ZEfej_e2NvjTQ&mime_type=video_mp4&qs=0&rc=NXZpTGRTaFBnKWxncmd5aHFsc3IxZGY6OTc6Z2VnNTdoNDVnNjllQGkzc3FnOm86ZWo8MzM0NjMzQFNsa3ZpcUQ6amtqXmJmK2BeaWpgYTojYGFeLjA0YV8uMWFjNS0wL2EjNHJpMmFhZmhfYS0tZDBhc3M%3D&btag=40000e00008000&dy_q=1785897660&feature_id=d6a18d7c5414b1f1e95a75faf9147845&l=20260805104058DE0027CE0FF59575C272&ply_type=3&policy=eyJ2bSI6MywidWlkIjoiMzEyOTY1MDYwMzg4ODE4NSJ9,已使用,审核通过,--,3,--,12.5,613,71,11.58,0.18,20.39,3,4.17,4.23,0,0,0,0,1,0
"	7664925207200579630",0720-瑞晨引流-9.mp4,https://video-cn.oceanengine.com/9d778be6b7aed939311c3cec702437e5/6a7545cb/tos-cn-ve-51/ooFKAoJeTYAXoMJifUslEtSA1ZMAUJefiO4deg?a=1402&ch=0&cr=0&dr=3&cd=0%7C0%7C0%7C0&cv=1&br=643&bt=643&cs=0&ds=3&ft=J9ThAGkHH_Myq8ZEfej_e2NvjTQ&mime_type=video_mp4&qs=0&rc=NXZpTGRTaFBnKWxncmd5aHFsc3IxZGZoaDk5Ozg3MztoOTVpaTVoQGlqNTp2bDlyPG88MzM0NjMzQFNsa3ZpcUQ6amtqXmJmK2BeaWpgYTojNi0vNTVeMzVjMTBeNTYvLmEjZDBgXzJkNC5jYS0tZDBhc3M%3D&btag=40000e00010000&dy_q=1785897660&feature_id=d6a18d7c5414b1f1e95a75faf9147845&l=20260805104058DE0027CE0FF59575C272&ply_type=3&policy=eyJ2bSI6MywidWlkIjoiMzEyOTY1MDYwMzg4ODE4NSJ9,已使用,审核通过,--,5,--,5.62,270,25,9.26,0.22,20.81,0,0,0,0,0,0,0,0,0
"	7667039015361314843",推送视频_0724-国星引流-存2.mp4-2户,https://video-cn.oceanengine.com/304814118059622dbf1f0f6fa430917f/6a7545d6/tos-cn-ve-51/oQlJIVQWaUUzMtgdD6kZ2AE5ntmQIwcPAJdhN?a=1402&ch=0&cr=0&dr=3&cd=0%7C0%7C0%7C0&cv=1&br=997&bt=997&cs=0&ds=3&ft=J9ThAGkHH_Myq8ZEfej_e2NvjTQ&mime_type=video_mp4&qs=0&rc=NXZpTGRTaFBnKWxncmd5aHFsc3IxZGZlOWhlZzdmOTo7ODhnN2g2QGlqczhyZ286dGw8MzM0NjMzQFNsa3ZpcUQ6amtqXmJmK2BeaWpgYTojMTFjMDMyLjU0MTUvMTNeLWEjZG8uZmFhXjZnYS0tZDAwc3M%3D&btag=40000e00010000&dy_q=1785897660&feature_id=d6a18d7c5414b1f1e95a75faf9147845&l=20260805104058DE0027CE0FF59575C272&ply_type=3&policy=eyJ2bSI6MywidWlkIjoiMzEyOTY1MDYwMzg4ODE4NSJ9,已使用,审核通过,--,2,--,15.56,726,38,5.23,0.41,21.43,1,15.56,2.63,0,0,0,0,0,0
"	7664925140669317166",0718瑞晨20-修改.mp4,https://video-cn.oceanengine.com/6a6b05d2f5a41e17b0ec3c521a3c47e5/6a7545c9/tos-cn-ve-51/oMha6GkA7ilgIMtQ1HDAlU6IahHmASBLfQAg7w?a=1402&ch=0&cr=0&dr=3&cd=0%7C0%7C0%7C0&cv=1&br=1818&bt=1818&cs=0&ds=3&ft=J9ThAGkHH_Myq8ZEfej_e2NvjTQ&mime_type=video_mp4&qs=0&rc=NXZpTGRTaFBnKWxncmd5aHFsc3IxZGY0ODNkaTszN2hoOzpnO2lnQGlqNGVxNm86PG88MzM0NjMzQFNsa3ZpcUQ6amtqXmJmK2BeaWpgYTojLzMwMTIvLzYzMV41MGEwMGEjcmRiamFhLy5jYS0tZDAvc3M%3D&btag=40000e00008000&dy_q=1785897660&feature_id=d6a18d7c5414b1f1e95a75faf9147845&l=20260805104058DE0027CE0FF59575C272&ply_type=3&policy=eyJ2bSI6MywidWlkIjoiMzEyOTY1MDYwMzg4ODE4NSJ9,已使用,审核通过,--,4,--,147.91,6659,864,12.97,0.17,22.21,9,16.43,1.04,0,0,0,0,0,0
"	7663102736046964772",0716-引导-小敏-修改.mp4,https://video-cn.oceanengine.com/a25fab642c9d08f6dcba424f233a68da/6a7545c4/tos-cn-ve-51/oQxq0aBNC1qdWrD9SgkfAFzfIRExBdA2awEdME?a=1402&ch=0&cr=0&dr=3&cd=0%7C0%7C0%7C0&cv=1&br=292&bt=292&cs=0&ds=1&eid=29440&ft=J9ThAGkHH_Myq8ZEfej_e2NvjTQ&mime_type=video_mp4&qs=0&rc=NXZpTGRTaFBnKWxncmd5aHFsc3IxZGZnOzozMzZoNTQ2Z2g3NmZoQGkzN3E6Z286dmY8MzM0NjMzQFNsa3ZpcUQ6amtqXmJmK2BeaWpgYTojX2I1NV8yYTZhMV42YF5gNWEjaXJyLWFhXnJgYS0tZDAvc3M%3D&btag=40000e00008000&dy_q=1785897660&feature_id=59cb2766d89ae6284516c6a254e9fb61&l=20260805104058DE0027CE0FF59575C272&ply_type=3&policy=eyJ2bSI6MywidWlkIjoiMzEyOTY1MDYwMzg4ODE4NSJ9,已使用,审核通过,首发,13,--,12.91,658,65,9.88,0.2,19.62,0,0,0,0,0,0,0,0,0
"	7662989656637423654",0715瑞晨引流修改-4.mp4,https://video-cn.oceanengine.com/daef8f62b1a3d09fb71826eb3c89e09d/6a7545c5/tos-cn-ve-51/owalYIVHaS1ChhTPCUBAQd2TzuyoW0AItQodE?a=1402&ch=0&cr=0&dr=3&cd=0%7C0%7C0%7C0&cv=1&br=2001&bt=2001&cs=0&ds=3&ft=J9ThAGkHH_Myq8ZEfej_e2NvjTQ&mime_type=video_mp4&qs=0&rc=NXZpTGRTaFBnKWxncmd5aHFsc3IxZGY1Njo6NTk0OTg4NjxmOjQ5QGkzbzkzO286aDk8MzM0NjMzQFNsa3ZpcUQ6amtqXmJmK2BeaWpgYTojM2MuNTIvMTUyMTRiLjQvMmEjNjBkbWFhbmVgYS0tZDBhc3M%3D&btag=40000e00008000&dy_q=1785897660&feature_id=d6a18d7c5414b1f1e95a75faf9147845&l=20260805104058DE0027CE0FF59575C272&ply_type=3&policy=eyJ2bSI6MywidWlkIjoiMzEyOTY1MDYwMzg4ODE4NSJ9,未使用,审核通过,--,7,--,0,1,0,0,0,0,0,0,0,0,0,0,0,0,0
"	7662705450031562779",0715-引导-小敏-7.mp4,https://video-cn.oceanengine.com/b82d4bf2aa63ae34846378a48b6cb5fe/6a7545c7/tos-cn-ve-51/oMd1UZPldMZzthIGmIAgalJ0QiREOIAgXDWuU?a=1402&ch=0&cr=0&dr=3&cd=0%7C0%7C0%7C0&cv=1&br=523&bt=523&cs=0&ds=3&ft=J9ThAGkHH_Myq8ZEfej_e2NvjTQ&mime_type=video_mp4&qs=0&rc=NXZpTGRTaFBnKWxncmd5aHFsc3IxZGZoOzM0Omk4Z2U5NzY1NzQ6QGlqa3g4aG86NnA8MzM0NjMzQFNsa3ZpcUQ6amtqXmJmK2BeaWpgYTojYmEzL2JfYDZgMTJhYDQ1X2EjMV4uMWFhXmBfYS0tZDAvc3M%3D&btag=40000e00008000&dy_q=1785897660&feature_id=d6a18d7c5414b1f1e95a75faf9147845&l=20260805104058DE0027CE0FF59575C272&ply_type=3&policy=eyJ2bSI6MywidWlkIjoiMzEyOTY1MDYwMzg4ODE4NSJ9,已使用,审核通过,首发,9,--,5.29,222,5,2.25,1.06,23.83,0,0,0,0,0,0,0,0,0
"	7662638633062187046",0714-引流-魏怡-5.mp4,https://video-cn.oceanengine.com/475d3595383e8bdd74c05bf0bd824417/6a7545e0/tos-cn-ve-51/o4Ous3QI7qaAKm4t5eAKi1USIGlgmBgsQhuYIq?a=1402&ch=0&cr=0&dr=3&cd=0%7C0%7C0%7C0&cv=1&br=753&bt=753&cs=0&ds=3&ft=J9ThAGkHH_Myq8ZEfej_e2NvjTQ&mime_type=video_mp4&qs=0&rc=NXZpTGRTaFBnKWxncmd5aHFsc3IxZGY2ZDozOGZpZGY1aWVnPDc1QGkzZmk8N286b2w8MzM0NjMzQFNsa3ZpcUQ6amtqXmJmK2BeaWpgYTojYS5fYjFhYV8yMS81MWEtNGEjX15fNmFhL2ZfYS0tZDBhc3M%3D&btag=40000e00018000&dy_q=1785897660&feature_id=d6a18d7c5414b1f1e95a75faf9147845&l=20260805104058DE0027CE0FF59575C272&ply_type=3&policy=eyJ2bSI6MywidWlkIjoiMzEyOTY1MDYwMzg4ODE4NSJ9,已使用,审核通过,--,17,--,22.14,684,27,3.95,0.82,32.37,3,7.38,11.11,0,0,0,0,0,0
"	7664925213059399690",0718瑞晨21-修改.mp4,https://video-cn.oceanengine.com/a953bfd8615a5b8b35951c593dac028d/6a7545c6/tos-cn-ve-51/owaDi1aXug1fkwAACkzgR52CqeRPNSZACHX1oB?a=1402&ch=0&cr=0&dr=3&cd=0%7C0%7C0%7C0&cv=1&br=1534&bt=1534&cs=0&ds=3&ft=J9ThAGkHH_Myq8ZEfej_e2NvjTQ&mime_type=video_mp4&qs=0&rc=NXZpTGRTaFBnKWxncmd5aHFsc3IxZGZpOmc4NTlmNTs0NGc4NjZlQGlqZXNlZm86PG88MzM0NjMzQFNsa3ZpcUQ6amtqXmJmK2BeaWpgYTojMjE2YF81YjZgMTJiMi41XmEjaGVmLWFhLy5jYS0tZDAvc3M%3D&btag=40000e00008000&dy_q=1785897660&feature_id=d6a18d7c5414b1f1e95a75faf9147845&l=20260805104058DE0027CE0FF59575C272&ply_type=3&policy=eyJ2bSI6MywidWlkIjoiMzEyOTY1MDYwMzg4ODE4NSJ9,已使用,审核通过,首发,9,--,20.68,1025,83,8.1,0.25,20.18,0,0,0,0,0,0,0,0,0
"	7663055144947695643",0714-引导-雅迪-1-改.mp4,https://video-cn.oceanengine.com/1bdec43f880ee5d2f03191cbbbfaa1ec/6a7545dd/tos-cn-ve-51/ooxBPG8BmImANhfIQaQg3ma15QOt7gZFAQVISL?a=1402&ch=0&cr=0&dr=3&cd=0%7C0%7C0%7C0&cv=1&br=841&bt=841&cs=0&ds=3&ft=J9ThAGkHH_Myq8ZEfej_e2NvjTQ&mime_type=video_mp4&qs=0&rc=NXZpTGRTaFBnKWxncmd5aHFsc3IxZGY4PDhkNjZoO2UzOzU8ZGY5QGlqOmZwO286ZmQ8MzM0NjMzQFNsa3ZpcUQ6amtqXmJmK2BeaWpgYTojNDAxNTUzNV41MS8zYTAyL2EjZy5yNmFhZjVgYS0tZDAwc3M%3D&btag=40000e00018000&dy_q=1785897660&feature_id=d6a18d7c5414b1f1e95a75faf9147845&l=20260805104058DE0027CE0FF59575C272&ply_type=3&policy=eyJ2bSI6MywidWlkIjoiMzEyOTY1MDYwMzg4ODE4NSJ9,已使用,审核通过,首发,11,--,21.09,1484,87,5.86,0.24,14.21,1,21.09,1.15,0,0,0,0,0,0
"	7664925385851191305",0720-浩正引导-6.mp4,https://video-cn.oceanengine.com/835132fff6699a6e8f6a5fdda5f3188e/6a7545d0/tos-cn-ve-51/oQa7aU3YQudBhTLA1fxaIgymi4Atgh6QE0P1IT?a=1402&ch=0&cr=0&dr=3&cd=0%7C0%7C0%7C0&cv=1&br=907&bt=907&cs=0&ds=3&ft=J9ThAGkHH_Myq8ZEfej_e2NvjTQ&mime_type=video_mp4&qs=0&rc=NXZpTGRTaFBnKWxncmd5aHFsc3IxZGZnNzc0O2dpNjtlNWk0aTRlQGlqdG9saG86dm88MzM0NjMzQFNsa3ZpcUQ6amtqXmJmK2BeaWpgYTojXzMvYWNjYl8wMS02M2IwX2EjcGthb2FhLy9jYS0tZDAwc3M%3D&btag=40000e00010000&dy_q=1785897660&feature_id=d6a18d7c5414b1f1e95a75faf9147845&l=20260805104058DE0027CE0FF59575C272&ply_type=3&policy=eyJ2bSI6MywidWlkIjoiMzEyOTY1MDYwMzg4ODE4NSJ9,已使用,审核通过,--,4,--,30.63,2181,123,5.64,0.25,14.04,0,0,0,0,0,0,0,0,0
"	7663055258714243123",0716-引流-魏怡-6.mp4,https://video-cn.oceanengine.com/2aca344bb630b654306949d902763516/6a7545ca/tos-cn-ve-51/oIAuId71glIZAptgkQnaYwzQhNliZO8wCEWUF?a=1402&ch=0&cr=0&dr=3&cd=0%7C0%7C0%7C0&cv=1&br=1418&bt=1418&cs=0&ds=3&ft=J9ThAGkHH_Myq8ZEfej_e2NvjTQ&mime_type=video_mp4&qs=0&rc=NXZpTGRTaFBnKWxncmd5aHFsc3IxZGZkM2dpNTc0NzxpM2ZlNzNkQGkzajloaG86aGQ8MzM0NjMzQFNsa3ZpcUQ6amtqXmJmK2BeaWpgYTojNTQxMDNhYF9fMS0uX2FfNmEjci5vbGFhXjVgYS0tZDAvc3M%3D&btag=40000e00010000&dy_q=1785897660&feature_id=d6a18d7c5414b1f1e95a75faf9147845&l=20260805104058DE0027CE0FF59575C272&ply_type=3&policy=eyJ2bSI6MywidWlkIjoiMzEyOTY1MDYwMzg4ODE4NSJ9,已使用,审核通过,首发,9,--,19,1240,63,5.08,0.3,15.32,1,19,1.59,0,0,0,0,0,0
"	7662705291852939314",0715-引流-魏怡-9.mp4,https://video-cn.oceanengine.com/97818ed7c5b6debc32e3bd83bab38f45/6a7545d4/tos-cn-ve-51/oEILElztnXjlGAjI4aBEdzg4J1EBQm4WA7ZdQ?a=1402&ch=0&cr=0&dr=3&cd=0%7C0%7C0%7C0&br=1521&bt=1521&cs=0&ds=3&ft=J9ThAGkHH_Myq8ZEfej_e2NvjTQ&mime_type=video_mp4&qs=0&rc=NXZpTGRTaFBnKWxncmd5aHFsc3IxZGY0ZmVlPGY2ZWg1ZWk1ODg4QGlqOXFmNm86NHA8MzM0NjMzQFNsa3ZpcUQ6amtqXmJmK2BeaWpgYTojYS9hMGEzNTUvMS4vYTFgNmEjMmpycGFhL2BfYS0tZDAvc3M%3D&btag=40000e00010000&dy_q=1785897660&feature_id=d6a18d7c5414b1f1e95a75faf9147845&l=20260805104058DE0027CE0FF59575C272&ply_type=3&policy=eyJ2bSI6MywidWlkIjoiMzEyOTY1MDYwMzg4ODE4NSJ9,未使用,审核通过,--,2,--,16.46,1355,94,6.94,0.18,12.15,0,0,0,0,0,0,0,0,0
"	7664925362551570441",0720-引导-嘉丽-3.mp4,https://video-cn.oceanengine.com/0e2962b12d3b8f1c47d6a1ddee75fcc0/6a7545c3/tos-cn-ve-51/oktiYCB1LAHtgv1g7G56qmUAhtfIIcI3BsKQQa?a=1402&ch=0&cr=0&dr=3&cd=0%7C0%7C0%7C0&cv=1&br=1467&bt=1467&cs=0&ds=3&ft=J9ThAGkHH_Myq8ZEfej_e2NvjTQ&mime_type=video_mp4&qs=0&rc=NXZpTGRTaFBnKWxncmd5aHFsc3IxZGY8aGg4Zzs2aDM1Zjk7O2U6QGlqcWs6Nm86dG88MzM0NjMzQFNsa3ZpcUQ6amtqXmJmK2BeaWpgYTojMmFhMTRiNTYuMTZeMi8uNWEjZmExX2FhZi9jYS0tZDAwc3M%3D&btag=40000e00008000&dy_q=1785897660&feature_id=d6a18d7c5414b1f1e95a75faf9147845&l=20260805104058DE0027CE0FF59575C272&ply_type=3&policy=eyJ2bSI6MywidWlkIjoiMzEyOTY1MDYwMzg4ODE4NSJ9,已使用,审核通过,首发,8,--,13.32,748,66,8.82,0.2,17.81,1,13.32,1.52,0,0,0,0,0,0
"	7661187009408008233",微信视频_20260711163659.mp4,https://video-cn.oceanengine.com/49fb224ee1ef14f7fd9c6b1ebff9b9fe/6a7545e1/tos-cn-ve-51/o8AIVJEAIali9I9dA3EzaVdQtXIgvEwQWmUgJ?a=1402&ch=0&cr=0&dr=3&cd=0%7C0%7C0%7C0&cv=1&br=908&bt=908&cs=0&ds=3&ft=J9ThAGkHH_Myq8ZEfej_e2NvjTQ&mime_type=video_mp4&qs=0&rc=NXZpTGRTaFBnKWxncmd5aHFsc3IxZGY2ODM6aGg0NTw3Nmg4OTYzQGkzajt1NW86OXk8MzM0NjMzQFNsa3ZpcUQ6amtqXmJmK2BeaWpgYTojNV4uYjA0Ml4xMTA2YTUwMWEjL2VvMWFhXmNeYS0tZDAvc3M%3D&btag=40000e00018000&dy_q=1785897660&feature_id=d6a18d7c5414b1f1e95a75faf9147845&l=20260805104058DE0027CE0FF59575C272&ply_type=3&policy=eyJ2bSI6MywidWlkIjoiMzEyOTY1MDYwMzg4ODE4NSJ9,已使用,审核通过,优质,26,--,270.78,12001,244,2.03,1.11,22.56,13,20.83,5.33,0,0,0,0,1,0
"	7664925184852197385",0720-瑞晨引流-2.mp4,https://video-cn.oceanengine.com/865480ce9c995c6ba37e36f215d5b545/6a7545cb/tos-cn-ve-51/o8aYfLIhgJT61tCBDEBAAShE7LIAUQZQmLCzuz?a=1402&ch=0&cr=0&dr=3&cd=0%7C0%7C0%7C0&cv=1&br=720&bt=720&cs=0&ds=3&ft=J9ThAGkHH_Myq8ZEfej_e2NvjTQ&mime_type=video_mp4&qs=0&rc=NXZpTGRTaFBnKWxncmd5aHFsc3IxZGZlO2Y7ZTo1Njw0ZmU8aDhmQGkzPGw2M286PG88MzM0NjMzQFNsa3ZpcUQ6amtqXmJmK2BeaWpgYTojNS40YzNiNjYyMWM2M2IuNmEjZV8xamFhLy5jYS0tZDAvc3M%3D&btag=40000e00010000&dy_q=1785897660&feature_id=d6a18d7c5414b1f1e95a75faf9147845&l=20260805104058DE0027CE0FF59575C272&ply_type=3&policy=eyJ2bSI6MywidWlkIjoiMzEyOTY1MDYwMzg4ODE4NSJ9,已使用,审核通过,--,5,--,31.71,1478,26,1.76,1.22,21.45,2,15.86,7.69,0,0,0,0,1,0
"	7663055225868468274",0714-引导-雅迪-2-改.mp4,https://video-cn.oceanengine.com/4c3e8ea1f54dd8be6f35ffb1d5757250/6a7545cf/tos-cn-ve-51/oMS0Q4tVQYIAgBqnBEkAFjMkllopIAqWzdai1?a=1402&ch=0&cr=0&dr=3&cd=0%7C0%7C0%7C0&br=680&bt=680&cs=0&ds=3&ft=J9ThAGkHH_Myq8ZEfej_e2NvjTQ&mime_type=video_mp4&qs=0&rc=NXZpTGRTaFBnKWxncmd5aHFsc3IxZGY5aTtoZTNoZTxkPGQ2PDo8QGlqb2Q8ZG86ZmQ8MzM0NjMzQFNsa3ZpcUQ6amtqXmJmK2BeaWpgYTojM2A2NWNhL14yMV9eMzJgYWEjZWhebmFhZjVgYS0tZDAvc3M%3D&btag=40000e00010000&dy_q=1785897660&feature_id=d6a18d7c5414b1f1e95a75faf9147845&l=20260805104058DE0027CE0FF59575C272&ply_type=3&policy=eyJ2bSI6MywidWlkIjoiMzEyOTY1MDYwMzg4ODE4NSJ9,已使用,审核通过,首发,9,--,6.64,373,21,5.63,0.32,17.8,0,0,0,0,0,0,0,0,0
"	7664925453538852910",0720-瑞晨引流-4.mp4,https://video-cn.oceanengine.com/c7111d527f1ff1dbbdfee2d26df9439b/6a7545cb/tos-cn-ve-51/okImhh1A602uxS4faAQodLtyXCgABQIY7UBMsL?a=1402&ch=0&cr=0&dr=3&cd=0%7C0%7C0%7C0&br=566&bt=566&cs=0&ds=3&ft=J9ThAGkHH_Myq8ZEfej_e2NvjTQ&mime_type=video_mp4&qs=0&rc=NXZpTGRTaFBnKWxncmd5aHFsc3IxZGY0Nzk1aDQ3Z2Q2Omg6ODs5QGkzaDZvZm86PG88MzM0NjMzQFNsa3ZpcUQ6amtqXmJmK2BeaWpgYTojYDYyMDY2MzZfMV9fMTM0Y2EjcjVkX2FhLy5jYS0tZDAvc3M%3D&btag=40000e00010000&dy_q=1785897660&feature_id=d6a18d7c5414b1f1e95a75faf9147845&l=20260805104058DE0027CE0FF59575C272&ply_type=3&policy=eyJ2bSI6MywidWlkIjoiMzEyOTY1MDYwMzg4ODE4NSJ9,已使用,审核通过,--,6,--,3.12,255,23,9.02,0.14,12.24,0,0,0,0,0,0,0,0,0
"	7662604446477156362",0714-瑞晨引导-11.mp4,https://video-cn.oceanengine.com/c531c3a2851ce09a429d0aebc1427920/6a7545c6/tos-cn-ve-51/oE1ouMRogd5wqaDDGxfBAuNI2VIAFQIgNTq8Qf?a=1402&ch=0&cr=0&dr=3&cd=0%7C0%7C0%7C0&cv=1&br=1551&bt=1551&cs=0&ds=3&ft=J9ThAGkHH_Myq8ZEfej_e2NvjTQ&mime_type=video_mp4&qs=0&rc=NXZpTGRTaFBnKWxncmd5aHFsc3IxZGY8ZjY3NTM6OmgzNmVoPDRmQGkzdnQ0aW86ZWo8MzM0NjMzQFNsa3ZpcUQ6amtqXmJmK2BeaWpgYTojXi8uXzEzYDU0MTJhNGMtYWEjZmcubmFhZmhfYS0tZDBhc3M%3D&btag=40000e00008000&dy_q=1785897660&feature_id=d6a18d7c5414b1f1e95a75faf9147845&l=20260805104058DE0027CE0FF59575C272&ply_type=3&policy=eyJ2bSI6MywidWlkIjoiMzEyOTY1MDYwMzg4ODE4NSJ9,已使用,审核通过,首发,16,--,10.96,530,53,10,0.21,20.68,0,0,0,0,0,0,0,0,0
"	7662602421135540270",0714-引导-嘉丽-2.mp4,https://video-cn.oceanengine.com/575107318d1407cb1b4b9f68162eb2d3/6a7545c7/tos-cn-ve-51/ocIUI6tTL7hxtxmXgQaAEQKPmf1QCA5BB476IZ?a=1402&ch=0&cr=0&dr=3&cd=0%7C0%7C0%7C0&cv=1&br=852&bt=852&cs=0&ds=3&ft=J9ThAGkHH_Myq8ZEfej_e2NvjTQ&mime_type=video_mp4&qs=0&rc=NXZpTGRTaFBnKWxncmd5aHFsc3IxZGY2M2k8NTs1ZGc7ODdmZTk0QGkzazx4Om86cmo8MzM0NjMzQFNsa3ZpcUQ6amtqXmJmK2BeaWpgYTojNTI0NGAzMzU2MTUwYWI1NWEjcTZzc2FhZmRfYS0tZDAwc3M%3D&btag=40000e00008000&dy_q=1785897660&feature_id=d6a18d7c5414b1f1e95a75faf9147845&l=20260805104058DE0027CE0FF59575C272&ply_type=3&policy=eyJ2bSI6MywidWlkIjoiMzEyOTY1MDYwMzg4ODE4NSJ9,已使用,审核通过,首发,15,--,28.98,1286,213,16.56,0.14,22.53,2,14.49,0.94,0,0,0,0,0,0
"	7667905178185842697",推送视频_0729-国星引流-图文3.mp4,https://video-cn.oceanengine.com/4ed7d1c9dc4e210e85c2e8072c4d5585/6a7545c6/tos-cn-ve-51/okUT7qrageINAIe0qCElLxtpDzApCdI3BKQOaS?a=1402&ch=0&cr=0&dr=3&cd=0%7C0%7C0%7C0&cv=1&br=1719&bt=1719&cs=0&ds=3&ft=J9ThAGkHH_Myq8ZEfej_e2NvjTQ&mime_type=video_mp4&qs=0&rc=NXZpTGRTaFBnKWxncmd5aHFsc3IxZGY0NTllaThoM2doMztoOjM6QGkzZHVrN286ZHc8MzM0NjMzQFNsa3ZpcUQ6amtqXmJmK2BeaWpgYTojYTIzLi0uNF5jMWFjXi01MGEjNDNjXmFhL3JoYS0tZDAvc3M%3D&btag=40000e00008000&dy_q=1785897660&feature_id=d6a18d7c5414b1f1e95a75faf9147845&l=20260805104058DE0027CE0FF59575C272&ply_type=3&policy=eyJ2bSI6MywidWlkIjoiMzEyOTY1MDYwMzg4ODE4NSJ9,已使用,审核通过,首发,3,--,29.82,1447,126,8.71,0.24,20.61,4,7.46,3.17,0,0,0,0,0,0
"	7668207569530945586",推送视频_0728浩正瑞晨引流-6.mp4,https://video-cn.oceanengine.com/ce62e21484817f27f331632efd7b9ee6/6a7545ce/tos-cn-ve-51/o8zANEInRYtyrvaTGDQ0AIaA8oqzDQQdmZWmE?a=1402&ch=0&cr=0&dr=3&cd=0%7C0%7C0%7C0&br=1652&bt=1652&cs=0&ds=3&ft=J9ThAGkHH_Myq8ZEfej_e2NvjTQ&mime_type=video_mp4&qs=0&rc=NXZpTGRTaFBnKWxncmd5aHFsc3IxZGY2NjtmZmc5aTk8OzgzN2k2QGkzczY5Om86a2k8MzM0NjMzQFNsa3ZpcUQ6amtqXmJmK2BeaWpgYTojXjYuXmM0Xl4tMTViMzYvNmEjLTMvYWFhLzFpYS0tZDBhc3M%3D&btag=40000e00010000&dy_q=1785897660&feature_id=d6a18d7c5414b1f1e95a75faf9147845&l=20260805104058DE0027CE0FF59575C272&ply_type=3&policy=eyJ2bSI6MywidWlkIjoiMzEyOTY1MDYwMzg4ODE4NSJ9,已使用,审核通过,首发,2,--,2.66,149,5,3.36,0.53,17.85,0,0,0,0,0,0,0,0,0
"	7664925370136707098",0720-浩正引导-2.mp4,https://video-cn.oceanengine.com/54fc64bc6552eda776ce3fee136e14b4/6a7545e5/tos-cn-ve-51/o4uiQhWQ4aAaU3NDU6tMAm1gyBdQAAlLIPIwf7?a=1402&ch=0&cr=0&dr=3&cd=0%7C0%7C0%7C0&cv=1&br=1330&bt=1330&cs=0&ds=3&ft=J9ThAGkHH_Myq8ZEfej_e2NvjTQ&mime_type=video_mp4&qs=0&rc=NXZpTGRTaFBnKWxncmd5aHFsc3IxZGY0PDZkZjNpaDg4aTpnNThlQGlqM3g5OW86dm88MzM0NjMzQFNsa3ZpcUQ6amtqXmJmK2BeaWpgYTojXy80MmI1NjY1MWI0NS82MWEjMnFwMWFhLy9jYS0tZDAvc3M%3D&btag=40000e00018000&dy_q=1785897660&feature_id=d6a18d7c5414b1f1e95a75faf9147845&l=20260805104058DE0027CE0FF59575C272&ply_type=3&policy=eyJ2bSI6MywidWlkIjoiMzEyOTY1MDYwMzg4ODE4NSJ9,已使用,审核通过,首发,4,--,3.17,295,14,4.75,0.23,10.75,0,0,0,0,0,0,0,0,0
"	7663055203151855666",0716-引导-小敏-2.mp4,https://video-cn.oceanengine.com/2cd947673979f2aadcd2a0342f4a77c6/6a7545c5/tos-cn-ve-51/o0rvEILd5dIGpCYQAiaNEsGkxlzOAWBIoKwtA?a=1402&ch=0&cr=0&dr=3&cd=0%7C0%7C0%7C0&cv=1&br=822&bt=822&cs=0&ds=3&ft=J9ThAGkHH_Myq8ZEfej_e2NvjTQ&mime_type=video_mp4&qs=0&rc=NXZpTGRTaFBnKWxncmd5aHFsc3IxZGZlaGhkaTppNGZnaDk7ZzVmQGlqOWRsZm86ZWQ8MzM0NjMzQFNsa3ZpcUQ6amtqXmJmK2BeaWpgYTojNGMuYDE1L19fMTAtMDVfNWEjaWQuLWFhLzVgYS0tZDAwc3M%3D&btag=40000e00008000&dy_q=1785897660&feature_id=d6a18d7c5414b1f1e95a75faf9147845&l=20260805104058DE0027CE0FF59575C272&ply_type=3&policy=eyJ2bSI6MywidWlkIjoiMzEyOTY1MDYwMzg4ODE4NSJ9,未使用,审核通过,--,7,--,0.57,53,0,0,0,10.75,0,0,0,0,0,0,0,0,0
"	7662604298522837042",0714-瑞晨引导-1.mp4,https://video-cn.oceanengine.com/c7fe1ccddba47d2b17a1663b2aa63be3/6a7545cb/tos-cn-ve-51/oYNBoaA9KeuRhjVUUqbKAmCxGqIDEweJ1wRb2g?a=1402&ch=0&cr=0&dr=3&cd=0%7C0%7C0%7C0&br=346&bt=346&cs=0&ds=1&eid=29440&ft=J9ThAGkHH_Myq8ZEfej_e2NvjTQ&mime_type=video_mp4&qs=0&rc=NXZpTGRTaFBnKWxncmd5aHFsc3IxZGY0O2gzZTszZDpkZTQ6NzQ0QGkzdW1tO286ZWo8MzM0NjMzQFNsa3ZpcUQ6amtqXmJmK2BeaWpgYTojLi4xLzRgNTYyMS00Ni5iMWEjZ3BsbmFhZmhfYS0tZDAvc3M%3D&btag=40000e00010000&dy_q=1785897660&feature_id=59cb2766d89ae6284516c6a254e9fb61&l=20260805104058DE0027CE0FF59575C272&ply_type=3&policy=eyJ2bSI6MywidWlkIjoiMzEyOTY1MDYwMzg4ODE4NSJ9,已使用,审核通过,--,3,--,8.8,388,38,9.79,0.23,22.68,0,0,0,0,0,0,0,0,0
"	7664925157362647090",0720-瑞晨引流-10.mp4,https://video-cn.oceanengine.com/4a276322ecdde7f5cc933f4d114eb51d/6a7545cb/tos-cn-ve-51/o0LB0I6fEQyma1EIggM7ASAhUALtQO2z1IhpRK?a=1402&ch=0&cr=0&dr=3&cd=0%7C0%7C0%7C0&cv=1&br=1099&bt=1099&cs=0&ds=3&ft=J9ThAGkHH_Myq8ZEfej_e2NvjTQ&mime_type=video_mp4&qs=0&rc=NXZpTGRTaFBnKWxncmd5aHFsc3IxZGZkNTpnOzNkZDY2aTRpZDw0QGkzNzNoOW86PG88MzM0NjMzQFNsa3ZpcUQ6amtqXmJmK2BeaWpgYTojNjMuMTUzX14xMTVgL2BhMWEjYTFiXmFhLy5jYS0tZDAvc3M%3D&btag=40000e00010000&dy_q=1785897660&feature_id=d6a18d7c5414b1f1e95a75faf9147845&l=20260805104058DE0027CE0FF59575C272&ply_type=3&policy=eyJ2bSI6MywidWlkIjoiMzEyOTY1MDYwMzg4ODE4NSJ9,已使用,审核通过,--,6,--,1.14,95,4,4.21,0.29,12,0,0,0,0,0,0,0,0,0
"	7663102826089185323",0714-魏怡引流-2-修改.mp4,https://video-cn.oceanengine.com/4c1f13f4aad014c97bfe717de4bbbf88/6a7545d3/tos-cn-ve-51/ooPzldYUWjNIRJlENQg2NQNEA5atAch3XI4dQ?a=1402&ch=0&cr=0&dr=3&cd=0%7C0%7C0%7C0&br=1478&bt=1478&cs=0&ds=4&ft=J9ThAGkHH_Myq8ZEfej_e2NvjTQ&mime_type=video_mp4&qs=0&rc=NXZpTGRTaFBnKWxncmd5aHFsc3IxZGY0PGk1Ojc4aTY6aDRlaTQ5QGkzZ3NtNG86d2Y8MzM0NjMzQFNsa3ZpcUQ6amtqXmJmK2BeaWpgYTojLy9eM2EvYV4wMTI2XzUtLWEjYmJiM2FhXnJgYS0tZDAvc3M%3D&btag=40000e00010000&dy_q=1785897660&feature_id=d6a18d7c5414b1f1e95a75faf9147845&l=20260805104058DE0027CE0FF59575C272&ply_type=3&policy=eyJ2bSI6MywidWlkIjoiMzEyOTY1MDYwMzg4ODE4NSJ9,未使用,审核通过,--,4,--,0.17,8,0,0,0,21.25,0,0,0,0,0,0,0,0,0
"	7664925275834957834",0720-引导-嘉丽-1.mp4,https://video-cn.oceanengine.com/418b5118bbb6360bdcace43191888a4c/6a7545d1/tos-cn-ve-51/owygiZaOtGR1LUfR9moyAAsBsdkQIhgIQ16Vh7?a=1402&ch=0&cr=0&dr=3&cd=0%7C0%7C0%7C0&br=1300&bt=1300&cs=0&ds=3&ft=J9ThAGkHH_Myq8ZEfej_e2NvjTQ&mime_type=video_mp4&qs=0&rc=NXZpTGRTaFBnKWxncmd5aHFsc3IxZGY6N2Y3Z2dpOmZlZjg0OmRlQGlqOzw1aG86dG88MzM0NjMzQFNsa3ZpcUQ6amtqXmJmK2BeaWpgYTojXy81NmEwNTYuMTFfYDA2YGEjcGBqb2FhZi9jYS0tZDAwc3M%3D&btag=40000e00010000&dy_q=1785897660&feature_id=d6a18d7c5414b1f1e95a75faf9147845&l=20260805104058DE0027CE0FF59575C272&ply_type=3&policy=eyJ2bSI6MywidWlkIjoiMzEyOTY1MDYwMzg4ODE4NSJ9,已使用,审核通过,--,3,--,8.21,219,8,3.65,1.03,37.49,0,0,0,0,0,0,0,0,0
"	7662213071909732378",0713-引导-小敏-1.mp4,https://video-cn.oceanengine.com/57942bce79a8be24afbac0e10252ce57/6a7545cb/tos-cn-ve-51/oQnQDEBTg51AhWEagwioAiMBmgVB4QSmKIfdia?a=1402&ch=0&cr=0&dr=3&cd=0%7C0%7C0%7C0&cv=1&br=874&bt=874&cs=0&ds=3&ft=J9ThAGkHH_Myq8ZEfej_e2NvjTQ&mime_type=video_mp4&qs=0&rc=NXZpTGRTaFBnKWxncmd5aHFsc3IxZGY7Zjs2OzQ3ZjQ1NTVlO2c5QGlqdGQ7czlyPDk8MzM0NjMzQFNsa3ZpcUQ6amtqXmJmK2BeaWpgYTojYjQ2X2JhY180MS4wNTA1NmEjZDEucDJkc2ZkYS0tZDBhc3M%3D&btag=40000e00010000&dy_q=1785897660&feature_id=d6a18d7c5414b1f1e95a75faf9147845&l=20260805104058DE0027CE0FF59575C272&ply_type=3&policy=eyJ2bSI6MywidWlkIjoiMzEyOTY1MDYwMzg4ODE4NSJ9,已使用,审核通过,--,3,--,1.61,130,11,8.46,0.15,12.38,0,0,0,0,0,0,0,0,0
"	7662602318490189862",0714-引导-小敏-2.mp4,https://video-cn.oceanengine.com/cf8ade6aa3d70a40196d428f33ecd0c5/6a7545cb/tos-cn-ve-51/oETTYtClrkEzlCEaIccPzAQJdWzOtIQAIIVXG?a=1402&ch=0&cr=0&dr=3&cd=0%7C0%7C0%7C0&cv=1&br=1254&bt=1254&cs=0&ds=3&ft=J9ThAGkHH_Myq8ZEfej_e2NvjTQ&mime_type=video_mp4&qs=0&rc=NXZpTGRTaFBnKWxncmd5aHFsc3IxZGY0NGZlZjk7aWc7Omg6Njg5QGlqOWZsZW86cmo8MzM0NjMzQFNsa3ZpcUQ6amtqXmJmK2BeaWpgYTojLjUzNjRjNl9fMTQvMTUvYWEjbXBiNGFhZmRfYS0tZDBhc3M%3D&btag=40000e00010000&dy_q=1785897660&feature_id=d6a18d7c5414b1f1e95a75faf9147845&l=20260805104058DE0027CE0FF59575C272&ply_type=3&policy=eyJ2bSI6MywidWlkIjoiMzEyOTY1MDYwMzg4ODE4NSJ9,已使用,审核通过,首发,13,--,2.34,221,11,4.98,0.21,10.59,0,0,0,0,0,0,0,0,0
"	7662604418197995571",0714-瑞晨引导-2.mp4,https://video-cn.oceanengine.com/65d90a135d12a2e4d1fff10a5865172b/6a7545cb/tos-cn-ve-51/oEcBAQ4CIdwXPpLW0NKWmALEzQaCIQytkhWli?a=1402&ch=0&cr=0&dr=3&cd=0%7C0%7C0%7C0&br=648&bt=648&cs=0&ds=3&ft=J9ThAGkHH_Myq8ZEfej_e2NvjTQ&mime_type=video_mp4&qs=0&rc=NXZpTGRTaFBnKWxncmd5aHFsc3IxZGY6ZTU1M2k5ZmU5NWRpOGk3QGkzbDc1NW86ZWo8MzM0NjMzQFNsa3ZpcUQ6amtqXmJmK2BeaWpgYTojNDEzMy41NDZgMWNeMzE0NWEjX3NwX2FhZmhfYS0tZDAwc3M%3D&btag=40000e00010000&dy_q=1785897660&feature_id=d6a18d7c5414b1f1e95a75faf9147845&l=20260805104058DE0027CE0FF59575C272&ply_type=3&policy=eyJ2bSI6MywidWlkIjoiMzEyOTY1MDYwMzg4ODE4NSJ9,已使用,审核通过,--,6,--,1.02,97,7,7.22,0.15,10.52,0,0,0,0,0,0,0,0,0
"	7664925388346507310",0720-浩正引导-5.mp4,https://video-cn.oceanengine.com/9f1862bec92919a2bf7ff41ef892535b/6a7545c7/tos-cn-ve-51/ogI1admqBbaLDfO7qUti4QPYgEv1IQAF6ARhsA?a=1402&ch=0&cr=0&dr=3&cd=0%7C0%7C0%7C0&cv=1&br=379&bt=379&cs=0&ds=3&ft=J9ThAGkHH_Myq8ZEfej_e2NvjTQ&mime_type=video_mp4&qs=0&rc=NXZpTGRTaFBnKWxncmd5aHFsc3IxZGY0aDNlNjlnaDg6Njw8NjM3QGkzMzk5NW86dm88MzM0NjMzQFNsa3ZpcUQ6amtqXmJmK2BeaWpgYTojLjEyXl4vMV5gMTY0LzJjYGEjLnFob2FhLy9jYS0tZDAwc3M%3D&btag=40000e00008000&dy_q=1785897660&feature_id=d6a18d7c5414b1f1e95a75faf9147845&l=20260805104058DE0027CE0FF59575C272&ply_type=3&policy=eyJ2bSI6MywidWlkIjoiMzEyOTY1MDYwMzg4ODE4NSJ9,已使用,审核通过,--,5,--,46.84,1693,91,5.38,0.51,27.67,4,11.71,4.4,0,0,0,0,0,0
"	7662989744205479974",0714瑞晨引流修改-15.mp4,https://video-cn.oceanengine.com/1ae2b678ebc61def5cc90f2f523159d3/6a7545c9/tos-cn-ve-51/oMNfI7t46ChdmdLYAQaAERLbmK1QaApBCD7Doi?a=1402&ch=0&cr=0&dr=3&cd=0%7C0%7C0%7C0&cv=1&br=1764&bt=1764&cs=0&ds=3&ft=J9ThAGkHH_Myq8ZEfej_e2NvjTQ&mime_type=video_mp4&qs=0&rc=NXZpTGRTaFBnKWxncmd5aHFsc3IxZGY6OmU5Njg3ODVkMzc0NGYzQGlqdzpqZ286aDk8MzM0NjMzQFNsa3ZpcUQ6amtqXmJmK2BeaWpgYTojYDNiY2I1LjU1MTViXzFiYmEjcXI1ZmFhbmVgYS0tZDAvc3M%3D&btag=40000e00008000&dy_q=1785897660&feature_id=d6a18d7c5414b1f1e95a75faf9147845&l=20260805104058DE0027CE0FF59575C272&ply_type=3&policy=eyJ2bSI6MywidWlkIjoiMzEyOTY1MDYwMzg4ODE4NSJ9,已使用,审核通过,首发,18,--,55.6,2010,155,7.71,0.36,27.66,4,13.9,2.58,0,0,0,0,0,0
"	7670097218637152262",8月4日-渠道-01.mp4,https://video-cn.oceanengine.com/5e6d8cd6dcfcc85ce7728a8062665209/6a7545e2/tos-cn-ve-51/oEvIBsIQzdauttW8oUAOIEUGqwyDQXEi5AxUn?a=1402&ch=0&cr=0&dr=3&cd=0%7C0%7C0%7C0&br=1707&bt=1707&cs=0&ds=3&ft=J9ThAGkHH_Myq8ZEfej_e2NvjTQ&mime_type=video_mp4&qs=0&rc=NXZpTGRTaFBnKWxncmd5aHFsc3IxZGY8M2Q4ZDw0NzM1OTg8OjM2QGkzZ21taG86bHQ8MzM0NjMzQFNsa3ZpcUQ6amtqXmJmK2BeaWpgYTojYjEuXmJgM14vMS1jL2IwNWEjXm1pX2FhL2VsYS0tZDAwc3M%3D&btag=40000200018000&dy_q=1785897660&feature_id=d6a18d7c5414b1f1e95a75faf9147845&l=20260805104058DE0027CE0FF59575C272&ply_type=3&policy=eyJ2bSI6MywidWlkIjoiMzEyOTY1MDYwMzg4ODE4NSJ9,未使用,审核不通过,--,1,--,0,0,0,0,0,0,0,0,0,0,0,0,0,0,0
"	7670097206855991337",8月4日-渠道-02.mp4,https://video-cn.oceanengine.com/9339ea335ac4ba18a31e908e0ee1b151/6a7545d5/tos-cn-ve-51/52c2604048fc45f390aa7777b79ac600?a=1402&ch=0&cr=0&dr=3&cd=0%7C0%7C0%7C0&br=1631&bt=1631&cs=0&ds=3&ft=J9ThAGkHH_Myq8ZEfej_e2NvjTQ&mime_type=video_mp4&qs=0&rc=NXZpTGRTaFBnKWxncmd5aHFsc3IxZGZpZTs4ZTYzOGc6ZDhmNmZmQGlqOHQzNW86bHQ8MzM0NjMzQFNsa3ZpcUQ6amtqXmJmK2BeaWpgYTojLjUtMTZhXjU1MTZhMWMzL2EjZmIvcGFhL2VsYS0tZDBhc3M%3D&btag=40000200010000&dy_q=1785897660&feature_id=d6a18d7c5414b1f1e95a75faf9147845&l=20260805104058DE0027CE0FF59575C272&ply_type=3&policy=eyJ2bSI6MywidWlkIjoiMzEyOTY1MDYwMzg4ODE4NSJ9,未使用,审核不通过,--,1,--,0,0,0,0,0,0,0,0,0,0,0,0,0,0,0
"	7670097192863481899",8月4日-渠道-04.mp4,https://video-cn.oceanengine.com/114fc34d1fe83eed5f5df5243b3b6825/6a7545e6/tos-cn-ve-51/owqynwCAzIKwdt9AIFm2QEJxQIEca4oPrrWqG?a=1402&ch=0&cr=0&dr=3&cd=0%7C0%7C0%7C0&br=1613&bt=1613&cs=0&ds=3&ft=J9ThAGkHH_Myq8ZEfej_e2NvjTQ&mime_type=video_mp4&qs=0&rc=NXZpTGRTaFBnKWxncmd5aHFsc3IxZGY6aDtmOmVnZ2hnO2c8ZjRlQGlqZDpqZG86bHQ8MzM0NjMzQFNsa3ZpcUQ6amtqXmJmK2BeaWpgYTojLzY2M14uYTUvMTQxLzZhM2EjaS1lcmFhL2VsYS0tZDAwc3M%3D&btag=40000200018000&dy_q=1785897660&feature_id=d6a18d7c5414b1f1e95a75faf9147845&l=20260805104058DE0027CE0FF59575C272&ply_type=3&policy=eyJ2bSI6MywidWlkIjoiMzEyOTY1MDYwMzg4ODE4NSJ9,未使用,审核不通过,--,1,--,0,0,0,0,0,0,0,0,0,0,0,0,0,0,0
"	7670097192641904676",8月4日-渠道-03.mp4,https://video-cn.oceanengine.com/f6e8ef1008ba2ab19e2396abee2e18bf/6a7545de/tos-cn-ve-51/osZQFGblEIzVEE5VrIadAxtQUNWjgHnryZqAo?a=1402&ch=0&cr=0&dr=3&cd=0%7C0%7C0%7C0&br=1737&bt=1737&cs=0&ds=3&ft=J9ThAGkHH_Myq8ZEfej_e2NvjTQ&mime_type=video_mp4&qs=0&rc=NXZpTGRTaFBnKWxncmd5aHFsc3IxZGY6OTY3aGc8ZjVkZGY6OWhnQGlqNzdyOG86bHQ8MzM0NjMzQFNsa3ZpcUQ6amtqXmJmK2BeaWpgYTojYjEuXi4wYV8wMS4wMWBeLmEjXl5zaWFhL2VsYS0tZDAvc3M%3D&btag=40000200018000&dy_q=1785897660&feature_id=d6a18d7c5414b1f1e95a75faf9147845&l=20260805104058DE0027CE0FF59575C272&ply_type=3&policy=eyJ2bSI6MywidWlkIjoiMzEyOTY1MDYwMzg4ODE4NSJ9,未使用,审核不通过,--,1,--,0,0,0,0,0,0,0,0,0,0,0,0,0,0,0
"	7667906012121514035",推送视频_0929-引流-魏怡-7.mp4,https://video-cn.oceanengine.com/e7697b4036ef811be9554f72df5302fe/6a7545c7/tos-cn-ve-51/oMAqzpatdlI4QAAX71ZEnBgIhygktmWOQIEBZ?a=1402&ch=0&cr=0&dr=3&cd=0%7C0%7C0%7C0&br=221&bt=221&cs=0&ds=3&ft=J9ThAGkHH_Myq8ZEfej_e2NvjTQ&mime_type=video_mp4&qs=0&rc=NXZpTGRTaFBnKWxncmd5aHFsc3IxZGY3ZmZoO2hnOmk1ZjNmNjk0QGkzczM4OG86M3g8MzM0NjMzQFNsa3ZpcUQ6amtqXmJmK2BeaWpgYTojYi4yMjAwLV9gMTIxMjQuYWEjNC9uMWFhZi1oYS0tZDAvc3M%3D&btag=40000e00008000&dy_q=1785897660&feature_id=d6a18d7c5414b1f1e95a75faf9147845&l=20260805104058DE0027CE0FF59575C272&ply_type=3&policy=eyJ2bSI6MywidWlkIjoiMzEyOTY1MDYwMzg4ODE4NSJ9,未使用,审核通过,首发,1,--,0,0,0,0,0,0,0,0,0,0,0,0,0,0,0
"	7667905926621560883",推送视频_0729-瑞晨浩正引流素材-12.mp4,https://video-cn.oceanengine.com/ccc2971ee59fe881ba9bf5963c5e53dc/6a7545db/tos-cn-ve-51/o81ChVpc4AqIOAWmsgDEjCcQFNBzQAktxf4tdj?a=1402&ch=0&cr=0&dr=3&cd=0%7C0%7C0%7C0&br=1323&bt=1323&cs=0&ds=3&ft=J9ThAGkHH_Myq8ZEfej_e2NvjTQ&mime_type=video_mp4&qs=0&rc=NXZpTGRTaFBnKWxncmd5aHFsc3IxZGYzNjVpOjZkZzc5Omk3NmhpQGlqZGY7Zm86cnc8MzM0NjMzQFNsa3ZpcUQ6amtqXmJmK2BeaWpgYTojXy5fLWEyYzVfMTM1MjYwYmEjZTRyYmFhZnNoYS0tZDAwc3M%3D&btag=40000e00018000&dy_q=1785897660&feature_id=d6a18d7c5414b1f1e95a75faf9147845&l=20260805104058DE0027CE0FF59575C272&ply_type=3&policy=eyJ2bSI6MywidWlkIjoiMzEyOTY1MDYwMzg4ODE4NSJ9,未使用,审核通过,首发,1,--,0,0,0,0,0,0,0,0,0,0,0,0,0,0,0
"	7667905857796505609",推送视频_0729-瑞晨浩正引流素材-13.mp4,https://video-cn.oceanengine.com/69e49ed97e78a730f65c963ab908e5ae/6a7545db/tos-cn-ve-51/ooKp4ZQNUAIBrf9bQtm1cCAq4dghWB0u0OCEkn?a=1402&ch=0&cr=0&dr=3&cd=0%7C0%7C0%7C0&br=742&bt=742&cs=0&ds=3&ft=J9ThAGkHH_Myq8ZEfej_e2NvjTQ&mime_type=video_mp4&qs=0&rc=NXZpTGRTaFBnKWxncmd5aHFsc3IxZGZnMzdpZDw4OGVoZ2lkaWY5QGkzc2Q6Om86cnc8MzM0NjMzQFNsa3ZpcUQ6amtqXmJmK2BeaWpgYTojYl5iMTAwX181MTJeMjY2YWEjaXAubmFhXnNoYS0tZDAwc3M%3D&btag=40000e00018000&dy_q=1785897660&feature_id=d6a18d7c5414b1f1e95a75faf9147845&l=20260805104058DE0027CE0FF59575C272&ply_type=3&policy=eyJ2bSI6MywidWlkIjoiMzEyOTY1MDYwMzg4ODE4NSJ9,未使用,审核通过,首发,1,--,0,0,0,0,0,0,0,0,0,0,0,0,0,0,0
"	7665242096884973618",0713-引导-小敏-5.mp4,https://video-cn.oceanengine.com/25edc0305a3b6a7c7fd635cf9afd8615/6a7545ca/tos-cn-ve-51/o8UkSgD1qBeOShsa2DsGEAQ9DAfARYNgFNI4Ln?a=1402&ch=0&cr=0&dr=3&cd=0%7C0%7C0%7C0&br=1019&bt=1019&cs=0&ds=4&ft=J9ThAGkHH_Myq8ZEfej_e2NvjTQ&mime_type=video_mp4&qs=0&rc=NXZpTGRTaFBnKWxncmd5aHFsc3IxZGZpOTs3aTNmN2Q7MzhmZzU4QGkzPHluNm86PDk8MzM0NjMzQFNsa3ZpcUQ6amtqXmJmK2BeaWpgYTojYy00YzYxYF4yMV9hMGIuXmEjMmBfa2FhbmZkYS0tZDAwc3M%3D&btag=40000200010000&dy_q=1785897660&feature_id=d6a18d7c5414b1f1e95a75faf9147845&l=20260805104058DE0027CE0FF59575C272&ply_type=3&policy=eyJ2bSI6MywidWlkIjoiMzEyOTY1MDYwMzg4ODE4NSJ9,未使用,审核不通过,--,0,--,0,0,0,0,0,0,0,0,0,0,0,0,0,0,0
"	7664925203185598515",0720-瑞晨引流-7.mp4,https://video-cn.oceanengine.com/9dbcf2fcb94f6332e7ce10bb8ab7dae0/6a7545cb/tos-cn-ve-51/oEOL1fC21kQIXDLqA1gINU3ajRS8SqDCA1eBgg?a=1402&ch=0&cr=0&dr=3&cd=0%7C0%7C0%7C0&br=987&bt=987&cs=0&ds=3&ft=J9ThAGkHH_Myq8ZEfej_e2NvjTQ&mime_type=video_mp4&qs=0&rc=NXZpTGRTaFBnKWxncmd5aHFsc3IxZGY6MzllZzw6NjZlM2lnZTc1QGlqNWVxNm86PG88MzM0NjMzQFNsa3ZpcUQ6amtqXmJmK2BeaWpgYTojYS41LTRhLV8vMTRiLi1hMGEjNGRiamFhLy5jYS0tZDAvc3M%3D&btag=40000e00010000&dy_q=1785897660&feature_id=d6a18d7c5414b1f1e95a75faf9147845&l=20260805104058DE0027CE0FF59575C272&ply_type=3&policy=eyJ2bSI6MywidWlkIjoiMzEyOTY1MDYwMzg4ODE4NSJ9,已使用,审核通过,--,7,--,0,0,0,0,0,0,0,0,0,0,0,0,0,0,0
"	7664925201298063370",0720-瑞晨引流-3.mp4,https://video-cn.oceanengine.com/f00c7385d8be3a697e27cff7ec29d84b/6a7545cb/tos-cn-ve-51/oEAVgBL1h7SgDmzIhcfIAtULiaIv16QXn7ZgZQ?a=1402&ch=0&cr=0&dr=3&cd=0%7C0%7C0%7C0&br=859&bt=859&cs=0&ds=3&ft=J9ThAGkHH_Myq8ZEfej_e2NvjTQ&mime_type=video_mp4&qs=0&rc=NXZpTGRTaFBnKWxncmd5aHFsc3IxZGZpZTRlZWczMzw1Zmk1Zzk8QGkzbTNlZW86PG88MzM0NjMzQFNsa3ZpcUQ6amtqXmJmK2BeaWpgYTojLWItLjIwMF5hMTEwMDU2LmEja20zcWFhLy5jYS0tZDAwc3M%3D&btag=40000e00010000&dy_q=1785897660&feature_id=d6a18d7c5414b1f1e95a75faf9147845&l=20260805104058DE0027CE0FF59575C272&ply_type=3&policy=eyJ2bSI6MywidWlkIjoiMzEyOTY1MDYwMzg4ODE4NSJ9,已使用,审核通过,--,4,--,0,0,0,0,0,0,0,0,0,0,0,0,0,0,0
"	7664925189496602651",0720-瑞晨引流-6.mp4,https://video-cn.oceanengine.com/ac95e3745a1e8c069de8c99fe5000691/6a7545cb/tos-cn-ve-51/oYC8gRNy1ASqaafDkf2U1kQLXBDIl6ag0uNKCA?a=1402&ch=0&cr=0&dr=3&cd=0%7C0%7C0%7C0&br=620&bt=620&cs=0&ds=3&ft=J9ThAGkHH_Myq8ZEfej_e2NvjTQ&mime_type=video_mp4&qs=0&rc=NXZpTGRTaFBnKWxncmd5aHFsc3IxZGZnNTY5ZTwzZWgzNmczZGQ5QGlqOXhxZ286PG88MzM0NjMzQFNsa3ZpcUQ6amtqXmJmK2BeaWpgYTojXjIwL18uM181MS1hXzIyM2Ejcm4yMWFhLy5jYS0tZDAwc3M%3D&btag=40000e00010000&dy_q=1785897660&feature_id=d6a18d7c5414b1f1e95a75faf9147845&l=20260805104058DE0027CE0FF59575C272&ply_type=3&policy=eyJ2bSI6MywidWlkIjoiMzEyOTY1MDYwMzg4ODE4NSJ9,已使用,审核通过,--,7,--,0,0,0,0,0,0,0,0,0,0,0,0,0,0,0
"	7664925183753125914",0720-瑞晨引流-1.mp4,https://video-cn.oceanengine.com/61b5e44f5ada85c2664cf3e4057d94c5/6a7545cb/tos-cn-ve-51/oQCCU1gs1IyLuf3CAmagNINk7BRyqCAQ29geDX?a=1402&ch=0&cr=0&dr=3&cd=0%7C0%7C0%7C0&br=526&bt=526&cs=0&ds=3&ft=J9ThAGkHH_Myq8ZEfej_e2NvjTQ&mime_type=video_mp4&qs=0&rc=NXZpTGRTaFBnKWxncmd5aHFsc3IxZGYzZ2Y2NmVkPDo6PGY0OTo1QGlqdzhtZ286PG88MzM0NjMzQFNsa3ZpcUQ6amtqXmJmK2BeaWpgYTojYDBhMi9gLTZiMTBjMi5fM2EjbzNscWFhLy5jYS0tZDBhc3M%3D&btag=40000e00010000&dy_q=1785897660&feature_id=d6a18d7c5414b1f1e95a75faf9147845&l=20260805104058DE0027CE0FF59575C272&ply_type=3&policy=eyJ2bSI6MywidWlkIjoiMzEyOTY1MDYwMzg4ODE4NSJ9,已使用,审核通过,--,5,--,0,0,0,0,0,0,0,0,0,0,0,0,0,0,0
"	7664925165076463667",0720-瑞晨引流-5.mp4,https://video-cn.oceanengine.com/19bd89de204cd138fa1400f4ad90b213/6a7545cb/tos-cn-ve-51/oYeSgX1A9RqFa11CWDRBNykfXU0mo1D9A2AMRg?a=1402&ch=0&cr=0&dr=3&cd=0%7C0%7C0%7C0&br=768&bt=768&cs=0&ds=3&ft=J9ThAGkHH_Myq8ZEfej_e2NvjTQ&mime_type=video_mp4&qs=0&rc=NXZpTGRTaFBnKWxncmd5aHFsc3IxZGZlOzw8NTw1OGRnM2ZlPDU2QGlqd3c8OG86PG88MzM0NjMzQFNsa3ZpcUQ6amtqXmJmK2BeaWpgYTojMS40LjYzXl4wMWIwYmMyYGEjLm4yM2FhLy5jYS0tZDAwc3M%3D&btag=40000e00010000&dy_q=1785897660&feature_id=d6a18d7c5414b1f1e95a75faf9147845&l=20260805104058DE0027CE0FF59575C272&ply_type=3&policy=eyJ2bSI6MywidWlkIjoiMzEyOTY1MDYwMzg4ODE4NSJ9,已使用,审核通过,--,6,--,0,0,0,0,0,0,0,0,0,0,0,0,0,0,0
"	7664925158484607003",0720-瑞晨引流-8.mp4,https://video-cn.oceanengine.com/1340b4aa585524dbd90aedec2f900d3c/6a7545cb/tos-cn-ve-51/oQX9gg12zeGIeDJeBAqARFv1bsUAoClGFqtSjA?a=1402&ch=0&cr=0&dr=3&cd=0%7C0%7C0%7C0&br=747&bt=747&cs=0&ds=3&ft=J9ThAGkHH_Myq8ZEfej_e2NvjTQ&mime_type=video_mp4&qs=0&rc=NXZpTGRTaFBnKWxncmd5aHFsc3IxZGZoNmhpaWY8OGg2N2hmOTRoQGkzamxzaG86PG88MzM0NjMzQFNsa3ZpcUQ6amtqXmJmK2BeaWpgYTojXmIwYGFjYjU2MTAwNTBeMmEjcHJwamFhLy5jYS0tZDAwc3M%3D&btag=40000e00010000&dy_q=1785897660&feature_id=d6a18d7c5414b1f1e95a75faf9147845&l=20260805104058DE0027CE0FF59575C272&ply_type=3&policy=eyJ2bSI6MywidWlkIjoiMzEyOTY1MDYwMzg4ODE4NSJ9,已使用,审核通过,--,3,--,0,0,0,0,0,0,0,0,0,0,0,0,0,0,0
"	7664926038411853874",0720-引流-魏怡-10.mp4,https://video-cn.oceanengine.com/da676981dfbd75c62fda47394539c8e0/6a7545d4/tos-cn-ve-51/oAqfeGKKRCwvegtUgjbUGiaBoPukqA5OAjAQ1U?a=1402&ch=0&cr=0&dr=3&cd=0%7C0%7C0%7C0&br=1388&bt=1388&cs=0&ds=3&ft=J9ThAGkHH_Myq8ZEfej_e2NvjTQ&mime_type=video_mp4&qs=0&rc=NXZpTGRTaFBnKWxncmd5aHFsc3IxZGZkZmdlN2VkODVlMzw2NTRpQGlqaHg5ZW86c288MzM0NjMzQFNsa3ZpcUQ6amtqXmJmK2BeaWpgYTojXjU0MzNfMjVgMV4xLWEtNWEjYGxiXmFhXjBjYS0tZDAwc3M%3D&btag=40000e00010000&dy_q=1785897660&feature_id=d6a18d7c5414b1f1e95a75faf9147845&l=20260805104058DE0027CE0FF59575C272&ply_type=3&policy=eyJ2bSI6MywidWlkIjoiMzEyOTY1MDYwMzg4ODE4NSJ9,未使用,审核通过,--,4,--,0,0,0,0,0,0,0,0,0,0,0,0,0,0,0
"	7664925350633455626",0720-浩正引导-4.mp4,https://video-cn.oceanengine.com/dcd98b5fe55da0971b3b691b2cfc0890/6a7545cc/tos-cn-ve-51/oQFXDfwwDEANIYUZTgqgFBBfQKN1AFNwaA5D5S?a=1402&ch=0&cr=0&dr=3&cd=0%7C0%7C0%7C0&br=771&bt=771&cs=0&ds=3&ft=J9ThAGkHH_Myq8ZEfej_e2NvjTQ&mime_type=video_mp4&qs=0&rc=NXZpTGRTaFBnKWxncmd5aHFsc3IxZGY4NzVmZDkzZTs2PDpoaWU8QGkzZmxycjlydm88MzM0NjMzQFNsa3ZpcUQ6amtqXmJmK2BeaWpgYTojMzQuMGNiXjZgMS8yMC0zXmEjcGE0MTJkNC9jYS0tZDBhc3M%3D&btag=40000e00010000&dy_q=1785897660&feature_id=d6a18d7c5414b1f1e95a75faf9147845&l=20260805104058DE0027CE0FF59575C272&ply_type=3&policy=eyJ2bSI6MywidWlkIjoiMzEyOTY1MDYwMzg4ODE4NSJ9,已使用,审核通过,--,1,--,0,0,0,0,0,0,0,0,0,0,0,0,0,0,0
"	7664925347524378633",0720-引导-嘉丽-2.mp4,https://video-cn.oceanengine.com/aff1a63471f6ec67a93357de44b200ed/6a7545c5/tos-cn-ve-51/ogfYZtAmha1KLABiUQNDAvYYQIC1viA7K4I36R?a=1402&ch=0&cr=0&dr=3&cd=0%7C0%7C0%7C0&br=485&bt=485&cs=0&ds=3&ft=J9ThAGkHH_Myq8ZEfej_e2NvjTQ&mime_type=video_mp4&qs=0&rc=NXZpTGRTaFBnKWxncmd5aHFsc3IxZGZpZzw4ZDRkZDZpaTc5MzdlQGkzNDNyZm86dG88MzM0NjMzQFNsa3ZpcUQ6amtqXmJmK2BeaWpgYTojLV9fNDRjXjUzMTVhYzQtNWEjM2xgb2FhZi9jYS0tZDAvc3M%3D&btag=40000e00008000&dy_q=1785897660&feature_id=d6a18d7c5414b1f1e95a75faf9147845&l=20260805104058DE0027CE0FF59575C272&ply_type=3&policy=eyJ2bSI6MywidWlkIjoiMzEyOTY1MDYwMzg4ODE4NSJ9,已使用,审核通过,--,1,--,0,0,0,0,0,0,0,0,0,0,0,0,0,0,0
"	7664925347281780787",0720-引导-嘉丽-5.mp4,https://video-cn.oceanengine.com/c8301a643bdd88be5f173692c0144343/6a7545ce/tos-cn-ve-51/oMS7lUNZQoHBhsLAAfNaIAGmi1Atgk6QGWa1Ix?a=1402&ch=0&cr=0&dr=3&cd=0%7C0%7C0%7C0&cv=1&br=1461&bt=1461&cs=0&ds=3&ft=J9ThAGkHH_Myq8ZEfej_e2NvjTQ&mime_type=video_mp4&qs=0&rc=NXZpTGRTaFBnKWxncmd5aHFsc3IxZGZoaDtoO2RoaGVpO2ZoO2g4QGlqM2Q5Nm86dG88MzM0NjMzQFNsa3ZpcUQ6amtqXmJmK2BeaWpgYTojY14yLTIxMjUtMS4tYGAvLWEjLmEzbmFhZi9jYS0tZDAvc3M%3D&btag=40000e00010000&dy_q=1785897660&feature_id=d6a18d7c5414b1f1e95a75faf9147845&l=20260805104058DE0027CE0FF59575C272&ply_type=3&policy=eyJ2bSI6MywidWlkIjoiMzEyOTY1MDYwMzg4ODE4NSJ9,已使用,审核通过,--,3,--,0,0,0,0,0,0,0,0,0,0,0,0,0,0,0
"	7664925326633189386",0720-浩正引导-1.mp4,https://video-cn.oceanengine.com/b0eaedd8dbbaad08c2a169ba73ff9b4e/6a7545c9/tos-cn-ve-51/ocAgfLihLv2ZGU1HbeWCqOGNAaIZBamIfUBzQS?a=1402&ch=0&cr=0&dr=3&cd=0%7C0%7C0%7C0&br=2288&bt=2288&cs=0&ds=3&ft=J9ThAGkHH_Myq8ZEfej_e2NvjTQ&mime_type=video_mp4&qs=0&rc=NXZpTGRTaFBnKWxncmd5aHFsc3IxZGZnaGc8NmQ5ZjU5PDQ4Zmc8QGlqaW1zbTlydm88MzM0NjMzQFNsa3ZpcUQ6amtqXmJmK2BeaWpgYTojMmMvYjYzLl40MWFiX2A1MGEjaGVhYjJkNC9jYS0tZDBhc3M%3D&btag=40000e00008000&dy_q=1785897660&feature_id=d6a18d7c5414b1f1e95a75faf9147845&l=20260805104058DE0027CE0FF59575C272&ply_type=3&policy=eyJ2bSI6MywidWlkIjoiMzEyOTY1MDYwMzg4ODE4NSJ9,已使用,审核通过,--,2,--,0,0,0,0,0,0,0,0,0,0,0,0,0,0,0
"	7664925314946793518",0718-魏怡引流-6.mp4,https://video-cn.oceanengine.com/cbcbf695019f6ee30fe5d00cef5af4d0/6a7545c3/tos-cn-ve-51/oYQfIgAtNV9XA2Dq4FCzf4B7EFtDmEFgND1HBJ?a=1402&ch=0&cr=0&dr=3&cd=0%7C0%7C0%7C0&br=3003&bt=3003&cs=0&ds=4&ft=J9ThAGkHH_Myq8ZEfej_e2NvjTQ&mime_type=video_mp4&qs=0&rc=NXZpTGRTaFBnKWxncmd5aHFsc3IxZGY7aTxlMzRoM2k2ODY7OWVmQGkzdnQ6cDlyc288MzM0NjMzQFNsa3ZpcUQ6amtqXmJmK2BeaWpgYTojNWEyNWMyYzVgMWMtYmE0LmEjLjBjcjJkay9jYS0tZDBhc3M%3D&btag=40000200008000&dy_q=1785897660&feature_id=d6a18d7c5414b1f1e95a75faf9147845&l=20260805104058DE0027CE0FF59575C272&ply_type=3&policy=eyJ2bSI6MywidWlkIjoiMzEyOTY1MDYwMzg4ODE4NSJ9,未使用,审核不通过,--,0,--,0,0,0,0,0,0,0,0,0,0,0,0,0,0,0
"	7664925308233072686",0718-魏怡引流修改-4.mp4,https://video-cn.oceanengine.com/b5aba756cd8bef4568529136df4224eb/6a7545c3/tos-cn-ve-51/oQMg3GLQWDLqBbNeGAOffaUYUCbsvAUmII1Cgn?a=1402&ch=0&cr=0&dr=3&cd=0%7C0%7C0%7C0&br=2032&bt=2032&cs=0&ds=3&ft=J9ThAGkHH_Myq8ZEfej_e2NvjTQ&mime_type=video_mp4&qs=0&rc=NXZpTGRTaFBnKWxncmd5aHFsc3IxZGZmOTNkZWc2NGZkZGgzaDk8QGlqOWU2bTlyc288MzM0NjMzQFNsa3ZpcUQ6amtqXmJmK2BeaWpgYTojXjYuNGFhMF5hMWJjYzJgL2EjMmBzaDJkay9jYS0tZDBhc3M%3D&btag=40000e00008000&dy_q=1785897660&feature_id=d6a18d7c5414b1f1e95a75faf9147845&l=20260805104058DE0027CE0FF59575C272&ply_type=3&policy=eyJ2bSI6MywidWlkIjoiMzEyOTY1MDYwMzg4ODE4NSJ9,已使用,审核通过,--,1,--,0,0,0,0,0,0,0,0,0,0,0,0,0,0,0
"	7664925294730936366",0720-浩正引导-3.mp4,https://video-cn.oceanengine.com/cb9badda68c31f3ec6c3f8115184d0d8/6a7545c8/tos-cn-ve-51/os1BCa1XNDAnZIpwof2QfFBAUg1gYsCbXqRkWS?a=1402&ch=0&cr=0&dr=3&cd=0%7C0%7C0%7C0&br=851&bt=851&cs=0&ds=3&ft=J9ThAGkHH_Myq8ZEfej_e2NvjTQ&mime_type=video_mp4&qs=0&rc=NXZpTGRTaFBnKWxncmd5aHFsc3IxZGY7OmU1NjM4OWc4Mzk3ZDZoQGkzZXE6ZW86dm88MzM0NjMzQFNsa3ZpcUQ6amtqXmJmK2BeaWpgYTojMjNfNTNeNjZjMTMuXmA2X2EjNmlxLWFhLy9jYS0tZDAvc3M%3D&btag=40000e00008000&dy_q=1785897660&feature_id=d6a18d7c5414b1f1e95a75faf9147845&l=20260805104058DE0027CE0FF59575C272&ply_type=3&policy=eyJ2bSI6MywidWlkIjoiMzEyOTY1MDYwMzg4ODE4NSJ9,已使用,审核通过,--,1,--,0,0,0,0,0,0,0,0,0,0,0,0,0,0,0
"	7664925154368028698",0718瑞晨24-修改.mp4,https://video-cn.oceanengine.com/e71f4d22c6af82e4ad7d97f6af224dae/6a7545c6/tos-cn-ve-51/742adf3f427541c391ab088a98169571?a=1402&ch=0&cr=0&dr=3&cd=0%7C0%7C0%7C0&br=1828&bt=1828&cs=0&ds=3&ft=J9ThAGkHH_Myq8ZEfej_e2NvjTQ&mime_type=video_mp4&qs=0&rc=NXZpTGRTaFBnKWxncmd5aHFsc3IxZGZmZGU6PDg4M2c0NGRpZWk8QGkzOWp3OG86PG88MzM0NjMzQFNsa3ZpcUQ6amtqXmJmK2BeaWpgYTojNjIuYy80YTVfMWFgYWM1YWEjbmAyc2FhLy5jYS0tZDAwc3M%3D&btag=40000e00008000&dy_q=1785897660&feature_id=d6a18d7c5414b1f1e95a75faf9147845&l=20260805104058DE0027CE0FF59575C272&ply_type=3&policy=eyJ2bSI6MywidWlkIjoiMzEyOTY1MDYwMzg4ODE4NSJ9,已使用,审核通过,--,1,--,0,0,0,0,0,0,0,0,0,0,0,0,0,0,0
"	7664925096461697033",0718瑞晨15-修改.mp4,https://video-cn.oceanengine.com/b09f3caa1fe8e0c55f546e9980eab9c1/6a7545c9/tos-cn-ve-51/osDAtCqTgUNQ2keDa1AKBQI1fg7DXvKBGpRxL2?a=1402&ch=0&cr=0&dr=3&cd=0%7C0%7C0%7C0&br=1131&bt=1131&cs=0&ds=3&ft=J9ThAGkHH_Myq8ZEfej_e2NvjTQ&mime_type=video_mp4&qs=0&rc=NXZpTGRTaFBnKWxncmd5aHFsc3IxZGZlNmk2PDk1M2RnNWc1NTo0QGlqO3RsZ286PG88MzM0NjMzQFNsa3ZpcUQ6amtqXmJmK2BeaWpgYTojYmEwXmMvMzZfMTMvYjFhM2EjLl5ia2FhLy5jYS0tZDAwc3M%3D&btag=40000e00008000&dy_q=1785897660&feature_id=d6a18d7c5414b1f1e95a75faf9147845&l=20260805104058DE0027CE0FF59575C272&ply_type=3&policy=eyJ2bSI6MywidWlkIjoiMzEyOTY1MDYwMzg4ODE4NSJ9,已使用,审核通过,--,2,--,0,0,0,0,0,0,0,0,0,0,0,0,0,0,0
"	7663465010937724969",0717-引导-小敏-4.mp4,https://video-cn.oceanengine.com/53b42f476636bb27494f1d233b430e52/6a7545ce/tos-cn-ve-51/o8CLQoeYaAV1txwBka7dQdIWLAhEYK5QBYmTxA?a=1402&ch=0&cr=0&dr=3&cd=0%7C0%7C0%7C0&br=1219&bt=1219&cs=0&ds=4&ft=J9ThAGkHH_Myq8ZEfej_e2NvjTQ&mime_type=video_mp4&qs=0&rc=NXZpTGRTaFBnKWxncmd5aHFsc3IxZGZoNGU0aTg0NGY4Ojc3NGY3QGkzeDQ2M286bDQ8MzM0NjMzQFNsa3ZpcUQ6amtqXmJmK2BeaWpgYTojYmMxXl40YV8uMTVeYDAtMGEjMm0wamFhXmVhYS0tZDAvc3M%3D&btag=40000200010000&dy_q=1785897660&feature_id=d6a18d7c5414b1f1e95a75faf9147845&l=20260805104058DE0027CE0FF59575C272&ply_type=3&policy=eyJ2bSI6MywidWlkIjoiMzEyOTY1MDYwMzg4ODE4NSJ9,未使用,审核不通过,--,1,--,0,0,0,0,0,0,0,0,0,0,0,0,0,0,0
"	7663465010145067049",0717-引导-嘉丽-3.mp4,https://video-cn.oceanengine.com/dae040dfcc395858b95dd68768f79b79/6a7545cf/tos-cn-ve-51/oYpdQTtyTaIVQDvCBEUAWcyYClGdIA0WzdaoY?a=1402&ch=0&cr=0&dr=3&cd=0%7C0%7C0%7C0&br=1279&bt=1279&cs=0&ds=4&ft=J9ThAGkHH_Myq8ZEfej_e2NvjTQ&mime_type=video_mp4&qs=0&rc=NXZpTGRTaFBnKWxncmd5aHFsc3IxZGY6Zzk1aDc3ZWQ0ZzY2Ojw0QGkzbDpqaW86bDQ8MzM0NjMzQFNsa3ZpcUQ6amtqXmJmK2BeaWpgYTojNGAzL2BhLzZgMWI2MTNiMmEjYjZpYmFhXmVhYS0tZDBhc3M%3D&btag=40000200010000&dy_q=1785897660&feature_id=d6a18d7c5414b1f1e95a75faf9147845&l=20260805104058DE0027CE0FF59575C272&ply_type=3&policy=eyJ2bSI6MywidWlkIjoiMzEyOTY1MDYwMzg4ODE4NSJ9,未使用,审核不通过,--,1,--,0,0,0,0,0,0,0,0,0,0,0,0,0,0,0
"	7663464931710550079",0717-引导-小敏-1.mp4,https://video-cn.oceanengine.com/139d4e1e0e88b160eaaefdba180b0b4e/6a7545ce/tos-cn-ve-51/oYEmxm1AQ5MDZkbaagIZeLt5DEQAyQId7dBFrW?a=1402&ch=0&cr=0&dr=3&cd=0%7C0%7C0%7C0&br=1853&bt=1853&cs=0&ds=4&ft=J9ThAGkHH_Myq8ZEfej_e2NvjTQ&mime_type=video_mp4&qs=0&rc=NXZpTGRTaFBnKWxncmd5aHFsc3IxZGY6ODs4NTo3ZDU0NWRpMzlpQGlqeDd3aG86bDQ8MzM0NjMzQFNsa3ZpcUQ6amtqXmJmK2BeaWpgYTojXjZgXmBgL15iMTFgMGFgLWEjYW1jZGFhL2VhYS0tZDBhc3M%3D&btag=40000200010000&dy_q=1785897660&feature_id=d6a18d7c5414b1f1e95a75faf9147845&l=20260805104058DE0027CE0FF59575C272&ply_type=3&policy=eyJ2bSI6MywidWlkIjoiMzEyOTY1MDYwMzg4ODE4NSJ9,未使用,审核不通过,--,0,--,0,0,0,0,0,0,0,0,0,0,0,0,0,0,0
"	7663465049147473962",0717-引导-嘉丽-2.mp4,https://video-cn.oceanengine.com/35fd5fb6a17618580cc5c46a41c51c21/6a7545d0/tos-cn-ve-51/o8MNFW2iEIRdf0DgDljIYAgQ1RA3aAgeABbqhI?a=1402&ch=0&cr=0&dr=3&cd=0%7C0%7C0%7C0&br=1676&bt=1676&cs=0&ds=4&ft=J9ThAGkHH_Myq8ZEfej_e2NvjTQ&mime_type=video_mp4&qs=0&rc=NXZpTGRTaFBnKWxncmd5aHFsc3IxZGZpNWQ2NWc2ZGRpZmg7aGc1QGkzaTc5NG86bDQ8MzM0NjMzQFNsa3ZpcUQ6amtqXmJmK2BeaWpgYTojYmMuX2JhM141MTAwYTYzLmEjMC1eXmFhL2VhYS0tZDAwc3M%3D&btag=40000200010000&dy_q=1785897660&feature_id=d6a18d7c5414b1f1e95a75faf9147845&l=20260805104058DE0027CE0FF59575C272&ply_type=3&policy=eyJ2bSI6MywidWlkIjoiMzEyOTY1MDYwMzg4ODE4NSJ9,未使用,审核不通过,--,0,--,0,0,0,0,0,0,0,0,0,0,0,0,0,0,0
"	7663465019666415622",0717-瑞晨引流-7.mp4,https://video-cn.oceanengine.com/1a638a29f3e4f499cab9fdeaa09c7232/6a7545c9/tos-cn-ve-51/o0pDXzldNYtxI6jxGaQpwhWNhSAaWEQo0KI0A?a=1402&ch=0&cr=0&dr=3&cd=0%7C0%7C0%7C0&br=2210&bt=2210&cs=0&ds=4&ft=J9ThAGkHH_Myq8ZEfej_e2NvjTQ&mime_type=video_mp4&qs=0&rc=NXZpTGRTaFBnKWxncmd5aHFsc3IxZGZpZWY1aTM0N2RmNTU2NzY1QGkzcW9oNm86azQ8MzM0NjMzQFNsa3ZpcUQ6amtqXmJmK2BeaWpgYTojNjFhXjAzNDY0MTM2LTQ1MWEjMmBlMGFhbmVhYS0tZDAwc3M%3D&btag=40000200008000&dy_q=1785897660&feature_id=d6a18d7c5414b1f1e95a75faf9147845&l=20260805104058DE0027CE0FF59575C272&ply_type=3&policy=eyJ2bSI6MywidWlkIjoiMzEyOTY1MDYwMzg4ODE4NSJ9,未使用,审核不通过,--,0,--,0,0,0,0,0,0,0,0,0,0,0,0,0,0,0
"	7663465017547587620",0717-引导-嘉丽-5.mp4,https://video-cn.oceanengine.com/beacdcf40ae4325682765c4ebe32b560/6a7545ce/tos-cn-ve-51/oApQToGrEIzw90GUPIadAatTYLWJQGlkxndAY?a=1402&ch=0&cr=0&dr=3&cd=0%7C0%7C0%7C0&br=2945&bt=2945&cs=0&ds=4&ft=J9ThAGkHH_Myq8ZEfej_e2NvjTQ&mime_type=video_mp4&qs=0&rc=NXZpTGRTaFBnKWxncmd5aHFsc3IxZGZoZWc1ZDc3aTw8MzU7OTZkQGkzd3NsZW86azQ8MzM0NjMzQFNsa3ZpcUQ6amtqXmJmK2BeaWpgYTojXzNgLzNiXzU0MTZhXzEtL2EjXjQ1NGFhbmVhYS0tZDBhc3M%3D&btag=40000e00010000&dy_q=1785897660&feature_id=d6a18d7c5414b1f1e95a75faf9147845&l=20260805104058DE0027CE0FF59575C272&ply_type=3&policy=eyJ2bSI6MywidWlkIjoiMzEyOTY1MDYwMzg4ODE4NSJ9,未使用,审核通过,--,1,--,0,0,0,0,0,0,0,0,0,0,0,0,0,0,0
"	7663464993653735443",0717-引导-嘉丽-1.mp4,https://video-cn.oceanengine.com/f369f6f312a9764d4766825f5809fb86/6a7545cc/tos-cn-ve-51/ooaQBlMQ7tA5VLgQIm0ahjoPQKYIxL10fAHoAg?a=1402&ch=0&cr=0&dr=3&cd=0%7C0%7C0%7C0&br=2112&bt=2112&cs=0&ds=4&ft=J9ThAGkHH_Myq8ZEfej_e2NvjTQ&mime_type=video_mp4&qs=0&rc=NXZpTGRTaFBnKWxncmd5aHFsc3IxZGY6OWdoNjpmZGY2PDc7NTxkQGkzOGo7OG86azQ8MzM0NjMzQFNsa3ZpcUQ6amtqXmJmK2BeaWpgYTojX2MzLzIzMF41MWFhYTY2M2EjMWNycmFhbmVhYS0tZDAvc3M%3D&btag=40000200010000&dy_q=1785897660&feature_id=d6a18d7c5414b1f1e95a75faf9147845&l=20260805104058DE0027CE0FF59575C272&ply_type=3&policy=eyJ2bSI6MywidWlkIjoiMzEyOTY1MDYwMzg4ODE4NSJ9,未使用,审核不通过,--,0,--,0,0,0,0,0,0,0,0,0,0,0,0,0,0,0
"	7663464993518927908",0717-引导-小敏-2.mp4,https://video-cn.oceanengine.com/f38573498178603ce7763377bc35d67f/6a7545c9/tos-cn-ve-51/o8kzW0LIToadBQtoy7tIA2sDIIdAaE8WQAElY?a=1402&ch=0&cr=0&dr=3&cd=0%7C0%7C0%7C0&br=992&bt=992&cs=0&ds=4&ft=J9ThAGkHH_Myq8ZEfej_e2NvjTQ&mime_type=video_mp4&qs=0&rc=NXZpTGRTaFBnKWxncmd5aHFsc3IxZGZmNTZoZDUzNDlmZWg4ODRpQGlqZWZnZm86bDQ8MzM0NjMzQFNsa3ZpcUQ6amtqXmJmK2BeaWpgYTojYGBiMTZhNTY1MWEyNjJgMGEjcS1kbmFhL2VhYS0tZDBhc3M%3D&btag=40000200008000&dy_q=1785897660&feature_id=d6a18d7c5414b1f1e95a75faf9147845&l=20260805104058DE0027CE0FF59575C272&ply_type=3&policy=eyJ2bSI6MywidWlkIjoiMzEyOTY1MDYwMzg4ODE4NSJ9,未使用,审核不通过,--,0,--,0,0,0,0,0,0,0,0,0,0,0,0,0,0,0
"	7663464953572360198",0717-引导-小敏-3.mp4,https://video-cn.oceanengine.com/cd1c58b9099d2c28806f3b6e088650f8/6a7545c9/tos-cn-ve-51/ogTtICaaAq0jWCtsQCWAWl2YIMQRdoNEzEday?a=1402&ch=0&cr=0&dr=3&cd=0%7C0%7C0%7C0&br=1253&bt=1253&cs=0&ds=4&ft=J9ThAGkHH_Myq8ZEfej_e2NvjTQ&mime_type=video_mp4&qs=0&rc=NXZpTGRTaFBnKWxncmd5aHFsc3IxZGY6NTY0Zzk0Njo8NDRpaTRlQGkzcG5nZ286bDQ8MzM0NjMzQFNsa3ZpcUQ6amtqXmJmK2BeaWpgYTojX2JjYDI2NF5eMTJfMjBhMGEjaW0uamFhL2VhYS0tZDBhc3M%3D&btag=40000200008000&dy_q=1785897660&feature_id=d6a18d7c5414b1f1e95a75faf9147845&l=20260805104058DE0027CE0FF59575C272&ply_type=3&policy=eyJ2bSI6MywidWlkIjoiMzEyOTY1MDYwMzg4ODE4NSJ9,未使用,审核不通过,--,0,--,0,0,0,0,0,0,0,0,0,0,0,0,0,0,0
"	7663464951878451243",0717-引导-小敏-5.mp4,https://video-cn.oceanengine.com/ef040b557c62f94b6bf647c053bd0df6/6a7545ca/tos-cn-ve-51/oUQoxtClr0YzShEaYkoS1AwadWnyJIQAUINak?a=1402&ch=0&cr=0&dr=3&cd=0%7C0%7C0%7C0&br=1479&bt=1479&cs=0&ds=4&ft=J9ThAGkHH_Myq8ZEfej_e2NvjTQ&mime_type=video_mp4&qs=0&rc=NXZpTGRTaFBnKWxncmd5aHFsc3IxZGY8ZzM1NDk3aDc2aTM6NGUzQGlqN3k5ZW86azQ8MzM0NjMzQFNsa3ZpcUQ6amtqXmJmK2BeaWpgYTojYzExMjU0NF9jMTU0LzVgXmEjbjJoNmFhbmVhYS0tZDAwc3M%3D&btag=40000200008000&dy_q=1785897660&feature_id=d6a18d7c5414b1f1e95a75faf9147845&l=20260805104058DE0027CE0FF59575C272&ply_type=3&policy=eyJ2bSI6MywidWlkIjoiMzEyOTY1MDYwMzg4ODE4NSJ9,未使用,审核不通过,--,0,--,0,0,0,0,0,0,0,0,0,0,0,0,0,0,0
"	7663464950016114724",0717-瑞晨引流-1.mp4,https://video-cn.oceanengine.com/8d5b3ee3a5814083555cbc9347c62ea4/6a7545cb/tos-cn-ve-51/oMaxMQxi1IozgoExlISWTQyot0MqNBdaACvAY?a=1402&ch=0&cr=0&dr=3&cd=0%7C0%7C0%7C0&br=911&bt=911&cs=0&ds=4&ft=J9ThAGkHH_Myq8ZEfej_e2NvjTQ&mime_type=video_mp4&qs=0&rc=NXZpTGRTaFBnKWxncmd5aHFsc3IxZGZoZGY8N2U8NGc2Njc5aTk7QGkzM2Q7O286azQ8MzM0NjMzQFNsa3ZpcUQ6amtqXmJmK2BeaWpgYTojM2EzY15gYDU1MTFhYy8wYGEjM2lqaGFhbmVhYS0tZDBhc3M%3D&btag=40000200010000&dy_q=1785897660&feature_id=d6a18d7c5414b1f1e95a75faf9147845&l=20260805104058DE0027CE0FF59575C272&ply_type=3&policy=eyJ2bSI6MywidWlkIjoiMzEyOTY1MDYwMzg4ODE4NSJ9,未使用,审核不通过,--,0,--,0,0,0,0,0,0,0,0,0,0,0,0,0,0,0
"	7663464949721645099",0717-瑞晨引流-10.mp4,https://video-cn.oceanengine.com/5759bc842fbd48c02c4ba928d1657d6c/6a7545d1/tos-cn-ve-51/ogsQ2aLfIAhjPLgBUA67naxI0QamQEtF10Am2o?a=1402&ch=0&cr=0&dr=3&cd=0%7C0%7C0%7C0&br=1511&bt=1511&cs=0&ds=4&ft=J9ThAGkHH_Myq8ZEfej_e2NvjTQ&mime_type=video_mp4&qs=0&rc=NXZpTGRTaFBnKWxncmd5aHFsc3IxZGY0NDs2MzU3aTQ7Z2hlOTg6QGlqOGR2ZG86azQ8MzM0NjMzQFNsa3ZpcUQ6amtqXmJmK2BeaWpgYTojXy82NGJfYjZgMTQzXmJiX2EjcW5sMGFhbmVhYS0tZDAvc3M%3D&btag=40000200010000&dy_q=1785897660&feature_id=d6a18d7c5414b1f1e95a75faf9147845&l=20260805104058DE0027CE0FF59575C272&ply_type=3&policy=eyJ2bSI6MywidWlkIjoiMzEyOTY1MDYwMzg4ODE4NSJ9,未使用,审核不通过,--,0,--,0,0,0,0,0,0,0,0,0,0,0,0,0,0,0
"	7663464941391282217",0717-瑞晨引流-8.mp4,https://video-cn.oceanengine.com/ef387593642b72d0a21432bc28f4c8b8/6a7545c9/tos-cn-ve-51/oodkhXzIdIPlARFD0XxYWQsLQaWoAExIgatDl?a=1402&ch=0&cr=0&dr=3&cd=0%7C0%7C0%7C0&br=1851&bt=1851&cs=0&ds=4&ft=J9ThAGkHH_Myq8ZEfej_e2NvjTQ&mime_type=video_mp4&qs=0&rc=NXZpTGRTaFBnKWxncmd5aHFsc3IxZGY3ZGZnaTQ4MzY8aTY6aDg0QGlqOGs4OG86azQ8MzM0NjMzQFNsa3ZpcUQ6amtqXmJmK2BeaWpgYTojNWJeLl5jMDVfMS4wXjEvM2EjNWJwamFhbmVhYS0tZDAvc3M%3D&btag=40000200008000&dy_q=1785897660&feature_id=d6a18d7c5414b1f1e95a75faf9147845&l=20260805104058DE0027CE0FF59575C272&ply_type=3&policy=eyJ2bSI6MywidWlkIjoiMzEyOTY1MDYwMzg4ODE4NSJ9,未使用,审核不通过,--,0,--,0,0,0,0,0,0,0,0,0,0,0,0,0,0,0
"	7663464941266190379",0717-引导-嘉丽-4.mp4,https://video-cn.oceanengine.com/bb7a92557b743f6e06e469341998c2b1/6a7545ca/tos-cn-ve-51/oMPWDlgAQBuIaAEdUOkaW5uzyYN8Is3odtEoQ?a=1402&ch=0&cr=0&dr=3&cd=0%7C0%7C0%7C0&br=2092&bt=2092&cs=0&ds=4&ft=J9ThAGkHH_Myq8ZEfej_e2NvjTQ&mime_type=video_mp4&qs=0&rc=NXZpTGRTaFBnKWxncmd5aHFsc3IxZGYzaTdoNmk1ZzQ1NzM8Mzw0QGlqcWpkaG86bDQ8MzM0NjMzQFNsa3ZpcUQ6amtqXmJmK2BeaWpgYTojYjQ2LjUuYl4yMS5eYV9eLmEjNG8va2FhL2VhYS0tZDAvc3M%3D&btag=40000200008000&dy_q=1785897660&feature_id=d6a18d7c5414b1f1e95a75faf9147845&l=20260805104058DE0027CE0FF59575C272&ply_type=3&policy=eyJ2bSI6MywidWlkIjoiMzEyOTY1MDYwMzg4ODE4NSJ9,未使用,审核不通过,--,0,--,0,0,0,0,0,0,0,0,0,0,0,0,0,0,0
"	7663464940309512235",0717-瑞晨引流-3.mp4,https://video-cn.oceanengine.com/e3ed2bef2bed0fb8e23ad5f876ae7fdd/6a7545cb/tos-cn-ve-51/ocDPnHggCaAao2hw1eNp3WRJIj1IABKRUAfqNo?a=1402&ch=0&cr=0&dr=3&cd=0%7C0%7C0%7C0&br=1305&bt=1305&cs=0&ds=4&ft=J9ThAGkHH_Myq8ZEfej_e2NvjTQ&mime_type=video_mp4&qs=0&rc=NXZpTGRTaFBnKWxncmd5aHFsc3IxZGZkZ2Y1O2ZnZzg4ZTtpMzc3QGkzZGluZ286azQ8MzM0NjMzQFNsa3ZpcUQ6amtqXmJmK2BeaWpgYTojLWItLTFiXjUyMTQxYjIyNWEjYV5mbWFhbmVhYS0tZDAvc3M%3D&btag=40000e00010000&dy_q=1785897660&feature_id=d6a18d7c5414b1f1e95a75faf9147845&l=20260805104058DE0027CE0FF59575C272&ply_type=3&policy=eyJ2bSI6MywidWlkIjoiMzEyOTY1MDYwMzg4ODE4NSJ9,未使用,审核通过,--,2,--,0,0,0,0,0,0,0,0,0,0,0,0,0,0,0
"	7663464935540654116",0717-瑞晨引流-2.mp4,https://video-cn.oceanengine.com/2b0e4356323225dce4c9484948278eb6/6a7545cb/tos-cn-ve-51/o85aYd0NzlVQowBtEWaWzNIxIQuB0oAtdA0AC?a=1402&ch=0&cr=0&dr=3&cd=0%7C0%7C0%7C0&br=931&bt=931&cs=0&ds=4&ft=J9ThAGkHH_Myq8ZEfej_e2NvjTQ&mime_type=video_mp4&qs=0&rc=NXZpTGRTaFBnKWxncmd5aHFsc3IxZGY3Ojk2ZjtoM2RoOTxnNDY1QGkzNDc4aG86azQ8MzM0NjMzQFNsa3ZpcUQ6amtqXmJmK2BeaWpgYTojMWM0M2M0LzZeMTM1MS5eLWEjLTFjaGFhbmVhYS0tZDAwc3M%3D&btag=40000200010000&dy_q=1785897660&feature_id=d6a18d7c5414b1f1e95a75faf9147845&l=20260805104058DE0027CE0FF59575C272&ply_type=3&policy=eyJ2bSI6MywidWlkIjoiMzEyOTY1MDYwMzg4ODE4NSJ9,未使用,审核不通过,--,0,--,0,0,0,0,0,0,0,0,0,0,0,0,0,0,0
"	7663464914388238378",0717-瑞晨引流-5.mp4,https://video-cn.oceanengine.com/5a996863fa9cd0a0942413bee55932de/6a7545cb/tos-cn-ve-51/ootQGosvEIzmJ0MSoIadAatTSYW2QBlUxmhAY?a=1402&ch=0&cr=0&dr=3&cd=0%7C0%7C0%7C0&br=826&bt=826&cs=0&ds=4&ft=J9ThAGkHH_Myq8ZEfej_e2NvjTQ&mime_type=video_mp4&qs=0&rc=NXZpTGRTaFBnKWxncmd5aHFsc3IxZGZnPGZmNjg4ZjY6ZWc8ZTM5QGkzPGpnaW86azQ8MzM0NjMzQFNsa3ZpcUQ6amtqXmJmK2BeaWpgYTojMi1iLTYyY14wMWE1YDAyM2EjNmBlaGFhbmVhYS0tZDBhc3M%3D&btag=40000200010000&dy_q=1785897660&feature_id=d6a18d7c5414b1f1e95a75faf9147845&l=20260805104058DE0027CE0FF59575C272&ply_type=3&policy=eyJ2bSI6MywidWlkIjoiMzEyOTY1MDYwMzg4ODE4NSJ9,未使用,审核不通过,--,0,--,0,0,0,0,0,0,0,0,0,0,0,0,0,0,0
"	7663464879739568147",0717-瑞晨引流-9.mp4,https://video-cn.oceanengine.com/68d092797f21b7efc8177efc17fa3024/6a7545c5/tos-cn-ve-51/ow1lP0CzIcWcwoaA8XYhT8dQtxQInoHA1EaQs?a=1402&ch=0&cr=0&dr=3&cd=0%7C0%7C0%7C0&br=2046&bt=2046&cs=0&ds=4&ft=J9ThAGkHH_Myq8ZEfej_e2NvjTQ&mime_type=video_mp4&qs=0&rc=NXZpTGRTaFBnKWxncmd5aHFsc3IxZGZnPDMzaWRmZGVoNjs3NWY2QGkzOmo6O286azQ8MzM0NjMzQFNsa3ZpcUQ6amtqXmJmK2BeaWpgYTojNDNeMmFgY15eMTZeMWAyXmEjanM0YmFhbmVhYS0tZDAwc3M%3D&btag=40000200008000&dy_q=1785897660&feature_id=d6a18d7c5414b1f1e95a75faf9147845&l=20260805104058DE0027CE0FF59575C272&ply_type=3&policy=eyJ2bSI6MywidWlkIjoiMzEyOTY1MDYwMzg4ODE4NSJ9,未使用,审核不通过,--,0,--,0,0,0,0,0,0,0,0,0,0,0,0,0,0,0
"	7663464864167395370",0717-瑞晨引流-6.mp4,https://video-cn.oceanengine.com/3fbedda0655be61a42f6ffad34265119/6a7545c5/tos-cn-ve-51/ogAggsK0Iq1IoAFEaKaQ4Qj6mL6m7xtQ6f6BY2?a=1402&ch=0&cr=0&dr=3&cd=0%7C0%7C0%7C0&br=2117&bt=2117&cs=0&ds=4&ft=J9ThAGkHH_Myq8ZEfej_e2NvjTQ&mime_type=video_mp4&qs=0&rc=NXZpTGRTaFBnKWxncmd5aHFsc3IxZGY5ZDY3NDU7Njs7ZGdmPDs1QGkzOG9wZ286azQ8MzM0NjMzQFNsa3ZpcUQ6amtqXmJmK2BeaWpgYTojYDItMDUxNDYxMTEyMi5gYWEjM2xvXmFhbmVhYS0tZDBhc3M%3D&btag=40000200008000&dy_q=1785897660&feature_id=d6a18d7c5414b1f1e95a75faf9147845&l=20260805104058DE0027CE0FF59575C272&ply_type=3&policy=eyJ2bSI6MywidWlkIjoiMzEyOTY1MDYwMzg4ODE4NSJ9,未使用,审核不通过,--,0,--,0,0,0,0,0,0,0,0,0,0,0,0,0,0,0
"	7663102938734788651",0716-引导-嘉丽-3.mp4,https://video-cn.oceanengine.com/85e85e10c7f9638bbf2a60bc86d7a66b/6a7545ee/tos-cn-ve-51/owahGQjMoIszZgErlINWQgFjtkCPRQdZAHKAP?a=1402&ch=0&cr=0&dr=3&cd=0%7C0%7C0%7C0&br=2692&bt=2692&cs=0&ds=4&ft=J9ThAGkHH_Myq8ZEfej_e2NvjTQ&mime_type=video_mp4&qs=0&rc=NXZpTGRTaFBnKWxncmd5aHFsc3IxZGY7Zjc3aGZkZTc0NjRoODloQGkzc242M286NGY8MzM0NjMzQFNsa3ZpcUQ6amtqXmJmK2BeaWpgYTojNmIvLmAvYTYwMS4xLjZjMmEjLnItamFhZnNgYS0tZDAvc3M%3D&btag=40000200020000&dy_q=1785897660&feature_id=d6a18d7c5414b1f1e95a75faf9147845&l=20260805104058DE0027CE0FF59575C272&ply_type=3&policy=eyJ2bSI6MywidWlkIjoiMzEyOTY1MDYwMzg4ODE4NSJ9,未使用,审核不通过,--,2,--,0,0,0,0,0,0,0,0,0,0,0,0,0,0,0
"	7663102891561435172",0715-引导-雅迪-1-改.mp4,https://video-cn.oceanengine.com/4bbf1b6a16b826c5b197d80ad291cce0/6a7545d1/tos-cn-ve-51/ooee0QCaqBMXE8ht7EmMpAIPDA6ZoWlgiNEXF9?a=1402&ch=0&cr=0&dr=3&cd=0%7C0%7C0%7C0&br=1712&bt=1712&cs=0&ds=4&ft=J9ThAGkHH_Myq8ZEfej_e2NvjTQ&mime_type=video_mp4&qs=0&rc=NXZpTGRTaFBnKWxncmd5aHFsc3IxZGY2ZWY7NGRnOzM1aTM1aDxkQGkzNW92ZW86eGY8MzM0NjMzQFNsa3ZpcUQ6amtqXmJmK2BeaWpgYTojXzM0M2MzL15gMTAvMzReMWEjYy5fZ2FhbnJgYS0tZDAvc3M%3D&btag=40000200010000&dy_q=1785897660&feature_id=d6a18d7c5414b1f1e95a75faf9147845&l=20260805104058DE0027CE0FF59575C272&ply_type=3&policy=eyJ2bSI6MywidWlkIjoiMzEyOTY1MDYwMzg4ODE4NSJ9,未使用,审核不通过,--,2,--,0,0,0,0,0,0,0,0,0,0,0,0,0,0,0
"	7663102878458806278",0716-引导-嘉丽-2.mp4,https://video-cn.oceanengine.com/30d2afdee9d700f5d3ebbbbbfbecf536/6a7545e2/tos-cn-ve-51/oAes1RuGG2fGRDh8FAUAaCVjgBbZAp9UVBEOXf?a=1402&ch=0&cr=0&dr=3&cd=0%7C0%7C0%7C0&br=780&bt=780&cs=0&ds=4&ft=J9ThAGkHH_Myq8ZEfej_e2NvjTQ&mime_type=video_mp4&qs=0&rc=NXZpTGRTaFBnKWxncmd5aHFsc3IxZGZnOjY2Zzg7OGVnNzM7ZzwzQGlqeXFvZW86NGY8MzM0NjMzQFNsa3ZpcUQ6amtqXmJmK2BeaWpgYTojYzEtYl8xNF5hMTI1YWMyMGEjL3JeZGFhZnNgYS0tZDAwc3M%3D&btag=40000200018000&dy_q=1785897660&feature_id=d6a18d7c5414b1f1e95a75faf9147845&l=20260805104058DE0027CE0FF59575C272&ply_type=3&policy=eyJ2bSI6MywidWlkIjoiMzEyOTY1MDYwMzg4ODE4NSJ9,未使用,审核不通过,--,2,--,0,0,0,0,0,0,0,0,0,0,0,0,0,0,0
"	7663102846160699455",0714-魏怡引流-4-修改.mp4,https://video-cn.oceanengine.com/8cecc4e78743ab86181d55d257fb0cb6/6a7545f8/tos-cn-ve-51/oIQdDQJAWZQoamtId9URUPtA9IzEjlWMaT4XG?a=1402&ch=0&cr=0&dr=3&cd=0%7C0%7C0%7C0&br=1264&bt=1264&cs=0&ds=4&ft=J9ThAGkHH_Myq8ZEfej_e2NvjTQ&mime_type=video_mp4&qs=0&rc=NXZpTGRTaFBnKWxncmd5aHFsc3IxZGY4N2U2Zzo8O2dmNTdkNmk1QGkzbnM3O286d2Y8MzM0NjMzQFNsa3ZpcUQ6amtqXmJmK2BeaWpgYTojMDUzNi01MTYuMTMxYGJjM2EjZ2AtYWFhXnJgYS0tZDBhc3M%3D&btag=40000200028000&dy_q=1785897660&feature_id=d6a18d7c5414b1f1e95a75faf9147845&l=20260805104058DE0027CE0FF59575C272&ply_type=3&policy=eyJ2bSI6MywidWlkIjoiMzEyOTY1MDYwMzg4ODE4NSJ9,未使用,审核不通过,--,2,--,0,0,0,0,0,0,0,0,0,0,0,0,0,0,0
"	7663102817235451945",0715-魏怡-2-修改.mp4,https://video-cn.oceanengine.com/754fe029e018ccf924e1379660f50de0/6a7545e2/tos-cn-ve-51/os5Qij7nEIzaOUzqSIadAZtQLnWFwEl3dyGAP?a=1402&ch=0&cr=0&dr=3&cd=0%7C0%7C0%7C0&br=1032&bt=1032&cs=0&ds=4&ft=J9ThAGkHH_Myq8ZEfej_e2NvjTQ&mime_type=video_mp4&qs=0&rc=NXZpTGRTaFBnKWxncmd5aHFsc3IxZGY2OWc5OjhkOGU0Mzk2NDtoQGkzaGg0Om86d2Y8MzM0NjMzQFNsa3ZpcUQ6amtqXmJmK2BeaWpgYTojM2A1LWBjMF8zMTJgNmItLmEjaTFiNmFhXnJgYS0tZDAwc3M%3D&btag=40000200018000&dy_q=1785897660&feature_id=d6a18d7c5414b1f1e95a75faf9147845&l=20260805104058DE0027CE0FF59575C272&ply_type=3&policy=eyJ2bSI6MywidWlkIjoiMzEyOTY1MDYwMzg4ODE4NSJ9,未使用,审核不通过,--,2,--,0,0,0,0,0,0,0,0,0,0,0,0,0,0,0
"	7663102806485434410",0725-3-魏怡引流-修改.mp4,https://video-cn.oceanengine.com/e73a06f16c5d9e74d87a473219571936/6a7545d9/tos-cn-ve-51/oIfuAioaCQLDNQqDYwgEaWkMxBSAh7ectgL6Ig?a=1402&ch=0&cr=0&dr=3&cd=0%7C0%7C0%7C0&br=1609&bt=1609&cs=0&ds=4&ft=J9ThAGkHH_Myq8ZEfej_e2NvjTQ&mime_type=video_mp4&qs=0&rc=NXZpTGRTaFBnKWxncmd5aHFsc3IxZGY5OzU2N2doNTg0OTw8ZzY7QGkzbDc4OG86d2Y8MzM0NjMzQFNsa3ZpcUQ6amtqXmJmK2BeaWpgYTojXzA0YzIuNF5eMS80NV82NGEjLmRuamFhXnJgYS0tZDAvc3M%3D&btag=40000200010000&dy_q=1785897660&feature_id=d6a18d7c5414b1f1e95a75faf9147845&l=20260805104058DE0027CE0FF59575C272&ply_type=3&policy=eyJ2bSI6MywidWlkIjoiMzEyOTY1MDYwMzg4ODE4NSJ9,未使用,审核不通过,--,2,--,0,0,0,0,0,0,0,0,0,0,0,0,0,0,0
"	7663055315891503114",0716-引流-魏怡-2.mp4,https://video-cn.oceanengine.com/aeb8b35e39fe4f81a493764fb3db7bc6/6a7545cf/tos-cn-ve-51/oYgviUNG0CUKeAbYeMRAV1tBhkqJ3sAfjj40Wa?a=1402&ch=0&cr=0&dr=3&cd=0%7C0%7C0%7C0&br=1149&bt=1149&cs=0&ds=3&ft=J9ThAGkHH_Myq8ZEfej_e2NvjTQ&mime_type=video_mp4&qs=0&rc=NXZpTGRTaFBnKWxncmd5aHFsc3IxZGY7NTQ4ZDw6Z2Y3NzU6ODdlQGkzd2ZnaW86aGQ8MzM0NjMzQFNsa3ZpcUQ6amtqXmJmK2BeaWpgYTojLl40XzI0YzYxMTYwNjZfY2EjczNkaGFhZjVgYS0tZDBhc3M%3D&btag=40000e00010000&dy_q=1785897660&feature_id=d6a18d7c5414b1f1e95a75faf9147845&l=20260805104058DE0027CE0FF59575C272&ply_type=3&policy=eyJ2bSI6MywidWlkIjoiMzEyOTY1MDYwMzg4ODE4NSJ9,未使用,审核通过,--,2,--,0,0,0,0,0,0,0,0,0,0,0,0,0,0,0
"	7663055279933472777",0716-引流-魏怡-9.mp4,https://video-cn.oceanengine.com/efd10177c6cd38ad6199fb1272ea5d45/6a7545ce/tos-cn-ve-51/oodM7fdLQINmAIWG1DEp1LtCBwgYhFIpALQKaG?a=1402&ch=0&cr=0&dr=3&cd=0%7C0%7C0%7C0&br=1357&bt=1357&cs=0&ds=3&ft=J9ThAGkHH_Myq8ZEfej_e2NvjTQ&mime_type=video_mp4&qs=0&rc=NXZpTGRTaFBnKWxncmd5aHFsc3IxZGZkMzU3PDNoOjM8OTY0NzY2QGkzZXV3OW86aGQ8MzM0NjMzQFNsa3ZpcUQ6amtqXmJmK2BeaWpgYTojLi0uMjU1MF5fMTMtNGFeYmEjMi1ec2FhZjVgYS0tZDAwc3M%3D&btag=40000e00010000&dy_q=1785897660&feature_id=d6a18d7c5414b1f1e95a75faf9147845&l=20260805104058DE0027CE0FF59575C272&ply_type=3&policy=eyJ2bSI6MywidWlkIjoiMzEyOTY1MDYwMzg4ODE4NSJ9,未使用,审核通过,--,1,--,0,0,0,0,0,0,0,0,0,0,0,0,0,0,0
"	7663055260098527241",0715-引流-魏怡-7.mp4,https://video-cn.oceanengine.com/8c6395963e1724500c92bc46bd63fd00/6a7545cd/tos-cn-ve-51/osuUAWODi1tgFY5lkaslEQKIAdHplcAzGzIQq?a=1402&ch=0&cr=0&dr=3&cd=0%7C0%7C0%7C0&br=1375&bt=1375&cs=0&ds=3&ft=J9ThAGkHH_Myq8ZEfej_e2NvjTQ&mime_type=video_mp4&qs=0&rc=NXZpTGRTaFBnKWxncmd5aHFsc3IxZGZkZjhmOmZkZjhkOzU3NmZmQGlqdmp2ZG86aGQ8MzM0NjMzQFNsa3ZpcUQ6amtqXmJmK2BeaWpgYTojYTA0Nl5iMjZhMTVgNDNjY2EjcGhxMGFhXjVgYS0tZDAvc3M%3D&btag=40000e00010000&dy_q=1785897660&feature_id=d6a18d7c5414b1f1e95a75faf9147845&l=20260805104058DE0027CE0FF59575C272&ply_type=3&policy=eyJ2bSI6MywidWlkIjoiMzEyOTY1MDYwMzg4ODE4NSJ9,未使用,审核通过,--,1,--,0,0,0,0,0,0,0,0,0,0,0,0,0,0,0
"	7663055254678781990",0716-引流-魏怡-8.mp4,https://video-cn.oceanengine.com/5658e95ec2a6c1a7c06b0a0907f2259f/6a7545c9/tos-cn-ve-51/ocaOpQbUbIWzqqELlIFWQgBitUGXBDdYAvKAk?a=1402&ch=0&cr=0&dr=3&cd=0%7C0%7C0%7C0&br=1995&bt=1995&cs=0&ds=3&ft=J9ThAGkHH_Myq8ZEfej_e2NvjTQ&mime_type=video_mp4&qs=0&rc=NXZpTGRTaFBnKWxncmd5aHFsc3IxZGZkODw2PDYzaDpmOTo8NWc2QGkzZDg4ZG86aGQ8MzM0NjMzQFNsa3ZpcUQ6amtqXmJmK2BeaWpgYTojYS0tXmEtMl4xMWIwYTMwMWEjMGMtX2FhXjVgYS0tZDAvc3M%3D&btag=40000e00008000&dy_q=1785897660&feature_id=d6a18d7c5414b1f1e95a75faf9147845&l=20260805104058DE0027CE0FF59575C272&ply_type=3&policy=eyJ2bSI6MywidWlkIjoiMzEyOTY1MDYwMzg4ODE4NSJ9,未使用,审核通过,--,1,--,0,0,0,0,0,0,0,0,0,0,0,0,0,0,0
"	7663055246740127782",0716-引流-魏怡-3.mp4,https://video-cn.oceanengine.com/cd4d0bd12015b2bc4543115188588f84/6a7545cd/tos-cn-ve-51/owmALVdAhFWayAI0QDSmGdIIBfgtYp71QICEUF?a=1402&ch=0&cr=0&dr=3&cd=0%7C0%7C0%7C0&br=1559&bt=1559&cs=0&ds=3&ft=J9ThAGkHH_Myq8ZEfej_e2NvjTQ&mime_type=video_mp4&qs=0&rc=NXZpTGRTaFBnKWxncmd5aHFsc3IxZGY4ZTM0OWk8OTdoNWY0aGloQGkzeWY2N286aGQ8MzM0NjMzQFNsa3ZpcUQ6amtqXmJmK2BeaWpgYTojYGIuXy01YjZeMS4vNjMzXmEjLmhpLWFhZjVgYS0tZDBhc3M%3D&btag=40000e00010000&dy_q=1785897660&feature_id=d6a18d7c5414b1f1e95a75faf9147845&l=20260805104058DE0027CE0FF59575C272&ply_type=3&policy=eyJ2bSI6MywidWlkIjoiMzEyOTY1MDYwMzg4ODE4NSJ9,未使用,审核通过,--,1,--,0,0,0,0,0,0,0,0,0,0,0,0,0,0,0
"	7663055229525753882",0716-引导-魏怡-4.mp4,https://video-cn.oceanengine.com/5d3fe3d20ccda18421b84c3eeef5c08f/6a7545d0/tos-cn-ve-51/ogexyeAsjAQWXhiagqbUOMCmStBG1GMH5UIIft?a=1402&ch=0&cr=0&dr=3&cd=0%7C0%7C0%7C0&br=1661&bt=1661&cs=0&ds=3&ft=J9ThAGkHH_Myq8ZEfej_e2NvjTQ&mime_type=video_mp4&qs=0&rc=NXZpTGRTaFBnKWxncmd5aHFsc3IxZGY6OzY6OzRpZDNmaDg8NDQ5QGlqeXhsZ286aGQ8MzM0NjMzQFNsa3ZpcUQ6amtqXmJmK2BeaWpgYTojNmA2MzJeYjU1MTEvYjMtMmEjNjBia2FhXjVgYS0tZDAwc3M%3D&btag=40000e00010000&dy_q=1785897660&feature_id=d6a18d7c5414b1f1e95a75faf9147845&l=20260805104058DE0027CE0FF59575C272&ply_type=3&policy=eyJ2bSI6MywidWlkIjoiMzEyOTY1MDYwMzg4ODE4NSJ9,未使用,审核通过,--,2,--,0,0,0,0,0,0,0,0,0,0,0,0,0,0,0
"	7663055228426240027",0716-引流-魏怡-1.mp4,https://video-cn.oceanengine.com/1bbb209db3399fd0950dc19ad6b52554/6a7545d2/tos-cn-ve-51/oAgk3kAHKYtEzIQcFE1OzWMq7QGlpdIaAisA2?a=1402&ch=0&cr=0&dr=3&cd=0%7C0%7C0%7C0&br=1441&bt=1441&cs=0&ds=3&ft=J9ThAGkHH_Myq8ZEfej_e2NvjTQ&mime_type=video_mp4&qs=0&rc=NXZpTGRTaFBnKWxncmd5aHFsc3IxZGY1ZzpoNTszNzY3ODQ8PDRkQGlqdmp2ZG86aGQ8MzM0NjMzQFNsa3ZpcUQ6amtqXmJmK2BeaWpgYTojMV42LV8wYDY2MTAwXzI2NmEjcWhxMGFhZjVgYS0tZDAvc3M%3D&btag=40000e00010000&dy_q=1785897660&feature_id=d6a18d7c5414b1f1e95a75faf9147845&l=20260805104058DE0027CE0FF59575C272&ply_type=3&policy=eyJ2bSI6MywidWlkIjoiMzEyOTY1MDYwMzg4ODE4NSJ9,未使用,审核通过,--,1,--,0,0,0,0,0,0,0,0,0,0,0,0,0,0,0
"	7663055226732789769",0716-引流-魏怡-10.mp4,https://video-cn.oceanengine.com/b956fbcf976ec914a4e6902f51c2dd15/6a7545d5/tos-cn-ve-51/o8ihQatqKsjBeregSUUxGmeILL1RNbAsx0CuKA?a=1402&ch=0&cr=0&dr=3&cd=0%7C0%7C0%7C0&br=1795&bt=1795&cs=0&ds=3&ft=J9ThAGkHH_Myq8ZEfej_e2NvjTQ&mime_type=video_mp4&qs=0&rc=NXZpTGRTaFBnKWxncmd5aHFsc3IxZGZkODRpZDU1aGg3aDk0aTs1QGlqPHJyZ286aGQ8MzM0NjMzQFNsa3ZpcUQ6amtqXmJmK2BeaWpgYTojYzZfMzZjMTU1MS5hMC5iX2Eja3NhYmFhZjVgYS0tZDBhc3M%3D&btag=40000e00010000&dy_q=1785897660&feature_id=d6a18d7c5414b1f1e95a75faf9147845&l=20260805104058DE0027CE0FF59575C272&ply_type=3&policy=eyJ2bSI6MywidWlkIjoiMzEyOTY1MDYwMzg4ODE4NSJ9,未使用,审核通过,--,1,--,0,0,0,0,0,0,0,0,0,0,0,0,0,0,0
"	7663055198366597171",0716-引流-魏怡-5.mp4,https://video-cn.oceanengine.com/9cff3c5ce86c4da3179585db7cca7d96/6a7545ca/tos-cn-ve-51/o8ILaIHdB7yhEFpfxQ1QtAmYIKmFAoBPpAqCQR?a=1402&ch=0&cr=0&dr=3&cd=0%7C0%7C0%7C0&cv=1&br=1482&bt=1482&cs=0&ds=3&ft=J9ThAGkHH_Myq8ZEfej_e2NvjTQ&mime_type=video_mp4&qs=0&rc=NXZpTGRTaFBnKWxncmd5aHFsc3IxZGYzNWg5ZjU8Omg7NTc0NDRmQGlqeTNmNm86aGQ8MzM0NjMzQFNsa3ZpcUQ6amtqXmJmK2BeaWpgYTojYDM0Y18tM19eMTJiYmEzMmEjNC5tcGFhZjVgYS0tZDAvc3M%3D&btag=40000e00010000&dy_q=1785897660&feature_id=d6a18d7c5414b1f1e95a75faf9147845&l=20260805104058DE0027CE0FF59575C272&ply_type=3&policy=eyJ2bSI6MywidWlkIjoiMzEyOTY1MDYwMzg4ODE4NSJ9,已使用,审核通过,--,9,--,0,0,0,0,0,0,0,0,0,0,0,0,0,0,0
"	7663055189575106606",0716-浩正引导-2.mp4,https://video-cn.oceanengine.com/7ab96db5d0da71f0847ddcb0af694b59/6a7545d8/tos-cn-ve-51/o4aKFQlkEIMzUlErlIJWQwwitEGNpEdZA4yAk?a=1402&ch=0&cr=0&dr=3&cd=0%7C0%7C0%7C0&br=1342&bt=1342&cs=0&ds=4&ft=J9ThAGkHH_Myq8ZEfej_e2NvjTQ&mime_type=video_mp4&qs=0&rc=NXZpTGRTaFBnKWxncmd5aHFsc3IxZGZpPGY0NWVmZDM5PGY3NDs6QGkzbjM8OG86ZGQ8MzM0NjMzQFNsa3ZpcUQ6amtqXmJmK2BeaWpgYTojXzVjNGMuYF5iMTY2MjEyYmEjMG4zM2FhLzVgYS0tZDAwc3M%3D&btag=40000200010000&dy_q=1785897660&feature_id=d6a18d7c5414b1f1e95a75faf9147845&l=20260805104058DE0027CE0FF59575C272&ply_type=3&policy=eyJ2bSI6MywidWlkIjoiMzEyOTY1MDYwMzg4ODE4NSJ9,未使用,审核不通过,--,0,--,0,0,0,0,0,0,0,0,0,0,0,0,0,0,0
"	7663055161565888522",0716-引导-小敏-1.mp4,https://video-cn.oceanengine.com/7f48af3e6949d0846ccf474c128c1027/6a7545cc/tos-cn-ve-51/oEhElEkILxNAWZ9BzIgQaAIzQNOEILltdFsyi?a=1402&ch=0&cr=0&dr=3&cd=0%7C0%7C0%7C0&br=598&bt=598&cs=0&ds=4&ft=J9ThAGkHH_Myq8ZEfej_e2NvjTQ&mime_type=video_mp4&qs=0&rc=NXZpTGRTaFBnKWxncmd5aHFsc3IxZGZnM2dnZWRlPDppZzdlNDU2QGlqZmZtNG86ZWQ8MzM0NjMzQFNsa3ZpcUQ6amtqXmJmK2BeaWpgYTojMF5fLzYuMF9eMTAvNV9hMmEjMjZiM2FhLzVgYS0tZDAvc3M%3D&btag=40000200010000&dy_q=1785897660&feature_id=d6a18d7c5414b1f1e95a75faf9147845&l=20260805104058DE0027CE0FF59575C272&ply_type=3&policy=eyJ2bSI6MywidWlkIjoiMzEyOTY1MDYwMzg4ODE4NSJ9,未使用,审核不通过,--,0,--,0,0,0,0,0,0,0,0,0,0,0,0,0,0,0
"	7663055112802025499",0716-浩正引导-1.mp4,https://video-cn.oceanengine.com/ce1d40be910fd708bcec802311010d4d/6a7545db/tos-cn-ve-51/o0QQp1cdIAA2Q5aUBFRYI4EQctmvFLkBfh7Ig4?a=1402&ch=0&cr=0&dr=3&cd=0%7C0%7C0%7C0&br=371&bt=371&cs=0&ds=3&ft=J9ThAGkHH_Myq8ZEfej_e2NvjTQ&mime_type=video_mp4&qs=0&rc=NXZpTGRTaFBnKWxncmd5aHFsc3IxZGZnZWVoaDdkOGU2aWQ1aDQ2QGkzanM6O286ZGQ8MzM0NjMzQFNsa3ZpcUQ6amtqXmJmK2BeaWpgYTojMS5fM2M2YzZjMTUzLjJiLWEjcHIyYmFhLzVgYS0tZDAwc3M%3D&btag=40000e00018000&dy_q=1785897660&feature_id=d6a18d7c5414b1f1e95a75faf9147845&l=20260805104058DE0027CE0FF59575C272&ply_type=3&policy=eyJ2bSI6MywidWlkIjoiMzEyOTY1MDYwMzg4ODE4NSJ9,未使用,审核通过,--,1,--,0,0,0,0,0,0,0,0,0,0,0,0,0,0,0
"	7662989870433239066",0715-引导-小敏-3-修改.mp4,https://video-cn.oceanengine.com/019c48efe021cf9edc59112b78e0f372/6a7545d3/tos-cn-ve-51c800/oMAvDQh6EwztIAHEkEQaoIVJGlY9cdWh9wAZ5?a=1402&ch=0&cr=0&dr=3&cd=0%7C0%7C0%7C0&br=1368&bt=1368&cs=0&ds=4&ft=J9ThAGkHH_Myq8ZEfej_e2NvjTQ&mime_type=video_mp4&qs=0&rc=NXZpTGRTaFBnKWxncmd5aHFsc3IxZGZmOjM0O2c3ZjhmN2c0aDwzQGkzM3lsNG86ajk8MzM0NjMzQFNsa3ZpcUQ6amtqXmJmK2BeaWpgYTojMmEyMDMzYV5eMWFiNTAvLmEjMGhhcGFhL2VgYS0tZDAwc3M%3D&btag=40000200010000&dy_q=1785897660&feature_id=d6a18d7c5414b1f1e95a75faf9147845&l=20260805104058DE0027CE0FF59575C272&ply_type=3&policy=eyJ2bSI6MywidWlkIjoiMzEyOTY1MDYwMzg4ODE4NSJ9,未使用,审核不通过,--,0,--,0,0,0,0,0,0,0,0,0,0,0,0,0,0,0
"	7662989870433206298",0715-引导-小敏-2-修改.mp4,https://video-cn.oceanengine.com/5843d6f7e53026a68d42896789a847da/6a7545d3/tos-cn-ve-51/oEQtICaYALmEk4vVgjWAPlBoI1QtphcEzEdiw?a=1402&ch=0&cr=0&dr=3&cd=0%7C0%7C0%7C0&br=884&bt=884&cs=0&ds=4&ft=J9ThAGkHH_Myq8ZEfej_e2NvjTQ&mime_type=video_mp4&qs=0&rc=NXZpTGRTaFBnKWxncmd5aHFsc3IxZGZkNTY1ZmU5ZWk3Njs8ZWdoQGlqNG1zaW86ajk8MzM0NjMzQFNsa3ZpcUQ6amtqXmJmK2BeaWpgYTojYjA2YDY1LV5hMTIwNDExM2EjMl5nXmFhL2VgYS0tZDAvc3M%3D&btag=40000200010000&dy_q=1785897660&feature_id=d6a18d7c5414b1f1e95a75faf9147845&l=20260805104058DE0027CE0FF59575C272&ply_type=3&policy=eyJ2bSI6MywidWlkIjoiMzEyOTY1MDYwMzg4ODE4NSJ9,未使用,审核不通过,--,0,--,0,0,0,0,0,0,0,0,0,0,0,0,0,0,0
"	7662989862635503662",0715-引导-小敏-1-修改.mp4,https://video-cn.oceanengine.com/34721dfa760a209fac3cb73248f84d8a/6a7545db/tos-cn-ve-51/oswcowlY3qAhtENxd1EAapCJzdIFFWQIOQhwo?a=1402&ch=0&cr=0&dr=3&cd=0%7C0%7C0%7C0&br=644&bt=644&cs=0&ds=4&ft=J9ThAGkHH_Myq8ZEfej_e2NvjTQ&mime_type=video_mp4&qs=0&rc=NXZpTGRTaFBnKWxncmd5aHFsc3IxZGZnPDM7NWVoMzxmZmY6OWdnQGkzcW00O286ajk8MzM0NjMzQFNsa3ZpcUQ6amtqXmJmK2BeaWpgYTojL142NGMuMDUyMS02YTA1MGEjbDBfaWFhL2VgYS0tZDAwc3M%3D&btag=40000200018000&dy_q=1785897660&feature_id=d6a18d7c5414b1f1e95a75faf9147845&l=20260805104058DE0027CE0FF59575C272&ply_type=3&policy=eyJ2bSI6MywidWlkIjoiMzEyOTY1MDYwMzg4ODE4NSJ9,未使用,审核不通过,--,0,--,0,0,0,0,0,0,0,0,0,0,0,0,0,0,0
"	7662989853030219827",0714瑞晨引流修改-10.mp4,https://video-cn.oceanengine.com/dc5345b65bb32d778857d8c1e078686e/6a7545cd/tos-cn-ve-51/ok1AltAQMSdHoEtbzDQkutN2aYI0hIonhpWTV?a=1402&ch=0&cr=0&dr=3&cd=0%7C0%7C0%7C0&br=3644&bt=3644&cs=0&ds=4&ft=J9ThAGkHH_Myq8ZEfej_e2NvjTQ&mime_type=video_mp4&qs=0&rc=NXZpTGRTaFBnKWxncmd5aHFsc3IxZGY3aGU6NGQ6ZDxnMzs0NTs3QGkzcGRwZ286aDk8MzM0NjMzQFNsa3ZpcUQ6amtqXmJmK2BeaWpgYTojMC8yLzI0MDZjMS0tLS0zNWEjMzBuXmFhbmVgYS0tZDBhc3M%3D&btag=40000200010000&dy_q=1785897660&feature_id=d6a18d7c5414b1f1e95a75faf9147845&l=20260805104058DE0027CE0FF59575C272&ply_type=3&policy=eyJ2bSI6MywidWlkIjoiMzEyOTY1MDYwMzg4ODE4NSJ9,未使用,审核不通过,--,0,--,0,0,0,0,0,0,0,0,0,0,0,0,0,0,0
"	7662989840313352201",0715-引导-小敏-5-修改.mp4,https://video-cn.oceanengine.com/ffd04b6f3a8ebf95b84db66fb78622f0/6a7545ca/tos-cn-ve-51/ogAKgBk1h7gQCmoERdYIAtpL9aRxfDINlI3T1Q?a=1402&ch=0&cr=0&dr=3&cd=0%7C0%7C0%7C0&br=1266&bt=1266&cs=0&ds=4&ft=J9ThAGkHH_Myq8ZEfej_e2NvjTQ&mime_type=video_mp4&qs=0&rc=NXZpTGRTaFBnKWxncmd5aHFsc3IxZGZmODtkaWk6N2c4aDM2Zjo7QGlqOGl3OW86ajk8MzM0NjMzQFNsa3ZpcUQ6amtqXmJmK2BeaWpgYTojMDZfMjZjYjZhMWI0Yy5gMmEjYmNec2FhL2VgYS0tZDAwc3M%3D&btag=40000200008000&dy_q=1785897660&feature_id=d6a18d7c5414b1f1e95a75faf9147845&l=20260805104058DE0027CE0FF59575C272&ply_type=3&policy=eyJ2bSI6MywidWlkIjoiMzEyOTY1MDYwMzg4ODE4NSJ9,未使用,审核不通过,--,0,--,0,0,0,0,0,0,0,0,0,0,0,0,0,0,0
"	7662989817081184266",0715瑞晨引流修改-3.mp4,https://video-cn.oceanengine.com/385c87a7658561db27a8d9c748667e12/6a7545df/tos-cn-ve-51/osR9we7AAgB260g6eo13NqIcWQOij0N0Ga8DCE?a=1402&ch=0&cr=0&dr=3&cd=0%7C0%7C0%7C0&cv=1&br=1739&bt=1739&cs=0&ds=3&ft=J9ThAGkHH_Myq8ZEfej_e2NvjTQ&mime_type=video_mp4&qs=0&rc=NXZpTGRTaFBnKWxncmd5aHFsc3IxZGY7aDc5aDplN2ZkOjM0ODVnQGkzdXVqaW86aDk8MzM0NjMzQFNsa3ZpcUQ6amtqXmJmK2BeaWpgYTojLy02NjEzMV8zMTAvMS0uYGEjc2hnYmFhbmVgYS0tZDBhc3M%3D&btag=40000e00018000&dy_q=1785897660&feature_id=d6a18d7c5414b1f1e95a75faf9147845&l=20260805104058DE0027CE0FF59575C272&ply_type=3&policy=eyJ2bSI6MywidWlkIjoiMzEyOTY1MDYwMzg4ODE4NSJ9,未使用,审核通过,--,5,--,0,0,0,0,0,0,0,0,0,0,0,0,0,0,0
"	7662989796920000539",0715-引导-小敏-4-修改.mp4,https://video-cn.oceanengine.com/6996fff25a392edcf8182934e490671f/6a7545d3/tos-cn-ve-51/oEl0zxvWotiQlAEvSWAYEoIQdAlWaEpwTIh5E?a=1402&ch=0&cr=0&dr=3&cd=0%7C0%7C0%7C0&br=1423&bt=1423&cs=0&ds=4&ft=J9ThAGkHH_Myq8ZEfej_e2NvjTQ&mime_type=video_mp4&qs=0&rc=NXZpTGRTaFBnKWxncmd5aHFsc3IxZGY8ZDtlZWlmOjc6MzU6ZGY7QGkzcHU0aW86ajk8MzM0NjMzQFNsa3ZpcUQ6amtqXmJmK2BeaWpgYTojYGIxMy8vNV8vMS0uXmIvMGEjZS8vbmFhL2VgYS0tZDBhc3M%3D&btag=40000200010000&dy_q=1785897660&feature_id=d6a18d7c5414b1f1e95a75faf9147845&l=20260805104058DE0027CE0FF59575C272&ply_type=3&policy=eyJ2bSI6MywidWlkIjoiMzEyOTY1MDYwMzg4ODE4NSJ9,未使用,审核不通过,--,0,--,0,0,0,0,0,0,0,0,0,0,0,0,0,0,0
"	7662989779832127498",0715-引导-小敏-6-修改.mp4,https://video-cn.oceanengine.com/e82ccaeb7e49b14199db2f80e556c5f9/6a7545c7/tos-cn-ve-51/08944e2d7f8b4db68b290ddaa9ee6685?a=1402&ch=0&cr=0&dr=3&cd=0%7C0%7C0%7C0&br=843&bt=843&cs=0&ds=4&ft=J9ThAGkHH_Myq8ZEfej_e2NvjTQ&mime_type=video_mp4&qs=0&rc=NXZpTGRTaFBnKWxncmd5aHFsc3IxZGY6NGQ5Njw1ZzU8PDRpaDNnQGlqbzZ3NW86ajk8MzM0NjMzQFNsa3ZpcUQ6amtqXmJmK2BeaWpgYTojX2I1MDZjLTY1MS9hMF42NWEjbS5vbmFhL2VgYS0tZDAwc3M%3D&btag=40000200008000&dy_q=1785897660&feature_id=d6a18d7c5414b1f1e95a75faf9147845&l=20260805104058DE0027CE0FF59575C272&ply_type=3&policy=eyJ2bSI6MywidWlkIjoiMzEyOTY1MDYwMzg4ODE4NSJ9,未使用,审核不通过,--,0,--,0,0,0,0,0,0,0,0,0,0,0,0,0,0,0
"	7662989773514424358",0715-引导-小敏-7-修改.mp4,https://video-cn.oceanengine.com/f908651eaaf7708f74d3fca8ba4b14fa/6a7545d0/tos-cn-ve-51/ow1L6HteIAD0AJJBQgJwVgAbgmtTOmIppQ5aR7?a=1402&ch=0&cr=0&dr=3&cd=0%7C0%7C0%7C0&br=1788&bt=1788&cs=0&ds=4&ft=J9ThAGkHH_Myq8ZEfej_e2NvjTQ&mime_type=video_mp4&qs=0&rc=NXZpTGRTaFBnKWxncmd5aHFsc3IxZGZpOzQ3ZGY3NzdkNmRoOWRlQGkzcGxnNm86ajk8MzM0NjMzQFNsa3ZpcUQ6amtqXmJmK2BeaWpgYTojYC42Yy8xNDYvMS1gNDUzMmEjcTY0ZmFhL2VgYS0tZDBhc3M%3D&btag=40000200010000&dy_q=1785897660&feature_id=d6a18d7c5414b1f1e95a75faf9147845&l=20260805104058DE0027CE0FF59575C272&ply_type=3&policy=eyJ2bSI6MywidWlkIjoiMzEyOTY1MDYwMzg4ODE4NSJ9,未使用,审核不通过,--,0,--,0,0,0,0,0,0,0,0,0,0,0,0,0,0,0
"	7662989769204056110",0714瑞晨引流修改-8.mp4,https://video-cn.oceanengine.com/17652a96b7a1c388646c1157fca7fb51/6a7545c5/tos-cn-ve-51/oIZQphaqEIzwW0nyHIadAYtQbGWzgEl2uFpAo?a=1402&ch=0&cr=0&dr=3&cd=0%7C0%7C0%7C0&br=3523&bt=3523&cs=0&ds=4&ft=J9ThAGkHH_Myq8ZEfej_e2NvjTQ&mime_type=video_mp4&qs=0&rc=NXZpTGRTaFBnKWxncmd5aHFsc3IxZGZkaDtnNjg4NGU1NTllaGVoQGkzcHh2ZG86aDk8MzM0NjMzQFNsa3ZpcUQ6amtqXmJmK2BeaWpgYTojL2BgNGFfMDZgMTMwMy01YWEjbWZwMGFhbmVgYS0tZDAvc3M%3D&btag=40000200008000&dy_q=1785897660&feature_id=d6a18d7c5414b1f1e95a75faf9147845&l=20260805104058DE0027CE0FF59575C272&ply_type=3&policy=eyJ2bSI6MywidWlkIjoiMzEyOTY1MDYwMzg4ODE4NSJ9,未使用,审核不通过,--,0,--,0,0,0,0,0,0,0,0,0,0,0,0,0,0,0
"	7662989743489138715",0715瑞晨引流修改-5.mp4,https://video-cn.oceanengine.com/5c5434ab7cea8ca7befa6df0b5e5b772/6a7545cb/tos-cn-ve-51/oQjRQmuBdaATe4F3xDtcgm1gCBHQDAALIMolw7?a=1402&ch=0&cr=0&dr=3&cd=0%7C0%7C0%7C0&br=1485&bt=1485&cs=0&ds=4&ft=J9ThAGkHH_Myq8ZEfej_e2NvjTQ&mime_type=video_mp4&qs=0&rc=NXZpTGRTaFBnKWxncmd5aHFsc3IxZGY4ZTM3aGY6Nzw8PGkzOjQ0QGlqNHJpaG86aDk8MzM0NjMzQFNsa3ZpcUQ6amtqXmJmK2BeaWpgYTojXjBgNmAzYjZeMTMvYzA0XmEjbzQtLWFhbmVgYS0tZDBhc3M%3D&btag=40000200010000&dy_q=1785897660&feature_id=d6a18d7c5414b1f1e95a75faf9147845&l=20260805104058DE0027CE0FF59575C272&ply_type=3&policy=eyJ2bSI6MywidWlkIjoiMzEyOTY1MDYwMzg4ODE4NSJ9,未使用,审核不通过,--,0,--,0,0,0,0,0,0,0,0,0,0,0,0,0,0,0
"	7662705484970426419",0715-引导-小敏-2.mp4,https://video-cn.oceanengine.com/27be14655ff126abc24bf88b67cea3ab/6a7545d3/tos-cn-ve-51/oEpsUBEfwQq3AeAaIohGCg3XCG0sbrPt0Cnfjj?a=1402&ch=0&cr=0&dr=3&cd=0%7C0%7C0%7C0&br=883&bt=883&cs=0&ds=4&ft=J9ThAGkHH_Myq8ZEfej_e2NvjTQ&mime_type=video_mp4&qs=0&rc=NXZpTGRTaFBnKWxncmd5aHFsc3IxZGZpZzU5ZzZnZTg7ZjQ5aDpnQGkzaXV4Om86NnA8MzM0NjMzQFNsa3ZpcUQ6amtqXmJmK2BeaWpgYTojMDJjNmAzYTUwMTYxXjY0MmEjLmJzc2FhXmBfYS0tZDAwc3M%3D&btag=40000200010000&dy_q=1785897660&feature_id=d6a18d7c5414b1f1e95a75faf9147845&l=20260805104058DE0027CE0FF59575C272&ply_type=3&policy=eyJ2bSI6MywidWlkIjoiMzEyOTY1MDYwMzg4ODE4NSJ9,未使用,审核不通过,--,0,--,0,0,0,0,0,0,0,0,0,0,0,0,0,0,0
"	7662705482650484745",0715-引流-魏怡-7.mp4,https://video-cn.oceanengine.com/61d842f50727d823d76db0b66473fe18/6a7545cd/tos-cn-ve-51/oQXRArqgeIUL1JewtajCbQIRGfnJ0sGFAtBOFQ?a=1402&ch=0&cr=0&dr=3&cd=0%7C0%7C0%7C0&br=2721&bt=2721&cs=0&ds=4&ft=J9ThAGkHH_Myq8ZEfej_e2NvjTQ&mime_type=video_mp4&qs=0&rc=NXZpTGRTaFBnKWxncmd5aHFsc3IxZGZoM2VpZTM6OmlkZ2gzOjVlQGlqbTg0aW86NHA8MzM0NjMzQFNsa3ZpcUQ6amtqXmJmK2BeaWpgYTojYy8yM18wMDU0MS0wLjYtLWEjZ3IvbmFhL2BfYS0tZDBhc3M%3D&btag=40000e00010000&dy_q=1785897660&feature_id=d6a18d7c5414b1f1e95a75faf9147845&l=20260805104058DE0027CE0FF59575C272&ply_type=3&policy=eyJ2bSI6MywidWlkIjoiMzEyOTY1MDYwMzg4ODE4NSJ9,未使用,审核通过,--,2,--,0,0,0,0,0,0,0,0,0,0,0,0,0,0,0
"	7662705450980376585",0715-引流-魏怡-6.mp4,https://video-cn.oceanengine.com/07c37978895c4c9025ed81dd551fa9e0/6a7545cd/tos-cn-ve-51/og4XmdRDxlVQdwdtEsaWzXIBIQqFQ20JpAEAM?a=1402&ch=0&cr=0&dr=3&cd=0%7C0%7C0%7C0&br=2642&bt=2642&cs=0&ds=4&ft=J9ThAGkHH_Myq8ZEfej_e2NvjTQ&mime_type=video_mp4&qs=0&rc=NXZpTGRTaFBnKWxncmd5aHFsc3IxZGZnMzw0MzZpZjk8ZGVlOzU7QGkzdzM4ZG86NHA8MzM0NjMzQFNsa3ZpcUQ6amtqXmJmK2BeaWpgYTojLS00MTVgNTVfMV5iNF80XmEjbmxjb2FhL2BfYS0tZDAwc3M%3D&btag=40000e00010000&dy_q=1785897660&feature_id=d6a18d7c5414b1f1e95a75faf9147845&l=20260805104058DE0027CE0FF59575C272&ply_type=3&policy=eyJ2bSI6MywidWlkIjoiMzEyOTY1MDYwMzg4ODE4NSJ9,未使用,审核通过,--,1,--,0,0,0,0,0,0,0,0,0,0,0,0,0,0,0
"	7662705442624749578", 0715-引导-小敏-6.mp4,https://video-cn.oceanengine.com/5bfbde4aea1e7591d239d03d0e767977/6a7545d0/tos-cn-ve-51/o4WQ7ElnUBDEAQWcd0KIKX2dIzAatTmA5wu9h?a=1402&ch=0&cr=0&dr=3&cd=0%7C0%7C0%7C0&br=1792&bt=1792&cs=0&ds=4&ft=J9ThAGkHH_Myq8ZEfej_e2NvjTQ&mime_type=video_mp4&qs=0&rc=NXZpTGRTaFBnKWxncmd5aHFsc3IxZGY4M2g8aDllN2loOmVmNDNlQGlqdTZnOm86NnA8MzM0NjMzQFNsa3ZpcUQ6amtqXmJmK2BeaWpgYTojNGM2NDU1XjYvMV81LzUtNmEjcjZqMmFhXmBfYS0tZDBhc3M%3D&btag=40000200010000&dy_q=1785897660&feature_id=d6a18d7c5414b1f1e95a75faf9147845&l=20260805104058DE0027CE0FF59575C272&ply_type=3&policy=eyJ2bSI6MywidWlkIjoiMzEyOTY1MDYwMzg4ODE4NSJ9,未使用,审核不通过,--,0,--,0,0,0,0,0,0,0,0,0,0,0,0,0,0,0
"	7662705440946290738",0715-引导-小敏-3.mp4,https://video-cn.oceanengine.com/99ecd50b2ffae87a5da02b9ea4d26475/6a7545d3/tos-cn-ve-51/ooEKRT7EIgQ1G3KoWptmXipJfjM1dBALaA7mQB?a=1402&ch=0&cr=0&dr=3&cd=0%7C0%7C0%7C0&br=1440&bt=1440&cs=0&ds=4&ft=J9ThAGkHH_Myq8ZEfej_e2NvjTQ&mime_type=video_mp4&qs=0&rc=NXZpTGRTaFBnKWxncmd5aHFsc3IxZGY1NTs0NjMzOGkzNTRkaGU0QGlqO2R0M286NnA8MzM0NjMzQFNsa3ZpcUQ6amtqXmJmK2BeaWpgYTojYGJhLi1iLl4wMTRiXmBiLWEjczZvZmFhXmBfYS0tZDBhc3M%3D&btag=40000200010000&dy_q=1785897660&feature_id=d6a18d7c5414b1f1e95a75faf9147845&l=20260805104058DE0027CE0FF59575C272&ply_type=3&policy=eyJ2bSI6MywidWlkIjoiMzEyOTY1MDYwMzg4ODE4NSJ9,未使用,审核不通过,--,0,--,0,0,0,0,0,0,0,0,0,0,0,0,0,0,0
"	7662705419853398042",0715-引导-小敏-5.mp4,https://video-cn.oceanengine.com/f37330589dbe0c913f2c224c67d108c1/6a7545d3/tos-cn-ve-51/oMonlUmNCLjAWXpElIgQaAIzQGCEIDItd0Pyd?a=1402&ch=0&cr=0&dr=3&cd=0%7C0%7C0%7C0&br=1433&bt=1433&cs=0&ds=4&ft=J9ThAGkHH_Myq8ZEfej_e2NvjTQ&mime_type=video_mp4&qs=0&rc=NXZpTGRTaFBnKWxncmd5aHFsc3IxZGY4OGloZDM4ZTQ3NjU3PDRoQGkzaXBrO286NnA8MzM0NjMzQFNsa3ZpcUQ6amtqXmJmK2BeaWpgYTojNS4zYC8vLjU0MTFeLzBfYGEjLmJoZWFhXmBfYS0tZDAvc3M%3D&btag=40000e00010000&dy_q=1785897660&feature_id=d6a18d7c5414b1f1e95a75faf9147845&l=20260805104058DE0027CE0FF59575C272&ply_type=3&policy=eyJ2bSI6MywidWlkIjoiMzEyOTY1MDYwMzg4ODE4NSJ9,未使用,审核通过,--,1,--,0,0,0,0,0,0,0,0,0,0,0,0,0,0,0
"	7662705385929408538",0715-引流-魏怡-2.mp4,https://video-cn.oceanengine.com/378cdf450ef061074eade4b63def133f/6a7545e5/tos-cn-ve-51/o81vxNiEIBiVHQ2eYRNTDziAuYIE2gyegHAKaq?a=1402&ch=0&cr=0&dr=3&cd=0%7C0%7C0%7C0&br=1070&bt=1070&cs=0&ds=4&ft=J9ThAGkHH_Myq8ZEfej_e2NvjTQ&mime_type=video_mp4&qs=0&rc=NXZpTGRTaFBnKWxncmd5aHFsc3IxZGY4N2kzNmhkNGU3OzhmaTs2QGkzc2l5O286NHA8MzM0NjMzQFNsa3ZpcUQ6amtqXmJmK2BeaWpgYTojXjEuMjFiMTUwMV4vLjRiMGEjLi9sZGFhL2BfYS0tZDBhc3M%3D&btag=40000200018000&dy_q=1785897660&feature_id=d6a18d7c5414b1f1e95a75faf9147845&l=20260805104058DE0027CE0FF59575C272&ply_type=3&policy=eyJ2bSI6MywidWlkIjoiMzEyOTY1MDYwMzg4ODE4NSJ9,未使用,审核不通过,--,0,--,0,0,0,0,0,0,0,0,0,0,0,0,0,0,0
"	7662705380100997146",0715-引流-魏怡-5.mp4,https://video-cn.oceanengine.com/c553b518df87222c335f9c32e0396522/6a7545ca/tos-cn-ve-51/oA1jDlQAQkuIXAEdrQUaW1QzBmA7IRbdZtEqT?a=1402&ch=0&cr=0&dr=3&cd=0%7C0%7C0%7C0&br=1886&bt=1886&cs=0&ds=3&ft=J9ThAGkHH_Myq8ZEfej_e2NvjTQ&mime_type=video_mp4&qs=0&rc=NXZpTGRTaFBnKWxncmd5aHFsc3IxZGY1NzVmZjUzZDo3aWU1NGZlQGlqdWZkaG86NHA8MzM0NjMzQFNsa3ZpcUQ6amtqXmJmK2BeaWpgYTojYmNiNmE1MDUxMTUtYF9fMGEjbi1pNWFhL2BfYS0tZDBhc3M%3D&btag=40000e00008000&dy_q=1785897660&feature_id=d6a18d7c5414b1f1e95a75faf9147845&l=20260805104058DE0027CE0FF59575C272&ply_type=3&policy=eyJ2bSI6MywidWlkIjoiMzEyOTY1MDYwMzg4ODE4NSJ9,未使用,审核通过,--,1,--,0,0,0,0,0,0,0,0,0,0,0,0,0,0,0
"	7662705376481017882",0715-引导-小敏-1.mp4,https://video-cn.oceanengine.com/34172ec223499850f268e87ed9767e41/6a7545db/tos-cn-ve-51/3f0a152d3ab940698ca4d0c2c17194da?a=1402&ch=0&cr=0&dr=3&cd=0%7C0%7C0%7C0&br=673&bt=673&cs=0&ds=4&ft=J9ThAGkHH_Myq8ZEfej_e2NvjTQ&mime_type=video_mp4&qs=0&rc=NXZpTGRTaFBnKWxncmd5aHFsc3IxZGY2ZWY0aWQ8O2RoOGRmaDgzQGlqc3Y1aG86NnA8MzM0NjMzQFNsa3ZpcUQ6amtqXmJmK2BeaWpgYTojMy8tMzEtMzZgMWNfXmBhLWEjNDVob2FhXmBfYS0tZDAwc3M%3D&btag=40000200018000&dy_q=1785897660&feature_id=d6a18d7c5414b1f1e95a75faf9147845&l=20260805104058DE0027CE0FF59575C272&ply_type=3&policy=eyJ2bSI6MywidWlkIjoiMzEyOTY1MDYwMzg4ODE4NSJ9,未使用,审核不通过,--,0,--,0,0,0,0,0,0,0,0,0,0,0,0,0,0,0
"	7662705373485203483",0715-引流-魏怡-3.mp4,https://video-cn.oceanengine.com/99873640b35de38f871872e8fbab4429/6a7545dc/tos-cn-ve-51/owBAdzEPjmQPnEIlSAIGdXST0QskaBRpwtGrW?a=1402&ch=0&cr=0&dr=3&cd=0%7C0%7C0%7C0&br=1604&bt=1604&cs=0&ds=4&ft=J9ThAGkHH_Myq8ZEfej_e2NvjTQ&mime_type=video_mp4&qs=0&rc=NXZpTGRTaFBnKWxncmd5aHFsc3IxZGY4ZDk4Z2czOTdpNDc3NTM4QGkzOms2ZW86NHA8MzM0NjMzQFNsa3ZpcUQ6amtqXmJmK2BeaWpgYTojM15jYDUzLl80MV41NDBeLmEjNjRyZmFhL2BfYS0tZDAwc3M%3D&btag=40000200018000&dy_q=1785897660&feature_id=d6a18d7c5414b1f1e95a75faf9147845&l=20260805104058DE0027CE0FF59575C272&ply_type=3&policy=eyJ2bSI6MywidWlkIjoiMzEyOTY1MDYwMzg4ODE4NSJ9,未使用,审核不通过,--,0,--,0,0,0,0,0,0,0,0,0,0,0,0,0,0,0
"	7662705357816004634",0715-引导-小敏-4.mp4,https://video-cn.oceanengine.com/173c209a6c4e2dbf755a8f63875bcfb3/6a7545ca/tos-cn-ve-51/oEKQqXE5DdFwmGIQtgC0Jd9lIpWAIFCMQaAUz?a=1402&ch=0&cr=0&dr=3&cd=0%7C0%7C0%7C0&br=1276&bt=1276&cs=0&ds=4&ft=J9ThAGkHH_Myq8ZEfej_e2NvjTQ&mime_type=video_mp4&qs=0&rc=NXZpTGRTaFBnKWxncmd5aHFsc3IxZGY2OWQ5NGk0aTU1aTs0OTVpQGkzczMzPG86NnA8MzM0NjMzQFNsa3ZpcUQ6amtqXmJmK2BeaWpgYTojXjA1Ml5iXl5eMWAwMF80Y2EjNV9oMmFhXmBfYS0tZDAwc3M%3D&btag=40000200008000&dy_q=1785897660&feature_id=d6a18d7c5414b1f1e95a75faf9147845&l=20260805104058DE0027CE0FF59575C272&ply_type=3&policy=eyJ2bSI6MywidWlkIjoiMzEyOTY1MDYwMzg4ODE4NSJ9,未使用,审核不通过,--,0,--,0,0,0,0,0,0,0,0,0,0,0,0,0,0,0
"	7662705346276360202",0715-引流-魏怡-10.mp4,https://video-cn.oceanengine.com/ee7425d02082bbed31dc2123f6d893fa/6a7545d3/tos-cn-ve-51/oMwGsQzlIuwEmZAdANXQIEOsDnEZFBWjUrtda?a=1402&ch=0&cr=0&dr=3&cd=0%7C0%7C0%7C0&br=1319&bt=1319&cs=0&ds=3&ft=J9ThAGkHH_Myq8ZEfej_e2NvjTQ&mime_type=video_mp4&qs=0&rc=NXZpTGRTaFBnKWxncmd5aHFsc3IxZGY0NmVnODVoNDZpNzVkNmlnQGkzOGw5ZW86NHA8MzM0NjMzQFNsa3ZpcUQ6amtqXmJmK2BeaWpgYTojLWMzLjA0YzY0MTA0Ll8tY2EjanBhXmFhL2BfYS0tZDAwc3M%3D&btag=40000e00010000&dy_q=1785897660&feature_id=d6a18d7c5414b1f1e95a75faf9147845&l=20260805104058DE0027CE0FF59575C272&ply_type=3&policy=eyJ2bSI6MywidWlkIjoiMzEyOTY1MDYwMzg4ODE4NSJ9,未使用,审核通过,--,1,--,0,0,0,0,0,0,0,0,0,0,0,0,0,0,0
"	7662705344263782427",0715-引流-魏怡-4.mp4,https://video-cn.oceanengine.com/a32fd2fa2e356a8155c28a8a52b2fd94/6a7545cc/tos-cn-ve-51/okuWWGjDNIGAGCORfaQgCQ1qjfIa2AE2BgNYzV?a=1402&ch=0&cr=0&dr=3&cd=0%7C0%7C0%7C0&br=1590&bt=1590&cs=0&ds=3&ft=J9ThAGkHH_Myq8ZEfej_e2NvjTQ&mime_type=video_mp4&qs=0&rc=NXZpTGRTaFBnKWxncmd5aHFsc3IxZGY3Ojs7PGdnZTQ3ZWg2aDNnQGkzZTNqaW86NHA8MzM0NjMzQFNsa3ZpcUQ6amtqXmJmK2BeaWpgYTojYTEuM2EvMV5gMWM2MF5iNWEjL2o2ZWFhL2BfYS0tZDAvc3M%3D&btag=40000e00010000&dy_q=1785897660&feature_id=d6a18d7c5414b1f1e95a75faf9147845&l=20260805104058DE0027CE0FF59575C272&ply_type=3&policy=eyJ2bSI6MywidWlkIjoiMzEyOTY1MDYwMzg4ODE4NSJ9,未使用,审核通过,--,4,--,0,0,0,0,0,0,0,0,0,0,0,0,0,0,0
"	7662705335255351334",0715-引流-魏怡-1.mp4,https://video-cn.oceanengine.com/6abe3ef44ed4053db89fc47869ca2efd/6a7545d9/tos-cn-ve-51/o415hkvoCAvQ7AtmFATIJY7gKKB1QaISeMTa7Q?a=1402&ch=0&cr=0&dr=3&cd=0%7C0%7C0%7C0&br=1535&bt=1535&cs=0&ds=4&ft=J9ThAGkHH_Myq8ZEfej_e2NvjTQ&mime_type=video_mp4&qs=0&rc=NXZpTGRTaFBnKWxncmd5aHFsc3IxZGY8Omc7aDlnZTs8ODxlZzRpQGkzcWQ0NW86NHA8MzM0NjMzQFNsa3ZpcUQ6amtqXmJmK2BeaWpgYTojLzJiY180Y15iMWEvNDVeL2EjaGc0bmFhL2BfYS0tZDAvc3M%3D&btag=40000e00010000&dy_q=1785897660&feature_id=d6a18d7c5414b1f1e95a75faf9147845&l=20260805104058DE0027CE0FF59575C272&ply_type=3&policy=eyJ2bSI6MywidWlkIjoiMzEyOTY1MDYwMzg4ODE4NSJ9,未使用,审核通过,--,1,--,0,0,0,0,0,0,0,0,0,0,0,0,0,0,0
"	7662705320095973427",0715-引流-魏怡-8.mp4,https://video-cn.oceanengine.com/bcda9c9e3aa65ff03adff9b36007ee8a/6a7545d3/tos-cn-ve-51/o81fP2qgYI5VEaMDBNdRqI3yfSPABNgtuqQ2AA?a=1402&ch=0&cr=0&dr=3&cd=0%7C0%7C0%7C0&br=2665&bt=2665&cs=0&ds=4&ft=J9ThAGkHH_Myq8ZEfej_e2NvjTQ&mime_type=video_mp4&qs=0&rc=NXZpTGRTaFBnKWxncmd5aHFsc3IxZGY2OjtnNTs1Z2U5PGU8NmZpQGkzM2pxZG86NHA8MzM0NjMzQFNsa3ZpcUQ6amtqXmJmK2BeaWpgYTojYzBjLzYyNjZjMTA2YTEtMWEjZGZwaWFhL2BfYS0tZDBhc3M%3D&btag=40000e00010000&dy_q=1785897660&feature_id=d6a18d7c5414b1f1e95a75faf9147845&l=20260805104058DE0027CE0FF59575C272&ply_type=3&policy=eyJ2bSI6MywidWlkIjoiMzEyOTY1MDYwMzg4ODE4NSJ9,未使用,审核通过,--,1,--,0,0,0,0,0,0,0,0,0,0,0,0,0,0,0
"	7662638692850843694",0714-引流-魏怡-3.mp4,https://video-cn.oceanengine.com/a4fb7db12db438c0061081a2b230ad28/6a7545e9/tos-cn-ve-51/oU5ShtaJmBgVVE7qhX7I5SAARQ4Q7WFJK1I2fB?a=1402&ch=0&cr=0&dr=3&cd=0%7C0%7C0%7C0&br=1073&bt=1073&cs=0&ds=4&ft=J9ThAGkHH_Myq8ZEfej_e2NvjTQ&mime_type=video_mp4&qs=0&rc=NXZpTGRTaFBnKWxncmd5aHFsc3IxZGY3Njc1Njc7NjNpNGk1ZGQ5QGkzeW1xZW86b2w8MzM0NjMzQFNsa3ZpcUQ6amtqXmJmK2BeaWpgYTojNDAwM2NjMl4wMTJfXjIyM2Ejb2wxMWFhL2ZfYS0tZDAwc3M%3D&btag=40000200020000&dy_q=1785897660&feature_id=d6a18d7c5414b1f1e95a75faf9147845&l=20260805104058DE0027CE0FF59575C272&ply_type=3&policy=eyJ2bSI6MywidWlkIjoiMzEyOTY1MDYwMzg4ODE4NSJ9,未使用,审核不通过,--,0,--,0,0,0,0,0,0,0,0,0,0,0,0,0,0,0
"	7662638665802072114",0714-引流-魏怡-2.mp4,https://video-cn.oceanengine.com/dbc34b8a06aa65d87f0344fb02ce0e16/6a7545d9/tos-cn-ve-51/owA9EQcLEVztIAACIEQapIJLSlXYLdWh2wsjj?a=1402&ch=0&cr=0&dr=3&cd=0%7C0%7C0%7C0&br=1341&bt=1341&cs=0&ds=4&ft=J9ThAGkHH_Myq8ZEfej_e2NvjTQ&mime_type=video_mp4&qs=0&rc=NXZpTGRTaFBnKWxncmd5aHFsc3IxZGZoaDY8N2hoZDQzNTw8aGdkQGkzZm5sNG86b2w8MzM0NjMzQFNsa3ZpcUQ6amtqXmJmK2BeaWpgYTojXzBiX2IyLl9gMV8zM2M1MGEjNmtzZWFhL2ZfYS0tZDAwc3M%3D&btag=40000200018000&dy_q=1785897660&feature_id=d6a18d7c5414b1f1e95a75faf9147845&l=20260805104058DE0027CE0FF59575C272&ply_type=3&policy=eyJ2bSI6MywidWlkIjoiMzEyOTY1MDYwMzg4ODE4NSJ9,未使用,审核不通过,--,0,--,0,0,0,0,0,0,0,0,0,0,0,0,0,0,0
"	7662638658180579337",0714-引流-魏怡-6.mp4,https://video-cn.oceanengine.com/1345e9e6d354aca6917fafde4d1526e8/6a7545d3/tos-cn-ve-51/oAIAAZEaA0zglIdX2nkvpEgt2QWwVtrEcqQrY?a=1402&ch=0&cr=0&dr=3&cd=0%7C0%7C0%7C0&br=1373&bt=1373&cs=0&ds=4&ft=J9ThAGkHH_Myq8ZEfej_e2NvjTQ&mime_type=video_mp4&qs=0&rc=NXZpTGRTaFBnKWxncmd5aHFsc3IxZGZnZGY6aDY0aTc0aDhmODZpQGlqcGxkZW86b2w8MzM0NjMzQFNsa3ZpcUQ6amtqXmJmK2BeaWpgYTojLzUuXzIwYDYzMTFgYzRiX2Eja2lwbmFhL2ZfYS0tZDAvc3M%3D&btag=40000200010000&dy_q=1785897660&feature_id=d6a18d7c5414b1f1e95a75faf9147845&l=20260805104058DE0027CE0FF59575C272&ply_type=3&policy=eyJ2bSI6MywidWlkIjoiMzEyOTY1MDYwMzg4ODE4NSJ9,未使用,审核不通过,--,0,--,0,0,0,0,0,0,0,0,0,0,0,0,0,0,0
"	7662638649452281866",0714-引流-魏怡-4.mp4,https://video-cn.oceanengine.com/d79b663ce9d714bc598d56b7897920ac/6a7545f8/tos-cn-ve-51/oYEQATQEpAQWibMzaVcDltWXZTdI2ZJIpNiXg?a=1402&ch=0&cr=0&dr=3&cd=0%7C0%7C0%7C0&br=1252&bt=1252&cs=0&ds=4&ft=J9ThAGkHH_Myq8ZEfej_e2NvjTQ&mime_type=video_mp4&qs=0&rc=NXZpTGRTaFBnKWxncmd5aHFsc3IxZGZnNTplNzs6OzY2Mzg5O2Y7QGlqPGk4NW86b2w8MzM0NjMzQFNsa3ZpcUQ6amtqXmJmK2BeaWpgYTojYy42L180MTU0MS0wYmNiNGEjNmFvX2FhL2ZfYS0tZDBhc3M%3D&btag=40000200028000&dy_q=1785897660&feature_id=d6a18d7c5414b1f1e95a75faf9147845&l=20260805104058DE0027CE0FF59575C272&ply_type=3&policy=eyJ2bSI6MywidWlkIjoiMzEyOTY1MDYwMzg4ODE4NSJ9,未使用,审核不通过,--,0,--,0,0,0,0,0,0,0,0,0,0,0,0,0,0,0
"	7662638623679479818",0714-引流-魏怡-1.mp4,https://video-cn.oceanengine.com/a42d7a569dda8223e2fd51a9a530209a/6a7545eb/tos-cn-ve-51/oAXfVJZDNE6A5C2RelIQVu1qtHHa2AUyBgPlRV?a=1402&ch=0&cr=0&dr=3&cd=0%7C0%7C0%7C0&br=1673&bt=1673&cs=0&ds=4&ft=J9ThAGkHH_Myq8ZEfej_e2NvjTQ&mime_type=video_mp4&qs=0&rc=NXZpTGRTaFBnKWxncmd5aHFsc3IxZGZkO2c2NjgzOjk2OzkzNGg2QGlqb3dsaW86b2w8MzM0NjMzQFNsa3ZpcUQ6amtqXmJmK2BeaWpgYTojNS0zYS02XzYxMTMxNWI0X2EjMHJqYmFhL2ZfYS0tZDAvc3M%3D&btag=40000200020000&dy_q=1785897660&feature_id=d6a18d7c5414b1f1e95a75faf9147845&l=20260805104058DE0027CE0FF59575C272&ply_type=3&policy=eyJ2bSI6MywidWlkIjoiMzEyOTY1MDYwMzg4ODE4NSJ9,未使用,审核不通过,--,0,--,0,0,0,0,0,0,0,0,0,0,0,0,0,0,0
"	7662605341418520627",0715瑞晨引流-3.mp4,https://video-cn.oceanengine.com/d52ca19296b94c657c9df8c978155993/6a7545df/tos-cn-ve-51/oEaBA0DczACUIlOI8WkgXHQhiWLAwdQtxmQE5?a=1402&ch=0&cr=0&dr=3&cd=0%7C0%7C0%7C0&br=3349&bt=3349&cs=0&ds=4&ft=J9ThAGkHH_Myq8ZEfej_e2NvjTQ&mime_type=video_mp4&qs=0&rc=NXZpTGRTaFBnKWxncmd5aHFsc3IxZGZkZGZkNDdkZTVmZGczZ2g3QGkzNmpoOW86NWo8MzM0NjMzQFNsa3ZpcUQ6amtqXmJmK2BeaWpgYTojMmIxYmEzMV9eMWIuYy80X2EjZS1iXmFhZmpfYS0tZDAvc3M%3D&btag=40000200018000&dy_q=1785897660&feature_id=d6a18d7c5414b1f1e95a75faf9147845&l=20260805104058DE0027CE0FF59575C272&ply_type=3&policy=eyJ2bSI6MywidWlkIjoiMzEyOTY1MDYwMzg4ODE4NSJ9,未使用,审核不通过,--,0,--,0,0,0,0,0,0,0,0,0,0,0,0,0,0,0
"	7662605290009985051",0715瑞晨引流-5.mp4,https://video-cn.oceanengine.com/becbbb7762c50e3ea7e4eebf502f426b/6a7545cb/tos-cn-ve-51/oECXV5k7MTkzClKdcl9CShIKtQEaQWaLRAmAI?a=1402&ch=0&cr=0&dr=3&cd=0%7C0%7C0%7C0&br=1491&bt=1491&cs=0&ds=4&ft=J9ThAGkHH_Myq8ZEfej_e2NvjTQ&mime_type=video_mp4&qs=0&rc=NXZpTGRTaFBnKWxncmd5aHFsc3IxZGY8ZjQ8Mzg6M2g0OztkaTQ5QGkzNGU8N286NWo8MzM0NjMzQFNsa3ZpcUQ6amtqXmJmK2BeaWpgYTojY2JeNjAtYTYyMTRiYjYyNWEjLmtfNmFhZmpfYS0tZDBhc3M%3D&btag=40000200010000&dy_q=1785897660&feature_id=d6a18d7c5414b1f1e95a75faf9147845&l=20260805104058DE0027CE0FF59575C272&ply_type=3&policy=eyJ2bSI6MywidWlkIjoiMzEyOTY1MDYwMzg4ODE4NSJ9,未使用,审核不通过,--,0,--,0,0,0,0,0,0,0,0,0,0,0,0,0,0,0
"	7662605228669845514",0715瑞晨引流-4.mp4,https://video-cn.oceanengine.com/b64acdc50f77d7a0330c2e24ff0d60ee/6a7545c5/tos-cn-ve-51/o0m6BgFNABQIpgu1O4mt7WgKQAdIhIfunQaOBR?a=1402&ch=0&cr=0&dr=3&cd=0%7C0%7C0%7C0&br=3564&bt=3564&cs=0&ds=4&ft=J9ThAGkHH_Myq8ZEfej_e2NvjTQ&mime_type=video_mp4&qs=0&rc=NXZpTGRTaFBnKWxncmd5aHFsc3IxZGZpN2U8aDZnO2k4Mzo0M2lpQGlqbnVlM286NWo8MzM0NjMzQFNsa3ZpcUQ6amtqXmJmK2BeaWpgYTojMy1iYzJfMDViMWMtX2A1MGEjZy1oaGFhZmpfYS0tZDBhc3M%3D&btag=40000200008000&dy_q=1785897660&feature_id=d6a18d7c5414b1f1e95a75faf9147845&l=20260805104058DE0027CE0FF59575C272&ply_type=3&policy=eyJ2bSI6MywidWlkIjoiMzEyOTY1MDYwMzg4ODE4NSJ9,未使用,审核不通过,--,0,--,0,0,0,0,0,0,0,0,0,0,0,0,0,0,0
"	7662604410175275035",0714-瑞晨引导-15.mp4,https://video-cn.oceanengine.com/d57b965daa026e82d091ff053ba0fd27/6a7545c9/tos-cn-ve-51/5a1c0936dc6e4905bea6172e2adccce2?a=1402&ch=0&cr=0&dr=3&cd=0%7C0%7C0%7C0&br=2979&bt=2979&cs=0&ds=4&ft=J9ThAGkHH_Myq8ZEfej_e2NvjTQ&mime_type=video_mp4&qs=0&rc=NXZpTGRTaFBnKWxncmd5aHFsc3IxZGZoaTdpZDM0NTQ6Njc6ZmQ1QGkzam5saW86ZWo8MzM0NjMzQFNsa3ZpcUQ6amtqXmJmK2BeaWpgYTojYjFgNGEzXjZiMWNhYC0wYmEjbm5qYmFhZmhfYS0tZDAvc3M%3D&btag=40000200008000&dy_q=1785897660&feature_id=d6a18d7c5414b1f1e95a75faf9147845&l=20260805104058DE0027CE0FF59575C272&ply_type=3&policy=eyJ2bSI6MywidWlkIjoiMzEyOTY1MDYwMzg4ODE4NSJ9,未使用,审核不通过,--,0,--,0,0,0,0,0,0,0,0,0,0,0,0,0,0,0
"	7662604396665045043",0714-瑞晨引导-7.mp4,https://video-cn.oceanengine.com/271f8b40001b9b650b308f2df2602d9d/6a7545c5/tos-cn-ve-51/ogZzLMCITWadEQtcLr1n6Nq3aIHAXkaWQAElK?a=1402&ch=0&cr=0&dr=3&cd=0%7C0%7C0%7C0&br=3758&bt=3758&cs=0&ds=4&ft=J9ThAGkHH_Myq8ZEfej_e2NvjTQ&mime_type=video_mp4&qs=0&rc=NXZpTGRTaFBnKWxncmd5aHFsc3IxZGYzN2c0ZDs0OzlpNWQ5ZDY8QGlqNXk2ZG86ZWo8MzM0NjMzQFNsa3ZpcUQ6amtqXmJmK2BeaWpgYTojMDU2MTIyXl4xMWFhXzUyNGEjaWhiM2FhZmhfYS0tZDBhc3M%3D&btag=40000200008000&dy_q=1785897660&feature_id=d6a18d7c5414b1f1e95a75faf9147845&l=20260805104058DE0027CE0FF59575C272&ply_type=3&policy=eyJ2bSI6MywidWlkIjoiMzEyOTY1MDYwMzg4ODE4NSJ9,未使用,审核不通过,--,0,--,0,0,0,0,0,0,0,0,0,0,0,0,0,0,0
"	7662604388957339657",0714-瑞晨引导-14.mp4,https://video-cn.oceanengine.com/00652097dbf3770011cf9c06e0fba270/6a7545d1/tos-cn-ve-51/okQQbbCUeruFR0edOgCqNAgGGoBjAcQIfIGrth?a=1402&ch=0&cr=0&dr=3&cd=0%7C0%7C0%7C0&br=1147&bt=1147&cs=0&ds=3&ft=J9ThAGkHH_Myq8ZEfej_e2NvjTQ&mime_type=video_mp4&qs=0&rc=NXZpTGRTaFBnKWxncmd5aHFsc3IxZGY5ODNpZzhpOmQ0NGdnOzw2QGkzbnk0NG86ZWo8MzM0NjMzQFNsa3ZpcUQ6amtqXmJmK2BeaWpgYTojNC4zYTY0LTYvMTAvLy5eYGEjNXJfbWFhZmhfYS0tZDAwc3M%3D&btag=40000e00010000&dy_q=1785897660&feature_id=d6a18d7c5414b1f1e95a75faf9147845&l=20260805104058DE0027CE0FF59575C272&ply_type=3&policy=eyJ2bSI6MywidWlkIjoiMzEyOTY1MDYwMzg4ODE4NSJ9,已使用,审核通过,--,2,--,0,0,0,0,0,0,0,0,0,0,0,0,0,0,0
"	7662604387910729778",0714-瑞晨引导-6.mp4,https://video-cn.oceanengine.com/05a7d89f4f632cd59b32e6578444bf32/6a7545c5/tos-cn-ve-51/oMKlHCmQazWjCI2GALAWWXBErQtdkl2XsKwcI?a=1402&ch=0&cr=0&dr=3&cd=0%7C0%7C0%7C0&br=2305&bt=2305&cs=0&ds=3&ft=J9ThAGkHH_Myq8ZEfej_e2NvjTQ&mime_type=video_mp4&qs=0&rc=NXZpTGRTaFBnKWxncmd5aHFsc3IxZGYzaDtlPGY1NWk5OzQ7NTY8QGkzcDw7OG86ZWo8MzM0NjMzQFNsa3ZpcUQ6amtqXmJmK2BeaWpgYTojMTMwM2MvYDUtMWI0M18tLmEjb2Btb2FhZmhfYS0tZDAwc3M%3D&btag=40000e00008000&dy_q=1785897660&feature_id=d6a18d7c5414b1f1e95a75faf9147845&l=20260805104058DE0027CE0FF59575C272&ply_type=3&policy=eyJ2bSI6MywidWlkIjoiMzEyOTY1MDYwMzg4ODE4NSJ9,已使用,审核通过,--,2,--,0,0,0,0,0,0,0,0,0,0,0,0,0,0,0
"	7662604383391285274",0714-瑞晨引导-5.mp4,https://video-cn.oceanengine.com/ace58e740876b4a222a6352d5963c75c/6a7545cb/tos-cn-ve-51/okgYo2EpIXXHi1e8c4BqKAeM0kCjAezemQbltC?a=1402&ch=0&cr=0&dr=3&cd=0%7C0%7C0%7C0&br=489&bt=489&cs=0&ds=6&ft=J9ThAGkHH_Myq8ZEfej_e2NvjTQ&mime_type=video_mp4&qs=0&rc=NXZpTGRTaFBnKWxncmd5aHFsc3IxZGY1NTRlZGU1MzVpOzQ8ZWhlQGkzPG06ZW86ZWo8MzM0NjMzQFNsa3ZpcUQ6amtqXmJmK2BeaWpgYTojMmIzYDYyYl9eMTYtMGFhLWEjNGMyZ2FhbmhfYS0tZDBhc3M%3D&btag=40000e00010000&dy_q=1785897660&feature_id=d6a18d7c5414b1f1e95a75faf9147845&l=20260805104058DE0027CE0FF59575C272&ply_type=3&policy=eyJ2bSI6MywidWlkIjoiMzEyOTY1MDYwMzg4ODE4NSJ9,已使用,审核通过,--,2,--,0,0,0,0,0,0,0,0,0,0,0,0,0,0,0
"	7662604373985902602",0714-瑞晨引导-3.mp4,https://video-cn.oceanengine.com/f643d8e81d1b5b94c5afac036a4563f2/6a7545cb/tos-cn-ve-51/o0KzrdXkWcsIsZlETKQFsTjDALatA6kbNIKLQ?a=1402&ch=0&cr=0&dr=3&cd=0%7C0%7C0%7C0&br=1628&bt=1628&cs=0&ds=4&ft=J9ThAGkHH_Myq8ZEfej_e2NvjTQ&mime_type=video_mp4&qs=0&rc=NXZpTGRTaFBnKWxncmd5aHFsc3IxZGZkNzVpZGdkO2Y8N2U1M2Y7QGkzbW47N286ZWo8MzM0NjMzQFNsa3ZpcUQ6amtqXmJmK2BeaWpgYTojNV4tNjEuLjU1MTA1NDYuLmEjcW5samFhZmhfYS0tZDBhc3M%3D&btag=40000e00010000&dy_q=1785897660&feature_id=d6a18d7c5414b1f1e95a75faf9147845&l=20260805104058DE0027CE0FF59575C272&ply_type=3&policy=eyJ2bSI6MywidWlkIjoiMzEyOTY1MDYwMzg4ODE4NSJ9,已使用,审核通过,--,2,--,0,0,0,0,0,0,0,0,0,0,0,0,0,0,0
"	7662604348090630154",0714-瑞晨引导-9.mp4,https://video-cn.oceanengine.com/045e5a6d0c00edd717daf5aebd116bdb/6a7545c5/tos-cn-ve-51/oUQPIAaKUFaAMtm61kOXUghBQQ3uAyfIF5a47S?a=1402&ch=0&cr=0&dr=3&cd=0%7C0%7C0%7C0&br=2544&bt=2544&cs=0&ds=3&ft=J9ThAGkHH_Myq8ZEfej_e2NvjTQ&mime_type=video_mp4&qs=0&rc=NXZpTGRTaFBnKWxncmd5aHFsc3IxZGY3NGY2ZjVoOzo1OmQ2NjtnQGkzOm45Z286ZWo8MzM0NjMzQFNsa3ZpcUQ6amtqXmJmK2BeaWpgYTojMF8xXmMtXzUuMWIvY2E1X2EjMmZfNmFhZmhfYS0tZDAvc3M%3D&btag=40000e00008000&dy_q=1785897660&feature_id=d6a18d7c5414b1f1e95a75faf9147845&l=20260805104058DE0027CE0FF59575C272&ply_type=3&policy=eyJ2bSI6MywidWlkIjoiMzEyOTY1MDYwMzg4ODE4NSJ9,已使用,审核通过,--,2,--,0,0,0,0,0,0,0,0,0,0,0,0,0,0,0
"	7662604335050735643",0714-瑞晨引导-4.mp4,https://video-cn.oceanengine.com/9683330b1033aff603fafa8d05511ab9/6a7545cb/tos-cn-ve-51/oktmBlQAQ6rIXAkdzYYaWtPzLKRmILjcCtEJT?a=1402&ch=0&cr=0&dr=3&cd=0%7C0%7C0%7C0&br=714&bt=714&cs=0&ds=3&ft=J9ThAGkHH_Myq8ZEfej_e2NvjTQ&mime_type=video_mp4&qs=0&rc=NXZpTGRTaFBnKWxncmd5aHFsc3IxZGY7aTRmaDkzOmQzZjg7ZzplQGlqNmdsZW86ZWo8MzM0NjMzQFNsa3ZpcUQ6amtqXmJmK2BeaWpgYTojNTFeMV80MzVgMWEwYmI2MmEjajBiNGFhZmhfYS0tZDBhc3M%3D&btag=40000e00010000&dy_q=1785897660&feature_id=d6a18d7c5414b1f1e95a75faf9147845&l=20260805104058DE0027CE0FF59575C272&ply_type=3&policy=eyJ2bSI6MywidWlkIjoiMzEyOTY1MDYwMzg4ODE4NSJ9,已使用,审核通过,--,3,--,0,0,0,0,0,0,0,0,0,0,0,0,0,0,0
"	7662604313426214958",0714-瑞晨引导-12.mp4,https://video-cn.oceanengine.com/eff5e4a3ab716210c395f10697da2672/6a7545c6/tos-cn-ve-51/ooQJLtClokSzlCEaKLc6uAgadW7ClIQAmIBXX?a=1402&ch=0&cr=0&dr=3&cd=0%7C0%7C0%7C0&br=1707&bt=1707&cs=0&ds=3&ft=J9ThAGkHH_Myq8ZEfej_e2NvjTQ&mime_type=video_mp4&qs=0&rc=NXZpTGRTaFBnKWxncmd5aHFsc3IxZGZpMzc1Z2hnaDc5aWY2aTZoQGkzcWY5O286ZWo8MzM0NjMzQFNsa3ZpcUQ6amtqXmJmK2BeaWpgYTojNDUyLjYxXjYyMTAyYzU1NGEjazFrcWFhZmhfYS0tZDAvc3M%3D&btag=40000e00008000&dy_q=1785897660&feature_id=d6a18d7c5414b1f1e95a75faf9147845&l=20260805104058DE0027CE0FF59575C272&ply_type=3&policy=eyJ2bSI6MywidWlkIjoiMzEyOTY1MDYwMzg4ODE4NSJ9,未使用,审核通过,--,2,--,0,0,0,0,0,0,0,0,0,0,0,0,0,0,0
"	7662604291624632370",0714-瑞晨引导-10.mp4,https://video-cn.oceanengine.com/01cd725f07c45b2689ac80a17aaaa8a6/6a7545cd/tos-cn-ve-51/owtUpH01KAVtg8XQ7Ke4xmKAhJXoEaItB7IQIa?a=1402&ch=0&cr=0&dr=3&cd=0%7C0%7C0%7C0&br=3644&bt=3644&cs=0&ds=4&ft=J9ThAGkHH_Myq8ZEfej_e2NvjTQ&mime_type=video_mp4&qs=0&rc=NXZpTGRTaFBnKWxncmd5aHFsc3IxZGZmNGU3NzNmNTlmZGg4N2ZnQGkzdjV5OG86ZWo8MzM0NjMzQFNsa3ZpcUQ6amtqXmJmK2BeaWpgYTojMzAwXzBjLl40MWI0YmA2MWEjMW9lYmFhbmhfYS0tZDAwc3M%3D&btag=40000200010000&dy_q=1785897660&feature_id=d6a18d7c5414b1f1e95a75faf9147845&l=20260805104058DE0027CE0FF59575C272&ply_type=3&policy=eyJ2bSI6MywidWlkIjoiMzEyOTY1MDYwMzg4ODE4NSJ9,未使用,审核不通过,--,0,--,0,0,0,0,0,0,0,0,0,0,0,0,0,0,0
"	7662604173449560073",0714-瑞晨引导-8.mp4,https://video-cn.oceanengine.com/68167123a27084ed088cf5a17977e619/6a7545c5/tos-cn-ve-51/198342b2ad184ef8a117a435a9714b0a?a=1402&ch=0&cr=0&dr=3&cd=0%7C0%7C0%7C0&br=3439&bt=3439&cs=0&ds=4&ft=J9ThAGkHH_Myq8ZEfej_e2NvjTQ&mime_type=video_mp4&qs=0&rc=NXZpTGRTaFBnKWxncmd5aHFsc3IxZGY5OmU2M2ZoZTczaDY3MzY0QGlqaHM6ZW86ZWo8MzM0NjMzQFNsa3ZpcUQ6amtqXmJmK2BeaWpgYTojXjVfYTEtY180MWMuYWJfYWEjamFzZWFhZmhfYS0tZDAwc3M%3D&btag=40000200008000&dy_q=1785897660&feature_id=d6a18d7c5414b1f1e95a75faf9147845&l=20260805104058DE0027CE0FF59575C272&ply_type=3&policy=eyJ2bSI6MywidWlkIjoiMzEyOTY1MDYwMzg4ODE4NSJ9,未使用,审核不通过,--,0,--,0,0,0,0,0,0,0,0,0,0,0,0,0,0,0
"	7662602461531652123",0714-引导-雅迪-1.mp4,https://video-cn.oceanengine.com/57a000c5eb7826d6a8de85087faed79c/6a7545dc/tos-cn-ve-51/oowlravE0cLldAYW0AtgIQIZrQTHXVJbzXbsI?a=1402&ch=0&cr=0&dr=3&cd=0%7C0%7C0%7C0&br=1850&bt=1850&cs=0&ds=4&ft=J9ThAGkHH_Myq8ZEfej_e2NvjTQ&mime_type=video_mp4&qs=0&rc=NXZpTGRTaFBnKWxncmd5aHFsc3IxZGY4Omg1PGZlaTc3MzkzPGkzQGlqZnh0M286c2o8MzM0NjMzQFNsa3ZpcUQ6amtqXmJmK2BeaWpgYTojMV4wMGAwYTUyMWAxLzEwMmEjMmtuZmFhbmRfYS0tZDBhc3M%3D&btag=40000200018000&dy_q=1785897660&feature_id=d6a18d7c5414b1f1e95a75faf9147845&l=20260805104058DE0027CE0FF59575C272&ply_type=3&policy=eyJ2bSI6MywidWlkIjoiMzEyOTY1MDYwMzg4ODE4NSJ9,未使用,审核不通过,--,0,--,0,0,0,0,0,0,0,0,0,0,0,0,0,0,0
"	7662602460625453102",0714-引导-小敏-3.mp4,https://video-cn.oceanengine.com/8a22544f8b0054b8a6d8db0415c7b3a9/6a7545d3/tos-cn-ve-51/oQYRg2LANhOgqAmRcLcVlwefTgI1DBahCQUAJV?a=1402&ch=0&cr=0&dr=3&cd=0%7C0%7C0%7C0&br=2095&bt=2095&cs=0&ds=4&ft=J9ThAGkHH_Myq8ZEfej_e2NvjTQ&mime_type=video_mp4&qs=0&rc=NXZpTGRTaFBnKWxncmd5aHFsc3IxZGY1aWVoaWkzZmQ4NzhpOGc2QGlqcmg0NW86cmo8MzM0NjMzQFNsa3ZpcUQ6amtqXmJmK2BeaWpgYTojLy9hMTY0MF4vMS9gL2JiMGEjMF4zbmFhXmRfYS0tZDAvc3M%3D&btag=40000200010000&dy_q=1785897660&feature_id=d6a18d7c5414b1f1e95a75faf9147845&l=20260805104058DE0027CE0FF59575C272&ply_type=3&policy=eyJ2bSI6MywidWlkIjoiMzEyOTY1MDYwMzg4ODE4NSJ9,未使用,审核不通过,--,0,--,0,0,0,0,0,0,0,0,0,0,0,0,0,0,0
"	7662602433123483686",0714-引导-嘉丽-1.mp4,https://video-cn.oceanengine.com/771e72180f38de4038cc4746a51d586d/6a7545c6/tos-cn-ve-51/o8daEzldDItYIkttvaHOQUMCCIAXWETc2XIkA?a=1402&ch=0&cr=0&dr=3&cd=0%7C0%7C0%7C0&cv=1&br=356&bt=356&cs=0&ds=3&ft=J9ThAGkHH_Myq8ZEfej_e2NvjTQ&mime_type=video_mp4&qs=0&rc=NXZpTGRTaFBnKWxncmd5aHFsc3IxZGZlaTM3ZWZoOjc8OjVlNzg7QGlqNztzZ286cmo8MzM0NjMzQFNsa3ZpcUQ6amtqXmJmK2BeaWpgYTojLy00NWJfMl4tMWNgLTViXmEjX2wta2FhZmRfYS0tZDBhc3M%3D&btag=40000e00008000&dy_q=1785897660&feature_id=d6a18d7c5414b1f1e95a75faf9147845&l=20260805104058DE0027CE0FF59575C272&ply_type=3&policy=eyJ2bSI6MywidWlkIjoiMzEyOTY1MDYwMzg4ODE4NSJ9,已使用,审核通过,--,11,--,0,0,0,0,0,0,0,0,0,0,0,0,0,0,0
"	7662602421063925806",0714-引导-小敏-1.mp4,https://video-cn.oceanengine.com/14643a9af1dd25e953ac537567421d79/6a7545c8/tos-cn-ve-51/oAIdXkQzIcsE9iYVQgmd3WZkjFtanlABAWIDJ?a=1402&ch=0&cr=0&dr=3&cd=0%7C0%7C0%7C0&br=2194&bt=2194&cs=0&ds=4&ft=J9ThAGkHH_Myq8ZEfej_e2NvjTQ&mime_type=video_mp4&qs=0&rc=NXZpTGRTaFBnKWxncmd5aHFsc3IxZGYzPGk6ZzM8ZTM7Z2c5ZmRlQGlqNjpzNW86cmo8MzM0NjMzQFNsa3ZpcUQ6amtqXmJmK2BeaWpgYTojYGIzLzNhNjZiMV4vMjEzLmEjYmNkXmFhZmRfYS0tZDAvc3M%3D&btag=40000200008000&dy_q=1785897660&feature_id=d6a18d7c5414b1f1e95a75faf9147845&l=20260805104058DE0027CE0FF59575C272&ply_type=3&policy=eyJ2bSI6MywidWlkIjoiMzEyOTY1MDYwMzg4ODE4NSJ9,未使用,审核不通过,--,0,--,0,0,0,0,0,0,0,0,0,0,0,0,0,0,0
"	7662602366266474522",0714-引导-雅迪-2.mp4,https://video-cn.oceanengine.com/79318f700082410eb65c2ce2de1c1c8c/6a7545cf/tos-cn-ve-51/okAIdHDNZXluEI4aAIEzaXdQtcgBCFuQWZ0wW?a=1402&ch=0&cr=0&dr=3&cd=0%7C0%7C0%7C0&br=1482&bt=1482&cs=0&ds=4&ft=J9ThAGkHH_Myq8ZEfej_e2NvjTQ&mime_type=video_mp4&qs=0&rc=NXZpTGRTaFBnKWxncmd5aHFsc3IxZGY2aDg6OmZlZjQzOjZmZmhoQGlqaHczaG86c2o8MzM0NjMzQFNsa3ZpcUQ6amtqXmJmK2BeaWpgYTojYC9fMi9iXjVhMWEwYF4uNmEjL2dmX2FhbmRfYS0tZDAwc3M%3D&btag=40000200010000&dy_q=1785897660&feature_id=d6a18d7c5414b1f1e95a75faf9147845&l=20260805104058DE0027CE0FF59575C272&ply_type=3&policy=eyJ2bSI6MywidWlkIjoiMzEyOTY1MDYwMzg4ODE4NSJ9,未使用,审核不通过,--,0,--,0,0,0,0,0,0,0,0,0,0,0,0,0,0,0
"	7662602623486935078",0714-浩正瑞晨-10-三改.mp4,https://video-cn.oceanengine.com/9cec88f1c49af74d3e6c30bc2d56e820/6a7545e8/tos-cn-ve-51/ooHcGaWzXipuIpAACgIIA9QsHQlcEtcQdta7E?a=1402&ch=0&cr=0&dr=3&cd=0%7C0%7C0%7C0&br=1422&bt=1422&cs=0&ds=4&ft=J9ThAGkHH_Myq8ZEfej_e2NvjTQ&mime_type=video_mp4&qs=0&rc=NXZpTGRTaFBnKWxncmd5aHFsc3IxZGZmNDQ3ZWRkNDdnaTdoOWRpQGlqOmczaG86NWo8MzM0NjMzQFNsa3ZpcUQ6amtqXmJmK2BeaWpgYTojYTMxNDFiYl9gMWMuMWMzMWEjcmw0YmFhL2VfYS0tZDAvc3M%3D&btag=40000200018000&dy_q=1785897660&feature_id=d6a18d7c5414b1f1e95a75faf9147845&l=20260805104058DE0027CE0FF59575C272&ply_type=3&policy=eyJ2bSI6MywidWlkIjoiMzEyOTY1MDYwMzg4ODE4NSJ9,未使用,审核不通过,--,0,--,0,0,0,0,0,0,0,0,0,0,0,0,0,0,0
"	7662602581948547098",0714-浩正瑞晨-9-三改.mp4,https://video-cn.oceanengine.com/9717fa812cab09d5d34352bb1e9b816e/6a7545d9/tos-cn-ve-51/ostPIQQBHQzWkGXcgPEGiIAAlEa5vHdnWgNFI?a=1402&ch=0&cr=0&dr=3&cd=0%7C0%7C0%7C0&br=1957&bt=1957&cs=0&ds=4&ft=J9ThAGkHH_Myq8ZEfej_e2NvjTQ&mime_type=video_mp4&qs=0&rc=NXZpTGRTaFBnKWxncmd5aHFsc3IxZGY2aWg6ZjZoOTs2ZTU8ZzY1QGlqOnhvOm86NWo8MzM0NjMzQFNsa3ZpcUQ6amtqXmJmK2BeaWpgYTojYjIuYzJeNF9gMWAzLmMvLWEjLzVlLWFhL2VfYS0tZDAvc3M%3D&btag=40000200018000&dy_q=1785897660&feature_id=d6a18d7c5414b1f1e95a75faf9147845&l=20260805104058DE0027CE0FF59575C272&ply_type=3&policy=eyJ2bSI6MywidWlkIjoiMzEyOTY1MDYwMzg4ODE4NSJ9,未使用,审核不通过,--,0,--,0,0,0,0,0,0,0,0,0,0,0,0,0,0,0
"	7662602560545849371",0714-浩正瑞晨-6-三改.mp4,https://video-cn.oceanengine.com/9b2320e6eb23cf95e85b0cb759fd71aa/6a7545ea/tos-cn-ve-51/o8GXxWvlUQEzil2dc4sSVQIGtQEawWAIBA3AI?a=1402&ch=0&cr=0&dr=3&cd=0%7C0%7C0%7C0&br=1117&bt=1117&cs=0&ds=4&ft=J9ThAGkHH_Myq8ZEfej_e2NvjTQ&mime_type=video_mp4&qs=0&rc=NXZpTGRTaFBnKWxncmd5aHFsc3IxZGY3PGQ1ZWk1ODw6N2c2NmlnQGkzajV4aW86NWo8MzM0NjMzQFNsa3ZpcUQ6amtqXmJmK2BeaWpgYTojMy0yNS5eXjYuMTNhMC9iNWEjNl4tXmFhL2VfYS0tZDAwc3M%3D&btag=40000200020000&dy_q=1785897660&feature_id=d6a18d7c5414b1f1e95a75faf9147845&l=20260805104058DE0027CE0FF59575C272&ply_type=3&policy=eyJ2bSI6MywidWlkIjoiMzEyOTY1MDYwMzg4ODE4NSJ9,未使用,审核不通过,--,0,--,0,0,0,0,0,0,0,0,0,0,0,0,0,0,0
"	7662602558097080370",0714-浩正瑞晨-5-三改.mp4,https://video-cn.oceanengine.com/c44513fec5ab445405420e63497ed3be/6a7545d8/tos-cn-ve-51/oM41AXkE7E7t0NEAmQzIKfJSmRpoagQHBI1Edm?a=1402&ch=0&cr=0&dr=3&cd=0%7C0%7C0%7C0&br=1210&bt=1210&cs=0&ds=4&ft=J9ThAGkHH_Myq8ZEfej_e2NvjTQ&mime_type=video_mp4&qs=0&rc=NXZpTGRTaFBnKWxncmd5aHFsc3IxZGZmOGZoOjU4ZzllZ2RkaDU1QGlqaGtnNm86NWo8MzM0NjMzQFNsa3ZpcUQ6amtqXmJmK2BeaWpgYTojXzIxNDJhYjYzMWMtLjNjNWEjc2gzZmFhL2VfYS0tZDBhc3M%3D&btag=40000200010000&dy_q=1785897660&feature_id=d6a18d7c5414b1f1e95a75faf9147845&l=20260805104058DE0027CE0FF59575C272&ply_type=3&policy=eyJ2bSI6MywidWlkIjoiMzEyOTY1MDYwMzg4ODE4NSJ9,未使用,审核不通过,--,0,--,0,0,0,0,0,0,0,0,0,0,0,0,0,0,0
"	7662602552812486706",0714-浩正瑞晨-11-三改.mp4,https://video-cn.oceanengine.com/276271c75a42eb07a71bb1ed9328240a/6a7545d9/tos-cn-ve-51/oEQXIggemGLKACa1CtFcIh9D8RPBE7IQmZ4zAx?a=1402&ch=0&cr=0&dr=3&cd=0%7C0%7C0%7C0&br=1233&bt=1233&cs=0&ds=4&ft=J9ThAGkHH_Myq8ZEfej_e2NvjTQ&mime_type=video_mp4&qs=0&rc=NXZpTGRTaFBnKWxncmd5aHFsc3IxZGYzNThkN2Y1O2c8M2llZWdoQGkzanBqOm86NWo8MzM0NjMzQFNsa3ZpcUQ6amtqXmJmK2BeaWpgYTojXzFhMmAzMV5fMV5eLi9fNWEjc21gZGFhL2VfYS0tZDBhc3M%3D&btag=40000200018000&dy_q=1785897660&feature_id=d6a18d7c5414b1f1e95a75faf9147845&l=20260805104058DE0027CE0FF59575C272&ply_type=3&policy=eyJ2bSI6MywidWlkIjoiMzEyOTY1MDYwMzg4ODE4NSJ9,未使用,审核不通过,--,0,--,0,0,0,0,0,0,0,0,0,0,0,0,0,0,0
"	7661186975484379190",微信视频_20260711163647.mp4,https://video-cn.oceanengine.com/5177c2d364f7699d40da11ba06ffa5f9/6a7545cf/tos-cn-ve-51/13538b55e4c44081a302871672a0345d?a=1402&ch=0&cr=0&dr=3&cd=0%7C0%7C0%7C0&br=928&bt=928&cs=0&ds=3&ft=J9ThAGkHH_Myq8ZEfej_e2NvjTQ&mime_type=video_mp4&qs=0&rc=NXZpTGRTaFBnKWxncmd5aHFsc3IxZGY8ZGVoZ2hnZTU5aWU2PGhkQGkzMzo2ZG86OXk8MzM0NjMzQFNsa3ZpcUQ6amtqXmJmK2BeaWpgYTojMC9jNF8uMTZeMV9gYl8xMGEjXmNiM2FhXmNeYS0tZDBhc3M%3D&btag=40000e00010000&dy_q=1785897660&feature_id=d6a18d7c5414b1f1e95a75faf9147845&l=20260805104058DE0027CE0FF59575C272&ply_type=3&policy=eyJ2bSI6MywidWlkIjoiMzEyOTY1MDYwMzg4ODE4NSJ9,已使用,审核通过,--,6,--,0,0,0,0,0,0,0,0,0,0,0,0,0,0,0
"	7669968545871216676",0803-图文-引流-魏怡-1,,,,,,,3.25,272,11,4.04,0.3,11.95,0,0,0,0,0,0,0,0,0
"	7670133716786757651",0804-图文-引流-浩正-瑞晨-2,,,,,,,4.31,191,4,2.09,1.08,22.57,0,0,0,0,0,0,0,0,0
"	7666333092897914934",主页-'7666333092897910000,,,,,,,915.26,36442,337,0.92,2.72,25.12,53,17.27,15.73,0,0,0,0,4,0
"	7669967481986400299",0803-国星-引流-图文-3,,,,,,,2.71,173,6,3.47,0.45,15.66,0,0,0,0,0,0,0,0,0
"	7667043844014915638",主页-'7667043844014910000,,,,,,,0.23,3,0,0,0,76.67,0,0,0,0,0,0,0,0,0
"	7670134616959336511",0804-图文-引流-浩正-瑞晨-3,,,,,,,11.92,486,14,2.88,0.85,24.53,2,5.96,14.29,0,0,0,0,0,0
"	7668631296634568713",0731-国星引流-图文-3,,,,,,,0.06,4,1,25,0.06,15,0,0,0,0,0,0,0,0,0
"	7669261312447381555",0801-图文-引流-瑞晨-1,,,,,,,0.06,1,0,0,0,60,0,0,0,0,0,0,0,0,0
"	7666333088523403306",主页-'7666333088523400000,,,,,,,3.03,66,1,1.52,3.03,45.91,0,0,0,0,0,0,0,0,0
"	7668630892366086170",0731-国星引流-图文-2,,,,,,,0.05,2,0,0,0,25,0,0,0,0,0,0,0,0,0
"	7669967245288898602",0803-国星-引流-图文-2,,,,,,,2.02,112,3,2.68,0.67,18.04,1,2.02,33.33,0,0,0,0,0,0
"	7667043792944840723",主页-'7667043792944840000,,,,,,,0.19,5,0,0,0,38,0,0,0,0,0,0,0,0,0
"	7666333089157562387",主页-'7666333089157560000,,,,,,,1.33,32,0,0,0,41.56,0,0,0,0,0,0,0,0,0
"	7666333089019183123",主页-'7666333089019180000,,,,,,,3.15,126,1,0.79,3.15,25,0,0,0,0,0,0,0,0,0
"	7669272381589241897",0801-图文-引流-瑞晨-5,,,,,,,0.04,3,0,0,0,13.33,0,0,0,0,0,0,0,0,0
"	7667043802641760275",主页-'7667043802641760000,,,,,,,0.26,4,1,25,0.26,65,0,0,0,0,0,0,0,0,0
"	7669272029158621220",0801-图文-引流-瑞晨-4,,,,,,,0.5,31,0,0,0,16.13,0,0,0,0,0,0,0,0,0
"	7667043831206871083",主页-'7667043831206870000,,,,,,,0.53,1,0,0,0,530,0,0,0,0,0,0,0,0,0
"	7669968238827307071",0803-国星-引流-图文-5,,,,,,,4.84,400,12,3,0.4,12.1,0,0,0,0,0,0,0,0,0
"	7668631986223759414",0731-国星引流-图文-4,,,,,,,0.11,3,0,0,0,36.67,0,0,0,0,0,0,0,0,0
"	7669968900297555974",0803-图文-引流-魏怡-2,,,,,,,4.87,478,26,5.44,0.19,10.19,0,0,0,0,0,0,0,0,0
"	7669969821957980223",0803-图文-引流-魏怡-5,,,,,,,3.74,356,17,4.78,0.22,10.51,0,0,0,0,0,0,0,0,0
"	7669261618117574694",0801-图文-引流-瑞晨-2,,,,,,,0.93,39,1,2.56,0.93,23.85,1,0.93,100,0,0,0,0,0,0
"	7669271768713773098",0801-图文-引流-瑞晨-3,,,,,,,0.38,21,0,0,0,18.1,0,0,0,0,0,0,0,0,0
"	7668632349551132718",0731-国星引流-图文-5,,,,,,,0.05,2,0,0,0,25,0,0,0,0,0,0,0,0,0
"	7667043801064734762",主页-'7667043801064730000,,,,,,,0.13,5,0,0,0,26,0,0,0,0,0,0,0,0,0
"	7668630485296791579",0731-国星引流-图文-1,,,,,,,0.44,18,0,0,0,24.44,0,0,0,0,0,0,0,0,0
"	7670133424116858922",0804-图文-引流-浩正-瑞晨-1,,,,,,,9.25,450,37,8.22,0.25,20.56,1,9.25,2.7,0,0,0,0,0,0
"	7670182026425679926",0804-图文-引流-雅迪-国星-8,,,,,,,0,0,0,0,0,0,0,0,0,0,0,0,0,0,0
"	7670181225970991154",0804-图文-引流-雅迪-国星-7,,,,,,,0,0,0,0,0,0,0,0,0,0,0,0,0,0,0
"	7670180724758724646",0804-图文-引流-雅迪-国星-6,,,,,,,0,0,0,0,0,0,0,0,0,0,0,0,0,0,0
"	7670143601045979162",0804-图文-引流-小敏-小敏-13,,,,,,,0,0,0,0,0,0,0,0,0,0,0,0,0,0,0
"	7670143356529836073",0804-图文-引流-小敏-小敏-12,,,,,,,0,0,0,0,0,0,0,0,0,0,0,0,0,0,0
"	7670142619106639898",0804-图文-引流-魏怡-11,,,,,,,0,0,0,0,0,0,0,0,0,0,0,0,0,0,0
"	7669970535618543670",0803-引流-图文-浩正瑞晨-2,,,,,,,0,0,0,0,0,0,0,0,0,0,0,0,0,0,0
"	7669970171218001983",0803-引流-图文-浩正瑞晨-1,,,,,,,0,0,0,0,0,0,0,0,0,0,0,0,0,0,0
"	7669969483932155910",0803-图文-引流-魏怡-4,,,,,,,0,0,0,0,0,0,0,0,0,0,0,0,0,0,0
"	7669969136153198598",0803-图文-引流-魏怡-3,,,,,,,0,0,0,0,0,0,0,0,0,0,0,0,0,0,0
"	7669967856444014633",0803-国星-引流-图文-4,,,,,,,0,0,0,0,0,0,0,0,0,0,0,0,0,0,0
"	7669966967436935210",0803-国星-引流-图文-1,,,,,,,0,0,0,0,0,0,0,0,0,0,0,0,0,0,0
"	7669610478424096811",0802-图文-引流-瑞晨-15,,,,,,,0,0,0,0,0,0,0,0,0,0,0,0,0,0,0
"	7669609820657107007",0802-图文-引流-瑞晨-14,,,,,,,0,0,0,0,0,0,0,0,0,0,0,0,0,0,0
"	7669609243038105641",0802-图文-引流-瑞晨-13,,,,,,,0,0,0,0,0,0,0,0,0,0,0,0,0,0,0
"	7669609051656585222",0802-图文-引流-瑞晨-12,,,,,,,0,0,0,0,0,0,0,0,0,0,0,0,0,0,0
"	7669608854007971883",0802-图文-引流-瑞晨-11,,,,,,,0,0,0,0,0,0,0,0,0,0,0,0,0,0,0
"	7669608515089121321",0802-图文-引流-瑞晨-10,,,,,,,0,0,0,0,0,0,0,0,0,0,0,0,0,0,0
"	7669607093847081023",0802-图文-引流-瑞晨-9,,,,,,,0,0,0,0,0,0,0,0,0,0,0,0,0,0,0
"	7669606614208167942",0802-图文-引流-瑞晨-8,,,,,,,0,0,0,0,0,0,0,0,0,0,0,0,0,0,0
"	7669606261806514182",0802-图文-引流-瑞晨-7,,,,,,,0,0,0,0,0,0,0,0,0,0,0,0,0,0,0
"	7669606034580930566",0802-图文-引流-瑞晨-6,,,,,,,0,0,0,0,0,0,0,0,0,0,0,0,0,0,0
"	7668628354807349267",0730-图文-引流-瑞晨浩正-5,,,,,,,0,0,0,0,0,0,0,0,0,0,0,0,0,0,0
"	7668627938671411236",0730-图文-引流-瑞晨浩正-4,,,,,,,0,0,0,0,0,0,0,0,0,0,0,0,0,0,0
"	7668627469441253426",0730-图文-引流-瑞晨浩正-3,,,,,,,0,0,0,0,0,0,0,0,0,0,0,0,0,0,0
"	7668569790946066475",0730-图文-引流-瑞晨浩正-2,,,,,,,0,0,0,0,0,0,0,0,0,0,0,0,0,0,0
"	7668626976165281828",0730-图文-引流-瑞晨浩正-1,,,,,,,0,0,0,0,0,0,0,0,0,0,0,0,0,0,0
"	7668605730636398642",0731-瑞晨浩正图文-2,,,,,,,0,0,0,0,0,0,0,0,0,0,0,0,0,0,0
"	7668604720812392489",0731-图文-魏怡-5,,,,,,,0,0,0,0,0,0,0,0,0,0,0,0,0,0,0
"	7668604338583765042",0731-图文-魏怡-4,,,,,,,0,0,0,0,0,0,0,0,0,0,0,0,0,0,0
"	7668603748495802431",0731-图文-魏怡-3,,,,,,,0,0,0,0,0,0,0,0,0,0,0,0,0,0,0
"	7668602963708280858",0731-图文-魏怡-2,,,,,,,0,0,0,0,0,0,0,0,0,0,0,0,0,0,0
"	7668601746575343635",0731-图文-引流-魏怡-1,,,,,,,0,0,0,0,0,0,0,0,0,0,0,0,0,0,0
"	7666333093406539795",主页-'7666333093406530000,,,,,,,0,0,0,0,0,0,0,0,0,0,0,0,0,0,0
"	7669971654202425386",0803-引流-图文-浩正瑞晨-1,,,,,,,13.44,658,30,4.56,0.45,20.43,2,6.72,6.67,0,0,0,0,0,0
"	7668318368286670898",0730图文-4,,,,,,,1.26,115,4,3.48,0.32,10.96,0,0,0,0,0,0,0,0,0
"	7668316433860050982",0730-图文-引流-魏怡-3,,,,,,,5.24,49,1,2.04,5.24,106.94,1,5.24,100,0,0,0,0,0,0
"	7668315757315342382",0730-图文-引流-魏怡-1,,,,,,,20.12,657,6,0.91,3.35,30.62,2,10.06,33.33,0,0,0,0,0,0
"	7669972643421077558",0803-引流-图文-浩正瑞晨-5,,,,,,,5.74,344,10,2.91,0.57,16.69,0,0,0,0,0,0,0,0,0
"	7668316133682823210",0730-图文-引流-魏怡-2,,,,,,,3.08,68,1,1.47,3.08,45.29,0,0,0,0,0,0,0,0,0
"	7669972124598927396",0803-引流-图文-浩正瑞晨-3,,,,,,,4.55,294,8,2.72,0.57,15.48,0,0,0,0,0,0,0,0,0
"	7669972330894540836",0803-引流-图文-浩正瑞晨-4,,,,,,,3.76,254,10,3.94,0.38,14.8,0,0,0,0,0,0,0,0,0
"	7668636397731479590",0731-图文-引流-魏怡-1,,,,,,,0.45,29,1,3.45,0.45,15.52,0,0,0,0,0,0,0,0,0
"	7668316830063050794",0730-图文-引流-魏怡-4,,,,,,,3.55,58,4,6.9,0.89,61.21,0,0,0,0,0,0,0,0,0
"	7668636995202334766",0731-图文-引流-魏怡-3,,,,,,,0.79,54,1,1.85,0.79,14.63,0,0,0,0,0,0,0,0,0
"	7669971883808849926",0803-引流-图文-浩正瑞晨-2,,,,,,,6.81,405,12,2.96,0.57,16.81,0,0,0,0,0,0,0,0,0
"	7668328041708322867",0730-国星引流-外部2,,,,,,,0.98,70,0,0,0,14,0,0,0,0,0,0,0,0,0
"	7668327593800335398",0730-国星引流-高赞2,,,,,,,3.78,321,13,4.05,0.29,11.78,0,0,0,0,0,0,0,0,0
"	7668317318985449535",0730-图文-引流-魏怡-5,,,,,,,15.81,328,4,1.22,3.95,48.2,0,0,0,0,0,0,0,0,0
"	7668633716784840750",0731-图文-引流-嘉丽-1,,,,,,,0.97,46,2,4.35,0.49,21.09,0,0,0,0,0,0,0,0,0
"	7668637342688952383",0731-图文-引流-魏怡-4,,,,,,,1.11,14,0,0,0,79.29,0,0,0,0,0,0,0,0,0
"	7668319135812714502",0730-国星引流-高赞1,,,,,,,1.15,50,4,8,0.29,23,0,0,0,0,0,0,0,0,0
"	7668636844133892150",0731-图文-引流-魏怡-2,,,,,,,2.33,103,2,1.94,1.17,22.62,0,0,0,0,0,0,0,0,0
"	7668318149338775561",0730图文-3,,,,,,,0,0,0,0,0,0,0,0,0,0,0,0,0,0,0
"	7668633940912930879",0731-图文-引流-嘉丽-2,,,,,,,1.28,35,0,0,0,36.57,0,0,0,0,0,0,0,0,0
"	7669599963439218729",0802-图文-引流-瑞晨-5,,,,,,,0,0,0,0,0,0,0,0,0,0,0,0,0,0,0
"	7669599681123401764",0802-图文-引流-瑞晨-4,,,,,,,0,0,0,0,0,0,0,0,0,0,0,0,0,0,0
"	7669599449215418410",0802-图文-引流-瑞晨-3,,,,,,,0,0,0,0,0,0,0,0,0,0,0,0,0,0,0
"	7669599152188145705",0802-图文-引流-瑞晨-2,,,,,,,0,0,0,0,0,0,0,0,0,0,0,0,0,0,0
"	7669598820380442630",0802-图文-引流-瑞晨-1,,,,,,,0,0,0,0,0,0,0,0,0,0,0,0,0,0,0
"	7669597411002908708",0801-图文-引流-魏怡-5,,,,,,,0,0,0,0,0,0,0,0,0,0,0,0,0,0,0
"	7669597226776789034",0801-图文-引流-魏怡-4,,,,,,,0,0,0,0,0,0,0,0,0,0,0,0,0,0,0
"	7669596851368132614",0801-图文-引流-魏怡-3,,,,,,,0,0,0,0,0,0,0,0,0,0,0,0,0,0,0
"	7669596519112818729",0801-图文-引流-魏怡-2,,,,,,,0,0,0,0,0,0,0,0,0,0,0,0,0,0,0
"	7669594213891489828",0801-图文-引流-魏怡-1,,,,,,,0,0,0,0,0,0,0,0,0,0,0,0,0,0,0
"	7669062490311983145",0801-国星引流-图文-5,,,,,,,0,0,0,0,0,0,0,0,0,0,0,0,0,0,0
"	7669062279947943955",0801-国星引流-图文-4,,,,,,,0,0,0,0,0,0,0,0,0,0,0,0,0,0,0
"	7669062073732825129",0801-国星引流-图文-3,,,,,,,0,0,0,0,0,0,0,0,0,0,0,0,0,0,0
"	7669061722318962731",0801-国星引流-图文-2,,,,,,,0,0,0,0,0,0,0,0,0,0,0,0,0,0,0
"	7669061483997757494",0801-国星引流-图文-1,,,,,,,0,0,0,0,0,0,0,0,0,0,0,0,0,0,0
"	7668637745304961074",0731-图文-引流-魏怡-5,,,,,,,0,0,0,0,0,0,0,0,0,0,0,0,0,0,0
"	7668327219403767818",0730-国星引流-高赞3,,,,,,,0,0,0,0,0,0,0,0,0,0,0,0,0,0,0
"	7668319653657493531",0730-国星引流-高赞2,,,,,,,0,0,0,0,0,0,0,0,0,0,0,0,0,0,0
"	7668317765250514954",0730图文-2,,,,,,,0,0,0,0,0,0,0,0,0,0,0,0,0,0,0
"	7668317563760001074",0730图文-01,,,,,,,0,0,0,0,0,0,0,0,0,0,0,0,0,0,0
"	7666333088523403306",主页-'7666333088523400000,,,,,,,0,0,0,0,0,0,0,0,0,0,0,0,0,0,0
"	7666333089019183123",主页-'7666333089019180000,,,,,,,0,0,0,0,0,0,0,0,0,0,0,0,0,0,0
"	7666333093406539795",主页-'7666333093406530000,,,,,,,0,0,0,0,0,0,0,0,0,0,0,0,0,0,0
"	7666333092897914934",主页-'7666333092897910000,,,,,,,0,0,0,0,0,0,0,0,0,0,0,0,0,0,0
"	7666333089157562387",主页-'7666333089157560000,,,,,,,0,0,0,0,0,0,0,0,0,0,0,0,0,0,0
"	7665935383276404777",主页-'7665935383276400000,,,,,,,0,0,0,0,0,0,0,0,0,0,0,0,0,0,0
"	7665935357737304106",主页-'7665935357737300000,,,,,,,0,0,0,0,0,0,0,0,0,0,0,0,0,0,0
"	7665935337701982249",主页-'7665935337701980000,,,,,,,0,0,0,0,0,0,0,0,0,0,0,0,0,0,0
