签名,渠道,广告账户ID,广告计划ID,抖音号名称（id）,平台素材ID,素材预览,素材名称,日期,编导确认,上传人,投放产品,素材投放产品,代理商,来源,生产属性,市场员,消耗,成交GMV,成交单量,ROI,CPM（千次曝光成本）,千次有效观看成本,CPA,CTR,CVR,3s播放率,千次曝光成交率,千次观看成交
678a601bd4b31b9ae4378ab8754f7b21,-,-,-,-,-,https://tutor-online1.fbcontent.cn/growth/internal-material/1779440142216.678a601bd4b31b9ae4378ab8754f7b21.mp4,0513-199双科-自产-自产二-李博-曲中雨-嘉丽-A7-B1-无-35,20260622,魏嘉丽,魏嘉丽,199元高中双科提分课,199元高中双科提分课,自投放,自有,自产原创,wangjiananbj03,0.01,0,0,0,10,0,0,0.00%,0.00%,-,0,0
8d668df2abf53bcdf14c11c1295cecbb,-,-,-,-,-,https://tutor-online1.fbcontent.cn/growth/internal-material/1779470003836.8d668df2abf53bcdf14c11c1295cecbb.mp4,0521-9物-自产-自产二-李博-曲中雨-子衿-A5效果保证-B1效果方法体系-有-4,20260622,贾子矜,贾子矜,9元高中物理李博,9元高中物理李博,十人,自有,自产原创,wangruixuebj01,0.02,0,0,0,20,0,0,0.00%,0.00%,-,0,0
63336d0afafe2f3680b8f47bb3768e74,-,-,-,-,-,https://tutor-online1.fbcontent.cn/growth/internal-material/1775810390856.63336d0afafe2f3680b8f47bb3768e74.mp4,0317-199物-自产-自产二-李博-曲中雨-浩正-A2-B2-无-20,20260622,杜浩正,杜浩正,199元高中双科提分课,199元高中双科提分课,自投放,自有,自产原创,wangjiananbj03,0.27,0,0,0,27,0,0,0.00%,0.00%,-,0,0
5086c9b320da07f20d48f6e95503a272,-,-,-,-,-,https://tutor-online1.fbcontent.cn/growth/internal-material/1781769381603.5086c9b320da07f20d48f6e95503a272.mp4,0611-199双科-自产-自产主-王晶-曲中雨-嘉丽-A1-B1-无-21,20260622,魏嘉丽,魏嘉丽,199元高中双科提分课,199元高中双科提分课,自投放,自有,自产原创,wangjiananbj03,0.2,0,0,0,100,0,0,0.00%,0.00%,-,0,0
5bb64868a62d1eb1cd17397459ab0af2,-,-,-,-,-,https://tutor-online1.fbcontent.cn/growth/internal-material/1778581745257.5bb64868a62d1eb1cd17397459ab0af2.mp4,0508-199双科-自产-自产主-李博-视觉锤-雅迪-A5-B1-无-16,20260622,王雅迪,王雅迪,199元高中双科提分课,199元高中双科提分课,自投放,自有,自产原创,wangjiananbj03,0.45,0,0,0,112.5,0,0,0.00%,0.00%,-,0,0
5176abfabd8e4f9f682b4cdbc15c95d5,-,-,-,-,-,https://tutor-online1.fbcontent.cn/growth/internal-material/1780040825980.5176abfabd8e4f9f682b4cdbc15c95d5.mp4,0520-199双科-自产-自产主-李博-曲中雨-小敏-A1-B6-无-23,20260622,曲敏,曲敏,199元高中双科提分课,199元高中双科提分课,自投放,自有,自产原创,wangjiananbj03,0.05,0,0,0,50,0,0,0.00%,0.00%,-,0,0
473081ce934cddca8668528b5177c7bd,-,-,-,-,-,https://tutor-online1.fbcontent.cn/growth/internal-material/1774350653835.473081ce934cddca8668528b5177c7bd.mp4,0319-9物-自产-自产二-李博-巽阳-子衿--B2B5-无-24,20260622,贾子矜,贾子矜,9元高中物理李博,9元高中物理李博,玄武,自有,自产原创,wangruixuebj01,0.01,0,0,0,5,0,0,0.00%,0.00%,-,0,0
6d05d1e4be17a04e49ac721c829ffde9,-,-,-,-,-,https://tutor-online1.fbcontent.cn/growth/internal-material/1781769445740.6d05d1e4be17a04e49ac721c829ffde9.mp4,0611-199双科-自产-自产二-王晶-视觉锤-嘉丽-A2-B1-无-24,20260622,魏嘉丽,魏嘉丽,199元高中双科提分课,199元高中双科提分课,自投放,自有,自产原创,wangjiananbj03,0,0,0,0,0,0,0,0.00%,0.00%,-,0,0
e5950d065b1f461d2ef2d00a02055c24,-,-,-,-,-,https://tutor-online1.fbcontent.cn/growth/internal-material/1780315995413.e5950d065b1f461d2ef2d00a02055c24.mp4,0512-199双科-自产-自产二-王晶-曲中雨-小敏--B1-有-22,20260622,曲敏,韩晨国,199元高中双科提分课,199元高中双科提分课,自投放,自有,自产原创,wangjiananbj03,0.01,0,0,0,10,0,0,0.00%,0.00%,-,0,0
89ade7b44e4a25c185cfae92f2fb48c2,-,-,-,-,-,https://tutor-online1.fbcontent.cn/growth/internal-material/1779421612919.89ade7b44e4a25c185cfae92f2fb48c2.mp4,0513-199双科-自产-自产主-李博-曲中雨-忍哥-A5-B1-有-27,20260622,王雅迪,王雅迪,199元高中双科提分课,199元高中双科提分课,自投放,自有,自产原创,wangjiananbj03,0.14,0,0,0,140,0,0,0.00%,0.00%,-,0,0
b22480ac2f470f56e33aac1e2cf2c403,-,-,-,-,-,https://tutor-online1.fbcontent.cn/growth/internal-material/1775810396949.b22480ac2f470f56e33aac1e2cf2c403.mp4,0317-199物-自产-自产二-李博-曲中雨-浩正--B2-有-19,20260622,杜浩正,杜浩正,199元高中双科提分课,199元高中双科提分课,自投放,自有,自产原创,wangjiananbj03,2.9,0,0,0,96.67,0,0,0.00%,0.00%,-,0,0
5f541d858f9776c01f56fc1761270f90,-,-,-,-,-,https://tutor-online1.fbcontent.cn/growth/internal-material/1781579971167.5f541d858f9776c01f56fc1761270f90.mp4,0610-199双科-自产-自产二-李博-视觉锤-子衿-A5-B1-无-9(1),20260622,贾子矜,贾子矜,199元高中双科提分课,199元高中双科提分课,自投放,自有,自产原创,wangjiananbj03,0.37,0,0,0,123.33,0,0,0.00%,0.00%,-,0,0
fac75c4ec0bca6b960d81290287ba777,-,-,-,-,-,https://tutor-online1.fbcontent.cn/growth/internal-material/1781579960306.fac75c4ec0bca6b960d81290287ba777.mp4,0610-199双科-自产-自产二-李博-视觉锤-子衿-A2-B1-有-7(1),20260622,贾子矜,贾子矜,199元高中双科提分课,199元高中双科提分课,自投放,自有,自产原创,wangjiananbj03,0.05,0,0,0,16.67,0,0,0.00%,0.00%,-,0,0
1af3ac98835302c4de6b3fe9fb7b2444,-,-,-,-,-,https://tutor-online1.fbcontent.cn/growth/internal-material/1779701509612.1af3ac98835302c4de6b3fe9fb7b2444.mp4,0520-199双科-自产-自产二-李博-曲中雨-浩正-A5-B2-无-8,20260622,杜浩正,杜浩正,199元高中双科提分课,199元高中双科提分课,自投放,自有,自产原创,wangjiananbj03,0.02,0,0,0,10,0,0,0.00%,0.00%,-,0,0
daf655cc2e595e39bce0bc2b90a893e7,-,-,-,-,-,https://tutor-online1.fbcontent.cn/growth/internal-material/1779258539843.daf655cc2e595e39bce0bc2b90a893e7.mp4,0512-199双科-自产-自产主-王晶-曲中雨-子衿--B1B4-有-3,20260622,贾子矜,贾子矜,199元高中双科提分课,199元高中双科提分课,自投放,自有,自产原创,wangjiananbj03,0.5,0,0,0,50,0,0,0.00%,0.00%,-,0,0
451c349a6f65933daa20d3918c17081b,-,-,-,-,-,https://tutor-online1.fbcontent.cn/growth/internal-material/1781579988193.451c349a6f65933daa20d3918c17081b.mp4,0610-199双科-自产-自产二-李博-视觉锤-子衿-A5-B1-有-9(1),20260622,贾子矜,贾子矜,199元高中双科提分课,199元高中双科提分课,自投放,自有,自产原创,wangjiananbj03,14.18,0,0,0,189.07,0,0,0.00%,0.00%,-,0,0
6b47efdda1845bc8ef7f7c96c1fdda6a,-,-,-,-,-,https://tutor-online1.fbcontent.cn/growth/internal-material/1779440722153.6b47efdda1845bc8ef7f7c96c1fdda6a.mp4,0512-199双科-自产-自产主-王晶-曲中雨-嘉丽--B1-无-15,20260622,魏嘉丽,魏嘉丽,199元高中双科提分课,199元高中双科提分课,自投放,自有,自产原创,wangjiananbj03,0.55,0,0,0,137.5,0,0,0.00%,0.00%,-,0,0
45e288af46fbfaa65039db8f75e1bb12,-,-,-,-,-,https://tutor-online1.fbcontent.cn/growth/internal-material/1781579993263.45e288af46fbfaa65039db8f75e1bb12.mp4,0610-199双科-自产-自产二-李博-视觉锤-子衿-A6-B1-无-2(1),20260622,贾子矜,贾子矜,199元高中双科提分课,199元高中双科提分课,自投放,自有,自产原创,wangjiananbj03,0.01,0,0,0,10,0,0,0.00%,0.00%,-,0,0
c85e6eca7ea188f832d2faeaa777c563,-,-,-,-,-,https://tutor-online1.fbcontent.cn/growth/internal-material/1781769513191.c85e6eca7ea188f832d2faeaa777c563.mp4,0611-199双科-自产-自产二-王晶-视觉锤-嘉丽-A7-B1-有-22,20260622,魏嘉丽,魏嘉丽,199元高中双科提分课,199元高中双科提分课,自投放,自有,自产原创,wangjiananbj03,0,0,0,0,0,0,0,0.00%,0.00%,-,0,0
1efdf5fdfaeacf23fbff79764143ab33,-,-,-,-,-,https://tutor-online1.fbcontent.cn/growth/internal-material/1781580006792.1efdf5fdfaeacf23fbff79764143ab33.mp4,0610-199双科-自产-自产二-李博-视觉锤-子衿-A6-B1-无-6(1),20260622,贾子矜,贾子矜,199元高中双科提分课,199元高中双科提分课,自投放,自有,自产原创,wangjiananbj03,2.01,0,0,0,118.24,0,0,0.00%,0.00%,-,0,0
137882ddd4ee23be877c75a607af85c8,-,-,-,-,-,https://tutor-online1.fbcontent.cn/growth/internal-material/1779258810531.137882ddd4ee23be877c75a607af85c8.mp4,0514-199双科-自产-自产主-王晶-曲中雨-子衿--B2-无-4,20260622,贾子矜,贾子矜,199元高中双科提分课,199元高中双科提分课,自投放,自有,自产原创,wangjiananbj03,1.12,0,0,0,186.67,0,0,0.00%,0.00%,-,0,0
01a435819c48499543ac58eb5fa4c78d,-,-,-,-,-,https://tutor-online1.fbcontent.cn/growth/internal-material/1779706245887.01a435819c48499543ac58eb5fa4c78d.mp4,0520-199双科-自产-自产二-李博-曲中雨-子衿-A6-B1-有-3,20260622,贾子矜,贾子矜,199元高中双科提分课,199元高中双科提分课,自投放,自有,自产原创,wangjiananbj03,1.53,0,0,0,72.86,0,0,0.00%,0.00%,-,0,0
27e2863611e76d1494191d6fe4f726a9,-,-,-,-,-,https://tutor-online1.fbcontent.cn/growth/internal-material/1779258835021.27e2863611e76d1494191d6fe4f726a9.mp4,0514-199双科-自产-自产主-王晶-曲中雨-子衿--B2-有-4,20260622,贾子矜,贾子矜,199元高中双科提分课,199元高中双科提分课,自投放,自有,自产原创,wangjiananbj03,0.05,0,0,0,50,0,0,0.00%,0.00%,-,0,0
ac6b945414eb899ece6ca8f2bd57bddf,-,-,-,-,-,https://tutor-online1.fbcontent.cn/growth/internal-material/1779706278704.ac6b945414eb899ece6ca8f2bd57bddf.mp4,0520-199双科-自产-自产主-李博-曲中雨-子衿-A6-B1-无-3,20260622,贾子矜,贾子矜,199元高中双科提分课,199元高中双科提分课,自投放,自有,自产原创,wangjiananbj03,0.06,0,0,0,60,0,0,0.00%,0.00%,-,0,0
48c2e1887d853dce569a80477ddfd270,-,-,-,-,-,https://tutor-online1.fbcontent.cn/growth/internal-material/1781579956763.48c2e1887d853dce569a80477ddfd270.mp4,0610-199双科-自产-自产二-李博-视觉锤-子衿-A3-B1-无-3(1),20260622,贾子矜,贾子矜,199元高中双科提分课,199元高中双科提分课,自投放,自有,自产原创,wangjiananbj03,0.03,0,0,0,30,0,0,0.00%,0.00%,-,0,0
2e87fbcd6e95a9755794a6fbade4cbf3,-,-,-,-,-,https://tutor-online1.fbcontent.cn/growth/internal-material/1770030073063.2e87fbcd6e95a9755794a6fbade4cbf3.mp4,0128-自产主-李博-8-3--有-9物-子矜- IP-曲中雨,20260622,贾子矜,贾子矜,9元高中物理李博,9元高中物理李博-实物,玄武,自有,自产原创,wangruixuebj01,0.02,0,0,0,20,0,0,0.00%,0.00%,-,0,0
1107d1ce1afeb47e78785778e9789347,-,-,-,-,-,https://tutor-online1.fbcontent.cn/growth/internal-material/1780984420902.1107d1ce1afeb47e78785778e9789347.mp4,0526-199双科-自产-自产二-王晶-亿晨-子衿-A7-B1-有-4,20260622,贾子矜,贾子矜,199元高中双科提分课,199元高中双科提分课,自投放,自有,自产原创,wangjiananbj03,0.06,0,0,0,30,0,0,0.00%,0.00%,-,0,0
589361d2f2a8b197bca3083799303965,-,-,-,-,-,https://tutor-online1.fbcontent.cn/growth/internal-material/1775810424487.589361d2f2a8b197bca3083799303965.mp4,0317-199物-自产-自产主-李博-曲中雨-浩正-A6-B2-无-21,20260622,杜浩正,杜浩正,199元高中双科提分课,199元高中双科提分课,自投放,自有,自产原创,wangjiananbj03,5.94,0,0,0,82.5,0,0,1.39%,0%,-,0,0
40cd5b3cceceab4877fbf9460add984b,-,-,-,-,-,https://tutor-online1.fbcontent.cn/growth/internal-material/1780569960569.40cd5b3cceceab4877fbf9460add984b.mp4,0527-199双科-自产-自产主-李博-曲中雨-嘉丽-A6-B1-无-14,20260622,魏嘉丽,魏嘉丽,199元高中双科提分课,199元高中双科提分课,自投放,自有,自产原创,wangjiananbj03,0.02,0,0,0,20,0,0,0.00%,0.00%,-,0,0
3a94393df703cf9eb748e5abfca3703b,-,-,-,-,-,https://tutor-online1.fbcontent.cn/growth/internal-material/1780983154515.3a94393df703cf9eb748e5abfca3703b.mp4,6月4日 (3)(4),20260622,贾子矜,贾子矜,199元高中双科提分课,199元高中双科提分课,自投放,自有,自产原创,wangjiananbj03,5.35,0,0,0,172.58,0,0,0.00%,0.00%,-,0,0
8906745ce3e833adb10a33bfd92807aa,-,-,-,-,-,https://tutor-online1.fbcontent.cn/growth/internal-material/1780983143422.8906745ce3e833adb10a33bfd92807aa.mp4,6月4日 (3)(6),20260622,贾子矜,贾子矜,199元高中双科提分课,199元高中双科提分课,自投放,自有,自产原创,wangjiananbj03,0.05,0,0,0,50,0,0,0.00%,0.00%,-,0,0
181a740f509e66773df1612b9f689bd8,-,-,-,-,-,https://tutor-online1.fbcontent.cn/growth/internal-material/1781090317034.181a740f509e66773df1612b9f689bd8.mp4,0603-199双科-自产-自产二-李博-视觉锤-嘉丽-A5-B1-有-15,20260622,魏嘉丽,魏嘉丽,199元高中双科提分课,高中手写笔记,自投放,自有,自产原创,wangjiananbj03,0.6,0,0,0,300,0,0,0.00%,0.00%,-,0,0
520091a00cf6570d00e3ea45a0aeb4ba,-,-,-,-,-,https://tutor-online1.fbcontent.cn/growth/internal-material/1780060825941.520091a00cf6570d00e3ea45a0aeb4ba.mp4,0512-199双科-自产-自产主-王晶-云梵-小敏--B1-无-23,20260622,曲敏,韩晨国,199元高中双科提分课,199元高中双科提分课,自投放,自有,自产原创,wangjiananbj03,0.21,0,0,0,105,0,0,0.00%,0.00%,-,0,0
745ee7f6de7484ccc051fde7e3381074,-,-,-,-,-,https://tutor-online1.fbcontent.cn/growth/internal-material/1780983143504.745ee7f6de7484ccc051fde7e3381074.mp4,6月4日 (3),20260622,贾子矜,贾子矜,199元高中双科提分课,199元高中双科提分课,自投放,自有,自产原创,wangjiananbj03,0.07,0,0,0,70,0,0,0.00%,0.00%,-,0,0
18e7aab6be82257244fc0cb01026aa05,-,-,-,-,-,https://tutor-online1.fbcontent.cn/growth/internal-material/1779420159695.18e7aab6be82257244fc0cb01026aa05.mp4,0514-199双科-自产-自产主-王晶-曲中雨-忍哥--B1-有-16,20260622,王雅迪,王雅迪,199元高中双科提分课,199元高中双科提分课,自投放,自有,自产原创,wangjiananbj03,0.02,0,0,0,20,0,0,0.00%,0.00%,-,0,0
79f511c71f022bdcb20c91a093e5762f,-,-,-,-,-,https://tutor-online1.fbcontent.cn/growth/internal-material/1781580030000.79f511c71f022bdcb20c91a093e5762f.mp4,0610-199双科-自产-自产二-李博-视觉锤-子衿-A6-B1-有-2(1),20260622,贾子矜,贾子矜,199元高中双科提分课,199元高中双科提分课,自投放,自有,自产原创,wangjiananbj03,0.38,0,0,0,76,0,0,0.00%,0.00%,-,0,0
bc6e37364563c13486bc0769b790248b,-,-,-,-,-,https://tutor-online1.fbcontent.cn/growth/internal-material/1781353108439.bc6e37364563c13486bc0769b790248b.mp4,0602-199双科-自产-自产主-王晶-巽阳-子衿-A5-B1-无-4,20260622,贾子矜,贾子矜,199元高中双科提分课,199元高中双科提分课,自投放,自有,自产原创,wangjiananbj03,5.81,0,0,0,5810,0,0,0.00%,0.00%,-,0,0
3cd2f91e0cd0695b559b59b6d5826bff,-,-,-,-,-,https://tutor-online1.fbcontent.cn/growth/internal-material/1780984421192.3cd2f91e0cd0695b559b59b6d5826bff.mp4,0526-199双科-自产-自产主-王晶-亿晨-子衿-A7-B1-有-4,20260622,贾子矜,贾子矜,199元高中双科提分课,199元高中双科提分课,自投放,自有,自产原创,wangjiananbj03,0,0,0,0,0,0,0,0.00%,0.00%,-,0,0
60fda511de23511be14bbd8d8186fc12,-,-,-,-,-,https://tutor-online1.fbcontent.cn/growth/internal-material/1778581745046.60fda511de23511be14bbd8d8186fc12.mp4,0508-199双科-自产-自产主-李博-视觉锤-雅迪-A5-B1-无-17,20260622,王雅迪,王雅迪,199元高中双科提分课,199元高中双科提分课,自投放,自有,自产原创,wangjiananbj03,0.19,0,0,0,95,0,0,0.00%,0.00%,-,0,0
859ea1a3c90c6721f6de45e83f0a882c,-,-,-,-,-,https://tutor-online1.fbcontent.cn/growth/internal-material/1780984420334.859ea1a3c90c6721f6de45e83f0a882c.mp4,0526-199双科-自产-自产主-王晶-亿晨-子衿-A7-B2-有-2,20260622,贾子矜,贾子矜,199元高中双科提分课,199元高中双科提分课,自投放,自有,自产原创,wangjiananbj03,0.22,0,0,0,55,0,0,0.00%,0.00%,-,0,0
ef615c20d3f846117e103177fd831cb1,-,-,-,-,-,https://tutor-online1.fbcontent.cn/growth/internal-material/1781082526964.ef615c20d3f846117e103177fd831cb1.mp4,0603-199双科-自产-自产二-李博-视觉锤-嘉丽-A5-B1-无-14,20260622,魏嘉丽,魏嘉丽,199元高中双科提分课,199元高中双科提分课,自投放,自有,自产原创,wangjiananbj03,16.59,0,0,0,215.45,0,0,1.30%,0%,-,0,0
80ca8636af17180b2f2b1681c22e14c1,-,-,-,-,-,https://tutor-online1.fbcontent.cn/growth/internal-material/1779422146008.80ca8636af17180b2f2b1681c22e14c1.mp4,0512-199双科-自产-自产二-王晶-云梵-雅迪---有-12,20260622,王雅迪,王雅迪,199元高中双科提分课,199元高中双科提分课,自投放,自有,自产原创,wangjiananbj03,0.4,0,0,0,400,0,0,0.00%,0.00%,-,0,0
1d2d7a61d397aa673fa7304845c9b1fd,-,-,-,-,-,https://tutor-online1.fbcontent.cn/growth/internal-material/1781769382741.1d2d7a61d397aa673fa7304845c9b1fd.mp4,0611-199双科-自产-自产主-王晶-曲中雨-嘉丽-A7-B1-有-22,20260622,魏嘉丽,魏嘉丽,199元高中双科提分课,199元高中双科提分课,自投放,自有,自产原创,wangjiananbj03,0.02,0,0,0,20,0,0,0.00%,0.00%,-,0,0
92277b6614debe0a5c6061d0f7078a30,-,-,-,-,-,https://tutor-online1.fbcontent.cn/growth/internal-material/1781769381173.92277b6614debe0a5c6061d0f7078a30.mp4,0611-199双科-自产-自产主-王晶-曲中雨-嘉丽-A6-B1-无-20,20260622,魏嘉丽,魏嘉丽,199元高中双科提分课,199元高中双科提分课,自投放,自有,自产原创,wangjiananbj03,0.01,0,0,0,10,0,0,0.00%,0.00%,-,0,0
60fda511de23511be14bbd8d8186fc12,-,-,-,-,-,https://tutor-online1.fbcontent.cn/growth/internal-material/1778581745046.60fda511de23511be14bbd8d8186fc12.mp4,0508-199双科-自产-自产主-李博-视觉锤-雅迪-A5-B1-无-17,20260622,王雅迪,王雅迪,199元高中双科提分课,199元高中双科提分课,自投放,自有,自产原创,wangjiananbj03,0.2,0,0,0,40,0,0,0.00%,0.00%,-,0,0
0f7cc405a4be1fa4605f0b0a4d5fd80e,-,-,-,-,-,https://tutor-online1.fbcontent.cn/growth/internal-material/1778581776108.0f7cc405a4be1fa4605f0b0a4d5fd80e.mp4,0508-199双科-自产-自产主-李博-视觉锤-雅迪-A1-B4B6-有-12,20260622,王雅迪,王雅迪,199元高中双科提分课,199元高中双科提分课,自投放,自有,自产原创,wangjiananbj03,17.36,0,0,0,117.3,0,0,0.68%,0%,-,0,0
3c6e9495c641a24d19839600be35471f,-,-,-,-,-,https://tutor-online1.fbcontent.cn/growth/internal-material/1780984422492.3c6e9495c641a24d19839600be35471f.mp4,0526-199双科-自产-自产二-王晶-亿晨-子衿-A6-B1-有-1,20260622,贾子矜,贾子矜,199元高中双科提分课,199元高中双科提分课,自投放,自有,自产原创,wangjiananbj03,0.16,0,0,0,80,0,0,0.00%,0.00%,-,0,0
ed614a2eb44b5fe0176d925f46bd2a80,-,-,-,-,-,https://tutor-online1.fbcontent.cn/growth/internal-material/1780984420344.ed614a2eb44b5fe0176d925f46bd2a80.mp4,0526-199双科-自产-自产二-王晶-亿晨-子衿-A7-B2-有-2,20260622,贾子矜,贾子矜,199元高中双科提分课,199元高中双科提分课,自投放,自有,自产原创,wangjiananbj03,0.02,0,0,0,20,0,0,0.00%,0.00%,-,0,0
604ada367bfbba7e66764f806c00d947,-,-,-,-,-,https://tutor-online1.fbcontent.cn/growth/internal-material/1779701701958.604ada367bfbba7e66764f806c00d947.mp4,0514-199双科-自产-自产主-王晶-云梵-嘉丽--B1B3-无-25,20260622,魏嘉丽,魏嘉丽,199元高中双科提分课,199元高中双科提分课,自投放,自有,自产原创,wangjiananbj03,0.23,0,0,0,38.33,0,0,0.00%,0.00%,-,0,0
1107d1ce1afeb47e78785778e9789347,-,-,-,-,-,https://tutor-online1.fbcontent.cn/growth/internal-material/1780984420902.1107d1ce1afeb47e78785778e9789347.mp4,0526-199双科-自产-自产二-王晶-亿晨-子衿-A7-B1-有-4,20260621,贾子矜,贾子矜,199元高中双科提分课,199元高中双科提分课,自投放,自有,自产原创,wangjiananbj03,9,0,0,0,48.13,0,0,1.07%,0%,-,0,0
390cf9cb679d1778aebb9ce53196b68e,-,-,-,-,-,https://tutor-online1.fbcontent.cn/growth/internal-material/1778581745118.390cf9cb679d1778aebb9ce53196b68e.mp4,0508-199双科-自产-自产主-李博-视觉锤-雅迪-A5-B1-无-15,20260621,王雅迪,王雅迪,199元高中双科提分课,199元高中双科提分课,自投放,自有,自产原创,wangjiananbj03,1,0,0,0,5.92,0,0,0.00%,0.00%,-,0,0
39d5d6807566c6a776270c3686825b80,-,-,-,-,-,https://tutor-online1.fbcontent.cn/growth/internal-material/1780060825586.39d5d6807566c6a776270c3686825b80.mp4,0512-199双科-自产-自产主-王晶-云梵-小敏--B1-无-22,20260621,曲敏,韩晨国,199元高中双科提分课,199元高中双科提分课,自投放,自有,自产原创,wangjiananbj03,0.26,0,0,0,8.13,0,0,0.00%,0.00%,-,0,0
df0c3a8dd88939a25d19b29c2002f0ec,-,-,-,-,-,https://tutor-online1.fbcontent.cn/growth/internal-material/1780984421202.df0c3a8dd88939a25d19b29c2002f0ec.mp4,0526-199双科-自产-自产主-王晶-亿晨-子衿-A5-B1-有-3,20260621,贾子矜,贾子矜,199元高中双科提分课,199元高中双科提分课,自投放,自有,自产原创,wangjiananbj03,22.06,0,0,0,176.48,0,0,0.00%,0.00%,-,0,0
b22480ac2f470f56e33aac1e2cf2c403,-,-,-,-,-,https://tutor-online1.fbcontent.cn/growth/internal-material/1775810396949.b22480ac2f470f56e33aac1e2cf2c403.mp4,0317-199物-自产-自产二-李博-曲中雨-浩正--B2-有-19,20260621,杜浩正,杜浩正,199元高中双科提分课,199元高中双科提分课,自投放,自有,自产原创,wangjiananbj03,164.04,0,0,0,110.09,54680,0,0.40%,0%,-,0,0
63336d0afafe2f3680b8f47bb3768e74,-,-,-,-,-,https://tutor-online1.fbcontent.cn/growth/internal-material/1775810390856.63336d0afafe2f3680b8f47bb3768e74.mp4,0317-199物-自产-自产二-李博-曲中雨-浩正-A2-B2-无-20,20260621,杜浩正,杜浩正,199元高中双科提分课,199元高中双科提分课,自投放,自有,自产原创,wangjiananbj03,678.72,199,1,0.29,175.74,48480,678.72,0.54%,4.76%,-,0.26,14214.29
a4552f0b94553c0374143742cc8bea61,-,-,-,-,-,https://tutor-online1.fbcontent.cn/growth/internal-material/1779420353615.a4552f0b94553c0374143742cc8bea61.mp4,0508-199双科-自产-自产主-莉娜-曲中雨-子衿-A6-B1-有-4,20260621,贾子矜,贾子矜,199元高中双科提分课,199元高中双科提分课,自投放,自有,自产原创,wangjiananbj03,0.01,0,0,0,10,0,0,0.00%,0.00%,-,0,0
40cd5b3cceceab4877fbf9460add984b,-,-,-,-,-,https://tutor-online1.fbcontent.cn/growth/internal-material/1780569960569.40cd5b3cceceab4877fbf9460add984b.mp4,0527-199双科-自产-自产主-李博-曲中雨-嘉丽-A6-B1-无-14,20260621,魏嘉丽,魏嘉丽,199元高中双科提分课,199元高中双科提分课,自投放,自有,自产原创,wangjiananbj03,20.83,0,0,0,80.12,20830,0,0.38%,0%,-,0,0
3cd2f91e0cd0695b559b59b6d5826bff,-,-,-,-,-,https://tutor-online1.fbcontent.cn/growth/internal-material/1780984421192.3cd2f91e0cd0695b559b59b6d5826bff.mp4,0526-199双科-自产-自产主-王晶-亿晨-子衿-A7-B1-有-4,20260621,贾子矜,贾子矜,199元高中双科提分课,199元高中双科提分课,自投放,自有,自产原创,wangjiananbj03,28.19,0,0,0,73.22,9396.67,0,0.78%,0%,-,0,0
45e288af46fbfaa65039db8f75e1bb12,-,-,-,-,-,https://tutor-online1.fbcontent.cn/growth/internal-material/1781579993263.45e288af46fbfaa65039db8f75e1bb12.mp4,0610-199双科-自产-自产二-李博-视觉锤-子衿-A6-B1-无-2(1),20260621,贾子矜,贾子矜,199元高中双科提分课,199元高中双科提分课,自投放,自有,自产原创,wangjiananbj03,6.84,0,0,0,28.86,6840,0,0.42%,0%,-,0,0
28b2343005a3950613da6d5f0cb0dad5,-,-,-,-,-,https://tutor-online1.fbcontent.cn/growth/internal-material/1779701697305.28b2343005a3950613da6d5f0cb0dad5.mp4,0512-199双科-自产-自产二-王晶-云梵-嘉丽--B1-无-13,20260621,魏嘉丽,魏嘉丽,199元高中双科提分课,199元高中双科提分课,自投放,自有,自产原创,wangjiananbj03,1.66,0,0,0,127.69,0,0,0.00%,0.00%,-,0,0
26a83dce037b3511a91d0fef75e0e59b,-,-,-,-,-,https://tutor-online1.fbcontent.cn/growth/internal-material/1775548228196.26a83dce037b3511a91d0fef75e0e59b.mp4,0401-9物-自产-自产二-李博-曲中雨-子衿-A3-B1-无-23,20260621,贾子矜,贾子矜,9元高中物理李博,9元高中物理李博,玄武,自有,自产原创,wangruixuebj01,44.78,0,0,0,287.05,22390,0,1.28%,0%,-,0,0
20b8eb386392f37b747f7637c49b3ec7,-,-,-,-,-,https://tutor-online1.fbcontent.cn/growth/internal-material/1775548305351.20b8eb386392f37b747f7637c49b3ec7.mp4,0401-9物-自产-自产主-李博-曲中雨-子衿-A3-B1-有-23-前贴1,20260621,贾子矜,贾子矜,9元高中物理李博,9元高中物理李博,玄武,自有,自产原创,wangruixuebj01,33.25,0,0,0,140.3,0,0,2.11%,0%,-,0,0
d43e1557c7cf9338cf13269871a9d7b5,-,-,-,-,-,https://tutor-online1.fbcontent.cn/growth/internal-material/1775548306156.d43e1557c7cf9338cf13269871a9d7b5.mp4,0401-9物-自产-自产主-李博-曲中雨-子衿-A3-B1-有-23-前贴2,20260621,贾子矜,贾子矜,9元高中物理李博,9元高中物理李博,玄武,自有,自产原创,wangruixuebj01,207.01,18,2,0.09,232.07,14786.43,103.51,1.68%,13.33%,-,2.24,1285.71
4e9a811fa707209a3c274b95f0af50a6,-,-,-,-,-,https://tutor-online1.fbcontent.cn/growth/internal-material/1779436939659.4e9a811fa707209a3c274b95f0af50a6.mp4,0514-199双科-自产-自产二-王晶-曲中雨-嘉丽--B1-有-21,20260621,魏嘉丽,魏嘉丽,199元高中双科提分课,199元高中双科提分课,自投放,自有,自产原创,wangjiananbj03,72.97,0,0,0,210.9,72970,0,0.29%,0%,-,0,0
0ba8c657c20001f0462fdfa71f6f49f6,-,-,-,-,-,https://tutor-online1.fbcontent.cn/growth/internal-material/1780060959251.0ba8c657c20001f0462fdfa71f6f49f6.mp4,0514-199双科-自产-自产主-王晶-曲中雨-子衿--B2-有-5,20260621,贾子矜,韩晨国,199元高中双科提分课,199元高中双科提分课,自投放,自有,自产原创,wangjiananbj03,94.93,0,0,0,106.9,31643.33,0,0.56%,0%,-,0,0
18e7aab6be82257244fc0cb01026aa05,-,-,-,-,-,https://tutor-online1.fbcontent.cn/growth/internal-material/1779420159695.18e7aab6be82257244fc0cb01026aa05.mp4,0514-199双科-自产-自产主-王晶-曲中雨-忍哥--B1-有-16,20260621,王雅迪,王雅迪,199元高中双科提分课,199元高中双科提分课,自投放,自有,自产原创,wangjiananbj03,30.57,0,0,0,65.04,30570,0,0.21%,0%,-,0,0
daf655cc2e595e39bce0bc2b90a893e7,-,-,-,-,-,https://tutor-online1.fbcontent.cn/growth/internal-material/1779258539843.daf655cc2e595e39bce0bc2b90a893e7.mp4,0512-199双科-自产-自产主-王晶-曲中雨-子衿--B1B4-有-3,20260621,贾子矜,贾子矜,199元高中双科提分课,199元高中双科提分课,自投放,自有,自产原创,wangjiananbj03,303.68,0,0,0,84.17,43382.86,0,0.86%,0%,-,0,0
3a94393df703cf9eb748e5abfca3703b,-,-,-,-,-,https://tutor-online1.fbcontent.cn/growth/internal-material/1780983154515.3a94393df703cf9eb748e5abfca3703b.mp4,6月4日 (3)(4),20260621,贾子矜,贾子矜,199元高中双科提分课,199元高中双科提分课,自投放,自有,自产原创,wangjiananbj03,1019.57,0,0,0,78.42,18537.64,0,0.75%,0%,-,0,0
189e0b988ff1644c3d01bec06c6f01b5,-,-,-,-,-,https://tutor-online1.fbcontent.cn/growth/internal-material/1781082699558.189e0b988ff1644c3d01bec06c6f01b5.mp4,0604-状元笔记-自产-混剪--曲中雨-嘉丽---有-5,20260621,魏嘉丽,魏嘉丽,高中手写笔记,高中手写笔记,自投放,自有,自产原创,wangjiananbj03,172.86,0,0,0,22.33,0,0,19.70%,0%,-,0,0
b2330f86c3676d2a453f50062f48b2f3,-,-,-,-,-,https://tutor-online1.fbcontent.cn/growth/internal-material/1781063590170.b2330f86c3676d2a453f50062f48b2f3.mp4,0603-199双科-自产-自产主-李博-曲中雨-嘉丽-A5-B1-有-13,20260621,魏嘉丽,魏嘉丽,199元高中双科提分课,199元高中双科提分课,自投放,自有,自产原创,wangjiananbj03,0.25,0,0,0,4.72,0,0,0.00%,0.00%,-,0,0
745ee7f6de7484ccc051fde7e3381074,-,-,-,-,-,https://tutor-online1.fbcontent.cn/growth/internal-material/1780983143504.745ee7f6de7484ccc051fde7e3381074.mp4,6月4日 (3),20260621,贾子矜,贾子矜,199元高中双科提分课,199元高中双科提分课,自投放,自有,自产原创,wangjiananbj03,6.73,0,0,0,98.97,0,0,5.88%,0%,-,0,0
290149ec5bdce91b90a9ab0055ddefeb,-,-,-,-,-,https://tutor-online1.fbcontent.cn/growth/internal-material/1780061372821.290149ec5bdce91b90a9ab0055ddefeb.mp4,0514-199双科-自产-自产主-王晶-曲中雨-浩正-A5-B2B4-无-7,20260621,杜浩正,韩晨国,199元高中双科提分课,199元高中双科提分课,自投放,自有,自产原创,wangjiananbj03,0.16,0,0,0,6.96,0,0,0.00%,0.00%,-,0,0
b8a1aed11ed1568deecfac51ff4f27d8,-,-,-,-,-,https://tutor-online1.fbcontent.cn/growth/internal-material/1779701588458.b8a1aed11ed1568deecfac51ff4f27d8.mp4,0520-199双科-自产-自产主-李博-曲中雨-浩正-A7-B1-有-7,20260621,杜浩正,杜浩正,199元高中双科提分课,199元高中双科提分课,自投放,自有,自产原创,wangjiananbj03,0,0,0,0,0,0,0,0.00%,0.00%,-,0,0
137882ddd4ee23be877c75a607af85c8,-,-,-,-,-,https://tutor-online1.fbcontent.cn/growth/internal-material/1779258810531.137882ddd4ee23be877c75a607af85c8.mp4,0514-199双科-自产-自产主-王晶-曲中雨-子衿--B2-无-4,20260621,贾子矜,贾子矜,199元高中双科提分课,199元高中双科提分课,自投放,自有,自产原创,wangjiananbj03,12.47,0,0,0,65.29,0,0,0.52%,0%,-,0,0
00c6f57e726caf943253e28063c6e42d,-,-,-,-,-,https://tutor-online1.fbcontent.cn/growth/internal-material/1781769381377.00c6f57e726caf943253e28063c6e42d.mp4,0611-199双科-自产-自产主-王晶-曲中雨-嘉丽-A6-B1-有-23,20260621,魏嘉丽,魏嘉丽,199元高中双科提分课,199元高中双科提分课,自投放,自有,自产原创,wangjiananbj03,0.05,0,0,0,3.33,0,0,0.00%,0.00%,-,0,0
ccff1fd3c342b82273e722495276eb6f,-,-,-,-,-,https://tutor-online1.fbcontent.cn/growth/internal-material/1781769444425.ccff1fd3c342b82273e722495276eb6f.mp4,0611-199双科-自产-自产二-王晶-视觉锤-嘉丽-A6-B1-无-23,20260621,魏嘉丽,魏嘉丽,199元高中双科提分课,199元高中双科提分课,自投放,自有,自产原创,wangjiananbj03,0,0,0,0,0,0,0,0.00%,0.00%,-,0,0
658c6b546d8d44669c405f4fc975feb7,-,-,-,-,-,https://tutor-online1.fbcontent.cn/growth/internal-material/1779456253310.658c6b546d8d44669c405f4fc975feb7.mp4,0429-199双科-自产-自产主-李博-曲中雨-浩正-A7-B2-有-22,20260621,杜浩正,韩晨国,199元高中双科提分课,199元高中双科提分课,自投放,自有,自产原创,wangjiananbj03,22.14,0,0,0,51.25,11070,0,0.46%,0%,-,0,0
672a7dd76553c5b2539db58ae3651101,-,-,-,-,-,https://tutor-online1.fbcontent.cn/growth/internal-material/1778649245942.672a7dd76553c5b2539db58ae3651101.mp4,0508-199双科-自产-自产二-李博-视觉锤-雅迪-A5-B1-无-16,20260621,王雅迪,王雅迪,199元高中双科提分课,199元高中双科提分课,自投放,自有,自产原创,wangjiananbj03,61.74,0,0,0,117.6,61740,0,0.38%,0%,-,0,0
40c4b652df4154f8be2219da5012c009,-,-,-,-,-,https://tutor-online1.fbcontent.cn/growth/internal-material/1780393905644.40c4b652df4154f8be2219da5012c009.mp4,0527-9物-自产-自产二-李博-曲中雨-子衿-A2-B2-有-8-直播间,20260621,贾子矜,贾子矜,9元高中物理李博,9元高中物理李博,申坤,自有,自产原创,wangruixuebj01,0,0,0,0,0,0,0,10.00%,0%,-,0,0
5a6b5100cc89ff355027bcd25edd11bd,-,-,-,-,-,https://tutor-online1.fbcontent.cn/growth/internal-material/1779706273740.5a6b5100cc89ff355027bcd25edd11bd.mp4,0520-199双科-自产-自产主-李博-曲中雨-子衿-A5-B2-有-4,20260621,贾子矜,贾子矜,199元高中双科提分课,199元高中双科提分课,自投放,自有,自产原创,wangjiananbj03,45.42,0,0,0,216.29,22710,0,1.90%,0%,-,0,0
a3dd38612476c7a20e66e4960669ce9c,-,-,-,-,-,https://tutor-online1.fbcontent.cn/growth/internal-material/1779701809227.a3dd38612476c7a20e66e4960669ce9c.mp4,0521-9物-自产-自产二-李博-曲中雨-雅迪-A5效果保证-B1效果方法体系-无-11,20260621,王雅迪,王雅迪,9元高中物理李博,9元高中物理李博,申坤,自有,自产原创,wangruixuebj01,0,0,0,0,0,0,0,0.00%,0.00%,-,0,0
859ea1a3c90c6721f6de45e83f0a882c,-,-,-,-,-,https://tutor-online1.fbcontent.cn/growth/internal-material/1780984420334.859ea1a3c90c6721f6de45e83f0a882c.mp4,0526-199双科-自产-自产主-王晶-亿晨-子衿-A7-B2-有-2,20260621,贾子矜,贾子矜,199元高中双科提分课,199元高中双科提分课,自投放,自有,自产原创,wangjiananbj03,37.49,0,0,0,66.59,7498,0,1.42%,0%,-,0,0
27e2863611e76d1494191d6fe4f726a9,-,-,-,-,-,https://tutor-online1.fbcontent.cn/growth/internal-material/1779258835021.27e2863611e76d1494191d6fe4f726a9.mp4,0514-199双科-自产-自产主-王晶-曲中雨-子衿--B2-有-4,20260621,贾子矜,贾子矜,199元高中双科提分课,199元高中双科提分课,自投放,自有,自产原创,wangjiananbj03,50,0,0,0,243.9,50000,0,0.49%,0%,-,0,0
258109ebc544ec736a4b230a7cd0c58d,-,-,-,-,-,https://tutor-online1.fbcontent.cn/growth/internal-material/1779701699031.258109ebc544ec736a4b230a7cd0c58d.mp4,0512-199双科-自产-自产二-王晶-云梵-嘉丽--B1-有-14,20260621,魏嘉丽,魏嘉丽,199元高中双科提分课,199元高中双科提分课,自投放,自有,自产原创,wangjiananbj03,2.25,0,0,0,59.21,0,0,0.00%,0.00%,-,0,0
89ade7b44e4a25c185cfae92f2fb48c2,-,-,-,-,-,https://tutor-online1.fbcontent.cn/growth/internal-material/1779421612919.89ade7b44e4a25c185cfae92f2fb48c2.mp4,0513-199双科-自产-自产主-李博-曲中雨-忍哥-A5-B1-有-27,20260621,王雅迪,王雅迪,199元高中双科提分课,199元高中双科提分课,自投放,自有,自产原创,wangjiananbj03,112.22,0,0,0,189.56,22444,0,0.84%,0%,-,0,0
04e7c85fcbe735c98fab6aa0c849d300,-,-,-,-,-,https://tutor-online1.fbcontent.cn/growth/internal-material/1781769532572.04e7c85fcbe735c98fab6aa0c849d300.mp4,0610-9物-自产-自产二-李博-巽阳-子衿-A3-B1-无-4-直播间-LL,20260621,贾子矜,韩晨国,9元高中物理李博,9元高中物理李博,申坤,自有,自产原创,wangruixuebj01,0,0,0,0,0,0,0,0.00%,0.00%,-,0,0
678a601bd4b31b9ae4378ab8754f7b21,-,-,-,-,-,https://tutor-online1.fbcontent.cn/growth/internal-material/1779440142216.678a601bd4b31b9ae4378ab8754f7b21.mp4,0513-199双科-自产-自产二-李博-曲中雨-嘉丽-A7-B1-无-35,20260621,魏嘉丽,魏嘉丽,199元高中双科提分课,199元高中双科提分课,自投放,自有,自产原创,wangjiananbj03,0.56,0,0,0,11.67,0,0,0.00%,0.00%,-,0,0
6bff84a97b4cebe2c39e59c60352732b,-,-,-,-,-,https://tutor-online1.fbcontent.cn/growth/internal-material/1781353900845.6bff84a97b4cebe2c39e59c60352732b.mp4,0602-199双科-自产-自产二-王晶-巽阳-子衿-A6-B2-有-1-RS,20260621,贾子矜,贾子矜,199元高中双科提分课,199元高中双科提分课,自投放,自有,自产原创,wangjiananbj03,0.19,0,0,0,3.39,0,0,0.00%,0.00%,-,0,0
1d2d7a61d397aa673fa7304845c9b1fd,-,-,-,-,-,https://tutor-online1.fbcontent.cn/growth/internal-material/1781769382741.1d2d7a61d397aa673fa7304845c9b1fd.mp4,0611-199双科-自产-自产主-王晶-曲中雨-嘉丽-A7-B1-有-22,20260621,魏嘉丽,魏嘉丽,199元高中双科提分课,199元高中双科提分课,自投放,自有,自产原创,wangjiananbj03,0.17,0,0,0,4.72,0,0,0.00%,0.00%,-,0,0
db2aacd3987718e95635ccab815f1fb5,-,-,-,-,-,https://tutor-online1.fbcontent.cn/growth/internal-material/1781769381166.db2aacd3987718e95635ccab815f1fb5.mp4,0611-199双科-自产-自产主-王晶-曲中雨-嘉丽-A6-B1-无-23,20260621,魏嘉丽,魏嘉丽,199元高中双科提分课,199元高中双科提分课,自投放,自有,自产原创,wangjiananbj03,0.11,0,0,0,3.93,0,0,0.00%,0.00%,-,0,0
397ee6eac535f8c17f95836520e1690d,-,-,-,-,-,https://tutor-online1.fbcontent.cn/growth/internal-material/1776416914571.397ee6eac535f8c17f95836520e1690d.mp4,0415-9物-自产-自产主-李博-曲中雨-子衿-A5-B3B4-有-15-前贴1,20260621,贾子矜,贾子矜,9元高中物理李博,9元高中物理李博,玄武,自有,自产原创,wangruixuebj01,0.02,0,0,0,20,0,0,0.00%,0.00%,-,0,0
7c66dfe15650ef6bdb4734c9db717b7c,-,-,-,-,-,https://tutor-online1.fbcontent.cn/growth/internal-material/1779701699557.7c66dfe15650ef6bdb4734c9db717b7c.mp4,0514-199双科-自产-自产主-王晶-云梵-嘉丽--B1-有-23,20260621,魏嘉丽,魏嘉丽,199元高中双科提分课,199元高中双科提分课,自投放,自有,自产原创,wangjiananbj03,1.67,0,0,0,14.4,1670,0,0.86%,0%,-,0,0
0fbb3c2351c41ec2a59a2cd3fbb5fce0,-,-,-,-,-,https://tutor-online1.fbcontent.cn/growth/internal-material/1781579961024.0fbb3c2351c41ec2a59a2cd3fbb5fce0.mp4,0610-199双科-自产-自产二-李博-视觉锤-子衿-A2-B3-有-8(1),20260621,贾子矜,贾子矜,199元高中双科提分课,199元高中双科提分课,自投放,自有,自产原创,wangjiananbj03,0.3,0,0,0,4.92,0,0,0.00%,0.00%,-,0,0
62b5af90a3fc1332f23357598c621e8c,-,-,-,-,-,https://tutor-online1.fbcontent.cn/growth/internal-material/1781769383201.62b5af90a3fc1332f23357598c621e8c.mp4,0611-199双科-自产-自产主-王晶-曲中雨-嘉丽-A2-B1-有-24,20260621,魏嘉丽,魏嘉丽,199元高中双科提分课,199元高中双科提分课,自投放,自有,自产原创,wangjiananbj03,0,0,0,0,0,0,0,0.00%,0.00%,-,0,0
80ca8636af17180b2f2b1681c22e14c1,-,-,-,-,-,https://tutor-online1.fbcontent.cn/growth/internal-material/1779422146008.80ca8636af17180b2f2b1681c22e14c1.mp4,0512-199双科-自产-自产二-王晶-云梵-雅迪---有-12,20260621,王雅迪,王雅迪,199元高中双科提分课,199元高中双科提分课,自投放,自有,自产原创,wangjiananbj03,29.36,0,0,0,149.04,29360,0,1.52%,0%,-,0,0
5176abfabd8e4f9f682b4cdbc15c95d5,-,-,-,-,-,https://tutor-online1.fbcontent.cn/growth/internal-material/1780040825980.5176abfabd8e4f9f682b4cdbc15c95d5.mp4,0520-199双科-自产-自产主-李博-曲中雨-小敏-A1-B6-无-23,20260621,曲敏,曲敏,199元高中双科提分课,199元高中双科提分课,自投放,自有,自产原创,wangjiananbj03,0.03,0,0,0,1.36,0,0,0.00%,0.00%,-,0,0
9a8240e3b2ac6f3cbfd0412206f70cb0,-,-,-,-,-,https://tutor-online1.fbcontent.cn/growth/internal-material/1779701696317.9a8240e3b2ac6f3cbfd0412206f70cb0.mp4,0514-199双科-自产-自产主-王晶-云梵-嘉丽--B1-无-21,20260621,魏嘉丽,魏嘉丽,199元高中双科提分课,199元高中双科提分课,自投放,自有,自产原创,wangjiananbj03,0.01,0,0,0,3.33,0,0,0.00%,0.00%,-,0,0
bb2fe73026840de937f079ef81efd8f2,-,-,-,-,-,https://tutor-online1.fbcontent.cn/growth/internal-material/1779420157411.bb2fe73026840de937f079ef81efd8f2.mp4,0514-199双科-自产-自产主-王晶-曲中雨-忍哥--B1-无-18,20260621,王雅迪,王雅迪,199元高中双科提分课,199元高中双科提分课,自投放,自有,自产原创,wangjiananbj03,16.09,0,0,0,28.53,16090,0,0.35%,0%,-,0,0
451c349a6f65933daa20d3918c17081b,-,-,-,-,-,https://tutor-online1.fbcontent.cn/growth/internal-material/1781579988193.451c349a6f65933daa20d3918c17081b.mp4,0610-199双科-自产-自产二-李博-视觉锤-子衿-A5-B1-有-9(1),20260621,贾子矜,贾子矜,199元高中双科提分课,199元高中双科提分课,自投放,自有,自产原创,wangjiananbj03,208.83,199,1,0.95,139.31,29832.86,208.83,0.67%,10.00%,-,0.67,28428.57
1e9e0c8ad904fd211cd5a4d5b4fd22b3,-,-,-,-,-,https://tutor-online1.fbcontent.cn/growth/internal-material/1778667029281.1e9e0c8ad904fd211cd5a4d5b4fd22b3.mp4,0423-199双科-自产-自产二-李博-曲中雨-子衿-A7-B1-无-23,20260621,贾子矜,贾子矜,199元高中双科提分课,199元高中双科提分课,自投放,自有,自产原创,wangjiananbj03,20.91,0,0,0,159.62,20910,0,0.76%,0%,-,0,0
6b47efdda1845bc8ef7f7c96c1fdda6a,-,-,-,-,-,https://tutor-online1.fbcontent.cn/growth/internal-material/1779440722153.6b47efdda1845bc8ef7f7c96c1fdda6a.mp4,0512-199双科-自产-自产主-王晶-曲中雨-嘉丽--B1-无-15,20260621,魏嘉丽,魏嘉丽,199元高中双科提分课,199元高中双科提分课,自投放,自有,自产原创,wangjiananbj03,31.06,0,0,0,45.28,10353.33,0,0.44%,0%,-,0,0
c85e6eca7ea188f832d2faeaa777c563,-,-,-,-,-,https://tutor-online1.fbcontent.cn/growth/internal-material/1781769513191.c85e6eca7ea188f832d2faeaa777c563.mp4,0611-199双科-自产-自产二-王晶-视觉锤-嘉丽-A7-B1-有-22,20260621,魏嘉丽,魏嘉丽,199元高中双科提分课,199元高中双科提分课,自投放,自有,自产原创,wangjiananbj03,1.23,0,0,0,32.37,0,0,0.00%,0.00%,-,0,0
707efb21fc037c91d38b3a9b506fef72,-,-,-,-,-,https://tutor-online1.fbcontent.cn/growth/internal-material/1779278231083.707efb21fc037c91d38b3a9b506fef72.mp4,0513-199双科-自产-自产主-李博-视觉锤-雅迪-A5-B1B4-无-16,20260621,王雅迪,王雅迪,199元高中双科提分课,199元高中双科提分课,自投放,自有,自产原创,wangjiananbj03,4.65,0,0,0,25.41,4650,0,1.09%,0%,-,0,0
c8d85e0f2a43603e4807b1cdd486ed21,-,-,-,-,-,https://tutor-online1.fbcontent.cn/growth/internal-material/1775548229436.c8d85e0f2a43603e4807b1cdd486ed21.mp4,0401-9物-自产-自产二-李博-曲中雨-子衿-A3-B1-有-23-前贴1,20260621,贾子矜,贾子矜,9元高中物理李博,9元高中物理李博,玄武,自有,自产原创,wangruixuebj01,6.23,0,0,0,148.33,0,0,2.38%,0%,-,0,0
567aa0d64babfa718d2776d3485b568a,-,-,-,-,-,https://tutor-online1.fbcontent.cn/growth/internal-material/1781503538047.567aa0d64babfa718d2776d3485b568a.mp4,0526-199双科-自产-自产二-王晶-亿晨-小敏-A7-B5-有-11,20260621,曲敏,曲敏,199元高中双科提分课,199元高中双科提分课,自投放,自有,自产原创,wangjiananbj03,291.47,398,2,1.37,169.56,58294,145.74,0.70%,16.67%,-,1.16,79600
a23bdf6494ae90a901cd29639a8c9fbd,-,-,-,-,-,https://tutor-online1.fbcontent.cn/growth/internal-material/1781353900819.a23bdf6494ae90a901cd29639a8c9fbd.mp4,0602-199双科-自产-自产主-王晶-巽阳-子衿-A2-B1-有-2-HJ,20260621,贾子矜,贾子矜,199元高中双科提分课,199元高中双科提分课,自投放,自有,自产原创,wangjiananbj03,68.27,0,0,0,79.02,68270,0,0.12%,0%,-,0,0
5bb64868a62d1eb1cd17397459ab0af2,-,-,-,-,-,https://tutor-online1.fbcontent.cn/growth/internal-material/1778581745257.5bb64868a62d1eb1cd17397459ab0af2.mp4,0508-199双科-自产-自产主-李博-视觉锤-雅迪-A5-B1-无-16,20260621,王雅迪,王雅迪,199元高中双科提分课,199元高中双科提分课,自投放,自有,自产原创,wangjiananbj03,10.29,0,0,0,50.69,10290,0,0.99%,0%,-,0,0
94190db6af096480040b2b312b4511bc,-,-,-,-,-,https://tutor-online1.fbcontent.cn/growth/internal-material/1778666025083.94190db6af096480040b2b312b4511bc.mp4,0508-199双科-自产-自产主-李博-曲中雨-子衿-A6-B1-无-6,20260621,贾子矜,贾子矜,199元高中双科提分课,199元高中双科提分课,自投放,自有,自产原创,wangjiananbj03,0.25,0,0,0,5.95,0,0,0.00%,0.00%,-,0,0
bcad0b991620259487e1fb08fefd0b21,-,-,-,-,-,https://tutor-online1.fbcontent.cn/growth/internal-material/1781082527453.bcad0b991620259487e1fb08fefd0b21.mp4,0603-199双科-自产-自产二-李博-视觉锤-嘉丽-A5-B1-无-13,20260621,魏嘉丽,魏嘉丽,199元高中双科提分课,199元高中双科提分课,自投放,自有,自产原创,wangjiananbj03,0.19,0,0,0,4.75,0,0,0.00%,0.00%,-,0,0
80952fa2b648b7814e8b7567dc1385ee,-,-,-,-,-,https://tutor-online1.fbcontent.cn/growth/internal-material/1781769383138.80952fa2b648b7814e8b7567dc1385ee.mp4,0611-199双科-自产-自产主-王晶-曲中雨-嘉丽-A2-B1-无-24,20260621,魏嘉丽,魏嘉丽,199元高中双科提分课,199元高中双科提分课,自投放,自有,自产原创,wangjiananbj03,0.69,0,0,0,14.68,0,0,0.00%,0.00%,-,0,0
0f7cc405a4be1fa4605f0b0a4d5fd80e,-,-,-,-,-,https://tutor-online1.fbcontent.cn/growth/internal-material/1778581776108.0f7cc405a4be1fa4605f0b0a4d5fd80e.mp4,0508-199双科-自产-自产主-李博-视觉锤-雅迪-A1-B4B6-有-12,20260621,王雅迪,王雅迪,199元高中双科提分课,199元高中双科提分课,自投放,自有,自产原创,wangjiananbj03,1289.53,398,2,0.31,205.67,37927.35,644.77,1.13%,2.82%,-,0.32,11705.88
589361d2f2a8b197bca3083799303965,-,-,-,-,-,https://tutor-online1.fbcontent.cn/growth/internal-material/1775810424487.589361d2f2a8b197bca3083799303965.mp4,0317-199物-自产-自产主-李博-曲中雨-浩正-A6-B2-无-21,20260621,杜浩正,杜浩正,199元高中双科提分课,199元高中双科提分课,自投放,自有,自产原创,wangjiananbj03,342.77,199,1,0.58,124.78,48967.14,342.77,1.42%,2.56%,-,0.36,28428.57
72f97867842e4213d6a2e317d121163c,-,-,-,-,-,https://tutor-online1.fbcontent.cn/growth/internal-material/1780984421539.72f97867842e4213d6a2e317d121163c.mp4,0526-199双科-自产-自产二-王晶-亿晨-子衿-A5-B1-有-3,20260621,贾子矜,贾子矜,199元高中双科提分课,199元高中双科提分课,自投放,自有,自产原创,wangjiananbj03,41.76,0,0,0,65.45,20880,0,0.47%,0%,-,0,0
4b2250174eeef5ee2ee8f4253d638be8,-,-,-,-,-,https://tutor-online1.fbcontent.cn/growth/internal-material/1781769382095.4b2250174eeef5ee2ee8f4253d638be8.mp4,0611-199双科-自产-自产主-王晶-曲中雨-嘉丽-A6-B1-有-20,20260621,魏嘉丽,魏嘉丽,199元高中双科提分课,199元高中双科提分课,自投放,自有,自产原创,wangjiananbj03,0.07,0,0,0,23.33,70,0,33.33%,0%,-,0,0
ac6b945414eb899ece6ca8f2bd57bddf,-,-,-,-,-,https://tutor-online1.fbcontent.cn/growth/internal-material/1779706278704.ac6b945414eb899ece6ca8f2bd57bddf.mp4,0520-199双科-自产-自产主-李博-曲中雨-子衿-A6-B1-无-3,20260621,贾子矜,贾子矜,199元高中双科提分课,199元高中双科提分课,自投放,自有,自产原创,wangjiananbj03,184,0,0,0,117.65,23000,0,0.90%,0%,-,0,0
4923db9c53c51a3a45d8031ca602ca3c,-,-,-,-,-,https://tutor-online1.fbcontent.cn/growth/internal-material/1779706245522.4923db9c53c51a3a45d8031ca602ca3c.mp4,0520-199双科-自产-自产二-李博-曲中雨-子衿-A6-B2-有-1,20260621,贾子矜,贾子矜,199元高中双科提分课,199元高中双科提分课,自投放,自有,自产原创,wangjiananbj03,1.51,0,0,0,8.99,0,0,0.60%,0%,-,0,0
75b04d0f27e348c9597a2e7f70b5b80a,-,-,-,-,-,https://tutor-online1.fbcontent.cn/growth/internal-material/1780569961442.75b04d0f27e348c9597a2e7f70b5b80a.mp4,0527-199双科-自产-自产主-李博-曲中雨-嘉丽-A7-B1-有-12,20260621,魏嘉丽,魏嘉丽,199元高中双科提分课,199元高中双科提分课,自投放,自有,自产原创,wangjiananbj03,0.37,0,0,0,8.04,0,0,0.00%,0.00%,-,0,0
60fda511de23511be14bbd8d8186fc12,-,-,-,-,-,https://tutor-online1.fbcontent.cn/growth/internal-material/1778581745046.60fda511de23511be14bbd8d8186fc12.mp4,0508-199双科-自产-自产主-李博-视觉锤-雅迪-A5-B1-无-17,20260621,王雅迪,王雅迪,199元高中双科提分课,199元高中双科提分课,自投放,自有,自产原创,wangjiananbj03,56.34,0,0,0,58.08,11268,0,0.41%,0%,-,0,0
3c6e9495c641a24d19839600be35471f,-,-,-,-,-,https://tutor-online1.fbcontent.cn/growth/internal-material/1780984422492.3c6e9495c641a24d19839600be35471f.mp4,0526-199双科-自产-自产二-王晶-亿晨-子衿-A6-B1-有-1,20260621,贾子矜,贾子矜,199元高中双科提分课,199元高中双科提分课,自投放,自有,自产原创,wangjiananbj03,22.56,0,0,0,54.36,22560,0,0.24%,0%,-,0,0
2520b508e17dae8b42abe4aab74fe550,-,-,-,-,-,https://tutor-online1.fbcontent.cn/growth/internal-material/1781082477008.2520b508e17dae8b42abe4aab74fe550.mp4,0527-199双科-自产-自产二-李博-视觉锤-嘉丽-A7-B1-有-12,20260621,魏嘉丽,魏嘉丽,199元高中双科提分课,199元高中双科提分课,自投放,自有,自产原创,wangjiananbj03,4.3,0,0,0,53.09,2150,0,2.47%,0%,-,0,0
b49f6df3079d47ae88afb68b055e186e,-,-,-,-,-,https://tutor-online1.fbcontent.cn/growth/internal-material/1780983143488.b49f6df3079d47ae88afb68b055e186e.mp4,6月4日 (3)(9),20260621,贾子矜,贾子矜,199元高中双科提分课,199元高中双科提分课,自投放,自有,自产原创,wangjiananbj03,33.45,0,0,0,221.52,8362.5,0,3.31%,0%,-,0,0
202d3890dc7a42c1b2000ccbb63e7e7c,-,-,-,-,-,https://tutor-online1.fbcontent.cn/growth/internal-material/1779278571064.202d3890dc7a42c1b2000ccbb63e7e7c.mp4,0513-199双科-自产-自产主-李博-视觉锤-雅迪-A5-B2-无-17,20260621,王雅迪,王雅迪,199元高中双科提分课,199元高中双科提分课,自投放,自有,自产原创,wangjiananbj03,5.45,0,0,0,34.06,1816.67,0,1.25%,0%,-,0,0
2e87fbcd6e95a9755794a6fbade4cbf3,-,-,-,-,-,https://tutor-online1.fbcontent.cn/growth/internal-material/1770030073063.2e87fbcd6e95a9755794a6fbade4cbf3.mp4,0128-自产主-李博-8-3--有-9物-子矜- IP-曲中雨,20260621,贾子矜,贾子矜,9元高中物理李博,9元高中物理李博-实物,玄武,自有,自产原创,wangruixuebj01,560.49,9,1,0.02,135.32,11925.32,560.49,1.30%,1.85%,-,0.24,191.49
9a7c32b2ed684da8a233eaa89db19ae5,-,-,-,-,-,https://tutor-online1.fbcontent.cn/growth/internal-material/1780061372514.9a7c32b2ed684da8a233eaa89db19ae5.mp4,0514-199双科-自产-自产主-王晶-曲中雨-浩正-A2-B2-无-10,20260621,杜浩正,韩晨国,199元高中双科提分课,199元高中双科提分课,自投放,自有,自产原创,wangjiananbj03,69.7,0,0,0,58.18,0,0,0.33%,0%,-,0,0
520091a00cf6570d00e3ea45a0aeb4ba,-,-,-,-,-,https://tutor-online1.fbcontent.cn/growth/internal-material/1780060825941.520091a00cf6570d00e3ea45a0aeb4ba.mp4,0512-199双科-自产-自产主-王晶-云梵-小敏--B1-无-23,20260621,曲敏,韩晨国,199元高中双科提分课,199元高中双科提分课,自投放,自有,自产原创,wangjiananbj03,55.31,0,0,0,84.7,0,0,0.15%,0%,-,0,0
e938c01e963ad0f4c44c706f0304a49e,-,-,-,-,-,https://tutor-online1.fbcontent.cn/growth/internal-material/1779953135567.e938c01e963ad0f4c44c706f0304a49e.mp4,0520-199双科-自产-自产主-李博-视觉锤-嘉丽-A6-B1-无-19,20260621,魏嘉丽,魏嘉丽,199元高中双科提分课,199元高中双科提分课,自投放,自有,自产原创,wangjiananbj03,0,0,0,0,0,0,0,0.00%,0.00%,-,0,0
01a435819c48499543ac58eb5fa4c78d,-,-,-,-,-,https://tutor-online1.fbcontent.cn/growth/internal-material/1779706245887.01a435819c48499543ac58eb5fa4c78d.mp4,0520-199双科-自产-自产二-李博-曲中雨-子衿-A6-B1-有-3,20260621,贾子矜,贾子矜,199元高中双科提分课,199元高中双科提分课,自投放,自有,自产原创,wangjiananbj03,65.64,0,0,0,68.16,21880,0,0.62%,0%,-,0,0
dbc1d2912b7c8c40e269254ec800e594,-,-,-,-,-,https://tutor-online1.fbcontent.cn/growth/internal-material/1778649122827.dbc1d2912b7c8c40e269254ec800e594.mp4,0508-199双科-自产-自产二-李博-视觉锤-亚平-A2-B4-无-33,20260621,王雅迪,王雅迪,199元高中双科提分课,199元高中双科提分课,自投放,自有,自产原创,wangjiananbj03,0.27,0,0,0,7.3,0,0,0.00%,0.00%,-,0,0
6f4365c16fd858464692d65671b1a24d,-,-,-,-,-,https://tutor-online1.fbcontent.cn/growth/internal-material/1779420327448.6f4365c16fd858464692d65671b1a24d.mp4,0508-199双科-自产-自产主-莉娜-曲中雨-子衿-A6-B1-无-4,20260621,贾子矜,贾子矜,199元高中双科提分课,199元高中双科提分课,自投放,自有,自产原创,wangjiananbj03,0.64,0,0,0,9.41,0,0,0.00%,0.00%,-,0,0
c6e85e79dbff9dddf7d9a906f4fdde98,-,-,-,-,-,https://tutor-online1.fbcontent.cn/growth/internal-material/1776416942616.c6e85e79dbff9dddf7d9a906f4fdde98.mp4,0415-9物-自产-自产主-李博-曲中雨-子衿-A6-B1-无-13,20260621,贾子矜,贾子矜,9元高中物理李博,9元高中物理李博,玄武,自有,自产原创,wangruixuebj01,0.01,0,0,0,2,0,0,0.00%,0.00%,-,0,0
92277b6614debe0a5c6061d0f7078a30,-,-,-,-,-,https://tutor-online1.fbcontent.cn/growth/internal-material/1781769381173.92277b6614debe0a5c6061d0f7078a30.mp4,0611-199双科-自产-自产主-王晶-曲中雨-嘉丽-A6-B1-无-20,20260621,魏嘉丽,魏嘉丽,199元高中双科提分课,199元高中双科提分课,自投放,自有,自产原创,wangjiananbj03,6.73,0,0,0,31.45,0,0,0.47%,0%,-,0,0
7ec42ecd012722a1d3d74a4e59193643,-,-,-,-,-,https://tutor-online1.fbcontent.cn/growth/internal-material/1776416874646.7ec42ecd012722a1d3d74a4e59193643.mp4,0415-9物-自产-自产二-李博-曲中雨-子衿-A6-B1-有-13-前贴2,20260621,贾子矜,贾子矜,9元高中物理李博,9元高中物理李博,玄武,自有,自产原创,wangruixuebj01,0,0,0,0,0,0,0,0.00%,0.00%,-,0,0
3a324750384c341ebf397fddbb5df587,-,-,-,-,-,https://tutor-online1.fbcontent.cn/growth/internal-material/1781090317115.3a324750384c341ebf397fddbb5df587.mp4,0603-199双科-自产-自产二-李博-视觉锤-嘉丽-A5-B1-有-14,20260621,魏嘉丽,魏嘉丽,199元高中双科提分课,高中手写笔记,自投放,自有,自产原创,wangjiananbj03,0,0,0,0,0,0,0,0.00%,0.00%,-,0,0
d43e1557c7cf9338cf13269871a9d7b5,-,-,-,-,-,https://tutor-online1.fbcontent.cn/growth/internal-material/1775548306156.d43e1557c7cf9338cf13269871a9d7b5.mp4,0401-9物-自产-自产主-李博-曲中雨-子衿-A3-B1-有-23-前贴2,20260621,贾子矜,贾子矜,9元高中物理李博,9元高中物理李博,玄武,自有,自产原创,wangruixuebj01,220.43,9,1,0.04,147.94,73476.67,220.43,0.74%,9.09%,-,0.67,3000
cef529ff03dc1efbd78eed91bd3de81b,-,-,-,-,-,https://tutor-online1.fbcontent.cn/growth/internal-material/1781580012643.cef529ff03dc1efbd78eed91bd3de81b.mp4,0610-199双科-自产-自产二-李博-视觉锤-子衿-A6-B1-无-10(1),20260621,贾子矜,贾子矜,199元高中双科提分课,199元高中双科提分课,自投放,自有,自产原创,wangjiananbj03,15.53,0,0,0,13.42,0,0,0.09%,0%,-,0,0
8906745ce3e833adb10a33bfd92807aa,-,-,-,-,-,https://tutor-online1.fbcontent.cn/growth/internal-material/1780983143422.8906745ce3e833adb10a33bfd92807aa.mp4,6月4日 (3)(6),20260621,贾子矜,贾子矜,199元高中双科提分课,199元高中双科提分课,自投放,自有,自产原创,wangjiananbj03,50.81,0,0,0,90.73,50810,0,0.18%,0%,-,0,0
0f89fb4d72cb095cab3f937f9b3874e9,-,-,-,-,-,https://tutor-online1.fbcontent.cn/growth/internal-material/1780560675361.0f89fb4d72cb095cab3f937f9b3874e9.mp4,0526-199双科-自产-自产二-王晶-亿晨-小敏-A6-B1-有-12,20260621,曲敏,曲敏,199元高中双科提分课,199元高中双科提分课,自投放,自有,自产原创,wangjiananbj03,0.18,0,0,0,6.67,0,0,0.00%,0.00%,-,0,0
604ada367bfbba7e66764f806c00d947,-,-,-,-,-,https://tutor-online1.fbcontent.cn/growth/internal-material/1779701701958.604ada367bfbba7e66764f806c00d947.mp4,0514-199双科-自产-自产主-王晶-云梵-嘉丽--B1B3-无-25,20260621,魏嘉丽,魏嘉丽,199元高中双科提分课,199元高中双科提分课,自投放,自有,自产原创,wangjiananbj03,118.23,0,0,0,131.81,118230,0,0.33%,0%,-,0,0
0629066c4851ab1e9061310d07ad5600,-,-,-,-,-,https://tutor-online1.fbcontent.cn/growth/internal-material/1772517101338.0629066c4851ab1e9061310d07ad5600.mp4,0211-9物-自产-自产主-李博-亿晨-子衿-A7-B1-无-4,20260621,贾子矜,贾子矜,9元高中物理李博,9元高中物理李博-实物,玄武,自有,自产原创,wangruixuebj01,358.59,0,0,0,215.76,11567.42,0,1.93%,0%,-,0,0
e1c17392b4fec26c3746b8e5d1213534,-,-,-,-,-,https://tutor-online1.fbcontent.cn/growth/internal-material/1774350566517.e1c17392b4fec26c3746b8e5d1213534.mp4,0319-9物-自产-自产二-李博-巽阳-子衿---无-29,20260621,贾子矜,贾子矜,9元高中物理李博,9元高中物理李博,玄武,自有,自产原创,wangruixuebj01,0.01,0,0,0,10,0,0,0.00%,0.00%,-,0,0
571c11f2b4163c9a3615c95d49c26d59,-,-,-,-,-,https://tutor-online1.fbcontent.cn/growth/internal-material/1781079684184.571c11f2b4163c9a3615c95d49c26d59.mp4,0604-状元笔记-自产-混剪--曲中雨-婷玉---无-31,20260621,吴婷玉,吴婷玉,高中手写笔记,高中手写笔记,自投放,自有,自产原创,wangjiananbj03,252.05,59,1,0.23,80.71,0,252.05,23.02%,0.14%,-,0.32,0
571c11f2b4163c9a3615c95d49c26d59,-,-,-,-,-,https://tutor-online1.fbcontent.cn/growth/internal-material/1781079684184.571c11f2b4163c9a3615c95d49c26d59.mp4,0604-状元笔记-自产-混剪--曲中雨-婷玉---无-31,20260621,吴婷玉,吴婷玉,高中手写笔记,高中手写笔记,自投放,自有,自产原创,wangjiananbj03,2.81,0,0,0,22.66,0,0,0.00%,0.00%,-,0,0
fac75c4ec0bca6b960d81290287ba777,-,-,-,-,-,https://tutor-online1.fbcontent.cn/growth/internal-material/1781579960306.fac75c4ec0bca6b960d81290287ba777.mp4,0610-199双科-自产-自产二-李博-视觉锤-子衿-A2-B1-有-7(1),20260621,贾子矜,贾子矜,199元高中双科提分课,199元高中双科提分课,自投放,自有,自产原创,wangjiananbj03,25.92,0,0,0,66.29,25920,0,0.26%,0%,-,0,0
d8bacd59a8f43d749daafdb76111ddf2,-,-,-,-,-,https://tutor-online1.fbcontent.cn/growth/internal-material/1781579991969.d8bacd59a8f43d749daafdb76111ddf2.mp4,0610-199双科-自产-自产二-李博-视觉锤-子衿-A1-B4-有-1(1),20260621,贾子矜,贾子矜,199元高中双科提分课,199元高中双科提分课,自投放,自有,自产原创,wangjiananbj03,0.07,0,0,0,70,0,0,0.00%,0.00%,-,0,0
1b06bb5bc19a373e45e24204defec6e1,-,-,-,-,-,https://tutor-online1.fbcontent.cn/growth/internal-material/1781769532048.1b06bb5bc19a373e45e24204defec6e1.mp4,0610-9物-自产-自产二-李博-巽阳-子衿-A6-B1-有-10-SY,20260621,贾子矜,韩晨国,9元高中物理李博,9元高中物理李博,申坤,自有,自产原创,wangruixuebj01,0,0,0,0,0,0,0,0.00%,0.00%,-,0,0
be4edc7f789e3d1fb626dc73265e4b9a,-,-,-,-,-,https://tutor-online1.fbcontent.cn/growth/internal-material/1780393994915.be4edc7f789e3d1fb626dc73265e4b9a.mp4,0527-9物-自产-自产主-李博-曲中雨-子衿-A5-B2-有-2-直播间,20260621,贾子矜,贾子矜,9元高中物理李博,9元高中物理李博,申坤,自有,自产原创,wangruixuebj01,0,0,0,0,0,0,0,0.00%,0.00%,-,0,0
49ffc600301c5c9f7ae19c5bed6cd8fd,-,-,-,-,-,https://tutor-online1.fbcontent.cn/growth/internal-material/1773633709179.49ffc600301c5c9f7ae19c5bed6cd8fd.mp4,0312-9物-自产-自产二-李博-巽阳YS-子衿-A6-B1B2-有-20,20260621,贾子矜,贾子矜,9元高中物理李博,9元高中物理李博,玄武,自有,自产原创,wangruixuebj01,17.99,0,0,0,67.13,4497.5,0,23.88%,0%,-,0,0
48c2e1887d853dce569a80477ddfd270,-,-,-,-,-,https://tutor-online1.fbcontent.cn/growth/internal-material/1781579956763.48c2e1887d853dce569a80477ddfd270.mp4,0610-199双科-自产-自产二-李博-视觉锤-子衿-A3-B1-无-3(1),20260621,贾子矜,贾子矜,199元高中双科提分课,199元高中双科提分课,自投放,自有,自产原创,wangjiananbj03,105.92,0,0,0,213.12,105920,0,0.80%,0%,-,0,0
1e1cfafcecc15a4aee2cc8cfb183182d,-,-,-,-,-,https://tutor-online1.fbcontent.cn/growth/internal-material/1778649250455.1e1cfafcecc15a4aee2cc8cfb183182d.mp4,0508-199双科-自产-自产二-李博-视觉锤-雅迪-A1-B4B6-无-15,20260621,王雅迪,王雅迪,199元高中双科提分课,199元高中双科提分课,自投放,自有,自产原创,wangjiananbj03,8.11,0,0,0,77.98,8110,0,0.96%,0%,-,0,0
6785fd451d54ea629c997c9ef8886e19,-,-,-,-,-,https://tutor-online1.fbcontent.cn/growth/internal-material/1779456252634.6785fd451d54ea629c997c9ef8886e19.mp4,0429-199双科-自产-自产主-李博-曲中雨-浩正-A7-B2-无-22,20260621,杜浩正,韩晨国,199元高中双科提分课,199元高中双科提分课,自投放,自有,自产原创,wangjiananbj03,20.47,0,0,0,26.69,20470,0,0.13%,0%,-,0,0
a40c1024acda1c85e553ee51de9547b6,-,-,-,-,-,https://tutor-online1.fbcontent.cn/growth/internal-material/1779279980080.a40c1024acda1c85e553ee51de9547b6.mp4,0513-199双科-自产-自产主-李博-视觉锤-雅迪-A5-B1-无-21,20260621,王雅迪,王雅迪,199元高中双科提分课,199元高中双科提分课,自投放,自有,自产原创,wangjiananbj03,10.6,0,0,0,19.89,10600,0,0.38%,0%,-,0,0
c1cd5fb7814f25b1cce9b2d6e3a038f5,-,-,-,-,-,https://tutor-online1.fbcontent.cn/growth/internal-material/1775548229416.c1cd5fb7814f25b1cce9b2d6e3a038f5.mp4,0401-9物-自产-自产二-李博-曲中雨-子衿-A3-B1-有-23-前贴2,20260621,贾子矜,贾子矜,9元高中物理李博,9元高中物理李博,玄武,自有,自产原创,wangruixuebj01,30.61,0,0,0,125.97,7652.5,0,2.06%,0%,-,0,0
c8d85e0f2a43603e4807b1cdd486ed21,-,-,-,-,-,https://tutor-online1.fbcontent.cn/growth/internal-material/1775548229436.c8d85e0f2a43603e4807b1cdd486ed21.mp4,0401-9物-自产-自产二-李博-曲中雨-子衿-A3-B1-有-23-前贴1,20260621,贾子矜,贾子矜,9元高中物理李博,9元高中物理李博,玄武,自有,自产原创,wangruixuebj01,562.03,45,5,0.08,139.81,35126.88,112.41,1.17%,10.64%,-,1.24,2812.5
8bdc1ba34ce2e8b68499b3b7518c151c,-,-,-,-,-,https://tutor-online1.fbcontent.cn/growth/internal-material/1780984422526.8bdc1ba34ce2e8b68499b3b7518c151c.mp4,0526-199双科-自产-自产主-王晶-亿晨-子衿-A5-B2-有-5,20260621,贾子矜,贾子矜,199元高中双科提分课,199元高中双科提分课,自投放,自有,自产原创,wangjiananbj03,3.36,0,0,0,37.33,0,0,2.22%,0%,-,0,0
e5950d065b1f461d2ef2d00a02055c24,-,-,-,-,-,https://tutor-online1.fbcontent.cn/growth/internal-material/1780315995413.e5950d065b1f461d2ef2d00a02055c24.mp4,0512-199双科-自产-自产二-王晶-曲中雨-小敏--B1-有-22,20260621,曲敏,韩晨国,199元高中双科提分课,199元高中双科提分课,自投放,自有,自产原创,wangjiananbj03,74.28,0,0,0,164.34,37140,0,0.66%,0%,-,0,0
8e80c975b4db74d7e330c875722ad6fd,-,-,-,-,-,https://tutor-online1.fbcontent.cn/growth/internal-material/1781579957774.8e80c975b4db74d7e330c875722ad6fd.mp4,0610-199双科-自产-自产二-李博-视觉锤-子衿-A2-B1-无-7(1),20260621,贾子矜,贾子矜,199元高中双科提分课,199元高中双科提分课,自投放,自有,自产原创,wangjiananbj03,9.5,0,0,0,86.36,0,0,0.91%,0%,-,0,0
342bc2ca1388ca3ba82463fcfb41a014,-,-,-,-,-,https://tutor-online1.fbcontent.cn/growth/internal-material/1779258777243.342bc2ca1388ca3ba82463fcfb41a014.mp4,0514-199双科-自产-自产二-王晶-曲中雨-子衿--B2-无-3,20260621,贾子矜,贾子矜,199元高中双科提分课,199元高中双科提分课,自投放,自有,自产原创,wangjiananbj03,39.94,0,0,0,50.62,39940,0,0.25%,0%,-,0,0
87baae29dbb62be599751d4638bb8adf,-,-,-,-,-,https://tutor-online1.fbcontent.cn/growth/internal-material/1779440164972.87baae29dbb62be599751d4638bb8adf.mp4,0513-199双科-自产-自产主-李博-曲中雨-嘉丽-A7-B1-无-32,20260621,魏嘉丽,魏嘉丽,199元高中双科提分课,199元高中双科提分课,自投放,自有,自产原创,wangjiananbj03,0.54,0,0,0,18,0,0,0.00%,0.00%,-,0,0
bc6e37364563c13486bc0769b790248b,-,-,-,-,-,https://tutor-online1.fbcontent.cn/growth/internal-material/1781353108439.bc6e37364563c13486bc0769b790248b.mp4,0602-199双科-自产-自产主-王晶-巽阳-子衿-A5-B1-无-4,20260621,贾子矜,贾子矜,199元高中双科提分课,199元高中双科提分课,自投放,自有,自产原创,wangjiananbj03,18.44,0,0,0,61.06,0,0,0.00%,0.00%,-,0,0
5f541d858f9776c01f56fc1761270f90,-,-,-,-,-,https://tutor-online1.fbcontent.cn/growth/internal-material/1781579971167.5f541d858f9776c01f56fc1761270f90.mp4,0610-199双科-自产-自产二-李博-视觉锤-子衿-A5-B1-无-9(1),20260621,贾子矜,贾子矜,199元高中双科提分课,199元高中双科提分课,自投放,自有,自产原创,wangjiananbj03,33.92,0,0,0,36.16,6784,0,0.64%,0%,-,0,0
e7e6ccf30617c52580435eae1f2dd0fc,-,-,-,-,-,https://tutor-online1.fbcontent.cn/growth/internal-material/1780393600037.e7e6ccf30617c52580435eae1f2dd0fc.mp4,0527-9物-自产-自产二-李博-曲中雨-子衿-A7-B2-有-6,20260621,贾子矜,贾子矜,9元高中物理李博,9元高中物理李博,申坤,自有,自产原创,wangruixuebj01,0,0,0,0,0,0,0,0.00%,0.00%,-,0,0
bf866b6e44e64ed9ab37df38cbc1647c,-,-,-,-,-,https://tutor-online1.fbcontent.cn/growth/internal-material/1779279974075.bf866b6e44e64ed9ab37df38cbc1647c.mp4,0513-199双科-自产-自产主-李博-视觉锤-雅迪-A5-B1-有-15,20260621,王雅迪,王雅迪,199元高中双科提分课,199元高中双科提分课,自投放,自有,自产原创,wangjiananbj03,0.12,0,0,0,15,0,0,0.00%,0.00%,-,0,0
79f511c71f022bdcb20c91a093e5762f,-,-,-,-,-,https://tutor-online1.fbcontent.cn/growth/internal-material/1781580030000.79f511c71f022bdcb20c91a093e5762f.mp4,0610-199双科-自产-自产二-李博-视觉锤-子衿-A6-B1-有-2(1),20260621,贾子矜,贾子矜,199元高中双科提分课,199元高中双科提分课,自投放,自有,自产原创,wangjiananbj03,28.49,199,1,6.98,67.67,9496.67,28.49,0.95%,25.00%,-,2.38,66333.33
a5c635e3fe63f1353f08f0f12e3f0f65,-,-,-,-,-,https://tutor-online1.fbcontent.cn/growth/internal-material/1779440140533.a5c635e3fe63f1353f08f0f12e3f0f65.mp4,0513-199双科-自产-自产二-李博-曲中雨-嘉丽-A6-B1-无-31,20260621,魏嘉丽,魏嘉丽,199元高中双科提分课,199元高中双科提分课,自投放,自有,自产原创,wangjiananbj03,1.8,0,0,0,24.66,0,0,0.00%,0.00%,-,0,0
c1cd5fb7814f25b1cce9b2d6e3a038f5,-,-,-,-,-,https://tutor-online1.fbcontent.cn/growth/internal-material/1775548229416.c1cd5fb7814f25b1cce9b2d6e3a038f5.mp4,0401-9物-自产-自产二-李博-曲中雨-子衿-A3-B1-有-23-前贴2,20260621,贾子矜,贾子矜,9元高中物理李博,9元高中物理李博,玄武,自有,自产原创,wangruixuebj01,4.72,0,0,0,69.41,0,0,1.47%,0%,-,0,0
5086c9b320da07f20d48f6e95503a272,-,-,-,-,-,https://tutor-online1.fbcontent.cn/growth/internal-material/1781769381603.5086c9b320da07f20d48f6e95503a272.mp4,0611-199双科-自产-自产主-王晶-曲中雨-嘉丽-A1-B1-无-21,20260621,魏嘉丽,魏嘉丽,199元高中双科提分课,199元高中双科提分课,自投放,自有,自产原创,wangjiananbj03,5.22,0,0,0,53.81,0,0,0.00%,0.00%,-,0,0
f3288b9939c59e630458e23e380e7ba9,-,-,-,-,-,https://tutor-online1.fbcontent.cn/growth/internal-material/1779427695243.f3288b9939c59e630458e23e380e7ba9.mp4,0512-199双科-自产-自产主-王晶-曲中雨-雅迪---无-12,20260621,王雅迪,王雅迪,199元高中双科提分课,199元高中双科提分课,自投放,自有,自产原创,wangjiananbj03,6.28,0,0,0,35.89,0,0,0.00%,0.00%,-,0,0
5bb64868a62d1eb1cd17397459ab0af2,-,-,-,-,-,https://tutor-online1.fbcontent.cn/growth/internal-material/1778581745257.5bb64868a62d1eb1cd17397459ab0af2.mp4,0508-199双科-自产-自产主-李博-视觉锤-雅迪-A5-B1-无-16,20260621,王雅迪,王雅迪,199元高中双科提分课,199元高中双科提分课,自投放,自有,自产原创,wangjiananbj03,39.56,0,0,0,112.71,6593.33,0,1.99%,0%,-,0,0
ef615c20d3f846117e103177fd831cb1,-,-,-,-,-,https://tutor-online1.fbcontent.cn/growth/internal-material/1781082526964.ef615c20d3f846117e103177fd831cb1.mp4,0603-199双科-自产-自产二-李博-视觉锤-嘉丽-A5-B1-无-14,20260621,魏嘉丽,魏嘉丽,199元高中双科提分课,199元高中双科提分课,自投放,自有,自产原创,wangjiananbj03,232.26,0,0,0,158.86,25806.67,0,1.09%,0%,-,0,0
9625bc3110194f040edde2b0e26e3ae7,-,-,-,-,-,https://tutor-online1.fbcontent.cn/growth/internal-material/1780976417050.9625bc3110194f040edde2b0e26e3ae7.mp4,0521-状元笔记-自产-自产二--曲中雨-小敏-A5-B2-无-22,20260621,曲敏,韩晨国,高中手写笔记,高中手写笔记,自投放,自有,自产原创,wangjiananbj03,1.01,0,0,0,21.49,0,0,2.13%,0%,-,0,0
1800ccb9791cfee7a66ebfce97299cca,-,-,-,-,-,https://tutor-online1.fbcontent.cn/growth/internal-material/1779440139842.1800ccb9791cfee7a66ebfce97299cca.mp4,0513-199双科-自产-自产二-李博-曲中雨-嘉丽-A7-B1-无-32,20260621,魏嘉丽,魏嘉丽,199元高中双科提分课,199元高中双科提分课,自投放,自有,自产原创,wangjiananbj03,0.24,0,0,0,5.22,0,0,0.00%,0.00%,-,0,0
f018a74111dbf4115a1979dbd2c88ad3,-,-,-,-,-,https://tutor-online1.fbcontent.cn/growth/internal-material/1781003732890.f018a74111dbf4115a1979dbd2c88ad3.mp4,0604-状元笔记-自产-自产主--视觉锤-雅迪-有-17,20260621,王雅迪,王雅迪,高中手写笔记,高中手写笔记,自投放,自有,自产原创,wangjiananbj03,1.69,0,0,0,6.26,0,0,10.74%,0%,-,0,0
20b8eb386392f37b747f7637c49b3ec7,-,-,-,-,-,https://tutor-online1.fbcontent.cn/growth/internal-material/1775548305351.20b8eb386392f37b747f7637c49b3ec7.mp4,0401-9物-自产-自产主-李博-曲中雨-子衿-A3-B1-有-23-前贴1,20260621,贾子矜,贾子矜,9元高中物理李博,9元高中物理李博,玄武,自有,自产原创,wangruixuebj01,6.34,0,0,0,56.61,0,0,0.00%,0.00%,-,0,0
1af3ac98835302c4de6b3fe9fb7b2444,-,-,-,-,-,https://tutor-online1.fbcontent.cn/growth/internal-material/1779701509612.1af3ac98835302c4de6b3fe9fb7b2444.mp4,0520-199双科-自产-自产二-李博-曲中雨-浩正-A5-B2-无-8,20260621,杜浩正,杜浩正,199元高中双科提分课,199元高中双科提分课,自投放,自有,自产原创,wangjiananbj03,433.21,199,1,0.46,107.2,48134.44,433.21,0.27%,9.09%,-,0.25,22111.11
3a4a64509ad557233d892670d4962b0c,-,-,-,-,-,https://tutor-online1.fbcontent.cn/growth/internal-material/1781582189139.3a4a64509ad557233d892670d4962b0c.mp4,0610-9物-自产-自产二-李博-视觉锤-雅迪-A5-B1B4-无-19,20260621,王雅迪,王雅迪,9元高中物理李博,9元高中物理李博,申坤,自有,自产原创,wangruixuebj01,0,0,0,0,0,0,0,0.00%,0.00%,-,0,0
d8b8b4730be89378f60d527c9bf7a00d,-,-,-,-,-,https://tutor-online1.fbcontent.cn/growth/internal-material/1781093591451.d8b8b4730be89378f60d527c9bf7a00d.mp4,6月4日 (3)(5),20260621,贾子矜,贾子矜,199元高中双科提分课,199元高中双科提分课,自投放,自有,自产原创,wangjiananbj03,18.74,199,1,10.62,223.1,6246.67,18.74,3.57%,33.33%,-,11.9,66333.33
26a83dce037b3511a91d0fef75e0e59b,-,-,-,-,-,https://tutor-online1.fbcontent.cn/growth/internal-material/1775548228196.26a83dce037b3511a91d0fef75e0e59b.mp4,0401-9物-自产-自产二-李博-曲中雨-子衿-A3-B1-无-23,20260621,贾子矜,贾子矜,9元高中物理李博,9元高中物理李博,玄武,自有,自产原创,wangruixuebj01,0.61,0,0,0,76.25,0,0,0.00%,0.00%,-,0,0
0ebbdbbf3d6ad22bc7c434c74828ed41,-,-,-,-,-,https://tutor-online1.fbcontent.cn/growth/internal-material/1781169457656.0ebbdbbf3d6ad22bc7c434c74828ed41.mp4,0611-状元笔记-自产-自产主--视觉锤-雅迪-A6-B5-有-42,20260621,王雅迪,王雅迪,高中手写笔记,高中手写笔记,自投放,自有,自产原创,wangjiananbj03,21.95,0,0,0,45.54,0,0,14.52%,0%,-,0,0
ba412ac38b090f89c09e635200c909b5,-,-,-,-,-,https://tutor-online1.fbcontent.cn/growth/internal-material/1780906798911.ba412ac38b090f89c09e635200c909b5.mp4,0603-9物-自产-自产主-李博-曲中雨-子衿-A5-B1-无-2-直播间,20260621,贾子矜,贾子矜,9元高中物理李博,9元高中物理李博,申坤,自有,自产原创,wangruixuebj01,0,0,0,0,0,0,0,0.00%,0.00%,-,0,0
8ad410c8bc4494d02363a42f9dc31f87,-,-,-,-,-,https://tutor-online1.fbcontent.cn/growth/internal-material/1781769947518.8ad410c8bc4494d02363a42f9dc31f87.mp4,0527-9物-自产-自产主-李博-曲中雨-子衿-A2-B2-无-8-直播间,20260621,贾子矜,韩晨国,9元高中物理李博,9元高中物理李博,申坤,自有,自产原创,wangruixuebj01,0,0,0,0,0,0,0,0.00%,0.00%,-,0,0
36061d2a3d64b63e1c87a79e35b129d4,-,-,-,-,-,https://tutor-online1.fbcontent.cn/growth/internal-material/1781681455758.36061d2a3d64b63e1c87a79e35b129d4.mp4,0610-9物-自产-自产主-李博-视觉锤-雅迪-A5-B1B4-有-19,20260621,王雅迪,王雅迪,9元高中物理李博,9元高中物理李博,申坤,自有,自产原创,wangruixuebj01,0,0,0,0,0,0,0,0.00%,0.00%,-,0,0
39271a3905fbea4bc16e6ef96644767e,-,-,-,-,-,https://tutor-online1.fbcontent.cn/growth/internal-material/1781082527730.39271a3905fbea4bc16e6ef96644767e.mp4,0603-199双科-自产-自产二-李博-视觉锤-嘉丽-A5-B1-无-15,20260621,魏嘉丽,魏嘉丽,199元高中双科提分课,199元高中双科提分课,自投放,自有,自产原创,wangjiananbj03,19.65,0,0,0,40.02,19650,0,0.81%,0%,-,0,0
83e5f89b8f0f11f76c8931e9e30b075c,-,-,-,-,-,https://tutor-online1.fbcontent.cn/growth/internal-material/1778667031168.83e5f89b8f0f11f76c8931e9e30b075c.mp4,0317-199物-自产-自产主-李博-曲中雨-子衿-A2-B1B4-有-28-迭代1,20260621,贾子矜,贾子矜,199元高中双科提分课,199元高中双科提分课,自投放,自有,自产原创,wangjiananbj03,227.45,0,0,0,120.22,227450,0,0.42%,0%,-,0,0
fcaf23abc3acabbdcd692549ba34336f,-,-,-,-,-,https://tutor-online1.fbcontent.cn/growth/internal-material/1781579961281.fcaf23abc3acabbdcd692549ba34336f.mp4,0610-199双科-自产-自产二-李博-视觉锤-子衿-A2-B3-无-8(1),20260621,贾子矜,贾子矜,199元高中双科提分课,199元高中双科提分课,自投放,自有,自产原创,wangjiananbj03,1.51,0,0,0,12.28,0,0,0.00%,0.00%,-,0,0
53c7b0abfc73b5bb1ded93329e8cf033,-,-,-,-,-,https://tutor-online1.fbcontent.cn/growth/internal-material/1780569961431.53c7b0abfc73b5bb1ded93329e8cf033.mp4,0527-199双科-自产-自产主-李博-曲中雨-嘉丽-A7-B1-无-12,20260621,魏嘉丽,魏嘉丽,199元高中双科提分课,199元高中双科提分课,自投放,自有,自产原创,wangjiananbj03,26.1,0,0,0,25.66,0,0,0.20%,0%,-,0,0
39e35166a82b50a71a6f2340aeff1735,-,-,-,-,-,https://tutor-online1.fbcontent.cn/growth/internal-material/1781063589648.39e35166a82b50a71a6f2340aeff1735.mp4,0603-199双科-自产-自产主-李博-曲中雨-嘉丽-A5-B1-无-13,20260621,魏嘉丽,魏嘉丽,199元高中双科提分课,199元高中双科提分课,自投放,自有,自产原创,wangjiananbj03,0.19,0,0,0,6.55,0,0,0.00%,0.00%,-,0,0
473081ce934cddca8668528b5177c7bd,-,-,-,-,-,https://tutor-online1.fbcontent.cn/growth/internal-material/1774350653835.473081ce934cddca8668528b5177c7bd.mp4,0319-9物-自产-自产二-李博-巽阳-子衿--B2B5-无-24,20260621,贾子矜,贾子矜,9元高中物理李博,9元高中物理李博,玄武,自有,自产原创,wangruixuebj01,40.07,9,1,0.22,43.32,13356.67,40.07,0.54%,20.00%,-,1.08,3000
5832908131d5b3bb4530cdbacb98dfd2,-,-,-,-,-,https://tutor-online1.fbcontent.cn/growth/internal-material/1781082529570.5832908131d5b3bb4530cdbacb98dfd2.mp4,0603-199双科-自产-自产二-李博-视觉锤-嘉丽-A5-B1-无-12,20260621,魏嘉丽,魏嘉丽,199元高中双科提分课,199元高中双科提分课,自投放,自有,自产原创,wangjiananbj03,3.08,0,0,0,9.75,0,0,0.32%,0%,-,0,0
c597e9c2879ccd3563ee9c9448ca97a3,-,-,-,-,-,https://tutor-online1.fbcontent.cn/growth/internal-material/1781082699050.c597e9c2879ccd3563ee9c9448ca97a3.mp4,0604-状元笔记-自产-混剪--曲中雨-嘉丽---有-1,20260621,魏嘉丽,魏嘉丽,高中手写笔记,高中手写笔记,自投放,自有,自产原创,wangjiananbj03,0,0,0,0,0,0,0,0.00%,0.00%,-,0,0
8c3602cdd1cfd15c3d2ab47cf2c17cbc,-,-,-,-,-,https://tutor-online1.fbcontent.cn/growth/internal-material/1781769707234.8c3602cdd1cfd15c3d2ab47cf2c17cbc.mp4,0527-9物-自产-自产二-李博-曲中雨-浩正-A5-B1-有-15,20260621,杜浩正,韩晨国,9元高中物理李博,9元高中物理李博,申坤,自有,自产原创,wangruixuebj01,0,0,0,0,0,0,0,100.00%,0%,-,0,0
5802e9366462b661689e89fc8e99a954,-,-,-,-,-,https://tutor-online1.fbcontent.cn/growth/internal-material/1779278565965.5802e9366462b661689e89fc8e99a954.mp4,0513-199双科-自产-自产主-李博-视觉锤-雅迪-A5-B1-有-21,20260621,王雅迪,王雅迪,199元高中双科提分课,199元高中双科提分课,自投放,自有,自产原创,wangjiananbj03,0.15,0,0,0,3,0,0,0.00%,0.00%,-,0,0
bf156c45c46105734609aa1c5b796dc9,-,-,-,-,-,https://tutor-online1.fbcontent.cn/growth/internal-material/1781080053775.bf156c45c46105734609aa1c5b796dc9.mp4,0608-199双科-自产-自产二-王晶-亿晨-婷玉-A1-B4B5-无-8,20260621,吴婷玉,吴婷玉,199元高中双科提分课,199元高中双科提分课,自投放,自有,自产原创,wangjiananbj03,0.28,0,0,0,5.71,0,0,0.00%,0.00%,-,0,0
f73474b3595571b16bb9286be6d410c4,-,-,-,-,-,https://tutor-online1.fbcontent.cn/growth/internal-material/1780041102286.f73474b3595571b16bb9286be6d410c4.mp4,0520-199双科-自产-自产主-李博-视觉锤-小敏-A1-B6-无-21,20260621,曲敏,曲敏,199元高中双科提分课,199元高中双科提分课,自投放,自有,自产原创,wangjiananbj03,0.05,0,0,0,10,0,0,0.00%,0.00%,-,0,0
8d668df2abf53bcdf14c11c1295cecbb,-,-,-,-,-,https://tutor-online1.fbcontent.cn/growth/internal-material/1779470003836.8d668df2abf53bcdf14c11c1295cecbb.mp4,0521-9物-自产-自产二-李博-曲中雨-子衿-A5效果保证-B1效果方法体系-有-4,20260621,贾子矜,贾子矜,9元高中物理李博,9元高中物理李博,十人,自有,自产原创,wangruixuebj01,223.16,9,1,0.04,185.5,12397.78,223.16,2.16%,3.85%,-,0.83,500
58bf8984efaf8ba514005f6e6d33cb7f,-,-,-,-,-,https://tutor-online1.fbcontent.cn/growth/internal-material/1781769257391.58bf8984efaf8ba514005f6e6d33cb7f.mp4,0618-9物-自产-自产主-李博-曲中雨-子衿-A6-B1-有-13-前贴1-嘉丽混剪-4,20260621,魏嘉丽,魏嘉丽,9元高中物理李博,9元高中物理李博,申坤,自有,自产原创,wangruixuebj01,0,0,0,0,0,0,0,0.00%,0.00%,-,0,0
60fda511de23511be14bbd8d8186fc12,-,-,-,-,-,https://tutor-online1.fbcontent.cn/growth/internal-material/1778581745046.60fda511de23511be14bbd8d8186fc12.mp4,0508-199双科-自产-自产主-李博-视觉锤-雅迪-A5-B1-无-17,20260621,王雅迪,王雅迪,199元高中双科提分课,199元高中双科提分课,自投放,自有,自产原创,wangjiananbj03,442.33,199,1,0.45,125.34,31595,442.33,0.45%,6.25%,-,0.28,14214.29
ed614a2eb44b5fe0176d925f46bd2a80,-,-,-,-,-,https://tutor-online1.fbcontent.cn/growth/internal-material/1780984420344.ed614a2eb44b5fe0176d925f46bd2a80.mp4,0526-199双科-自产-自产二-王晶-亿晨-子衿-A7-B2-有-2,20260621,贾子矜,贾子矜,199元高中双科提分课,199元高中双科提分课,自投放,自有,自产原创,wangjiananbj03,3.39,0,0,0,15.77,0,0,0.00%,0.00%,-,0,0
54f2db7a73310ee3c0a12ec6ce070ecf,-,-,-,-,-,https://tutor-online1.fbcontent.cn/growth/internal-material/1779440139626.54f2db7a73310ee3c0a12ec6ce070ecf.mp4,0513-199双科-自产-自产二-李博-曲中雨-嘉丽-A6-B1-有-29,20260621,魏嘉丽,魏嘉丽,199元高中双科提分课,199元高中双科提分课,自投放,自有,自产原创,wangjiananbj03,0,0,0,0,0,0,0,0.00%,0.00%,-,0,0
60388aaac19188b11a521b8fc6d7549a,-,-,-,-,-,https://tutor-online1.fbcontent.cn/growth/internal-material/1781508313068.60388aaac19188b11a521b8fc6d7549a.mp4,0602-199双科-自产-自产主-王晶-巽阳-小敏-A6-B1B2-有-13-LL,20260621,曲敏,曲敏,199元高中双科提分课,199元高中双科提分课,自投放,自有,自产原创,wangjiananbj03,6.37,0,0,0,59.53,0,0,0.00%,0.00%,-,0,0
b5f2ccce4d5557901a9866ce1665fbaf,-,-,-,-,-,https://tutor-online1.fbcontent.cn/growth/internal-material/1781769382417.b5f2ccce4d5557901a9866ce1665fbaf.mp4,0611-199双科-自产-自产主-王晶-曲中雨-嘉丽-A7-B1-无-22,20260621,魏嘉丽,魏嘉丽,199元高中双科提分课,199元高中双科提分课,自投放,自有,自产原创,wangjiananbj03,3.56,0,0,0,25.43,890,0,2.86%,0%,-,0,0
f7fe563190b56bbc288e52984397b6da,-,-,-,-,-,https://tutor-online1.fbcontent.cn/growth/internal-material/1781582189080.f7fe563190b56bbc288e52984397b6da.mp4,0610-9物-自产-自产二-李博-视觉锤-雅迪-A5-B2-无-16,20260621,王雅迪,王雅迪,9元高中物理李博,9元高中物理李博,申坤,自有,自产原创,wangruixuebj01,0,0,0,0,0,0,0,0.00%,0.00%,-,0,0
4dfdf0f3015b02281823acdd3845ec2a,-,-,-,-,-,https://tutor-online1.fbcontent.cn/growth/internal-material/1779706245273.4dfdf0f3015b02281823acdd3845ec2a.mp4,0520-199双科-自产-自产二-李博-曲中雨-子衿-A6-B1-无-3,20260621,贾子矜,贾子矜,199元高中双科提分课,199元高中双科提分课,自投放,自有,自产原创,wangjiananbj03,0.21,0,0,0,3.75,0,0,0.00%,0.00%,-,0,0
5b4610c0c4ce9e34730f09ab78e12e2e,-,-,-,-,-,https://tutor-online1.fbcontent.cn/growth/internal-material/1780060825253.5b4610c0c4ce9e34730f09ab78e12e2e.mp4,0512-199双科-自产-自产主-王晶-云梵-小敏--B1-无-21,20260621,曲敏,韩晨国,199元高中双科提分课,199元高中双科提分课,自投放,自有,自产原创,wangjiananbj03,29.84,0,0,0,92.1,29840,0,0.62%,0%,-,0,0
dd8e8f391432cfc750aadd2ffb4412a2,-,-,-,-,-,https://tutor-online1.fbcontent.cn/growth/internal-material/1776416966997.dd8e8f391432cfc750aadd2ffb4412a2.mp4,0415-9物-自产-自产主-李博-曲中雨-子衿-A6-B1-有-13-前贴1,20260621,贾子矜,贾子矜,9元高中物理李博,9元高中物理李博,玄武,自有,自产原创,wangruixuebj01,34.83,0,0,0,82.73,6966,0,1.43%,0%,-,0,0
69d0af91a962fe9a566056855b970a25,-,-,-,-,-,https://tutor-online1.fbcontent.cn/growth/internal-material/1780397823386.69d0af91a962fe9a566056855b970a25.mp4,0527-9物-自产-自产主-李博-曲中雨-浩正-A5-B1-无-14-直播间,20260621,杜浩正,杜浩正,9元高中物理李博,9元高中物理李博,申坤,自有,自产原创,wangruixuebj01,0,0,0,0,0,0,0,0.00%,0.00%,-,0,0
6d05d1e4be17a04e49ac721c829ffde9,-,-,-,-,-,https://tutor-online1.fbcontent.cn/growth/internal-material/1781769445740.6d05d1e4be17a04e49ac721c829ffde9.mp4,0611-199双科-自产-自产二-王晶-视觉锤-嘉丽-A2-B1-无-24,20260621,魏嘉丽,魏嘉丽,199元高中双科提分课,199元高中双科提分课,自投放,自有,自产原创,wangjiananbj03,5.13,0,0,0,49.33,5130,0,1.92%,0%,-,0,0
0ebbdbbf3d6ad22bc7c434c74828ed41,-,-,-,-,-,https://tutor-online1.fbcontent.cn/growth/internal-material/1781169457656.0ebbdbbf3d6ad22bc7c434c74828ed41.mp4,0611-状元笔记-自产-自产主--视觉锤-雅迪-A6-B5-有-42,20260621,王雅迪,王雅迪,高中手写笔记,高中手写笔记,自投放,自有,自产原创,wangjiananbj03,0.07,0,0,0,17.5,0,0,0.00%,0.00%,-,0,0
b67e029984a4b76425d51870877e5c48,-,-,-,-,-,https://tutor-online1.fbcontent.cn/growth/internal-material/1779701583956.b67e029984a4b76425d51870877e5c48.mp4,0520-199双科-自产-自产主-李博-曲中雨-浩正-A7-B1-无-7,20260621,杜浩正,杜浩正,199元高中双科提分课,199元高中双科提分课,自投放,自有,自产原创,wangjiananbj03,0.47,0,0,0,17.41,0,0,0.00%,0.00%,-,0,0
2b57f3f7b38f17b4e162e73ff4715389,-,-,-,-,-,https://tutor-online1.fbcontent.cn/growth/internal-material/1780393695558.2b57f3f7b38f17b4e162e73ff4715389.mp4,0527-9物-自产-自产主-李博-曲中雨-子衿-A6-B2-无-4,20260621,贾子矜,贾子矜,9元高中物理李博,9元高中物理李博,申坤,自有,自产原创,wangruixuebj01,0,0,0,0,0,0,0,0.00%,0.00%,-,0,0
1efdf5fdfaeacf23fbff79764143ab33,-,-,-,-,-,https://tutor-online1.fbcontent.cn/growth/internal-material/1781580006792.1efdf5fdfaeacf23fbff79764143ab33.mp4,0610-199双科-自产-自产二-李博-视觉锤-子衿-A6-B1-无-6(1),20260621,贾子矜,贾子矜,199元高中双科提分课,199元高中双科提分课,自投放,自有,自产原创,wangjiananbj03,180.97,199,1,1.1,57.4,60323.33,180.97,1.24%,2.56%,-,0.32,66333.33
3e035aaad46f01b33337d74ee18ea8ee,-,-,-,-,-,https://tutor-online1.fbcontent.cn/growth/internal-material/1778649206819.3e035aaad46f01b33337d74ee18ea8ee.mp4,0508-199双科-自产-自产二-李博-视觉锤-雅迪-A5-B2-有-11,20260621,王雅迪,王雅迪,199元高中双科提分课,199元高中双科提分课,自投放,自有,自产原创,wangjiananbj03,0.45,0,0,0,7.5,0,0,0.00%,0.00%,-,0,0
181a740f509e66773df1612b9f689bd8,-,-,-,-,-,https://tutor-online1.fbcontent.cn/growth/internal-material/1781090317034.181a740f509e66773df1612b9f689bd8.mp4,0603-199双科-自产-自产二-李博-视觉锤-嘉丽-A5-B1-有-15,20260621,魏嘉丽,魏嘉丽,199元高中双科提分课,高中手写笔记,自投放,自有,自产原创,wangjiananbj03,116.47,0,0,0,79.12,6851.18,0,1.22%,0%,-,0,0
9e1352a0b0e85eb513255c3095dae807,-,-,-,-,-,https://tutor-online1.fbcontent.cn/growth/internal-material/1778581775810.9e1352a0b0e85eb513255c3095dae807.mp4,0508-199双科-自产-自产主-李博-视觉锤-雅迪-A1-B4B6-无-12,20260621,王雅迪,王雅迪,199元高中双科提分课,199元高中双科提分课,自投放,自有,自产原创,wangjiananbj03,0.13,0,0,0,11.82,0,0,0.00%,0.00%,-,0,0
3b3b31116d4d52e405e9dd5195396897,-,-,-,-,-,https://tutor-online1.fbcontent.cn/growth/internal-material/1774510703010.3b3b31116d4d52e405e9dd5195396897.mp4,0324-9物-自产-自产主-李博-曲中雨-子衿-A3-B2B4-有-19-前贴1,20260621,贾子矜,贾子矜,9元高中物理李博,9元高中物理李博,玄武,自有,自产原创,wangruixuebj01,18.65,0,0,0,50.96,18650,0,4.64%,0%,-,0,0
34784e0f591a32d845ca85c3708212e1,-,-,-,-,-,https://tutor-online1.fbcontent.cn/growth/internal-material/1780369895793.34784e0f591a32d845ca85c3708212e1.mp4,0527-9物-自产-自产二-李博-视觉锤-雅迪-A5-B1-无-16,20260620,王雅迪,王雅迪,9元高中物理李博,9元高中物理李博,申坤,自有,自产原创,wangruixuebj01,0.17,0,0,0,15.45,0,0,0.00%,0.00%,-,0,0
604ada367bfbba7e66764f806c00d947,-,-,-,-,-,https://tutor-online1.fbcontent.cn/growth/internal-material/1779701701958.604ada367bfbba7e66764f806c00d947.mp4,0514-199双科-自产-自产主-王晶-云梵-嘉丽--B1B3-无-25,20260620,魏嘉丽,魏嘉丽,199元高中双科提分课,199元高中双科提分课,自投放,自有,自产原创,wangjiananbj03,14.33,0,0,0,74.64,0,0,0.00%,0.00%,-,0,0
fbad3696edebcfc3809fed8ce9c317f6,-,-,-,-,-,https://tutor-online1.fbcontent.cn/growth/internal-material/1777262135702.fbad3696edebcfc3809fed8ce9c317f6.mp4,0422-9物-自产-自产主-李博-曲中雨-子衿-A7-B1-有-14-前贴1,20260620,贾子矜,贾子矜,9元高中物理李博,9元高中物理李博,申坤,自有,自产原创,wangruixuebj01,11.01,0,0,0,59.84,2752.5,0,1.63%,0%,-,0,0
3edb55dfd11da85ddd13d487debe4a33,-,-,-,-,-,https://tutor-online1.fbcontent.cn/growth/internal-material/1780656485006.3edb55dfd11da85ddd13d487debe4a33.mp4,0603-9物-自产-自产主-李博-视觉锤-浩正-A5-B1-无-12,20260620,杜浩正,杜浩正,9元高中物理李博,9元高中物理李博,申坤,自有,自产原创,wangruixuebj01,1.31,0,0,0,163.75,0,0,0.00%,0.00%,-,0,0
745ee7f6de7484ccc051fde7e3381074,-,-,-,-,-,https://tutor-online1.fbcontent.cn/growth/internal-material/1780983143504.745ee7f6de7484ccc051fde7e3381074.mp4,6月4日 (3),20260620,贾子矜,贾子矜,199元高中双科提分课,199元高中双科提分课,自投放,自有,自产原创,wangjiananbj03,1.46,0,0,0,104.29,0,0,0.00%,0.00%,-,0,0
6513e42aa0ea5c7fc222b878e07213f0,-,-,-,-,-,https://tutor-online1.fbcontent.cn/growth/internal-material/1781582189113.6513e42aa0ea5c7fc222b878e07213f0.mp4,0610-9物-自产-自产二-李博-视觉锤-雅迪-A5-B2-无-17,20260620,王雅迪,王雅迪,9元高中物理李博,9元高中物理李博,申坤,自有,自产原创,wangruixuebj01,3.74,0,0,0,28.33,1870,0,2.27%,0%,-,0,0
5f541d858f9776c01f56fc1761270f90,-,-,-,-,-,https://tutor-online1.fbcontent.cn/growth/internal-material/1781579971167.5f541d858f9776c01f56fc1761270f90.mp4,0610-199双科-自产-自产二-李博-视觉锤-子衿-A5-B1-无-9(1),20260620,贾子矜,贾子矜,199元高中双科提分课,199元高中双科提分课,自投放,自有,自产原创,wangjiananbj03,40.5,0,0,0,28.81,6750,0,0.71%,0%,-,0,0
9e1352a0b0e85eb513255c3095dae807,-,-,-,-,-,https://tutor-online1.fbcontent.cn/growth/internal-material/1778581775810.9e1352a0b0e85eb513255c3095dae807.mp4,0508-199双科-自产-自产主-李博-视觉锤-雅迪-A1-B4B6-无-12,20260620,王雅迪,王雅迪,199元高中双科提分课,199元高中双科提分课,自投放,自有,自产原创,wangjiananbj03,42.35,0,0,0,117.31,21175,0,1.94%,0%,-,0,0
79f511c71f022bdcb20c91a093e5762f,-,-,-,-,-,https://tutor-online1.fbcontent.cn/growth/internal-material/1781580030000.79f511c71f022bdcb20c91a093e5762f.mp4,0610-199双科-自产-自产二-李博-视觉锤-子衿-A6-B1-有-2(1),20260620,贾子矜,贾子矜,199元高中双科提分课,199元高中双科提分课,自投放,自有,自产原创,wangjiananbj03,43.33,0,0,0,37.39,21665,0,0.17%,0%,-,0,0
5b4610c0c4ce9e34730f09ab78e12e2e,-,-,-,-,-,https://tutor-online1.fbcontent.cn/growth/internal-material/1780060825253.5b4610c0c4ce9e34730f09ab78e12e2e.mp4,0512-199双科-自产-自产主-王晶-云梵-小敏--B1-无-21,20260620,曲敏,韩晨国,199元高中双科提分课,199元高中双科提分课,自投放,自有,自产原创,wangjiananbj03,17.09,0,0,0,88.09,17090,0,0.52%,0%,-,0,0
1af3ac98835302c4de6b3fe9fb7b2444,-,-,-,-,-,https://tutor-online1.fbcontent.cn/growth/internal-material/1779701509612.1af3ac98835302c4de6b3fe9fb7b2444.mp4,0520-199双科-自产-自产二-李博-曲中雨-浩正-A5-B2-无-8,20260620,杜浩正,杜浩正,199元高中双科提分课,199元高中双科提分课,自投放,自有,自产原创,wangjiananbj03,126.69,199,1,1.57,56.74,10557.5,126.69,0.72%,6.25%,-,0.45,16583.33
c134c2b71efd71124b7c35d7fecb3b07,-,-,-,-,-,https://tutor-online1.fbcontent.cn/growth/internal-material/1781508313053.c134c2b71efd71124b7c35d7fecb3b07.mp4,0602-199双科-自产-自产二-王晶-巽阳-小敏-A2-B4-有-12-LL,20260620,曲敏,曲敏,199元高中双科提分课,199元高中双科提分课,自投放,自有,自产原创,wangjiananbj03,0,0,0,0,0,0,0,0.00%,0.00%,-,0,0
01a435819c48499543ac58eb5fa4c78d,-,-,-,-,-,https://tutor-online1.fbcontent.cn/growth/internal-material/1779706245887.01a435819c48499543ac58eb5fa4c78d.mp4,0520-199双科-自产-自产二-李博-曲中雨-子衿-A6-B1-有-3,20260620,贾子矜,贾子矜,199元高中双科提分课,199元高中双科提分课,自投放,自有,自产原创,wangjiananbj03,52.44,0,0,0,133.78,7491.43,0,2.04%,0%,-,0,0
40b6a6c6a42a6012d30be6ace3795c8b,-,-,-,-,-,https://tutor-online1.fbcontent.cn/growth/internal-material/1780975484547.40b6a6c6a42a6012d30be6ace3795c8b.mp4,0520-199双科-自产-自产二-李博-曲中雨-小敏-A7-B1-有-24,20260620,曲敏,韩晨国,199元高中双科提分课,199元高中双科提分课,自投放,自有,自产原创,wangjiananbj03,0,0,0,0,0,0,0,0.00%,0.00%,-,0,0
0fbb3c2351c41ec2a59a2cd3fbb5fce0,-,-,-,-,-,https://tutor-online1.fbcontent.cn/growth/internal-material/1781579961024.0fbb3c2351c41ec2a59a2cd3fbb5fce0.mp4,0610-199双科-自产-自产二-李博-视觉锤-子衿-A2-B3-有-8(1),20260620,贾子矜,贾子矜,199元高中双科提分课,199元高中双科提分课,自投放,自有,自产原创,wangjiananbj03,1.11,0,0,0,25.23,0,0,0.00%,0.00%,-,0,0
6f87a8252e638dbf700e1045219578ba,-,-,-,-,-,https://tutor-online1.fbcontent.cn/growth/internal-material/1781769257350.6f87a8252e638dbf700e1045219578ba.mp4,0618-9物-自产-自产二-李博-巽阳YS-子衿-A6-B1B2-有-20-嘉丽混剪-1,20260620,魏嘉丽,魏嘉丽,9元高中物理李博,9元高中物理李博,申坤,自有,自产原创,wangruixuebj01,0.02,0,0,0,10,0,0,0.00%,0.00%,-,0,0
9a7c32b2ed684da8a233eaa89db19ae5,-,-,-,-,-,https://tutor-online1.fbcontent.cn/growth/internal-material/1780061372514.9a7c32b2ed684da8a233eaa89db19ae5.mp4,0514-199双科-自产-自产主-王晶-曲中雨-浩正-A2-B2-无-10,20260620,杜浩正,韩晨国,199元高中双科提分课,199元高中双科提分课,自投放,自有,自产原创,wangjiananbj03,20.38,0,0,0,86.36,0,0,0.42%,0%,-,0,0
7e4fc20e1408010f52a760c10d89684e,-,-,-,-,-,https://tutor-online1.fbcontent.cn/growth/internal-material/1781681454070.7e4fc20e1408010f52a760c10d89684e.mp4,0610-9物-自产-自产主-李博-视觉锤-雅迪-A5-B2-有-17,20260620,王雅迪,王雅迪,9元高中物理李博,9元高中物理李博,申坤,自有,自产原创,wangruixuebj01,0.74,0,0,0,148,0,0,0.00%,0.00%,-,0,0
11dcef5f6ee8dd9451fb50c424ff03e6,-,-,-,-,-,https://tutor-online1.fbcontent.cn/growth/internal-material/1780983143284.11dcef5f6ee8dd9451fb50c424ff03e6.mp4,6月4日 (3)(7),20260620,贾子矜,贾子矜,199元高中双科提分课,199元高中双科提分课,自投放,自有,自产原创,wangjiananbj03,77.19,0,0,0,233.2,19297.5,0,2.11%,0%,-,0,0
5086c9b320da07f20d48f6e95503a272,-,-,-,-,-,https://tutor-online1.fbcontent.cn/growth/internal-material/1781769381603.5086c9b320da07f20d48f6e95503a272.mp4,0611-199双科-自产-自产主-王晶-曲中雨-嘉丽-A1-B1-无-21,20260620,魏嘉丽,魏嘉丽,199元高中双科提分课,199元高中双科提分课,自投放,自有,自产原创,wangjiananbj03,0.03,0,0,0,7.5,0,0,0.00%,0.00%,-,0,0
df0c3a8dd88939a25d19b29c2002f0ec,-,-,-,-,-,https://tutor-online1.fbcontent.cn/growth/internal-material/1780984421202.df0c3a8dd88939a25d19b29c2002f0ec.mp4,0526-199双科-自产-自产主-王晶-亿晨-子衿-A5-B1-有-3,20260620,贾子矜,贾子矜,199元高中双科提分课,199元高中双科提分课,自投放,自有,自产原创,wangjiananbj03,4.78,0,0,0,59.01,4780,0,1.23%,0%,-,0,0
8c3602cdd1cfd15c3d2ab47cf2c17cbc,-,-,-,-,-,https://tutor-online1.fbcontent.cn/growth/internal-material/1781769707234.8c3602cdd1cfd15c3d2ab47cf2c17cbc.mp4,0527-9物-自产-自产二-李博-曲中雨-浩正-A5-B1-有-15,20260620,杜浩正,韩晨国,9元高中物理李博,9元高中物理李博,申坤,自有,自产原创,wangruixuebj01,0.82,0,0,0,15.77,0,0,3.85%,0%,-,0,0
8bdc1ba34ce2e8b68499b3b7518c151c,-,-,-,-,-,https://tutor-online1.fbcontent.cn/growth/internal-material/1780984422526.8bdc1ba34ce2e8b68499b3b7518c151c.mp4,0526-199双科-自产-自产主-王晶-亿晨-子衿-A5-B2-有-5,20260620,贾子矜,贾子矜,199元高中双科提分课,199元高中双科提分课,自投放,自有,自产原创,wangjiananbj03,29.74,0,0,0,159.04,29740,0,1.07%,0%,-,0,0
e1f080fdd0bb5e9771fae913bd23c5fe,-,-,-,-,-,https://tutor-online1.fbcontent.cn/growth/internal-material/1780656483064.e1f080fdd0bb5e9771fae913bd23c5fe.mp4,0603-9物-自产-自产主-李博-视觉锤-浩正-A5-B1-无-14,20260620,杜浩正,杜浩正,9元高中物理李博,9元高中物理李博,申坤,自有,自产原创,wangruixuebj01,0.18,0,0,0,30,0,0,0.00%,0.00%,-,0,0
e938c01e963ad0f4c44c706f0304a49e,-,-,-,-,-,https://tutor-online1.fbcontent.cn/growth/internal-material/1779953135567.e938c01e963ad0f4c44c706f0304a49e.mp4,0520-199双科-自产-自产主-李博-视觉锤-嘉丽-A6-B1-无-19,20260620,魏嘉丽,魏嘉丽,199元高中双科提分课,199元高中双科提分课,自投放,自有,自产原创,wangjiananbj03,0.34,0,0,0,20,0,0,0.00%,0.00%,-,0,0
4af17f9d5f5692b1669a0b97b289fad7,-,-,-,-,-,https://tutor-online1.fbcontent.cn/growth/internal-material/1781769948051.4af17f9d5f5692b1669a0b97b289fad7.mp4,0527-9物-自产-自产二-李博-曲中雨-子衿-A6-B1-有-1-直播间,20260620,贾子矜,韩晨国,9元高中物理李博,9元高中物理李博,申坤,自有,自产原创,wangruixuebj01,0.02,0,0,0,10,0,0,0.00%,0.00%,-,0,0
c1cd5fb7814f25b1cce9b2d6e3a038f5,-,-,-,-,-,https://tutor-online1.fbcontent.cn/growth/internal-material/1775548229416.c1cd5fb7814f25b1cce9b2d6e3a038f5.mp4,0401-9物-自产-自产二-李博-曲中雨-子衿-A3-B1-有-23-前贴2,20260620,贾子矜,贾子矜,9元高中物理李博,9元高中物理李博,玄武,自有,自产原创,wangruixuebj01,3.64,0,0,0,74.29,3640,0,6.12%,0%,-,0,0
672a7dd76553c5b2539db58ae3651101,-,-,-,-,-,https://tutor-online1.fbcontent.cn/growth/internal-material/1778649245942.672a7dd76553c5b2539db58ae3651101.mp4,0508-199双科-自产-自产二-李博-视觉锤-雅迪-A5-B1-无-16,20260620,王雅迪,王雅迪,199元高中双科提分课,199元高中双科提分课,自投放,自有,自产原创,wangjiananbj03,57.81,0,0,0,195.97,14452.5,0,1.36%,0%,-,0,0
be4edc7f789e3d1fb626dc73265e4b9a,-,-,-,-,-,https://tutor-online1.fbcontent.cn/growth/internal-material/1780393994915.be4edc7f789e3d1fb626dc73265e4b9a.mp4,0527-9物-自产-自产主-李博-曲中雨-子衿-A5-B2-有-2-直播间,20260620,贾子矜,贾子矜,9元高中物理李博,9元高中物理李博,申坤,自有,自产原创,wangruixuebj01,302.52,0,0,0,176.29,10431.72,0,4.20%,0%,-,0,0
2e061ff3685a31ebd89a3ed533b748a8,-,-,-,-,-,https://tutor-online1.fbcontent.cn/growth/internal-material/1781769952310.2e061ff3685a31ebd89a3ed533b748a8.mp4,0527-9物-自产-自产主-李博-曲中雨-子衿-A5-B2-有-3-直播间,20260620,贾子矜,韩晨国,9元高中物理李博,9元高中物理李博,申坤,自有,自产原创,wangruixuebj01,0.05,0,0,0,8.33,0,0,0.00%,0.00%,-,0,0
b8a1aed11ed1568deecfac51ff4f27d8,-,-,-,-,-,https://tutor-online1.fbcontent.cn/growth/internal-material/1779701588458.b8a1aed11ed1568deecfac51ff4f27d8.mp4,0520-199双科-自产-自产主-李博-曲中雨-浩正-A7-B1-有-7,20260620,杜浩正,杜浩正,199元高中双科提分课,199元高中双科提分课,自投放,自有,自产原创,wangjiananbj03,1.58,0,0,0,47.88,0,0,0.00%,0.00%,-,0,0
1d6a21ffed3505a98468fb67f8045849,-,-,-,-,-,https://tutor-online1.fbcontent.cn/growth/internal-material/1780906798576.1d6a21ffed3505a98468fb67f8045849.mp4,0603-9物-自产-自产主-李博-曲中雨-子衿-A6-B2-无-3-直播间,20260620,贾子矜,贾子矜,9元高中物理李博,9元高中物理李博,申坤,自有,自产原创,wangruixuebj01,2.24,0,0,0,60.54,1120,0,8.11%,0%,-,0,0
ba412ac38b090f89c09e635200c909b5,-,-,-,-,-,https://tutor-online1.fbcontent.cn/growth/internal-material/1780906798911.ba412ac38b090f89c09e635200c909b5.mp4,0603-9物-自产-自产主-李博-曲中雨-子衿-A5-B1-无-2-直播间,20260620,贾子矜,贾子矜,9元高中物理李博,9元高中物理李博,申坤,自有,自产原创,wangruixuebj01,36.03,9,1,0.25,77.99,2771.54,36.03,2.81%,7.69%,-,2.16,692.31
dd8e8f391432cfc750aadd2ffb4412a2,-,-,-,-,-,https://tutor-online1.fbcontent.cn/growth/internal-material/1776416966997.dd8e8f391432cfc750aadd2ffb4412a2.mp4,0415-9物-自产-自产主-李博-曲中雨-子衿-A6-B1-有-13-前贴1,20260620,贾子矜,贾子矜,9元高中物理李博,9元高中物理李博,玄武,自有,自产原创,wangruixuebj01,31.66,9,1,0.28,58.09,4522.86,31.66,1.83%,10.00%,-,1.83,1285.71
ed614a2eb44b5fe0176d925f46bd2a80,-,-,-,-,-,https://tutor-online1.fbcontent.cn/growth/internal-material/1780984420344.ed614a2eb44b5fe0176d925f46bd2a80.mp4,0526-199双科-自产-自产二-王晶-亿晨-子衿-A7-B2-有-2,20260620,贾子矜,贾子矜,199元高中双科提分课,199元高中双科提分课,自投放,自有,自产原创,wangjiananbj03,3.12,0,0,0,27.61,0,0,0.00%,0.00%,-,0,0
4923db9c53c51a3a45d8031ca602ca3c,-,-,-,-,-,https://tutor-online1.fbcontent.cn/growth/internal-material/1779706245522.4923db9c53c51a3a45d8031ca602ca3c.mp4,0520-199双科-自产-自产二-李博-曲中雨-子衿-A6-B2-有-1,20260620,贾子矜,贾子矜,199元高中双科提分课,199元高中双科提分课,自投放,自有,自产原创,wangjiananbj03,0.96,0,0,0,26.67,0,0,0.00%,0.00%,-,0,0
38921a927c1b824a74bb685391367c5a,-,-,-,-,-,https://tutor-online1.fbcontent.cn/growth/internal-material/1781082100493.38921a927c1b824a74bb685391367c5a.mp4,0603-9物-自产-自产二-李博-巽阳-子衿-A6-B1-有-10-WQ-直播间,20260620,贾子矜,贾子矜,9元高中物理李博,9元高中物理李博,申坤,自有,自产原创,wangruixuebj01,13.47,0,0,0,82.13,0,0,0.00%,0.00%,-,0,0
a5c635e3fe63f1353f08f0f12e3f0f65,-,-,-,-,-,https://tutor-online1.fbcontent.cn/growth/internal-material/1779440140533.a5c635e3fe63f1353f08f0f12e3f0f65.mp4,0513-199双科-自产-自产二-李博-曲中雨-嘉丽-A6-B1-无-31,20260620,魏嘉丽,魏嘉丽,199元高中双科提分课,199元高中双科提分课,自投放,自有,自产原创,wangjiananbj03,10.31,0,0,0,76.94,10310,0,0.75%,0%,-,0,0
b5f2ccce4d5557901a9866ce1665fbaf,-,-,-,-,-,https://tutor-online1.fbcontent.cn/growth/internal-material/1781769382417.b5f2ccce4d5557901a9866ce1665fbaf.mp4,0611-199双科-自产-自产主-王晶-曲中雨-嘉丽-A7-B1-无-22,20260620,魏嘉丽,魏嘉丽,199元高中双科提分课,199元高中双科提分课,自投放,自有,自产原创,wangjiananbj03,17.82,0,0,0,117.24,0,0,1.32%,0%,-,0,0
5bb64868a62d1eb1cd17397459ab0af2,-,-,-,-,-,https://tutor-online1.fbcontent.cn/growth/internal-material/1778581745257.5bb64868a62d1eb1cd17397459ab0af2.mp4,0508-199双科-自产-自产主-李博-视觉锤-雅迪-A5-B1-无-16,20260620,王雅迪,王雅迪,199元高中双科提分课,199元高中双科提分课,自投放,自有,自产原创,wangjiananbj03,41.25,0,0,0,169.06,20625,0,1.64%,0%,-,0,0
cf5f02a96d4df9db0459841e52192096,-,-,-,-,-,https://tutor-online1.fbcontent.cn/growth/internal-material/1779706282111.cf5f02a96d4df9db0459841e52192096.mp4,0520-199双科-自产-自产主-李博-曲中雨-子衿-A6-B1-有-3,20260620,贾子矜,贾子矜,199元高中双科提分课,199元高中双科提分课,自投放,自有,自产原创,wangjiananbj03,0,0,0,0,0,0,0,0.00%,0.00%,-,0,0
18e7aab6be82257244fc0cb01026aa05,-,-,-,-,-,https://tutor-online1.fbcontent.cn/growth/internal-material/1779420159695.18e7aab6be82257244fc0cb01026aa05.mp4,0514-199双科-自产-自产主-王晶-曲中雨-忍哥--B1-有-16,20260620,王雅迪,王雅迪,199元高中双科提分课,199元高中双科提分课,自投放,自有,自产原创,wangjiananbj03,0,0,0,0,0,0,0,0.00%,0.00%,-,0,0
39e35166a82b50a71a6f2340aeff1735,-,-,-,-,-,https://tutor-online1.fbcontent.cn/growth/internal-material/1781063589648.39e35166a82b50a71a6f2340aeff1735.mp4,0603-199双科-自产-自产主-李博-曲中雨-嘉丽-A5-B1-无-13,20260620,魏嘉丽,魏嘉丽,199元高中双科提分课,199元高中双科提分课,自投放,自有,自产原创,wangjiananbj03,0.5,0,0,0,16.13,0,0,0.00%,0.00%,-,0,0
5802e9366462b661689e89fc8e99a954,-,-,-,-,-,https://tutor-online1.fbcontent.cn/growth/internal-material/1779278565965.5802e9366462b661689e89fc8e99a954.mp4,0513-199双科-自产-自产主-李博-视觉锤-雅迪-A5-B1-有-21,20260620,王雅迪,王雅迪,199元高中双科提分课,199元高中双科提分课,自投放,自有,自产原创,wangjiananbj03,0.01,0,0,0,1.67,0,0,0.00%,0.00%,-,0,0
9a8240e3b2ac6f3cbfd0412206f70cb0,-,-,-,-,-,https://tutor-online1.fbcontent.cn/growth/internal-material/1779701696317.9a8240e3b2ac6f3cbfd0412206f70cb0.mp4,0514-199双科-自产-自产主-王晶-云梵-嘉丽--B1-无-21,20260620,魏嘉丽,魏嘉丽,199元高中双科提分课,199元高中双科提分课,自投放,自有,自产原创,wangjiananbj03,0.01,0,0,0,2,0,0,0.00%,0.00%,-,0,0
5e18810e583838835cc19776a2471dbf,-,-,-,-,-,https://tutor-online1.fbcontent.cn/growth/internal-material/1781769513152.5e18810e583838835cc19776a2471dbf.mp4,0611-199双科-自产-自产二-王晶-视觉锤-嘉丽-A7-B1-无-22,20260620,魏嘉丽,魏嘉丽,199元高中双科提分课,199元高中双科提分课,自投放,自有,自产原创,wangjiananbj03,8.76,0,0,0,64.89,0,0,0.00%,0.00%,-,0,0
ef615c20d3f846117e103177fd831cb1,-,-,-,-,-,https://tutor-online1.fbcontent.cn/growth/internal-material/1781082526964.ef615c20d3f846117e103177fd831cb1.mp4,0603-199双科-自产-自产二-李博-视觉锤-嘉丽-A5-B1-无-14,20260620,魏嘉丽,魏嘉丽,199元高中双科提分课,199元高中双科提分课,自投放,自有,自产原创,wangjiananbj03,1.74,0,0,0,133.85,0,0,0.00%,0.00%,-,0,0
742bb10b5dfc8caff044c6811d93d7ee,-,-,-,-,-,https://tutor-online1.fbcontent.cn/growth/internal-material/1777262140189.742bb10b5dfc8caff044c6811d93d7ee.mp4,0422-9物-自产-自产主-李博-曲中雨-子衿-A7-B1-有-14-前贴2,20260620,贾子矜,贾子矜,9元高中物理李博,9元高中物理李博,申坤,自有,自产原创,wangruixuebj01,67.5,0,0,0,111.75,4218.75,0,2.65%,0%,-,0,0
62b5af90a3fc1332f23357598c621e8c,-,-,-,-,-,https://tutor-online1.fbcontent.cn/growth/internal-material/1781769383201.62b5af90a3fc1332f23357598c621e8c.mp4,0611-199双科-自产-自产主-王晶-曲中雨-嘉丽-A2-B1-有-24,20260620,魏嘉丽,魏嘉丽,199元高中双科提分课,199元高中双科提分课,自投放,自有,自产原创,wangjiananbj03,0.03,0,0,0,10,0,0,0.00%,0.00%,-,0,0
20b8eb386392f37b747f7637c49b3ec7,-,-,-,-,-,https://tutor-online1.fbcontent.cn/growth/internal-material/1775548305351.20b8eb386392f37b747f7637c49b3ec7.mp4,0401-9物-自产-自产主-李博-曲中雨-子衿-A3-B1-有-23-前贴1,20260620,贾子矜,贾子矜,9元高中物理李博,9元高中物理李博,玄武,自有,自产原创,wangruixuebj01,10.05,0,0,0,125.63,10050,0,1.25%,0%,-,0,0
4b2250174eeef5ee2ee8f4253d638be8,-,-,-,-,-,https://tutor-online1.fbcontent.cn/growth/internal-material/1781769382095.4b2250174eeef5ee2ee8f4253d638be8.mp4,0611-199双科-自产-自产主-王晶-曲中雨-嘉丽-A6-B1-有-20,20260620,魏嘉丽,魏嘉丽,199元高中双科提分课,199元高中双科提分课,自投放,自有,自产原创,wangjiananbj03,0,0,0,0,0,0,0,0.00%,0.00%,-,0,0
94190db6af096480040b2b312b4511bc,-,-,-,-,-,https://tutor-online1.fbcontent.cn/growth/internal-material/1778666025083.94190db6af096480040b2b312b4511bc.mp4,0508-199双科-自产-自产主-李博-曲中雨-子衿-A6-B1-无-6,20260620,贾子矜,贾子矜,199元高中双科提分课,199元高中双科提分课,自投放,自有,自产原创,wangjiananbj03,0.26,0,0,0,4.64,0,0,0.00%,0.00%,-,0,0
80ca8636af17180b2f2b1681c22e14c1,-,-,-,-,-,https://tutor-online1.fbcontent.cn/growth/internal-material/1779422146008.80ca8636af17180b2f2b1681c22e14c1.mp4,0512-199双科-自产-自产二-王晶-云梵-雅迪---有-12,20260620,王雅迪,王雅迪,199元高中双科提分课,199元高中双科提分课,自投放,自有,自产原创,wangjiananbj03,0.77,0,0,0,16.04,0,0,0.00%,0.00%,-,0,0
a8970e28b2db8e6660bc4d6089781f24,-,-,-,-,-,https://tutor-online1.fbcontent.cn/growth/internal-material/1781681452325.a8970e28b2db8e6660bc4d6089781f24.mp4,0610-9物-自产-自产主-李博-视觉锤-雅迪-A5-B2-无-16,20260620,王雅迪,王雅迪,9元高中物理李博,9元高中物理李博,申坤,自有,自产原创,wangruixuebj01,0.03,0,0,0,2.73,0,0,0.00%,0.00%,-,0,0
40c4b652df4154f8be2219da5012c009,-,-,-,-,-,https://tutor-online1.fbcontent.cn/growth/internal-material/1780393905644.40c4b652df4154f8be2219da5012c009.mp4,0527-9物-自产-自产二-李博-曲中雨-子衿-A2-B2-有-8-直播间,20260620,贾子矜,贾子矜,9元高中物理李博,9元高中物理李博,申坤,自有,自产原创,wangruixuebj01,146.41,18,2,0.12,79.06,12200.83,73.21,2.92%,3.70%,-,1.08,1500
571c11f2b4163c9a3615c95d49c26d59,-,-,-,-,-,https://tutor-online1.fbcontent.cn/growth/internal-material/1781079684184.571c11f2b4163c9a3615c95d49c26d59.mp4,0604-状元笔记-自产-混剪--曲中雨-婷玉---无-31,20260620,吴婷玉,吴婷玉,高中手写笔记,高中手写笔记,自投放,自有,自产原创,wangjiananbj03,22.06,0,0,0,94.68,0,0,16.74%,0%,-,0,0
39d5d6807566c6a776270c3686825b80,-,-,-,-,-,https://tutor-online1.fbcontent.cn/growth/internal-material/1780060825586.39d5d6807566c6a776270c3686825b80.mp4,0512-199双科-自产-自产主-王晶-云梵-小敏--B1-无-22,20260620,曲敏,韩晨国,199元高中双科提分课,199元高中双科提分课,自投放,自有,自产原创,wangjiananbj03,0.09,0,0,0,6.92,0,0,0.00%,0.00%,-,0,0
156b9e7d09bcf69a654a088db90fd7d0,-,-,-,-,-,https://tutor-online1.fbcontent.cn/growth/internal-material/1781681454055.156b9e7d09bcf69a654a088db90fd7d0.mp4,0610-9物-自产-自产主-李博-视觉锤-雅迪-A5-B1-无-20,20260620,王雅迪,王雅迪,9元高中物理李博,9元高中物理李博,申坤,自有,自产原创,wangruixuebj01,0.06,0,0,0,30,0,0,0.00%,0.00%,-,0,0
c05a8d2f96199257ca4b341272e579bb,-,-,-,-,-,https://tutor-online1.fbcontent.cn/growth/internal-material/1781580821955.c05a8d2f96199257ca4b341272e579bb.mp4,0610-9物-自产-自产主-李博-曲中雨-浩正-A5-B1-有-13,20260620,杜浩正,杜浩正,9元高中物理李博,9元高中物理李博,申坤,自有,自产原创,wangruixuebj01,0.02,0,0,0,4,0,0,0.00%,0.00%,-,0,0
40cd5b3cceceab4877fbf9460add984b,-,-,-,-,-,https://tutor-online1.fbcontent.cn/growth/internal-material/1780569960569.40cd5b3cceceab4877fbf9460add984b.mp4,0527-199双科-自产-自产主-李博-曲中雨-嘉丽-A6-B1-无-14,20260620,魏嘉丽,魏嘉丽,199元高中双科提分课,199元高中双科提分课,自投放,自有,自产原创,wangjiananbj03,59.14,0,0,0,148.22,29570,0,0.75%,0%,-,0,0
b0d1b0aa7c37f8f06477e03c57045636,-,-,-,-,-,https://tutor-online1.fbcontent.cn/growth/internal-material/1780386057905.b0d1b0aa7c37f8f06477e03c57045636.mp4,0528-状元笔记-自产-自产主--视觉锤-浩正---无-10,20260620,杜浩正,杜浩正,高中手写笔记,高中手写笔记,自投放,自有,自产原创,wangjiananbj03,0,118,2,0,0,0,0,0.00%,0.00%,-,0,0
290149ec5bdce91b90a9ab0055ddefeb,-,-,-,-,-,https://tutor-online1.fbcontent.cn/growth/internal-material/1780061372821.290149ec5bdce91b90a9ab0055ddefeb.mp4,0514-199双科-自产-自产主-王晶-曲中雨-浩正-A5-B2B4-无-7,20260620,杜浩正,韩晨国,199元高中双科提分课,199元高中双科提分课,自投放,自有,自产原创,wangjiananbj03,0.08,0,0,0,8.89,0,0,0.00%,0.00%,-,0,0
1e1cfafcecc15a4aee2cc8cfb183182d,-,-,-,-,-,https://tutor-online1.fbcontent.cn/growth/internal-material/1778649250455.1e1cfafcecc15a4aee2cc8cfb183182d.mp4,0508-199双科-自产-自产二-李博-视觉锤-雅迪-A1-B4B6-无-15,20260620,王雅迪,王雅迪,199元高中双科提分课,199元高中双科提分课,自投放,自有,自产原创,wangjiananbj03,5.56,0,0,0,132.38,5560,0,2.38%,0%,-,0,0
b2330f86c3676d2a453f50062f48b2f3,-,-,-,-,-,https://tutor-online1.fbcontent.cn/growth/internal-material/1781063590170.b2330f86c3676d2a453f50062f48b2f3.mp4,0603-199双科-自产-自产主-李博-曲中雨-嘉丽-A5-B1-有-13,20260620,魏嘉丽,魏嘉丽,199元高中双科提分课,199元高中双科提分课,自投放,自有,自产原创,wangjiananbj03,0.02,0,0,0,5,0,0,0.00%,0.00%,-,0,0
1107d1ce1afeb47e78785778e9789347,-,-,-,-,-,https://tutor-online1.fbcontent.cn/growth/internal-material/1780984420902.1107d1ce1afeb47e78785778e9789347.mp4,0526-199双科-自产-自产二-王晶-亿晨-子衿-A7-B1-有-4,20260620,贾子矜,贾子矜,199元高中双科提分课,199元高中双科提分课,自投放,自有,自产原创,wangjiananbj03,36.99,0,0,0,60.44,9247.5,0,0.98%,0%,-,0,0
c8d85e0f2a43603e4807b1cdd486ed21,-,-,-,-,-,https://tutor-online1.fbcontent.cn/growth/internal-material/1775548229436.c8d85e0f2a43603e4807b1cdd486ed21.mp4,0401-9物-自产-自产二-李博-曲中雨-子衿-A3-B1-有-23-前贴1,20260620,贾子矜,贾子矜,9元高中物理李博,9元高中物理李博,玄武,自有,自产原创,wangruixuebj01,59.9,18,2,0.3,203.74,14975,29.95,2.04%,33.33%,-,6.8,4500
e5950d065b1f461d2ef2d00a02055c24,-,-,-,-,-,https://tutor-online1.fbcontent.cn/growth/internal-material/1780315995413.e5950d065b1f461d2ef2d00a02055c24.mp4,0512-199双科-自产-自产二-王晶-曲中雨-小敏--B1-有-22,20260620,曲敏,韩晨国,199元高中双科提分课,199元高中双科提分课,自投放,自有,自产原创,wangjiananbj03,28.68,0,0,0,161.12,28680,0,0.56%,0%,-,0,0
e1e4c283b606491fe8d1e84bfb1024b6,-,-,-,-,-,https://tutor-online1.fbcontent.cn/growth/internal-material/1781765367007.e1e4c283b606491fe8d1e84bfb1024b6.mp4,0610-9物-自产-自产主-李博-曲中雨-子衿-A5-B1-无-2,20260620,贾子矜,贾子矜,9元高中物理李博,9元高中物理李博,申坤,自有,自产原创,wangruixuebj01,0.04,0,0,0,20,0,0,0.00%,0.00%,-,0,0
00c6f57e726caf943253e28063c6e42d,-,-,-,-,-,https://tutor-online1.fbcontent.cn/growth/internal-material/1781769381377.00c6f57e726caf943253e28063c6e42d.mp4,0611-199双科-自产-自产主-王晶-曲中雨-嘉丽-A6-B1-有-23,20260620,魏嘉丽,魏嘉丽,199元高中双科提分课,199元高中双科提分课,自投放,自有,自产原创,wangjiananbj03,25.54,0,0,0,90.25,8513.33,0,2.12%,0%,-,0,0
c85e6eca7ea188f832d2faeaa777c563,-,-,-,-,-,https://tutor-online1.fbcontent.cn/growth/internal-material/1781769513191.c85e6eca7ea188f832d2faeaa777c563.mp4,0611-199双科-自产-自产二-王晶-视觉锤-嘉丽-A7-B1-有-22,20260620,魏嘉丽,魏嘉丽,199元高中双科提分课,199元高中双科提分课,自投放,自有,自产原创,wangjiananbj03,47.1,0,0,0,65.42,0,0,0.00%,0.00%,-,0,0
92277b6614debe0a5c6061d0f7078a30,-,-,-,-,-,https://tutor-online1.fbcontent.cn/growth/internal-material/1781769381173.92277b6614debe0a5c6061d0f7078a30.mp4,0611-199双科-自产-自产主-王晶-曲中雨-嘉丽-A6-B1-无-20,20260620,魏嘉丽,魏嘉丽,199元高中双科提分课,199元高中双科提分课,自投放,自有,自产原创,wangjiananbj03,18.92,0,0,0,28.93,0,0,0.46%,0%,-,0,0
669da5d7945fa58a8fb462df7b74b5d9,-,-,-,-,-,https://tutor-online1.fbcontent.cn/growth/internal-material/1781769950130.669da5d7945fa58a8fb462df7b74b5d9.mp4,0527-9物-自产-自产主-李博-曲中雨-子衿-A5-B2-无-2-直播间,20260620,贾子矜,韩晨国,9元高中物理李博,9元高中物理李博,申坤,自有,自产原创,wangruixuebj01,11.07,0,0,0,60.49,1581.43,0,4.37%,0%,-,0,0
0f7cc405a4be1fa4605f0b0a4d5fd80e,-,-,-,-,-,https://tutor-online1.fbcontent.cn/growth/internal-material/1778581776108.0f7cc405a4be1fa4605f0b0a4d5fd80e.mp4,0508-199双科-自产-自产主-李博-视觉锤-雅迪-A1-B4B6-有-12,20260620,王雅迪,王雅迪,199元高中双科提分课,199元高中双科提分课,自投放,自有,自产原创,wangjiananbj03,1736.24,796,4,0.46,196.47,57874.67,434.06,0.95%,4.76%,-,0.45,26533.33
daf655cc2e595e39bce0bc2b90a893e7,-,-,-,-,-,https://tutor-online1.fbcontent.cn/growth/internal-material/1779258539843.daf655cc2e595e39bce0bc2b90a893e7.mp4,0512-199双科-自产-自产主-王晶-曲中雨-子衿--B1B4-有-3,20260620,贾子矜,贾子矜,199元高中双科提分课,199元高中双科提分课,自投放,自有,自产原创,wangjiananbj03,122.34,0,0,0,89.96,20390,0,1.03%,0%,-,0,0
4e9a811fa707209a3c274b95f0af50a6,-,-,-,-,-,https://tutor-online1.fbcontent.cn/growth/internal-material/1779436939659.4e9a811fa707209a3c274b95f0af50a6.mp4,0514-199双科-自产-自产二-王晶-曲中雨-嘉丽--B1-有-21,20260620,魏嘉丽,魏嘉丽,199元高中双科提分课,199元高中双科提分课,自投放,自有,自产原创,wangjiananbj03,2.24,0,0,0,140,2240,0,6.25%,0%,-,0,0
c3d55ddec117721bb43ff46a2e070ab9,-,-,-,-,-,https://tutor-online1.fbcontent.cn/growth/internal-material/1780369784412.c3d55ddec117721bb43ff46a2e070ab9.mp4,0527-9物-自产-自产主-李博-视觉锤-雅迪-A5-B1-无-16,20260620,王雅迪,王雅迪,9元高中物理李博,9元高中物理李博,申坤,自有,自产原创,wangruixuebj01,4.07,0,0,0,239.41,0,0,0.00%,0.00%,-,0,0
3bd8eee3046408080c780d5872aa9f9d,-,-,-,-,-,https://tutor-online1.fbcontent.cn/growth/internal-material/1781765470421.3bd8eee3046408080c780d5872aa9f9d.mp4,0610-9物-自产-自产主-李博-曲中雨-子衿-A6-B2-有-6,20260620,贾子矜,贾子矜,9元高中物理李博,9元高中物理李博,申坤,自有,自产原创,wangruixuebj01,5.16,0,0,0,54.89,860,0,6.38%,0%,-,0,0
89ade7b44e4a25c185cfae92f2fb48c2,-,-,-,-,-,https://tutor-online1.fbcontent.cn/growth/internal-material/1779421612919.89ade7b44e4a25c185cfae92f2fb48c2.mp4,0513-199双科-自产-自产主-李博-曲中雨-忍哥-A5-B1-有-27,20260620,王雅迪,王雅迪,199元高中双科提分课,199元高中双科提分课,自投放,自有,自产原创,wangjiananbj03,97.91,0,0,0,208.32,32636.67,0,0.85%,0%,-,0,0
26a83dce037b3511a91d0fef75e0e59b,-,-,-,-,-,https://tutor-online1.fbcontent.cn/growth/internal-material/1775548228196.26a83dce037b3511a91d0fef75e0e59b.mp4,0401-9物-自产-自产二-李博-曲中雨-子衿-A3-B1-无-23,20260620,贾子矜,贾子矜,9元高中物理李博,9元高中物理李博,玄武,自有,自产原创,wangruixuebj01,0,0,0,0,0,0,0,0.00%,0.00%,-,0,0
181a740f509e66773df1612b9f689bd8,-,-,-,-,-,https://tutor-online1.fbcontent.cn/growth/internal-material/1781090317034.181a740f509e66773df1612b9f689bd8.mp4,0603-199双科-自产-自产二-李博-视觉锤-嘉丽-A5-B1-有-15,20260620,魏嘉丽,魏嘉丽,199元高中双科提分课,高中手写笔记,自投放,自有,自产原创,wangjiananbj03,29.36,199,1,6.78,78.29,5872,29.36,1.33%,20.00%,-,2.67,39800
c1cd5fb7814f25b1cce9b2d6e3a038f5,-,-,-,-,-,https://tutor-online1.fbcontent.cn/growth/internal-material/1775548229416.c1cd5fb7814f25b1cce9b2d6e3a038f5.mp4,0401-9物-自产-自产二-李博-曲中雨-子衿-A3-B1-有-23-前贴2,20260620,贾子矜,贾子矜,9元高中物理李博,9元高中物理李博,玄武,自有,自产原创,wangruixuebj01,425.79,9,1,0.02,198.13,11507.84,425.79,1.91%,2.44%,-,0.47,243.24
7eda4934e24f422c0dfcd42f6597fe93,-,-,-,-,-,https://tutor-online1.fbcontent.cn/growth/internal-material/1780916667577.7eda4934e24f422c0dfcd42f6597fe93.mp4,0603-9物-自产-自产主-李博-曲中雨-子衿-A7-B1-无-7-直播间,20260620,贾子矜,贾子矜,9元高中物理李博,9元高中物理李博,申坤,自有,自产原创,wangruixuebj01,17.04,0,0,0,97.37,17040,0,0.57%,0%,-,0,0
04e7c85fcbe735c98fab6aa0c849d300,-,-,-,-,-,https://tutor-online1.fbcontent.cn/growth/internal-material/1781769532572.04e7c85fcbe735c98fab6aa0c849d300.mp4,0610-9物-自产-自产二-李博-巽阳-子衿-A3-B1-无-4-直播间-LL,20260620,贾子矜,韩晨国,9元高中物理李博,9元高中物理李博,申坤,自有,自产原创,wangruixuebj01,168.37,0,0,0,340.14,42092.5,0,2.83%,0%,-,0,0
c267d45903734865758eed62cece63b7,-,-,-,-,-,https://tutor-online1.fbcontent.cn/growth/internal-material/1779702539164.c267d45903734865758eed62cece63b7.mp4,0520-199双科-自产-自产二-李博-视觉锤-雅迪-A5-B1-有-13,20260620,王雅迪,王雅迪,199元高中双科提分课,199元高中双科提分课,自投放,自有,自产原创,wangjiananbj03,0,0,0,0,0,0,0,100.00%,0%,-,0,0
49ffc600301c5c9f7ae19c5bed6cd8fd,-,-,-,-,-,https://tutor-online1.fbcontent.cn/growth/internal-material/1773633709179.49ffc600301c5c9f7ae19c5bed6cd8fd.mp4,0312-9物-自产-自产二-李博-巽阳YS-子衿-A6-B1B2-有-20,20260620,贾子矜,贾子矜,9元高中物理李博,9元高中物理李博,玄武,自有,自产原创,wangruixuebj01,10.45,0,0,0,68.3,5225,0,13.73%,0%,-,0,0
e77a0a04d0f85c80c3b0eb2f65941b52,-,-,-,-,-,https://tutor-online1.fbcontent.cn/growth/internal-material/1781580789227.e77a0a04d0f85c80c3b0eb2f65941b52.mp4,0610-9物-自产-自产二-李博-曲中雨-浩正-A5-B1-有-14,20260620,杜浩正,杜浩正,9元高中物理李博,9元高中物理李博,申坤,自有,自产原创,wangruixuebj01,0,0,0,0,0,0,0,0.00%,0.00%,-,0,0
c6e85e79dbff9dddf7d9a906f4fdde98,-,-,-,-,-,https://tutor-online1.fbcontent.cn/growth/internal-material/1776416942616.c6e85e79dbff9dddf7d9a906f4fdde98.mp4,0415-9物-自产-自产主-李博-曲中雨-子衿-A6-B1-无-13,20260620,贾子矜,贾子矜,9元高中物理李博,9元高中物理李博,玄武,自有,自产原创,wangruixuebj01,0.16,0,0,0,22.86,0,0,0.00%,0.00%,-,0,0
8d668df2abf53bcdf14c11c1295cecbb,-,-,-,-,-,https://tutor-online1.fbcontent.cn/growth/internal-material/1779470003836.8d668df2abf53bcdf14c11c1295cecbb.mp4,0521-9物-自产-自产二-李博-曲中雨-子衿-A5效果保证-B1效果方法体系-有-4,20260620,贾子矜,贾子矜,9元高中物理李博,9元高中物理李博,十人,自有,自产原创,wangruixuebj01,64.57,0,0,0,197.46,10761.67,0,2.75%,0%,-,0,0
69d0af91a962fe9a566056855b970a25,-,-,-,-,-,https://tutor-online1.fbcontent.cn/growth/internal-material/1780397823386.69d0af91a962fe9a566056855b970a25.mp4,0527-9物-自产-自产主-李博-曲中雨-浩正-A5-B1-无-14-直播间,20260620,杜浩正,杜浩正,9元高中物理李博,9元高中物理李博,申坤,自有,自产原创,wangruixuebj01,10.6,0,0,0,65.43,5300,0,1.23%,0%,-,0,0
bcad0b991620259487e1fb08fefd0b21,-,-,-,-,-,https://tutor-online1.fbcontent.cn/growth/internal-material/1781082527453.bcad0b991620259487e1fb08fefd0b21.mp4,0603-199双科-自产-自产二-李博-视觉锤-嘉丽-A5-B1-无-13,20260620,魏嘉丽,魏嘉丽,199元高中双科提分课,199元高中双科提分课,自投放,自有,自产原创,wangjiananbj03,0,0,0,0,0,0,0,0.00%,0.00%,-,0,0
5fe54cee9fe29f281766452cd3710967,-,-,-,-,-,https://tutor-online1.fbcontent.cn/growth/internal-material/1781769256663.5fe54cee9fe29f281766452cd3710967.mp4,0618-9物-自产-李博-有-混剪-14-嘉丽混剪-5,20260620,魏嘉丽,魏嘉丽,9元高中物理李博,9元高中物理李博,申坤,自有,自产原创,wangruixuebj01,48.65,0,0,0,73.71,3475,0,2.58%,0%,-,0,0
e7e6ccf30617c52580435eae1f2dd0fc,-,-,-,-,-,https://tutor-online1.fbcontent.cn/growth/internal-material/1780393600037.e7e6ccf30617c52580435eae1f2dd0fc.mp4,0527-9物-自产-自产二-李博-曲中雨-子衿-A7-B2-有-6,20260620,贾子矜,贾子矜,9元高中物理李博,9元高中物理李博,申坤,自有,自产原创,wangruixuebj01,85.4,0,0,0,101.55,28466.67,0,3.69%,0%,-,0,0
60388aaac19188b11a521b8fc6d7549a,-,-,-,-,-,https://tutor-online1.fbcontent.cn/growth/internal-material/1781508313068.60388aaac19188b11a521b8fc6d7549a.mp4,0602-199双科-自产-自产主-王晶-巽阳-小敏-A6-B1B2-有-13-LL,20260620,曲敏,曲敏,199元高中双科提分课,199元高中双科提分课,自投放,自有,自产原创,wangjiananbj03,38.66,0,0,0,136.61,7732,0,1.41%,0%,-,0,0
5a6b5100cc89ff355027bcd25edd11bd,-,-,-,-,-,https://tutor-online1.fbcontent.cn/growth/internal-material/1779706273740.5a6b5100cc89ff355027bcd25edd11bd.mp4,0520-199双科-自产-自产主-李博-曲中雨-子衿-A5-B2-有-4,20260620,贾子矜,贾子矜,199元高中双科提分课,199元高中双科提分课,自投放,自有,自产原创,wangjiananbj03,10.32,0,0,0,151.76,0,0,0.00%,0.00%,-,0,0
3b3b31116d4d52e405e9dd5195396897,-,-,-,-,-,https://tutor-online1.fbcontent.cn/growth/internal-material/1774510703010.3b3b31116d4d52e405e9dd5195396897.mp4,0324-9物-自产-自产主-李博-曲中雨-子衿-A3-B2B4-有-19-前贴1,20260620,贾子矜,贾子矜,9元高中物理李博,9元高中物理李博,玄武,自有,自产原创,wangruixuebj01,6.73,0,0,0,27.47,0,0,0.00%,0.00%,-,0,0
658b5c16e1c6ef3dc4721ee47090de48,-,-,-,-,-,https://tutor-online1.fbcontent.cn/growth/internal-material/1781580856064.658b5c16e1c6ef3dc4721ee47090de48.mp4,0610-9物-自产-自产主-李博-曲中雨-浩正-A5-B1-无-11,20260620,杜浩正,杜浩正,9元高中物理李博,9元高中物理李博,申坤,自有,自产原创,wangruixuebj01,0.01,0,0,0,0.56,0,0,0.00%,0.00%,-,0,0
a40c1024acda1c85e553ee51de9547b6,-,-,-,-,-,https://tutor-online1.fbcontent.cn/growth/internal-material/1779279980080.a40c1024acda1c85e553ee51de9547b6.mp4,0513-199双科-自产-自产主-李博-视觉锤-雅迪-A5-B1-无-21,20260620,王雅迪,王雅迪,199元高中双科提分课,199元高中双科提分课,自投放,自有,自产原创,wangjiananbj03,5.78,0,0,0,77.07,0,0,0.00%,0.00%,-,0,0
51f30d05058a1950dd9c832d00e9d5bb,-,-,-,-,-,https://tutor-online1.fbcontent.cn/growth/internal-material/1781580808127.51f30d05058a1950dd9c832d00e9d5bb.mp4,0610-9物-自产-自产主-李博-曲中雨-浩正-A5-B1-有-15,20260620,杜浩正,杜浩正,9元高中物理李博,9元高中物理李博,申坤,自有,自产原创,wangruixuebj01,1.43,0,0,0,357.5,1430,0,25.00%,0%,-,0,0
45e288af46fbfaa65039db8f75e1bb12,-,-,-,-,-,https://tutor-online1.fbcontent.cn/growth/internal-material/1781579993263.45e288af46fbfaa65039db8f75e1bb12.mp4,0610-199双科-自产-自产二-李博-视觉锤-子衿-A6-B1-无-2(1),20260620,贾子矜,贾子矜,199元高中双科提分课,199元高中双科提分课,自投放,自有,自产原创,wangjiananbj03,4.16,0,0,0,29.5,0,0,1.42%,0%,-,0,0
bf156c45c46105734609aa1c5b796dc9,-,-,-,-,-,https://tutor-online1.fbcontent.cn/growth/internal-material/1781080053775.bf156c45c46105734609aa1c5b796dc9.mp4,0608-199双科-自产-自产二-王晶-亿晨-婷玉-A1-B4B5-无-8,20260620,吴婷玉,吴婷玉,199元高中双科提分课,199元高中双科提分课,自投放,自有,自产原创,wangjiananbj03,0.01,0,0,0,10,0,0,0.00%,0.00%,-,0,0
0508447d0c2b841c11bf4601fb34202f,-,-,-,-,-,https://tutor-online1.fbcontent.cn/growth/internal-material/1780072082827.0508447d0c2b841c11bf4601fb34202f.mov,0312-9物-自产-自产二-李博-巽阳-子衿-A7-B2-有-19.mp4,20260620,贾子矜,贾子矜,9元高中物理李博,9元高中物理李博,申坤,自有,自产原创,wangruixuebj01,0.01,0,0,0,1.11,0,0,0.00%,0.00%,-,0,0
0f89fb4d72cb095cab3f937f9b3874e9,-,-,-,-,-,https://tutor-online1.fbcontent.cn/growth/internal-material/1780560675361.0f89fb4d72cb095cab3f937f9b3874e9.mp4,0526-199双科-自产-自产二-王晶-亿晨-小敏-A6-B1-有-12,20260620,曲敏,曲敏,199元高中双科提分课,199元高中双科提分课,自投放,自有,自产原创,wangjiananbj03,22.39,0,0,0,46.16,0,0,0.00%,0.00%,-,0,0
60fda511de23511be14bbd8d8186fc12,-,-,-,-,-,https://tutor-online1.fbcontent.cn/growth/internal-material/1778581745046.60fda511de23511be14bbd8d8186fc12.mp4,0508-199双科-自产-自产主-李博-视觉锤-雅迪-A5-B1-无-17,20260620,王雅迪,王雅迪,199元高中双科提分课,199元高中双科提分课,自投放,自有,自产原创,wangjiananbj03,128.4,0,0,0,94.07,64200,0,0.66%,0%,-,0,0
28b2343005a3950613da6d5f0cb0dad5,-,-,-,-,-,https://tutor-online1.fbcontent.cn/growth/internal-material/1779701697305.28b2343005a3950613da6d5f0cb0dad5.mp4,0512-199双科-自产-自产二-王晶-云梵-嘉丽--B1-无-13,20260620,魏嘉丽,魏嘉丽,199元高中双科提分课,199元高中双科提分课,自投放,自有,自产原创,wangjiananbj03,21.13,0,0,0,92.68,0,0,0.00%,0.00%,-,0,0
884e9a41a94c31ffc5b5598a97f67c8c,-,-,-,-,-,https://tutor-online1.fbcontent.cn/growth/internal-material/1780394060654.884e9a41a94c31ffc5b5598a97f67c8c.mp4,0527-9物-自产-自产主-李博-曲中雨-子衿-A7-B2-有-6,20260620,贾子矜,贾子矜,9元高中物理李博,9元高中物理李博,申坤,自有,自产原创,wangruixuebj01,10.69,9,1,0.84,71.27,3563.33,10.69,6.00%,11.11%,-,6.67,3000
5ef4ab0e53e8e4ade7b393744bf7d1cb,-,-,-,-,-,https://tutor-online1.fbcontent.cn/growth/internal-material/1780369892675.5ef4ab0e53e8e4ade7b393744bf7d1cb.mp4,0527-9物-自产-自产二-李博-视觉锤-雅迪-A5-B1-有-19,20260620,王雅迪,王雅迪,9元高中物理李博,9元高中物理李博,申坤,自有,自产原创,wangruixuebj01,7.24,0,0,0,109.7,0,0,4.55%,0%,-,0,0
61c5f4bc386188c6070fd8901bacef2c,-,-,-,-,-,https://tutor-online1.fbcontent.cn/growth/internal-material/1779420327181.61c5f4bc386188c6070fd8901bacef2c.mp4,0508-199双科-自产-自产主-莉娜-曲中雨-子衿-A5-B1-有-2,20260620,贾子矜,贾子矜,199元高中双科提分课,199元高中双科提分课,自投放,自有,自产原创,wangjiananbj03,0.01,0,0,0,10,0,0,0.00%,0.00%,-,0,0
1a6514cd6f3468422290ae1030125001,-,-,-,-,-,https://tutor-online1.fbcontent.cn/growth/internal-material/1781769654851.1a6514cd6f3468422290ae1030125001.mp4,0610-9物-自产-自产主-李博-曲中雨-子衿-A5-B1-有-2,20260620,贾子矜,韩晨国,9元高中物理李博,9元高中物理李博,申坤,自有,自产原创,wangruixuebj01,0.17,0,0,0,56.67,0,0,0.00%,0.00%,-,0,0
242ad6f33480cbc85e553e83cbfbf62f,-,-,-,-,-,https://tutor-online1.fbcontent.cn/growth/internal-material/1780560673767.242ad6f33480cbc85e553e83cbfbf62f.mp4,0526-199双科-自产-自产主-王晶-亿晨-小敏-A5-B1-有-14,20260620,曲敏,曲敏,199元高中双科提分课,199元高中双科提分课,自投放,自有,自产原创,wangjiananbj03,3.2,0,0,0,118.52,0,0,0.00%,0.00%,-,0,0
342bc2ca1388ca3ba82463fcfb41a014,-,-,-,-,-,https://tutor-online1.fbcontent.cn/growth/internal-material/1779258777243.342bc2ca1388ca3ba82463fcfb41a014.mp4,0514-199双科-自产-自产二-王晶-曲中雨-子衿--B2-无-3,20260620,贾子矜,贾子矜,199元高中双科提分课,199元高中双科提分课,自投放,自有,自产原创,wangjiananbj03,0.01,0,0,0,10,0,0,0.00%,0.00%,-,0,0
8e80c975b4db74d7e330c875722ad6fd,-,-,-,-,-,https://tutor-online1.fbcontent.cn/growth/internal-material/1781579957774.8e80c975b4db74d7e330c875722ad6fd.mp4,0610-199双科-自产-自产二-李博-视觉锤-子衿-A2-B1-无-7(1),20260620,贾子矜,贾子矜,199元高中双科提分课,199元高中双科提分课,自投放,自有,自产原创,wangjiananbj03,12.28,0,0,0,30.02,0,0,0.24%,0%,-,0,0
189e0b988ff1644c3d01bec06c6f01b5,-,-,-,-,-,https://tutor-online1.fbcontent.cn/growth/internal-material/1781082699558.189e0b988ff1644c3d01bec06c6f01b5.mp4,0604-状元笔记-自产-混剪--曲中雨-嘉丽---有-5,20260620,魏嘉丽,魏嘉丽,高中手写笔记,高中手写笔记,自投放,自有,自产原创,wangjiananbj03,16.3,0,0,0,21.36,0,0,44.04%,0%,-,0,0
b67e029984a4b76425d51870877e5c48,-,-,-,-,-,https://tutor-online1.fbcontent.cn/growth/internal-material/1779701583956.b67e029984a4b76425d51870877e5c48.mp4,0520-199双科-自产-自产主-李博-曲中雨-浩正-A7-B1-无-7,20260620,杜浩正,杜浩正,199元高中双科提分课,199元高中双科提分课,自投放,自有,自产原创,wangjiananbj03,18.67,0,0,0,207.44,0,0,1.11%,0%,-,0,0
0ebbdbbf3d6ad22bc7c434c74828ed41,-,-,-,-,-,https://tutor-online1.fbcontent.cn/growth/internal-material/1781169457656.0ebbdbbf3d6ad22bc7c434c74828ed41.mp4,0611-状元笔记-自产-自产主--视觉锤-雅迪-A6-B5-有-42,20260620,王雅迪,王雅迪,高中手写笔记,高中手写笔记,自投放,自有,自产原创,wangjiananbj03,0.02,0,0,0,6.67,0,0,0.00%,0.00%,-,0,0
6f87a8252e638dbf700e1045219578ba,-,-,-,-,-,https://tutor-online1.fbcontent.cn/growth/internal-material/1781769257350.6f87a8252e638dbf700e1045219578ba.mp4,0618-9物-自产-自产二-李博-巽阳YS-子衿-A6-B1B2-有-20-嘉丽混剪-1,20260620,魏嘉丽,魏嘉丽,9元高中物理李博,9元高中物理李博,申坤,自有,自产原创,wangruixuebj01,3.49,0,0,0,139.6,1745,0,16.00%,0%,-,0,0
5176abfabd8e4f9f682b4cdbc15c95d5,-,-,-,-,-,https://tutor-online1.fbcontent.cn/growth/internal-material/1780040825980.5176abfabd8e4f9f682b4cdbc15c95d5.mp4,0520-199双科-自产-自产主-李博-曲中雨-小敏-A1-B6-无-23,20260620,曲敏,曲敏,199元高中双科提分课,199元高中双科提分课,自投放,自有,自产原创,wangjiananbj03,0.35,0,0,0,18.42,0,0,0.00%,0.00%,-,0,0
0ba8c657c20001f0462fdfa71f6f49f6,-,-,-,-,-,https://tutor-online1.fbcontent.cn/growth/internal-material/1780060959251.0ba8c657c20001f0462fdfa71f6f49f6.mp4,0514-199双科-自产-自产主-王晶-曲中雨-子衿--B2-有-5,20260620,贾子矜,韩晨国,199元高中双科提分课,199元高中双科提分课,自投放,自有,自产原创,wangjiananbj03,0.34,0,0,0,7.91,0,0,0.00%,0.00%,-,0,0
8bcdb128219d46e8c72428a69157940b,-,-,-,-,-,https://tutor-online1.fbcontent.cn/growth/internal-material/1779706246544.8bcdb128219d46e8c72428a69157940b.mp4,0520-199双科-自产-自产二-李博-曲中雨-子衿-A5-B1-有-5,20260620,贾子矜,贾子矜,199元高中双科提分课,199元高中双科提分课,自投放,自有,自产原创,wangjiananbj03,0,0,0,0,0,0,0,0.00%,0.00%,-,0,0
0629066c4851ab1e9061310d07ad5600,-,-,-,-,-,https://tutor-online1.fbcontent.cn/growth/internal-material/1772517101338.0629066c4851ab1e9061310d07ad5600.mp4,0211-9物-自产-自产主-李博-亿晨-子衿-A7-B1-无-4,20260620,贾子矜,贾子矜,9元高中物理李博,9元高中物理李博-实物,玄武,自有,自产原创,wangruixuebj01,381.45,36,4,0.09,200.24,14671.15,95.36,1.36%,15.38%,-,2.1,1384.62
6b47efdda1845bc8ef7f7c96c1fdda6a,-,-,-,-,-,https://tutor-online1.fbcontent.cn/growth/internal-material/1779440722153.6b47efdda1845bc8ef7f7c96c1fdda6a.mp4,0512-199双科-自产-自产主-王晶-曲中雨-嘉丽--B1-无-15,20260620,魏嘉丽,魏嘉丽,199元高中双科提分课,199元高中双科提分课,自投放,自有,自产原创,wangjiananbj03,51.07,0,0,0,138.78,17023.33,0,0.82%,0%,-,0,0
b16c7baeaf10c246f26cbdf8ecd2ded5,-,-,-,-,-,https://tutor-online1.fbcontent.cn/growth/internal-material/1781769655993.b16c7baeaf10c246f26cbdf8ecd2ded5.mp4,0610-9物-自产-自产主-李博-曲中雨-子衿-A7-B1-有-7,20260620,贾子矜,韩晨国,9元高中物理李博,9元高中物理李博,申坤,自有,自产原创,wangruixuebj01,0.13,0,0,0,10.83,0,0,0.00%,0.00%,-,0,0
0806df089afca89412ab3fa7527478e1,-,-,-,-,-,https://tutor-online1.fbcontent.cn/growth/internal-material/1779702538760.0806df089afca89412ab3fa7527478e1.mp4,0520-199双科-自产-自产二-李博-视觉锤-雅迪-A5-B1-有-14,20260620,王雅迪,王雅迪,199元高中双科提分课,199元高中双科提分课,自投放,自有,自产原创,wangjiananbj03,0.33,0,0,0,11.79,0,0,0.00%,0.00%,-,0,0
7db3d69067be0475a5064b5d26f4ba2e,-,-,-,-,-,https://tutor-online1.fbcontent.cn/growth/internal-material/1779470002650.7db3d69067be0475a5064b5d26f4ba2e.mp4,"0521-9物-自产-自产二-李博-曲中雨-子衿-A5效果保证-B1效果方法体系,B4性价比-3-无",20260620,贾子矜,贾子矜,9元高中物理李博,9元高中物理李博,十人,自有,自产原创,wangruixuebj01,1.8,0,0,0,85.71,1800,0,0.00%,0.00%,-,0,0
658c6b546d8d44669c405f4fc975feb7,-,-,-,-,-,https://tutor-online1.fbcontent.cn/growth/internal-material/1779456253310.658c6b546d8d44669c405f4fc975feb7.mp4,0429-199双科-自产-自产主-李博-曲中雨-浩正-A7-B2-有-22,20260620,杜浩正,韩晨国,199元高中双科提分课,199元高中双科提分课,自投放,自有,自产原创,wangjiananbj03,39.22,0,0,0,79.55,6536.67,0,1.62%,0%,-,0,0
6d05d1e4be17a04e49ac721c829ffde9,-,-,-,-,-,https://tutor-online1.fbcontent.cn/growth/internal-material/1781769445740.6d05d1e4be17a04e49ac721c829ffde9.mp4,0611-199双科-自产-自产二-王晶-视觉锤-嘉丽-A2-B1-无-24,20260620,魏嘉丽,魏嘉丽,199元高中双科提分课,199元高中双科提分课,自投放,自有,自产原创,wangjiananbj03,25.57,0,0,0,75.43,0,0,0.29%,0%,-,0,0
d1eadd12931282dd7b564335b0c72cee,-,-,-,-,-,https://tutor-online1.fbcontent.cn/growth/internal-material/1776416890891.d1eadd12931282dd7b564335b0c72cee.mp4,0415-9物-自产-自产二-李博-曲中雨-子衿-A6-B1-有-14,20260620,贾子矜,贾子矜,9元高中物理李博,9元高中物理李博,玄武,自有,自产原创,wangruixuebj01,0.04,0,0,0,10,0,0,0.00%,0.00%,-,0,0
2520b508e17dae8b42abe4aab74fe550,-,-,-,-,-,https://tutor-online1.fbcontent.cn/growth/internal-material/1781082477008.2520b508e17dae8b42abe4aab74fe550.mp4,0527-199双科-自产-自产二-李博-视觉锤-嘉丽-A7-B1-有-12,20260620,魏嘉丽,魏嘉丽,199元高中双科提分课,199元高中双科提分课,自投放,自有,自产原创,wangjiananbj03,39.57,0,0,0,369.81,19785,0,1.87%,0%,-,0,0
ccff1fd3c342b82273e722495276eb6f,-,-,-,-,-,https://tutor-online1.fbcontent.cn/growth/internal-material/1781769444425.ccff1fd3c342b82273e722495276eb6f.mp4,0611-199双科-自产-自产二-王晶-视觉锤-嘉丽-A6-B1-无-23,20260620,魏嘉丽,魏嘉丽,199元高中双科提分课,199元高中双科提分课,自投放,自有,自产原创,wangjiananbj03,0.01,0,0,0,10,0,0,100.00%,0%,-,0,0
60fda511de23511be14bbd8d8186fc12,-,-,-,-,-,https://tutor-online1.fbcontent.cn/growth/internal-material/1778581745046.60fda511de23511be14bbd8d8186fc12.mp4,0508-199双科-自产-自产主-李博-视觉锤-雅迪-A5-B1-无-17,20260620,王雅迪,王雅迪,199元高中双科提分课,199元高中双科提分课,自投放,自有,自产原创,wangjiananbj03,68.32,0,0,0,125.59,13664,0,0.92%,0%,-,0,0
52251a6062803828e0bdaaffcf96ef94,-,-,-,-,-,https://tutor-online1.fbcontent.cn/growth/internal-material/1780394050306.52251a6062803828e0bdaaffcf96ef94.mp4,0527-9物-自产-自产主-李博-曲中雨-子衿-A6-B3-有-9-直播间,20260620,贾子矜,贾子矜,9元高中物理李博,9元高中物理李博,申坤,自有,自产原创,wangruixuebj01,0.49,0,0,0,32.67,0,0,0.00%,0.00%,-,0,0
4cbb0e364ad8e46dadb1c128bb0ea6d4,-,-,-,-,-,https://tutor-online1.fbcontent.cn/growth/internal-material/1781769534372.4cbb0e364ad8e46dadb1c128bb0ea6d4.mp4,0610-9物-自产-自产二-李博-巽阳-子衿-A7-B1-无-7-直播间-LL,20260620,贾子矜,韩晨国,9元高中物理李博,9元高中物理李博,申坤,自有,自产原创,wangruixuebj01,50.62,0,0,0,80.09,25310,0,4.11%,0%,-,0,0
f7fe563190b56bbc288e52984397b6da,-,-,-,-,-,https://tutor-online1.fbcontent.cn/growth/internal-material/1781582189080.f7fe563190b56bbc288e52984397b6da.mp4,0610-9物-自产-自产二-李博-视觉锤-雅迪-A5-B2-无-16,20260620,王雅迪,王雅迪,9元高中物理李博,9元高中物理李博,申坤,自有,自产原创,wangruixuebj01,50.24,0,0,0,68.73,4186.67,0,1.64%,0%,-,0,0
94a9716c21d134442dc7400029c76b5c,-,-,-,-,-,https://tutor-online1.fbcontent.cn/growth/internal-material/1780656482857.94a9716c21d134442dc7400029c76b5c.mp4,0603-9物-自产-自产主-李博-视觉锤-浩正-A5-B1-有-15,20260620,杜浩正,杜浩正,9元高中物理李博,9元高中物理李博,申坤,自有,自产原创,wangruixuebj01,7.64,0,0,0,75.64,0,0,0.99%,0%,-,0,0
20b8eb386392f37b747f7637c49b3ec7,-,-,-,-,-,https://tutor-online1.fbcontent.cn/growth/internal-material/1775548305351.20b8eb386392f37b747f7637c49b3ec7.mp4,0401-9物-自产-自产主-李博-曲中雨-子衿-A3-B1-有-23-前贴1,20260620,贾子矜,贾子矜,9元高中物理李博,9元高中物理李博,玄武,自有,自产原创,wangruixuebj01,50.5,0,0,0,239.34,0,0,0.95%,0%,-,0,0
ed614a2eb44b5fe0176d925f46bd2a80,-,-,-,-,-,https://tutor-online1.fbcontent.cn/growth/internal-material/1780984420344.ed614a2eb44b5fe0176d925f46bd2a80.mp4,0526-199双科-自产-自产二-王晶-亿晨-子衿-A7-B2-有-2,20260620,贾子矜,贾子矜,199元高中双科提分课,199元高中双科提分课,自投放,自有,自产原创,wangjiananbj03,0,0,0,0,0,0,0,0.00%,0.00%,-,0,0
3a4a64509ad557233d892670d4962b0c,-,-,-,-,-,https://tutor-online1.fbcontent.cn/growth/internal-material/1781582189139.3a4a64509ad557233d892670d4962b0c.mp4,0610-9物-自产-自产二-李博-视觉锤-雅迪-A5-B1B4-无-19,20260620,王雅迪,王雅迪,9元高中物理李博,9元高中物理李博,申坤,自有,自产原创,wangruixuebj01,23.25,0,0,0,56.85,3875,0,1.71%,0%,-,0,0
3bd8eee3046408080c780d5872aa9f9d,-,-,-,-,-,https://tutor-online1.fbcontent.cn/growth/internal-material/1781765470421.3bd8eee3046408080c780d5872aa9f9d.mp4,0610-9物-自产-自产主-李博-曲中雨-子衿-A6-B2-有-6,20260620,贾子矜,贾子矜,9元高中物理李博,9元高中物理李博,申坤,自有,自产原创,wangruixuebj01,0.14,0,0,0,140,0,0,0.00%,0.00%,-,0,0
bf268ed5822f259dc499a68e2c5e97a9,-,-,-,-,-,https://tutor-online1.fbcontent.cn/growth/internal-material/1779442298652.bf268ed5822f259dc499a68e2c5e97a9.mp4,0521-9物-自产-自产二-李博-曲中雨-小敏-A1价格拆解-B6线下对比-无-17,20260620,曲敏,曲敏,9元高中物理李博,9元高中物理李博,十人,自有,自产原创,wangruixuebj01,0.85,0,0,0,283.33,0,0,0.00%,0.00%,-,0,0
43d5c5bfe250c95bb64ca03d5eb16732,-,-,-,-,-,https://tutor-online1.fbcontent.cn/growth/internal-material/1781582189058.43d5c5bfe250c95bb64ca03d5eb16732.mp4,0610-9物-自产-自产二-李博-视觉锤-雅迪-A5-B2-无-18,20260620,王雅迪,王雅迪,9元高中物理李博,9元高中物理李博,申坤,自有,自产原创,wangruixuebj01,0.92,0,0,0,46,920,0,5.00%,0%,-,0,0
520091a00cf6570d00e3ea45a0aeb4ba,-,-,-,-,-,https://tutor-online1.fbcontent.cn/growth/internal-material/1780060825941.520091a00cf6570d00e3ea45a0aeb4ba.mp4,0512-199双科-自产-自产主-王晶-云梵-小敏--B1-无-23,20260620,曲敏,韩晨国,199元高中双科提分课,199元高中双科提分课,自投放,自有,自产原创,wangjiananbj03,41.54,0,0,0,101.07,13846.67,0,2.19%,0%,-,0,0
8ad410c8bc4494d02363a42f9dc31f87,-,-,-,-,-,https://tutor-online1.fbcontent.cn/growth/internal-material/1781769947518.8ad410c8bc4494d02363a42f9dc31f87.mp4,0527-9物-自产-自产主-李博-曲中雨-子衿-A2-B2-无-8-直播间,20260620,贾子矜,韩晨国,9元高中物理李博,9元高中物理李博,申坤,自有,自产原创,wangruixuebj01,39.58,0,0,0,88.94,9895,0,1.35%,0%,-,0,0
87b3b092ae3d624810b3ccc1daf0256b,-,-,-,-,-,https://tutor-online1.fbcontent.cn/growth/internal-material/1780397766519.87b3b092ae3d624810b3ccc1daf0256b.mp4,0527-9物-自产-自产二-李博-曲中雨-浩正-A5-B1-有-14-直播间,20260620,杜浩正,杜浩正,9元高中物理李博,9元高中物理李博,申坤,自有,自产原创,wangruixuebj01,1.69,0,0,0,26,1690,0,3.08%,0%,-,0,0
1b06bb5bc19a373e45e24204defec6e1,-,-,-,-,-,https://tutor-online1.fbcontent.cn/growth/internal-material/1781769532048.1b06bb5bc19a373e45e24204defec6e1.mp4,0610-9物-自产-自产二-李博-巽阳-子衿-A6-B1-有-10-SY,20260620,贾子矜,韩晨国,9元高中物理李博,9元高中物理李博,申坤,自有,自产原创,wangruixuebj01,27.64,0,0,0,68.08,13820,0,0.74%,0%,-,0,0
bf866b6e44e64ed9ab37df38cbc1647c,-,-,-,-,-,https://tutor-online1.fbcontent.cn/growth/internal-material/1779279974075.bf866b6e44e64ed9ab37df38cbc1647c.mp4,0513-199双科-自产-自产主-李博-视觉锤-雅迪-A5-B1-有-15,20260620,王雅迪,王雅迪,199元高中双科提分课,199元高中双科提分课,自投放,自有,自产原创,wangjiananbj03,19.87,0,0,0,73.32,19870,0,0.00%,0.00%,-,0,0
5fe54cee9fe29f281766452cd3710967,-,-,-,-,-,https://tutor-online1.fbcontent.cn/growth/internal-material/1781769256663.5fe54cee9fe29f281766452cd3710967.mp4,0618-9物-自产-李博-有-混剪-14-嘉丽混剪-5,20260620,魏嘉丽,魏嘉丽,9元高中物理李博,9元高中物理李博,申坤,自有,自产原创,wangruixuebj01,0.54,0,0,0,67.5,0,0,0.00%,0.00%,-,0,0
fcaf23abc3acabbdcd692549ba34336f,-,-,-,-,-,https://tutor-online1.fbcontent.cn/growth/internal-material/1781579961281.fcaf23abc3acabbdcd692549ba34336f.mp4,0610-199双科-自产-自产二-李博-视觉锤-子衿-A2-B3-无-8(1),20260620,贾子矜,贾子矜,199元高中双科提分课,199元高中双科提分课,自投放,自有,自产原创,wangjiananbj03,0.88,0,0,0,17.96,0,0,0.00%,0.00%,-,0,0
ac6b945414eb899ece6ca8f2bd57bddf,-,-,-,-,-,https://tutor-online1.fbcontent.cn/growth/internal-material/1779706278704.ac6b945414eb899ece6ca8f2bd57bddf.mp4,0520-199双科-自产-自产主-李博-曲中雨-子衿-A6-B1-无-3,20260620,贾子矜,贾子矜,199元高中双科提分课,199元高中双科提分课,自投放,自有,自产原创,wangjiananbj03,7.41,0,0,0,97.5,0,0,0.00%,0.00%,-,0,0
2b57f3f7b38f17b4e162e73ff4715389,-,-,-,-,-,https://tutor-online1.fbcontent.cn/growth/internal-material/1780393695558.2b57f3f7b38f17b4e162e73ff4715389.mp4,0527-9物-自产-自产主-李博-曲中雨-子衿-A6-B2-无-4,20260620,贾子矜,贾子矜,9元高中物理李博,9元高中物理李博,申坤,自有,自产原创,wangruixuebj01,42.99,0,0,0,117.46,10747.5,0,6.01%,0%,-,0,0
473081ce934cddca8668528b5177c7bd,-,-,-,-,-,https://tutor-online1.fbcontent.cn/growth/internal-material/1774350653835.473081ce934cddca8668528b5177c7bd.mp4,0319-9物-自产-自产二-李博-巽阳-子衿--B2B5-无-24,20260620,贾子矜,贾子矜,9元高中物理李博,9元高中物理李博,玄武,自有,自产原创,wangruixuebj01,14.21,9,1,0.63,94.73,2842,14.21,4.67%,14.29%,-,6.67,1800
80952fa2b648b7814e8b7567dc1385ee,-,-,-,-,-,https://tutor-online1.fbcontent.cn/growth/internal-material/1781769383138.80952fa2b648b7814e8b7567dc1385ee.mp4,0611-199双科-自产-自产主-王晶-曲中雨-嘉丽-A2-B1-无-24,20260620,魏嘉丽,魏嘉丽,199元高中双科提分课,199元高中双科提分课,自投放,自有,自产原创,wangjiananbj03,5.92,0,0,0,30.36,0,0,0.00%,0.00%,-,0,0
87baae29dbb62be599751d4638bb8adf,-,-,-,-,-,https://tutor-online1.fbcontent.cn/growth/internal-material/1779440164972.87baae29dbb62be599751d4638bb8adf.mp4,0513-199双科-自产-自产主-李博-曲中雨-嘉丽-A7-B1-无-32,20260620,魏嘉丽,魏嘉丽,199元高中双科提分课,199元高中双科提分课,自投放,自有,自产原创,wangjiananbj03,0.63,0,0,0,12.6,0,0,0.00%,0.00%,-,0,0
bc6e37364563c13486bc0769b790248b,-,-,-,-,-,https://tutor-online1.fbcontent.cn/growth/internal-material/1781353108439.bc6e37364563c13486bc0769b790248b.mp4,0602-199双科-自产-自产主-王晶-巽阳-子衿-A5-B1-无-4,20260620,贾子矜,贾子矜,199元高中双科提分课,199元高中双科提分课,自投放,自有,自产原创,wangjiananbj03,2.56,0,0,0,134.74,0,0,0.00%,0.00%,-,0,0
567aa0d64babfa718d2776d3485b568a,-,-,-,-,-,https://tutor-online1.fbcontent.cn/growth/internal-material/1781503538047.567aa0d64babfa718d2776d3485b568a.mp4,0526-199双科-自产-自产二-王晶-亿晨-小敏-A7-B5-有-11,20260620,曲敏,曲敏,199元高中双科提分课,199元高中双科提分课,自投放,自有,自产原创,wangjiananbj03,0.6,0,0,0,13.04,0,0,0.00%,0.00%,-,0,0
2e061ff3685a31ebd89a3ed533b748a8,-,-,-,-,-,https://tutor-online1.fbcontent.cn/growth/internal-material/1781769952310.2e061ff3685a31ebd89a3ed533b748a8.mp4,0527-9物-自产-自产主-李博-曲中雨-子衿-A5-B2-有-3-直播间,20260620,贾子矜,韩晨国,9元高中物理李博,9元高中物理李博,申坤,自有,自产原创,wangruixuebj01,0.04,0,0,0,10,0,0,0.00%,0.00%,-,0,0
53c7b0abfc73b5bb1ded93329e8cf033,-,-,-,-,-,https://tutor-online1.fbcontent.cn/growth/internal-material/1780569961431.53c7b0abfc73b5bb1ded93329e8cf033.mp4,0527-199双科-自产-自产主-李博-曲中雨-嘉丽-A7-B1-无-12,20260620,魏嘉丽,魏嘉丽,199元高中双科提分课,199元高中双科提分课,自投放,自有,自产原创,wangjiananbj03,0.06,0,0,0,3.53,0,0,0.00%,0.00%,-,0,0
d8b8b4730be89378f60d527c9bf7a00d,-,-,-,-,-,https://tutor-online1.fbcontent.cn/growth/internal-material/1781093591451.d8b8b4730be89378f60d527c9bf7a00d.mp4,6月4日 (3)(5),20260620,贾子矜,贾子矜,199元高中双科提分课,199元高中双科提分课,自投放,自有,自产原创,wangjiananbj03,39.71,0,0,0,125.27,13236.67,0,0.95%,0%,-,0,0
b8647cf5f2709c05e5d177ad84dd4857,-,-,-,-,-,https://tutor-online1.fbcontent.cn/growth/internal-material/1781769951656.b8647cf5f2709c05e5d177ad84dd4857.mp4,0527-9物-自产-自产主-李博-曲中雨-子衿-A5-B2-无-3-直播间,20260620,贾子矜,韩晨国,9元高中物理李博,9元高中物理李博,申坤,自有,自产原创,wangruixuebj01,0.48,0,0,0,8.14,0,0,1.69%,0%,-,0,0
a3dd38612476c7a20e66e4960669ce9c,-,-,-,-,-,https://tutor-online1.fbcontent.cn/growth/internal-material/1779701809227.a3dd38612476c7a20e66e4960669ce9c.mp4,0521-9物-自产-自产二-李博-曲中雨-雅迪-A5效果保证-B1效果方法体系-无-11,20260620,王雅迪,王雅迪,9元高中物理李博,9元高中物理李博,申坤,自有,自产原创,wangruixuebj01,0.58,0,0,0,7.25,0,0,2.50%,0%,-,0,0
5a7dffba61f115a462f94b2801529d54,-,-,-,-,-,https://tutor-online1.fbcontent.cn/growth/internal-material/1781769977489.5a7dffba61f115a462f94b2801529d54.mp4,0527-9物-自产-自产主-李博-曲中雨-子衿-A7-B2-无-6,20260620,贾子矜,韩晨国,9元高中物理李博,9元高中物理李博,申坤,自有,自产原创,wangruixuebj01,0.31,0,0,0,310,0,0,0.00%,0.00%,-,0,0
6e7e44f7ab4ab7b25d26a4f2b1e5a3b6,-,-,-,-,-,https://tutor-online1.fbcontent.cn/growth/internal-material/1781765471394.6e7e44f7ab4ab7b25d26a4f2b1e5a3b6.mp4,0610-9物-自产-自产主-李博-曲中雨-子衿-A7-B2-无-9,20260620,贾子矜,贾子矜,9元高中物理李博,9元高中物理李博,申坤,自有,自产原创,wangruixuebj01,3.45,0,0,0,69,0,0,0.00%,0.00%,-,0,0
38cc4614e55ce5977f868d25a16c7bb9,-,-,-,-,-,https://tutor-online1.fbcontent.cn/growth/internal-material/1781580825043.38cc4614e55ce5977f868d25a16c7bb9.mp4,0610-9物-自产-自产主-李博-曲中雨-浩正-A5-B1-无-13,20260620,杜浩正,杜浩正,9元高中物理李博,9元高中物理李博,申坤,自有,自产原创,wangruixuebj01,0,0,0,0,0,0,0,0.00%,0.00%,-,0,0
fac75c4ec0bca6b960d81290287ba777,-,-,-,-,-,https://tutor-online1.fbcontent.cn/growth/internal-material/1781579960306.fac75c4ec0bca6b960d81290287ba777.mp4,0610-199双科-自产-自产二-李博-视觉锤-子衿-A2-B1-有-7(1),20260620,贾子矜,贾子矜,199元高中双科提分课,199元高中双科提分课,自投放,自有,自产原创,wangjiananbj03,46.76,0,0,0,79.52,0,0,0.34%,0%,-,0,0
7d6f08a7290a95a1732415a908cc6a76,-,-,-,-,-,https://tutor-online1.fbcontent.cn/growth/internal-material/1780315995440.7d6f08a7290a95a1732415a908cc6a76.mp4,0512-199双科-自产-自产二-王晶-曲中雨-小敏--B1-有-21,20260620,曲敏,韩晨国,199元高中双科提分课,199元高中双科提分课,自投放,自有,自产原创,wangjiananbj03,0.51,0,0,0,21.25,0,0,0.00%,0.00%,-,0,0
cef529ff03dc1efbd78eed91bd3de81b,-,-,-,-,-,https://tutor-online1.fbcontent.cn/growth/internal-material/1781580012643.cef529ff03dc1efbd78eed91bd3de81b.mp4,0610-199双科-自产-自产二-李博-视觉锤-子衿-A6-B1-无-10(1),20260620,贾子矜,贾子矜,199元高中双科提分课,199元高中双科提分课,自投放,自有,自产原创,wangjiananbj03,0,0,0,0,0,0,0,0.00%,0.00%,-,0,0
e6d4327dccc0d15c1b1b4185cc785c94,-,-,-,-,-,https://tutor-online1.fbcontent.cn/growth/internal-material/1781769382130.e6d4327dccc0d15c1b1b4185cc785c94.mp4,0611-199双科-自产-自产主-王晶-曲中雨-嘉丽-A1-B1-有-21,20260620,魏嘉丽,魏嘉丽,199元高中双科提分课,199元高中双科提分课,自投放,自有,自产原创,wangjiananbj03,0.19,0,0,0,11.88,0,0,0.00%,0.00%,-,0,0
f3288b9939c59e630458e23e380e7ba9,-,-,-,-,-,https://tutor-online1.fbcontent.cn/growth/internal-material/1779427695243.f3288b9939c59e630458e23e380e7ba9.mp4,0512-199双科-自产-自产主-王晶-曲中雨-雅迪---无-12,20260620,王雅迪,王雅迪,199元高中双科提分课,199元高中双科提分课,自投放,自有,自产原创,wangjiananbj03,1.63,0,0,0,41.79,0,0,0.00%,0.00%,-,0,0
d43e1557c7cf9338cf13269871a9d7b5,-,-,-,-,-,https://tutor-online1.fbcontent.cn/growth/internal-material/1775548306156.d43e1557c7cf9338cf13269871a9d7b5.mp4,0401-9物-自产-自产主-李博-曲中雨-子衿-A3-B1-有-23-前贴2,20260620,贾子矜,贾子矜,9元高中物理李博,9元高中物理李博,玄武,自有,自产原创,wangruixuebj01,75.68,0,0,0,171.22,75680,0,0.45%,0%,-,0,0
5832908131d5b3bb4530cdbacb98dfd2,-,-,-,-,-,https://tutor-online1.fbcontent.cn/growth/internal-material/1781082529570.5832908131d5b3bb4530cdbacb98dfd2.mp4,0603-199双科-自产-自产二-李博-视觉锤-嘉丽-A5-B1-无-12,20260620,魏嘉丽,魏嘉丽,199元高中双科提分课,199元高中双科提分课,自投放,自有,自产原创,wangjiananbj03,0.07,0,0,0,17.5,0,0,0.00%,0.00%,-,0,0
4dfdf0f3015b02281823acdd3845ec2a,-,-,-,-,-,https://tutor-online1.fbcontent.cn/growth/internal-material/1779706245273.4dfdf0f3015b02281823acdd3845ec2a.mp4,0520-199双科-自产-自产二-李博-曲中雨-子衿-A6-B1-无-3,20260620,贾子矜,贾子矜,199元高中双科提分课,199元高中双科提分课,自投放,自有,自产原创,wangjiananbj03,0.23,0,0,0,8.21,0,0,0.00%,0.00%,-,0,0
fa70ad057d3ce1946c3cbbaf8882a7b9,-,-,-,-,-,https://tutor-online1.fbcontent.cn/growth/internal-material/1780393907968.fa70ad057d3ce1946c3cbbaf8882a7b9.mp4,0527-9物-自产-自产二-李博-曲中雨-子衿-A5-B2-有-2-直播间,20260620,贾子矜,贾子矜,9元高中物理李博,9元高中物理李博,申坤,自有,自产原创,wangruixuebj01,24.8,0,0,0,89.53,24800,0,2.89%,0%,-,0,0
9625bc3110194f040edde2b0e26e3ae7,-,-,-,-,-,https://tutor-online1.fbcontent.cn/growth/internal-material/1780976417050.9625bc3110194f040edde2b0e26e3ae7.mp4,0521-状元笔记-自产-自产二--曲中雨-小敏-A5-B2-无-22,20260620,曲敏,韩晨国,高中手写笔记,高中手写笔记,自投放,自有,自产原创,wangjiananbj03,5.75,0,0,0,37.34,0,0,0.65%,0%,-,0,0
58bf8984efaf8ba514005f6e6d33cb7f,-,-,-,-,-,https://tutor-online1.fbcontent.cn/growth/internal-material/1781769257391.58bf8984efaf8ba514005f6e6d33cb7f.mp4,0618-9物-自产-自产主-李博-曲中雨-子衿-A6-B1-有-13-前贴1-嘉丽混剪-4,20260620,魏嘉丽,魏嘉丽,9元高中物理李博,9元高中物理李博,申坤,自有,自产原创,wangruixuebj01,0.75,0,0,0,53.57,0,0,14.29%,0%,-,0,0
3cd2f91e0cd0695b559b59b6d5826bff,-,-,-,-,-,https://tutor-online1.fbcontent.cn/growth/internal-material/1780984421192.3cd2f91e0cd0695b559b59b6d5826bff.mp4,0526-199双科-自产-自产主-王晶-亿晨-子衿-A7-B1-有-4,20260620,贾子矜,贾子矜,199元高中双科提分课,199元高中双科提分课,自投放,自有,自产原创,wangjiananbj03,22.19,0,0,0,79.82,22190,0,1.80%,0%,-,0,0
c8d85e0f2a43603e4807b1cdd486ed21,-,-,-,-,-,https://tutor-online1.fbcontent.cn/growth/internal-material/1775548229436.c8d85e0f2a43603e4807b1cdd486ed21.mp4,0401-9物-自产-自产二-李博-曲中雨-子衿-A3-B1-有-23-前贴1,20260620,贾子矜,贾子矜,9元高中物理李博,9元高中物理李博,玄武,自有,自产原创,wangruixuebj01,1074.18,9,1,0.01,206.93,48826.36,1074.18,2.06%,0.93%,-,0.19,409.09
44ce21a822864f9d09a9b96fe22e22c5,-,-,-,-,-,https://tutor-online1.fbcontent.cn/growth/internal-material/1777262078337.44ce21a822864f9d09a9b96fe22e22c5.mp4,0422-9物-自产-自产主-李博-曲中雨-子衿-A6-B1B2-无-11,20260620,贾子矜,贾子矜,9元高中物理李博,9元高中物理李博,申坤,自有,自产原创,wangruixuebj01,1.11,0,0,0,69.38,0,0,0.00%,0.00%,-,0,0
2e87fbcd6e95a9755794a6fbade4cbf3,-,-,-,-,-,https://tutor-online1.fbcontent.cn/growth/internal-material/1770030073063.2e87fbcd6e95a9755794a6fbade4cbf3.mp4,0128-自产主-李博-8-3--有-9物-子矜- IP-曲中雨,20260620,贾子矜,贾子矜,9元高中物理李博,9元高中物理李博-实物,玄武,自有,自产原创,wangruixuebj01,3860.35,99,11,0.03,128.08,23977.33,350.94,0.80%,4.56%,-,0.36,614.91
ee748f669050fc55649f1c867fe7f352,-,-,-,-,-,https://tutor-online1.fbcontent.cn/growth/internal-material/1780906797530.ee748f669050fc55649f1c867fe7f352.mp4,0603-9物-自产-自产主-李博-曲中雨-子衿-A3-B1-无-8-直播间,20260620,贾子矜,贾子矜,9元高中物理李博,9元高中物理李博,申坤,自有,自产原创,wangruixuebj01,0.43,0,0,0,23.89,0,0,0.00%,0.00%,-,0,0
3c6e9495c641a24d19839600be35471f,-,-,-,-,-,https://tutor-online1.fbcontent.cn/growth/internal-material/1780984422492.3c6e9495c641a24d19839600be35471f.mp4,0526-199双科-自产-自产二-王晶-亿晨-子衿-A6-B1-有-1,20260620,贾子矜,贾子矜,199元高中双科提分课,199元高中双科提分课,自投放,自有,自产原创,wangjiananbj03,16.91,0,0,0,41.75,0,0,0.25%,0%,-,0,0
7c66dfe15650ef6bdb4734c9db717b7c,-,-,-,-,-,https://tutor-online1.fbcontent.cn/growth/internal-material/1779701699557.7c66dfe15650ef6bdb4734c9db717b7c.mp4,0514-199双科-自产-自产主-王晶-云梵-嘉丽--B1-有-23,20260620,魏嘉丽,魏嘉丽,199元高中双科提分课,199元高中双科提分课,自投放,自有,自产原创,wangjiananbj03,2.06,0,0,0,22.39,0,0,0.00%,0.00%,-,0,0
58167d69f15fa28564f3262d02c925e3,-,-,-,-,-,https://tutor-online1.fbcontent.cn/growth/internal-material/1780917987904.58167d69f15fa28564f3262d02c925e3.mp4,0513-199双科-自产-自产主-李博-曲中雨-嘉丽-A5-B1-无-33,20260620,魏嘉丽,韩晨国,199元高中双科提分课,199元高中双科提分课,自投放,自有,自产原创,wangjiananbj03,0,0,0,0,0,0,0,0.00%,0.00%,-,0,0
a4612b72c6793f24248f4bbde512bf46,-,-,-,-,-,https://tutor-online1.fbcontent.cn/growth/internal-material/1781681454091.a4612b72c6793f24248f4bbde512bf46.mp4,0610-9物-自产-自产主-李博-视觉锤-雅迪-A5-B2-有-16,20260620,王雅迪,王雅迪,9元高中物理李博,9元高中物理李博,申坤,自有,自产原创,wangruixuebj01,0.04,0,0,0,4.44,0,0,0.00%,0.00%,-,0,0
b15470feab69c92b51e5b50af5de5d84,-,-,-,-,-,https://tutor-online1.fbcontent.cn/growth/internal-material/1780656483738.b15470feab69c92b51e5b50af5de5d84.mp4,0603-9物-自产-自产主-李博-视觉锤-浩正-A5-B1-有-14,20260620,杜浩正,杜浩正,9元高中物理李博,9元高中物理李博,申坤,自有,自产原创,wangruixuebj01,2.84,0,0,0,47.33,568,0,1.67%,0%,-,0,0
a925ff0edbd042d3dca1500e4bc3c97e,-,-,-,-,-,https://tutor-online1.fbcontent.cn/growth/internal-material/1780975536485.a925ff0edbd042d3dca1500e4bc3c97e.mp4,0520-199双科-自产-自产主-李博-曲中雨-小敏-A7-B1-有-24,20260620,曲敏,韩晨国,199元高中双科提分课,199元高中双科提分课,自投放,自有,自产原创,wangjiananbj03,0,0,0,0,0,0,0,0.00%,0.00%,-,0,0
6f2bb1d4e679b6897f83952f96ada07e,-,-,-,-,-,https://tutor-online1.fbcontent.cn/growth/internal-material/1780394024136.6f2bb1d4e679b6897f83952f96ada07e.mp4,0527-9物-自产-自产主-李博-曲中雨-子衿-A6-B1-有-1-直播间,20260620,贾子矜,贾子矜,9元高中物理李博,9元高中物理李博,申坤,自有,自产原创,wangruixuebj01,0.34,0,0,0,37.78,0,0,0.00%,0.00%,-,0,0
589361d2f2a8b197bca3083799303965,-,-,-,-,-,https://tutor-online1.fbcontent.cn/growth/internal-material/1775810424487.589361d2f2a8b197bca3083799303965.mp4,0317-199物-自产-自产主-李博-曲中雨-浩正-A6-B2-无-21,20260620,杜浩正,杜浩正,199元高中双科提分课,199元高中双科提分课,自投放,自有,自产原创,wangjiananbj03,791.88,398,2,0.5,153.29,60913.85,395.94,0.41%,9.52%,-,0.39,30615.38
571c11f2b4163c9a3615c95d49c26d59,-,-,-,-,-,https://tutor-online1.fbcontent.cn/growth/internal-material/1781079684184.571c11f2b4163c9a3615c95d49c26d59.mp4,0604-状元笔记-自产-混剪--曲中雨-婷玉---无-31,20260620,吴婷玉,吴婷玉,高中手写笔记,高中手写笔记,自投放,自有,自产原创,wangjiananbj03,1.48,0,0,0,12.76,0,0,0.86%,0%,-,0,0
390cf9cb679d1778aebb9ce53196b68e,-,-,-,-,-,https://tutor-online1.fbcontent.cn/growth/internal-material/1778581745118.390cf9cb679d1778aebb9ce53196b68e.mp4,0508-199双科-自产-自产主-李博-视觉锤-雅迪-A5-B1-无-15,20260620,王雅迪,王雅迪,199元高中双科提分课,199元高中双科提分课,自投放,自有,自产原创,wangjiananbj03,2.99,0,0,0,18.23,0,0,0.00%,0.00%,-,0,0
db1babda3116d3179e227e1d4d70d38e,-,-,-,-,-,https://tutor-online1.fbcontent.cn/growth/internal-material/1781769257343.db1babda3116d3179e227e1d4d70d38e.mp4,0618-9物-自产-自产二-李博-曲中雨-子衿-A3-B1-有-23-前贴1-嘉丽混剪-2,20260620,魏嘉丽,魏嘉丽,9元高中物理李博,9元高中物理李博,申坤,自有,自产原创,wangruixuebj01,0.29,0,0,0,96.67,0,0,0.00%,0.00%,-,0,0
6bff84a97b4cebe2c39e59c60352732b,-,-,-,-,-,https://tutor-online1.fbcontent.cn/growth/internal-material/1781353900845.6bff84a97b4cebe2c39e59c60352732b.mp4,0602-199双科-自产-自产二-王晶-巽阳-子衿-A6-B2-有-1-RS,20260620,贾子矜,贾子矜,199元高中双科提分课,199元高中双科提分课,自投放,自有,自产原创,wangjiananbj03,0.24,0,0,0,13.33,0,0,0.00%,0.00%,-,0,0
96d83e8403760c52446c5a7bd30c0741,-,-,-,-,-,https://tutor-online1.fbcontent.cn/growth/internal-material/1781769949498.96d83e8403760c52446c5a7bd30c0741.mp4,0527-9物-自产-自产二-李博-曲中雨-子衿-A6-B1-无-5-直播间,20260620,贾子矜,韩晨国,9元高中物理李博,9元高中物理李博,申坤,自有,自产原创,wangruixuebj01,0.04,0,0,0,8,0,0,0.00%,0.00%,-,0,0
1efdf5fdfaeacf23fbff79764143ab33,-,-,-,-,-,https://tutor-online1.fbcontent.cn/growth/internal-material/1781580006792.1efdf5fdfaeacf23fbff79764143ab33.mp4,0610-199双科-自产-自产二-李博-视觉锤-子衿-A6-B1-无-6(1),20260620,贾子矜,贾子矜,199元高中双科提分课,199元高中双科提分课,自投放,自有,自产原创,wangjiananbj03,492.77,0,0,0,125.35,41064.17,0,0.53%,0%,-,0,0
1e9e0c8ad904fd211cd5a4d5b4fd22b3,-,-,-,-,-,https://tutor-online1.fbcontent.cn/growth/internal-material/1778667029281.1e9e0c8ad904fd211cd5a4d5b4fd22b3.mp4,0423-199双科-自产-自产二-李博-曲中雨-子衿-A7-B1-无-23,20260620,贾子矜,贾子矜,199元高中双科提分课,199元高中双科提分课,自投放,自有,自产原创,wangjiananbj03,41.56,0,0,0,143.81,20780,0,0.69%,0%,-,0,0
f018a74111dbf4115a1979dbd2c88ad3,-,-,-,-,-,https://tutor-online1.fbcontent.cn/growth/internal-material/1781003732890.f018a74111dbf4115a1979dbd2c88ad3.mp4,0604-状元笔记-自产-自产主--视觉锤-雅迪-有-17,20260620,王雅迪,王雅迪,高中手写笔记,高中手写笔记,自投放,自有,自产原创,wangjiananbj03,2.11,0,0,0,4.94,0,0,8.90%,0%,-,0,0
f7d43925bc049881ed7d138ab72b1b9a,-,-,-,-,-,https://tutor-online1.fbcontent.cn/growth/internal-material/1781765366997.f7d43925bc049881ed7d138ab72b1b9a.mp4,0527-9物-自产-自产主-李博-曲中雨-子衿-A6-B1-无-10,20260620,贾子矜,贾子矜,9元高中物理李博,9元高中物理李博,申坤,自有,自产原创,wangruixuebj01,0.03,0,0,0,30,0,0,0.00%,0.00%,-,0,0
98b80a6d93033141d9c9907da7b79a45,-,-,-,-,-,https://tutor-online1.fbcontent.cn/growth/internal-material/1781765470413.98b80a6d93033141d9c9907da7b79a45.mp4,0610-9物-自产-自产主-李博-曲中雨-子衿-A6-B2-无-6,20260620,贾子矜,贾子矜,9元高中物理李博,9元高中物理李博,申坤,自有,自产原创,wangruixuebj01,0.03,0,0,0,10,0,0,0.00%,0.00%,-,0,0
d43e1557c7cf9338cf13269871a9d7b5,-,-,-,-,-,https://tutor-online1.fbcontent.cn/growth/internal-material/1775548306156.d43e1557c7cf9338cf13269871a9d7b5.mp4,0401-9物-自产-自产主-李博-曲中雨-子衿-A3-B1-有-23-前贴2,20260620,贾子矜,贾子矜,9元高中物理李博,9元高中物理李博,玄武,自有,自产原创,wangruixuebj01,48.29,9,1,0.19,317.7,9658,48.29,3.29%,20.00%,-,6.58,1800
5bb64868a62d1eb1cd17397459ab0af2,-,-,-,-,-,https://tutor-online1.fbcontent.cn/growth/internal-material/1778581745257.5bb64868a62d1eb1cd17397459ab0af2.mp4,0508-199双科-自产-自产主-李博-视觉锤-雅迪-A5-B1-无-16,20260620,王雅迪,王雅迪,199元高中双科提分课,199元高中双科提分课,自投放,自有,自产原创,wangjiananbj03,34.58,0,0,0,81.17,0,0,0.47%,0%,-,0,0
36061d2a3d64b63e1c87a79e35b129d4,-,-,-,-,-,https://tutor-online1.fbcontent.cn/growth/internal-material/1781681455758.36061d2a3d64b63e1c87a79e35b129d4.mp4,0610-9物-自产-自产主-李博-视觉锤-雅迪-A5-B1B4-有-19,20260620,王雅迪,王雅迪,9元高中物理李博,9元高中物理李博,申坤,自有,自产原创,wangruixuebj01,5.35,0,0,0,152.86,0,0,2.86%,0%,-,0,0
859ea1a3c90c6721f6de45e83f0a882c,-,-,-,-,-,https://tutor-online1.fbcontent.cn/growth/internal-material/1780984420334.859ea1a3c90c6721f6de45e83f0a882c.mp4,0526-199双科-自产-自产主-王晶-亿晨-子衿-A7-B2-有-2,20260620,贾子矜,贾子矜,199元高中双科提分课,199元高中双科提分课,自投放,自有,自产原创,wangjiananbj03,7.55,0,0,0,48.71,3775,0,1.29%,0%,-,0,0
1ba64ab8aae0bcb1051c4c7030a4c4c2,-,-,-,-,-,https://tutor-online1.fbcontent.cn/growth/internal-material/1781580788481.1ba64ab8aae0bcb1051c4c7030a4c4c2.mp4,0610-9物-自产-自产二-李博-曲中雨-浩正-A5-B1-无-14,20260620,杜浩正,杜浩正,9元高中物理李博,9元高中物理李博,申坤,自有,自产原创,wangruixuebj01,4.52,0,0,0,43.05,0,0,0.00%,0.00%,-,0,0
451c349a6f65933daa20d3918c17081b,-,-,-,-,-,https://tutor-online1.fbcontent.cn/growth/internal-material/1781579988193.451c349a6f65933daa20d3918c17081b.mp4,0610-199双科-自产-自产二-李博-视觉锤-子衿-A5-B1-有-9(1),20260620,贾子矜,贾子矜,199元高中双科提分课,199元高中双科提分课,自投放,自有,自产原创,wangjiananbj03,483.55,0,0,0,121.01,34539.29,0,0.68%,0%,-,0,0
0dfe3f10afb06600da1f570e20be1bfb,-,-,-,-,-,https://tutor-online1.fbcontent.cn/growth/internal-material/1779706246666.0dfe3f10afb06600da1f570e20be1bfb.mp4,0520-199双科-自产-自产二-李博-曲中雨-子衿-A5-B2-无-4,20260620,贾子矜,贾子矜,199元高中双科提分课,199元高中双科提分课,自投放,自有,自产原创,wangjiananbj03,0,0,0,0,0,0,0,0.00%,0.00%,-,0,0
63336d0afafe2f3680b8f47bb3768e74,-,-,-,-,-,https://tutor-online1.fbcontent.cn/growth/internal-material/1775810390856.63336d0afafe2f3680b8f47bb3768e74.mp4,0317-199物-自产-自产二-李博-曲中雨-浩正-A2-B2-无-20,20260620,杜浩正,杜浩正,199元高中双科提分课,199元高中双科提分课,自投放,自有,自产原创,wangjiananbj03,1424.83,796,4,0.56,117.77,52771.48,356.21,0.38%,8.70%,-,0.33,29481.48
b22480ac2f470f56e33aac1e2cf2c403,-,-,-,-,-,https://tutor-online1.fbcontent.cn/growth/internal-material/1775810396949.b22480ac2f470f56e33aac1e2cf2c403.mp4,0317-199物-自产-自产二-李博-曲中雨-浩正--B2-有-19,20260620,杜浩正,杜浩正,199元高中双科提分课,199元高中双科提分课,自投放,自有,自产原创,wangjiananbj03,115.5,199,1,1.72,73.47,19250,115.5,0.32%,20.00%,-,0.64,33166.67
f73474b3595571b16bb9286be6d410c4,-,-,-,-,-,https://tutor-online1.fbcontent.cn/growth/internal-material/1780041102286.f73474b3595571b16bb9286be6d410c4.mp4,0520-199双科-自产-自产主-李博-视觉锤-小敏-A1-B6-无-21,20260620,曲敏,曲敏,199元高中双科提分课,199元高中双科提分课,自投放,自有,自产原创,wangjiananbj03,0,0,0,0,0,0,0,0.00%,0.00%,-,0,0
27e2863611e76d1494191d6fe4f726a9,-,-,-,-,-,https://tutor-online1.fbcontent.cn/growth/internal-material/1779258835021.27e2863611e76d1494191d6fe4f726a9.mp4,0514-199双科-自产-自产主-王晶-曲中雨-子衿--B2-有-4,20260620,贾子矜,贾子矜,199元高中双科提分课,199元高中双科提分课,自投放,自有,自产原创,wangjiananbj03,91.3,0,0,0,123.21,45650,0,0.13%,0%,-,0,0
72f97867842e4213d6a2e317d121163c,-,-,-,-,-,https://tutor-online1.fbcontent.cn/growth/internal-material/1780984421539.72f97867842e4213d6a2e317d121163c.mp4,0526-199双科-自产-自产二-王晶-亿晨-子衿-A5-B1-有-3,20260620,贾子矜,贾子矜,199元高中双科提分课,199元高中双科提分课,自投放,自有,自产原创,wangjiananbj03,3.43,0,0,0,21.44,0,0,0.00%,0.00%,-,0,0
68f757d575aaf8195b6bd31e16a26817,-,-,-,-,-,https://tutor-online1.fbcontent.cn/growth/internal-material/1780393906984.68f757d575aaf8195b6bd31e16a26817.mp4,0527-9物-自产-自产二-李博-曲中雨-子衿-A5-B2-无-3-直播间,20260620,贾子矜,贾子矜,9元高中物理李博,9元高中物理李博,申坤,自有,自产原创,wangruixuebj01,15.75,0,0,0,250,0,0,7.94%,0%,-,0,0
3a94393df703cf9eb748e5abfca3703b,-,-,-,-,-,https://tutor-online1.fbcontent.cn/growth/internal-material/1780983154515.3a94393df703cf9eb748e5abfca3703b.mp4,6月4日 (3)(4),20260620,贾子矜,贾子矜,199元高中双科提分课,199元高中双科提分课,自投放,自有,自产原创,wangjiananbj03,51.97,0,0,0,71.78,10394,0,0.97%,0%,-,0,0
1d2d7a61d397aa673fa7304845c9b1fd,-,-,-,-,-,https://tutor-online1.fbcontent.cn/growth/internal-material/1781769382741.1d2d7a61d397aa673fa7304845c9b1fd.mp4,0611-199双科-自产-自产主-王晶-曲中雨-嘉丽-A7-B1-有-22,20260620,魏嘉丽,魏嘉丽,199元高中双科提分课,199元高中双科提分课,自投放,自有,自产原创,wangjiananbj03,0.06,0,0,0,20,0,0,0.00%,0.00%,-,0,0
cd717182e6a4b1474fda4ed77bca8ad5,-,-,-,-,-,https://tutor-online1.fbcontent.cn/growth/internal-material/1780918129647.cd717182e6a4b1474fda4ed77bca8ad5.mp4,0520-199双科-自产-自产主-李博-曲中雨-浩正-A5-B2-无-6,20260620,杜浩正,韩晨国,199元高中双科提分课,199元高中双科提分课,自投放,自有,自产原创,wangjiananbj03,0,0,0,0,0,0,0,0.00%,0.00%,-,0,0
0ebbdbbf3d6ad22bc7c434c74828ed41,-,-,-,-,-,https://tutor-online1.fbcontent.cn/growth/internal-material/1781169457656.0ebbdbbf3d6ad22bc7c434c74828ed41.mp4,0611-状元笔记-自产-自产主--视觉锤-雅迪-A6-B5-有-42,20260620,王雅迪,王雅迪,高中手写笔记,高中手写笔记,自投放,自有,自产原创,wangjiananbj03,0.34,0,0,0,3.51,0,0,8.25%,0%,-,0,0
8906745ce3e833adb10a33bfd92807aa,-,-,-,-,-,https://tutor-online1.fbcontent.cn/growth/internal-material/1780983143422.8906745ce3e833adb10a33bfd92807aa.mp4,6月4日 (3)(6),20260620,贾子矜,贾子矜,199元高中双科提分课,199元高中双科提分课,自投放,自有,自产原创,wangjiananbj03,7.93,0,0,0,58.31,0,0,0.00%,0.00%,-,0,0
202d3890dc7a42c1b2000ccbb63e7e7c,-,-,-,-,-,https://tutor-online1.fbcontent.cn/growth/internal-material/1779278571064.202d3890dc7a42c1b2000ccbb63e7e7c.mp4,0513-199双科-自产-自产主-李博-视觉锤-雅迪-A5-B2-无-17,20260620,王雅迪,王雅迪,199元高中双科提分课,199元高中双科提分课,自投放,自有,自产原创,wangjiananbj03,1.07,0,0,0,9.07,1070,0,0.85%,0%,-,0,0
dbc1d2912b7c8c40e269254ec800e594,-,-,-,-,-,https://tutor-online1.fbcontent.cn/growth/internal-material/1778649122827.dbc1d2912b7c8c40e269254ec800e594.mp4,0508-199双科-自产-自产二-李博-视觉锤-亚平-A2-B4-无-33,20260620,王雅迪,王雅迪,199元高中双科提分课,199元高中双科提分课,自投放,自有,自产原创,wangjiananbj03,0.09,0,0,0,5,0,0,0.00%,0.00%,-,0,0
80c67af6f92c153a7905deaa416179f6,-,-,-,-,-,https://tutor-online1.fbcontent.cn/growth/internal-material/1780975484920.80c67af6f92c153a7905deaa416179f6.mp4,0520-199双科-自产-自产主-李博-曲中雨-小敏-A1-B6-有-23,20260620,曲敏,韩晨国,199元高中双科提分课,199元高中双科提分课,自投放,自有,自产原创,wangjiananbj03,0,0,0,0,0,0,0,0.00%,0.00%,-,0,0
26a83dce037b3511a91d0fef75e0e59b,-,-,-,-,-,https://tutor-online1.fbcontent.cn/growth/internal-material/1775548228196.26a83dce037b3511a91d0fef75e0e59b.mp4,0401-9物-自产-自产二-李博-曲中雨-子衿-A3-B1-无-23,20260620,贾子矜,贾子矜,9元高中物理李博,9元高中物理李博,玄武,自有,自产原创,wangruixuebj01,27.93,0,0,0,90.98,4655,0,3.26%,0%,-,0,0
b49f6df3079d47ae88afb68b055e186e,-,-,-,-,-,https://tutor-online1.fbcontent.cn/growth/internal-material/1780983143488.b49f6df3079d47ae88afb68b055e186e.mp4,6月4日 (3)(9),20260620,贾子矜,贾子矜,199元高中双科提分课,199元高中双科提分课,自投放,自有,自产原创,wangjiananbj03,34.18,0,0,0,198.72,34180,0,4.65%,0%,-,0,0
fc9c7b3d0b362bf3fc8da2fcc6217894,-,-,-,-,-,https://tutor-online1.fbcontent.cn/growth/internal-material/1777262046802.fc9c7b3d0b362bf3fc8da2fcc6217894.mp4,0422-9物-自产-自产二-李博-曲中雨-子衿-A7-B1-有-14-前贴4,20260620,贾子矜,贾子矜,9元高中物理李博,9元高中物理李博,申坤,自有,自产原创,wangruixuebj01,0.49,0,0,0,10.89,0,0,0.00%,0.00%,-,0,0
40cd5b3cceceab4877fbf9460add984b,-,-,-,-,-,https://tutor-online1.fbcontent.cn/growth/internal-material/1780569960569.40cd5b3cceceab4877fbf9460add984b.mp4,0527-199双科-自产-自产主-李博-曲中雨-嘉丽-A6-B1-无-14,20260620,魏嘉丽,魏嘉丽,199元高中双科提分课,199元高中双科提分课,自投放,自有,自产原创,wangjiananbj03,0,0,0,0,0,0,0,0.00%,0.00%,-,0,0
98b80a6d93033141d9c9907da7b79a45,-,-,-,-,-,https://tutor-online1.fbcontent.cn/growth/internal-material/1781765470413.98b80a6d93033141d9c9907da7b79a45.mp4,0610-9物-自产-自产主-李博-曲中雨-子衿-A6-B2-无-6,20260620,贾子矜,贾子矜,9元高中物理李博,9元高中物理李博,申坤,自有,自产原创,wangruixuebj01,27.06,0,0,0,69.03,3382.5,0,2.04%,0%,-,0,0
a23bdf6494ae90a901cd29639a8c9fbd,-,-,-,-,-,https://tutor-online1.fbcontent.cn/growth/internal-material/1781353900819.a23bdf6494ae90a901cd29639a8c9fbd.mp4,0602-199双科-自产-自产主-王晶-巽阳-子衿-A2-B1-有-2-HJ,20260620,贾子矜,贾子矜,199元高中双科提分课,199元高中双科提分课,自投放,自有,自产原创,wangjiananbj03,15.38,0,0,0,62.02,3076,0,2.02%,0%,-,0,0
56e0b90a7c207bda84f0ba5e0eb92cef,-,-,-,-,-,https://tutor-online1.fbcontent.cn/growth/internal-material/1781508311591.56e0b90a7c207bda84f0ba5e0eb92cef.mp4,0602-199双科-自产-自产主-王晶-巽阳-小敏-A2-B4-有-12-LL,20260620,曲敏,曲敏,199元高中双科提分课,199元高中双科提分课,自投放,自有,自产原创,wangjiananbj03,0,0,0,0,0,0,0,0.00%,0.00%,-,0,0
a452d5447e19882487294d6ba035c8a0,-,-,-,-,-,https://tutor-online1.fbcontent.cn/growth/internal-material/1781580853379.a452d5447e19882487294d6ba035c8a0.mp4,0610-9物-自产-自产主-李博-曲中雨-浩正-A5-B1-有-11,20260620,杜浩正,杜浩正,9元高中物理李博,9元高中物理李博,申坤,自有,自产原创,wangruixuebj01,0,0,0,0,0,0,0,0.00%,0.00%,-,0,0
db2aacd3987718e95635ccab815f1fb5,-,-,-,-,-,https://tutor-online1.fbcontent.cn/growth/internal-material/1781769381166.db2aacd3987718e95635ccab815f1fb5.mp4,0611-199双科-自产-自产主-王晶-曲中雨-嘉丽-A6-B1-无-23,20260620,魏嘉丽,魏嘉丽,199元高中双科提分课,199元高中双科提分课,自投放,自有,自产原创,wangjiananbj03,0.55,0,0,0,13.41,0,0,0.00%,0.00%,-,0,0
c597e9c2879ccd3563ee9c9448ca97a3,-,-,-,-,-,https://tutor-online1.fbcontent.cn/growth/internal-material/1781082699050.c597e9c2879ccd3563ee9c9448ca97a3.mp4,0604-状元笔记-自产-混剪--曲中雨-嘉丽---有-1,20260620,魏嘉丽,魏嘉丽,高中手写笔记,高中手写笔记,自投放,自有,自产原创,wangjiananbj03,108.62,0,0,0,4.76,0,0,3.10%,0%,-,0,0
5fe54cee9fe29f281766452cd3710967,-,-,-,-,-,https://tutor-online1.fbcontent.cn/growth/internal-material/1781769256663.5fe54cee9fe29f281766452cd3710967.mp4,0618-9物-自产-李博-有-混剪-14-嘉丽混剪-5,20260619,魏嘉丽,魏嘉丽,9元高中物理李博,9元高中物理李博,申坤,自有,自产原创,wangruixuebj01,4.66,0,0,0,27.9,0,0,1.20%,0%,-,0,0
b5f2ccce4d5557901a9866ce1665fbaf,-,-,-,-,-,https://tutor-online1.fbcontent.cn/growth/internal-material/1781769382417.b5f2ccce4d5557901a9866ce1665fbaf.mp4,0611-199双科-自产-自产主-王晶-曲中雨-嘉丽-A7-B1-无-22,20260619,魏嘉丽,魏嘉丽,199元高中双科提分课,199元高中双科提分课,自投放,自有,自产原创,wangjiananbj03,3.43,0,0,0,62.36,0,0,1.82%,0%,-,0,0
db1babda3116d3179e227e1d4d70d38e,-,-,-,-,-,https://tutor-online1.fbcontent.cn/growth/internal-material/1781769257343.db1babda3116d3179e227e1d4d70d38e.mp4,0618-9物-自产-自产二-李博-曲中雨-子衿-A3-B1-有-23-前贴1-嘉丽混剪-2,20260619,魏嘉丽,魏嘉丽,9元高中物理李博,9元高中物理李博,申坤,自有,自产原创,wangruixuebj01,3.79,0,0,0,222.94,0,0,5.88%,0%,-,0,0
672a7dd76553c5b2539db58ae3651101,-,-,-,-,-,https://tutor-online1.fbcontent.cn/growth/internal-material/1778649245942.672a7dd76553c5b2539db58ae3651101.mp4,0508-199双科-自产-自产二-李博-视觉锤-雅迪-A5-B1-无-16,20260619,王雅迪,王雅迪,199元高中双科提分课,199元高中双科提分课,自投放,自有,自产原创,wangjiananbj03,18.54,0,0,0,237.69,18540,0,2.56%,0%,-,0,0
52251a6062803828e0bdaaffcf96ef94,-,-,-,-,-,https://tutor-online1.fbcontent.cn/growth/internal-material/1780394050306.52251a6062803828e0bdaaffcf96ef94.mp4,0527-9物-自产-自产主-李博-曲中雨-子衿-A6-B3-有-9-直播间,20260619,贾子矜,贾子矜,9元高中物理李博,9元高中物理李博,申坤,自有,自产原创,wangruixuebj01,0,0,0,0,0,0,0,0.00%,0.00%,-,0,0
0508447d0c2b841c11bf4601fb34202f,-,-,-,-,-,https://tutor-online1.fbcontent.cn/growth/internal-material/1780072082827.0508447d0c2b841c11bf4601fb34202f.mov,0312-9物-自产-自产二-李博-巽阳-子衿-A7-B2-有-19.mp4,20260619,贾子矜,贾子矜,9元高中物理李博,9元高中物理李博,申坤,自有,自产原创,wangruixuebj01,1.28,0,0,0,24.62,0,0,11.54%,0%,-,0,0
7c66dfe15650ef6bdb4734c9db717b7c,-,-,-,-,-,https://tutor-online1.fbcontent.cn/growth/internal-material/1779701699557.7c66dfe15650ef6bdb4734c9db717b7c.mp4,0514-199双科-自产-自产主-王晶-云梵-嘉丽--B1-有-23,20260619,魏嘉丽,魏嘉丽,199元高中双科提分课,199元高中双科提分课,自投放,自有,自产原创,wangjiananbj03,2.7,0,0,0,225,0,0,0.00%,0.00%,-,0,0
2e96a3e89f828e72a2da2da34b0ff7f4,-,-,-,-,-,https://tutor-online1.fbcontent.cn/growth/internal-material/1779702537772.2e96a3e89f828e72a2da2da34b0ff7f4.mp4,0520-199双科-自产-自产二-李博-视觉锤-雅迪-A5-B1-无-13,20260619,王雅迪,王雅迪,199元高中双科提分课,199元高中双科提分课,自投放,自有,自产原创,wangjiananbj03,0.06,0,0,0,30,0,0,0.00%,0.00%,-,0,0
7eda4934e24f422c0dfcd42f6597fe93,-,-,-,-,-,https://tutor-online1.fbcontent.cn/growth/internal-material/1780916667577.7eda4934e24f422c0dfcd42f6597fe93.mp4,0603-9物-自产-自产主-李博-曲中雨-子衿-A7-B1-无-7-直播间,20260619,贾子矜,贾子矜,9元高中物理李博,9元高中物理李博,申坤,自有,自产原创,wangruixuebj01,7.31,0,0,0,70.29,2436.67,0,2.88%,0%,-,0,0
8bdc1ba34ce2e8b68499b3b7518c151c,-,-,-,-,-,https://tutor-online1.fbcontent.cn/growth/internal-material/1780984422526.8bdc1ba34ce2e8b68499b3b7518c151c.mp4,0526-199双科-自产-自产主-王晶-亿晨-子衿-A5-B2-有-5,20260619,贾子矜,贾子矜,199元高中双科提分课,199元高中双科提分课,自投放,自有,自产原创,wangjiananbj03,18.76,0,0,0,167.5,0,0,0.00%,0.00%,-,0,0
605b88a52a4604667589d7d9c863cb96,-,-,-,-,-,https://tutor-online1.fbcontent.cn/growth/internal-material/1777262046776.605b88a52a4604667589d7d9c863cb96.mp4,0422-9物-自产-自产二-李博-曲中雨-子衿-A7-B1-有-14-前贴1,20260619,贾子矜,贾子矜,9元高中物理李博,9元高中物理李博,申坤,自有,自产原创,wangruixuebj01,0.34,0,0,0,20,0,0,0.00%,0.00%,-,0,0
fbad3696edebcfc3809fed8ce9c317f6,-,-,-,-,-,https://tutor-online1.fbcontent.cn/growth/internal-material/1777262135702.fbad3696edebcfc3809fed8ce9c317f6.mp4,0422-9物-自产-自产主-李博-曲中雨-子衿-A7-B1-有-14-前贴1,20260619,贾子矜,贾子矜,9元高中物理李博,9元高中物理李博,申坤,自有,自产原创,wangruixuebj01,3.76,0,0,0,44.24,3760,0,1.18%,0%,-,0,0
b67e029984a4b76425d51870877e5c48,-,-,-,-,-,https://tutor-online1.fbcontent.cn/growth/internal-material/1779701583956.b67e029984a4b76425d51870877e5c48.mp4,0520-199双科-自产-自产主-李博-曲中雨-浩正-A7-B1-无-7,20260619,杜浩正,杜浩正,199元高中双科提分课,199元高中双科提分课,自投放,自有,自产原创,wangjiananbj03,46.24,0,0,0,113.61,46240,0,0.25%,0%,-,0,0
5ef4ab0e53e8e4ade7b393744bf7d1cb,-,-,-,-,-,https://tutor-online1.fbcontent.cn/growth/internal-material/1780369892675.5ef4ab0e53e8e4ade7b393744bf7d1cb.mp4,0527-9物-自产-自产二-李博-视觉锤-雅迪-A5-B1-有-19,20260619,王雅迪,王雅迪,9元高中物理李博,9元高中物理李博,申坤,自有,自产原创,wangruixuebj01,0.02,0,0,0,20,0,0,0.00%,0.00%,-,0,0
a3dd38612476c7a20e66e4960669ce9c,-,-,-,-,-,https://tutor-online1.fbcontent.cn/growth/internal-material/1779701809227.a3dd38612476c7a20e66e4960669ce9c.mp4,0521-9物-自产-自产二-李博-曲中雨-雅迪-A5效果保证-B1效果方法体系-无-11,20260619,王雅迪,王雅迪,9元高中物理李博,9元高中物理李博,申坤,自有,自产原创,wangruixuebj01,58.24,0,0,0,74.76,11648,0,10.01%,0%,-,0,0
2062a0e754be34f1542e290360d86e44,-,-,-,-,-,https://tutor-online1.fbcontent.cn/growth/internal-material/1780393989328.2062a0e754be34f1542e290360d86e44.mp4,0527-9物-自产-自产主-李博-曲中雨-子衿-A5-B2-无-7-直播间,20260619,贾子矜,贾子矜,9元高中物理李博,9元高中物理李博,申坤,自有,自产原创,wangruixuebj01,0,0,0,0,0,0,0,0.00%,0.00%,-,0,0
cd717182e6a4b1474fda4ed77bca8ad5,-,-,-,-,-,https://tutor-online1.fbcontent.cn/growth/internal-material/1780918129647.cd717182e6a4b1474fda4ed77bca8ad5.mp4,0520-199双科-自产-自产主-李博-曲中雨-浩正-A5-B2-无-6,20260619,杜浩正,韩晨国,199元高中双科提分课,199元高中双科提分课,自投放,自有,自产原创,wangjiananbj03,52.56,0,0,0,75.52,0,0,0.00%,0.00%,-,0,0
d031ae1749a4a296ae16f1cad5c5f24d,-,-,-,-,-,https://tutor-online1.fbcontent.cn/growth/internal-material/1781517225063.d031ae1749a4a296ae16f1cad5c5f24d.mp4,0611-199双科-自产-自产二-王晶-曲中雨-婷玉-A7-B1-无-17,20260619,吴婷玉,吴婷玉,199元高中双科提分课,199元高中双科提分课,自投放,自有,自产原创,wangjiananbj03,0.05,0,0,0,6.25,0,0,0.00%,0.00%,-,0,0
1e9e0c8ad904fd211cd5a4d5b4fd22b3,-,-,-,-,-,https://tutor-online1.fbcontent.cn/growth/internal-material/1778667029281.1e9e0c8ad904fd211cd5a4d5b4fd22b3.mp4,0423-199双科-自产-自产二-李博-曲中雨-子衿-A7-B1-无-23,20260619,贾子矜,贾子矜,199元高中双科提分课,199元高中双科提分课,自投放,自有,自产原创,wangjiananbj03,0.7,0,0,0,41.18,0,0,0.00%,0.00%,-,0,0
cf5f02a96d4df9db0459841e52192096,-,-,-,-,-,https://tutor-online1.fbcontent.cn/growth/internal-material/1779706282111.cf5f02a96d4df9db0459841e52192096.mp4,0520-199双科-自产-自产主-李博-曲中雨-子衿-A6-B1-有-3,20260619,贾子矜,贾子矜,199元高中双科提分课,199元高中双科提分课,自投放,自有,自产原创,wangjiananbj03,17.41,0,0,0,185.21,17410,0,1.06%,0%,-,0,0
571c11f2b4163c9a3615c95d49c26d59,-,-,-,-,-,https://tutor-online1.fbcontent.cn/growth/internal-material/1781079684184.571c11f2b4163c9a3615c95d49c26d59.mp4,0604-状元笔记-自产-混剪--曲中雨-婷玉---无-31,20260619,吴婷玉,吴婷玉,高中手写笔记,高中手写笔记,自投放,自有,自产原创,wangjiananbj03,0.91,0,0,0,7.05,0,0,0.00%,0.00%,-,0,0
60388aaac19188b11a521b8fc6d7549a,-,-,-,-,-,https://tutor-online1.fbcontent.cn/growth/internal-material/1781508313068.60388aaac19188b11a521b8fc6d7549a.mp4,0602-199双科-自产-自产主-王晶-巽阳-小敏-A6-B1B2-有-13-LL,20260619,曲敏,曲敏,199元高中双科提分课,199元高中双科提分课,自投放,自有,自产原创,wangjiananbj03,1.56,0,0,0,195,0,0,0.00%,0.00%,-,0,0
4e1e062d6dc572308add296e4498d668,-,-,-,-,-,https://tutor-online1.fbcontent.cn/growth/internal-material/1780918129741.4e1e062d6dc572308add296e4498d668.mp4,0520-199双科-自产-自产二-李博-曲中雨-浩正-A5-B2-无-9,20260619,杜浩正,韩晨国,199元高中双科提分课,199元高中双科提分课,自投放,自有,自产原创,wangjiananbj03,16.83,0,0,0,46.49,8415,0,0.55%,0%,-,0,0
8e80c975b4db74d7e330c875722ad6fd,-,-,-,-,-,https://tutor-online1.fbcontent.cn/growth/internal-material/1781579957774.8e80c975b4db74d7e330c875722ad6fd.mp4,0610-199双科-自产-自产二-李博-视觉锤-子衿-A2-B1-无-7(1),20260619,贾子矜,贾子矜,199元高中双科提分课,199元高中双科提分课,自投放,自有,自产原创,wangjiananbj03,13.88,0,0,0,109.29,13880,0,0.79%,0%,-,0,0
ccff1fd3c342b82273e722495276eb6f,-,-,-,-,-,https://tutor-online1.fbcontent.cn/growth/internal-material/1781769444425.ccff1fd3c342b82273e722495276eb6f.mp4,0611-199双科-自产-自产二-王晶-视觉锤-嘉丽-A6-B1-无-23,20260619,魏嘉丽,魏嘉丽,199元高中双科提分课,199元高中双科提分课,自投放,自有,自产原创,wangjiananbj03,12.72,0,0,0,235.56,0,0,0.00%,0.00%,-,0,0
2e061ff3685a31ebd89a3ed533b748a8,-,-,-,-,-,https://tutor-online1.fbcontent.cn/growth/internal-material/1781769952310.2e061ff3685a31ebd89a3ed533b748a8.mp4,0527-9物-自产-自产主-李博-曲中雨-子衿-A5-B2-有-3-直播间,20260619,贾子矜,韩晨国,9元高中物理李博,9元高中物理李博,申坤,自有,自产原创,wangruixuebj01,1.29,0,0,0,18.97,0,0,1.47%,0%,-,0,0
69d0af91a962fe9a566056855b970a25,-,-,-,-,-,https://tutor-online1.fbcontent.cn/growth/internal-material/1780397823386.69d0af91a962fe9a566056855b970a25.mp4,0527-9物-自产-自产主-李博-曲中雨-浩正-A5-B1-无-14-直播间,20260619,杜浩正,杜浩正,9元高中物理李博,9元高中物理李博,申坤,自有,自产原创,wangruixuebj01,4.76,0,0,0,39.34,1190,0,3.31%,0%,-,0,0
1b06bb5bc19a373e45e24204defec6e1,-,-,-,-,-,https://tutor-online1.fbcontent.cn/growth/internal-material/1781769532048.1b06bb5bc19a373e45e24204defec6e1.mp4,0610-9物-自产-自产二-李博-巽阳-子衿-A6-B1-有-10-SY,20260619,贾子矜,韩晨国,9元高中物理李博,9元高中物理李博,申坤,自有,自产原创,wangruixuebj01,4.33,0,0,0,68.73,0,0,7.94%,0%,-,0,0
60fda511de23511be14bbd8d8186fc12,-,-,-,-,-,https://tutor-online1.fbcontent.cn/growth/internal-material/1778581745046.60fda511de23511be14bbd8d8186fc12.mp4,0508-199双科-自产-自产主-李博-视觉锤-雅迪-A5-B1-无-17,20260619,王雅迪,王雅迪,199元高中双科提分课,199元高中双科提分课,自投放,自有,自产原创,wangjiananbj03,0.24,0,0,0,26.67,0,0,0.00%,0.00%,-,0,0
3c6e9495c641a24d19839600be35471f,-,-,-,-,-,https://tutor-online1.fbcontent.cn/growth/internal-material/1780984422492.3c6e9495c641a24d19839600be35471f.mp4,0526-199双科-自产-自产二-王晶-亿晨-子衿-A6-B1-有-1,20260619,贾子矜,贾子矜,199元高中双科提分课,199元高中双科提分课,自投放,自有,自产原创,wangjiananbj03,38.21,0,0,0,94.58,9552.5,0,1.24%,0%,-,0,0
c597e9c2879ccd3563ee9c9448ca97a3,-,-,-,-,-,https://tutor-online1.fbcontent.cn/growth/internal-material/1781082699050.c597e9c2879ccd3563ee9c9448ca97a3.mp4,0604-状元笔记-自产-混剪--曲中雨-嘉丽---有-1,20260619,魏嘉丽,魏嘉丽,高中手写笔记,高中手写笔记,自投放,自有,自产原创,wangjiananbj03,28.21,0,0,0,8.75,0,0,3.50%,0%,-,0,0
658b5c16e1c6ef3dc4721ee47090de48,-,-,-,-,-,https://tutor-online1.fbcontent.cn/growth/internal-material/1781580856064.658b5c16e1c6ef3dc4721ee47090de48.mp4,0610-9物-自产-自产主-李博-曲中雨-浩正-A5-B1-无-11,20260619,杜浩正,杜浩正,9元高中物理李博,9元高中物理李博,申坤,自有,自产原创,wangruixuebj01,2.72,0,0,0,181.33,0,0,0.00%,0.00%,-,0,0
473081ce934cddca8668528b5177c7bd,-,-,-,-,-,https://tutor-online1.fbcontent.cn/growth/internal-material/1774350653835.473081ce934cddca8668528b5177c7bd.mp4,0319-9物-自产-自产二-李博-巽阳-子衿--B2B5-无-24,20260619,贾子矜,贾子矜,9元高中物理李博,9元高中物理李博,玄武,自有,自产原创,wangruixuebj01,2.82,0,0,0,28.2,0,0,0.00%,0.00%,-,0,0
8004a63e159b6445c46689fc256d7b00,-,-,-,-,-,https://tutor-online1.fbcontent.cn/growth/internal-material/1779258537589.8004a63e159b6445c46689fc256d7b00.mp4,0512-199双科-自产-自产二-王晶-曲中雨-子衿--B1-无-1,20260619,贾子矜,贾子矜,199元高中双科提分课,199元高中双科提分课,自投放,自有,自产原创,wangjiananbj03,0,0,0,0,0,0,0,0.00%,0.00%,-,0,0
742bb10b5dfc8caff044c6811d93d7ee,-,-,-,-,-,https://tutor-online1.fbcontent.cn/growth/internal-material/1777262140189.742bb10b5dfc8caff044c6811d93d7ee.mp4,0422-9物-自产-自产主-李博-曲中雨-子衿-A7-B1-有-14-前贴2,20260619,贾子矜,贾子矜,9元高中物理李博,9元高中物理李博,申坤,自有,自产原创,wangruixuebj01,28.11,0,0,0,80.54,2555.45,0,3.44%,0%,-,0,0
0a207503012eb815c9eb0392f295e1c7,-,-,-,-,-,https://tutor-online1.fbcontent.cn/growth/internal-material/1781769782739.0a207503012eb815c9eb0392f295e1c7.mp4,0527-9物-自产-自产二-李博-曲中雨-浩正-A5-B1-有-13-直播间,20260619,杜浩正,韩晨国,9元高中物理李博,9元高中物理李博,申坤,自有,自产原创,wangruixuebj01,0.28,0,0,0,31.11,0,0,0.00%,0.00%,-,0,0
290149ec5bdce91b90a9ab0055ddefeb,-,-,-,-,-,https://tutor-online1.fbcontent.cn/growth/internal-material/1780061372821.290149ec5bdce91b90a9ab0055ddefeb.mp4,0514-199双科-自产-自产主-王晶-曲中雨-浩正-A5-B2B4-无-7,20260619,杜浩正,韩晨国,199元高中双科提分课,199元高中双科提分课,自投放,自有,自产原创,wangjiananbj03,0.33,0,0,0,110,0,0,0.00%,0.00%,-,0,0
e57a4636d8d7c120471a413b8a9cd7bf,-,-,-,-,-,https://tutor-online1.fbcontent.cn/growth/internal-material/1780918254690.e57a4636d8d7c120471a413b8a9cd7bf.mp4,0520-199双科-自产-自产主-李博-曲中雨-浩正-A7-B1-有-7,20260619,杜浩正,韩晨国,199元高中双科提分课,199元高中双科提分课,自投放,自有,自产原创,wangjiananbj03,15.27,0,0,0,84.83,15270,0,1.11%,0%,-,0,0
5a6b5100cc89ff355027bcd25edd11bd,-,-,-,-,-,https://tutor-online1.fbcontent.cn/growth/internal-material/1779706273740.5a6b5100cc89ff355027bcd25edd11bd.mp4,0520-199双科-自产-自产主-李博-曲中雨-子衿-A5-B2-有-4,20260619,贾子矜,贾子矜,199元高中双科提分课,199元高中双科提分课,自投放,自有,自产原创,wangjiananbj03,39.11,0,0,0,482.84,0,0,0.00%,0.00%,-,0,0
8bcdb128219d46e8c72428a69157940b,-,-,-,-,-,https://tutor-online1.fbcontent.cn/growth/internal-material/1779706246544.8bcdb128219d46e8c72428a69157940b.mp4,0520-199双科-自产-自产二-李博-曲中雨-子衿-A5-B1-有-5,20260619,贾子矜,贾子矜,199元高中双科提分课,199元高中双科提分课,自投放,自有,自产原创,wangjiananbj03,100.74,0,0,0,59.82,14391.43,0,0.53%,0%,-,0,0
1fd9a788759e49d82b26d647652af354,-,-,-,-,-,https://tutor-online1.fbcontent.cn/growth/internal-material/1781353899559.1fd9a788759e49d82b26d647652af354.mp4,0602-199双科-自产-自产主-王晶-巽阳-子衿-A6-B2-有-1-RS,20260619,贾子矜,贾子矜,199元高中双科提分课,199元高中双科提分课,自投放,自有,自产原创,wangjiananbj03,0.11,0,0,0,6.88,0,0,0.00%,0.00%,-,0,0
2496fe7038879f5b222e031151cb5f9d,-,-,-,-,-,https://tutor-online1.fbcontent.cn/growth/internal-material/1779702538428.2496fe7038879f5b222e031151cb5f9d.mp4,0520-199双科-自产-自产二-李博-视觉锤-雅迪-A5-B1-无-15,20260619,王雅迪,王雅迪,199元高中双科提分课,199元高中双科提分课,自投放,自有,自产原创,wangjiananbj03,2.91,0,0,0,27.2,1455,0,1.87%,0%,-,0,0
589361d2f2a8b197bca3083799303965,-,-,-,-,-,https://tutor-online1.fbcontent.cn/growth/internal-material/1775810424487.589361d2f2a8b197bca3083799303965.mp4,0317-199物-自产-自产主-李博-曲中雨-浩正-A6-B2-无-21,20260619,杜浩正,杜浩正,199元高中双科提分课,199元高中双科提分课,自投放,自有,自产原创,wangjiananbj03,733.57,208,2,0.28,221.56,28214.23,366.79,1.30%,4.65%,-,0.6,8000
34e56ab9f0249527c42897b3b5035110,-,-,-,-,-,https://tutor-online1.fbcontent.cn/growth/internal-material/1780975284286.34e56ab9f0249527c42897b3b5035110.mp4,0514-199双科-自产-自产主-王晶-云梵-嘉丽--B1B3-有-25,20260619,魏嘉丽,韩晨国,199元高中双科提分课,199元高中双科提分课,自投放,自有,自产原创,wangjiananbj03,0.51,0,0,0,102,0,0,20.00%,0%,-,0,0
0ebbdbbf3d6ad22bc7c434c74828ed41,-,-,-,-,-,https://tutor-online1.fbcontent.cn/growth/internal-material/1781169457656.0ebbdbbf3d6ad22bc7c434c74828ed41.mp4,0611-状元笔记-自产-自产主--视觉锤-雅迪-A6-B5-有-42,20260619,王雅迪,王雅迪,高中手写笔记,高中手写笔记,自投放,自有,自产原创,wangjiananbj03,0.29,0,0,0,36.25,0,0,0.00%,0.00%,-,0,0
3a4a64509ad557233d892670d4962b0c,-,-,-,-,-,https://tutor-online1.fbcontent.cn/growth/internal-material/1781582189139.3a4a64509ad557233d892670d4962b0c.mp4,0610-9物-自产-自产二-李博-视觉锤-雅迪-A5-B1B4-无-19,20260619,王雅迪,王雅迪,9元高中物理李博,9元高中物理李博,申坤,自有,自产原创,wangruixuebj01,17.86,0,0,0,85.87,5953.33,0,1.92%,0%,-,0,0
39d5d6807566c6a776270c3686825b80,-,-,-,-,-,https://tutor-online1.fbcontent.cn/growth/internal-material/1780060825586.39d5d6807566c6a776270c3686825b80.mp4,0512-199双科-自产-自产主-王晶-云梵-小敏--B1-无-22,20260619,曲敏,韩晨国,199元高中双科提分课,199元高中双科提分课,自投放,自有,自产原创,wangjiananbj03,0.22,0,0,0,44,0,0,0.00%,0.00%,-,0,0
90aa8c1c3f8795c623a65d8baaed2f83,-,-,-,-,-,https://tutor-online1.fbcontent.cn/growth/internal-material/1781505313932.90aa8c1c3f8795c623a65d8baaed2f83.mp4,0602-199双科-自产-自产二-王晶-巽阳-小敏-A6-B1-无-11-LL,20260619,曲敏,曲敏,199元高中双科提分课,199元高中双科提分课,自投放,自有,自产原创,wangjiananbj03,24.49,0,0,0,90.37,12245,0,2.21%,0%,-,0,0
2fc675cd318ede7a6ec5aea990721d0a,-,-,-,-,-,https://tutor-online1.fbcontent.cn/growth/internal-material/1780908442567.2fc675cd318ede7a6ec5aea990721d0a.mp4,0603-9物-自产-自产二-李博-视觉锤-浩正-A5-B1-有-14,20260619,杜浩正,杜浩正,9元高中物理李博,9元高中物理李博,申坤,自有,自产原创,wangruixuebj01,0.01,0,0,0,1.67,0,0,0.00%,0.00%,-,0,0
a23bdf6494ae90a901cd29639a8c9fbd,-,-,-,-,-,https://tutor-online1.fbcontent.cn/growth/internal-material/1781353900819.a23bdf6494ae90a901cd29639a8c9fbd.mp4,0602-199双科-自产-自产主-王晶-巽阳-子衿-A2-B1-有-2-HJ,20260619,贾子矜,贾子矜,199元高中双科提分课,199元高中双科提分课,自投放,自有,自产原创,wangjiananbj03,8.26,0,0,0,165.2,2753.33,0,6.00%,0%,-,0,0
3d67e40744a99822d3f78f6380a8c88b,-,-,-,-,-,https://tutor-online1.fbcontent.cn/growth/internal-material/1780918070709.3d67e40744a99822d3f78f6380a8c88b.mp4,0512-199双科-自产-自产主-王晶-曲中雨-雅迪---有-10,20260619,王雅迪,韩晨国,199元高中双科提分课,199元高中双科提分课,自投放,自有,自产原创,wangjiananbj03,1.32,0,0,0,220,0,0,0.00%,0.00%,-,0,0
38921a927c1b824a74bb685391367c5a,-,-,-,-,-,https://tutor-online1.fbcontent.cn/growth/internal-material/1781082100493.38921a927c1b824a74bb685391367c5a.mp4,0603-9物-自产-自产二-李博-巽阳-子衿-A6-B1-有-10-WQ-直播间,20260619,贾子矜,贾子矜,9元高中物理李博,9元高中物理李博,申坤,自有,自产原创,wangruixuebj01,43.25,9,1,0.21,50.47,2162.5,43.25,2.68%,4.35%,-,1.17,450
98d6a1174a174ced8647f4166896d075,-,-,-,-,-,https://tutor-online1.fbcontent.cn/growth/internal-material/1780917864124.98d6a1174a174ced8647f4166896d075.mp4,0513-199双科-自产-自产主-李博-曲中雨-嘉丽-A1-B1-有-30,20260619,魏嘉丽,韩晨国,199元高中双科提分课,199元高中双科提分课,自投放,自有,自产原创,wangjiananbj03,5.16,0,0,0,62.93,0,0,0.00%,0.00%,-,0,0
3b3b31116d4d52e405e9dd5195396897,-,-,-,-,-,https://tutor-online1.fbcontent.cn/growth/internal-material/1774510703010.3b3b31116d4d52e405e9dd5195396897.mp4,0324-9物-自产-自产主-李博-曲中雨-子衿-A3-B2B4-有-19-前贴1,20260619,贾子矜,贾子矜,9元高中物理李博,9元高中物理李博,玄武,自有,自产原创,wangruixuebj01,51.4,0,0,0,11.46,12850,0,0.18%,0%,-,0,0
bc6e37364563c13486bc0769b790248b,-,-,-,-,-,https://tutor-online1.fbcontent.cn/growth/internal-material/1781353108439.bc6e37364563c13486bc0769b790248b.mp4,0602-199双科-自产-自产主-王晶-巽阳-子衿-A5-B1-无-4,20260619,贾子矜,贾子矜,199元高中双科提分课,199元高中双科提分课,自投放,自有,自产原创,wangjiananbj03,0.96,0,0,0,320,0,0,0.00%,0.00%,-,0,0
f73474b3595571b16bb9286be6d410c4,-,-,-,-,-,https://tutor-online1.fbcontent.cn/growth/internal-material/1780041102286.f73474b3595571b16bb9286be6d410c4.mp4,0520-199双科-自产-自产主-李博-视觉锤-小敏-A1-B6-无-21,20260619,曲敏,曲敏,199元高中双科提分课,199元高中双科提分课,自投放,自有,自产原创,wangjiananbj03,0,0,0,0,0,0,0,0.00%,0.00%,-,0,0
c17e3ba60ee9e1451ccbc72456bb25ae,-,-,-,-,-,https://tutor-online1.fbcontent.cn/growth/internal-material/1780918129724.c17e3ba60ee9e1451ccbc72456bb25ae.mp4,0520-199双科-自产-自产二-李博-曲中雨-浩正-A5-B2-无-6,20260619,杜浩正,韩晨国,199元高中双科提分课,199元高中双科提分课,自投放,自有,自产原创,wangjiananbj03,1.42,0,0,0,74.74,0,0,0.00%,0.00%,-,0,0
efc2593fabdfe3d3ba054eb6e5001057,-,-,-,-,-,https://tutor-online1.fbcontent.cn/growth/internal-material/1780917887407.efc2593fabdfe3d3ba054eb6e5001057.mp4,0513-199双科-自产-自产主-李博-曲中雨-嘉丽-A7-B1-有-32,20260619,魏嘉丽,韩晨国,199元高中双科提分课,199元高中双科提分课,自投放,自有,自产原创,wangjiananbj03,1.97,0,0,0,59.7,0,0,3.03%,0%,-,0,0
5802e9366462b661689e89fc8e99a954,-,-,-,-,-,https://tutor-online1.fbcontent.cn/growth/internal-material/1779278565965.5802e9366462b661689e89fc8e99a954.mp4,0513-199双科-自产-自产主-李博-视觉锤-雅迪-A5-B1-有-21,20260619,王雅迪,王雅迪,199元高中双科提分课,199元高中双科提分课,自投放,自有,自产原创,wangjiananbj03,0.75,0,0,0,57.69,0,0,0.00%,0.00%,-,0,0
d43e1557c7cf9338cf13269871a9d7b5,-,-,-,-,-,https://tutor-online1.fbcontent.cn/growth/internal-material/1775548306156.d43e1557c7cf9338cf13269871a9d7b5.mp4,0401-9物-自产-自产主-李博-曲中雨-子衿-A3-B1-有-23-前贴2,20260619,贾子矜,贾子矜,9元高中物理李博,9元高中物理李博,玄武,自有,自产原创,wangruixuebj01,222.92,0,0,0,152.06,24768.89,0,1.16%,0%,-,0,0
4e9a811fa707209a3c274b95f0af50a6,-,-,-,-,-,https://tutor-online1.fbcontent.cn/growth/internal-material/1779436939659.4e9a811fa707209a3c274b95f0af50a6.mp4,0514-199双科-自产-自产二-王晶-曲中雨-嘉丽--B1-有-21,20260619,魏嘉丽,魏嘉丽,199元高中双科提分课,199元高中双科提分课,自投放,自有,自产原创,wangjiananbj03,0.55,0,0,0,42.31,0,0,0.00%,0.00%,-,0,0
9bff8ac0295893efb19cc63fe157c2a9,-,-,-,-,-,https://tutor-online1.fbcontent.cn/growth/internal-material/1780397853206.9bff8ac0295893efb19cc63fe157c2a9.mp4,0527-9物-自产-自产主-李博-曲中雨-浩正-A5-B1-有-12-直播间-前贴2,20260619,杜浩正,杜浩正,9元高中物理李博,9元高中物理李博,申坤,自有,自产原创,wangruixuebj01,0,0,0,0,0,0,0,0.00%,0.00%,-,0,0
68f757d575aaf8195b6bd31e16a26817,-,-,-,-,-,https://tutor-online1.fbcontent.cn/growth/internal-material/1780393906984.68f757d575aaf8195b6bd31e16a26817.mp4,0527-9物-自产-自产二-李博-曲中雨-子衿-A5-B2-无-3-直播间,20260619,贾子矜,贾子矜,9元高中物理李博,9元高中物理李博,申坤,自有,自产原创,wangruixuebj01,0.36,0,0,0,36,0,0,0.00%,0.00%,-,0,0
6f87a8252e638dbf700e1045219578ba,-,-,-,-,-,https://tutor-online1.fbcontent.cn/growth/internal-material/1781769257350.6f87a8252e638dbf700e1045219578ba.mp4,0618-9物-自产-自产二-李博-巽阳YS-子衿-A6-B1B2-有-20-嘉丽混剪-1,20260619,魏嘉丽,魏嘉丽,9元高中物理李博,9元高中物理李博,申坤,自有,自产原创,wangruixuebj01,13.83,0,0,0,66.49,2766,0,15.87%,0%,-,0,0
dbc1d2912b7c8c40e269254ec800e594,-,-,-,-,-,https://tutor-online1.fbcontent.cn/growth/internal-material/1778649122827.dbc1d2912b7c8c40e269254ec800e594.mp4,0508-199双科-自产-自产二-李博-视觉锤-亚平-A2-B4-无-33,20260619,王雅迪,王雅迪,199元高中双科提分课,199元高中双科提分课,自投放,自有,自产原创,wangjiananbj03,0.03,0,0,0,6,0,0,0.00%,0.00%,-,0,0
11dcef5f6ee8dd9451fb50c424ff03e6,-,-,-,-,-,https://tutor-online1.fbcontent.cn/growth/internal-material/1780983143284.11dcef5f6ee8dd9451fb50c424ff03e6.mp4,6月4日 (3)(7),20260619,贾子矜,贾子矜,199元高中双科提分课,199元高中双科提分课,自投放,自有,自产原创,wangjiananbj03,0.95,0,0,0,23.17,950,0,2.44%,0%,-,0,0
80c67af6f92c153a7905deaa416179f6,-,-,-,-,-,https://tutor-online1.fbcontent.cn/growth/internal-material/1780975484920.80c67af6f92c153a7905deaa416179f6.mp4,0520-199双科-自产-自产主-李博-曲中雨-小敏-A1-B6-有-23,20260619,曲敏,韩晨国,199元高中双科提分课,199元高中双科提分课,自投放,自有,自产原创,wangjiananbj03,44.26,0,0,0,59.25,44260,0,0.27%,0%,-,0,0
d8c4cdf2337bcc647b228b69ff5d044d,-,-,-,-,-,https://tutor-online1.fbcontent.cn/growth/internal-material/1780917990603.d8c4cdf2337bcc647b228b69ff5d044d.mp4,0513-199双科-自产-自产二-李博-曲中雨-嘉丽-A7-B1-无-35,20260619,魏嘉丽,韩晨国,199元高中双科提分课,199元高中双科提分课,自投放,自有,自产原创,wangjiananbj03,11.28,0,0,0,90.97,11280,0,4.03%,0%,-,0,0
8d668df2abf53bcdf14c11c1295cecbb,-,-,-,-,-,https://tutor-online1.fbcontent.cn/growth/internal-material/1779470003836.8d668df2abf53bcdf14c11c1295cecbb.mp4,0521-9物-自产-自产二-李博-曲中雨-子衿-A5效果保证-B1效果方法体系-有-4,20260619,贾子矜,贾子矜,9元高中物理李博,9元高中物理李博,十人,自有,自产原创,wangruixuebj01,23.21,0,0,0,69.7,7736.67,0,0.90%,0%,-,0,0
a230104bb17dfd80027e41d8eea4ed00,-,-,-,-,-,https://tutor-online1.fbcontent.cn/growth/internal-material/1781517225844.a230104bb17dfd80027e41d8eea4ed00.mp4,0611-199双科-自产-自产二-王晶-曲中雨-婷玉-A1-B4-无-18,20260619,吴婷玉,吴婷玉,199元高中双科提分课,199元高中双科提分课,自投放,自有,自产原创,wangjiananbj03,0.34,0,0,0,42.5,0,0,0.00%,0.00%,-,0,0
b16c7baeaf10c246f26cbdf8ecd2ded5,-,-,-,-,-,https://tutor-online1.fbcontent.cn/growth/internal-material/1781769655993.b16c7baeaf10c246f26cbdf8ecd2ded5.mp4,0610-9物-自产-自产主-李博-曲中雨-子衿-A7-B1-有-7,20260619,贾子矜,韩晨国,9元高中物理李博,9元高中物理李博,申坤,自有,自产原创,wangruixuebj01,4.78,0,0,0,82.41,0,0,5.17%,0%,-,0,0
36061d2a3d64b63e1c87a79e35b129d4,-,-,-,-,-,https://tutor-online1.fbcontent.cn/growth/internal-material/1781681455758.36061d2a3d64b63e1c87a79e35b129d4.mp4,0610-9物-自产-自产主-李博-视觉锤-雅迪-A5-B1B4-有-19,20260619,王雅迪,王雅迪,9元高中物理李博,9元高中物理李博,申坤,自有,自产原创,wangruixuebj01,10.59,0,0,0,18.84,0,0,3.20%,0%,-,0,0
b8647cf5f2709c05e5d177ad84dd4857,-,-,-,-,-,https://tutor-online1.fbcontent.cn/growth/internal-material/1781769951656.b8647cf5f2709c05e5d177ad84dd4857.mp4,0527-9物-自产-自产主-李博-曲中雨-子衿-A5-B2-无-3-直播间,20260619,贾子矜,韩晨国,9元高中物理李博,9元高中物理李博,申坤,自有,自产原创,wangruixuebj01,25.98,0,0,0,78.97,0,0,21.28%,0%,-,0,0
89ade7b44e4a25c185cfae92f2fb48c2,-,-,-,-,-,https://tutor-online1.fbcontent.cn/growth/internal-material/1779421612919.89ade7b44e4a25c185cfae92f2fb48c2.mp4,0513-199双科-自产-自产主-李博-曲中雨-忍哥-A5-B1-有-27,20260619,王雅迪,王雅迪,199元高中双科提分课,199元高中双科提分课,自投放,自有,自产原创,wangjiananbj03,34.26,0,0,0,173.91,17130,0,1.52%,0%,-,0,0
520091a00cf6570d00e3ea45a0aeb4ba,-,-,-,-,-,https://tutor-online1.fbcontent.cn/growth/internal-material/1780060825941.520091a00cf6570d00e3ea45a0aeb4ba.mp4,0512-199双科-自产-自产主-王晶-云梵-小敏--B1-无-23,20260619,曲敏,韩晨国,199元高中双科提分课,199元高中双科提分课,自投放,自有,自产原创,wangjiananbj03,3.7,0,0,0,86.05,0,0,0.00%,0.00%,-,0,0
790c307f0b9103a9d4ae05aba79d4f77,-,-,-,-,-,https://tutor-online1.fbcontent.cn/growth/internal-material/1780393699557.790c307f0b9103a9d4ae05aba79d4f77.mp4,0527-9物-自产-自产主-李博-曲中雨-子衿-A6-B2-有-4,20260619,贾子矜,贾子矜,9元高中物理李博,9元高中物理李博,申坤,自有,自产原创,wangruixuebj01,22.98,0,0,0,59.84,4596,0,2.34%,0%,-,0,0
fcaf23abc3acabbdcd692549ba34336f,-,-,-,-,-,https://tutor-online1.fbcontent.cn/growth/internal-material/1781579961281.fcaf23abc3acabbdcd692549ba34336f.mp4,0610-199双科-自产-自产二-李博-视觉锤-子衿-A2-B3-无-8(1),20260619,贾子矜,贾子矜,199元高中双科提分课,199元高中双科提分课,自投放,自有,自产原创,wangjiananbj03,1.38,0,0,0,49.29,0,0,0.00%,0.00%,-,0,0
ed614a2eb44b5fe0176d925f46bd2a80,-,-,-,-,-,https://tutor-online1.fbcontent.cn/growth/internal-material/1780984420344.ed614a2eb44b5fe0176d925f46bd2a80.mp4,0526-199双科-自产-自产二-王晶-亿晨-子衿-A7-B2-有-2,20260619,贾子矜,贾子矜,199元高中双科提分课,199元高中双科提分课,自投放,自有,自产原创,wangjiananbj03,0.14,0,0,0,9.33,0,0,0.00%,0.00%,-,0,0
571c11f2b4163c9a3615c95d49c26d59,-,-,-,-,-,https://tutor-online1.fbcontent.cn/growth/internal-material/1781079684184.571c11f2b4163c9a3615c95d49c26d59.mp4,0604-状元笔记-自产-混剪--曲中雨-婷玉---无-31,20260619,吴婷玉,吴婷玉,高中手写笔记,高中手写笔记,自投放,自有,自产原创,wangjiananbj03,33.82,0,0,0,140.92,0,0,19.17%,0%,-,0,0
658c6b546d8d44669c405f4fc975feb7,-,-,-,-,-,https://tutor-online1.fbcontent.cn/growth/internal-material/1779456253310.658c6b546d8d44669c405f4fc975feb7.mp4,0429-199双科-自产-自产主-李博-曲中雨-浩正-A7-B2-有-22,20260619,杜浩正,韩晨国,199元高中双科提分课,199元高中双科提分课,自投放,自有,自产原创,wangjiananbj03,10.26,0,0,0,41.54,10260,0,0.81%,0%,-,0,0
6f87a8252e638dbf700e1045219578ba,-,-,-,-,-,https://tutor-online1.fbcontent.cn/growth/internal-material/1781769257350.6f87a8252e638dbf700e1045219578ba.mp4,0618-9物-自产-自产二-李博-巽阳YS-子衿-A6-B1B2-有-20-嘉丽混剪-1,20260619,魏嘉丽,魏嘉丽,9元高中物理李博,9元高中物理李博,申坤,自有,自产原创,wangruixuebj01,28.26,0,0,0,50.92,0,0,7.75%,0%,-,0,0
745ee7f6de7484ccc051fde7e3381074,-,-,-,-,-,https://tutor-online1.fbcontent.cn/growth/internal-material/1780983143504.745ee7f6de7484ccc051fde7e3381074.mp4,6月4日 (3),20260619,贾子矜,贾子矜,199元高中双科提分课,199元高中双科提分课,自投放,自有,自产原创,wangjiananbj03,0.03,0,0,0,15,0,0,0.00%,0.00%,-,0,0
56e0b90a7c207bda84f0ba5e0eb92cef,-,-,-,-,-,https://tutor-online1.fbcontent.cn/growth/internal-material/1781508311591.56e0b90a7c207bda84f0ba5e0eb92cef.mp4,0602-199双科-自产-自产主-王晶-巽阳-小敏-A2-B4-有-12-LL,20260619,曲敏,曲敏,199元高中双科提分课,199元高中双科提分课,自投放,自有,自产原创,wangjiananbj03,1.55,0,0,0,86.11,0,0,5.56%,0%,-,0,0
e1da8b4562155de075280cb30829faaf,-,-,-,-,-,https://tutor-online1.fbcontent.cn/growth/internal-material/1780917991520.e1da8b4562155de075280cb30829faaf.mp4,0513-199双科-自产-自产主-李博-曲中雨-嘉丽-A7-B1-无-35,20260619,魏嘉丽,韩晨国,199元高中双科提分课,199元高中双科提分课,自投放,自有,自产原创,wangjiananbj03,107.57,0,0,0,67.82,11952.22,0,0.63%,0%,-,0,0
80952fa2b648b7814e8b7567dc1385ee,-,-,-,-,-,https://tutor-online1.fbcontent.cn/growth/internal-material/1781769383138.80952fa2b648b7814e8b7567dc1385ee.mp4,0611-199双科-自产-自产主-王晶-曲中雨-嘉丽-A2-B1-无-24,20260619,魏嘉丽,魏嘉丽,199元高中双科提分课,199元高中双科提分课,自投放,自有,自产原创,wangjiananbj03,3.69,0,0,0,94.62,0,0,2.56%,0%,-,0,0
5c6bd611cd46e0bbe6f3ab1492e26952,-,-,-,-,-,https://tutor-online1.fbcontent.cn/growth/internal-material/1780975265990.5c6bd611cd46e0bbe6f3ab1492e26952.mp4,0514-199双科-自产-自产主-王晶-云梵-嘉丽--B1-无-24,20260619,魏嘉丽,韩晨国,199元高中双科提分课,199元高中双科提分课,自投放,自有,自产原创,wangjiananbj03,78.03,0,0,0,149.77,26010,0,1.34%,0%,-,0,0
cd4f635687beaa20e346a767501e2797,-,-,-,-,-,https://tutor-online1.fbcontent.cn/growth/internal-material/1780397766113.cd4f635687beaa20e346a767501e2797.mp4,0527-9物-自产-自产二-李博-曲中雨-浩正-A5-B1-无-14-直播间,20260619,杜浩正,杜浩正,9元高中物理李博,9元高中物理李博,申坤,自有,自产原创,wangruixuebj01,2.19,0,0,0,30,2190,0,2.74%,0%,-,0,0
202d3890dc7a42c1b2000ccbb63e7e7c,-,-,-,-,-,https://tutor-online1.fbcontent.cn/growth/internal-material/1779278571064.202d3890dc7a42c1b2000ccbb63e7e7c.mp4,0513-199双科-自产-自产主-李博-视觉锤-雅迪-A5-B2-无-17,20260619,王雅迪,王雅迪,199元高中双科提分课,199元高中双科提分课,自投放,自有,自产原创,wangjiananbj03,0.55,0,0,0,6.79,0,0,0.00%,0.00%,-,0,0
a452d5447e19882487294d6ba035c8a0,-,-,-,-,-,https://tutor-online1.fbcontent.cn/growth/internal-material/1781580853379.a452d5447e19882487294d6ba035c8a0.mp4,0610-9物-自产-自产主-李博-曲中雨-浩正-A5-B1-有-11,20260619,杜浩正,杜浩正,9元高中物理李博,9元高中物理李博,申坤,自有,自产原创,wangruixuebj01,1.06,0,0,0,35.33,0,0,6.67%,0%,-,0,0
94a9716c21d134442dc7400029c76b5c,-,-,-,-,-,https://tutor-online1.fbcontent.cn/growth/internal-material/1780656482857.94a9716c21d134442dc7400029c76b5c.mp4,0603-9物-自产-自产主-李博-视觉锤-浩正-A5-B1-有-15,20260619,杜浩正,杜浩正,9元高中物理李博,9元高中物理李博,申坤,自有,自产原创,wangruixuebj01,99.47,0,0,0,79.83,3552.5,0,2.01%,0%,-,0,0
5fe54cee9fe29f281766452cd3710967,-,-,-,-,-,https://tutor-online1.fbcontent.cn/growth/internal-material/1781769256663.5fe54cee9fe29f281766452cd3710967.mp4,0618-9物-自产-李博-有-混剪-14-嘉丽混剪-5,20260619,魏嘉丽,魏嘉丽,9元高中物理李博,9元高中物理李博,申坤,自有,自产原创,wangruixuebj01,2.83,0,0,0,19.12,0,0,2.70%,0%,-,0,0
0629066c4851ab1e9061310d07ad5600,-,-,-,-,-,https://tutor-online1.fbcontent.cn/growth/internal-material/1772517101338.0629066c4851ab1e9061310d07ad5600.mp4,0211-9物-自产-自产主-李博-亿晨-子衿-A7-B1-无-4,20260619,贾子矜,贾子矜,9元高中物理李博,9元高中物理李博-实物,玄武,自有,自产原创,wangruixuebj01,295.2,18,2,0.06,227.78,18450,147.6,1.16%,13.33%,-,1.54,1125
884e9a41a94c31ffc5b5598a97f67c8c,-,-,-,-,-,https://tutor-online1.fbcontent.cn/growth/internal-material/1780394060654.884e9a41a94c31ffc5b5598a97f67c8c.mp4,0527-9物-自产-自产主-李博-曲中雨-子衿-A7-B2-有-6,20260619,贾子矜,贾子矜,9元高中物理李博,9元高中物理李博,申坤,自有,自产原创,wangruixuebj01,0.12,0,0,0,17.14,0,0,0.00%,0.00%,-,0,0
f3288b9939c59e630458e23e380e7ba9,-,-,-,-,-,https://tutor-online1.fbcontent.cn/growth/internal-material/1779427695243.f3288b9939c59e630458e23e380e7ba9.mp4,0512-199双科-自产-自产主-王晶-曲中雨-雅迪---无-12,20260619,王雅迪,王雅迪,199元高中双科提分课,199元高中双科提分课,自投放,自有,自产原创,wangjiananbj03,0.08,0,0,0,6.67,0,0,0.00%,0.00%,-,0,0
5bb64868a62d1eb1cd17397459ab0af2,-,-,-,-,-,https://tutor-online1.fbcontent.cn/growth/internal-material/1778581745257.5bb64868a62d1eb1cd17397459ab0af2.mp4,0508-199双科-自产-自产主-李博-视觉锤-雅迪-A5-B1-无-16,20260619,王雅迪,王雅迪,199元高中双科提分课,199元高中双科提分课,自投放,自有,自产原创,wangjiananbj03,4.06,0,0,0,104.1,0,0,0.00%,0.00%,-,0,0
bf268ed5822f259dc499a68e2c5e97a9,-,-,-,-,-,https://tutor-online1.fbcontent.cn/growth/internal-material/1779442298652.bf268ed5822f259dc499a68e2c5e97a9.mp4,0521-9物-自产-自产二-李博-曲中雨-小敏-A1价格拆解-B6线下对比-无-17,20260619,曲敏,曲敏,9元高中物理李博,9元高中物理李博,十人,自有,自产原创,wangruixuebj01,72.74,9,1,0.12,101.45,5195.71,72.74,2.09%,6.67%,-,1.39,642.86
0cdd0c66a10501f45a7a11c66f36b5ee,-,-,-,-,-,https://tutor-online1.fbcontent.cn/growth/internal-material/1779702538778.0cdd0c66a10501f45a7a11c66f36b5ee.mp4,0520-199双科-自产-自产二-李博-视觉锤-雅迪-A5-B1-无-14,20260619,王雅迪,王雅迪,199元高中双科提分课,199元高中双科提分课,自投放,自有,自产原创,wangjiananbj03,2.36,0,0,0,51.3,2360,0,2.17%,0%,-,0,0
c1cd5fb7814f25b1cce9b2d6e3a038f5,-,-,-,-,-,https://tutor-online1.fbcontent.cn/growth/internal-material/1775548229416.c1cd5fb7814f25b1cce9b2d6e3a038f5.mp4,0401-9物-自产-自产二-李博-曲中雨-子衿-A3-B1-有-23-前贴2,20260619,贾子矜,贾子矜,9元高中物理李博,9元高中物理李博,玄武,自有,自产原创,wangruixuebj01,1.42,0,0,0,101.43,0,0,0.00%,0.00%,-,0,0
20b8eb386392f37b747f7637c49b3ec7,-,-,-,-,-,https://tutor-online1.fbcontent.cn/growth/internal-material/1775548305351.20b8eb386392f37b747f7637c49b3ec7.mp4,0401-9物-自产-自产主-李博-曲中雨-子衿-A3-B1-有-23-前贴1,20260619,贾子矜,贾子矜,9元高中物理李博,9元高中物理李博,玄武,自有,自产原创,wangruixuebj01,41.96,18,2,0.43,137.57,41960,20.98,0.66%,100.00%,-,6.56,18000
00c6f57e726caf943253e28063c6e42d,-,-,-,-,-,https://tutor-online1.fbcontent.cn/growth/internal-material/1781769381377.00c6f57e726caf943253e28063c6e42d.mp4,0611-199双科-自产-自产主-王晶-曲中雨-嘉丽-A6-B1-有-23,20260619,魏嘉丽,魏嘉丽,199元高中双科提分课,199元高中双科提分课,自投放,自有,自产原创,wangjiananbj03,34.98,0,0,0,257.21,0,0,6.62%,0%,-,0,0
c31a9b67d1e11a6bc6af3b3dd5772484,-,-,-,-,-,https://tutor-online1.fbcontent.cn/growth/internal-material/1781505314316.c31a9b67d1e11a6bc6af3b3dd5772484.mp4,0602-199双科-自产-自产二-王晶-巽阳-小敏-A5-B1-无-14-SY,20260619,曲敏,曲敏,199元高中双科提分课,199元高中双科提分课,自投放,自有,自产原创,wangjiananbj03,20.7,0,0,0,112.5,0,0,0.54%,0%,-,0,0
e6d4327dccc0d15c1b1b4185cc785c94,-,-,-,-,-,https://tutor-online1.fbcontent.cn/growth/internal-material/1781769382130.e6d4327dccc0d15c1b1b4185cc785c94.mp4,0611-199双科-自产-自产主-王晶-曲中雨-嘉丽-A1-B1-有-21,20260619,魏嘉丽,魏嘉丽,199元高中双科提分课,199元高中双科提分课,自投放,自有,自产原创,wangjiananbj03,8.32,0,0,0,145.96,0,0,1.75%,0%,-,0,0
27e2863611e76d1494191d6fe4f726a9,-,-,-,-,-,https://tutor-online1.fbcontent.cn/growth/internal-material/1779258835021.27e2863611e76d1494191d6fe4f726a9.mp4,0514-199双科-自产-自产主-王晶-曲中雨-子衿--B2-有-4,20260619,贾子矜,贾子矜,199元高中双科提分课,199元高中双科提分课,自投放,自有,自产原创,wangjiananbj03,1.29,0,0,0,61.43,0,0,0.00%,0.00%,-,0,0
56337a5681323d8f874941d4cee18ad0,-,-,-,-,-,https://tutor-online1.fbcontent.cn/growth/internal-material/1781505314558.56337a5681323d8f874941d4cee18ad0.mp4,0602-199双科-自产-自产二-王晶-巽阳-小敏-A6-B1B2-无-13-LL,20260619,曲敏,曲敏,199元高中双科提分课,199元高中双科提分课,自投放,自有,自产原创,wangjiananbj03,0.31,0,0,0,310,310,0,100.00%,0%,-,0,0
d43e1557c7cf9338cf13269871a9d7b5,-,-,-,-,-,https://tutor-online1.fbcontent.cn/growth/internal-material/1775548306156.d43e1557c7cf9338cf13269871a9d7b5.mp4,0401-9物-自产-自产主-李博-曲中雨-子衿-A3-B1-有-23-前贴2,20260619,贾子矜,贾子矜,9元高中物理李博,9元高中物理李博,玄武,自有,自产原创,wangruixuebj01,86.52,0,0,0,272.08,43260,0,0.63%,0%,-,0,0
9e1352a0b0e85eb513255c3095dae807,-,-,-,-,-,https://tutor-online1.fbcontent.cn/growth/internal-material/1778581775810.9e1352a0b0e85eb513255c3095dae807.mp4,0508-199双科-自产-自产主-李博-视觉锤-雅迪-A1-B4B6-无-12,20260619,王雅迪,王雅迪,199元高中双科提分课,199元高中双科提分课,自投放,自有,自产原创,wangjiananbj03,51.25,0,0,0,49.66,10250,0,1.45%,0%,-,0,0
a8970e28b2db8e6660bc4d6089781f24,-,-,-,-,-,https://tutor-online1.fbcontent.cn/growth/internal-material/1781681452325.a8970e28b2db8e6660bc4d6089781f24.mp4,0610-9物-自产-自产主-李博-视觉锤-雅迪-A5-B2-无-16,20260619,王雅迪,王雅迪,9元高中物理李博,9元高中物理李博,申坤,自有,自产原创,wangruixuebj01,1.79,0,0,0,28.41,0,0,0.00%,0.00%,-,0,0
63336d0afafe2f3680b8f47bb3768e74,-,-,-,-,-,https://tutor-online1.fbcontent.cn/growth/internal-material/1775810390856.63336d0afafe2f3680b8f47bb3768e74.mp4,0317-199物-自产-自产二-李博-曲中雨-浩正-A2-B2-无-20,20260619,杜浩正,杜浩正,199元高中双科提分课,199元高中双科提分课,自投放,自有,自产原创,wangjiananbj03,314.33,199,1,0.63,133.47,62866,314.33,0.38%,11.11%,-,0.42,39800
38cc4614e55ce5977f868d25a16c7bb9,-,-,-,-,-,https://tutor-online1.fbcontent.cn/growth/internal-material/1781580825043.38cc4614e55ce5977f868d25a16c7bb9.mp4,0610-9物-自产-自产主-李博-曲中雨-浩正-A5-B1-无-13,20260619,杜浩正,杜浩正,9元高中物理李博,9元高中物理李博,申坤,自有,自产原创,wangruixuebj01,6.31,0,0,0,29.76,6310,0,0.94%,0%,-,0,0
e464864d14ab4245dca55b76561a2e15,-,-,-,-,-,https://tutor-online1.fbcontent.cn/growth/internal-material/1780917988588.e464864d14ab4245dca55b76561a2e15.mp4,0513-199双科-自产-自产二-李博-曲中雨-嘉丽-A5-B1-无-33,20260619,魏嘉丽,韩晨国,199元高中双科提分课,199元高中双科提分课,自投放,自有,自产原创,wangjiananbj03,13.61,0,0,0,95.85,13610,0,0.70%,0%,-,0,0
156b9e7d09bcf69a654a088db90fd7d0,-,-,-,-,-,https://tutor-online1.fbcontent.cn/growth/internal-material/1781681454055.156b9e7d09bcf69a654a088db90fd7d0.mp4,0610-9物-自产-自产主-李博-视觉锤-雅迪-A5-B1-无-20,20260619,王雅迪,王雅迪,9元高中物理李博,9元高中物理李博,申坤,自有,自产原创,wangruixuebj01,2.3,0,0,0,25,0,0,1.09%,0%,-,0,0
80ca8636af17180b2f2b1681c22e14c1,-,-,-,-,-,https://tutor-online1.fbcontent.cn/growth/internal-material/1779422146008.80ca8636af17180b2f2b1681c22e14c1.mp4,0512-199双科-自产-自产二-王晶-云梵-雅迪---有-12,20260619,王雅迪,王雅迪,199元高中双科提分课,199元高中双科提分课,自投放,自有,自产原创,wangjiananbj03,0.54,0,0,0,135,0,0,0.00%,0.00%,-,0,0
26a83dce037b3511a91d0fef75e0e59b,-,-,-,-,-,https://tutor-online1.fbcontent.cn/growth/internal-material/1775548228196.26a83dce037b3511a91d0fef75e0e59b.mp4,0401-9物-自产-自产二-李博-曲中雨-子衿-A3-B1-无-23,20260619,贾子矜,贾子矜,9元高中物理李博,9元高中物理李博,玄武,自有,自产原创,wangruixuebj01,0.09,0,0,0,9,0,0,0.00%,0.00%,-,0,0
94190db6af096480040b2b312b4511bc,-,-,-,-,-,https://tutor-online1.fbcontent.cn/growth/internal-material/1778666025083.94190db6af096480040b2b312b4511bc.mp4,0508-199双科-自产-自产主-李博-曲中雨-子衿-A6-B1-无-6,20260619,贾子矜,贾子矜,199元高中双科提分课,199元高中双科提分课,自投放,自有,自产原创,wangjiananbj03,0,0,0,0,0,0,0,0.00%,0.00%,-,0,0
7db3d69067be0475a5064b5d26f4ba2e,-,-,-,-,-,https://tutor-online1.fbcontent.cn/growth/internal-material/1779470002650.7db3d69067be0475a5064b5d26f4ba2e.mp4,"0521-9物-自产-自产二-李博-曲中雨-子衿-A5效果保证-B1效果方法体系,B4性价比-3-无",20260619,贾子矜,贾子矜,9元高中物理李博,9元高中物理李博,十人,自有,自产原创,wangruixuebj01,364.25,9,1,0.02,126.17,9585.53,364.25,1.32%,2.63%,-,0.35,236.84
b15470feab69c92b51e5b50af5de5d84,-,-,-,-,-,https://tutor-online1.fbcontent.cn/growth/internal-material/1780656483738.b15470feab69c92b51e5b50af5de5d84.mp4,0603-9物-自产-自产主-李博-视觉锤-浩正-A5-B1-有-14,20260619,杜浩正,杜浩正,9元高中物理李博,9元高中物理李博,申坤,自有,自产原创,wangruixuebj01,0.43,0,0,0,28.67,430,0,6.67%,0%,-,0,0
5f541d858f9776c01f56fc1761270f90,-,-,-,-,-,https://tutor-online1.fbcontent.cn/growth/internal-material/1781579971167.5f541d858f9776c01f56fc1761270f90.mp4,0610-199双科-自产-自产二-李博-视觉锤-子衿-A5-B1-无-9(1),20260619,贾子矜,贾子矜,199元高中双科提分课,199元高中双科提分课,自投放,自有,自产原创,wangjiananbj03,9.54,0,0,0,55.47,9540,0,2.91%,0%,-,0,0
6513e42aa0ea5c7fc222b878e07213f0,-,-,-,-,-,https://tutor-online1.fbcontent.cn/growth/internal-material/1781582189113.6513e42aa0ea5c7fc222b878e07213f0.mp4,0610-9物-自产-自产二-李博-视觉锤-雅迪-A5-B2-无-17,20260619,王雅迪,王雅迪,9元高中物理李博,9元高中物理李博,申坤,自有,自产原创,wangruixuebj01,7.77,0,0,0,52.5,1554,0,4.05%,0%,-,0,0
c58bf63ced07b0b7e9e2277f0259bae2,-,-,-,-,-,https://tutor-online1.fbcontent.cn/growth/internal-material/1781505313923.c58bf63ced07b0b7e9e2277f0259bae2.mp4,0602-199双科-自产-自产主-王晶-巽阳-小敏-A2-B4-无-12-LL,20260619,曲敏,曲敏,199元高中双科提分课,199元高中双科提分课,自投放,自有,自产原创,wangjiananbj03,0,0,0,0,0,0,0,0.00%,0.00%,-,0,0
bcf5a31f5b5ab6a9bd5cb8b92c0b804a,-,-,-,-,-,https://tutor-online1.fbcontent.cn/growth/internal-material/1776753916233.bcf5a31f5b5ab6a9bd5cb8b92c0b804a.mp4,0211-9物-自产-自产二-李博-曲中雨-子衿-A6-B2B3B5-有-1,20260619,贾子矜,韩晨国,9元高中物理李博,9元高中物理李博,申坤,自有,自产原创,wangruixuebj01,0.01,0,0,0,5,0,0,0.00%,0.00%,-,0,0
d8b8b4730be89378f60d527c9bf7a00d,-,-,-,-,-,https://tutor-online1.fbcontent.cn/growth/internal-material/1781093591451.d8b8b4730be89378f60d527c9bf7a00d.mp4,6月4日 (3)(5),20260619,贾子矜,贾子矜,199元高中双科提分课,199元高中双科提分课,自投放,自有,自产原创,wangjiananbj03,8.6,0,0,0,252.94,8600,0,2.94%,0%,-,0,0
5bb64868a62d1eb1cd17397459ab0af2,-,-,-,-,-,https://tutor-online1.fbcontent.cn/growth/internal-material/1778581745257.5bb64868a62d1eb1cd17397459ab0af2.mp4,0508-199双科-自产-自产主-李博-视觉锤-雅迪-A5-B1-无-16,20260619,王雅迪,王雅迪,199元高中双科提分课,199元高中双科提分课,自投放,自有,自产原创,wangjiananbj03,13.51,0,0,0,45.95,6755,0,0.68%,0%,-,0,0
51f30d05058a1950dd9c832d00e9d5bb,-,-,-,-,-,https://tutor-online1.fbcontent.cn/growth/internal-material/1781580808127.51f30d05058a1950dd9c832d00e9d5bb.mp4,0610-9物-自产-自产主-李博-曲中雨-浩正-A5-B1-有-15,20260619,杜浩正,杜浩正,9元高中物理李博,9元高中物理李博,申坤,自有,自产原创,wangruixuebj01,54.16,0,0,0,73.59,3868.57,0,2.04%,0%,-,0,0
b49f6df3079d47ae88afb68b055e186e,-,-,-,-,-,https://tutor-online1.fbcontent.cn/growth/internal-material/1780983143488.b49f6df3079d47ae88afb68b055e186e.mp4,6月4日 (3)(9),20260619,贾子矜,贾子矜,199元高中双科提分课,199元高中双科提分课,自投放,自有,自产原创,wangjiananbj03,37.68,0,0,0,308.85,18840,0,15.57%,0%,-,0,0
eb53aa1d1c2482b4cecf39da385f4503,-,-,-,-,-,https://tutor-online1.fbcontent.cn/growth/internal-material/1781580852943.eb53aa1d1c2482b4cecf39da385f4503.mp4,0610-9物-自产-自产主-李博-曲中雨-浩正-A5-B1-有-12,20260619,杜浩正,杜浩正,9元高中物理李博,9元高中物理李博,申坤,自有,自产原创,wangruixuebj01,0.02,0,0,0,2.86,0,0,0.00%,0.00%,-,0,0
8bc16e5c9ced7c5fa0e08ddb79f10841,-,-,-,-,-,https://tutor-online1.fbcontent.cn/growth/internal-material/1780397830905.8bc16e5c9ced7c5fa0e08ddb79f10841.mp4,0527-9物-自产-自产主-李博-曲中雨-浩正-A5-B1-无-15-直播间,20260619,杜浩正,杜浩正,9元高中物理李博,9元高中物理李博,申坤,自有,自产原创,wangruixuebj01,11.56,0,0,0,41.43,5780,0,1.43%,0%,-,0,0
bb9bd4e3b7a9480b39eb055afa9bca32,-,-,-,-,-,https://tutor-online1.fbcontent.cn/growth/internal-material/1780917907700.bb9bd4e3b7a9480b39eb055afa9bca32.mp4,0513-199双科-自产-自产主-李博-曲中雨-嘉丽-A7-B1-有-35,20260619,魏嘉丽,韩晨国,199元高中双科提分课,199元高中双科提分课,自投放,自有,自产原创,wangjiananbj03,22.52,0,0,0,80.43,7506.67,0,1.43%,0%,-,0,0
f018a74111dbf4115a1979dbd2c88ad3,-,-,-,-,-,https://tutor-online1.fbcontent.cn/growth/internal-material/1781003732890.f018a74111dbf4115a1979dbd2c88ad3.mp4,0604-状元笔记-自产-自产主--视觉锤-雅迪-有-17,20260619,王雅迪,王雅迪,高中手写笔记,高中手写笔记,自投放,自有,自产原创,wangjiananbj03,2.92,0,0,0,6.62,0,0,15.87%,0%,-,0,0
c85e6eca7ea188f832d2faeaa777c563,-,-,-,-,-,https://tutor-online1.fbcontent.cn/growth/internal-material/1781769513191.c85e6eca7ea188f832d2faeaa777c563.mp4,0611-199双科-自产-自产二-王晶-视觉锤-嘉丽-A7-B1-有-22,20260619,魏嘉丽,魏嘉丽,199元高中双科提分课,199元高中双科提分课,自投放,自有,自产原创,wangjiananbj03,0.32,0,0,0,32,0,0,0.00%,0.00%,-,0,0
d5f4c081d8ddbd35de38e73fd5f0a3bb,-,-,-,-,-,https://tutor-online1.fbcontent.cn/growth/internal-material/1781517226817.d5f4c081d8ddbd35de38e73fd5f0a3bb.mp4,0611-199双科-自产-自产二-王晶-曲中雨-婷玉-A1-B4-有-18,20260619,吴婷玉,吴婷玉,199元高中双科提分课,199元高中双科提分课,自投放,自有,自产原创,wangjiananbj03,0.28,0,0,0,12.73,0,0,0.00%,0.00%,-,0,0
4ad48ec1d9b5711d75989743c70b3134,-,-,-,-,-,https://tutor-online1.fbcontent.cn/growth/internal-material/1781580787142.4ad48ec1d9b5711d75989743c70b3134.mp4,0610-9物-自产-自产二-李博-曲中雨-浩正-A5-B1-无-12,20260619,杜浩正,杜浩正,9元高中物理李博,9元高中物理李博,申坤,自有,自产原创,wangruixuebj01,0.02,0,0,0,20,0,0,0.00%,0.00%,-,0,0
2520b508e17dae8b42abe4aab74fe550,-,-,-,-,-,https://tutor-online1.fbcontent.cn/growth/internal-material/1781082477008.2520b508e17dae8b42abe4aab74fe550.mp4,0527-199双科-自产-自产二-李博-视觉锤-嘉丽-A7-B1-有-12,20260619,魏嘉丽,魏嘉丽,199元高中双科提分课,199元高中双科提分课,自投放,自有,自产原创,wangjiananbj03,6.24,0,0,0,249.6,0,0,0.00%,0.00%,-,0,0
ee748f669050fc55649f1c867fe7f352,-,-,-,-,-,https://tutor-online1.fbcontent.cn/growth/internal-material/1780906797530.ee748f669050fc55649f1c867fe7f352.mp4,0603-9物-自产-自产主-李博-曲中雨-子衿-A3-B1-无-8-直播间,20260619,贾子矜,贾子矜,9元高中物理李博,9元高中物理李博,申坤,自有,自产原创,wangruixuebj01,4.83,0,0,0,46.89,4830,0,0.97%,0%,-,0,0
b22480ac2f470f56e33aac1e2cf2c403,-,-,-,-,-,https://tutor-online1.fbcontent.cn/growth/internal-material/1775810396949.b22480ac2f470f56e33aac1e2cf2c403.mp4,0317-199物-自产-自产二-李博-曲中雨-浩正--B2-有-19,20260619,杜浩正,杜浩正,199元高中双科提分课,199元高中双科提分课,自投放,自有,自产原创,wangjiananbj03,43.37,0,0,0,104.51,0,0,0.48%,0%,-,0,0
2e061ff3685a31ebd89a3ed533b748a8,-,-,-,-,-,https://tutor-online1.fbcontent.cn/growth/internal-material/1781769952310.2e061ff3685a31ebd89a3ed533b748a8.mp4,0527-9物-自产-自产主-李博-曲中雨-子衿-A5-B2-有-3-直播间,20260619,贾子矜,韩晨国,9元高中物理李博,9元高中物理李博,申坤,自有,自产原创,wangruixuebj01,2.16,0,0,0,34.84,0,0,6.45%,0%,-,0,0
7d6a75fe60f9eea5bf187cc93a085d45,-,-,-,-,-,https://tutor-online1.fbcontent.cn/growth/internal-material/1781580787170.7d6a75fe60f9eea5bf187cc93a085d45.mp4,0610-9物-自产-自产二-李博-曲中雨-浩正-A5-B1-有-12,20260619,杜浩正,杜浩正,9元高中物理李博,9元高中物理李博,申坤,自有,自产原创,wangruixuebj01,10.58,0,0,0,69.61,3526.67,0,2.63%,0%,-,0,0
40cd5b3cceceab4877fbf9460add984b,-,-,-,-,-,https://tutor-online1.fbcontent.cn/growth/internal-material/1780569960569.40cd5b3cceceab4877fbf9460add984b.mp4,0527-199双科-自产-自产主-李博-曲中雨-嘉丽-A6-B1-无-14,20260619,魏嘉丽,魏嘉丽,199元高中双科提分课,199元高中双科提分课,自投放,自有,自产原创,wangjiananbj03,50.32,0,0,0,32.38,16773.33,0,0.39%,0%,-,0,0
01a435819c48499543ac58eb5fa4c78d,-,-,-,-,-,https://tutor-online1.fbcontent.cn/growth/internal-material/1779706245887.01a435819c48499543ac58eb5fa4c78d.mp4,0520-199双科-自产-自产二-李博-曲中雨-子衿-A6-B1-有-3,20260619,贾子矜,贾子矜,199元高中双科提分课,199元高中双科提分课,自投放,自有,自产原创,wangjiananbj03,5.03,0,0,0,78.59,5030,0,0.00%,0.00%,-,0,0
ed6cda8f9a9b59d22e05ffa11d61d0e6,-,-,-,-,-,https://tutor-online1.fbcontent.cn/growth/internal-material/1780917862382.ed6cda8f9a9b59d22e05ffa11d61d0e6.mp4,0513-199双科-自产-自产主-李博-曲中雨-嘉丽-A5-B1-有-33,20260619,魏嘉丽,韩晨国,199元高中双科提分课,199元高中双科提分课,自投放,自有,自产原创,wangjiananbj03,8.05,0,0,0,115,0,0,0.00%,0.00%,-,0,0
6f2bb1d4e679b6897f83952f96ada07e,-,-,-,-,-,https://tutor-online1.fbcontent.cn/growth/internal-material/1780394024136.6f2bb1d4e679b6897f83952f96ada07e.mp4,0527-9物-自产-自产主-李博-曲中雨-子衿-A6-B1-有-1-直播间,20260619,贾子矜,贾子矜,9元高中物理李博,9元高中物理李博,申坤,自有,自产原创,wangruixuebj01,0.35,0,0,0,50,350,0,14.29%,0%,-,0,0
bf866b6e44e64ed9ab37df38cbc1647c,-,-,-,-,-,https://tutor-online1.fbcontent.cn/growth/internal-material/1779279974075.bf866b6e44e64ed9ab37df38cbc1647c.mp4,0513-199双科-自产-自产主-李博-视觉锤-雅迪-A5-B1-有-15,20260619,王雅迪,王雅迪,199元高中双科提分课,199元高中双科提分课,自投放,自有,自产原创,wangjiananbj03,21.32,0,0,0,58.25,21320,0,0.27%,0%,-,0,0
3c6e9495c641a24d19839600be35471f,-,-,-,-,-,https://tutor-online1.fbcontent.cn/growth/internal-material/1780984422492.3c6e9495c641a24d19839600be35471f.mp4,0526-199双科-自产-自产二-王晶-亿晨-子衿-A6-B1-有-1,20260619,贾子矜,贾子矜,199元高中双科提分课,199元高中双科提分课,自投放,自有,自产原创,wangjiananbj03,2.37,0,0,0,84.64,0,0,0.00%,0.00%,-,0,0
1efdf5fdfaeacf23fbff79764143ab33,-,-,-,-,-,https://tutor-online1.fbcontent.cn/growth/internal-material/1781580006792.1efdf5fdfaeacf23fbff79764143ab33.mp4,0610-199双科-自产-自产二-李博-视觉锤-子衿-A6-B1-无-6(1),20260619,贾子矜,贾子矜,199元高中双科提分课,199元高中双科提分课,自投放,自有,自产原创,wangjiananbj03,4.6,0,0,0,51.69,4600,0,2.25%,0%,-,0,0
c267d45903734865758eed62cece63b7,-,-,-,-,-,https://tutor-online1.fbcontent.cn/growth/internal-material/1779702539164.c267d45903734865758eed62cece63b7.mp4,0520-199双科-自产-自产二-李博-视觉锤-雅迪-A5-B1-有-13,20260619,王雅迪,王雅迪,199元高中双科提分课,199元高中双科提分课,自投放,自有,自产原创,wangjiananbj03,345.4,199,1,0.58,172.36,38377.78,345.4,1.20%,4.17%,-,0.5,22111.11
83e8fe3b1394289266d8dd46b71566ef,-,-,-,-,-,https://tutor-online1.fbcontent.cn/growth/internal-material/1779440147469.83e8fe3b1394289266d8dd46b71566ef.mp4,0513-199双科-自产-自产主-李博-曲中雨-嘉丽-A1-B1-无-30,20260619,魏嘉丽,魏嘉丽,199元高中双科提分课,199元高中双科提分课,自投放,自有,自产原创,wangjiananbj03,47.57,0,0,0,56.9,23785,0,0.60%,0%,-,0,0
c3d55ddec117721bb43ff46a2e070ab9,-,-,-,-,-,https://tutor-online1.fbcontent.cn/growth/internal-material/1780369784412.c3d55ddec117721bb43ff46a2e070ab9.mp4,0527-9物-自产-自产主-李博-视觉锤-雅迪-A5-B1-无-16,20260619,王雅迪,王雅迪,9元高中物理李博,9元高中物理李博,申坤,自有,自产原创,wangruixuebj01,0,0,0,0,0,0,0,0.00%,0.00%,-,0,0
8c3602cdd1cfd15c3d2ab47cf2c17cbc,-,-,-,-,-,https://tutor-online1.fbcontent.cn/growth/internal-material/1781769707234.8c3602cdd1cfd15c3d2ab47cf2c17cbc.mp4,0527-9物-自产-自产二-李博-曲中雨-浩正-A5-B1-有-15,20260619,杜浩正,韩晨国,9元高中物理李博,9元高中物理李博,申坤,自有,自产原创,wangruixuebj01,18.38,0,0,0,43.76,0,0,2.14%,0%,-,0,0
b8a1aed11ed1568deecfac51ff4f27d8,-,-,-,-,-,https://tutor-online1.fbcontent.cn/growth/internal-material/1779701588458.b8a1aed11ed1568deecfac51ff4f27d8.mp4,0520-199双科-自产-自产主-李博-曲中雨-浩正-A7-B1-有-7,20260619,杜浩正,杜浩正,199元高中双科提分课,199元高中双科提分课,自投放,自有,自产原创,wangjiananbj03,57.33,0,0,0,127.68,19110,0,2.23%,0%,-,0,0
72f97867842e4213d6a2e317d121163c,-,-,-,-,-,https://tutor-online1.fbcontent.cn/growth/internal-material/1780984421539.72f97867842e4213d6a2e317d121163c.mp4,0526-199双科-自产-自产二-王晶-亿晨-子衿-A5-B1-有-3,20260619,贾子矜,贾子矜,199元高中双科提分课,199元高中双科提分课,自投放,自有,自产原创,wangjiananbj03,43.5,0,0,0,59.43,21750,0,0.27%,0%,-,0,0
dd8e8f391432cfc750aadd2ffb4412a2,-,-,-,-,-,https://tutor-online1.fbcontent.cn/growth/internal-material/1776416966997.dd8e8f391432cfc750aadd2ffb4412a2.mp4,0415-9物-自产-自产主-李博-曲中雨-子衿-A6-B1-有-13-前贴1,20260619,贾子矜,贾子矜,9元高中物理李博,9元高中物理李博,玄武,自有,自产原创,wangruixuebj01,124.98,9,1,0.07,91.43,7811.25,124.98,1.46%,5.00%,-,0.73,562.5
28b2343005a3950613da6d5f0cb0dad5,-,-,-,-,-,https://tutor-online1.fbcontent.cn/growth/internal-material/1779701697305.28b2343005a3950613da6d5f0cb0dad5.mp4,0512-199双科-自产-自产二-王晶-云梵-嘉丽--B1-无-13,20260619,魏嘉丽,魏嘉丽,199元高中双科提分课,199元高中双科提分课,自投放,自有,自产原创,wangjiananbj03,54.39,0,0,0,55.61,0,0,0.00%,0.00%,-,0,0
5086c9b320da07f20d48f6e95503a272,-,-,-,-,-,https://tutor-online1.fbcontent.cn/growth/internal-material/1781769381603.5086c9b320da07f20d48f6e95503a272.mp4,0611-199双科-自产-自产主-王晶-曲中雨-嘉丽-A1-B1-无-21,20260619,魏嘉丽,魏嘉丽,199元高中双科提分课,199元高中双科提分课,自投放,自有,自产原创,wangjiananbj03,1.63,0,0,0,41.79,0,0,0.00%,0.00%,-,0,0
5176abfabd8e4f9f682b4cdbc15c95d5,-,-,-,-,-,https://tutor-online1.fbcontent.cn/growth/internal-material/1780040825980.5176abfabd8e4f9f682b4cdbc15c95d5.mp4,0520-199双科-自产-自产主-李博-曲中雨-小敏-A1-B6-无-23,20260619,曲敏,曲敏,199元高中双科提分课,199元高中双科提分课,自投放,自有,自产原创,wangjiananbj03,0.36,0,0,0,51.43,0,0,0.00%,0.00%,-,0,0
61a101b3e39c126ccc9d199a0cb37eb9,-,-,-,-,-,https://tutor-online1.fbcontent.cn/growth/internal-material/1780917990199.61a101b3e39c126ccc9d199a0cb37eb9.mp4,0513-199双科-自产-自产二-李博-曲中雨-嘉丽-A6-B1-无-31,20260619,魏嘉丽,韩晨国,199元高中双科提分课,199元高中双科提分课,自投放,自有,自产原创,wangjiananbj03,10.31,0,0,0,332.58,0,0,9.68%,0%,-,0,0
53c7b0abfc73b5bb1ded93329e8cf033,-,-,-,-,-,https://tutor-online1.fbcontent.cn/growth/internal-material/1780569961431.53c7b0abfc73b5bb1ded93329e8cf033.mp4,0527-199双科-自产-自产主-李博-曲中雨-嘉丽-A7-B1-无-12,20260619,魏嘉丽,魏嘉丽,199元高中双科提分课,199元高中双科提分课,自投放,自有,自产原创,wangjiananbj03,0.14,0,0,0,23.33,0,0,0.00%,0.00%,-,0,0
ed614a2eb44b5fe0176d925f46bd2a80,-,-,-,-,-,https://tutor-online1.fbcontent.cn/growth/internal-material/1780984420344.ed614a2eb44b5fe0176d925f46bd2a80.mp4,0526-199双科-自产-自产二-王晶-亿晨-子衿-A7-B2-有-2,20260619,贾子矜,贾子矜,199元高中双科提分课,199元高中双科提分课,自投放,自有,自产原创,wangjiananbj03,14.19,0,0,0,44.34,4730,0,1.25%,0%,-,0,0
c60c07ec9aa97c5cc2556b748bbf74ea,-,-,-,-,-,https://tutor-online1.fbcontent.cn/growth/internal-material/1781769531722.c60c07ec9aa97c5cc2556b748bbf74ea.mp4,0610-9物-自产-自产二-李博-巽阳-子衿-A5-B1-有-2-SY,20260619,贾子矜,韩晨国,9元高中物理李博,9元高中物理李博,申坤,自有,自产原创,wangruixuebj01,1.61,0,0,0,201.25,0,0,0.00%,0.00%,-,0,0
cf6b11945385e0a380ca1f3aa032ba1c,-,-,-,-,-,https://tutor-online1.fbcontent.cn/growth/internal-material/1781063588971.cf6b11945385e0a380ca1f3aa032ba1c.mp4,0603-199双科-自产-自产主-李博-曲中雨-嘉丽-A5-B1-有-14,20260619,魏嘉丽,魏嘉丽,199元高中双科提分课,199元高中双科提分课,自投放,自有,自产原创,wangjiananbj03,1.3,0,0,0,92.86,0,0,0.00%,0.00%,-,0,0
49ffc600301c5c9f7ae19c5bed6cd8fd,-,-,-,-,-,https://tutor-online1.fbcontent.cn/growth/internal-material/1773633709179.49ffc600301c5c9f7ae19c5bed6cd8fd.mp4,0312-9物-自产-自产二-李博-巽阳YS-子衿-A6-B1B2-有-20,20260619,贾子矜,贾子矜,9元高中物理李博,9元高中物理李博,玄武,自有,自产原创,wangruixuebj01,21.8,0,0,0,89.71,21800,0,4.94%,0%,-,0,0
daf655cc2e595e39bce0bc2b90a893e7,-,-,-,-,-,https://tutor-online1.fbcontent.cn/growth/internal-material/1779258539843.daf655cc2e595e39bce0bc2b90a893e7.mp4,0512-199双科-自产-自产主-王晶-曲中雨-子衿--B1B4-有-3,20260619,贾子矜,贾子矜,199元高中双科提分课,199元高中双科提分课,自投放,自有,自产原创,wangjiananbj03,14.62,0,0,0,75.75,0,0,1.55%,0%,-,0,0
a4612b72c6793f24248f4bbde512bf46,-,-,-,-,-,https://tutor-online1.fbcontent.cn/growth/internal-material/1781681454091.a4612b72c6793f24248f4bbde512bf46.mp4,0610-9物-自产-自产主-李博-视觉锤-雅迪-A5-B2-有-16,20260619,王雅迪,王雅迪,9元高中物理李博,9元高中物理李博,申坤,自有,自产原创,wangruixuebj01,3.76,0,0,0,53.71,0,0,1.43%,0%,-,0,0
6df9359c220eea18f03607c1a57ec283,-,-,-,-,-,https://tutor-online1.fbcontent.cn/growth/internal-material/1781681455727.6df9359c220eea18f03607c1a57ec283.mp4,0610-9物-自产-自产主-李博-视觉锤-雅迪-A5-B1B4-无-19,20260619,王雅迪,王雅迪,9元高中物理李博,9元高中物理李博,申坤,自有,自产原创,wangruixuebj01,0,0,0,0,0,0,0,0.00%,0.00%,-,0,0
92277b6614debe0a5c6061d0f7078a30,-,-,-,-,-,https://tutor-online1.fbcontent.cn/growth/internal-material/1781769381173.92277b6614debe0a5c6061d0f7078a30.mp4,0611-199双科-自产-自产主-王晶-曲中雨-嘉丽-A6-B1-无-20,20260619,魏嘉丽,魏嘉丽,199元高中双科提分课,199元高中双科提分课,自投放,自有,自产原创,wangjiananbj03,0.47,0,0,0,39.17,0,0,0.00%,0.00%,-,0,0
573f35541f5b0eb02be2d76227648d3b,-,-,-,-,-,https://tutor-online1.fbcontent.cn/growth/internal-material/1781580816189.573f35541f5b0eb02be2d76227648d3b.mp4,0527-9物-自产-自产主-李博-曲中雨-浩正-A5-B1-无-14,20260619,杜浩正,杜浩正,9元高中物理李博,9元高中物理李博,申坤,自有,自产原创,wangruixuebj01,0.02,0,0,0,3.33,0,0,0.00%,0.00%,-,0,0
859ea1a3c90c6721f6de45e83f0a882c,-,-,-,-,-,https://tutor-online1.fbcontent.cn/growth/internal-material/1780984420334.859ea1a3c90c6721f6de45e83f0a882c.mp4,0526-199双科-自产-自产主-王晶-亿晨-子衿-A7-B2-有-2,20260619,贾子矜,贾子矜,199元高中双科提分课,199元高中双科提分课,自投放,自有,自产原创,wangjiananbj03,43.87,0,0,0,626.71,43870,0,8.57%,0%,-,0,0
0f7cc405a4be1fa4605f0b0a4d5fd80e,-,-,-,-,-,https://tutor-online1.fbcontent.cn/growth/internal-material/1778581776108.0f7cc405a4be1fa4605f0b0a4d5fd80e.mp4,0508-199双科-自产-自产主-李博-视觉锤-雅迪-A1-B4B6-有-12,20260619,王雅迪,王雅迪,199元高中双科提分课,199元高中双科提分课,自投放,自有,自产原创,wangjiananbj03,1116.58,199,1,0.18,190.35,33835.76,1116.58,0.97%,1.75%,-,0.17,6030.3
e938c01e963ad0f4c44c706f0304a49e,-,-,-,-,-,https://tutor-online1.fbcontent.cn/growth/internal-material/1779953135567.e938c01e963ad0f4c44c706f0304a49e.mp4,0520-199双科-自产-自产主-李博-视觉锤-嘉丽-A6-B1-无-19,20260619,魏嘉丽,魏嘉丽,199元高中双科提分课,199元高中双科提分课,自投放,自有,自产原创,wangjiananbj03,33.85,0,0,0,101.35,8462.5,0,2.10%,0%,-,0,0
44ce21a822864f9d09a9b96fe22e22c5,-,-,-,-,-,https://tutor-online1.fbcontent.cn/growth/internal-material/1777262078337.44ce21a822864f9d09a9b96fe22e22c5.mp4,0422-9物-自产-自产主-李博-曲中雨-子衿-A6-B1B2-无-11,20260619,贾子矜,贾子矜,9元高中物理李博,9元高中物理李博,申坤,自有,自产原创,wangruixuebj01,1.26,0,0,0,17.5,630,0,4.17%,0%,-,0,0
c1cd5fb7814f25b1cce9b2d6e3a038f5,-,-,-,-,-,https://tutor-online1.fbcontent.cn/growth/internal-material/1775548229416.c1cd5fb7814f25b1cce9b2d6e3a038f5.mp4,0401-9物-自产-自产二-李博-曲中雨-子衿-A3-B1-有-23-前贴2,20260619,贾子矜,贾子矜,9元高中物理李博,9元高中物理李博,玄武,自有,自产原创,wangruixuebj01,7.83,0,0,0,139.82,0,0,0.00%,0.00%,-,0,0
1107d1ce1afeb47e78785778e9789347,-,-,-,-,-,https://tutor-online1.fbcontent.cn/growth/internal-material/1780984420902.1107d1ce1afeb47e78785778e9789347.mp4,0526-199双科-自产-自产二-王晶-亿晨-子衿-A7-B1-有-4,20260619,贾子矜,贾子矜,199元高中双科提分课,199元高中双科提分课,自投放,自有,自产原创,wangjiananbj03,11.62,0,0,0,227.84,5810,0,5.88%,0%,-,0,0
04e7c85fcbe735c98fab6aa0c849d300,-,-,-,-,-,https://tutor-online1.fbcontent.cn/growth/internal-material/1781769532572.04e7c85fcbe735c98fab6aa0c849d300.mp4,0610-9物-自产-自产二-李博-巽阳-子衿-A3-B1-无-4-直播间-LL,20260619,贾子矜,韩晨国,9元高中物理李博,9元高中物理李博,申坤,自有,自产原创,wangruixuebj01,3.21,0,0,0,160.5,3210,0,10.00%,0%,-,0,0
2e87fbcd6e95a9755794a6fbade4cbf3,-,-,-,-,-,https://tutor-online1.fbcontent.cn/growth/internal-material/1770030073063.2e87fbcd6e95a9755794a6fbade4cbf3.mp4,0128-自产主-李博-8-3--有-9物-子矜- IP-曲中雨,20260619,贾子矜,贾子矜,9元高中物理李博,9元高中物理李博-实物,玄武,自有,自产原创,wangruixuebj01,1136.39,45,5,0.04,174.99,13061.95,227.28,1.52%,5.05%,-,0.77,517.24
ac6b945414eb899ece6ca8f2bd57bddf,-,-,-,-,-,https://tutor-online1.fbcontent.cn/growth/internal-material/1779706278704.ac6b945414eb899ece6ca8f2bd57bddf.mp4,0520-199双科-自产-自产主-李博-曲中雨-子衿-A6-B1-无-3,20260619,贾子矜,贾子矜,199元高中双科提分课,199元高中双科提分课,自投放,自有,自产原创,wangjiananbj03,0.41,0,0,0,205,0,0,0.00%,0.00%,-,0,0
163cf57058753860f7b58222177eb862,-,-,-,-,-,https://tutor-online1.fbcontent.cn/growth/internal-material/1780393906445.163cf57058753860f7b58222177eb862.mp4,0527-9物-自产-自产二-李博-曲中雨-子衿-A5-B2-无-2-直播间,20260619,贾子矜,贾子矜,9元高中物理李博,9元高中物理李博,申坤,自有,自产原创,wangruixuebj01,1.28,0,0,0,91.43,0,0,0.00%,0.00%,-,0,0
859ea1a3c90c6721f6de45e83f0a882c,-,-,-,-,-,https://tutor-online1.fbcontent.cn/growth/internal-material/1780984420334.859ea1a3c90c6721f6de45e83f0a882c.mp4,0526-199双科-自产-自产主-王晶-亿晨-子衿-A7-B2-有-2,20260619,贾子矜,贾子矜,199元高中双科提分课,199元高中双科提分课,自投放,自有,自产原创,wangjiananbj03,28.51,0,0,0,120.3,3563.75,0,2.53%,0%,-,0,0
bcea9d8c5936779f06632c1bbe8f026d,-,-,-,-,-,https://tutor-online1.fbcontent.cn/growth/internal-material/1779706247196.bcea9d8c5936779f06632c1bbe8f026d.mp4,0520-199双科-自产-自产二-李博-曲中雨-子衿-A5-B2-有-4,20260619,贾子矜,贾子矜,199元高中双科提分课,199元高中双科提分课,自投放,自有,自产原创,wangjiananbj03,7.54,0,0,0,52.36,7540,0,0.69%,0%,-,0,0
26a83dce037b3511a91d0fef75e0e59b,-,-,-,-,-,https://tutor-online1.fbcontent.cn/growth/internal-material/1775548228196.26a83dce037b3511a91d0fef75e0e59b.mp4,0401-9物-自产-自产二-李博-曲中雨-子衿-A3-B1-无-23,20260619,贾子矜,贾子矜,9元高中物理李博,9元高中物理李博,玄武,自有,自产原创,wangruixuebj01,5.03,0,0,0,82.46,1006,0,8.20%,0%,-,0,0
e5ebb13fc82ffbc050a534301b168e8b,-,-,-,-,-,https://tutor-online1.fbcontent.cn/growth/internal-material/1780560673801.e5ebb13fc82ffbc050a534301b168e8b.mp4,0526-199双科-自产-自产主-王晶-亿晨-小敏-A7-B5-有-11,20260619,曲敏,曲敏,199元高中双科提分课,199元高中双科提分课,自投放,自有,自产原创,wangjiananbj03,48.93,0,0,0,84.22,0,0,0.00%,0.00%,-,0,0
ee32f2e5494e257fc20ec1ebd5f4ad15,-,-,-,-,-,https://tutor-online1.fbcontent.cn/growth/internal-material/1781508312801.ee32f2e5494e257fc20ec1ebd5f4ad15.mp4,0602-199双科-自产-自产二-王晶-巽阳-小敏-A6-B1B2-有-13-LL,20260619,曲敏,曲敏,199元高中双科提分课,199元高中双科提分课,自投放,自有,自产原创,wangjiananbj03,3.94,0,0,0,74.34,0,0,0.00%,0.00%,-,0,0
390cf9cb679d1778aebb9ce53196b68e,-,-,-,-,-,https://tutor-online1.fbcontent.cn/growth/internal-material/1778581745118.390cf9cb679d1778aebb9ce53196b68e.mp4,0508-199双科-自产-自产主-李博-视觉锤-雅迪-A5-B1-无-15,20260619,王雅迪,王雅迪,199元高中双科提分课,199元高中双科提分课,自投放,自有,自产原创,wangjiananbj03,0.58,0,0,0,29,0,0,0.00%,0.00%,-,0,0
a5ef18b208d526e9120b7a4b04c7e0b2,-,-,-,-,-,https://tutor-online1.fbcontent.cn/growth/internal-material/1781769653453.a5ef18b208d526e9120b7a4b04c7e0b2.mp4,0610-9物-自产-自产主-李博-曲中雨-子衿-A7-B1-无-5,20260619,贾子矜,韩晨国,9元高中物理李博,9元高中物理李博,申坤,自有,自产原创,wangruixuebj01,7.02,0,0,0,1404,0,0,20.00%,0%,-,0,0
db2aacd3987718e95635ccab815f1fb5,-,-,-,-,-,https://tutor-online1.fbcontent.cn/growth/internal-material/1781769381166.db2aacd3987718e95635ccab815f1fb5.mp4,0611-199双科-自产-自产主-王晶-曲中雨-嘉丽-A6-B1-无-23,20260619,魏嘉丽,魏嘉丽,199元高中双科提分课,199元高中双科提分课,自投放,自有,自产原创,wangjiananbj03,0.72,0,0,0,180,0,0,0.00%,0.00%,-,0,0
40b6a6c6a42a6012d30be6ace3795c8b,-,-,-,-,-,https://tutor-online1.fbcontent.cn/growth/internal-material/1780975484547.40b6a6c6a42a6012d30be6ace3795c8b.mp4,0520-199双科-自产-自产二-李博-曲中雨-小敏-A7-B1-有-24,20260619,曲敏,韩晨国,199元高中双科提分课,199元高中双科提分课,自投放,自有,自产原创,wangjiananbj03,127.85,0,0,0,180.58,31962.5,0,2.12%,0%,-,0,0
7653cbec1568262b7e0ded26d53ba5ec,-,-,-,-,-,https://tutor-online1.fbcontent.cn/growth/internal-material/1780393943328.7653cbec1568262b7e0ded26d53ba5ec.mp4,0527-9物-自产-自产二-李博-曲中雨-子衿-A6-B1-有-5-直播间,20260619,贾子矜,贾子矜,9元高中物理李博,9元高中物理李博,申坤,自有,自产原创,wangruixuebj01,0.02,0,0,0,2,0,0,0.00%,0.00%,-,0,0
0dfe3f10afb06600da1f570e20be1bfb,-,-,-,-,-,https://tutor-online1.fbcontent.cn/growth/internal-material/1779706246666.0dfe3f10afb06600da1f570e20be1bfb.mp4,0520-199双科-自产-自产二-李博-曲中雨-子衿-A5-B2-无-4,20260619,贾子矜,贾子矜,199元高中双科提分课,199元高中双科提分课,自投放,自有,自产原创,wangjiananbj03,119.92,199,1,1.66,216.07,59960,119.92,0.72%,25.00%,-,1.8,99500
8cdeda721ad44401ae7faf876df78f53,-,-,-,-,-,https://tutor-online1.fbcontent.cn/growth/internal-material/1777262038039.8cdeda721ad44401ae7faf876df78f53.mp4,0422-9物-自产-自产二-李博-曲中雨-子衿-A7-B1-无-14,20260619,贾子矜,贾子矜,9元高中物理李博,9元高中物理李博,申坤,自有,自产原创,wangruixuebj01,0,0,0,0,0,0,0,0.00%,0.00%,-,0,0
4cbb0e364ad8e46dadb1c128bb0ea6d4,-,-,-,-,-,https://tutor-online1.fbcontent.cn/growth/internal-material/1781769534372.4cbb0e364ad8e46dadb1c128bb0ea6d4.mp4,0610-9物-自产-自产二-李博-巽阳-子衿-A7-B1-无-7-直播间-LL,20260619,贾子矜,韩晨国,9元高中物理李博,9元高中物理李博,申坤,自有,自产原创,wangruixuebj01,1.3,0,0,0,40.63,0,0,9.38%,0%,-,0,0
c516a52e1c8814ac84f12b9983437188,-,-,-,-,-,https://tutor-online1.fbcontent.cn/growth/internal-material/1780918255807.c516a52e1c8814ac84f12b9983437188.mp4,0520-199双科-自产-自产主-李博-曲中雨-浩正-A5-B2-有-9,20260619,杜浩正,韩晨国,199元高中双科提分课,199元高中双科提分课,自投放,自有,自产原创,wangjiananbj03,2.19,0,0,0,53.41,2190,0,14.63%,0%,-,0,0
79f511c71f022bdcb20c91a093e5762f,-,-,-,-,-,https://tutor-online1.fbcontent.cn/growth/internal-material/1781580030000.79f511c71f022bdcb20c91a093e5762f.mp4,0610-199双科-自产-自产二-李博-视觉锤-子衿-A6-B1-有-2(1),20260619,贾子矜,贾子矜,199元高中双科提分课,199元高中双科提分课,自投放,自有,自产原创,wangjiananbj03,40.97,0,0,0,107.25,40970,0,0.52%,0%,-,0,0
8906745ce3e833adb10a33bfd92807aa,-,-,-,-,-,https://tutor-online1.fbcontent.cn/growth/internal-material/1780983143422.8906745ce3e833adb10a33bfd92807aa.mp4,6月4日 (3)(6),20260619,贾子矜,贾子矜,199元高中双科提分课,199元高中双科提分课,自投放,自有,自产原创,wangjiananbj03,15.03,0,0,0,60.36,15030,0,3.61%,0%,-,0,0
e5e54cd0453dfd7e1080b8936f0dc246,-,-,-,-,-,https://tutor-online1.fbcontent.cn/growth/internal-material/1781079684996.e5e54cd0453dfd7e1080b8936f0dc246.mp4,0604-状元笔记-自产-混剪--曲中雨-婷玉---有-25,20260619,吴婷玉,吴婷玉,高中手写笔记,高中手写笔记,自投放,自有,自产原创,wangjiananbj03,14.53,0,0,0,238.2,0,0,45.90%,0%,-,0,0
03e03a75fef994589671d8ce0474d994,-,-,-,-,-,https://tutor-online1.fbcontent.cn/growth/internal-material/1779706310141.03e03a75fef994589671d8ce0474d994.mp4,0520-199双科-自产-自产主-李博-曲中雨-子衿-A6-B2-有-1,20260619,贾子矜,贾子矜,199元高中双科提分课,199元高中双科提分课,自投放,自有,自产原创,wangjiananbj03,226.8,199,1,0.88,99.3,17446.15,226.8,0.61%,7.14%,-,0.44,15307.69
2b57f3f7b38f17b4e162e73ff4715389,-,-,-,-,-,https://tutor-online1.fbcontent.cn/growth/internal-material/1780393695558.2b57f3f7b38f17b4e162e73ff4715389.mp4,0527-9物-自产-自产主-李博-曲中雨-子衿-A6-B2-无-4,20260619,贾子矜,贾子矜,9元高中物理李博,9元高中物理李博,申坤,自有,自产原创,wangruixuebj01,21.8,0,0,0,53.04,21800,0,0.24%,0%,-,0,0
be4edc7f789e3d1fb626dc73265e4b9a,-,-,-,-,-,https://tutor-online1.fbcontent.cn/growth/internal-material/1780393994915.be4edc7f789e3d1fb626dc73265e4b9a.mp4,0527-9物-自产-自产主-李博-曲中雨-子衿-A5-B2-有-2-直播间,20260619,贾子矜,贾子矜,9元高中物理李博,9元高中物理李博,申坤,自有,自产原创,wangruixuebj01,15.2,0,0,0,57.58,3800,0,4.17%,0%,-,0,0
6bff84a97b4cebe2c39e59c60352732b,-,-,-,-,-,https://tutor-online1.fbcontent.cn/growth/internal-material/1781353900845.6bff84a97b4cebe2c39e59c60352732b.mp4,0602-199双科-自产-自产二-王晶-巽阳-子衿-A6-B2-有-1-RS,20260619,贾子矜,贾子矜,199元高中双科提分课,199元高中双科提分课,自投放,自有,自产原创,wangjiananbj03,0.01,0,0,0,10,0,0,0.00%,0.00%,-,0,0
ebcfb0be91e72d2ee5622d98ac667337,-,-,-,-,-,https://tutor-online1.fbcontent.cn/growth/internal-material/1781505314308.ebcfb0be91e72d2ee5622d98ac667337.mp4,0602-199双科-自产-自产主-王晶-巽阳-小敏-A6-B1-无-11-LL,20260619,曲敏,曲敏,199元高中双科提分课,199元高中双科提分课,自投放,自有,自产原创,wangjiananbj03,24.13,0,0,0,123.74,12065,0,4.62%,0%,-,0,0
9625bc3110194f040edde2b0e26e3ae7,-,-,-,-,-,https://tutor-online1.fbcontent.cn/growth/internal-material/1780976417050.9625bc3110194f040edde2b0e26e3ae7.mp4,0521-状元笔记-自产-自产二--曲中雨-小敏-A5-B2-无-22,20260619,曲敏,韩晨国,高中手写笔记,高中手写笔记,自投放,自有,自产原创,wangjiananbj03,7.52,0,0,0,35.31,0,0,0.94%,0%,-,0,0
c8d85e0f2a43603e4807b1cdd486ed21,-,-,-,-,-,https://tutor-online1.fbcontent.cn/growth/internal-material/1775548229436.c8d85e0f2a43603e4807b1cdd486ed21.mp4,0401-9物-自产-自产二-李博-曲中雨-子衿-A3-B1-有-23-前贴1,20260619,贾子矜,贾子矜,9元高中物理李博,9元高中物理李博,玄武,自有,自产原创,wangruixuebj01,54.7,9,1,0.16,112.55,10940,54.7,1.23%,16.67%,-,2.06,1800
1107d1ce1afeb47e78785778e9789347,-,-,-,-,-,https://tutor-online1.fbcontent.cn/growth/internal-material/1780984420902.1107d1ce1afeb47e78785778e9789347.mp4,0526-199双科-自产-自产二-王晶-亿晨-子衿-A7-B1-有-4,20260619,贾子矜,贾子矜,199元高中双科提分课,199元高中双科提分课,自投放,自有,自产原创,wangjiananbj03,23.08,0,0,0,102.12,0,0,3.98%,0%,-,0,0
34784e0f591a32d845ca85c3708212e1,-,-,-,-,-,https://tutor-online1.fbcontent.cn/growth/internal-material/1780369895793.34784e0f591a32d845ca85c3708212e1.mp4,0527-9物-自产-自产二-李博-视觉锤-雅迪-A5-B1-无-16,20260619,王雅迪,王雅迪,9元高中物理李博,9元高中物理李博,申坤,自有,自产原创,wangruixuebj01,0.26,0,0,0,65,0,0,0.00%,0.00%,-,0,0
53395ea12e6cd337deac364c861cd5f1,-,-,-,-,-,https://tutor-online1.fbcontent.cn/growth/internal-material/1780975666225.53395ea12e6cd337deac364c861cd5f1.mp4,0520-199双科-自产-自产二-李博-曲中雨-小敏-A1-B6-无-23,20260619,曲敏,韩晨国,199元高中双科提分课,199元高中双科提分课,自投放,自有,自产原创,wangjiananbj03,98.48,0,0,0,97.02,49240,0,0.39%,0%,-,0,0
c8d85e0f2a43603e4807b1cdd486ed21,-,-,-,-,-,https://tutor-online1.fbcontent.cn/growth/internal-material/1775548229436.c8d85e0f2a43603e4807b1cdd486ed21.mp4,0401-9物-自产-自产二-李博-曲中雨-子衿-A3-B1-有-23-前贴1,20260619,贾子矜,贾子矜,9元高中物理李博,9元高中物理李博,玄武,自有,自产原创,wangruixuebj01,1300.28,36,4,0.03,149.08,33340.51,325.07,1.28%,3.57%,-,0.46,923.08
e7e6ccf30617c52580435eae1f2dd0fc,-,-,-,-,-,https://tutor-online1.fbcontent.cn/growth/internal-material/1780393600037.e7e6ccf30617c52580435eae1f2dd0fc.mp4,0527-9物-自产-自产二-李博-曲中雨-子衿-A7-B2-有-6,20260619,贾子矜,贾子矜,9元高中物理李博,9元高中物理李博,申坤,自有,自产原创,wangruixuebj01,22.72,0,0,0,67.42,11360,0,1.19%,0%,-,0,0
1d6a21ffed3505a98468fb67f8045849,-,-,-,-,-,https://tutor-online1.fbcontent.cn/growth/internal-material/1780906798576.1d6a21ffed3505a98468fb67f8045849.mp4,0603-9物-自产-自产主-李博-曲中雨-子衿-A6-B2-无-3-直播间,20260619,贾子矜,贾子矜,9元高中物理李博,9元高中物理李博,申坤,自有,自产原创,wangruixuebj01,4.79,0,0,0,82.59,4790,0,1.72%,0%,-,0,0
f7fe563190b56bbc288e52984397b6da,-,-,-,-,-,https://tutor-online1.fbcontent.cn/growth/internal-material/1781582189080.f7fe563190b56bbc288e52984397b6da.mp4,0610-9物-自产-自产二-李博-视觉锤-雅迪-A5-B2-无-16,20260619,王雅迪,王雅迪,9元高中物理李博,9元高中物理李博,申坤,自有,自产原创,wangruixuebj01,14.87,0,0,0,55.49,7435,0,0.75%,0%,-,0,0
8c1af27a915de2e74c6351aefd638254,-,-,-,-,-,https://tutor-online1.fbcontent.cn/growth/internal-material/1780917989263.8c1af27a915de2e74c6351aefd638254.mp4,0513-199双科-自产-自产二-李博-曲中雨-嘉丽-A7-B1-无-32,20260619,魏嘉丽,韩晨国,199元高中双科提分课,199元高中双科提分课,自投放,自有,自产原创,wangjiananbj03,13.43,0,0,0,25.1,6715,0,0.37%,0%,-,0,0
39e35166a82b50a71a6f2340aeff1735,-,-,-,-,-,https://tutor-online1.fbcontent.cn/growth/internal-material/1781063589648.39e35166a82b50a71a6f2340aeff1735.mp4,0603-199双科-自产-自产主-李博-曲中雨-嘉丽-A5-B1-无-13,20260619,魏嘉丽,魏嘉丽,199元高中双科提分课,199元高中双科提分课,自投放,自有,自产原创,wangjiananbj03,0.49,0,0,0,49,0,0,0.00%,0.00%,-,0,0
bb855e29d982f9fc0c0f4a132dbcc233,-,-,-,-,-,https://tutor-online1.fbcontent.cn/growth/internal-material/1781769783356.bb855e29d982f9fc0c0f4a132dbcc233.mp4,0527-9物-自产-自产主-李博-曲中雨-浩正-A5-B1-无-12-直播间,20260619,杜浩正,韩晨国,9元高中物理李博,9元高中物理李博,申坤,自有,自产原创,wangruixuebj01,0.23,0,0,0,115,0,0,0.00%,0.00%,-,0,0
fa70ad057d3ce1946c3cbbaf8882a7b9,-,-,-,-,-,https://tutor-online1.fbcontent.cn/growth/internal-material/1780393907968.fa70ad057d3ce1946c3cbbaf8882a7b9.mp4,0527-9物-自产-自产二-李博-曲中雨-子衿-A5-B2-有-2-直播间,20260619,贾子矜,贾子矜,9元高中物理李博,9元高中物理李博,申坤,自有,自产原创,wangruixuebj01,7.77,0,0,0,42,3885,0,1.62%,0%,-,0,0
43d5c5bfe250c95bb64ca03d5eb16732,-,-,-,-,-,https://tutor-online1.fbcontent.cn/growth/internal-material/1781582189058.43d5c5bfe250c95bb64ca03d5eb16732.mp4,0610-9物-自产-自产二-李博-视觉锤-雅迪-A5-B2-无-18,20260619,王雅迪,王雅迪,9元高中物理李博,9元高中物理李博,申坤,自有,自产原创,wangruixuebj01,0.84,0,0,0,35,0,0,0.00%,0.00%,-,0,0
286d81572c0266e92d186adb2ce6aac6,-,-,-,-,-,https://tutor-online1.fbcontent.cn/growth/internal-material/1781508313430.286d81572c0266e92d186adb2ce6aac6.mp4,0602-199双科-自产-自产二-王晶-巽阳-小敏-A5-B1-有-14-SY,20260619,曲敏,曲敏,199元高中双科提分课,199元高中双科提分课,自投放,自有,自产原创,wangjiananbj03,0.11,0,0,0,110,0,0,0.00%,0.00%,-,0,0
58bf8984efaf8ba514005f6e6d33cb7f,-,-,-,-,-,https://tutor-online1.fbcontent.cn/growth/internal-material/1781769257391.58bf8984efaf8ba514005f6e6d33cb7f.mp4,0618-9物-自产-自产主-李博-曲中雨-子衿-A6-B1-有-13-前贴1-嘉丽混剪-4,20260619,魏嘉丽,魏嘉丽,9元高中物理李博,9元高中物理李博,申坤,自有,自产原创,wangruixuebj01,4.4,0,0,0,100,4400,0,25.00%,0%,-,0,0
20b8eb386392f37b747f7637c49b3ec7,-,-,-,-,-,https://tutor-online1.fbcontent.cn/growth/internal-material/1775548305351.20b8eb386392f37b747f7637c49b3ec7.mp4,0401-9物-自产-自产主-李博-曲中雨-子衿-A3-B1-有-23-前贴1,20260619,贾子矜,贾子矜,9元高中物理李博,9元高中物理李博,玄武,自有,自产原创,wangruixuebj01,32.91,0,0,0,68.56,6582,0,1.25%,0%,-,0,0
58167d69f15fa28564f3262d02c925e3,-,-,-,-,-,https://tutor-online1.fbcontent.cn/growth/internal-material/1780917987904.58167d69f15fa28564f3262d02c925e3.mp4,0513-199双科-自产-自产主-李博-曲中雨-嘉丽-A5-B1-无-33,20260619,魏嘉丽,韩晨国,199元高中双科提分课,199元高中双科提分课,自投放,自有,自产原创,wangjiananbj03,90.03,0,0,0,78.7,11253.75,0,0.79%,0%,-,0,0
0ebbdbbf3d6ad22bc7c434c74828ed41,-,-,-,-,-,https://tutor-online1.fbcontent.cn/growth/internal-material/1781169457656.0ebbdbbf3d6ad22bc7c434c74828ed41.mp4,0611-状元笔记-自产-自产主--视觉锤-雅迪-A6-B5-有-42,20260619,王雅迪,王雅迪,高中手写笔记,高中手写笔记,自投放,自有,自产原创,wangjiananbj03,6.45,0,0,0,96.27,0,0,14.93%,0%,-,0,0
2da5eb43b115592b22575fd96500ae8a,-,-,-,-,-,https://tutor-online1.fbcontent.cn/growth/internal-material/1781681455693.2da5eb43b115592b22575fd96500ae8a.mp4,0610-9物-自产-自产主-李博-视觉锤-雅迪-A5-B1-有-20,20260619,王雅迪,王雅迪,9元高中物理李博,9元高中物理李博,申坤,自有,自产原创,wangruixuebj01,1.16,0,0,0,89.23,1160,0,7.69%,0%,-,0,0
684b47860cb98f2bee04402c40d762bc,-,-,-,-,-,https://tutor-online1.fbcontent.cn/growth/internal-material/1780917987694.684b47860cb98f2bee04402c40d762bc.mp4,0513-199双科-自产-自产二-李博-曲中雨-嘉丽-A7-B1-无-34,20260619,魏嘉丽,韩晨国,199元高中双科提分课,199元高中双科提分课,自投放,自有,自产原创,wangjiananbj03,7.12,0,0,0,86.83,0,0,0.00%,0.00%,-,0,0
9a8240e3b2ac6f3cbfd0412206f70cb0,-,-,-,-,-,https://tutor-online1.fbcontent.cn/growth/internal-material/1779701696317.9a8240e3b2ac6f3cbfd0412206f70cb0.mp4,0514-199双科-自产-自产主-王晶-云梵-嘉丽--B1-无-21,20260619,魏嘉丽,魏嘉丽,199元高中双科提分课,199元高中双科提分课,自投放,自有,自产原创,wangjiananbj03,3.88,0,0,0,161.67,3880,0,4.17%,0%,-,0,0
b73b93e7ce8e909272b5ba3add8bcc9f,-,-,-,-,-,https://tutor-online1.fbcontent.cn/growth/internal-material/1781769950065.b73b93e7ce8e909272b5ba3add8bcc9f.mp4,0527-9物-自产-自产主-李博-曲中雨-子衿-A6-B1-无-1-直播间,20260619,贾子矜,韩晨国,9元高中物理李博,9元高中物理李博,申坤,自有,自产原创,wangruixuebj01,0.01,0,0,0,10,0,0,0.00%,0.00%,-,0,0
643ad7ec4954e07101c7b4ff23125d6f,-,-,-,-,-,https://tutor-online1.fbcontent.cn/growth/internal-material/1781517225870.643ad7ec4954e07101c7b4ff23125d6f.mp4,0611-199双科-自产-自产二-王晶-曲中雨-婷玉-A6-B3-无-19,20260619,吴婷玉,吴婷玉,199元高中双科提分课,199元高中双科提分课,自投放,自有,自产原创,wangjiananbj03,0,0,0,0,0,0,0,0.00%,0.00%,-,0,0
a925ff0edbd042d3dca1500e4bc3c97e,-,-,-,-,-,https://tutor-online1.fbcontent.cn/growth/internal-material/1780975536485.a925ff0edbd042d3dca1500e4bc3c97e.mp4,0520-199双科-自产-自产主-李博-曲中雨-小敏-A7-B1-有-24,20260619,曲敏,韩晨国,199元高中双科提分课,199元高中双科提分课,自投放,自有,自产原创,wangjiananbj03,24.95,0,0,0,124.75,24950,0,2.50%,0%,-,0,0
fac75c4ec0bca6b960d81290287ba777,-,-,-,-,-,https://tutor-online1.fbcontent.cn/growth/internal-material/1781579960306.fac75c4ec0bca6b960d81290287ba777.mp4,0610-199双科-自产-自产二-李博-视觉锤-子衿-A2-B1-有-7(1),20260619,贾子矜,贾子矜,199元高中双科提分课,199元高中双科提分课,自投放,自有,自产原创,wangjiananbj03,1.5,0,0,0,27.27,0,0,0.00%,0.00%,-,0,0
5a7dffba61f115a462f94b2801529d54,-,-,-,-,-,https://tutor-online1.fbcontent.cn/growth/internal-material/1781769977489.5a7dffba61f115a462f94b2801529d54.mp4,0527-9物-自产-自产主-李博-曲中雨-子衿-A7-B2-无-6,20260619,贾子矜,韩晨国,9元高中物理李博,9元高中物理李博,申坤,自有,自产原创,wangruixuebj01,1.89,0,0,0,37.8,1890,0,26.00%,0%,-,0,0
60fda511de23511be14bbd8d8186fc12,-,-,-,-,-,https://tutor-online1.fbcontent.cn/growth/internal-material/1778581745046.60fda511de23511be14bbd8d8186fc12.mp4,0508-199双科-自产-自产主-李博-视觉锤-雅迪-A5-B1-无-17,20260619,王雅迪,王雅迪,199元高中双科提分课,199元高中双科提分课,自投放,自有,自产原创,wangjiananbj03,1.89,0,0,0,43.95,1890,0,4.65%,0%,-,0,0
58bf8984efaf8ba514005f6e6d33cb7f,-,-,-,-,-,https://tutor-online1.fbcontent.cn/growth/internal-material/1781769257391.58bf8984efaf8ba514005f6e6d33cb7f.mp4,0618-9物-自产-自产主-李博-曲中雨-子衿-A6-B1-有-13-前贴1-嘉丽混剪-4,20260619,魏嘉丽,魏嘉丽,9元高中物理李博,9元高中物理李博,申坤,自有,自产原创,wangruixuebj01,1.06,0,0,0,55.79,0,0,10.53%,0%,-,0,0
4cc8fcf55cda7ade1c2294936a78e254,-,-,-,-,-,https://tutor-online1.fbcontent.cn/growth/internal-material/1780656484642.4cc8fcf55cda7ade1c2294936a78e254.mp4,0603-9物-自产-自产主-李博-视觉锤-浩正-A5-B1-有-13,20260619,杜浩正,杜浩正,9元高中物理李博,9元高中物理李博,申坤,自有,自产原创,wangruixuebj01,0.92,0,0,0,32.86,0,0,3.57%,0%,-,0,0
fa401c12bdc5a5121dbbb9bf277bd1e1,-,-,-,-,-,https://tutor-online1.fbcontent.cn/growth/internal-material/1779443729718.fa401c12bdc5a5121dbbb9bf277bd1e1.mp4,0521-9物-自产-自产主-李博-曲中雨-嘉丽-A1价格拆解-B1效果方法体系-无-15,20260619,魏嘉丽,魏嘉丽,9元高中物理李博,9元高中物理李博,申坤,自有,自产原创,wangruixuebj01,0.01,0,0,0,2,0,0,0.00%,0.00%,-,0,0
b4d9e2638039f3dcc452e7ca4384fdfa,-,-,-,-,-,https://tutor-online1.fbcontent.cn/growth/internal-material/1780072082848.b4d9e2638039f3dcc452e7ca4384fdfa.mov, 0415-9物-自产-自产主-李博-曲中雨-子衿-A2-B4-有-12.mp4,20260619,贾子矜,贾子矜,9元高中物理李博,9元高中物理李博,申坤,自有,自产原创,wangruixuebj01,0.14,0,0,0,14,0,0,0.00%,0.00%,-,0,0
8a78ec40ac2ef7ed2497d61f31abccde,-,-,-,-,-,https://tutor-online1.fbcontent.cn/growth/internal-material/1779706244825.8a78ec40ac2ef7ed2497d61f31abccde.mp4,0520-199双科-自产-自产二-李博-曲中雨-子衿-A6-B2-无-1,20260619,贾子矜,贾子矜,199元高中双科提分课,199元高中双科提分课,自投放,自有,自产原创,wangjiananbj03,2.02,0,0,0,144.29,0,0,0.00%,0.00%,-,0,0
c134c2b71efd71124b7c35d7fecb3b07,-,-,-,-,-,https://tutor-online1.fbcontent.cn/growth/internal-material/1781508313053.c134c2b71efd71124b7c35d7fecb3b07.mp4,0602-199双科-自产-自产二-王晶-巽阳-小敏-A2-B4-有-12-LL,20260619,曲敏,曲敏,199元高中双科提分课,199元高中双科提分课,自投放,自有,自产原创,wangjiananbj03,6.02,0,0,0,146.83,0,0,0.00%,0.00%,-,0,0
1e1cfafcecc15a4aee2cc8cfb183182d,-,-,-,-,-,https://tutor-online1.fbcontent.cn/growth/internal-material/1778649250455.1e1cfafcecc15a4aee2cc8cfb183182d.mp4,0508-199双科-自产-自产二-李博-视觉锤-雅迪-A1-B4B6-无-15,20260619,王雅迪,王雅迪,199元高中双科提分课,199元高中双科提分课,自投放,自有,自产原创,wangjiananbj03,0.18,0,0,0,90,0,0,0.00%,0.00%,-,0,0
db1babda3116d3179e227e1d4d70d38e,-,-,-,-,-,https://tutor-online1.fbcontent.cn/growth/internal-material/1781769257343.db1babda3116d3179e227e1d4d70d38e.mp4,0618-9物-自产-自产二-李博-曲中雨-子衿-A3-B1-有-23-前贴1-嘉丽混剪-2,20260619,魏嘉丽,魏嘉丽,9元高中物理李博,9元高中物理李博,申坤,自有,自产原创,wangruixuebj01,2.7,0,0,0,67.5,0,0,5.00%,0%,-,0,0
fc9c7b3d0b362bf3fc8da2fcc6217894,-,-,-,-,-,https://tutor-online1.fbcontent.cn/growth/internal-material/1777262046802.fc9c7b3d0b362bf3fc8da2fcc6217894.mp4,0422-9物-自产-自产二-李博-曲中雨-子衿-A7-B1-有-14-前贴4,20260619,贾子矜,贾子矜,9元高中物理李博,9元高中物理李博,申坤,自有,自产原创,wangruixuebj01,7.53,0,0,0,23.83,2510,0,0.63%,0%,-,0,0
7e4fc20e1408010f52a760c10d89684e,-,-,-,-,-,https://tutor-online1.fbcontent.cn/growth/internal-material/1781681454070.7e4fc20e1408010f52a760c10d89684e.mp4,0610-9物-自产-自产主-李博-视觉锤-雅迪-A5-B2-有-17,20260619,王雅迪,王雅迪,9元高中物理李博,9元高中物理李博,申坤,自有,自产原创,wangruixuebj01,1.13,0,0,0,35.31,0,0,0.00%,0.00%,-,0,0
e78ee84df8361223905878f70bf3d0df,-,-,-,-,-,https://tutor-online1.fbcontent.cn/growth/internal-material/1780917890069.e78ee84df8361223905878f70bf3d0df.mp4,0513-199双科-自产-自产主-李博-曲中雨-嘉丽-A7-B1-有-34,20260619,魏嘉丽,韩晨国,199元高中双科提分课,199元高中双科提分课,自投放,自有,自产原创,wangjiananbj03,0.01,0,0,0,3.33,0,0,0.00%,0.00%,-,0,0
df0c3a8dd88939a25d19b29c2002f0ec,-,-,-,-,-,https://tutor-online1.fbcontent.cn/growth/internal-material/1780984421202.df0c3a8dd88939a25d19b29c2002f0ec.mp4,0526-199双科-自产-自产主-王晶-亿晨-子衿-A5-B1-有-3,20260619,贾子矜,贾子矜,199元高中双科提分课,199元高中双科提分课,自投放,自有,自产原创,wangjiananbj03,54.63,0,0,0,337.22,18210,0,2.47%,0%,-,0,0
1a6514cd6f3468422290ae1030125001,-,-,-,-,-,https://tutor-online1.fbcontent.cn/growth/internal-material/1781769654851.1a6514cd6f3468422290ae1030125001.mp4,0610-9物-自产-自产主-李博-曲中雨-子衿-A5-B1-有-2,20260619,贾子矜,韩晨国,9元高中物理李博,9元高中物理李博,申坤,自有,自产原创,wangruixuebj01,0.55,0,0,0,183.33,0,0,0.00%,0.00%,-,0,0
40c4b652df4154f8be2219da5012c009,-,-,-,-,-,https://tutor-online1.fbcontent.cn/growth/internal-material/1780393905644.40c4b652df4154f8be2219da5012c009.mp4,0527-9物-自产-自产二-李博-曲中雨-子衿-A2-B2-有-8-直播间,20260619,贾子矜,贾子矜,9元高中物理李博,9元高中物理李博,申坤,自有,自产原创,wangruixuebj01,24.7,0,0,0,31.27,6175,0,0.89%,0%,-,0,0
6d05d1e4be17a04e49ac721c829ffde9,-,-,-,-,-,https://tutor-online1.fbcontent.cn/growth/internal-material/1781769445740.6d05d1e4be17a04e49ac721c829ffde9.mp4,0611-199双科-自产-自产二-王晶-视觉锤-嘉丽-A2-B1-无-24,20260619,魏嘉丽,魏嘉丽,199元高中双科提分课,199元高中双科提分课,自投放,自有,自产原创,wangjiananbj03,1.91,0,0,0,112.35,0,0,0.00%,0.00%,-,0,0
1af3ac98835302c4de6b3fe9fb7b2444,-,-,-,-,-,https://tutor-online1.fbcontent.cn/growth/internal-material/1779701509612.1af3ac98835302c4de6b3fe9fb7b2444.mp4,0520-199双科-自产-自产二-李博-曲中雨-浩正-A5-B2-无-8,20260619,杜浩正,杜浩正,199元高中双科提分课,199元高中双科提分课,自投放,自有,自产原创,wangjiananbj03,35.25,0,0,0,127.72,17625,0,1.09%,0%,-,0,0
d1eadd12931282dd7b564335b0c72cee,-,-,-,-,-,https://tutor-online1.fbcontent.cn/growth/internal-material/1776416890891.d1eadd12931282dd7b564335b0c72cee.mp4,0415-9物-自产-自产二-李博-曲中雨-子衿-A6-B1-有-14,20260619,贾子矜,贾子矜,9元高中物理李博,9元高中物理李博,玄武,自有,自产原创,wangruixuebj01,0,0,0,0,0,0,0,0.00%,0.00%,-,0,0
87baae29dbb62be599751d4638bb8adf,-,-,-,-,-,https://tutor-online1.fbcontent.cn/growth/internal-material/1779440164972.87baae29dbb62be599751d4638bb8adf.mp4,0513-199双科-自产-自产主-李博-曲中雨-嘉丽-A7-B1-无-32,20260619,魏嘉丽,魏嘉丽,199元高中双科提分课,199元高中双科提分课,自投放,自有,自产原创,wangjiananbj03,0.28,0,0,0,3.64,0,0,0.00%,0.00%,-,0,0
eb1c5cfcc71d152dd3c53ff119e129e4,-,-,-,-,-,https://tutor-online1.fbcontent.cn/growth/internal-material/1779706253337.eb1c5cfcc71d152dd3c53ff119e129e4.mp4,0520-199双科-自产-自产主-李博-曲中雨-子衿-A5-B1-无-5,20260619,贾子矜,贾子矜,199元高中双科提分课,199元高中双科提分课,自投放,自有,自产原创,wangjiananbj03,14.7,0,0,0,106.52,14700,0,1.45%,0%,-,0,0
62b5af90a3fc1332f23357598c621e8c,-,-,-,-,-,https://tutor-online1.fbcontent.cn/growth/internal-material/1781769383201.62b5af90a3fc1332f23357598c621e8c.mp4,0611-199双科-自产-自产主-王晶-曲中雨-嘉丽-A2-B1-有-24,20260619,魏嘉丽,魏嘉丽,199元高中双科提分课,199元高中双科提分课,自投放,自有,自产原创,wangjiananbj03,23.67,0,0,0,816.21,0,0,0.00%,0.00%,-,0,0
937f46528872562407543db56e914d49,-,-,-,-,-,https://tutor-online1.fbcontent.cn/growth/internal-material/1780975664091.937f46528872562407543db56e914d49.mp4,0520-199双科-自产-自产二-李博-曲中雨-小敏-A7-B1-无-24,20260619,曲敏,韩晨国,199元高中双科提分课,199元高中双科提分课,自投放,自有,自产原创,wangjiananbj03,60.12,0,0,0,74.96,30060,0,0.62%,0%,-,0,0
604ada367bfbba7e66764f806c00d947,-,-,-,-,-,https://tutor-online1.fbcontent.cn/growth/internal-material/1779701701958.604ada367bfbba7e66764f806c00d947.mp4,0514-199双科-自产-自产主-王晶-云梵-嘉丽--B1B3-无-25,20260619,魏嘉丽,魏嘉丽,199元高中双科提分课,199元高中双科提分课,自投放,自有,自产原创,wangjiananbj03,0.16,0,0,0,53.33,0,0,0.00%,0.00%,-,0,0
5b4610c0c4ce9e34730f09ab78e12e2e,-,-,-,-,-,https://tutor-online1.fbcontent.cn/growth/internal-material/1780060825253.5b4610c0c4ce9e34730f09ab78e12e2e.mp4,0512-199双科-自产-自产主-王晶-云梵-小敏--B1-无-21,20260619,曲敏,韩晨国,199元高中双科提分课,199元高中双科提分课,自投放,自有,自产原创,wangjiananbj03,4.69,0,0,0,234.5,0,0,0.00%,0.00%,-,0,0
105032389fff3437c691a8b8afe50d31,-,-,-,-,-,https://tutor-online1.fbcontent.cn/growth/internal-material/1781517225921.105032389fff3437c691a8b8afe50d31.mp4,0611-199双科-自产-自产二-王晶-曲中雨-婷玉-A7-B1-有-17,20260619,吴婷玉,吴婷玉,199元高中双科提分课,199元高中双科提分课,自投放,自有,自产原创,wangjiananbj03,0.02,0,0,0,3.33,0,0,0.00%,0.00%,-,0,0
3a94393df703cf9eb748e5abfca3703b,-,-,-,-,-,https://tutor-online1.fbcontent.cn/growth/internal-material/1780983154515.3a94393df703cf9eb748e5abfca3703b.mp4,6月4日 (3)(4),20260619,贾子矜,贾子矜,199元高中双科提分课,199元高中双科提分课,自投放,自有,自产原创,wangjiananbj03,1.26,0,0,0,90,0,0,0.00%,0.00%,-,0,0
c6e85e79dbff9dddf7d9a906f4fdde98,-,-,-,-,-,https://tutor-online1.fbcontent.cn/growth/internal-material/1776416942616.c6e85e79dbff9dddf7d9a906f4fdde98.mp4,0415-9物-自产-自产主-李博-曲中雨-子衿-A6-B1-无-13,20260619,贾子矜,贾子矜,9元高中物理李博,9元高中物理李博,玄武,自有,自产原创,wangruixuebj01,0.01,0,0,0,5,0,0,0.00%,0.00%,-,0,0
451c349a6f65933daa20d3918c17081b,-,-,-,-,-,https://tutor-online1.fbcontent.cn/growth/internal-material/1781579988193.451c349a6f65933daa20d3918c17081b.mp4,0610-199双科-自产-自产二-李博-视觉锤-子衿-A5-B1-有-9(1),20260619,贾子矜,贾子矜,199元高中双科提分课,199元高中双科提分课,自投放,自有,自产原创,wangjiananbj03,6.4,0,0,0,74.42,0,0,1.16%,0%,-,0,0
d7e261803ed29ae791ac629cc75a74ee,-,-,-,-,-,https://tutor-online1.fbcontent.cn/growth/internal-material/1781505312828.d7e261803ed29ae791ac629cc75a74ee.mp4,0602-199双科-自产-自产主-王晶-巽阳-小敏-A6-B1B2-无-13-LL,20260619,曲敏,曲敏,199元高中双科提分课,199元高中双科提分课,自投放,自有,自产原创,wangjiananbj03,0.06,0,0,0,30,0,0,0.00%,0.00%,-,0,0
c05a8d2f96199257ca4b341272e579bb,-,-,-,-,-,https://tutor-online1.fbcontent.cn/growth/internal-material/1781580821955.c05a8d2f96199257ca4b341272e579bb.mp4,0610-9物-自产-自产主-李博-曲中雨-浩正-A5-B1-有-13,20260619,杜浩正,杜浩正,9元高中物理李博,9元高中物理李博,申坤,自有,自产原创,wangruixuebj01,1.3,0,0,0,59.09,0,0,4.55%,0%,-,0,0
40c7ceed90c8ef766c0fe69d023cd210,-,-,-,-,-,https://tutor-online1.fbcontent.cn/growth/internal-material/1779701237531.40c7ceed90c8ef766c0fe69d023cd210.mp4,0521-9物-自产-自产二-李博-曲中雨-浩正-A5效果保证-B2提分刚需-有-6,20260619,杜浩正,杜浩正,9元高中物理李博,9元高中物理李博,申坤,自有,自产原创,wangruixuebj01,0,0,0,0,0,0,0,0.00%,0.00%,-,0,0
6ffe0a09b0c3c55169630fc06bd1fd5d,-,-,-,-,-,https://tutor-online1.fbcontent.cn/growth/internal-material/1781503539022.6ffe0a09b0c3c55169630fc06bd1fd5d.mp4,0526-199双科-自产-自产主-王晶-亿晨-小敏-A6-B1-有-12,20260619,曲敏,曲敏,199元高中双科提分课,199元高中双科提分课,自投放,自有,自产原创,wangjiananbj03,6.06,0,0,0,147.8,0,0,0.00%,0.00%,-,0,0
181a740f509e66773df1612b9f689bd8,-,-,-,-,-,https://tutor-online1.fbcontent.cn/growth/internal-material/1781090317034.181a740f509e66773df1612b9f689bd8.mp4,0603-199双科-自产-自产二-李博-视觉锤-嘉丽-A5-B1-有-15,20260619,魏嘉丽,魏嘉丽,199元高中双科提分课,高中手写笔记,自投放,自有,自产原创,wangjiananbj03,52.77,0,0,0,58.18,7538.57,0,0.77%,0%,-,0,0
5a7dffba61f115a462f94b2801529d54,-,-,-,-,-,https://tutor-online1.fbcontent.cn/growth/internal-material/1781769977489.5a7dffba61f115a462f94b2801529d54.mp4,0527-9物-自产-自产主-李博-曲中雨-子衿-A7-B2-无-6,20260619,贾子矜,韩晨国,9元高中物理李博,9元高中物理李博,申坤,自有,自产原创,wangruixuebj01,24.37,0,0,0,41.1,0,0,2.87%,0%,-,0,0
e1f080fdd0bb5e9771fae913bd23c5fe,-,-,-,-,-,https://tutor-online1.fbcontent.cn/growth/internal-material/1780656483064.e1f080fdd0bb5e9771fae913bd23c5fe.mp4,0603-9物-自产-自产主-李博-视觉锤-浩正-A5-B1-无-14,20260619,杜浩正,杜浩正,9元高中物理李博,9元高中物理李博,申坤,自有,自产原创,wangruixuebj01,0.01,0,0,0,10,0,0,0.00%,0.00%,-,0,0
72f97867842e4213d6a2e317d121163c,-,-,-,-,-,https://tutor-online1.fbcontent.cn/growth/internal-material/1780984421539.72f97867842e4213d6a2e317d121163c.mp4,0526-199双科-自产-自产二-王晶-亿晨-子衿-A5-B1-有-3,20260619,贾子矜,贾子矜,199元高中双科提分课,199元高中双科提分课,自投放,自有,自产原创,wangjiananbj03,33.51,0,0,0,161.88,16755,0,4.83%,0%,-,0,0
1ba64ab8aae0bcb1051c4c7030a4c4c2,-,-,-,-,-,https://tutor-online1.fbcontent.cn/growth/internal-material/1781580788481.1ba64ab8aae0bcb1051c4c7030a4c4c2.mp4,0610-9物-自产-自产二-李博-曲中雨-浩正-A5-B1-无-14,20260619,杜浩正,杜浩正,9元高中物理李博,9元高中物理李博,申坤,自有,自产原创,wangruixuebj01,38.48,0,0,0,69.08,19240,0,5.57%,0%,-,0,0
3f724bea59234787924d567bbe67fa1e,-,-,-,-,-,https://tutor-online1.fbcontent.cn/growth/internal-material/1781769788742.3f724bea59234787924d567bbe67fa1e.mp4,0527-9物-自产-自产二-李博-曲中雨-浩正-A5-B1-有-12-直播间,20260619,杜浩正,韩晨国,9元高中物理李博,9元高中物理李博,申坤,自有,自产原创,wangruixuebj01,2.24,0,0,0,62.22,0,0,2.78%,0%,-,0,0
e77a0a04d0f85c80c3b0eb2f65941b52,-,-,-,-,-,https://tutor-online1.fbcontent.cn/growth/internal-material/1781580789227.e77a0a04d0f85c80c3b0eb2f65941b52.mp4,0610-9物-自产-自产二-李博-曲中雨-浩正-A5-B1-有-14,20260619,杜浩正,杜浩正,9元高中物理李博,9元高中物理李博,申坤,自有,自产原创,wangruixuebj01,14.06,0,0,0,58.83,2008.57,0,5.02%,0%,-,0,0
df0c3a8dd88939a25d19b29c2002f0ec,-,-,-,-,-,https://tutor-online1.fbcontent.cn/growth/internal-material/1780984421202.df0c3a8dd88939a25d19b29c2002f0ec.mp4,0526-199双科-自产-自产主-王晶-亿晨-子衿-A5-B1-有-3,20260619,贾子矜,贾子矜,199元高中双科提分课,199元高中双科提分课,自投放,自有,自产原创,wangjiananbj03,0.82,0,0,0,82,0,0,0.00%,0.00%,-,0,0
ee748f669050fc55649f1c867fe7f352,-,-,-,-,-,https://tutor-online1.fbcontent.cn/growth/internal-material/1780906797530.ee748f669050fc55649f1c867fe7f352.mp4,0603-9物-自产-自产主-李博-曲中雨-子衿-A3-B1-无-8-直播间,20260618,贾子矜,贾子矜,9元高中物理李博,9元高中物理李博,申坤,自有,自产原创,wangruixuebj01,14.62,0,0,0,78.18,4873.33,0,1.60%,0%,-,0,0
bf866b6e44e64ed9ab37df38cbc1647c,-,-,-,-,-,https://tutor-online1.fbcontent.cn/growth/internal-material/1779279974075.bf866b6e44e64ed9ab37df38cbc1647c.mp4,0513-199双科-自产-自产主-李博-视觉锤-雅迪-A5-B1-有-15,20260618,王雅迪,王雅迪,199元高中双科提分课,199元高中双科提分课,自投放,自有,自产原创,wangjiananbj03,4.17,0,0,0,66.19,0,0,0.00%,0.00%,-,0,0
c8d85e0f2a43603e4807b1cdd486ed21,-,-,-,-,-,https://tutor-online1.fbcontent.cn/growth/internal-material/1775548229436.c8d85e0f2a43603e4807b1cdd486ed21.mp4,0401-9物-自产-自产二-李博-曲中雨-子衿-A3-B1-有-23-前贴1,20260618,贾子矜,贾子矜,9元高中物理李博,9元高中物理李博,玄武,自有,自产原创,wangruixuebj01,24.95,0,0,0,145.91,12475,0,3.51%,0%,-,0,0
60fda511de23511be14bbd8d8186fc12,-,-,-,-,-,https://tutor-online1.fbcontent.cn/growth/internal-material/1778581745046.60fda511de23511be14bbd8d8186fc12.mp4,0508-199双科-自产-自产主-李博-视觉锤-雅迪-A5-B1-无-17,20260618,王雅迪,王雅迪,199元高中双科提分课,199元高中双科提分课,自投放,自有,自产原创,wangjiananbj03,0.37,0,0,0,26.43,0,0,0.00%,0.00%,-,0,0
790c307f0b9103a9d4ae05aba79d4f77,-,-,-,-,-,https://tutor-online1.fbcontent.cn/growth/internal-material/1780393699557.790c307f0b9103a9d4ae05aba79d4f77.mp4,0527-9物-自产-自产主-李博-曲中雨-子衿-A6-B2-有-4,20260618,贾子矜,贾子矜,9元高中物理李博,9元高中物理李博,申坤,自有,自产原创,wangruixuebj01,4.85,0,0,0,31.49,2425,0,2.60%,0%,-,0,0
4e9a811fa707209a3c274b95f0af50a6,-,-,-,-,-,https://tutor-online1.fbcontent.cn/growth/internal-material/1779436939659.4e9a811fa707209a3c274b95f0af50a6.mp4,0514-199双科-自产-自产二-王晶-曲中雨-嘉丽--B1-有-21,20260618,魏嘉丽,魏嘉丽,199元高中双科提分课,199元高中双科提分课,自投放,自有,自产原创,wangjiananbj03,0.17,0,0,0,15.45,170,0,18.18%,0%,-,0,0
94190db6af096480040b2b312b4511bc,-,-,-,-,-,https://tutor-online1.fbcontent.cn/growth/internal-material/1778666025083.94190db6af096480040b2b312b4511bc.mp4,0508-199双科-自产-自产主-李博-曲中雨-子衿-A6-B1-无-6,20260618,贾子矜,贾子矜,199元高中双科提分课,199元高中双科提分课,自投放,自有,自产原创,wangjiananbj03,0,0,0,0,0,0,0,0.00%,0.00%,-,0,0
01a435819c48499543ac58eb5fa4c78d,-,-,-,-,-,https://tutor-online1.fbcontent.cn/growth/internal-material/1779706245887.01a435819c48499543ac58eb5fa4c78d.mp4,0520-199双科-自产-自产二-李博-曲中雨-子衿-A6-B1-有-3,20260618,贾子矜,贾子矜,199元高中双科提分课,199元高中双科提分课,自投放,自有,自产原创,wangjiananbj03,26.49,0,0,0,167.66,13245,0,1.27%,0%,-,0,0
cd4f635687beaa20e346a767501e2797,-,-,-,-,-,https://tutor-online1.fbcontent.cn/growth/internal-material/1780397766113.cd4f635687beaa20e346a767501e2797.mp4,0527-9物-自产-自产二-李博-曲中雨-浩正-A5-B1-无-14-直播间,20260618,杜浩正,杜浩正,9元高中物理李博,9元高中物理李博,申坤,自有,自产原创,wangruixuebj01,2.66,0,0,0,46.67,2660,0,1.75%,0%,-,0,0
61a101b3e39c126ccc9d199a0cb37eb9,-,-,-,-,-,https://tutor-online1.fbcontent.cn/growth/internal-material/1780917990199.61a101b3e39c126ccc9d199a0cb37eb9.mp4,0513-199双科-自产-自产二-李博-曲中雨-嘉丽-A6-B1-无-31,20260618,魏嘉丽,韩晨国,199元高中双科提分课,199元高中双科提分课,自投放,自有,自产原创,wangjiananbj03,0.54,0,0,0,30,0,0,0.00%,0.00%,-,0,0
1af3ac98835302c4de6b3fe9fb7b2444,-,-,-,-,-,https://tutor-online1.fbcontent.cn/growth/internal-material/1779701509612.1af3ac98835302c4de6b3fe9fb7b2444.mp4,0520-199双科-自产-自产二-李博-曲中雨-浩正-A5-B2-无-8,20260618,杜浩正,杜浩正,199元高中双科提分课,199元高中双科提分课,自投放,自有,自产原创,wangjiananbj03,1.72,0,0,0,71.67,1720,0,4.17%,0%,-,0,0
eb53aa1d1c2482b4cecf39da385f4503,-,-,-,-,-,https://tutor-online1.fbcontent.cn/growth/internal-material/1781580852943.eb53aa1d1c2482b4cecf39da385f4503.mp4,0610-9物-自产-自产主-李博-曲中雨-浩正-A5-B1-有-12,20260618,杜浩正,杜浩正,9元高中物理李博,9元高中物理李博,申坤,自有,自产原创,wangruixuebj01,0,0,0,0,0,0,0,0.00%,0.00%,-,0,0
0dfe3f10afb06600da1f570e20be1bfb,-,-,-,-,-,https://tutor-online1.fbcontent.cn/growth/internal-material/1779706246666.0dfe3f10afb06600da1f570e20be1bfb.mp4,0520-199双科-自产-自产二-李博-曲中雨-子衿-A5-B2-无-4,20260618,贾子矜,贾子矜,199元高中双科提分课,199元高中双科提分课,自投放,自有,自产原创,wangjiananbj03,38.64,0,0,0,152.13,38640,0,1.57%,0%,-,0,0
fa401c12bdc5a5121dbbb9bf277bd1e1,-,-,-,-,-,https://tutor-online1.fbcontent.cn/growth/internal-material/1779443729718.fa401c12bdc5a5121dbbb9bf277bd1e1.mp4,0521-9物-自产-自产主-李博-曲中雨-嘉丽-A1价格拆解-B1效果方法体系-无-15,20260618,魏嘉丽,魏嘉丽,9元高中物理李博,9元高中物理李博,申坤,自有,自产原创,wangruixuebj01,0,0,0,0,0,0,0,0.00%,0.00%,-,0,0
8bc16e5c9ced7c5fa0e08ddb79f10841,-,-,-,-,-,https://tutor-online1.fbcontent.cn/growth/internal-material/1780397830905.8bc16e5c9ced7c5fa0e08ddb79f10841.mp4,0527-9物-自产-自产主-李博-曲中雨-浩正-A5-B1-无-15-直播间,20260618,杜浩正,杜浩正,9元高中物理李博,9元高中物理李博,申坤,自有,自产原创,wangruixuebj01,11.48,0,0,0,47.24,3826.67,0,1.23%,0%,-,0,0
60388aaac19188b11a521b8fc6d7549a,-,-,-,-,-,https://tutor-online1.fbcontent.cn/growth/internal-material/1781508313068.60388aaac19188b11a521b8fc6d7549a.mp4,0602-199双科-自产-自产主-王晶-巽阳-小敏-A6-B1B2-有-13-LL,20260618,曲敏,曲敏,199元高中双科提分课,199元高中双科提分课,自投放,自有,自产原创,wangjiananbj03,9.6,0,0,0,228.57,3200,0,7.14%,0%,-,0,0
2e96a3e89f828e72a2da2da34b0ff7f4,-,-,-,-,-,https://tutor-online1.fbcontent.cn/growth/internal-material/1779702537772.2e96a3e89f828e72a2da2da34b0ff7f4.mp4,0520-199双科-自产-自产二-李博-视觉锤-雅迪-A5-B1-无-13,20260618,王雅迪,王雅迪,199元高中双科提分课,199元高中双科提分课,自投放,自有,自产原创,wangjiananbj03,0.02,0,0,0,20,20,0,100.00%,0%,-,0,0
5ee3c8e1ef1631840c6e5db2c8f23ffb,-,-,-,-,-,https://tutor-online1.fbcontent.cn/growth/internal-material/1780917861927.5ee3c8e1ef1631840c6e5db2c8f23ffb.mp4,0513-199双科-自产-自产主-李博-曲中雨-嘉丽-A6-B1-有-29,20260618,魏嘉丽,韩晨国,199元高中双科提分课,199元高中双科提分课,自投放,自有,自产原创,wangjiananbj03,1.23,0,0,0,41,0,0,3.33%,0%,-,0,0
181a740f509e66773df1612b9f689bd8,-,-,-,-,-,https://tutor-online1.fbcontent.cn/growth/internal-material/1781090317034.181a740f509e66773df1612b9f689bd8.mp4,0603-199双科-自产-自产二-李博-视觉锤-嘉丽-A5-B1-有-15,20260618,魏嘉丽,魏嘉丽,199元高中双科提分课,高中手写笔记,自投放,自有,自产原创,wangjiananbj03,2.57,0,0,0,128.5,2570,0,5.00%,0%,-,0,0
f2d7734870c9564037227a33731604b2,-,-,-,-,-,https://tutor-online1.fbcontent.cn/growth/internal-material/1779701581532.f2d7734870c9564037227a33731604b2.mp4,0521-9物-自产-自产二--曲中雨-嘉丽-A7方法优势-B1效果方法体系-无-16,20260618,魏嘉丽,魏嘉丽,9元高中物理李博,9元高中物理李博,申坤,自有,自产原创,wangruixuebj01,0.08,0,0,0,16,0,0,0.00%,0.00%,-,0,0
36daf60ba6fba7d5f606e2c53c0304cc,-,-,-,-,-,https://tutor-online1.fbcontent.cn/growth/internal-material/1781580846874.36daf60ba6fba7d5f606e2c53c0304cc.mp4,0610-9物-自产-自产主-李博-曲中雨-浩正-A5-B1-无-12,20260618,杜浩正,杜浩正,9元高中物理李博,9元高中物理李博,申坤,自有,自产原创,wangruixuebj01,0,0,0,0,0,0,0,0.00%,0.00%,-,0,0
6ffe0a09b0c3c55169630fc06bd1fd5d,-,-,-,-,-,https://tutor-online1.fbcontent.cn/growth/internal-material/1781503539022.6ffe0a09b0c3c55169630fc06bd1fd5d.mp4,0526-199双科-自产-自产主-王晶-亿晨-小敏-A6-B1-有-12,20260618,曲敏,曲敏,199元高中双科提分课,199元高中双科提分课,自投放,自有,自产原创,wangjiananbj03,0.06,0,0,0,60,0,0,0.00%,0.00%,-,0,0
98d6a1174a174ced8647f4166896d075,-,-,-,-,-,https://tutor-online1.fbcontent.cn/growth/internal-material/1780917864124.98d6a1174a174ced8647f4166896d075.mp4,0513-199双科-自产-自产主-李博-曲中雨-嘉丽-A1-B1-有-30,20260618,魏嘉丽,韩晨国,199元高中双科提分课,199元高中双科提分课,自投放,自有,自产原创,wangjiananbj03,0.62,0,0,0,36.47,0,0,0.00%,0.00%,-,0,0
6df9359c220eea18f03607c1a57ec283,-,-,-,-,-,https://tutor-online1.fbcontent.cn/growth/internal-material/1781681455727.6df9359c220eea18f03607c1a57ec283.mp4,0610-9物-自产-自产主-李博-视觉锤-雅迪-A5-B1B4-无-19,20260618,王雅迪,王雅迪,9元高中物理李博,9元高中物理李博,申坤,自有,自产原创,wangruixuebj01,0.05,0,0,0,5.56,0,0,0.00%,0.00%,-,0,0
a2d67833c36297ceb7304f31392b1168,-,-,-,-,-,https://tutor-online1.fbcontent.cn/growth/internal-material/1781579959230.a2d67833c36297ceb7304f31392b1168.mp4,0610-199双科-自产-自产二-李博-视觉锤-子衿-A1-B4-无-1(1),20260618,贾子矜,贾子矜,199元高中双科提分课,199元高中双科提分课,自投放,自有,自产原创,wangjiananbj03,0.15,0,0,0,75,0,0,0.00%,0.00%,-,0,0
2e061ff3685a31ebd89a3ed533b748a8,-,-,-,-,-,https://tutor-online1.fbcontent.cn/growth/internal-material/1781769952310.2e061ff3685a31ebd89a3ed533b748a8.mp4,0527-9物-自产-自产主-李博-曲中雨-子衿-A5-B2-有-3-直播间,20260618,贾子矜,韩晨国,9元高中物理李博,9元高中物理李博,申坤,自有,自产原创,wangruixuebj01,0.84,0,0,0,35,0,0,0.00%,0.00%,-,0,0
cd717182e6a4b1474fda4ed77bca8ad5,-,-,-,-,-,https://tutor-online1.fbcontent.cn/growth/internal-material/1780918129647.cd717182e6a4b1474fda4ed77bca8ad5.mp4,0520-199双科-自产-自产主-李博-曲中雨-浩正-A5-B2-无-6,20260618,杜浩正,韩晨国,199元高中双科提分课,199元高中双科提分课,自投放,自有,自产原创,wangjiananbj03,23.6,0,0,0,42.14,5900,0,0.89%,0%,-,0,0
3d67e40744a99822d3f78f6380a8c88b,-,-,-,-,-,https://tutor-online1.fbcontent.cn/growth/internal-material/1780918070709.3d67e40744a99822d3f78f6380a8c88b.mp4,0512-199双科-自产-自产主-王晶-曲中雨-雅迪---有-10,20260618,王雅迪,韩晨国,199元高中双科提分课,199元高中双科提分课,自投放,自有,自产原创,wangjiananbj03,6.72,0,0,0,142.98,0,0,0.00%,0.00%,-,0,0
8c1af27a915de2e74c6351aefd638254,-,-,-,-,-,https://tutor-online1.fbcontent.cn/growth/internal-material/1780917989263.8c1af27a915de2e74c6351aefd638254.mp4,0513-199双科-自产-自产二-李博-曲中雨-嘉丽-A7-B1-无-32,20260618,魏嘉丽,韩晨国,199元高中双科提分课,199元高中双科提分课,自投放,自有,自产原创,wangjiananbj03,21.29,0,0,0,121.66,21290,0,0.57%,0%,-,0,0
79f511c71f022bdcb20c91a093e5762f,-,-,-,-,-,https://tutor-online1.fbcontent.cn/growth/internal-material/1781580030000.79f511c71f022bdcb20c91a093e5762f.mp4,0610-199双科-自产-自产二-李博-视觉锤-子衿-A6-B1-有-2(1),20260618,贾子矜,贾子矜,199元高中双科提分课,199元高中双科提分课,自投放,自有,自产原创,wangjiananbj03,0.19,0,0,0,6.33,0,0,0.00%,0.00%,-,0,0
290149ec5bdce91b90a9ab0055ddefeb,-,-,-,-,-,https://tutor-online1.fbcontent.cn/growth/internal-material/1780061372821.290149ec5bdce91b90a9ab0055ddefeb.mp4,0514-199双科-自产-自产主-王晶-曲中雨-浩正-A5-B2B4-无-7,20260618,杜浩正,韩晨国,199元高中双科提分课,199元高中双科提分课,自投放,自有,自产原创,wangjiananbj03,0.55,0,0,0,39.29,0,0,0.00%,0.00%,-,0,0
20b8eb386392f37b747f7637c49b3ec7,-,-,-,-,-,https://tutor-online1.fbcontent.cn/growth/internal-material/1775548305351.20b8eb386392f37b747f7637c49b3ec7.mp4,0401-9物-自产-自产主-李博-曲中雨-子衿-A3-B1-有-23-前贴1,20260618,贾子矜,贾子矜,9元高中物理李博,9元高中物理李博,玄武,自有,自产原创,wangruixuebj01,42.37,0,0,0,83.9,8474,0,1.19%,0%,-,0,0
83e8fe3b1394289266d8dd46b71566ef,-,-,-,-,-,https://tutor-online1.fbcontent.cn/growth/internal-material/1779440147469.83e8fe3b1394289266d8dd46b71566ef.mp4,0513-199双科-自产-自产主-李博-曲中雨-嘉丽-A1-B1-无-30,20260618,魏嘉丽,魏嘉丽,199元高中双科提分课,199元高中双科提分课,自投放,自有,自产原创,wangjiananbj03,0.13,0,0,0,26,0,0,0.00%,0.00%,-,0,0
7eda4934e24f422c0dfcd42f6597fe93,-,-,-,-,-,https://tutor-online1.fbcontent.cn/growth/internal-material/1780916667577.7eda4934e24f422c0dfcd42f6597fe93.mp4,0603-9物-自产-自产主-李博-曲中雨-子衿-A7-B1-无-7-直播间,20260618,贾子矜,贾子矜,9元高中物理李博,9元高中物理李博,申坤,自有,自产原创,wangruixuebj01,8.19,0,0,0,157.5,4095,0,1.92%,0%,-,0,0
571c11f2b4163c9a3615c95d49c26d59,-,-,-,-,-,https://tutor-online1.fbcontent.cn/growth/internal-material/1781079684184.571c11f2b4163c9a3615c95d49c26d59.mp4,0604-状元笔记-自产-混剪--曲中雨-婷玉---无-31,20260618,吴婷玉,吴婷玉,高中手写笔记,高中手写笔记,自投放,自有,自产原创,wangjiananbj03,2.48,0,0,0,21.57,0,0,1.74%,0%,-,0,0
c1cd5fb7814f25b1cce9b2d6e3a038f5,-,-,-,-,-,https://tutor-online1.fbcontent.cn/growth/internal-material/1775548229416.c1cd5fb7814f25b1cce9b2d6e3a038f5.mp4,0401-9物-自产-自产二-李博-曲中雨-子衿-A3-B1-有-23-前贴2,20260618,贾子矜,贾子矜,9元高中物理李博,9元高中物理李博,玄武,自有,自产原创,wangruixuebj01,74.56,0,0,0,160,9320,0,1.93%,0%,-,0,0
72f97867842e4213d6a2e317d121163c,-,-,-,-,-,https://tutor-online1.fbcontent.cn/growth/internal-material/1780984421539.72f97867842e4213d6a2e317d121163c.mp4,0526-199双科-自产-自产二-王晶-亿晨-子衿-A5-B1-有-3,20260618,贾子矜,贾子矜,199元高中双科提分课,199元高中双科提分课,自投放,自有,自产原创,wangjiananbj03,0.66,0,0,0,132,0,0,20.00%,0%,-,0,0
e464864d14ab4245dca55b76561a2e15,-,-,-,-,-,https://tutor-online1.fbcontent.cn/growth/internal-material/1780917988588.e464864d14ab4245dca55b76561a2e15.mp4,0513-199双科-自产-自产二-李博-曲中雨-嘉丽-A5-B1-无-33,20260618,魏嘉丽,韩晨国,199元高中双科提分课,199元高中双科提分课,自投放,自有,自产原创,wangjiananbj03,16.14,0,0,0,145.41,8070,0,4.50%,0%,-,0,0
3c6e9495c641a24d19839600be35471f,-,-,-,-,-,https://tutor-online1.fbcontent.cn/growth/internal-material/1780984422492.3c6e9495c641a24d19839600be35471f.mp4,0526-199双科-自产-自产二-王晶-亿晨-子衿-A6-B1-有-1,20260618,贾子矜,贾子矜,199元高中双科提分课,199元高中双科提分课,自投放,自有,自产原创,wangjiananbj03,0.13,0,0,0,5.2,0,0,0.00%,0.00%,-,0,0
36061d2a3d64b63e1c87a79e35b129d4,-,-,-,-,-,https://tutor-online1.fbcontent.cn/growth/internal-material/1781681455758.36061d2a3d64b63e1c87a79e35b129d4.mp4,0610-9物-自产-自产主-李博-视觉锤-雅迪-A5-B1B4-有-19,20260618,王雅迪,王雅迪,9元高中物理李博,9元高中物理李博,申坤,自有,自产原创,wangruixuebj01,1.78,0,0,0,42.38,890,0,4.76%,0%,-,0,0
7fbfb35bffe7f9c6bcbe2f900ab893d7,-,-,-,-,-,https://tutor-online1.fbcontent.cn/growth/internal-material/1780975488221.7fbfb35bffe7f9c6bcbe2f900ab893d7.mp4,0520-199双科-自产-自产二-李博-曲中雨-小敏-A1-B6-有-23,20260618,曲敏,韩晨国,199元高中双科提分课,199元高中双科提分课,自投放,自有,自产原创,wangjiananbj03,0.54,0,0,0,77.14,0,0,0.00%,0.00%,-,0,0
5176abfabd8e4f9f682b4cdbc15c95d5,-,-,-,-,-,https://tutor-online1.fbcontent.cn/growth/internal-material/1780040825980.5176abfabd8e4f9f682b4cdbc15c95d5.mp4,0520-199双科-自产-自产主-李博-曲中雨-小敏-A1-B6-无-23,20260618,曲敏,曲敏,199元高中双科提分课,199元高中双科提分课,自投放,自有,自产原创,wangjiananbj03,2.82,0,0,0,282,0,0,0.00%,0.00%,-,0,0
40b6a6c6a42a6012d30be6ace3795c8b,-,-,-,-,-,https://tutor-online1.fbcontent.cn/growth/internal-material/1780975484547.40b6a6c6a42a6012d30be6ace3795c8b.mp4,0520-199双科-自产-自产二-李博-曲中雨-小敏-A7-B1-有-24,20260618,曲敏,韩晨国,199元高中双科提分课,199元高中双科提分课,自投放,自有,自产原创,wangjiananbj03,48.63,0,0,0,96.11,12157.5,0,1.98%,0%,-,0,0
6513e42aa0ea5c7fc222b878e07213f0,-,-,-,-,-,https://tutor-online1.fbcontent.cn/growth/internal-material/1781582189113.6513e42aa0ea5c7fc222b878e07213f0.mp4,0610-9物-自产-自产二-李博-视觉锤-雅迪-A5-B2-无-17,20260618,王雅迪,王雅迪,9元高中物理李博,9元高中物理李博,申坤,自有,自产原创,wangruixuebj01,8.52,0,0,0,39.81,8520,0,0.47%,0%,-,0,0
ed614a2eb44b5fe0176d925f46bd2a80,-,-,-,-,-,https://tutor-online1.fbcontent.cn/growth/internal-material/1780984420344.ed614a2eb44b5fe0176d925f46bd2a80.mp4,0526-199双科-自产-自产二-王晶-亿晨-子衿-A7-B2-有-2,20260618,贾子矜,贾子矜,199元高中双科提分课,199元高中双科提分课,自投放,自有,自产原创,wangjiananbj03,7.34,0,0,0,104.86,7340,0,2.86%,0%,-,0,0
1d73c451820d59eaa8bf7544e249d71e,-,-,-,-,-,https://tutor-online1.fbcontent.cn/growth/internal-material/1779701581123.1d73c451820d59eaa8bf7544e249d71e.mp4,0521-9物-自产-自产二--曲中雨-嘉丽-A1价格拆解-B1效果方法体系-无-15,20260618,魏嘉丽,魏嘉丽,9元高中物理李博,9元高中物理李博,申坤,自有,自产原创,wangruixuebj01,0.01,0,0,0,10,0,0,0.00%,0.00%,-,0,0
acd546bf8881bc08a79bf0f674882bd3,-,-,-,-,-,https://tutor-online1.fbcontent.cn/growth/internal-material/1780983143511.acd546bf8881bc08a79bf0f674882bd3.mp4,6月4日 (3)(1),20260618,贾子矜,贾子矜,199元高中双科提分课,199元高中双科提分课,自投放,自有,自产原创,wangjiananbj03,0.78,0,0,0,130,0,0,0.00%,0.00%,-,0,0
1efdf5fdfaeacf23fbff79764143ab33,-,-,-,-,-,https://tutor-online1.fbcontent.cn/growth/internal-material/1781580006792.1efdf5fdfaeacf23fbff79764143ab33.mp4,0610-199双科-自产-自产二-李博-视觉锤-子衿-A6-B1-无-6(1),20260618,贾子矜,贾子矜,199元高中双科提分课,199元高中双科提分课,自投放,自有,自产原创,wangjiananbj03,6.31,0,0,0,94.18,0,0,0.00%,0.00%,-,0,0
f7fe563190b56bbc288e52984397b6da,-,-,-,-,-,https://tutor-online1.fbcontent.cn/growth/internal-material/1781582189080.f7fe563190b56bbc288e52984397b6da.mp4,0610-9物-自产-自产二-李博-视觉锤-雅迪-A5-B2-无-16,20260618,王雅迪,王雅迪,9元高中物理李博,9元高中物理李博,申坤,自有,自产原创,wangruixuebj01,2.75,0,0,0,15.8,1375,0,1.15%,0%,-,0,0
bb9bd4e3b7a9480b39eb055afa9bca32,-,-,-,-,-,https://tutor-online1.fbcontent.cn/growth/internal-material/1780917907700.bb9bd4e3b7a9480b39eb055afa9bca32.mp4,0513-199双科-自产-自产主-李博-曲中雨-嘉丽-A7-B1-有-35,20260618,魏嘉丽,韩晨国,199元高中双科提分课,199元高中双科提分课,自投放,自有,自产原创,wangjiananbj03,0.72,0,0,0,34.29,360,0,14.29%,0%,-,0,0
1e9e0c8ad904fd211cd5a4d5b4fd22b3,-,-,-,-,-,https://tutor-online1.fbcontent.cn/growth/internal-material/1778667029281.1e9e0c8ad904fd211cd5a4d5b4fd22b3.mp4,0423-199双科-自产-自产二-李博-曲中雨-子衿-A7-B1-无-23,20260618,贾子矜,贾子矜,199元高中双科提分课,199元高中双科提分课,自投放,自有,自产原创,wangjiananbj03,2.07,0,0,0,98.57,0,0,0.00%,0.00%,-,0,0
be4edc7f789e3d1fb626dc73265e4b9a,-,-,-,-,-,https://tutor-online1.fbcontent.cn/growth/internal-material/1780393994915.be4edc7f789e3d1fb626dc73265e4b9a.mp4,0527-9物-自产-自产主-李博-曲中雨-子衿-A5-B2-有-2-直播间,20260618,贾子矜,贾子矜,9元高中物理李博,9元高中物理李博,申坤,自有,自产原创,wangruixuebj01,18.55,0,0,0,108.48,18550,0,0.58%,0%,-,0,0
c31a9b67d1e11a6bc6af3b3dd5772484,-,-,-,-,-,https://tutor-online1.fbcontent.cn/growth/internal-material/1781505314316.c31a9b67d1e11a6bc6af3b3dd5772484.mp4,0602-199双科-自产-自产二-王晶-巽阳-小敏-A5-B1-无-14-SY,20260618,曲敏,曲敏,199元高中双科提分课,199元高中双科提分课,自投放,自有,自产原创,wangjiananbj03,15.99,0,0,0,242.27,15990,0,4.55%,0%,-,0,0
8d668df2abf53bcdf14c11c1295cecbb,-,-,-,-,-,https://tutor-online1.fbcontent.cn/growth/internal-material/1779470003836.8d668df2abf53bcdf14c11c1295cecbb.mp4,0521-9物-自产-自产二-李博-曲中雨-子衿-A5效果保证-B1效果方法体系-有-4,20260618,贾子矜,贾子矜,9元高中物理李博,9元高中物理李博,十人,自有,自产原创,wangruixuebj01,271.06,0,0,0,139.72,9035.33,0,1.55%,0%,-,0,0
c58bf63ced07b0b7e9e2277f0259bae2,-,-,-,-,-,https://tutor-online1.fbcontent.cn/growth/internal-material/1781505313923.c58bf63ced07b0b7e9e2277f0259bae2.mp4,0602-199双科-自产-自产主-王晶-巽阳-小敏-A2-B4-无-12-LL,20260618,曲敏,曲敏,199元高中双科提分课,199元高中双科提分课,自投放,自有,自产原创,wangjiananbj03,5.68,0,0,0,631.11,0,0,0.00%,0.00%,-,0,0
ee32f2e5494e257fc20ec1ebd5f4ad15,-,-,-,-,-,https://tutor-online1.fbcontent.cn/growth/internal-material/1781508312801.ee32f2e5494e257fc20ec1ebd5f4ad15.mp4,0602-199双科-自产-自产二-王晶-巽阳-小敏-A6-B1B2-有-13-LL,20260618,曲敏,曲敏,199元高中双科提分课,199元高中双科提分课,自投放,自有,自产原创,wangjiananbj03,4.16,0,0,0,693.33,0,0,0.00%,0.00%,-,0,0
8a78ec40ac2ef7ed2497d61f31abccde,-,-,-,-,-,https://tutor-online1.fbcontent.cn/growth/internal-material/1779706244825.8a78ec40ac2ef7ed2497d61f31abccde.mp4,0520-199双科-自产-自产二-李博-曲中雨-子衿-A6-B2-无-1,20260618,贾子矜,贾子矜,199元高中双科提分课,199元高中双科提分课,自投放,自有,自产原创,wangjiananbj03,0.79,0,0,0,71.82,0,0,0.00%,0.00%,-,0,0
658b5c16e1c6ef3dc4721ee47090de48,-,-,-,-,-,https://tutor-online1.fbcontent.cn/growth/internal-material/1781580856064.658b5c16e1c6ef3dc4721ee47090de48.mp4,0610-9物-自产-自产主-李博-曲中雨-浩正-A5-B1-无-11,20260618,杜浩正,杜浩正,9元高中物理李博,9元高中物理李博,申坤,自有,自产原创,wangruixuebj01,0.04,0,0,0,20,0,0,0.00%,0.00%,-,0,0
94a9716c21d134442dc7400029c76b5c,-,-,-,-,-,https://tutor-online1.fbcontent.cn/growth/internal-material/1780656482857.94a9716c21d134442dc7400029c76b5c.mp4,0603-9物-自产-自产主-李博-视觉锤-浩正-A5-B1-有-15,20260618,杜浩正,杜浩正,9元高中物理李博,9元高中物理李博,申坤,自有,自产原创,wangruixuebj01,29.87,0,0,0,80.3,4267.14,0,2.69%,0%,-,0,0
c6e85e79dbff9dddf7d9a906f4fdde98,-,-,-,-,-,https://tutor-online1.fbcontent.cn/growth/internal-material/1776416942616.c6e85e79dbff9dddf7d9a906f4fdde98.mp4,0415-9物-自产-自产主-李博-曲中雨-子衿-A6-B1-无-13,20260618,贾子矜,贾子矜,9元高中物理李博,9元高中物理李博,玄武,自有,自产原创,wangruixuebj01,0.15,0,0,0,11.54,0,0,0.00%,0.00%,-,0,0
156b9e7d09bcf69a654a088db90fd7d0,-,-,-,-,-,https://tutor-online1.fbcontent.cn/growth/internal-material/1781681454055.156b9e7d09bcf69a654a088db90fd7d0.mp4,0610-9物-自产-自产主-李博-视觉锤-雅迪-A5-B1-无-20,20260618,王雅迪,王雅迪,9元高中物理李博,9元高中物理李博,申坤,自有,自产原创,wangruixuebj01,0.13,0,0,0,130,0,0,0.00%,0.00%,-,0,0
ed6cda8f9a9b59d22e05ffa11d61d0e6,-,-,-,-,-,https://tutor-online1.fbcontent.cn/growth/internal-material/1780917862382.ed6cda8f9a9b59d22e05ffa11d61d0e6.mp4,0513-199双科-自产-自产主-李博-曲中雨-嘉丽-A5-B1-有-33,20260618,魏嘉丽,韩晨国,199元高中双科提分课,199元高中双科提分课,自投放,自有,自产原创,wangjiananbj03,0.07,0,0,0,3.68,0,0,0.00%,0.00%,-,0,0
5fe54cee9fe29f281766452cd3710967,-,-,-,-,-,https://tutor-online1.fbcontent.cn/growth/internal-material/1781769256663.5fe54cee9fe29f281766452cd3710967.mp4,0618-9物-自产-李博-有-混剪-14-嘉丽混剪-5,20260618,魏嘉丽,魏嘉丽,9元高中物理李博,9元高中物理李博,申坤,自有,自产原创,wangruixuebj01,0.02,0,0,0,5,0,0,0.00%,0.00%,-,0,0
5ef4ab0e53e8e4ade7b393744bf7d1cb,-,-,-,-,-,https://tutor-online1.fbcontent.cn/growth/internal-material/1780369892675.5ef4ab0e53e8e4ade7b393744bf7d1cb.mp4,0527-9物-自产-自产二-李博-视觉锤-雅迪-A5-B1-有-19,20260618,王雅迪,王雅迪,9元高中物理李博,9元高中物理李博,申坤,自有,自产原创,wangruixuebj01,1.28,0,0,0,91.43,0,0,0.00%,0.00%,-,0,0
40cd5b3cceceab4877fbf9460add984b,-,-,-,-,-,https://tutor-online1.fbcontent.cn/growth/internal-material/1780569960569.40cd5b3cceceab4877fbf9460add984b.mp4,0527-199双科-自产-自产主-李博-曲中雨-嘉丽-A6-B1-无-14,20260618,魏嘉丽,魏嘉丽,199元高中双科提分课,199元高中双科提分课,自投放,自有,自产原创,wangjiananbj03,55.64,0,0,0,46.1,13910,0,0.41%,0%,-,0,0
e1f080fdd0bb5e9771fae913bd23c5fe,-,-,-,-,-,https://tutor-online1.fbcontent.cn/growth/internal-material/1780656483064.e1f080fdd0bb5e9771fae913bd23c5fe.mp4,0603-9物-自产-自产主-李博-视觉锤-浩正-A5-B1-无-14,20260618,杜浩正,杜浩正,9元高中物理李博,9元高中物理李博,申坤,自有,自产原创,wangruixuebj01,0.01,0,0,0,10,0,0,0.00%,0.00%,-,0,0
c516a52e1c8814ac84f12b9983437188,-,-,-,-,-,https://tutor-online1.fbcontent.cn/growth/internal-material/1780918255807.c516a52e1c8814ac84f12b9983437188.mp4,0520-199双科-自产-自产主-李博-曲中雨-浩正-A5-B2-有-9,20260618,杜浩正,韩晨国,199元高中双科提分课,199元高中双科提分课,自投放,自有,自产原创,wangjiananbj03,9.29,0,0,0,175.28,9290,0,1.89%,0%,-,0,0
b73b93e7ce8e909272b5ba3add8bcc9f,-,-,-,-,-,https://tutor-online1.fbcontent.cn/growth/internal-material/1781769950065.b73b93e7ce8e909272b5ba3add8bcc9f.mp4,0527-9物-自产-自产主-李博-曲中雨-子衿-A6-B1-无-1-直播间,20260618,贾子矜,韩晨国,9元高中物理李博,9元高中物理李博,申坤,自有,自产原创,wangruixuebj01,0.32,0,0,0,64,0,0,0.00%,0.00%,-,0,0
bcea9d8c5936779f06632c1bbe8f026d,-,-,-,-,-,https://tutor-online1.fbcontent.cn/growth/internal-material/1779706247196.bcea9d8c5936779f06632c1bbe8f026d.mp4,0520-199双科-自产-自产二-李博-曲中雨-子衿-A5-B2-有-4,20260618,贾子矜,贾子矜,199元高中双科提分课,199元高中双科提分课,自投放,自有,自产原创,wangjiananbj03,10.72,0,0,0,52.04,1786.67,0,2.91%,0%,-,0,0
5bb64868a62d1eb1cd17397459ab0af2,-,-,-,-,-,https://tutor-online1.fbcontent.cn/growth/internal-material/1778581745257.5bb64868a62d1eb1cd17397459ab0af2.mp4,0508-199双科-自产-自产主-李博-视觉锤-雅迪-A5-B1-无-16,20260618,王雅迪,王雅迪,199元高中双科提分课,199元高中双科提分课,自投放,自有,自产原创,wangjiananbj03,0.07,0,0,0,7.78,0,0,11.11%,0%,-,0,0
520091a00cf6570d00e3ea45a0aeb4ba,-,-,-,-,-,https://tutor-online1.fbcontent.cn/growth/internal-material/1780060825941.520091a00cf6570d00e3ea45a0aeb4ba.mp4,0512-199双科-自产-自产主-王晶-云梵-小敏--B1-无-23,20260618,曲敏,韩晨国,199元高中双科提分课,199元高中双科提分课,自投放,自有,自产原创,wangjiananbj03,1.11,0,0,0,100.91,0,0,0.00%,0.00%,-,0,0
58bf8984efaf8ba514005f6e6d33cb7f,-,-,-,-,-,https://tutor-online1.fbcontent.cn/growth/internal-material/1781769257391.58bf8984efaf8ba514005f6e6d33cb7f.mp4,0618-9物-自产-自产主-李博-曲中雨-子衿-A6-B1-有-13-前贴1-嘉丽混剪-4,20260618,魏嘉丽,魏嘉丽,9元高中物理李博,9元高中物理李博,申坤,自有,自产原创,wangruixuebj01,0.08,0,0,0,80,0,0,0.00%,0.00%,-,0,0
9e1352a0b0e85eb513255c3095dae807,-,-,-,-,-,https://tutor-online1.fbcontent.cn/growth/internal-material/1778581775810.9e1352a0b0e85eb513255c3095dae807.mp4,0508-199双科-自产-自产主-李博-视觉锤-雅迪-A1-B4B6-无-12,20260618,王雅迪,王雅迪,199元高中双科提分课,199元高中双科提分课,自投放,自有,自产原创,wangjiananbj03,3.07,0,0,0,146.19,3070,0,4.76%,0%,-,0,0
d8b8b4730be89378f60d527c9bf7a00d,-,-,-,-,-,https://tutor-online1.fbcontent.cn/growth/internal-material/1781093591451.d8b8b4730be89378f60d527c9bf7a00d.mp4,6月4日 (3)(5),20260618,贾子矜,贾子矜,199元高中双科提分课,199元高中双科提分课,自投放,自有,自产原创,wangjiananbj03,4.67,0,0,0,150.65,0,0,0.00%,0.00%,-,0,0
8bcdb128219d46e8c72428a69157940b,-,-,-,-,-,https://tutor-online1.fbcontent.cn/growth/internal-material/1779706246544.8bcdb128219d46e8c72428a69157940b.mp4,0520-199双科-自产-自产二-李博-曲中雨-子衿-A5-B1-有-5,20260618,贾子矜,贾子矜,199元高中双科提分课,199元高中双科提分课,自投放,自有,自产原创,wangjiananbj03,2.29,0,0,0,46.73,0,0,0.00%,0.00%,-,0,0
bda0a313b47ef42749086c2c5db854d7,-,-,-,-,-,https://tutor-online1.fbcontent.cn/growth/internal-material/1781505313300.bda0a313b47ef42749086c2c5db854d7.mp4,0602-199双科-自产-自产二-王晶-巽阳-小敏-A2-B4-无-12-LL,20260618,曲敏,曲敏,199元高中双科提分课,199元高中双科提分课,自投放,自有,自产原创,wangjiananbj03,10.61,0,0,0,530.5,10610,0,15.00%,0%,-,0,0
5c6bd611cd46e0bbe6f3ab1492e26952,-,-,-,-,-,https://tutor-online1.fbcontent.cn/growth/internal-material/1780975265990.5c6bd611cd46e0bbe6f3ab1492e26952.mp4,0514-199双科-自产-自产主-王晶-云梵-嘉丽--B1-无-24,20260618,魏嘉丽,韩晨国,199元高中双科提分课,199元高中双科提分课,自投放,自有,自产原创,wangjiananbj03,20.62,0,0,0,34.6,6873.33,0,1.68%,0%,-,0,0
672a7dd76553c5b2539db58ae3651101,-,-,-,-,-,https://tutor-online1.fbcontent.cn/growth/internal-material/1778649245942.672a7dd76553c5b2539db58ae3651101.mp4,0508-199双科-自产-自产二-李博-视觉锤-雅迪-A5-B1-无-16,20260618,王雅迪,王雅迪,199元高中双科提分课,199元高中双科提分课,自投放,自有,自产原创,wangjiananbj03,9.03,0,0,0,125.42,4515,0,0.00%,0.00%,-,0,0
0ebbdbbf3d6ad22bc7c434c74828ed41,-,-,-,-,-,https://tutor-online1.fbcontent.cn/growth/internal-material/1781169457656.0ebbdbbf3d6ad22bc7c434c74828ed41.mp4,0611-状元笔记-自产-自产主--视觉锤-雅迪-A6-B5-有-42,20260618,王雅迪,王雅迪,高中手写笔记,高中手写笔记,自投放,自有,自产原创,wangjiananbj03,21.18,0,0,0,34.38,0,0,4.71%,0%,-,0,0
e57a4636d8d7c120471a413b8a9cd7bf,-,-,-,-,-,https://tutor-online1.fbcontent.cn/growth/internal-material/1780918254690.e57a4636d8d7c120471a413b8a9cd7bf.mp4,0520-199双科-自产-自产主-李博-曲中雨-浩正-A7-B1-有-7,20260618,杜浩正,韩晨国,199元高中双科提分课,199元高中双科提分课,自投放,自有,自产原创,wangjiananbj03,7.4,0,0,0,101.37,0,0,0.00%,0.00%,-,0,0
c267d45903734865758eed62cece63b7,-,-,-,-,-,https://tutor-online1.fbcontent.cn/growth/internal-material/1779702539164.c267d45903734865758eed62cece63b7.mp4,0520-199双科-自产-自产二-李博-视觉锤-雅迪-A5-B1-有-13,20260618,王雅迪,王雅迪,199元高中双科提分课,199元高中双科提分课,自投放,自有,自产原创,wangjiananbj03,19.88,0,0,0,119.76,0,0,0.00%,0.00%,-,0,0
39d5d6807566c6a776270c3686825b80,-,-,-,-,-,https://tutor-online1.fbcontent.cn/growth/internal-material/1780060825586.39d5d6807566c6a776270c3686825b80.mp4,0512-199双科-自产-自产主-王晶-云梵-小敏--B1-无-22,20260618,曲敏,韩晨国,199元高中双科提分课,199元高中双科提分课,自投放,自有,自产原创,wangjiananbj03,0,0,0,0,0,0,0,7.14%,0%,-,0,0
3c6e9495c641a24d19839600be35471f,-,-,-,-,-,https://tutor-online1.fbcontent.cn/growth/internal-material/1780984422492.3c6e9495c641a24d19839600be35471f.mp4,0526-199双科-自产-自产二-王晶-亿晨-子衿-A6-B1-有-1,20260618,贾子矜,贾子矜,199元高中双科提分课,199元高中双科提分课,自投放,自有,自产原创,wangjiananbj03,21.84,0,0,0,127.72,21840,0,0.58%,0%,-,0,0
80c67af6f92c153a7905deaa416179f6,-,-,-,-,-,https://tutor-online1.fbcontent.cn/growth/internal-material/1780975484920.80c67af6f92c153a7905deaa416179f6.mp4,0520-199双科-自产-自产主-李博-曲中雨-小敏-A1-B6-有-23,20260618,曲敏,韩晨国,199元高中双科提分课,199元高中双科提分课,自投放,自有,自产原创,wangjiananbj03,15.95,0,0,0,253.17,0,0,3.17%,0%,-,0,0
589361d2f2a8b197bca3083799303965,-,-,-,-,-,https://tutor-online1.fbcontent.cn/growth/internal-material/1775810424487.589361d2f2a8b197bca3083799303965.mp4,0317-199物-自产-自产主-李博-曲中雨-浩正-A6-B2-无-21,20260618,杜浩正,杜浩正,199元高中双科提分课,199元高中双科提分课,自投放,自有,自产原创,wangjiananbj03,156.2,0,0,0,380.05,0,0,0.73%,0%,-,0,0
87baae29dbb62be599751d4638bb8adf,-,-,-,-,-,https://tutor-online1.fbcontent.cn/growth/internal-material/1779440164972.87baae29dbb62be599751d4638bb8adf.mp4,0513-199双科-自产-自产主-李博-曲中雨-嘉丽-A7-B1-无-32,20260618,魏嘉丽,魏嘉丽,199元高中双科提分课,199元高中双科提分课,自投放,自有,自产原创,wangjiananbj03,4.08,0,0,0,78.46,0,0,0.00%,0.00%,-,0,0
1ba64ab8aae0bcb1051c4c7030a4c4c2,-,-,-,-,-,https://tutor-online1.fbcontent.cn/growth/internal-material/1781580788481.1ba64ab8aae0bcb1051c4c7030a4c4c2.mp4,0610-9物-自产-自产二-李博-曲中雨-浩正-A5-B1-无-14,20260618,杜浩正,杜浩正,9元高中物理李博,9元高中物理李博,申坤,自有,自产原创,wangruixuebj01,1.31,0,0,0,100.77,655,0,15.38%,0%,-,0,0
5a6b5100cc89ff355027bcd25edd11bd,-,-,-,-,-,https://tutor-online1.fbcontent.cn/growth/internal-material/1779706273740.5a6b5100cc89ff355027bcd25edd11bd.mp4,0520-199双科-自产-自产主-李博-曲中雨-子衿-A5-B2-有-4,20260618,贾子矜,贾子矜,199元高中双科提分课,199元高中双科提分课,自投放,自有,自产原创,wangjiananbj03,0.9,0,0,0,150,0,0,0.00%,0.00%,-,0,0
df0c3a8dd88939a25d19b29c2002f0ec,-,-,-,-,-,https://tutor-online1.fbcontent.cn/growth/internal-material/1780984421202.df0c3a8dd88939a25d19b29c2002f0ec.mp4,0526-199双科-自产-自产主-王晶-亿晨-子衿-A5-B1-有-3,20260618,贾子矜,贾子矜,199元高中双科提分课,199元高中双科提分课,自投放,自有,自产原创,wangjiananbj03,5.46,0,0,0,118.7,0,0,0.00%,0.00%,-,0,0
3b3b31116d4d52e405e9dd5195396897,-,-,-,-,-,https://tutor-online1.fbcontent.cn/growth/internal-material/1774510703010.3b3b31116d4d52e405e9dd5195396897.mp4,0324-9物-自产-自产主-李博-曲中雨-子衿-A3-B2B4-有-19-前贴1,20260618,贾子矜,贾子矜,9元高中物理李博,9元高中物理李博,玄武,自有,自产原创,wangruixuebj01,81.91,0,0,0,47.02,9101.11,0,2.47%,0%,-,0,0
ff7ef25ecb62e0566d9f0185a0754596,-,-,-,-,-,https://tutor-online1.fbcontent.cn/growth/internal-material/1781769257099.ff7ef25ecb62e0566d9f0185a0754596.mp4,0618-9物-自产-自产主-李博-曲中雨-子衿-A6-B1-有-13-前贴1-嘉丽混剪-3,20260618,魏嘉丽,魏嘉丽,9元高中物理李博,9元高中物理李博,申坤,自有,自产原创,wangruixuebj01,0.02,0,0,0,20,0,0,0.00%,0.00%,-,0,0
51f30d05058a1950dd9c832d00e9d5bb,-,-,-,-,-,https://tutor-online1.fbcontent.cn/growth/internal-material/1781580808127.51f30d05058a1950dd9c832d00e9d5bb.mp4,0610-9物-自产-自产主-李博-曲中雨-浩正-A5-B1-有-15,20260618,杜浩正,杜浩正,9元高中物理李博,9元高中物理李博,申坤,自有,自产原创,wangruixuebj01,0.08,0,0,0,80,0,0,0.00%,0.00%,-,0,0
5b4610c0c4ce9e34730f09ab78e12e2e,-,-,-,-,-,https://tutor-online1.fbcontent.cn/growth/internal-material/1780060825253.5b4610c0c4ce9e34730f09ab78e12e2e.mp4,0512-199双科-自产-自产主-王晶-云梵-小敏--B1-无-21,20260618,曲敏,韩晨国,199元高中双科提分课,199元高中双科提分课,自投放,自有,自产原创,wangjiananbj03,11.64,0,0,0,101.22,0,0,0.00%,0.00%,-,0,0
202d3890dc7a42c1b2000ccbb63e7e7c,-,-,-,-,-,https://tutor-online1.fbcontent.cn/growth/internal-material/1779278571064.202d3890dc7a42c1b2000ccbb63e7e7c.mp4,0513-199双科-自产-自产主-李博-视觉锤-雅迪-A5-B2-无-17,20260618,王雅迪,王雅迪,199元高中双科提分课,199元高中双科提分课,自投放,自有,自产原创,wangjiananbj03,7.1,0,0,0,355,0,0,15.00%,0%,-,0,0
ea9bff779a7e11fb3ad1c7a0e173ee76,-,-,-,-,-,https://tutor-online1.fbcontent.cn/growth/internal-material/1780394012088.ea9bff779a7e11fb3ad1c7a0e173ee76.mp4,0527-9物-自产-自产主-李博-曲中雨-子衿-A5-B2-有-7-直播间,20260618,贾子矜,贾子矜,9元高中物理李博,9元高中物理李博,申坤,自有,自产原创,wangruixuebj01,80.82,0,0,0,281.6,40410,0,1.05%,0%,-,0,0
20b8eb386392f37b747f7637c49b3ec7,-,-,-,-,-,https://tutor-online1.fbcontent.cn/growth/internal-material/1775548305351.20b8eb386392f37b747f7637c49b3ec7.mp4,0401-9物-自产-自产主-李博-曲中雨-子衿-A3-B1-有-23-前贴1,20260618,贾子矜,贾子矜,9元高中物理李博,9元高中物理李博,玄武,自有,自产原创,wangruixuebj01,117.02,0,0,0,186.34,29255,0,1.11%,0%,-,0,0
b15470feab69c92b51e5b50af5de5d84,-,-,-,-,-,https://tutor-online1.fbcontent.cn/growth/internal-material/1780656483738.b15470feab69c92b51e5b50af5de5d84.mp4,0603-9物-自产-自产主-李博-视觉锤-浩正-A5-B1-有-14,20260618,杜浩正,杜浩正,9元高中物理李博,9元高中物理李博,申坤,自有,自产原创,wangruixuebj01,0.39,0,0,0,22.94,390,0,5.88%,0%,-,0,0
e78ee84df8361223905878f70bf3d0df,-,-,-,-,-,https://tutor-online1.fbcontent.cn/growth/internal-material/1780917890069.e78ee84df8361223905878f70bf3d0df.mp4,0513-199双科-自产-自产主-李博-曲中雨-嘉丽-A7-B1-有-34,20260618,魏嘉丽,韩晨国,199元高中双科提分课,199元高中双科提分课,自投放,自有,自产原创,wangjiananbj03,0.01,0,0,0,5,10,0,0.00%,0.00%,-,0,0
796d213a18924f0b802e588521b35d61,-,-,-,-,-,https://tutor-online1.fbcontent.cn/growth/internal-material/1781079684524.796d213a18924f0b802e588521b35d61.mp4,0604-状元笔记-自产-混剪--曲中雨-婷玉---有-32,20260618,吴婷玉,吴婷玉,高中手写笔记,高中手写笔记,自投放,自有,自产原创,wangjiananbj03,0.09,0,0,0,45,0,0,0.00%,0.00%,-,0,0
ac6b945414eb899ece6ca8f2bd57bddf,-,-,-,-,-,https://tutor-online1.fbcontent.cn/growth/internal-material/1779706278704.ac6b945414eb899ece6ca8f2bd57bddf.mp4,0520-199双科-自产-自产主-李博-曲中雨-子衿-A6-B1-无-3,20260618,贾子矜,贾子矜,199元高中双科提分课,199元高中双科提分课,自投放,自有,自产原创,wangjiananbj03,0,0,0,0,0,0,0,0.00%,0.00%,-,0,0
53395ea12e6cd337deac364c861cd5f1,-,-,-,-,-,https://tutor-online1.fbcontent.cn/growth/internal-material/1780975666225.53395ea12e6cd337deac364c861cd5f1.mp4,0520-199双科-自产-自产二-李博-曲中雨-小敏-A1-B6-无-23,20260618,曲敏,韩晨国,199元高中双科提分课,199元高中双科提分课,自投放,自有,自产原创,wangjiananbj03,14.13,0,0,0,63.65,14130,0,0.90%,0%,-,0,0
c3d55ddec117721bb43ff46a2e070ab9,-,-,-,-,-,https://tutor-online1.fbcontent.cn/growth/internal-material/1780369784412.c3d55ddec117721bb43ff46a2e070ab9.mp4,0527-9物-自产-自产主-李博-视觉锤-雅迪-A5-B1-无-16,20260618,王雅迪,王雅迪,9元高中物理李博,9元高中物理李博,申坤,自有,自产原创,wangruixuebj01,0.05,0,0,0,10,0,0,20.00%,0%,-,0,0
df0c3a8dd88939a25d19b29c2002f0ec,-,-,-,-,-,https://tutor-online1.fbcontent.cn/growth/internal-material/1780984421202.df0c3a8dd88939a25d19b29c2002f0ec.mp4,0526-199双科-自产-自产主-王晶-亿晨-子衿-A5-B1-有-3,20260618,贾子矜,贾子矜,199元高中双科提分课,199元高中双科提分课,自投放,自有,自产原创,wangjiananbj03,2.5,0,0,0,625,0,0,0.00%,0.00%,-,0,0
e1da8b4562155de075280cb30829faaf,-,-,-,-,-,https://tutor-online1.fbcontent.cn/growth/internal-material/1780917991520.e1da8b4562155de075280cb30829faaf.mp4,0513-199双科-自产-自产主-李博-曲中雨-嘉丽-A7-B1-无-35,20260618,魏嘉丽,韩晨国,199元高中双科提分课,199元高中双科提分课,自投放,自有,自产原创,wangjiananbj03,18.89,0,0,0,92.6,18890,0,0.49%,0%,-,0,0
60fda511de23511be14bbd8d8186fc12,-,-,-,-,-,https://tutor-online1.fbcontent.cn/growth/internal-material/1778581745046.60fda511de23511be14bbd8d8186fc12.mp4,0508-199双科-自产-自产主-李博-视觉锤-雅迪-A5-B1-无-17,20260618,王雅迪,王雅迪,199元高中双科提分课,199元高中双科提分课,自投放,自有,自产原创,wangjiananbj03,0.34,0,0,0,48.57,0,0,0.00%,0.00%,-,0,0
4cc8fcf55cda7ade1c2294936a78e254,-,-,-,-,-,https://tutor-online1.fbcontent.cn/growth/internal-material/1780656484642.4cc8fcf55cda7ade1c2294936a78e254.mp4,0603-9物-自产-自产主-李博-视觉锤-浩正-A5-B1-有-13,20260618,杜浩正,杜浩正,9元高中物理李博,9元高中物理李博,申坤,自有,自产原创,wangruixuebj01,0.89,0,0,0,44.5,890,0,5.00%,0%,-,0,0
1107d1ce1afeb47e78785778e9789347,-,-,-,-,-,https://tutor-online1.fbcontent.cn/growth/internal-material/1780984420902.1107d1ce1afeb47e78785778e9789347.mp4,0526-199双科-自产-自产二-王晶-亿晨-子衿-A7-B1-有-4,20260618,贾子矜,贾子矜,199元高中双科提分课,199元高中双科提分课,自投放,自有,自产原创,wangjiananbj03,4.08,0,0,0,28.94,0,0,0.71%,0%,-,0,0
e5e54cd0453dfd7e1080b8936f0dc246,-,-,-,-,-,https://tutor-online1.fbcontent.cn/growth/internal-material/1781079684996.e5e54cd0453dfd7e1080b8936f0dc246.mp4,0604-状元笔记-自产-混剪--曲中雨-婷玉---有-25,20260618,吴婷玉,吴婷玉,高中手写笔记,高中手写笔记,自投放,自有,自产原创,wangjiananbj03,209.37,59,1,0.28,589.77,0,209.37,55.77%,0.51%,-,2.82,0
ed614a2eb44b5fe0176d925f46bd2a80,-,-,-,-,-,https://tutor-online1.fbcontent.cn/growth/internal-material/1780984420344.ed614a2eb44b5fe0176d925f46bd2a80.mp4,0526-199双科-自产-自产二-王晶-亿晨-子衿-A7-B2-有-2,20260618,贾子矜,贾子矜,199元高中双科提分课,199元高中双科提分课,自投放,自有,自产原创,wangjiananbj03,0.03,0,0,0,3.33,0,0,0.00%,0.00%,-,0,0
69d0af91a962fe9a566056855b970a25,-,-,-,-,-,https://tutor-online1.fbcontent.cn/growth/internal-material/1780397823386.69d0af91a962fe9a566056855b970a25.mp4,0527-9物-自产-自产主-李博-曲中雨-浩正-A5-B1-无-14-直播间,20260618,杜浩正,杜浩正,9元高中物理李博,9元高中物理李博,申坤,自有,自产原创,wangruixuebj01,1.24,0,0,0,20,620,0,4.84%,0%,-,0,0
286d81572c0266e92d186adb2ce6aac6,-,-,-,-,-,https://tutor-online1.fbcontent.cn/growth/internal-material/1781508313430.286d81572c0266e92d186adb2ce6aac6.mp4,0602-199双科-自产-自产二-王晶-巽阳-小敏-A5-B1-有-14-SY,20260618,曲敏,曲敏,199元高中双科提分课,199元高中双科提分课,自投放,自有,自产原创,wangjiananbj03,6.35,0,0,0,302.38,0,0,0.00%,0.00%,-,0,0
745ee7f6de7484ccc051fde7e3381074,-,-,-,-,-,https://tutor-online1.fbcontent.cn/growth/internal-material/1780983143504.745ee7f6de7484ccc051fde7e3381074.mp4,6月4日 (3),20260618,贾子矜,贾子矜,199元高中双科提分课,199元高中双科提分课,自投放,自有,自产原创,wangjiananbj03,0.09,0,0,0,7.5,90,0,8.33%,0%,-,0,0
dbc1d2912b7c8c40e269254ec800e594,-,-,-,-,-,https://tutor-online1.fbcontent.cn/growth/internal-material/1778649122827.dbc1d2912b7c8c40e269254ec800e594.mp4,0508-199双科-自产-自产二-李博-视觉锤-亚平-A2-B4-无-33,20260618,王雅迪,王雅迪,199元高中双科提分课,199元高中双科提分课,自投放,自有,自产原创,wangjiananbj03,1.15,0,0,0,82.14,0,0,0.00%,0.00%,-,0,0
44ce21a822864f9d09a9b96fe22e22c5,-,-,-,-,-,https://tutor-online1.fbcontent.cn/growth/internal-material/1777262078337.44ce21a822864f9d09a9b96fe22e22c5.mp4,0422-9物-自产-自产主-李博-曲中雨-子衿-A6-B1B2-无-11,20260618,贾子矜,贾子矜,9元高中物理李博,9元高中物理李博,申坤,自有,自产原创,wangruixuebj01,1.69,0,0,0,60.36,0,0,0.00%,0.00%,-,0,0
884e9a41a94c31ffc5b5598a97f67c8c,-,-,-,-,-,https://tutor-online1.fbcontent.cn/growth/internal-material/1780394060654.884e9a41a94c31ffc5b5598a97f67c8c.mp4,0527-9物-自产-自产主-李博-曲中雨-子衿-A7-B2-有-6,20260618,贾子矜,贾子矜,9元高中物理李博,9元高中物理李博,申坤,自有,自产原创,wangruixuebj01,0.23,0,0,0,46,0,0,0.00%,0.00%,-,0,0
0cdd0c66a10501f45a7a11c66f36b5ee,-,-,-,-,-,https://tutor-online1.fbcontent.cn/growth/internal-material/1779702538778.0cdd0c66a10501f45a7a11c66f36b5ee.mp4,0520-199双科-自产-自产二-李博-视觉锤-雅迪-A5-B1-无-14,20260618,王雅迪,王雅迪,199元高中双科提分课,199元高中双科提分课,自投放,自有,自产原创,wangjiananbj03,9.67,0,0,0,268.61,9670,0,11.11%,0%,-,0,0
7618381c53d6fb28cf215b0ab5209c85,-,-,-,-,-,https://tutor-online1.fbcontent.cn/growth/internal-material/1776416876385.7618381c53d6fb28cf215b0ab5209c85.mp4,0415-9物-自产-自产二-李博-曲中雨-子衿-A5-B3B4-无-15,20260618,贾子矜,贾子矜,9元高中物理李博,9元高中物理李博,玄武,自有,自产原创,wangruixuebj01,0.15,0,0,0,7.89,0,0,0.00%,0.00%,-,0,0
2e87fbcd6e95a9755794a6fbade4cbf3,-,-,-,-,-,https://tutor-online1.fbcontent.cn/growth/internal-material/1770030073063.2e87fbcd6e95a9755794a6fbade4cbf3.mp4,0128-自产主-李博-8-3--有-9物-子矜- IP-曲中雨,20260618,贾子矜,贾子矜,9元高中物理李博,9元高中物理李博-实物,玄武,自有,自产原创,wangruixuebj01,3538.73,117,13,0.03,148.65,9996.41,272.21,1.63%,3.36%,-,0.55,330.51
473081ce934cddca8668528b5177c7bd,-,-,-,-,-,https://tutor-online1.fbcontent.cn/growth/internal-material/1774350653835.473081ce934cddca8668528b5177c7bd.mp4,0319-9物-自产-自产二-李博-巽阳-子衿--B2B5-无-24,20260618,贾子矜,贾子矜,9元高中物理李博,9元高中物理李博,玄武,自有,自产原创,wangruixuebj01,73.9,0,0,0,93.31,7390,0,1.64%,0%,-,0,0
56337a5681323d8f874941d4cee18ad0,-,-,-,-,-,https://tutor-online1.fbcontent.cn/growth/internal-material/1781505314558.56337a5681323d8f874941d4cee18ad0.mp4,0602-199双科-自产-自产二-王晶-巽阳-小敏-A6-B1B2-无-13-LL,20260618,曲敏,曲敏,199元高中双科提分课,199元高中双科提分课,自投放,自有,自产原创,wangjiananbj03,12.92,0,0,0,215.33,0,0,1.67%,0%,-,0,0
571c11f2b4163c9a3615c95d49c26d59,-,-,-,-,-,https://tutor-online1.fbcontent.cn/growth/internal-material/1781079684184.571c11f2b4163c9a3615c95d49c26d59.mp4,0604-状元笔记-自产-混剪--曲中雨-婷玉---无-31,20260618,吴婷玉,吴婷玉,高中手写笔记,高中手写笔记,自投放,自有,自产原创,wangjiananbj03,11.64,0,0,0,39.06,0,0,2.35%,0%,-,0,0
b49f6df3079d47ae88afb68b055e186e,-,-,-,-,-,https://tutor-online1.fbcontent.cn/growth/internal-material/1780983143488.b49f6df3079d47ae88afb68b055e186e.mp4,6月4日 (3)(9),20260618,贾子矜,贾子矜,199元高中双科提分课,199元高中双科提分课,自投放,自有,自产原创,wangjiananbj03,4.29,0,0,0,70.33,4290,0,8.20%,0%,-,0,0
8906745ce3e833adb10a33bfd92807aa,-,-,-,-,-,https://tutor-online1.fbcontent.cn/growth/internal-material/1780983143422.8906745ce3e833adb10a33bfd92807aa.mp4,6月4日 (3)(6),20260618,贾子矜,贾子矜,199元高中双科提分课,199元高中双科提分课,自投放,自有,自产原创,wangjiananbj03,13.73,0,0,0,87.45,0,0,0.64%,0%,-,0,0
efc2593fabdfe3d3ba054eb6e5001057,-,-,-,-,-,https://tutor-online1.fbcontent.cn/growth/internal-material/1780917887407.efc2593fabdfe3d3ba054eb6e5001057.mp4,0513-199双科-自产-自产主-李博-曲中雨-嘉丽-A7-B1-有-32,20260618,魏嘉丽,韩晨国,199元高中双科提分课,199元高中双科提分课,自投放,自有,自产原创,wangjiananbj03,6.26,0,0,0,68.04,3130,0,2.17%,0%,-,0,0
bc6e37364563c13486bc0769b790248b,-,-,-,-,-,https://tutor-online1.fbcontent.cn/growth/internal-material/1781353108439.bc6e37364563c13486bc0769b790248b.mp4,0602-199双科-自产-自产主-王晶-巽阳-子衿-A5-B1-无-4,20260618,贾子矜,贾子矜,199元高中双科提分课,199元高中双科提分课,自投放,自有,自产原创,wangjiananbj03,8.51,0,0,0,1063.75,8510,0,0.00%,0.00%,-,0,0
68f757d575aaf8195b6bd31e16a26817,-,-,-,-,-,https://tutor-online1.fbcontent.cn/growth/internal-material/1780393906984.68f757d575aaf8195b6bd31e16a26817.mp4,0527-9物-自产-自产二-李博-曲中雨-子衿-A5-B2-无-3-直播间,20260618,贾子矜,贾子矜,9元高中物理李博,9元高中物理李博,申坤,自有,自产原创,wangruixuebj01,1.19,0,0,0,148.75,0,0,0.00%,0.00%,-,0,0
c134c2b71efd71124b7c35d7fecb3b07,-,-,-,-,-,https://tutor-online1.fbcontent.cn/growth/internal-material/1781508313053.c134c2b71efd71124b7c35d7fecb3b07.mp4,0602-199双科-自产-自产二-王晶-巽阳-小敏-A2-B4-有-12-LL,20260618,曲敏,曲敏,199元高中双科提分课,199元高中双科提分课,自投放,自有,自产原创,wangjiananbj03,0.63,0,0,0,52.5,0,0,0.00%,0.00%,-,0,0
0f7cc405a4be1fa4605f0b0a4d5fd80e,-,-,-,-,-,https://tutor-online1.fbcontent.cn/growth/internal-material/1778581776108.0f7cc405a4be1fa4605f0b0a4d5fd80e.mp4,0508-199双科-自产-自产主-李博-视觉锤-雅迪-A1-B4B6-有-12,20260618,王雅迪,王雅迪,199元高中双科提分课,199元高中双科提分课,自投放,自有,自产原创,wangjiananbj03,782.89,199,1,0.25,383.77,71171.82,782.89,0.98%,5.00%,-,0.49,18090.91
0ebbdbbf3d6ad22bc7c434c74828ed41,-,-,-,-,-,https://tutor-online1.fbcontent.cn/growth/internal-material/1781169457656.0ebbdbbf3d6ad22bc7c434c74828ed41.mp4,0611-状元笔记-自产-自产主--视觉锤-雅迪-A6-B5-有-42,20260618,王雅迪,王雅迪,高中手写笔记,高中手写笔记,自投放,自有,自产原创,wangjiananbj03,0.07,0,0,0,35,0,0,0.00%,0.00%,-,0,0
2520b508e17dae8b42abe4aab74fe550,-,-,-,-,-,https://tutor-online1.fbcontent.cn/growth/internal-material/1781082477008.2520b508e17dae8b42abe4aab74fe550.mp4,0527-199双科-自产-自产二-李博-视觉锤-嘉丽-A7-B1-有-12,20260618,魏嘉丽,魏嘉丽,199元高中双科提分课,199元高中双科提分课,自投放,自有,自产原创,wangjiananbj03,6.05,0,0,0,177.94,3025,0,5.88%,0%,-,0,0
d43e1557c7cf9338cf13269871a9d7b5,-,-,-,-,-,https://tutor-online1.fbcontent.cn/growth/internal-material/1775548306156.d43e1557c7cf9338cf13269871a9d7b5.mp4,0401-9物-自产-自产主-李博-曲中雨-子衿-A3-B1-有-23-前贴2,20260618,贾子矜,贾子矜,9元高中物理李博,9元高中物理李博,玄武,自有,自产原创,wangruixuebj01,23.19,0,0,0,181.17,0,0,0.00%,0.00%,-,0,0
0629066c4851ab1e9061310d07ad5600,-,-,-,-,-,https://tutor-online1.fbcontent.cn/growth/internal-material/1772517101338.0629066c4851ab1e9061310d07ad5600.mp4,0211-9物-自产-自产主-李博-亿晨-子衿-A7-B1-无-4,20260618,贾子矜,贾子矜,9元高中物理李博,9元高中物理李博-实物,玄武,自有,自产原创,wangruixuebj01,263.66,9,1,0.03,179.24,10140.77,263.66,1.97%,3.45%,-,0.68,346.15
c1cd5fb7814f25b1cce9b2d6e3a038f5,-,-,-,-,-,https://tutor-online1.fbcontent.cn/growth/internal-material/1775548229416.c1cd5fb7814f25b1cce9b2d6e3a038f5.mp4,0401-9物-自产-自产二-李博-曲中雨-子衿-A3-B1-有-23-前贴2,20260618,贾子矜,贾子矜,9元高中物理李博,9元高中物理李博,玄武,自有,自产原创,wangruixuebj01,4.33,0,0,0,618.57,0,0,0.00%,0.00%,-,0,0
28b2343005a3950613da6d5f0cb0dad5,-,-,-,-,-,https://tutor-online1.fbcontent.cn/growth/internal-material/1779701697305.28b2343005a3950613da6d5f0cb0dad5.mp4,0512-199双科-自产-自产二-王晶-云梵-嘉丽--B1-无-13,20260618,魏嘉丽,魏嘉丽,199元高中双科提分课,199元高中双科提分课,自投放,自有,自产原创,wangjiananbj03,0.19,0,0,0,17.27,190,0,9.09%,0%,-,0,0
9625bc3110194f040edde2b0e26e3ae7,-,-,-,-,-,https://tutor-online1.fbcontent.cn/growth/internal-material/1780976417050.9625bc3110194f040edde2b0e26e3ae7.mp4,0521-状元笔记-自产-自产二--曲中雨-小敏-A5-B2-无-22,20260618,曲敏,韩晨国,高中手写笔记,高中手写笔记,自投放,自有,自产原创,wangjiananbj03,4.22,0,0,0,33.49,0,0,0.79%,0%,-,0,0
c8d85e0f2a43603e4807b1cdd486ed21,-,-,-,-,-,https://tutor-online1.fbcontent.cn/growth/internal-material/1775548229436.c8d85e0f2a43603e4807b1cdd486ed21.mp4,0401-9物-自产-自产二-李博-曲中雨-子衿-A3-B1-有-23-前贴1,20260618,贾子矜,贾子矜,9元高中物理李博,9元高中物理李博,玄武,自有,自产原创,wangruixuebj01,3831.12,126,14,0.03,168.54,31402.62,273.65,1.03%,5.96%,-,0.62,1032.79
163cf57058753860f7b58222177eb862,-,-,-,-,-,https://tutor-online1.fbcontent.cn/growth/internal-material/1780393906445.163cf57058753860f7b58222177eb862.mp4,0527-9物-自产-自产二-李博-曲中雨-子衿-A5-B2-无-2-直播间,20260618,贾子矜,贾子矜,9元高中物理李博,9元高中物理李博,申坤,自有,自产原创,wangruixuebj01,0.67,0,0,0,134,0,0,0.00%,0.00%,-,0,0
a033197e33f34a1b8a69d044a10a1ddb,-,-,-,-,-,https://tutor-online1.fbcontent.cn/growth/internal-material/1780656483759.a033197e33f34a1b8a69d044a10a1ddb.mp4,0603-9物-自产-自产主-李博-视觉锤-浩正-A5-B1-有-11,20260618,杜浩正,杜浩正,9元高中物理李博,9元高中物理李博,申坤,自有,自产原创,wangruixuebj01,6.72,0,0,0,43.08,1680,0,2.56%,0%,-,0,0
38cc4614e55ce5977f868d25a16c7bb9,-,-,-,-,-,https://tutor-online1.fbcontent.cn/growth/internal-material/1781580825043.38cc4614e55ce5977f868d25a16c7bb9.mp4,0610-9物-自产-自产主-李博-曲中雨-浩正-A5-B1-无-13,20260618,杜浩正,杜浩正,9元高中物理李博,9元高中物理李博,申坤,自有,自产原创,wangruixuebj01,1.27,0,0,0,22.68,0,0,0.00%,0.00%,-,0,0
11dcef5f6ee8dd9451fb50c424ff03e6,-,-,-,-,-,https://tutor-online1.fbcontent.cn/growth/internal-material/1780983143284.11dcef5f6ee8dd9451fb50c424ff03e6.mp4,6月4日 (3)(7),20260618,贾子矜,贾子矜,199元高中双科提分课,199元高中双科提分课,自投放,自有,自产原创,wangjiananbj03,3.54,0,0,0,122.07,0,0,0.00%,0.00%,-,0,0
3fef6f4bbc2b43b34f60920cfac6d89e,-,-,-,-,-,https://tutor-online1.fbcontent.cn/growth/internal-material/1774350593192.3fef6f4bbc2b43b34f60920cfac6d89e.mp4,0319-9物-自产-自产二-李博-巽阳-子衿---有-30,20260618,贾子矜,贾子矜,9元高中物理李博,9元高中物理李博,玄武,自有,自产原创,wangruixuebj01,0.01,0,0,0,10,0,0,0.00%,0.00%,-,0,0
e938c01e963ad0f4c44c706f0304a49e,-,-,-,-,-,https://tutor-online1.fbcontent.cn/growth/internal-material/1779953135567.e938c01e963ad0f4c44c706f0304a49e.mp4,0520-199双科-自产-自产主-李博-视觉锤-嘉丽-A6-B1-无-19,20260618,魏嘉丽,魏嘉丽,199元高中双科提分课,199元高中双科提分课,自投放,自有,自产原创,wangjiananbj03,3.09,0,0,0,54.21,0,0,0.00%,0.00%,-,0,0
49ffc600301c5c9f7ae19c5bed6cd8fd,-,-,-,-,-,https://tutor-online1.fbcontent.cn/growth/internal-material/1773633709179.49ffc600301c5c9f7ae19c5bed6cd8fd.mp4,0312-9物-自产-自产二-李博-巽阳YS-子衿-A6-B1B2-有-20,20260618,贾子矜,贾子矜,9元高中物理李博,9元高中物理李博,玄武,自有,自产原创,wangruixuebj01,49.54,0,0,0,85.56,24770,0,1.73%,0%,-,0,0
f73474b3595571b16bb9286be6d410c4,-,-,-,-,-,https://tutor-online1.fbcontent.cn/growth/internal-material/1780041102286.f73474b3595571b16bb9286be6d410c4.mp4,0520-199双科-自产-自产主-李博-视觉锤-小敏-A1-B6-无-21,20260618,曲敏,曲敏,199元高中双科提分课,199元高中双科提分课,自投放,自有,自产原创,wangjiananbj03,0.06,0,0,0,30,0,0,0.00%,0.00%,-,0,0
8bdc1ba34ce2e8b68499b3b7518c151c,-,-,-,-,-,https://tutor-online1.fbcontent.cn/growth/internal-material/1780984422526.8bdc1ba34ce2e8b68499b3b7518c151c.mp4,0526-199双科-自产-自产主-王晶-亿晨-子衿-A5-B2-有-5,20260618,贾子矜,贾子矜,199元高中双科提分课,199元高中双科提分课,自投放,自有,自产原创,wangjiananbj03,1.05,0,0,0,87.5,1050,0,8.33%,0%,-,0,0
1fd9a788759e49d82b26d647652af354,-,-,-,-,-,https://tutor-online1.fbcontent.cn/growth/internal-material/1781353899559.1fd9a788759e49d82b26d647652af354.mp4,0602-199双科-自产-自产主-王晶-巽阳-子衿-A6-B2-有-1-RS,20260618,贾子矜,贾子矜,199元高中双科提分课,199元高中双科提分课,自投放,自有,自产原创,wangjiananbj03,0.12,0,0,0,120,0,0,0.00%,0.00%,-,0,0
fc9c7b3d0b362bf3fc8da2fcc6217894,-,-,-,-,-,https://tutor-online1.fbcontent.cn/growth/internal-material/1777262046802.fc9c7b3d0b362bf3fc8da2fcc6217894.mp4,0422-9物-自产-自产二-李博-曲中雨-子衿-A7-B1-有-14-前贴4,20260618,贾子矜,贾子矜,9元高中物理李博,9元高中物理李博,申坤,自有,自产原创,wangruixuebj01,1.94,9,1,4.64,25.19,646.67,1.94,2.60%,50.00%,-,12.99,3000
ff7ef25ecb62e0566d9f0185a0754596,-,-,-,-,-,https://tutor-online1.fbcontent.cn/growth/internal-material/1781769257099.ff7ef25ecb62e0566d9f0185a0754596.mp4,0618-9物-自产-自产主-李博-曲中雨-子衿-A6-B1-有-13-前贴1-嘉丽混剪-3,20260618,魏嘉丽,魏嘉丽,9元高中物理李博,9元高中物理李博,申坤,自有,自产原创,wangruixuebj01,0.11,0,0,0,36.67,0,0,0.00%,0.00%,-,0,0
6f87a8252e638dbf700e1045219578ba,-,-,-,-,-,https://tutor-online1.fbcontent.cn/growth/internal-material/1781769257350.6f87a8252e638dbf700e1045219578ba.mp4,0618-9物-自产-自产二-李博-巽阳YS-子衿-A6-B1B2-有-20-嘉丽混剪-1,20260618,魏嘉丽,魏嘉丽,9元高中物理李博,9元高中物理李博,申坤,自有,自产原创,wangruixuebj01,0.01,0,0,0,10,0,0,0.00%,0.00%,-,0,0
cf5f02a96d4df9db0459841e52192096,-,-,-,-,-,https://tutor-online1.fbcontent.cn/growth/internal-material/1779706282111.cf5f02a96d4df9db0459841e52192096.mp4,0520-199双科-自产-自产主-李博-曲中雨-子衿-A6-B1-有-3,20260618,贾子矜,贾子矜,199元高中双科提分课,199元高中双科提分课,自投放,自有,自产原创,wangjiananbj03,2.25,0,0,0,43.27,0,0,1.92%,0%,-,0,0
daf655cc2e595e39bce0bc2b90a893e7,-,-,-,-,-,https://tutor-online1.fbcontent.cn/growth/internal-material/1779258539843.daf655cc2e595e39bce0bc2b90a893e7.mp4,0512-199双科-自产-自产主-王晶-曲中雨-子衿--B1B4-有-3,20260618,贾子矜,贾子矜,199元高中双科提分课,199元高中双科提分课,自投放,自有,自产原创,wangjiananbj03,10.52,0,0,0,106.26,0,0,0.00%,0.00%,-,0,0
34784e0f591a32d845ca85c3708212e1,-,-,-,-,-,https://tutor-online1.fbcontent.cn/growth/internal-material/1780369895793.34784e0f591a32d845ca85c3708212e1.mp4,0527-9物-自产-自产二-李博-视觉锤-雅迪-A5-B1-无-16,20260618,王雅迪,王雅迪,9元高中物理李博,9元高中物理李博,申坤,自有,自产原创,wangruixuebj01,1.33,0,0,0,166.25,0,0,12.50%,0%,-,0,0
c17e3ba60ee9e1451ccbc72456bb25ae,-,-,-,-,-,https://tutor-online1.fbcontent.cn/growth/internal-material/1780918129724.c17e3ba60ee9e1451ccbc72456bb25ae.mp4,0520-199双科-自产-自产二-李博-曲中雨-浩正-A5-B2-无-6,20260618,杜浩正,韩晨国,199元高中双科提分课,199元高中双科提分课,自投放,自有,自产原创,wangjiananbj03,0.52,0,0,0,27.37,0,0,0.00%,0.00%,-,0,0
742bb10b5dfc8caff044c6811d93d7ee,-,-,-,-,-,https://tutor-online1.fbcontent.cn/growth/internal-material/1777262140189.742bb10b5dfc8caff044c6811d93d7ee.mp4,0422-9物-自产-自产主-李博-曲中雨-子衿-A7-B1-有-14-前贴2,20260618,贾子矜,贾子矜,9元高中物理李博,9元高中物理李博,申坤,自有,自产原创,wangruixuebj01,7.6,0,0,0,70.37,7600,0,0.93%,0%,-,0,0
8bdc1ba34ce2e8b68499b3b7518c151c,-,-,-,-,-,https://tutor-online1.fbcontent.cn/growth/internal-material/1780984422526.8bdc1ba34ce2e8b68499b3b7518c151c.mp4,0526-199双科-自产-自产主-王晶-亿晨-子衿-A5-B2-有-5,20260618,贾子矜,贾子矜,199元高中双科提分课,199元高中双科提分课,自投放,自有,自产原创,wangjiananbj03,7.3,0,0,0,270.37,0,0,3.70%,0%,-,0,0
643ad7ec4954e07101c7b4ff23125d6f,-,-,-,-,-,https://tutor-online1.fbcontent.cn/growth/internal-material/1781517225870.643ad7ec4954e07101c7b4ff23125d6f.mp4,0611-199双科-自产-自产二-王晶-曲中雨-婷玉-A6-B3-无-19,20260618,吴婷玉,吴婷玉,199元高中双科提分课,199元高中双科提分课,自投放,自有,自产原创,wangjiananbj03,3.04,0,0,0,178.82,0,0,5.88%,0%,-,0,0
dd8e8f391432cfc750aadd2ffb4412a2,-,-,-,-,-,https://tutor-online1.fbcontent.cn/growth/internal-material/1776416966997.dd8e8f391432cfc750aadd2ffb4412a2.mp4,0415-9物-自产-自产主-李博-曲中雨-子衿-A6-B1-有-13-前贴1,20260618,贾子矜,贾子矜,9元高中物理李博,9元高中物理李博,玄武,自有,自产原创,wangruixuebj01,53.9,0,0,0,99.45,13475,0,1.48%,0%,-,0,0
40c4b652df4154f8be2219da5012c009,-,-,-,-,-,https://tutor-online1.fbcontent.cn/growth/internal-material/1780393905644.40c4b652df4154f8be2219da5012c009.mp4,0527-9物-自产-自产二-李博-曲中雨-子衿-A2-B2-有-8-直播间,20260618,贾子矜,贾子矜,9元高中物理李博,9元高中物理李博,申坤,自有,自产原创,wangruixuebj01,17.97,0,0,0,23.37,0,0,0.26%,0%,-,0,0
f3288b9939c59e630458e23e380e7ba9,-,-,-,-,-,https://tutor-online1.fbcontent.cn/growth/internal-material/1779427695243.f3288b9939c59e630458e23e380e7ba9.mp4,0512-199双科-自产-自产主-王晶-曲中雨-雅迪---无-12,20260618,王雅迪,王雅迪,199元高中双科提分课,199元高中双科提分课,自投放,自有,自产原创,wangjiananbj03,1.34,0,0,0,134,0,0,0.00%,0.00%,-,0,0
72f97867842e4213d6a2e317d121163c,-,-,-,-,-,https://tutor-online1.fbcontent.cn/growth/internal-material/1780984421539.72f97867842e4213d6a2e317d121163c.mp4,0526-199双科-自产-自产二-王晶-亿晨-子衿-A5-B1-有-3,20260618,贾子矜,贾子矜,199元高中双科提分课,199元高中双科提分课,自投放,自有,自产原创,wangjiananbj03,16.14,0,0,0,56.24,0,0,2.09%,0%,-,0,0
a230104bb17dfd80027e41d8eea4ed00,-,-,-,-,-,https://tutor-online1.fbcontent.cn/growth/internal-material/1781517225844.a230104bb17dfd80027e41d8eea4ed00.mp4,0611-199双科-自产-自产二-王晶-曲中雨-婷玉-A1-B4-无-18,20260618,吴婷玉,吴婷玉,199元高中双科提分课,199元高中双科提分课,自投放,自有,自产原创,wangjiananbj03,25.48,0,0,0,174.52,25480,0,2.05%,0%,-,0,0
1d6a21ffed3505a98468fb67f8045849,-,-,-,-,-,https://tutor-online1.fbcontent.cn/growth/internal-material/1780906798576.1d6a21ffed3505a98468fb67f8045849.mp4,0603-9物-自产-自产主-李博-曲中雨-子衿-A6-B2-无-3-直播间,20260618,贾子矜,贾子矜,9元高中物理李博,9元高中物理李博,申坤,自有,自产原创,wangruixuebj01,1.42,0,0,0,47.33,0,0,0.00%,0.00%,-,0,0
ebcfb0be91e72d2ee5622d98ac667337,-,-,-,-,-,https://tutor-online1.fbcontent.cn/growth/internal-material/1781505314308.ebcfb0be91e72d2ee5622d98ac667337.mp4,0602-199双科-自产-自产主-王晶-巽阳-小敏-A6-B1-无-11-LL,20260618,曲敏,曲敏,199元高中双科提分课,199元高中双科提分课,自投放,自有,自产原创,wangjiananbj03,1.24,0,0,0,53.91,0,0,4.35%,0%,-,0,0
4e1e062d6dc572308add296e4498d668,-,-,-,-,-,https://tutor-online1.fbcontent.cn/growth/internal-material/1780918129741.4e1e062d6dc572308add296e4498d668.mp4,0520-199双科-自产-自产二-李博-曲中雨-浩正-A5-B2-无-9,20260618,杜浩正,韩晨国,199元高中双科提分课,199元高中双科提分课,自投放,自有,自产原创,wangjiananbj03,10.53,0,0,0,35.34,10530,0,0.34%,0%,-,0,0
8e80c975b4db74d7e330c875722ad6fd,-,-,-,-,-,https://tutor-online1.fbcontent.cn/growth/internal-material/1781579957774.8e80c975b4db74d7e330c875722ad6fd.mp4,0610-199双科-自产-自产二-李博-视觉锤-子衿-A2-B1-无-7(1),20260618,贾子矜,贾子矜,199元高中双科提分课,199元高中双科提分课,自投放,自有,自产原创,wangjiananbj03,0.15,0,0,0,4.84,0,0,0.00%,0.00%,-,0,0
eb1c5cfcc71d152dd3c53ff119e129e4,-,-,-,-,-,https://tutor-online1.fbcontent.cn/growth/internal-material/1779706253337.eb1c5cfcc71d152dd3c53ff119e129e4.mp4,0520-199双科-自产-自产主-李博-曲中雨-子衿-A5-B1-无-5,20260618,贾子矜,贾子矜,199元高中双科提分课,199元高中双科提分课,自投放,自有,自产原创,wangjiananbj03,31.73,0,0,0,176.28,10576.67,0,3.89%,0%,-,0,0
3a4a64509ad557233d892670d4962b0c,-,-,-,-,-,https://tutor-online1.fbcontent.cn/growth/internal-material/1781582189139.3a4a64509ad557233d892670d4962b0c.mp4,0610-9物-自产-自产二-李博-视觉锤-雅迪-A5-B1B4-无-19,20260618,王雅迪,王雅迪,9元高中物理李博,9元高中物理李博,申坤,自有,自产原创,wangruixuebj01,3.66,0,0,0,48.16,1220,0,3.95%,0%,-,0,0
a8970e28b2db8e6660bc4d6089781f24,-,-,-,-,-,https://tutor-online1.fbcontent.cn/growth/internal-material/1781681452325.a8970e28b2db8e6660bc4d6089781f24.mp4,0610-9物-自产-自产主-李博-视觉锤-雅迪-A5-B2-无-16,20260618,王雅迪,王雅迪,9元高中物理李博,9元高中物理李博,申坤,自有,自产原创,wangruixuebj01,0.16,0,0,0,160,0,0,0.00%,0.00%,-,0,0
6bff84a97b4cebe2c39e59c60352732b,-,-,-,-,-,https://tutor-online1.fbcontent.cn/growth/internal-material/1781353900845.6bff84a97b4cebe2c39e59c60352732b.mp4,0602-199双科-自产-自产二-王晶-巽阳-子衿-A6-B2-有-1-RS,20260618,贾子矜,贾子矜,199元高中双科提分课,199元高中双科提分课,自投放,自有,自产原创,wangjiananbj03,0.02,0,0,0,6.67,0,0,0.00%,0.00%,-,0,0
fbad3696edebcfc3809fed8ce9c317f6,-,-,-,-,-,https://tutor-online1.fbcontent.cn/growth/internal-material/1777262135702.fbad3696edebcfc3809fed8ce9c317f6.mp4,0422-9物-自产-自产主-李博-曲中雨-子衿-A7-B1-有-14-前贴1,20260618,贾子矜,贾子矜,9元高中物理李博,9元高中物理李博,申坤,自有,自产原创,wangruixuebj01,2.07,0,0,0,39.81,0,0,0.00%,0.00%,-,0,0
80ca8636af17180b2f2b1681c22e14c1,-,-,-,-,-,https://tutor-online1.fbcontent.cn/growth/internal-material/1779422146008.80ca8636af17180b2f2b1681c22e14c1.mp4,0512-199双科-自产-自产二-王晶-云梵-雅迪---有-12,20260618,王雅迪,王雅迪,199元高中双科提分课,199元高中双科提分课,自投放,自有,自产原创,wangjiananbj03,3.55,0,0,0,62.28,0,0,0.00%,0.00%,-,0,0
89ade7b44e4a25c185cfae92f2fb48c2,-,-,-,-,-,https://tutor-online1.fbcontent.cn/growth/internal-material/1779421612919.89ade7b44e4a25c185cfae92f2fb48c2.mp4,0513-199双科-自产-自产主-李博-曲中雨-忍哥-A5-B1-有-27,20260618,王雅迪,王雅迪,199元高中双科提分课,199元高中双科提分课,自投放,自有,自产原创,wangjiananbj03,12.89,0,0,0,44.45,0,0,0.00%,0.00%,-,0,0
1e1cfafcecc15a4aee2cc8cfb183182d,-,-,-,-,-,https://tutor-online1.fbcontent.cn/growth/internal-material/1778649250455.1e1cfafcecc15a4aee2cc8cfb183182d.mp4,0508-199双科-自产-自产二-李博-视觉锤-雅迪-A1-B4B6-无-15,20260618,王雅迪,王雅迪,199元高中双科提分课,199元高中双科提分课,自投放,自有,自产原创,wangjiananbj03,0,0,0,0,0,0,0,0.00%,0.00%,-,0,0
2062a0e754be34f1542e290360d86e44,-,-,-,-,-,https://tutor-online1.fbcontent.cn/growth/internal-material/1780393989328.2062a0e754be34f1542e290360d86e44.mp4,0527-9物-自产-自产主-李博-曲中雨-子衿-A5-B2-无-7-直播间,20260618,贾子矜,贾子矜,9元高中物理李博,9元高中物理李博,申坤,自有,自产原创,wangruixuebj01,0.01,0,0,0,5,0,0,0.00%,0.00%,-,0,0
c597e9c2879ccd3563ee9c9448ca97a3,-,-,-,-,-,https://tutor-online1.fbcontent.cn/growth/internal-material/1781082699050.c597e9c2879ccd3563ee9c9448ca97a3.mp4,0604-状元笔记-自产-混剪--曲中雨-嘉丽---有-1,20260618,魏嘉丽,魏嘉丽,高中手写笔记,高中手写笔记,自投放,自有,自产原创,wangjiananbj03,355.47,0,0,0,30.26,0,0,5.62%,0%,-,0,0
90aa8c1c3f8795c623a65d8baaed2f83,-,-,-,-,-,https://tutor-online1.fbcontent.cn/growth/internal-material/1781505313932.90aa8c1c3f8795c623a65d8baaed2f83.mp4,0602-199双科-自产-自产二-王晶-巽阳-小敏-A6-B1-无-11-LL,20260618,曲敏,曲敏,199元高中双科提分课,199元高中双科提分课,自投放,自有,自产原创,wangjiananbj03,7.62,0,0,0,211.67,7620,0,2.78%,0%,-,0,0
58167d69f15fa28564f3262d02c925e3,-,-,-,-,-,https://tutor-online1.fbcontent.cn/growth/internal-material/1780917987904.58167d69f15fa28564f3262d02c925e3.mp4,0513-199双科-自产-自产主-李博-曲中雨-嘉丽-A5-B1-无-33,20260618,魏嘉丽,韩晨国,199元高中双科提分课,199元高中双科提分课,自投放,自有,自产原创,wangjiananbj03,4.71,0,0,0,59.62,4710,0,1.27%,0%,-,0,0
43d5c5bfe250c95bb64ca03d5eb16732,-,-,-,-,-,https://tutor-online1.fbcontent.cn/growth/internal-material/1781582189058.43d5c5bfe250c95bb64ca03d5eb16732.mp4,0610-9物-自产-自产二-李博-视觉锤-雅迪-A5-B2-无-18,20260618,王雅迪,王雅迪,9元高中物理李博,9元高中物理李博,申坤,自有,自产原创,wangruixuebj01,1.09,0,0,0,45.42,0,0,0.00%,0.00%,-,0,0
27e2863611e76d1494191d6fe4f726a9,-,-,-,-,-,https://tutor-online1.fbcontent.cn/growth/internal-material/1779258835021.27e2863611e76d1494191d6fe4f726a9.mp4,0514-199双科-自产-自产主-王晶-曲中雨-子衿--B2-有-4,20260618,贾子矜,贾子矜,199元高中双科提分课,199元高中双科提分课,自投放,自有,自产原创,wangjiananbj03,1,0,0,0,250,0,0,0.00%,0.00%,-,0,0
9bff8ac0295893efb19cc63fe157c2a9,-,-,-,-,-,https://tutor-online1.fbcontent.cn/growth/internal-material/1780397853206.9bff8ac0295893efb19cc63fe157c2a9.mp4,0527-9物-自产-自产主-李博-曲中雨-浩正-A5-B1-有-12-直播间-前贴2,20260618,杜浩正,杜浩正,9元高中物理李博,9元高中物理李博,申坤,自有,自产原创,wangruixuebj01,0.04,0,0,0,2.86,0,0,0.00%,0.00%,-,0,0
56e0b90a7c207bda84f0ba5e0eb92cef,-,-,-,-,-,https://tutor-online1.fbcontent.cn/growth/internal-material/1781508311591.56e0b90a7c207bda84f0ba5e0eb92cef.mp4,0602-199双科-自产-自产主-王晶-巽阳-小敏-A2-B4-有-12-LL,20260618,曲敏,曲敏,199元高中双科提分课,199元高中双科提分课,自投放,自有,自产原创,wangjiananbj03,1.05,0,0,0,105,0,0,0.00%,0.00%,-,0,0
26a83dce037b3511a91d0fef75e0e59b,-,-,-,-,-,https://tutor-online1.fbcontent.cn/growth/internal-material/1775548228196.26a83dce037b3511a91d0fef75e0e59b.mp4,0401-9物-自产-自产二-李博-曲中雨-子衿-A3-B1-无-23,20260618,贾子矜,贾子矜,9元高中物理李博,9元高中物理李博,玄武,自有,自产原创,wangruixuebj01,16.36,0,0,0,107.63,16360,0,3.95%,0%,-,0,0
859ea1a3c90c6721f6de45e83f0a882c,-,-,-,-,-,https://tutor-online1.fbcontent.cn/growth/internal-material/1780984420334.859ea1a3c90c6721f6de45e83f0a882c.mp4,0526-199双科-自产-自产主-王晶-亿晨-子衿-A7-B2-有-2,20260618,贾子矜,贾子矜,199元高中双科提分课,199元高中双科提分课,自投放,自有,自产原创,wangjiananbj03,1.45,0,0,0,46.77,725,0,12.90%,0%,-,0,0
e5ebb13fc82ffbc050a534301b168e8b,-,-,-,-,-,https://tutor-online1.fbcontent.cn/growth/internal-material/1780560673801.e5ebb13fc82ffbc050a534301b168e8b.mp4,0526-199双科-自产-自产主-王晶-亿晨-小敏-A7-B5-有-11,20260618,曲敏,曲敏,199元高中双科提分课,199元高中双科提分课,自投放,自有,自产原创,wangjiananbj03,1.93,0,0,0,24.74,1930,0,1.28%,0%,-,0,0
937f46528872562407543db56e914d49,-,-,-,-,-,https://tutor-online1.fbcontent.cn/growth/internal-material/1780975664091.937f46528872562407543db56e914d49.mp4,0520-199双科-自产-自产二-李博-曲中雨-小敏-A7-B1-无-24,20260618,曲敏,韩晨国,199元高中双科提分课,199元高中双科提分课,自投放,自有,自产原创,wangjiananbj03,12.17,0,0,0,213.51,12170,0,0.00%,0.00%,-,0,0
e77a0a04d0f85c80c3b0eb2f65941b52,-,-,-,-,-,https://tutor-online1.fbcontent.cn/growth/internal-material/1781580789227.e77a0a04d0f85c80c3b0eb2f65941b52.mp4,0610-9物-自产-自产二-李博-曲中雨-浩正-A5-B1-有-14,20260618,杜浩正,杜浩正,9元高中物理李博,9元高中物理李博,申坤,自有,自产原创,wangruixuebj01,0.01,0,0,0,2.5,0,0,0.00%,0.00%,-,0,0
b22480ac2f470f56e33aac1e2cf2c403,-,-,-,-,-,https://tutor-online1.fbcontent.cn/growth/internal-material/1775810396949.b22480ac2f470f56e33aac1e2cf2c403.mp4,0317-199物-自产-自产二-李博-曲中雨-浩正--B2-有-19,20260618,杜浩正,杜浩正,199元高中双科提分课,199元高中双科提分课,自投放,自有,自产原创,wangjiananbj03,0.79,0,0,0,112.86,0,0,0.00%,0.00%,-,0,0
d8c4cdf2337bcc647b228b69ff5d044d,-,-,-,-,-,https://tutor-online1.fbcontent.cn/growth/internal-material/1780917990603.d8c4cdf2337bcc647b228b69ff5d044d.mp4,0513-199双科-自产-自产二-李博-曲中雨-嘉丽-A7-B1-无-35,20260618,魏嘉丽,韩晨国,199元高中双科提分课,199元高中双科提分课,自投放,自有,自产原创,wangjiananbj03,4.95,0,0,0,33.67,2475,0,3.40%,0%,-,0,0
2b57f3f7b38f17b4e162e73ff4715389,-,-,-,-,-,https://tutor-online1.fbcontent.cn/growth/internal-material/1780393695558.2b57f3f7b38f17b4e162e73ff4715389.mp4,0527-9物-自产-自产主-李博-曲中雨-子衿-A6-B2-无-4,20260618,贾子矜,贾子矜,9元高中物理李博,9元高中物理李博,申坤,自有,自产原创,wangruixuebj01,12.83,0,0,0,30.69,0,0,0.24%,0%,-,0,0
03e03a75fef994589671d8ce0474d994,-,-,-,-,-,https://tutor-online1.fbcontent.cn/growth/internal-material/1779706310141.03e03a75fef994589671d8ce0474d994.mp4,0520-199双科-自产-自产主-李博-曲中雨-子衿-A6-B2-有-1,20260618,贾子矜,贾子矜,199元高中双科提分课,199元高中双科提分课,自投放,自有,自产原创,wangjiananbj03,78.67,0,0,0,136.82,19667.5,0,1.04%,0%,-,0,0
d7e261803ed29ae791ac629cc75a74ee,-,-,-,-,-,https://tutor-online1.fbcontent.cn/growth/internal-material/1781505312828.d7e261803ed29ae791ac629cc75a74ee.mp4,0602-199双科-自产-自产主-王晶-巽阳-小敏-A6-B1B2-无-13-LL,20260618,曲敏,曲敏,199元高中双科提分课,199元高中双科提分课,自投放,自有,自产原创,wangjiananbj03,14.61,0,0,0,153.79,14610,0,2.11%,0%,-,0,0
5bb64868a62d1eb1cd17397459ab0af2,-,-,-,-,-,https://tutor-online1.fbcontent.cn/growth/internal-material/1778581745257.5bb64868a62d1eb1cd17397459ab0af2.mp4,0508-199双科-自产-自产主-李博-视觉锤-雅迪-A5-B1-无-16,20260618,王雅迪,王雅迪,199元高中双科提分课,199元高中双科提分课,自投放,自有,自产原创,wangjiananbj03,14.11,0,0,0,78.39,14110,0,1.11%,0%,-,0,0
7db3d69067be0475a5064b5d26f4ba2e,-,-,-,-,-,https://tutor-online1.fbcontent.cn/growth/internal-material/1779470002650.7db3d69067be0475a5064b5d26f4ba2e.mp4,"0521-9物-自产-自产二-李博-曲中雨-子衿-A5效果保证-B1效果方法体系,B4性价比-3-无",20260618,贾子矜,贾子矜,9元高中物理李博,9元高中物理李博,十人,自有,自产原创,wangruixuebj01,30.67,0,0,0,100.23,7667.5,0,0.98%,0%,-,0,0
38921a927c1b824a74bb685391367c5a,-,-,-,-,-,https://tutor-online1.fbcontent.cn/growth/internal-material/1781082100493.38921a927c1b824a74bb685391367c5a.mp4,0603-9物-自产-自产二-李博-巽阳-子衿-A6-B1-有-10-WQ-直播间,20260618,贾子矜,贾子矜,9元高中物理李博,9元高中物理李博,申坤,自有,自产原创,wangruixuebj01,3.88,0,0,0,22.3,0,0,0.00%,0.00%,-,0,0
bcf5a31f5b5ab6a9bd5cb8b92c0b804a,-,-,-,-,-,https://tutor-online1.fbcontent.cn/growth/internal-material/1776753916233.bcf5a31f5b5ab6a9bd5cb8b92c0b804a.mp4,0211-9物-自产-自产二-李博-曲中雨-子衿-A6-B2B3B5-有-1,20260618,贾子矜,韩晨国,9元高中物理李博,9元高中物理李博,申坤,自有,自产原创,wangruixuebj01,0,0,0,0,0,0,0,0.00%,0.00%,-,0,0
f018a74111dbf4115a1979dbd2c88ad3,-,-,-,-,-,https://tutor-online1.fbcontent.cn/growth/internal-material/1781003732890.f018a74111dbf4115a1979dbd2c88ad3.mp4,0604-状元笔记-自产-自产主--视觉锤-雅迪-有-17,20260618,王雅迪,王雅迪,高中手写笔记,高中手写笔记,自投放,自有,自产原创,wangjiananbj03,1.53,0,0,0,6.38,0,0,12.08%,0%,-,0,0
d43e1557c7cf9338cf13269871a9d7b5,-,-,-,-,-,https://tutor-online1.fbcontent.cn/growth/internal-material/1775548306156.d43e1557c7cf9338cf13269871a9d7b5.mp4,0401-9物-自产-自产主-李博-曲中雨-子衿-A3-B1-有-23-前贴2,20260618,贾子矜,贾子矜,9元高中物理李博,9元高中物理李博,玄武,自有,自产原创,wangruixuebj01,1217.45,18,2,0.01,110.07,21740.18,608.73,1.03%,1.75%,-,0.18,321.43
658c6b546d8d44669c405f4fc975feb7,-,-,-,-,-,https://tutor-online1.fbcontent.cn/growth/internal-material/1779456253310.658c6b546d8d44669c405f4fc975feb7.mp4,0429-199双科-自产-自产主-李博-曲中雨-浩正-A7-B2-有-22,20260618,杜浩正,韩晨国,199元高中双科提分课,199元高中双科提分课,自投放,自有,自产原创,wangjiananbj03,0.01,0,0,0,0.59,0,0,0.00%,0.00%,-,0,0
7e4fc20e1408010f52a760c10d89684e,-,-,-,-,-,https://tutor-online1.fbcontent.cn/growth/internal-material/1781681454070.7e4fc20e1408010f52a760c10d89684e.mp4,0610-9物-自产-自产主-李博-视觉锤-雅迪-A5-B2-有-17,20260618,王雅迪,王雅迪,9元高中物理李博,9元高中物理李博,申坤,自有,自产原创,wangruixuebj01,0.59,0,0,0,147.5,0,0,0.00%,0.00%,-,0,0
189e0b988ff1644c3d01bec06c6f01b5,-,-,-,-,-,https://tutor-online1.fbcontent.cn/growth/internal-material/1781082699558.189e0b988ff1644c3d01bec06c6f01b5.mp4,0604-状元笔记-自产-混剪--曲中雨-嘉丽---有-5,20260618,魏嘉丽,魏嘉丽,高中手写笔记,高中手写笔记,自投放,自有,自产原创,wangjiananbj03,52.78,0,0,0,175.35,0,0,25.58%,0%,-,0,0
5802e9366462b661689e89fc8e99a954,-,-,-,-,-,https://tutor-online1.fbcontent.cn/growth/internal-material/1779278565965.5802e9366462b661689e89fc8e99a954.mp4,0513-199双科-自产-自产主-李博-视觉锤-雅迪-A5-B1-有-21,20260618,王雅迪,王雅迪,199元高中双科提分课,199元高中双科提分课,自投放,自有,自产原创,wangjiananbj03,0.02,0,0,0,1.54,0,0,0.00%,0.00%,-,0,0
39e35166a82b50a71a6f2340aeff1735,-,-,-,-,-,https://tutor-online1.fbcontent.cn/growth/internal-material/1781063589648.39e35166a82b50a71a6f2340aeff1735.mp4,0603-199双科-自产-自产主-李博-曲中雨-嘉丽-A5-B1-无-13,20260618,魏嘉丽,魏嘉丽,199元高中双科提分课,199元高中双科提分课,自投放,自有,自产原创,wangjiananbj03,0,0,0,0,0,0,0,0.00%,0.00%,-,0,0
605b88a52a4604667589d7d9c863cb96,-,-,-,-,-,https://tutor-online1.fbcontent.cn/growth/internal-material/1777262046776.605b88a52a4604667589d7d9c863cb96.mp4,0422-9物-自产-自产二-李博-曲中雨-子衿-A7-B1-有-14-前贴1,20260618,贾子矜,贾子矜,9元高中物理李博,9元高中物理李博,申坤,自有,自产原创,wangruixuebj01,0.51,0,0,0,39.23,0,0,0.00%,0.00%,-,0,0
684b47860cb98f2bee04402c40d762bc,-,-,-,-,-,https://tutor-online1.fbcontent.cn/growth/internal-material/1780917987694.684b47860cb98f2bee04402c40d762bc.mp4,0513-199双科-自产-自产二-李博-曲中雨-嘉丽-A7-B1-无-34,20260618,魏嘉丽,韩晨国,199元高中双科提分课,199元高中双科提分课,自投放,自有,自产原创,wangjiananbj03,9.72,0,0,0,67.5,9720,0,0.69%,0%,-,0,0
0508447d0c2b841c11bf4601fb34202f,-,-,-,-,-,https://tutor-online1.fbcontent.cn/growth/internal-material/1780072082827.0508447d0c2b841c11bf4601fb34202f.mov,0312-9物-自产-自产二-李博-巽阳-子衿-A7-B2-有-19.mp4,20260618,贾子矜,贾子矜,9元高中物理李博,9元高中物理李博,申坤,自有,自产原创,wangruixuebj01,0.5,0,0,0,166.67,0,0,33.33%,0%,-,0,0
a925ff0edbd042d3dca1500e4bc3c97e,-,-,-,-,-,https://tutor-online1.fbcontent.cn/growth/internal-material/1780975536485.a925ff0edbd042d3dca1500e4bc3c97e.mp4,0520-199双科-自产-自产主-李博-曲中雨-小敏-A7-B1-有-24,20260618,曲敏,韩晨国,199元高中双科提分课,199元高中双科提分课,自投放,自有,自产原创,wangjiananbj03,6.57,0,0,0,113.28,0,0,0.00%,0.00%,-,0,0
53c7b0abfc73b5bb1ded93329e8cf033,-,-,-,-,-,https://tutor-online1.fbcontent.cn/growth/internal-material/1780569961431.53c7b0abfc73b5bb1ded93329e8cf033.mp4,0527-199双科-自产-自产主-李博-曲中雨-嘉丽-A7-B1-无-12,20260618,魏嘉丽,魏嘉丽,199元高中双科提分课,199元高中双科提分课,自投放,自有,自产原创,wangjiananbj03,2.26,0,0,0,53.81,2260,0,0.00%,0.00%,-,0,0
63336d0afafe2f3680b8f47bb3768e74,-,-,-,-,-,https://tutor-online1.fbcontent.cn/growth/internal-material/1775810390856.63336d0afafe2f3680b8f47bb3768e74.mp4,0317-199物-自产-自产二-李博-曲中雨-浩正-A2-B2-无-20,20260618,杜浩正,杜浩正,199元高中双科提分课,199元高中双科提分课,自投放,自有,自产原创,wangjiananbj03,179.19,0,0,0,300.65,59730,0,1.51%,0%,-,0,0
859ea1a3c90c6721f6de45e83f0a882c,-,-,-,-,-,https://tutor-online1.fbcontent.cn/growth/internal-material/1780984420334.859ea1a3c90c6721f6de45e83f0a882c.mp4,0526-199双科-自产-自产主-王晶-亿晨-子衿-A7-B2-有-2,20260618,贾子矜,贾子矜,199元高中双科提分课,199元高中双科提分课,自投放,自有,自产原创,wangjiananbj03,4.81,0,0,0,39.75,1603.33,0,1.65%,0%,-,0,0
8cdeda721ad44401ae7faf876df78f53,-,-,-,-,-,https://tutor-online1.fbcontent.cn/growth/internal-material/1777262038039.8cdeda721ad44401ae7faf876df78f53.mp4,0422-9物-自产-自产二-李博-曲中雨-子衿-A7-B1-无-14,20260618,贾子矜,贾子矜,9元高中物理李博,9元高中物理李博,申坤,自有,自产原创,wangruixuebj01,0.06,0,0,0,6.67,0,0,0.00%,0.00%,-,0,0
2496fe7038879f5b222e031151cb5f9d,-,-,-,-,-,https://tutor-online1.fbcontent.cn/growth/internal-material/1779702538428.2496fe7038879f5b222e031151cb5f9d.mp4,0520-199双科-自产-自产二-李博-视觉锤-雅迪-A5-B1-无-15,20260618,王雅迪,王雅迪,199元高中双科提分课,199元高中双科提分课,自投放,自有,自产原创,wangjiananbj03,2.51,0,0,0,38.03,0,0,1.52%,0%,-,0,0
c05a8d2f96199257ca4b341272e579bb,-,-,-,-,-,https://tutor-online1.fbcontent.cn/growth/internal-material/1781580821955.c05a8d2f96199257ca4b341272e579bb.mp4,0610-9物-自产-自产主-李博-曲中雨-浩正-A5-B1-有-13,20260618,杜浩正,杜浩正,9元高中物理李博,9元高中物理李博,申坤,自有,自产原创,wangruixuebj01,0.18,0,0,0,3.91,0,0,2.17%,0%,-,0,0
bf268ed5822f259dc499a68e2c5e97a9,-,-,-,-,-,https://tutor-online1.fbcontent.cn/growth/internal-material/1779442298652.bf268ed5822f259dc499a68e2c5e97a9.mp4,0521-9物-自产-自产二-李博-曲中雨-小敏-A1价格拆解-B6线下对比-无-17,20260618,曲敏,曲敏,9元高中物理李博,9元高中物理李博,十人,自有,自产原创,wangruixuebj01,56.37,0,0,0,121.75,6263.33,0,2.16%,0%,-,0,0
d1eadd12931282dd7b564335b0c72cee,-,-,-,-,-,https://tutor-online1.fbcontent.cn/growth/internal-material/1776416890891.d1eadd12931282dd7b564335b0c72cee.mp4,0415-9物-自产-自产二-李博-曲中雨-子衿-A6-B1-有-14,20260618,贾子矜,贾子矜,9元高中物理李博,9元高中物理李博,玄武,自有,自产原创,wangruixuebj01,0,0,0,0,0,0,0,0.00%,0.00%,-,0,0
a3dd38612476c7a20e66e4960669ce9c,-,-,-,-,-,https://tutor-online1.fbcontent.cn/growth/internal-material/1779701809227.a3dd38612476c7a20e66e4960669ce9c.mp4,0521-9物-自产-自产二-李博-曲中雨-雅迪-A5效果保证-B1效果方法体系-无-11,20260618,王雅迪,王雅迪,9元高中物理李博,9元高中物理李博,申坤,自有,自产原创,wangruixuebj01,2.17,0,0,0,22.14,0,0,0.00%,0.00%,-,0,0
a452d5447e19882487294d6ba035c8a0,-,-,-,-,-,https://tutor-online1.fbcontent.cn/growth/internal-material/1781580853379.a452d5447e19882487294d6ba035c8a0.mp4,0610-9物-自产-自产主-李博-曲中雨-浩正-A5-B1-有-11,20260618,杜浩正,杜浩正,9元高中物理李博,9元高中物理李博,申坤,自有,自产原创,wangruixuebj01,0,0,0,0,0,0,0,0.00%,0.00%,-,0,0
3a94393df703cf9eb748e5abfca3703b,-,-,-,-,-,https://tutor-online1.fbcontent.cn/growth/internal-material/1780983154515.3a94393df703cf9eb748e5abfca3703b.mp4,6月4日 (3)(4),20260618,贾子矜,贾子矜,199元高中双科提分课,199元高中双科提分课,自投放,自有,自产原创,wangjiananbj03,4.81,0,0,0,64.13,1603.33,0,2.67%,0%,-,0,0
390cf9cb679d1778aebb9ce53196b68e,-,-,-,-,-,https://tutor-online1.fbcontent.cn/growth/internal-material/1778581745118.390cf9cb679d1778aebb9ce53196b68e.mp4,0508-199双科-自产-自产主-李博-视觉锤-雅迪-A5-B1-无-15,20260618,王雅迪,王雅迪,199元高中双科提分课,199元高中双科提分课,自投放,自有,自产原创,wangjiananbj03,0.23,0,0,0,38.33,0,0,0.00%,0.00%,-,0,0
fa70ad057d3ce1946c3cbbaf8882a7b9,-,-,-,-,-,https://tutor-online1.fbcontent.cn/growth/internal-material/1780393907968.fa70ad057d3ce1946c3cbbaf8882a7b9.mp4,0527-9物-自产-自产二-李博-曲中雨-子衿-A5-B2-有-2-直播间,20260618,贾子矜,贾子矜,9元高中物理李博,9元高中物理李博,申坤,自有,自产原创,wangruixuebj01,0.55,0,0,0,61.11,0,0,0.00%,0.00%,-,0,0
fdf66e661af98267a3f10f927f1acf1d,-,-,-,-,-,https://tutor-online1.fbcontent.cn/growth/internal-material/1780917881356.fdf66e661af98267a3f10f927f1acf1d.mp4,0513-199双科-自产-自产主-李博-曲中雨-嘉丽-A6-B1-有-31,20260618,魏嘉丽,韩晨国,199元高中双科提分课,199元高中双科提分课,自投放,自有,自产原创,wangjiananbj03,1.75,0,0,0,62.5,0,0,7.14%,0%,-,0,0
5fe54cee9fe29f281766452cd3710967,-,-,-,-,-,https://tutor-online1.fbcontent.cn/growth/internal-material/1781769256663.5fe54cee9fe29f281766452cd3710967.mp4,0618-9物-自产-李博-有-混剪-14-嘉丽混剪-5,20260618,魏嘉丽,魏嘉丽,9元高中物理李博,9元高中物理李博,申坤,自有,自产原创,wangruixuebj01,0.07,0,0,0,10,0,0,0.00%,0.00%,-,0,0
a4612b72c6793f24248f4bbde512bf46,-,-,-,-,-,https://tutor-online1.fbcontent.cn/growth/internal-material/1781681454091.a4612b72c6793f24248f4bbde512bf46.mp4,0610-9物-自产-自产主-李博-视觉锤-雅迪-A5-B2-有-16,20260618,王雅迪,王雅迪,9元高中物理李博,9元高中物理李博,申坤,自有,自产原创,wangruixuebj01,1.75,0,0,0,79.55,0,0,0.00%,0.00%,-,0,0
1107d1ce1afeb47e78785778e9789347,-,-,-,-,-,https://tutor-online1.fbcontent.cn/growth/internal-material/1780984420902.1107d1ce1afeb47e78785778e9789347.mp4,0526-199双科-自产-自产二-王晶-亿晨-子衿-A7-B1-有-4,20260618,贾子矜,贾子矜,199元高中双科提分课,199元高中双科提分课,自投放,自有,自产原创,wangjiananbj03,0.17,0,0,0,13.08,0,0,0.00%,0.00%,-,0,0
e7e6ccf30617c52580435eae1f2dd0fc,-,-,-,-,-,https://tutor-online1.fbcontent.cn/growth/internal-material/1780393600037.e7e6ccf30617c52580435eae1f2dd0fc.mp4,0527-9物-自产-自产二-李博-曲中雨-子衿-A7-B2-有-6,20260618,贾子矜,贾子矜,9元高中物理李博,9元高中物理李博,申坤,自有,自产原创,wangruixuebj01,24.85,0,0,0,59.59,3550,0,1.68%,0%,-,0,0
72f97867842e4213d6a2e317d121163c,-,-,-,-,-,https://tutor-online1.fbcontent.cn/growth/internal-material/1780984421539.72f97867842e4213d6a2e317d121163c.mp4,0526-199双科-自产-自产二-王晶-亿晨-子衿-A5-B1-有-3,20260617,贾子矜,贾子矜,199元高中双科提分课,199元高中双科提分课,自投放,自有,自产原创,wangjiananbj03,1.42,0,0,0,12.24,284,0,3.45%,0%,-,0,0
c8d85e0f2a43603e4807b1cdd486ed21,-,-,-,-,-,https://tutor-online1.fbcontent.cn/growth/internal-material/1775548229436.c8d85e0f2a43603e4807b1cdd486ed21.mp4,0401-9物-自产-自产二-李博-曲中雨-子衿-A3-B1-有-23-前贴1,20260617,贾子矜,贾子矜,9元高中物理李博,9元高中物理李博,玄武,自有,自产原创,wangruixuebj01,2072.35,90,10,0.04,169.67,32380.47,207.24,1.08%,7.58%,-,0.82,1406.25
40c4b652df4154f8be2219da5012c009,-,-,-,-,-,https://tutor-online1.fbcontent.cn/growth/internal-material/1780393905644.40c4b652df4154f8be2219da5012c009.mp4,0527-9物-自产-自产二-李博-曲中雨-子衿-A2-B2-有-8-直播间,20260617,贾子矜,贾子矜,9元高中物理李博,9元高中物理李博,申坤,自有,自产原创,wangruixuebj01,42.57,0,0,0,25.37,8514,0,1.37%,0%,-,0,0
9710cd7da1ab450c4915795dc3ce5b2c,-,-,-,-,-,https://tutor-online1.fbcontent.cn/growth/internal-material/1781079686915.9710cd7da1ab450c4915795dc3ce5b2c.mp4,0604-状元笔记-自产-混剪--曲中雨-婷玉--有-28,20260617,吴婷玉,吴婷玉,高中手写笔记,高中手写笔记,自投放,自有,自产原创,wangjiananbj03,30.12,0,0,0,129.83,0,0,21.55%,0%,-,0,0
d43e1557c7cf9338cf13269871a9d7b5,-,-,-,-,-,https://tutor-online1.fbcontent.cn/growth/internal-material/1775548306156.d43e1557c7cf9338cf13269871a9d7b5.mp4,0401-9物-自产-自产主-李博-曲中雨-子衿-A3-B1-有-23-前贴2,20260617,贾子矜,贾子矜,9元高中物理李博,9元高中物理李博,玄武,自有,自产原创,wangruixuebj01,133.94,0,0,0,129.91,66970,0,0.48%,0%,-,0,0
d1eadd12931282dd7b564335b0c72cee,-,-,-,-,-,https://tutor-online1.fbcontent.cn/growth/internal-material/1776416890891.d1eadd12931282dd7b564335b0c72cee.mp4,0415-9物-自产-自产二-李博-曲中雨-子衿-A6-B1-有-14,20260617,贾子矜,贾子矜,9元高中物理李博,9元高中物理李博,玄武,自有,自产原创,wangruixuebj01,0.02,0,0,0,4,0,0,0.00%,0.00%,-,0,0
c6e85e79dbff9dddf7d9a906f4fdde98,-,-,-,-,-,https://tutor-online1.fbcontent.cn/growth/internal-material/1776416942616.c6e85e79dbff9dddf7d9a906f4fdde98.mp4,0415-9物-自产-自产主-李博-曲中雨-子衿-A6-B1-无-13,20260617,贾子矜,贾子矜,9元高中物理李博,9元高中物理李博,玄武,自有,自产原创,wangruixuebj01,51.95,0,0,0,200.58,17316.67,0,1.54%,0%,-,0,0
c348e1678ff3c0c33c03e521567f3ef6,-,-,-,-,-,https://tutor-online1.fbcontent.cn/growth/internal-material/1780976269074.c348e1678ff3c0c33c03e521567f3ef6.mp4,0521-状元笔记-自产-自产主--曲中雨-小敏-A6-B1-有-25,20260617,曲敏,韩晨国,高中手写笔记,高中手写笔记,自投放,自有,自产原创,wangjiananbj03,0.43,0,0,0,215,0,0,0.00%,0.00%,-,0,0
7618381c53d6fb28cf215b0ab5209c85,-,-,-,-,-,https://tutor-online1.fbcontent.cn/growth/internal-material/1776416876385.7618381c53d6fb28cf215b0ab5209c85.mp4,0415-9物-自产-自产二-李博-曲中雨-子衿-A5-B3B4-无-15,20260617,贾子矜,贾子矜,9元高中物理李博,9元高中物理李博,玄武,自有,自产原创,wangruixuebj01,1.58,0,0,0,52.67,0,0,3.33%,0%,-,0,0
4ad48ec1d9b5711d75989743c70b3134,-,-,-,-,-,https://tutor-online1.fbcontent.cn/growth/internal-material/1781580787142.4ad48ec1d9b5711d75989743c70b3134.mp4,0610-9物-自产-自产二-李博-曲中雨-浩正-A5-B1-无-12,20260617,杜浩正,杜浩正,9元高中物理李博,9元高中物理李博,申坤,自有,自产原创,wangruixuebj01,0.02,0,0,0,1.82,0,0,0.00%,0.00%,-,0,0
f018a74111dbf4115a1979dbd2c88ad3,-,-,-,-,-,https://tutor-online1.fbcontent.cn/growth/internal-material/1781003732890.f018a74111dbf4115a1979dbd2c88ad3.mp4,0604-状元笔记-自产-自产主--视觉锤-雅迪-有-17,20260617,王雅迪,王雅迪,高中手写笔记,高中手写笔记,自投放,自有,自产原创,wangjiananbj03,5.47,0,0,0,6.01,0,0,10.44%,0%,-,0,0
a1a473c7f8cfa4afe292cdc1acfed87f,-,-,-,-,-,https://tutor-online1.fbcontent.cn/growth/internal-material/1780976268326.a1a473c7f8cfa4afe292cdc1acfed87f.mp4,0521-状元笔记-自产-自产主--曲中雨-小敏-A5-B2-有-22,20260617,曲敏,韩晨国,高中手写笔记,高中手写笔记,自投放,自有,自产原创,wangjiananbj03,24.32,0,0,0,38.66,0,0,1.75%,0%,-,0,0
a2d67833c36297ceb7304f31392b1168,-,-,-,-,-,https://tutor-online1.fbcontent.cn/growth/internal-material/1781579959230.a2d67833c36297ceb7304f31392b1168.mp4,0610-199双科-自产-自产二-李博-视觉锤-子衿-A1-B4-无-1(1),20260617,贾子矜,贾子矜,199元高中双科提分课,199元高中双科提分课,自投放,自有,自产原创,wangjiananbj03,0.13,0,0,0,10.83,130,0,8.33%,0%,-,0,0
571c11f2b4163c9a3615c95d49c26d59,-,-,-,-,-,https://tutor-online1.fbcontent.cn/growth/internal-material/1781079684184.571c11f2b4163c9a3615c95d49c26d59.mp4,0604-状元笔记-自产-混剪--曲中雨-婷玉---无-31,20260617,吴婷玉,吴婷玉,高中手写笔记,高中手写笔记,自投放,自有,自产原创,wangjiananbj03,8.94,0,0,0,17.23,0,0,2.89%,0%,-,0,0
cd4f635687beaa20e346a767501e2797,-,-,-,-,-,https://tutor-online1.fbcontent.cn/growth/internal-material/1780397766113.cd4f635687beaa20e346a767501e2797.mp4,0527-9物-自产-自产二-李博-曲中雨-浩正-A5-B1-无-14-直播间,20260617,杜浩正,杜浩正,9元高中物理李博,9元高中物理李博,申坤,自有,自产原创,wangruixuebj01,7,0,0,0,63.64,0,0,0.00%,0.00%,-,0,0
f3288b9939c59e630458e23e380e7ba9,-,-,-,-,-,https://tutor-online1.fbcontent.cn/growth/internal-material/1779427695243.f3288b9939c59e630458e23e380e7ba9.mp4,0512-199双科-自产-自产主-王晶-曲中雨-雅迪---无-12,20260617,王雅迪,王雅迪,199元高中双科提分课,199元高中双科提分课,自投放,自有,自产原创,wangjiananbj03,1.8,0,0,0,1.12,225,0,0.50%,0%,-,0,0
20b8eb386392f37b747f7637c49b3ec7,-,-,-,-,-,https://tutor-online1.fbcontent.cn/growth/internal-material/1775548305351.20b8eb386392f37b747f7637c49b3ec7.mp4,0401-9物-自产-自产主-李博-曲中雨-子衿-A3-B1-有-23-前贴1,20260617,贾子矜,贾子矜,9元高中物理李博,9元高中物理李博,玄武,自有,自产原创,wangruixuebj01,297.98,9,1,0.03,126.69,9932.67,297.98,1.40%,3.03%,-,0.43,300
dbc1d2912b7c8c40e269254ec800e594,-,-,-,-,-,https://tutor-online1.fbcontent.cn/growth/internal-material/1778649122827.dbc1d2912b7c8c40e269254ec800e594.mp4,0508-199双科-自产-自产二-李博-视觉锤-亚平-A2-B4-无-33,20260617,王雅迪,王雅迪,199元高中双科提分课,199元高中双科提分课,自投放,自有,自产原创,wangjiananbj03,0.04,0,0,0,1.08,0,0,0.00%,0.00%,-,0,0
bf866b6e44e64ed9ab37df38cbc1647c,-,-,-,-,-,https://tutor-online1.fbcontent.cn/growth/internal-material/1779279974075.bf866b6e44e64ed9ab37df38cbc1647c.mp4,0513-199双科-自产-自产主-李博-视觉锤-雅迪-A5-B1-有-15,20260617,王雅迪,王雅迪,199元高中双科提分课,199元高中双科提分课,自投放,自有,自产原创,wangjiananbj03,22.82,0,0,0,101.42,22820,0,1.78%,0%,-,0,0
e464864d14ab4245dca55b76561a2e15,-,-,-,-,-,https://tutor-online1.fbcontent.cn/growth/internal-material/1780917988588.e464864d14ab4245dca55b76561a2e15.mp4,0513-199双科-自产-自产二-李博-曲中雨-嘉丽-A5-B1-无-33,20260617,魏嘉丽,韩晨国,199元高中双科提分课,199元高中双科提分课,自投放,自有,自产原创,wangjiananbj03,30.61,0,0,0,159.43,30610,0,4.17%,0%,-,0,0
a8970e28b2db8e6660bc4d6089781f24,-,-,-,-,-,https://tutor-online1.fbcontent.cn/growth/internal-material/1781681452325.a8970e28b2db8e6660bc4d6089781f24.mp4,0610-9物-自产-自产主-李博-视觉锤-雅迪-A5-B2-无-16,20260617,王雅迪,王雅迪,9元高中物理李博,9元高中物理李博,申坤,自有,自产原创,wangruixuebj01,0.03,0,0,0,10,0,0,0.00%,0.00%,-,0,0
3cd2f91e0cd0695b559b59b6d5826bff,-,-,-,-,-,https://tutor-online1.fbcontent.cn/growth/internal-material/1780984421192.3cd2f91e0cd0695b559b59b6d5826bff.mp4,0526-199双科-自产-自产主-王晶-亿晨-子衿-A7-B1-有-4,20260617,贾子矜,贾子矜,199元高中双科提分课,199元高中双科提分课,自投放,自有,自产原创,wangjiananbj03,5.76,0,0,0,46.08,2880,0,2.40%,0%,-,0,0
83e5f89b8f0f11f76c8931e9e30b075c,-,-,-,-,-,https://tutor-online1.fbcontent.cn/growth/internal-material/1778667031168.83e5f89b8f0f11f76c8931e9e30b075c.mp4,0317-199物-自产-自产主-李博-曲中雨-子衿-A2-B1B4-有-28-迭代1,20260617,贾子矜,贾子矜,199元高中双科提分课,199元高中双科提分课,自投放,自有,自产原创,wangjiananbj03,260.97,0,0,0,258.9,130485,0,0.20%,0%,-,0,0
397ee6eac535f8c17f95836520e1690d,-,-,-,-,-,https://tutor-online1.fbcontent.cn/growth/internal-material/1776416914571.397ee6eac535f8c17f95836520e1690d.mp4,0415-9物-自产-自产主-李博-曲中雨-子衿-A5-B3B4-有-15-前贴1,20260617,贾子矜,贾子矜,9元高中物理李博,9元高中物理李博,玄武,自有,自产原创,wangruixuebj01,0,0,0,0,0,0,0,0.00%,0.00%,-,0,0
1d73c451820d59eaa8bf7544e249d71e,-,-,-,-,-,https://tutor-online1.fbcontent.cn/growth/internal-material/1779701581123.1d73c451820d59eaa8bf7544e249d71e.mp4,0521-9物-自产-自产二--曲中雨-嘉丽-A1价格拆解-B1效果方法体系-无-15,20260617,魏嘉丽,魏嘉丽,9元高中物理李博,9元高中物理李博,申坤,自有,自产原创,wangruixuebj01,0.05,0,0,0,12.5,0,0,0.00%,0.00%,-,0,0
c05a8d2f96199257ca4b341272e579bb,-,-,-,-,-,https://tutor-online1.fbcontent.cn/growth/internal-material/1781580821955.c05a8d2f96199257ca4b341272e579bb.mp4,0610-9物-自产-自产主-李博-曲中雨-浩正-A5-B1-有-13,20260617,杜浩正,杜浩正,9元高中物理李博,9元高中物理李博,申坤,自有,自产原创,wangruixuebj01,3.57,0,0,0,21.38,0,0,0.00%,0.00%,-,0,0
87baae29dbb62be599751d4638bb8adf,-,-,-,-,-,https://tutor-online1.fbcontent.cn/growth/internal-material/1779440164972.87baae29dbb62be599751d4638bb8adf.mp4,0513-199双科-自产-自产主-李博-曲中雨-嘉丽-A7-B1-无-32,20260617,魏嘉丽,魏嘉丽,199元高中双科提分课,199元高中双科提分课,自投放,自有,自产原创,wangjiananbj03,10.03,0,0,0,257.18,0,0,0.00%,0.00%,-,0,0
40b6a6c6a42a6012d30be6ace3795c8b,-,-,-,-,-,https://tutor-online1.fbcontent.cn/growth/internal-material/1780975484547.40b6a6c6a42a6012d30be6ace3795c8b.mp4,0520-199双科-自产-自产二-李博-曲中雨-小敏-A7-B1-有-24,20260617,曲敏,韩晨国,199元高中双科提分课,199元高中双科提分课,自投放,自有,自产原创,wangjiananbj03,4.77,0,0,0,74.53,0,0,3.13%,0%,-,0,0
94a9716c21d134442dc7400029c76b5c,-,-,-,-,-,https://tutor-online1.fbcontent.cn/growth/internal-material/1780656482857.94a9716c21d134442dc7400029c76b5c.mp4,0603-9物-自产-自产主-李博-视觉锤-浩正-A5-B1-有-15,20260617,杜浩正,杜浩正,9元高中物理李博,9元高中物理李博,申坤,自有,自产原创,wangruixuebj01,119.39,18,2,0.15,146.49,8527.86,59.7,1.84%,13.33%,-,2.45,1285.71
1107d1ce1afeb47e78785778e9789347,-,-,-,-,-,https://tutor-online1.fbcontent.cn/growth/internal-material/1780984420902.1107d1ce1afeb47e78785778e9789347.mp4,0526-199双科-自产-自产二-王晶-亿晨-子衿-A7-B1-有-4,20260617,贾子矜,贾子矜,199元高中双科提分课,199元高中双科提分课,自投放,自有,自产原创,wangjiananbj03,2.16,0,0,0,4.33,166.15,0,2.81%,0%,-,0,0
0162375a69bc7b73d382782059e815d3,-,-,-,-,-,https://tutor-online1.fbcontent.cn/growth/internal-material/1781507606029.0162375a69bc7b73d382782059e815d3.mp4,0610-9物-自产-自产二-李博-巽阳-子衿-A3-B1-无-8-SY,20260617,贾子矜,贾子矜,9元高中物理李博,9元高中物理李博,申坤,自有,自产原创,wangruixuebj01,20.25,0,0,0,42.99,20250,0,0.21%,0%,-,0,0
d8bacd59a8f43d749daafdb76111ddf2,-,-,-,-,-,https://tutor-online1.fbcontent.cn/growth/internal-material/1781579991969.d8bacd59a8f43d749daafdb76111ddf2.mp4,0610-199双科-自产-自产二-李博-视觉锤-子衿-A1-B4-有-1(1),20260617,贾子矜,贾子矜,199元高中双科提分课,199元高中双科提分课,自投放,自有,自产原创,wangjiananbj03,5.06,0,0,0,123.41,0,0,0.00%,0.00%,-,0,0
c58f60f1360185b394a2b5ff4ca07dcc,-,-,-,-,-,https://tutor-online1.fbcontent.cn/growth/internal-material/1779427696129.c58f60f1360185b394a2b5ff4ca07dcc.mp4,0512-199双科-自产-自产主-王晶-曲中雨-雅迪---无-11,20260617,王雅迪,王雅迪,199元高中双科提分课,199元高中双科提分课,自投放,自有,自产原创,wangjiananbj03,0.37,0,0,0,41.11,0,0,0.00%,0.00%,-,0,0
8d668df2abf53bcdf14c11c1295cecbb,-,-,-,-,-,https://tutor-online1.fbcontent.cn/growth/internal-material/1779470003836.8d668df2abf53bcdf14c11c1295cecbb.mp4,0521-9物-自产-自产二-李博-曲中雨-子衿-A5效果保证-B1效果方法体系-有-4,20260617,贾子矜,贾子矜,9元高中物理李博,9元高中物理李博,十人,自有,自产原创,wangruixuebj01,19.3,0,0,0,173.87,6433.33,0,2.70%,0%,-,0,0
e1c17392b4fec26c3746b8e5d1213534,-,-,-,-,-,https://tutor-online1.fbcontent.cn/growth/internal-material/1774350566517.e1c17392b4fec26c3746b8e5d1213534.mp4,0319-9物-自产-自产二-李博-巽阳-子衿---无-29,20260617,贾子矜,贾子矜,9元高中物理李博,9元高中物理李博,玄武,自有,自产原创,wangruixuebj01,0.12,0,0,0,40,0,0,0.00%,0.00%,-,0,0
69d0af91a962fe9a566056855b970a25,-,-,-,-,-,https://tutor-online1.fbcontent.cn/growth/internal-material/1780397823386.69d0af91a962fe9a566056855b970a25.mp4,0527-9物-自产-自产主-李博-曲中雨-浩正-A5-B1-无-14-直播间,20260617,杜浩正,杜浩正,9元高中物理李博,9元高中物理李博,申坤,自有,自产原创,wangruixuebj01,43.47,0,0,0,111.75,6210,0,2.06%,0%,-,0,0
4e1e062d6dc572308add296e4498d668,-,-,-,-,-,https://tutor-online1.fbcontent.cn/growth/internal-material/1780918129741.4e1e062d6dc572308add296e4498d668.mp4,0520-199双科-自产-自产二-李博-曲中雨-浩正-A5-B2-无-9,20260617,杜浩正,韩晨国,199元高中双科提分课,199元高中双科提分课,自投放,自有,自产原创,wangjiananbj03,0.1,0,0,0,5.88,0,0,0.00%,0.00%,-,0,0
53395ea12e6cd337deac364c861cd5f1,-,-,-,-,-,https://tutor-online1.fbcontent.cn/growth/internal-material/1780975666225.53395ea12e6cd337deac364c861cd5f1.mp4,0520-199双科-自产-自产二-李博-曲中雨-小敏-A1-B6-无-23,20260617,曲敏,韩晨国,199元高中双科提分课,199元高中双科提分课,自投放,自有,自产原创,wangjiananbj03,4.27,0,0,0,51.45,0,0,1.20%,0%,-,0,0
684b47860cb98f2bee04402c40d762bc,-,-,-,-,-,https://tutor-online1.fbcontent.cn/growth/internal-material/1780917987694.684b47860cb98f2bee04402c40d762bc.mp4,0513-199双科-自产-自产二-李博-曲中雨-嘉丽-A7-B1-无-34,20260617,魏嘉丽,韩晨国,199元高中双科提分课,199元高中双科提分课,自投放,自有,自产原创,wangjiananbj03,4.03,0,0,0,237.06,0,0,5.88%,0%,-,0,0
0ebbdbbf3d6ad22bc7c434c74828ed41,-,-,-,-,-,https://tutor-online1.fbcontent.cn/growth/internal-material/1781169457656.0ebbdbbf3d6ad22bc7c434c74828ed41.mp4,0611-状元笔记-自产-自产主--视觉锤-雅迪-A6-B5-有-42,20260617,王雅迪,王雅迪,高中手写笔记,高中手写笔记,自投放,自有,自产原创,wangjiananbj03,0.38,0,0,0,25.33,0,0,0.00%,0.00%,-,0,0
c1cd5fb7814f25b1cce9b2d6e3a038f5,-,-,-,-,-,https://tutor-online1.fbcontent.cn/growth/internal-material/1775548229416.c1cd5fb7814f25b1cce9b2d6e3a038f5.mp4,0401-9物-自产-自产二-李博-曲中雨-子衿-A3-B1-有-23-前贴2,20260617,贾子矜,贾子矜,9元高中物理李博,9元高中物理李博,玄武,自有,自产原创,wangruixuebj01,1.33,0,0,0,78.24,0,0,0.00%,0.00%,-,0,0
02c4b5ff8bcbf46c616fefd97e7188d5,-,-,-,-,-,https://tutor-online1.fbcontent.cn/growth/internal-material/1779701696941.02c4b5ff8bcbf46c616fefd97e7188d5.mp4,0514-199双科-自产-自产主-王晶-云梵-嘉丽--B1-无-24,20260617,魏嘉丽,魏嘉丽,199元高中双科提分课,199元高中双科提分课,自投放,自有,自产原创,wangjiananbj03,0.87,0,0,0,290,0,0,0.00%,0.00%,-,0,0
589361d2f2a8b197bca3083799303965,-,-,-,-,-,https://tutor-online1.fbcontent.cn/growth/internal-material/1775810424487.589361d2f2a8b197bca3083799303965.mp4,0317-199物-自产-自产主-李博-曲中雨-浩正-A6-B2-无-21,20260617,杜浩正,杜浩正,199元高中双科提分课,199元高中双科提分课,自投放,自有,自产原创,wangjiananbj03,16.19,0,0,0,337.29,8095,0,6.25%,0%,-,0,0
02e83ab1907484bbf688107b99264e03,-,-,-,-,-,https://tutor-online1.fbcontent.cn/growth/internal-material/1781082528738.02e83ab1907484bbf688107b99264e03.mp4,0603-199双科-自产-自产二-李博-视觉锤-嘉丽-A5-B1-有-13,20260617,魏嘉丽,魏嘉丽,199元高中双科提分课,199元高中双科提分课,自投放,自有,自产原创,wangjiananbj03,6.36,0,0,0,115.64,0,0,0.00%,0.00%,-,0,0
5c6bd611cd46e0bbe6f3ab1492e26952,-,-,-,-,-,https://tutor-online1.fbcontent.cn/growth/internal-material/1780975265990.5c6bd611cd46e0bbe6f3ab1492e26952.mp4,0514-199双科-自产-自产主-王晶-云梵-嘉丽--B1-无-24,20260617,魏嘉丽,韩晨国,199元高中双科提分课,199元高中双科提分课,自投放,自有,自产原创,wangjiananbj03,15.91,0,0,0,212.13,0,0,6.67%,0%,-,0,0
ee748f669050fc55649f1c867fe7f352,-,-,-,-,-,https://tutor-online1.fbcontent.cn/growth/internal-material/1780906797530.ee748f669050fc55649f1c867fe7f352.mp4,0603-9物-自产-自产主-李博-曲中雨-子衿-A3-B1-无-8-直播间,20260617,贾子矜,贾子矜,9元高中物理李博,9元高中物理李博,申坤,自有,自产原创,wangruixuebj01,0.19,0,0,0,11.18,0,0,0.00%,0.00%,-,0,0
c8d85e0f2a43603e4807b1cdd486ed21,-,-,-,-,-,https://tutor-online1.fbcontent.cn/growth/internal-material/1775548229436.c8d85e0f2a43603e4807b1cdd486ed21.mp4,0401-9物-自产-自产二-李博-曲中雨-子衿-A3-B1-有-23-前贴1,20260617,贾子矜,贾子矜,9元高中物理李博,9元高中物理李博,玄武,自有,自产原创,wangruixuebj01,0,9,1,0,0,0,0,0.00%,0.00%,-,0,0
94535b49b95f8aabfaba2d68357a4718,-,-,-,-,-,https://tutor-online1.fbcontent.cn/growth/internal-material/1780061371629.94535b49b95f8aabfaba2d68357a4718.mp4,0514-199双科-自产-自产二-王晶-曲中雨-浩正-A5-B2-无-8,20260617,杜浩正,韩晨国,199元高中双科提分课,199元高中双科提分课,自投放,自有,自产原创,wangjiananbj03,3.63,0,0,0,53.38,726,0,7.35%,0%,-,0,0
1107d1ce1afeb47e78785778e9789347,-,-,-,-,-,https://tutor-online1.fbcontent.cn/growth/internal-material/1780984420902.1107d1ce1afeb47e78785778e9789347.mp4,0526-199双科-自产-自产二-王晶-亿晨-子衿-A7-B1-有-4,20260617,贾子矜,贾子矜,199元高中双科提分课,199元高中双科提分课,自投放,自有,自产原创,wangjiananbj03,4.27,0,0,0,17.08,854,0,2.40%,0%,-,0,0
5ef4ab0e53e8e4ade7b393744bf7d1cb,-,-,-,-,-,https://tutor-online1.fbcontent.cn/growth/internal-material/1780369892675.5ef4ab0e53e8e4ade7b393744bf7d1cb.mp4,0527-9物-自产-自产二-李博-视觉锤-雅迪-A5-B1-有-19,20260617,王雅迪,王雅迪,9元高中物理李博,9元高中物理李博,申坤,自有,自产原创,wangruixuebj01,1.46,0,0,0,66.36,0,0,0.00%,0.00%,-,0,0
c3d55ddec117721bb43ff46a2e070ab9,-,-,-,-,-,https://tutor-online1.fbcontent.cn/growth/internal-material/1780369784412.c3d55ddec117721bb43ff46a2e070ab9.mp4,0527-9物-自产-自产主-李博-视觉锤-雅迪-A5-B1-无-16,20260617,王雅迪,王雅迪,9元高中物理李博,9元高中物理李博,申坤,自有,自产原创,wangruixuebj01,0.26,0,0,0,43.33,0,0,0.00%,0.00%,-,0,0
8bdc1ba34ce2e8b68499b3b7518c151c,-,-,-,-,-,https://tutor-online1.fbcontent.cn/growth/internal-material/1780984422526.8bdc1ba34ce2e8b68499b3b7518c151c.mp4,0526-199双科-自产-自产主-王晶-亿晨-子衿-A5-B2-有-5,20260617,贾子矜,贾子矜,199元高中双科提分课,199元高中双科提分课,自投放,自有,自产原创,wangjiananbj03,16.36,0,0,0,138.64,0,0,1.69%,0%,-,0,0
98d6a1174a174ced8647f4166896d075,-,-,-,-,-,https://tutor-online1.fbcontent.cn/growth/internal-material/1780917864124.98d6a1174a174ced8647f4166896d075.mp4,0513-199双科-自产-自产主-李博-曲中雨-嘉丽-A1-B1-有-30,20260617,魏嘉丽,韩晨国,199元高中双科提分课,199元高中双科提分课,自投放,自有,自产原创,wangjiananbj03,111.43,0,0,0,172.49,10130,0,11.61%,0%,-,0,0
95ddad961cb46d1dce0148ee3f3fccac,-,-,-,-,-,https://tutor-online1.fbcontent.cn/growth/internal-material/1781169457838.95ddad961cb46d1dce0148ee3f3fccac.mp4,0611-状元笔记-自产-自产主--视觉锤-雅迪-A6-B5-有-44,20260617,王雅迪,王雅迪,高中手写笔记,高中手写笔记,自投放,自有,自产原创,wangjiananbj03,0.04,0,0,0,5.71,0,0,0.00%,0.00%,-,0,0
3c6e9495c641a24d19839600be35471f,-,-,-,-,-,https://tutor-online1.fbcontent.cn/growth/internal-material/1780984422492.3c6e9495c641a24d19839600be35471f.mp4,0526-199双科-自产-自产二-王晶-亿晨-子衿-A6-B1-有-1,20260617,贾子矜,贾子矜,199元高中双科提分课,199元高中双科提分课,自投放,自有,自产原创,wangjiananbj03,25.71,0,0,0,33.96,5142,0,0.92%,0%,-,0,0
26a83dce037b3511a91d0fef75e0e59b,-,-,-,-,-,https://tutor-online1.fbcontent.cn/growth/internal-material/1775548228196.26a83dce037b3511a91d0fef75e0e59b.mp4,0401-9物-自产-自产二-李博-曲中雨-子衿-A3-B1-无-23,20260617,贾子矜,贾子矜,9元高中物理李博,9元高中物理李博,玄武,自有,自产原创,wangruixuebj01,280.9,18,2,0.06,190.18,9363.33,140.45,1.83%,7.41%,-,1.35,600
e57a4636d8d7c120471a413b8a9cd7bf,-,-,-,-,-,https://tutor-online1.fbcontent.cn/growth/internal-material/1780918254690.e57a4636d8d7c120471a413b8a9cd7bf.mp4,0520-199双科-自产-自产主-李博-曲中雨-浩正-A7-B1-有-7,20260617,杜浩正,韩晨国,199元高中双科提分课,199元高中双科提分课,自投放,自有,自产原创,wangjiananbj03,3.6,0,0,0,128.57,0,0,3.57%,0%,-,0,0
2496fe7038879f5b222e031151cb5f9d,-,-,-,-,-,https://tutor-online1.fbcontent.cn/growth/internal-material/1779702538428.2496fe7038879f5b222e031151cb5f9d.mp4,0520-199双科-自产-自产二-李博-视觉锤-雅迪-A5-B1-无-15,20260617,王雅迪,王雅迪,199元高中双科提分课,199元高中双科提分课,自投放,自有,自产原创,wangjiananbj03,6.04,0,0,0,10.41,1006.67,0,1.03%,0%,-,0,0
1ba64ab8aae0bcb1051c4c7030a4c4c2,-,-,-,-,-,https://tutor-online1.fbcontent.cn/growth/internal-material/1781580788481.1ba64ab8aae0bcb1051c4c7030a4c4c2.mp4,0610-9物-自产-自产二-李博-曲中雨-浩正-A5-B1-无-14,20260617,杜浩正,杜浩正,9元高中物理李博,9元高中物理李博,申坤,自有,自产原创,wangruixuebj01,5.16,0,0,0,27.89,0,0,2.16%,0%,-,0,0
2da5eb43b115592b22575fd96500ae8a,-,-,-,-,-,https://tutor-online1.fbcontent.cn/growth/internal-material/1781681455693.2da5eb43b115592b22575fd96500ae8a.mp4,0610-9物-自产-自产主-李博-视觉锤-雅迪-A5-B1-有-20,20260617,王雅迪,王雅迪,9元高中物理李博,9元高中物理李博,申坤,自有,自产原创,wangruixuebj01,0.05,0,0,0,16.67,0,0,0.00%,0.00%,-,0,0
07a6033f3386042adfc356f0b2e57bb3,-,-,-,-,-,https://tutor-online1.fbcontent.cn/growth/internal-material/1781353901984.07a6033f3386042adfc356f0b2e57bb3.mp4,0602-199双科-自产-自产二-王晶-巽阳-子衿-A3-B2-有-3-RS,20260617,贾子矜,贾子矜,199元高中双科提分课,199元高中双科提分课,自投放,自有,自产原创,wangjiananbj03,0.25,0,0,0,15.63,0,0,0.00%,0.00%,-,0,0
7e4fc20e1408010f52a760c10d89684e,-,-,-,-,-,https://tutor-online1.fbcontent.cn/growth/internal-material/1781681454070.7e4fc20e1408010f52a760c10d89684e.mp4,0610-9物-自产-自产主-李博-视觉锤-雅迪-A5-B2-有-17,20260617,王雅迪,王雅迪,9元高中物理李博,9元高中物理李博,申坤,自有,自产原创,wangruixuebj01,0.04,0,0,0,20,0,0,0.00%,0.00%,-,0,0
78a2c5c8e98ba214d233f06169ed3c23,-,-,-,-,-,https://tutor-online1.fbcontent.cn/growth/internal-material/1779422155748.78a2c5c8e98ba214d233f06169ed3c23.mp4,0512-199双科-自产-自产二-王晶-云梵-雅迪---有-11,20260617,王雅迪,王雅迪,199元高中双科提分课,199元高中双科提分课,自投放,自有,自产原创,wangjiananbj03,10.92,0,0,0,1213.33,0,0,0.00%,0.00%,-,0,0
5e5d754fa608d9875061e20c1797f092,-,-,-,-,-,https://tutor-online1.fbcontent.cn/growth/internal-material/1780061373802.5e5d754fa608d9875061e20c1797f092.mp4,0514-199双科-自产-自产主-王晶-曲中雨-浩正-A6-B2-无-6,20260617,杜浩正,韩晨国,199元高中双科提分课,199元高中双科提分课,自投放,自有,自产原创,wangjiananbj03,7.25,0,0,0,120.83,3625,0,3.33%,0%,-,0,0
796d213a18924f0b802e588521b35d61,-,-,-,-,-,https://tutor-online1.fbcontent.cn/growth/internal-material/1781079684524.796d213a18924f0b802e588521b35d61.mp4,0604-状元笔记-自产-混剪--曲中雨-婷玉---有-32,20260617,吴婷玉,吴婷玉,高中手写笔记,高中手写笔记,自投放,自有,自产原创,wangjiananbj03,146.68,0,0,0,77.53,0,0,15.22%,0%,-,0,0
547c75f5cd14b857d73219ac2e2e7014,-,-,-,-,-,https://tutor-online1.fbcontent.cn/growth/internal-material/1776739926880.547c75f5cd14b857d73219ac2e2e7014.mp4,0415-9物-自产-自产二-李博-云梵-雅迪-A5-B2-有-2,20260617,王雅迪,王雅迪,9元高中物理李博,9元高中物理李博,申坤,自有,自产原创,wangruixuebj01,0.01,0,0,0,2.5,0,0,0.00%,0.00%,-,0,0
34e56ab9f0249527c42897b3b5035110,-,-,-,-,-,https://tutor-online1.fbcontent.cn/growth/internal-material/1780975284286.34e56ab9f0249527c42897b3b5035110.mp4,0514-199双科-自产-自产主-王晶-云梵-嘉丽--B1B3-有-25,20260617,魏嘉丽,韩晨国,199元高中双科提分课,199元高中双科提分课,自投放,自有,自产原创,wangjiananbj03,0.01,0,0,0,10,0,0,0.00%,0.00%,-,0,0
3fef6f4bbc2b43b34f60920cfac6d89e,-,-,-,-,-,https://tutor-online1.fbcontent.cn/growth/internal-material/1774350593192.3fef6f4bbc2b43b34f60920cfac6d89e.mp4,0319-9物-自产-自产二-李博-巽阳-子衿---有-30,20260617,贾子矜,贾子矜,9元高中物理李博,9元高中物理李博,玄武,自有,自产原创,wangruixuebj01,50.81,0,0,0,137.32,3908.46,0,2.97%,0%,-,0,0
44ce21a822864f9d09a9b96fe22e22c5,-,-,-,-,-,https://tutor-online1.fbcontent.cn/growth/internal-material/1777262078337.44ce21a822864f9d09a9b96fe22e22c5.mp4,0422-9物-自产-自产主-李博-曲中雨-子衿-A6-B1B2-无-11,20260617,贾子矜,贾子矜,9元高中物理李博,9元高中物理李博,申坤,自有,自产原创,wangruixuebj01,3.84,0,0,0,98.46,3840,0,2.56%,0%,-,0,0
89ade7b44e4a25c185cfae92f2fb48c2,-,-,-,-,-,https://tutor-online1.fbcontent.cn/growth/internal-material/1779421612919.89ade7b44e4a25c185cfae92f2fb48c2.mp4,0513-199双科-自产-自产主-李博-曲中雨-忍哥-A5-B1-有-27,20260617,王雅迪,王雅迪,199元高中双科提分课,199元高中双科提分课,自投放,自有,自产原创,wangjiananbj03,40.04,0,0,0,183.67,10010,0,1.83%,0%,-,0,0
7c9f77eb85de8eb573e502b64e67cd1b,-,-,-,-,-,https://tutor-online1.fbcontent.cn/growth/internal-material/1780060959790.7c9f77eb85de8eb573e502b64e67cd1b.mp4,0514-199双科-自产-自产主-王晶-曲中雨-子衿--B3B4-无-1,20260617,贾子矜,韩晨国,199元高中双科提分课,199元高中双科提分课,自投放,自有,自产原创,wangjiananbj03,0.03,0,0,0,7.5,0,0,0.00%,0.00%,-,0,0
e43f359603af8a5f7e8548d4c7ec7d29,-,-,-,-,-,https://tutor-online1.fbcontent.cn/growth/internal-material/1781002942935.e43f359603af8a5f7e8548d4c7ec7d29.mp4,0603-9物-自产-自产主-李博-视觉锤-雅迪-A5-B1-无-20,20260617,王雅迪,王雅迪,9元高中物理李博,9元高中物理李博,申坤,自有,自产原创,wangruixuebj01,3.59,0,0,0,108.79,0,0,3.03%,0%,-,0,0
60fda511de23511be14bbd8d8186fc12,-,-,-,-,-,https://tutor-online1.fbcontent.cn/growth/internal-material/1778581745046.60fda511de23511be14bbd8d8186fc12.mp4,0508-199双科-自产-自产主-李博-视觉锤-雅迪-A5-B1-无-17,20260617,王雅迪,王雅迪,199元高中双科提分课,199元高中双科提分课,自投放,自有,自产原创,wangjiananbj03,12.96,0,0,0,78.55,12960,0,0.61%,0%,-,0,0
ed6cda8f9a9b59d22e05ffa11d61d0e6,-,-,-,-,-,https://tutor-online1.fbcontent.cn/growth/internal-material/1780917862382.ed6cda8f9a9b59d22e05ffa11d61d0e6.mp4,0513-199双科-自产-自产主-李博-曲中雨-嘉丽-A5-B1-有-33,20260617,魏嘉丽,韩晨国,199元高中双科提分课,199元高中双科提分课,自投放,自有,自产原创,wangjiananbj03,12.2,0,0,0,107.02,0,0,0.88%,0%,-,0,0
792af622b0b87d8faa3b77808ede74ad,-,-,-,-,-,https://tutor-online1.fbcontent.cn/growth/internal-material/1781507073674.792af622b0b87d8faa3b77808ede74ad.mp4,0610-9物-自产-自产主-李博-曲中雨-子衿-A5-B1-无-2,20260617,贾子矜,贾子矜,9元高中物理李博,9元高中物理李博,申坤,自有,自产原创,wangruixuebj01,3.19,0,0,0,212.67,0,0,0.00%,0.00%,-,0,0
b7c2ef4f027a97be268c3318cc3fb911,-,-,-,-,-,https://tutor-online1.fbcontent.cn/growth/internal-material/1779258792292.b7c2ef4f027a97be268c3318cc3fb911.mp4,0514-199双科-自产-自产主-王晶-曲中雨-子衿--B1-有-2,20260617,贾子矜,贾子矜,199元高中双科提分课,199元高中双科提分课,自投放,自有,自产原创,wangjiananbj03,0.01,0,0,0,10,0,0,0.00%,0.00%,-,0,0
242ad6f33480cbc85e553e83cbfbf62f,-,-,-,-,-,https://tutor-online1.fbcontent.cn/growth/internal-material/1780560673767.242ad6f33480cbc85e553e83cbfbf62f.mp4,0526-199双科-自产-自产主-王晶-亿晨-小敏-A5-B1-有-14,20260617,曲敏,曲敏,199元高中双科提分课,199元高中双科提分课,自投放,自有,自产原创,wangjiananbj03,1.35,0,0,0,8.71,270,0,3.87%,0%,-,0,0
a835f3d9e3bbec363e7098651c7bb2ef,-,-,-,-,-,https://tutor-online1.fbcontent.cn/growth/internal-material/1778246529424.a835f3d9e3bbec363e7098651c7bb2ef.mp4,0429-199双科-自产-自产主-李博-曲中雨-雅迪-A2-B4-无-12,20260617,王雅迪,韩晨国,199元高中双科提分课,199元高中双科提分课,自投放,自有,自产原创,wangjiananbj03,45.36,0,0,0,141.31,22680,0,1.25%,0%,-,0,0
eb53aa1d1c2482b4cecf39da385f4503,-,-,-,-,-,https://tutor-online1.fbcontent.cn/growth/internal-material/1781580852943.eb53aa1d1c2482b4cecf39da385f4503.mp4,0610-9物-自产-自产主-李博-曲中雨-浩正-A5-B1-有-12,20260617,杜浩正,杜浩正,9元高中物理李博,9元高中物理李博,申坤,自有,自产原创,wangruixuebj01,15.58,0,0,0,64.92,15580,0,3.75%,0%,-,0,0
28f0cad3e5fd2ae71464d6b1234644a0,-,-,-,-,-,https://tutor-online1.fbcontent.cn/growth/internal-material/1781507073263.28f0cad3e5fd2ae71464d6b1234644a0.mp4,0610-9物-自产-自产主-李博-曲中雨-子衿-A3-B1-无-4,20260617,贾子矜,贾子矜,9元高中物理李博,9元高中物理李博,申坤,自有,自产原创,wangruixuebj01,29.86,0,0,0,20.45,0,0,0.41%,0%,-,0,0
bcea9d8c5936779f06632c1bbe8f026d,-,-,-,-,-,https://tutor-online1.fbcontent.cn/growth/internal-material/1779706247196.bcea9d8c5936779f06632c1bbe8f026d.mp4,0520-199双科-自产-自产二-李博-曲中雨-子衿-A5-B2-有-4,20260617,贾子矜,贾子矜,199元高中双科提分课,199元高中双科提分课,自投放,自有,自产原创,wangjiananbj03,116.93,0,0,0,93.92,8994.62,0,1.93%,0%,-,0,0
5f541d858f9776c01f56fc1761270f90,-,-,-,-,-,https://tutor-online1.fbcontent.cn/growth/internal-material/1781579971167.5f541d858f9776c01f56fc1761270f90.mp4,0610-199双科-自产-自产二-李博-视觉锤-子衿-A5-B1-无-9(1),20260617,贾子矜,贾子矜,199元高中双科提分课,199元高中双科提分课,自投放,自有,自产原创,wangjiananbj03,0.4,0,0,0,80,0,0,0.00%,0.00%,-,0,0
2520b508e17dae8b42abe4aab74fe550,-,-,-,-,-,https://tutor-online1.fbcontent.cn/growth/internal-material/1781082477008.2520b508e17dae8b42abe4aab74fe550.mp4,0527-199双科-自产-自产二-李博-视觉锤-嘉丽-A7-B1-有-12,20260617,魏嘉丽,魏嘉丽,199元高中双科提分课,199元高中双科提分课,自投放,自有,自产原创,wangjiananbj03,15.69,0,0,0,61.05,7845,0,0.78%,0%,-,0,0
b9b6b8508916027dd327719500fc9fca,-,-,-,-,-,https://tutor-online1.fbcontent.cn/growth/internal-material/1781353108683.b9b6b8508916027dd327719500fc9fca.mp4,0602-199双科-自产-自产主-王晶-巽阳-子衿-A6-B2-无-1-RS,20260617,贾子矜,贾子矜,199元高中双科提分课,199元高中双科提分课,自投放,自有,自产原创,wangjiananbj03,0,0,0,0,0,0,0,0.00%,0.00%,-,0,0
49ffc600301c5c9f7ae19c5bed6cd8fd,-,-,-,-,-,https://tutor-online1.fbcontent.cn/growth/internal-material/1773633709179.49ffc600301c5c9f7ae19c5bed6cd8fd.mp4,0312-9物-自产-自产二-李博-巽阳YS-子衿-A6-B1B2-有-20,20260617,贾子矜,贾子矜,9元高中物理李博,9元高中物理李博,玄武,自有,自产原创,wangruixuebj01,135.46,0,0,0,79.54,45153.33,0,2.17%,0%,-,0,0
11dcef5f6ee8dd9451fb50c424ff03e6,-,-,-,-,-,https://tutor-online1.fbcontent.cn/growth/internal-material/1780983143284.11dcef5f6ee8dd9451fb50c424ff03e6.mp4,6月4日 (3)(7),20260617,贾子矜,贾子矜,199元高中双科提分课,199元高中双科提分课,自投放,自有,自产原创,wangjiananbj03,1.08,0,0,0,6.14,1080,0,1.70%,0%,-,0,0
8cdeda721ad44401ae7faf876df78f53,-,-,-,-,-,https://tutor-online1.fbcontent.cn/growth/internal-material/1777262038039.8cdeda721ad44401ae7faf876df78f53.mp4,0422-9物-自产-自产二-李博-曲中雨-子衿-A7-B1-无-14,20260617,贾子矜,贾子矜,9元高中物理李博,9元高中物理李博,申坤,自有,自产原创,wangruixuebj01,8.13,0,0,0,254.06,8130,0,3.13%,0%,-,0,0
5802e9366462b661689e89fc8e99a954,-,-,-,-,-,https://tutor-online1.fbcontent.cn/growth/internal-material/1779278565965.5802e9366462b661689e89fc8e99a954.mp4,0513-199双科-自产-自产主-李博-视觉锤-雅迪-A5-B1-有-21,20260617,王雅迪,王雅迪,199元高中双科提分课,199元高中双科提分课,自投放,自有,自产原创,wangjiananbj03,1.42,0,0,0,9.59,710,0,2.03%,0%,-,0,0
d43e1557c7cf9338cf13269871a9d7b5,-,-,-,-,-,https://tutor-online1.fbcontent.cn/growth/internal-material/1775548306156.d43e1557c7cf9338cf13269871a9d7b5.mp4,0401-9物-自产-自产主-李博-曲中雨-子衿-A3-B1-有-23-前贴2,20260617,贾子矜,贾子矜,9元高中物理李博,9元高中物理李博,玄武,自有,自产原创,wangruixuebj01,564.46,18,2,0.03,145.89,13767.32,282.23,1.19%,4.35%,-,0.52,439.02
473081ce934cddca8668528b5177c7bd,-,-,-,-,-,https://tutor-online1.fbcontent.cn/growth/internal-material/1774350653835.473081ce934cddca8668528b5177c7bd.mp4,0319-9物-自产-自产二-李博-巽阳-子衿--B2B5-无-24,20260617,贾子矜,贾子矜,9元高中物理李博,9元高中物理李博,玄武,自有,自产原创,wangruixuebj01,259.91,18,2,0.07,100.24,6497.75,129.96,1.54%,5.00%,-,0.77,450
bc6e37364563c13486bc0769b790248b,-,-,-,-,-,https://tutor-online1.fbcontent.cn/growth/internal-material/1781353108439.bc6e37364563c13486bc0769b790248b.mp4,0602-199双科-自产-自产主-王晶-巽阳-子衿-A5-B1-无-4,20260617,贾子矜,贾子矜,199元高中双科提分课,199元高中双科提分课,自投放,自有,自产原创,wangjiananbj03,1,0,0,0,6.62,0,0,1.99%,0%,-,0,0
0ebbdbbf3d6ad22bc7c434c74828ed41,-,-,-,-,-,https://tutor-online1.fbcontent.cn/growth/internal-material/1781169457656.0ebbdbbf3d6ad22bc7c434c74828ed41.mp4,0611-状元笔记-自产-自产主--视觉锤-雅迪-A6-B5-有-42,20260617,王雅迪,王雅迪,高中手写笔记,高中手写笔记,自投放,自有,自产原创,wangjiananbj03,0.71,0,0,0,12.46,0,0,3.51%,0%,-,0,0
6513e42aa0ea5c7fc222b878e07213f0,-,-,-,-,-,https://tutor-online1.fbcontent.cn/growth/internal-material/1781582189113.6513e42aa0ea5c7fc222b878e07213f0.mp4,0610-9物-自产-自产二-李博-视觉锤-雅迪-A5-B2-无-17,20260617,王雅迪,王雅迪,9元高中物理李博,9元高中物理李博,申坤,自有,自产原创,wangruixuebj01,90.74,0,0,0,128.16,8249.09,0,1.98%,0%,-,0,0
efc2593fabdfe3d3ba054eb6e5001057,-,-,-,-,-,https://tutor-online1.fbcontent.cn/growth/internal-material/1780917887407.efc2593fabdfe3d3ba054eb6e5001057.mp4,0513-199双科-自产-自产主-李博-曲中雨-嘉丽-A7-B1-有-32,20260617,魏嘉丽,韩晨国,199元高中双科提分课,199元高中双科提分课,自投放,自有,自产原创,wangjiananbj03,413.66,199,1,0.48,130.37,7521.09,413.66,4.19%,0.75%,-,0.32,3618.18
1e1cfafcecc15a4aee2cc8cfb183182d,-,-,-,-,-,https://tutor-online1.fbcontent.cn/growth/internal-material/1778649250455.1e1cfafcecc15a4aee2cc8cfb183182d.mp4,0508-199双科-自产-自产二-李博-视觉锤-雅迪-A1-B4B6-无-15,20260617,王雅迪,王雅迪,199元高中双科提分课,199元高中双科提分课,自投放,自有,自产原创,wangjiananbj03,19.86,0,0,0,133.29,9930,0,1.34%,0%,-,0,0
3358bf4fed01b818e1df6c99c8fe7f0e,-,-,-,-,-,https://tutor-online1.fbcontent.cn/growth/internal-material/1781082699287.3358bf4fed01b818e1df6c99c8fe7f0e.mp4,0604-状元笔记-自产-混剪--曲中雨-嘉丽---有-7,20260617,魏嘉丽,魏嘉丽,高中手写笔记,高中手写笔记,自投放,自有,自产原创,wangjiananbj03,0,0,0,0,0,0,0,0.00%,0.00%,-,0,0
4e9a811fa707209a3c274b95f0af50a6,-,-,-,-,-,https://tutor-online1.fbcontent.cn/growth/internal-material/1779436939659.4e9a811fa707209a3c274b95f0af50a6.mp4,0514-199双科-自产-自产二-王晶-曲中雨-嘉丽--B1-有-21,20260617,魏嘉丽,魏嘉丽,199元高中双科提分课,199元高中双科提分课,自投放,自有,自产原创,wangjiananbj03,62.16,0,0,0,100.58,20720,0,0.81%,0%,-,0,0
f2d7734870c9564037227a33731604b2,-,-,-,-,-,https://tutor-online1.fbcontent.cn/growth/internal-material/1779701581532.f2d7734870c9564037227a33731604b2.mp4,0521-9物-自产-自产二--曲中雨-嘉丽-A7方法优势-B1效果方法体系-无-16,20260617,魏嘉丽,魏嘉丽,9元高中物理李博,9元高中物理李博,申坤,自有,自产原创,wangruixuebj01,0.03,0,0,0,30,0,0,0.00%,0.00%,-,0,0
128ead371d9cddcf1d01a6a159df5827,-,-,-,-,-,https://tutor-online1.fbcontent.cn/growth/internal-material/1781169457824.128ead371d9cddcf1d01a6a159df5827.mp4,0611-状元笔记-自产-自产主--视觉锤-雅迪-A6-B5-有-41,20260617,王雅迪,王雅迪,高中手写笔记,高中手写笔记,自投放,自有,自产原创,wangjiananbj03,0.05,0,0,0,10,0,0,0.00%,0.00%,-,0,0
77e3e03d21f11438955db09d98b63c14,-,-,-,-,-,https://tutor-online1.fbcontent.cn/growth/internal-material/1781517228674.77e3e03d21f11438955db09d98b63c14.mp4,0611-199双科-自产-自产二-王晶-曲中雨-婷玉-A2-B5-有-15,20260617,吴婷玉,吴婷玉,199元高中双科提分课,199元高中双科提分课,自投放,自有,自产原创,wangjiananbj03,13.73,0,0,0,78.91,13730,0,3.45%,0%,-,0,0
1fd9a788759e49d82b26d647652af354,-,-,-,-,-,https://tutor-online1.fbcontent.cn/growth/internal-material/1781353899559.1fd9a788759e49d82b26d647652af354.mp4,0602-199双科-自产-自产主-王晶-巽阳-子衿-A6-B2-有-1-RS,20260617,贾子矜,贾子矜,199元高中双科提分课,199元高中双科提分课,自投放,自有,自产原创,wangjiananbj03,13.95,0,0,0,75.41,4650,0,7.57%,0%,-,0,0
b5f933921b8f3fb9e23cb80470cb2d3f,-,-,-,-,-,https://tutor-online1.fbcontent.cn/growth/internal-material/1776940907558.b5f933921b8f3fb9e23cb80470cb2d3f.mp4,0421-199双科-自产-自产二-王晶-曲中雨-浩正-A5-B2-有-6,20260617,杜浩正,杜浩正,199元高中双科提分课,199元高中双科提分课,自投放,自有,自产原创,wangjiananbj03,10.63,0,0,0,17.04,0,0,0.00%,0.00%,-,0,0
3c6e9495c641a24d19839600be35471f,-,-,-,-,-,https://tutor-online1.fbcontent.cn/growth/internal-material/1780984422492.3c6e9495c641a24d19839600be35471f.mp4,0526-199双科-自产-自产二-王晶-亿晨-子衿-A6-B1-有-1,20260617,贾子矜,贾子矜,199元高中双科提分课,199元高中双科提分课,自投放,自有,自产原创,wangjiananbj03,1.65,0,0,0,7.3,183.33,0,3.98%,0%,-,0,0
b6d3d37449c241d07b2fa79507168914,-,-,-,-,-,https://tutor-online1.fbcontent.cn/growth/internal-material/1781580810456.b6d3d37449c241d07b2fa79507168914.mp4,0527-9物-自产-自产主-李博-曲中雨-浩正-A5-B1-有-14,20260617,杜浩正,杜浩正,9元高中物理李博,9元高中物理李博,申坤,自有,自产原创,wangruixuebj01,0.19,0,0,0,31.67,0,0,0.00%,0.00%,-,0,0
16b3fb0499966c7d08631aaa6e69e982,-,-,-,-,-,https://tutor-online1.fbcontent.cn/growth/internal-material/1781004490873.16b3fb0499966c7d08631aaa6e69e982.mp4,0603-9物-自产-自产二-李博-视觉锤-雅迪-A5-B2-无-18,20260617,王雅迪,王雅迪,9元高中物理李博,9元高中物理李博,申坤,自有,自产原创,wangruixuebj01,0.36,0,0,0,27.69,0,0,0.00%,0.00%,-,0,0
ccdd40dcc606176c7098b349e7232478,-,-,-,-,-,https://tutor-online1.fbcontent.cn/growth/internal-material/1781004493777.ccdd40dcc606176c7098b349e7232478.mp4,0603-9物-自产-自产二-李博-视觉锤-雅迪-A5-B1B4-有-19,20260617,王雅迪,王雅迪,9元高中物理李博,9元高中物理李博,申坤,自有,自产原创,wangruixuebj01,0.03,0,0,0,15,0,0,0.00%,0.00%,-,0,0
63336d0afafe2f3680b8f47bb3768e74,-,-,-,-,-,https://tutor-online1.fbcontent.cn/growth/internal-material/1775810390856.63336d0afafe2f3680b8f47bb3768e74.mp4,0317-199物-自产-自产二-李博-曲中雨-浩正-A2-B2-无-20,20260617,杜浩正,杜浩正,199元高中双科提分课,199元高中双科提分课,自投放,自有,自产原创,wangjiananbj03,94.47,199,1,2.11,166.61,9447,94.47,1.59%,11.11%,-,1.76,19900
fa70ad057d3ce1946c3cbbaf8882a7b9,-,-,-,-,-,https://tutor-online1.fbcontent.cn/growth/internal-material/1780393907968.fa70ad057d3ce1946c3cbbaf8882a7b9.mp4,0527-9物-自产-自产二-李博-曲中雨-子衿-A5-B2-有-2-直播间,20260617,贾子矜,贾子矜,9元高中物理李博,9元高中物理李博,申坤,自有,自产原创,wangruixuebj01,1.04,0,0,0,52,0,0,0.00%,0.00%,-,0,0
e938c01e963ad0f4c44c706f0304a49e,-,-,-,-,-,https://tutor-online1.fbcontent.cn/growth/internal-material/1779953135567.e938c01e963ad0f4c44c706f0304a49e.mp4,0520-199双科-自产-自产主-李博-视觉锤-嘉丽-A6-B1-无-19,20260617,魏嘉丽,魏嘉丽,199元高中双科提分课,199元高中双科提分课,自投放,自有,自产原创,wangjiananbj03,33.34,0,0,0,163.43,11113.33,0,1.96%,0%,-,0,0
ac6b945414eb899ece6ca8f2bd57bddf,-,-,-,-,-,https://tutor-online1.fbcontent.cn/growth/internal-material/1779706278704.ac6b945414eb899ece6ca8f2bd57bddf.mp4,0520-199双科-自产-自产主-李博-曲中雨-子衿-A6-B1-无-3,20260617,贾子矜,贾子矜,199元高中双科提分课,199元高中双科提分课,自投放,自有,自产原创,wangjiananbj03,169.66,0,0,0,225.61,21207.5,0,2.13%,0%,-,0,0
1af3ac98835302c4de6b3fe9fb7b2444,-,-,-,-,-,https://tutor-online1.fbcontent.cn/growth/internal-material/1779701509612.1af3ac98835302c4de6b3fe9fb7b2444.mp4,0520-199双科-自产-自产二-李博-曲中雨-浩正-A5-B2-无-8,20260617,杜浩正,杜浩正,199元高中双科提分课,199元高中双科提分课,自投放,自有,自产原创,wangjiananbj03,9.85,0,0,0,90.37,3283.33,0,2.75%,0%,-,0,0
8c1af27a915de2e74c6351aefd638254,-,-,-,-,-,https://tutor-online1.fbcontent.cn/growth/internal-material/1780917989263.8c1af27a915de2e74c6351aefd638254.mp4,0513-199双科-自产-自产二-李博-曲中雨-嘉丽-A7-B1-无-32,20260617,魏嘉丽,韩晨国,199元高中双科提分课,199元高中双科提分课,自投放,自有,自产原创,wangjiananbj03,0.01,0,0,0,10,0,0,0.00%,0.00%,-,0,0
b13145b978dc22d712009b1d698b5c46,-,-,-,-,-,https://tutor-online1.fbcontent.cn/growth/internal-material/1778667030881.b13145b978dc22d712009b1d698b5c46.mp4,0317-199物-自产-自产主-李博-曲中雨-子衿-A2-B1B4-有-28-迭代3,20260617,贾子矜,贾子矜,199元高中双科提分课,199元高中双科提分课,自投放,自有,自产原创,wangjiananbj03,0.45,0,0,0,150,0,0,0.00%,0.00%,-,0,0
61a101b3e39c126ccc9d199a0cb37eb9,-,-,-,-,-,https://tutor-online1.fbcontent.cn/growth/internal-material/1780917990199.61a101b3e39c126ccc9d199a0cb37eb9.mp4,0513-199双科-自产-自产二-李博-曲中雨-嘉丽-A6-B1-无-31,20260617,魏嘉丽,韩晨国,199元高中双科提分课,199元高中双科提分课,自投放,自有,自产原创,wangjiananbj03,6.41,0,0,0,68.19,0,0,3.19%,0%,-,0,0
daf655cc2e595e39bce0bc2b90a893e7,-,-,-,-,-,https://tutor-online1.fbcontent.cn/growth/internal-material/1779258539843.daf655cc2e595e39bce0bc2b90a893e7.mp4,0512-199双科-自产-自产主-王晶-曲中雨-子衿--B1B4-有-3,20260617,贾子矜,贾子矜,199元高中双科提分课,199元高中双科提分课,自投放,自有,自产原创,wangjiananbj03,31.67,0,0,0,97.75,15835,0,1.23%,0%,-,0,0
5bb64868a62d1eb1cd17397459ab0af2,-,-,-,-,-,https://tutor-online1.fbcontent.cn/growth/internal-material/1778581745257.5bb64868a62d1eb1cd17397459ab0af2.mp4,0508-199双科-自产-自产主-李博-视觉锤-雅迪-A5-B1-无-16,20260617,王雅迪,王雅迪,199元高中双科提分课,199元高中双科提分课,自投放,自有,自产原创,wangjiananbj03,5.35,0,0,0,30.06,891.67,0,3.93%,0%,-,0,0
34784e0f591a32d845ca85c3708212e1,-,-,-,-,-,https://tutor-online1.fbcontent.cn/growth/internal-material/1780369895793.34784e0f591a32d845ca85c3708212e1.mp4,0527-9物-自产-自产二-李博-视觉锤-雅迪-A5-B1-无-16,20260617,王雅迪,王雅迪,9元高中物理李博,9元高中物理李博,申坤,自有,自产原创,wangruixuebj01,1.17,0,0,0,390,0,0,0.00%,0.00%,-,0,0
5b4610c0c4ce9e34730f09ab78e12e2e,-,-,-,-,-,https://tutor-online1.fbcontent.cn/growth/internal-material/1780060825253.5b4610c0c4ce9e34730f09ab78e12e2e.mp4,0512-199双科-自产-自产主-王晶-云梵-小敏--B1-无-21,20260617,曲敏,韩晨国,199元高中双科提分课,199元高中双科提分课,自投放,自有,自产原创,wangjiananbj03,32.9,0,0,0,115.85,10966.67,0,3.17%,0%,-,0,0
bc31206d1a982654e5a27fa9bef554fd,-,-,-,-,-,https://tutor-online1.fbcontent.cn/growth/internal-material/1781004493849.bc31206d1a982654e5a27fa9bef554fd.mp4,0603-9物-自产-自产二-李博-视觉锤-雅迪-A5-B1-有-20,20260617,王雅迪,王雅迪,9元高中物理李博,9元高中物理李博,申坤,自有,自产原创,wangruixuebj01,0.26,0,0,0,11.82,0,0,0.00%,0.00%,-,0,0
26a83dce037b3511a91d0fef75e0e59b,-,-,-,-,-,https://tutor-online1.fbcontent.cn/growth/internal-material/1775548228196.26a83dce037b3511a91d0fef75e0e59b.mp4,0401-9物-自产-自产二-李博-曲中雨-子衿-A3-B1-无-23,20260617,贾子矜,贾子矜,9元高中物理李博,9元高中物理李博,玄武,自有,自产原创,wangruixuebj01,1.29,0,0,0,56.09,0,0,4.35%,0%,-,0,0
571c11f2b4163c9a3615c95d49c26d59,-,-,-,-,-,https://tutor-online1.fbcontent.cn/growth/internal-material/1781079684184.571c11f2b4163c9a3615c95d49c26d59.mp4,0604-状元笔记-自产-混剪--曲中雨-婷玉---无-31,20260617,吴婷玉,吴婷玉,高中手写笔记,高中手写笔记,自投放,自有,自产原创,wangjiananbj03,9.37,0,0,0,15.46,0,0,0.50%,0%,-,0,0
01f6d81f66e31a891de42c6f033b20d7,-,-,-,-,-,https://tutor-online1.fbcontent.cn/growth/internal-material/1780976448510.01f6d81f66e31a891de42c6f033b20d7.mp4,0521-状元笔记-自产-自产主--曲中雨-子衿-A7-B2-有-4,20260617,贾子矜,韩晨国,高中手写笔记,高中手写笔记,自投放,自有,自产原创,wangjiananbj03,0,0,0,0,0,0,0,0.00%,0.00%,-,0,0
78b593aeaf021a7469a299aa4693e491,-,-,-,-,-,https://tutor-online1.fbcontent.cn/growth/internal-material/1781507112743.78b593aeaf021a7469a299aa4693e491.mp4,0610-9物-自产-自产主-李博-曲中雨-子衿-A6-B2-无-6,20260617,贾子矜,贾子矜,9元高中物理李博,9元高中物理李博,申坤,自有,自产原创,wangruixuebj01,1.88,0,0,0,64.83,0,0,0.00%,0.00%,-,0,0
e1da8b4562155de075280cb30829faaf,-,-,-,-,-,https://tutor-online1.fbcontent.cn/growth/internal-material/1780917991520.e1da8b4562155de075280cb30829faaf.mp4,0513-199双科-自产-自产主-李博-曲中雨-嘉丽-A7-B1-无-35,20260617,魏嘉丽,韩晨国,199元高中双科提分课,199元高中双科提分课,自投放,自有,自产原创,wangjiananbj03,0.56,0,0,0,11.2,0,0,0.00%,0.00%,-,0,0
406194592b28ccf009a4715adb56b83e,-,-,-,-,-,https://tutor-online1.fbcontent.cn/growth/internal-material/1780906798014.406194592b28ccf009a4715adb56b83e.mp4,0603-9物-自产-自产主-李博-曲中雨-子衿-A3-B1-有-8-直播间,20260617,贾子矜,贾子矜,9元高中物理李博,9元高中物理李博,申坤,自有,自产原创,wangruixuebj01,0.06,0,0,0,60,0,0,0.00%,0.00%,-,0,0
bb9bd4e3b7a9480b39eb055afa9bca32,-,-,-,-,-,https://tutor-online1.fbcontent.cn/growth/internal-material/1780917907700.bb9bd4e3b7a9480b39eb055afa9bca32.mp4,0513-199双科-自产-自产主-李博-曲中雨-嘉丽-A7-B1-有-35,20260617,魏嘉丽,韩晨国,199元高中双科提分课,199元高中双科提分课,自投放,自有,自产原创,wangjiananbj03,58.37,0,0,0,101.87,4864.17,0,13.96%,0%,-,0,0
0037593027a7234db2fd58fd7faaa6c5,-,-,-,-,-,https://tutor-online1.fbcontent.cn/growth/internal-material/1781507731717.0037593027a7234db2fd58fd7faaa6c5.mp4,0610-9物-自产-自产二-李博-巽阳-子衿-A7-B1-有-5-直播间-LL,20260617,贾子矜,贾子矜,9元高中物理李博,9元高中物理李博,申坤,自有,自产原创,wangruixuebj01,0.95,0,0,0,23.75,0,0,0.00%,0.00%,-,0,0
80ca8636af17180b2f2b1681c22e14c1,-,-,-,-,-,https://tutor-online1.fbcontent.cn/growth/internal-material/1779422146008.80ca8636af17180b2f2b1681c22e14c1.mp4,0512-199双科-自产-自产二-王晶-云梵-雅迪---有-12,20260617,王雅迪,王雅迪,199元高中双科提分课,199元高中双科提分课,自投放,自有,自产原创,wangjiananbj03,34.64,0,0,0,76.64,34640,0,0.66%,0%,-,0,0
9bff8ac0295893efb19cc63fe157c2a9,-,-,-,-,-,https://tutor-online1.fbcontent.cn/growth/internal-material/1780397853206.9bff8ac0295893efb19cc63fe157c2a9.mp4,0527-9物-自产-自产主-李博-曲中雨-浩正-A5-B1-有-12-直播间-前贴2,20260617,杜浩正,杜浩正,9元高中物理李博,9元高中物理李博,申坤,自有,自产原创,wangruixuebj01,0.13,0,0,0,13,0,0,0.00%,0.00%,-,0,0
cca311b3e5564492c7f183ffc34588d4,-,-,-,-,-,https://tutor-online1.fbcontent.cn/growth/internal-material/1780906799298.cca311b3e5564492c7f183ffc34588d4.mp4,0603-9物-自产-自产主-李博-曲中雨-子衿-A3-B1-有-4-直播间,20260617,贾子矜,贾子矜,9元高中物理李博,9元高中物理李博,申坤,自有,自产原创,wangruixuebj01,2,0,0,0,58.82,0,0,0.00%,0.00%,-,0,0
36daf60ba6fba7d5f606e2c53c0304cc,-,-,-,-,-,https://tutor-online1.fbcontent.cn/growth/internal-material/1781580846874.36daf60ba6fba7d5f606e2c53c0304cc.mp4,0610-9物-自产-自产主-李博-曲中雨-浩正-A5-B1-无-12,20260617,杜浩正,杜浩正,9元高中物理李博,9元高中物理李博,申坤,自有,自产原创,wangruixuebj01,9.93,0,0,0,16.97,0,0,0.51%,0%,-,0,0
70bc468336640d804e502e084256be87,-,-,-,-,-,https://tutor-online1.fbcontent.cn/growth/internal-material/1780906797546.70bc468336640d804e502e084256be87.mp4,0603-9物-自产-自产主-李博-曲中雨-子衿-A3-B1-无-10-直播间,20260617,贾子矜,贾子矜,9元高中物理李博,9元高中物理李博,申坤,自有,自产原创,wangruixuebj01,2.66,0,0,0,39.7,1330,0,4.48%,0%,-,0,0
3a94393df703cf9eb748e5abfca3703b,-,-,-,-,-,https://tutor-online1.fbcontent.cn/growth/internal-material/1780983154515.3a94393df703cf9eb748e5abfca3703b.mp4,6月4日 (3)(4),20260617,贾子矜,贾子矜,199元高中双科提分课,199元高中双科提分课,自投放,自有,自产原创,wangjiananbj03,11.25,0,0,0,80.36,11250,0,0.71%,0%,-,0,0
0629066c4851ab1e9061310d07ad5600,-,-,-,-,-,https://tutor-online1.fbcontent.cn/growth/internal-material/1772517101338.0629066c4851ab1e9061310d07ad5600.mp4,0211-9物-自产-自产主-李博-亿晨-子衿-A7-B1-无-4,20260617,贾子矜,贾子矜,9元高中物理李博,9元高中物理李博-实物,玄武,自有,自产原创,wangruixuebj01,36.85,9,1,0.24,101.52,9212.5,36.85,1.65%,16.67%,-,2.75,2250
39e35166a82b50a71a6f2340aeff1735,-,-,-,-,-,https://tutor-online1.fbcontent.cn/growth/internal-material/1781063589648.39e35166a82b50a71a6f2340aeff1735.mp4,0603-199双科-自产-自产主-李博-曲中雨-嘉丽-A5-B1-无-13,20260617,魏嘉丽,魏嘉丽,199元高中双科提分课,199元高中双科提分课,自投放,自有,自产原创,wangjiananbj03,0.1,0,0,0,1.16,0,0,0.00%,0.00%,-,0,0
38cc4614e55ce5977f868d25a16c7bb9,-,-,-,-,-,https://tutor-online1.fbcontent.cn/growth/internal-material/1781580825043.38cc4614e55ce5977f868d25a16c7bb9.mp4,0610-9物-自产-自产主-李博-曲中雨-浩正-A5-B1-无-13,20260617,杜浩正,杜浩正,9元高中物理李博,9元高中物理李博,申坤,自有,自产原创,wangruixuebj01,32.79,0,0,0,23.57,16395,0,0.58%,0%,-,0,0
ac3ea3e200a190db509f844a99397302,-,-,-,-,-,https://tutor-online1.fbcontent.cn/growth/internal-material/1779280034072.ac3ea3e200a190db509f844a99397302.mp4,0513-199双科-自产-自产主-李博-视觉锤-雅迪-A5-B2-有-17,20260617,王雅迪,王雅迪,199元高中双科提分课,199元高中双科提分课,自投放,自有,自产原创,wangjiananbj03,0,0,0,0,0,0,0,0.00%,0.00%,-,0,0
9e1352a0b0e85eb513255c3095dae807,-,-,-,-,-,https://tutor-online1.fbcontent.cn/growth/internal-material/1778581775810.9e1352a0b0e85eb513255c3095dae807.mp4,0508-199双科-自产-自产主-李博-视觉锤-雅迪-A1-B4B6-无-12,20260617,王雅迪,王雅迪,199元高中双科提分课,199元高中双科提分课,自投放,自有,自产原创,wangjiananbj03,13.22,0,0,0,7.69,472.14,0,1.45%,0%,-,0,0
e7e6ccf30617c52580435eae1f2dd0fc,-,-,-,-,-,https://tutor-online1.fbcontent.cn/growth/internal-material/1780393600037.e7e6ccf30617c52580435eae1f2dd0fc.mp4,0527-9物-自产-自产二-李博-曲中雨-子衿-A7-B2-有-6,20260617,贾子矜,贾子矜,9元高中物理李博,9元高中物理李博,申坤,自有,自产原创,wangruixuebj01,23.15,0,0,0,63.95,5787.5,0,1.38%,0%,-,0,0
658c6b546d8d44669c405f4fc975feb7,-,-,-,-,-,https://tutor-online1.fbcontent.cn/growth/internal-material/1779456253310.658c6b546d8d44669c405f4fc975feb7.mp4,0429-199双科-自产-自产主-李博-曲中雨-浩正-A7-B2-有-22,20260617,杜浩正,韩晨国,199元高中双科提分课,199元高中双科提分课,自投放,自有,自产原创,wangjiananbj03,67.37,0,0,0,198.73,8421.25,0,1.77%,0%,-,0,0
859ea1a3c90c6721f6de45e83f0a882c,-,-,-,-,-,https://tutor-online1.fbcontent.cn/growth/internal-material/1780984420334.859ea1a3c90c6721f6de45e83f0a882c.mp4,0526-199双科-自产-自产主-王晶-亿晨-子衿-A7-B2-有-2,20260617,贾子矜,贾子矜,199元高中双科提分课,199元高中双科提分课,自投放,自有,自产原创,wangjiananbj03,6.14,0,0,0,10.6,323.16,0,3.11%,0%,-,0,0
cce984cd2e278d3e0de4a2be0378c89a,-,-,-,-,-,https://tutor-online1.fbcontent.cn/growth/internal-material/1778667030532.cce984cd2e278d3e0de4a2be0378c89a.mp4,0317-199物-自产-自产主-李博-曲中雨-子衿-A2-B1B4-无-28,20260617,贾子矜,贾子矜,199元高中双科提分课,199元高中双科提分课,自投放,自有,自产原创,wangjiananbj03,0.01,0,0,0,10,0,0,100.00%,0%,-,0,0
40cd5b3cceceab4877fbf9460add984b,-,-,-,-,-,https://tutor-online1.fbcontent.cn/growth/internal-material/1780569960569.40cd5b3cceceab4877fbf9460add984b.mp4,0527-199双科-自产-自产主-李博-曲中雨-嘉丽-A6-B1-无-14,20260617,魏嘉丽,魏嘉丽,199元高中双科提分课,199元高中双科提分课,自投放,自有,自产原创,wangjiananbj03,10.28,0,0,0,9.77,411.2,0,2.19%,0%,-,0,0
1bcd35a42837305ef17087f8d439657e,-,-,-,-,-,https://tutor-online1.fbcontent.cn/growth/internal-material/1781507115168.1bcd35a42837305ef17087f8d439657e.mp4,0610-9物-自产-自产主-李博-曲中雨-子衿-A6-B2-有-3,20260617,贾子矜,贾子矜,9元高中物理李博,9元高中物理李博,申坤,自有,自产原创,wangruixuebj01,0.04,0,0,0,13.33,0,0,0.00%,0.00%,-,0,0
1efdf5fdfaeacf23fbff79764143ab33,-,-,-,-,-,https://tutor-online1.fbcontent.cn/growth/internal-material/1781580006792.1efdf5fdfaeacf23fbff79764143ab33.mp4,0610-199双科-自产-自产二-李博-视觉锤-子衿-A6-B1-无-6(1),20260617,贾子矜,贾子矜,199元高中双科提分课,199元高中双科提分课,自投放,自有,自产原创,wangjiananbj03,1.49,0,0,0,15.52,0,0,1.04%,0%,-,0,0
a23bdf6494ae90a901cd29639a8c9fbd,-,-,-,-,-,https://tutor-online1.fbcontent.cn/growth/internal-material/1781353900819.a23bdf6494ae90a901cd29639a8c9fbd.mp4,0602-199双科-自产-自产主-王晶-巽阳-子衿-A2-B1-有-2-HJ,20260617,贾子矜,贾子矜,199元高中双科提分课,199元高中双科提分课,自投放,自有,自产原创,wangjiananbj03,0.16,0,0,0,11.43,0,0,7.14%,0%,-,0,0
2e87fbcd6e95a9755794a6fbade4cbf3,-,-,-,-,-,https://tutor-online1.fbcontent.cn/growth/internal-material/1770030073063.2e87fbcd6e95a9755794a6fbade4cbf3.mp4,0128-自产主-李博-8-3--有-9物-子矜- IP-曲中雨,20260617,贾子矜,贾子矜,9元高中物理李博,9元高中物理李博-实物,玄武,自有,自产原创,wangruixuebj01,3218.59,90,10,0.03,160.41,10800.64,321.86,1.54%,3.23%,-,0.5,302.01
e00f5ef02d3d0dd0fc3bf6bfd6d443c1,-,-,-,-,-,https://tutor-online1.fbcontent.cn/growth/internal-material/1781353109995.e00f5ef02d3d0dd0fc3bf6bfd6d443c1.mp4,0602-199双科-自产-自产主-王晶-巽阳-子衿-A3-B2-无-5-LJ,20260617,贾子矜,贾子矜,199元高中双科提分课,199元高中双科提分课,自投放,自有,自产原创,wangjiananbj03,0.09,0,0,0,18,0,0,0.00%,0.00%,-,0,0
3edb55dfd11da85ddd13d487debe4a33,-,-,-,-,-,https://tutor-online1.fbcontent.cn/growth/internal-material/1780656485006.3edb55dfd11da85ddd13d487debe4a33.mp4,0603-9物-自产-自产主-李博-视觉锤-浩正-A5-B1-无-12,20260617,杜浩正,杜浩正,9元高中物理李博,9元高中物理李博,申坤,自有,自产原创,wangruixuebj01,0.02,0,0,0,6.67,0,0,0.00%,0.00%,-,0,0
0bc14cd4ea6fd11dff542154b0d072e9,-,-,-,-,-,https://tutor-online1.fbcontent.cn/growth/internal-material/1781580787156.0bc14cd4ea6fd11dff542154b0d072e9.mp4,0610-9物-自产-自产二-李博-曲中雨-浩正-A5-B1-无-13,20260617,杜浩正,杜浩正,9元高中物理李博,9元高中物理李博,申坤,自有,自产原创,wangruixuebj01,0.03,0,0,0,10,0,0,0.00%,0.00%,-,0,0
9625bc3110194f040edde2b0e26e3ae7,-,-,-,-,-,https://tutor-online1.fbcontent.cn/growth/internal-material/1780976417050.9625bc3110194f040edde2b0e26e3ae7.mp4,0521-状元笔记-自产-自产二--曲中雨-小敏-A5-B2-无-22,20260617,曲敏,韩晨国,高中手写笔记,高中手写笔记,自投放,自有,自产原创,wangjiananbj03,10.38,0,0,0,26.08,0,0,0.25%,0%,-,0,0
acd546bf8881bc08a79bf0f674882bd3,-,-,-,-,-,https://tutor-online1.fbcontent.cn/growth/internal-material/1780983143511.acd546bf8881bc08a79bf0f674882bd3.mp4,6月4日 (3)(1),20260617,贾子矜,贾子矜,199元高中双科提分课,199元高中双科提分课,自投放,自有,自产原创,wangjiananbj03,0.52,0,0,0,173.33,0,0,33.33%,0%,-,0,0
f73474b3595571b16bb9286be6d410c4,-,-,-,-,-,https://tutor-online1.fbcontent.cn/growth/internal-material/1780041102286.f73474b3595571b16bb9286be6d410c4.mp4,0520-199双科-自产-自产主-李博-视觉锤-小敏-A1-B6-无-21,20260617,曲敏,曲敏,199元高中双科提分课,199元高中双科提分课,自投放,自有,自产原创,wangjiananbj03,34.01,0,0,0,88.11,17005,0,0.52%,0%,-,0,0
6bff84a97b4cebe2c39e59c60352732b,-,-,-,-,-,https://tutor-online1.fbcontent.cn/growth/internal-material/1781353900845.6bff84a97b4cebe2c39e59c60352732b.mp4,0602-199双科-自产-自产二-王晶-巽阳-子衿-A6-B2-有-1-RS,20260617,贾子矜,贾子矜,199元高中双科提分课,199元高中双科提分课,自投放,自有,自产原创,wangjiananbj03,1.88,0,0,0,6.2,940,0,0.99%,0%,-,0,0
8bdc1ba34ce2e8b68499b3b7518c151c,-,-,-,-,-,https://tutor-online1.fbcontent.cn/growth/internal-material/1780984422526.8bdc1ba34ce2e8b68499b3b7518c151c.mp4,0526-199双科-自产-自产主-王晶-亿晨-子衿-A5-B2-有-5,20260617,贾子矜,贾子矜,199元高中双科提分课,199元高中双科提分课,自投放,自有,自产原创,wangjiananbj03,0.13,0,0,0,32.5,0,0,0.00%,0.00%,-,0,0
0c1bf6f4657950b73e119bcda92c7a14,-,-,-,-,-,https://tutor-online1.fbcontent.cn/growth/internal-material/1781507732248.0c1bf6f4657950b73e119bcda92c7a14.mp4,0610-9物-自产-自产二-李博-巽阳-子衿-A5-B2-有-1-SY,20260617,贾子矜,贾子矜,9元高中物理李博,9元高中物理李博,申坤,自有,自产原创,wangruixuebj01,5.25,0,0,0,78.36,0,0,0.00%,0.00%,-,0,0
ab345cd631e39721e60a692d523ab77c,-,-,-,-,-,https://tutor-online1.fbcontent.cn/growth/internal-material/1781353900785.ab345cd631e39721e60a692d523ab77c.mp4,0602-199双科-自产-自产二-王晶-巽阳-子衿-A3-B2-有-5-LJ,20260617,贾子矜,贾子矜,199元高中双科提分课,199元高中双科提分课,自投放,自有,自产原创,wangjiananbj03,0.03,0,0,0,7.5,0,0,0.00%,0.00%,-,0,0
ecdf7b1bc5aa6c036e749b96aeeb1551,-,-,-,-,-,https://tutor-online1.fbcontent.cn/growth/internal-material/1781080086917.ecdf7b1bc5aa6c036e749b96aeeb1551.mp4,0608-199双科-自产-自产主-王晶-亿晨-婷玉-A7-B5-有-7,20260617,吴婷玉,吴婷玉,199元高中双科提分课,199元高中双科提分课,自投放,自有,自产原创,wangjiananbj03,0.75,0,0,0,4.01,187.5,0,1.60%,0%,-,0,0
c267d45903734865758eed62cece63b7,-,-,-,-,-,https://tutor-online1.fbcontent.cn/growth/internal-material/1779702539164.c267d45903734865758eed62cece63b7.mp4,0520-199双科-自产-自产二-李博-视觉锤-雅迪-A5-B1-有-13,20260617,王雅迪,王雅迪,199元高中双科提分课,199元高中双科提分课,自投放,自有,自产原创,wangjiananbj03,5.07,0,0,0,153.64,0,0,0.00%,0.00%,-,0,0
ea6932e19f36fa972f018f6ed970805d,-,-,-,-,-,https://tutor-online1.fbcontent.cn/growth/internal-material/1781507729807.ea6932e19f36fa972f018f6ed970805d.mp4,0610-9物-自产-自产二-李博-巽阳-子衿-A6-B2-有-6-直播间-LL,20260617,贾子矜,贾子矜,9元高中物理李博,9元高中物理李博,申坤,自有,自产原创,wangruixuebj01,0.79,0,0,0,11.29,0,0,0.00%,0.00%,-,0,0
7d6a75fe60f9eea5bf187cc93a085d45,-,-,-,-,-,https://tutor-online1.fbcontent.cn/growth/internal-material/1781580787170.7d6a75fe60f9eea5bf187cc93a085d45.mp4,0610-9物-自产-自产二-李博-曲中雨-浩正-A5-B1-有-12,20260617,杜浩正,杜浩正,9元高中物理李博,9元高中物理李博,申坤,自有,自产原创,wangruixuebj01,0.92,0,0,0,23,0,0,0.00%,0.00%,-,0,0
fbad3696edebcfc3809fed8ce9c317f6,-,-,-,-,-,https://tutor-online1.fbcontent.cn/growth/internal-material/1777262135702.fbad3696edebcfc3809fed8ce9c317f6.mp4,0422-9物-自产-自产主-李博-曲中雨-子衿-A7-B1-有-14-前贴1,20260617,贾子矜,贾子矜,9元高中物理李博,9元高中物理李博,申坤,自有,自产原创,wangruixuebj01,0.96,0,0,0,50.53,960,0,5.26%,0%,-,0,0
df0c3a8dd88939a25d19b29c2002f0ec,-,-,-,-,-,https://tutor-online1.fbcontent.cn/growth/internal-material/1780984421202.df0c3a8dd88939a25d19b29c2002f0ec.mp4,0526-199双科-自产-自产主-王晶-亿晨-子衿-A5-B1-有-3,20260617,贾子矜,贾子矜,199元高中双科提分课,199元高中双科提分课,自投放,自有,自产原创,wangjiananbj03,0.9,0,0,0,6.25,900,0,2.08%,0%,-,0,0
6ffe0a09b0c3c55169630fc06bd1fd5d,-,-,-,-,-,https://tutor-online1.fbcontent.cn/growth/internal-material/1781503539022.6ffe0a09b0c3c55169630fc06bd1fd5d.mp4,0526-199双科-自产-自产主-王晶-亿晨-小敏-A6-B1-有-12,20260617,曲敏,曲敏,199元高中双科提分课,199元高中双科提分课,自投放,自有,自产原创,wangjiananbj03,0.31,0,0,0,8.61,0,0,2.78%,0%,-,0,0
790c307f0b9103a9d4ae05aba79d4f77,-,-,-,-,-,https://tutor-online1.fbcontent.cn/growth/internal-material/1780393699557.790c307f0b9103a9d4ae05aba79d4f77.mp4,0527-9物-自产-自产主-李博-曲中雨-子衿-A6-B2-有-4,20260617,贾子矜,贾子矜,9元高中物理李博,9元高中物理李博,申坤,自有,自产原创,wangruixuebj01,28.99,0,0,0,191.99,9663.33,0,1.99%,0%,-,0,0
7ec42ecd012722a1d3d74a4e59193643,-,-,-,-,-,https://tutor-online1.fbcontent.cn/growth/internal-material/1776416874646.7ec42ecd012722a1d3d74a4e59193643.mp4,0415-9物-自产-自产二-李博-曲中雨-子衿-A6-B1-有-13-前贴2,20260617,贾子矜,贾子矜,9元高中物理李博,9元高中物理李博,玄武,自有,自产原创,wangruixuebj01,0,0,0,0,0,0,0,0.00%,0.00%,-,0,0
a4612b72c6793f24248f4bbde512bf46,-,-,-,-,-,https://tutor-online1.fbcontent.cn/growth/internal-material/1781681454091.a4612b72c6793f24248f4bbde512bf46.mp4,0610-9物-自产-自产主-李博-视觉锤-雅迪-A5-B2-有-16,20260617,王雅迪,王雅迪,9元高中物理李博,9元高中物理李博,申坤,自有,自产原创,wangruixuebj01,0.05,0,0,0,25,0,0,0.00%,0.00%,-,0,0
859ea1a3c90c6721f6de45e83f0a882c,-,-,-,-,-,https://tutor-online1.fbcontent.cn/growth/internal-material/1780984420334.859ea1a3c90c6721f6de45e83f0a882c.mp4,0526-199双科-自产-自产主-王晶-亿晨-子衿-A7-B2-有-2,20260617,贾子矜,贾子矜,199元高中双科提分课,199元高中双科提分课,自投放,自有,自产原创,wangjiananbj03,12.76,0,0,0,18.76,1063.33,0,2.06%,0%,-,0,0
2b57f3f7b38f17b4e162e73ff4715389,-,-,-,-,-,https://tutor-online1.fbcontent.cn/growth/internal-material/1780393695558.2b57f3f7b38f17b4e162e73ff4715389.mp4,0527-9物-自产-自产主-李博-曲中雨-子衿-A6-B2-无-4,20260617,贾子矜,贾子矜,9元高中物理李博,9元高中物理李博,申坤,自有,自产原创,wangruixuebj01,34.92,9,1,0.26,24.18,17460,34.92,0.14%,50.00%,-,0.69,4500
46783fc1f030204e7b29ad97fa89c2d0,-,-,-,-,-,https://tutor-online1.fbcontent.cn/growth/internal-material/1781082698836.46783fc1f030204e7b29ad97fa89c2d0.mp4,0604-状元笔记-自产-混剪--曲中雨-嘉丽---有-3,20260617,魏嘉丽,魏嘉丽,高中手写笔记,高中手写笔记,自投放,自有,自产原创,wangjiananbj03,126.49,0,0,0,151.49,0,0,23.47%,0%,-,0,0
94190db6af096480040b2b312b4511bc,-,-,-,-,-,https://tutor-online1.fbcontent.cn/growth/internal-material/1778666025083.94190db6af096480040b2b312b4511bc.mp4,0508-199双科-自产-自产主-李博-曲中雨-子衿-A6-B1-无-6,20260617,贾子矜,贾子矜,199元高中双科提分课,199元高中双科提分课,自投放,自有,自产原创,wangjiananbj03,0,0,0,0,0,0,0,0.00%,0.00%,-,0,0
01a435819c48499543ac58eb5fa4c78d,-,-,-,-,-,https://tutor-online1.fbcontent.cn/growth/internal-material/1779706245887.01a435819c48499543ac58eb5fa4c78d.mp4,0520-199双科-自产-自产二-李博-曲中雨-子衿-A6-B1-有-3,20260617,贾子矜,贾子矜,199元高中双科提分课,199元高中双科提分课,自投放,自有,自产原创,wangjiananbj03,43.99,0,0,0,36.84,3383.85,0,1.26%,0%,-,0,0
d8b8b4730be89378f60d527c9bf7a00d,-,-,-,-,-,https://tutor-online1.fbcontent.cn/growth/internal-material/1781093591451.d8b8b4730be89378f60d527c9bf7a00d.mp4,6月4日 (3)(5),20260617,贾子矜,贾子矜,199元高中双科提分课,199元高中双科提分课,自投放,自有,自产原创,wangjiananbj03,0.51,0,0,0,6.3,510,0,1.23%,0%,-,0,0
fc9c7b3d0b362bf3fc8da2fcc6217894,-,-,-,-,-,https://tutor-online1.fbcontent.cn/growth/internal-material/1777262046802.fc9c7b3d0b362bf3fc8da2fcc6217894.mp4,0422-9物-自产-自产二-李博-曲中雨-子衿-A7-B1-有-14-前贴4,20260617,贾子矜,贾子矜,9元高中物理李博,9元高中物理李博,申坤,自有,自产原创,wangruixuebj01,22.83,0,0,0,62.04,3805,0,1.90%,0%,-,0,0
573f35541f5b0eb02be2d76227648d3b,-,-,-,-,-,https://tutor-online1.fbcontent.cn/growth/internal-material/1781580816189.573f35541f5b0eb02be2d76227648d3b.mp4,0527-9物-自产-自产主-李博-曲中雨-浩正-A5-B1-无-14,20260617,杜浩正,杜浩正,9元高中物理李博,9元高中物理李博,申坤,自有,自产原创,wangruixuebj01,2.47,0,0,0,145.29,2470,0,11.76%,0%,-,0,0
7ac9d027753f52ab64de447f808a15e7,-,-,-,-,-,https://tutor-online1.fbcontent.cn/growth/internal-material/1781340108245.7ac9d027753f52ab64de447f808a15e7.mp4,0611-状元笔记-自产-自产主--视觉锤-雅迪-A5-B2-有-20,20260617,王雅迪,王雅迪,高中手写笔记,高中手写笔记,自投放,自有,自产原创,wangjiananbj03,0.02,0,0,0,10,0,0,0.00%,0.00%,-,0,0
43d5c5bfe250c95bb64ca03d5eb16732,-,-,-,-,-,https://tutor-online1.fbcontent.cn/growth/internal-material/1781582189058.43d5c5bfe250c95bb64ca03d5eb16732.mp4,0610-9物-自产-自产二-李博-视觉锤-雅迪-A5-B2-无-18,20260617,王雅迪,王雅迪,9元高中物理李博,9元高中物理李博,申坤,自有,自产原创,wangruixuebj01,14.53,0,0,0,139.71,14530,0,0.96%,0%,-,0,0
c597e9c2879ccd3563ee9c9448ca97a3,-,-,-,-,-,https://tutor-online1.fbcontent.cn/growth/internal-material/1781082699050.c597e9c2879ccd3563ee9c9448ca97a3.mp4,0604-状元笔记-自产-混剪--曲中雨-嘉丽---有-1,20260617,魏嘉丽,魏嘉丽,高中手写笔记,高中手写笔记,自投放,自有,自产原创,wangjiananbj03,23.03,0,0,0,22.04,0,0,1.34%,0%,-,0,0
16451827f3f8ff352f78b0582401871e,-,-,-,-,-,https://tutor-online1.fbcontent.cn/growth/internal-material/1781507603458.16451827f3f8ff352f78b0582401871e.mp4,0610-9物-自产-自产二-李博-巽阳-子衿-A5-B2-无-1-SY,20260617,贾子矜,贾子矜,9元高中物理李博,9元高中物理李博,申坤,自有,自产原创,wangruixuebj01,6.41,0,0,0,70.44,6410,0,1.10%,0%,-,0,0
cd717182e6a4b1474fda4ed77bca8ad5,-,-,-,-,-,https://tutor-online1.fbcontent.cn/growth/internal-material/1780918129647.cd717182e6a4b1474fda4ed77bca8ad5.mp4,0520-199双科-自产-自产主-李博-曲中雨-浩正-A5-B2-无-6,20260617,杜浩正,韩晨国,199元高中双科提分课,199元高中双科提分课,自投放,自有,自产原创,wangjiananbj03,0.07,0,0,0,7.78,0,0,0.00%,0.00%,-,0,0
156b9e7d09bcf69a654a088db90fd7d0,-,-,-,-,-,https://tutor-online1.fbcontent.cn/growth/internal-material/1781681454055.156b9e7d09bcf69a654a088db90fd7d0.mp4,0610-9物-自产-自产主-李博-视觉锤-雅迪-A5-B1-无-20,20260617,王雅迪,王雅迪,9元高中物理李博,9元高中物理李博,申坤,自有,自产原创,wangruixuebj01,0.01,0,0,0,5,0,0,0.00%,0.00%,-,0,0
94a9716c21d134442dc7400029c76b5c,-,-,-,-,-,https://tutor-online1.fbcontent.cn/growth/internal-material/1780656482857.94a9716c21d134442dc7400029c76b5c.mp4,0603-9物-自产-自产主-李博-视觉锤-浩正-A5-B1-有-15,20260617,杜浩正,杜浩正,9元高中物理李博,9元高中物理李博,申坤,自有,自产原创,wangruixuebj01,0.27,0,0,0,90,0,0,0.00%,0.00%,-,0,0
fe39010b97258499cb317dc990b5203a,-,-,-,-,-,https://tutor-online1.fbcontent.cn/growth/internal-material/1781507076487.fe39010b97258499cb317dc990b5203a.mp4,0610-9物-自产-自产主-李博-曲中雨-子衿-A6-B1-有-10,20260617,贾子矜,贾子矜,9元高中物理李博,9元高中物理李博,申坤,自有,自产原创,wangruixuebj01,2.19,0,0,0,121.67,0,0,0.00%,0.00%,-,0,0
c09633714244b97fef44cea2ddecf6d0,-,-,-,-,-,https://tutor-online1.fbcontent.cn/growth/internal-material/1781082698490.c09633714244b97fef44cea2ddecf6d0.mp4,0604-状元笔记-自产-混剪--曲中雨-嘉丽---有-2,20260617,魏嘉丽,魏嘉丽,高中手写笔记,高中手写笔记,自投放,自有,自产原创,wangjiananbj03,0.01,0,0,0,10,0,0,0.00%,0.00%,-,0,0
b49f6df3079d47ae88afb68b055e186e,-,-,-,-,-,https://tutor-online1.fbcontent.cn/growth/internal-material/1780983143488.b49f6df3079d47ae88afb68b055e186e.mp4,6月4日 (3)(9),20260617,贾子矜,贾子矜,199元高中双科提分课,199元高中双科提分课,自投放,自有,自产原创,wangjiananbj03,2.41,0,0,0,45.47,0,0,0.00%,0.00%,-,0,0
7eda4934e24f422c0dfcd42f6597fe93,-,-,-,-,-,https://tutor-online1.fbcontent.cn/growth/internal-material/1780916667577.7eda4934e24f422c0dfcd42f6597fe93.mp4,0603-9物-自产-自产主-李博-曲中雨-子衿-A7-B1-无-7-直播间,20260617,贾子矜,贾子矜,9元高中物理李博,9元高中物理李博,申坤,自有,自产原创,wangruixuebj01,18.82,0,0,0,190.1,4705,0,4.04%,0%,-,0,0
cf5f02a96d4df9db0459841e52192096,-,-,-,-,-,https://tutor-online1.fbcontent.cn/growth/internal-material/1779706282111.cf5f02a96d4df9db0459841e52192096.mp4,0520-199双科-自产-自产主-李博-曲中雨-子衿-A6-B1-有-3,20260617,贾子矜,贾子矜,199元高中双科提分课,199元高中双科提分课,自投放,自有,自产原创,wangjiananbj03,13.04,0,0,0,23.58,1630,0,1.63%,0%,-,0,0
ea9bff779a7e11fb3ad1c7a0e173ee76,-,-,-,-,-,https://tutor-online1.fbcontent.cn/growth/internal-material/1780394012088.ea9bff779a7e11fb3ad1c7a0e173ee76.mp4,0527-9物-自产-自产主-李博-曲中雨-子衿-A5-B2-有-7-直播间,20260617,贾子矜,贾子矜,9元高中物理李博,9元高中物理李博,申坤,自有,自产原创,wangruixuebj01,173.84,0,0,0,246.93,34768,0,1.42%,0%,-,0,0
dc734cc62e0a9075c99ca273be6ce2fa,-,-,-,-,-,https://tutor-online1.fbcontent.cn/growth/internal-material/1781507074659.dc734cc62e0a9075c99ca273be6ce2fa.mp4,0610-9物-自产-自产主-李博-曲中雨-子衿-A6-B1-无-10,20260617,贾子矜,贾子矜,9元高中物理李博,9元高中物理李博,申坤,自有,自产原创,wangruixuebj01,1.02,0,0,0,53.68,0,0,0.00%,0.00%,-,0,0
38921a927c1b824a74bb685391367c5a,-,-,-,-,-,https://tutor-online1.fbcontent.cn/growth/internal-material/1781082100493.38921a927c1b824a74bb685391367c5a.mp4,0603-9物-自产-自产二-李博-巽阳-子衿-A6-B1-有-10-WQ-直播间,20260617,贾子矜,贾子矜,9元高中物理李博,9元高中物理李博,申坤,自有,自产原创,wangruixuebj01,19.96,0,0,0,144.64,3992,0,2.90%,0%,-,0,0
714bd664eec22063915f7de5ae4ff1ea,-,-,-,-,-,https://tutor-online1.fbcontent.cn/growth/internal-material/1781600701281.714bd664eec22063915f7de5ae4ff1ea.mp4,0603-9物-自产-自产二-李博-巽阳-子衿-A3-B1-无-4-WQ-直播间,20260617,贾子矜,韩晨国,9元高中物理李博,9元高中物理李博,申坤,自有,自产原创,wangruixuebj01,0.01,0,0,0,1.67,0,0,0.00%,0.00%,-,0,0
668ab47be5e8830b0b693eadaf5e1b85,-,-,-,-,-,https://tutor-online1.fbcontent.cn/growth/internal-material/1781079684488.668ab47be5e8830b0b693eadaf5e1b85.mp4,0604-状元笔记-自产-混剪--曲中雨-婷玉---无-27,20260617,吴婷玉,吴婷玉,高中手写笔记,高中手写笔记,自投放,自有,自产原创,wangjiananbj03,0.19,0,0,0,9.05,0,0,0.00%,0.00%,-,0,0
0ea09d7fd7f491f894cc3811cf768484,-,-,-,-,-,https://tutor-online1.fbcontent.cn/growth/internal-material/1780917864500.0ea09d7fd7f491f894cc3811cf768484.mp4,0513-199双科-自产-自产二-李博-曲中雨-嘉丽-A7-B1-有-35,20260617,魏嘉丽,韩晨国,199元高中双科提分课,199元高中双科提分课,自投放,自有,自产原创,wangjiananbj03,30.52,0,0,0,227.76,0,0,6.72%,0%,-,0,0
cc14e6c301f4e319942eac3e9f5965ec,-,-,-,-,-,https://tutor-online1.fbcontent.cn/growth/internal-material/1781517228137.cc14e6c301f4e319942eac3e9f5965ec.mp4,0611-199双科-自产-自产二-王晶-曲中雨-婷玉-A6-B3-有-19,20260617,吴婷玉,吴婷玉,199元高中双科提分课,199元高中双科提分课,自投放,自有,自产原创,wangjiananbj03,0.01,0,0,0,5,0,0,50.00%,0%,-,0,0
5dbbd449de8ecc514608e8d50f859f48,-,-,-,-,-,https://tutor-online1.fbcontent.cn/growth/internal-material/1781507075180.5dbbd449de8ecc514608e8d50f859f48.mp4,0610-9物-自产-自产主-李博-曲中雨-子衿-A5-B2-无-1,20260617,贾子矜,贾子矜,9元高中物理李博,9元高中物理李博,申坤,自有,自产原创,wangruixuebj01,2.17,0,0,0,77.5,0,0,7.14%,0%,-,0,0
7384ab7b87e63207537002873fe823fe,-,-,-,-,-,https://tutor-online1.fbcontent.cn/growth/internal-material/1781580787207.7384ab7b87e63207537002873fe823fe.mp4,0610-9物-自产-自产二-李博-曲中雨-浩正-A5-B1-有-13,20260617,杜浩正,杜浩正,9元高中物理李博,9元高中物理李博,申坤,自有,自产原创,wangruixuebj01,0.01,0,0,0,1.11,0,0,0.00%,0.00%,-,0,0
672a7dd76553c5b2539db58ae3651101,-,-,-,-,-,https://tutor-online1.fbcontent.cn/growth/internal-material/1778649245942.672a7dd76553c5b2539db58ae3651101.mp4,0508-199双科-自产-自产二-李博-视觉锤-雅迪-A5-B1-无-16,20260617,王雅迪,王雅迪,199元高中双科提分课,199元高中双科提分课,自投放,自有,自产原创,wangjiananbj03,27.51,0,0,0,39.41,4585,0,0.72%,0%,-,0,0
dd3ea2226d464a6dc50bde491a781322,-,-,-,-,-,https://tutor-online1.fbcontent.cn/growth/internal-material/1779427695718.dd3ea2226d464a6dc50bde491a781322.mp4,0512-199双科-自产-自产二-王晶-曲中雨-雅迪---无-10,20260617,王雅迪,王雅迪,199元高中双科提分课,199元高中双科提分课,自投放,自有,自产原创,wangjiananbj03,0,0,0,0,0,0,0,0.00%,0.00%,-,0,0
e77a0a04d0f85c80c3b0eb2f65941b52,-,-,-,-,-,https://tutor-online1.fbcontent.cn/growth/internal-material/1781580789227.e77a0a04d0f85c80c3b0eb2f65941b52.mp4,0610-9物-自产-自产二-李博-曲中雨-浩正-A5-B1-有-14,20260617,杜浩正,杜浩正,9元高中物理李博,9元高中物理李博,申坤,自有,自产原创,wangruixuebj01,1.12,0,0,0,21.13,0,0,0.00%,0.00%,-,0,0
742bb10b5dfc8caff044c6811d93d7ee,-,-,-,-,-,https://tutor-online1.fbcontent.cn/growth/internal-material/1777262140189.742bb10b5dfc8caff044c6811d93d7ee.mp4,0422-9物-自产-自产主-李博-曲中雨-子衿-A7-B1-有-14-前贴2,20260617,贾子矜,贾子矜,9元高中物理李博,9元高中物理李博,申坤,自有,自产原创,wangruixuebj01,48.78,0,0,0,178.03,16260,0,1.82%,0%,-,0,0
2062a0e754be34f1542e290360d86e44,-,-,-,-,-,https://tutor-online1.fbcontent.cn/growth/internal-material/1780393989328.2062a0e754be34f1542e290360d86e44.mp4,0527-9物-自产-自产主-李博-曲中雨-子衿-A5-B2-无-7-直播间,20260617,贾子矜,贾子矜,9元高中物理李博,9元高中物理李博,申坤,自有,自产原创,wangruixuebj01,51.38,0,0,0,104.86,25690,0,0.61%,0%,-,0,0
48c2e1887d853dce569a80477ddfd270,-,-,-,-,-,https://tutor-online1.fbcontent.cn/growth/internal-material/1781579956763.48c2e1887d853dce569a80477ddfd270.mp4,0610-199双科-自产-自产二-李博-视觉锤-子衿-A3-B1-无-3(1),20260617,贾子矜,贾子矜,199元高中双科提分课,199元高中双科提分课,自投放,自有,自产原创,wangjiananbj03,452.25,398,2,0.88,455.44,56531.25,226.13,2.32%,8.70%,-,2.01,49750
375803d2e180d3623e008ef912ded9a4,-,-,-,-,-,https://tutor-online1.fbcontent.cn/growth/internal-material/1781582190877.375803d2e180d3623e008ef912ded9a4.mp4,0610-9物-自产-自产二-李博-视觉锤-雅迪-A5-B1-无-20,20260617,王雅迪,王雅迪,9元高中物理李博,9元高中物理李博,申坤,自有,自产原创,wangruixuebj01,0.12,0,0,0,6,120,0,5.00%,0%,-,0,0
03e03a75fef994589671d8ce0474d994,-,-,-,-,-,https://tutor-online1.fbcontent.cn/growth/internal-material/1779706310141.03e03a75fef994589671d8ce0474d994.mp4,0520-199双科-自产-自产主-李博-曲中雨-子衿-A6-B2-有-1,20260617,贾子矜,贾子矜,199元高中双科提分课,199元高中双科提分课,自投放,自有,自产原创,wangjiananbj03,92.6,199,1,2.15,85.27,8418.18,92.6,1.38%,6.67%,-,0.92,18090.91
a033197e33f34a1b8a69d044a10a1ddb,-,-,-,-,-,https://tutor-online1.fbcontent.cn/growth/internal-material/1780656483759.a033197e33f34a1b8a69d044a10a1ddb.mp4,0603-9物-自产-自产主-李博-视觉锤-浩正-A5-B1-有-11,20260617,杜浩正,杜浩正,9元高中物理李博,9元高中物理李博,申坤,自有,自产原创,wangruixuebj01,22.88,0,0,0,144.81,5720,0,1.27%,0%,-,0,0
e24cad5191022ce90771bcfa4f7c2115,-,-,-,-,-,https://tutor-online1.fbcontent.cn/growth/internal-material/1781507605343.e24cad5191022ce90771bcfa4f7c2115.mp4,0610-9物-自产-自产二-李博-巽阳-子衿-A6-B1-无-10-SY,20260617,贾子矜,贾子矜,9元高中物理李博,9元高中物理李博,申坤,自有,自产原创,wangruixuebj01,1.84,0,0,0,153.33,0,0,0.00%,0.00%,-,0,0
ed614a2eb44b5fe0176d925f46bd2a80,-,-,-,-,-,https://tutor-online1.fbcontent.cn/growth/internal-material/1780984420344.ed614a2eb44b5fe0176d925f46bd2a80.mp4,0526-199双科-自产-自产二-王晶-亿晨-子衿-A7-B2-有-2,20260617,贾子矜,贾子矜,199元高中双科提分课,199元高中双科提分课,自投放,自有,自产原创,wangjiananbj03,12.47,0,0,0,34.35,959.23,0,3.03%,0%,-,0,0
707efb21fc037c91d38b3a9b506fef72,-,-,-,-,-,https://tutor-online1.fbcontent.cn/growth/internal-material/1779278231083.707efb21fc037c91d38b3a9b506fef72.mp4,0513-199双科-自产-自产主-李博-视觉锤-雅迪-A5-B1B4-无-16,20260617,王雅迪,王雅迪,199元高中双科提分课,199元高中双科提分课,自投放,自有,自产原创,wangjiananbj03,6.17,0,0,0,84.52,0,0,0.00%,0.00%,-,0,0
9a7c32b2ed684da8a233eaa89db19ae5,-,-,-,-,-,https://tutor-online1.fbcontent.cn/growth/internal-material/1780061372514.9a7c32b2ed684da8a233eaa89db19ae5.mp4,0514-199双科-自产-自产主-王晶-曲中雨-浩正-A2-B2-无-10,20260617,杜浩正,韩晨国,199元高中双科提分课,199元高中双科提分课,自投放,自有,自产原创,wangjiananbj03,4.25,0,0,0,47.22,0,0,2.22%,0%,-,0,0
36e69be0f75794bad59e4a0a4c447e16,-,-,-,-,-,https://tutor-online1.fbcontent.cn/growth/internal-material/1781002944937.36e69be0f75794bad59e4a0a4c447e16.mp4,0603-9物-自产-自产主-李博-视觉锤-雅迪-A5-B1B4-有-19,20260617,王雅迪,王雅迪,9元高中物理李博,9元高中物理李博,申坤,自有,自产原创,wangruixuebj01,0.42,0,0,0,15,0,0,0.00%,0.00%,-,0,0
7618381c53d6fb28cf215b0ab5209c85,-,-,-,-,-,https://tutor-online1.fbcontent.cn/growth/internal-material/1776416876385.7618381c53d6fb28cf215b0ab5209c85.mp4,0415-9物-自产-自产二-李博-曲中雨-子衿-A5-B3B4-无-15,20260617,贾子矜,贾子矜,9元高中物理李博,9元高中物理李博,玄武,自有,自产原创,wangruixuebj01,177.92,0,0,0,160.58,19768.89,0,1.08%,0%,-,0,0
b22480ac2f470f56e33aac1e2cf2c403,-,-,-,-,-,https://tutor-online1.fbcontent.cn/growth/internal-material/1775810396949.b22480ac2f470f56e33aac1e2cf2c403.mp4,0317-199物-自产-自产二-李博-曲中雨-浩正--B2-有-19,20260617,杜浩正,杜浩正,199元高中双科提分课,199元高中双科提分课,自投放,自有,自产原创,wangjiananbj03,317.14,0,0,0,174.44,45305.71,0,0.94%,0%,-,0,0
60fda511de23511be14bbd8d8186fc12,-,-,-,-,-,https://tutor-online1.fbcontent.cn/growth/internal-material/1778581745046.60fda511de23511be14bbd8d8186fc12.mp4,0508-199双科-自产-自产主-李博-视觉锤-雅迪-A5-B1-无-17,20260617,王雅迪,王雅迪,199元高中双科提分课,199元高中双科提分课,自投放,自有,自产原创,wangjiananbj03,71.29,0,0,0,98.47,7129,0,2.35%,0%,-,0,0
189e0b988ff1644c3d01bec06c6f01b5,-,-,-,-,-,https://tutor-online1.fbcontent.cn/growth/internal-material/1781082699558.189e0b988ff1644c3d01bec06c6f01b5.mp4,0604-状元笔记-自产-混剪--曲中雨-嘉丽---有-5,20260617,魏嘉丽,魏嘉丽,高中手写笔记,高中手写笔记,自投放,自有,自产原创,wangjiananbj03,524.8,0,0,0,79.9,0,0,12.53%,0%,-,0,0
0dfe3f10afb06600da1f570e20be1bfb,-,-,-,-,-,https://tutor-online1.fbcontent.cn/growth/internal-material/1779706246666.0dfe3f10afb06600da1f570e20be1bfb.mp4,0520-199双科-自产-自产二-李博-曲中雨-子衿-A5-B2-无-4,20260617,贾子矜,贾子矜,199元高中双科提分课,199元高中双科提分课,自投放,自有,自产原创,wangjiananbj03,121.86,0,0,0,161.62,17408.57,0,1.19%,0%,-,0,0
3f6173ca3ad5f1c96c5ead5e1f7017a0,-,-,-,-,-,https://tutor-online1.fbcontent.cn/growth/internal-material/1774350566741.3f6173ca3ad5f1c96c5ead5e1f7017a0.mp4,0319-9物-自产-自产二-李博-巽阳-子衿---有-29-前贴2,20260617,贾子矜,贾子矜,9元高中物理李博,9元高中物理李博,玄武,自有,自产原创,wangruixuebj01,67.17,0,0,0,281.05,22390,0,1.26%,0%,-,0,0
e1f080fdd0bb5e9771fae913bd23c5fe,-,-,-,-,-,https://tutor-online1.fbcontent.cn/growth/internal-material/1780656483064.e1f080fdd0bb5e9771fae913bd23c5fe.mp4,0603-9物-自产-自产主-李博-视觉锤-浩正-A5-B1-无-14,20260617,杜浩正,杜浩正,9元高中物理李博,9元高中物理李博,申坤,自有,自产原创,wangruixuebj01,0.34,0,0,0,48.57,340,0,14.29%,0%,-,0,0
efcd751fa7027ec28a5cdfd1318b78e1,-,-,-,-,-,https://tutor-online1.fbcontent.cn/growth/internal-material/1781080054755.efcd751fa7027ec28a5cdfd1318b78e1.mp4,0608-199双科-自产-自产二-王晶-亿晨-婷玉-A1-B4B5-无-6,20260617,吴婷玉,吴婷玉,199元高中双科提分课,199元高中双科提分课,自投放,自有,自产原创,wangjiananbj03,0,0,0,0,0,0,0,0.00%,0.00%,-,0,0
a452d5447e19882487294d6ba035c8a0,-,-,-,-,-,https://tutor-online1.fbcontent.cn/growth/internal-material/1781580853379.a452d5447e19882487294d6ba035c8a0.mp4,0610-9物-自产-自产主-李博-曲中雨-浩正-A5-B1-有-11,20260617,杜浩正,杜浩正,9元高中物理李博,9元高中物理李博,申坤,自有,自产原创,wangruixuebj01,2.54,0,0,0,56.44,0,0,0.00%,0.00%,-,0,0
6f2bb1d4e679b6897f83952f96ada07e,-,-,-,-,-,https://tutor-online1.fbcontent.cn/growth/internal-material/1780394024136.6f2bb1d4e679b6897f83952f96ada07e.mp4,0527-9物-自产-自产主-李博-曲中雨-子衿-A6-B1-有-1-直播间,20260617,贾子矜,贾子矜,9元高中物理李博,9元高中物理李博,申坤,自有,自产原创,wangruixuebj01,0.35,0,0,0,38.89,0,0,0.00%,0.00%,-,0,0
816008d34289130b86ae1cbc4089fadb,-,-,-,-,-,https://tutor-online1.fbcontent.cn/growth/internal-material/1781507603914.816008d34289130b86ae1cbc4089fadb.mp4,0610-9物-自产-自产二-李博-巽阳-子衿-A3-B1-无-4-直播间-LL,20260617,贾子矜,贾子矜,9元高中物理李博,9元高中物理李博,申坤,自有,自产原创,wangruixuebj01,9.91,0,0,0,180.18,0,0,0.00%,0.00%,-,0,0
72f97867842e4213d6a2e317d121163c,-,-,-,-,-,https://tutor-online1.fbcontent.cn/growth/internal-material/1780984421539.72f97867842e4213d6a2e317d121163c.mp4,0526-199双科-自产-自产二-王晶-亿晨-子衿-A5-B1-有-3,20260617,贾子矜,贾子矜,199元高中双科提分课,199元高中双科提分课,自投放,自有,自产原创,wangjiananbj03,22.15,0,0,0,43.01,3164.29,0,1.55%,0%,-,0,0
e4eb548018a47b3995f4f99168c5d9be,-,-,-,-,-,https://tutor-online1.fbcontent.cn/growth/internal-material/1781002944574.e4eb548018a47b3995f4f99168c5d9be.mp4,0603-9物-自产-自产主-李博-视觉锤-雅迪-A5-B1-有-20,20260617,王雅迪,王雅迪,9元高中物理李博,9元高中物理李博,申坤,自有,自产原创,wangruixuebj01,7.62,0,0,0,70.56,0,0,0.93%,0%,-,0,0
8bc16e5c9ced7c5fa0e08ddb79f10841,-,-,-,-,-,https://tutor-online1.fbcontent.cn/growth/internal-material/1780397830905.8bc16e5c9ced7c5fa0e08ddb79f10841.mp4,0527-9物-自产-自产主-李博-曲中雨-浩正-A5-B1-无-15-直播间,20260617,杜浩正,杜浩正,9元高中物理李博,9元高中物理李博,申坤,自有,自产原创,wangruixuebj01,29.98,0,0,0,77.07,14990,0,0.51%,0%,-,0,0
390cf9cb679d1778aebb9ce53196b68e,-,-,-,-,-,https://tutor-online1.fbcontent.cn/growth/internal-material/1778581745118.390cf9cb679d1778aebb9ce53196b68e.mp4,0508-199双科-自产-自产主-李博-视觉锤-雅迪-A5-B1-无-15,20260617,王雅迪,王雅迪,199元高中双科提分课,199元高中双科提分课,自投放,自有,自产原创,wangjiananbj03,7.03,0,0,0,47.18,0,0,0.67%,0%,-,0,0
f2d48b10ae87b9e93fc6d9631f868df7,-,-,-,-,-,https://tutor-online1.fbcontent.cn/growth/internal-material/1778246089002.f2d48b10ae87b9e93fc6d9631f868df7.mp4,0408-199双科-自产-自产主-李博-曲中雨-浩正-A2-B2-有-6,20260617,杜浩正,韩晨国,199元高中双科提分课,199元高中双科提分课,自投放,自有,自产原创,wangjiananbj03,3.52,0,0,0,125.71,0,0,14.29%,0%,-,0,0
ed614a2eb44b5fe0176d925f46bd2a80,-,-,-,-,-,https://tutor-online1.fbcontent.cn/growth/internal-material/1780984420344.ed614a2eb44b5fe0176d925f46bd2a80.mp4,0526-199双科-自产-自产二-王晶-亿晨-子衿-A7-B2-有-2,20260617,贾子矜,贾子矜,199元高中双科提分课,199元高中双科提分课,自投放,自有,自产原创,wangjiananbj03,3.32,0,0,0,39.06,0,0,0.00%,0.00%,-,0,0
8bcdb128219d46e8c72428a69157940b,-,-,-,-,-,https://tutor-online1.fbcontent.cn/growth/internal-material/1779706246544.8bcdb128219d46e8c72428a69157940b.mp4,0520-199双科-自产-自产二-李博-曲中雨-子衿-A5-B1-有-5,20260617,贾子矜,贾子矜,199元高中双科提分课,199元高中双科提分课,自投放,自有,自产原创,wangjiananbj03,0.71,0,0,0,11.45,0,0,0.00%,0.00%,-,0,0
1e9e0c8ad904fd211cd5a4d5b4fd22b3,-,-,-,-,-,https://tutor-online1.fbcontent.cn/growth/internal-material/1778667029281.1e9e0c8ad904fd211cd5a4d5b4fd22b3.mp4,0423-199双科-自产-自产二-李博-曲中雨-子衿-A7-B1-无-23,20260617,贾子矜,贾子矜,199元高中双科提分课,199元高中双科提分课,自投放,自有,自产原创,wangjiananbj03,168.37,0,0,0,295.39,84185,0,1.05%,0%,-,0,0
5a6b5100cc89ff355027bcd25edd11bd,-,-,-,-,-,https://tutor-online1.fbcontent.cn/growth/internal-material/1779706273740.5a6b5100cc89ff355027bcd25edd11bd.mp4,0520-199双科-自产-自产主-李博-曲中雨-子衿-A5-B2-有-4,20260617,贾子矜,贾子矜,199元高中双科提分课,199元高中双科提分课,自投放,自有,自产原创,wangjiananbj03,145.83,0,0,0,229.29,20832.86,0,5.50%,0%,-,0,0
9c24810c40acfa7fc33e074f18a9eed9,-,-,-,-,-,https://tutor-online1.fbcontent.cn/growth/internal-material/1781517229226.9c24810c40acfa7fc33e074f18a9eed9.mp4,0611-199双科-自产-自产二-王晶-曲中雨-婷玉-A2-B5-无-15,20260617,吴婷玉,吴婷玉,199元高中双科提分课,199元高中双科提分课,自投放,自有,自产原创,wangjiananbj03,0,0,0,0,0,0,0,0.00%,0%,-,0,0
8e653b67b0bc1be5177ed7e438555d3d,-,-,-,-,-,https://tutor-online1.fbcontent.cn/growth/internal-material/1781079699040.8e653b67b0bc1be5177ed7e438555d3d.mp4,0604-状元笔记-自产-混剪-曲中雨-婷玉---无-26,20260617,吴婷玉,吴婷玉,高中手写笔记,高中手写笔记,自投放,自有,自产原创,wangjiananbj03,0.03,0,0,0,6,0,0,0.00%,0.00%,-,0,0
884e9a41a94c31ffc5b5598a97f67c8c,-,-,-,-,-,https://tutor-online1.fbcontent.cn/growth/internal-material/1780394060654.884e9a41a94c31ffc5b5598a97f67c8c.mp4,0527-9物-自产-自产主-李博-曲中雨-子衿-A7-B2-有-6,20260617,贾子矜,贾子矜,9元高中物理李博,9元高中物理李博,申坤,自有,自产原创,wangruixuebj01,1.05,0,0,0,29.17,0,0,0.00%,0.00%,-,0,0
4cc8fcf55cda7ade1c2294936a78e254,-,-,-,-,-,https://tutor-online1.fbcontent.cn/growth/internal-material/1780656484642.4cc8fcf55cda7ade1c2294936a78e254.mp4,0603-9物-自产-自产主-李博-视觉锤-浩正-A5-B1-有-13,20260617,杜浩正,杜浩正,9元高中物理李博,9元高中物理李博,申坤,自有,自产原创,wangruixuebj01,3.04,0,0,0,116.92,3040,0,3.85%,0%,-,0,0
bcf5a31f5b5ab6a9bd5cb8b92c0b804a,-,-,-,-,-,https://tutor-online1.fbcontent.cn/growth/internal-material/1776753916233.bcf5a31f5b5ab6a9bd5cb8b92c0b804a.mp4,0211-9物-自产-自产二-李博-曲中雨-子衿-A6-B2B3B5-有-1,20260617,贾子矜,韩晨国,9元高中物理李博,9元高中物理李博,申坤,自有,自产原创,wangruixuebj01,3.68,0,0,0,52.57,0,0,2.86%,0%,-,0,0
3a324750384c341ebf397fddbb5df587,-,-,-,-,-,https://tutor-online1.fbcontent.cn/growth/internal-material/1781090317115.3a324750384c341ebf397fddbb5df587.mp4,0603-199双科-自产-自产二-李博-视觉锤-嘉丽-A5-B1-有-14,20260617,魏嘉丽,魏嘉丽,199元高中双科提分课,高中手写笔记,自投放,自有,自产原创,wangjiananbj03,30.69,0,0,0,132.28,10230,0,2.59%,0%,-,0,0
bade6165cb52a72a1cd51e7e4c00b62d,-,-,-,-,-,https://tutor-online1.fbcontent.cn/growth/internal-material/1781002942909.bade6165cb52a72a1cd51e7e4c00b62d.mp4,0603-9物-自产-自产主-李博-视觉锤-雅迪-A5-B2-无-16,20260617,王雅迪,王雅迪,9元高中物理李博,9元高中物理李博,申坤,自有,自产原创,wangruixuebj01,30.75,0,0,0,37.78,30750,0,1.23%,0%,-,0,0
3a4a64509ad557233d892670d4962b0c,-,-,-,-,-,https://tutor-online1.fbcontent.cn/growth/internal-material/1781582189139.3a4a64509ad557233d892670d4962b0c.mp4,0610-9物-自产-自产二-李博-视觉锤-雅迪-A5-B1B4-无-19,20260617,王雅迪,王雅迪,9元高中物理李博,9元高中物理李博,申坤,自有,自产原创,wangruixuebj01,6.4,0,0,0,118.52,3200,0,1.85%,0%,-,0,0
ba412ac38b090f89c09e635200c909b5,-,-,-,-,-,https://tutor-online1.fbcontent.cn/growth/internal-material/1780906798911.ba412ac38b090f89c09e635200c909b5.mp4,0603-9物-自产-自产主-李博-曲中雨-子衿-A5-B1-无-2-直播间,20260617,贾子矜,贾子矜,9元高中物理李博,9元高中物理李博,申坤,自有,自产原创,wangruixuebj01,1.18,0,0,0,21.85,0,0,1.85%,0%,-,0,0
66da32cadf5c4bc33d5c17316941d1af,-,-,-,-,-,https://tutor-online1.fbcontent.cn/growth/internal-material/1781507603374.66da32cadf5c4bc33d5c17316941d1af.mp4,0610-9物-自产-自产二-李博-巽阳-子衿-A7-B1-无-7-直播间-LL,20260617,贾子矜,贾子矜,9元高中物理李博,9元高中物理李博,申坤,自有,自产原创,wangruixuebj01,17.07,0,0,0,91.77,0,0,2.15%,0%,-,0,0
49a2d27db942f6da236697f80fd89d47,-,-,-,-,-,https://tutor-online1.fbcontent.cn/growth/internal-material/1781507080122.49a2d27db942f6da236697f80fd89d47.mp4,0610-9物-自产-自产主-李博-曲中雨-子衿-A6-B2-无-3,20260617,贾子矜,贾子矜,9元高中物理李博,9元高中物理李博,申坤,自有,自产原创,wangruixuebj01,0.1,0,0,0,25,0,0,0.00%,0.00%,-,0,0
27e2863611e76d1494191d6fe4f726a9,-,-,-,-,-,https://tutor-online1.fbcontent.cn/growth/internal-material/1779258835021.27e2863611e76d1494191d6fe4f726a9.mp4,0514-199双科-自产-自产主-王晶-曲中雨-子衿--B2-有-4,20260617,贾子矜,贾子矜,199元高中双科提分课,199元高中双科提分课,自投放,自有,自产原创,wangjiananbj03,615.87,199,1,0.32,297.09,41058,615.87,1.40%,3.45%,-,0.48,13266.67
a68d6eb436796a01f380e57a6946f302,-,-,-,-,-,https://tutor-online1.fbcontent.cn/growth/internal-material/1781600700458.a68d6eb436796a01f380e57a6946f302.mp4,0603-9物-自产-自产二-李博-巽阳-子衿-A3-B1-有-4-WQ-直播间,20260617,贾子矜,韩晨国,9元高中物理李博,9元高中物理李博,申坤,自有,自产原创,wangruixuebj01,0.43,0,0,0,215,0,0,0.00%,0.00%,-,0,0
0d409c42d34ed525ed31ca1a83447125,-,-,-,-,-,https://tutor-online1.fbcontent.cn/growth/internal-material/1776754778140.0d409c42d34ed525ed31ca1a83447125.mp4,0408-199双科-自产-自产主-李博-曲中雨-浩正-A2-B2-无-6,20260617,杜浩正,韩晨国,199元高中双科提分课,199元高中双科提分课,自投放,自有,自产原创,wangjiananbj03,0,0,0,0,0,0,0,0.00%,0.00%,-,0,0
a033197e33f34a1b8a69d044a10a1ddb,-,-,-,-,-,https://tutor-online1.fbcontent.cn/growth/internal-material/1780656483759.a033197e33f34a1b8a69d044a10a1ddb.mp4,0603-9物-自产-自产主-李博-视觉锤-浩正-A5-B1-有-11,20260617,杜浩正,杜浩正,9元高中物理李博,9元高中物理李博,申坤,自有,自产原创,wangruixuebj01,0.21,0,0,0,30,0,0,0.00%,0.00%,-,0,0
6785fd451d54ea629c997c9ef8886e19,-,-,-,-,-,https://tutor-online1.fbcontent.cn/growth/internal-material/1779456252634.6785fd451d54ea629c997c9ef8886e19.mp4,0429-199双科-自产-自产主-李博-曲中雨-浩正-A7-B2-无-22,20260617,杜浩正,韩晨国,199元高中双科提分课,199元高中双科提分课,自投放,自有,自产原创,wangjiananbj03,4.18,0,0,0,278.67,4180,0,6.67%,0%,-,0,0
605b88a52a4604667589d7d9c863cb96,-,-,-,-,-,https://tutor-online1.fbcontent.cn/growth/internal-material/1777262046776.605b88a52a4604667589d7d9c863cb96.mp4,0422-9物-自产-自产二-李博-曲中雨-子衿-A7-B1-有-14-前贴1,20260617,贾子矜,贾子矜,9元高中物理李博,9元高中物理李博,申坤,自有,自产原创,wangruixuebj01,1.05,0,0,0,262.5,0,0,0.00%,0.00%,-,0,0
3d67e40744a99822d3f78f6380a8c88b,-,-,-,-,-,https://tutor-online1.fbcontent.cn/growth/internal-material/1780918070709.3d67e40744a99822d3f78f6380a8c88b.mp4,0512-199双科-自产-自产主-王晶-曲中雨-雅迪---有-10,20260617,王雅迪,韩晨国,199元高中双科提分课,199元高中双科提分课,自投放,自有,自产原创,wangjiananbj03,0,0,0,0,0,0,0,0.00%,0.00%,-,0,0
7c6dc8c49723253b2d158a70af034814,-,-,-,-,-,https://tutor-online1.fbcontent.cn/growth/internal-material/1781082698851.7c6dc8c49723253b2d158a70af034814.mp4,0604-状元笔记-自产-混剪--曲中雨-嘉丽---有-4,20260617,魏嘉丽,魏嘉丽,高中手写笔记,高中手写笔记,自投放,自有,自产原创,wangjiananbj03,0,0,0,0,0,0,0,0.00%,0.00%,-,0,0
393d2ba0c1cc7b17235f4c63f08c06b7,-,-,-,-,-,https://tutor-online1.fbcontent.cn/growth/internal-material/1781507076227.393d2ba0c1cc7b17235f4c63f08c06b7.mp4,0610-9物-自产-自产主-李博-曲中雨-子衿-A3-B1-无-8,20260617,贾子矜,贾子矜,9元高中物理李博,9元高中物理李博,申坤,自有,自产原创,wangruixuebj01,4.31,0,0,0,126.76,0,0,8.82%,0%,-,0,0
5176abfabd8e4f9f682b4cdbc15c95d5,-,-,-,-,-,https://tutor-online1.fbcontent.cn/growth/internal-material/1780040825980.5176abfabd8e4f9f682b4cdbc15c95d5.mp4,0520-199双科-自产-自产主-李博-曲中雨-小敏-A1-B6-无-23,20260617,曲敏,曲敏,199元高中双科提分课,199元高中双科提分课,自投放,自有,自产原创,wangjiananbj03,306.21,0,0,0,264.43,9569.06,0,8.20%,0%,-,0,0
e7f8bc02fabb360ef14beff9b0c66ec8,-,-,-,-,-,https://tutor-online1.fbcontent.cn/growth/internal-material/1780976417530.e7f8bc02fabb360ef14beff9b0c66ec8.mp4,0521-状元笔记-自产-自产主--曲中雨-小敏-A7-B1-无-21,20260617,曲敏,韩晨国,高中手写笔记,高中手写笔记,自投放,自有,自产原创,wangjiananbj03,0.15,0,0,0,50,0,0,0.00%,0.00%,-,0,0
dd8e8f391432cfc750aadd2ffb4412a2,-,-,-,-,-,https://tutor-online1.fbcontent.cn/growth/internal-material/1776416966997.dd8e8f391432cfc750aadd2ffb4412a2.mp4,0415-9物-自产-自产主-李博-曲中雨-子衿-A6-B1-有-13-前贴1,20260617,贾子矜,贾子矜,9元高中物理李博,9元高中物理李博,玄武,自有,自产原创,wangruixuebj01,884.34,45,5,0.05,107.26,10404,176.87,1.14%,5.32%,-,0.61,529.41
50d4b4f521a71f1d3db77884d20b64f3,-,-,-,-,-,https://tutor-online1.fbcontent.cn/growth/internal-material/1781507605864.50d4b4f521a71f1d3db77884d20b64f3.mp4,0610-9物-自产-自产二-李博-巽阳-子衿-A7-B1-无-5-直播间-LL,20260617,贾子矜,贾子矜,9元高中物理李博,9元高中物理李博,申坤,自有,自产原创,wangruixuebj01,1.23,0,0,0,87.86,1230,0,7.14%,0%,-,0,0
53c7b0abfc73b5bb1ded93329e8cf033,-,-,-,-,-,https://tutor-online1.fbcontent.cn/growth/internal-material/1780569961431.53c7b0abfc73b5bb1ded93329e8cf033.mp4,0527-199双科-自产-自产主-李博-曲中雨-嘉丽-A7-B1-无-12,20260617,魏嘉丽,魏嘉丽,199元高中双科提分课,199元高中双科提分课,自投放,自有,自产原创,wangjiananbj03,0.01,0,0,0,10,0,0,0.00%,0.00%,-,0,0
6b70c2af4606d6547814815c15592a3b,-,-,-,-,-,https://tutor-online1.fbcontent.cn/growth/internal-material/1776851501030.6b70c2af4606d6547814815c15592a3b.mp4,0415-199双科-自产-自产主-李博-曲中雨-浩正-A5-B2-有-8-迭代2,20260617,贾子矜,贾子矜,199元高中双科提分课,199元高中双科提分课,自投放,自有,自产原创,wangjiananbj03,384.56,0,0,0,264.48,14790.77,0,5.36%,0%,-,0,0
d8c4cdf2337bcc647b228b69ff5d044d,-,-,-,-,-,https://tutor-online1.fbcontent.cn/growth/internal-material/1780917990603.d8c4cdf2337bcc647b228b69ff5d044d.mp4,0513-199双科-自产-自产二-李博-曲中雨-嘉丽-A7-B1-无-35,20260617,魏嘉丽,韩晨国,199元高中双科提分课,199元高中双科提分课,自投放,自有,自产原创,wangjiananbj03,14.08,0,0,0,5.96,260.74,0,2.16%,0%,-,0,0
0326e534aaa74a416cfc1b55c55d77c6,-,-,-,-,-,https://tutor-online1.fbcontent.cn/growth/internal-material/1776851501655.0326e534aaa74a416cfc1b55c55d77c6.mp4,0415-199双科-自产-自产二-李博-曲中雨-浩正-A5-B2-无-8-迭代1,20260617,贾子矜,贾子矜,199元高中双科提分课,199元高中双科提分课,自投放,自有,自产原创,wangjiananbj03,87.01,0,0,0,422.38,21752.5,0,1.46%,0%,-,0,0
86f2f1d3492b6e43058fc820a3cbec00,-,-,-,-,-,https://tutor-online1.fbcontent.cn/growth/internal-material/1780061371394.86f2f1d3492b6e43058fc820a3cbec00.mp4,0514-199双科-自产-自产二-王晶-曲中雨-浩正-A2-B2-无-10,20260617,杜浩正,韩晨国,199元高中双科提分课,199元高中双科提分课,自投放,自有,自产原创,wangjiananbj03,0,0,0,0,0,0,0,0.00%,0.00%,-,0,0
83e8fe3b1394289266d8dd46b71566ef,-,-,-,-,-,https://tutor-online1.fbcontent.cn/growth/internal-material/1779440147469.83e8fe3b1394289266d8dd46b71566ef.mp4,0513-199双科-自产-自产主-李博-曲中雨-嘉丽-A1-B1-无-30,20260617,魏嘉丽,魏嘉丽,199元高中双科提分课,199元高中双科提分课,自投放,自有,自产原创,wangjiananbj03,6.99,0,0,0,79.43,6990,0,5.68%,0%,-,0,0
8906745ce3e833adb10a33bfd92807aa,-,-,-,-,-,https://tutor-online1.fbcontent.cn/growth/internal-material/1780983143422.8906745ce3e833adb10a33bfd92807aa.mp4,6月4日 (3)(6),20260617,贾子矜,贾子矜,199元高中双科提分课,199元高中双科提分课,自投放,自有,自产原创,wangjiananbj03,5.6,0,0,0,53.85,0,0,0.00%,0.00%,-,0,0
bb63511392a95050ac5cc943d7aba749,-,-,-,-,-,https://tutor-online1.fbcontent.cn/growth/internal-material/1781002944562.bb63511392a95050ac5cc943d7aba749.mp4,0603-9物-自产-自产主-李博-视觉锤-雅迪-A5-B1B4-无-19,20260617,王雅迪,王雅迪,9元高中物理李博,9元高中物理李博,申坤,自有,自产原创,wangruixuebj01,1.03,0,0,0,34.33,0,0,0.00%,0.00%,-,0,0
3b3b31116d4d52e405e9dd5195396897,-,-,-,-,-,https://tutor-online1.fbcontent.cn/growth/internal-material/1774510703010.3b3b31116d4d52e405e9dd5195396897.mp4,0324-9物-自产-自产主-李博-曲中雨-子衿-A3-B2B4-有-19-前贴1,20260617,贾子矜,贾子矜,9元高中物理李博,9元高中物理李博,玄武,自有,自产原创,wangruixuebj01,298.35,9,1,0.03,52.73,19890,298.35,2.30%,0.77%,-,0.18,600
36061d2a3d64b63e1c87a79e35b129d4,-,-,-,-,-,https://tutor-online1.fbcontent.cn/growth/internal-material/1781681455758.36061d2a3d64b63e1c87a79e35b129d4.mp4,0610-9物-自产-自产主-李博-视觉锤-雅迪-A5-B1B4-有-19,20260617,王雅迪,王雅迪,9元高中物理李博,9元高中物理李博,申坤,自有,自产原创,wangruixuebj01,0.02,0,0,0,20,0,0,0.00%,0.00%,-,0,0
ecf4ff639de23f5e439bd8367e726ce7,-,-,-,-,-,https://tutor-online1.fbcontent.cn/growth/internal-material/1774510704385.ecf4ff639de23f5e439bd8367e726ce7.mp4,0324-9物-自产-自产主-李博-曲中雨-子衿-A5-B1-有-18-前贴1,20260617,贾子矜,贾子矜,9元高中物理李博,9元高中物理李博,玄武,自有,自产原创,wangruixuebj01,120.49,0,0,0,172.37,8606.43,0,2.00%,0%,-,0,0
9492adf9045184446f1340806ddfc910,-,-,-,-,-,https://tutor-online1.fbcontent.cn/growth/internal-material/1780976451009.9492adf9045184446f1340806ddfc910.mp4,0521-状元笔记-自产-自产主--曲中雨-子衿-A3-B2-无-3,20260617,贾子矜,韩晨国,高中手写笔记,高中手写笔记,自投放,自有,自产原创,wangjiananbj03,0,0,0,0,0,0,0,0.00%,0.00%,-,0,0
79f511c71f022bdcb20c91a093e5762f,-,-,-,-,-,https://tutor-online1.fbcontent.cn/growth/internal-material/1781580030000.79f511c71f022bdcb20c91a093e5762f.mp4,0610-199双科-自产-自产二-李博-视觉锤-子衿-A6-B1-有-2(1),20260617,贾子矜,贾子矜,199元高中双科提分课,199元高中双科提分课,自投放,自有,自产原创,wangjiananbj03,2.28,0,0,0,81.43,0,0,7.14%,0%,-,0,0
20b8eb386392f37b747f7637c49b3ec7,-,-,-,-,-,https://tutor-online1.fbcontent.cn/growth/internal-material/1775548305351.20b8eb386392f37b747f7637c49b3ec7.mp4,0401-9物-自产-自产主-李博-曲中雨-子衿-A3-B1-有-23-前贴1,20260617,贾子矜,贾子矜,9元高中物理李博,9元高中物理李博,玄武,自有,自产原创,wangruixuebj01,254.81,18,2,0.07,173.34,42468.33,127.41,0.48%,28.57%,-,1.36,3000
342bc2ca1388ca3ba82463fcfb41a014,-,-,-,-,-,https://tutor-online1.fbcontent.cn/growth/internal-material/1779258777243.342bc2ca1388ca3ba82463fcfb41a014.mp4,0514-199双科-自产-自产二-王晶-曲中雨-子衿--B2-无-3,20260617,贾子矜,贾子矜,199元高中双科提分课,199元高中双科提分课,自投放,自有,自产原创,wangjiananbj03,2.01,0,0,0,111.67,0,0,0.00%,0.00%,-,0,0
b15470feab69c92b51e5b50af5de5d84,-,-,-,-,-,https://tutor-online1.fbcontent.cn/growth/internal-material/1780656483738.b15470feab69c92b51e5b50af5de5d84.mp4,0603-9物-自产-自产主-李博-视觉锤-浩正-A5-B1-有-14,20260617,杜浩正,杜浩正,9元高中物理李博,9元高中物理李博,申坤,自有,自产原创,wangruixuebj01,1.63,0,0,0,36.22,815,0,4.44%,0%,-,0,0
290149ec5bdce91b90a9ab0055ddefeb,-,-,-,-,-,https://tutor-online1.fbcontent.cn/growth/internal-material/1780061372821.290149ec5bdce91b90a9ab0055ddefeb.mp4,0514-199双科-自产-自产主-王晶-曲中雨-浩正-A5-B2B4-无-7,20260617,杜浩正,韩晨国,199元高中双科提分课,199元高中双科提分课,自投放,自有,自产原创,wangjiananbj03,0.76,0,0,0,6.28,760,0,0.83%,0%,-,0,0
be4edc7f789e3d1fb626dc73265e4b9a,-,-,-,-,-,https://tutor-online1.fbcontent.cn/growth/internal-material/1780393994915.be4edc7f789e3d1fb626dc73265e4b9a.mp4,0527-9物-自产-自产主-李博-曲中雨-子衿-A5-B2-有-2-直播间,20260617,贾子矜,贾子矜,9元高中物理李博,9元高中物理李博,申坤,自有,自产原创,wangruixuebj01,46.54,0,0,0,127.51,46540,0,1.37%,0%,-,0,0
28b2343005a3950613da6d5f0cb0dad5,-,-,-,-,-,https://tutor-online1.fbcontent.cn/growth/internal-material/1779701697305.28b2343005a3950613da6d5f0cb0dad5.mp4,0512-199双科-自产-自产二-王晶-云梵-嘉丽--B1-无-13,20260617,魏嘉丽,魏嘉丽,199元高中双科提分课,199元高中双科提分课,自投放,自有,自产原创,wangjiananbj03,25.25,0,0,0,182.97,6312.5,0,2.90%,0%,-,0,0
181a740f509e66773df1612b9f689bd8,-,-,-,-,-,https://tutor-online1.fbcontent.cn/growth/internal-material/1781090317034.181a740f509e66773df1612b9f689bd8.mp4,0603-199双科-自产-自产二-李博-视觉锤-嘉丽-A5-B1-有-15,20260617,魏嘉丽,魏嘉丽,199元高中双科提分课,高中手写笔记,自投放,自有,自产原创,wangjiananbj03,2.02,0,0,0,17.12,505,0,2.54%,0%,-,0,0
5bb64868a62d1eb1cd17397459ab0af2,-,-,-,-,-,https://tutor-online1.fbcontent.cn/growth/internal-material/1778581745257.5bb64868a62d1eb1cd17397459ab0af2.mp4,0508-199双科-自产-自产主-李博-视觉锤-雅迪-A5-B1-无-16,20260617,王雅迪,王雅迪,199元高中双科提分课,199元高中双科提分课,自投放,自有,自产原创,wangjiananbj03,19.74,0,0,0,102.28,0,0,1.04%,0%,-,0,0
8e80c975b4db74d7e330c875722ad6fd,-,-,-,-,-,https://tutor-online1.fbcontent.cn/growth/internal-material/1781579957774.8e80c975b4db74d7e330c875722ad6fd.mp4,0610-199双科-自产-自产二-李博-视觉锤-子衿-A2-B1-无-7(1),20260617,贾子矜,贾子矜,199元高中双科提分课,199元高中双科提分课,自投放,自有,自产原创,wangjiananbj03,16.59,0,0,0,105.67,0,0,0.00%,0.00%,-,0,0
658b5c16e1c6ef3dc4721ee47090de48,-,-,-,-,-,https://tutor-online1.fbcontent.cn/growth/internal-material/1781580856064.658b5c16e1c6ef3dc4721ee47090de48.mp4,0610-9物-自产-自产主-李博-曲中雨-浩正-A5-B1-无-11,20260617,杜浩正,杜浩正,9元高中物理李博,9元高中物理李博,申坤,自有,自产原创,wangruixuebj01,9.62,0,0,0,81.53,9620,0,0.85%,0%,-,0,0
0f7cc405a4be1fa4605f0b0a4d5fd80e,-,-,-,-,-,https://tutor-online1.fbcontent.cn/growth/internal-material/1778581776108.0f7cc405a4be1fa4605f0b0a4d5fd80e.mp4,0508-199双科-自产-自产主-李博-视觉锤-雅迪-A1-B4B6-有-12,20260617,王雅迪,王雅迪,199元高中双科提分课,199元高中双科提分课,自投放,自有,自产原创,wangjiananbj03,1244.07,597,3,0.48,457.55,34557.5,414.69,1.73%,6.38%,-,1.1,16583.33
68f757d575aaf8195b6bd31e16a26817,-,-,-,-,-,https://tutor-online1.fbcontent.cn/growth/internal-material/1780393906984.68f757d575aaf8195b6bd31e16a26817.mp4,0527-9物-自产-自产二-李博-曲中雨-子衿-A5-B2-无-3-直播间,20260617,贾子矜,贾子矜,9元高中物理李博,9元高中物理李博,申坤,自有,自产原创,wangruixuebj01,3.13,0,0,0,76.34,0,0,0.00%,0.00%,-,0,0
202d3890dc7a42c1b2000ccbb63e7e7c,-,-,-,-,-,https://tutor-online1.fbcontent.cn/growth/internal-material/1779278571064.202d3890dc7a42c1b2000ccbb63e7e7c.mp4,0513-199双科-自产-自产主-李博-视觉锤-雅迪-A5-B2-无-17,20260617,王雅迪,王雅迪,199元高中双科提分课,199元高中双科提分课,自投放,自有,自产原创,wangjiananbj03,0.1,0,0,0,1.59,100,0,4.76%,0%,-,0,0
e5e54cd0453dfd7e1080b8936f0dc246,-,-,-,-,-,https://tutor-online1.fbcontent.cn/growth/internal-material/1781079684996.e5e54cd0453dfd7e1080b8936f0dc246.mp4,0604-状元笔记-自产-混剪--曲中雨-婷玉---有-25,20260617,吴婷玉,吴婷玉,高中手写笔记,高中手写笔记,自投放,自有,自产原创,wangjiananbj03,8.46,0,0,0,57.55,0,0,14.29%,0%,-,0,0
1d6a21ffed3505a98468fb67f8045849,-,-,-,-,-,https://tutor-online1.fbcontent.cn/growth/internal-material/1780906798576.1d6a21ffed3505a98468fb67f8045849.mp4,0603-9物-自产-自产主-李博-曲中雨-子衿-A6-B2-无-3-直播间,20260617,贾子矜,贾子矜,9元高中物理李博,9元高中物理李博,申坤,自有,自产原创,wangruixuebj01,42.28,0,0,0,154.87,10570,0,2.56%,0%,-,0,0
f2f5162b177586650c7d386b0648ff1c,-,-,-,-,-,https://tutor-online1.fbcontent.cn/growth/internal-material/1781503538402.f2f5162b177586650c7d386b0648ff1c.mp4,0526-199双科-自产-自产主-王晶-亿晨-小敏-A5-B1-有-14,20260617,曲敏,曲敏,199元高中双科提分课,199元高中双科提分课,自投放,自有,自产原创,wangjiananbj03,0.91,0,0,0,22.75,0,0,2.50%,0%,-,0,0
9a63c336df92c4d5e9aa44ef7e8907c1,-,-,-,-,-,https://tutor-online1.fbcontent.cn/growth/internal-material/1779701509665.9a63c336df92c4d5e9aa44ef7e8907c1.mp4,0520-199双科-自产-自产二-李博-曲中雨-浩正-A5-B2-无-9,20260617,杜浩正,杜浩正,199元高中双科提分课,199元高中双科提分课,自投放,自有,自产原创,wangjiananbj03,21.34,0,0,0,533.5,0,0,5.00%,0%,-,0,0
520091a00cf6570d00e3ea45a0aeb4ba,-,-,-,-,-,https://tutor-online1.fbcontent.cn/growth/internal-material/1780060825941.520091a00cf6570d00e3ea45a0aeb4ba.mp4,0512-199双科-自产-自产主-王晶-云梵-小敏--B1-无-23,20260617,曲敏,韩晨国,199元高中双科提分课,199元高中双科提分课,自投放,自有,自产原创,wangjiananbj03,13.88,0,0,0,66.73,6940,0,0.96%,0%,-,0,0
745ee7f6de7484ccc051fde7e3381074,-,-,-,-,-,https://tutor-online1.fbcontent.cn/growth/internal-material/1780983143504.745ee7f6de7484ccc051fde7e3381074.mp4,6月4日 (3),20260617,贾子矜,贾子矜,199元高中双科提分课,199元高中双科提分课,自投放,自有,自产原创,wangjiananbj03,7.07,0,0,0,72.89,0,0,2.06%,0%,-,0,0
eb1c5cfcc71d152dd3c53ff119e129e4,-,-,-,-,-,https://tutor-online1.fbcontent.cn/growth/internal-material/1779706253337.eb1c5cfcc71d152dd3c53ff119e129e4.mp4,0520-199双科-自产-自产主-李博-曲中雨-子衿-A5-B1-无-5,20260617,贾子矜,贾子矜,199元高中双科提分课,199元高中双科提分课,自投放,自有,自产原创,wangjiananbj03,90.06,199,1,2.21,89.61,10006.67,90.06,1.00%,10.00%,-,1,22111.11
cef529ff03dc1efbd78eed91bd3de81b,-,-,-,-,-,https://tutor-online1.fbcontent.cn/growth/internal-material/1781580012643.cef529ff03dc1efbd78eed91bd3de81b.mp4,0610-199双科-自产-自产二-李博-视觉锤-子衿-A6-B1-无-10(1),20260617,贾子矜,贾子矜,199元高中双科提分课,199元高中双科提分课,自投放,自有,自产原创,wangjiananbj03,0.97,0,0,0,60.63,970,0,6.25%,0%,-,0,0
a40c1024acda1c85e553ee51de9547b6,-,-,-,-,-,https://tutor-online1.fbcontent.cn/growth/internal-material/1779279980080.a40c1024acda1c85e553ee51de9547b6.mp4,0513-199双科-自产-自产主-李博-视觉锤-雅迪-A5-B1-无-21,20260617,王雅迪,王雅迪,199元高中双科提分课,199元高中双科提分课,自投放,自有,自产原创,wangjiananbj03,7.49,0,0,0,97.27,0,0,0.00%,0.00%,-,0,0
978d434b1e652cc7e0e17d0dc92d05aa,-,-,-,-,-,https://tutor-online1.fbcontent.cn/growth/internal-material/1780061372525.978d434b1e652cc7e0e17d0dc92d05aa.mp4,0514-199双科-自产-自产主-王晶-曲中雨-浩正-A5-B2-无-8,20260617,杜浩正,韩晨国,199元高中双科提分课,199元高中双科提分课,自投放,自有,自产原创,wangjiananbj03,8.5,0,0,0,98.84,0,0,0.00%,0.00%,-,0,0
f8c28e9694d6a4c59d43f4c0b6934414,-,-,-,-,-,https://tutor-online1.fbcontent.cn/growth/internal-material/1779701696699.f8c28e9694d6a4c59d43f4c0b6934414.mp4,0514-199双科-自产-自产主-王晶-云梵-嘉丽--B1-无-23,20260617,魏嘉丽,魏嘉丽,199元高中双科提分课,199元高中双科提分课,自投放,自有,自产原创,wangjiananbj03,0.02,0,0,0,20,0,0,0.00%,0.00%,-,0,0
51f30d05058a1950dd9c832d00e9d5bb,-,-,-,-,-,https://tutor-online1.fbcontent.cn/growth/internal-material/1781580808127.51f30d05058a1950dd9c832d00e9d5bb.mp4,0610-9物-自产-自产主-李博-曲中雨-浩正-A5-B1-有-15,20260617,杜浩正,杜浩正,9元高中物理李博,9元高中物理李博,申坤,自有,自产原创,wangruixuebj01,0.68,0,0,0,34,0,0,5.00%,0%,-,0,0
ee748f669050fc55649f1c867fe7f352,-,-,-,-,-,https://tutor-online1.fbcontent.cn/growth/internal-material/1780906797530.ee748f669050fc55649f1c867fe7f352.mp4,0603-9物-自产-自产主-李博-曲中雨-子衿-A3-B1-无-8-直播间,20260617,贾子矜,贾子矜,9元高中物理李博,9元高中物理李博,申坤,自有,自产原创,wangruixuebj01,30.23,0,0,0,181.02,15115,0,2.40%,0%,-,0,0
39d5d6807566c6a776270c3686825b80,-,-,-,-,-,https://tutor-online1.fbcontent.cn/growth/internal-material/1780060825586.39d5d6807566c6a776270c3686825b80.mp4,0512-199双科-自产-自产主-王晶-云梵-小敏--B1-无-22,20260617,曲敏,韩晨国,199元高中双科提分课,199元高中双科提分课,自投放,自有,自产原创,wangjiananbj03,4.12,0,0,0,39.24,0,0,0.00%,0.00%,-,0,0
5481a02db78832947810f04ec4ddbd8c,-,-,-,-,-,https://tutor-online1.fbcontent.cn/growth/internal-material/1780906798038.5481a02db78832947810f04ec4ddbd8c.mp4,0603-9物-自产-自产主-李博-曲中雨-子衿-A6-B2-无-6-直播间,20260617,贾子矜,贾子矜,9元高中物理李博,9元高中物理李博,申坤,自有,自产原创,wangruixuebj01,2.9,0,0,0,56.86,2900,0,3.92%,0%,-,0,0
c1cd5fb7814f25b1cce9b2d6e3a038f5,-,-,-,-,-,https://tutor-online1.fbcontent.cn/growth/internal-material/1775548229416.c1cd5fb7814f25b1cce9b2d6e3a038f5.mp4,0401-9物-自产-自产二-李博-曲中雨-子衿-A3-B1-有-23-前贴2,20260617,贾子矜,贾子矜,9元高中物理李博,9元高中物理李博,玄武,自有,自产原创,wangruixuebj01,554.6,18,2,0.03,167.2,13526.83,277.3,1.33%,4.55%,-,0.6,439.02
567aa0d64babfa718d2776d3485b568a,-,-,-,-,-,https://tutor-online1.fbcontent.cn/growth/internal-material/1781503538047.567aa0d64babfa718d2776d3485b568a.mp4,0526-199双科-自产-自产二-王晶-亿晨-小敏-A7-B5-有-11,20260617,曲敏,曲敏,199元高中双科提分课,199元高中双科提分课,自投放,自有,自产原创,wangjiananbj03,0.19,0,0,0,10,0,0,10.53%,0%,-,0,0
8a78ec40ac2ef7ed2497d61f31abccde,-,-,-,-,-,https://tutor-online1.fbcontent.cn/growth/internal-material/1779706244825.8a78ec40ac2ef7ed2497d61f31abccde.mp4,0520-199双科-自产-自产二-李博-曲中雨-子衿-A6-B2-无-1,20260617,贾子矜,贾子矜,199元高中双科提分课,199元高中双科提分课,自投放,自有,自产原创,wangjiananbj03,3.38,0,0,0,109.03,0,0,0.00%,0.00%,-,0,0
f7fe563190b56bbc288e52984397b6da,-,-,-,-,-,https://tutor-online1.fbcontent.cn/growth/internal-material/1781582189080.f7fe563190b56bbc288e52984397b6da.mp4,0610-9物-自产-自产二-李博-视觉锤-雅迪-A5-B2-无-16,20260617,王雅迪,王雅迪,9元高中物理李博,9元高中物理李博,申坤,自有,自产原创,wangruixuebj01,11.46,0,0,0,86.82,5730,0,2.27%,0%,-,0,0
a230104bb17dfd80027e41d8eea4ed00,-,-,-,-,-,https://tutor-online1.fbcontent.cn/growth/internal-material/1781517225844.a230104bb17dfd80027e41d8eea4ed00.mp4,0611-199双科-自产-自产二-王晶-曲中雨-婷玉-A1-B4-无-18,20260617,吴婷玉,吴婷玉,199元高中双科提分课,199元高中双科提分课,自投放,自有,自产原创,wangjiananbj03,1.14,0,0,0,32.57,0,0,8.57%,0%,-,0,0
df0c3a8dd88939a25d19b29c2002f0ec,-,-,-,-,-,https://tutor-online1.fbcontent.cn/growth/internal-material/1780984421202.df0c3a8dd88939a25d19b29c2002f0ec.mp4,0526-199双科-自产-自产主-王晶-亿晨-子衿-A5-B1-有-3,20260617,贾子矜,贾子矜,199元高中双科提分课,199元高中双科提分课,自投放,自有,自产原创,wangjiananbj03,1.77,0,0,0,65.56,0,0,0.00%,0.00%,-,0,0
840afb95ea4045614f7613bd0d8fee4c,-,-,-,-,-,https://tutor-online1.fbcontent.cn/growth/internal-material/1781353900767.840afb95ea4045614f7613bd0d8fee4c.mp4,0602-199双科-自产-自产二-王晶-巽阳-子衿-A5-B1-有-4,20260617,贾子矜,贾子矜,199元高中双科提分课,199元高中双科提分课,自投放,自有,自产原创,wangjiananbj03,87.42,0,0,0,236.91,7947.27,0,13.55%,0%,-,0,0
0cdd0c66a10501f45a7a11c66f36b5ee,-,-,-,-,-,https://tutor-online1.fbcontent.cn/growth/internal-material/1779702538778.0cdd0c66a10501f45a7a11c66f36b5ee.mp4,0520-199双科-自产-自产二-李博-视觉锤-雅迪-A5-B1-无-14,20260617,王雅迪,王雅迪,199元高中双科提分课,199元高中双科提分课,自投放,自有,自产原创,wangjiananbj03,2.94,0,0,0,98,0,0,3.33%,0%,-,0,0
520091a00cf6570d00e3ea45a0aeb4ba,-,-,-,-,-,https://tutor-online1.fbcontent.cn/growth/internal-material/1780060825941.520091a00cf6570d00e3ea45a0aeb4ba.mp4,0512-199双科-自产-自产主-王晶-云梵-小敏--B1-无-23,20260616,曲敏,韩晨国,199元高中双科提分课,199元高中双科提分课,自投放,自有,自产原创,wangjiananbj03,12.88,199,1,15.45,247.69,6440,12.88,3.85%,50.00%,-,19.23,99500
cd3c98e202d72d104fe19f42fcff0921,-,-,-,-,-,https://tutor-online1.fbcontent.cn/growth/internal-material/1781079683900.cd3c98e202d72d104fe19f42fcff0921.mp4,0604-状元笔记-自产-混剪--曲中雨-婷玉---无-30,20260616,吴婷玉,吴婷玉,高中手写笔记,高中手写笔记,自投放,自有,自产原创,wangjiananbj03,1.81,0,0,0,69.62,0,0,0.00%,0.00%,-,0,0
acd546bf8881bc08a79bf0f674882bd3,-,-,-,-,-,https://tutor-online1.fbcontent.cn/growth/internal-material/1780983143511.acd546bf8881bc08a79bf0f674882bd3.mp4,6月4日 (3)(1),20260616,贾子矜,贾子矜,199元高中双科提分课,199元高中双科提分课,自投放,自有,自产原创,wangjiananbj03,3.08,0,0,0,25.45,0,0,19.01%,0%,-,0,0
869591d137c17f26479b8b5c6d71916a,-,-,-,-,-,https://tutor-online1.fbcontent.cn/growth/internal-material/1780656485281.869591d137c17f26479b8b5c6d71916a.mp4,0603-9物-自产-自产主-李博-视觉锤-浩正-A5-B1-有-12,20260616,杜浩正,杜浩正,9元高中物理李博,9元高中物理李博,申坤,自有,自产原创,wangruixuebj01,0.04,0,0,0,13.33,0,0,0.00%,0.00%,-,0,0
71018beb3e390680e230c0cb320e09d8,-,-,-,-,-,https://tutor-online1.fbcontent.cn/growth/internal-material/1781340112201.71018beb3e390680e230c0cb320e09d8.mp4,0611-状元笔记-自产-自产主--视觉锤-雅迪-A5-B2-无-23,20260616,王雅迪,王雅迪,高中手写笔记,高中手写笔记,自投放,自有,自产原创,wangjiananbj03,1.9,0,0,0,47.5,0,0,0.00%,0.00%,-,0,0
5f541d858f9776c01f56fc1761270f90,-,-,-,-,-,https://tutor-online1.fbcontent.cn/growth/internal-material/1781579971167.5f541d858f9776c01f56fc1761270f90.mp4,0610-199双科-自产-自产二-李博-视觉锤-子衿-A5-B1-无-9(1),20260616,贾子矜,贾子矜,199元高中双科提分课,199元高中双科提分课,自投放,自有,自产原创,wangjiananbj03,1.06,0,0,0,62.35,0,0,0.00%,0.00%,-,0,0
3a4a64509ad557233d892670d4962b0c,-,-,-,-,-,https://tutor-online1.fbcontent.cn/growth/internal-material/1781582189139.3a4a64509ad557233d892670d4962b0c.mp4,0610-9物-自产-自产二-李博-视觉锤-雅迪-A5-B1B4-无-19,20260616,王雅迪,王雅迪,9元高中物理李博,9元高中物理李博,申坤,自有,自产原创,wangruixuebj01,0.01,0,0,0,5,0,0,0.00%,0.00%,-,0,0
6785fd451d54ea629c997c9ef8886e19,-,-,-,-,-,https://tutor-online1.fbcontent.cn/growth/internal-material/1779456252634.6785fd451d54ea629c997c9ef8886e19.mp4,0429-199双科-自产-自产主-李博-曲中雨-浩正-A7-B2-无-22,20260616,杜浩正,韩晨国,199元高中双科提分课,199元高中双科提分课,自投放,自有,自产原创,wangjiananbj03,0.33,0,0,0,3.98,330,0,1.20%,0%,-,0,0
8d668df2abf53bcdf14c11c1295cecbb,-,-,-,-,-,https://tutor-online1.fbcontent.cn/growth/internal-material/1779470003836.8d668df2abf53bcdf14c11c1295cecbb.mp4,0521-9物-自产-自产二-李博-曲中雨-子衿-A5效果保证-B1效果方法体系-有-4,20260616,贾子矜,贾子矜,9元高中物理李博,9元高中物理李博,十人,自有,自产原创,wangruixuebj01,21.88,9,1,0.41,243.11,0,21.88,0.00%,0.00%,-,11.11,0
5bb64868a62d1eb1cd17397459ab0af2,-,-,-,-,-,https://tutor-online1.fbcontent.cn/growth/internal-material/1778581745257.5bb64868a62d1eb1cd17397459ab0af2.mp4,0508-199双科-自产-自产主-李博-视觉锤-雅迪-A5-B1-无-16,20260616,王雅迪,王雅迪,199元高中双科提分课,199元高中双科提分课,自投放,自有,自产原创,wangjiananbj03,12.3,0,0,0,42.86,0,0,0.00%,0.00%,-,0,0
5172a043c925389ec1124bc0a26100c7,-,-,-,-,-,https://tutor-online1.fbcontent.cn/growth/internal-material/1780917988304.5172a043c925389ec1124bc0a26100c7.mp4,0513-199双科-自产-自产主-李博-曲中雨-嘉丽-A6-B1-无-29,20260616,魏嘉丽,韩晨国,199元高中双科提分课,199元高中双科提分课,自投放,自有,自产原创,wangjiananbj03,77.33,0,0,0,89.3,3866.5,0,4.16%,0%,-,0,0
e43f359603af8a5f7e8548d4c7ec7d29,-,-,-,-,-,https://tutor-online1.fbcontent.cn/growth/internal-material/1781002942935.e43f359603af8a5f7e8548d4c7ec7d29.mp4,0603-9物-自产-自产主-李博-视觉锤-雅迪-A5-B1-无-20,20260616,王雅迪,王雅迪,9元高中物理李博,9元高中物理李博,申坤,自有,自产原创,wangruixuebj01,0.1,0,0,0,25,0,0,0.00%,0.00%,-,0,0
b5f933921b8f3fb9e23cb80470cb2d3f,-,-,-,-,-,https://tutor-online1.fbcontent.cn/growth/internal-material/1776940907558.b5f933921b8f3fb9e23cb80470cb2d3f.mp4,0421-199双科-自产-自产二-王晶-曲中雨-浩正-A5-B2-有-6,20260616,杜浩正,杜浩正,199元高中双科提分课,199元高中双科提分课,自投放,自有,自产原创,wangjiananbj03,19.53,0,0,0,18.34,19530,0,0.66%,0%,-,0,0
45e288af46fbfaa65039db8f75e1bb12,-,-,-,-,-,https://tutor-online1.fbcontent.cn/growth/internal-material/1781579993263.45e288af46fbfaa65039db8f75e1bb12.mp4,0610-199双科-自产-自产二-李博-视觉锤-子衿-A6-B1-无-2(1),20260616,贾子矜,贾子矜,199元高中双科提分课,199元高中双科提分课,自投放,自有,自产原创,wangjiananbj03,0.01,0,0,0,10,0,0,0.00%,0.00%,-,0,0
8adb3a64e19b3a5e181911cda6ecaa37,-,-,-,-,-,https://tutor-online1.fbcontent.cn/growth/internal-material/1779278237243.8adb3a64e19b3a5e181911cda6ecaa37.mp4,0513-199双科-自产-自产主-李博-视觉锤-雅迪-A5-B1-有-20,20260616,王雅迪,王雅迪,199元高中双科提分课,199元高中双科提分课,自投放,自有,自产原创,wangjiananbj03,0.01,0,0,0,10,0,0,0.00%,0.00%,-,0,0
dd3ea2226d464a6dc50bde491a781322,-,-,-,-,-,https://tutor-online1.fbcontent.cn/growth/internal-material/1779427695718.dd3ea2226d464a6dc50bde491a781322.mp4,0512-199双科-自产-自产二-王晶-曲中雨-雅迪---无-10,20260616,王雅迪,王雅迪,199元高中双科提分课,199元高中双科提分课,自投放,自有,自产原创,wangjiananbj03,0.01,0,0,0,0.08,0,0,0.00%,0.00%,-,0,0
390cf9cb679d1778aebb9ce53196b68e,-,-,-,-,-,https://tutor-online1.fbcontent.cn/growth/internal-material/1778581745118.390cf9cb679d1778aebb9ce53196b68e.mp4,0508-199双科-自产-自产主-李博-视觉锤-雅迪-A5-B1-无-15,20260616,王雅迪,王雅迪,199元高中双科提分课,199元高中双科提分课,自投放,自有,自产原创,wangjiananbj03,69.83,0,0,0,126.27,17457.5,0,0.90%,0%,-,0,0
d43e1557c7cf9338cf13269871a9d7b5,-,-,-,-,-,https://tutor-online1.fbcontent.cn/growth/internal-material/1775548306156.d43e1557c7cf9338cf13269871a9d7b5.mp4,0401-9物-自产-自产主-李博-曲中雨-子衿-A3-B1-有-23-前贴2,20260616,贾子矜,贾子矜,9元高中物理李博,9元高中物理李博,玄武,自有,自产原创,wangruixuebj01,11.06,0,0,0,269.76,0,0,0.00%,0.00%,-,0,0
bb9bd4e3b7a9480b39eb055afa9bca32,-,-,-,-,-,https://tutor-online1.fbcontent.cn/growth/internal-material/1780917907700.bb9bd4e3b7a9480b39eb055afa9bca32.mp4,0513-199双科-自产-自产主-李博-曲中雨-嘉丽-A7-B1-有-35,20260616,魏嘉丽,韩晨国,199元高中双科提分课,199元高中双科提分课,自投放,自有,自产原创,wangjiananbj03,12.9,0,0,0,70.49,12900,0,8.20%,0%,-,0,0
e1f080fdd0bb5e9771fae913bd23c5fe,-,-,-,-,-,https://tutor-online1.fbcontent.cn/growth/internal-material/1780656483064.e1f080fdd0bb5e9771fae913bd23c5fe.mp4,0603-9物-自产-自产主-李博-视觉锤-浩正-A5-B1-无-14,20260616,杜浩正,杜浩正,9元高中物理李博,9元高中物理李博,申坤,自有,自产原创,wangruixuebj01,0.07,0,0,0,35,0,0,50.00%,0%,-,0,0
a1a473c7f8cfa4afe292cdc1acfed87f,-,-,-,-,-,https://tutor-online1.fbcontent.cn/growth/internal-material/1780976268326.a1a473c7f8cfa4afe292cdc1acfed87f.mp4,0521-状元笔记-自产-自产主--曲中雨-小敏-A5-B2-有-22,20260616,曲敏,韩晨国,高中手写笔记,高中手写笔记,自投放,自有,自产原创,wangjiananbj03,0.03,0,0,0,30,0,0,0.00%,0.00%,-,0,0
60fda511de23511be14bbd8d8186fc12,-,-,-,-,-,https://tutor-online1.fbcontent.cn/growth/internal-material/1778581745046.60fda511de23511be14bbd8d8186fc12.mp4,0508-199双科-自产-自产主-李博-视觉锤-雅迪-A5-B1-无-17,20260616,王雅迪,王雅迪,199元高中双科提分课,199元高中双科提分课,自投放,自有,自产原创,wangjiananbj03,6.2,0,0,0,71.26,0,0,2.30%,0%,-,0,0
684b47860cb98f2bee04402c40d762bc,-,-,-,-,-,https://tutor-online1.fbcontent.cn/growth/internal-material/1780917987694.684b47860cb98f2bee04402c40d762bc.mp4,0513-199双科-自产-自产二-李博-曲中雨-嘉丽-A7-B1-无-34,20260616,魏嘉丽,韩晨国,199元高中双科提分课,199元高中双科提分课,自投放,自有,自产原创,wangjiananbj03,62.15,0,0,0,96.96,6215,0,2.34%,0%,-,0,0
9e1352a0b0e85eb513255c3095dae807,-,-,-,-,-,https://tutor-online1.fbcontent.cn/growth/internal-material/1778581775810.9e1352a0b0e85eb513255c3095dae807.mp4,0508-199双科-自产-自产主-李博-视觉锤-雅迪-A1-B4B6-无-12,20260616,王雅迪,王雅迪,199元高中双科提分课,199元高中双科提分课,自投放,自有,自产原创,wangjiananbj03,23.54,0,0,0,179.69,23540,0,2.29%,0%,-,0,0
cf5f02a96d4df9db0459841e52192096,-,-,-,-,-,https://tutor-online1.fbcontent.cn/growth/internal-material/1779706282111.cf5f02a96d4df9db0459841e52192096.mp4,0520-199双科-自产-自产主-李博-曲中雨-子衿-A6-B1-有-3,20260616,贾子矜,贾子矜,199元高中双科提分课,199元高中双科提分课,自投放,自有,自产原创,wangjiananbj03,0.92,0,0,0,27.06,0,0,0.00%,0.00%,-,0,0
0162375a69bc7b73d382782059e815d3,-,-,-,-,-,https://tutor-online1.fbcontent.cn/growth/internal-material/1781507606029.0162375a69bc7b73d382782059e815d3.mp4,0610-9物-自产-自产二-李博-巽阳-子衿-A3-B1-无-8-SY,20260616,贾子矜,贾子矜,9元高中物理李博,9元高中物理李博,申坤,自有,自产原创,wangruixuebj01,0.12,0,0,0,40,0,0,0.00%,0.00%,-,0,0
d3f8851112e366cc7a9fa11df4348a2b,-,-,-,-,-,https://tutor-online1.fbcontent.cn/growth/internal-material/1781507732276.d3f8851112e366cc7a9fa11df4348a2b.mp4,0610-9物-自产-自产二-李博-巽阳-子衿-A7-B2-有-9-SY,20260616,贾子矜,贾子矜,9元高中物理李博,9元高中物理李博,申坤,自有,自产原创,wangruixuebj01,0.14,0,0,0,70,0,0,0.00%,0.00%,-,0,0
9a63c336df92c4d5e9aa44ef7e8907c1,-,-,-,-,-,https://tutor-online1.fbcontent.cn/growth/internal-material/1779701509665.9a63c336df92c4d5e9aa44ef7e8907c1.mp4,0520-199双科-自产-自产二-李博-曲中雨-浩正-A5-B2-无-9,20260616,杜浩正,杜浩正,199元高中双科提分课,199元高中双科提分课,自投放,自有,自产原创,wangjiananbj03,3.02,0,0,0,158.95,0,0,0.00%,0.00%,-,0,0
bcea9d8c5936779f06632c1bbe8f026d,-,-,-,-,-,https://tutor-online1.fbcontent.cn/growth/internal-material/1779706247196.bcea9d8c5936779f06632c1bbe8f026d.mp4,0520-199双科-自产-自产二-李博-曲中雨-子衿-A5-B2-有-4,20260616,贾子矜,贾子矜,199元高中双科提分课,199元高中双科提分课,自投放,自有,自产原创,wangjiananbj03,10.53,0,0,0,123.88,3510,0,3.53%,0%,-,0,0
1107d1ce1afeb47e78785778e9789347,-,-,-,-,-,https://tutor-online1.fbcontent.cn/growth/internal-material/1780984420902.1107d1ce1afeb47e78785778e9789347.mp4,0526-199双科-自产-自产二-王晶-亿晨-子衿-A7-B1-有-4,20260616,贾子矜,贾子矜,199元高中双科提分课,199元高中双科提分课,自投放,自有,自产原创,wangjiananbj03,7.22,0,0,0,76.81,0,0,0.00%,0.00%,-,0,0
49ffc600301c5c9f7ae19c5bed6cd8fd,-,-,-,-,-,https://tutor-online1.fbcontent.cn/growth/internal-material/1773633709179.49ffc600301c5c9f7ae19c5bed6cd8fd.mp4,0312-9物-自产-自产二-李博-巽阳YS-子衿-A6-B1B2-有-20,20260616,贾子矜,贾子矜,9元高中物理李博,9元高中物理李博,玄武,自有,自产原创,wangruixuebj01,28.99,0,0,0,92.92,9663.33,0,2.24%,0%,-,0,0
163cf57058753860f7b58222177eb862,-,-,-,-,-,https://tutor-online1.fbcontent.cn/growth/internal-material/1780393906445.163cf57058753860f7b58222177eb862.mp4,0527-9物-自产-自产二-李博-曲中雨-子衿-A5-B2-无-2-直播间,20260616,贾子矜,贾子矜,9元高中物理李博,9元高中物理李博,申坤,自有,自产原创,wangruixuebj01,0.9,0,0,0,180,0,0,0.00%,0.00%,-,0,0
7618381c53d6fb28cf215b0ab5209c85,-,-,-,-,-,https://tutor-online1.fbcontent.cn/growth/internal-material/1776416876385.7618381c53d6fb28cf215b0ab5209c85.mp4,0415-9物-自产-自产二-李博-曲中雨-子衿-A5-B3B4-无-15,20260616,贾子矜,贾子矜,9元高中物理李博,9元高中物理李博,玄武,自有,自产原创,wangruixuebj01,0.1,0,0,0,12.5,0,0,0.00%,0.00%,-,0,0
d8bacd59a8f43d749daafdb76111ddf2,-,-,-,-,-,https://tutor-online1.fbcontent.cn/growth/internal-material/1781579991969.d8bacd59a8f43d749daafdb76111ddf2.mp4,0610-199双科-自产-自产二-李博-视觉锤-子衿-A1-B4-有-1(1),20260616,贾子矜,贾子矜,199元高中双科提分课,199元高中双科提分课,自投放,自有,自产原创,wangjiananbj03,2.84,0,0,0,135.24,0,0,0.00%,0.00%,-,0,0
ea9bff779a7e11fb3ad1c7a0e173ee76,-,-,-,-,-,https://tutor-online1.fbcontent.cn/growth/internal-material/1780394012088.ea9bff779a7e11fb3ad1c7a0e173ee76.mp4,0527-9物-自产-自产主-李博-曲中雨-子衿-A5-B2-有-7-直播间,20260616,贾子矜,贾子矜,9元高中物理李博,9元高中物理李博,申坤,自有,自产原创,wangruixuebj01,47.12,0,0,0,329.51,0,0,0.70%,0%,-,0,0
342bc2ca1388ca3ba82463fcfb41a014,-,-,-,-,-,https://tutor-online1.fbcontent.cn/growth/internal-material/1779258777243.342bc2ca1388ca3ba82463fcfb41a014.mp4,0514-199双科-自产-自产二-王晶-曲中雨-子衿--B2-无-3,20260616,贾子矜,贾子矜,199元高中双科提分课,199元高中双科提分课,自投放,自有,自产原创,wangjiananbj03,0.86,0,0,0,13.23,0,0,0.00%,0.00%,-,0,0
2496fe7038879f5b222e031151cb5f9d,-,-,-,-,-,https://tutor-online1.fbcontent.cn/growth/internal-material/1779702538428.2496fe7038879f5b222e031151cb5f9d.mp4,0520-199双科-自产-自产二-李博-视觉锤-雅迪-A5-B1-无-15,20260616,王雅迪,王雅迪,199元高中双科提分课,199元高中双科提分课,自投放,自有,自产原创,wangjiananbj03,6.31,0,0,0,166.05,0,0,0.00%,0.00%,-,0,0
0ea09d7fd7f491f894cc3811cf768484,-,-,-,-,-,https://tutor-online1.fbcontent.cn/growth/internal-material/1780917864500.0ea09d7fd7f491f894cc3811cf768484.mp4,0513-199双科-自产-自产二-李博-曲中雨-嘉丽-A7-B1-有-35,20260616,魏嘉丽,韩晨国,199元高中双科提分课,199元高中双科提分课,自投放,自有,自产原创,wangjiananbj03,4.5,0,0,0,90,2250,0,4.00%,0%,-,0,0
fa70ad057d3ce1946c3cbbaf8882a7b9,-,-,-,-,-,https://tutor-online1.fbcontent.cn/growth/internal-material/1780393907968.fa70ad057d3ce1946c3cbbaf8882a7b9.mp4,0527-9物-自产-自产二-李博-曲中雨-子衿-A5-B2-有-2-直播间,20260616,贾子矜,贾子矜,9元高中物理李博,9元高中物理李博,申坤,自有,自产原创,wangruixuebj01,0.57,0,0,0,16.29,0,0,0.00%,0.00%,-,0,0
cd4f635687beaa20e346a767501e2797,-,-,-,-,-,https://tutor-online1.fbcontent.cn/growth/internal-material/1780397766113.cd4f635687beaa20e346a767501e2797.mp4,0527-9物-自产-自产二-李博-曲中雨-浩正-A5-B1-无-14-直播间,20260616,杜浩正,杜浩正,9元高中物理李博,9元高中物理李博,申坤,自有,自产原创,wangruixuebj01,43.67,9,1,0.21,49.4,1746.8,43.67,3.05%,3.70%,-,1.13,360
c267d45903734865758eed62cece63b7,-,-,-,-,-,https://tutor-online1.fbcontent.cn/growth/internal-material/1779702539164.c267d45903734865758eed62cece63b7.mp4,0520-199双科-自产-自产二-李博-视觉锤-雅迪-A5-B1-有-13,20260616,王雅迪,王雅迪,199元高中双科提分课,199元高中双科提分课,自投放,自有,自产原创,wangjiananbj03,97.22,0,0,0,211.81,19444,0,1.09%,0%,-,0,0
a033197e33f34a1b8a69d044a10a1ddb,-,-,-,-,-,https://tutor-online1.fbcontent.cn/growth/internal-material/1780656483759.a033197e33f34a1b8a69d044a10a1ddb.mp4,0603-9物-自产-自产主-李博-视觉锤-浩正-A5-B1-有-11,20260616,杜浩正,杜浩正,9元高中物理李博,9元高中物理李博,申坤,自有,自产原创,wangruixuebj01,0,0,0,0,0,0,0,0.00%,0.00%,-,0,0
d8c4cdf2337bcc647b228b69ff5d044d,-,-,-,-,-,https://tutor-online1.fbcontent.cn/growth/internal-material/1780917990603.d8c4cdf2337bcc647b228b69ff5d044d.mp4,0513-199双科-自产-自产二-李博-曲中雨-嘉丽-A7-B1-无-35,20260616,魏嘉丽,韩晨国,199元高中双科提分课,199元高中双科提分课,自投放,自有,自产原创,wangjiananbj03,119.19,0,0,0,89.21,5182.17,0,10.25%,0%,-,0,0
0ebbdbbf3d6ad22bc7c434c74828ed41,-,-,-,-,-,https://tutor-online1.fbcontent.cn/growth/internal-material/1781169457656.0ebbdbbf3d6ad22bc7c434c74828ed41.mp4,0611-状元笔记-自产-自产主--视觉锤-雅迪-A6-B5-有-42,20260616,王雅迪,王雅迪,高中手写笔记,高中手写笔记,自投放,自有,自产原创,wangjiananbj03,0.12,0,0,0,60,0,0,0.00%,0.00%,-,0,0
0d409c42d34ed525ed31ca1a83447125,-,-,-,-,-,https://tutor-online1.fbcontent.cn/growth/internal-material/1776754778140.0d409c42d34ed525ed31ca1a83447125.mp4,0408-199双科-自产-自产主-李博-曲中雨-浩正-A2-B2-无-6,20260616,杜浩正,韩晨国,199元高中双科提分课,199元高中双科提分课,自投放,自有,自产原创,wangjiananbj03,0.02,0,0,0,10,0,0,0.00%,0.00%,-,0,0
94535b49b95f8aabfaba2d68357a4718,-,-,-,-,-,https://tutor-online1.fbcontent.cn/growth/internal-material/1780061371629.94535b49b95f8aabfaba2d68357a4718.mp4,0514-199双科-自产-自产二-王晶-曲中雨-浩正-A5-B2-无-8,20260616,杜浩正,韩晨国,199元高中双科提分课,199元高中双科提分课,自投放,自有,自产原创,wangjiananbj03,64.25,0,0,0,419.93,21416.67,0,3.92%,0%,-,0,0
1efdf5fdfaeacf23fbff79764143ab33,-,-,-,-,-,https://tutor-online1.fbcontent.cn/growth/internal-material/1781580006792.1efdf5fdfaeacf23fbff79764143ab33.mp4,0610-199双科-自产-自产二-李博-视觉锤-子衿-A6-B1-无-6(1),20260616,贾子矜,贾子矜,199元高中双科提分课,199元高中双科提分课,自投放,自有,自产原创,wangjiananbj03,0.94,0,0,0,26.86,0,0,0.00%,0.00%,-,0,0
be4edc7f789e3d1fb626dc73265e4b9a,-,-,-,-,-,https://tutor-online1.fbcontent.cn/growth/internal-material/1780393994915.be4edc7f789e3d1fb626dc73265e4b9a.mp4,0527-9物-自产-自产主-李博-曲中雨-子衿-A5-B2-有-2-直播间,20260616,贾子矜,贾子矜,9元高中物理李博,9元高中物理李博,申坤,自有,自产原创,wangruixuebj01,53.66,0,0,0,86.41,17886.67,0,1.45%,0%,-,0,0
9a7c32b2ed684da8a233eaa89db19ae5,-,-,-,-,-,https://tutor-online1.fbcontent.cn/growth/internal-material/1780061372514.9a7c32b2ed684da8a233eaa89db19ae5.mp4,0514-199双科-自产-自产主-王晶-曲中雨-浩正-A2-B2-无-10,20260616,杜浩正,韩晨国,199元高中双科提分课,199元高中双科提分课,自投放,自有,自产原创,wangjiananbj03,5.31,0,0,0,35.17,2655,0,3.97%,0%,-,0,0
61a101b3e39c126ccc9d199a0cb37eb9,-,-,-,-,-,https://tutor-online1.fbcontent.cn/growth/internal-material/1780917990199.61a101b3e39c126ccc9d199a0cb37eb9.mp4,0513-199双科-自产-自产二-李博-曲中雨-嘉丽-A6-B1-无-31,20260616,魏嘉丽,韩晨国,199元高中双科提分课,199元高中双科提分课,自投放,自有,自产原创,wangjiananbj03,21.61,0,0,0,66.29,10805,0,4.60%,0%,-,0,0
5ef4ab0e53e8e4ade7b393744bf7d1cb,-,-,-,-,-,https://tutor-online1.fbcontent.cn/growth/internal-material/1780369892675.5ef4ab0e53e8e4ade7b393744bf7d1cb.mp4,0527-9物-自产-自产二-李博-视觉锤-雅迪-A5-B1-有-19,20260616,王雅迪,王雅迪,9元高中物理李博,9元高中物理李博,申坤,自有,自产原创,wangruixuebj01,2.6,0,0,0,173.33,0,0,0.00%,0.00%,-,0,0
d43e1557c7cf9338cf13269871a9d7b5,-,-,-,-,-,https://tutor-online1.fbcontent.cn/growth/internal-material/1775548306156.d43e1557c7cf9338cf13269871a9d7b5.mp4,0401-9物-自产-自产主-李博-曲中雨-子衿-A3-B1-有-23-前贴2,20260616,贾子矜,贾子矜,9元高中物理李博,9元高中物理李博,玄武,自有,自产原创,wangruixuebj01,1.49,0,0,0,70.95,0,0,0.00%,0.00%,-,0,0
cca311b3e5564492c7f183ffc34588d4,-,-,-,-,-,https://tutor-online1.fbcontent.cn/growth/internal-material/1780906799298.cca311b3e5564492c7f183ffc34588d4.mp4,0603-9物-自产-自产主-李博-曲中雨-子衿-A3-B1-有-4-直播间,20260616,贾子矜,贾子矜,9元高中物理李博,9元高中物理李博,申坤,自有,自产原创,wangruixuebj01,4.03,0,0,0,93.72,0,0,2.33%,0%,-,0,0
daf655cc2e595e39bce0bc2b90a893e7,-,-,-,-,-,https://tutor-online1.fbcontent.cn/growth/internal-material/1779258539843.daf655cc2e595e39bce0bc2b90a893e7.mp4,0512-199双科-自产-自产主-王晶-曲中雨-子衿--B1B4-有-3,20260616,贾子矜,贾子矜,199元高中双科提分课,199元高中双科提分课,自投放,自有,自产原创,wangjiananbj03,31.48,0,0,0,81.34,10493.33,0,1.03%,0%,-,0,0
c3d55ddec117721bb43ff46a2e070ab9,-,-,-,-,-,https://tutor-online1.fbcontent.cn/growth/internal-material/1780369784412.c3d55ddec117721bb43ff46a2e070ab9.mp4,0527-9物-自产-自产主-李博-视觉锤-雅迪-A5-B1-无-16,20260616,王雅迪,王雅迪,9元高中物理李博,9元高中物理李博,申坤,自有,自产原创,wangruixuebj01,0.13,0,0,0,65,0,0,0.00%,0.00%,-,0,0
ee748f669050fc55649f1c867fe7f352,-,-,-,-,-,https://tutor-online1.fbcontent.cn/growth/internal-material/1780906797530.ee748f669050fc55649f1c867fe7f352.mp4,0603-9物-自产-自产主-李博-曲中雨-子衿-A3-B1-无-8-直播间,20260616,贾子矜,贾子矜,9元高中物理李博,9元高中物理李博,申坤,自有,自产原创,wangruixuebj01,0.16,0,0,0,22.86,0,0,0.00%,0.00%,-,0,0
b13145b978dc22d712009b1d698b5c46,-,-,-,-,-,https://tutor-online1.fbcontent.cn/growth/internal-material/1778667030881.b13145b978dc22d712009b1d698b5c46.mp4,0317-199物-自产-自产主-李博-曲中雨-子衿-A2-B1B4-有-28-迭代3,20260616,贾子矜,贾子矜,199元高中双科提分课,199元高中双科提分课,自投放,自有,自产原创,wangjiananbj03,0.25,0,0,0,83.33,0,0,0.00%,0.00%,-,0,0
0629066c4851ab1e9061310d07ad5600,-,-,-,-,-,https://tutor-online1.fbcontent.cn/growth/internal-material/1772517101338.0629066c4851ab1e9061310d07ad5600.mp4,0211-9物-自产-自产主-李博-亿晨-子衿-A7-B1-无-4,20260616,贾子矜,贾子矜,9元高中物理李博,9元高中物理李博-实物,玄武,自有,自产原创,wangruixuebj01,41.65,0,0,0,108.18,13883.33,0,0.78%,0%,-,0,0
658c6b546d8d44669c405f4fc975feb7,-,-,-,-,-,https://tutor-online1.fbcontent.cn/growth/internal-material/1779456253310.658c6b546d8d44669c405f4fc975feb7.mp4,0429-199双科-自产-自产主-李博-曲中雨-浩正-A7-B2-有-22,20260616,杜浩正,韩晨国,199元高中双科提分课,199元高中双科提分课,自投放,自有,自产原创,wangjiananbj03,115.34,0,0,0,305.13,14417.5,0,2.38%,0%,-,0,0
fcaf23abc3acabbdcd692549ba34336f,-,-,-,-,-,https://tutor-online1.fbcontent.cn/growth/internal-material/1781579961281.fcaf23abc3acabbdcd692549ba34336f.mp4,0610-199双科-自产-自产二-李博-视觉锤-子衿-A2-B3-无-8(1),20260616,贾子矜,贾子矜,199元高中双科提分课,199元高中双科提分课,自投放,自有,自产原创,wangjiananbj03,0.03,0,0,0,15,0,0,0.00%,0.00%,-,0,0
ed614a2eb44b5fe0176d925f46bd2a80,-,-,-,-,-,https://tutor-online1.fbcontent.cn/growth/internal-material/1780984420344.ed614a2eb44b5fe0176d925f46bd2a80.mp4,0526-199双科-自产-自产二-王晶-亿晨-子衿-A7-B2-有-2,20260616,贾子矜,贾子矜,199元高中双科提分课,199元高中双科提分课,自投放,自有,自产原创,wangjiananbj03,12.53,0,0,0,358,0,0,0.00%,0.00%,-,0,0
c6e85e79dbff9dddf7d9a906f4fdde98,-,-,-,-,-,https://tutor-online1.fbcontent.cn/growth/internal-material/1776416942616.c6e85e79dbff9dddf7d9a906f4fdde98.mp4,0415-9物-自产-自产主-李博-曲中雨-子衿-A6-B1-无-13,20260616,贾子矜,贾子矜,9元高中物理李博,9元高中物理李博,玄武,自有,自产原创,wangruixuebj01,0.03,0,0,0,15,0,0,0.00%,0.00%,-,0,0
1af3ac98835302c4de6b3fe9fb7b2444,-,-,-,-,-,https://tutor-online1.fbcontent.cn/growth/internal-material/1779701509612.1af3ac98835302c4de6b3fe9fb7b2444.mp4,0520-199双科-自产-自产二-李博-曲中雨-浩正-A5-B2-无-8,20260616,杜浩正,杜浩正,199元高中双科提分课,199元高中双科提分课,自投放,自有,自产原创,wangjiananbj03,3.12,0,0,0,86.67,0,0,2.78%,0%,-,0,0
20b8eb386392f37b747f7637c49b3ec7,-,-,-,-,-,https://tutor-online1.fbcontent.cn/growth/internal-material/1775548305351.20b8eb386392f37b747f7637c49b3ec7.mp4,0401-9物-自产-自产主-李博-曲中雨-子衿-A3-B1-有-23-前贴1,20260616,贾子矜,贾子矜,9元高中物理李博,9元高中物理李博,玄武,自有,自产原创,wangruixuebj01,1.35,0,0,0,79.41,0,0,0.00%,0.00%,-,0,0
a033197e33f34a1b8a69d044a10a1ddb,-,-,-,-,-,https://tutor-online1.fbcontent.cn/growth/internal-material/1780656483759.a033197e33f34a1b8a69d044a10a1ddb.mp4,0603-9物-自产-自产主-李博-视觉锤-浩正-A5-B1-有-11,20260616,杜浩正,杜浩正,9元高中物理李博,9元高中物理李博,申坤,自有,自产原创,wangruixuebj01,14.6,0,0,0,97.33,3650,0,3.33%,0%,-,0,0
26a83dce037b3511a91d0fef75e0e59b,-,-,-,-,-,https://tutor-online1.fbcontent.cn/growth/internal-material/1775548228196.26a83dce037b3511a91d0fef75e0e59b.mp4,0401-9物-自产-自产二-李博-曲中雨-子衿-A3-B1-无-23,20260616,贾子矜,贾子矜,9元高中物理李博,9元高中物理李博,玄武,自有,自产原创,wangruixuebj01,0.06,0,0,0,5,0,0,0.00%,0.00%,-,0,0
40cd5b3cceceab4877fbf9460add984b,-,-,-,-,-,https://tutor-online1.fbcontent.cn/growth/internal-material/1780569960569.40cd5b3cceceab4877fbf9460add984b.mp4,0527-199双科-自产-自产主-李博-曲中雨-嘉丽-A6-B1-无-14,20260616,魏嘉丽,魏嘉丽,199元高中双科提分课,199元高中双科提分课,自投放,自有,自产原创,wangjiananbj03,0.04,0,0,0,13.33,0,0,0.00%,0.00%,-,0,0
0f7cc405a4be1fa4605f0b0a4d5fd80e,-,-,-,-,-,https://tutor-online1.fbcontent.cn/growth/internal-material/1778581776108.0f7cc405a4be1fa4605f0b0a4d5fd80e.mp4,0508-199双科-自产-自产主-李博-视觉锤-雅迪-A1-B4B6-有-12,20260616,王雅迪,王雅迪,199元高中双科提分课,199元高中双科提分课,自投放,自有,自产原创,wangjiananbj03,1873.53,796,4,0.42,464.78,45695.85,468.38,1.46%,6.78%,-,0.99,19414.63
9c24810c40acfa7fc33e074f18a9eed9,-,-,-,-,-,https://tutor-online1.fbcontent.cn/growth/internal-material/1781517229226.9c24810c40acfa7fc33e074f18a9eed9.mp4,0611-199双科-自产-自产二-王晶-曲中雨-婷玉-A2-B5-无-15,20260616,吴婷玉,吴婷玉,199元高中双科提分课,199元高中双科提分课,自投放,自有,自产原创,wangjiananbj03,9.84,0,0,0,131.2,0,0,8.00%,0%,-,0,0
69d0af91a962fe9a566056855b970a25,-,-,-,-,-,https://tutor-online1.fbcontent.cn/growth/internal-material/1780397823386.69d0af91a962fe9a566056855b970a25.mp4,0527-9物-自产-自产主-李博-曲中雨-浩正-A5-B1-无-14-直播间,20260616,杜浩正,杜浩正,9元高中物理李博,9元高中物理李博,申坤,自有,自产原创,wangruixuebj01,21.78,0,0,0,69.36,2178,0,2.87%,0%,-,0,0
e1f080fdd0bb5e9771fae913bd23c5fe,-,-,-,-,-,https://tutor-online1.fbcontent.cn/growth/internal-material/1780656483064.e1f080fdd0bb5e9771fae913bd23c5fe.mp4,0603-9物-自产-自产主-李博-视觉锤-浩正-A5-B1-无-14,20260616,杜浩正,杜浩正,9元高中物理李博,9元高中物理李博,申坤,自有,自产原创,wangruixuebj01,1.21,0,0,0,86.43,0,0,0.00%,0.00%,-,0,0
5802e9366462b661689e89fc8e99a954,-,-,-,-,-,https://tutor-online1.fbcontent.cn/growth/internal-material/1779278565965.5802e9366462b661689e89fc8e99a954.mp4,0513-199双科-自产-自产主-李博-视觉锤-雅迪-A5-B1-有-21,20260616,王雅迪,王雅迪,199元高中双科提分课,199元高中双科提分课,自投放,自有,自产原创,wangjiananbj03,0,0,0,0,0,0,0,0.00%,0.00%,-,0,0
95ddad961cb46d1dce0148ee3f3fccac,-,-,-,-,-,https://tutor-online1.fbcontent.cn/growth/internal-material/1781169457838.95ddad961cb46d1dce0148ee3f3fccac.mp4,0611-状元笔记-自产-自产主--视觉锤-雅迪-A6-B5-有-44,20260616,王雅迪,王雅迪,高中手写笔记,高中手写笔记,自投放,自有,自产原创,wangjiananbj03,0.02,0,0,0,20,0,0,0.00%,0.00%,-,0,0
3cd2f91e0cd0695b559b59b6d5826bff,-,-,-,-,-,https://tutor-online1.fbcontent.cn/growth/internal-material/1780984421192.3cd2f91e0cd0695b559b59b6d5826bff.mp4,0526-199双科-自产-自产主-王晶-亿晨-子衿-A7-B1-有-4,20260616,贾子矜,贾子矜,199元高中双科提分课,199元高中双科提分课,自投放,自有,自产原创,wangjiananbj03,12.16,0,0,0,50.67,0,0,0.42%,0%,-,0,0
52251a6062803828e0bdaaffcf96ef94,-,-,-,-,-,https://tutor-online1.fbcontent.cn/growth/internal-material/1780394050306.52251a6062803828e0bdaaffcf96ef94.mp4,0527-9物-自产-自产主-李博-曲中雨-子衿-A6-B3-有-9-直播间,20260616,贾子矜,贾子矜,9元高中物理李博,9元高中物理李博,申坤,自有,自产原创,wangruixuebj01,1.63,0,0,0,148.18,0,0,0.00%,0.00%,-,0,0
98d6a1174a174ced8647f4166896d075,-,-,-,-,-,https://tutor-online1.fbcontent.cn/growth/internal-material/1780917864124.98d6a1174a174ced8647f4166896d075.mp4,0513-199双科-自产-自产主-李博-曲中雨-嘉丽-A1-B1-有-30,20260616,魏嘉丽,韩晨国,199元高中双科提分课,199元高中双科提分课,自投放,自有,自产原创,wangjiananbj03,13.74,0,0,0,63.03,4580,0,6.88%,0%,-,0,0
290149ec5bdce91b90a9ab0055ddefeb,-,-,-,-,-,https://tutor-online1.fbcontent.cn/growth/internal-material/1780061372821.290149ec5bdce91b90a9ab0055ddefeb.mp4,0514-199双科-自产-自产主-王晶-曲中雨-浩正-A5-B2B4-无-7,20260616,杜浩正,韩晨国,199元高中双科提分课,199元高中双科提分课,自投放,自有,自产原创,wangjiananbj03,0.06,0,0,0,6.67,0,0,0.00%,0.00%,-,0,0
fc9c7b3d0b362bf3fc8da2fcc6217894,-,-,-,-,-,https://tutor-online1.fbcontent.cn/growth/internal-material/1777262046802.fc9c7b3d0b362bf3fc8da2fcc6217894.mp4,0422-9物-自产-自产二-李博-曲中雨-子衿-A7-B1-有-14-前贴4,20260616,贾子矜,贾子矜,9元高中物理李博,9元高中物理李博,申坤,自有,自产原创,wangruixuebj01,2.45,0,0,0,81.67,0,0,0.00%,0.00%,-,0,0
f7fe563190b56bbc288e52984397b6da,-,-,-,-,-,https://tutor-online1.fbcontent.cn/growth/internal-material/1781582189080.f7fe563190b56bbc288e52984397b6da.mp4,0610-9物-自产-自产二-李博-视觉锤-雅迪-A5-B2-无-16,20260616,王雅迪,王雅迪,9元高中物理李博,9元高中物理李博,申坤,自有,自产原创,wangruixuebj01,0.71,0,0,0,25.36,0,0,0.00%,0.00%,-,0,0
f73474b3595571b16bb9286be6d410c4,-,-,-,-,-,https://tutor-online1.fbcontent.cn/growth/internal-material/1780041102286.f73474b3595571b16bb9286be6d410c4.mp4,0520-199双科-自产-自产主-李博-视觉锤-小敏-A1-B6-无-21,20260616,曲敏,曲敏,199元高中双科提分课,199元高中双科提分课,自投放,自有,自产原创,wangjiananbj03,34.4,0,0,0,194.35,0,0,6.78%,0%,-,0,0
ed6cda8f9a9b59d22e05ffa11d61d0e6,-,-,-,-,-,https://tutor-online1.fbcontent.cn/growth/internal-material/1780917862382.ed6cda8f9a9b59d22e05ffa11d61d0e6.mp4,0513-199双科-自产-自产主-李博-曲中雨-嘉丽-A5-B1-有-33,20260616,魏嘉丽,韩晨国,199元高中双科提分课,199元高中双科提分课,自投放,自有,自产原创,wangjiananbj03,7.6,0,0,0,168.89,7600,0,6.67%,0%,-,0,0
745ee7f6de7484ccc051fde7e3381074,-,-,-,-,-,https://tutor-online1.fbcontent.cn/growth/internal-material/1780983143504.745ee7f6de7484ccc051fde7e3381074.mp4,6月4日 (3),20260616,贾子矜,贾子矜,199元高中双科提分课,199元高中双科提分课,自投放,自有,自产原创,wangjiananbj03,7.05,0,0,0,111.9,0,0,11.11%,0%,-,0,0
4e145760dc994364cdf4525f7a534916,-,-,-,-,-,https://tutor-online1.fbcontent.cn/growth/internal-material/1781340108279.4e145760dc994364cdf4525f7a534916.mp4,0611-状元笔记-自产-自产主--视觉锤-雅迪-A5-B2-无-20,20260616,王雅迪,王雅迪,高中手写笔记,高中手写笔记,自投放,自有,自产原创,wangjiananbj03,1.58,0,0,0,29.81,0,0,0.00%,0.00%,-,0,0
87baae29dbb62be599751d4638bb8adf,-,-,-,-,-,https://tutor-online1.fbcontent.cn/growth/internal-material/1779440164972.87baae29dbb62be599751d4638bb8adf.mp4,0513-199双科-自产-自产主-李博-曲中雨-嘉丽-A7-B1-无-32,20260616,魏嘉丽,魏嘉丽,199元高中双科提分课,199元高中双科提分课,自投放,自有,自产原创,wangjiananbj03,1.5,0,0,0,17.44,0,0,0.00%,0.00%,-,0,0
94a9716c21d134442dc7400029c76b5c,-,-,-,-,-,https://tutor-online1.fbcontent.cn/growth/internal-material/1780656482857.94a9716c21d134442dc7400029c76b5c.mp4,0603-9物-自产-自产主-李博-视觉锤-浩正-A5-B1-有-15,20260616,杜浩正,杜浩正,9元高中物理李博,9元高中物理李博,申坤,自有,自产原创,wangruixuebj01,6.97,0,0,0,78.31,2323.33,0,4.49%,0%,-,0,0
8cdeda721ad44401ae7faf876df78f53,-,-,-,-,-,https://tutor-online1.fbcontent.cn/growth/internal-material/1777262038039.8cdeda721ad44401ae7faf876df78f53.mp4,0422-9物-自产-自产二-李博-曲中雨-子衿-A7-B1-无-14,20260616,贾子矜,贾子矜,9元高中物理李博,9元高中物理李博,申坤,自有,自产原创,wangruixuebj01,0.91,0,0,0,56.88,0,0,6.25%,0%,-,0,0
c28a370aed0811c61f3d596242d9f9f7,-,-,-,-,-,https://tutor-online1.fbcontent.cn/growth/internal-material/1781079686346.c28a370aed0811c61f3d596242d9f9f7.mp4,0604-状元笔记-自产-混剪--曲中雨-婷玉---无-32,20260616,吴婷玉,吴婷玉,高中手写笔记,高中手写笔记,自投放,自有,自产原创,wangjiananbj03,8.65,0,0,0,98.3,0,0,4.55%,0%,-,0,0
ecf4ff639de23f5e439bd8367e726ce7,-,-,-,-,-,https://tutor-online1.fbcontent.cn/growth/internal-material/1774510704385.ecf4ff639de23f5e439bd8367e726ce7.mp4,0324-9物-自产-自产主-李博-曲中雨-子衿-A5-B1-有-18-前贴1,20260616,贾子矜,贾子矜,9元高中物理李博,9元高中物理李博,玄武,自有,自产原创,wangruixuebj01,1.07,0,0,0,178.33,0,0,0.00%,0.00%,-,0,0
6b70c2af4606d6547814815c15592a3b,-,-,-,-,-,https://tutor-online1.fbcontent.cn/growth/internal-material/1776851501030.6b70c2af4606d6547814815c15592a3b.mp4,0415-199双科-自产-自产主-李博-曲中雨-浩正-A5-B2-有-8-迭代2,20260616,贾子矜,贾子矜,199元高中双科提分课,199元高中双科提分课,自投放,自有,自产原创,wangjiananbj03,831.26,199,1,0.24,199.39,29687.86,831.26,1.94%,1.23%,-,0.24,7107.14
60fda511de23511be14bbd8d8186fc12,-,-,-,-,-,https://tutor-online1.fbcontent.cn/growth/internal-material/1778581745046.60fda511de23511be14bbd8d8186fc12.mp4,0508-199双科-自产-自产主-李博-视觉锤-雅迪-A5-B1-无-17,20260616,王雅迪,王雅迪,199元高中双科提分课,199元高中双科提分课,自投放,自有,自产原创,wangjiananbj03,56.33,0,0,0,147.85,18776.67,0,1.05%,0%,-,0,0
c8d85e0f2a43603e4807b1cdd486ed21,-,-,-,-,-,https://tutor-online1.fbcontent.cn/growth/internal-material/1775548229436.c8d85e0f2a43603e4807b1cdd486ed21.mp4,0401-9物-自产-自产二-李博-曲中雨-子衿-A3-B1-有-23-前贴1,20260616,贾子矜,贾子矜,9元高中物理李博,9元高中物理李博,玄武,自有,自产原创,wangruixuebj01,111.12,0,0,0,274.37,37040,0,1.48%,0%,-,0,0
5e5d754fa608d9875061e20c1797f092,-,-,-,-,-,https://tutor-online1.fbcontent.cn/growth/internal-material/1780061373802.5e5d754fa608d9875061e20c1797f092.mp4,0514-199双科-自产-自产主-王晶-曲中雨-浩正-A6-B2-无-6,20260616,杜浩正,韩晨国,199元高中双科提分课,199元高中双科提分课,自投放,自有,自产原创,wangjiananbj03,3.47,0,0,0,63.09,1735,0,3.64%,0%,-,0,0
8e80c975b4db74d7e330c875722ad6fd,-,-,-,-,-,https://tutor-online1.fbcontent.cn/growth/internal-material/1781579957774.8e80c975b4db74d7e330c875722ad6fd.mp4,0610-199双科-自产-自产二-李博-视觉锤-子衿-A2-B1-无-7(1),20260616,贾子矜,贾子矜,199元高中双科提分课,199元高中双科提分课,自投放,自有,自产原创,wangjiananbj03,0.68,0,0,0,42.5,0,0,0.00%,0.00%,-,0,0
68f757d575aaf8195b6bd31e16a26817,-,-,-,-,-,https://tutor-online1.fbcontent.cn/growth/internal-material/1780393906984.68f757d575aaf8195b6bd31e16a26817.mp4,0527-9物-自产-自产二-李博-曲中雨-子衿-A5-B2-无-3-直播间,20260616,贾子矜,贾子矜,9元高中物理李博,9元高中物理李博,申坤,自有,自产原创,wangruixuebj01,22.12,0,0,0,1474.67,22120,0,6.67%,0%,-,0,0
ee748f669050fc55649f1c867fe7f352,-,-,-,-,-,https://tutor-online1.fbcontent.cn/growth/internal-material/1780906797530.ee748f669050fc55649f1c867fe7f352.mp4,0603-9物-自产-自产主-李博-曲中雨-子衿-A3-B1-无-8-直播间,20260616,贾子矜,贾子矜,9元高中物理李博,9元高中物理李博,申坤,自有,自产原创,wangruixuebj01,13.26,0,0,0,224.75,13260,0,1.69%,0%,-,0,0
01a435819c48499543ac58eb5fa4c78d,-,-,-,-,-,https://tutor-online1.fbcontent.cn/growth/internal-material/1779706245887.01a435819c48499543ac58eb5fa4c78d.mp4,0520-199双科-自产-自产二-李博-曲中雨-子衿-A6-B1-有-3,20260616,贾子矜,贾子矜,199元高中双科提分课,199元高中双科提分课,自投放,自有,自产原创,wangjiananbj03,41.09,0,0,0,266.82,13696.67,0,4.55%,0%,-,0,0
a835f3d9e3bbec363e7098651c7bb2ef,-,-,-,-,-,https://tutor-online1.fbcontent.cn/growth/internal-material/1778246529424.a835f3d9e3bbec363e7098651c7bb2ef.mp4,0429-199双科-自产-自产主-李博-曲中雨-雅迪-A2-B4-无-12,20260616,王雅迪,韩晨国,199元高中双科提分课,199元高中双科提分课,自投放,自有,自产原创,wangjiananbj03,8.4,0,0,0,72.41,0,0,0.86%,0%,-,0,0
9bff8ac0295893efb19cc63fe157c2a9,-,-,-,-,-,https://tutor-online1.fbcontent.cn/growth/internal-material/1780397853206.9bff8ac0295893efb19cc63fe157c2a9.mp4,0527-9物-自产-自产主-李博-曲中雨-浩正-A5-B1-有-12-直播间-前贴2,20260616,杜浩正,杜浩正,9元高中物理李博,9元高中物理李博,申坤,自有,自产原创,wangruixuebj01,0.05,0,0,0,5.56,0,0,0.00%,0.00%,-,0,0
5481a02db78832947810f04ec4ddbd8c,-,-,-,-,-,https://tutor-online1.fbcontent.cn/growth/internal-material/1780906798038.5481a02db78832947810f04ec4ddbd8c.mp4,0603-9物-自产-自产主-李博-曲中雨-子衿-A6-B2-无-6-直播间,20260616,贾子矜,贾子矜,9元高中物理李博,9元高中物理李博,申坤,自有,自产原创,wangruixuebj01,12.36,0,0,0,62.11,0,0,1.51%,0%,-,0,0
89ade7b44e4a25c185cfae92f2fb48c2,-,-,-,-,-,https://tutor-online1.fbcontent.cn/growth/internal-material/1779421612919.89ade7b44e4a25c185cfae92f2fb48c2.mp4,0513-199双科-自产-自产主-李博-曲中雨-忍哥-A5-B1-有-27,20260616,王雅迪,王雅迪,199元高中双科提分课,199元高中双科提分课,自投放,自有,自产原创,wangjiananbj03,16.03,0,0,0,193.13,16030,0,1.20%,0%,-,0,0
8c1af27a915de2e74c6351aefd638254,-,-,-,-,-,https://tutor-online1.fbcontent.cn/growth/internal-material/1780917989263.8c1af27a915de2e74c6351aefd638254.mp4,0513-199双科-自产-自产二-李博-曲中雨-嘉丽-A7-B1-无-32,20260616,魏嘉丽,韩晨国,199元高中双科提分课,199元高中双科提分课,自投放,自有,自产原创,wangjiananbj03,32.48,0,0,0,122.11,32480,0,5.26%,0%,-,0,0
742bb10b5dfc8caff044c6811d93d7ee,-,-,-,-,-,https://tutor-online1.fbcontent.cn/growth/internal-material/1777262140189.742bb10b5dfc8caff044c6811d93d7ee.mp4,0422-9物-自产-自产主-李博-曲中雨-子衿-A7-B1-有-14-前贴2,20260616,贾子矜,贾子矜,9元高中物理李博,9元高中物理李博,申坤,自有,自产原创,wangruixuebj01,14.87,0,0,0,150.2,14870,0,2.02%,0%,-,0,0
ac6b945414eb899ece6ca8f2bd57bddf,-,-,-,-,-,https://tutor-online1.fbcontent.cn/growth/internal-material/1779706278704.ac6b945414eb899ece6ca8f2bd57bddf.mp4,0520-199双科-自产-自产主-李博-曲中雨-子衿-A6-B1-无-3,20260616,贾子矜,贾子矜,199元高中双科提分课,199元高中双科提分课,自投放,自有,自产原创,wangjiananbj03,82.82,0,0,0,206.02,41410,0,6.72%,0%,-,0,0
3c6e9495c641a24d19839600be35471f,-,-,-,-,-,https://tutor-online1.fbcontent.cn/growth/internal-material/1780984422492.3c6e9495c641a24d19839600be35471f.mp4,0526-199双科-自产-自产二-王晶-亿晨-子衿-A6-B1-有-1,20260616,贾子矜,贾子矜,199元高中双科提分课,199元高中双科提分课,自投放,自有,自产原创,wangjiananbj03,0.16,0,0,0,53.33,0,0,0.00%,0.00%,-,0,0
79f511c71f022bdcb20c91a093e5762f,-,-,-,-,-,https://tutor-online1.fbcontent.cn/growth/internal-material/1781580030000.79f511c71f022bdcb20c91a093e5762f.mp4,0610-199双科-自产-自产二-李博-视觉锤-子衿-A6-B1-有-2(1),20260616,贾子矜,贾子矜,199元高中双科提分课,199元高中双科提分课,自投放,自有,自产原创,wangjiananbj03,1.31,0,0,0,87.33,0,0,0.00%,0.00%,-,0,0
78a2c5c8e98ba214d233f06169ed3c23,-,-,-,-,-,https://tutor-online1.fbcontent.cn/growth/internal-material/1779422155748.78a2c5c8e98ba214d233f06169ed3c23.mp4,0512-199双科-自产-自产二-王晶-云梵-雅迪---有-11,20260616,王雅迪,王雅迪,199元高中双科提分课,199元高中双科提分课,自投放,自有,自产原创,wangjiananbj03,1.67,0,0,0,79.52,0,0,9.52%,0%,-,0,0
0dfe3f10afb06600da1f570e20be1bfb,-,-,-,-,-,https://tutor-online1.fbcontent.cn/growth/internal-material/1779706246666.0dfe3f10afb06600da1f570e20be1bfb.mp4,0520-199双科-自产-自产二-李博-曲中雨-子衿-A5-B2-无-4,20260616,贾子矜,贾子矜,199元高中双科提分课,199元高中双科提分课,自投放,自有,自产原创,wangjiananbj03,0.11,0,0,0,5.79,0,0,0.00%,0.00%,-,0,0
3b3b31116d4d52e405e9dd5195396897,-,-,-,-,-,https://tutor-online1.fbcontent.cn/growth/internal-material/1774510703010.3b3b31116d4d52e405e9dd5195396897.mp4,0324-9物-自产-自产主-李博-曲中雨-子衿-A3-B2B4-有-19-前贴1,20260616,贾子矜,贾子矜,9元高中物理李博,9元高中物理李博,玄武,自有,自产原创,wangruixuebj01,126.51,9,1,0.07,61.98,14056.67,126.51,2.94%,1.67%,-,0.49,1000
58167d69f15fa28564f3262d02c925e3,-,-,-,-,-,https://tutor-online1.fbcontent.cn/growth/internal-material/1780917987904.58167d69f15fa28564f3262d02c925e3.mp4,0513-199双科-自产-自产主-李博-曲中雨-嘉丽-A5-B1-无-33,20260616,魏嘉丽,韩晨国,199元高中双科提分课,199元高中双科提分课,自投放,自有,自产原创,wangjiananbj03,113.45,0,0,0,136.69,18908.33,0,3.25%,0%,-,0,0
10dce81c9206ec8d2f6729983c15c776,-,-,-,-,-,https://tutor-online1.fbcontent.cn/growth/internal-material/1781517229788.10dce81c9206ec8d2f6729983c15c776.mp4,0611-199双科-自产-自产二-王晶-曲中雨-婷玉-A3-B2-有-16,20260616,吴婷玉,吴婷玉,199元高中双科提分课,199元高中双科提分课,自投放,自有,自产原创,wangjiananbj03,7.06,0,0,0,75.11,0,0,4.26%,0%,-,0,0
b15470feab69c92b51e5b50af5de5d84,-,-,-,-,-,https://tutor-online1.fbcontent.cn/growth/internal-material/1780656483738.b15470feab69c92b51e5b50af5de5d84.mp4,0603-9物-自产-自产主-李博-视觉锤-浩正-A5-B1-有-14,20260616,杜浩正,杜浩正,9元高中物理李博,9元高中物理李博,申坤,自有,自产原创,wangruixuebj01,0.55,0,0,0,16.67,0,0,0.00%,0.00%,-,0,0
c58f60f1360185b394a2b5ff4ca07dcc,-,-,-,-,-,https://tutor-online1.fbcontent.cn/growth/internal-material/1779427696129.c58f60f1360185b394a2b5ff4ca07dcc.mp4,0512-199双科-自产-自产主-王晶-曲中雨-雅迪---无-11,20260616,王雅迪,王雅迪,199元高中双科提分课,199元高中双科提分课,自投放,自有,自产原创,wangjiananbj03,0.22,0,0,0,14.67,0,0,0.00%,0.00%,-,0,0
78b593aeaf021a7469a299aa4693e491,-,-,-,-,-,https://tutor-online1.fbcontent.cn/growth/internal-material/1781507112743.78b593aeaf021a7469a299aa4693e491.mp4,0610-9物-自产-自产主-李博-曲中雨-子衿-A6-B2-无-6,20260616,贾子矜,贾子矜,9元高中物理李博,9元高中物理李博,申坤,自有,自产原创,wangruixuebj01,0,0,0,0,0,0,0,0.00%,0.00%,-,0,0
5c6bd611cd46e0bbe6f3ab1492e26952,-,-,-,-,-,https://tutor-online1.fbcontent.cn/growth/internal-material/1780975265990.5c6bd611cd46e0bbe6f3ab1492e26952.mp4,0514-199双科-自产-自产主-王晶-云梵-嘉丽--B1-无-24,20260616,魏嘉丽,韩晨国,199元高中双科提分课,199元高中双科提分课,自投放,自有,自产原创,wangjiananbj03,19.66,0,0,0,115.65,0,0,2.94%,0%,-,0,0
63336d0afafe2f3680b8f47bb3768e74,-,-,-,-,-,https://tutor-online1.fbcontent.cn/growth/internal-material/1775810390856.63336d0afafe2f3680b8f47bb3768e74.mp4,0317-199物-自产-自产二-李博-曲中雨-浩正-A2-B2-无-20,20260616,杜浩正,杜浩正,199元高中双科提分课,199元高中双科提分课,自投放,自有,自产原创,wangjiananbj03,173.95,0,0,0,162.87,43487.5,0,0.47%,0%,-,0,0
70bc468336640d804e502e084256be87,-,-,-,-,-,https://tutor-online1.fbcontent.cn/growth/internal-material/1780906797546.70bc468336640d804e502e084256be87.mp4,0603-9物-自产-自产主-李博-曲中雨-子衿-A3-B1-无-10-直播间,20260616,贾子矜,贾子矜,9元高中物理李博,9元高中物理李博,申坤,自有,自产原创,wangruixuebj01,8.55,0,0,0,66.28,0,0,1.55%,0%,-,0,0
f3288b9939c59e630458e23e380e7ba9,-,-,-,-,-,https://tutor-online1.fbcontent.cn/growth/internal-material/1779427695243.f3288b9939c59e630458e23e380e7ba9.mp4,0512-199双科-自产-自产主-王晶-曲中雨-雅迪---无-12,20260616,王雅迪,王雅迪,199元高中双科提分课,199元高中双科提分课,自投放,自有,自产原创,wangjiananbj03,0.11,0,0,0,0.07,27.5,0,0.38%,0%,-,0,0
0cdd0c66a10501f45a7a11c66f36b5ee,-,-,-,-,-,https://tutor-online1.fbcontent.cn/growth/internal-material/1779702538778.0cdd0c66a10501f45a7a11c66f36b5ee.mp4,0520-199双科-自产-自产二-李博-视觉锤-雅迪-A5-B1-无-14,20260616,王雅迪,王雅迪,199元高中双科提分课,199元高中双科提分课,自投放,自有,自产原创,wangjiananbj03,0.17,0,0,0,15.45,0,0,0.00%,0.00%,-,0,0
f018a74111dbf4115a1979dbd2c88ad3,-,-,-,-,-,https://tutor-online1.fbcontent.cn/growth/internal-material/1781003732890.f018a74111dbf4115a1979dbd2c88ad3.mp4,0604-状元笔记-自产-自产主--视觉锤-雅迪-有-17,20260616,王雅迪,王雅迪,高中手写笔记,高中手写笔记,自投放,自有,自产原创,wangjiananbj03,10.57,0,0,0,12.54,0,0,9.02%,0%,-,0,0
189e0b988ff1644c3d01bec06c6f01b5,-,-,-,-,-,https://tutor-online1.fbcontent.cn/growth/internal-material/1781082699558.189e0b988ff1644c3d01bec06c6f01b5.mp4,0604-状元笔记-自产-混剪--曲中雨-嘉丽---有-5,20260616,魏嘉丽,魏嘉丽,高中手写笔记,高中手写笔记,自投放,自有,自产原创,wangjiananbj03,0.48,0,0,0,32,0,0,0.00%,0.00%,-,0,0
bc31206d1a982654e5a27fa9bef554fd,-,-,-,-,-,https://tutor-online1.fbcontent.cn/growth/internal-material/1781004493849.bc31206d1a982654e5a27fa9bef554fd.mp4,0603-9物-自产-自产二-李博-视觉锤-雅迪-A5-B1-有-20,20260616,王雅迪,王雅迪,9元高中物理李博,9元高中物理李博,申坤,自有,自产原创,wangruixuebj01,0.1,0,0,0,33.33,0,0,33.33%,0%,-,0,0
fac75c4ec0bca6b960d81290287ba777,-,-,-,-,-,https://tutor-online1.fbcontent.cn/growth/internal-material/1781579960306.fac75c4ec0bca6b960d81290287ba777.mp4,0610-199双科-自产-自产二-李博-视觉锤-子衿-A2-B1-有-7(1),20260616,贾子矜,贾子矜,199元高中双科提分课,199元高中双科提分课,自投放,自有,自产原创,wangjiananbj03,0.1,0,0,0,9.09,0,0,0.00%,0.00%,-,0,0
39d5d6807566c6a776270c3686825b80,-,-,-,-,-,https://tutor-online1.fbcontent.cn/growth/internal-material/1780060825586.39d5d6807566c6a776270c3686825b80.mp4,0512-199双科-自产-自产主-王晶-云梵-小敏--B1-无-22,20260616,曲敏,韩晨国,199元高中双科提分课,199元高中双科提分课,自投放,自有,自产原创,wangjiananbj03,8.18,0,0,0,292.14,0,0,21.43%,0%,-,0,0
b22480ac2f470f56e33aac1e2cf2c403,-,-,-,-,-,https://tutor-online1.fbcontent.cn/growth/internal-material/1775810396949.b22480ac2f470f56e33aac1e2cf2c403.mp4,0317-199物-自产-自产二-李博-曲中雨-浩正--B2-有-19,20260616,杜浩正,杜浩正,199元高中双科提分课,199元高中双科提分课,自投放,自有,自产原创,wangjiananbj03,733.52,199,1,0.27,155.6,30563.33,733.52,0.76%,2.78%,-,0.21,8291.67
b15470feab69c92b51e5b50af5de5d84,-,-,-,-,-,https://tutor-online1.fbcontent.cn/growth/internal-material/1780656483738.b15470feab69c92b51e5b50af5de5d84.mp4,0603-9物-自产-自产主-李博-视觉锤-浩正-A5-B1-有-14,20260616,杜浩正,杜浩正,9元高中物理李博,9元高中物理李博,申坤,自有,自产原创,wangruixuebj01,0.08,0,0,0,7.27,0,0,0.00%,0.00%,-,0,0
5ee3c8e1ef1631840c6e5db2c8f23ffb,-,-,-,-,-,https://tutor-online1.fbcontent.cn/growth/internal-material/1780917861927.5ee3c8e1ef1631840c6e5db2c8f23ffb.mp4,0513-199双科-自产-自产主-李博-曲中雨-嘉丽-A6-B1-有-29,20260616,魏嘉丽,韩晨国,199元高中双科提分课,199元高中双科提分课,自投放,自有,自产原创,wangjiananbj03,0.47,0,0,0,47,0,0,0.00%,0.00%,-,0,0
34784e0f591a32d845ca85c3708212e1,-,-,-,-,-,https://tutor-online1.fbcontent.cn/growth/internal-material/1780369895793.34784e0f591a32d845ca85c3708212e1.mp4,0527-9物-自产-自产二-李博-视觉锤-雅迪-A5-B1-无-16,20260616,王雅迪,王雅迪,9元高中物理李博,9元高中物理李博,申坤,自有,自产原创,wangruixuebj01,1.83,0,0,0,915,0,0,0.00%,0.00%,-,0,0
44ce21a822864f9d09a9b96fe22e22c5,-,-,-,-,-,https://tutor-online1.fbcontent.cn/growth/internal-material/1777262078337.44ce21a822864f9d09a9b96fe22e22c5.mp4,0422-9物-自产-自产主-李博-曲中雨-子衿-A6-B1B2-无-11,20260616,贾子矜,贾子矜,9元高中物理李博,9元高中物理李博,申坤,自有,自产原创,wangruixuebj01,1.84,0,0,0,57.5,1840,0,3.13%,0%,-,0,0
7eda4934e24f422c0dfcd42f6597fe93,-,-,-,-,-,https://tutor-online1.fbcontent.cn/growth/internal-material/1780916667577.7eda4934e24f422c0dfcd42f6597fe93.mp4,0603-9物-自产-自产主-李博-曲中雨-子衿-A7-B1-无-7-直播间,20260616,贾子矜,贾子矜,9元高中物理李博,9元高中物理李博,申坤,自有,自产原创,wangruixuebj01,3.21,0,0,0,59.44,1605,0,3.70%,0%,-,0,0
1e1cfafcecc15a4aee2cc8cfb183182d,-,-,-,-,-,https://tutor-online1.fbcontent.cn/growth/internal-material/1778649250455.1e1cfafcecc15a4aee2cc8cfb183182d.mp4,0508-199双科-自产-自产二-李博-视觉锤-雅迪-A1-B4B6-无-15,20260616,王雅迪,王雅迪,199元高中双科提分课,199元高中双科提分课,自投放,自有,自产原创,wangjiananbj03,0.52,0,0,0,5.78,0,0,1.11%,0%,-,0,0
1e9e0c8ad904fd211cd5a4d5b4fd22b3,-,-,-,-,-,https://tutor-online1.fbcontent.cn/growth/internal-material/1778667029281.1e9e0c8ad904fd211cd5a4d5b4fd22b3.mp4,0423-199双科-自产-自产二-李博-曲中雨-子衿-A7-B1-无-23,20260616,贾子矜,贾子矜,199元高中双科提分课,199元高中双科提分课,自投放,自有,自产原创,wangjiananbj03,155.71,0,0,0,300.02,31142,0,1.35%,0%,-,0,0
80ca8636af17180b2f2b1681c22e14c1,-,-,-,-,-,https://tutor-online1.fbcontent.cn/growth/internal-material/1779422146008.80ca8636af17180b2f2b1681c22e14c1.mp4,0512-199双科-自产-自产二-王晶-云梵-雅迪---有-12,20260616,王雅迪,王雅迪,199元高中双科提分课,199元高中双科提分课,自投放,自有,自产原创,wangjiananbj03,63.29,0,0,0,202.2,10548.33,0,9.58%,0%,-,0,0
5a6b5100cc89ff355027bcd25edd11bd,-,-,-,-,-,https://tutor-online1.fbcontent.cn/growth/internal-material/1779706273740.5a6b5100cc89ff355027bcd25edd11bd.mp4,0520-199双科-自产-自产主-李博-曲中雨-子衿-A5-B2-有-4,20260616,贾子矜,贾子矜,199元高中双科提分课,199元高中双科提分课,自投放,自有,自产原创,wangjiananbj03,103.25,0,0,0,271,51625,0,7.35%,0%,-,0,0
3fef6f4bbc2b43b34f60920cfac6d89e,-,-,-,-,-,https://tutor-online1.fbcontent.cn/growth/internal-material/1774350593192.3fef6f4bbc2b43b34f60920cfac6d89e.mp4,0319-9物-自产-自产二-李博-巽阳-子衿---有-30,20260616,贾子矜,贾子矜,9元高中物理李博,9元高中物理李博,玄武,自有,自产原创,wangruixuebj01,5.48,0,0,0,116.6,5480,0,2.13%,0%,-,0,0
f2d48b10ae87b9e93fc6d9631f868df7,-,-,-,-,-,https://tutor-online1.fbcontent.cn/growth/internal-material/1778246089002.f2d48b10ae87b9e93fc6d9631f868df7.mp4,0408-199双科-自产-自产主-李博-曲中雨-浩正-A2-B2-有-6,20260616,杜浩正,韩晨国,199元高中双科提分课,199元高中双科提分课,自投放,自有,自产原创,wangjiananbj03,8.76,0,0,0,108.15,4380,0,7.41%,0%,-,0,0
571c11f2b4163c9a3615c95d49c26d59,-,-,-,-,-,https://tutor-online1.fbcontent.cn/growth/internal-material/1781079684184.571c11f2b4163c9a3615c95d49c26d59.mp4,0604-状元笔记-自产-混剪--曲中雨-婷玉---无-31,20260616,吴婷玉,吴婷玉,高中手写笔记,高中手写笔记,自投放,自有,自产原创,wangjiananbj03,6.69,0,0,0,18.79,0,0,1.40%,0%,-,0,0
87b3b092ae3d624810b3ccc1daf0256b,-,-,-,-,-,https://tutor-online1.fbcontent.cn/growth/internal-material/1780397766519.87b3b092ae3d624810b3ccc1daf0256b.mp4,0527-9物-自产-自产二-李博-曲中雨-浩正-A5-B1-有-14-直播间,20260616,杜浩正,杜浩正,9元高中物理李博,9元高中物理李博,申坤,自有,自产原创,wangruixuebj01,6.34,0,0,0,144.09,6340,0,2.27%,0%,-,0,0
473081ce934cddca8668528b5177c7bd,-,-,-,-,-,https://tutor-online1.fbcontent.cn/growth/internal-material/1774350653835.473081ce934cddca8668528b5177c7bd.mp4,0319-9物-自产-自产二-李博-巽阳-子衿--B2B5-无-24,20260616,贾子矜,贾子矜,9元高中物理李博,9元高中物理李博,玄武,自有,自产原创,wangruixuebj01,15.89,0,0,0,45.27,3178,0,1.14%,0%,-,0,0
b13fbe09591314a168ddd2280385fff8,-,-,-,-,-,https://tutor-online1.fbcontent.cn/growth/internal-material/1778581160199.b13fbe09591314a168ddd2280385fff8.mp4,0508-199双科-自产-自产主-莉娜-视觉锤-雅迪-A1-B6-无-11,20260616,王雅迪,王雅迪,199元高中双科提分课,199元高中双科提分课,自投放,自有,自产原创,wangjiananbj03,30.44,0,0,0,146.35,30440,0,2.88%,0%,-,0,0
c6e85e79dbff9dddf7d9a906f4fdde98,-,-,-,-,-,https://tutor-online1.fbcontent.cn/growth/internal-material/1776416942616.c6e85e79dbff9dddf7d9a906f4fdde98.mp4,0415-9物-自产-自产主-李博-曲中雨-子衿-A6-B1-无-13,20260616,贾子矜,贾子矜,9元高中物理李博,9元高中物理李博,玄武,自有,自产原创,wangruixuebj01,0,0,0,0,0,0,0,0.00%,0.00%,-,0,0
cff7a5ac3aad80ce54edfe924423b5e5,-,-,-,-,-,https://tutor-online1.fbcontent.cn/growth/internal-material/1779421086376.cff7a5ac3aad80ce54edfe924423b5e5.mp4,0512-199双科-自产-自产二-王晶-曲中雨-忍哥--B1-有-9,20260616,王雅迪,王雅迪,199元高中双科提分课,199元高中双科提分课,自投放,自有,自产原创,wangjiananbj03,4.14,0,0,0,67.87,0,0,0.00%,0.00%,-,0,0
1d6a21ffed3505a98468fb67f8045849,-,-,-,-,-,https://tutor-online1.fbcontent.cn/growth/internal-material/1780906798576.1d6a21ffed3505a98468fb67f8045849.mp4,0603-9物-自产-自产主-李博-曲中雨-子衿-A6-B2-无-3-直播间,20260616,贾子矜,贾子矜,9元高中物理李博,9元高中物理李博,申坤,自有,自产原创,wangruixuebj01,2.57,0,0,0,59.77,2570,0,2.33%,0%,-,0,0
bcaf8246d8f0390a8817e21775fa426e,-,-,-,-,-,https://tutor-online1.fbcontent.cn/growth/internal-material/1780393908382.bcaf8246d8f0390a8817e21775fa426e.mp4,0527-9物-自产-自产二-李博-曲中雨-子衿-A5-B2-有-7-直播间,20260616,贾子矜,贾子矜,9元高中物理李博,9元高中物理李博,申坤,自有,自产原创,wangruixuebj01,0.3,0,0,0,10.34,0,0,0.00%,0.00%,-,0,0
b8ae1008e6bbbfe90e9257be16acc0d9,-,-,-,-,-,https://tutor-online1.fbcontent.cn/growth/internal-material/1780060959521.b8ae1008e6bbbfe90e9257be16acc0d9.mp4,0514-199双科-自产-自产主-王晶-曲中雨-子衿--B2-无-5,20260616,贾子矜,韩晨国,199元高中双科提分课,199元高中双科提分课,自投放,自有,自产原创,wangjiananbj03,0.11,0,0,0,15.71,0,0,0.00%,0.00%,-,0,0
e78ee84df8361223905878f70bf3d0df,-,-,-,-,-,https://tutor-online1.fbcontent.cn/growth/internal-material/1780917890069.e78ee84df8361223905878f70bf3d0df.mp4,0513-199双科-自产-自产主-李博-曲中雨-嘉丽-A7-B1-有-34,20260616,魏嘉丽,韩晨国,199元高中双科提分课,199元高中双科提分课,自投放,自有,自产原创,wangjiananbj03,2.24,0,0,0,203.64,2240,0,9.09%,0%,-,0,0
c8d85e0f2a43603e4807b1cdd486ed21,-,-,-,-,-,https://tutor-online1.fbcontent.cn/growth/internal-material/1775548229436.c8d85e0f2a43603e4807b1cdd486ed21.mp4,0401-9物-自产-自产二-李博-曲中雨-子衿-A3-B1-有-23-前贴1,20260616,贾子矜,贾子矜,9元高中物理李博,9元高中物理李博,玄武,自有,自产原创,wangruixuebj01,0.28,0,0,0,140,0,0,0.00%,0.00%,-,0,0
8bdc1ba34ce2e8b68499b3b7518c151c,-,-,-,-,-,https://tutor-online1.fbcontent.cn/growth/internal-material/1780984422526.8bdc1ba34ce2e8b68499b3b7518c151c.mp4,0526-199双科-自产-自产主-王晶-亿晨-子衿-A5-B2-有-5,20260616,贾子矜,贾子矜,199元高中双科提分课,199元高中双科提分课,自投放,自有,自产原创,wangjiananbj03,36.04,0,0,0,203.62,18020,0,2.26%,0%,-,0,0
94a9716c21d134442dc7400029c76b5c,-,-,-,-,-,https://tutor-online1.fbcontent.cn/growth/internal-material/1780656482857.94a9716c21d134442dc7400029c76b5c.mp4,0603-9物-自产-自产主-李博-视觉锤-浩正-A5-B1-有-15,20260616,杜浩正,杜浩正,9元高中物理李博,9元高中物理李博,申坤,自有,自产原创,wangruixuebj01,0.77,0,0,0,192.5,0,0,0.00%,0.00%,-,0,0
efc2593fabdfe3d3ba054eb6e5001057,-,-,-,-,-,https://tutor-online1.fbcontent.cn/growth/internal-material/1780917887407.efc2593fabdfe3d3ba054eb6e5001057.mp4,0513-199双科-自产-自产主-李博-曲中雨-嘉丽-A7-B1-有-32,20260616,魏嘉丽,韩晨国,199元高中双科提分课,199元高中双科提分课,自投放,自有,自产原创,wangjiananbj03,5.84,0,0,0,52.14,0,0,8.04%,0%,-,0,0
cc14e6c301f4e319942eac3e9f5965ec,-,-,-,-,-,https://tutor-online1.fbcontent.cn/growth/internal-material/1781517228137.cc14e6c301f4e319942eac3e9f5965ec.mp4,0611-199双科-自产-自产二-王晶-曲中雨-婷玉-A6-B3-有-19,20260616,吴婷玉,吴婷玉,199元高中双科提分课,199元高中双科提分课,自投放,自有,自产原创,wangjiananbj03,0.75,0,0,0,46.88,0,0,6.25%,0%,-,0,0
7618381c53d6fb28cf215b0ab5209c85,-,-,-,-,-,https://tutor-online1.fbcontent.cn/growth/internal-material/1776416876385.7618381c53d6fb28cf215b0ab5209c85.mp4,0415-9物-自产-自产二-李博-曲中雨-子衿-A5-B3B4-无-15,20260616,贾子矜,贾子矜,9元高中物理李博,9元高中物理李博,玄武,自有,自产原创,wangruixuebj01,3.78,0,0,0,151.2,0,0,0.00%,0.00%,-,0,0
26a83dce037b3511a91d0fef75e0e59b,-,-,-,-,-,https://tutor-online1.fbcontent.cn/growth/internal-material/1775548228196.26a83dce037b3511a91d0fef75e0e59b.mp4,0401-9物-自产-自产二-李博-曲中雨-子衿-A3-B1-无-23,20260616,贾子矜,贾子矜,9元高中物理李博,9元高中物理李博,玄武,自有,自产原创,wangruixuebj01,14.71,0,0,0,31.5,0,0,0.64%,0%,-,0,0
83e5f89b8f0f11f76c8931e9e30b075c,-,-,-,-,-,https://tutor-online1.fbcontent.cn/growth/internal-material/1778667031168.83e5f89b8f0f11f76c8931e9e30b075c.mp4,0317-199物-自产-自产主-李博-曲中雨-子衿-A2-B1B4-有-28-迭代1,20260616,贾子矜,贾子矜,199元高中双科提分课,199元高中双科提分课,自投放,自有,自产原创,wangjiananbj03,147.35,0,0,0,285.01,29470,0,1.16%,0%,-,0,0
4a845abf7e146783de66c98eacfec55a,-,-,-,-,-,https://tutor-online1.fbcontent.cn/growth/internal-material/1780908443186.4a845abf7e146783de66c98eacfec55a.mp4,0603-9物-自产-自产二-李博-视觉锤-浩正-A5-B1-有-11,20260616,杜浩正,杜浩正,9元高中物理李博,9元高中物理李博,申坤,自有,自产原创,wangruixuebj01,0,0,0,0,0,0,0,9.09%,0%,-,0,0
fce97c34abaf14d77b6ca3272fca4988,-,-,-,-,-,https://tutor-online1.fbcontent.cn/growth/internal-material/1776851502089.fce97c34abaf14d77b6ca3272fca4988.mp4,0415-199双科-自产-自产主-李博-曲中雨-浩正-A5-B4-无-6-迭代1,20260616,贾子矜,贾子矜,199元高中双科提分课,199元高中双科提分课,自投放,自有,自产原创,wangjiananbj03,348.43,0,0,0,429.63,21776.88,0,3.70%,0%,-,0,0
86f2f1d3492b6e43058fc820a3cbec00,-,-,-,-,-,https://tutor-online1.fbcontent.cn/growth/internal-material/1780061371394.86f2f1d3492b6e43058fc820a3cbec00.mp4,0514-199双科-自产-自产二-王晶-曲中雨-浩正-A2-B2-无-10,20260616,杜浩正,韩晨国,199元高中双科提分课,199元高中双科提分课,自投放,自有,自产原创,wangjiananbj03,3.52,0,0,0,100.57,0,0,14.29%,0%,-,0,0
20b8eb386392f37b747f7637c49b3ec7,-,-,-,-,-,https://tutor-online1.fbcontent.cn/growth/internal-material/1775548305351.20b8eb386392f37b747f7637c49b3ec7.mp4,0401-9物-自产-自产主-李博-曲中雨-子衿-A3-B1-有-23-前贴1,20260616,贾子矜,贾子矜,9元高中物理李博,9元高中物理李博,玄武,自有,自产原创,wangruixuebj01,3.93,0,0,0,72.78,1965,0,3.70%,0%,-,0,0
ac3ea3e200a190db509f844a99397302,-,-,-,-,-,https://tutor-online1.fbcontent.cn/growth/internal-material/1779280034072.ac3ea3e200a190db509f844a99397302.mp4,0513-199双科-自产-自产主-李博-视觉锤-雅迪-A5-B2-有-17,20260616,王雅迪,王雅迪,199元高中双科提分课,199元高中双科提分课,自投放,自有,自产原创,wangjiananbj03,0.01,0,0,0,10,0,0,0.00%,0.00%,-,0,0
2e87fbcd6e95a9755794a6fbade4cbf3,-,-,-,-,-,https://tutor-online1.fbcontent.cn/growth/internal-material/1770030073063.2e87fbcd6e95a9755794a6fbade4cbf3.mp4,0128-自产主-李博-8-3--有-9物-子矜- IP-曲中雨,20260616,贾子矜,贾子矜,9元高中物理李博,9元高中物理李博-实物,玄武,自有,自产原创,wangruixuebj01,1711.76,36,4,0.02,138.71,10833.92,427.94,1.38%,2.35%,-,0.32,227.85
8bc16e5c9ced7c5fa0e08ddb79f10841,-,-,-,-,-,https://tutor-online1.fbcontent.cn/growth/internal-material/1780397830905.8bc16e5c9ced7c5fa0e08ddb79f10841.mp4,0527-9物-自产-自产主-李博-曲中雨-浩正-A5-B1-无-15-直播间,20260616,杜浩正,杜浩正,9元高中物理李博,9元高中物理李博,申坤,自有,自产原创,wangruixuebj01,51.2,0,0,0,76.3,2844.44,0,2.68%,0%,-,0,0
c1cd5fb7814f25b1cce9b2d6e3a038f5,-,-,-,-,-,https://tutor-online1.fbcontent.cn/growth/internal-material/1775548229416.c1cd5fb7814f25b1cce9b2d6e3a038f5.mp4,0401-9物-自产-自产二-李博-曲中雨-子衿-A3-B1-有-23-前贴2,20260616,贾子矜,贾子矜,9元高中物理李博,9元高中物理李博,玄武,自有,自产原创,wangruixuebj01,0.6,0,0,0,37.5,0,0,12.50%,0%,-,0,0
4cc8fcf55cda7ade1c2294936a78e254,-,-,-,-,-,https://tutor-online1.fbcontent.cn/growth/internal-material/1780656484642.4cc8fcf55cda7ade1c2294936a78e254.mp4,0603-9物-自产-自产主-李博-视觉锤-浩正-A5-B1-有-13,20260616,杜浩正,杜浩正,9元高中物理李博,9元高中物理李博,申坤,自有,自产原创,wangruixuebj01,0.06,0,0,0,30,0,0,0.00%,0.00%,-,0,0
94190db6af096480040b2b312b4511bc,-,-,-,-,-,https://tutor-online1.fbcontent.cn/growth/internal-material/1778666025083.94190db6af096480040b2b312b4511bc.mp4,0508-199双科-自产-自产主-李博-曲中雨-子衿-A6-B1-无-6,20260616,贾子矜,贾子矜,199元高中双科提分课,199元高中双科提分课,自投放,自有,自产原创,wangjiananbj03,0.12,0,0,0,120,0,0,0.00%,0.00%,-,0,0
fbad3696edebcfc3809fed8ce9c317f6,-,-,-,-,-,https://tutor-online1.fbcontent.cn/growth/internal-material/1777262135702.fbad3696edebcfc3809fed8ce9c317f6.mp4,0422-9物-自产-自产主-李博-曲中雨-子衿-A7-B1-有-14-前贴1,20260616,贾子矜,贾子矜,9元高中物理李博,9元高中物理李博,申坤,自有,自产原创,wangruixuebj01,0.47,0,0,0,29.38,470,0,6.25%,0%,-,0,0
242ad6f33480cbc85e553e83cbfbf62f,-,-,-,-,-,https://tutor-online1.fbcontent.cn/growth/internal-material/1780560673767.242ad6f33480cbc85e553e83cbfbf62f.mp4,0526-199双科-自产-自产主-王晶-亿晨-小敏-A5-B1-有-14,20260616,曲敏,曲敏,199元高中双科提分课,199元高中双科提分课,自投放,自有,自产原创,wangjiananbj03,46.13,0,0,0,390.93,46130,0,3.39%,0%,-,0,0
e464864d14ab4245dca55b76561a2e15,-,-,-,-,-,https://tutor-online1.fbcontent.cn/growth/internal-material/1780917988588.e464864d14ab4245dca55b76561a2e15.mp4,0513-199双科-自产-自产二-李博-曲中雨-嘉丽-A5-B1-无-33,20260616,魏嘉丽,韩晨国,199元高中双科提分课,199元高中双科提分课,自投放,自有,自产原创,wangjiananbj03,12.74,0,0,0,5.22,190.15,0,2.38%,0%,-,0,0
fdf66e661af98267a3f10f927f1acf1d,-,-,-,-,-,https://tutor-online1.fbcontent.cn/growth/internal-material/1780917881356.fdf66e661af98267a3f10f927f1acf1d.mp4,0513-199双科-自产-自产主-李博-曲中雨-嘉丽-A6-B1-有-31,20260616,魏嘉丽,韩晨国,199元高中双科提分课,199元高中双科提分课,自投放,自有,自产原创,wangjiananbj03,0.03,0,0,0,1.5,0,0,0.00%,0.00%,-,0,0
03e03a75fef994589671d8ce0474d994,-,-,-,-,-,https://tutor-online1.fbcontent.cn/growth/internal-material/1779706310141.03e03a75fef994589671d8ce0474d994.mp4,0520-199双科-自产-自产主-李博-曲中雨-子衿-A6-B2-有-1,20260616,贾子矜,贾子矜,199元高中双科提分课,199元高中双科提分课,自投放,自有,自产原创,wangjiananbj03,0.5,0,0,0,19.23,0,0,0.00%,0.00%,-,0,0
2b57f3f7b38f17b4e162e73ff4715389,-,-,-,-,-,https://tutor-online1.fbcontent.cn/growth/internal-material/1780393695558.2b57f3f7b38f17b4e162e73ff4715389.mp4,0527-9物-自产-自产主-李博-曲中雨-子衿-A6-B2-无-4,20260616,贾子矜,贾子矜,9元高中物理李博,9元高中物理李博,申坤,自有,自产原创,wangruixuebj01,5.71,0,0,0,36.6,0,0,0.64%,0%,-,0,0
0326e534aaa74a416cfc1b55c55d77c6,-,-,-,-,-,https://tutor-online1.fbcontent.cn/growth/internal-material/1776851501655.0326e534aaa74a416cfc1b55c55d77c6.mp4,0415-199双科-自产-自产二-李博-曲中雨-浩正-A5-B2-无-8-迭代1,20260616,贾子矜,贾子矜,199元高中双科提分课,199元高中双科提分课,自投放,自有,自产原创,wangjiananbj03,86.52,0,0,0,374.55,86520,0,1.30%,0%,-,0,0
7c9f77eb85de8eb573e502b64e67cd1b,-,-,-,-,-,https://tutor-online1.fbcontent.cn/growth/internal-material/1780060959790.7c9f77eb85de8eb573e502b64e67cd1b.mp4,0514-199双科-自产-自产主-王晶-曲中雨-子衿--B3B4-无-1,20260616,贾子矜,韩晨国,199元高中双科提分课,199元高中双科提分课,自投放,自有,自产原创,wangjiananbj03,4.01,0,0,0,87.17,0,0,13.04%,0%,-,0,0
11a91d9305c06f08447f4d6d63d16ef2,-,-,-,-,-,https://tutor-online1.fbcontent.cn/growth/internal-material/1778580974136.11a91d9305c06f08447f4d6d63d16ef2.mp4,0508-199双科-自产-自产二-莉娜-视觉锤-雅迪-A1-B6-无-11,20260616,王雅迪,王雅迪,199元高中双科提分课,199元高中双科提分课,自投放,自有,自产原创,wangjiananbj03,340.92,0,0,0,298.79,56820,0,3.16%,0%,-,0,0
cce984cd2e278d3e0de4a2be0378c89a,-,-,-,-,-,https://tutor-online1.fbcontent.cn/growth/internal-material/1778667030532.cce984cd2e278d3e0de4a2be0378c89a.mp4,0317-199物-自产-自产主-李博-曲中雨-子衿-A2-B1B4-无-28,20260616,贾子矜,贾子矜,199元高中双科提分课,199元高中双科提分课,自投放,自有,自产原创,wangjiananbj03,3.45,0,0,0,492.86,0,0,0.00%,0.00%,-,0,0
859ea1a3c90c6721f6de45e83f0a882c,-,-,-,-,-,https://tutor-online1.fbcontent.cn/growth/internal-material/1780984420334.859ea1a3c90c6721f6de45e83f0a882c.mp4,0526-199双科-自产-自产主-王晶-亿晨-子衿-A7-B2-有-2,20260616,贾子矜,贾子矜,199元高中双科提分课,199元高中双科提分课,自投放,自有,自产原创,wangjiananbj03,1.99,0,0,0,99.5,995,0,5.00%,0%,-,0,0
c77cd304d5be5175b2c4b4f236e46cae,-,-,-,-,-,https://tutor-online1.fbcontent.cn/growth/internal-material/1781340145616.c77cd304d5be5175b2c4b4f236e46cae.mp4,0611-状元笔记-自产-自产主--视觉锤-雅迪-A5-B2-无-19,20260616,王雅迪,王雅迪,高中手写笔记,高中手写笔记,自投放,自有,自产原创,wangjiananbj03,0.48,0,0,0,30,0,0,0.00%,0.00%,-,0,0
7ac9d027753f52ab64de447f808a15e7,-,-,-,-,-,https://tutor-online1.fbcontent.cn/growth/internal-material/1781340108245.7ac9d027753f52ab64de447f808a15e7.mp4,0611-状元笔记-自产-自产主--视觉锤-雅迪-A5-B2-有-20,20260616,王雅迪,王雅迪,高中手写笔记,高中手写笔记,自投放,自有,自产原创,wangjiananbj03,0.02,0,0,0,6.67,0,0,0.00%,0.00%,-,0,0
8a78ec40ac2ef7ed2497d61f31abccde,-,-,-,-,-,https://tutor-online1.fbcontent.cn/growth/internal-material/1779706244825.8a78ec40ac2ef7ed2497d61f31abccde.mp4,0520-199双科-自产-自产二-李博-曲中雨-子衿-A6-B2-无-1,20260616,贾子矜,贾子矜,199元高中双科提分课,199元高中双科提分课,自投放,自有,自产原创,wangjiananbj03,26.99,0,0,0,341.65,13495,0,2.53%,0%,-,0,0
884e9a41a94c31ffc5b5598a97f67c8c,-,-,-,-,-,https://tutor-online1.fbcontent.cn/growth/internal-material/1780394060654.884e9a41a94c31ffc5b5598a97f67c8c.mp4,0527-9物-自产-自产主-李博-曲中雨-子衿-A7-B2-有-6,20260616,贾子矜,贾子矜,9元高中物理李博,9元高中物理李博,申坤,自有,自产原创,wangruixuebj01,3.49,0,0,0,151.74,0,0,0.00%,0.00%,-,0,0
e5ebb13fc82ffbc050a534301b168e8b,-,-,-,-,-,https://tutor-online1.fbcontent.cn/growth/internal-material/1780560673801.e5ebb13fc82ffbc050a534301b168e8b.mp4,0526-199双科-自产-自产主-王晶-亿晨-小敏-A7-B5-有-11,20260616,曲敏,曲敏,199元高中双科提分课,199元高中双科提分课,自投放,自有,自产原创,wangjiananbj03,0.11,0,0,0,8.46,0,0,0.00%,0.00%,-,0,0
48c2e1887d853dce569a80477ddfd270,-,-,-,-,-,https://tutor-online1.fbcontent.cn/growth/internal-material/1781579956763.48c2e1887d853dce569a80477ddfd270.mp4,0610-199双科-自产-自产二-李博-视觉锤-子衿-A3-B1-无-3(1),20260616,贾子矜,贾子矜,199元高中双科提分课,199元高中双科提分课,自投放,自有,自产原创,wangjiananbj03,0.07,0,0,0,4.38,0,0,0.00%,0.00%,-,0,0
672a7dd76553c5b2539db58ae3651101,-,-,-,-,-,https://tutor-online1.fbcontent.cn/growth/internal-material/1778649245942.672a7dd76553c5b2539db58ae3651101.mp4,0508-199双科-自产-自产二-李博-视觉锤-雅迪-A5-B1-无-16,20260616,王雅迪,王雅迪,199元高中双科提分课,199元高中双科提分课,自投放,自有,自产原创,wangjiananbj03,17.46,0,0,0,25.94,4365,0,1.19%,0%,-,0,0
83e8fe3b1394289266d8dd46b71566ef,-,-,-,-,-,https://tutor-online1.fbcontent.cn/growth/internal-material/1779440147469.83e8fe3b1394289266d8dd46b71566ef.mp4,0513-199双科-自产-自产主-李博-曲中雨-嘉丽-A1-B1-无-30,20260616,魏嘉丽,魏嘉丽,199元高中双科提分课,199元高中双科提分课,自投放,自有,自产原创,wangjiananbj03,3.91,0,0,0,217.22,0,0,0.00%,0.00%,-,0,0
3f6173ca3ad5f1c96c5ead5e1f7017a0,-,-,-,-,-,https://tutor-online1.fbcontent.cn/growth/internal-material/1774350566741.3f6173ca3ad5f1c96c5ead5e1f7017a0.mp4,0319-9物-自产-自产二-李博-巽阳-子衿---有-29-前贴2,20260616,贾子矜,贾子矜,9元高中物理李博,9元高中物理李博,玄武,自有,自产原创,wangruixuebj01,0.4,0,0,0,30.77,400,0,7.69%,0%,-,0,0
5176abfabd8e4f9f682b4cdbc15c95d5,-,-,-,-,-,https://tutor-online1.fbcontent.cn/growth/internal-material/1780040825980.5176abfabd8e4f9f682b4cdbc15c95d5.mp4,0520-199双科-自产-自产主-李博-曲中雨-小敏-A1-B6-无-23,20260616,曲敏,曲敏,199元高中双科提分课,199元高中双科提分课,自投放,自有,自产原创,wangjiananbj03,78.21,0,0,0,312.84,3910.5,0,15.60%,0%,-,0,0
5b4610c0c4ce9e34730f09ab78e12e2e,-,-,-,-,-,https://tutor-online1.fbcontent.cn/growth/internal-material/1780060825253.5b4610c0c4ce9e34730f09ab78e12e2e.mp4,0512-199双科-自产-自产主-王晶-云梵-小敏--B1-无-21,20260616,曲敏,韩晨国,199元高中双科提分课,199元高中双科提分课,自投放,自有,自产原创,wangjiananbj03,63.77,0,0,0,222.97,7085.56,0,9.44%,0%,-,0,0
cef529ff03dc1efbd78eed91bd3de81b,-,-,-,-,-,https://tutor-online1.fbcontent.cn/growth/internal-material/1781580012643.cef529ff03dc1efbd78eed91bd3de81b.mp4,0610-199双科-自产-自产二-李博-视觉锤-子衿-A6-B1-无-10(1),20260616,贾子矜,贾子矜,199元高中双科提分课,199元高中双科提分课,自投放,自有,自产原创,wangjiananbj03,0,0,0,0,0,0,0,0.00%,0.00%,-,0,0
b17bfe221fb4f76bb281344de4b19322,-,-,-,-,-,https://tutor-online1.fbcontent.cn/growth/internal-material/1776754778220.b17bfe221fb4f76bb281344de4b19322.mp4,0408-199双科-自产-自产主-李博-曲中雨-浩正-A2-B2-无-9,20260616,杜浩正,韩晨国,199元高中双科提分课,199元高中双科提分课,自投放,自有,自产原创,wangjiananbj03,0.01,0,0,0,10,0,0,0.00%,0.00%,-,0,0
643ad7ec4954e07101c7b4ff23125d6f,-,-,-,-,-,https://tutor-online1.fbcontent.cn/growth/internal-material/1781517225870.643ad7ec4954e07101c7b4ff23125d6f.mp4,0611-199双科-自产-自产二-王晶-曲中雨-婷玉-A6-B3-无-19,20260616,吴婷玉,吴婷玉,199元高中双科提分课,199元高中双科提分课,自投放,自有,自产原创,wangjiananbj03,0.02,0,0,0,10,0,0,0.00%,0.00%,-,0,0
375803d2e180d3623e008ef912ded9a4,-,-,-,-,-,https://tutor-online1.fbcontent.cn/growth/internal-material/1781582190877.375803d2e180d3623e008ef912ded9a4.mp4,0610-9物-自产-自产二-李博-视觉锤-雅迪-A5-B1-无-20,20260616,王雅迪,王雅迪,9元高中物理李博,9元高中物理李博,申坤,自有,自产原创,wangruixuebj01,0.17,0,0,0,17,0,0,0.00%,0.00%,-,0,0
bb348fc6587f3de7fb39cacf40128059,-,-,-,-,-,https://tutor-online1.fbcontent.cn/growth/internal-material/1780393928482.bb348fc6587f3de7fb39cacf40128059.mp4,0527-9物-自产-自产二-李博-曲中雨-子衿-A6-B1-无-1-直播间,20260616,贾子矜,贾子矜,9元高中物理李博,9元高中物理李博,申坤,自有,自产原创,wangruixuebj01,1.25,0,0,0,50,0,0,4.00%,0%,-,0,0
451c349a6f65933daa20d3918c17081b,-,-,-,-,-,https://tutor-online1.fbcontent.cn/growth/internal-material/1781579988193.451c349a6f65933daa20d3918c17081b.mp4,0610-199双科-自产-自产二-李博-视觉锤-子衿-A5-B1-有-9(1),20260616,贾子矜,贾子矜,199元高中双科提分课,199元高中双科提分课,自投放,自有,自产原创,wangjiananbj03,0,0,0,0,0,0,0,0.00%,0.00%,-,0,0
28b2343005a3950613da6d5f0cb0dad5,-,-,-,-,-,https://tutor-online1.fbcontent.cn/growth/internal-material/1779701697305.28b2343005a3950613da6d5f0cb0dad5.mp4,0512-199双科-自产-自产二-王晶-云梵-嘉丽--B1-无-13,20260616,魏嘉丽,魏嘉丽,199元高中双科提分课,199元高中双科提分课,自投放,自有,自产原创,wangjiananbj03,15.92,0,0,0,117.93,0,0,0.00%,0.00%,-,0,0
bf866b6e44e64ed9ab37df38cbc1647c,-,-,-,-,-,https://tutor-online1.fbcontent.cn/growth/internal-material/1779279974075.bf866b6e44e64ed9ab37df38cbc1647c.mp4,0513-199双科-自产-自产主-李博-视觉锤-雅迪-A5-B1-有-15,20260616,王雅迪,王雅迪,199元高中双科提分课,199元高中双科提分课,自投放,自有,自产原创,wangjiananbj03,6.77,0,0,0,71.26,0,0,0.00%,0.00%,-,0,0
2062a0e754be34f1542e290360d86e44,-,-,-,-,-,https://tutor-online1.fbcontent.cn/growth/internal-material/1780393989328.2062a0e754be34f1542e290360d86e44.mp4,0527-9物-自产-自产主-李博-曲中雨-子衿-A5-B2-无-7-直播间,20260616,贾子矜,贾子矜,9元高中物理李博,9元高中物理李博,申坤,自有,自产原创,wangruixuebj01,128.54,18,2,0.14,282.51,16067.5,64.27,2.86%,15.38%,-,4.4,2250
6f2bb1d4e679b6897f83952f96ada07e,-,-,-,-,-,https://tutor-online1.fbcontent.cn/growth/internal-material/1780394024136.6f2bb1d4e679b6897f83952f96ada07e.mp4,0527-9物-自产-自产主-李博-曲中雨-子衿-A6-B1-有-1-直播间,20260616,贾子矜,贾子矜,9元高中物理李博,9元高中物理李博,申坤,自有,自产原创,wangruixuebj01,1.55,0,0,0,221.43,1550,0,14.29%,0%,-,0,0
bb63511392a95050ac5cc943d7aba749,-,-,-,-,-,https://tutor-online1.fbcontent.cn/growth/internal-material/1781002944562.bb63511392a95050ac5cc943d7aba749.mp4,0603-9物-自产-自产主-李博-视觉锤-雅迪-A5-B1B4-无-19,20260616,王雅迪,王雅迪,9元高中物理李博,9元高中物理李博,申坤,自有,自产原创,wangruixuebj01,0.57,0,0,0,28.5,0,0,5.00%,0%,-,0,0
0fbb3c2351c41ec2a59a2cd3fbb5fce0,-,-,-,-,-,https://tutor-online1.fbcontent.cn/growth/internal-material/1781579961024.0fbb3c2351c41ec2a59a2cd3fbb5fce0.mp4,0610-199双科-自产-自产二-李博-视觉锤-子衿-A2-B3-有-8(1),20260616,贾子矜,贾子矜,199元高中双科提分课,199元高中双科提分课,自投放,自有,自产原创,wangjiananbj03,0.01,0,0,0,3.33,0,0,0.00%,0.00%,-,0,0
605b88a52a4604667589d7d9c863cb96,-,-,-,-,-,https://tutor-online1.fbcontent.cn/growth/internal-material/1777262046776.605b88a52a4604667589d7d9c863cb96.mp4,0422-9物-自产-自产二-李博-曲中雨-子衿-A7-B1-有-14-前贴1,20260616,贾子矜,贾子矜,9元高中物理李博,9元高中物理李博,申坤,自有,自产原创,wangruixuebj01,0.04,0,0,0,5.71,40,0,14.29%,0%,-,0,0
589361d2f2a8b197bca3083799303965,-,-,-,-,-,https://tutor-online1.fbcontent.cn/growth/internal-material/1775810424487.589361d2f2a8b197bca3083799303965.mp4,0317-199物-自产-自产主-李博-曲中雨-浩正-A6-B2-无-21,20260616,杜浩正,杜浩正,199元高中双科提分课,199元高中双科提分课,自投放,自有,自产原创,wangjiananbj03,1.81,0,0,0,201.11,0,0,0.00%,0.00%,-,0,0
c1cd5fb7814f25b1cce9b2d6e3a038f5,-,-,-,-,-,https://tutor-online1.fbcontent.cn/growth/internal-material/1775548229416.c1cd5fb7814f25b1cce9b2d6e3a038f5.mp4,0401-9物-自产-自产二-李博-曲中雨-子衿-A3-B1-有-23-前贴2,20260616,贾子矜,贾子矜,9元高中物理李博,9元高中物理李博,玄武,自有,自产原创,wangruixuebj01,7.25,0,0,0,37.37,2416.67,0,2.06%,0%,-,0,0
978d434b1e652cc7e0e17d0dc92d05aa,-,-,-,-,-,https://tutor-online1.fbcontent.cn/growth/internal-material/1780061372525.978d434b1e652cc7e0e17d0dc92d05aa.mp4,0514-199双科-自产-自产主-王晶-曲中雨-浩正-A5-B2-无-8,20260616,杜浩正,韩晨国,199元高中双科提分课,199元高中双科提分课,自投放,自有,自产原创,wangjiananbj03,0.71,0,0,0,18.68,0,0,2.63%,0%,-,0,0
40c4b652df4154f8be2219da5012c009,-,-,-,-,-,https://tutor-online1.fbcontent.cn/growth/internal-material/1780393905644.40c4b652df4154f8be2219da5012c009.mp4,0527-9物-自产-自产二-李博-曲中雨-子衿-A2-B2-有-8-直播间,20260616,贾子矜,贾子矜,9元高中物理李博,9元高中物理李博,申坤,自有,自产原创,wangruixuebj01,11,0,0,0,74.32,0,0,1.35%,0%,-,0,0
ba412ac38b090f89c09e635200c909b5,-,-,-,-,-,https://tutor-online1.fbcontent.cn/growth/internal-material/1780906798911.ba412ac38b090f89c09e635200c909b5.mp4,0603-9物-自产-自产主-李博-曲中雨-子衿-A5-B1-无-2-直播间,20260616,贾子矜,贾子矜,9元高中物理李博,9元高中物理李博,申坤,自有,自产原创,wangruixuebj01,2.33,0,0,0,19.26,2330,0,2.48%,0%,-,0,0
28f0cad3e5fd2ae71464d6b1234644a0,-,-,-,-,-,https://tutor-online1.fbcontent.cn/growth/internal-material/1781507073263.28f0cad3e5fd2ae71464d6b1234644a0.mp4,0610-9物-自产-自产主-李博-曲中雨-子衿-A3-B1-无-4,20260616,贾子矜,贾子矜,9元高中物理李博,9元高中物理李博,申坤,自有,自产原创,wangruixuebj01,0.03,0,0,0,30,0,0,0.00%,0.00%,-,0,0
27e2863611e76d1494191d6fe4f726a9,-,-,-,-,-,https://tutor-online1.fbcontent.cn/growth/internal-material/1779258835021.27e2863611e76d1494191d6fe4f726a9.mp4,0514-199双科-自产-自产主-王晶-曲中雨-子衿--B2-有-4,20260616,贾子矜,贾子矜,199元高中双科提分课,199元高中双科提分课,自投放,自有,自产原创,wangjiananbj03,316.35,0,0,0,255.12,105450,0,0.73%,0%,-,0,0
4cc8fcf55cda7ade1c2294936a78e254,-,-,-,-,-,https://tutor-online1.fbcontent.cn/growth/internal-material/1780656484642.4cc8fcf55cda7ade1c2294936a78e254.mp4,0603-9物-自产-自产主-李博-视觉锤-浩正-A5-B1-有-13,20260616,杜浩正,杜浩正,9元高中物理李博,9元高中物理李博,申坤,自有,自产原创,wangruixuebj01,0.75,0,0,0,15.63,750,0,4.17%,0%,-,0,0
a40c1024acda1c85e553ee51de9547b6,-,-,-,-,-,https://tutor-online1.fbcontent.cn/growth/internal-material/1779279980080.a40c1024acda1c85e553ee51de9547b6.mp4,0513-199双科-自产-自产主-李博-视觉锤-雅迪-A5-B1-无-21,20260616,王雅迪,王雅迪,199元高中双科提分课,199元高中双科提分课,自投放,自有,自产原创,wangjiananbj03,23.11,0,0,0,106.99,0,0,1.39%,0%,-,0,0
707efb21fc037c91d38b3a9b506fef72,-,-,-,-,-,https://tutor-online1.fbcontent.cn/growth/internal-material/1779278231083.707efb21fc037c91d38b3a9b506fef72.mp4,0513-199双科-自产-自产主-李博-视觉锤-雅迪-A5-B1B4-无-16,20260616,王雅迪,王雅迪,199元高中双科提分课,199元高中双科提分课,自投放,自有,自产原创,wangjiananbj03,6.83,0,0,0,86.46,6830,0,6.33%,0%,-,0,0
e7e6ccf30617c52580435eae1f2dd0fc,-,-,-,-,-,https://tutor-online1.fbcontent.cn/growth/internal-material/1780393600037.e7e6ccf30617c52580435eae1f2dd0fc.mp4,0527-9物-自产-自产二-李博-曲中雨-子衿-A7-B2-有-6,20260616,贾子矜,贾子矜,9元高中物理李博,9元高中物理李博,申坤,自有,自产原创,wangruixuebj01,1.04,0,0,0,43.33,0,0,0.00%,0.00%,-,0,0
a2d67833c36297ceb7304f31392b1168,-,-,-,-,-,https://tutor-online1.fbcontent.cn/growth/internal-material/1781579959230.a2d67833c36297ceb7304f31392b1168.mp4,0610-199双科-自产-自产二-李博-视觉锤-子衿-A1-B4-无-1(1),20260616,贾子矜,贾子矜,199元高中双科提分课,199元高中双科提分课,自投放,自有,自产原创,wangjiananbj03,0.94,0,0,0,156.67,0,0,16.67%,0%,-,0,0
c17e3ba60ee9e1451ccbc72456bb25ae,-,-,-,-,-,https://tutor-online1.fbcontent.cn/growth/internal-material/1780918129724.c17e3ba60ee9e1451ccbc72456bb25ae.mp4,0520-199双科-自产-自产二-李博-曲中雨-浩正-A5-B2-无-6,20260616,杜浩正,韩晨国,199元高中双科提分课,199元高中双科提分课,自投放,自有,自产原创,wangjiananbj03,0,0,0,0,0,0,0,0.00%,0.00%,-,0,0
5802e9366462b661689e89fc8e99a954,-,-,-,-,-,https://tutor-online1.fbcontent.cn/growth/internal-material/1779278565965.5802e9366462b661689e89fc8e99a954.mp4,0513-199双科-自产-自产主-李博-视觉锤-雅迪-A5-B1-有-21,20260615,王雅迪,王雅迪,199元高中双科提分课,199元高中双科提分课,自投放,自有,自产原创,wangjiananbj03,3.38,0,0,0,225.33,0,0,0.00%,0.00%,-,0,0
f6239f34d1472a35204b53e68b3f482f,-,-,-,-,-,https://tutor-online1.fbcontent.cn/growth/internal-material/1780975965281.f6239f34d1472a35204b53e68b3f482f.mp4,0527-9物-自产-自产主-李博-曲中雨-子衿-A5-B2-有-7,20260615,贾子矜,韩晨国,9元高中物理李博,9元高中物理李博,申坤,自有,自产原创,wangruixuebj01,0.08,0,0,0,8,0,0,0.00%,0.00%,-,0,0
d43e1557c7cf9338cf13269871a9d7b5,-,-,-,-,-,https://tutor-online1.fbcontent.cn/growth/internal-material/1775548306156.d43e1557c7cf9338cf13269871a9d7b5.mp4,0401-9物-自产-自产主-李博-曲中雨-子衿-A3-B1-有-23-前贴2,20260615,贾子矜,贾子矜,9元高中物理李博,9元高中物理李博,玄武,自有,自产原创,wangruixuebj01,2.52,0,0,0,68.11,0,0,2.70%,0%,-,0,0
dbc1d2912b7c8c40e269254ec800e594,-,-,-,-,-,https://tutor-online1.fbcontent.cn/growth/internal-material/1778649122827.dbc1d2912b7c8c40e269254ec800e594.mp4,0508-199双科-自产-自产二-李博-视觉锤-亚平-A2-B4-无-33,20260615,王雅迪,王雅迪,199元高中双科提分课,199元高中双科提分课,自投放,自有,自产原创,wangjiananbj03,0,0,0,0,0,0,0,0.00%,0.00%,-,0,0
62b371a99a47cfaee8bcfe5da1522e4e,-,-,-,-,-,https://tutor-online1.fbcontent.cn/growth/internal-material/1779442298442.62b371a99a47cfaee8bcfe5da1522e4e.mp4,0521-9物-自产-自产二-李博-曲中雨-小敏-A5效果保证-B2提分刚需-无-18,20260615,曲敏,曲敏,9元高中物理李博,9元高中物理李博,十人,自有,自产原创,wangruixuebj01,11.35,0,0,0,143.67,0,0,0.00%,0.00%,-,0,0
520091a00cf6570d00e3ea45a0aeb4ba,-,-,-,-,-,https://tutor-online1.fbcontent.cn/growth/internal-material/1780060825941.520091a00cf6570d00e3ea45a0aeb4ba.mp4,0512-199双科-自产-自产主-王晶-云梵-小敏--B1-无-23,20260615,曲敏,韩晨国,199元高中双科提分课,199元高中双科提分课,自投放,自有,自产原创,wangjiananbj03,86.83,0,0,0,57.81,6679.23,0,1.07%,0%,-,0,0
ac3ea3e200a190db509f844a99397302,-,-,-,-,-,https://tutor-online1.fbcontent.cn/growth/internal-material/1779280034072.ac3ea3e200a190db509f844a99397302.mp4,0513-199双科-自产-自产主-李博-视觉锤-雅迪-A5-B2-有-17,20260615,王雅迪,王雅迪,199元高中双科提分课,199元高中双科提分课,自投放,自有,自产原创,wangjiananbj03,1.13,0,0,0,226,0,0,0.00%,0.00%,-,0,0
bb2fe73026840de937f079ef81efd8f2,-,-,-,-,-,https://tutor-online1.fbcontent.cn/growth/internal-material/1779420157411.bb2fe73026840de937f079ef81efd8f2.mp4,0514-199双科-自产-自产主-王晶-曲中雨-忍哥--B1-无-18,20260615,王雅迪,王雅迪,199元高中双科提分课,199元高中双科提分课,自投放,自有,自产原创,wangjiananbj03,0.65,0,0,0,18.57,0,0,0.00%,0.00%,-,0,0
ecf4ff639de23f5e439bd8367e726ce7,-,-,-,-,-,https://tutor-online1.fbcontent.cn/growth/internal-material/1774510704385.ecf4ff639de23f5e439bd8367e726ce7.mp4,0324-9物-自产-自产主-李博-曲中雨-子衿-A5-B1-有-18-前贴1,20260615,贾子矜,贾子矜,9元高中物理李博,9元高中物理李博,玄武,自有,自产原创,wangruixuebj01,0.71,0,0,0,177.5,710,0,25.00%,0%,-,0,0
85f80120ef6609c0e9f0c3ce15402276,-,-,-,-,-,https://tutor-online1.fbcontent.cn/growth/internal-material/1775195735307.85f80120ef6609c0e9f0c3ce15402276.mp4,0312-9物-自产-自产混-李博-云梵-雅迪-A2-B4-无-2,20260615,王雅迪,王雅迪,9元高中物理李博,9元高中物理李博,申坤,自有,自产混剪,wangruixuebj01,0.01,0,0,0,10,0,0,0.00%,0.00%,-,0,0
87b3b092ae3d624810b3ccc1daf0256b,-,-,-,-,-,https://tutor-online1.fbcontent.cn/growth/internal-material/1780397766519.87b3b092ae3d624810b3ccc1daf0256b.mp4,0527-9物-自产-自产二-李博-曲中雨-浩正-A5-B1-有-14-直播间,20260615,杜浩正,杜浩正,9元高中物理李博,9元高中物理李博,申坤,自有,自产原创,wangruixuebj01,1.84,0,0,0,40,1840,0,2.17%,0%,-,0,0
8e653b67b0bc1be5177ed7e438555d3d,-,-,-,-,-,https://tutor-online1.fbcontent.cn/growth/internal-material/1781079699040.8e653b67b0bc1be5177ed7e438555d3d.mp4,0604-状元笔记-自产-混剪-曲中雨-婷玉---无-26,20260615,吴婷玉,吴婷玉,高中手写笔记,高中手写笔记,自投放,自有,自产原创,wangjiananbj03,0.1,0,0,0,20,0,0,0.00%,0.00%,-,0,0
cff7a5ac3aad80ce54edfe924423b5e5,-,-,-,-,-,https://tutor-online1.fbcontent.cn/growth/internal-material/1779421086376.cff7a5ac3aad80ce54edfe924423b5e5.mp4,0512-199双科-自产-自产二-王晶-曲中雨-忍哥--B1-有-9,20260615,王雅迪,王雅迪,199元高中双科提分课,199元高中双科提分课,自投放,自有,自产原创,wangjiananbj03,0.98,0,0,0,196,0,0,0.00%,0.00%,-,0,0
263f133079b337969e6e636af9a06fa7,-,-,-,-,-,https://tutor-online1.fbcontent.cn/growth/internal-material/1780454912627.263f133079b337969e6e636af9a06fa7.mp4,0528-状元笔记-自产-自产主-视觉锤-小敏---无-40,20260615,曲敏,曲敏,高中手写笔记,高中手写笔记,自投放,自有,自产原创,wangjiananbj03,0.23,0,0,0,17.69,0,0,0.00%,0.00%,-,0,0
cd4f635687beaa20e346a767501e2797,-,-,-,-,-,https://tutor-online1.fbcontent.cn/growth/internal-material/1780397766113.cd4f635687beaa20e346a767501e2797.mp4,0527-9物-自产-自产二-李博-曲中雨-浩正-A5-B1-无-14-直播间,20260615,杜浩正,杜浩正,9元高中物理李博,9元高中物理李博,申坤,自有,自产原创,wangruixuebj01,0.2,0,0,0,40,0,0,0.00%,0.00%,-,0,0
7618381c53d6fb28cf215b0ab5209c85,-,-,-,-,-,https://tutor-online1.fbcontent.cn/growth/internal-material/1776416876385.7618381c53d6fb28cf215b0ab5209c85.mp4,0415-9物-自产-自产二-李博-曲中雨-子衿-A5-B3B4-无-15,20260615,贾子矜,贾子矜,9元高中物理李博,9元高中物理李博,玄武,自有,自产原创,wangruixuebj01,0.37,0,0,0,11.94,0,0,0.00%,0.00%,-,0,0
fa70ad057d3ce1946c3cbbaf8882a7b9,-,-,-,-,-,https://tutor-online1.fbcontent.cn/growth/internal-material/1780393907968.fa70ad057d3ce1946c3cbbaf8882a7b9.mp4,0527-9物-自产-自产二-李博-曲中雨-子衿-A5-B2-有-2-直播间,20260615,贾子矜,贾子矜,9元高中物理李博,9元高中物理李博,申坤,自有,自产原创,wangruixuebj01,1.27,0,0,0,34.32,0,0,0.00%,0.00%,-,0,0
39271a3905fbea4bc16e6ef96644767e,-,-,-,-,-,https://tutor-online1.fbcontent.cn/growth/internal-material/1781082527730.39271a3905fbea4bc16e6ef96644767e.mp4,0603-199双科-自产-自产二-李博-视觉锤-嘉丽-A5-B1-无-15,20260615,魏嘉丽,魏嘉丽,199元高中双科提分课,199元高中双科提分课,自投放,自有,自产原创,wangjiananbj03,1.51,0,0,0,62.92,1510,0,0.00%,0.00%,-,0,0
5832908131d5b3bb4530cdbacb98dfd2,-,-,-,-,-,https://tutor-online1.fbcontent.cn/growth/internal-material/1781082529570.5832908131d5b3bb4530cdbacb98dfd2.mp4,0603-199双科-自产-自产二-李博-视觉锤-嘉丽-A5-B1-无-12,20260615,魏嘉丽,魏嘉丽,199元高中双科提分课,199元高中双科提分课,自投放,自有,自产原创,wangjiananbj03,0.15,0,0,0,30,0,0,0.00%,0.00%,-,0,0
d43e1557c7cf9338cf13269871a9d7b5,-,-,-,-,-,https://tutor-online1.fbcontent.cn/growth/internal-material/1775548306156.d43e1557c7cf9338cf13269871a9d7b5.mp4,0401-9物-自产-自产主-李博-曲中雨-子衿-A3-B1-有-23-前贴2,20260615,贾子矜,贾子矜,9元高中物理李博,9元高中物理李博,玄武,自有,自产原创,wangruixuebj01,33.99,0,0,0,189.89,0,0,0.00%,0.00%,-,0,0
1107d1ce1afeb47e78785778e9789347,-,-,-,-,-,https://tutor-online1.fbcontent.cn/growth/internal-material/1780984420902.1107d1ce1afeb47e78785778e9789347.mp4,0526-199双科-自产-自产二-王晶-亿晨-子衿-A7-B1-有-4,20260615,贾子矜,贾子矜,199元高中双科提分课,199元高中双科提分课,自投放,自有,自产原创,wangjiananbj03,1.38,0,0,0,81.18,0,0,0.00%,0.00%,-,0,0
60fda511de23511be14bbd8d8186fc12,-,-,-,-,-,https://tutor-online1.fbcontent.cn/growth/internal-material/1778581745046.60fda511de23511be14bbd8d8186fc12.mp4,0508-199双科-自产-自产主-李博-视觉锤-雅迪-A5-B1-无-17,20260615,王雅迪,王雅迪,199元高中双科提分课,199元高中双科提分课,自投放,自有,自产原创,wangjiananbj03,6.71,0,0,0,216.45,0,0,0.00%,0.00%,-,0,0
26a83dce037b3511a91d0fef75e0e59b,-,-,-,-,-,https://tutor-online1.fbcontent.cn/growth/internal-material/1775548228196.26a83dce037b3511a91d0fef75e0e59b.mp4,0401-9物-自产-自产二-李博-曲中雨-子衿-A3-B1-无-23,20260615,贾子矜,贾子矜,9元高中物理李博,9元高中物理李博,玄武,自有,自产原创,wangruixuebj01,1.51,0,0,0,31.46,0,0,0.00%,0.00%,-,0,0
efcd751fa7027ec28a5cdfd1318b78e1,-,-,-,-,-,https://tutor-online1.fbcontent.cn/growth/internal-material/1781080054755.efcd751fa7027ec28a5cdfd1318b78e1.mp4,0608-199双科-自产-自产二-王晶-亿晨-婷玉-A1-B4B5-无-6,20260615,吴婷玉,吴婷玉,199元高中双科提分课,199元高中双科提分课,自投放,自有,自产原创,wangjiananbj03,2.22,0,0,0,158.57,0,0,0.00%,0.00%,-,0,0
f3288b9939c59e630458e23e380e7ba9,-,-,-,-,-,https://tutor-online1.fbcontent.cn/growth/internal-material/1779427695243.f3288b9939c59e630458e23e380e7ba9.mp4,0512-199双科-自产-自产主-王晶-曲中雨-雅迪---无-12,20260615,王雅迪,王雅迪,199元高中双科提分课,199元高中双科提分课,自投放,自有,自产原创,wangjiananbj03,0.01,0,0,0,0.01,5,0,0.33%,0%,-,0,0
668ab47be5e8830b0b693eadaf5e1b85,-,-,-,-,-,https://tutor-online1.fbcontent.cn/growth/internal-material/1781079684488.668ab47be5e8830b0b693eadaf5e1b85.mp4,0604-状元笔记-自产-混剪--曲中雨-婷玉---无-27,20260615,吴婷玉,吴婷玉,高中手写笔记,高中手写笔记,自投放,自有,自产原创,wangjiananbj03,0.01,0,0,0,10,0,0,0.00%,0.00%,-,0,0
63336d0afafe2f3680b8f47bb3768e74,-,-,-,-,-,https://tutor-online1.fbcontent.cn/growth/internal-material/1775810390856.63336d0afafe2f3680b8f47bb3768e74.mp4,0317-199物-自产-自产二-李博-曲中雨-浩正-A2-B2-无-20,20260615,杜浩正,杜浩正,199元高中双科提分课,199元高中双科提分课,自投放,自有,自产原创,wangjiananbj03,18.13,0,0,0,49.81,2590,0,5.49%,0%,-,0,0
80ca8636af17180b2f2b1681c22e14c1,-,-,-,-,-,https://tutor-online1.fbcontent.cn/growth/internal-material/1779422146008.80ca8636af17180b2f2b1681c22e14c1.mp4,0512-199双科-自产-自产二-王晶-云梵-雅迪---有-12,20260615,王雅迪,王雅迪,199元高中双科提分课,199元高中双科提分课,自投放,自有,自产原创,wangjiananbj03,1.2,0,0,0,6.35,0,0,1.06%,0%,-,0,0
859ea1a3c90c6721f6de45e83f0a882c,-,-,-,-,-,https://tutor-online1.fbcontent.cn/growth/internal-material/1780984420334.859ea1a3c90c6721f6de45e83f0a882c.mp4,0526-199双科-自产-自产主-王晶-亿晨-子衿-A7-B2-有-2,20260615,贾子矜,贾子矜,199元高中双科提分课,199元高中双科提分课,自投放,自有,自产原创,wangjiananbj03,16.21,0,0,0,154.38,0,0,2.86%,0%,-,0,0
b15470feab69c92b51e5b50af5de5d84,-,-,-,-,-,https://tutor-online1.fbcontent.cn/growth/internal-material/1780656483738.b15470feab69c92b51e5b50af5de5d84.mp4,0603-9物-自产-自产主-李博-视觉锤-浩正-A5-B1-有-14,20260615,杜浩正,杜浩正,9元高中物理李博,9元高中物理李博,申坤,自有,自产原创,wangruixuebj01,17.15,0,0,0,69.72,5716.67,0,1.22%,0%,-,0,0
8bc16e5c9ced7c5fa0e08ddb79f10841,-,-,-,-,-,https://tutor-online1.fbcontent.cn/growth/internal-material/1780397830905.8bc16e5c9ced7c5fa0e08ddb79f10841.mp4,0527-9物-自产-自产主-李博-曲中雨-浩正-A5-B1-无-15-直播间,20260615,杜浩正,杜浩正,9元高中物理李博,9元高中物理李博,申坤,自有,自产原创,wangruixuebj01,1.39,0,0,0,20.14,695,0,2.90%,0%,-,0,0
ea9bff779a7e11fb3ad1c7a0e173ee76,-,-,-,-,-,https://tutor-online1.fbcontent.cn/growth/internal-material/1780394012088.ea9bff779a7e11fb3ad1c7a0e173ee76.mp4,0527-9物-自产-自产主-李博-曲中雨-子衿-A5-B2-有-7-直播间,20260615,贾子矜,贾子矜,9元高中物理李博,9元高中物理李博,申坤,自有,自产原创,wangruixuebj01,4.47,0,0,0,212.86,0,0,0.00%,0.00%,-,0,0
46444752ae1c57e18bdfd35f9f6d1be0,-,-,-,-,-,https://tutor-online1.fbcontent.cn/growth/internal-material/1778568686278.46444752ae1c57e18bdfd35f9f6d1be0.mp4,0429-199双科-自产-自产主-李博-曲中雨-浩正-A5-B2-无-24,20260615,杜浩正,杜浩正,199元高中双科提分课,199元高中双科提分课,自投放,自有,自产原创,wangjiananbj03,0.54,0,0,0,5.81,540,0,1.08%,0%,-,0,0
52251a6062803828e0bdaaffcf96ef94,-,-,-,-,-,https://tutor-online1.fbcontent.cn/growth/internal-material/1780394050306.52251a6062803828e0bdaaffcf96ef94.mp4,0527-9物-自产-自产主-李博-曲中雨-子衿-A6-B3-有-9-直播间,20260615,贾子矜,贾子矜,9元高中物理李博,9元高中物理李博,申坤,自有,自产原创,wangruixuebj01,0.39,0,0,0,35.45,0,0,0.00%,0.00%,-,0,0
fec37071823405b373d93ea44964ec9a,-,-,-,-,-,https://tutor-online1.fbcontent.cn/growth/internal-material/1780040850913.fec37071823405b373d93ea44964ec9a.mp4,0520-199双科-自产-自产主-李博-曲中雨-小敏-A7-B1-无-24,20260615,曲敏,曲敏,199元高中双科提分课,199元高中双科提分课,自投放,自有,自产原创,wangjiananbj03,0.01,0,0,0,10,0,0,0.00%,0.00%,-,0,0
bf866b6e44e64ed9ab37df38cbc1647c,-,-,-,-,-,https://tutor-online1.fbcontent.cn/growth/internal-material/1779279974075.bf866b6e44e64ed9ab37df38cbc1647c.mp4,0513-199双科-自产-自产主-李博-视觉锤-雅迪-A5-B1-有-15,20260615,王雅迪,王雅迪,199元高中双科提分课,199元高中双科提分课,自投放,自有,自产原创,wangjiananbj03,0.81,0,0,0,27,0,0,0.00%,0.00%,-,0,0
5a6b5100cc89ff355027bcd25edd11bd,-,-,-,-,-,https://tutor-online1.fbcontent.cn/growth/internal-material/1779706273740.5a6b5100cc89ff355027bcd25edd11bd.mp4,0520-199双科-自产-自产主-李博-曲中雨-子衿-A5-B2-有-4,20260615,贾子矜,贾子矜,199元高中双科提分课,199元高中双科提分课,自投放,自有,自产原创,wangjiananbj03,154.85,0,0,0,379.53,22121.43,0,4.66%,0%,-,0,0
9a7c32b2ed684da8a233eaa89db19ae5,-,-,-,-,-,https://tutor-online1.fbcontent.cn/growth/internal-material/1780061372514.9a7c32b2ed684da8a233eaa89db19ae5.mp4,0514-199双科-自产-自产主-王晶-曲中雨-浩正-A2-B2-无-10,20260615,杜浩正,韩晨国,199元高中双科提分课,199元高中双科提分课,自投放,自有,自产原创,wangjiananbj03,20.98,0,0,0,161.38,20980,0,10.77%,0%,-,0,0
33043787b8aed0ed02a9988ab9e90eaa,-,-,-,-,-,https://tutor-online1.fbcontent.cn/growth/internal-material/1779706266619.33043787b8aed0ed02a9988ab9e90eaa.mp4,0520-199双科-自产-自产主-李博-曲中雨-子衿-A5-B1-有-5,20260615,贾子矜,贾子矜,199元高中双科提分课,199元高中双科提分课,自投放,自有,自产原创,wangjiananbj03,16.75,0,0,0,239.29,16750,0,1.43%,0%,-,0,0
2062a0e754be34f1542e290360d86e44,-,-,-,-,-,https://tutor-online1.fbcontent.cn/growth/internal-material/1780393989328.2062a0e754be34f1542e290360d86e44.mp4,0527-9物-自产-自产主-李博-曲中雨-子衿-A5-B2-无-7-直播间,20260615,贾子矜,贾子矜,9元高中物理李博,9元高中物理李博,申坤,自有,自产原创,wangruixuebj01,9.27,0,0,0,138.36,4635,0,2.99%,0%,-,0,0
c1cd5fb7814f25b1cce9b2d6e3a038f5,-,-,-,-,-,https://tutor-online1.fbcontent.cn/growth/internal-material/1775548229416.c1cd5fb7814f25b1cce9b2d6e3a038f5.mp4,0401-9物-自产-自产二-李博-曲中雨-子衿-A3-B1-有-23-前贴2,20260615,贾子矜,贾子矜,9元高中物理李博,9元高中物理李博,玄武,自有,自产原创,wangruixuebj01,43.4,0,0,0,31.22,1315.15,0,2.37%,0%,-,0,0
859ea1a3c90c6721f6de45e83f0a882c,-,-,-,-,-,https://tutor-online1.fbcontent.cn/growth/internal-material/1780984420334.859ea1a3c90c6721f6de45e83f0a882c.mp4,0526-199双科-自产-自产主-王晶-亿晨-子衿-A7-B2-有-2,20260615,贾子矜,贾子矜,199元高中双科提分课,199元高中双科提分课,自投放,自有,自产原创,wangjiananbj03,1.21,0,0,0,34.57,1210,0,0.00%,0.00%,-,0,0
daf655cc2e595e39bce0bc2b90a893e7,-,-,-,-,-,https://tutor-online1.fbcontent.cn/growth/internal-material/1779258539843.daf655cc2e595e39bce0bc2b90a893e7.mp4,0512-199双科-自产-自产主-王晶-曲中雨-子衿--B1B4-有-3,20260615,贾子矜,贾子矜,199元高中双科提分课,199元高中双科提分课,自投放,自有,自产原创,wangjiananbj03,13.97,0,0,0,164.35,13970,0,3.53%,0%,-,0,0
3a94393df703cf9eb748e5abfca3703b,-,-,-,-,-,https://tutor-online1.fbcontent.cn/growth/internal-material/1780983154515.3a94393df703cf9eb748e5abfca3703b.mp4,6月4日 (3)(4),20260615,贾子矜,贾子矜,199元高中双科提分课,199元高中双科提分课,自投放,自有,自产原创,wangjiananbj03,0,0,0,0,0,0,0,0.00%,0.00%,-,0,0
7b31325775180c0d630a50ab6fd74aae,-,-,-,-,-,https://tutor-online1.fbcontent.cn/growth/internal-material/1780917991036.7b31325775180c0d630a50ab6fd74aae.mp4,0513-199双科-自产-自产主-李博-曲中雨-嘉丽-A7-B1-无-34,20260615,魏嘉丽,韩晨国,199元高中双科提分课,199元高中双科提分课,自投放,自有,自产原创,wangjiananbj03,0,0,0,0,0,0,0,0.00%,0.00%,-,0,0
697a6d441430ee901f014e112045ff2f,-,-,-,-,-,https://tutor-online1.fbcontent.cn/growth/internal-material/1775195755972.697a6d441430ee901f014e112045ff2f.mp4,0311-9物-自产-自产混-李博-云梵-雅迪-A7-B1-无-14,20260615,王雅迪,王雅迪,9元高中物理李博,9元高中物理李博,申坤,自有,自产混剪,wangruixuebj01,0,0,0,0,0,0,0,0.00%,0.00%,-,0,0
e1c17392b4fec26c3746b8e5d1213534,-,-,-,-,-,https://tutor-online1.fbcontent.cn/growth/internal-material/1774350566517.e1c17392b4fec26c3746b8e5d1213534.mp4,0319-9物-自产-自产二-李博-巽阳-子衿---无-29,20260615,贾子矜,贾子矜,9元高中物理李博,9元高中物理李博,玄武,自有,自产原创,wangruixuebj01,0,0,0,0,0,0,0,0.00%,0.00%,-,0,0
18eee62f53837a523bcfbd3db3cb3fa5,-,-,-,-,-,https://tutor-online1.fbcontent.cn/growth/internal-material/1775810403182.18eee62f53837a523bcfbd3db3cb3fa5.mp4,0317-199物-自产-自产主-李博-曲中雨-浩正-A5-B2-无-23,20260615,杜浩正,杜浩正,199元高中双科提分课,199元高中双科提分课,自投放,自有,自产原创,wangjiananbj03,1.89,0,0,0,105,1890,0,5.56%,0%,-,0,0
6ed21241028f8a6099c05e268a092e17,-,-,-,-,-,https://tutor-online1.fbcontent.cn/growth/internal-material/1780060961463.6ed21241028f8a6099c05e268a092e17.mp4,0514-199双科-自产-自产主-王晶-曲中雨-子衿--B3B4-有-1,20260615,贾子矜,韩晨国,199元高中双科提分课,199元高中双科提分课,自投放,自有,自产原创,wangjiananbj03,0.01,0,0,0,3.33,0,0,0.00%,0.00%,-,0,0
841dfce57739b035adefa27905ff7a77,-,-,-,-,-,https://tutor-online1.fbcontent.cn/growth/internal-material/1775810415417.841dfce57739b035adefa27905ff7a77.mp4,0317-199物-自产-自产主-李博-曲中雨-浩正-A6-B2-有-22,20260615,杜浩正,杜浩正,199元高中双科提分课,199元高中双科提分课,自投放,自有,自产原创,wangjiananbj03,0,0,0,0,0,0,0,0.00%,0.00%,-,0,0
0629066c4851ab1e9061310d07ad5600,-,-,-,-,-,https://tutor-online1.fbcontent.cn/growth/internal-material/1772517101338.0629066c4851ab1e9061310d07ad5600.mp4,0211-9物-自产-自产主-李博-亿晨-子衿-A7-B1-无-4,20260615,贾子矜,贾子矜,9元高中物理李博,9元高中物理李博-实物,玄武,自有,自产原创,wangruixuebj01,196.41,9,1,0.05,153.93,7856.4,196.41,2.04%,3.85%,-,0.78,360
71018beb3e390680e230c0cb320e09d8,-,-,-,-,-,https://tutor-online1.fbcontent.cn/growth/internal-material/1781340112201.71018beb3e390680e230c0cb320e09d8.mp4,0611-状元笔记-自产-自产主--视觉锤-雅迪-A5-B2-无-23,20260615,王雅迪,王雅迪,高中手写笔记,高中手写笔记,自投放,自有,自产原创,wangjiananbj03,0,0,0,0,0,0,0,0.00%,0.00%,-,0,0
df0c3a8dd88939a25d19b29c2002f0ec,-,-,-,-,-,https://tutor-online1.fbcontent.cn/growth/internal-material/1780984421202.df0c3a8dd88939a25d19b29c2002f0ec.mp4,0526-199双科-自产-自产主-王晶-亿晨-子衿-A5-B1-有-3,20260615,贾子矜,贾子矜,199元高中双科提分课,199元高中双科提分课,自投放,自有,自产原创,wangjiananbj03,7.08,0,0,0,107.27,7080,0,3.03%,0%,-,0,0
1af3ac98835302c4de6b3fe9fb7b2444,-,-,-,-,-,https://tutor-online1.fbcontent.cn/growth/internal-material/1779701509612.1af3ac98835302c4de6b3fe9fb7b2444.mp4,0520-199双科-自产-自产二-李博-曲中雨-浩正-A5-B2-无-8,20260615,杜浩正,杜浩正,199元高中双科提分课,199元高中双科提分课,自投放,自有,自产原创,wangjiananbj03,17.27,0,0,0,121.62,17270,0,3.52%,0%,-,0,0
2b2e9f0b2e6631fbb112176b9ae39967,-,-,-,-,-,https://tutor-online1.fbcontent.cn/growth/internal-material/1775810420431.2b2e9f0b2e6631fbb112176b9ae39967.mp4,0317-199物-自产-自产主-李博-曲中雨-浩正-A6-B2-无-22,20260615,杜浩正,杜浩正,199元高中双科提分课,199元高中双科提分课,自投放,自有,自产原创,wangjiananbj03,0.26,0,0,0,26,0,0,0.00%,0.00%,-,0,0
b8ae1008e6bbbfe90e9257be16acc0d9,-,-,-,-,-,https://tutor-online1.fbcontent.cn/growth/internal-material/1780060959521.b8ae1008e6bbbfe90e9257be16acc0d9.mp4,0514-199双科-自产-自产主-王晶-曲中雨-子衿--B2-无-5,20260615,贾子矜,韩晨国,199元高中双科提分课,199元高中双科提分课,自投放,自有,自产原创,wangjiananbj03,2.36,0,0,0,131.11,0,0,0.00%,0.00%,-,0,0
f7649b5acdc3aeb3330ff2a754d857c9,-,-,-,-,-,https://tutor-online1.fbcontent.cn/growth/internal-material/1781082475758.f7649b5acdc3aeb3330ff2a754d857c9.mp4,0527-199双科-自产-自产二-李博-视觉锤-嘉丽-A7-B1-无-14,20260615,魏嘉丽,魏嘉丽,199元高中双科提分课,199元高中双科提分课,自投放,自有,自产原创,wangjiananbj03,0.23,0,0,0,1.9,0,0,0.00%,0.00%,-,0,0
cf5f02a96d4df9db0459841e52192096,-,-,-,-,-,https://tutor-online1.fbcontent.cn/growth/internal-material/1779706282111.cf5f02a96d4df9db0459841e52192096.mp4,0520-199双科-自产-自产主-李博-曲中雨-子衿-A6-B1-有-3,20260615,贾子矜,贾子矜,199元高中双科提分课,199元高中双科提分课,自投放,自有,自产原创,wangjiananbj03,0,0,0,0,0,0,0,0.00%,0.00%,-,0,0
bf268ed5822f259dc499a68e2c5e97a9,-,-,-,-,-,https://tutor-online1.fbcontent.cn/growth/internal-material/1779442298652.bf268ed5822f259dc499a68e2c5e97a9.mp4,0521-9物-自产-自产二-李博-曲中雨-小敏-A1价格拆解-B6线下对比-无-17,20260615,曲敏,曲敏,9元高中物理李博,9元高中物理李博,十人,自有,自产原创,wangruixuebj01,4.86,0,0,0,78.39,4860,0,1.61%,0%,-,0,0
ef615c20d3f846117e103177fd831cb1,-,-,-,-,-,https://tutor-online1.fbcontent.cn/growth/internal-material/1781082526964.ef615c20d3f846117e103177fd831cb1.mp4,0603-199双科-自产-自产二-李博-视觉锤-嘉丽-A5-B1-无-14,20260615,魏嘉丽,魏嘉丽,199元高中双科提分课,199元高中双科提分课,自投放,自有,自产原创,wangjiananbj03,0.32,0,0,0,18.82,0,0,0.00%,0.00%,-,0,0
df0c3a8dd88939a25d19b29c2002f0ec,-,-,-,-,-,https://tutor-online1.fbcontent.cn/growth/internal-material/1780984421202.df0c3a8dd88939a25d19b29c2002f0ec.mp4,0526-199双科-自产-自产主-王晶-亿晨-子衿-A5-B1-有-3,20260615,贾子矜,贾子矜,199元高中双科提分课,199元高中双科提分课,自投放,自有,自产原创,wangjiananbj03,4.75,0,0,0,107.95,0,0,0.00%,0.00%,-,0,0
869591d137c17f26479b8b5c6d71916a,-,-,-,-,-,https://tutor-online1.fbcontent.cn/growth/internal-material/1780656485281.869591d137c17f26479b8b5c6d71916a.mp4,0603-9物-自产-自产主-李博-视觉锤-浩正-A5-B1-有-12,20260615,杜浩正,杜浩正,9元高中物理李博,9元高中物理李博,申坤,自有,自产原创,wangruixuebj01,45.41,0,0,0,142.35,4128.18,0,3.76%,0%,-,0,0
8d668df2abf53bcdf14c11c1295cecbb,-,-,-,-,-,https://tutor-online1.fbcontent.cn/growth/internal-material/1779470003836.8d668df2abf53bcdf14c11c1295cecbb.mp4,0521-9物-自产-自产二-李博-曲中雨-子衿-A5效果保证-B1效果方法体系-有-4,20260615,贾子矜,贾子矜,9元高中物理李博,9元高中物理李博,十人,自有,自产原创,wangruixuebj01,1160.25,27,3,0.02,256.86,29006.25,386.75,1.17%,5.66%,-,0.66,675
fbad3696edebcfc3809fed8ce9c317f6,-,-,-,-,-,https://tutor-online1.fbcontent.cn/growth/internal-material/1777262135702.fbad3696edebcfc3809fed8ce9c317f6.mp4,0422-9物-自产-自产主-李博-曲中雨-子衿-A7-B1-有-14-前贴1,20260615,贾子矜,贾子矜,9元高中物理李博,9元高中物理李博,申坤,自有,自产原创,wangruixuebj01,27.49,0,0,0,71.96,3927.14,0,1.83%,0%,-,0,0
5b4610c0c4ce9e34730f09ab78e12e2e,-,-,-,-,-,https://tutor-online1.fbcontent.cn/growth/internal-material/1780060825253.5b4610c0c4ce9e34730f09ab78e12e2e.mp4,0512-199双科-自产-自产主-王晶-云梵-小敏--B1-无-21,20260615,曲敏,韩晨国,199元高中双科提分课,199元高中双科提分课,自投放,自有,自产原创,wangjiananbj03,194.04,0,0,0,109.75,6063.75,0,9.79%,0%,-,0,0
0dfe3f10afb06600da1f570e20be1bfb,-,-,-,-,-,https://tutor-online1.fbcontent.cn/growth/internal-material/1779706246666.0dfe3f10afb06600da1f570e20be1bfb.mp4,0520-199双科-自产-自产二-李博-曲中雨-子衿-A5-B2-无-4,20260615,贾子矜,贾子矜,199元高中双科提分课,199元高中双科提分课,自投放,自有,自产原创,wangjiananbj03,69.94,0,0,0,406.63,23313.33,0,2.33%,0%,-,0,0
20b8eb386392f37b747f7637c49b3ec7,-,-,-,-,-,https://tutor-online1.fbcontent.cn/growth/internal-material/1775548305351.20b8eb386392f37b747f7637c49b3ec7.mp4,0401-9物-自产-自产主-李博-曲中雨-子衿-A3-B1-有-23-前贴1,20260615,贾子矜,贾子矜,9元高中物理李博,9元高中物理李博,玄武,自有,自产原创,wangruixuebj01,1.02,0,0,0,113.33,0,0,0.00%,0.00%,-,0,0
34784e0f591a32d845ca85c3708212e1,-,-,-,-,-,https://tutor-online1.fbcontent.cn/growth/internal-material/1780369895793.34784e0f591a32d845ca85c3708212e1.mp4,0527-9物-自产-自产二-李博-视觉锤-雅迪-A5-B1-无-16,20260615,王雅迪,王雅迪,9元高中物理李博,9元高中物理李博,申坤,自有,自产原创,wangruixuebj01,0.28,0,0,0,40,0,0,0.00%,0.00%,-,0,0
bb348fc6587f3de7fb39cacf40128059,-,-,-,-,-,https://tutor-online1.fbcontent.cn/growth/internal-material/1780393928482.bb348fc6587f3de7fb39cacf40128059.mp4,0527-9物-自产-自产二-李博-曲中雨-子衿-A6-B1-无-1-直播间,20260615,贾子矜,贾子矜,9元高中物理李博,9元高中物理李博,申坤,自有,自产原创,wangruixuebj01,0.29,0,0,0,16.11,0,0,0.00%,0.00%,-,0,0
978d434b1e652cc7e0e17d0dc92d05aa,-,-,-,-,-,https://tutor-online1.fbcontent.cn/growth/internal-material/1780061372525.978d434b1e652cc7e0e17d0dc92d05aa.mp4,0514-199双科-自产-自产主-王晶-曲中雨-浩正-A5-B2-无-8,20260615,杜浩正,韩晨国,199元高中双科提分课,199元高中双科提分课,自投放,自有,自产原创,wangjiananbj03,17.97,0,0,0,320.89,17970,0,3.57%,0%,-,0,0
1d6a21ffed3505a98468fb67f8045849,-,-,-,-,-,https://tutor-online1.fbcontent.cn/growth/internal-material/1780906798576.1d6a21ffed3505a98468fb67f8045849.mp4,0603-9物-自产-自产主-李博-曲中雨-子衿-A6-B2-无-3-直播间,20260615,贾子矜,贾子矜,9元高中物理李博,9元高中物理李博,申坤,自有,自产原创,wangruixuebj01,3.89,0,0,0,65.93,0,0,0.00%,0.00%,-,0,0
27e2863611e76d1494191d6fe4f726a9,-,-,-,-,-,https://tutor-online1.fbcontent.cn/growth/internal-material/1779258835021.27e2863611e76d1494191d6fe4f726a9.mp4,0514-199双科-自产-自产主-王晶-曲中雨-子衿--B2-有-4,20260615,贾子矜,贾子矜,199元高中双科提分课,199元高中双科提分课,自投放,自有,自产原创,wangjiananbj03,47.67,0,0,0,627.24,15890,0,5.26%,0%,-,0,0
26a83dce037b3511a91d0fef75e0e59b,-,-,-,-,-,https://tutor-online1.fbcontent.cn/growth/internal-material/1775548228196.26a83dce037b3511a91d0fef75e0e59b.mp4,0401-9物-自产-自产二-李博-曲中雨-子衿-A3-B1-无-23,20260615,贾子矜,贾子矜,9元高中物理李博,9元高中物理李博,玄武,自有,自产原创,wangruixuebj01,38.08,0,0,0,156.71,4760,0,3.29%,0%,-,0,0
242ad6f33480cbc85e553e83cbfbf62f,-,-,-,-,-,https://tutor-online1.fbcontent.cn/growth/internal-material/1780560673767.242ad6f33480cbc85e553e83cbfbf62f.mp4,0526-199双科-自产-自产主-王晶-亿晨-小敏-A5-B1-有-14,20260615,曲敏,曲敏,199元高中双科提分课,199元高中双科提分课,自投放,自有,自产原创,wangjiananbj03,28.3,199,1,7.03,88.99,7075,28.3,9.43%,3.33%,-,3.14,49750
11a91d9305c06f08447f4d6d63d16ef2,-,-,-,-,-,https://tutor-online1.fbcontent.cn/growth/internal-material/1778580974136.11a91d9305c06f08447f4d6d63d16ef2.mp4,0508-199双科-自产-自产二-莉娜-视觉锤-雅迪-A1-B6-无-11,20260615,王雅迪,王雅迪,199元高中双科提分课,199元高中双科提分课,自投放,自有,自产原创,wangjiananbj03,1082.33,199,1,0.18,226.9,38654.64,1082.33,1.07%,1.96%,-,0.21,7107.14
8c1af27a915de2e74c6351aefd638254,-,-,-,-,-,https://tutor-online1.fbcontent.cn/growth/internal-material/1780917989263.8c1af27a915de2e74c6351aefd638254.mp4,0513-199双科-自产-自产二-李博-曲中雨-嘉丽-A7-B1-无-32,20260615,魏嘉丽,韩晨国,199元高中双科提分课,199元高中双科提分课,自投放,自有,自产原创,wangjiananbj03,1.44,0,0,0,29.39,0,0,4.08%,0%,-,0,0
ba412ac38b090f89c09e635200c909b5,-,-,-,-,-,https://tutor-online1.fbcontent.cn/growth/internal-material/1780906798911.ba412ac38b090f89c09e635200c909b5.mp4,0603-9物-自产-自产主-李博-曲中雨-子衿-A5-B1-无-2-直播间,20260615,贾子矜,贾子矜,9元高中物理李博,9元高中物理李博,申坤,自有,自产原创,wangruixuebj01,1.89,0,0,0,90,0,0,0.00%,0.00%,-,0,0
72f97867842e4213d6a2e317d121163c,-,-,-,-,-,https://tutor-online1.fbcontent.cn/growth/internal-material/1780984421539.72f97867842e4213d6a2e317d121163c.mp4,0526-199双科-自产-自产二-王晶-亿晨-子衿-A5-B1-有-3,20260615,贾子矜,贾子矜,199元高中双科提分课,199元高中双科提分课,自投放,自有,自产原创,wangjiananbj03,0.63,0,0,0,70,0,0,0.00%,0.00%,-,0,0
4f582d09d2ac625a91dabfb382e65728,-,-,-,-,-,https://tutor-online1.fbcontent.cn/growth/internal-material/1779470003162.4f582d09d2ac625a91dabfb382e65728.mp4,0521-9物-自产-自产二-李博-曲中雨-子衿-A7方法优势-B1效果方法体系-无-2,20260615,贾子矜,贾子矜,9元高中物理李博,9元高中物理李博,十人,自有,自产原创,wangruixuebj01,51.3,0,0,0,125.43,8550,0,1.71%,0%,-,0,0
b35d45b1cc893f85baf59671f0c5c0ab,-,-,-,-,-,https://tutor-online1.fbcontent.cn/growth/internal-material/1775195732111.b35d45b1cc893f85baf59671f0c5c0ab.mp4,0312-9物-自产-自产混-李博-云梵-雅迪-A2-B2-无-38,20260615,王雅迪,王雅迪,9元高中物理李博,9元高中物理李博,申坤,自有,自产混剪,wangruixuebj01,0.03,0,0,0,30,0,0,0.00%,0.00%,-,0,0
cd4f635687beaa20e346a767501e2797,-,-,-,-,-,https://tutor-online1.fbcontent.cn/growth/internal-material/1780397766113.cd4f635687beaa20e346a767501e2797.mp4,0527-9物-自产-自产二-李博-曲中雨-浩正-A5-B1-无-14-直播间,20260615,杜浩正,杜浩正,9元高中物理李博,9元高中物理李博,申坤,自有,自产原创,wangruixuebj01,11.44,0,0,0,102.14,5720,0,1.79%,0%,-,0,0
1100f8f807c538d00712e1030d8f406b,-,-,-,-,-,https://tutor-online1.fbcontent.cn/growth/internal-material/1778665975380.1100f8f807c538d00712e1030d8f406b.mp4,0508-199双科-自产-自产二-李博-曲中雨-子衿-A7-B2B3-无-7,20260615,贾子矜,贾子矜,199元高中双科提分课,199元高中双科提分课,自投放,自有,自产原创,wangjiananbj03,0.86,0,0,0,50.59,0,0,0.00%,0.00%,-,0,0
1b641a95c5d4175769b8eeaba3992a8a,-,-,-,-,-,https://tutor-online1.fbcontent.cn/growth/internal-material/1780975966870.1b641a95c5d4175769b8eeaba3992a8a.mp4,0527-9物-自产-自产二-李博-曲中雨-子衿-A6-B3-有-9,20260615,贾子矜,韩晨国,9元高中物理李博,9元高中物理李博,申坤,自有,自产原创,wangruixuebj01,0,0,0,0,0,0,0,0.00%,0.00%,-,0,0
c09633714244b97fef44cea2ddecf6d0,-,-,-,-,-,https://tutor-online1.fbcontent.cn/growth/internal-material/1781082698490.c09633714244b97fef44cea2ddecf6d0.mp4,0604-状元笔记-自产-混剪--曲中雨-嘉丽---有-2,20260615,魏嘉丽,魏嘉丽,高中手写笔记,高中手写笔记,自投放,自有,自产原创,wangjiananbj03,2.54,0,0,0,24.19,0,0,1.90%,0%,-,0,0
ad6c64785df038e36831ce3d4ab6c420,-,-,-,-,-,https://tutor-online1.fbcontent.cn/growth/internal-material/1778568694501.ad6c64785df038e36831ce3d4ab6c420.mp4,0429-199双科-自产-自产主-李博-曲中雨-浩正-A5-B2-有-24,20260615,杜浩正,杜浩正,199元高中双科提分课,199元高中双科提分课,自投放,自有,自产原创,wangjiananbj03,3.06,0,0,0,39.74,1530,0,2.60%,0%,-,0,0
2496fe7038879f5b222e031151cb5f9d,-,-,-,-,-,https://tutor-online1.fbcontent.cn/growth/internal-material/1779702538428.2496fe7038879f5b222e031151cb5f9d.mp4,0520-199双科-自产-自产二-李博-视觉锤-雅迪-A5-B1-无-15,20260615,王雅迪,王雅迪,199元高中双科提分课,199元高中双科提分课,自投放,自有,自产原创,wangjiananbj03,1.59,0,0,0,75.71,0,0,0.00%,0.00%,-,0,0
5c6bd611cd46e0bbe6f3ab1492e26952,-,-,-,-,-,https://tutor-online1.fbcontent.cn/growth/internal-material/1780975265990.5c6bd611cd46e0bbe6f3ab1492e26952.mp4,0514-199双科-自产-自产主-王晶-云梵-嘉丽--B1-无-24,20260615,魏嘉丽,韩晨国,199元高中双科提分课,199元高中双科提分课,自投放,自有,自产原创,wangjiananbj03,151.75,0,0,0,256.33,18968.75,0,1.86%,0%,-,0,0
94535b49b95f8aabfaba2d68357a4718,-,-,-,-,-,https://tutor-online1.fbcontent.cn/growth/internal-material/1780061371629.94535b49b95f8aabfaba2d68357a4718.mp4,0514-199双科-自产-自产二-王晶-曲中雨-浩正-A5-B2-无-8,20260615,杜浩正,韩晨国,199元高中双科提分课,199元高中双科提分课,自投放,自有,自产原创,wangjiananbj03,258.79,0,0,0,491.06,28754.44,0,3.42%,0%,-,0,0
02e83ab1907484bbf688107b99264e03,-,-,-,-,-,https://tutor-online1.fbcontent.cn/growth/internal-material/1781082528738.02e83ab1907484bbf688107b99264e03.mp4,0603-199双科-自产-自产二-李博-视觉锤-嘉丽-A5-B1-有-13,20260615,魏嘉丽,魏嘉丽,199元高中双科提分课,199元高中双科提分课,自投放,自有,自产原创,wangjiananbj03,0,0,0,0,0,0,0,0.00%,0.00%,-,0,0
3f6173ca3ad5f1c96c5ead5e1f7017a0,-,-,-,-,-,https://tutor-online1.fbcontent.cn/growth/internal-material/1774350566741.3f6173ca3ad5f1c96c5ead5e1f7017a0.mp4,0319-9物-自产-自产二-李博-巽阳-子衿---有-29-前贴2,20260615,贾子矜,贾子矜,9元高中物理李博,9元高中物理李博,玄武,自有,自产原创,wangruixuebj01,0.85,0,0,0,425,0,0,0.00%,0.00%,-,0,0
4a845abf7e146783de66c98eacfec55a,-,-,-,-,-,https://tutor-online1.fbcontent.cn/growth/internal-material/1780908443186.4a845abf7e146783de66c98eacfec55a.mp4,0603-9物-自产-自产二-李博-视觉锤-浩正-A5-B1-有-11,20260615,杜浩正,杜浩正,9元高中物理李博,9元高中物理李博,申坤,自有,自产原创,wangruixuebj01,92.9,9,1,0.1,105.93,4222.73,92.9,2.17%,5.26%,-,1.14,409.09
34e56ab9f0249527c42897b3b5035110,-,-,-,-,-,https://tutor-online1.fbcontent.cn/growth/internal-material/1780975284286.34e56ab9f0249527c42897b3b5035110.mp4,0514-199双科-自产-自产主-王晶-云梵-嘉丽--B1B3-有-25,20260615,魏嘉丽,韩晨国,199元高中双科提分课,199元高中双科提分课,自投放,自有,自产原创,wangjiananbj03,0.02,0,0,0,5,0,0,0.00%,0.00%,-,0,0
c17e3ba60ee9e1451ccbc72456bb25ae,-,-,-,-,-,https://tutor-online1.fbcontent.cn/growth/internal-material/1780918129724.c17e3ba60ee9e1451ccbc72456bb25ae.mp4,0520-199双科-自产-自产二-李博-曲中雨-浩正-A5-B2-无-6,20260615,杜浩正,韩晨国,199元高中双科提分课,199元高中双科提分课,自投放,自有,自产原创,wangjiananbj03,5.23,0,0,0,84.35,5230,0,20.97%,0%,-,0,0
884e9a41a94c31ffc5b5598a97f67c8c,-,-,-,-,-,https://tutor-online1.fbcontent.cn/growth/internal-material/1780394060654.884e9a41a94c31ffc5b5598a97f67c8c.mp4,0527-9物-自产-自产主-李博-曲中雨-子衿-A7-B2-有-6,20260615,贾子矜,贾子矜,9元高中物理李博,9元高中物理李博,申坤,自有,自产原创,wangruixuebj01,2.35,0,0,0,195.83,0,0,0.00%,0.00%,-,0,0
290149ec5bdce91b90a9ab0055ddefeb,-,-,-,-,-,https://tutor-online1.fbcontent.cn/growth/internal-material/1780061372821.290149ec5bdce91b90a9ab0055ddefeb.mp4,0514-199双科-自产-自产主-王晶-曲中雨-浩正-A5-B2B4-无-7,20260615,杜浩正,韩晨国,199元高中双科提分课,199元高中双科提分课,自投放,自有,自产原创,wangjiananbj03,4.6,0,0,0,77.97,2300,0,6.78%,0%,-,0,0
14db4e5d59c1dfe9efe9e642ec5c44a5,-,-,-,-,-,https://tutor-online1.fbcontent.cn/growth/internal-material/1780060961948.14db4e5d59c1dfe9efe9e642ec5c44a5.mp4,0512-199双科-自产-自产主-王晶-曲中雨-子衿--B1B4-有-3,20260615,贾子矜,韩晨国,199元高中双科提分课,199元高中双科提分课,自投放,自有,自产原创,wangjiananbj03,0.03,0,0,0,10,0,0,0.00%,0.00%,-,0,0
406194592b28ccf009a4715adb56b83e,-,-,-,-,-,https://tutor-online1.fbcontent.cn/growth/internal-material/1780906798014.406194592b28ccf009a4715adb56b83e.mp4,0603-9物-自产-自产主-李博-曲中雨-子衿-A3-B1-有-8-直播间,20260615,贾子矜,贾子矜,9元高中物理李博,9元高中物理李博,申坤,自有,自产原创,wangruixuebj01,0.09,0,0,0,90,0,0,0.00%,0.00%,-,0,0
2b57f3f7b38f17b4e162e73ff4715389,-,-,-,-,-,https://tutor-online1.fbcontent.cn/growth/internal-material/1780393695558.2b57f3f7b38f17b4e162e73ff4715389.mp4,0527-9物-自产-自产主-李博-曲中雨-子衿-A6-B2-无-4,20260615,贾子矜,贾子矜,9元高中物理李博,9元高中物理李博,申坤,自有,自产原创,wangruixuebj01,3.29,0,0,0,84.36,0,0,5.13%,0%,-,0,0
40cd5b3cceceab4877fbf9460add984b,-,-,-,-,-,https://tutor-online1.fbcontent.cn/growth/internal-material/1780569960569.40cd5b3cceceab4877fbf9460add984b.mp4,0527-199双科-自产-自产主-李博-曲中雨-嘉丽-A6-B1-无-14,20260615,魏嘉丽,魏嘉丽,199元高中双科提分课,199元高中双科提分课,自投放,自有,自产原创,wangjiananbj03,0.22,0,0,0,11,0,0,0.00%,0.00%,-,0,0
86f2f1d3492b6e43058fc820a3cbec00,-,-,-,-,-,https://tutor-online1.fbcontent.cn/growth/internal-material/1780061371394.86f2f1d3492b6e43058fc820a3cbec00.mp4,0514-199双科-自产-自产二-王晶-曲中雨-浩正-A2-B2-无-10,20260615,杜浩正,韩晨国,199元高中双科提分课,199元高中双科提分课,自投放,自有,自产原创,wangjiananbj03,5.85,0,0,0,46.43,0,0,11.90%,0%,-,0,0
2520b508e17dae8b42abe4aab74fe550,-,-,-,-,-,https://tutor-online1.fbcontent.cn/growth/internal-material/1781082477008.2520b508e17dae8b42abe4aab74fe550.mp4,0527-199双科-自产-自产二-李博-视觉锤-嘉丽-A7-B1-有-12,20260615,魏嘉丽,魏嘉丽,199元高中双科提分课,199元高中双科提分课,自投放,自有,自产原创,wangjiananbj03,46.74,0,0,0,320.14,23370,0,1.37%,0%,-,0,0
40cd5b3cceceab4877fbf9460add984b,-,-,-,-,-,https://tutor-online1.fbcontent.cn/growth/internal-material/1780569960569.40cd5b3cceceab4877fbf9460add984b.mp4,0527-199双科-自产-自产主-李博-曲中雨-嘉丽-A6-B1-无-14,20260615,魏嘉丽,魏嘉丽,199元高中双科提分课,199元高中双科提分课,自投放,自有,自产原创,wangjiananbj03,1.64,0,0,0,86.32,0,0,0.00%,0.00%,-,0,0
605b88a52a4604667589d7d9c863cb96,-,-,-,-,-,https://tutor-online1.fbcontent.cn/growth/internal-material/1777262046776.605b88a52a4604667589d7d9c863cb96.mp4,0422-9物-自产-自产二-李博-曲中雨-子衿-A7-B1-有-14-前贴1,20260615,贾子矜,贾子矜,9元高中物理李博,9元高中物理李博,申坤,自有,自产原创,wangruixuebj01,0.17,0,0,0,24.29,0,0,0.00%,0.00%,-,0,0
28b2343005a3950613da6d5f0cb0dad5,-,-,-,-,-,https://tutor-online1.fbcontent.cn/growth/internal-material/1779701697305.28b2343005a3950613da6d5f0cb0dad5.mp4,0512-199双科-自产-自产二-王晶-云梵-嘉丽--B1-无-13,20260615,魏嘉丽,魏嘉丽,199元高中双科提分课,199元高中双科提分课,自投放,自有,自产原创,wangjiananbj03,1.57,0,0,0,60.38,1570,0,3.85%,0%,-,0,0
ee748f669050fc55649f1c867fe7f352,-,-,-,-,-,https://tutor-online1.fbcontent.cn/growth/internal-material/1780906797530.ee748f669050fc55649f1c867fe7f352.mp4,0603-9物-自产-自产主-李博-曲中雨-子衿-A3-B1-无-8-直播间,20260615,贾子矜,贾子矜,9元高中物理李博,9元高中物理李博,申坤,自有,自产原创,wangruixuebj01,0,0,0,0,0,0,0,0.00%,0.00%,-,0,0
6785fd451d54ea629c997c9ef8886e19,-,-,-,-,-,https://tutor-online1.fbcontent.cn/growth/internal-material/1779456252634.6785fd451d54ea629c997c9ef8886e19.mp4,0429-199双科-自产-自产主-李博-曲中雨-浩正-A7-B2-无-22,20260615,杜浩正,韩晨国,199元高中双科提分课,199元高中双科提分课,自投放,自有,自产原创,wangjiananbj03,0.04,0,0,0,8,0,0,0.00%,0.00%,-,0,0
672a7dd76553c5b2539db58ae3651101,-,-,-,-,-,https://tutor-online1.fbcontent.cn/growth/internal-material/1778649245942.672a7dd76553c5b2539db58ae3651101.mp4,0508-199双科-自产-自产二-李博-视觉锤-雅迪-A5-B1-无-16,20260615,王雅迪,王雅迪,199元高中双科提分课,199元高中双科提分课,自投放,自有,自产原创,wangjiananbj03,10.68,0,0,0,10.24,3560,0,0.77%,0%,-,0,0
658c6b546d8d44669c405f4fc975feb7,-,-,-,-,-,https://tutor-online1.fbcontent.cn/growth/internal-material/1779456253310.658c6b546d8d44669c405f4fc975feb7.mp4,0429-199双科-自产-自产主-李博-曲中雨-浩正-A7-B2-有-22,20260615,杜浩正,韩晨国,199元高中双科提分课,199元高中双科提分课,自投放,自有,自产原创,wangjiananbj03,6.01,0,0,0,273.18,0,0,0.00%,0.00%,-,0,0
3fef6f4bbc2b43b34f60920cfac6d89e,-,-,-,-,-,https://tutor-online1.fbcontent.cn/growth/internal-material/1774350593192.3fef6f4bbc2b43b34f60920cfac6d89e.mp4,0319-9物-自产-自产二-李博-巽阳-子衿---有-30,20260615,贾子矜,贾子矜,9元高中物理李博,9元高中物理李博,玄武,自有,自产原创,wangruixuebj01,3.41,0,0,0,74.13,3410,0,2.17%,0%,-,0,0
a40c1024acda1c85e553ee51de9547b6,-,-,-,-,-,https://tutor-online1.fbcontent.cn/growth/internal-material/1779279980080.a40c1024acda1c85e553ee51de9547b6.mp4,0513-199双科-自产-自产主-李博-视觉锤-雅迪-A5-B1-无-21,20260615,王雅迪,王雅迪,199元高中双科提分课,199元高中双科提分课,自投放,自有,自产原创,wangjiananbj03,0,0,0,0,0,0,0,0.00%,0.00%,-,0,0
dd8e8f391432cfc750aadd2ffb4412a2,-,-,-,-,-,https://tutor-online1.fbcontent.cn/growth/internal-material/1776416966997.dd8e8f391432cfc750aadd2ffb4412a2.mp4,0415-9物-自产-自产主-李博-曲中雨-子衿-A6-B1-有-13-前贴1,20260615,贾子矜,贾子矜,9元高中物理李博,9元高中物理李博,玄武,自有,自产原创,wangruixuebj01,0.42,0,0,0,140,0,0,0.00%,0.00%,-,0,0
9a63c336df92c4d5e9aa44ef7e8907c1,-,-,-,-,-,https://tutor-online1.fbcontent.cn/growth/internal-material/1779701509665.9a63c336df92c4d5e9aa44ef7e8907c1.mp4,0520-199双科-自产-自产二-李博-曲中雨-浩正-A5-B2-无-9,20260615,杜浩正,杜浩正,199元高中双科提分课,199元高中双科提分课,自投放,自有,自产原创,wangjiananbj03,0.44,0,0,0,29.33,0,0,13.33%,0%,-,0,0
7eda4934e24f422c0dfcd42f6597fe93,-,-,-,-,-,https://tutor-online1.fbcontent.cn/growth/internal-material/1780916667577.7eda4934e24f422c0dfcd42f6597fe93.mp4,0603-9物-自产-自产主-李博-曲中雨-子衿-A7-B1-无-7-直播间,20260615,贾子矜,贾子矜,9元高中物理李博,9元高中物理李博,申坤,自有,自产原创,wangruixuebj01,130.42,0,0,0,140.54,5670.43,0,2.26%,0%,-,0,0
3edb55dfd11da85ddd13d487debe4a33,-,-,-,-,-,https://tutor-online1.fbcontent.cn/growth/internal-material/1780656485006.3edb55dfd11da85ddd13d487debe4a33.mp4,0603-9物-自产-自产主-李博-视觉锤-浩正-A5-B1-无-12,20260615,杜浩正,杜浩正,9元高中物理李博,9元高中物理李博,申坤,自有,自产原创,wangruixuebj01,8.85,0,0,0,89.39,4425,0,3.03%,0%,-,0,0
c6e85e79dbff9dddf7d9a906f4fdde98,-,-,-,-,-,https://tutor-online1.fbcontent.cn/growth/internal-material/1776416942616.c6e85e79dbff9dddf7d9a906f4fdde98.mp4,0415-9物-自产-自产主-李博-曲中雨-子衿-A6-B1-无-13,20260615,贾子矜,贾子矜,9元高中物理李博,9元高中物理李博,玄武,自有,自产原创,wangruixuebj01,1,0,0,0,20.83,0,0,0.00%,0.00%,-,0,0
742bb10b5dfc8caff044c6811d93d7ee,-,-,-,-,-,https://tutor-online1.fbcontent.cn/growth/internal-material/1777262140189.742bb10b5dfc8caff044c6811d93d7ee.mp4,0422-9物-自产-自产主-李博-曲中雨-子衿-A7-B1-有-14-前贴2,20260615,贾子矜,贾子矜,9元高中物理李博,9元高中物理李博,申坤,自有,自产原创,wangruixuebj01,74.21,0,0,0,117.61,14842,0,1.11%,0%,-,0,0
cd717182e6a4b1474fda4ed77bca8ad5,-,-,-,-,-,https://tutor-online1.fbcontent.cn/growth/internal-material/1780918129647.cd717182e6a4b1474fda4ed77bca8ad5.mp4,0520-199双科-自产-自产主-李博-曲中雨-浩正-A5-B2-无-6,20260615,杜浩正,韩晨国,199元高中双科提分课,199元高中双科提分课,自投放,自有,自产原创,wangjiananbj03,21.3,0,0,0,144.9,5325,0,10.88%,0%,-,0,0
cf6b11945385e0a380ca1f3aa032ba1c,-,-,-,-,-,https://tutor-online1.fbcontent.cn/growth/internal-material/1781063588971.cf6b11945385e0a380ca1f3aa032ba1c.mp4,0603-199双科-自产-自产主-李博-曲中雨-嘉丽-A5-B1-有-14,20260615,魏嘉丽,魏嘉丽,199元高中双科提分课,199元高中双科提分课,自投放,自有,自产原创,wangjiananbj03,0.35,0,0,0,35,0,0,10.00%,0%,-,0,0
a7c99960ac8c32064ab9e11ca344c343,-,-,-,-,-,https://tutor-online1.fbcontent.cn/growth/internal-material/1779701511663.a7c99960ac8c32064ab9e11ca344c343.mp4,0520-199双科-自产-自产二-李博-曲中雨-浩正-A6-B2-无-10,20260615,杜浩正,杜浩正,199元高中双科提分课,199元高中双科提分课,自投放,自有,自产原创,wangjiananbj03,0,0,0,0,0,0,0,0.00%,0.00%,-,0,0
5481a02db78832947810f04ec4ddbd8c,-,-,-,-,-,https://tutor-online1.fbcontent.cn/growth/internal-material/1780906798038.5481a02db78832947810f04ec4ddbd8c.mp4,0603-9物-自产-自产主-李博-曲中雨-子衿-A6-B2-无-6-直播间,20260615,贾子矜,贾子矜,9元高中物理李博,9元高中物理李博,申坤,自有,自产原创,wangruixuebj01,0.02,0,0,0,20,0,0,0.00%,0.00%,-,0,0
425540abed2484af643c3eb9918b34d6,-,-,-,-,-,https://tutor-online1.fbcontent.cn/growth/internal-material/1780393983473.425540abed2484af643c3eb9918b34d6.mp4,0527-9物-自产-自产主-李博-曲中雨-子衿-A5-B2-无-2-直播间,20260615,贾子矜,贾子矜,9元高中物理李博,9元高中物理李博,申坤,自有,自产原创,wangruixuebj01,1.7,0,0,0,154.55,0,0,9.09%,0%,-,0,0
40b6a6c6a42a6012d30be6ace3795c8b,-,-,-,-,-,https://tutor-online1.fbcontent.cn/growth/internal-material/1780975484547.40b6a6c6a42a6012d30be6ace3795c8b.mp4,0520-199双科-自产-自产二-李博-曲中雨-小敏-A7-B1-有-24,20260615,曲敏,韩晨国,199元高中双科提分课,199元高中双科提分课,自投放,自有,自产原创,wangjiananbj03,327.21,0,0,0,267.77,27267.5,0,1.72%,0%,-,0,0
0326e534aaa74a416cfc1b55c55d77c6,-,-,-,-,-,https://tutor-online1.fbcontent.cn/growth/internal-material/1776851501655.0326e534aaa74a416cfc1b55c55d77c6.mp4,0415-199双科-自产-自产二-李博-曲中雨-浩正-A5-B2-无-8-迭代1,20260615,贾子矜,贾子矜,199元高中双科提分课,199元高中双科提分课,自投放,自有,自产原创,wangjiananbj03,18.32,0,0,0,482.11,0,0,0.00%,0.00%,-,0,0
e38cc0c558a7aa2b746e9b15c0c390d0,-,-,-,-,-,https://tutor-online1.fbcontent.cn/growth/internal-material/1779421614410.e38cc0c558a7aa2b746e9b15c0c390d0.mp4,0513-199双科-自产-自产主-李博-曲中雨-忍哥-A5-B1-有-28,20260615,王雅迪,王雅迪,199元高中双科提分课,199元高中双科提分课,自投放,自有,自产原创,wangjiananbj03,0.01,0,0,0,10,0,0,0.00%,0.00%,-,0,0
8906745ce3e833adb10a33bfd92807aa,-,-,-,-,-,https://tutor-online1.fbcontent.cn/growth/internal-material/1780983143422.8906745ce3e833adb10a33bfd92807aa.mp4,6月4日 (3)(6),20260615,贾子矜,贾子矜,199元高中双科提分课,199元高中双科提分课,自投放,自有,自产原创,wangjiananbj03,1.74,0,0,0,75.65,0,0,0.00%,0.00%,-,0,0
94a9716c21d134442dc7400029c76b5c,-,-,-,-,-,https://tutor-online1.fbcontent.cn/growth/internal-material/1780656482857.94a9716c21d134442dc7400029c76b5c.mp4,0603-9物-自产-自产主-李博-视觉锤-浩正-A5-B1-有-15,20260615,杜浩正,杜浩正,9元高中物理李博,9元高中物理李博,申坤,自有,自产原创,wangruixuebj01,143.41,0,0,0,125.36,8435.88,0,1.57%,0%,-,0,0
58167d69f15fa28564f3262d02c925e3,-,-,-,-,-,https://tutor-online1.fbcontent.cn/growth/internal-material/1780917987904.58167d69f15fa28564f3262d02c925e3.mp4,0513-199双科-自产-自产主-李博-曲中雨-嘉丽-A5-B1-无-33,20260615,魏嘉丽,韩晨国,199元高中双科提分课,199元高中双科提分课,自投放,自有,自产原创,wangjiananbj03,37.39,0,0,0,270.94,18695,0,2.90%,0%,-,0,0
b22480ac2f470f56e33aac1e2cf2c403,-,-,-,-,-,https://tutor-online1.fbcontent.cn/growth/internal-material/1775810396949.b22480ac2f470f56e33aac1e2cf2c403.mp4,0317-199物-自产-自产二-李博-曲中雨-浩正--B2-有-19,20260615,杜浩正,杜浩正,199元高中双科提分课,199元高中双科提分课,自投放,自有,自产原创,wangjiananbj03,32.37,0,0,0,169.48,32370,0,1.05%,0%,-,0,0
73d6e163f7fceb2c1d07c9c9e9f43cb2,-,-,-,-,-,https://tutor-online1.fbcontent.cn/growth/internal-material/1781169457927.73d6e163f7fceb2c1d07c9c9e9f43cb2.mp4,0611-状元笔记-自产-自产主--视觉锤-雅迪-A6-B5-有-45,20260615,王雅迪,王雅迪,高中手写笔记,高中手写笔记,自投放,自有,自产原创,wangjiananbj03,0,0,0,0,0,0,0,50.00%,0%,-,0,0
390cf9cb679d1778aebb9ce53196b68e,-,-,-,-,-,https://tutor-online1.fbcontent.cn/growth/internal-material/1778581745118.390cf9cb679d1778aebb9ce53196b68e.mp4,0508-199双科-自产-自产主-李博-视觉锤-雅迪-A5-B1-无-15,20260615,王雅迪,王雅迪,199元高中双科提分课,199元高中双科提分课,自投放,自有,自产原创,wangjiananbj03,2.77,0,0,0,57.71,0,0,0.00%,0.00%,-,0,0
0c5bf104e4b0b417360cd8e77a83a03a,-,-,-,-,-,https://tutor-online1.fbcontent.cn/growth/internal-material/1779706285796.0c5bf104e4b0b417360cd8e77a83a03a.mp4,0520-199双科-自产-自产主-李博-曲中雨-子衿-A6-B2-无-1,20260615,贾子矜,贾子矜,199元高中双科提分课,199元高中双科提分课,自投放,自有,自产原创,wangjiananbj03,0,0,0,0,0,0,0,0.00%,0.00%,-,0,0
3c6e9495c641a24d19839600be35471f,-,-,-,-,-,https://tutor-online1.fbcontent.cn/growth/internal-material/1780984422492.3c6e9495c641a24d19839600be35471f.mp4,0526-199双科-自产-自产二-王晶-亿晨-子衿-A6-B1-有-1,20260615,贾子矜,贾子矜,199元高中双科提分课,199元高中双科提分课,自投放,自有,自产原创,wangjiananbj03,3.38,0,0,0,52,0,0,21.54%,0%,-,0,0
6db8c871926e461ebce85bc6d809892a,-,-,-,-,-,https://tutor-online1.fbcontent.cn/growth/internal-material/1777262145698.6db8c871926e461ebce85bc6d809892a.mp4,0422-9物-自产-自产主-李博-曲中雨-子衿-A7-B1B2-有-12-前贴1,20260615,贾子矜,贾子矜,9元高中物理李博,9元高中物理李博,申坤,自有,自产原创,wangruixuebj01,3.94,0,0,0,179.09,0,0,0.00%,0.00%,-,0,0
be4edc7f789e3d1fb626dc73265e4b9a,-,-,-,-,-,https://tutor-online1.fbcontent.cn/growth/internal-material/1780393994915.be4edc7f789e3d1fb626dc73265e4b9a.mp4,0527-9物-自产-自产主-李博-曲中雨-子衿-A5-B2-有-2-直播间,20260615,贾子矜,贾子矜,9元高中物理李博,9元高中物理李博,申坤,自有,自产原创,wangruixuebj01,7.27,0,0,0,134.63,0,0,1.85%,0%,-,0,0
181a740f509e66773df1612b9f689bd8,-,-,-,-,-,https://tutor-online1.fbcontent.cn/growth/internal-material/1781090317034.181a740f509e66773df1612b9f689bd8.mp4,0603-199双科-自产-自产二-李博-视觉锤-嘉丽-A5-B1-有-15,20260615,魏嘉丽,魏嘉丽,199元高中双科提分课,高中手写笔记,自投放,自有,自产原创,wangjiananbj03,2.1,0,0,0,67.74,2100,0,3.23%,0%,-,0,0
b49f6df3079d47ae88afb68b055e186e,-,-,-,-,-,https://tutor-online1.fbcontent.cn/growth/internal-material/1780983143488.b49f6df3079d47ae88afb68b055e186e.mp4,6月4日 (3)(9),20260615,贾子矜,贾子矜,199元高中双科提分课,199元高中双科提分课,自投放,自有,自产原创,wangjiananbj03,0,0,0,0,0,0,0,0.00%,0.00%,-,0,0
707efb21fc037c91d38b3a9b506fef72,-,-,-,-,-,https://tutor-online1.fbcontent.cn/growth/internal-material/1779278231083.707efb21fc037c91d38b3a9b506fef72.mp4,0513-199双科-自产-自产主-李博-视觉锤-雅迪-A5-B1B4-无-16,20260615,王雅迪,王雅迪,199元高中双科提分课,199元高中双科提分课,自投放,自有,自产原创,wangjiananbj03,0,0,0,0,0,0,0,0.00%,0.00%,-,0,0
5172a043c925389ec1124bc0a26100c7,-,-,-,-,-,https://tutor-online1.fbcontent.cn/growth/internal-material/1780917988304.5172a043c925389ec1124bc0a26100c7.mp4,0513-199双科-自产-自产主-李博-曲中雨-嘉丽-A6-B1-无-29,20260615,魏嘉丽,韩晨国,199元高中双科提分课,199元高中双科提分课,自投放,自有,自产原创,wangjiananbj03,42.7,0,0,0,170.12,7116.67,0,6.77%,0%,-,0,0
c6e85e79dbff9dddf7d9a906f4fdde98,-,-,-,-,-,https://tutor-online1.fbcontent.cn/growth/internal-material/1776416942616.c6e85e79dbff9dddf7d9a906f4fdde98.mp4,0415-9物-自产-自产主-李博-曲中雨-子衿-A6-B1-无-13,20260615,贾子矜,贾子矜,9元高中物理李博,9元高中物理李博,玄武,自有,自产原创,wangruixuebj01,1.64,0,0,0,44.32,0,0,0.00%,0.00%,-,0,0
60fda511de23511be14bbd8d8186fc12,-,-,-,-,-,https://tutor-online1.fbcontent.cn/growth/internal-material/1778581745046.60fda511de23511be14bbd8d8186fc12.mp4,0508-199双科-自产-自产主-李博-视觉锤-雅迪-A5-B1-无-17,20260615,王雅迪,王雅迪,199元高中双科提分课,199元高中双科提分课,自投放,自有,自产原创,wangjiananbj03,0.65,0,0,0,8.67,0,0,12.00%,0%,-,0,0
c3d55ddec117721bb43ff46a2e070ab9,-,-,-,-,-,https://tutor-online1.fbcontent.cn/growth/internal-material/1780369784412.c3d55ddec117721bb43ff46a2e070ab9.mp4,0527-9物-自产-自产主-李博-视觉锤-雅迪-A5-B1-无-16,20260615,王雅迪,王雅迪,9元高中物理李博,9元高中物理李博,申坤,自有,自产原创,wangruixuebj01,0.02,0,0,0,5,0,0,0.00%,0.00%,-,0,0
5176abfabd8e4f9f682b4cdbc15c95d5,-,-,-,-,-,https://tutor-online1.fbcontent.cn/growth/internal-material/1780040825980.5176abfabd8e4f9f682b4cdbc15c95d5.mp4,0520-199双科-自产-自产主-李博-曲中雨-小敏-A1-B6-无-23,20260615,曲敏,曲敏,199元高中双科提分课,199元高中双科提分课,自投放,自有,自产原创,wangjiananbj03,18.42,0,0,0,34.95,0,0,0.00%,0.00%,-,0,0
8bdc1ba34ce2e8b68499b3b7518c151c,-,-,-,-,-,https://tutor-online1.fbcontent.cn/growth/internal-material/1780984422526.8bdc1ba34ce2e8b68499b3b7518c151c.mp4,0526-199双科-自产-自产主-王晶-亿晨-子衿-A5-B2-有-5,20260615,贾子矜,贾子矜,199元高中双科提分课,199元高中双科提分课,自投放,自有,自产原创,wangjiananbj03,0.13,0,0,0,8.67,130,0,0.00%,0.00%,-,0,0
fce97c34abaf14d77b6ca3272fca4988,-,-,-,-,-,https://tutor-online1.fbcontent.cn/growth/internal-material/1776851502089.fce97c34abaf14d77b6ca3272fca4988.mp4,0415-199双科-自产-自产主-李博-曲中雨-浩正-A5-B4-无-6-迭代1,20260615,贾子矜,贾子矜,199元高中双科提分课,199元高中双科提分课,自投放,自有,自产原创,wangjiananbj03,312.11,0,0,0,217.2,19506.88,0,1.95%,0%,-,0,0
44ce21a822864f9d09a9b96fe22e22c5,-,-,-,-,-,https://tutor-online1.fbcontent.cn/growth/internal-material/1777262078337.44ce21a822864f9d09a9b96fe22e22c5.mp4,0422-9物-自产-自产主-李博-曲中雨-子衿-A6-B1B2-无-11,20260615,贾子矜,贾子矜,9元高中物理李博,9元高中物理李博,申坤,自有,自产原创,wangruixuebj01,95.41,0,0,0,106.37,9541,0,1.34%,0%,-,0,0
53395ea12e6cd337deac364c861cd5f1,-,-,-,-,-,https://tutor-online1.fbcontent.cn/growth/internal-material/1780975666225.53395ea12e6cd337deac364c861cd5f1.mp4,0520-199双科-自产-自产二-李博-曲中雨-小敏-A1-B6-无-23,20260615,曲敏,韩晨国,199元高中双科提分课,199元高中双科提分课,自投放,自有,自产原创,wangjiananbj03,23.78,0,0,0,138.26,23780,0,8.14%,0%,-,0,0
0cdd0c66a10501f45a7a11c66f36b5ee,-,-,-,-,-,https://tutor-online1.fbcontent.cn/growth/internal-material/1779702538778.0cdd0c66a10501f45a7a11c66f36b5ee.mp4,0520-199双科-自产-自产二-李博-视觉锤-雅迪-A5-B1-无-14,20260615,王雅迪,王雅迪,199元高中双科提分课,199元高中双科提分课,自投放,自有,自产原创,wangjiananbj03,0.01,0,0,0,10,0,0,0.00%,0.00%,-,0,0
b2330f86c3676d2a453f50062f48b2f3,-,-,-,-,-,https://tutor-online1.fbcontent.cn/growth/internal-material/1781063590170.b2330f86c3676d2a453f50062f48b2f3.mp4,0603-199双科-自产-自产主-李博-曲中雨-嘉丽-A5-B1-有-13,20260615,魏嘉丽,魏嘉丽,199元高中双科提分课,199元高中双科提分课,自投放,自有,自产原创,wangjiananbj03,6.27,0,0,0,482.31,0,0,0.00%,0.00%,-,0,0
06a59c07cd16421c820771bf8b07c7d3,-,-,-,-,-,https://tutor-online1.fbcontent.cn/growth/internal-material/1779701511368.06a59c07cd16421c820771bf8b07c7d3.mp4,0520-199双科-自产-自产二-李博-曲中雨-浩正-A7-B1-有-7,20260615,杜浩正,杜浩正,199元高中双科提分课,199元高中双科提分课,自投放,自有,自产原创,wangjiananbj03,0,0,0,0,0,0,0,0.00%,0.00%,-,0,0
a835f3d9e3bbec363e7098651c7bb2ef,-,-,-,-,-,https://tutor-online1.fbcontent.cn/growth/internal-material/1778246529424.a835f3d9e3bbec363e7098651c7bb2ef.mp4,0429-199双科-自产-自产主-李博-曲中雨-雅迪-A2-B4-无-12,20260615,王雅迪,韩晨国,199元高中双科提分课,199元高中双科提分课,自投放,自有,自产原创,wangjiananbj03,1.21,0,0,0,50.42,0,0,0.00%,0.00%,-,0,0
53c7b0abfc73b5bb1ded93329e8cf033,-,-,-,-,-,https://tutor-online1.fbcontent.cn/growth/internal-material/1780569961431.53c7b0abfc73b5bb1ded93329e8cf033.mp4,0527-199双科-自产-自产主-李博-曲中雨-嘉丽-A7-B1-无-12,20260615,魏嘉丽,魏嘉丽,199元高中双科提分课,199元高中双科提分课,自投放,自有,自产原创,wangjiananbj03,0.07,0,0,0,8.75,0,0,0.00%,0.00%,-,0,0
49ffc600301c5c9f7ae19c5bed6cd8fd,-,-,-,-,-,https://tutor-online1.fbcontent.cn/growth/internal-material/1773633709179.49ffc600301c5c9f7ae19c5bed6cd8fd.mp4,0312-9物-自产-自产二-李博-巽阳YS-子衿-A6-B1B2-有-20,20260615,贾子矜,贾子矜,9元高中物理李博,9元高中物理李博,玄武,自有,自产原创,wangruixuebj01,16.48,0,0,0,72.28,8240,0,1.75%,0%,-,0,0
1107d1ce1afeb47e78785778e9789347,-,-,-,-,-,https://tutor-online1.fbcontent.cn/growth/internal-material/1780984420902.1107d1ce1afeb47e78785778e9789347.mp4,0526-199双科-自产-自产二-王晶-亿晨-子衿-A7-B1-有-4,20260615,贾子矜,贾子矜,199元高中双科提分课,199元高中双科提分课,自投放,自有,自产原创,wangjiananbj03,62.64,0,0,0,126.55,20880,0,2.02%,0%,-,0,0
d8b8b4730be89378f60d527c9bf7a00d,-,-,-,-,-,https://tutor-online1.fbcontent.cn/growth/internal-material/1781093591451.d8b8b4730be89378f60d527c9bf7a00d.mp4,6月4日 (3)(5),20260615,贾子矜,贾子矜,199元高中双科提分课,199元高中双科提分课,自投放,自有,自产原创,wangjiananbj03,0,0,0,0,0,0,0,0.00%,0.00%,-,0,0
8cdeda721ad44401ae7faf876df78f53,-,-,-,-,-,https://tutor-online1.fbcontent.cn/growth/internal-material/1777262038039.8cdeda721ad44401ae7faf876df78f53.mp4,0422-9物-自产-自产二-李博-曲中雨-子衿-A7-B1-无-14,20260615,贾子矜,贾子矜,9元高中物理李博,9元高中物理李博,申坤,自有,自产原创,wangruixuebj01,4.44,0,0,0,79.29,4440,0,1.79%,0%,-,0,0
e91c21e5c92103238e7d75291137a773,-,-,-,-,-,https://tutor-online1.fbcontent.cn/growth/internal-material/1780397853185.e91c21e5c92103238e7d75291137a773.mp4,0527-9物-自产-自产主-李博-曲中雨-浩正-A5-B1-有-12-直播间,20260615,杜浩正,杜浩正,9元高中物理李博,9元高中物理李博,申坤,自有,自产原创,wangruixuebj01,2.2,0,0,0,75.86,0,0,0.00%,0.00%,-,0,0
085ecebb7d61bca416430dd6860f4a3f,-,-,-,-,-,https://tutor-online1.fbcontent.cn/growth/internal-material/1781082477870.085ecebb7d61bca416430dd6860f4a3f.mp4,0527-199双科-自产-自产二-李博-视觉锤-嘉丽-A7-B1-有-14,20260615,魏嘉丽,魏嘉丽,199元高中双科提分课,199元高中双科提分课,自投放,自有,自产原创,wangjiananbj03,6.36,0,0,0,424,6360,0,6.67%,0%,-,0,0
3d67e40744a99822d3f78f6380a8c88b,-,-,-,-,-,https://tutor-online1.fbcontent.cn/growth/internal-material/1780918070709.3d67e40744a99822d3f78f6380a8c88b.mp4,0512-199双科-自产-自产主-王晶-曲中雨-雅迪---有-10,20260615,王雅迪,韩晨国,199元高中双科提分课,199元高中双科提分课,自投放,自有,自产原创,wangjiananbj03,31.86,0,0,0,216.73,0,0,3.40%,0%,-,0,0
c267d45903734865758eed62cece63b7,-,-,-,-,-,https://tutor-online1.fbcontent.cn/growth/internal-material/1779702539164.c267d45903734865758eed62cece63b7.mp4,0520-199双科-自产-自产二-李博-视觉锤-雅迪-A5-B1-有-13,20260615,王雅迪,王雅迪,199元高中双科提分课,199元高中双科提分课,自投放,自有,自产原创,wangjiananbj03,30.47,0,0,0,172.15,30470,0,2.82%,0%,-,0,0
e1f080fdd0bb5e9771fae913bd23c5fe,-,-,-,-,-,https://tutor-online1.fbcontent.cn/growth/internal-material/1780656483064.e1f080fdd0bb5e9771fae913bd23c5fe.mp4,0603-9物-自产-自产主-李博-视觉锤-浩正-A5-B1-无-14,20260615,杜浩正,杜浩正,9元高中物理李博,9元高中物理李博,申坤,自有,自产原创,wangruixuebj01,1.07,0,0,0,56.32,0,0,0.00%,0.00%,-,0,0
3c6e9495c641a24d19839600be35471f,-,-,-,-,-,https://tutor-online1.fbcontent.cn/growth/internal-material/1780984422492.3c6e9495c641a24d19839600be35471f.mp4,0526-199双科-自产-自产二-王晶-亿晨-子衿-A6-B1-有-1,20260615,贾子矜,贾子矜,199元高中双科提分课,199元高中双科提分课,自投放,自有,自产原创,wangjiananbj03,8.61,0,0,0,124.78,0,0,0.00%,0.00%,-,0,0
3fcab02882660fdcdecf6372ad7a114b,-,-,-,-,-,https://tutor-online1.fbcontent.cn/growth/internal-material/1780041128081.3fcab02882660fdcdecf6372ad7a114b.mp4,0520-199双科-自产-自产二-李博-视觉锤-小敏-A1-B6-无-21.mp4,20260615,曲敏,曲敏,199元高中双科提分课,199元高中双科提分课,自投放,自有,自产原创,wangjiananbj03,1.67,0,0,0,32.75,0,0,0.00%,0.00%,-,0,0
6f4365c16fd858464692d65671b1a24d,-,-,-,-,-,https://tutor-online1.fbcontent.cn/growth/internal-material/1779420327448.6f4365c16fd858464692d65671b1a24d.mp4,0508-199双科-自产-自产主-莉娜-曲中雨-子衿-A6-B1-无-4,20260615,贾子矜,贾子矜,199元高中双科提分课,199元高中双科提分课,自投放,自有,自产原创,wangjiananbj03,4.01,0,0,0,81.84,0,0,0.00%,0.00%,-,0,0
5ef4ab0e53e8e4ade7b393744bf7d1cb,-,-,-,-,-,https://tutor-online1.fbcontent.cn/growth/internal-material/1780369892675.5ef4ab0e53e8e4ade7b393744bf7d1cb.mp4,0527-9物-自产-自产二-李博-视觉锤-雅迪-A5-B1-有-19,20260615,王雅迪,王雅迪,9元高中物理李博,9元高中物理李博,申坤,自有,自产原创,wangruixuebj01,4.75,0,0,0,250,0,0,0.00%,0.00%,-,0,0
c77cd304d5be5175b2c4b4f236e46cae,-,-,-,-,-,https://tutor-online1.fbcontent.cn/growth/internal-material/1781340145616.c77cd304d5be5175b2c4b4f236e46cae.mp4,0611-状元笔记-自产-自产主--视觉锤-雅迪-A5-B2-无-19,20260615,王雅迪,王雅迪,高中手写笔记,高中手写笔记,自投放,自有,自产原创,wangjiananbj03,0.33,0,0,0,12.69,0,0,0.00%,0.00%,-,0,0
e5ebb13fc82ffbc050a534301b168e8b,-,-,-,-,-,https://tutor-online1.fbcontent.cn/growth/internal-material/1780560673801.e5ebb13fc82ffbc050a534301b168e8b.mp4,0526-199双科-自产-自产主-王晶-亿晨-小敏-A7-B5-有-11,20260615,曲敏,曲敏,199元高中双科提分课,199元高中双科提分课,自投放,自有,自产原创,wangjiananbj03,1.31,0,0,0,36.39,0,0,0.00%,0.00%,-,0,0
72f97867842e4213d6a2e317d121163c,-,-,-,-,-,https://tutor-online1.fbcontent.cn/growth/internal-material/1780984421539.72f97867842e4213d6a2e317d121163c.mp4,0526-199双科-自产-自产二-王晶-亿晨-子衿-A5-B1-有-3,20260615,贾子矜,贾子矜,199元高中双科提分课,199元高中双科提分课,自投放,自有,自产原创,wangjiananbj03,5.36,0,0,0,48.73,5360,0,4.55%,0%,-,0,0
e5ebb13fc82ffbc050a534301b168e8b,-,-,-,-,-,https://tutor-online1.fbcontent.cn/growth/internal-material/1780560673801.e5ebb13fc82ffbc050a534301b168e8b.mp4,0526-199双科-自产-自产主-王晶-亿晨-小敏-A7-B5-有-11,20260615,曲敏,曲敏,199元高中双科提分课,199元高中双科提分课,自投放,自有,自产原创,wangjiananbj03,0.02,0,0,0,5,0,0,0.00%,0.00%,-,0,0
20b8eb386392f37b747f7637c49b3ec7,-,-,-,-,-,https://tutor-online1.fbcontent.cn/growth/internal-material/1775548305351.20b8eb386392f37b747f7637c49b3ec7.mp4,0401-9物-自产-自产主-李博-曲中雨-子衿-A3-B1-有-23-前贴1,20260615,贾子矜,贾子矜,9元高中物理李博,9元高中物理李博,玄武,自有,自产原创,wangruixuebj01,14.58,0,0,0,255.79,0,0,0.00%,0.00%,-,0,0
7653cbec1568262b7e0ded26d53ba5ec,-,-,-,-,-,https://tutor-online1.fbcontent.cn/growth/internal-material/1780393943328.7653cbec1568262b7e0ded26d53ba5ec.mp4,0527-9物-自产-自产二-李博-曲中雨-子衿-A6-B1-有-5-直播间,20260615,贾子矜,贾子矜,9元高中物理李博,9元高中物理李博,申坤,自有,自产原创,wangruixuebj01,0.38,0,0,0,27.14,0,0,0.00%,0.00%,-,0,0
4aa4efe718783c875655e5907efaa85c,-,-,-,-,-,https://tutor-online1.fbcontent.cn/growth/internal-material/1775195733359.4aa4efe718783c875655e5907efaa85c.mp4,0312-9物-自产-自产混-李博-云梵-雅迪-A6-B1B2-无-30,20260615,王雅迪,王雅迪,9元高中物理李博,9元高中物理李博,申坤,自有,自产混剪,wangruixuebj01,0.02,0,0,0,20,0,0,0.00%,0.00%,-,0,0
0ebbdbbf3d6ad22bc7c434c74828ed41,-,-,-,-,-,https://tutor-online1.fbcontent.cn/growth/internal-material/1781169457656.0ebbdbbf3d6ad22bc7c434c74828ed41.mp4,0611-状元笔记-自产-自产主--视觉锤-雅迪-A6-B5-有-42,20260615,王雅迪,王雅迪,高中手写笔记,高中手写笔记,自投放,自有,自产原创,wangjiananbj03,0.09,0,0,0,45,0,0,0.00%,0.00%,-,0,0
6f2bb1d4e679b6897f83952f96ada07e,-,-,-,-,-,https://tutor-online1.fbcontent.cn/growth/internal-material/1780394024136.6f2bb1d4e679b6897f83952f96ada07e.mp4,0527-9物-自产-自产主-李博-曲中雨-子衿-A6-B1-有-1-直播间,20260615,贾子矜,贾子矜,9元高中物理李博,9元高中物理李博,申坤,自有,自产原创,wangruixuebj01,1.13,0,0,0,59.47,1130,0,15.79%,0%,-,0,0
87baae29dbb62be599751d4638bb8adf,-,-,-,-,-,https://tutor-online1.fbcontent.cn/growth/internal-material/1779440164972.87baae29dbb62be599751d4638bb8adf.mp4,0513-199双科-自产-自产主-李博-曲中雨-嘉丽-A7-B1-无-32,20260615,魏嘉丽,魏嘉丽,199元高中双科提分课,199元高中双科提分课,自投放,自有,自产原创,wangjiananbj03,0.17,0,0,0,13.08,0,0,0.00%,0.00%,-,0,0
7618381c53d6fb28cf215b0ab5209c85,-,-,-,-,-,https://tutor-online1.fbcontent.cn/growth/internal-material/1776416876385.7618381c53d6fb28cf215b0ab5209c85.mp4,0415-9物-自产-自产二-李博-曲中雨-子衿-A5-B3B4-无-15,20260615,贾子矜,贾子矜,9元高中物理李博,9元高中物理李博,玄武,自有,自产原创,wangruixuebj01,2.67,0,0,0,157.06,0,0,0.00%,0.00%,-,0,0
bcea9d8c5936779f06632c1bbe8f026d,-,-,-,-,-,https://tutor-online1.fbcontent.cn/growth/internal-material/1779706247196.bcea9d8c5936779f06632c1bbe8f026d.mp4,0520-199双科-自产-自产二-李博-曲中雨-子衿-A5-B2-有-4,20260615,贾子矜,贾子矜,199元高中双科提分课,199元高中双科提分课,自投放,自有,自产原创,wangjiananbj03,7.05,0,0,0,180.77,7050,0,2.56%,0%,-,0,0
b13fbe09591314a168ddd2280385fff8,-,-,-,-,-,https://tutor-online1.fbcontent.cn/growth/internal-material/1778581160199.b13fbe09591314a168ddd2280385fff8.mp4,0508-199双科-自产-自产主-莉娜-视觉锤-雅迪-A1-B6-无-11,20260615,王雅迪,王雅迪,199元高中双科提分课,199元高中双科提分课,自投放,自有,自产原创,wangjiananbj03,21.03,0,0,0,60.78,10515,0,1.73%,0%,-,0,0
519ca9db8385cca3731a0bcf011b1321,-,-,-,-,-,https://tutor-online1.fbcontent.cn/growth/internal-material/1781074871807.519ca9db8385cca3731a0bcf011b1321.mp4,0603-9物-自产-自产二-李博-巽阳-子衿-A5-B1-有-2-WQ-直播间,20260615,贾子矜,贾子矜,9元高中物理李博,9元高中物理李博,申坤,自有,自产原创,wangruixuebj01,0.07,0,0,0,4.12,0,0,11.76%,0%,-,0,0
8bcdb128219d46e8c72428a69157940b,-,-,-,-,-,https://tutor-online1.fbcontent.cn/growth/internal-material/1779706246544.8bcdb128219d46e8c72428a69157940b.mp4,0520-199双科-自产-自产二-李博-曲中雨-子衿-A5-B1-有-5,20260615,贾子矜,贾子矜,199元高中双科提分课,199元高中双科提分课,自投放,自有,自产原创,wangjiananbj03,9.74,0,0,0,360.74,0,0,0.00%,0.00%,-,0,0
4cc8fcf55cda7ade1c2294936a78e254,-,-,-,-,-,https://tutor-online1.fbcontent.cn/growth/internal-material/1780656484642.4cc8fcf55cda7ade1c2294936a78e254.mp4,0603-9物-自产-自产主-李博-视觉锤-浩正-A5-B1-有-13,20260615,杜浩正,杜浩正,9元高中物理李博,9元高中物理李博,申坤,自有,自产原创,wangruixuebj01,24.35,0,0,0,180.37,8116.67,0,2.22%,0%,-,0,0
89ade7b44e4a25c185cfae92f2fb48c2,-,-,-,-,-,https://tutor-online1.fbcontent.cn/growth/internal-material/1779421612919.89ade7b44e4a25c185cfae92f2fb48c2.mp4,0513-199双科-自产-自产主-李博-曲中雨-忍哥-A5-B1-有-27,20260615,王雅迪,王雅迪,199元高中双科提分课,199元高中双科提分课,自投放,自有,自产原创,wangjiananbj03,0.59,0,0,0,10.54,590,0,14.29%,0%,-,0,0
473081ce934cddca8668528b5177c7bd,-,-,-,-,-,https://tutor-online1.fbcontent.cn/growth/internal-material/1774350653835.473081ce934cddca8668528b5177c7bd.mp4,0319-9物-自产-自产二-李博-巽阳-子衿--B2B5-无-24,20260615,贾子矜,贾子矜,9元高中物理李博,9元高中物理李博,玄武,自有,自产原创,wangruixuebj01,95.33,0,0,0,76.08,4144.78,0,1.68%,0%,-,0,0
0f7cc405a4be1fa4605f0b0a4d5fd80e,-,-,-,-,-,https://tutor-online1.fbcontent.cn/growth/internal-material/1778581776108.0f7cc405a4be1fa4605f0b0a4d5fd80e.mp4,0508-199双科-自产-自产主-李博-视觉锤-雅迪-A1-B4B6-有-12,20260615,王雅迪,王雅迪,199元高中双科提分课,199元高中双科提分课,自投放,自有,自产原创,wangjiananbj03,531.07,0,0,0,475.44,31239.41,0,2.60%,0%,-,0,0
2e87fbcd6e95a9755794a6fbade4cbf3,-,-,-,-,-,https://tutor-online1.fbcontent.cn/growth/internal-material/1770030073063.2e87fbcd6e95a9755794a6fbade4cbf3.mp4,0128-自产主-李博-8-3--有-9物-子矜- IP-曲中雨,20260615,贾子矜,贾子矜,9元高中物理李博,9元高中物理李博-实物,玄武,自有,自产原创,wangruixuebj01,6669.03,180,20,0.03,144.89,9432.86,333.45,1.63%,2.67%,-,0.43,254.6
9c17953deec52c05fd2028b13919c780,-,-,-,-,-,https://tutor-online1.fbcontent.cn/growth/internal-material/1780397767858.9c17953deec52c05fd2028b13919c780.mp4,0527-9物-自产-自产二-李博-曲中雨-浩正-A5-B1-无-12-直播间,20260615,杜浩正,杜浩正,9元高中物理李博,9元高中物理李博,申坤,自有,自产原创,wangruixuebj01,0.8,0,0,0,50,400,0,18.75%,0%,-,0,0
c5b0c9c1598c2b3ad0d02cb393a61c0a,-,-,-,-,-,https://tutor-online1.fbcontent.cn/growth/internal-material/1779706267245.c5b0c9c1598c2b3ad0d02cb393a61c0a.mp4,0520-199双科-自产-自产主-李博-曲中雨-子衿-A5-B2-无-4,20260615,贾子矜,贾子矜,199元高中双科提分课,199元高中双科提分课,自投放,自有,自产原创,wangjiananbj03,47.43,0,0,0,262.04,15810,0,3.31%,0%,-,0,0
5e5d754fa608d9875061e20c1797f092,-,-,-,-,-,https://tutor-online1.fbcontent.cn/growth/internal-material/1780061373802.5e5d754fa608d9875061e20c1797f092.mp4,0514-199双科-自产-自产主-王晶-曲中雨-浩正-A6-B2-无-6,20260615,杜浩正,韩晨国,199元高中双科提分课,199元高中双科提分课,自投放,自有,自产原创,wangjiananbj03,33.12,0,0,0,156.97,11040,0,2.84%,0%,-,0,0
dd3ea2226d464a6dc50bde491a781322,-,-,-,-,-,https://tutor-online1.fbcontent.cn/growth/internal-material/1779427695718.dd3ea2226d464a6dc50bde491a781322.mp4,0512-199双科-自产-自产二-王晶-曲中雨-雅迪---无-10,20260615,王雅迪,王雅迪,199元高中双科提分课,199元高中双科提分课,自投放,自有,自产原创,wangjiananbj03,0.25,0,0,0,83.33,0,0,0.00%,0.00%,-,0,0
9e1352a0b0e85eb513255c3095dae807,-,-,-,-,-,https://tutor-online1.fbcontent.cn/growth/internal-material/1778581775810.9e1352a0b0e85eb513255c3095dae807.mp4,0508-199双科-自产-自产主-李博-视觉锤-雅迪-A1-B4B6-无-12,20260615,王雅迪,王雅迪,199元高中双科提分课,199元高中双科提分课,自投放,自有,自产原创,wangjiananbj03,3.64,0,0,0,32.79,3640,0,0.90%,0%,-,0,0
c26ade01f7bf2eba0e1638040fd2acc5,-,-,-,-,-,https://tutor-online1.fbcontent.cn/growth/internal-material/1781081905523.c26ade01f7bf2eba0e1638040fd2acc5.mp4,0603-9物-自产-自产二-李博-巽阳-子衿-A3-B1-无-8-WQ-直播间,20260615,贾子矜,贾子矜,9元高中物理李博,9元高中物理李博,申坤,自有,自产原创,wangruixuebj01,0.04,0,0,0,20,0,0,0.00%,0.00%,-,0,0
f6362dcd2acf1ae996f00bddf7c5e91e,-,-,-,-,-,https://tutor-online1.fbcontent.cn/growth/internal-material/1780393952345.f6362dcd2acf1ae996f00bddf7c5e91e.mp4,0527-9物-自产-自产二-李博-曲中雨-子衿-A6-B3-无-9-直播间,20260615,贾子矜,贾子矜,9元高中物理李博,9元高中物理李博,申坤,自有,自产原创,wangruixuebj01,0.29,0,0,0,11.15,0,0,0.00%,0.00%,-,0,0
53c7b0abfc73b5bb1ded93329e8cf033,-,-,-,-,-,https://tutor-online1.fbcontent.cn/growth/internal-material/1780569961431.53c7b0abfc73b5bb1ded93329e8cf033.mp4,0527-199双科-自产-自产主-李博-曲中雨-嘉丽-A7-B1-无-12,20260615,魏嘉丽,魏嘉丽,199元高中双科提分课,199元高中双科提分课,自投放,自有,自产原创,wangjiananbj03,3.89,0,0,0,42.75,0,0,1.10%,0%,-,0,0
78a2c5c8e98ba214d233f06169ed3c23,-,-,-,-,-,https://tutor-online1.fbcontent.cn/growth/internal-material/1779422155748.78a2c5c8e98ba214d233f06169ed3c23.mp4,0512-199双科-自产-自产二-王晶-云梵-雅迪---有-11,20260615,王雅迪,王雅迪,199元高中双科提分课,199元高中双科提分课,自投放,自有,自产原创,wangjiananbj03,0.02,0,0,0,0.83,0,0,0.00%,0.00%,-,0,0
f2d48b10ae87b9e93fc6d9631f868df7,-,-,-,-,-,https://tutor-online1.fbcontent.cn/growth/internal-material/1778246089002.f2d48b10ae87b9e93fc6d9631f868df7.mp4,0408-199双科-自产-自产主-李博-曲中雨-浩正-A2-B2-有-6,20260615,杜浩正,韩晨国,199元高中双科提分课,199元高中双科提分课,自投放,自有,自产原创,wangjiananbj03,4.08,0,0,0,97.14,0,0,0.00%,0.00%,-,0,0
32397c142d987607c8e4c4c2afd9a386,-,-,-,-,-,https://tutor-online1.fbcontent.cn/growth/internal-material/1780369783258.32397c142d987607c8e4c4c2afd9a386.mp4,0527-9物-自产-自产主-李博-视觉锤-雅迪-A5-B1-有-19,20260615,王雅迪,王雅迪,9元高中物理李博,9元高中物理李博,申坤,自有,自产原创,wangruixuebj01,0.01,0,0,0,5,0,0,0.00%,0.00%,-,0,0
cd3c98e202d72d104fe19f42fcff0921,-,-,-,-,-,https://tutor-online1.fbcontent.cn/growth/internal-material/1781079683900.cd3c98e202d72d104fe19f42fcff0921.mp4,0604-状元笔记-自产-混剪--曲中雨-婷玉---无-30,20260615,吴婷玉,吴婷玉,高中手写笔记,高中手写笔记,自投放,自有,自产原创,wangjiananbj03,0.91,0,0,0,30.33,0,0,0.00%,0.00%,-,0,0
873606aa1dfd8e0d5ddcba5152826842,-,-,-,-,-,https://tutor-online1.fbcontent.cn/growth/internal-material/1780072082928.873606aa1dfd8e0d5ddcba5152826842.mov,0324-9物-自产-自产主-李博-曲中雨-子衿-A2-B1-有-20-前贴3.mp4,20260615,贾子矜,贾子矜,9元高中物理李博,9元高中物理李博,申坤,自有,自产原创,wangruixuebj01,0.03,0,0,0,7.5,0,0,0.00%,0.00%,-,0,0
5bb64868a62d1eb1cd17397459ab0af2,-,-,-,-,-,https://tutor-online1.fbcontent.cn/growth/internal-material/1778581745257.5bb64868a62d1eb1cd17397459ab0af2.mp4,0508-199双科-自产-自产主-李博-视觉锤-雅迪-A5-B1-无-16,20260615,王雅迪,王雅迪,199元高中双科提分课,199元高中双科提分课,自投放,自有,自产原创,wangjiananbj03,5.16,0,0,0,120,0,0,6.98%,0%,-,0,0
b5f933921b8f3fb9e23cb80470cb2d3f,-,-,-,-,-,https://tutor-online1.fbcontent.cn/growth/internal-material/1776940907558.b5f933921b8f3fb9e23cb80470cb2d3f.mp4,0421-199双科-自产-自产二-王晶-曲中雨-浩正-A5-B2-有-6,20260615,杜浩正,杜浩正,199元高中双科提分课,199元高中双科提分课,自投放,自有,自产原创,wangjiananbj03,3.9,0,0,0,10.83,0,0,0.00%,0.00%,-,0,0
75b04d0f27e348c9597a2e7f70b5b80a,-,-,-,-,-,https://tutor-online1.fbcontent.cn/growth/internal-material/1780569961442.75b04d0f27e348c9597a2e7f70b5b80a.mp4,0527-199双科-自产-自产主-李博-曲中雨-嘉丽-A7-B1-有-12,20260615,魏嘉丽,魏嘉丽,199元高中双科提分课,199元高中双科提分课,自投放,自有,自产原创,wangjiananbj03,0.91,0,0,0,6.32,0,0,0.00%,0.00%,-,0,0
571c11f2b4163c9a3615c95d49c26d59,-,-,-,-,-,https://tutor-online1.fbcontent.cn/growth/internal-material/1781079684184.571c11f2b4163c9a3615c95d49c26d59.mp4,0604-状元笔记-自产-混剪--曲中雨-婷玉---无-31,20260615,吴婷玉,吴婷玉,高中手写笔记,高中手写笔记,自投放,自有,自产原创,wangjiananbj03,17.4,0,0,0,15.61,0,0,0.54%,0%,-,0,0
cca311b3e5564492c7f183ffc34588d4,-,-,-,-,-,https://tutor-online1.fbcontent.cn/growth/internal-material/1780906799298.cca311b3e5564492c7f183ffc34588d4.mp4,0603-9物-自产-自产主-李博-曲中雨-子衿-A3-B1-有-4-直播间,20260615,贾子矜,贾子矜,9元高中物理李博,9元高中物理李博,申坤,自有,自产原创,wangruixuebj01,5.19,0,0,0,55.21,5190,0,2.13%,0%,-,0,0
bf156c45c46105734609aa1c5b796dc9,-,-,-,-,-,https://tutor-online1.fbcontent.cn/growth/internal-material/1781080053775.bf156c45c46105734609aa1c5b796dc9.mp4,0608-199双科-自产-自产二-王晶-亿晨-婷玉-A1-B4B5-无-8,20260615,吴婷玉,吴婷玉,199元高中双科提分课,199元高中双科提分课,自投放,自有,自产原创,wangjiananbj03,0,0,0,0,0,0,0,0.00%,0.00%,-,0,0
e1da8b4562155de075280cb30829faaf,-,-,-,-,-,https://tutor-online1.fbcontent.cn/growth/internal-material/1780917991520.e1da8b4562155de075280cb30829faaf.mp4,0513-199双科-自产-自产主-李博-曲中雨-嘉丽-A7-B1-无-35,20260615,魏嘉丽,韩晨国,199元高中双科提分课,199元高中双科提分课,自投放,自有,自产原创,wangjiananbj03,38.31,0,0,0,174.93,38310,0,0.91%,0%,-,0,0
684b47860cb98f2bee04402c40d762bc,-,-,-,-,-,https://tutor-online1.fbcontent.cn/growth/internal-material/1780917987694.684b47860cb98f2bee04402c40d762bc.mp4,0513-199双科-自产-自产二-李博-曲中雨-嘉丽-A7-B1-无-34,20260615,魏嘉丽,韩晨国,199元高中双科提分课,199元高中双科提分课,自投放,自有,自产原创,wangjiananbj03,40.12,0,0,0,88.57,40120,0,0.88%,0%,-,0,0
bcad0b991620259487e1fb08fefd0b21,-,-,-,-,-,https://tutor-online1.fbcontent.cn/growth/internal-material/1781082527453.bcad0b991620259487e1fb08fefd0b21.mp4,0603-199双科-自产-自产二-李博-视觉锤-嘉丽-A5-B1-无-13,20260615,魏嘉丽,魏嘉丽,199元高中双科提分课,199元高中双科提分课,自投放,自有,自产原创,wangjiananbj03,0.64,0,0,0,17.3,0,0,0.00%,0.00%,-,0,0
e938c01e963ad0f4c44c706f0304a49e,-,-,-,-,-,https://tutor-online1.fbcontent.cn/growth/internal-material/1779953135567.e938c01e963ad0f4c44c706f0304a49e.mp4,0520-199双科-自产-自产主-李博-视觉锤-嘉丽-A6-B1-无-19,20260615,魏嘉丽,魏嘉丽,199元高中双科提分课,199元高中双科提分课,自投放,自有,自产原创,wangjiananbj03,0,0,0,0,0,0,0,0.00%,0.00%,-,0,0
132bf30a0c824a6229b5f61965b03785,-,-,-,-,-,https://tutor-online1.fbcontent.cn/growth/internal-material/1781082476133.132bf30a0c824a6229b5f61965b03785.mp4,0527-199双科-自产-自产二-李博-视觉锤-嘉丽-A7-B1-无-12,20260615,魏嘉丽,魏嘉丽,199元高中双科提分课,199元高中双科提分课,自投放,自有,自产原创,wangjiananbj03,2.69,0,0,0,31.65,0,0,0.00%,0.00%,-,0,0
3b3b31116d4d52e405e9dd5195396897,-,-,-,-,-,https://tutor-online1.fbcontent.cn/growth/internal-material/1774510703010.3b3b31116d4d52e405e9dd5195396897.mp4,0324-9物-自产-自产主-李博-曲中雨-子衿-A3-B2B4-有-19-前贴1,20260615,贾子矜,贾子矜,9元高中物理李博,9元高中物理李博,玄武,自有,自产原创,wangruixuebj01,64.16,0,0,0,24.26,7128.89,0,1.89%,0%,-,0,0
95ddad961cb46d1dce0148ee3f3fccac,-,-,-,-,-,https://tutor-online1.fbcontent.cn/growth/internal-material/1781169457838.95ddad961cb46d1dce0148ee3f3fccac.mp4,0611-状元笔记-自产-自产主--视觉锤-雅迪-A6-B5-有-44,20260615,王雅迪,王雅迪,高中手写笔记,高中手写笔记,自投放,自有,自产原创,wangjiananbj03,7.3,0,0,0,20.11,0,0,0.83%,0%,-,0,0
d4a9bbd58d9e802eb1e5311ecd5142b1,-,-,-,-,-,https://tutor-online1.fbcontent.cn/growth/internal-material/1781063591361.d4a9bbd58d9e802eb1e5311ecd5142b1.mp4,0603-199双科-自产-自产主-李博-曲中雨-嘉丽-A5-B1-有-12,20260615,魏嘉丽,魏嘉丽,199元高中双科提分课,199元高中双科提分课,自投放,自有,自产原创,wangjiananbj03,0.01,0,0,0,5,0,0,0.00%,0.00%,-,0,0
329d025ff800c459c845bf9ce8680f42,-,-,-,-,-,https://tutor-online1.fbcontent.cn/growth/internal-material/1781079687060.329d025ff800c459c845bf9ce8680f42.mp4,0604-状元笔记-自产-混剪--曲中雨-婷玉--无-28,20260615,吴婷玉,吴婷玉,高中手写笔记,高中手写笔记,自投放,自有,自产原创,wangjiananbj03,0.05,0,0,0,25,0,0,0.00%,0.00%,-,0,0
202d3890dc7a42c1b2000ccbb63e7e7c,-,-,-,-,-,https://tutor-online1.fbcontent.cn/growth/internal-material/1779278571064.202d3890dc7a42c1b2000ccbb63e7e7c.mp4,0513-199双科-自产-自产主-李博-视觉锤-雅迪-A5-B2-无-17,20260615,王雅迪,王雅迪,199元高中双科提分课,199元高中双科提分课,自投放,自有,自产原创,wangjiananbj03,0,0,0,0,0,0,0,0.00%,0.00%,-,0,0
94190db6af096480040b2b312b4511bc,-,-,-,-,-,https://tutor-online1.fbcontent.cn/growth/internal-material/1778666025083.94190db6af096480040b2b312b4511bc.mp4,0508-199双科-自产-自产主-李博-曲中雨-子衿-A6-B1-无-6,20260615,贾子矜,贾子矜,199元高中双科提分课,199元高中双科提分课,自投放,自有,自产原创,wangjiananbj03,0.08,0,0,0,7.27,0,0,0.00%,0.00%,-,0,0
8a78ec40ac2ef7ed2497d61f31abccde,-,-,-,-,-,https://tutor-online1.fbcontent.cn/growth/internal-material/1779706244825.8a78ec40ac2ef7ed2497d61f31abccde.mp4,0520-199双科-自产-自产二-李博-曲中雨-子衿-A6-B2-无-1,20260615,贾子矜,贾子矜,199元高中双科提分课,199元高中双科提分课,自投放,自有,自产原创,wangjiananbj03,3.12,0,0,0,135.65,0,0,0.00%,0.00%,-,0,0
a033197e33f34a1b8a69d044a10a1ddb,-,-,-,-,-,https://tutor-online1.fbcontent.cn/growth/internal-material/1780656483759.a033197e33f34a1b8a69d044a10a1ddb.mp4,0603-9物-自产-自产主-李博-视觉锤-浩正-A5-B1-有-11,20260615,杜浩正,杜浩正,9元高中物理李博,9元高中物理李博,申坤,自有,自产原创,wangruixuebj01,28.31,18,2,0.64,112.79,5662,14.16,1.99%,40.00%,-,7.97,3600
c28a370aed0811c61f3d596242d9f9f7,-,-,-,-,-,https://tutor-online1.fbcontent.cn/growth/internal-material/1781079686346.c28a370aed0811c61f3d596242d9f9f7.mp4,0604-状元笔记-自产-混剪--曲中雨-婷玉---无-32,20260615,吴婷玉,吴婷玉,高中手写笔记,高中手写笔记,自投放,自有,自产原创,wangjiananbj03,0.51,0,0,0,9.27,0,0,0.00%,0.00%,-,0,0
fa9a6106ac9a068aa7bbcea782b2a351,-,-,-,-,-,https://tutor-online1.fbcontent.cn/growth/internal-material/1779442197260.fa9a6106ac9a068aa7bbcea782b2a351.mp4,0521-9物-自产-自产主-李博-曲中雨-小敏-A7方法优势-B1效果方法体系-有-19,20260615,曲敏,曲敏,9元高中物理李博,9元高中物理李博,申坤,自有,自产原创,wangruixuebj01,0.06,0,0,0,60,0,0,0.00%,0.00%,-,0,0
eae4c9536cb885e18f69fd43c6de4b5d,-,-,-,-,-,https://tutor-online1.fbcontent.cn/growth/internal-material/1780552739518.eae4c9536cb885e18f69fd43c6de4b5d.mp4,0528-状元笔记-自产-自产主--视觉锤-雅迪-A5-B1-有-18,20260615,王雅迪,王雅迪,高中手写笔记,高中手写笔记,自投放,自有,自产原创,wangjiananbj03,0.16,0,0,0,8.89,0,0,0.00%,0.00%,-,0,0
c1cd5fb7814f25b1cce9b2d6e3a038f5,-,-,-,-,-,https://tutor-online1.fbcontent.cn/growth/internal-material/1775548229416.c1cd5fb7814f25b1cce9b2d6e3a038f5.mp4,0401-9物-自产-自产二-李博-曲中雨-子衿-A3-B1-有-23-前贴2,20260615,贾子矜,贾子矜,9元高中物理李博,9元高中物理李博,玄武,自有,自产原创,wangruixuebj01,4.14,0,0,0,129.38,0,0,0.00%,0.00%,-,0,0
40c4b652df4154f8be2219da5012c009,-,-,-,-,-,https://tutor-online1.fbcontent.cn/growth/internal-material/1780393905644.40c4b652df4154f8be2219da5012c009.mp4,0527-9物-自产-自产二-李博-曲中雨-子衿-A2-B2-有-8-直播间,20260615,贾子矜,贾子矜,9元高中物理李博,9元高中物理李博,申坤,自有,自产原创,wangruixuebj01,7.71,0,0,0,29.2,0,0,0.00%,0.00%,-,0,0
11dcef5f6ee8dd9451fb50c424ff03e6,-,-,-,-,-,https://tutor-online1.fbcontent.cn/growth/internal-material/1780983143284.11dcef5f6ee8dd9451fb50c424ff03e6.mp4,6月4日 (3)(7),20260615,贾子矜,贾子矜,199元高中双科提分课,199元高中双科提分课,自投放,自有,自产原创,wangjiananbj03,13.05,0,0,0,174,6525,0,2.67%,0%,-,0,0
4e145760dc994364cdf4525f7a534916,-,-,-,-,-,https://tutor-online1.fbcontent.cn/growth/internal-material/1781340108279.4e145760dc994364cdf4525f7a534916.mp4,0611-状元笔记-自产-自产主--视觉锤-雅迪-A5-B2-无-20,20260615,王雅迪,王雅迪,高中手写笔记,高中手写笔记,自投放,自有,自产原创,wangjiananbj03,3.6,0,0,0,150,0,0,0.00%,0.00%,-,0,0
342bc2ca1388ca3ba82463fcfb41a014,-,-,-,-,-,https://tutor-online1.fbcontent.cn/growth/internal-material/1779258777243.342bc2ca1388ca3ba82463fcfb41a014.mp4,0514-199双科-自产-自产二-王晶-曲中雨-子衿--B2-无-3,20260615,贾子矜,贾子矜,199元高中双科提分课,199元高中双科提分课,自投放,自有,自产原创,wangjiananbj03,0.01,0,0,0,0.3,0,0,0.00%,0.00%,-,0,0
52eabd88259f3e1d2093bbc147a552af,-,-,-,-,-,https://tutor-online1.fbcontent.cn/growth/internal-material/1780393905404.52eabd88259f3e1d2093bbc147a552af.mp4,0527-9物-自产-自产二-李博-曲中雨-子衿-A2-B2-无-8-直播间,20260615,贾子矜,贾子矜,9元高中物理李博,9元高中物理李博,申坤,自有,自产原创,wangruixuebj01,3.36,0,0,0,280,3360,0,8.33%,0%,-,0,0
ee748f669050fc55649f1c867fe7f352,-,-,-,-,-,https://tutor-online1.fbcontent.cn/growth/internal-material/1780906797530.ee748f669050fc55649f1c867fe7f352.mp4,0603-9物-自产-自产主-李博-曲中雨-子衿-A3-B1-无-8-直播间,20260615,贾子矜,贾子矜,9元高中物理李博,9元高中物理李博,申坤,自有,自产原创,wangruixuebj01,67,0,0,0,103.4,6090.91,0,1.54%,0%,-,0,0
4e1e062d6dc572308add296e4498d668,-,-,-,-,-,https://tutor-online1.fbcontent.cn/growth/internal-material/1780918129741.4e1e062d6dc572308add296e4498d668.mp4,0520-199双科-自产-自产二-李博-曲中雨-浩正-A5-B2-无-9,20260615,杜浩正,韩晨国,199元高中双科提分课,199元高中双科提分课,自投放,自有,自产原创,wangjiananbj03,25.97,0,0,0,189.56,8656.67,0,2.92%,0%,-,0,0
07a1aeee25a594eb9f30f86bb5e4925b,-,-,-,-,-,https://tutor-online1.fbcontent.cn/growth/internal-material/1779420155484.07a1aeee25a594eb9f30f86bb5e4925b.mp4,0514-199双科-自产-自产主-王晶-曲中雨-忍哥--B1-无-20,20260615,王雅迪,王雅迪,199元高中双科提分课,199元高中双科提分课,自投放,自有,自产原创,wangjiananbj03,0.02,0,0,0,1.67,0,0,0.00%,0.00%,-,0,0
9bff8ac0295893efb19cc63fe157c2a9,-,-,-,-,-,https://tutor-online1.fbcontent.cn/growth/internal-material/1780397853206.9bff8ac0295893efb19cc63fe157c2a9.mp4,0527-9物-自产-自产主-李博-曲中雨-浩正-A5-B1-有-12-直播间-前贴2,20260615,杜浩正,杜浩正,9元高中物理李博,9元高中物理李博,申坤,自有,自产原创,wangruixuebj01,30.6,0,0,0,84.3,3400,0,2.20%,0%,-,0,0
0cbb838e1e1acfb4319bdaf8919a219b,-,-,-,-,-,https://tutor-online1.fbcontent.cn/growth/internal-material/1779420285020.0cbb838e1e1acfb4319bdaf8919a219b.mp4,0508-199双科-自产-自产二-莉娜-曲中雨-子衿-A6-B1-无-4,20260615,贾子矜,贾子矜,199元高中双科提分课,199元高中双科提分课,自投放,自有,自产原创,wangjiananbj03,0.08,0,0,0,5.71,0,0,0.00%,0.00%,-,0,0
ed614a2eb44b5fe0176d925f46bd2a80,-,-,-,-,-,https://tutor-online1.fbcontent.cn/growth/internal-material/1780984420344.ed614a2eb44b5fe0176d925f46bd2a80.mp4,0526-199双科-自产-自产二-王晶-亿晨-子衿-A7-B2-有-2,20260615,贾子矜,贾子矜,199元高中双科提分课,199元高中双科提分课,自投放,自有,自产原创,wangjiananbj03,15.49,0,0,0,249.84,5163.33,0,6.45%,0%,-,0,0
39d5d6807566c6a776270c3686825b80,-,-,-,-,-,https://tutor-online1.fbcontent.cn/growth/internal-material/1780060825586.39d5d6807566c6a776270c3686825b80.mp4,0512-199双科-自产-自产主-王晶-云梵-小敏--B1-无-22,20260615,曲敏,韩晨国,199元高中双科提分课,199元高中双科提分课,自投放,自有,自产原创,wangjiananbj03,11.69,0,0,0,343.82,11690,0,2.94%,0%,-,0,0
39e35166a82b50a71a6f2340aeff1735,-,-,-,-,-,https://tutor-online1.fbcontent.cn/growth/internal-material/1781063589648.39e35166a82b50a71a6f2340aeff1735.mp4,0603-199双科-自产-自产主-李博-曲中雨-嘉丽-A5-B1-无-13,20260615,魏嘉丽,魏嘉丽,199元高中双科提分课,199元高中双科提分课,自投放,自有,自产原创,wangjiananbj03,0.33,0,0,0,55,0,0,0.00%,0.00%,-,0,0
83e5f89b8f0f11f76c8931e9e30b075c,-,-,-,-,-,https://tutor-online1.fbcontent.cn/growth/internal-material/1778667031168.83e5f89b8f0f11f76c8931e9e30b075c.mp4,0317-199物-自产-自产主-李博-曲中雨-子衿-A2-B1B4-有-28-迭代1,20260615,贾子矜,贾子矜,199元高中双科提分课,199元高中双科提分课,自投放,自有,自产原创,wangjiananbj03,17.77,0,0,0,348.43,0,0,3.92%,0%,-,0,0
68f757d575aaf8195b6bd31e16a26817,-,-,-,-,-,https://tutor-online1.fbcontent.cn/growth/internal-material/1780393906984.68f757d575aaf8195b6bd31e16a26817.mp4,0527-9物-自产-自产二-李博-曲中雨-子衿-A5-B2-无-3-直播间,20260615,贾子矜,贾子矜,9元高中物理李博,9元高中物理李博,申坤,自有,自产原创,wangruixuebj01,0.58,0,0,0,48.33,0,0,0.00%,0.00%,-,0,0
b7c2ef4f027a97be268c3318cc3fb911,-,-,-,-,-,https://tutor-online1.fbcontent.cn/growth/internal-material/1779258792292.b7c2ef4f027a97be268c3318cc3fb911.mp4,0514-199双科-自产-自产主-王晶-曲中雨-子衿--B1-有-2,20260615,贾子矜,贾子矜,199元高中双科提分课,199元高中双科提分课,自投放,自有,自产原创,wangjiananbj03,0.01,0,0,0,3.33,0,0,0.00%,0.00%,-,0,0
ed614a2eb44b5fe0176d925f46bd2a80,-,-,-,-,-,https://tutor-online1.fbcontent.cn/growth/internal-material/1780984420344.ed614a2eb44b5fe0176d925f46bd2a80.mp4,0526-199双科-自产-自产二-王晶-亿晨-子衿-A7-B2-有-2,20260615,贾子矜,贾子矜,199元高中双科提分课,199元高中双科提分课,自投放,自有,自产原创,wangjiananbj03,0.04,0,0,0,3.33,40,0,8.33%,0%,-,0,0
e7e6ccf30617c52580435eae1f2dd0fc,-,-,-,-,-,https://tutor-online1.fbcontent.cn/growth/internal-material/1780393600037.e7e6ccf30617c52580435eae1f2dd0fc.mp4,0527-9物-自产-自产二-李博-曲中雨-子衿-A7-B2-有-6,20260615,贾子矜,贾子矜,9元高中物理李博,9元高中物理李博,申坤,自有,自产原创,wangruixuebj01,0.63,0,0,0,157.5,0,0,0.00%,0.00%,-,0,0
03e03a75fef994589671d8ce0474d994,-,-,-,-,-,https://tutor-online1.fbcontent.cn/growth/internal-material/1779706310141.03e03a75fef994589671d8ce0474d994.mp4,0520-199双科-自产-自产主-李博-曲中雨-子衿-A6-B2-有-1,20260615,贾子矜,贾子矜,199元高中双科提分课,199元高中双科提分课,自投放,自有,自产原创,wangjiananbj03,0,0,0,0,0,0,0,0.00%,0.00%,-,0,0
f018a74111dbf4115a1979dbd2c88ad3,-,-,-,-,-,https://tutor-online1.fbcontent.cn/growth/internal-material/1781003732890.f018a74111dbf4115a1979dbd2c88ad3.mp4,0604-状元笔记-自产-自产主--视觉锤-雅迪-有-17,20260615,王雅迪,王雅迪,高中手写笔记,高中手写笔记,自投放,自有,自产原创,wangjiananbj03,1.85,0,0,0,33.64,0,0,1.82%,0%,-,0,0
cce984cd2e278d3e0de4a2be0378c89a,-,-,-,-,-,https://tutor-online1.fbcontent.cn/growth/internal-material/1778667030532.cce984cd2e278d3e0de4a2be0378c89a.mp4,0317-199物-自产-自产主-李博-曲中雨-子衿-A2-B1B4-无-28,20260615,贾子矜,贾子矜,199元高中双科提分课,199元高中双科提分课,自投放,自有,自产原创,wangjiananbj03,0,0,0,0,0,0,0,0.00%,0.00%,-,0,0
eb1c5cfcc71d152dd3c53ff119e129e4,-,-,-,-,-,https://tutor-online1.fbcontent.cn/growth/internal-material/1779706253337.eb1c5cfcc71d152dd3c53ff119e129e4.mp4,0520-199双科-自产-自产主-李博-曲中雨-子衿-A5-B1-无-5,20260615,贾子矜,贾子矜,199元高中双科提分课,199元高中双科提分课,自投放,自有,自产原创,wangjiananbj03,4.69,0,0,0,67.97,0,0,0.00%,0.00%,-,0,0
70bc468336640d804e502e084256be87,-,-,-,-,-,https://tutor-online1.fbcontent.cn/growth/internal-material/1780906797546.70bc468336640d804e502e084256be87.mp4,0603-9物-自产-自产主-李博-曲中雨-子衿-A3-B1-无-10-直播间,20260615,贾子矜,贾子矜,9元高中物理李博,9元高中物理李博,申坤,自有,自产原创,wangruixuebj01,0.01,0,0,0,10,0,0,0.00%,0.00%,-,0,0
69d0af91a962fe9a566056855b970a25,-,-,-,-,-,https://tutor-online1.fbcontent.cn/growth/internal-material/1780397823386.69d0af91a962fe9a566056855b970a25.mp4,0527-9物-自产-自产主-李博-曲中雨-浩正-A5-B1-无-14-直播间,20260615,杜浩正,杜浩正,9元高中物理李博,9元高中物理李博,申坤,自有,自产原创,wangruixuebj01,14.91,0,0,0,67.77,7455,0,1.36%,0%,-,0,0
7c9f77eb85de8eb573e502b64e67cd1b,-,-,-,-,-,https://tutor-online1.fbcontent.cn/growth/internal-material/1780060959790.7c9f77eb85de8eb573e502b64e67cd1b.mp4,0514-199双科-自产-自产主-王晶-曲中雨-子衿--B3B4-无-1,20260615,贾子矜,韩晨国,199元高中双科提分课,199元高中双科提分课,自投放,自有,自产原创,wangjiananbj03,4.9,0,0,0,63.64,4900,0,5.19%,0%,-,0,0
f73474b3595571b16bb9286be6d410c4,-,-,-,-,-,https://tutor-online1.fbcontent.cn/growth/internal-material/1780041102286.f73474b3595571b16bb9286be6d410c4.mp4,0520-199双科-自产-自产主-李博-视觉锤-小敏-A1-B6-无-21,20260615,曲敏,曲敏,199元高中双科提分课,199元高中双科提分课,自投放,自有,自产原创,wangjiananbj03,26.48,0,0,0,143.91,0,0,7.07%,0%,-,0,0
c7ec75f34afbca4cf0246f583942e21d,-,-,-,-,-,https://tutor-online1.fbcontent.cn/growth/internal-material/1780369784374.c7ec75f34afbca4cf0246f583942e21d.mp4,0527-9物-自产-自产主-李博-视觉锤-雅迪-A5-B1-无-19,20260615,王雅迪,王雅迪,9元高中物理李博,9元高中物理李博,申坤,自有,自产原创,wangruixuebj01,4.29,0,0,0,153.21,0,0,0.00%,0.00%,-,0,0
589361d2f2a8b197bca3083799303965,-,-,-,-,-,https://tutor-online1.fbcontent.cn/growth/internal-material/1775810424487.589361d2f2a8b197bca3083799303965.mp4,0317-199物-自产-自产主-李博-曲中雨-浩正-A6-B2-无-21,20260615,杜浩正,杜浩正,199元高中双科提分课,199元高中双科提分课,自投放,自有,自产原创,wangjiananbj03,23.01,0,0,0,141.17,7670,0,4.91%,0%,-,0,0
50f2d0c732898db6519f72b23cd86a53,-,-,-,-,-,https://tutor-online1.fbcontent.cn/growth/internal-material/1779420155506.50f2d0c732898db6519f72b23cd86a53.mp4,0514-199双科-自产-自产主-王晶-曲中雨-忍哥--B2B4-无-17,20260615,王雅迪,王雅迪,199元高中双科提分课,199元高中双科提分课,自投放,自有,自产原创,wangjiananbj03,0.11,0,0,0,110,0,0,0.00%,0.00%,-,0,0
83e8fe3b1394289266d8dd46b71566ef,-,-,-,-,-,https://tutor-online1.fbcontent.cn/growth/internal-material/1779440147469.83e8fe3b1394289266d8dd46b71566ef.mp4,0513-199双科-自产-自产主-李博-曲中雨-嘉丽-A1-B1-无-30,20260615,魏嘉丽,魏嘉丽,199元高中双科提分课,199元高中双科提分课,自投放,自有,自产原创,wangjiananbj03,0.81,0,0,0,90,0,0,0.00%,0.00%,-,0,0
18e7aab6be82257244fc0cb01026aa05,-,-,-,-,-,https://tutor-online1.fbcontent.cn/growth/internal-material/1779420159695.18e7aab6be82257244fc0cb01026aa05.mp4,0514-199双科-自产-自产主-王晶-曲中雨-忍哥--B1-有-16,20260615,王雅迪,王雅迪,199元高中双科提分课,199元高中双科提分课,自投放,自有,自产原创,wangjiananbj03,0.54,0,0,0,67.5,0,0,0.00%,0.00%,-,0,0
fc9c7b3d0b362bf3fc8da2fcc6217894,-,-,-,-,-,https://tutor-online1.fbcontent.cn/growth/internal-material/1777262046802.fc9c7b3d0b362bf3fc8da2fcc6217894.mp4,0422-9物-自产-自产二-李博-曲中雨-子衿-A7-B1-有-14-前贴4,20260615,贾子矜,贾子矜,9元高中物理李博,9元高中物理李博,申坤,自有,自产原创,wangruixuebj01,19.87,0,0,0,99.35,6623.33,0,1.50%,0%,-,0,0
189e0b988ff1644c3d01bec06c6f01b5,-,-,-,-,-,https://tutor-online1.fbcontent.cn/growth/internal-material/1781082699558.189e0b988ff1644c3d01bec06c6f01b5.mp4,0604-状元笔记-自产-混剪--曲中雨-嘉丽---有-5,20260615,魏嘉丽,魏嘉丽,高中手写笔记,高中手写笔记,自投放,自有,自产原创,wangjiananbj03,11.95,0,0,0,33.38,0,0,0.56%,0%,-,0,0
ac6b945414eb899ece6ca8f2bd57bddf,-,-,-,-,-,https://tutor-online1.fbcontent.cn/growth/internal-material/1779706278704.ac6b945414eb899ece6ca8f2bd57bddf.mp4,0520-199双科-自产-自产主-李博-曲中雨-子衿-A6-B1-无-3,20260615,贾子矜,贾子矜,199元高中双科提分课,199元高中双科提分课,自投放,自有,自产原创,wangjiananbj03,234.47,0,0,0,151.86,18036.15,0,9.91%,0%,-,0,0
d8c4cdf2337bcc647b228b69ff5d044d,-,-,-,-,-,https://tutor-online1.fbcontent.cn/growth/internal-material/1780917990603.d8c4cdf2337bcc647b228b69ff5d044d.mp4,0513-199双科-自产-自产二-李博-曲中雨-嘉丽-A7-B1-无-35,20260615,魏嘉丽,韩晨国,199元高中双科提分课,199元高中双科提分课,自投放,自有,自产原创,wangjiananbj03,64.86,0,0,0,169.79,6486,0,12.04%,0%,-,0,0
01a435819c48499543ac58eb5fa4c78d,-,-,-,-,-,https://tutor-online1.fbcontent.cn/growth/internal-material/1779706245887.01a435819c48499543ac58eb5fa4c78d.mp4,0520-199双科-自产-自产二-李博-曲中雨-子衿-A6-B1-有-3,20260615,贾子矜,贾子矜,199元高中双科提分课,199元高中双科提分课,自投放,自有,自产原创,wangjiananbj03,16.7,0,0,0,269.35,0,0,0.00%,0.00%,-,0,0
1e9e0c8ad904fd211cd5a4d5b4fd22b3,-,-,-,-,-,https://tutor-online1.fbcontent.cn/growth/internal-material/1778667029281.1e9e0c8ad904fd211cd5a4d5b4fd22b3.mp4,0423-199双科-自产-自产二-李博-曲中雨-子衿-A7-B1-无-23,20260615,贾子矜,贾子矜,199元高中双科提分课,199元高中双科提分课,自投放,自有,自产原创,wangjiananbj03,0.73,0,0,0,81.11,730,0,11.11%,0%,-,0,0
2b085324f0029e7889f1b82086032205,-,-,-,-,-,https://tutor-online1.fbcontent.cn/growth/internal-material/1774868646605.2b085324f0029e7889f1b82086032205.mp4,0324-9物-自产-自产二-李博-视觉锤-雅迪-A5-B2-无-3,20260615,王雅迪,王雅迪,9元高中物理李博,9元高中物理李博,申坤,自有,自产原创,wangruixuebj01,0.06,0,0,0,60,0,0,0.00%,0.00%,-,0,0
6b70c2af4606d6547814815c15592a3b,-,-,-,-,-,https://tutor-online1.fbcontent.cn/growth/internal-material/1776851501030.6b70c2af4606d6547814815c15592a3b.mp4,0415-199双科-自产-自产主-李博-曲中雨-浩正-A5-B2-有-8-迭代2,20260615,贾子矜,贾子矜,199元高中双科提分课,199元高中双科提分课,自投放,自有,自产原创,wangjiananbj03,415.72,0,0,0,181.93,24454.12,0,1.49%,0%,-,0,0
3cd2f91e0cd0695b559b59b6d5826bff,-,-,-,-,-,https://tutor-online1.fbcontent.cn/growth/internal-material/1780984421192.3cd2f91e0cd0695b559b59b6d5826bff.mp4,0526-199双科-自产-自产主-王晶-亿晨-子衿-A7-B1-有-4,20260615,贾子矜,贾子矜,199元高中双科提分课,199元高中双科提分课,自投放,自有,自产原创,wangjiananbj03,0.04,0,0,0,4.44,0,0,0.00%,0.00%,-,0,0
9fb6526230b905e8d282fb18243e40cb,-,-,-,-,-,https://tutor-online1.fbcontent.cn/growth/internal-material/1779421125416.9fb6526230b905e8d282fb18243e40cb.mp4,0512-199双科-自产-自产二-王晶-曲中雨-忍哥--B1-无-7,20260615,王雅迪,王雅迪,199元高中双科提分课,199元高中双科提分课,自投放,自有,自产原创,wangjiananbj03,0.04,0,0,0,20,0,0,0.00%,0.00%,-,0,0
c8d85e0f2a43603e4807b1cdd486ed21,-,-,-,-,-,https://tutor-online1.fbcontent.cn/growth/internal-material/1775548229436.c8d85e0f2a43603e4807b1cdd486ed21.mp4,0401-9物-自产-自产二-李博-曲中雨-子衿-A3-B1-有-23-前贴1,20260615,贾子矜,贾子矜,9元高中物理李博,9元高中物理李博,玄武,自有,自产原创,wangruixuebj01,329.95,27,3,0.08,166.81,25380.77,109.98,1.42%,10.71%,-,1.52,2076.92
1e1cfafcecc15a4aee2cc8cfb183182d,-,-,-,-,-,https://tutor-online1.fbcontent.cn/growth/internal-material/1778649250455.1e1cfafcecc15a4aee2cc8cfb183182d.mp4,0508-199双科-自产-自产二-李博-视觉锤-雅迪-A1-B4B6-无-15,20260615,王雅迪,王雅迪,199元高中双科提分课,199元高中双科提分课,自投放,自有,自产原创,wangjiananbj03,8.41,0,0,0,30.58,0,0,0.73%,0%,-,0,0
b8ae1008e6bbbfe90e9257be16acc0d9,-,-,-,-,-,https://tutor-online1.fbcontent.cn/growth/internal-material/1780060959521.b8ae1008e6bbbfe90e9257be16acc0d9.mp4,0514-199双科-自产-自产主-王晶-曲中雨-子衿--B2-无-5,20260614,贾子矜,韩晨国,199元高中双科提分课,199元高中双科提分课,自投放,自有,自产原创,wangjiananbj03,0.9,0,0,0,27.27,0,0,9.09%,0%,-,0,0
f3ed6458af001f343b9a87dfbe5feaa5,-,-,-,-,-,https://tutor-online1.fbcontent.cn/growth/internal-material/1779442327754.f3ed6458af001f343b9a87dfbe5feaa5.mp4,0521-9物-自产-自产二-李博-曲中雨-小敏-A1价格拆解-B6线下对比-有-17,20260614,曲敏,曲敏,9元高中物理李博,9元高中物理李博,申坤,自有,自产原创,wangruixuebj01,0.01,0,0,0,3.33,0,0,0.00%,0.00%,-,0,0
02e83ab1907484bbf688107b99264e03,-,-,-,-,-,https://tutor-online1.fbcontent.cn/growth/internal-material/1781082528738.02e83ab1907484bbf688107b99264e03.mp4,0603-199双科-自产-自产二-李博-视觉锤-嘉丽-A5-B1-有-13,20260614,魏嘉丽,魏嘉丽,199元高中双科提分课,199元高中双科提分课,自投放,自有,自产原创,wangjiananbj03,0.05,0,0,0,16.67,0,0,33.33%,0%,-,0,0
189e0b988ff1644c3d01bec06c6f01b5,-,-,-,-,-,https://tutor-online1.fbcontent.cn/growth/internal-material/1781082699558.189e0b988ff1644c3d01bec06c6f01b5.mp4,0604-状元笔记-自产-混剪--曲中雨-嘉丽---有-5,20260614,魏嘉丽,魏嘉丽,高中手写笔记,高中手写笔记,自投放,自有,自产原创,wangjiananbj03,10.5,0,0,0,37.91,0,0,0.72%,0%,-,0,0
8d668df2abf53bcdf14c11c1295cecbb,-,-,-,-,-,https://tutor-online1.fbcontent.cn/growth/internal-material/1779470003836.8d668df2abf53bcdf14c11c1295cecbb.mp4,0521-9物-自产-自产二-李博-曲中雨-子衿-A5效果保证-B1效果方法体系-有-4,20260614,贾子矜,贾子矜,9元高中物理李博,9元高中物理李博,申坤,自有,自产原创,wangruixuebj01,0.02,0,0,0,5,0,0,0.00%,0.00%,-,0,0
c26ade01f7bf2eba0e1638040fd2acc5,-,-,-,-,-,https://tutor-online1.fbcontent.cn/growth/internal-material/1781081905523.c26ade01f7bf2eba0e1638040fd2acc5.mp4,0603-9物-自产-自产二-李博-巽阳-子衿-A3-B1-无-8-WQ-直播间,20260614,贾子矜,贾子矜,9元高中物理李博,9元高中物理李博,申坤,自有,自产原创,wangruixuebj01,5.02,0,0,0,39.53,5020,0,4.72%,0%,-,0,0
f6239f34d1472a35204b53e68b3f482f,-,-,-,-,-,https://tutor-online1.fbcontent.cn/growth/internal-material/1780975965281.f6239f34d1472a35204b53e68b3f482f.mp4,0527-9物-自产-自产主-李博-曲中雨-子衿-A5-B2-有-7,20260614,贾子矜,韩晨国,9元高中物理李博,9元高中物理李博,申坤,自有,自产原创,wangruixuebj01,1.44,0,0,0,80,0,0,11.11%,0%,-,0,0
841dfce57739b035adefa27905ff7a77,-,-,-,-,-,https://tutor-online1.fbcontent.cn/growth/internal-material/1775810415417.841dfce57739b035adefa27905ff7a77.mp4,0317-199物-自产-自产主-李博-曲中雨-浩正-A6-B2-有-22,20260614,杜浩正,杜浩正,199元高中双科提分课,199元高中双科提分课,自投放,自有,自产原创,wangjiananbj03,1.11,0,0,0,50.45,1110,0,4.55%,0%,-,0,0
7eda4934e24f422c0dfcd42f6597fe93,-,-,-,-,-,https://tutor-online1.fbcontent.cn/growth/internal-material/1780916667577.7eda4934e24f422c0dfcd42f6597fe93.mp4,0603-9物-自产-自产主-李博-曲中雨-子衿-A7-B1-无-7-直播间,20260614,贾子矜,贾子矜,9元高中物理李博,9元高中物理李博,申坤,自有,自产原创,wangruixuebj01,4.88,0,0,0,77.46,0,0,0.00%,0.00%,-,0,0
fa9a6106ac9a068aa7bbcea782b2a351,-,-,-,-,-,https://tutor-online1.fbcontent.cn/growth/internal-material/1779442197260.fa9a6106ac9a068aa7bbcea782b2a351.mp4,0521-9物-自产-自产主-李博-曲中雨-小敏-A7方法优势-B1效果方法体系-有-19,20260614,曲敏,曲敏,9元高中物理李博,9元高中物理李博,申坤,自有,自产原创,wangruixuebj01,0.06,0,0,0,60,0,0,0.00%,0.00%,-,0,0
8cdeda721ad44401ae7faf876df78f53,-,-,-,-,-,https://tutor-online1.fbcontent.cn/growth/internal-material/1777262038039.8cdeda721ad44401ae7faf876df78f53.mp4,0422-9物-自产-自产二-李博-曲中雨-子衿-A7-B1-无-14,20260614,贾子矜,贾子矜,9元高中物理李博,9元高中物理李博,申坤,自有,自产原创,wangruixuebj01,0.08,0,0,0,1.21,0,0,0.00%,0.00%,-,0,0
72f97867842e4213d6a2e317d121163c,-,-,-,-,-,https://tutor-online1.fbcontent.cn/growth/internal-material/1780984421539.72f97867842e4213d6a2e317d121163c.mp4,0526-199双科-自产-自产二-王晶-亿晨-子衿-A5-B1-有-3,20260614,贾子矜,贾子矜,199元高中双科提分课,199元高中双科提分课,自投放,自有,自产原创,wangjiananbj03,0.1,0,0,0,5.56,0,0,0.00%,0.00%,-,0,0
519ca9db8385cca3731a0bcf011b1321,-,-,-,-,-,https://tutor-online1.fbcontent.cn/growth/internal-material/1781074871807.519ca9db8385cca3731a0bcf011b1321.mp4,0603-9物-自产-自产二-李博-巽阳-子衿-A5-B1-有-2-WQ-直播间,20260614,贾子矜,贾子矜,9元高中物理李博,9元高中物理李博,申坤,自有,自产原创,wangruixuebj01,1.28,0,0,0,55.65,0,0,0.00%,0.00%,-,0,0
3b3b31116d4d52e405e9dd5195396897,-,-,-,-,-,https://tutor-online1.fbcontent.cn/growth/internal-material/1774510703010.3b3b31116d4d52e405e9dd5195396897.mp4,0324-9物-自产-自产主-李博-曲中雨-子衿-A3-B2B4-有-19-前贴1,20260614,贾子矜,贾子矜,9元高中物理李博,9元高中物理李博,玄武,自有,自产原创,wangruixuebj01,6,0,0,0,44.78,0,0,0.00%,0.00%,-,0,0
2496fe7038879f5b222e031151cb5f9d,-,-,-,-,-,https://tutor-online1.fbcontent.cn/growth/internal-material/1779702538428.2496fe7038879f5b222e031151cb5f9d.mp4,0520-199双科-自产-自产二-李博-视觉锤-雅迪-A5-B1-无-15,20260614,王雅迪,王雅迪,199元高中双科提分课,199元高中双科提分课,自投放,自有,自产原创,wangjiananbj03,76.88,0,0,0,170.09,10982.86,0,1.99%,0%,-,0,0
745ee7f6de7484ccc051fde7e3381074,-,-,-,-,-,https://tutor-online1.fbcontent.cn/growth/internal-material/1780983143504.745ee7f6de7484ccc051fde7e3381074.mp4,6月4日 (3),20260614,贾子矜,贾子矜,199元高中双科提分课,199元高中双科提分课,自投放,自有,自产原创,wangjiananbj03,0.02,0,0,0,10,0,0,0.00%,0.00%,-,0,0
bf866b6e44e64ed9ab37df38cbc1647c,-,-,-,-,-,https://tutor-online1.fbcontent.cn/growth/internal-material/1779279974075.bf866b6e44e64ed9ab37df38cbc1647c.mp4,0513-199双科-自产-自产主-李博-视觉锤-雅迪-A5-B1-有-15,20260614,王雅迪,王雅迪,199元高中双科提分课,199元高中双科提分课,自投放,自有,自产原创,wangjiananbj03,1.57,0,0,0,34.13,0,0,2.17%,0%,-,0,0
202d3890dc7a42c1b2000ccbb63e7e7c,-,-,-,-,-,https://tutor-online1.fbcontent.cn/growth/internal-material/1779278571064.202d3890dc7a42c1b2000ccbb63e7e7c.mp4,0513-199双科-自产-自产主-李博-视觉锤-雅迪-A5-B2-无-17,20260614,王雅迪,王雅迪,199元高中双科提分课,199元高中双科提分课,自投放,自有,自产原创,wangjiananbj03,0.23,0,0,0,76.67,0,0,0.00%,0.00%,-,0,0
bcbed94917e8e7305c812d8e6d7afee8,-,-,-,-,-,https://tutor-online1.fbcontent.cn/growth/internal-material/1774868644355.bcbed94917e8e7305c812d8e6d7afee8.mp4,0324-9物-自产-自产二-李博-视觉锤-雅迪-A2-B4-有-2,20260614,王雅迪,王雅迪,9元高中物理李博,9元高中物理李博,申坤,自有,自产原创,wangruixuebj01,0,0,0,0,0,0,0,0.00%,0.00%,-,0,0
887a0a33ef03a907af3e075c9189eafe,-,-,-,-,-,https://tutor-online1.fbcontent.cn/growth/internal-material/1774350567146.887a0a33ef03a907af3e075c9189eafe.mp4,0319-9物-自产-自产二-李博-巽阳-子衿---无-28,20260614,贾子矜,贾子矜,9元高中物理李博,9元高中物理李博,玄武,自有,自产原创,wangruixuebj01,87.58,0,0,0,165.56,10947.5,0,1.70%,0%,-,0,0
5832908131d5b3bb4530cdbacb98dfd2,-,-,-,-,-,https://tutor-online1.fbcontent.cn/growth/internal-material/1781082529570.5832908131d5b3bb4530cdbacb98dfd2.mp4,0603-199双科-自产-自产二-李博-视觉锤-嘉丽-A5-B1-无-12,20260614,魏嘉丽,魏嘉丽,199元高中双科提分课,199元高中双科提分课,自投放,自有,自产原创,wangjiananbj03,1.36,0,0,0,41.21,0,0,0.00%,0.00%,-,0,0
70bc468336640d804e502e084256be87,-,-,-,-,-,https://tutor-online1.fbcontent.cn/growth/internal-material/1780906797546.70bc468336640d804e502e084256be87.mp4,0603-9物-自产-自产主-李博-曲中雨-子衿-A3-B1-无-10-直播间,20260614,贾子矜,贾子矜,9元高中物理李博,9元高中物理李博,申坤,自有,自产原创,wangruixuebj01,0.51,0,0,0,51,0,0,0.00%,0.00%,-,0,0
571c11f2b4163c9a3615c95d49c26d59,-,-,-,-,-,https://tutor-online1.fbcontent.cn/growth/internal-material/1781079684184.571c11f2b4163c9a3615c95d49c26d59.mp4,0604-状元笔记-自产-混剪--曲中雨-婷玉---无-31,20260614,吴婷玉,吴婷玉,高中手写笔记,高中手写笔记,自投放,自有,自产原创,wangjiananbj03,12.15,0,0,0,50.63,0,0,0.83%,0%,-,0,0
11948392421277c4efc09a1cd45eeca6,-,-,-,-,-,https://tutor-online1.fbcontent.cn/growth/internal-material/1775195735923.11948392421277c4efc09a1cd45eeca6.mp4,0312-9物-自产-自产混-李博-云梵-雅迪-A6-B1-无-29,20260614,王雅迪,王雅迪,9元高中物理李博,9元高中物理李博,申坤,自有,自产混剪,wangruixuebj01,0,0,0,0,0,0,0,0.00%,0.00%,-,0,0
e5ebb13fc82ffbc050a534301b168e8b,-,-,-,-,-,https://tutor-online1.fbcontent.cn/growth/internal-material/1780560673801.e5ebb13fc82ffbc050a534301b168e8b.mp4,0526-199双科-自产-自产主-王晶-亿晨-小敏-A7-B5-有-11,20260614,曲敏,曲敏,199元高中双科提分课,199元高中双科提分课,自投放,自有,自产原创,wangjiananbj03,28.27,0,0,0,126.21,14135,0,0.89%,0%,-,0,0
ecf4ff639de23f5e439bd8367e726ce7,-,-,-,-,-,https://tutor-online1.fbcontent.cn/growth/internal-material/1774510704385.ecf4ff639de23f5e439bd8367e726ce7.mp4,0324-9物-自产-自产主-李博-曲中雨-子衿-A5-B1-有-18-前贴1,20260614,贾子矜,贾子矜,9元高中物理李博,9元高中物理李博,玄武,自有,自产原创,wangruixuebj01,4.29,0,0,0,99.77,2145,0,4.65%,0%,-,0,0
27e2863611e76d1494191d6fe4f726a9,-,-,-,-,-,https://tutor-online1.fbcontent.cn/growth/internal-material/1779258835021.27e2863611e76d1494191d6fe4f726a9.mp4,0514-199双科-自产-自产主-王晶-曲中雨-子衿--B2-有-4,20260614,贾子矜,贾子矜,199元高中双科提分课,199元高中双科提分课,自投放,自有,自产原创,wangjiananbj03,8.45,0,0,0,325,0,0,0.00%,0.00%,-,0,0
887b4f563946e279fa62e7e7b5a099fe,-,-,-,-,-,https://tutor-online1.fbcontent.cn/growth/internal-material/1780975263762.887b4f563946e279fa62e7e7b5a099fe.mp4,0512-199双科-自产-自产二-王晶-云梵-嘉丽--B1-无-13,20260614,魏嘉丽,韩晨国,199元高中双科提分课,199元高中双科提分课,自投放,自有,自产原创,wangjiananbj03,0.68,0,0,0,11.15,0,0,0.00%,0.00%,-,0,0
7b31325775180c0d630a50ab6fd74aae,-,-,-,-,-,https://tutor-online1.fbcontent.cn/growth/internal-material/1780917991036.7b31325775180c0d630a50ab6fd74aae.mp4,0513-199双科-自产-自产主-李博-曲中雨-嘉丽-A7-B1-无-34,20260614,魏嘉丽,韩晨国,199元高中双科提分课,199元高中双科提分课,自投放,自有,自产原创,wangjiananbj03,1.14,0,0,0,47.5,0,0,0.00%,0.00%,-,0,0
8bdc1ba34ce2e8b68499b3b7518c151c,-,-,-,-,-,https://tutor-online1.fbcontent.cn/growth/internal-material/1780984422526.8bdc1ba34ce2e8b68499b3b7518c151c.mp4,0526-199双科-自产-自产主-王晶-亿晨-子衿-A5-B2-有-5,20260614,贾子矜,贾子矜,199元高中双科提分课,199元高中双科提分课,自投放,自有,自产原创,wangjiananbj03,0.81,0,0,0,90,0,0,0.00%,0.00%,-,0,0
9a7c32b2ed684da8a233eaa89db19ae5,-,-,-,-,-,https://tutor-online1.fbcontent.cn/growth/internal-material/1780061372514.9a7c32b2ed684da8a233eaa89db19ae5.mp4,0514-199双科-自产-自产主-王晶-曲中雨-浩正-A2-B2-无-10,20260614,杜浩正,韩晨国,199元高中双科提分课,199元高中双科提分课,自投放,自有,自产原创,wangjiananbj03,34.62,0,0,0,665.77,0,0,5.77%,0%,-,0,0
94535b49b95f8aabfaba2d68357a4718,-,-,-,-,-,https://tutor-online1.fbcontent.cn/growth/internal-material/1780061371629.94535b49b95f8aabfaba2d68357a4718.mp4,0514-199双科-自产-自产二-王晶-曲中雨-浩正-A5-B2-无-8,20260614,杜浩正,韩晨国,199元高中双科提分课,199元高中双科提分课,自投放,自有,自产原创,wangjiananbj03,68.8,0,0,0,397.69,11466.67,0,2.31%,0%,-,0,0
5e5d754fa608d9875061e20c1797f092,-,-,-,-,-,https://tutor-online1.fbcontent.cn/growth/internal-material/1780061373802.5e5d754fa608d9875061e20c1797f092.mp4,0514-199双科-自产-自产主-王晶-曲中雨-浩正-A6-B2-无-6,20260614,杜浩正,韩晨国,199元高中双科提分课,199元高中双科提分课,自投放,自有,自产原创,wangjiananbj03,6.81,0,0,0,75.67,3405,0,8.89%,0%,-,0,0
53395ea12e6cd337deac364c861cd5f1,-,-,-,-,-,https://tutor-online1.fbcontent.cn/growth/internal-material/1780975666225.53395ea12e6cd337deac364c861cd5f1.mp4,0520-199双科-自产-自产二-李博-曲中雨-小敏-A1-B6-无-23,20260614,曲敏,韩晨国,199元高中双科提分课,199元高中双科提分课,自投放,自有,自产原创,wangjiananbj03,105.63,0,0,0,59.38,5868.33,0,11.24%,0%,-,0,0
e1b47d3ac694bf4d5bdc99d76d631441,-,-,-,-,-,https://tutor-online1.fbcontent.cn/growth/internal-material/1775195732141.e1b47d3ac694bf4d5bdc99d76d631441.mp4,0312-9物-自产-自产混-李博-云梵-雅迪-A5-B1-无-28,20260614,王雅迪,王雅迪,9元高中物理李博,9元高中物理李博,申坤,自有,自产混剪,wangruixuebj01,0.05,0,0,0,50,0,0,0.00%,0.00%,-,0,0
ac3ea3e200a190db509f844a99397302,-,-,-,-,-,https://tutor-online1.fbcontent.cn/growth/internal-material/1779280034072.ac3ea3e200a190db509f844a99397302.mp4,0513-199双科-自产-自产主-李博-视觉锤-雅迪-A5-B2-有-17,20260614,王雅迪,王雅迪,199元高中双科提分课,199元高中双科提分课,自投放,自有,自产原创,wangjiananbj03,0.01,0,0,0,1.11,0,0,0.00%,0.00%,-,0,0
8bcdb128219d46e8c72428a69157940b,-,-,-,-,-,https://tutor-online1.fbcontent.cn/growth/internal-material/1779706246544.8bcdb128219d46e8c72428a69157940b.mp4,0520-199双科-自产-自产二-李博-曲中雨-子衿-A5-B1-有-5,20260614,贾子矜,贾子矜,199元高中双科提分课,199元高中双科提分课,自投放,自有,自产原创,wangjiananbj03,107.88,0,0,0,194.38,5993.33,0,2.52%,0%,-,0,0
39d5d6807566c6a776270c3686825b80,-,-,-,-,-,https://tutor-online1.fbcontent.cn/growth/internal-material/1780060825586.39d5d6807566c6a776270c3686825b80.mp4,0512-199双科-自产-自产主-王晶-云梵-小敏--B1-无-22,20260614,曲敏,韩晨国,199元高中双科提分课,199元高中双科提分课,自投放,自有,自产原创,wangjiananbj03,1.3,0,0,0,118.18,650,0,72.73%,0%,-,0,0
3cd2f91e0cd0695b559b59b6d5826bff,-,-,-,-,-,https://tutor-online1.fbcontent.cn/growth/internal-material/1780984421192.3cd2f91e0cd0695b559b59b6d5826bff.mp4,0526-199双科-自产-自产主-王晶-亿晨-子衿-A7-B1-有-4,20260614,贾子矜,贾子矜,199元高中双科提分课,199元高中双科提分课,自投放,自有,自产原创,wangjiananbj03,0.06,0,0,0,7.5,0,0,0.00%,0.00%,-,0,0
869591d137c17f26479b8b5c6d71916a,-,-,-,-,-,https://tutor-online1.fbcontent.cn/growth/internal-material/1780656485281.869591d137c17f26479b8b5c6d71916a.mp4,0603-9物-自产-自产主-李博-视觉锤-浩正-A5-B1-有-12,20260614,杜浩正,杜浩正,9元高中物理李博,9元高中物理李博,申坤,自有,自产原创,wangruixuebj01,5.84,0,0,0,132.73,0,0,2.27%,0%,-,0,0
c6e85e79dbff9dddf7d9a906f4fdde98,-,-,-,-,-,https://tutor-online1.fbcontent.cn/growth/internal-material/1776416942616.c6e85e79dbff9dddf7d9a906f4fdde98.mp4,0415-9物-自产-自产主-李博-曲中雨-子衿-A6-B1-无-13,20260614,贾子矜,贾子矜,9元高中物理李博,9元高中物理李博,玄武,自有,自产原创,wangruixuebj01,37.2,0,0,0,133.33,12400,0,1.08%,0%,-,0,0
8a78ec40ac2ef7ed2497d61f31abccde,-,-,-,-,-,https://tutor-online1.fbcontent.cn/growth/internal-material/1779706244825.8a78ec40ac2ef7ed2497d61f31abccde.mp4,0520-199双科-自产-自产二-李博-曲中雨-子衿-A6-B2-无-1,20260614,贾子矜,贾子矜,199元高中双科提分课,199元高中双科提分课,自投放,自有,自产原创,wangjiananbj03,53.78,0,0,0,236.92,53780,0,0.88%,0%,-,0,0
b22480ac2f470f56e33aac1e2cf2c403,-,-,-,-,-,https://tutor-online1.fbcontent.cn/growth/internal-material/1775810396949.b22480ac2f470f56e33aac1e2cf2c403.mp4,0317-199物-自产-自产二-李博-曲中雨-浩正--B2-有-19,20260614,杜浩正,杜浩正,199元高中双科提分课,199元高中双科提分课,自投放,自有,自产原创,wangjiananbj03,62.87,0,0,0,160.38,31435,0,0.51%,0%,-,0,0
132bf30a0c824a6229b5f61965b03785,-,-,-,-,-,https://tutor-online1.fbcontent.cn/growth/internal-material/1781082476133.132bf30a0c824a6229b5f61965b03785.mp4,0527-199双科-自产-自产二-李博-视觉锤-嘉丽-A7-B1-无-12,20260614,魏嘉丽,魏嘉丽,199元高中双科提分课,199元高中双科提分课,自投放,自有,自产原创,wangjiananbj03,5.18,0,0,0,110.21,5180,0,2.13%,0%,-,0,0
1100f8f807c538d00712e1030d8f406b,-,-,-,-,-,https://tutor-online1.fbcontent.cn/growth/internal-material/1778665975380.1100f8f807c538d00712e1030d8f406b.mp4,0508-199双科-自产-自产二-李博-曲中雨-子衿-A7-B2B3-无-7,20260614,贾子矜,贾子矜,199元高中双科提分课,199元高中双科提分课,自投放,自有,自产原创,wangjiananbj03,0.17,0,0,0,21.25,0,0,0.00%,0.00%,-,0,0
1107d1ce1afeb47e78785778e9789347,-,-,-,-,-,https://tutor-online1.fbcontent.cn/growth/internal-material/1780984420902.1107d1ce1afeb47e78785778e9789347.mp4,0526-199双科-自产-自产二-王晶-亿晨-子衿-A7-B1-有-4,20260614,贾子矜,贾子矜,199元高中双科提分课,199元高中双科提分课,自投放,自有,自产原创,wangjiananbj03,245.4,0,0,0,123.38,35057.14,0,0.85%,0%,-,0,0
e57a4636d8d7c120471a413b8a9cd7bf,-,-,-,-,-,https://tutor-online1.fbcontent.cn/growth/internal-material/1780918254690.e57a4636d8d7c120471a413b8a9cd7bf.mp4,0520-199双科-自产-自产主-李博-曲中雨-浩正-A7-B1-有-7,20260614,杜浩正,韩晨国,199元高中双科提分课,199元高中双科提分课,自投放,自有,自产原创,wangjiananbj03,14.37,0,0,0,83.06,0,0,12.14%,0%,-,0,0
20b8eb386392f37b747f7637c49b3ec7,-,-,-,-,-,https://tutor-online1.fbcontent.cn/growth/internal-material/1775548305351.20b8eb386392f37b747f7637c49b3ec7.mp4,0401-9物-自产-自产主-李博-曲中雨-子衿-A3-B1-有-23-前贴1,20260614,贾子矜,贾子矜,9元高中物理李博,9元高中物理李博,玄武,自有,自产原创,wangruixuebj01,0.49,0,0,0,37.69,0,0,0.00%,0.00%,-,0,0
dd8e8f391432cfc750aadd2ffb4412a2,-,-,-,-,-,https://tutor-online1.fbcontent.cn/growth/internal-material/1776416966997.dd8e8f391432cfc750aadd2ffb4412a2.mp4,0415-9物-自产-自产主-李博-曲中雨-子衿-A6-B1-有-13-前贴1,20260614,贾子矜,贾子矜,9元高中物理李博,9元高中物理李博,玄武,自有,自产原创,wangruixuebj01,0.66,0,0,0,73.33,0,0,0.00%,0.00%,-,0,0
f7649b5acdc3aeb3330ff2a754d857c9,-,-,-,-,-,https://tutor-online1.fbcontent.cn/growth/internal-material/1781082475758.f7649b5acdc3aeb3330ff2a754d857c9.mp4,0527-199双科-自产-自产二-李博-视觉锤-嘉丽-A7-B1-无-14,20260614,魏嘉丽,魏嘉丽,199元高中双科提分课,199元高中双科提分课,自投放,自有,自产原创,wangjiananbj03,0.01,0,0,0,0.11,0,0,0.00%,0.00%,-,0,0
b7c2ef4f027a97be268c3318cc3fb911,-,-,-,-,-,https://tutor-online1.fbcontent.cn/growth/internal-material/1779258792292.b7c2ef4f027a97be268c3318cc3fb911.mp4,0514-199双科-自产-自产主-王晶-曲中雨-子衿--B1-有-2,20260614,贾子矜,贾子矜,199元高中双科提分课,199元高中双科提分课,自投放,自有,自产原创,wangjiananbj03,0.01,0,0,0,10,0,0,0.00%,0.00%,-,0,0
d43e1557c7cf9338cf13269871a9d7b5,-,-,-,-,-,https://tutor-online1.fbcontent.cn/growth/internal-material/1775548306156.d43e1557c7cf9338cf13269871a9d7b5.mp4,0401-9物-自产-自产主-李博-曲中雨-子衿-A3-B1-有-23-前贴2,20260614,贾子矜,贾子矜,9元高中物理李博,9元高中物理李博,玄武,自有,自产原创,wangruixuebj01,11.11,0,0,0,176.35,11110,0,1.59%,0%,-,0,0
ac6b945414eb899ece6ca8f2bd57bddf,-,-,-,-,-,https://tutor-online1.fbcontent.cn/growth/internal-material/1779706278704.ac6b945414eb899ece6ca8f2bd57bddf.mp4,0520-199双科-自产-自产主-李博-曲中雨-子衿-A6-B1-无-3,20260614,贾子矜,贾子矜,199元高中双科提分课,199元高中双科提分课,自投放,自有,自产原创,wangjiananbj03,47.45,0,0,0,119.22,15816.67,0,12.56%,0%,-,0,0
e7e6ccf30617c52580435eae1f2dd0fc,-,-,-,-,-,https://tutor-online1.fbcontent.cn/growth/internal-material/1780393600037.e7e6ccf30617c52580435eae1f2dd0fc.mp4,0527-9物-自产-自产二-李博-曲中雨-子衿-A7-B2-有-6,20260614,贾子矜,贾子矜,9元高中物理李博,9元高中物理李博,申坤,自有,自产原创,wangruixuebj01,0,0,0,0,0,0,0,0.00%,0.00%,-,0,0
14db4e5d59c1dfe9efe9e642ec5c44a5,-,-,-,-,-,https://tutor-online1.fbcontent.cn/growth/internal-material/1780060961948.14db4e5d59c1dfe9efe9e642ec5c44a5.mp4,0512-199双科-自产-自产主-王晶-曲中雨-子衿--B1B4-有-3,20260614,贾子矜,韩晨国,199元高中双科提分课,199元高中双科提分课,自投放,自有,自产原创,wangjiananbj03,0,0,0,0,0,0,0,0.00%,0.00%,-,0,0
1b641a95c5d4175769b8eeaba3992a8a,-,-,-,-,-,https://tutor-online1.fbcontent.cn/growth/internal-material/1780975966870.1b641a95c5d4175769b8eeaba3992a8a.mp4,0527-9物-自产-自产二-李博-曲中雨-子衿-A6-B3-有-9,20260614,贾子矜,韩晨国,9元高中物理李博,9元高中物理李博,申坤,自有,自产原创,wangruixuebj01,0,0,0,0,0,0,0,0.00%,0.00%,-,0,0
60fda511de23511be14bbd8d8186fc12,-,-,-,-,-,https://tutor-online1.fbcontent.cn/growth/internal-material/1778581745046.60fda511de23511be14bbd8d8186fc12.mp4,0508-199双科-自产-自产主-李博-视觉锤-雅迪-A5-B1-无-17,20260614,王雅迪,王雅迪,199元高中双科提分课,199元高中双科提分课,自投放,自有,自产原创,wangjiananbj03,17.36,0,0,0,142.3,0,0,0.00%,0.00%,-,0,0
684b47860cb98f2bee04402c40d762bc,-,-,-,-,-,https://tutor-online1.fbcontent.cn/growth/internal-material/1780917987694.684b47860cb98f2bee04402c40d762bc.mp4,0513-199双科-自产-自产二-李博-曲中雨-嘉丽-A7-B1-无-34,20260614,魏嘉丽,韩晨国,199元高中双科提分课,199元高中双科提分课,自投放,自有,自产原创,wangjiananbj03,36.62,0,0,0,88.88,6103.33,0,7.28%,0%,-,0,0
7eda4934e24f422c0dfcd42f6597fe93,-,-,-,-,-,https://tutor-online1.fbcontent.cn/growth/internal-material/1780916667577.7eda4934e24f422c0dfcd42f6597fe93.mp4,0603-9物-自产-自产主-李博-曲中雨-子衿-A7-B1-无-7-直播间,20260614,贾子矜,贾子矜,9元高中物理李博,9元高中物理李博,申坤,自有,自产原创,wangruixuebj01,0.01,0,0,0,5,0,0,0.00%,0.00%,-,0,0
e5ebb13fc82ffbc050a534301b168e8b,-,-,-,-,-,https://tutor-online1.fbcontent.cn/growth/internal-material/1780560673801.e5ebb13fc82ffbc050a534301b168e8b.mp4,0526-199双科-自产-自产主-王晶-亿晨-小敏-A7-B5-有-11,20260614,曲敏,曲敏,199元高中双科提分课,199元高中双科提分课,自投放,自有,自产原创,wangjiananbj03,0.04,0,0,0,6.67,0,0,0.00%,0.00%,-,0,0
40b6a6c6a42a6012d30be6ace3795c8b,-,-,-,-,-,https://tutor-online1.fbcontent.cn/growth/internal-material/1780975484547.40b6a6c6a42a6012d30be6ace3795c8b.mp4,0520-199双科-自产-自产二-李博-曲中雨-小敏-A7-B1-有-24,20260614,曲敏,韩晨国,199元高中双科提分课,199元高中双科提分课,自投放,自有,自产原创,wangjiananbj03,104.56,0,0,0,68.88,10456,0,6.06%,0%,-,0,0
181a740f509e66773df1612b9f689bd8,-,-,-,-,-,https://tutor-online1.fbcontent.cn/growth/internal-material/1781090317034.181a740f509e66773df1612b9f689bd8.mp4,0603-199双科-自产-自产二-李博-视觉锤-嘉丽-A5-B1-有-15,20260614,魏嘉丽,魏嘉丽,199元高中双科提分课,高中手写笔记,自投放,自有,自产原创,wangjiananbj03,8.76,0,0,0,68.44,4380,0,0.78%,0%,-,0,0
bf268ed5822f259dc499a68e2c5e97a9,-,-,-,-,-,https://tutor-online1.fbcontent.cn/growth/internal-material/1779442298652.bf268ed5822f259dc499a68e2c5e97a9.mp4,0521-9物-自产-自产二-李博-曲中雨-小敏-A1价格拆解-B6线下对比-无-17,20260614,曲敏,曲敏,9元高中物理李博,9元高中物理李博,十人,自有,自产原创,wangruixuebj01,2.17,0,0,0,72.33,2170,0,3.33%,0%,-,0,0
4aa4efe718783c875655e5907efaa85c,-,-,-,-,-,https://tutor-online1.fbcontent.cn/growth/internal-material/1775195733359.4aa4efe718783c875655e5907efaa85c.mp4,0312-9物-自产-自产混-李博-云梵-雅迪-A6-B1B2-无-30,20260614,王雅迪,王雅迪,9元高中物理李博,9元高中物理李博,申坤,自有,自产混剪,wangruixuebj01,0.03,0,0,0,30,0,0,0.00%,0.00%,-,0,0
86f2f1d3492b6e43058fc820a3cbec00,-,-,-,-,-,https://tutor-online1.fbcontent.cn/growth/internal-material/1780061371394.86f2f1d3492b6e43058fc820a3cbec00.mp4,0514-199双科-自产-自产二-王晶-曲中雨-浩正-A2-B2-无-10,20260614,杜浩正,韩晨国,199元高中双科提分课,199元高中双科提分课,自投放,自有,自产原创,wangjiananbj03,1.28,0,0,0,26.12,0,0,6.12%,0%,-,0,0
cd4f635687beaa20e346a767501e2797,-,-,-,-,-,https://tutor-online1.fbcontent.cn/growth/internal-material/1780397766113.cd4f635687beaa20e346a767501e2797.mp4,0527-9物-自产-自产二-李博-曲中雨-浩正-A5-B1-无-14-直播间,20260614,杜浩正,杜浩正,9元高中物理李博,9元高中物理李博,申坤,自有,自产原创,wangruixuebj01,0.07,0,0,0,23.33,0,0,0.00%,0.00%,-,0,0
33043787b8aed0ed02a9988ab9e90eaa,-,-,-,-,-,https://tutor-online1.fbcontent.cn/growth/internal-material/1779706266619.33043787b8aed0ed02a9988ab9e90eaa.mp4,0520-199双科-自产-自产主-李博-曲中雨-子衿-A5-B1-有-5,20260614,贾子矜,贾子矜,199元高中双科提分课,199元高中双科提分课,自投放,自有,自产原创,wangjiananbj03,28.97,0,0,0,179.94,9656.67,0,1.86%,0%,-,0,0
8d668df2abf53bcdf14c11c1295cecbb,-,-,-,-,-,https://tutor-online1.fbcontent.cn/growth/internal-material/1779470003836.8d668df2abf53bcdf14c11c1295cecbb.mp4,0521-9物-自产-自产二-李博-曲中雨-子衿-A5效果保证-B1效果方法体系-有-4,20260614,贾子矜,贾子矜,9元高中物理李博,9元高中物理李博,十人,自有,自产原创,wangruixuebj01,1391.3,27,3,0.02,237.5,26250.94,463.77,1.26%,4.05%,-,0.51,509.43
72f97867842e4213d6a2e317d121163c,-,-,-,-,-,https://tutor-online1.fbcontent.cn/growth/internal-material/1780984421539.72f97867842e4213d6a2e317d121163c.mp4,0526-199双科-自产-自产二-王晶-亿晨-子衿-A5-B1-有-3,20260614,贾子矜,贾子矜,199元高中双科提分课,199元高中双科提分课,自投放,自有,自产原创,wangjiananbj03,30.34,0,0,0,270.89,30340,0,3.57%,0%,-,0,0
cca311b3e5564492c7f183ffc34588d4,-,-,-,-,-,https://tutor-online1.fbcontent.cn/growth/internal-material/1780906799298.cca311b3e5564492c7f183ffc34588d4.mp4,0603-9物-自产-自产主-李博-曲中雨-子衿-A3-B1-有-4-直播间,20260614,贾子矜,贾子矜,9元高中物理李博,9元高中物理李博,申坤,自有,自产原创,wangruixuebj01,5.35,0,0,0,23.36,1783.33,0,0.87%,0%,-,0,0
18eee62f53837a523bcfbd3db3cb3fa5,-,-,-,-,-,https://tutor-online1.fbcontent.cn/growth/internal-material/1775810403182.18eee62f53837a523bcfbd3db3cb3fa5.mp4,0317-199物-自产-自产主-李博-曲中雨-浩正-A5-B2-无-23,20260614,杜浩正,杜浩正,199元高中双科提分课,199元高中双科提分课,自投放,自有,自产原创,wangjiananbj03,0.25,0,0,0,8.62,0,0,0.00%,0.00%,-,0,0
832ac1cf95cb2c399e19de0019eb7c2b,-,-,-,-,-,https://tutor-online1.fbcontent.cn/growth/internal-material/1781074871964.832ac1cf95cb2c399e19de0019eb7c2b.mp4,0603-9物-自产-自产二-李博-巽阳-子衿-A7-B1-有-7-WQ-直播间,20260614,贾子矜,贾子矜,9元高中物理李博,9元高中物理李博,申坤,自有,自产原创,wangruixuebj01,1.02,0,0,0,170,0,0,0.00%,0.00%,-,0,0
6db8c871926e461ebce85bc6d809892a,-,-,-,-,-,https://tutor-online1.fbcontent.cn/growth/internal-material/1777262145698.6db8c871926e461ebce85bc6d809892a.mp4,0422-9物-自产-自产主-李博-曲中雨-子衿-A7-B1B2-有-12-前贴1,20260614,贾子矜,贾子矜,9元高中物理李博,9元高中物理李博,申坤,自有,自产原创,wangruixuebj01,0.86,0,0,0,57.33,0,0,0.00%,0.00%,-,0,0
63c0ec420f8e08678fd4c7744b3c682a,-,-,-,-,-,https://tutor-online1.fbcontent.cn/growth/internal-material/1781074871496.63c0ec420f8e08678fd4c7744b3c682a.mp4,0603-9物-自产-自产二-李博-巽阳-子衿-A3-B1-有-4-WQ-直播间,20260614,贾子矜,贾子矜,9元高中物理李博,9元高中物理李博,申坤,自有,自产原创,wangruixuebj01,1.26,0,0,0,96.92,0,0,7.69%,0%,-,0,0
3a94393df703cf9eb748e5abfca3703b,-,-,-,-,-,https://tutor-online1.fbcontent.cn/growth/internal-material/1780983154515.3a94393df703cf9eb748e5abfca3703b.mp4,6月4日 (3)(4),20260614,贾子矜,贾子矜,199元高中双科提分课,199元高中双科提分课,自投放,自有,自产原创,wangjiananbj03,0,0,0,0,0,0,0,0.00%,0.00%,-,0,0
3c6e9495c641a24d19839600be35471f,-,-,-,-,-,https://tutor-online1.fbcontent.cn/growth/internal-material/1780984422492.3c6e9495c641a24d19839600be35471f.mp4,0526-199双科-自产-自产二-王晶-亿晨-子衿-A6-B1-有-1,20260614,贾子矜,贾子矜,199元高中双科提分课,199元高中双科提分课,自投放,自有,自产原创,wangjiananbj03,16.2,0,0,0,100.62,16200,0,3.11%,0%,-,0,0
bcea9d8c5936779f06632c1bbe8f026d,-,-,-,-,-,https://tutor-online1.fbcontent.cn/growth/internal-material/1779706247196.bcea9d8c5936779f06632c1bbe8f026d.mp4,0520-199双科-自产-自产二-李博-曲中雨-子衿-A5-B2-有-4,20260614,贾子矜,贾子矜,199元高中双科提分课,199元高中双科提分课,自投放,自有,自产原创,wangjiananbj03,189.72,199,1,1.05,234.51,11857.5,189.72,2.22%,5.56%,-,1.24,12437.5
c17e3ba60ee9e1451ccbc72456bb25ae,-,-,-,-,-,https://tutor-online1.fbcontent.cn/growth/internal-material/1780918129724.c17e3ba60ee9e1451ccbc72456bb25ae.mp4,0520-199双科-自产-自产二-李博-曲中雨-浩正-A5-B2-无-6,20260614,杜浩正,韩晨国,199元高中双科提分课,199元高中双科提分课,自投放,自有,自产原创,wangjiananbj03,7.52,0,0,0,125.33,2506.67,0,6.67%,0%,-,0,0
cce984cd2e278d3e0de4a2be0378c89a,-,-,-,-,-,https://tutor-online1.fbcontent.cn/growth/internal-material/1778667030532.cce984cd2e278d3e0de4a2be0378c89a.mp4,0317-199物-自产-自产主-李博-曲中雨-子衿-A2-B1B4-无-28,20260614,贾子矜,贾子矜,199元高中双科提分课,199元高中双科提分课,自投放,自有,自产原创,wangjiananbj03,0,0,0,0,0,0,0,0.00%,0.00%,-,0,0
efcd751fa7027ec28a5cdfd1318b78e1,-,-,-,-,-,https://tutor-online1.fbcontent.cn/growth/internal-material/1781080054755.efcd751fa7027ec28a5cdfd1318b78e1.mp4,0608-199双科-自产-自产二-王晶-亿晨-婷玉-A1-B4B5-无-6,20260614,吴婷玉,吴婷玉,199元高中双科提分课,199元高中双科提分课,自投放,自有,自产原创,wangjiananbj03,0.53,0,0,0,66.25,0,0,0.00%,0.00%,-,0,0
53c7b0abfc73b5bb1ded93329e8cf033,-,-,-,-,-,https://tutor-online1.fbcontent.cn/growth/internal-material/1780569961431.53c7b0abfc73b5bb1ded93329e8cf033.mp4,0527-199双科-自产-自产主-李博-曲中雨-嘉丽-A7-B1-无-12,20260614,魏嘉丽,魏嘉丽,199元高中双科提分课,199元高中双科提分课,自投放,自有,自产原创,wangjiananbj03,2.68,0,0,0,25.77,0,0,0.00%,0.00%,-,0,0
46444752ae1c57e18bdfd35f9f6d1be0,-,-,-,-,-,https://tutor-online1.fbcontent.cn/growth/internal-material/1778568686278.46444752ae1c57e18bdfd35f9f6d1be0.mp4,0429-199双科-自产-自产主-李博-曲中雨-浩正-A5-B2-无-24,20260614,杜浩正,杜浩正,199元高中双科提分课,199元高中双科提分课,自投放,自有,自产原创,wangjiananbj03,3.16,0,0,0,24.31,3160,0,2.31%,0%,-,0,0
fc9c7b3d0b362bf3fc8da2fcc6217894,-,-,-,-,-,https://tutor-online1.fbcontent.cn/growth/internal-material/1777262046802.fc9c7b3d0b362bf3fc8da2fcc6217894.mp4,0422-9物-自产-自产二-李博-曲中雨-子衿-A7-B1-有-14-前贴4,20260614,贾子矜,贾子矜,9元高中物理李博,9元高中物理李博,申坤,自有,自产原创,wangruixuebj01,17.72,0,0,0,116.58,8860,0,2.63%,0%,-,0,0
a187e23c48362fa585167460012fcf8d,-,-,-,-,-,https://tutor-online1.fbcontent.cn/growth/internal-material/1781082698354.a187e23c48362fa585167460012fcf8d.mp4,0604-状元笔记-自产-混剪--曲中雨-嘉丽---有-8,20260614,魏嘉丽,魏嘉丽,高中手写笔记,高中手写笔记,自投放,自有,自产原创,wangjiananbj03,10.48,0,0,0,48.07,0,0,0.00%,0.00%,-,0,0
3d67e40744a99822d3f78f6380a8c88b,-,-,-,-,-,https://tutor-online1.fbcontent.cn/growth/internal-material/1780918070709.3d67e40744a99822d3f78f6380a8c88b.mp4,0512-199双科-自产-自产主-王晶-曲中雨-雅迪---有-10,20260614,王雅迪,韩晨国,199元高中双科提分课,199元高中双科提分课,自投放,自有,自产原创,wangjiananbj03,117.4,0,0,0,70.98,8385.71,0,8.22%,0%,-,0,0
0cdd0c66a10501f45a7a11c66f36b5ee,-,-,-,-,-,https://tutor-online1.fbcontent.cn/growth/internal-material/1779702538778.0cdd0c66a10501f45a7a11c66f36b5ee.mp4,0520-199双科-自产-自产二-李博-视觉锤-雅迪-A5-B1-无-14,20260614,王雅迪,王雅迪,199元高中双科提分课,199元高中双科提分课,自投放,自有,自产原创,wangjiananbj03,4.48,0,0,0,93.33,0,0,0.00%,0.00%,-,0,0
75b04d0f27e348c9597a2e7f70b5b80a,-,-,-,-,-,https://tutor-online1.fbcontent.cn/growth/internal-material/1780569961442.75b04d0f27e348c9597a2e7f70b5b80a.mp4,0527-199双科-自产-自产主-李博-曲中雨-嘉丽-A7-B1-有-12,20260614,魏嘉丽,魏嘉丽,199元高中双科提分课,199元高中双科提分课,自投放,自有,自产原创,wangjiananbj03,12.05,0,0,0,16.95,12050,0,0.28%,0%,-,0,0
873606aa1dfd8e0d5ddcba5152826842,-,-,-,-,-,https://tutor-online1.fbcontent.cn/growth/internal-material/1780072082928.873606aa1dfd8e0d5ddcba5152826842.mov,0324-9物-自产-自产主-李博-曲中雨-子衿-A2-B1-有-20-前贴3.mp4,20260614,贾子矜,贾子矜,9元高中物理李博,9元高中物理李博,申坤,自有,自产原创,wangruixuebj01,0,0,0,0,0,0,0,33.33%,0%,-,0,0
3a324750384c341ebf397fddbb5df587,-,-,-,-,-,https://tutor-online1.fbcontent.cn/growth/internal-material/1781090317115.3a324750384c341ebf397fddbb5df587.mp4,0603-199双科-自产-自产二-李博-视觉锤-嘉丽-A5-B1-有-14,20260614,魏嘉丽,魏嘉丽,199元高中双科提分课,高中手写笔记,自投放,自有,自产原创,wangjiananbj03,0.19,0,0,0,63.33,0,0,0.00%,0.00%,-,0,0
73d6e163f7fceb2c1d07c9c9e9f43cb2,-,-,-,-,-,https://tutor-online1.fbcontent.cn/growth/internal-material/1781169457927.73d6e163f7fceb2c1d07c9c9e9f43cb2.mp4,0611-状元笔记-自产-自产主--视觉锤-雅迪-A6-B5-有-45,20260614,王雅迪,王雅迪,高中手写笔记,高中手写笔记,自投放,自有,自产原创,wangjiananbj03,1.06,0,0,0,27.18,0,0,0.00%,0.00%,-,0,0
c1cd5fb7814f25b1cce9b2d6e3a038f5,-,-,-,-,-,https://tutor-online1.fbcontent.cn/growth/internal-material/1775548229416.c1cd5fb7814f25b1cce9b2d6e3a038f5.mp4,0401-9物-自产-自产二-李博-曲中雨-子衿-A3-B1-有-23-前贴2,20260614,贾子矜,贾子矜,9元高中物理李博,9元高中物理李博,玄武,自有,自产原创,wangruixuebj01,114.94,0,0,0,158.98,16420,0,1.11%,0%,-,0,0
bcad0b991620259487e1fb08fefd0b21,-,-,-,-,-,https://tutor-online1.fbcontent.cn/growth/internal-material/1781082527453.bcad0b991620259487e1fb08fefd0b21.mp4,0603-199双科-自产-自产二-李博-视觉锤-嘉丽-A5-B1-无-13,20260614,魏嘉丽,魏嘉丽,199元高中双科提分课,199元高中双科提分课,自投放,自有,自产原创,wangjiananbj03,0.25,0,0,0,20.83,0,0,0.00%,0.00%,-,0,0
cf6b11945385e0a380ca1f3aa032ba1c,-,-,-,-,-,https://tutor-online1.fbcontent.cn/growth/internal-material/1781063588971.cf6b11945385e0a380ca1f3aa032ba1c.mp4,0603-199双科-自产-自产主-李博-曲中雨-嘉丽-A5-B1-有-14,20260614,魏嘉丽,魏嘉丽,199元高中双科提分课,199元高中双科提分课,自投放,自有,自产原创,wangjiananbj03,0.15,0,0,0,18.75,0,0,0.00%,0.00%,-,0,0
94190db6af096480040b2b312b4511bc,-,-,-,-,-,https://tutor-online1.fbcontent.cn/growth/internal-material/1778666025083.94190db6af096480040b2b312b4511bc.mp4,0508-199双科-自产-自产主-李博-曲中雨-子衿-A6-B1-无-6,20260614,贾子矜,贾子矜,199元高中双科提分课,199元高中双科提分课,自投放,自有,自产原创,wangjiananbj03,0.02,0,0,0,3.33,0,0,0.00%,0.00%,-,0,0
06a59c07cd16421c820771bf8b07c7d3,-,-,-,-,-,https://tutor-online1.fbcontent.cn/growth/internal-material/1779701511368.06a59c07cd16421c820771bf8b07c7d3.mp4,0520-199双科-自产-自产二-李博-曲中雨-浩正-A7-B1-有-7,20260614,杜浩正,杜浩正,199元高中双科提分课,199元高中双科提分课,自投放,自有,自产原创,wangjiananbj03,0.01,0,0,0,5,0,0,0.00%,0.00%,-,0,0
8bdc1ba34ce2e8b68499b3b7518c151c,-,-,-,-,-,https://tutor-online1.fbcontent.cn/growth/internal-material/1780984422526.8bdc1ba34ce2e8b68499b3b7518c151c.mp4,0526-199双科-自产-自产主-王晶-亿晨-子衿-A5-B2-有-5,20260614,贾子矜,贾子矜,199元高中双科提分课,199元高中双科提分课,自投放,自有,自产原创,wangjiananbj03,1.38,0,0,0,44.52,1380,0,3.23%,0%,-,0,0
39e35166a82b50a71a6f2340aeff1735,-,-,-,-,-,https://tutor-online1.fbcontent.cn/growth/internal-material/1781063589648.39e35166a82b50a71a6f2340aeff1735.mp4,0603-199双科-自产-自产主-李博-曲中雨-嘉丽-A5-B1-无-13,20260614,魏嘉丽,魏嘉丽,199元高中双科提分课,199元高中双科提分课,自投放,自有,自产原创,wangjiananbj03,0.39,0,0,0,97.5,0,0,0.00%,0.00%,-,0,0
83e5f89b8f0f11f76c8931e9e30b075c,-,-,-,-,-,https://tutor-online1.fbcontent.cn/growth/internal-material/1778667031168.83e5f89b8f0f11f76c8931e9e30b075c.mp4,0317-199物-自产-自产主-李博-曲中雨-子衿-A2-B1B4-有-28-迭代1,20260614,贾子矜,贾子矜,199元高中双科提分课,199元高中双科提分课,自投放,自有,自产原创,wangjiananbj03,4.09,0,0,0,83.47,1022.5,0,6.12%,0%,-,0,0
44ce21a822864f9d09a9b96fe22e22c5,-,-,-,-,-,https://tutor-online1.fbcontent.cn/growth/internal-material/1777262078337.44ce21a822864f9d09a9b96fe22e22c5.mp4,0422-9物-自产-自产主-李博-曲中雨-子衿-A6-B1B2-无-11,20260614,贾子矜,贾子矜,9元高中物理李博,9元高中物理李博,申坤,自有,自产原创,wangruixuebj01,32.51,0,0,0,127.99,6502,0,1.97%,0%,-,0,0
a40c1024acda1c85e553ee51de9547b6,-,-,-,-,-,https://tutor-online1.fbcontent.cn/growth/internal-material/1779279980080.a40c1024acda1c85e553ee51de9547b6.mp4,0513-199双科-自产-自产主-李博-视觉锤-雅迪-A5-B1-无-21,20260614,王雅迪,王雅迪,199元高中双科提分课,199元高中双科提分课,自投放,自有,自产原创,wangjiananbj03,0,0,0,0,0,0,0,0.00%,0.00%,-,0,0
df0c3a8dd88939a25d19b29c2002f0ec,-,-,-,-,-,https://tutor-online1.fbcontent.cn/growth/internal-material/1780984421202.df0c3a8dd88939a25d19b29c2002f0ec.mp4,0526-199双科-自产-自产主-王晶-亿晨-子衿-A5-B1-有-3,20260614,贾子矜,贾子矜,199元高中双科提分课,199元高中双科提分课,自投放,自有,自产原创,wangjiananbj03,0.63,0,0,0,31.5,0,0,0.00%,0.00%,-,0,0
e1da8b4562155de075280cb30829faaf,-,-,-,-,-,https://tutor-online1.fbcontent.cn/growth/internal-material/1780917991520.e1da8b4562155de075280cb30829faaf.mp4,0513-199双科-自产-自产主-李博-曲中雨-嘉丽-A7-B1-无-35,20260614,魏嘉丽,韩晨国,199元高中双科提分课,199元高中双科提分课,自投放,自有,自产原创,wangjiananbj03,93.99,0,0,0,218.07,13427.14,0,12.53%,0%,-,0,0
3c6e9495c641a24d19839600be35471f,-,-,-,-,-,https://tutor-online1.fbcontent.cn/growth/internal-material/1780984422492.3c6e9495c641a24d19839600be35471f.mp4,0526-199双科-自产-自产二-王晶-亿晨-子衿-A6-B1-有-1,20260614,贾子矜,贾子矜,199元高中双科提分课,199元高中双科提分课,自投放,自有,自产原创,wangjiananbj03,6.22,0,0,0,97.19,6220,0,1.56%,0%,-,0,0
ee748f669050fc55649f1c867fe7f352,-,-,-,-,-,https://tutor-online1.fbcontent.cn/growth/internal-material/1780906797530.ee748f669050fc55649f1c867fe7f352.mp4,0603-9物-自产-自产主-李博-曲中雨-子衿-A3-B1-无-8-直播间,20260614,贾子矜,贾子矜,9元高中物理李博,9元高中物理李博,申坤,自有,自产原创,wangruixuebj01,2.89,0,0,0,64.22,0,0,2.22%,0%,-,0,0
65ca816b5470092b973b772da4bd0398,-,-,-,-,-,https://tutor-online1.fbcontent.cn/growth/internal-material/1780072082868.65ca816b5470092b973b772da4bd0398.mov,0422-9物-自产-自产主-李博-曲中雨-子衿-A6-B1B2-有-11.mp4,20260614,贾子矜,贾子矜,9元高中物理李博,9元高中物理李博,申坤,自有,自产原创,wangruixuebj01,0.07,0,0,0,70,0,0,0.00%,0.00%,-,0,0
ca33f343a1cc2d4afbd353a521ffae7d,-,-,-,-,-,https://tutor-online1.fbcontent.cn/growth/internal-material/1774350568356.ca33f343a1cc2d4afbd353a521ffae7d.mp4,0319-9物-自产-自产二-李博-巽阳-子衿---无-30,20260614,贾子矜,贾子矜,9元高中物理李博,9元高中物理李博,玄武,自有,自产原创,wangruixuebj01,0.04,0,0,0,3.64,0,0,0.00%,0.00%,-,0,0
b35d45b1cc893f85baf59671f0c5c0ab,-,-,-,-,-,https://tutor-online1.fbcontent.cn/growth/internal-material/1775195732111.b35d45b1cc893f85baf59671f0c5c0ab.mp4,0312-9物-自产-自产混-李博-云梵-雅迪-A2-B2-无-38,20260614,王雅迪,王雅迪,9元高中物理李博,9元高中物理李博,申坤,自有,自产混剪,wangruixuebj01,3.1,0,0,0,238.46,0,0,0.00%,0.00%,-,0,0
40cd5b3cceceab4877fbf9460add984b,-,-,-,-,-,https://tutor-online1.fbcontent.cn/growth/internal-material/1780569960569.40cd5b3cceceab4877fbf9460add984b.mp4,0527-199双科-自产-自产主-李博-曲中雨-嘉丽-A6-B1-无-14,20260614,魏嘉丽,魏嘉丽,199元高中双科提分课,199元高中双科提分课,自投放,自有,自产原创,wangjiananbj03,0.05,0,0,0,1.28,0,0,0.00%,0.00%,-,0,0
473081ce934cddca8668528b5177c7bd,-,-,-,-,-,https://tutor-online1.fbcontent.cn/growth/internal-material/1774350653835.473081ce934cddca8668528b5177c7bd.mp4,0319-9物-自产-自产二-李博-巽阳-子衿--B2B5-无-24,20260614,贾子矜,贾子矜,9元高中物理李博,9元高中物理李博,玄武,自有,自产原创,wangruixuebj01,77.38,0,0,0,164.29,7738,0,2.34%,0%,-,0,0
c1cd5fb7814f25b1cce9b2d6e3a038f5,-,-,-,-,-,https://tutor-online1.fbcontent.cn/growth/internal-material/1775548229416.c1cd5fb7814f25b1cce9b2d6e3a038f5.mp4,0401-9物-自产-自产二-李博-曲中雨-子衿-A3-B1-有-23-前贴2,20260614,贾子矜,贾子矜,9元高中物理李博,9元高中物理李博,玄武,自有,自产原创,wangruixuebj01,0.13,0,0,0,32.5,0,0,0.00%,0.00%,-,0,0
085ecebb7d61bca416430dd6860f4a3f,-,-,-,-,-,https://tutor-online1.fbcontent.cn/growth/internal-material/1781082477870.085ecebb7d61bca416430dd6860f4a3f.mp4,0527-199双科-自产-自产二-李博-视觉锤-嘉丽-A7-B1-有-14,20260614,魏嘉丽,魏嘉丽,199元高中双科提分课,199元高中双科提分课,自投放,自有,自产原创,wangjiananbj03,0.45,0,0,0,40.91,450,0,9.09%,0%,-,0,0
49ffc600301c5c9f7ae19c5bed6cd8fd,-,-,-,-,-,https://tutor-online1.fbcontent.cn/growth/internal-material/1773633709179.49ffc600301c5c9f7ae19c5bed6cd8fd.mp4,0312-9物-自产-自产二-李博-巽阳YS-子衿-A6-B1B2-有-20,20260614,贾子矜,贾子矜,9元高中物理李博,9元高中物理李博,玄武,自有,自产原创,wangruixuebj01,557.36,18,2,0.03,211.6,11858.72,278.68,1.97%,3.85%,-,0.76,382.98
0cbb838e1e1acfb4319bdaf8919a219b,-,-,-,-,-,https://tutor-online1.fbcontent.cn/growth/internal-material/1779420285020.0cbb838e1e1acfb4319bdaf8919a219b.mp4,0508-199双科-自产-自产二-莉娜-曲中雨-子衿-A6-B1-无-4,20260614,贾子矜,贾子矜,199元高中双科提分课,199元高中双科提分课,自投放,自有,自产原创,wangjiananbj03,0.22,0,0,0,11.58,0,0,0.00%,0.00%,-,0,0
4e1e062d6dc572308add296e4498d668,-,-,-,-,-,https://tutor-online1.fbcontent.cn/growth/internal-material/1780918129741.4e1e062d6dc572308add296e4498d668.mp4,0520-199双科-自产-自产二-李博-曲中雨-浩正-A5-B2-无-9,20260614,杜浩正,韩晨国,199元高中双科提分课,199元高中双科提分课,自投放,自有,自产原创,wangjiananbj03,21.73,0,0,0,97.01,4346,0,13.39%,0%,-,0,0
38921a927c1b824a74bb685391367c5a,-,-,-,-,-,https://tutor-online1.fbcontent.cn/growth/internal-material/1781082100493.38921a927c1b824a74bb685391367c5a.mp4,0603-9物-自产-自产二-李博-巽阳-子衿-A6-B1-有-10-WQ-直播间,20260614,贾子矜,贾子矜,9元高中物理李博,9元高中物理李博,申坤,自有,自产原创,wangruixuebj01,0.14,0,0,0,140,0,0,0.00%,0.00%,-,0,0
3fef6f4bbc2b43b34f60920cfac6d89e,-,-,-,-,-,https://tutor-online1.fbcontent.cn/growth/internal-material/1774350593192.3fef6f4bbc2b43b34f60920cfac6d89e.mp4,0319-9物-自产-自产二-李博-巽阳-子衿---有-30,20260614,贾子矜,贾子矜,9元高中物理李博,9元高中物理李博,玄武,自有,自产原创,wangruixuebj01,7.91,0,0,0,97.65,7910,0,1.23%,0%,-,0,0
f73474b3595571b16bb9286be6d410c4,-,-,-,-,-,https://tutor-online1.fbcontent.cn/growth/internal-material/1780041102286.f73474b3595571b16bb9286be6d410c4.mp4,0520-199双科-自产-自产主-李博-视觉锤-小敏-A1-B6-无-21,20260614,曲敏,曲敏,199元高中双科提分课,199元高中双科提分课,自投放,自有,自产原创,wangjiananbj03,10.73,0,0,0,357.67,0,0,6.67%,0%,-,0,0
1e1cfafcecc15a4aee2cc8cfb183182d,-,-,-,-,-,https://tutor-online1.fbcontent.cn/growth/internal-material/1778649250455.1e1cfafcecc15a4aee2cc8cfb183182d.mp4,0508-199双科-自产-自产二-李博-视觉锤-雅迪-A1-B4B6-无-15,20260614,王雅迪,王雅迪,199元高中双科提分课,199元高中双科提分课,自投放,自有,自产原创,wangjiananbj03,2.75,0,0,0,26.19,0,0,0.95%,0%,-,0,0
20b8eb386392f37b747f7637c49b3ec7,-,-,-,-,-,https://tutor-online1.fbcontent.cn/growth/internal-material/1775548305351.20b8eb386392f37b747f7637c49b3ec7.mp4,0401-9物-自产-自产主-李博-曲中雨-子衿-A3-B1-有-23-前贴1,20260614,贾子矜,贾子矜,9元高中物理李博,9元高中物理李博,玄武,自有,自产原创,wangruixuebj01,0.88,0,0,0,110,0,0,0.00%,0.00%,-,0,0
e938c01e963ad0f4c44c706f0304a49e,-,-,-,-,-,https://tutor-online1.fbcontent.cn/growth/internal-material/1779953135567.e938c01e963ad0f4c44c706f0304a49e.mp4,0520-199双科-自产-自产主-李博-视觉锤-嘉丽-A6-B1-无-19,20260614,魏嘉丽,魏嘉丽,199元高中双科提分课,199元高中双科提分课,自投放,自有,自产原创,wangjiananbj03,2.87,0,0,0,110.38,0,0,0.00%,0.00%,-,0,0
daf655cc2e595e39bce0bc2b90a893e7,-,-,-,-,-,https://tutor-online1.fbcontent.cn/growth/internal-material/1779258539843.daf655cc2e595e39bce0bc2b90a893e7.mp4,0512-199双科-自产-自产主-王晶-曲中雨-子衿--B1B4-有-3,20260614,贾子矜,贾子矜,199元高中双科提分课,199元高中双科提分课,自投放,自有,自产原创,wangjiananbj03,30.92,0,0,0,105.53,15460,0,0.68%,0%,-,0,0
a7c99960ac8c32064ab9e11ca344c343,-,-,-,-,-,https://tutor-online1.fbcontent.cn/growth/internal-material/1779701511663.a7c99960ac8c32064ab9e11ca344c343.mp4,0520-199双科-自产-自产二-李博-曲中雨-浩正-A6-B2-无-10,20260614,杜浩正,杜浩正,199元高中双科提分课,199元高中双科提分课,自投放,自有,自产原创,wangjiananbj03,0.03,0,0,0,15,0,0,0.00%,0.00%,-,0,0
d43e1557c7cf9338cf13269871a9d7b5,-,-,-,-,-,https://tutor-online1.fbcontent.cn/growth/internal-material/1775548306156.d43e1557c7cf9338cf13269871a9d7b5.mp4,0401-9物-自产-自产主-李博-曲中雨-子衿-A3-B1-有-23-前贴2,20260614,贾子矜,贾子矜,9元高中物理李博,9元高中物理李博,玄武,自有,自产原创,wangruixuebj01,0.54,0,0,0,30,0,0,0.00%,0.00%,-,0,0
5172a043c925389ec1124bc0a26100c7,-,-,-,-,-,https://tutor-online1.fbcontent.cn/growth/internal-material/1780917988304.5172a043c925389ec1124bc0a26100c7.mp4,0513-199双科-自产-自产主-李博-曲中雨-嘉丽-A6-B1-无-29,20260614,魏嘉丽,韩晨国,199元高中双科提分课,199元高中双科提分课,自投放,自有,自产原创,wangjiananbj03,80.89,0,0,0,126.59,40445,0,3.29%,0%,-,0,0
50f2d0c732898db6519f72b23cd86a53,-,-,-,-,-,https://tutor-online1.fbcontent.cn/growth/internal-material/1779420155506.50f2d0c732898db6519f72b23cd86a53.mp4,0514-199双科-自产-自产主-王晶-曲中雨-忍哥--B2B4-无-17,20260614,王雅迪,王雅迪,199元高中双科提分课,199元高中双科提分课,自投放,自有,自产原创,wangjiananbj03,0.07,0,0,0,11.67,0,0,0.00%,0.00%,-,0,0
01a435819c48499543ac58eb5fa4c78d,-,-,-,-,-,https://tutor-online1.fbcontent.cn/growth/internal-material/1779706245887.01a435819c48499543ac58eb5fa4c78d.mp4,0520-199双科-自产-自产二-李博-曲中雨-子衿-A6-B1-有-3,20260614,贾子矜,贾子矜,199元高中双科提分课,199元高中双科提分课,自投放,自有,自产原创,wangjiananbj03,57.81,0,0,0,203.56,7226.25,0,2.82%,0%,-,0,0
9544608645a9ffc0788e4822661778ad,-,-,-,-,-,https://tutor-online1.fbcontent.cn/growth/internal-material/1779701237419.9544608645a9ffc0788e4822661778ad.mp4,0521-9物-自产-自产二-李博-曲中雨-浩正-A5效果保证-B2提分刚需-无-6,20260614,杜浩正,杜浩正,9元高中物理李博,9元高中物理李博,申坤,自有,自产原创,wangruixuebj01,0.1,0,0,0,20,0,0,0.00%,0.00%,-,0,0
c09633714244b97fef44cea2ddecf6d0,-,-,-,-,-,https://tutor-online1.fbcontent.cn/growth/internal-material/1781082698490.c09633714244b97fef44cea2ddecf6d0.mp4,0604-状元笔记-自产-混剪--曲中雨-嘉丽---有-2,20260614,魏嘉丽,魏嘉丽,高中手写笔记,高中手写笔记,自投放,自有,自产原创,wangjiananbj03,3.31,0,0,0,18.29,0,0,2.21%,0%,-,0,0
d8c4cdf2337bcc647b228b69ff5d044d,-,-,-,-,-,https://tutor-online1.fbcontent.cn/growth/internal-material/1780917990603.d8c4cdf2337bcc647b228b69ff5d044d.mp4,0513-199双科-自产-自产二-李博-曲中雨-嘉丽-A7-B1-无-35,20260614,魏嘉丽,韩晨国,199元高中双科提分课,199元高中双科提分课,自投放,自有,自产原创,wangjiananbj03,23.96,0,0,0,62.72,23960,0,9.69%,0%,-,0,0
c267d45903734865758eed62cece63b7,-,-,-,-,-,https://tutor-online1.fbcontent.cn/growth/internal-material/1779702539164.c267d45903734865758eed62cece63b7.mp4,0520-199双科-自产-自产二-李博-视觉锤-雅迪-A5-B1-有-13,20260614,王雅迪,王雅迪,199元高中双科提分课,199元高中双科提分课,自投放,自有,自产原创,wangjiananbj03,141.71,199,1,1.4,234.62,9447.33,141.71,2.81%,5.88%,-,1.66,13266.67
63336d0afafe2f3680b8f47bb3768e74,-,-,-,-,-,https://tutor-online1.fbcontent.cn/growth/internal-material/1775810390856.63336d0afafe2f3680b8f47bb3768e74.mp4,0317-199物-自产-自产二-李博-曲中雨-浩正-A2-B2-无-20,20260614,杜浩正,杜浩正,199元高中双科提分课,199元高中双科提分课,自投放,自有,自产原创,wangjiananbj03,191.14,199,1,1.04,165.2,47785,191.14,1.38%,6.25%,-,0.86,49750
e926db1795b2cfe52dff1a6434fdd323,-,-,-,-,-,https://tutor-online1.fbcontent.cn/growth/internal-material/1781081905514.e926db1795b2cfe52dff1a6434fdd323.mp4,0603-9物-自产-自产二-李博-巽阳-子衿-A3-B1-无-4-WQ-直播间,20260614,贾子矜,贾子矜,9元高中物理李博,9元高中物理李博,申坤,自有,自产原创,wangruixuebj01,1.22,0,0,0,76.25,0,0,0.00%,0.00%,-,0,0
5b4610c0c4ce9e34730f09ab78e12e2e,-,-,-,-,-,https://tutor-online1.fbcontent.cn/growth/internal-material/1780060825253.5b4610c0c4ce9e34730f09ab78e12e2e.mp4,0512-199双科-自产-自产主-王晶-云梵-小敏--B1-无-21,20260614,曲敏,韩晨国,199元高中双科提分课,199元高中双科提分课,自投放,自有,自产原创,wangjiananbj03,104.94,0,0,0,142.97,5523.16,0,8.31%,0%,-,0,0
859ea1a3c90c6721f6de45e83f0a882c,-,-,-,-,-,https://tutor-online1.fbcontent.cn/growth/internal-material/1780984420334.859ea1a3c90c6721f6de45e83f0a882c.mp4,0526-199双科-自产-自产主-王晶-亿晨-子衿-A7-B2-有-2,20260614,贾子矜,贾子矜,199元高中双科提分课,199元高中双科提分课,自投放,自有,自产原创,wangjiananbj03,19.47,0,0,0,167.84,19470,0,0.86%,0%,-,0,0
40c7ceed90c8ef766c0fe69d023cd210,-,-,-,-,-,https://tutor-online1.fbcontent.cn/growth/internal-material/1779701237531.40c7ceed90c8ef766c0fe69d023cd210.mp4,0521-9物-自产-自产二-李博-曲中雨-浩正-A5效果保证-B2提分刚需-有-6,20260614,杜浩正,杜浩正,9元高中物理李博,9元高中物理李博,申坤,自有,自产原创,wangruixuebj01,0.71,0,0,0,64.55,0,0,0.00%,0.00%,-,0,0
7db3d69067be0475a5064b5d26f4ba2e,-,-,-,-,-,https://tutor-online1.fbcontent.cn/growth/internal-material/1779470002650.7db3d69067be0475a5064b5d26f4ba2e.mp4,"0521-9物-自产-自产二-李博-曲中雨-子衿-A5效果保证-B1效果方法体系,B4性价比-3-无",20260614,贾子矜,贾子矜,9元高中物理李博,9元高中物理李博,申坤,自有,自产原创,wangruixuebj01,0.04,0,0,0,20,0,0,0.00%,0.00%,-,0,0
9e1352a0b0e85eb513255c3095dae807,-,-,-,-,-,https://tutor-online1.fbcontent.cn/growth/internal-material/1778581775810.9e1352a0b0e85eb513255c3095dae807.mp4,0508-199双科-自产-自产主-李博-视觉锤-雅迪-A1-B4B6-无-12,20260614,王雅迪,王雅迪,199元高中双科提分课,199元高中双科提分课,自投放,自有,自产原创,wangjiananbj03,3.39,0,0,0,37.25,0,0,2.20%,0%,-,0,0
bf268ed5822f259dc499a68e2c5e97a9,-,-,-,-,-,https://tutor-online1.fbcontent.cn/growth/internal-material/1779442298652.bf268ed5822f259dc499a68e2c5e97a9.mp4,0521-9物-自产-自产二-李博-曲中雨-小敏-A1价格拆解-B6线下对比-无-17,20260614,曲敏,曲敏,9元高中物理李博,9元高中物理李博,申坤,自有,自产原创,wangruixuebj01,0.02,0,0,0,20,0,0,0.00%,0.00%,-,0,0
312b9d2ea3165f38d0be050d636b0d05,-,-,-,-,-,https://tutor-online1.fbcontent.cn/growth/internal-material/1775810402015.312b9d2ea3165f38d0be050d636b0d05.mp4,0317-199物-自产-自产主-李博-曲中雨-浩正-A2-B2-无-24,20260614,杜浩正,杜浩正,199元高中双科提分课,199元高中双科提分课,自投放,自有,自产原创,wangjiananbj03,0.02,0,0,0,20,0,0,100.00%,0%,-,0,0
df0c3a8dd88939a25d19b29c2002f0ec,-,-,-,-,-,https://tutor-online1.fbcontent.cn/growth/internal-material/1780984421202.df0c3a8dd88939a25d19b29c2002f0ec.mp4,0526-199双科-自产-自产主-王晶-亿晨-子衿-A5-B1-有-3,20260614,贾子矜,贾子矜,199元高中双科提分课,199元高中双科提分课,自投放,自有,自产原创,wangjiananbj03,26.59,0,0,0,191.29,8863.33,0,5.76%,0%,-,0,0
8c1af27a915de2e74c6351aefd638254,-,-,-,-,-,https://tutor-online1.fbcontent.cn/growth/internal-material/1780917989263.8c1af27a915de2e74c6351aefd638254.mp4,0513-199双科-自产-自产二-李博-曲中雨-嘉丽-A7-B1-无-32,20260614,魏嘉丽,韩晨国,199元高中双科提分课,199元高中双科提分课,自投放,自有,自产原创,wangjiananbj03,9.57,0,0,0,47.14,9570,0,5.91%,0%,-,0,0
7db3d69067be0475a5064b5d26f4ba2e,-,-,-,-,-,https://tutor-online1.fbcontent.cn/growth/internal-material/1779470002650.7db3d69067be0475a5064b5d26f4ba2e.mp4,"0521-9物-自产-自产二-李博-曲中雨-子衿-A5效果保证-B1效果方法体系,B4性价比-3-无",20260614,贾子矜,贾子矜,9元高中物理李博,9元高中物理李博,十人,自有,自产原创,wangruixuebj01,13,0,0,0,72.22,13000,0,0.56%,0%,-,0,0
b2330f86c3676d2a453f50062f48b2f3,-,-,-,-,-,https://tutor-online1.fbcontent.cn/growth/internal-material/1781063590170.b2330f86c3676d2a453f50062f48b2f3.mp4,0603-199双科-自产-自产主-李博-曲中雨-嘉丽-A5-B1-有-13,20260614,魏嘉丽,魏嘉丽,199元高中双科提分课,199元高中双科提分课,自投放,自有,自产原创,wangjiananbj03,1.28,0,0,0,38.79,0,0,3.03%,0%,-,0,0
b15470feab69c92b51e5b50af5de5d84,-,-,-,-,-,https://tutor-online1.fbcontent.cn/growth/internal-material/1780656483738.b15470feab69c92b51e5b50af5de5d84.mp4,0603-9物-自产-自产主-李博-视觉锤-浩正-A5-B1-有-14,20260614,杜浩正,杜浩正,9元高中物理李博,9元高中物理李博,申坤,自有,自产原创,wangruixuebj01,2.6,0,0,0,48.15,2600,0,1.85%,0%,-,0,0
94a9716c21d134442dc7400029c76b5c,-,-,-,-,-,https://tutor-online1.fbcontent.cn/growth/internal-material/1780656482857.94a9716c21d134442dc7400029c76b5c.mp4,0603-9物-自产-自产主-李博-视觉锤-浩正-A5-B1-有-15,20260614,杜浩正,杜浩正,9元高中物理李博,9元高中物理李博,申坤,自有,自产原创,wangruixuebj01,8.31,0,0,0,277,8310,0,3.33%,0%,-,0,0
5176abfabd8e4f9f682b4cdbc15c95d5,-,-,-,-,-,https://tutor-online1.fbcontent.cn/growth/internal-material/1780040825980.5176abfabd8e4f9f682b4cdbc15c95d5.mp4,0520-199双科-自产-自产主-李博-曲中雨-小敏-A1-B6-无-23,20260614,曲敏,曲敏,199元高中双科提分课,199元高中双科提分课,自投放,自有,自产原创,wangjiananbj03,22.18,0,0,0,77.28,11090,0,0.70%,0%,-,0,0
342bc2ca1388ca3ba82463fcfb41a014,-,-,-,-,-,https://tutor-online1.fbcontent.cn/growth/internal-material/1779258777243.342bc2ca1388ca3ba82463fcfb41a014.mp4,0514-199双科-自产-自产二-王晶-曲中雨-子衿--B2-无-3,20260614,贾子矜,贾子矜,199元高中双科提分课,199元高中双科提分课,自投放,自有,自产原创,wangjiananbj03,0,0,0,0,0,0,0,2.17%,0%,-,0,0
bf156c45c46105734609aa1c5b796dc9,-,-,-,-,-,https://tutor-online1.fbcontent.cn/growth/internal-material/1781080053775.bf156c45c46105734609aa1c5b796dc9.mp4,0608-199双科-自产-自产二-王晶-亿晨-婷玉-A1-B4B5-无-8,20260614,吴婷玉,吴婷玉,199元高中双科提分课,199元高中双科提分课,自投放,自有,自产原创,wangjiananbj03,0.16,0,0,0,26.67,0,0,0.00%,0.00%,-,0,0
3edb55dfd11da85ddd13d487debe4a33,-,-,-,-,-,https://tutor-online1.fbcontent.cn/growth/internal-material/1780656485006.3edb55dfd11da85ddd13d487debe4a33.mp4,0603-9物-自产-自产主-李博-视觉锤-浩正-A5-B1-无-12,20260614,杜浩正,杜浩正,9元高中物理李博,9元高中物理李博,申坤,自有,自产原创,wangruixuebj01,0.05,0,0,0,3.57,0,0,0.00%,0.00%,-,0,0
742bb10b5dfc8caff044c6811d93d7ee,-,-,-,-,-,https://tutor-online1.fbcontent.cn/growth/internal-material/1777262140189.742bb10b5dfc8caff044c6811d93d7ee.mp4,0422-9物-自产-自产主-李博-曲中雨-子衿-A7-B1-有-14-前贴2,20260614,贾子矜,贾子矜,9元高中物理李博,9元高中物理李博,申坤,自有,自产原创,wangruixuebj01,20.01,9,1,0.45,157.56,6670,20.01,3.94%,20.00%,-,7.87,3000
6fee94543e6361420a858afcfd0e5e8d,-,-,-,-,-,https://tutor-online1.fbcontent.cn/growth/internal-material/1779442298899.6fee94543e6361420a858afcfd0e5e8d.mp4,0521-9物-自产-自产二-李博-曲中雨-小敏-A7方法优势-B1效果方法体系-无-19,20260614,曲敏,曲敏,9元高中物理李博,9元高中物理李博,申坤,自有,自产原创,wangruixuebj01,0.01,0,0,0,10,0,0,0.00%,0.00%,-,0,0
40cd5b3cceceab4877fbf9460add984b,-,-,-,-,-,https://tutor-online1.fbcontent.cn/growth/internal-material/1780569960569.40cd5b3cceceab4877fbf9460add984b.mp4,0527-199双科-自产-自产主-李博-曲中雨-嘉丽-A6-B1-无-14,20260614,魏嘉丽,魏嘉丽,199元高中双科提分课,199元高中双科提分课,自投放,自有,自产原创,wangjiananbj03,28.95,0,0,0,258.48,0,0,0.89%,0%,-,0,0
697a6d441430ee901f014e112045ff2f,-,-,-,-,-,https://tutor-online1.fbcontent.cn/growth/internal-material/1775195755972.697a6d441430ee901f014e112045ff2f.mp4,0311-9物-自产-自产混-李博-云梵-雅迪-A7-B1-无-14,20260614,王雅迪,王雅迪,9元高中物理李博,9元高中物理李博,申坤,自有,自产混剪,wangruixuebj01,0.36,0,0,0,72,0,0,0.00%,0.00%,-,0,0
672a7dd76553c5b2539db58ae3651101,-,-,-,-,-,https://tutor-online1.fbcontent.cn/growth/internal-material/1778649245942.672a7dd76553c5b2539db58ae3651101.mp4,0508-199双科-自产-自产二-李博-视觉锤-雅迪-A5-B1-无-16,20260614,王雅迪,王雅迪,199元高中双科提分课,199元高中双科提分课,自投放,自有,自产原创,wangjiananbj03,8.79,0,0,0,30.21,8790,0,8.93%,0%,-,0,0
2b2e9f0b2e6631fbb112176b9ae39967,-,-,-,-,-,https://tutor-online1.fbcontent.cn/growth/internal-material/1775810420431.2b2e9f0b2e6631fbb112176b9ae39967.mp4,0317-199物-自产-自产主-李博-曲中雨-浩正-A6-B2-无-22,20260614,杜浩正,杜浩正,199元高中双科提分课,199元高中双科提分课,自投放,自有,自产原创,wangjiananbj03,0.29,0,0,0,16.11,0,0,0.00%,0.00%,-,0,0
eb1c5cfcc71d152dd3c53ff119e129e4,-,-,-,-,-,https://tutor-online1.fbcontent.cn/growth/internal-material/1779706253337.eb1c5cfcc71d152dd3c53ff119e129e4.mp4,0520-199双科-自产-自产主-李博-曲中雨-子衿-A5-B1-无-5,20260614,贾子矜,贾子矜,199元高中双科提分课,199元高中双科提分课,自投放,自有,自产原创,wangjiananbj03,0.41,0,0,0,34.17,410,0,0.00%,0.00%,-,0,0
58167d69f15fa28564f3262d02c925e3,-,-,-,-,-,https://tutor-online1.fbcontent.cn/growth/internal-material/1780917987904.58167d69f15fa28564f3262d02c925e3.mp4,0513-199双科-自产-自产主-李博-曲中雨-嘉丽-A5-B1-无-33,20260614,魏嘉丽,韩晨国,199元高中双科提分课,199元高中双科提分课,自投放,自有,自产原创,wangjiananbj03,23.16,0,0,0,118.16,4632,0,6.63%,0%,-,0,0
3fcab02882660fdcdecf6372ad7a114b,-,-,-,-,-,https://tutor-online1.fbcontent.cn/growth/internal-material/1780041128081.3fcab02882660fdcdecf6372ad7a114b.mp4,0520-199双科-自产-自产二-李博-视觉锤-小敏-A1-B6-无-21.mp4,20260614,曲敏,曲敏,199元高中双科提分课,199元高中双科提分课,自投放,自有,自产原创,wangjiananbj03,0,0,0,0,0,0,0,0.00%,0.00%,-,0,0
290149ec5bdce91b90a9ab0055ddefeb,-,-,-,-,-,https://tutor-online1.fbcontent.cn/growth/internal-material/1780061372821.290149ec5bdce91b90a9ab0055ddefeb.mp4,0514-199双科-自产-自产主-王晶-曲中雨-浩正-A5-B2B4-无-7,20260614,杜浩正,韩晨国,199元高中双科提分课,199元高中双科提分课,自投放,自有,自产原创,wangjiananbj03,24.58,0,0,0,223.45,24580,0,5.45%,0%,-,0,0
83e8fe3b1394289266d8dd46b71566ef,-,-,-,-,-,https://tutor-online1.fbcontent.cn/growth/internal-material/1779440147469.83e8fe3b1394289266d8dd46b71566ef.mp4,0513-199双科-自产-自产主-李博-曲中雨-嘉丽-A1-B1-无-30,20260614,魏嘉丽,魏嘉丽,199元高中双科提分课,199元高中双科提分课,自投放,自有,自产原创,wangjiananbj03,0.91,0,0,0,47.89,0,0,5.26%,0%,-,0,0
53c7b0abfc73b5bb1ded93329e8cf033,-,-,-,-,-,https://tutor-online1.fbcontent.cn/growth/internal-material/1780569961431.53c7b0abfc73b5bb1ded93329e8cf033.mp4,0527-199双科-自产-自产主-李博-曲中雨-嘉丽-A7-B1-无-12,20260614,魏嘉丽,魏嘉丽,199元高中双科提分课,199元高中双科提分课,自投放,自有,自产原创,wangjiananbj03,36.35,0,0,0,279.62,0,0,3.08%,0%,-,0,0
b13145b978dc22d712009b1d698b5c46,-,-,-,-,-,https://tutor-online1.fbcontent.cn/growth/internal-material/1778667030881.b13145b978dc22d712009b1d698b5c46.mp4,0317-199物-自产-自产主-李博-曲中雨-子衿-A2-B1B4-有-28-迭代3,20260614,贾子矜,贾子矜,199元高中双科提分课,199元高中双科提分课,自投放,自有,自产原创,wangjiananbj03,0.06,0,0,0,60,0,0,0.00%,0.00%,-,0,0
0f7cc405a4be1fa4605f0b0a4d5fd80e,-,-,-,-,-,https://tutor-online1.fbcontent.cn/growth/internal-material/1778581776108.0f7cc405a4be1fa4605f0b0a4d5fd80e.mp4,0508-199双科-自产-自产主-李博-视觉锤-雅迪-A1-B4B6-有-12,20260614,王雅迪,王雅迪,199元高中双科提分课,199元高中双科提分课,自投放,自有,自产原创,wangjiananbj03,226.89,0,0,0,321.37,15126,0,9.21%,0%,-,0,0
5802e9366462b661689e89fc8e99a954,-,-,-,-,-,https://tutor-online1.fbcontent.cn/growth/internal-material/1779278565965.5802e9366462b661689e89fc8e99a954.mp4,0513-199双科-自产-自产主-李博-视觉锤-雅迪-A5-B1-有-21,20260614,王雅迪,王雅迪,199元高中双科提分课,199元高中双科提分课,自投放,自有,自产原创,wangjiananbj03,0.28,0,0,0,17.5,0,0,6.25%,0%,-,0,0
b1c1f41c87045d6003fa4d17131ded51,-,-,-,-,-,https://tutor-online1.fbcontent.cn/growth/internal-material/1779470003786.b1c1f41c87045d6003fa4d17131ded51.mp4,0521-9物-自产-自产二-李博-曲中雨-子衿-A7方法优势-B1效果方法体系-有-2,20260614,贾子矜,贾子矜,9元高中物理李博,9元高中物理李博,申坤,自有,自产原创,wangruixuebj01,0,0,0,0,0,0,0,0.00%,0.00%,-,0,0
b15470feab69c92b51e5b50af5de5d84,-,-,-,-,-,https://tutor-online1.fbcontent.cn/growth/internal-material/1780656483738.b15470feab69c92b51e5b50af5de5d84.mp4,0603-9物-自产-自产主-李博-视觉锤-浩正-A5-B1-有-14,20260614,杜浩正,杜浩正,9元高中物理李博,9元高中物理李博,申坤,自有,自产原创,wangruixuebj01,0.01,0,0,0,10,0,0,0.00%,0.00%,-,0,0
18e7aab6be82257244fc0cb01026aa05,-,-,-,-,-,https://tutor-online1.fbcontent.cn/growth/internal-material/1779420159695.18e7aab6be82257244fc0cb01026aa05.mp4,0514-199双科-自产-自产主-王晶-曲中雨-忍哥--B1-有-16,20260614,王雅迪,王雅迪,199元高中双科提分课,199元高中双科提分课,自投放,自有,自产原创,wangjiananbj03,0.49,0,0,0,61.25,0,0,0.00%,0.00%,-,0,0
0629066c4851ab1e9061310d07ad5600,-,-,-,-,-,https://tutor-online1.fbcontent.cn/growth/internal-material/1772517101338.0629066c4851ab1e9061310d07ad5600.mp4,0211-9物-自产-自产主-李博-亿晨-子衿-A7-B1-无-4,20260614,贾子矜,贾子矜,9元高中物理李博,9元高中物理李博-实物,玄武,自有,自产原创,wangruixuebj01,123.82,18,2,0.15,155.75,7738.75,61.91,2.14%,11.76%,-,2.52,1125
3f6173ca3ad5f1c96c5ead5e1f7017a0,-,-,-,-,-,https://tutor-online1.fbcontent.cn/growth/internal-material/1774350566741.3f6173ca3ad5f1c96c5ead5e1f7017a0.mp4,0319-9物-自产-自产二-李博-巽阳-子衿---有-29-前贴2,20260614,贾子矜,贾子矜,9元高中物理李博,9元高中物理李博,玄武,自有,自产原创,wangruixuebj01,74.12,9,1,0.12,232.35,14824,74.12,1.57%,20.00%,-,3.13,1800
11dcef5f6ee8dd9451fb50c424ff03e6,-,-,-,-,-,https://tutor-online1.fbcontent.cn/growth/internal-material/1780983143284.11dcef5f6ee8dd9451fb50c424ff03e6.mp4,6月4日 (3)(7),20260614,贾子矜,贾子矜,199元高中双科提分课,199元高中双科提分课,自投放,自有,自产原创,wangjiananbj03,32.94,0,0,0,332.73,10980,0,2.02%,0%,-,0,0
07a1aeee25a594eb9f30f86bb5e4925b,-,-,-,-,-,https://tutor-online1.fbcontent.cn/growth/internal-material/1779420155484.07a1aeee25a594eb9f30f86bb5e4925b.mp4,0514-199双科-自产-自产主-王晶-曲中雨-忍哥--B1-无-20,20260614,王雅迪,王雅迪,199元高中双科提分课,199元高中双科提分课,自投放,自有,自产原创,wangjiananbj03,0,0,0,0,0,0,0,0.00%,0.00%,-,0,0
d8b8b4730be89378f60d527c9bf7a00d,-,-,-,-,-,https://tutor-online1.fbcontent.cn/growth/internal-material/1781093591451.d8b8b4730be89378f60d527c9bf7a00d.mp4,6月4日 (3)(5),20260614,贾子矜,贾子矜,199元高中双科提分课,199元高中双科提分课,自投放,自有,自产原创,wangjiananbj03,0,0,0,0,0,0,0,0.00%,0.00%,-,0,0
ad6c64785df038e36831ce3d4ab6c420,-,-,-,-,-,https://tutor-online1.fbcontent.cn/growth/internal-material/1778568694501.ad6c64785df038e36831ce3d4ab6c420.mp4,0429-199双科-自产-自产主-李博-曲中雨-浩正-A5-B2-有-24,20260614,杜浩正,杜浩正,199元高中双科提分课,199元高中双科提分课,自投放,自有,自产原创,wangjiananbj03,17.06,0,0,0,96.38,0,0,0.56%,0%,-,0,0
ed614a2eb44b5fe0176d925f46bd2a80,-,-,-,-,-,https://tutor-online1.fbcontent.cn/growth/internal-material/1780984420344.ed614a2eb44b5fe0176d925f46bd2a80.mp4,0526-199双科-自产-自产二-王晶-亿晨-子衿-A7-B2-有-2,20260614,贾子矜,贾子矜,199元高中双科提分课,199元高中双科提分课,自投放,自有,自产原创,wangjiananbj03,0.06,0,0,0,6,0,0,0.00%,0.00%,-,0,0
ed614a2eb44b5fe0176d925f46bd2a80,-,-,-,-,-,https://tutor-online1.fbcontent.cn/growth/internal-material/1780984420344.ed614a2eb44b5fe0176d925f46bd2a80.mp4,0526-199双科-自产-自产二-王晶-亿晨-子衿-A7-B2-有-2,20260614,贾子矜,贾子矜,199元高中双科提分课,199元高中双科提分课,自投放,自有,自产原创,wangjiananbj03,8.09,0,0,0,46.23,1618,0,5.71%,0%,-,0,0
5c6bd611cd46e0bbe6f3ab1492e26952,-,-,-,-,-,https://tutor-online1.fbcontent.cn/growth/internal-material/1780975265990.5c6bd611cd46e0bbe6f3ab1492e26952.mp4,0514-199双科-自产-自产主-王晶-云梵-嘉丽--B1-无-24,20260614,魏嘉丽,韩晨国,199元高中双科提分课,199元高中双科提分课,自投放,自有,自产原创,wangjiananbj03,97.43,0,0,0,210.43,6495.33,0,4.97%,0%,-,0,0
6f4365c16fd858464692d65671b1a24d,-,-,-,-,-,https://tutor-online1.fbcontent.cn/growth/internal-material/1779420327448.6f4365c16fd858464692d65671b1a24d.mp4,0508-199双科-自产-自产主-莉娜-曲中雨-子衿-A6-B1-无-4,20260614,贾子矜,贾子矜,199元高中双科提分课,199元高中双科提分课,自投放,自有,自产原创,wangjiananbj03,1.43,0,0,0,95.33,0,0,0.00%,0.00%,-,0,0
589361d2f2a8b197bca3083799303965,-,-,-,-,-,https://tutor-online1.fbcontent.cn/growth/internal-material/1775810424487.589361d2f2a8b197bca3083799303965.mp4,0317-199物-自产-自产主-李博-曲中雨-浩正-A6-B2-无-21,20260614,杜浩正,杜浩正,199元高中双科提分课,199元高中双科提分课,自投放,自有,自产原创,wangjiananbj03,21.58,0,0,0,182.88,4316,0,4.24%,0%,-,0,0
28b2343005a3950613da6d5f0cb0dad5,-,-,-,-,-,https://tutor-online1.fbcontent.cn/growth/internal-material/1779701697305.28b2343005a3950613da6d5f0cb0dad5.mp4,0512-199双科-自产-自产二-王晶-云梵-嘉丽--B1-无-13,20260614,魏嘉丽,魏嘉丽,199元高中双科提分课,199元高中双科提分课,自投放,自有,自产原创,wangjiananbj03,0.01,0,0,0,0.48,0,0,0.00%,0.00%,-,0,0
4cc8fcf55cda7ade1c2294936a78e254,-,-,-,-,-,https://tutor-online1.fbcontent.cn/growth/internal-material/1780656484642.4cc8fcf55cda7ade1c2294936a78e254.mp4,0603-9物-自产-自产主-李博-视觉锤-浩正-A5-B1-有-13,20260614,杜浩正,杜浩正,9元高中物理李博,9元高中物理李博,申坤,自有,自产原创,wangruixuebj01,0.26,0,0,0,86.67,0,0,0.00%,0.00%,-,0,0
5a6b5100cc89ff355027bcd25edd11bd,-,-,-,-,-,https://tutor-online1.fbcontent.cn/growth/internal-material/1779706273740.5a6b5100cc89ff355027bcd25edd11bd.mp4,0520-199双科-自产-自产主-李博-曲中雨-子衿-A5-B2-有-4,20260614,贾子矜,贾子矜,199元高中双科提分课,199元高中双科提分课,自投放,自有,自产原创,wangjiananbj03,25.18,0,0,0,158.36,8393.33,0,11.95%,0%,-,0,0
d1eadd12931282dd7b564335b0c72cee,-,-,-,-,-,https://tutor-online1.fbcontent.cn/growth/internal-material/1776416890891.d1eadd12931282dd7b564335b0c72cee.mp4,0415-9物-自产-自产二-李博-曲中雨-子衿-A6-B1-有-14,20260614,贾子矜,贾子矜,9元高中物理李博,9元高中物理李博,玄武,自有,自产原创,wangruixuebj01,0.01,0,0,0,2,0,0,0.00%,0.00%,-,0,0
6a062533224356f71ae6d13fd13df610,-,-,-,-,-,https://tutor-online1.fbcontent.cn/growth/internal-material/1776676823648.6a062533224356f71ae6d13fd13df610.mp4,0415-9物-自产-自产主-李博-视觉锤-雅迪-A5-B2-无-5,20260614,王雅迪,王雅迪,9元高中物理李博,9元高中物理李博,申坤,自有,自产原创,wangruixuebj01,0.79,0,0,0,37.62,0,0,0.00%,0.00%,-,0,0
ba412ac38b090f89c09e635200c909b5,-,-,-,-,-,https://tutor-online1.fbcontent.cn/growth/internal-material/1780906798911.ba412ac38b090f89c09e635200c909b5.mp4,0603-9物-自产-自产主-李博-曲中雨-子衿-A5-B1-无-2-直播间,20260614,贾子矜,贾子矜,9元高中物理李博,9元高中物理李博,申坤,自有,自产原创,wangruixuebj01,4.15,0,0,0,50.61,4150,0,1.22%,0%,-,0,0
85f80120ef6609c0e9f0c3ce15402276,-,-,-,-,-,https://tutor-online1.fbcontent.cn/growth/internal-material/1775195735307.85f80120ef6609c0e9f0c3ce15402276.mp4,0312-9物-自产-自产混-李博-云梵-雅迪-A2-B4-无-2,20260614,王雅迪,王雅迪,9元高中物理李博,9元高中物理李博,申坤,自有,自产混剪,wangruixuebj01,0.16,0,0,0,14.55,0,0,0.00%,0.00%,-,0,0
7c9f77eb85de8eb573e502b64e67cd1b,-,-,-,-,-,https://tutor-online1.fbcontent.cn/growth/internal-material/1780060959790.7c9f77eb85de8eb573e502b64e67cd1b.mp4,0514-199双科-自产-自产主-王晶-曲中雨-子衿--B3B4-无-1,20260614,贾子矜,韩晨国,199元高中双科提分课,199元高中双科提分课,自投放,自有,自产原创,wangjiananbj03,0.75,0,0,0,35.71,0,0,9.52%,0%,-,0,0
6785fd451d54ea629c997c9ef8886e19,-,-,-,-,-,https://tutor-online1.fbcontent.cn/growth/internal-material/1779456252634.6785fd451d54ea629c997c9ef8886e19.mp4,0429-199双科-自产-自产主-李博-曲中雨-浩正-A7-B2-无-22,20260614,杜浩正,韩晨国,199元高中双科提分课,199元高中双科提分课,自投放,自有,自产原创,wangjiananbj03,0,0,0,0,0,0,0,0.00%,0.00%,-,0,0
2b085324f0029e7889f1b82086032205,-,-,-,-,-,https://tutor-online1.fbcontent.cn/growth/internal-material/1774868646605.2b085324f0029e7889f1b82086032205.mp4,0324-9物-自产-自产二-李博-视觉锤-雅迪-A5-B2-无-3,20260614,王雅迪,王雅迪,9元高中物理李博,9元高中物理李博,申坤,自有,自产原创,wangruixuebj01,0.02,0,0,0,20,0,0,0.00%,0.00%,-,0,0
6cb99e41a071f33ec5c08cc8850675ca,-,-,-,-,-,https://tutor-online1.fbcontent.cn/growth/internal-material/1774868790505.6cb99e41a071f33ec5c08cc8850675ca.mp4,0324-9物-自产-自产主-李博-视觉锤-雅迪-A5-B6-有-1,20260614,王雅迪,王雅迪,9元高中物理李博,9元高中物理李博,申坤,自有,自产原创,wangruixuebj01,0.09,0,0,0,90,0,0,0.00%,0.00%,-,0,0
bb2fe73026840de937f079ef81efd8f2,-,-,-,-,-,https://tutor-online1.fbcontent.cn/growth/internal-material/1779420157411.bb2fe73026840de937f079ef81efd8f2.mp4,0514-199双科-自产-自产主-王晶-曲中雨-忍哥--B1-无-18,20260614,王雅迪,王雅迪,199元高中双科提分课,199元高中双科提分课,自投放,自有,自产原创,wangjiananbj03,0.44,0,0,0,11.28,0,0,0.00%,0.00%,-,0,0
c8d85e0f2a43603e4807b1cdd486ed21,-,-,-,-,-,https://tutor-online1.fbcontent.cn/growth/internal-material/1775548229436.c8d85e0f2a43603e4807b1cdd486ed21.mp4,0401-9物-自产-自产二-李博-曲中雨-子衿-A3-B1-有-23-前贴1,20260614,贾子矜,贾子矜,9元高中物理李博,9元高中物理李博,玄武,自有,自产原创,wangruixuebj01,1148.33,27,3,0.02,135.82,26705.35,382.78,1.15%,3.09%,-,0.35,627.91
859ea1a3c90c6721f6de45e83f0a882c,-,-,-,-,-,https://tutor-online1.fbcontent.cn/growth/internal-material/1780984420334.859ea1a3c90c6721f6de45e83f0a882c.mp4,0526-199双科-自产-自产主-王晶-亿晨-子衿-A7-B2-有-2,20260614,贾子矜,贾子矜,199元高中双科提分课,199元高中双科提分课,自投放,自有,自产原创,wangjiananbj03,8.19,0,0,0,34.13,0,0,12.92%,0%,-,0,0
128ead371d9cddcf1d01a6a159df5827,-,-,-,-,-,https://tutor-online1.fbcontent.cn/growth/internal-material/1781169457824.128ead371d9cddcf1d01a6a159df5827.mp4,0611-状元笔记-自产-自产主--视觉锤-雅迪-A6-B5-有-41,20260614,王雅迪,王雅迪,高中手写笔记,高中手写笔记,自投放,自有,自产原创,wangjiananbj03,0.17,0,0,0,34,0,0,20.00%,0%,-,0,0
2520b508e17dae8b42abe4aab74fe550,-,-,-,-,-,https://tutor-online1.fbcontent.cn/growth/internal-material/1781082477008.2520b508e17dae8b42abe4aab74fe550.mp4,0527-199双科-自产-自产二-李博-视觉锤-嘉丽-A7-B1-有-12,20260614,魏嘉丽,魏嘉丽,199元高中双科提分课,199元高中双科提分课,自投放,自有,自产原创,wangjiananbj03,91.75,0,0,0,362.65,22937.5,0,1.19%,0%,-,0,0
4a845abf7e146783de66c98eacfec55a,-,-,-,-,-,https://tutor-online1.fbcontent.cn/growth/internal-material/1780908443186.4a845abf7e146783de66c98eacfec55a.mp4,0603-9物-自产-自产二-李博-视觉锤-浩正-A5-B1-有-11,20260614,杜浩正,杜浩正,9元高中物理李博,9元高中物理李博,申坤,自有,自产原创,wangruixuebj01,1.69,0,0,0,241.43,0,0,0.00%,0.00%,-,0,0
2e87fbcd6e95a9755794a6fbade4cbf3,-,-,-,-,-,https://tutor-online1.fbcontent.cn/growth/internal-material/1770030073063.2e87fbcd6e95a9755794a6fbade4cbf3.mp4,0128-自产主-李博-8-3--有-9物-子矜- IP-曲中雨,20260614,贾子矜,贾子矜,9元高中物理李博,9元高中物理李博-实物,玄武,自有,自产原创,wangruixuebj01,4940.34,162,18,0.03,151.09,10102.94,274.46,1.55%,3.55%,-,0.55,331.29
1af3ac98835302c4de6b3fe9fb7b2444,-,-,-,-,-,https://tutor-online1.fbcontent.cn/growth/internal-material/1779701509612.1af3ac98835302c4de6b3fe9fb7b2444.mp4,0520-199双科-自产-自产二-李博-曲中雨-浩正-A5-B2-无-8,20260614,杜浩正,杜浩正,199元高中双科提分课,199元高中双科提分课,自投放,自有,自产原创,wangjiananbj03,3.54,0,0,0,27.87,1180,0,3.15%,0%,-,0,0
fbad3696edebcfc3809fed8ce9c317f6,-,-,-,-,-,https://tutor-online1.fbcontent.cn/growth/internal-material/1777262135702.fbad3696edebcfc3809fed8ce9c317f6.mp4,0422-9物-自产-自产主-李博-曲中雨-子衿-A7-B1-有-14-前贴1,20260614,贾子矜,贾子矜,9元高中物理李博,9元高中物理李博,申坤,自有,自产原创,wangruixuebj01,14.97,0,0,0,87.54,0,0,1.17%,0%,-,0,0
dbc1d2912b7c8c40e269254ec800e594,-,-,-,-,-,https://tutor-online1.fbcontent.cn/growth/internal-material/1778649122827.dbc1d2912b7c8c40e269254ec800e594.mp4,0508-199双科-自产-自产二-李博-视觉锤-亚平-A2-B4-无-33,20260614,王雅迪,王雅迪,199元高中双科提分课,199元高中双科提分课,自投放,自有,自产原创,wangjiananbj03,0,0,0,0,0,0,0,0.00%,0.00%,-,0,0
26a83dce037b3511a91d0fef75e0e59b,-,-,-,-,-,https://tutor-online1.fbcontent.cn/growth/internal-material/1775548228196.26a83dce037b3511a91d0fef75e0e59b.mp4,0401-9物-自产-自产二-李博-曲中雨-子衿-A3-B1-无-23,20260614,贾子矜,贾子矜,9元高中物理李博,9元高中物理李博,玄武,自有,自产原创,wangruixuebj01,1.95,0,0,0,139.29,0,0,0.00%,0.00%,-,0,0
d89a3e32246d28c761b593c2f634eb17,-,-,-,-,-,https://tutor-online1.fbcontent.cn/growth/internal-material/1774868643714.d89a3e32246d28c761b593c2f634eb17.mp4,0324-9物-自产-自产二-李博-视觉锤-雅迪-A2-B4-无-2,20260614,王雅迪,王雅迪,9元高中物理李博,9元高中物理李博,申坤,自有,自产原创,wangruixuebj01,0.08,0,0,0,80,0,0,0.00%,0.00%,-,0,0
0dfe3f10afb06600da1f570e20be1bfb,-,-,-,-,-,https://tutor-online1.fbcontent.cn/growth/internal-material/1779706246666.0dfe3f10afb06600da1f570e20be1bfb.mp4,0520-199双科-自产-自产二-李博-曲中雨-子衿-A5-B2-无-4,20260614,贾子矜,贾子矜,199元高中双科提分课,199元高中双科提分课,自投放,自有,自产原创,wangjiananbj03,981.92,199,1,0.2,391.36,44632.73,981.92,1.08%,3.70%,-,0.4,9045.45
1107d1ce1afeb47e78785778e9789347,-,-,-,-,-,https://tutor-online1.fbcontent.cn/growth/internal-material/1780984420902.1107d1ce1afeb47e78785778e9789347.mp4,0526-199双科-自产-自产二-王晶-亿晨-子衿-A7-B1-有-4,20260614,贾子矜,贾子矜,199元高中双科提分课,199元高中双科提分课,自投放,自有,自产原创,wangjiananbj03,3.69,0,0,0,76.88,0,0,0.00%,0.00%,-,0,0
39271a3905fbea4bc16e6ef96644767e,-,-,-,-,-,https://tutor-online1.fbcontent.cn/growth/internal-material/1781082527730.39271a3905fbea4bc16e6ef96644767e.mp4,0603-199双科-自产-自产二-李博-视觉锤-嘉丽-A5-B1-无-15,20260614,魏嘉丽,魏嘉丽,199元高中双科提分课,199元高中双科提分课,自投放,自有,自产原创,wangjiananbj03,1.21,0,0,0,134.44,1210,0,11.11%,0%,-,0,0
ef615c20d3f846117e103177fd831cb1,-,-,-,-,-,https://tutor-online1.fbcontent.cn/growth/internal-material/1781082526964.ef615c20d3f846117e103177fd831cb1.mp4,0603-199双科-自产-自产二-李博-视觉锤-嘉丽-A5-B1-无-14,20260614,魏嘉丽,魏嘉丽,199元高中双科提分课,199元高中双科提分课,自投放,自有,自产原创,wangjiananbj03,1.7,0,0,0,39.53,0,0,0.00%,0.00%,-,0,0
95ddad961cb46d1dce0148ee3f3fccac,-,-,-,-,-,https://tutor-online1.fbcontent.cn/growth/internal-material/1781169457838.95ddad961cb46d1dce0148ee3f3fccac.mp4,0611-状元笔记-自产-自产主--视觉锤-雅迪-A6-B5-有-44,20260614,王雅迪,王雅迪,高中手写笔记,高中手写笔记,自投放,自有,自产原创,wangjiananbj03,2.5,0,0,0,20.66,0,0,1.65%,0%,-,0,0
a033197e33f34a1b8a69d044a10a1ddb,-,-,-,-,-,https://tutor-online1.fbcontent.cn/growth/internal-material/1780656483759.a033197e33f34a1b8a69d044a10a1ddb.mp4,0603-9物-自产-自产主-李博-视觉锤-浩正-A5-B1-有-11,20260614,杜浩正,杜浩正,9元高中物理李博,9元高中物理李博,申坤,自有,自产原创,wangruixuebj01,2.8,0,0,0,103.7,2800,0,7.41%,0%,-,0,0
f018a74111dbf4115a1979dbd2c88ad3,-,-,-,-,-,https://tutor-online1.fbcontent.cn/growth/internal-material/1781003732890.f018a74111dbf4115a1979dbd2c88ad3.mp4,0604-状元笔记-自产-自产主--视觉锤-雅迪-有-17,20260614,王雅迪,王雅迪,高中手写笔记,高中手写笔记,自投放,自有,自产原创,wangjiananbj03,0.25,0,0,0,10.87,0,0,0.00%,0.00%,-,0,0
e051df3849a060026a50c0835d6ed3c1,-,-,-,-,-,https://tutor-online1.fbcontent.cn/growth/internal-material/1779173461170.e051df3849a060026a50c0835d6ed3c1.mp4,0514-199双科-自产-自产主-王晶-曲中雨-浩正-A2-B2-无-10,20260614,杜浩正,杜浩正,199元高中双科提分课,199元高中双科提分课,自投放,自有,自产原创,wangjiananbj03,0,0,0,0,0,0,0,0.00%,0.00%,-,0,0
242ad6f33480cbc85e553e83cbfbf62f,-,-,-,-,-,https://tutor-online1.fbcontent.cn/growth/internal-material/1780560673767.242ad6f33480cbc85e553e83cbfbf62f.mp4,0526-199双科-自产-自产主-王晶-亿晨-小敏-A5-B1-有-14,20260614,曲敏,曲敏,199元高中双科提分课,199元高中双科提分课,自投放,自有,自产原创,wangjiananbj03,12.89,0,0,0,163.16,0,0,8.86%,0%,-,0,0
1d6a21ffed3505a98468fb67f8045849,-,-,-,-,-,https://tutor-online1.fbcontent.cn/growth/internal-material/1780906798576.1d6a21ffed3505a98468fb67f8045849.mp4,0603-9物-自产-自产主-李博-曲中雨-子衿-A6-B2-无-3-直播间,20260614,贾子矜,贾子矜,9元高中物理李博,9元高中物理李博,申坤,自有,自产原创,wangruixuebj01,4.96,0,0,0,59.76,2480,0,2.41%,0%,-,0,0
7618381c53d6fb28cf215b0ab5209c85,-,-,-,-,-,https://tutor-online1.fbcontent.cn/growth/internal-material/1776416876385.7618381c53d6fb28cf215b0ab5209c85.mp4,0415-9物-自产-自产二-李博-曲中雨-子衿-A5-B3B4-无-15,20260614,贾子矜,贾子矜,9元高中物理李博,9元高中物理李博,玄武,自有,自产原创,wangruixuebj01,7.27,0,0,0,127.54,0,0,0.00%,0.00%,-,0,0
dea61f08d7d1fca00d9e6bfaf25aaa3b,-,-,-,-,-,https://tutor-online1.fbcontent.cn/growth/internal-material/1779442327585.dea61f08d7d1fca00d9e6bfaf25aaa3b.mp4,0521-9物-自产-自产二-李博-曲中雨-小敏-A5效果保证-B2提分刚需-有-18,20260614,曲敏,曲敏,9元高中物理李博,9元高中物理李博,申坤,自有,自产原创,wangruixuebj01,0.4,0,0,0,30.77,0,0,0.00%,0.00%,-,0,0
c5b0c9c1598c2b3ad0d02cb393a61c0a,-,-,-,-,-,https://tutor-online1.fbcontent.cn/growth/internal-material/1779706267245.c5b0c9c1598c2b3ad0d02cb393a61c0a.mp4,0520-199双科-自产-自产主-李博-曲中雨-子衿-A5-B2-无-4,20260614,贾子矜,贾子矜,199元高中双科提分课,199元高中双科提分课,自投放,自有,自产原创,wangjiananbj03,2.5,0,0,0,26.32,0,0,0.00%,0.00%,-,0,0
8e653b67b0bc1be5177ed7e438555d3d,-,-,-,-,-,https://tutor-online1.fbcontent.cn/growth/internal-material/1781079699040.8e653b67b0bc1be5177ed7e438555d3d.mp4,0604-状元笔记-自产-混剪-曲中雨-婷玉---无-26,20260614,吴婷玉,吴婷玉,高中手写笔记,高中手写笔记,自投放,自有,自产原创,wangjiananbj03,0,0,0,0,0,0,0,0.00%,0.00%,-,0,0
1e9e0c8ad904fd211cd5a4d5b4fd22b3,-,-,-,-,-,https://tutor-online1.fbcontent.cn/growth/internal-material/1778667029281.1e9e0c8ad904fd211cd5a4d5b4fd22b3.mp4,0423-199双科-自产-自产二-李博-曲中雨-子衿-A7-B1-无-23,20260614,贾子矜,贾子矜,199元高中双科提分课,199元高中双科提分课,自投放,自有,自产原创,wangjiananbj03,2.98,0,0,0,129.57,0,0,0.00%,0.00%,-,0,0
eae4c9536cb885e18f69fd43c6de4b5d,-,-,-,-,-,https://tutor-online1.fbcontent.cn/growth/internal-material/1780552739518.eae4c9536cb885e18f69fd43c6de4b5d.mp4,0528-状元笔记-自产-自产主--视觉锤-雅迪-A5-B1-有-18,20260614,王雅迪,王雅迪,高中手写笔记,高中手写笔记,自投放,自有,自产原创,wangjiananbj03,5.67,0,0,0,171.82,0,0,6.06%,0%,-,0,0
520091a00cf6570d00e3ea45a0aeb4ba,-,-,-,-,-,https://tutor-online1.fbcontent.cn/growth/internal-material/1780060825941.520091a00cf6570d00e3ea45a0aeb4ba.mp4,0512-199双科-自产-自产主-王晶-云梵-小敏--B1-无-23,20260614,曲敏,韩晨国,199元高中双科提分课,199元高中双科提分课,自投放,自有,自产原创,wangjiananbj03,15.86,0,0,0,180.23,7930,0,3.41%,0%,-,0,0
cd717182e6a4b1474fda4ed77bca8ad5,-,-,-,-,-,https://tutor-online1.fbcontent.cn/growth/internal-material/1780918129647.cd717182e6a4b1474fda4ed77bca8ad5.mp4,0520-199双科-自产-自产主-李博-曲中雨-浩正-A5-B2-无-6,20260614,杜浩正,韩晨国,199元高中双科提分课,199元高中双科提分课,自投放,自有,自产原创,wangjiananbj03,60.01,0,0,0,63.1,8572.86,0,7.57%,0%,-,0,0
217ea16bfa6446f6aec5ba9442661334,-,-,-,-,-,https://tutor-online1.fbcontent.cn/growth/internal-material/1781079685575.217ea16bfa6446f6aec5ba9442661334.mp4,0604-状元笔记-自产-混剪--曲中雨-婷玉---无-25,20260614,吴婷玉,吴婷玉,高中手写笔记,高中手写笔记,自投放,自有,自产原创,wangjiananbj03,0,0,0,0,0,0,0,0.00%,0.00%,-,0,0
263f133079b337969e6e636af9a06fa7,-,-,-,-,-,https://tutor-online1.fbcontent.cn/growth/internal-material/1780454912627.263f133079b337969e6e636af9a06fa7.mp4,0528-状元笔记-自产-自产主-视觉锤-小敏---无-40,20260614,曲敏,曲敏,高中手写笔记,高中手写笔记,自投放,自有,自产原创,wangjiananbj03,1.54,0,0,0,24.44,0,0,3.17%,0%,-,0,0
0ebbdbbf3d6ad22bc7c434c74828ed41,-,-,-,-,-,https://tutor-online1.fbcontent.cn/growth/internal-material/1781169457656.0ebbdbbf3d6ad22bc7c434c74828ed41.mp4,0611-状元笔记-自产-自产主--视觉锤-雅迪-A6-B5-有-42,20260614,王雅迪,王雅迪,高中手写笔记,高中手写笔记,自投放,自有,自产原创,wangjiananbj03,0.22,0,0,0,73.33,0,0,0.00%,0.00%,-,0,0
978d434b1e652cc7e0e17d0dc92d05aa,-,-,-,-,-,https://tutor-online1.fbcontent.cn/growth/internal-material/1780061372525.978d434b1e652cc7e0e17d0dc92d05aa.mp4,0514-199双科-自产-自产主-王晶-曲中雨-浩正-A5-B2-无-8,20260614,杜浩正,韩晨国,199元高中双科提分课,199元高中双科提分课,自投放,自有,自产原创,wangjiananbj03,3.45,0,0,0,164.29,0,0,4.76%,0%,-,0,0
8906745ce3e833adb10a33bfd92807aa,-,-,-,-,-,https://tutor-online1.fbcontent.cn/growth/internal-material/1780983143422.8906745ce3e833adb10a33bfd92807aa.mp4,6月4日 (3)(6),20260614,贾子矜,贾子矜,199元高中双科提分课,199元高中双科提分课,自投放,自有,自产原创,wangjiananbj03,8.95,0,0,0,131.62,8950,0,1.47%,0%,-,0,0
0f7cc405a4be1fa4605f0b0a4d5fd80e,-,-,-,-,-,https://tutor-online1.fbcontent.cn/growth/internal-material/1778581776108.0f7cc405a4be1fa4605f0b0a4d5fd80e.mp4,0508-199双科-自产-自产主-李博-视觉锤-雅迪-A1-B4B6-有-12,20260613,王雅迪,王雅迪,199元高中双科提分课,199元高中双科提分课,自投放,自有,自产原创,wangjiananbj03,377.9,199,1,0.53,471.79,31491.67,377.9,2.62%,4.76%,-,1.25,16583.33
1e1cfafcecc15a4aee2cc8cfb183182d,-,-,-,-,-,https://tutor-online1.fbcontent.cn/growth/internal-material/1778649250455.1e1cfafcecc15a4aee2cc8cfb183182d.mp4,0508-199双科-自产-自产二-李博-视觉锤-雅迪-A1-B4B6-无-15,20260613,王雅迪,王雅迪,199元高中双科提分课,199元高中双科提分课,自投放,自有,自产原创,wangjiananbj03,2.54,0,0,0,16.93,0,0,0.00%,0.00%,-,0,0
e1da8b4562155de075280cb30829faaf,-,-,-,-,-,https://tutor-online1.fbcontent.cn/growth/internal-material/1780917991520.e1da8b4562155de075280cb30829faaf.mp4,0513-199双科-自产-自产主-李博-曲中雨-嘉丽-A7-B1-无-35,20260613,魏嘉丽,韩晨国,199元高中双科提分课,199元高中双科提分课,自投放,自有,自产原创,wangjiananbj03,214.56,0,0,0,116.74,3901.09,0,11.48%,0%,-,0,0
3c6e9495c641a24d19839600be35471f,-,-,-,-,-,https://tutor-online1.fbcontent.cn/growth/internal-material/1780984422492.3c6e9495c641a24d19839600be35471f.mp4,0526-199双科-自产-自产二-王晶-亿晨-子衿-A6-B1-有-1,20260613,贾子矜,贾子矜,199元高中双科提分课,199元高中双科提分课,自投放,自有,自产原创,wangjiananbj03,4.94,0,0,0,23.19,0,0,0.47%,0%,-,0,0
0cbb838e1e1acfb4319bdaf8919a219b,-,-,-,-,-,https://tutor-online1.fbcontent.cn/growth/internal-material/1779420285020.0cbb838e1e1acfb4319bdaf8919a219b.mp4,0508-199双科-自产-自产二-莉娜-曲中雨-子衿-A6-B1-无-4,20260613,贾子矜,贾子矜,199元高中双科提分课,199元高中双科提分课,自投放,自有,自产原创,wangjiananbj03,0.1,0,0,0,6.67,0,0,0.00%,0.00%,-,0,0
9d4310a0e4fa36bd7341c0d925ed54f4,-,-,-,-,-,https://tutor-online1.fbcontent.cn/growth/internal-material/1780918130852.9d4310a0e4fa36bd7341c0d925ed54f4.mp4,0520-199双科-自产-自产主-李博-曲中雨-浩正-A6-B2-无-10,20260613,杜浩正,韩晨国,199元高中双科提分课,199元高中双科提分课,自投放,自有,自产原创,wangjiananbj03,13.11,0,0,0,192.79,0,0,0.00%,0.00%,-,0,0
95ddad961cb46d1dce0148ee3f3fccac,-,-,-,-,-,https://tutor-online1.fbcontent.cn/growth/internal-material/1781169457838.95ddad961cb46d1dce0148ee3f3fccac.mp4,0611-状元笔记-自产-自产主--视觉锤-雅迪-A6-B5-有-44,20260613,王雅迪,王雅迪,高中手写笔记,高中手写笔记,自投放,自有,自产原创,wangjiananbj03,62.57,0,0,0,57.99,0,0,1.11%,0%,-,0,0
d45f58045c95b0d469ee489982203caa,-,-,-,-,-,https://tutor-online1.fbcontent.cn/growth/internal-material/1777260376051.d45f58045c95b0d469ee489982203caa.mp4,0423-199双科-自产-自产二-李博-曲中雨-子衿-A7-B2-有-25,20260613,贾子矜,贾子矜,199元高中双科提分课,199元高中双科提分课,自投放,自有,自产原创,wangjiananbj03,0,199,1,0,0,0,0,0.00%,0.00%,-,0,0
4a845abf7e146783de66c98eacfec55a,-,-,-,-,-,https://tutor-online1.fbcontent.cn/growth/internal-material/1780908443186.4a845abf7e146783de66c98eacfec55a.mp4,0603-9物-自产-自产二-李博-视觉锤-浩正-A5-B1-有-11,20260613,杜浩正,杜浩正,9元高中物理李博,9元高中物理李博,申坤,自有,自产原创,wangruixuebj01,2.89,0,0,0,93.23,963.33,0,9.68%,0%,-,0,0
dd8e8f391432cfc750aadd2ffb4412a2,-,-,-,-,-,https://tutor-online1.fbcontent.cn/growth/internal-material/1776416966997.dd8e8f391432cfc750aadd2ffb4412a2.mp4,0415-9物-自产-自产主-李博-曲中雨-子衿-A6-B1-有-13-前贴1,20260613,贾子矜,贾子矜,9元高中物理李博,9元高中物理李博,玄武,自有,自产原创,wangruixuebj01,0,0,0,0,0,0,0,0.00%,0.00%,-,0,0
128ead371d9cddcf1d01a6a159df5827,-,-,-,-,-,https://tutor-online1.fbcontent.cn/growth/internal-material/1781169457824.128ead371d9cddcf1d01a6a159df5827.mp4,0611-状元笔记-自产-自产主--视觉锤-雅迪-A6-B5-有-41,20260613,王雅迪,王雅迪,高中手写笔记,高中手写笔记,自投放,自有,自产原创,wangjiananbj03,4.62,0,0,0,184.8,0,0,4.00%,0%,-,0,0
6a062533224356f71ae6d13fd13df610,-,-,-,-,-,https://tutor-online1.fbcontent.cn/growth/internal-material/1776676823648.6a062533224356f71ae6d13fd13df610.mp4,0415-9物-自产-自产主-李博-视觉锤-雅迪-A5-B2-无-5,20260613,王雅迪,王雅迪,9元高中物理李博,9元高中物理李博,申坤,自有,自产原创,wangruixuebj01,1.77,0,0,0,52.06,1770,0,2.94%,0%,-,0,0
c09633714244b97fef44cea2ddecf6d0,-,-,-,-,-,https://tutor-online1.fbcontent.cn/growth/internal-material/1781082698490.c09633714244b97fef44cea2ddecf6d0.mp4,0604-状元笔记-自产-混剪--曲中雨-嘉丽---有-2,20260613,魏嘉丽,魏嘉丽,高中手写笔记,高中手写笔记,自投放,自有,自产原创,wangjiananbj03,11.31,0,0,0,48.54,0,0,2.58%,0%,-,0,0
8bdc1ba34ce2e8b68499b3b7518c151c,-,-,-,-,-,https://tutor-online1.fbcontent.cn/growth/internal-material/1780984422526.8bdc1ba34ce2e8b68499b3b7518c151c.mp4,0526-199双科-自产-自产主-王晶-亿晨-子衿-A5-B2-有-5,20260613,贾子矜,贾子矜,199元高中双科提分课,199元高中双科提分课,自投放,自有,自产原创,wangjiananbj03,5.98,0,0,0,73.83,5980,0,1.23%,0%,-,0,0
39e35166a82b50a71a6f2340aeff1735,-,-,-,-,-,https://tutor-online1.fbcontent.cn/growth/internal-material/1781063589648.39e35166a82b50a71a6f2340aeff1735.mp4,0603-199双科-自产-自产主-李博-曲中雨-嘉丽-A5-B1-无-13,20260613,魏嘉丽,魏嘉丽,199元高中双科提分课,199元高中双科提分课,自投放,自有,自产原创,wangjiananbj03,3.9,0,0,0,229.41,0,0,0.00%,0.00%,-,0,0
dea61f08d7d1fca00d9e6bfaf25aaa3b,-,-,-,-,-,https://tutor-online1.fbcontent.cn/growth/internal-material/1779442327585.dea61f08d7d1fca00d9e6bfaf25aaa3b.mp4,0521-9物-自产-自产二-李博-曲中雨-小敏-A5效果保证-B2提分刚需-有-18,20260613,曲敏,曲敏,9元高中物理李博,9元高中物理李博,申坤,自有,自产原创,wangruixuebj01,0.41,0,0,0,19.52,0,0,0.00%,0.00%,-,0,0
f73474b3595571b16bb9286be6d410c4,-,-,-,-,-,https://tutor-online1.fbcontent.cn/growth/internal-material/1780041102286.f73474b3595571b16bb9286be6d410c4.mp4,0520-199双科-自产-自产主-李博-视觉锤-小敏-A1-B6-无-21,20260613,曲敏,曲敏,199元高中双科提分课,199元高中双科提分课,自投放,自有,自产原创,wangjiananbj03,19.56,0,0,0,191.76,19560,0,4.90%,0%,-,0,0
5172a043c925389ec1124bc0a26100c7,-,-,-,-,-,https://tutor-online1.fbcontent.cn/growth/internal-material/1780917988304.5172a043c925389ec1124bc0a26100c7.mp4,0513-199双科-自产-自产主-李博-曲中雨-嘉丽-A6-B1-无-29,20260613,魏嘉丽,韩晨国,199元高中双科提分课,199元高中双科提分课,自投放,自有,自产原创,wangjiananbj03,239.25,0,0,0,63.31,5835.37,0,9.98%,0%,-,0,0
9544608645a9ffc0788e4822661778ad,-,-,-,-,-,https://tutor-online1.fbcontent.cn/growth/internal-material/1779701237419.9544608645a9ffc0788e4822661778ad.mp4,0521-9物-自产-自产二-李博-曲中雨-浩正-A5效果保证-B2提分刚需-无-6,20260613,杜浩正,杜浩正,9元高中物理李博,9元高中物理李博,申坤,自有,自产原创,wangruixuebj01,1.22,0,0,0,58.1,0,0,0.00%,0.00%,-,0,0
c17e3ba60ee9e1451ccbc72456bb25ae,-,-,-,-,-,https://tutor-online1.fbcontent.cn/growth/internal-material/1780918129724.c17e3ba60ee9e1451ccbc72456bb25ae.mp4,0520-199双科-自产-自产二-李博-曲中雨-浩正-A5-B2-无-6,20260613,杜浩正,韩晨国,199元高中双科提分课,199元高中双科提分课,自投放,自有,自产原创,wangjiananbj03,30.26,0,0,0,99.21,4322.86,0,3.93%,0%,-,0,0
b15470feab69c92b51e5b50af5de5d84,-,-,-,-,-,https://tutor-online1.fbcontent.cn/growth/internal-material/1780656483738.b15470feab69c92b51e5b50af5de5d84.mp4,0603-9物-自产-自产主-李博-视觉锤-浩正-A5-B1-有-14,20260613,杜浩正,杜浩正,9元高中物理李博,9元高中物理李博,申坤,自有,自产原创,wangruixuebj01,4.24,0,0,0,100.95,0,0,0.00%,0.00%,-,0,0
d8b8b4730be89378f60d527c9bf7a00d,-,-,-,-,-,https://tutor-online1.fbcontent.cn/growth/internal-material/1781093591451.d8b8b4730be89378f60d527c9bf7a00d.mp4,6月4日 (3)(5),20260613,贾子矜,贾子矜,199元高中双科提分课,199元高中双科提分课,自投放,自有,自产原创,wangjiananbj03,0.02,0,0,0,20,0,0,0.00%,0.00%,-,0,0
b8b0850633f3a3d722baf4c3f79231c6,-,-,-,-,-,https://tutor-online1.fbcontent.cn/growth/internal-material/1775195764463.b8b0850633f3a3d722baf4c3f79231c6.mp4,0305-9物-自产-自产混-李博-云梵-雅迪-A7-B3-无-16,20260613,王雅迪,王雅迪,9元高中物理李博,9元高中物理李博,申坤,自有,自产混剪,wangruixuebj01,0.85,0,0,0,106.25,0,0,12.50%,0%,-,0,0
bf156c45c46105734609aa1c5b796dc9,-,-,-,-,-,https://tutor-online1.fbcontent.cn/growth/internal-material/1781080053775.bf156c45c46105734609aa1c5b796dc9.mp4,0608-199双科-自产-自产二-王晶-亿晨-婷玉-A1-B4B5-无-8,20260613,吴婷玉,吴婷玉,199元高中双科提分课,199元高中双科提分课,自投放,自有,自产原创,wangjiananbj03,7.08,0,0,0,172.68,0,0,0.00%,0.00%,-,0,0
65ca816b5470092b973b772da4bd0398,-,-,-,-,-,https://tutor-online1.fbcontent.cn/growth/internal-material/1780072082868.65ca816b5470092b973b772da4bd0398.mov,0422-9物-自产-自产主-李博-曲中雨-子衿-A6-B1B2-有-11.mp4,20260613,贾子矜,贾子矜,9元高中物理李博,9元高中物理李博,申坤,自有,自产原创,wangruixuebj01,0,0,0,0,0,0,0,0.00%,0.00%,-,0,0
07a1aeee25a594eb9f30f86bb5e4925b,-,-,-,-,-,https://tutor-online1.fbcontent.cn/growth/internal-material/1779420155484.07a1aeee25a594eb9f30f86bb5e4925b.mp4,0514-199双科-自产-自产主-王晶-曲中雨-忍哥--B1-无-20,20260613,王雅迪,王雅迪,199元高中双科提分课,199元高中双科提分课,自投放,自有,自产原创,wangjiananbj03,0.11,0,0,0,22,0,0,0.00%,0.00%,-,0,0
873606aa1dfd8e0d5ddcba5152826842,-,-,-,-,-,https://tutor-online1.fbcontent.cn/growth/internal-material/1780072082928.873606aa1dfd8e0d5ddcba5152826842.mov,0324-9物-自产-自产主-李博-曲中雨-子衿-A2-B1-有-20-前贴3.mp4,20260613,贾子矜,贾子矜,9元高中物理李博,9元高中物理李博,申坤,自有,自产原创,wangruixuebj01,0.01,0,0,0,3.33,0,0,0.00%,0.00%,-,0,0
520091a00cf6570d00e3ea45a0aeb4ba,-,-,-,-,-,https://tutor-online1.fbcontent.cn/growth/internal-material/1780060825941.520091a00cf6570d00e3ea45a0aeb4ba.mp4,0512-199双科-自产-自产主-王晶-云梵-小敏--B1-无-23,20260613,曲敏,韩晨国,199元高中双科提分课,199元高中双科提分课,自投放,自有,自产原创,wangjiananbj03,1.79,0,0,0,162.73,0,0,0.00%,0.00%,-,0,0
ed614a2eb44b5fe0176d925f46bd2a80,-,-,-,-,-,https://tutor-online1.fbcontent.cn/growth/internal-material/1780984420344.ed614a2eb44b5fe0176d925f46bd2a80.mp4,0526-199双科-自产-自产二-王晶-亿晨-子衿-A7-B2-有-2,20260613,贾子矜,贾子矜,199元高中双科提分课,199元高中双科提分课,自投放,自有,自产原创,wangjiananbj03,0.68,0,0,0,29.57,0,0,0.00%,0.00%,-,0,0
3d67e40744a99822d3f78f6380a8c88b,-,-,-,-,-,https://tutor-online1.fbcontent.cn/growth/internal-material/1780918070709.3d67e40744a99822d3f78f6380a8c88b.mp4,0512-199双科-自产-自产主-王晶-曲中雨-雅迪---有-10,20260613,王雅迪,韩晨国,199元高中双科提分课,199元高中双科提分课,自投放,自有,自产原创,wangjiananbj03,87.24,0,0,0,72.7,43620,0,5.08%,0%,-,0,0
d8c4cdf2337bcc647b228b69ff5d044d,-,-,-,-,-,https://tutor-online1.fbcontent.cn/growth/internal-material/1780917990603.d8c4cdf2337bcc647b228b69ff5d044d.mp4,0513-199双科-自产-自产二-李博-曲中雨-嘉丽-A7-B1-无-35,20260613,魏嘉丽,韩晨国,199元高中双科提分课,199元高中双科提分课,自投放,自有,自产原创,wangjiananbj03,187.83,199,1,1.06,57.46,31305,187.83,3.98%,0.77%,-,0.31,33166.67
c1cd5fb7814f25b1cce9b2d6e3a038f5,-,-,-,-,-,https://tutor-online1.fbcontent.cn/growth/internal-material/1775548229416.c1cd5fb7814f25b1cce9b2d6e3a038f5.mp4,0401-9物-自产-自产二-李博-曲中雨-子衿-A3-B1-有-23-前贴2,20260613,贾子矜,贾子矜,9元高中物理李博,9元高中物理李博,玄武,自有,自产原创,wangruixuebj01,118.01,0,0,0,87.35,5619.52,0,1.26%,0%,-,0,0
132bf30a0c824a6229b5f61965b03785,-,-,-,-,-,https://tutor-online1.fbcontent.cn/growth/internal-material/1781082476133.132bf30a0c824a6229b5f61965b03785.mp4,0527-199双科-自产-自产二-李博-视觉锤-嘉丽-A7-B1-无-12,20260613,魏嘉丽,魏嘉丽,199元高中双科提分课,199元高中双科提分课,自投放,自有,自产原创,wangjiananbj03,1.87,0,0,0,44.52,0,0,0.00%,0.00%,-,0,0
44ce21a822864f9d09a9b96fe22e22c5,-,-,-,-,-,https://tutor-online1.fbcontent.cn/growth/internal-material/1777262078337.44ce21a822864f9d09a9b96fe22e22c5.mp4,0422-9物-自产-自产主-李博-曲中雨-子衿-A6-B1B2-无-11,20260613,贾子矜,贾子矜,9元高中物理李博,9元高中物理李博,申坤,自有,自产原创,wangruixuebj01,27.98,0,0,0,86.09,9326.67,0,0.92%,0%,-,0,0
1b641a95c5d4175769b8eeaba3992a8a,-,-,-,-,-,https://tutor-online1.fbcontent.cn/growth/internal-material/1780975966870.1b641a95c5d4175769b8eeaba3992a8a.mp4,0527-9物-自产-自产二-李博-曲中雨-子衿-A6-B3-有-9,20260613,贾子矜,韩晨国,9元高中物理李博,9元高中物理李博,申坤,自有,自产原创,wangruixuebj01,6.18,0,0,0,257.5,0,0,0.00%,0.00%,-,0,0
94190db6af096480040b2b312b4511bc,-,-,-,-,-,https://tutor-online1.fbcontent.cn/growth/internal-material/1778666025083.94190db6af096480040b2b312b4511bc.mp4,0508-199双科-自产-自产主-李博-曲中雨-子衿-A6-B1-无-6,20260613,贾子矜,贾子矜,199元高中双科提分课,199元高中双科提分课,自投放,自有,自产原创,wangjiananbj03,0.84,0,0,0,105,0,0,0.00%,0.00%,-,0,0
3cd2f91e0cd0695b559b59b6d5826bff,-,-,-,-,-,https://tutor-online1.fbcontent.cn/growth/internal-material/1780984421192.3cd2f91e0cd0695b559b59b6d5826bff.mp4,0526-199双科-自产-自产主-王晶-亿晨-子衿-A7-B1-有-4,20260613,贾子矜,贾子矜,199元高中双科提分课,199元高中双科提分课,自投放,自有,自产原创,wangjiananbj03,0.27,0,0,0,10.38,0,0,0.00%,0.00%,-,0,0
869591d137c17f26479b8b5c6d71916a,-,-,-,-,-,https://tutor-online1.fbcontent.cn/growth/internal-material/1780656485281.869591d137c17f26479b8b5c6d71916a.mp4,0603-9物-自产-自产主-李博-视觉锤-浩正-A5-B1-有-12,20260613,杜浩正,杜浩正,9元高中物理李博,9元高中物理李博,申坤,自有,自产原创,wangruixuebj01,30.67,0,0,0,150.34,3067,0,4.41%,0%,-,0,0
94535b49b95f8aabfaba2d68357a4718,-,-,-,-,-,https://tutor-online1.fbcontent.cn/growth/internal-material/1780061371629.94535b49b95f8aabfaba2d68357a4718.mp4,0514-199双科-自产-自产二-王晶-曲中雨-浩正-A5-B2-无-8,20260613,杜浩正,韩晨国,199元高中双科提分课,199元高中双科提分课,自投放,自有,自产原创,wangjiananbj03,93.05,0,0,0,467.59,93050,0,1.01%,0%,-,0,0
342bc2ca1388ca3ba82463fcfb41a014,-,-,-,-,-,https://tutor-online1.fbcontent.cn/growth/internal-material/1779258777243.342bc2ca1388ca3ba82463fcfb41a014.mp4,0514-199双科-自产-自产二-王晶-曲中雨-子衿--B2-无-3,20260613,贾子矜,贾子矜,199元高中双科提分课,199元高中双科提分课,自投放,自有,自产原创,wangjiananbj03,0.45,0,0,0,5.36,0,0,0.00%,0.00%,-,0,0
72f97867842e4213d6a2e317d121163c,-,-,-,-,-,https://tutor-online1.fbcontent.cn/growth/internal-material/1780984421539.72f97867842e4213d6a2e317d121163c.mp4,0526-199双科-自产-自产二-王晶-亿晨-子衿-A5-B1-有-3,20260613,贾子矜,贾子矜,199元高中双科提分课,199元高中双科提分课,自投放,自有,自产原创,wangjiananbj03,18.55,0,0,0,49.07,9275,0,4.50%,0%,-,0,0
60fda511de23511be14bbd8d8186fc12,-,-,-,-,-,https://tutor-online1.fbcontent.cn/growth/internal-material/1778581745046.60fda511de23511be14bbd8d8186fc12.mp4,0508-199双科-自产-自产主-李博-视觉锤-雅迪-A5-B1-无-17,20260613,王雅迪,王雅迪,199元高中双科提分课,199元高中双科提分课,自投放,自有,自产原创,wangjiananbj03,14.98,0,0,0,159.36,0,0,2.13%,0%,-,0,0
cd4f635687beaa20e346a767501e2797,-,-,-,-,-,https://tutor-online1.fbcontent.cn/growth/internal-material/1780397766113.cd4f635687beaa20e346a767501e2797.mp4,0527-9物-自产-自产二-李博-曲中雨-浩正-A5-B1-无-14-直播间,20260613,杜浩正,杜浩正,9元高中物理李博,9元高中物理李博,申坤,自有,自产原创,wangruixuebj01,0.39,0,0,0,35.45,0,0,0.00%,0.00%,-,0,0
ef615c20d3f846117e103177fd831cb1,-,-,-,-,-,https://tutor-online1.fbcontent.cn/growth/internal-material/1781082526964.ef615c20d3f846117e103177fd831cb1.mp4,0603-199双科-自产-自产二-李博-视觉锤-嘉丽-A5-B1-无-14,20260613,魏嘉丽,魏嘉丽,199元高中双科提分课,199元高中双科提分课,自投放,自有,自产原创,wangjiananbj03,0.89,0,0,0,68.46,0,0,0.00%,0.00%,-,0,0
b49f6df3079d47ae88afb68b055e186e,-,-,-,-,-,https://tutor-online1.fbcontent.cn/growth/internal-material/1780983143488.b49f6df3079d47ae88afb68b055e186e.mp4,6月4日 (3)(9),20260613,贾子矜,贾子矜,199元高中双科提分课,199元高中双科提分课,自投放,自有,自产原创,wangjiananbj03,0.01,0,0,0,3.33,0,0,0.00%,0.00%,-,0,0
859ea1a3c90c6721f6de45e83f0a882c,-,-,-,-,-,https://tutor-online1.fbcontent.cn/growth/internal-material/1780984420334.859ea1a3c90c6721f6de45e83f0a882c.mp4,0526-199双科-自产-自产主-王晶-亿晨-子衿-A7-B2-有-2,20260613,贾子矜,贾子矜,199元高中双科提分课,199元高中双科提分课,自投放,自有,自产原创,wangjiananbj03,50.98,0,0,0,78.79,8496.67,0,4.48%,0%,-,0,0
3a324750384c341ebf397fddbb5df587,-,-,-,-,-,https://tutor-online1.fbcontent.cn/growth/internal-material/1781090317115.3a324750384c341ebf397fddbb5df587.mp4,0603-199双科-自产-自产二-李博-视觉锤-嘉丽-A5-B1-有-14,20260613,魏嘉丽,魏嘉丽,199元高中双科提分课,高中手写笔记,自投放,自有,自产原创,wangjiananbj03,2.37,0,0,0,474,2370,0,20.00%,0%,-,0,0
df0c3a8dd88939a25d19b29c2002f0ec,-,-,-,-,-,https://tutor-online1.fbcontent.cn/growth/internal-material/1780984421202.df0c3a8dd88939a25d19b29c2002f0ec.mp4,0526-199双科-自产-自产主-王晶-亿晨-子衿-A5-B1-有-3,20260613,贾子矜,贾子矜,199元高中双科提分课,199元高中双科提分课,自投放,自有,自产原创,wangjiananbj03,16.37,0,0,0,215.39,0,0,0.00%,0.00%,-,0,0
33043787b8aed0ed02a9988ab9e90eaa,-,-,-,-,-,https://tutor-online1.fbcontent.cn/growth/internal-material/1779706266619.33043787b8aed0ed02a9988ab9e90eaa.mp4,0520-199双科-自产-自产主-李博-曲中雨-子衿-A5-B1-有-5,20260613,贾子矜,贾子矜,199元高中双科提分课,199元高中双科提分课,自投放,自有,自产原创,wangjiananbj03,27.03,0,0,0,172.17,27030,0,1.91%,0%,-,0,0
6427526d0a06f379e4d656e2bf9f0211,-,-,-,-,-,https://tutor-online1.fbcontent.cn/growth/internal-material/1780401039349.6427526d0a06f379e4d656e2bf9f0211.mov,0601-状元笔记-自产-自产主--瑞晨-雅迪---有-12,20260613,王雅迪,王雅迪,高中手写笔记,高中手写笔记,自投放,自有,自产原创,wangjiananbj03,0.02,0,0,0,2,0,0,0.00%,0.00%,-,0,0
ac3ea3e200a190db509f844a99397302,-,-,-,-,-,https://tutor-online1.fbcontent.cn/growth/internal-material/1779280034072.ac3ea3e200a190db509f844a99397302.mp4,0513-199双科-自产-自产主-李博-视觉锤-雅迪-A5-B2-有-17,20260613,王雅迪,王雅迪,199元高中双科提分课,199元高中双科提分课,自投放,自有,自产原创,wangjiananbj03,0.03,0,0,0,15,0,0,0.00%,0.00%,-,0,0
589361d2f2a8b197bca3083799303965,-,-,-,-,-,https://tutor-online1.fbcontent.cn/growth/internal-material/1775810424487.589361d2f2a8b197bca3083799303965.mp4,0317-199物-自产-自产主-李博-曲中雨-浩正-A6-B2-无-21,20260613,杜浩正,杜浩正,199元高中双科提分课,199元高中双科提分课,自投放,自有,自产原创,wangjiananbj03,5.46,0,0,0,95.79,0,0,0.00%,0.00%,-,0,0
f6239f34d1472a35204b53e68b3f482f,-,-,-,-,-,https://tutor-online1.fbcontent.cn/growth/internal-material/1780975965281.f6239f34d1472a35204b53e68b3f482f.mp4,0527-9物-自产-自产主-李博-曲中雨-子衿-A5-B2-有-7,20260613,贾子矜,韩晨国,9元高中物理李博,9元高中物理李博,申坤,自有,自产原创,wangruixuebj01,6.46,0,0,0,129.2,0,0,4.00%,0%,-,0,0
5b4610c0c4ce9e34730f09ab78e12e2e,-,-,-,-,-,https://tutor-online1.fbcontent.cn/growth/internal-material/1780060825253.5b4610c0c4ce9e34730f09ab78e12e2e.mp4,0512-199双科-自产-自产主-王晶-云梵-小敏--B1-无-21,20260613,曲敏,韩晨国,199元高中双科提分课,199元高中双科提分课,自投放,自有,自产原创,wangjiananbj03,82,0,0,0,109.48,8200,0,3.07%,0%,-,0,0
b8ae1008e6bbbfe90e9257be16acc0d9,-,-,-,-,-,https://tutor-online1.fbcontent.cn/growth/internal-material/1780060959521.b8ae1008e6bbbfe90e9257be16acc0d9.mp4,0514-199双科-自产-自产主-王晶-曲中雨-子衿--B2-无-5,20260613,贾子矜,韩晨国,199元高中双科提分课,199元高中双科提分课,自投放,自有,自产原创,wangjiananbj03,1.36,0,0,0,28.33,0,0,6.25%,0%,-,0,0
cca311b3e5564492c7f183ffc34588d4,-,-,-,-,-,https://tutor-online1.fbcontent.cn/growth/internal-material/1780906799298.cca311b3e5564492c7f183ffc34588d4.mp4,0603-9物-自产-自产主-李博-曲中雨-子衿-A3-B1-有-4-直播间,20260613,贾子矜,贾子矜,9元高中物理李博,9元高中物理李博,申坤,自有,自产原创,wangruixuebj01,10.31,0,0,0,56.65,3436.67,0,2.20%,0%,-,0,0
65f16da3db05f043d9c6ace3085d3395,-,-,-,-,-,https://tutor-online1.fbcontent.cn/growth/internal-material/1775195734476.65f16da3db05f043d9c6ace3085d3395.mp4,0312-9物-自产-自产混-李博-云梵-雅迪-A2-B2-无-37,20260613,王雅迪,王雅迪,9元高中物理李博,9元高中物理李博,申坤,自有,自产混剪,wangruixuebj01,0.1,0,0,0,50,0,0,0.00%,0.00%,-,0,0
3c6e3a0a16e97f85bce25ed70e4de729,-,-,-,-,-,https://tutor-online1.fbcontent.cn/growth/internal-material/1779470002892.3c6e3a0a16e97f85bce25ed70e4de729.mp4,0521-9物-自产-自产二-李博-曲中雨-子衿-A5效果保证-B1效果方法体系-无-4,20260613,贾子矜,贾子矜,9元高中物理李博,9元高中物理李博,申坤,自有,自产原创,wangruixuebj01,0.05,0,0,0,25,0,0,0.00%,0.00%,-,0,0
0cdd0c66a10501f45a7a11c66f36b5ee,-,-,-,-,-,https://tutor-online1.fbcontent.cn/growth/internal-material/1779702538778.0cdd0c66a10501f45a7a11c66f36b5ee.mp4,0520-199双科-自产-自产二-李博-视觉锤-雅迪-A5-B1-无-14,20260613,王雅迪,王雅迪,199元高中双科提分课,199元高中双科提分课,自投放,自有,自产原创,wangjiananbj03,0.04,0,0,0,13.33,0,0,0.00%,0.00%,-,0,0
58167d69f15fa28564f3262d02c925e3,-,-,-,-,-,https://tutor-online1.fbcontent.cn/growth/internal-material/1780917987904.58167d69f15fa28564f3262d02c925e3.mp4,0513-199双科-自产-自产主-李博-曲中雨-嘉丽-A5-B1-无-33,20260613,魏嘉丽,韩晨国,199元高中双科提分课,199元高中双科提分课,自投放,自有,自产原创,wangjiananbj03,174.36,0,0,0,85.35,29060,0,5.04%,0%,-,0,0
ed614a2eb44b5fe0176d925f46bd2a80,-,-,-,-,-,https://tutor-online1.fbcontent.cn/growth/internal-material/1780984420344.ed614a2eb44b5fe0176d925f46bd2a80.mp4,0526-199双科-自产-自产二-王晶-亿晨-子衿-A7-B2-有-2,20260613,贾子矜,贾子矜,199元高中双科提分课,199元高中双科提分课,自投放,自有,自产原创,wangjiananbj03,27.2,0,0,0,102.26,9066.67,0,6.02%,0%,-,0,0
e5ebb13fc82ffbc050a534301b168e8b,-,-,-,-,-,https://tutor-online1.fbcontent.cn/growth/internal-material/1780560673801.e5ebb13fc82ffbc050a534301b168e8b.mp4,0526-199双科-自产-自产主-王晶-亿晨-小敏-A7-B5-有-11,20260613,曲敏,曲敏,199元高中双科提分课,199元高中双科提分课,自投放,自有,自产原创,wangjiananbj03,3.26,0,0,0,21.03,1086.67,0,1.94%,0%,-,0,0
6785fd451d54ea629c997c9ef8886e19,-,-,-,-,-,https://tutor-online1.fbcontent.cn/growth/internal-material/1779456252634.6785fd451d54ea629c997c9ef8886e19.mp4,0429-199双科-自产-自产主-李博-曲中雨-浩正-A7-B2-无-22,20260613,杜浩正,韩晨国,199元高中双科提分课,199元高中双科提分课,自投放,自有,自产原创,wangjiananbj03,9.15,0,0,0,653.57,9150,0,7.14%,0%,-,0,0
4aa4efe718783c875655e5907efaa85c,-,-,-,-,-,https://tutor-online1.fbcontent.cn/growth/internal-material/1775195733359.4aa4efe718783c875655e5907efaa85c.mp4,0312-9物-自产-自产混-李博-云梵-雅迪-A6-B1B2-无-30,20260613,王雅迪,王雅迪,9元高中物理李博,9元高中物理李博,申坤,自有,自产混剪,wangruixuebj01,0.1,0,0,0,100,0,0,0.00%,0.00%,-,0,0
a187e23c48362fa585167460012fcf8d,-,-,-,-,-,https://tutor-online1.fbcontent.cn/growth/internal-material/1781082698354.a187e23c48362fa585167460012fcf8d.mp4,0604-状元笔记-自产-混剪--曲中雨-嘉丽---有-8,20260613,魏嘉丽,魏嘉丽,高中手写笔记,高中手写笔记,自投放,自有,自产原创,wangjiananbj03,24.73,149,1,6.03,79.77,0,24.73,1.94%,16.67%,-,3.23,0
bf268ed5822f259dc499a68e2c5e97a9,-,-,-,-,-,https://tutor-online1.fbcontent.cn/growth/internal-material/1779442298652.bf268ed5822f259dc499a68e2c5e97a9.mp4,0521-9物-自产-自产二-李博-曲中雨-小敏-A1价格拆解-B6线下对比-无-17,20260613,曲敏,曲敏,9元高中物理李博,9元高中物理李博,申坤,自有,自产原创,wangruixuebj01,0.01,0,0,0,10,0,0,0.00%,0.00%,-,0,0
6f4365c16fd858464692d65671b1a24d,-,-,-,-,-,https://tutor-online1.fbcontent.cn/growth/internal-material/1779420327448.6f4365c16fd858464692d65671b1a24d.mp4,0508-199双科-自产-自产主-莉娜-曲中雨-子衿-A6-B1-无-4,20260613,贾子矜,贾子矜,199元高中双科提分课,199元高中双科提分课,自投放,自有,自产原创,wangjiananbj03,0.46,0,0,0,11.22,0,0,0.00%,0.00%,-,0,0
e938c01e963ad0f4c44c706f0304a49e,-,-,-,-,-,https://tutor-online1.fbcontent.cn/growth/internal-material/1779953135567.e938c01e963ad0f4c44c706f0304a49e.mp4,0520-199双科-自产-自产主-李博-视觉锤-嘉丽-A6-B1-无-19,20260613,魏嘉丽,魏嘉丽,199元高中双科提分课,199元高中双科提分课,自投放,自有,自产原创,wangjiananbj03,0.59,0,0,0,36.88,0,0,0.00%,0.00%,-,0,0
9a7c32b2ed684da8a233eaa89db19ae5,-,-,-,-,-,https://tutor-online1.fbcontent.cn/growth/internal-material/1780061372514.9a7c32b2ed684da8a233eaa89db19ae5.mp4,0514-199双科-自产-自产主-王晶-曲中雨-浩正-A2-B2-无-10,20260613,杜浩正,韩晨国,199元高中双科提分课,199元高中双科提分课,自投放,自有,自产原创,wangjiananbj03,11.37,0,0,0,258.41,0,0,0.00%,0.00%,-,0,0
290149ec5bdce91b90a9ab0055ddefeb,-,-,-,-,-,https://tutor-online1.fbcontent.cn/growth/internal-material/1780061372821.290149ec5bdce91b90a9ab0055ddefeb.mp4,0514-199双科-自产-自产主-王晶-曲中雨-浩正-A5-B2B4-无-7,20260613,杜浩正,韩晨国,199元高中双科提分课,199元高中双科提分课,自投放,自有,自产原创,wangjiananbj03,91.6,0,0,0,188.09,9160,0,12.11%,0%,-,0,0
e33d679e6ea3f00edc089d90a617ee69,-,-,-,-,-,https://tutor-online1.fbcontent.cn/growth/internal-material/1781169457316.e33d679e6ea3f00edc089d90a617ee69.mp4,0611-状元笔记-自产-自产主--视觉锤-雅迪-A6-B5-有-43,20260613,王雅迪,王雅迪,高中手写笔记,高中手写笔记,自投放,自有,自产原创,wangjiananbj03,42.22,0,0,0,76.07,0,0,0.72%,0%,-,0,0
5832908131d5b3bb4530cdbacb98dfd2,-,-,-,-,-,https://tutor-online1.fbcontent.cn/growth/internal-material/1781082529570.5832908131d5b3bb4530cdbacb98dfd2.mp4,0603-199双科-自产-自产二-李博-视觉锤-嘉丽-A5-B1-无-12,20260613,魏嘉丽,魏嘉丽,199元高中双科提分课,199元高中双科提分课,自投放,自有,自产原创,wangjiananbj03,0.1,0,0,0,5.88,0,0,0.00%,0.00%,-,0,0
1107d1ce1afeb47e78785778e9789347,-,-,-,-,-,https://tutor-online1.fbcontent.cn/growth/internal-material/1780984420902.1107d1ce1afeb47e78785778e9789347.mp4,0526-199双科-自产-自产二-王晶-亿晨-子衿-A7-B1-有-4,20260613,贾子矜,贾子矜,199元高中双科提分课,199元高中双科提分课,自投放,自有,自产原创,wangjiananbj03,5.4,0,0,0,47.37,0,0,0.88%,0%,-,0,0
745ee7f6de7484ccc051fde7e3381074,-,-,-,-,-,https://tutor-online1.fbcontent.cn/growth/internal-material/1780983143504.745ee7f6de7484ccc051fde7e3381074.mp4,6月4日 (3),20260613,贾子矜,贾子矜,199元高中双科提分课,199元高中双科提分课,自投放,自有,自产原创,wangjiananbj03,0.03,0,0,0,30,0,0,0.00%,0.00%,-,0,0
3b3b31116d4d52e405e9dd5195396897,-,-,-,-,-,https://tutor-online1.fbcontent.cn/growth/internal-material/1774510703010.3b3b31116d4d52e405e9dd5195396897.mp4,0324-9物-自产-自产主-李博-曲中雨-子衿-A3-B2B4-有-19-前贴1,20260613,贾子矜,贾子矜,9元高中物理李博,9元高中物理李博,玄武,自有,自产原创,wangruixuebj01,2.4,0,0,0,23.76,0,0,6.93%,0%,-,0,0
83e8fe3b1394289266d8dd46b71566ef,-,-,-,-,-,https://tutor-online1.fbcontent.cn/growth/internal-material/1779440147469.83e8fe3b1394289266d8dd46b71566ef.mp4,0513-199双科-自产-自产主-李博-曲中雨-嘉丽-A1-B1-无-30,20260613,魏嘉丽,魏嘉丽,199元高中双科提分课,199元高中双科提分课,自投放,自有,自产原创,wangjiananbj03,2.29,0,0,0,71.56,0,0,0.00%,0.00%,-,0,0
59f6d862147262f983d85b7cad90601f,-,-,-,-,-,https://tutor-online1.fbcontent.cn/growth/internal-material/1780918255839.59f6d862147262f983d85b7cad90601f.mp4,0520-199双科-自产-自产二-李博-曲中雨-浩正-A7-B1-有-7,20260613,杜浩正,韩晨国,199元高中双科提分课,199元高中双科提分课,自投放,自有,自产原创,wangjiananbj03,66.38,0,0,0,61.92,4148.75,0,7.74%,0%,-,0,0
39d5d6807566c6a776270c3686825b80,-,-,-,-,-,https://tutor-online1.fbcontent.cn/growth/internal-material/1780060825586.39d5d6807566c6a776270c3686825b80.mp4,0512-199双科-自产-自产主-王晶-云梵-小敏--B1-无-22,20260613,曲敏,韩晨国,199元高中双科提分课,199元高中双科提分课,自投放,自有,自产原创,wangjiananbj03,0.66,0,0,0,31.43,0,0,4.76%,0%,-,0,0
b1c1f41c87045d6003fa4d17131ded51,-,-,-,-,-,https://tutor-online1.fbcontent.cn/growth/internal-material/1779470003786.b1c1f41c87045d6003fa4d17131ded51.mp4,0521-9物-自产-自产二-李博-曲中雨-子衿-A7方法优势-B1效果方法体系-有-2,20260613,贾子矜,贾子矜,9元高中物理李博,9元高中物理李博,申坤,自有,自产原创,wangruixuebj01,0.11,0,0,0,1.16,0,0,0.00%,0.00%,-,0,0
3f6173ca3ad5f1c96c5ead5e1f7017a0,-,-,-,-,-,https://tutor-online1.fbcontent.cn/growth/internal-material/1774350566741.3f6173ca3ad5f1c96c5ead5e1f7017a0.mp4,0319-9物-自产-自产二-李博-巽阳-子衿---有-29-前贴2,20260613,贾子矜,贾子矜,9元高中物理李博,9元高中物理李博,玄武,自有,自产原创,wangruixuebj01,0.78,0,0,0,60,0,0,0.00%,0.00%,-,0,0
fbad3696edebcfc3809fed8ce9c317f6,-,-,-,-,-,https://tutor-online1.fbcontent.cn/growth/internal-material/1777262135702.fbad3696edebcfc3809fed8ce9c317f6.mp4,0422-9物-自产-自产主-李博-曲中雨-子衿-A7-B1-有-14-前贴1,20260613,贾子矜,贾子矜,9元高中物理李博,9元高中物理李博,申坤,自有,自产原创,wangruixuebj01,19.67,9,1,0.46,44.3,1788.18,19.67,2.48%,9.09%,-,2.25,818.18
f7649b5acdc3aeb3330ff2a754d857c9,-,-,-,-,-,https://tutor-online1.fbcontent.cn/growth/internal-material/1781082475758.f7649b5acdc3aeb3330ff2a754d857c9.mp4,0527-199双科-自产-自产二-李博-视觉锤-嘉丽-A7-B1-无-14,20260613,魏嘉丽,魏嘉丽,199元高中双科提分课,199元高中双科提分课,自投放,自有,自产原创,wangjiananbj03,0.21,0,0,0,19.09,0,0,0.00%,0.00%,-,0,0
e57a4636d8d7c120471a413b8a9cd7bf,-,-,-,-,-,https://tutor-online1.fbcontent.cn/growth/internal-material/1780918254690.e57a4636d8d7c120471a413b8a9cd7bf.mp4,0520-199双科-自产-自产主-李博-曲中雨-浩正-A7-B1-有-7,20260613,杜浩正,韩晨国,199元高中双科提分课,199元高中双科提分课,自投放,自有,自产原创,wangjiananbj03,16.63,0,0,0,35.61,16630,0,5.14%,0%,-,0,0
473081ce934cddca8668528b5177c7bd,-,-,-,-,-,https://tutor-online1.fbcontent.cn/growth/internal-material/1774350653835.473081ce934cddca8668528b5177c7bd.mp4,0319-9物-自产-自产二-李博-巽阳-子衿--B2B5-无-24,20260613,贾子矜,贾子矜,9元高中物理李博,9元高中物理李博,玄武,自有,自产原创,wangruixuebj01,21.36,0,0,0,66.34,3051.43,0,2.48%,0%,-,0,0
684b47860cb98f2bee04402c40d762bc,-,-,-,-,-,https://tutor-online1.fbcontent.cn/growth/internal-material/1780917987694.684b47860cb98f2bee04402c40d762bc.mp4,0513-199双科-自产-自产二-李博-曲中雨-嘉丽-A7-B1-无-34,20260613,魏嘉丽,韩晨国,199元高中双科提分课,199元高中双科提分课,自投放,自有,自产原创,wangjiananbj03,39.22,0,0,0,138.59,9805,0,2.12%,0%,-,0,0
242ad6f33480cbc85e553e83cbfbf62f,-,-,-,-,-,https://tutor-online1.fbcontent.cn/growth/internal-material/1780560673767.242ad6f33480cbc85e553e83cbfbf62f.mp4,0526-199双科-自产-自产主-王晶-亿晨-小敏-A5-B1-有-14,20260613,曲敏,曲敏,199元高中双科提分课,199元高中双科提分课,自投放,自有,自产原创,wangjiananbj03,40.24,0,0,0,327.15,20120,0,7.32%,0%,-,0,0
02e83ab1907484bbf688107b99264e03,-,-,-,-,-,https://tutor-online1.fbcontent.cn/growth/internal-material/1781082528738.02e83ab1907484bbf688107b99264e03.mp4,0603-199双科-自产-自产二-李博-视觉锤-嘉丽-A5-B1-有-13,20260613,魏嘉丽,魏嘉丽,199元高中双科提分课,199元高中双科提分课,自投放,自有,自产原创,wangjiananbj03,0.02,0,0,0,20,0,0,0.00%,0.00%,-,0,0
8cdeda721ad44401ae7faf876df78f53,-,-,-,-,-,https://tutor-online1.fbcontent.cn/growth/internal-material/1777262038039.8cdeda721ad44401ae7faf876df78f53.mp4,0422-9物-自产-自产二-李博-曲中雨-子衿-A7-B1-无-14,20260613,贾子矜,贾子矜,9元高中物理李博,9元高中物理李博,申坤,自有,自产原创,wangruixuebj01,0.01,0,0,0,2.5,0,0,0.00%,0.00%,-,0,0
94a9716c21d134442dc7400029c76b5c,-,-,-,-,-,https://tutor-online1.fbcontent.cn/growth/internal-material/1780656482857.94a9716c21d134442dc7400029c76b5c.mp4,0603-9物-自产-自产主-李博-视觉锤-浩正-A5-B1-有-15,20260613,杜浩正,杜浩正,9元高中物理李博,9元高中物理李博,申坤,自有,自产原创,wangruixuebj01,7.18,0,0,0,73.27,0,0,1.02%,0%,-,0,0
b98619e00675da96075d60c1e5fa7a4c,-,-,-,-,-,https://tutor-online1.fbcontent.cn/growth/internal-material/1781080054057.b98619e00675da96075d60c1e5fa7a4c.mp4,0608-199双科-自产-自产二-王晶-亿晨-婷玉-A1-B4B5-有-8,20260613,吴婷玉,吴婷玉,199元高中双科提分课,199元高中双科提分课,自投放,自有,自产原创,wangjiananbj03,32.83,0,0,0,295.77,0,0,0.90%,0%,-,0,0
cf6b11945385e0a380ca1f3aa032ba1c,-,-,-,-,-,https://tutor-online1.fbcontent.cn/growth/internal-material/1781063588971.cf6b11945385e0a380ca1f3aa032ba1c.mp4,0603-199双科-自产-自产主-李博-曲中雨-嘉丽-A5-B1-有-14,20260613,魏嘉丽,魏嘉丽,199元高中双科提分课,199元高中双科提分课,自投放,自有,自产原创,wangjiananbj03,0.52,0,0,0,47.27,0,0,0.00%,0.00%,-,0,0
d43e1557c7cf9338cf13269871a9d7b5,-,-,-,-,-,https://tutor-online1.fbcontent.cn/growth/internal-material/1775548306156.d43e1557c7cf9338cf13269871a9d7b5.mp4,0401-9物-自产-自产主-李博-曲中雨-子衿-A3-B1-有-23-前贴2,20260613,贾子矜,贾子矜,9元高中物理李博,9元高中物理李博,玄武,自有,自产原创,wangruixuebj01,0.01,0,0,0,10,0,0,0.00%,0.00%,-,0,0
8bcdb128219d46e8c72428a69157940b,-,-,-,-,-,https://tutor-online1.fbcontent.cn/growth/internal-material/1779706246544.8bcdb128219d46e8c72428a69157940b.mp4,0520-199双科-自产-自产二-李博-曲中雨-子衿-A5-B1-有-5,20260613,贾子矜,贾子矜,199元高中双科提分课,199元高中双科提分课,自投放,自有,自产原创,wangjiananbj03,0.9,0,0,0,180,0,0,0.00%,0.00%,-,0,0
d1eadd12931282dd7b564335b0c72cee,-,-,-,-,-,https://tutor-online1.fbcontent.cn/growth/internal-material/1776416890891.d1eadd12931282dd7b564335b0c72cee.mp4,0415-9物-自产-自产二-李博-曲中雨-子衿-A6-B1-有-14,20260613,贾子矜,贾子矜,9元高中物理李博,9元高中物理李博,玄武,自有,自产原创,wangruixuebj01,0.07,0,0,0,14,0,0,0.00%,0.00%,-,0,0
bf866b6e44e64ed9ab37df38cbc1647c,-,-,-,-,-,https://tutor-online1.fbcontent.cn/growth/internal-material/1779279974075.bf866b6e44e64ed9ab37df38cbc1647c.mp4,0513-199双科-自产-自产主-李博-视觉锤-雅迪-A5-B1-有-15,20260613,王雅迪,王雅迪,199元高中双科提分课,199元高中双科提分课,自投放,自有,自产原创,wangjiananbj03,0.19,0,0,0,3.39,0,0,0.00%,0.00%,-,0,0
86f2f1d3492b6e43058fc820a3cbec00,-,-,-,-,-,https://tutor-online1.fbcontent.cn/growth/internal-material/1780061371394.86f2f1d3492b6e43058fc820a3cbec00.mp4,0514-199双科-自产-自产二-王晶-曲中雨-浩正-A2-B2-无-10,20260613,杜浩正,韩晨国,199元高中双科提分课,199元高中双科提分课,自投放,自有,自产原创,wangjiananbj03,14.69,0,0,0,146.9,4896.67,0,15.00%,0%,-,0,0
b15470feab69c92b51e5b50af5de5d84,-,-,-,-,-,https://tutor-online1.fbcontent.cn/growth/internal-material/1780656483738.b15470feab69c92b51e5b50af5de5d84.mp4,0603-9物-自产-自产主-李博-视觉锤-浩正-A5-B1-有-14,20260613,杜浩正,杜浩正,9元高中物理李博,9元高中物理李博,申坤,自有,自产原创,wangruixuebj01,0,0,0,0,0,0,0,0.00%,0.00%,-,0,0
7c9f77eb85de8eb573e502b64e67cd1b,-,-,-,-,-,https://tutor-online1.fbcontent.cn/growth/internal-material/1780060959790.7c9f77eb85de8eb573e502b64e67cd1b.mp4,0514-199双科-自产-自产主-王晶-曲中雨-子衿--B3B4-无-1,20260613,贾子矜,韩晨国,199元高中双科提分课,199元高中双科提分课,自投放,自有,自产原创,wangjiananbj03,2.34,0,0,0,68.82,0,0,8.82%,0%,-,0,0
c5feaeb993b0185fd56214b807d09091,-,-,-,-,-,https://tutor-online1.fbcontent.cn/growth/internal-material/1780060960594.c5feaeb993b0185fd56214b807d09091.mp4,0512-199双科-自产-自产二-王晶-曲中雨-子衿--B1-有-1,20260613,贾子矜,韩晨国,199元高中双科提分课,199元高中双科提分课,自投放,自有,自产原创,wangjiananbj03,0.02,0,0,0,4,20,0,20.00%,0%,-,0,0
40cd5b3cceceab4877fbf9460add984b,-,-,-,-,-,https://tutor-online1.fbcontent.cn/growth/internal-material/1780569960569.40cd5b3cceceab4877fbf9460add984b.mp4,0527-199双科-自产-自产主-李博-曲中雨-嘉丽-A6-B1-无-14,20260613,魏嘉丽,魏嘉丽,199元高中双科提分课,199元高中双科提分课,自投放,自有,自产原创,wangjiananbj03,1.51,0,0,0,29.61,0,0,5.88%,0%,-,0,0
27e2863611e76d1494191d6fe4f726a9,-,-,-,-,-,https://tutor-online1.fbcontent.cn/growth/internal-material/1779258835021.27e2863611e76d1494191d6fe4f726a9.mp4,0514-199双科-自产-自产主-王晶-曲中雨-子衿--B2-有-4,20260613,贾子矜,贾子矜,199元高中双科提分课,199元高中双科提分课,自投放,自有,自产原创,wangjiananbj03,8.32,0,0,0,198.1,0,0,0.00%,0.00%,-,0,0
c8d85e0f2a43603e4807b1cdd486ed21,-,-,-,-,-,https://tutor-online1.fbcontent.cn/growth/internal-material/1775548229436.c8d85e0f2a43603e4807b1cdd486ed21.mp4,0401-9物-自产-自产二-李博-曲中雨-子衿-A3-B1-有-23-前贴1,20260613,贾子矜,贾子矜,9元高中物理李博,9元高中物理李博,玄武,自有,自产原创,wangruixuebj01,266.01,9,1,0.03,146.89,29556.67,266.01,0.77%,7.14%,-,0.55,1000
a7c99960ac8c32064ab9e11ca344c343,-,-,-,-,-,https://tutor-online1.fbcontent.cn/growth/internal-material/1779701511663.a7c99960ac8c32064ab9e11ca344c343.mp4,0520-199双科-自产-自产二-李博-曲中雨-浩正-A6-B2-无-10,20260613,杜浩正,杜浩正,199元高中双科提分课,199元高中双科提分课,自投放,自有,自产原创,wangjiananbj03,0.1,0,0,0,33.33,0,0,0.00%,0.00%,-,0,0
3fcab02882660fdcdecf6372ad7a114b,-,-,-,-,-,https://tutor-online1.fbcontent.cn/growth/internal-material/1780041128081.3fcab02882660fdcdecf6372ad7a114b.mp4,0520-199双科-自产-自产二-李博-视觉锤-小敏-A1-B6-无-21.mp4,20260613,曲敏,曲敏,199元高中双科提分课,199元高中双科提分课,自投放,自有,自产原创,wangjiananbj03,0.3,0,0,0,3.61,0,0,1.20%,0%,-,0,0
bcad0b991620259487e1fb08fefd0b21,-,-,-,-,-,https://tutor-online1.fbcontent.cn/growth/internal-material/1781082527453.bcad0b991620259487e1fb08fefd0b21.mp4,0603-199双科-自产-自产二-李博-视觉锤-嘉丽-A5-B1-无-13,20260613,魏嘉丽,魏嘉丽,199元高中双科提分课,199元高中双科提分课,自投放,自有,自产原创,wangjiananbj03,11.78,0,0,0,140.24,5890,0,3.57%,0%,-,0,0
b2330f86c3676d2a453f50062f48b2f3,-,-,-,-,-,https://tutor-online1.fbcontent.cn/growth/internal-material/1781063590170.b2330f86c3676d2a453f50062f48b2f3.mp4,0603-199双科-自产-自产主-李博-曲中雨-嘉丽-A5-B1-有-13,20260613,魏嘉丽,魏嘉丽,199元高中双科提分课,199元高中双科提分课,自投放,自有,自产原创,wangjiananbj03,0.59,0,0,0,28.1,0,0,0.00%,0.00%,-,0,0
8d668df2abf53bcdf14c11c1295cecbb,-,-,-,-,-,https://tutor-online1.fbcontent.cn/growth/internal-material/1779470003836.8d668df2abf53bcdf14c11c1295cecbb.mp4,0521-9物-自产-自产二-李博-曲中雨-子衿-A5效果保证-B1效果方法体系-有-4,20260613,贾子矜,贾子矜,9元高中物理李博,9元高中物理李博,十人,自有,自产原创,wangruixuebj01,1211.87,18,2,0.01,229.69,32753.24,605.94,1.12%,3.39%,-,0.38,486.49
742bb10b5dfc8caff044c6811d93d7ee,-,-,-,-,-,https://tutor-online1.fbcontent.cn/growth/internal-material/1777262140189.742bb10b5dfc8caff044c6811d93d7ee.mp4,0422-9物-自产-自产主-李博-曲中雨-子衿-A7-B1-有-14-前贴2,20260613,贾子矜,贾子矜,9元高中物理李博,9元高中物理李博,申坤,自有,自产原创,wangruixuebj01,69.24,0,0,0,125.21,8655,0,2.89%,0%,-,0,0
49ffc600301c5c9f7ae19c5bed6cd8fd,-,-,-,-,-,https://tutor-online1.fbcontent.cn/growth/internal-material/1773633709179.49ffc600301c5c9f7ae19c5bed6cd8fd.mp4,0312-9物-自产-自产二-李博-巽阳YS-子衿-A6-B1B2-有-20,20260613,贾子矜,贾子矜,9元高中物理李博,9元高中物理李博,玄武,自有,自产原创,wangruixuebj01,508.86,18,2,0.04,180.45,12721.5,254.43,1.60%,4.44%,-,0.71,450
11dcef5f6ee8dd9451fb50c424ff03e6,-,-,-,-,-,https://tutor-online1.fbcontent.cn/growth/internal-material/1780983143284.11dcef5f6ee8dd9451fb50c424ff03e6.mp4,6月4日 (3)(7),20260613,贾子矜,贾子矜,199元高中双科提分课,199元高中双科提分课,自投放,自有,自产原创,wangjiananbj03,0.02,0,0,0,20,0,0,0.00%,0.00%,-,0,0
c6e85e79dbff9dddf7d9a906f4fdde98,-,-,-,-,-,https://tutor-online1.fbcontent.cn/growth/internal-material/1776416942616.c6e85e79dbff9dddf7d9a906f4fdde98.mp4,0415-9物-自产-自产主-李博-曲中雨-子衿-A6-B1-无-13,20260613,贾子矜,贾子矜,9元高中物理李博,9元高中物理李博,玄武,自有,自产原创,wangruixuebj01,0,0,0,0,0,0,0,0.00%,0.00%,-,0,0
20b8eb386392f37b747f7637c49b3ec7,-,-,-,-,-,https://tutor-online1.fbcontent.cn/growth/internal-material/1775548305351.20b8eb386392f37b747f7637c49b3ec7.mp4,0401-9物-自产-自产主-李博-曲中雨-子衿-A3-B1-有-23-前贴1,20260613,贾子矜,贾子矜,9元高中物理李博,9元高中物理李博,玄武,自有,自产原创,wangruixuebj01,5.85,0,0,0,100.86,0,0,0.00%,0.00%,-,0,0
28b2343005a3950613da6d5f0cb0dad5,-,-,-,-,-,https://tutor-online1.fbcontent.cn/growth/internal-material/1779701697305.28b2343005a3950613da6d5f0cb0dad5.mp4,0512-199双科-自产-自产二-王晶-云梵-嘉丽--B1-无-13,20260613,魏嘉丽,魏嘉丽,199元高中双科提分课,199元高中双科提分课,自投放,自有,自产原创,wangjiananbj03,0.09,0,0,0,1.22,0,0,0.00%,0.00%,-,0,0
53c7b0abfc73b5bb1ded93329e8cf033,-,-,-,-,-,https://tutor-online1.fbcontent.cn/growth/internal-material/1780569961431.53c7b0abfc73b5bb1ded93329e8cf033.mp4,0527-199双科-自产-自产主-李博-曲中雨-嘉丽-A7-B1-无-12,20260613,魏嘉丽,魏嘉丽,199元高中双科提分课,199元高中双科提分课,自投放,自有,自产原创,wangjiananbj03,17.35,0,0,0,444.87,0,0,0.00%,0.00%,-,0,0
3c6e9495c641a24d19839600be35471f,-,-,-,-,-,https://tutor-online1.fbcontent.cn/growth/internal-material/1780984422492.3c6e9495c641a24d19839600be35471f.mp4,0526-199双科-自产-自产二-王晶-亿晨-子衿-A6-B1-有-1,20260613,贾子矜,贾子矜,199元高中双科提分课,199元高中双科提分课,自投放,自有,自产原创,wangjiananbj03,30.97,0,0,0,27.46,10323.33,0,1.68%,0%,-,0,0
70bc468336640d804e502e084256be87,-,-,-,-,-,https://tutor-online1.fbcontent.cn/growth/internal-material/1780906797546.70bc468336640d804e502e084256be87.mp4,0603-9物-自产-自产主-李博-曲中雨-子衿-A3-B1-无-10-直播间,20260613,贾子矜,贾子矜,9元高中物理李博,9元高中物理李博,申坤,自有,自产原创,wangruixuebj01,1.16,0,0,0,46.4,1160,0,4.00%,0%,-,0,0
e5ebb13fc82ffbc050a534301b168e8b,-,-,-,-,-,https://tutor-online1.fbcontent.cn/growth/internal-material/1780560673801.e5ebb13fc82ffbc050a534301b168e8b.mp4,0526-199双科-自产-自产主-王晶-亿晨-小敏-A7-B5-有-11,20260613,曲敏,曲敏,199元高中双科提分课,199元高中双科提分课,自投放,自有,自产原创,wangjiananbj03,3.77,0,0,0,235.63,0,0,0.00%,0.00%,-,0,0
ee748f669050fc55649f1c867fe7f352,-,-,-,-,-,https://tutor-online1.fbcontent.cn/growth/internal-material/1780906797530.ee748f669050fc55649f1c867fe7f352.mp4,0603-9物-自产-自产主-李博-曲中雨-子衿-A3-B1-无-8-直播间,20260613,贾子矜,贾子矜,9元高中物理李博,9元高中物理李博,申坤,自有,自产原创,wangruixuebj01,1.92,0,0,0,53.33,960,0,5.56%,0%,-,0,0
1af3ac98835302c4de6b3fe9fb7b2444,-,-,-,-,-,https://tutor-online1.fbcontent.cn/growth/internal-material/1779701509612.1af3ac98835302c4de6b3fe9fb7b2444.mp4,0520-199双科-自产-自产二-李博-曲中雨-浩正-A5-B2-无-8,20260613,杜浩正,杜浩正,199元高中双科提分课,199元高中双科提分课,自投放,自有,自产原创,wangjiananbj03,27.31,0,0,0,123.02,13655,0,2.70%,0%,-,0,0
2e87fbcd6e95a9755794a6fbade4cbf3,-,-,-,-,-,https://tutor-online1.fbcontent.cn/growth/internal-material/1770030073063.2e87fbcd6e95a9755794a6fbade4cbf3.mp4,0128-自产主-李博-8-3--有-9物-子矜- IP-曲中雨,20260613,贾子矜,贾子矜,9元高中物理李博,9元高中物理李博-实物,玄武,自有,自产原创,wangruixuebj01,944.04,27,3,0.03,128.63,11106.35,314.68,1.23%,3.33%,-,0.41,317.65
c5b0c9c1598c2b3ad0d02cb393a61c0a,-,-,-,-,-,https://tutor-online1.fbcontent.cn/growth/internal-material/1779706267245.c5b0c9c1598c2b3ad0d02cb393a61c0a.mp4,0520-199双科-自产-自产主-李博-曲中雨-子衿-A5-B2-无-4,20260613,贾子矜,贾子矜,199元高中双科提分课,199元高中双科提分课,自投放,自有,自产原创,wangjiananbj03,17.24,0,0,0,202.82,17240,0,7.06%,0%,-,0,0
18e7aab6be82257244fc0cb01026aa05,-,-,-,-,-,https://tutor-online1.fbcontent.cn/growth/internal-material/1779420159695.18e7aab6be82257244fc0cb01026aa05.mp4,0514-199双科-自产-自产主-王晶-曲中雨-忍哥--B1-有-16,20260613,王雅迪,王雅迪,199元高中双科提分课,199元高中双科提分课,自投放,自有,自产原创,wangjiananbj03,0.37,0,0,0,23.13,0,0,0.00%,0.00%,-,0,0
72f97867842e4213d6a2e317d121163c,-,-,-,-,-,https://tutor-online1.fbcontent.cn/growth/internal-material/1780984421539.72f97867842e4213d6a2e317d121163c.mp4,0526-199双科-自产-自产二-王晶-亿晨-子衿-A5-B1-有-3,20260613,贾子矜,贾子矜,199元高中双科提分课,199元高中双科提分课,自投放,自有,自产原创,wangjiananbj03,0.35,0,0,0,8.97,0,0,0.00%,0.00%,-,0,0
1d6a21ffed3505a98468fb67f8045849,-,-,-,-,-,https://tutor-online1.fbcontent.cn/growth/internal-material/1780906798576.1d6a21ffed3505a98468fb67f8045849.mp4,0603-9物-自产-自产主-李博-曲中雨-子衿-A6-B2-无-3-直播间,20260613,贾子矜,贾子矜,9元高中物理李博,9元高中物理李博,申坤,自有,自产原创,wangruixuebj01,46.02,0,0,0,177.68,15340,0,1.93%,0%,-,0,0
978d434b1e652cc7e0e17d0dc92d05aa,-,-,-,-,-,https://tutor-online1.fbcontent.cn/growth/internal-material/1780061372525.978d434b1e652cc7e0e17d0dc92d05aa.mp4,0514-199双科-自产-自产主-王晶-曲中雨-浩正-A5-B2-无-8,20260613,杜浩正,韩晨国,199元高中双科提分课,199元高中双科提分课,自投放,自有,自产原创,wangjiananbj03,1.01,0,0,0,23.49,1010,0,2.33%,0%,-,0,0
0629066c4851ab1e9061310d07ad5600,-,-,-,-,-,https://tutor-online1.fbcontent.cn/growth/internal-material/1772517101338.0629066c4851ab1e9061310d07ad5600.mp4,0211-9物-自产-自产主-李博-亿晨-子衿-A7-B1-无-4,20260613,贾子矜,贾子矜,9元高中物理李博,9元高中物理李博-实物,玄武,自有,自产原创,wangruixuebj01,295.92,9,1,0.03,119.47,9545.81,295.92,1.37%,2.94%,-,0.4,290.32
cce984cd2e278d3e0de4a2be0378c89a,-,-,-,-,-,https://tutor-online1.fbcontent.cn/growth/internal-material/1778667030532.cce984cd2e278d3e0de4a2be0378c89a.mp4,0317-199物-自产-自产主-李博-曲中雨-子衿-A2-B1B4-无-28,20260613,贾子矜,贾子矜,199元高中双科提分课,199元高中双科提分课,自投放,自有,自产原创,wangjiananbj03,0,0,0,0,0,0,0,0.00%,0.00%,-,0,0
85f80120ef6609c0e9f0c3ce15402276,-,-,-,-,-,https://tutor-online1.fbcontent.cn/growth/internal-material/1775195735307.85f80120ef6609c0e9f0c3ce15402276.mp4,0312-9物-自产-自产混-李博-云梵-雅迪-A2-B4-无-2,20260613,王雅迪,王雅迪,9元高中物理李博,9元高中物理李博,申坤,自有,自产混剪,wangruixuebj01,0.02,0,0,0,20,0,0,0.00%,0.00%,-,0,0
7db3d69067be0475a5064b5d26f4ba2e,-,-,-,-,-,https://tutor-online1.fbcontent.cn/growth/internal-material/1779470002650.7db3d69067be0475a5064b5d26f4ba2e.mp4,"0521-9物-自产-自产二-李博-曲中雨-子衿-A5效果保证-B1效果方法体系,B4性价比-3-无",20260613,贾子矜,贾子矜,9元高中物理李博,9元高中物理李博,申坤,自有,自产原创,wangruixuebj01,0.24,0,0,0,30,0,0,0.00%,0.00%,-,0,0
d4a9bbd58d9e802eb1e5311ecd5142b1,-,-,-,-,-,https://tutor-online1.fbcontent.cn/growth/internal-material/1781063591361.d4a9bbd58d9e802eb1e5311ecd5142b1.mp4,0603-199双科-自产-自产主-李博-曲中雨-嘉丽-A5-B1-有-12,20260613,魏嘉丽,魏嘉丽,199元高中双科提分课,199元高中双科提分课,自投放,自有,自产原创,wangjiananbj03,0.3,0,0,0,300,0,0,100.00%,0%,-,0,0
63336d0afafe2f3680b8f47bb3768e74,-,-,-,-,-,https://tutor-online1.fbcontent.cn/growth/internal-material/1775810390856.63336d0afafe2f3680b8f47bb3768e74.mp4,0317-199物-自产-自产二-李博-曲中雨-浩正-A2-B2-无-20,20260613,杜浩正,杜浩正,199元高中双科提分课,199元高中双科提分课,自投放,自有,自产原创,wangjiananbj03,149.42,0,0,0,187.24,21345.71,0,1.63%,0%,-,0,0
a40c1024acda1c85e553ee51de9547b6,-,-,-,-,-,https://tutor-online1.fbcontent.cn/growth/internal-material/1779279980080.a40c1024acda1c85e553ee51de9547b6.mp4,0513-199双科-自产-自产主-李博-视觉锤-雅迪-A5-B1-无-21,20260613,王雅迪,王雅迪,199元高中双科提分课,199元高中双科提分课,自投放,自有,自产原创,wangjiananbj03,0,0,0,0,0,0,0,0.00%,0.00%,-,0,0
01a435819c48499543ac58eb5fa4c78d,-,-,-,-,-,https://tutor-online1.fbcontent.cn/growth/internal-material/1779706245887.01a435819c48499543ac58eb5fa4c78d.mp4,0520-199双科-自产-自产二-李博-曲中雨-子衿-A6-B1-有-3,20260613,贾子矜,贾子矜,199元高中双科提分课,199元高中双科提分课,自投放,自有,自产原创,wangjiananbj03,3.57,0,0,0,148.75,0,0,0.00%,0.00%,-,0,0
b22480ac2f470f56e33aac1e2cf2c403,-,-,-,-,-,https://tutor-online1.fbcontent.cn/growth/internal-material/1775810396949.b22480ac2f470f56e33aac1e2cf2c403.mp4,0317-199物-自产-自产二-李博-曲中雨-浩正--B2-有-19,20260613,杜浩正,杜浩正,199元高中双科提分课,199元高中双科提分课,自投放,自有,自产原创,wangjiananbj03,27.57,0,0,0,158.45,27570,0,1.15%,0%,-,0,0
5e5d754fa608d9875061e20c1797f092,-,-,-,-,-,https://tutor-online1.fbcontent.cn/growth/internal-material/1780061373802.5e5d754fa608d9875061e20c1797f092.mp4,0514-199双科-自产-自产主-王晶-曲中雨-浩正-A6-B2-无-6,20260613,杜浩正,韩晨国,199元高中双科提分课,199元高中双科提分课,自投放,自有,自产原创,wangjiananbj03,47.5,0,0,0,314.57,23750,0,5.96%,0%,-,0,0
df0c3a8dd88939a25d19b29c2002f0ec,-,-,-,-,-,https://tutor-online1.fbcontent.cn/growth/internal-material/1780984421202.df0c3a8dd88939a25d19b29c2002f0ec.mp4,0526-199双科-自产-自产主-王晶-亿晨-子衿-A5-B1-有-3,20260613,贾子矜,贾子矜,199元高中双科提分课,199元高中双科提分课,自投放,自有,自产原创,wangjiananbj03,22.16,0,0,0,82.38,5540,0,4.83%,0%,-,0,0
cd717182e6a4b1474fda4ed77bca8ad5,-,-,-,-,-,https://tutor-online1.fbcontent.cn/growth/internal-material/1780918129647.cd717182e6a4b1474fda4ed77bca8ad5.mp4,0520-199双科-自产-自产主-李博-曲中雨-浩正-A5-B2-无-6,20260613,杜浩正,韩晨国,199元高中双科提分课,199元高中双科提分课,自投放,自有,自产原创,wangjiananbj03,34.45,0,0,0,80.49,4921.43,0,6.54%,0%,-,0,0
7eda4934e24f422c0dfcd42f6597fe93,-,-,-,-,-,https://tutor-online1.fbcontent.cn/growth/internal-material/1780916667577.7eda4934e24f422c0dfcd42f6597fe93.mp4,0603-9物-自产-自产主-李博-曲中雨-子衿-A7-B1-无-7-直播间,20260613,贾子矜,贾子矜,9元高中物理李博,9元高中物理李博,申坤,自有,自产原创,wangruixuebj01,0.03,0,0,0,7.5,0,0,0.00%,0.00%,-,0,0
2520b508e17dae8b42abe4aab74fe550,-,-,-,-,-,https://tutor-online1.fbcontent.cn/growth/internal-material/1781082477008.2520b508e17dae8b42abe4aab74fe550.mp4,0527-199双科-自产-自产二-李博-视觉锤-嘉丽-A7-B1-有-12,20260613,魏嘉丽,魏嘉丽,199元高中双科提分课,199元高中双科提分课,自投放,自有,自产原创,wangjiananbj03,50.27,0,0,0,285.63,12567.5,0,2.84%,0%,-,0,0
8bdc1ba34ce2e8b68499b3b7518c151c,-,-,-,-,-,https://tutor-online1.fbcontent.cn/growth/internal-material/1780984422526.8bdc1ba34ce2e8b68499b3b7518c151c.mp4,0526-199双科-自产-自产主-王晶-亿晨-子衿-A5-B2-有-5,20260613,贾子矜,贾子矜,199元高中双科提分课,199元高中双科提分课,自投放,自有,自产原创,wangjiananbj03,0.09,0,0,0,90,0,0,0.00%,0.00%,-,0,0
9e1352a0b0e85eb513255c3095dae807,-,-,-,-,-,https://tutor-online1.fbcontent.cn/growth/internal-material/1778581775810.9e1352a0b0e85eb513255c3095dae807.mp4,0508-199双科-自产-自产主-李博-视觉锤-雅迪-A1-B4B6-无-12,20260613,王雅迪,王雅迪,199元高中双科提分课,199元高中双科提分课,自投放,自有,自产原创,wangjiananbj03,22.85,0,0,0,112.56,22850,0,0.49%,0%,-,0,0
bcea9d8c5936779f06632c1bbe8f026d,-,-,-,-,-,https://tutor-online1.fbcontent.cn/growth/internal-material/1779706247196.bcea9d8c5936779f06632c1bbe8f026d.mp4,0520-199双科-自产-自产二-李博-曲中雨-子衿-A5-B2-有-4,20260613,贾子矜,贾子矜,199元高中双科提分课,199元高中双科提分课,自投放,自有,自产原创,wangjiananbj03,50.43,0,0,0,787.97,0,0,0.00%,0.00%,-,0,0
6db8c871926e461ebce85bc6d809892a,-,-,-,-,-,https://tutor-online1.fbcontent.cn/growth/internal-material/1777262145698.6db8c871926e461ebce85bc6d809892a.mp4,0422-9物-自产-自产主-李博-曲中雨-子衿-A7-B1B2-有-12-前贴1,20260613,贾子矜,贾子矜,9元高中物理李博,9元高中物理李博,申坤,自有,自产原创,wangruixuebj01,0.62,0,0,0,6.97,620,0,1.12%,0%,-,0,0
3a94393df703cf9eb748e5abfca3703b,-,-,-,-,-,https://tutor-online1.fbcontent.cn/growth/internal-material/1780983154515.3a94393df703cf9eb748e5abfca3703b.mp4,6月4日 (3)(4),20260613,贾子矜,贾子矜,199元高中双科提分课,199元高中双科提分课,自投放,自有,自产原创,wangjiananbj03,0.08,0,0,0,40,0,0,0.00%,0.00%,-,0,0
ac6b945414eb899ece6ca8f2bd57bddf,-,-,-,-,-,https://tutor-online1.fbcontent.cn/growth/internal-material/1779706278704.ac6b945414eb899ece6ca8f2bd57bddf.mp4,0520-199双科-自产-自产主-李博-曲中雨-子衿-A6-B1-无-3,20260613,贾子矜,贾子矜,199元高中双科提分课,199元高中双科提分课,自投放,自有,自产原创,wangjiananbj03,110.12,0,0,0,313.73,13765,0,11.68%,0%,-,0,0
50f2d0c732898db6519f72b23cd86a53,-,-,-,-,-,https://tutor-online1.fbcontent.cn/growth/internal-material/1779420155506.50f2d0c732898db6519f72b23cd86a53.mp4,0514-199双科-自产-自产主-王晶-曲中雨-忍哥--B2B4-无-17,20260613,王雅迪,王雅迪,199元高中双科提分课,199元高中双科提分课,自投放,自有,自产原创,wangjiananbj03,0,0,0,0,0,0,0,0.00%,0.00%,-,0,0
7b31325775180c0d630a50ab6fd74aae,-,-,-,-,-,https://tutor-online1.fbcontent.cn/growth/internal-material/1780917991036.7b31325775180c0d630a50ab6fd74aae.mp4,0513-199双科-自产-自产主-李博-曲中雨-嘉丽-A7-B1-无-34,20260613,魏嘉丽,韩晨国,199元高中双科提分课,199元高中双科提分课,自投放,自有,自产原创,wangjiananbj03,0.22,0,0,0,27.5,0,0,0.00%,0.00%,-,0,0
181a740f509e66773df1612b9f689bd8,-,-,-,-,-,https://tutor-online1.fbcontent.cn/growth/internal-material/1781090317034.181a740f509e66773df1612b9f689bd8.mp4,0603-199双科-自产-自产二-李博-视觉锤-嘉丽-A5-B1-有-15,20260613,魏嘉丽,魏嘉丽,199元高中双科提分课,高中手写笔记,自投放,自有,自产原创,wangjiananbj03,0.05,0,0,0,10,0,0,0.00%,0.00%,-,0,0
0dfe3f10afb06600da1f570e20be1bfb,-,-,-,-,-,https://tutor-online1.fbcontent.cn/growth/internal-material/1779706246666.0dfe3f10afb06600da1f570e20be1bfb.mp4,0520-199双科-自产-自产二-李博-曲中雨-子衿-A5-B2-无-4,20260613,贾子矜,贾子矜,199元高中双科提分课,199元高中双科提分课,自投放,自有,自产原创,wangjiananbj03,112.85,199,1,1.76,874.81,0,112.85,0.78%,100.00%,-,7.75,0
40c7ceed90c8ef766c0fe69d023cd210,-,-,-,-,-,https://tutor-online1.fbcontent.cn/growth/internal-material/1779701237531.40c7ceed90c8ef766c0fe69d023cd210.mp4,0521-9物-自产-自产二-李博-曲中雨-浩正-A5效果保证-B2提分刚需-有-6,20260613,杜浩正,杜浩正,9元高中物理李博,9元高中物理李博,申坤,自有,自产原创,wangruixuebj01,3.23,9,1,2.79,68.72,3230,3.23,0.00%,0.00%,-,21.28,9000
e051df3849a060026a50c0835d6ed3c1,-,-,-,-,-,https://tutor-online1.fbcontent.cn/growth/internal-material/1779173461170.e051df3849a060026a50c0835d6ed3c1.mp4,0514-199双科-自产-自产主-王晶-曲中雨-浩正-A2-B2-无-10,20260613,杜浩正,杜浩正,199元高中双科提分课,199元高中双科提分课,自投放,自有,自产原创,wangjiananbj03,0,0,0,0,0,0,0,0.00%,0.00%,-,0,0
bcbed94917e8e7305c812d8e6d7afee8,-,-,-,-,-,https://tutor-online1.fbcontent.cn/growth/internal-material/1774868644355.bcbed94917e8e7305c812d8e6d7afee8.mp4,0324-9物-自产-自产二-李博-视觉锤-雅迪-A2-B4-有-2,20260613,王雅迪,王雅迪,9元高中物理李博,9元高中物理李博,申坤,自有,自产原创,wangruixuebj01,0,0,0,0,0,0,0,0.00%,0.00%,-,0,0
0ebbdbbf3d6ad22bc7c434c74828ed41,-,-,-,-,-,https://tutor-online1.fbcontent.cn/growth/internal-material/1781169457656.0ebbdbbf3d6ad22bc7c434c74828ed41.mp4,0611-状元笔记-自产-自产主--视觉锤-雅迪-A6-B5-有-42,20260613,王雅迪,王雅迪,高中手写笔记,高中手写笔记,自投放,自有,自产原创,wangjiananbj03,18.48,0,0,0,159.31,0,0,0.00%,0.00%,-,0,0
c516a52e1c8814ac84f12b9983437188,-,-,-,-,-,https://tutor-online1.fbcontent.cn/growth/internal-material/1780918255807.c516a52e1c8814ac84f12b9983437188.mp4,0520-199双科-自产-自产主-李博-曲中雨-浩正-A5-B2-有-9,20260613,杜浩正,韩晨国,199元高中双科提分课,199元高中双科提分课,自投放,自有,自产原创,wangjiananbj03,16.69,0,0,0,282.88,8345,0,25.42%,0%,-,0,0
39271a3905fbea4bc16e6ef96644767e,-,-,-,-,-,https://tutor-online1.fbcontent.cn/growth/internal-material/1781082527730.39271a3905fbea4bc16e6ef96644767e.mp4,0603-199双科-自产-自产二-李博-视觉锤-嘉丽-A5-B1-无-15,20260613,魏嘉丽,魏嘉丽,199元高中双科提分课,199元高中双科提分课,自投放,自有,自产原创,wangjiananbj03,3.89,0,0,0,121.56,1296.67,0,6.25%,0%,-,0,0
2496fe7038879f5b222e031151cb5f9d,-,-,-,-,-,https://tutor-online1.fbcontent.cn/growth/internal-material/1779702538428.2496fe7038879f5b222e031151cb5f9d.mp4,0520-199双科-自产-自产二-李博-视觉锤-雅迪-A5-B1-无-15,20260613,王雅迪,王雅迪,199元高中双科提分课,199元高中双科提分课,自投放,自有,自产原创,wangjiananbj03,6.42,0,0,0,188.82,0,0,0.00%,0.00%,-,0,0
2b2e9f0b2e6631fbb112176b9ae39967,-,-,-,-,-,https://tutor-online1.fbcontent.cn/growth/internal-material/1775810420431.2b2e9f0b2e6631fbb112176b9ae39967.mp4,0317-199物-自产-自产主-李博-曲中雨-浩正-A6-B2-无-22,20260613,杜浩正,杜浩正,199元高中双科提分课,199元高中双科提分课,自投放,自有,自产原创,wangjiananbj03,0.73,0,0,0,18.72,730,0,2.56%,0%,-,0,0
dbc1d2912b7c8c40e269254ec800e594,-,-,-,-,-,https://tutor-online1.fbcontent.cn/growth/internal-material/1778649122827.dbc1d2912b7c8c40e269254ec800e594.mp4,0508-199双科-自产-自产二-李博-视觉锤-亚平-A2-B4-无-33,20260613,王雅迪,王雅迪,199元高中双科提分课,199元高中双科提分课,自投放,自有,自产原创,wangjiananbj03,0.15,0,0,0,25,0,0,0.00%,0.00%,-,0,0
4e1e062d6dc572308add296e4498d668,-,-,-,-,-,https://tutor-online1.fbcontent.cn/growth/internal-material/1780918129741.4e1e062d6dc572308add296e4498d668.mp4,0520-199双科-自产-自产二-李博-曲中雨-浩正-A5-B2-无-9,20260613,杜浩正,韩晨国,199元高中双科提分课,199元高中双科提分课,自投放,自有,自产原创,wangjiananbj03,37.65,0,0,0,76.99,5378.57,0,5.11%,0%,-,0,0
53c7b0abfc73b5bb1ded93329e8cf033,-,-,-,-,-,https://tutor-online1.fbcontent.cn/growth/internal-material/1780569961431.53c7b0abfc73b5bb1ded93329e8cf033.mp4,0527-199双科-自产-自产主-李博-曲中雨-嘉丽-A7-B1-无-12,20260613,魏嘉丽,魏嘉丽,199元高中双科提分课,199元高中双科提分课,自投放,自有,自产原创,wangjiananbj03,3.72,0,0,0,19.58,0,0,0.00%,0.00%,-,0,0
c267d45903734865758eed62cece63b7,-,-,-,-,-,https://tutor-online1.fbcontent.cn/growth/internal-material/1779702539164.c267d45903734865758eed62cece63b7.mp4,0520-199双科-自产-自产二-李博-视觉锤-雅迪-A5-B1-有-13,20260613,王雅迪,王雅迪,199元高中双科提分课,199元高中双科提分课,自投放,自有,自产原创,wangjiananbj03,8.79,0,0,0,439.5,0,0,0.00%,0.00%,-,0,0
cf5f02a96d4df9db0459841e52192096,-,-,-,-,-,https://tutor-online1.fbcontent.cn/growth/internal-material/1779706282111.cf5f02a96d4df9db0459841e52192096.mp4,0520-199双科-自产-自产主-李博-曲中雨-子衿-A6-B1-有-3,20260613,贾子矜,贾子矜,199元高中双科提分课,199元高中双科提分课,自投放,自有,自产原创,wangjiananbj03,0.06,0,0,0,30,0,0,0.00%,0.00%,-,0,0
14db4e5d59c1dfe9efe9e642ec5c44a5,-,-,-,-,-,https://tutor-online1.fbcontent.cn/growth/internal-material/1780060961948.14db4e5d59c1dfe9efe9e642ec5c44a5.mp4,0512-199双科-自产-自产主-王晶-曲中雨-子衿--B1B4-有-3,20260613,贾子矜,韩晨国,199元高中双科提分课,199元高中双科提分课,自投放,自有,自产原创,wangjiananbj03,0,0,0,0,0,0,0,0.00%,0.00%,-,0,0
71d2b3aa954ce100b5dab83db2ded8ff,-,-,-,-,-,https://tutor-online1.fbcontent.cn/growth/internal-material/1780072082889.71d2b3aa954ce100b5dab83db2ded8ff.mov,0324-9物-自产-自产主-李博-曲中雨-子衿-A2-B1-有-20.mp4,20260613,贾子矜,贾子矜,9元高中物理李博,9元高中物理李博,申坤,自有,自产原创,wangruixuebj01,0.29,0,0,0,32.22,290,0,11.11%,0%,-,0,0
672a7dd76553c5b2539db58ae3651101,-,-,-,-,-,https://tutor-online1.fbcontent.cn/growth/internal-material/1778649245942.672a7dd76553c5b2539db58ae3651101.mp4,0508-199双科-自产-自产二-李博-视觉锤-雅迪-A5-B1-无-16,20260613,王雅迪,王雅迪,199元高中双科提分课,199元高中双科提分课,自投放,自有,自产原创,wangjiananbj03,7.05,0,0,0,14.75,7050,0,3.14%,0%,-,0,0
eb1c5cfcc71d152dd3c53ff119e129e4,-,-,-,-,-,https://tutor-online1.fbcontent.cn/growth/internal-material/1779706253337.eb1c5cfcc71d152dd3c53ff119e129e4.mp4,0520-199双科-自产-自产主-李博-曲中雨-子衿-A5-B1-无-5,20260613,贾子矜,贾子矜,199元高中双科提分课,199元高中双科提分课,自投放,自有,自产原创,wangjiananbj03,0,0,0,0,0,0,0,0.00%,0.00%,-,0,0
5176abfabd8e4f9f682b4cdbc15c95d5,-,-,-,-,-,https://tutor-online1.fbcontent.cn/growth/internal-material/1780040825980.5176abfabd8e4f9f682b4cdbc15c95d5.mp4,0520-199双科-自产-自产主-李博-曲中雨-小敏-A1-B6-无-23,20260613,曲敏,曲敏,199元高中双科提分课,199元高中双科提分课,自投放,自有,自产原创,wangjiananbj03,10.44,0,0,0,6.86,10440,0,0.13%,0%,-,0,0
bb2fe73026840de937f079ef81efd8f2,-,-,-,-,-,https://tutor-online1.fbcontent.cn/growth/internal-material/1779420157411.bb2fe73026840de937f079ef81efd8f2.mp4,0514-199双科-自产-自产主-王晶-曲中雨-忍哥--B1-无-18,20260613,王雅迪,王雅迪,199元高中双科提分课,199元高中双科提分课,自投放,自有,自产原创,wangjiananbj03,0.19,0,0,0,7.04,0,0,0.00%,0.00%,-,0,0
3edb55dfd11da85ddd13d487debe4a33,-,-,-,-,-,https://tutor-online1.fbcontent.cn/growth/internal-material/1780656485006.3edb55dfd11da85ddd13d487debe4a33.mp4,0603-9物-自产-自产主-李博-视觉锤-浩正-A5-B1-无-12,20260613,杜浩正,杜浩正,9元高中物理李博,9元高中物理李博,申坤,自有,自产原创,wangruixuebj01,0.68,0,0,0,68,0,0,0.00%,0.00%,-,0,0
a033197e33f34a1b8a69d044a10a1ddb,-,-,-,-,-,https://tutor-online1.fbcontent.cn/growth/internal-material/1780656483759.a033197e33f34a1b8a69d044a10a1ddb.mp4,0603-9物-自产-自产主-李博-视觉锤-浩正-A5-B1-有-11,20260613,杜浩正,杜浩正,9元高中物理李博,9元高中物理李博,申坤,自有,自产原创,wangruixuebj01,6.27,0,0,0,95,6270,0,1.52%,0%,-,0,0
1e9e0c8ad904fd211cd5a4d5b4fd22b3,-,-,-,-,-,https://tutor-online1.fbcontent.cn/growth/internal-material/1778667029281.1e9e0c8ad904fd211cd5a4d5b4fd22b3.mp4,0423-199双科-自产-自产二-李博-曲中雨-子衿-A7-B1-无-23,20260613,贾子矜,贾子矜,199元高中双科提分课,199元高中双科提分课,自投放,自有,自产原创,wangjiananbj03,2.47,0,0,0,88.21,0,0,3.57%,0%,-,0,0
b7c2ef4f027a97be268c3318cc3fb911,-,-,-,-,-,https://tutor-online1.fbcontent.cn/growth/internal-material/1779258792292.b7c2ef4f027a97be268c3318cc3fb911.mp4,0514-199双科-自产-自产主-王晶-曲中雨-子衿--B1-有-2,20260613,贾子矜,贾子矜,199元高中双科提分课,199元高中双科提分课,自投放,自有,自产原创,wangjiananbj03,0,0,0,0,0,0,0,0.00%,0.00%,-,0,0
1100f8f807c538d00712e1030d8f406b,-,-,-,-,-,https://tutor-online1.fbcontent.cn/growth/internal-material/1778665975380.1100f8f807c538d00712e1030d8f406b.mp4,0508-199双科-自产-自产二-李博-曲中雨-子衿-A7-B2B3-无-7,20260613,贾子矜,贾子矜,199元高中双科提分课,199元高中双科提分课,自投放,自有,自产原创,wangjiananbj03,0.61,0,0,0,40.67,0,0,0.00%,0.00%,-,0,0
4cc8fcf55cda7ade1c2294936a78e254,-,-,-,-,-,https://tutor-online1.fbcontent.cn/growth/internal-material/1780656484642.4cc8fcf55cda7ade1c2294936a78e254.mp4,0603-9物-自产-自产主-李博-视觉锤-浩正-A5-B1-有-13,20260613,杜浩正,杜浩正,9元高中物理李博,9元高中物理李博,申坤,自有,自产原创,wangruixuebj01,10.58,0,0,0,129.02,1763.33,0,6.10%,0%,-,0,0
75b04d0f27e348c9597a2e7f70b5b80a,-,-,-,-,-,https://tutor-online1.fbcontent.cn/growth/internal-material/1780569961442.75b04d0f27e348c9597a2e7f70b5b80a.mp4,0527-199双科-自产-自产主-李博-曲中雨-嘉丽-A7-B1-有-12,20260613,魏嘉丽,魏嘉丽,199元高中双科提分课,199元高中双科提分课,自投放,自有,自产原创,wangjiananbj03,3.59,0,0,0,99.72,0,0,0.00%,0.00%,-,0,0
20b8eb386392f37b747f7637c49b3ec7,-,-,-,-,-,https://tutor-online1.fbcontent.cn/growth/internal-material/1775548305351.20b8eb386392f37b747f7637c49b3ec7.mp4,0401-9物-自产-自产主-李博-曲中雨-子衿-A3-B1-有-23-前贴1,20260613,贾子矜,贾子矜,9元高中物理李博,9元高中物理李博,玄武,自有,自产原创,wangruixuebj01,0.04,0,0,0,20,0,0,0.00%,0.00%,-,0,0
790c307f0b9103a9d4ae05aba79d4f77,-,-,-,-,-,https://tutor-online1.fbcontent.cn/growth/internal-material/1780393699557.790c307f0b9103a9d4ae05aba79d4f77.mp4,0527-9物-自产-自产主-李博-曲中雨-子衿-A6-B2-有-4,20260613,贾子矜,贾子矜,9元高中物理李博,9元高中物理李博,申坤,自有,自产原创,wangruixuebj01,0.15,0,0,0,150,0,0,0.00%,0.00%,-,0,0
efcd751fa7027ec28a5cdfd1318b78e1,-,-,-,-,-,https://tutor-online1.fbcontent.cn/growth/internal-material/1781080054755.efcd751fa7027ec28a5cdfd1318b78e1.mp4,0608-199双科-自产-自产二-王晶-亿晨-婷玉-A1-B4B5-无-6,20260613,吴婷玉,吴婷玉,199元高中双科提分课,199元高中双科提分课,自投放,自有,自产原创,wangjiananbj03,0.6,0,0,0,66.67,0,0,0.00%,0.00%,-,0,0
8d668df2abf53bcdf14c11c1295cecbb,-,-,-,-,-,https://tutor-online1.fbcontent.cn/growth/internal-material/1779470003836.8d668df2abf53bcdf14c11c1295cecbb.mp4,0521-9物-自产-自产二-李博-曲中雨-子衿-A5效果保证-B1效果方法体系-有-4,20260613,贾子矜,贾子矜,9元高中物理李博,9元高中物理李博,申坤,自有,自产原创,wangruixuebj01,0,0,0,0,0,0,0,0.00%,0.00%,-,0,0
859ea1a3c90c6721f6de45e83f0a882c,-,-,-,-,-,https://tutor-online1.fbcontent.cn/growth/internal-material/1780984420334.859ea1a3c90c6721f6de45e83f0a882c.mp4,0526-199双科-自产-自产主-王晶-亿晨-子衿-A7-B2-有-2,20260613,贾子矜,贾子矜,199元高中双科提分课,199元高中双科提分课,自投放,自有,自产原创,wangjiananbj03,8.95,0,0,0,255.71,0,0,2.86%,0%,-,0,0
5c6bd611cd46e0bbe6f3ab1492e26952,-,-,-,-,-,https://tutor-online1.fbcontent.cn/growth/internal-material/1780975265990.5c6bd611cd46e0bbe6f3ab1492e26952.mp4,0514-199双科-自产-自产主-王晶-云梵-嘉丽--B1-无-24,20260613,魏嘉丽,韩晨国,199元高中双科提分课,199元高中双科提分课,自投放,自有,自产原创,wangjiananbj03,246.26,0,0,0,194.98,27362.22,0,3.01%,0%,-,0,0
ba412ac38b090f89c09e635200c909b5,-,-,-,-,-,https://tutor-online1.fbcontent.cn/growth/internal-material/1780906798911.ba412ac38b090f89c09e635200c909b5.mp4,0603-9物-自产-自产主-李博-曲中雨-子衿-A5-B1-无-2-直播间,20260613,贾子矜,贾子矜,9元高中物理李博,9元高中物理李博,申坤,自有,自产原创,wangruixuebj01,1.32,0,0,0,52.8,660,0,4.00%,0%,-,0,0
571c11f2b4163c9a3615c95d49c26d59,-,-,-,-,-,https://tutor-online1.fbcontent.cn/growth/internal-material/1781079684184.571c11f2b4163c9a3615c95d49c26d59.mp4,0604-状元笔记-自产-混剪--曲中雨-婷玉---无-31,20260613,吴婷玉,吴婷玉,高中手写笔记,高中手写笔记,自投放,自有,自产原创,wangjiananbj03,31.23,0,0,0,84.41,0,0,1.08%,0%,-,0,0
887a0a33ef03a907af3e075c9189eafe,-,-,-,-,-,https://tutor-online1.fbcontent.cn/growth/internal-material/1774350567146.887a0a33ef03a907af3e075c9189eafe.mp4,0319-9物-自产-自产二-李博-巽阳-子衿---无-28,20260613,贾子矜,贾子矜,9元高中物理李博,9元高中物理李博,玄武,自有,自产原创,wangruixuebj01,2.86,0,0,0,204.29,0,0,0.00%,0.00%,-,0,0
189e0b988ff1644c3d01bec06c6f01b5,-,-,-,-,-,https://tutor-online1.fbcontent.cn/growth/internal-material/1781082699558.189e0b988ff1644c3d01bec06c6f01b5.mp4,0604-状元笔记-自产-混剪--曲中雨-嘉丽---有-5,20260613,魏嘉丽,魏嘉丽,高中手写笔记,高中手写笔记,自投放,自有,自产原创,wangjiananbj03,5.12,0,0,0,32,0,0,1.25%,0%,-,0,0
329d025ff800c459c845bf9ce8680f42,-,-,-,-,-,https://tutor-online1.fbcontent.cn/growth/internal-material/1781079687060.329d025ff800c459c845bf9ce8680f42.mp4,0604-状元笔记-自产-混剪--曲中雨-婷玉--无-28,20260613,吴婷玉,吴婷玉,高中手写笔记,高中手写笔记,自投放,自有,自产原创,wangjiananbj03,14.68,0,0,0,73.77,0,0,0.50%,0%,-,0,0
2ce811ca43c7d799dd44873a5d940fd0,-,-,-,-,-,https://tutor-online1.fbcontent.cn/growth/internal-material/1780975285540.2ce811ca43c7d799dd44873a5d940fd0.mp4,0514-199双科-自产-自产主-王晶-云梵-嘉丽--B1B4-无-22,20260613,魏嘉丽,韩晨国,199元高中双科提分课,199元高中双科提分课,自投放,自有,自产原创,wangjiananbj03,37.97,0,0,0,49.57,12656.67,0,4.70%,0%,-,0,0
887b4f563946e279fa62e7e7b5a099fe,-,-,-,-,-,https://tutor-online1.fbcontent.cn/growth/internal-material/1780975263762.887b4f563946e279fa62e7e7b5a099fe.mp4,0512-199双科-自产-自产二-王晶-云梵-嘉丽--B1-无-13,20260613,魏嘉丽,韩晨国,199元高中双科提分课,199元高中双科提分课,自投放,自有,自产原创,wangjiananbj03,169.41,0,0,0,61.49,9411.67,0,6.53%,0%,-,0,0
daf655cc2e595e39bce0bc2b90a893e7,-,-,-,-,-,https://tutor-online1.fbcontent.cn/growth/internal-material/1779258539843.daf655cc2e595e39bce0bc2b90a893e7.mp4,0512-199双科-自产-自产主-王晶-曲中雨-子衿--B1B4-有-3,20260613,贾子矜,贾子矜,199元高中双科提分课,199元高中双科提分课,自投放,自有,自产原创,wangjiananbj03,18.15,199,1,10.96,112.73,18150,18.15,0.62%,100.00%,-,6.21,199000
18eee62f53837a523bcfbd3db3cb3fa5,-,-,-,-,-,https://tutor-online1.fbcontent.cn/growth/internal-material/1775810403182.18eee62f53837a523bcfbd3db3cb3fa5.mp4,0317-199物-自产-自产主-李博-曲中雨-浩正-A5-B2-无-23,20260613,杜浩正,杜浩正,199元高中双科提分课,199元高中双科提分课,自投放,自有,自产原创,wangjiananbj03,4.33,0,0,0,22.67,4330,0,1.57%,0%,-,0,0
8a78ec40ac2ef7ed2497d61f31abccde,-,-,-,-,-,https://tutor-online1.fbcontent.cn/growth/internal-material/1779706244825.8a78ec40ac2ef7ed2497d61f31abccde.mp4,0520-199双科-自产-自产二-李博-曲中雨-子衿-A6-B2-无-1,20260613,贾子矜,贾子矜,199元高中双科提分课,199元高中双科提分课,自投放,自有,自产原创,wangjiananbj03,11.22,0,0,0,623.33,0,0,0.00%,0.00%,-,0,0
5a6b5100cc89ff355027bcd25edd11bd,-,-,-,-,-,https://tutor-online1.fbcontent.cn/growth/internal-material/1779706273740.5a6b5100cc89ff355027bcd25edd11bd.mp4,0520-199双科-自产-自产主-李博-曲中雨-子衿-A5-B2-有-4,20260613,贾子矜,贾子矜,199元高中双科提分课,199元高中双科提分课,自投放,自有,自产原创,wangjiananbj03,29.85,199,1,6.67,238.8,0,29.85,11.20%,7.14%,-,8,0
1107d1ce1afeb47e78785778e9789347,-,-,-,-,-,https://tutor-online1.fbcontent.cn/growth/internal-material/1780984420902.1107d1ce1afeb47e78785778e9789347.mp4,0526-199双科-自产-自产二-王晶-亿晨-子衿-A7-B1-有-4,20260613,贾子矜,贾子矜,199元高中双科提分课,199元高中双科提分课,自投放,自有,自产原创,wangjiananbj03,24.04,0,0,0,57.37,12020,0,2.86%,0%,-,0,0
7eda4934e24f422c0dfcd42f6597fe93,-,-,-,-,-,https://tutor-online1.fbcontent.cn/growth/internal-material/1780916667577.7eda4934e24f422c0dfcd42f6597fe93.mp4,0603-9物-自产-自产主-李博-曲中雨-子衿-A7-B1-无-7-直播间,20260613,贾子矜,贾子矜,9元高中物理李博,9元高中物理李博,申坤,自有,自产原创,wangruixuebj01,5.83,0,0,0,129.56,5830,0,2.22%,0%,-,0,0
fc9c7b3d0b362bf3fc8da2fcc6217894,-,-,-,-,-,https://tutor-online1.fbcontent.cn/growth/internal-material/1777262046802.fc9c7b3d0b362bf3fc8da2fcc6217894.mp4,0422-9物-自产-自产二-李博-曲中雨-子衿-A7-B1-有-14-前贴4,20260613,贾子矜,贾子矜,9元高中物理李博,9元高中物理李博,申坤,自有,自产原创,wangruixuebj01,10.47,0,0,0,91.84,10470,0,1.75%,0%,-,0,0
841dfce57739b035adefa27905ff7a77,-,-,-,-,-,https://tutor-online1.fbcontent.cn/growth/internal-material/1775810415417.841dfce57739b035adefa27905ff7a77.mp4,0317-199物-自产-自产主-李博-曲中雨-浩正-A6-B2-有-22,20260613,杜浩正,杜浩正,199元高中双科提分课,199元高中双科提分课,自投放,自有,自产原创,wangjiananbj03,1.07,0,0,0,41.15,0,0,0.00%,0.00%,-,0,0
83e5f89b8f0f11f76c8931e9e30b075c,-,-,-,-,-,https://tutor-online1.fbcontent.cn/growth/internal-material/1778667031168.83e5f89b8f0f11f76c8931e9e30b075c.mp4,0317-199物-自产-自产主-李博-曲中雨-子衿-A2-B1B4-有-28-迭代1,20260613,贾子矜,贾子矜,199元高中双科提分课,199元高中双科提分课,自投放,自有,自产原创,wangjiananbj03,25.33,0,0,0,346.99,25330,0,1.37%,0%,-,0,0
34e56ab9f0249527c42897b3b5035110,-,-,-,-,-,https://tutor-online1.fbcontent.cn/growth/internal-material/1780975284286.34e56ab9f0249527c42897b3b5035110.mp4,0514-199双科-自产-自产主-王晶-云梵-嘉丽--B1B3-有-25,20260613,魏嘉丽,韩晨国,199元高中双科提分课,199元高中双科提分课,自投放,自有,自产原创,wangjiananbj03,42.47,0,0,0,263.79,8494,0,3.73%,0%,-,0,0
ad6c64785df038e36831ce3d4ab6c420,-,-,-,-,-,https://tutor-online1.fbcontent.cn/growth/internal-material/1778568694501.ad6c64785df038e36831ce3d4ab6c420.mp4,0429-199双科-自产-自产主-李博-曲中雨-浩正-A5-B2-有-24,20260613,杜浩正,杜浩正,199元高中双科提分课,199元高中双科提分课,自投放,自有,自产原创,wangjiananbj03,3.67,0,0,0,65.54,0,0,0.00%,0.00%,-,0,0
c1cd5fb7814f25b1cce9b2d6e3a038f5,-,-,-,-,-,https://tutor-online1.fbcontent.cn/growth/internal-material/1775548229416.c1cd5fb7814f25b1cce9b2d6e3a038f5.mp4,0401-9物-自产-自产二-李博-曲中雨-子衿-A3-B1-有-23-前贴2,20260613,贾子矜,贾子矜,9元高中物理李博,9元高中物理李博,玄武,自有,自产原创,wangruixuebj01,0.16,0,0,0,26.67,0,0,0.00%,0.00%,-,0,0
f3ed6458af001f343b9a87dfbe5feaa5,-,-,-,-,-,https://tutor-online1.fbcontent.cn/growth/internal-material/1779442327754.f3ed6458af001f343b9a87dfbe5feaa5.mp4,0521-9物-自产-自产二-李博-曲中雨-小敏-A1价格拆解-B6线下对比-有-17,20260613,曲敏,曲敏,9元高中物理李博,9元高中物理李博,申坤,自有,自产原创,wangruixuebj01,0.03,0,0,0,30,0,0,0.00%,0.00%,-,0,0
40cd5b3cceceab4877fbf9460add984b,-,-,-,-,-,https://tutor-online1.fbcontent.cn/growth/internal-material/1780569960569.40cd5b3cceceab4877fbf9460add984b.mp4,0527-199双科-自产-自产主-李博-曲中雨-嘉丽-A6-B1-无-14,20260613,魏嘉丽,魏嘉丽,199元高中双科提分课,199元高中双科提分课,自投放,自有,自产原创,wangjiananbj03,1.08,0,0,0,45,0,0,4.17%,0%,-,0,0
8c1af27a915de2e74c6351aefd638254,-,-,-,-,-,https://tutor-online1.fbcontent.cn/growth/internal-material/1780917989263.8c1af27a915de2e74c6351aefd638254.mp4,0513-199双科-自产-自产二-李博-曲中雨-嘉丽-A7-B1-无-32,20260613,魏嘉丽,韩晨国,199元高中双科提分课,199元高中双科提分课,自投放,自有,自产原创,wangjiananbj03,108.68,0,0,0,61.93,9880,0,5.30%,0%,-,0,0
037fe78969e652286f1ceb234168a917,-,-,-,-,-,https://tutor-online1.fbcontent.cn/growth/internal-material/1775195733308.037fe78969e652286f1ceb234168a917.mp4,0312-9物-自产-自产混-李博-云梵-雅迪-A2-B4-无-4,20260613,王雅迪,王雅迪,9元高中物理李博,9元高中物理李博,申坤,自有,自产混剪,wangruixuebj01,1.24,0,0,0,95.38,0,0,0.00%,0.00%,-,0,0
46444752ae1c57e18bdfd35f9f6d1be0,-,-,-,-,-,https://tutor-online1.fbcontent.cn/growth/internal-material/1778568686278.46444752ae1c57e18bdfd35f9f6d1be0.mp4,0429-199双科-自产-自产主-李博-曲中雨-浩正-A5-B2-无-24,20260613,杜浩正,杜浩正,199元高中双科提分课,199元高中双科提分课,自投放,自有,自产原创,wangjiananbj03,1.45,0,0,0,15.59,0,0,0.00%,0.00%,-,0,0
e1b47d3ac694bf4d5bdc99d76d631441,-,-,-,-,-,https://tutor-online1.fbcontent.cn/growth/internal-material/1775195732141.e1b47d3ac694bf4d5bdc99d76d631441.mp4,0312-9物-自产-自产混-李博-云梵-雅迪-A5-B1-无-28,20260613,王雅迪,王雅迪,9元高中物理李博,9元高中物理李博,申坤,自有,自产混剪,wangruixuebj01,0.81,0,0,0,73.64,0,0,0.00%,0.00%,-,0,0
5802e9366462b661689e89fc8e99a954,-,-,-,-,-,https://tutor-online1.fbcontent.cn/growth/internal-material/1779278565965.5802e9366462b661689e89fc8e99a954.mp4,0513-199双科-自产-自产主-李博-视觉锤-雅迪-A5-B1-有-21,20260613,王雅迪,王雅迪,199元高中双科提分课,199元高中双科提分课,自投放,自有,自产原创,wangjiananbj03,0,0,0,0,0,0,0,0.00%,0.00%,-,0,0
b0d1b0aa7c37f8f06477e03c57045636,-,-,-,-,-,https://tutor-online1.fbcontent.cn/growth/internal-material/1780386057905.b0d1b0aa7c37f8f06477e03c57045636.mp4,0528-状元笔记-自产-自产主--视觉锤-浩正---无-10,20260613,杜浩正,杜浩正,高中手写笔记,高中手写笔记,自投放,自有,自产原创,wangjiananbj03,0,59,1,0,0,0,0,0.00%,0.00%,-,0,0
